epoch,generation,walltime_sec,pure_train_chi2,test_chi2,blip_train_chi2,bitflip_chi2,test1_frac,test2_frac,test3_frac,test4_frac,test5_frac,test6_frac,test7_frac,test8_frac,train1_frac,train2_frac,train3_frac,s1_blip_match_frac,s2_blip_match_frac,s3_blip_match_frac,bitflip_frac,other_frac,other_chi2,other_n_classes,l1_loss,l2_loss,regularization_loss,v,seed,zero_init,l1_scale,l2_scale,blip_freq,blip_mode,num_epoch,schedule_mode,replicate_uid
0,0,12.254939556121826,1.0,1.0,1.0,0.9960959999999999,0.0,0.0,0.0,0.0,0.0,0.0,0.0,0.0,0.0,0.0,0.0,0.0,0.0,0.0,0.002,0.998,0.05402839747631537,1873,0.0,0.0,0.0,16,20,False,0.995,0.005,0.66,fixed,100,none,e7f9ddb3-8f5f-4b72-9bd9-db11716f47fd
1,100,12.277930974960327,1.0,1.0,1.0,0.9960959999999999,0.0,0.0,0.0,0.0,0.0,0.0,0.0,0.0,0.0,0.0,0.0,0.0,0.0,0.0,0.002,0.998,0.05402839747631537,1873,1.7040121537041606e-05,4.472483889572082e-10,3.7301675816523097e-06,16,20,False,0.995,0.005,0.66,fixed,100,none,e7f9ddb3-8f5f-4b72-9bd9-db11716f47fd
2,200,12.29707407951355,1.0,1.0,1.0,0.9960959999999999,0.0,0.0,0.0,0.0,0.0,0.0,0.0,0.0,0.0,0.0,0.0,0.0,0.0,0.0,0.002,0.998,0.053271372404126875,1875,2.0899997997681197e-05,6.900667803896082e-10,4.575140674380688e-06,16,20,False,0.995,0.005,0.66,fixed,100,none,e7f9ddb3-8f5f-4b72-9bd9-db11716f47fd
3,300,12.316204309463501,1.0,1.0,1.0,0.9960959999999999,0.0,0.0,0.0,0.0,0.0,0.0,0.0,0.0,0.0,0.0,0.0,0.0,0.0,0.0,0.002,0.998,0.053271372404126875,1875,2.31034050638558e-05,8.40092109020925e-10,5.057494985978749e-06,16,20,False,0.995,0.005,0.66,fixed,100,none,e7f9ddb3-8f5f-4b72-9bd9-db11716f47fd
4,400,12.335669040679932,1.0,1.0,1.0,0.9960959999999999,0.0,0.0,0.0,0.0,0.0,0.0,0.0,0.0,0.0,0.0,0.0,0.0,0.0,0.0,0.002,0.998,0.053271372404126875,1875,2.8717526935471043e-05,1.2968628368827966e-09,6.286513050113619e-06,16,20,False,0.995,0.005,0.66,fixed,100,none,e7f9ddb3-8f5f-4b72-9bd9-db11716f47fd
5,500,12.354900121688843,1.0,1.0,1.0,0.9960959999999999,0.0,0.0,0.0,0.0,0.0,0.0,0.0,0.0,0.0,0.0,0.0,0.0,0.0,0.0,0.002,0.998,0.05365038694623715,1874,3.44222410464906e-05,1.8139892804726127e-09,7.5353732230400814e-06,16,20,False,0.995,0.005,0.66,fixed,100,none,e7f9ddb3-8f5f-4b72-9bd9-db11716f47fd
6,600,12.374363660812378,1.0,1.0,1.0,0.9960959999999999,0.0,0.0,0.0,0.0,0.0,0.0,0.0,0.0,0.0,0.0,0.0,0.0,0.0,0.0,0.002,0.998,0.05289135384998454,1876,3.6611473569789346e-05,2.0921584055772465e-09,8.01464907452395e-06,16,20,False,0.995,0.005,0.66,fixed,100,none,e7f9ddb3-8f5f-4b72-9bd9-db11716f47fd
7,700,12.393664360046387,1.0,1.0,1.0,0.9960959999999999,0.0,0.0,0.0,0.0,0.0,0.0,0.0,0.0,0.0,0.0,0.0,0.0,0.0,0.0,0.002,0.998,0.053271372404126875,1875,4.0348118389398966e-05,2.5009132775051256e-09,8.83267828896216e-06,16,20,False,0.995,0.005,0.66,fixed,100,none,e7f9ddb3-8f5f-4b72-9bd9-db11716f47fd
8,800,12.412967443466187,1.0,1.0,1.0,0.9960959999999999,0.0,0.0,0.0,0.0,0.0,0.0,0.0,0.0,0.0,0.0,0.0,0.0,0.0,0.0,0.002,0.998,0.053271372404126875,1875,4.16680622210083e-05,2.675485576600415e-09,9.121647162438272e-06,16,20,False,0.995,0.005,0.66,fixed,100,none,e7f9ddb3-8f5f-4b72-9bd9-db11716f47fd
9,900,12.432193756103516,1.0,1.0,1.0,0.9960959999999999,0.0,0.0,0.0,0.0,0.0,0.0,0.0,0.0,0.0,0.0,0.0,0.0,0.0,0.0,0.002,0.998,0.053271372404126875,1875,4.428520885426774e-05,3.077961133745907e-09,9.69461703081462e-06,16,20,False,0.995,0.005,0.66,fixed,100,none,e7f9ddb3-8f5f-4b72-9bd9-db11716f47fd
10,1000,12.451712131500244,1.0,1.0,1.0,0.9960959999999999,0.0,0.0,0.0,0.0,0.0,0.0,0.0,0.0,0.0,0.0,0.0,0.0,0.0,0.0,0.002,0.998,0.053271372404126875,1875,4.825926115022705e-05,3.7075914549991062e-09,1.056465670816115e-05,16,20,False,0.995,0.005,0.66,fixed,100,none,e7f9ddb3-8f5f-4b72-9bd9-db11716f47fd
11,1100,12.471096277236938,1.0,1.0,1.0,0.9960959999999999,0.0,0.0,0.0,0.0,0.0,0.0,0.0,0.0,0.0,0.0,0.0,0.0,0.0,0.0,0.002,0.998,0.05289135384998454,1876,5.163632475091533e-05,4.1567998619110885e-09,1.130398127994913e-05,16,20,False,0.995,0.005,0.66,fixed,100,none,e7f9ddb3-8f5f-4b72-9bd9-db11716f47fd
12,1200,12.49042558670044,1.0,1.0,1.0,0.9960959999999999,0.0,0.0,0.0,0.0,0.0,0.0,0.0,0.0,0.0,0.0,0.0,0.0,0.0,0.0,0.002,0.998,0.05289135384998454,1876,5.23690242843917e-05,4.224417404646936e-09,1.1464382055160226e-05,16,20,False,0.995,0.005,0.66,fixed,100,none,e7f9ddb3-8f5f-4b72-9bd9-db11716f47fd
13,1300,12.50958800315857,1.0,1.0,1.0,0.9960959999999999,0.0,0.0,0.0,0.0,0.0,0.0,0.0,0.0,0.0,0.0,0.0,0.0,0.0,0.0,0.002,0.998,0.05289135384998455,1876,5.25727101736621e-05,4.324503485029851e-09,1.150898791267679e-05,16,20,False,0.995,0.005,0.66,fixed,100,none,e7f9ddb3-8f5f-4b72-9bd9-db11716f47fd
14,1400,12.52860689163208,1.0,1.0,1.0,0.9960959999999999,0.0,0.0,0.0,0.0,0.0,0.0,0.0,0.0,0.0,0.0,0.0,0.0,0.0,0.0,0.002,0.998,0.052891353849984536,1876,5.471854868789108e-05,4.85866423992795e-09,1.1978813453984945e-05,16,20,False,0.995,0.005,0.66,fixed,100,none,e7f9ddb3-8f5f-4b72-9bd9-db11716f47fd
15,1500,12.547180652618408,1.0,1.0,1.0,0.9960959999999999,0.0,0.0,0.0,0.0,0.0,0.0,0.0,0.0,0.0,0.0,0.0,0.0,0.0,0.0,0.002,0.998,0.052891353849984536,1876,5.512361480832215e-05,4.924712817100294e-09,1.2067494976976969e-05,16,20,False,0.995,0.005,0.66,fixed,100,none,e7f9ddb3-8f5f-4b72-9bd9-db11716f47fd
16,1600,12.565913677215576,1.0,1.0,1.0,0.9960959999999999,0.0,0.0,0.0,0.0,0.0,0.0,0.0,0.0,0.0,0.0,0.0,0.0,0.0,0.0,0.002,0.998,0.052891353849984536,1876,5.590356883621892e-05,4.9953247588690664e-09,1.2238240329952508e-05,16,20,False,0.995,0.005,0.66,fixed,100,none,e7f9ddb3-8f5f-4b72-9bd9-db11716f47fd
17,1700,12.584856748580933,1.0,1.0,1.0,0.9960959999999999,0.0,0.0,0.0,0.0,0.0,0.0,0.0,0.0,0.0,0.0,0.0,0.0,0.0,0.0,0.002,0.998,0.052891353849984536,1876,5.88532335077799e-05,5.46292668657537e-09,1.288401077092347e-05,16,20,False,0.995,0.005,0.66,fixed,100,none,e7f9ddb3-8f5f-4b72-9bd9-db11716f47fd
18,1800,12.603956937789917,1.0,1.0,1.0,0.9960959999999999,0.0,0.0,0.0,0.0,0.0,0.0,0.0,0.0,0.0,0.0,0.0,0.0,0.0,0.0,0.002,0.998,0.052891353849984536,1876,6.02347218179696e-05,5.65630715345715e-09,1.3186455304312704e-05,16,20,False,0.995,0.005,0.66,fixed,100,none,e7f9ddb3-8f5f-4b72-9bd9-db11716f47fd
19,1900,12.623127698898315,1.0,1.0,1.0,0.9960959999999999,0.0,0.0,0.0,0.0,0.0,0.0,0.0,0.0,0.0,0.0,0.0,0.0,0.0,0.0,0.002,0.998,0.053271372404126875,1875,6.0662947381319495e-05,5.745702101518485e-09,1.3280210865170126e-05,16,20,False,0.995,0.005,0.66,fixed,100,none,e7f9ddb3-8f5f-4b72-9bd9-db11716f47fd
20,2000,12.642021179199219,1.0,1.0,1.0,0.9960959999999999,0.0,0.0,0.0,0.0,0.0,0.0,0.0,0.0,0.0,0.0,0.0,0.0,0.0,0.0,0.002,0.998,0.053271372404126875,1875,6.23037460187599e-05,6.099758561194647e-09,1.363944895763317e-05,16,20,False,0.995,0.005,0.66,fixed,100,none,e7f9ddb3-8f5f-4b72-9bd9-db11716f47fd
21,2100,12.661225080490112,1.0,1.0,1.0,0.9960959999999999,0.0,0.0,0.0,0.0,0.0,0.0,0.0,0.0,0.0,0.0,0.0,0.0,0.0,0.0,0.002,0.998,0.053271372404126875,1875,6.273505756873159e-05,6.295839939809958e-09,1.373390031138391e-05,16,20,False,0.995,0.005,0.66,fixed,100,none,e7f9ddb3-8f5f-4b72-9bd9-db11716f47fd
22,2200,12.680573463439941,1.0,1.0,1.0,0.9960959999999999,0.0,0.0,0.0,0.0,0.0,0.0,0.0,0.0,0.0,0.0,0.0,0.0,0.0,0.0,0.002,0.998,0.053271372404126875,1875,6.291617884856212e-05,6.368803520856423e-09,1.3773561622619211e-05,16,20,False,0.995,0.005,0.66,fixed,100,none,e7f9ddb3-8f5f-4b72-9bd9-db11716f47fd
23,2300,12.700148344039917,1.0,1.0,1.0,0.9960959999999999,0.0,0.0,0.0,0.0,0.0,0.0,0.0,0.0,0.0,0.0,0.0,0.0,0.0,0.0,0.002,0.998,0.053271372404126875,1875,6.417370245713715e-05,6.619126507622076e-09,1.404888110190377e-05,16,20,False,0.995,0.005,0.66,fixed,100,none,e7f9ddb3-8f5f-4b72-9bd9-db11716f47fd
24,2400,12.71950626373291,1.0,1.0,1.0,0.9960959999999999,0.0,0.0,0.0,0.0,0.0,0.0,0.0,0.0,0.0,0.0,0.0,0.0,0.0,0.0,0.002,0.998,0.053271372404126875,1875,6.516441954793336e-05,6.818907706805439e-09,1.4265787031506904e-05,16,20,False,0.995,0.005,0.66,fixed,100,none,e7f9ddb3-8f5f-4b72-9bd9-db11716f47fd
25,2500,12.738596677780151,1.0,1.0,1.0,0.9960959999999999,0.0,0.0,0.0,0.0,0.0,0.0,0.0,0.0,0.0,0.0,0.0,0.0,0.0,0.0,0.002,0.998,0.053271372404126875,1875,6.602324052060861e-05,6.963467486530665e-09,1.4453810408783666e-05,16,20,False,0.995,0.005,0.66,fixed,100,none,e7f9ddb3-8f5f-4b72-9bd9-db11716f47fd
26,2600,12.757596254348755,1.0,1.0,1.0,0.9960959999999999,0.0,0.0,0.0,0.0,0.0,0.0,0.0,0.0,0.0,0.0,0.0,0.0,0.0,0.0,0.002,0.998,0.053271372404126875,1875,6.755953497887279e-05,7.277090608998628e-09,1.4790164854090964e-05,16,20,False,0.995,0.005,0.66,fixed,100,none,e7f9ddb3-8f5f-4b72-9bd9-db11716f47fd
27,2700,12.776530265808105,1.0,1.0,1.0,0.9960959999999999,0.0,0.0,0.0,0.0,0.0,0.0,0.0,0.0,0.0,0.0,0.0,0.0,0.0,0.0,0.002,0.998,0.053271372404126875,1875,6.913549927174892e-05,7.543259122181518e-09,1.5135194009819056e-05,16,20,False,0.995,0.005,0.66,fixed,100,none,e7f9ddb3-8f5f-4b72-9bd9-db11716f47fd
28,2800,12.795450210571289,1.0,1.0,1.0,0.9960959999999999,0.0,0.0,0.0,0.0,0.0,0.0,0.0,0.0,0.0,0.0,0.0,0.0,0.0,0.0,0.002,0.998,0.053271372404126875,1875,6.984662711826706e-05,7.692346419478962e-09,1.529088822200836e-05,16,20,False,0.995,0.005,0.66,fixed,100,none,e7f9ddb3-8f5f-4b72-9bd9-db11716f47fd
29,2900,12.81432819366455,1.0,1.0,1.0,0.9960959999999999,0.0,0.0,0.0,0.0,0.0,0.0,0.0,0.0,0.0,0.0,0.0,0.0,0.0,0.0,0.002,0.998,0.053271372404126875,1875,7.100714090443389e-05,7.99217187307736e-09,1.5544981656636467e-05,16,20,False,0.995,0.005,0.66,fixed,100,none,e7f9ddb3-8f5f-4b72-9bd9-db11716f47fd
30,3000,12.833219051361084,1.0,1.0,1.0,0.9960959999999999,0.0,0.0,0.0,0.0,0.0,0.0,0.0,0.0,0.0,0.0,0.0,0.0,0.0,0.0,0.002,0.998,0.053271372404126875,1875,7.202647964514364e-05,8.251890887919616e-09,1.5768164253590647e-05,16,20,False,0.995,0.005,0.66,fixed,100,none,e7f9ddb3-8f5f-4b72-9bd9-db11716f47fd
31,3100,12.851863861083984,1.0,1.0,1.0,0.9960959999999999,0.0,0.0,0.0,0.0,0.0,0.0,0.0,0.0,0.0,0.0,0.0,0.0,0.0,0.0,0.002,0.998,0.053271372404126875,1875,7.202647964514364e-05,8.251890887919616e-09,1.5768164253590647e-05,16,20,False,0.995,0.005,0.66,fixed,100,none,e7f9ddb3-8f5f-4b72-9bd9-db11716f47fd
32,3200,12.870419025421143,1.0,1.0,1.0,0.9960959999999999,0.0,0.0,0.0,0.0,0.0,0.0,0.0,0.0,0.0,0.0,0.0,0.0,0.0,0.0,0.002,0.998,0.053271372404126875,1875,7.411472283041187e-05,8.597370941658675e-09,1.6225346328056075e-05,16,20,False,0.995,0.005,0.66,fixed,100,none,e7f9ddb3-8f5f-4b72-9bd9-db11716f47fd
33,3300,12.888984203338623,1.0,1.0,1.0,0.9960959999999999,0.0,0.0,0.0,0.0,0.0,0.0,0.0,0.0,0.0,0.0,0.0,0.0,0.0,0.0,0.002,0.998,0.053271372404126875,1875,7.54433993623762e-05,8.81496092866e-09,1.6516234963000597e-05,16,20,False,0.995,0.005,0.66,fixed,100,none,e7f9ddb3-8f5f-4b72-9bd9-db11716f47fd
34,3400,12.907724857330322,1.0,1.0,1.0,0.9960959999999999,0.0,0.0,0.0,0.0,0.0,0.0,0.0,0.0,0.0,0.0,0.0,0.0,0.0,0.0,0.002,0.998,0.05289135384998455,1876,7.50730153424029e-05,8.931647915859513e-09,1.643518007155601e-05,16,20,False,0.995,0.005,0.66,fixed,100,none,e7f9ddb3-8f5f-4b72-9bd9-db11716f47fd
35,3500,12.926630973815918,1.0,1.0,1.0,0.9960959999999999,0.0,0.0,0.0,0.0,0.0,0.0,0.0,0.0,0.0,0.0,0.0,0.0,0.0,0.0,0.002,0.998,0.05251033128381009,1877,7.621474859100082e-05,9.13231840875732e-09,1.6685143607067742e-05,16,20,False,0.995,0.005,0.66,fixed,100,none,e7f9ddb3-8f5f-4b72-9bd9-db11716f47fd
36,3600,12.945460081100464,1.0,1.0,1.0,0.9960959999999999,0.0,0.0,0.0,0.0,0.0,0.0,0.0,0.0,0.0,0.0,0.0,0.0,0.0,0.0,0.002,0.998,0.053271372404126875,1875,7.720259793043856e-05,9.406489976627e-09,1.690143592006856e-05,16,20,False,0.995,0.005,0.66,fixed,100,none,e7f9ddb3-8f5f-4b72-9bd9-db11716f47fd
37,3700,12.96405816078186,1.0,1.0,1.0,0.9960959999999999,0.0,0.0,0.0,0.0,0.0,0.0,0.0,0.0,0.0,0.0,0.0,0.0,0.0,0.0,0.002,0.998,0.053271372404126875,1875,8.023366294437255e-05,1.0010601921026441e-08,1.7565050832888146e-05,16,20,False,0.995,0.005,0.66,fixed,100,none,e7f9ddb3-8f5f-4b72-9bd9-db11716f47fd
38,3800,12.982596397399902,1.0,1.0,1.0,0.9960959999999999,0.0,0.0,0.0,0.0,0.0,0.0,0.0,0.0,0.0,0.0,0.0,0.0,0.0,0.0,0.002,0.998,0.053271372404126875,1875,8.023366294437255e-05,1.0010601921026441e-08,1.7565050832888146e-05,16,20,False,0.995,0.005,0.66,fixed,100,none,e7f9ddb3-8f5f-4b72-9bd9-db11716f47fd
39,3900,13.001218557357788,1.0,1.0,1.0,0.9960959999999999,0.0,0.0,0.0,0.0,0.0,0.0,0.0,0.0,0.0,0.0,0.0,0.0,0.0,0.0,0.002,0.998,0.05289135384998454,1876,8.076652646730842e-05,1.0134460084948254e-08,1.7681718191109952e-05,16,20,False,0.995,0.005,0.66,fixed,100,none,e7f9ddb3-8f5f-4b72-9bd9-db11716f47fd
40,4000,13.019828081130981,1.0,1.0,1.0,0.9960959999999999,0.0,0.0,0.0,0.0,0.0,0.0,0.0,0.0,0.0,0.0,0.0,0.0,0.0,0.0,0.002,0.998,0.05289135384998454,1876,8.277007161980164e-05,1.0479148513001357e-08,1.8120359715792048e-05,16,20,False,0.995,0.005,0.66,fixed,100,none,e7f9ddb3-8f5f-4b72-9bd9-db11716f47fd
41,4100,13.038453102111816,1.0,1.0,1.0,0.9960959999999999,0.0,0.0,0.0,0.0,0.0,0.0,0.0,0.0,0.0,0.0,0.0,0.0,0.0,0.0,0.002,0.998,0.052510331283810094,1877,8.310381846248014e-05,1.0616973927741019e-08,1.8193443086483174e-05,16,20,False,0.995,0.005,0.66,fixed,100,none,e7f9ddb3-8f5f-4b72-9bd9-db11716f47fd
42,4200,13.057061433792114,1.0,1.0,1.0,0.9960959999999999,0.0,0.0,0.0,0.0,0.0,0.0,0.0,0.0,0.0,0.0,0.0,0.0,0.0,0.0,0.002,0.998,0.05289135384998454,1876,8.351571776886138e-05,1.0745407490850713e-08,1.8283632247027018e-05,16,20,False,0.995,0.005,0.66,fixed,100,none,e7f9ddb3-8f5f-4b72-9bd9-db11716f47fd
43,4300,13.078963994979858,1.0,1.0,1.0,0.9960959999999999,0.0,0.0,0.0,0.0,0.0,0.0,0.0,0.0,0.0,0.0,0.0,0.0,0.0,0.0,0.002,0.998,0.05289135384998454,1876,8.506577811930601e-05,1.1096471658938169e-08,1.8623007159931283e-05,16,20,False,0.995,0.005,0.66,fixed,100,none,e7f9ddb3-8f5f-4b72-9bd9-db11716f47fd
44,4400,13.097807168960571,1.0,1.0,1.0,0.9960959999999999,0.0,0.0,0.0,0.0,0.0,0.0,0.0,0.0,0.0,0.0,0.0,0.0,0.0,0.0,0.002,0.998,0.05289135384998454,1876,8.605302977790857e-05,1.1405275495842134e-08,1.8839175220728396e-05,16,20,False,0.995,0.005,0.66,fixed,100,none,e7f9ddb3-8f5f-4b72-9bd9-db11716f47fd
45,4500,13.116601943969727,1.0,1.0,1.0,0.9960959999999999,0.0,0.0,0.0,0.0,0.0,0.0,0.0,0.0,0.0,0.0,0.0,0.0,0.0,0.0,0.002,0.998,0.053271372404126875,1875,8.701939390467705e-05,1.1709573004647392e-08,1.905077014460469e-05,16,20,False,0.995,0.005,0.66,fixed,100,none,e7f9ddb3-8f5f-4b72-9bd9-db11716f47fd
46,4600,13.135435819625854,1.0,1.0,1.0,0.9960959999999999,0.0,0.0,0.0,0.0,0.0,0.0,0.0,0.0,0.0,0.0,0.0,0.0,0.0,0.0,0.002,0.998,0.053271372404126875,1875,8.861904107748637e-05,1.2071015468593766e-08,1.94010015848008e-05,16,20,False,0.995,0.005,0.66,fixed,100,none,e7f9ddb3-8f5f-4b72-9bd9-db11716f47fd
47,4700,13.154260635375977,1.0,1.0,1.0,0.9960959999999999,0.0,0.0,0.0,0.0,0.0,0.0,0.0,0.0,0.0,0.0,0.0,0.0,0.0,0.0,0.002,0.998,0.05289135384998454,1876,8.900961278387262e-05,1.2277386235859092e-08,1.948653694177453e-05,16,20,False,0.995,0.005,0.66,fixed,100,none,e7f9ddb3-8f5f-4b72-9bd9-db11716f47fd
48,4800,13.173199653625488,1.0,1.0,1.0,0.9960959999999999,0.0,0.0,0.0,0.0,0.0,0.0,0.0,0.0,0.0,0.0,0.0,0.0,0.0,0.0,0.002,0.998,0.05289135384998454,1876,8.989113950764995e-05,1.259760325473511e-08,1.9679563982842974e-05,16,20,False,0.995,0.005,0.66,fixed,100,none,e7f9ddb3-8f5f-4b72-9bd9-db11716f47fd
49,4900,13.192164897918701,1.0,1.0,1.0,0.9960959999999999,0.0,0.0,0.0,0.0,0.0,0.0,0.0,0.0,0.0,0.0,0.0,0.0,0.0,0.0,0.002,0.998,0.05289135384998454,1876,9.143889690791265e-05,1.3351514877642824e-08,2.001851132096883e-05,16,20,False,0.995,0.005,0.66,fixed,100,none,e7f9ddb3-8f5f-4b72-9bd9-db11716f47fd
50,5000,13.211235046386719,1.0,1.0,1.0,0.9960959999999999,0.0,0.0,0.0,0.0,0.0,0.0,0.0,0.0,0.0,0.0,0.0,0.0,0.0,0.0,0.002,0.998,0.05289135384998454,1876,9.128108207730327e-05,1.346387952210675e-08,1.9983987003830888e-05,16,20,False,0.995,0.005,0.66,fixed,100,none,e7f9ddb3-8f5f-4b72-9bd9-db11716f47fd
51,5100,13.23036241531372,1.0,1.0,1.0,0.9960959999999999,0.0,0.0,0.0,0.0,0.0,0.0,0.0,0.0,0.0,0.0,0.0,0.0,0.0,0.0,0.002,0.998,0.053271372404126875,1875,9.157898833603443e-05,1.3534422371822914e-08,2.0049212087008584e-05,16,20,False,0.995,0.005,0.66,fixed,100,none,e7f9ddb3-8f5f-4b72-9bd9-db11716f47fd
52,5200,13.249299764633179,1.0,1.0,1.0,0.9960959999999999,0.0,0.0,0.0,0.0,0.0,0.0,0.0,0.0,0.0,0.0,0.0,0.0,0.0,0.0,0.002,0.998,0.05289135384998454,1876,9.535935986435184e-05,1.43856096341474e-08,2.0876897140137107e-05,16,20,False,0.995,0.005,0.66,fixed,100,none,e7f9ddb3-8f5f-4b72-9bd9-db11716f47fd
53,5300,13.26826524734497,1.0,1.0,1.0,0.9960959999999999,0.0,0.0,0.0,0.0,0.0,0.0,0.0,0.0,0.0,0.0,0.0,0.0,0.0,0.0,0.002,0.998,0.053271372404126875,1875,9.667725639725946e-05,1.4557953007507763e-08,2.1165417436431523e-05,16,20,False,0.995,0.005,0.66,fixed,100,none,e7f9ddb3-8f5f-4b72-9bd9-db11716f47fd
54,5400,13.287112712860107,1.0,1.0,1.0,0.9960959999999999,0.0,0.0,0.0,0.0,0.0,0.0,0.0,0.0,0.0,0.0,0.0,0.0,0.0,0.0,0.002,0.998,0.053271372404126875,1875,9.677680227077981e-05,1.4774887432598719e-08,2.1187249245685898e-05,16,20,False,0.995,0.005,0.66,fixed,100,none,e7f9ddb3-8f5f-4b72-9bd9-db11716f47fd
55,5500,13.305894136428833,1.0,1.0,1.0,0.9960959999999999,0.0,0.0,0.0,0.0,0.0,0.0,0.0,0.0,0.0,0.0,0.0,0.0,0.0,0.0,0.002,0.998,0.053271372404126875,1875,9.896090303981614e-05,1.55045171696992e-08,2.1665487533677996e-05,16,20,False,0.995,0.005,0.66,fixed,100,none,e7f9ddb3-8f5f-4b72-9bd9-db11716f47fd
56,5600,13.324908971786499,1.0,1.0,1.0,0.9960959999999999,0.0,0.0,0.0,0.0,0.0,0.0,0.0,0.0,0.0,0.0,0.0,0.0,0.0,0.0,0.002,0.998,0.053271372404126875,1875,9.986576761163985e-05,1.6032536273678307e-08,2.1863662712079963e-05,16,20,False,0.995,0.005,0.66,fixed,100,none,e7f9ddb3-8f5f-4b72-9bd9-db11716f47fd
57,5700,13.34387469291687,1.0,1.0,1.0,0.9960959999999999,0.0,0.0,0.0,0.0,0.0,0.0,0.0,0.0,0.0,0.0,0.0,0.0,0.0,0.0,0.002,0.998,0.053271372404126875,1875,0.00010112388841418066,1.6544438299039178e-08,2.2139162617140964e-05,16,20,False,0.995,0.005,0.66,fixed,100,none,e7f9ddb3-8f5f-4b72-9bd9-db11716f47fd
58,5800,13.362669706344604,1.0,1.0,1.0,0.9960959999999999,0.0,0.0,0.0,0.0,0.0,0.0,0.0,0.0,0.0,0.0,0.0,0.0,0.0,0.0,0.002,0.998,0.053271372404126875,1875,0.00010313122933187455,1.7100210475908987e-08,2.2578675140737763e-05,16,20,False,0.995,0.005,0.66,fixed,100,none,e7f9ddb3-8f5f-4b72-9bd9-db11716f47fd
59,5900,13.381500244140625,1.0,1.0,1.0,0.9960959999999999,0.0,0.0,0.0,0.0,0.0,0.0,0.0,0.0,0.0,0.0,0.0,0.0,0.0,0.0,0.002,0.998,0.053271372404126875,1875,0.00010301366263124364,1.714828242344828e-08,2.255294892363969e-05,16,20,False,0.995,0.005,0.66,fixed,100,none,e7f9ddb3-8f5f-4b72-9bd9-db11716f47fd
60,6000,13.400347471237183,1.0,1.0,1.0,0.9960959999999999,0.0,0.0,0.0,0.0,0.0,0.0,0.0,0.0,0.0,0.0,0.0,0.0,0.0,0.0,0.002,0.998,0.053271372404126875,1875,0.00010486172514617501,1.7553161652803657e-08,2.2957566735211743e-05,16,20,False,0.995,0.005,0.66,fixed,100,none,e7f9ddb3-8f5f-4b72-9bd9-db11716f47fd
61,6100,13.419294834136963,1.0,1.0,1.0,0.9960959999999999,0.0,0.0,0.0,0.0,0.0,0.0,0.0,0.0,0.0,0.0,0.0,0.0,0.0,0.0,0.002,0.998,0.05289135384998454,1876,0.00010553971894872196,1.7667646938852873e-08,2.310600133079362e-05,16,20,False,0.995,0.005,0.66,fixed,100,none,e7f9ddb3-8f5f-4b72-9bd9-db11716f47fd
62,6200,13.438189506530762,1.0,1.0,1.0,0.9960959999999999,0.0,0.0,0.0,0.0,0.0,0.0,0.0,0.0,0.0,0.0,0.0,0.0,0.0,0.0,0.002,0.998,0.053271372404126875,1875,0.00010653168912117908,1.8036446747837286e-08,2.332321367350819e-05,16,20,False,0.995,0.005,0.66,fixed,100,none,e7f9ddb3-8f5f-4b72-9bd9-db11716f47fd
63,6300,13.457092046737671,1.0,1.0,1.0,0.9960959999999999,0.0,0.0,0.0,0.0,0.0,0.0,0.0,0.0,0.0,0.0,0.0,0.0,0.0,0.0,0.002,0.998,0.05289135384998455,1876,0.00010781455432674346,1.870282385639808e-08,2.360415947865686e-05,16,20,False,0.995,0.005,0.66,fixed,100,none,e7f9ddb3-8f5f-4b72-9bd9-db11716f47fd
64,6400,13.475865602493286,1.0,1.0,1.0,0.9960959999999999,0.0,0.0,0.0,0.0,0.0,0.0,0.0,0.0,0.0,0.0,0.0,0.0,0.0,0.0,0.002,0.998,0.05289135384998454,1876,0.0001080715338168511,1.8970007595911722e-08,2.366046305395193e-05,16,20,False,0.995,0.005,0.66,fixed,100,none,e7f9ddb3-8f5f-4b72-9bd9-db11716f47fd
65,6500,13.495046377182007,1.0,1.0,1.0,0.9960959999999999,0.0,0.0,0.0,0.0,0.0,0.0,0.0,0.0,0.0,0.0,0.0,0.0,0.0,0.0,0.002,0.998,0.053271372404126875,1875,0.00010955675588721487,1.9409196619330875e-08,2.398566161106901e-05,16,20,False,0.995,0.005,0.66,fixed,100,none,e7f9ddb3-8f5f-4b72-9bd9-db11716f47fd
66,6600,13.514262676239014,1.0,1.0,1.0,0.9960959999999999,0.0,0.0,0.0,0.0,0.0,0.0,0.0,0.0,0.0,0.0,0.0,0.0,0.0,0.0,0.002,0.998,0.053271372404126875,1875,0.00011027622091114136,1.9658847101459104e-08,2.4143199938398122e-05,16,20,False,0.995,0.005,0.66,fixed,100,none,e7f9ddb3-8f5f-4b72-9bd9-db11716f47fd
67,6700,13.533332586288452,1.0,1.0,1.0,0.9960959999999999,0.0,0.0,0.0,0.0,0.0,0.0,0.0,0.0,0.0,0.0,0.0,0.0,0.0,0.0,0.002,0.998,0.053271372404126875,1875,0.00011085024308098026,1.9835523452125686e-08,2.4268886959882482e-05,16,20,False,0.995,0.005,0.66,fixed,100,none,e7f9ddb3-8f5f-4b72-9bd9-db11716f47fd
68,6800,13.552458047866821,1.0,1.0,1.0,0.9960959999999999,0.0,0.0,0.0,0.0,0.0,0.0,0.0,0.0,0.0,0.0,0.0,0.0,0.0,0.0,0.002,0.998,0.05289135384998454,1876,0.00011156238974108463,2.0123240733398056e-08,2.4424830530062775e-05,16,20,False,0.995,0.005,0.66,fixed,100,none,e7f9ddb3-8f5f-4b72-9bd9-db11716f47fd
69,6900,13.571757078170776,1.0,1.0,1.0,0.9960959999999999,0.0,0.0,0.0,0.0,0.0,0.0,0.0,0.0,0.0,0.0,0.0,0.0,0.0,0.0,0.002,0.998,0.05251033128381009,1877,0.00011126882623509573,2.003374881939759e-08,2.436055247513814e-05,16,20,False,0.995,0.005,0.66,fixed,100,none,e7f9ddb3-8f5f-4b72-9bd9-db11716f47fd
70,7000,13.591974973678589,1.0,1.0,1.0,0.9960959999999999,0.0,0.0,0.0,0.0,0.0,0.0,0.0,0.0,0.0,0.0,0.0,0.0,0.0,0.0,0.002,0.998,0.05289135384998454,1876,0.00011263145986885635,2.0403783396712227e-08,2.4658903284138032e-05,16,20,False,0.995,0.005,0.66,fixed,100,none,e7f9ddb3-8f5f-4b72-9bd9-db11716f47fd
71,7100,13.611344337463379,1.0,1.0,1.0,0.9960959999999999,0.0,0.0,0.0,0.0,0.0,0.0,0.0,0.0,0.0,0.0,0.0,0.0,0.0,0.0,0.002,0.998,0.05289135384998454,1876,0.00011452993664671753,2.096857446554014e-08,2.507458716111492e-05,16,20,False,0.995,0.005,0.66,fixed,100,none,e7f9ddb3-8f5f-4b72-9bd9-db11716f47fd
72,7200,13.630873203277588,1.0,1.0,1.0,0.9960959999999999,0.0,0.0,0.0,0.0,0.0,0.0,0.0,0.0,0.0,0.0,0.0,0.0,0.0,0.0,0.002,0.998,0.05289135384998454,1876,0.00011544497678395898,2.1400719070345415e-08,2.5274971554631985e-05,16,20,False,0.995,0.005,0.66,fixed,100,none,e7f9ddb3-8f5f-4b72-9bd9-db11716f47fd
73,7300,13.650160789489746,1.0,1.0,1.0,0.9960959999999999,0.0,0.0,0.0,0.0,0.0,0.0,0.0,0.0,0.0,0.0,0.0,0.0,0.0,0.0,0.002,0.998,0.052510331283810094,1877,0.00011836623425225481,2.1969235606284355e-08,2.5914542832583774e-05,16,20,False,0.995,0.005,0.66,fixed,100,none,e7f9ddb3-8f5f-4b72-9bd9-db11716f47fd
74,7400,13.669366121292114,1.0,1.0,1.0,0.9960959999999999,0.0,0.0,0.0,0.0,0.0,0.0,0.0,0.0,0.0,0.0,0.0,0.0,0.0,0.0,0.002,0.998,0.052510331283810094,1877,0.00011880348139055481,2.2042250671857425e-08,2.6010270104020103e-05,16,20,False,0.995,0.005,0.66,fixed,100,none,e7f9ddb3-8f5f-4b72-9bd9-db11716f47fd
75,7500,13.688754081726074,1.0,1.0,1.0,0.9960959999999999,0.0,0.0,0.0,0.0,0.0,0.0,0.0,0.0,0.0,0.0,0.0,0.0,0.0,0.0,0.002,0.998,0.052128304705603576,1878,0.00011922993568709429,2.2255932814638813e-08,2.6103661549139722e-05,16,20,False,0.995,0.005,0.66,fixed,100,none,e7f9ddb3-8f5f-4b72-9bd9-db11716f47fd
76,7600,13.707741737365723,1.0,1.0,1.0,0.9960959999999999,0.0,0.0,0.0,0.0,0.0,0.0,0.0,0.0,0.0,0.0,0.0,0.0,0.0,0.0,0.002,0.998,0.052128304705603576,1878,0.00011962903617586935,2.261151386644088e-08,2.619109220653243e-05,16,20,False,0.995,0.005,0.66,fixed,100,none,e7f9ddb3-8f5f-4b72-9bd9-db11716f47fd
77,7700,13.726494550704956,1.0,1.0,1.0,0.9960959999999999,0.0,0.0,0.0,0.0,0.0,0.0,0.0,0.0,0.0,0.0,0.0,0.0,0.0,0.0,0.002,0.998,0.052128304705603576,1878,0.00012046971195560587,2.2951118334519128e-08,2.6375180659565684e-05,16,20,False,0.995,0.005,0.66,fixed,100,none,e7f9ddb3-8f5f-4b72-9bd9-db11716f47fd
78,7800,13.745189428329468,1.0,1.0,1.0,0.9960959999999999,0.0,0.0,0.0,0.0,0.0,0.0,0.0,0.0,0.0,0.0,0.0,0.0,0.0,0.0,0.002,0.998,0.052128304705603576,1878,0.00012065086031742066,2.2972358640180028e-08,2.641483807162502e-05,16,20,False,0.995,0.005,0.66,fixed,100,none,e7f9ddb3-8f5f-4b72-9bd9-db11716f47fd
79,7900,13.763988256454468,1.0,1.0,1.0,0.9960959999999999,0.0,0.0,0.0,0.0,0.0,0.0,0.0,0.0,0.0,0.0,0.0,0.0,0.0,0.0,0.002,0.998,0.05251033128381009,1877,0.0001215697469342344,2.3229484610393245e-08,2.6616031205979885e-05,16,20,False,0.995,0.005,0.66,fixed,100,none,e7f9ddb3-8f5f-4b72-9bd9-db11716f47fd
80,8000,13.782688856124878,1.0,1.0,1.0,0.9960959999999999,0.0,0.0,0.0,0.0,0.0,0.0,0.0,0.0,0.0,0.0,0.0,0.0,0.0,0.0,0.002,0.998,0.052128304705603576,1878,0.00012281957790846016,2.3534078815221923e-08,2.6889677079136823e-05,16,20,False,0.995,0.005,0.66,fixed,100,none,e7f9ddb3-8f5f-4b72-9bd9-db11716f47fd
81,8100,13.801470279693604,1.0,1.0,1.0,0.9960959999999999,0.0,0.0,0.0,0.0,0.0,0.0,0.0,0.0,0.0,0.0,0.0,0.0,0.0,0.0,0.002,0.998,0.052128304705603576,1878,0.00012381609053249492,2.3894075198922554e-08,2.7107882091850934e-05,16,20,False,0.995,0.005,0.66,fixed,100,none,e7f9ddb3-8f5f-4b72-9bd9-db11716f47fd
82,8200,13.820209503173828,1.0,1.0,1.0,0.9960959999999999,0.0,0.0,0.0,0.0,0.0,0.0,0.0,0.0,0.0,0.0,0.0,0.0,0.0,0.0,0.002,0.998,0.052128304705603576,1878,0.00012389457849421625,2.3928624900821228e-08,2.7125069671115094e-05,16,20,False,0.995,0.005,0.66,fixed,100,none,e7f9ddb3-8f5f-4b72-9bd9-db11716f47fd
83,8300,13.839110851287842,1.0,1.0,1.0,0.9960959999999999,0.0,0.0,0.0,0.0,0.0,0.0,0.0,0.0,0.0,0.0,0.0,0.0,0.0,0.0,0.002,0.998,0.052128304705603576,1878,0.0001237349526109362,2.373209491003864e-08,2.709009022456684e-05,16,20,False,0.995,0.005,0.66,fixed,100,none,e7f9ddb3-8f5f-4b72-9bd9-db11716f47fd
84,8400,13.857905864715576,1.0,1.0,1.0,0.9960959999999999,0.0,0.0,0.0,0.0,0.0,0.0,0.0,0.0,0.0,0.0,0.0,0.0,0.0,0.0,0.002,0.998,0.052128304705603576,1878,0.00012598805902455052,2.4275184561937423e-08,2.7583398405540878e-05,16,20,False,0.995,0.005,0.66,fixed,100,none,e7f9ddb3-8f5f-4b72-9bd9-db11716f47fd
85,8500,13.876568078994751,1.0,1.0,1.0,0.9960959999999999,0.0,0.0,0.0,0.0,0.0,0.0,0.0,0.0,0.0,0.0,0.0,0.0,0.0,0.0,0.002,0.998,0.052128304705603576,1878,0.00012614586505281817,2.4355976880514478e-08,2.7617957495669198e-05,16,20,False,0.995,0.005,0.66,fixed,100,none,e7f9ddb3-8f5f-4b72-9bd9-db11716f47fd
86,8600,13.895564794540405,1.0,1.0,1.0,0.9960959999999999,0.0,0.0,0.0,0.0,0.0,0.0,0.0,0.0,0.0,0.0,0.0,0.0,0.0,0.0,0.002,0.998,0.052510331283810094,1877,0.00012676136672231883,2.473522623505981e-08,2.7752762868500254e-05,16,20,False,0.995,0.005,0.66,fixed,100,none,e7f9ddb3-8f5f-4b72-9bd9-db11716f47fd
87,8700,13.91414737701416,1.0,1.0,1.0,0.9960959999999999,0.0,0.0,0.0,0.0,0.0,0.0,0.0,0.0,0.0,0.0,0.0,0.0,0.0,0.0,0.002,0.998,0.052128304705603576,1878,0.00012661035679597206,2.47953195902833e-08,2.771971821336044e-05,16,20,False,0.995,0.005,0.66,fixed,100,none,e7f9ddb3-8f5f-4b72-9bd9-db11716f47fd
88,8800,13.932969093322754,1.0,1.0,1.0,0.9960959999999999,0.0,0.0,0.0,0.0,0.0,0.0,0.0,0.0,0.0,0.0,0.0,0.0,0.0,0.0,0.002,0.998,0.052510331283810094,1877,0.00012758578419700463,2.513141995943208e-08,2.793330313051661e-05,16,20,False,0.995,0.005,0.66,fixed,100,none,e7f9ddb3-8f5f-4b72-9bd9-db11716f47fd
89,8900,13.951775550842285,1.0,1.0,1.0,0.9960959999999999,0.0,0.0,0.0,0.0,0.0,0.0,0.0,0.0,0.0,0.0,0.0,0.0,0.0,0.0,0.002,0.998,0.05251033128381009,1877,0.00012580248317909079,2.479797580304345e-08,2.7542875183305555e-05,16,20,False,0.995,0.005,0.66,fixed,100,none,e7f9ddb3-8f5f-4b72-9bd9-db11716f47fd
90,9000,13.97058653831482,1.0,1.0,1.0,0.9960959999999999,0.0,0.0,0.0,0.0,0.0,0.0,0.0,0.0,0.0,0.0,0.0,0.0,0.0,0.0,0.002,0.998,0.05212830470560358,1878,0.00012641008423153286,2.5181500049862844e-08,2.7675951923292018e-05,16,20,False,0.995,0.005,0.66,fixed,100,none,e7f9ddb3-8f5f-4b72-9bd9-db11716f47fd
91,9100,13.989569187164307,1.0,1.0,1.0,0.9960959999999999,0.0,0.0,0.0,0.0,0.0,0.0,0.0,0.0,0.0,0.0,0.0,0.0,0.0,0.0,0.002,0.998,0.052128304705603576,1878,0.00012635400493337276,2.5509581330615042e-08,2.7663738500368117e-05,16,20,False,0.995,0.005,0.66,fixed,100,none,e7f9ddb3-8f5f-4b72-9bd9-db11716f47fd
92,9200,14.008601665496826,1.0,1.0,1.0,0.9960959999999999,0.0,0.0,0.0,0.0,0.0,0.0,0.0,0.0,0.0,0.0,0.0,0.0,0.0,0.0,0.002,0.998,0.052128304705603576,1878,0.00012736386470360887,2.594181089933405e-08,2.7884878927690854e-05,16,20,False,0.995,0.005,0.66,fixed,100,none,e7f9ddb3-8f5f-4b72-9bd9-db11716f47fd
93,9300,14.02781081199646,1.0,1.0,1.0,0.9960959999999999,0.0,0.0,0.0,0.0,0.0,0.0,0.0,0.0,0.0,0.0,0.0,0.0,0.0,0.0,0.002,0.998,0.051745274115365,1879,0.00012719295896848308,2.5914918106644414e-08,2.784746255264121e-05,16,20,False,0.995,0.005,0.66,fixed,100,none,e7f9ddb3-8f5f-4b72-9bd9-db11716f47fd
94,9400,14.047125816345215,1.0,1.0,1.0,0.9960959999999999,0.0,0.0,0.0,0.0,0.0,0.0,0.0,0.0,0.0,0.0,0.0,0.0,0.0,0.0,0.002,0.998,0.051745274115365,1879,0.0001269660439298858,2.5889893985202852e-08,2.779778609610919e-05,16,20,False,0.995,0.005,0.66,fixed,100,none,e7f9ddb3-8f5f-4b72-9bd9-db11716f47fd
95,9500,14.06645679473877,1.0,1.0,1.0,0.9960959999999999,0.0,0.0,0.0,0.0,0.0,0.0,0.0,0.0,0.0,0.0,0.0,0.0,0.0,0.0,0.002,0.998,0.051745274115364996,1879,0.00012921383414137924,2.6553756148016753e-08,2.828995350721604e-05,16,20,False,0.995,0.005,0.66,fixed,100,none,e7f9ddb3-8f5f-4b72-9bd9-db11716f47fd
96,9600,14.085750102996826,1.0,1.0,1.0,0.9960959999999999,0.0,0.0,0.0,0.0,0.0,0.0,0.0,0.0,0.0,0.0,0.0,0.0,0.0,0.0,0.002,0.998,0.051745274115365,1879,0.0001293805402137099,2.6765407474415904e-08,2.832648568020124e-05,16,20,False,0.995,0.005,0.66,fixed,100,none,e7f9ddb3-8f5f-4b72-9bd9-db11716f47fd
97,9700,14.104995727539062,1.0,1.0,1.0,0.9960959999999999,0.0,0.0,0.0,0.0,0.0,0.0,0.0,0.0,0.0,0.0,0.0,0.0,0.0,0.0,0.002,0.998,0.05212830470560358,1878,0.00013125509313158108,2.7257516333978192e-08,2.8736918814606553e-05,16,20,False,0.995,0.005,0.66,fixed,100,none,e7f9ddb3-8f5f-4b72-9bd9-db11716f47fd
98,9800,14.12406611442566,1.0,1.0,1.0,0.9960959999999999,0.0,0.0,0.0,0.0,0.0,0.0,0.0,0.0,0.0,0.0,0.0,0.0,0.0,0.0,0.002,0.998,0.052128304705603576,1878,0.00013379432651679704,2.803126842728957e-08,2.929290401552806e-05,16,20,False,0.995,0.005,0.66,fixed,100,none,e7f9ddb3-8f5f-4b72-9bd9-db11716f47fd
99,9900,14.143189191818237,1.0,1.0,1.0,0.9960959999999999,0.0,0.0,0.0,0.0,0.0,0.0,0.0,0.0,0.0,0.0,0.0,0.0,0.0,0.0,0.002,0.998,0.052128304705603576,1878,0.00013411903750029904,2.8323240765339024e-08,2.9364038724560876e-05,16,20,False,0.995,0.005,0.66,fixed,100,none,e7f9ddb3-8f5f-4b72-9bd9-db11716f47fd
100,10000,14.162421703338623,1.0,1.0,1.0,0.9960959999999999,0.0,0.0,0.0,0.0,0.0,0.0,0.0,0.0,0.0,0.0,0.0,0.0,0.0,0.0,0.002,0.998,0.052128304705603576,1878,0.00013399793747016021,2.8305112595278123e-08,2.9337526483611177e-05,16,20,False,0.995,0.005,0.66,fixed,100,none,e7f9ddb3-8f5f-4b72-9bd9-db11716f47fd
101,10100,14.181804656982422,1.0,1.0,1.0,0.9960959999999999,0.0,0.0,0.0,0.0,0.0,0.0,0.0,0.0,0.0,0.0,0.0,0.0,0.0,0.0,0.002,0.998,0.05251033128381009,1877,0.00013488885095157602,2.8606926831674803e-08,2.9532604789398013e-05,16,20,False,0.995,0.005,0.66,fixed,100,none,e7f9ddb3-8f5f-4b72-9bd9-db11716f47fd
102,10200,14.201093435287476,1.0,1.0,1.0,0.9960959999999999,0.0,0.0,0.0,0.0,0.0,0.0,0.0,0.0,0.0,0.0,0.0,0.0,0.0,0.0,0.002,0.998,0.05251033128381009,1877,0.00013396806666405667,2.879300421512272e-08,2.933108046356288e-05,16,20,False,0.995,0.005,0.66,fixed,100,none,e7f9ddb3-8f5f-4b72-9bd9-db11716f47fd
103,10300,14.22043514251709,1.0,1.0,1.0,0.9960959999999999,0.0,0.0,0.0,0.0,0.0,0.0,0.0,0.0,0.0,0.0,0.0,0.0,0.0,0.0,0.002,0.998,0.052128304705603576,1878,0.00013456748857896772,2.8872226723829958e-08,2.9462308973013563e-05,16,20,False,0.995,0.005,0.66,fixed,100,none,e7f9ddb3-8f5f-4b72-9bd9-db11716f47fd
104,10400,14.239667415618896,1.0,1.0,1.0,0.9960959999999999,0.0,0.0,0.0,0.0,0.0,0.0,0.0,0.0,0.0,0.0,0.0,0.0,0.0,0.0,0.002,0.998,0.051745274115365,1879,0.0001371186855190161,2.9752488690699286e-08,3.002093323296386e-05,16,20,False,0.995,0.005,0.66,fixed,100,none,e7f9ddb3-8f5f-4b72-9bd9-db11716f47fd
105,10500,14.258908748626709,1.0,1.0,1.0,0.9960959999999999,0.0,0.0,0.0,0.0,0.0,0.0,0.0,0.0,0.0,0.0,0.0,0.0,0.0,0.0,0.002,0.998,0.0513612395130943,1880,0.00013665110338988032,2.9713832834674184e-08,2.9918572160283393e-05,16,20,False,0.995,0.005,0.66,fixed,100,none,e7f9ddb3-8f5f-4b72-9bd9-db11716f47fd
106,10600,14.280219793319702,1.0,1.0,1.0,0.9960959999999999,0.0,0.0,0.0,0.0,0.0,0.0,0.0,0.0,0.0,0.0,0.0,0.0,0.0,0.0,0.002,0.998,0.0513612395130943,1880,0.00013665110338988032,2.9713832834674184e-08,2.9918572160283393e-05,16,20,False,0.995,0.005,0.66,fixed,100,none,e7f9ddb3-8f5f-4b72-9bd9-db11716f47fd
107,10700,14.299396991729736,1.0,1.0,1.0,0.9960959999999999,0.0,0.0,0.0,0.0,0.0,0.0,0.0,0.0,0.0,0.0,0.0,0.0,0.0,0.0,0.002,0.998,0.051745274115365,1879,0.00013711980889457385,2.991403068165405e-08,3.0021209832851733e-05,16,20,False,0.995,0.005,0.66,fixed,100,none,e7f9ddb3-8f5f-4b72-9bd9-db11716f47fd
108,10800,14.318406820297241,1.0,1.0,1.0,0.9960959999999999,0.0,0.0,0.0,0.0,0.0,0.0,0.0,0.0,0.0,0.0,0.0,0.0,0.0,0.0,0.002,0.998,0.051745274115364996,1879,0.00013623000175195626,2.9784156179800244e-08,2.982640637317739e-05,16,20,False,0.995,0.005,0.66,fixed,100,none,e7f9ddb3-8f5f-4b72-9bd9-db11716f47fd
109,10900,14.337502002716064,1.0,1.0,1.0,0.9960959999999999,0.0,0.0,0.0,0.0,0.0,0.0,0.0,0.0,0.0,0.0,0.0,0.0,0.0,0.0,0.002,0.998,0.052128304705603576,1878,0.0001381398591101277,3.0734097519376413e-08,3.0244654637735635e-05,16,20,False,0.995,0.005,0.66,fixed,100,none,e7f9ddb3-8f5f-4b72-9bd9-db11716f47fd
110,11000,14.35642409324646,1.0,1.0,1.0,0.9960959999999999,0.0,0.0,0.0,0.0,0.0,0.0,0.0,0.0,0.0,0.0,0.0,0.0,0.0,0.0,0.002,0.998,0.051745274115365,1879,0.00013881018237683229,3.091527551383465e-08,3.039142282463622e-05,16,20,False,0.995,0.005,0.66,fixed,100,none,e7f9ddb3-8f5f-4b72-9bd9-db11716f47fd
111,11100,14.37524151802063,1.0,1.0,1.0,0.9960959999999999,0.0,0.0,0.0,0.0,0.0,0.0,0.0,0.0,0.0,0.0,0.0,0.0,0.0,0.0,0.002,0.998,0.052128304705603576,1878,0.00013978709842812207,3.125013832316424e-08,3.060533337219732e-05,16,20,False,0.995,0.005,0.66,fixed,100,none,e7f9ddb3-8f5f-4b72-9bd9-db11716f47fd
112,11200,14.394550085067749,1.0,1.0,1.0,0.9960959999999999,0.0,0.0,0.0,0.0,0.0,0.0,0.0,0.0,0.0,0.0,0.0,0.0,0.0,0.0,0.002,0.998,0.052128304705603576,1878,0.00014013888790036087,3.154489563378818e-08,3.0682396091559415e-05,16,20,False,0.995,0.005,0.66,fixed,100,none,e7f9ddb3-8f5f-4b72-9bd9-db11716f47fd
113,11300,14.413965463638306,1.0,1.0,1.0,0.9960959999999999,0.0,0.0,0.0,0.0,0.0,0.0,0.0,0.0,0.0,0.0,0.0,0.0,0.0,0.0,0.002,0.998,0.052128304705603576,1878,0.0001410003197852803,3.174908264195616e-08,3.087100232669983e-05,16,20,False,0.995,0.005,0.66,fixed,100,none,e7f9ddb3-8f5f-4b72-9bd9-db11716f47fd
114,11400,14.433475732803345,1.0,1.0,1.0,0.9960959999999999,0.0,0.0,0.0,0.0,0.0,0.0,0.0,0.0,0.0,0.0,0.0,0.0,0.0,0.0,0.002,0.998,0.052128304705603576,1878,0.0001410003197852803,3.174908264195616e-08,3.087100232669983e-05,16,20,False,0.995,0.005,0.66,fixed,100,none,e7f9ddb3-8f5f-4b72-9bd9-db11716f47fd
115,11500,14.452866792678833,1.0,1.0,1.0,0.9960959999999999,0.0,0.0,0.0,0.0,0.0,0.0,0.0,0.0,0.0,0.0,0.0,0.0,0.0,0.0,0.002,0.998,0.051361239513094306,1880,0.00013876502531584646,3.140588718132448e-08,3.0381631160203243e-05,16,20,False,0.995,0.005,0.66,fixed,100,none,e7f9ddb3-8f5f-4b72-9bd9-db11716f47fd
116,11600,14.472443103790283,1.0,1.0,1.0,0.9960959999999999,0.0,0.0,0.0,0.0,0.0,0.0,0.0,0.0,0.0,0.0,0.0,0.0,0.0,0.0,0.002,0.998,0.051745274115365,1879,0.00013999770805407652,3.207954526910088e-08,3.0651593406638486e-05,16,20,False,0.995,0.005,0.66,fixed,100,none,e7f9ddb3-8f5f-4b72-9bd9-db11716f47fd
117,11700,14.49201488494873,1.0,1.0,1.0,0.9960959999999999,0.0,0.0,0.0,0.0,0.0,0.0,0.0,0.0,0.0,0.0,0.0,0.0,0.0,0.0,0.002,0.998,0.052128304705603576,1878,0.0001398174667128053,3.216395461501111e-08,3.061215461480993e-05,16,20,False,0.995,0.005,0.66,fixed,100,none,e7f9ddb3-8f5f-4b72-9bd9-db11716f47fd
118,11800,14.511465311050415,1.0,1.0,1.0,0.9960959999999999,0.0,0.0,0.0,0.0,0.0,0.0,0.0,0.0,0.0,0.0,0.0,0.0,0.0,0.0,0.002,0.998,0.052128304705603576,1878,0.00014082363570924486,3.2522688134749395e-08,3.08324731674993e-05,16,20,False,0.995,0.005,0.66,fixed,100,none,e7f9ddb3-8f5f-4b72-9bd9-db11716f47fd
119,11900,14.530661582946777,1.0,1.0,1.0,0.9960959999999999,0.0,0.0,0.0,0.0,0.0,0.0,0.0,0.0,0.0,0.0,0.0,0.0,0.0,0.0,0.002,0.998,0.05289135384998455,1876,0.0001400554754355932,3.255374989505562e-08,3.0664328785331415e-05,16,20,False,0.995,0.005,0.66,fixed,100,none,e7f9ddb3-8f5f-4b72-9bd9-db11716f47fd
120,12000,14.54988980293274,1.0,1.0,1.0,0.9960959999999999,0.0,0.0,0.0,0.0,0.0,0.0,0.0,0.0,0.0,0.0,0.0,0.0,0.0,0.0,0.002,0.998,0.05289135384998455,1876,0.000140598940426274,3.2712229861004205e-08,3.078332338298497e-05,16,20,False,0.995,0.005,0.66,fixed,100,none,e7f9ddb3-8f5f-4b72-9bd9-db11716f47fd
121,12100,14.568973064422607,1.0,1.0,1.0,0.9960959999999999,0.0,0.0,0.0,0.0,0.0,0.0,0.0,0.0,0.0,0.0,0.0,0.0,0.0,0.0,0.002,0.998,0.05289135384998455,1876,0.000140598940426274,3.2712229861004205e-08,3.078332338298497e-05,16,20,False,0.995,0.005,0.66,fixed,100,none,e7f9ddb3-8f5f-4b72-9bd9-db11716f47fd
122,12200,14.587752342224121,1.0,1.0,1.0,0.9960959999999999,0.0,0.0,0.0,0.0,0.0,0.0,0.0,0.0,0.0,0.0,0.0,0.0,0.0,0.0,0.002,0.998,0.05251033128381009,1877,0.00014043495890703217,3.242342316417951e-08,3.0747372955150536e-05,16,20,False,0.995,0.005,0.66,fixed,100,none,e7f9ddb3-8f5f-4b72-9bd9-db11716f47fd
123,12300,14.607964754104614,1.0,1.0,1.0,0.9960959999999999,0.0,0.0,0.0,0.0,0.0,0.0,0.0,0.0,0.0,0.0,0.0,0.0,0.0,0.0,0.002,0.998,0.052510331283810094,1877,0.00014162521732898742,3.31363472399359e-08,3.100805597929093e-05,16,20,False,0.995,0.005,0.66,fixed,100,none,e7f9ddb3-8f5f-4b72-9bd9-db11716f47fd
124,12400,14.62699007987976,1.0,1.0,1.0,0.9960959999999999,0.0,0.0,0.0,0.0,0.0,0.0,0.0,0.0,0.0,0.0,0.0,0.0,0.0,0.0,0.002,0.998,0.052510331283810094,1877,0.00014189179997424703,3.320849605614594e-08,3.106642462861334e-05,16,20,False,0.995,0.005,0.66,fixed,100,none,e7f9ddb3-8f5f-4b72-9bd9-db11716f47fd
125,12500,14.64570665359497,1.0,1.0,1.0,0.9960959999999999,0.0,0.0,0.0,0.0,0.0,0.0,0.0,0.0,0.0,0.0,0.0,0.0,0.0,0.0,0.002,0.998,0.05251033128381009,1877,0.00014237991052326997,3.3402049722752597e-08,3.117330880299112e-05,16,20,False,0.995,0.005,0.66,fixed,100,none,e7f9ddb3-8f5f-4b72-9bd9-db11716f47fd
126,12600,14.664335250854492,1.0,1.0,1.0,0.9960959999999999,0.0,0.0,0.0,0.0,0.0,0.0,0.0,0.0,0.0,0.0,0.0,0.0,0.0,0.0,0.002,0.998,0.05251033128381009,1877,0.0001425369035519463,3.3401780183188616e-08,3.120767452575585e-05,16,20,False,0.995,0.005,0.66,fixed,100,none,e7f9ddb3-8f5f-4b72-9bd9-db11716f47fd
127,12700,14.68301510810852,1.0,1.0,1.0,0.9960959999999999,0.0,0.0,0.0,0.0,0.0,0.0,0.0,0.0,0.0,0.0,0.0,0.0,0.0,0.0,0.002,0.998,0.052128304705603576,1878,0.00014300985845115701,3.340256833289263e-08,3.1311204502941523e-05,16,20,False,0.995,0.005,0.66,fixed,100,none,e7f9ddb3-8f5f-4b72-9bd9-db11716f47fd
128,12800,14.701653242111206,1.0,1.0,1.0,0.9960959999999999,0.0,0.0,0.0,0.0,0.0,0.0,0.0,0.0,0.0,0.0,0.0,0.0,0.0,0.0,0.002,0.998,0.051745274115364996,1879,0.00014357821275637553,3.355467914421279e-08,3.1435646161408e-05,16,20,False,0.995,0.005,0.66,fixed,100,none,e7f9ddb3-8f5f-4b72-9bd9-db11716f47fd
129,12900,14.720294713973999,1.0,1.0,1.0,0.9960959999999999,0.0,0.0,0.0,0.0,0.0,0.0,0.0,0.0,0.0,0.0,0.0,0.0,0.0,0.0,0.002,0.998,0.051745274115364996,1879,0.00014423390986556802,3.3996941787990364e-08,3.157926228851256e-05,16,20,False,0.995,0.005,0.66,fixed,100,none,e7f9ddb3-8f5f-4b72-9bd9-db11716f47fd
130,13000,14.740020036697388,1.0,1.0,1.0,0.9960959999999999,0.0,0.0,0.0,0.0,0.0,0.0,0.0,0.0,0.0,0.0,0.0,0.0,0.0,0.0,0.002,0.998,0.05251033128381009,1877,0.00014565633165874572,3.427090827125055e-08,3.1890682472670975e-05,16,20,False,0.995,0.005,0.66,fixed,100,none,e7f9ddb3-8f5f-4b72-9bd9-db11716f47fd
131,13100,14.758935689926147,1.0,1.0,1.0,0.9960959999999999,0.0,0.0,0.0,0.0,0.0,0.0,0.0,0.0,0.0,0.0,0.0,0.0,0.0,0.0,0.002,0.998,0.052128304705603576,1878,0.00014614366608310648,3.459759004206806e-08,3.19974220477e-05,16,20,False,0.995,0.005,0.66,fixed,100,none,e7f9ddb3-8f5f-4b72-9bd9-db11716f47fd
132,13200,14.778191328048706,1.0,1.0,1.0,0.9960959999999999,0.0,0.0,0.0,0.0,0.0,0.0,0.0,0.0,0.0,0.0,0.0,0.0,0.0,0.0,0.002,0.998,0.05251033128381009,1877,0.0001455712987540424,3.4484562672793664e-08,3.187210936416772e-05,16,20,False,0.995,0.005,0.66,fixed,100,none,e7f9ddb3-8f5f-4b72-9bd9-db11716f47fd
133,13300,14.797581672668457,1.0,1.0,1.0,0.9960959999999999,0.0,0.0,0.0,0.0,0.0,0.0,0.0,0.0,0.0,0.0,0.0,0.0,0.0,0.0,0.002,0.998,0.052128304705603576,1878,0.00014579529145569985,3.440082392777571e-08,3.192112545619897e-05,16,20,False,0.995,0.005,0.66,fixed,100,none,e7f9ddb3-8f5f-4b72-9bd9-db11716f47fd
134,13400,14.816949129104614,1.0,1.0,1.0,0.9960959999999999,0.0,0.0,0.0,0.0,0.0,0.0,0.0,0.0,0.0,0.0,0.0,0.0,0.0,0.0,0.002,0.998,0.05251033128381009,1877,0.000146894044483418,3.536137160652637e-08,3.216182499802544e-05,16,20,False,0.995,0.005,0.66,fixed,100,none,e7f9ddb3-8f5f-4b72-9bd9-db11716f47fd
135,13500,14.836364269256592,1.0,1.0,1.0,0.9960959999999999,0.0,0.0,0.0,0.0,0.0,0.0,0.0,0.0,0.0,0.0,0.0,0.0,0.0,0.0,0.002,0.998,0.05251033128381009,1877,0.00014724038342378662,3.562989507419634e-08,3.223768961153099e-05,16,20,False,0.995,0.005,0.66,fixed,100,none,e7f9ddb3-8f5f-4b72-9bd9-db11716f47fd
136,13600,14.856624126434326,1.0,1.0,1.0,0.9960959999999999,0.0,0.0,0.0,0.0,0.0,0.0,0.0,0.0,0.0,0.0,0.0,0.0,0.0,0.0,0.002,0.998,0.051745274115364996,1879,0.00014722527884960244,3.5469520276530123e-08,3.2234352749030517e-05,16,20,False,0.995,0.005,0.66,fixed,100,none,e7f9ddb3-8f5f-4b72-9bd9-db11716f47fd
137,13700,14.875834226608276,1.0,1.0,1.0,0.9960959999999999,0.0,0.0,0.0,0.0,0.0,0.0,0.0,0.0,0.0,0.0,0.0,0.0,0.0,0.0,0.002,0.998,0.052128304705603576,1878,0.0001478610322198552,3.598399398239081e-08,3.237361691178296e-05,16,20,False,0.995,0.005,0.66,fixed,100,none,e7f9ddb3-8f5f-4b72-9bd9-db11716f47fd
138,13800,14.895601749420166,1.0,1.0,1.0,0.9960959999999999,0.0,0.0,0.0,0.0,0.0,0.0,0.0,0.0,0.0,0.0,0.0,0.0,0.0,0.0,0.002,0.998,0.052128304705603576,1878,0.00014759064660782361,3.5954232246391065e-08,3.2314423846579405e-05,16,20,False,0.995,0.005,0.66,fixed,100,none,e7f9ddb3-8f5f-4b72-9bd9-db11716f47fd
139,13900,14.915031433105469,1.0,1.0,1.0,0.9960959999999999,0.0,0.0,0.0,0.0,0.0,0.0,0.0,0.0,0.0,0.0,0.0,0.0,0.0,0.0,0.002,0.998,0.052128304705603576,1878,0.00014847232891288033,3.6259675081877785e-08,3.2507482137295066e-05,16,20,False,0.995,0.005,0.66,fixed,100,none,e7f9ddb3-8f5f-4b72-9bd9-db11716f47fd
140,14000,14.934444189071655,1.0,1.0,1.0,0.9960959999999999,0.0,0.0,0.0,0.0,0.0,0.0,0.0,0.0,0.0,0.0,0.0,0.0,0.0,0.0,0.002,0.998,0.051745274115364996,1879,0.00014916979104001604,3.6547207746681565e-08,3.266021122813138e-05,16,20,False,0.995,0.005,0.66,fixed,100,none,e7f9ddb3-8f5f-4b72-9bd9-db11716f47fd
141,14100,14.953972101211548,1.0,1.0,1.0,0.9960959999999999,0.0,0.0,0.0,0.0,0.0,0.0,0.0,0.0,0.0,0.0,0.0,0.0,0.0,0.0,0.002,0.998,0.051745274115364996,1879,0.00015253509329391649,3.802704775752717e-08,3.339715706111225e-05,16,20,False,0.995,0.005,0.66,fixed,100,none,e7f9ddb3-8f5f-4b72-9bd9-db11716f47fd
142,14200,14.97341799736023,1.0,1.0,1.0,0.9960959999999999,0.0,0.0,0.0,0.0,0.0,0.0,0.0,0.0,0.0,0.0,0.0,0.0,0.0,0.0,0.002,0.998,0.051745274115364996,1879,0.00015250732601594728,3.833267850357975e-08,3.339113687380654e-05,16,20,False,0.995,0.005,0.66,fixed,100,none,e7f9ddb3-8f5f-4b72-9bd9-db11716f47fd
143,14300,14.992807149887085,1.0,1.0,1.0,0.9960959999999999,0.0,0.0,0.0,0.0,0.0,0.0,0.0,0.0,0.0,0.0,0.0,0.0,0.0,0.0,0.002,0.998,0.052128304705603576,1878,0.00015405175285547153,3.892833939416848e-08,3.372932508454761e-05,16,20,False,0.995,0.005,0.66,fixed,100,none,e7f9ddb3-8f5f-4b72-9bd9-db11716f47fd
144,14400,15.012216567993164,1.0,1.0,1.0,0.9960959999999999,0.0,0.0,0.0,0.0,0.0,0.0,0.0,0.0,0.0,0.0,0.0,0.0,0.0,0.0,0.002,0.998,0.051745274115364996,1879,0.00015526451698523943,3.951299502517494e-08,3.39949102371237e-05,16,20,False,0.995,0.005,0.66,fixed,100,none,e7f9ddb3-8f5f-4b72-9bd9-db11716f47fd
145,14500,15.031413316726685,1.0,1.0,1.0,0.9960959999999999,0.0,0.0,0.0,0.0,0.0,0.0,0.0,0.0,0.0,0.0,0.0,0.0,0.0,0.0,0.002,0.998,0.052128304705603576,1878,0.00015553526311494186,3.971748424950252e-08,3.405421541786818e-05,16,20,False,0.995,0.005,0.66,fixed,100,none,e7f9ddb3-8f5f-4b72-9bd9-db11716f47fd
146,14600,15.050430536270142,1.0,1.0,1.0,0.9960959999999999,0.0,0.0,0.0,0.0,0.0,0.0,0.0,0.0,0.0,0.0,0.0,0.0,0.0,0.0,0.002,0.998,0.05136123951309429,1880,0.00015522990210793666,3.971303244091911e-08,3.398737104759111e-05,16,20,False,0.995,0.005,0.66,fixed,100,none,e7f9ddb3-8f5f-4b72-9bd9-db11716f47fd
147,14700,15.069762945175171,1.0,1.0,1.0,0.9960959999999999,0.0,0.0,0.0,0.0,0.0,0.0,0.0,0.0,0.0,0.0,0.0,0.0,0.0,0.0,0.002,0.998,0.05136123951309429,1880,0.00015581298543025654,4.0111275306705395e-08,3.411508365299143e-05,16,20,False,0.995,0.005,0.66,fixed,100,none,e7f9ddb3-8f5f-4b72-9bd9-db11716f47fd
148,14800,15.088733673095703,1.0,1.0,1.0,0.9960959999999999,0.0,0.0,0.0,0.0,0.0,0.0,0.0,0.0,0.0,0.0,0.0,0.0,0.0,0.0,0.002,0.998,0.05136123951309429,1880,0.0001570509961249256,4.03077210089253e-08,3.438612151873791e-05,16,20,False,0.995,0.005,0.66,fixed,100,none,e7f9ddb3-8f5f-4b72-9bd9-db11716f47fd
149,14900,15.107795000076294,1.0,1.0,1.0,0.9960959999999999,0.0,0.0,0.0,0.0,0.0,0.0,0.0,0.0,0.0,0.0,0.0,0.0,0.0,0.0,0.002,0.998,0.05136123951309429,1880,0.0001571632539178946,4.0300778234588144e-08,3.4410693430491695e-05,16,20,False,0.995,0.005,0.66,fixed,100,none,e7f9ddb3-8f5f-4b72-9bd9-db11716f47fd
150,15000,15.132137537002563,1.0,1.0,1.0,0.9960959999999999,0.0,0.0,0.0,0.0,0.0,0.0,0.0,0.0,0.0,0.0,0.0,0.0,0.0,0.0,0.002,0.998,0.05136123951309429,1880,0.00015593935393586723,3.990559100837424e-08,3.414270663885293e-05,16,20,False,0.995,0.005,0.66,fixed,100,none,e7f9ddb3-8f5f-4b72-9bd9-db11716f47fd
151,15100,15.151086568832397,1.0,1.0,1.0,0.9960959999999999,0.0,0.0,0.0,0.0,0.0,0.0,0.0,0.0,0.0,0.0,0.0,0.0,0.0,0.0,0.002,0.998,0.05136123951309429,1880,0.00015663550761554651,4.0587895308039534e-08,3.429522431715166e-05,16,20,False,0.995,0.005,0.66,fixed,100,none,e7f9ddb3-8f5f-4b72-9bd9-db11716f47fd
152,15200,15.170010566711426,1.0,1.0,1.0,0.9960959999999999,0.0,0.0,0.0,0.0,0.0,0.0,0.0,0.0,0.0,0.0,0.0,0.0,0.0,0.0,0.002,0.998,0.05136123951309429,1880,0.00015743690219277928,4.09067815860508e-08,3.447071017850073e-05,16,20,False,0.995,0.005,0.66,fixed,100,none,e7f9ddb3-8f5f-4b72-9bd9-db11716f47fd
153,15300,15.189092874526978,1.0,1.0,1.0,0.9960959999999999,0.0,0.0,0.0,0.0,0.0,0.0,0.0,0.0,0.0,0.0,0.0,0.0,0.0,0.0,0.002,0.998,0.05136123951309429,1880,0.00015838717215339203,4.136874951355345e-08,3.467881204678509e-05,16,20,False,0.995,0.005,0.66,fixed,100,none,e7f9ddb3-8f5f-4b72-9bd9-db11716f47fd
154,15400,15.208061695098877,1.0,1.0,1.0,0.9960959999999999,0.0,0.0,0.0,0.0,0.0,0.0,0.0,0.0,0.0,0.0,0.0,0.0,0.0,0.0,0.002,0.998,0.05136123951309429,1880,0.0001587872118257987,4.153771177824751e-08,3.47664128339052e-05,16,20,False,0.995,0.005,0.66,fixed,100,none,e7f9ddb3-8f5f-4b72-9bd9-db11716f47fd
155,15500,15.22703742980957,1.0,1.0,1.0,0.9960959999999999,0.0,0.0,0.0,0.0,0.0,0.0,0.0,0.0,0.0,0.0,0.0,0.0,0.0,0.0,0.002,0.998,0.05136123951309429,1880,0.0001586850786815721,4.150839664649947e-08,3.474405031875897e-05,16,20,False,0.995,0.005,0.66,fixed,100,none,e7f9ddb3-8f5f-4b72-9bd9-db11716f47fd
156,15600,15.24611210823059,1.0,1.0,1.0,0.9960959999999999,0.0,0.0,0.0,0.0,0.0,0.0,0.0,0.0,0.0,0.0,0.0,0.0,0.0,0.0,0.002,0.998,0.0513612395130943,1880,0.0001584237433082879,4.158394196922435e-08,3.4686858359158375e-05,16,20,False,0.995,0.005,0.66,fixed,100,none,e7f9ddb3-8f5f-4b72-9bd9-db11716f47fd
157,15700,15.265288829803467,1.0,1.0,1.0,0.9960959999999999,0.0,0.0,0.0,0.0,0.0,0.0,0.0,0.0,0.0,0.0,0.0,0.0,0.0,0.0,0.002,0.998,0.0513612395130943,1880,0.00015818002932615222,4.149350475733258e-08,3.463349218539862e-05,16,20,False,0.995,0.005,0.66,fixed,100,none,e7f9ddb3-8f5f-4b72-9bd9-db11716f47fd
158,15800,15.284492015838623,1.0,1.0,1.0,0.9960959999999999,0.0,0.0,0.0,0.0,0.0,0.0,0.0,0.0,0.0,0.0,0.0,0.0,0.0,0.0,0.002,0.998,0.0513612395130943,1880,0.0001589346927484512,4.177366450470617e-08,3.479874123889186e-05,16,20,False,0.995,0.005,0.66,fixed,100,none,e7f9ddb3-8f5f-4b72-9bd9-db11716f47fd
159,15900,15.303598403930664,1.0,1.0,1.0,0.9960959999999999,0.0,0.0,0.0,0.0,0.0,0.0,0.0,0.0,0.0,0.0,0.0,0.0,0.0,0.0,0.002,0.998,0.0513612395130943,1880,0.00015705325646563347,4.1337443260793676e-08,3.438681195454672e-05,16,20,False,0.995,0.005,0.66,fixed,100,none,e7f9ddb3-8f5f-4b72-9bd9-db11716f47fd
160,16000,15.322697162628174,1.0,1.0,1.0,0.9960959999999999,0.0,0.0,0.0,0.0,0.0,0.0,0.0,0.0,0.0,0.0,0.0,0.0,0.0,0.0,0.002,0.998,0.0513612395130943,1880,0.00015772615950424462,4.150627489276423e-08,3.453414250770878e-05,16,20,False,0.995,0.005,0.66,fixed,100,none,e7f9ddb3-8f5f-4b72-9bd9-db11716f47fd
161,16100,15.34188461303711,1.0,1.0,1.0,0.9960959999999999,0.0,0.0,0.0,0.0,0.0,0.0,0.0,0.0,0.0,0.0,0.0,0.0,0.0,0.0,0.002,0.998,0.0513612395130943,1880,0.0001586190275536822,4.190235914490079e-08,3.472966657973857e-05,16,20,False,0.995,0.005,0.66,fixed,100,none,e7f9ddb3-8f5f-4b72-9bd9-db11716f47fd
162,16200,15.363348722457886,1.0,1.0,1.0,0.9960959999999999,0.0,0.0,0.0,0.0,0.0,0.0,0.0,0.0,0.0,0.0,0.0,0.0,0.0,0.0,0.002,0.998,0.051745274115364996,1879,0.0001582815440206546,4.203027880381067e-08,3.465581573909402e-05,16,20,False,0.995,0.005,0.66,fixed,100,none,e7f9ddb3-8f5f-4b72-9bd9-db11716f47fd
163,16300,15.383222103118896,1.0,1.0,1.0,0.9960959999999999,0.0,0.0,0.0,0.0,0.0,0.0,0.0,0.0,0.0,0.0,0.0,0.0,0.0,0.0,0.002,0.998,0.0513612395130943,1880,0.00015865589205457195,4.223709662861461e-08,3.4737799819105236e-05,16,20,False,0.995,0.005,0.66,fixed,100,none,e7f9ddb3-8f5f-4b72-9bd9-db11716f47fd
164,16400,15.402497291564941,1.0,1.0,1.0,0.9960959999999999,0.0,0.0,0.0,0.0,0.0,0.0,0.0,0.0,0.0,0.0,0.0,0.0,0.0,0.0,0.002,0.998,0.0513612395130943,1880,0.00015832764551642516,4.215337868551785e-08,3.466593074549572e-05,16,20,False,0.995,0.005,0.66,fixed,100,none,e7f9ddb3-8f5f-4b72-9bd9-db11716f47fd
165,16500,15.421668291091919,1.0,1.0,1.0,0.9960959999999999,0.0,0.0,0.0,0.0,0.0,0.0,0.0,0.0,0.0,0.0,0.0,0.0,0.0,0.0,0.002,0.998,0.051745274115364996,1879,0.00015936208446290067,4.2382185607980005e-08,3.4892412904194475e-05,16,20,False,0.995,0.005,0.66,fixed,100,none,e7f9ddb3-8f5f-4b72-9bd9-db11716f47fd
166,16600,15.440922021865845,1.0,1.0,1.0,0.9960959999999999,0.0,0.0,0.0,0.0,0.0,0.0,0.0,0.0,0.0,0.0,0.0,0.0,0.0,0.0,0.002,0.998,0.0513612395130943,1880,0.00016041113628502868,4.2784157748135036e-08,3.5122126722764925e-05,16,20,False,0.995,0.005,0.66,fixed,100,none,e7f9ddb3-8f5f-4b72-9bd9-db11716f47fd
167,16700,15.460113048553467,1.0,1.0,1.0,0.9960959999999999,0.0,0.0,0.0,0.0,0.0,0.0,0.0,0.0,0.0,0.0,0.0,0.0,0.0,0.0,0.002,0.998,0.051745274115364996,1879,0.00016205766629094474,4.308031126749296e-08,3.548260841022863e-05,16,20,False,0.995,0.005,0.66,fixed,100,none,e7f9ddb3-8f5f-4b72-9bd9-db11716f47fd
168,16800,15.479424238204956,1.0,1.0,1.0,0.9960959999999999,0.0,0.0,0.0,0.0,0.0,0.0,0.0,0.0,0.0,0.0,0.0,0.0,0.0,0.0,0.002,0.998,0.051745274115364996,1879,0.0001619236549737249,4.314350059583468e-08,3.5453285338861596e-05,16,20,False,0.995,0.005,0.66,fixed,100,none,e7f9ddb3-8f5f-4b72-9bd9-db11716f47fd
169,16900,15.498664140701294,1.0,1.0,1.0,0.9960959999999999,0.0,0.0,0.0,0.0,0.0,0.0,0.0,0.0,0.0,0.0,0.0,0.0,0.0,0.0,0.002,0.998,0.051745274115364996,1879,0.00016098529178756662,4.272487089294347e-08,3.5247798097768e-05,16,20,False,0.995,0.005,0.66,fixed,100,none,e7f9ddb3-8f5f-4b72-9bd9-db11716f47fd
170,17000,15.517934083938599,1.0,1.0,1.0,0.9960959999999999,0.0,0.0,0.0,0.0,0.0,0.0,0.0,0.0,0.0,0.0,0.0,0.0,0.0,0.0,0.002,0.998,0.0513612395130943,1880,0.00016113109726883907,4.2851165732692903e-08,3.5279738913638086e-05,16,20,False,0.995,0.005,0.66,fixed,100,none,e7f9ddb3-8f5f-4b72-9bd9-db11716f47fd
171,17100,15.537042140960693,1.0,1.0,1.0,0.9960959999999999,0.0,0.0,0.0,0.0,0.0,0.0,0.0,0.0,0.0,0.0,0.0,0.0,0.0,0.0,0.002,0.998,0.0513612395130943,1880,0.00016119671990621817,4.262078063470189e-08,3.5294059935791754e-05,16,20,False,0.995,0.005,0.66,fixed,100,none,e7f9ddb3-8f5f-4b72-9bd9-db11716f47fd
172,17200,15.555750131607056,1.0,1.0,1.0,0.9960959999999999,0.0,0.0,0.0,0.0,0.0,0.0,0.0,0.0,0.0,0.0,0.0,0.0,0.0,0.0,0.002,0.998,0.052128304705603576,1878,0.00016269916594666923,4.323710790516585e-08,3.562306247622787e-05,16,20,False,0.995,0.005,0.66,fixed,100,none,e7f9ddb3-8f5f-4b72-9bd9-db11716f47fd
173,17300,15.57441782951355,1.0,1.0,1.0,0.9960959999999999,0.0,0.0,0.0,0.0,0.0,0.0,0.0,0.0,0.0,0.0,0.0,0.0,0.0,0.0,0.002,0.998,0.05251033128381009,1877,0.00016261906092073723,4.3552088131274285e-08,3.5605587332294326e-05,16,20,False,0.995,0.005,0.66,fixed,100,none,e7f9ddb3-8f5f-4b72-9bd9-db11716f47fd
174,17400,15.594078779220581,1.0,1.0,1.0,0.9960959999999999,0.0,0.0,0.0,0.0,0.0,0.0,0.0,0.0,0.0,0.0,0.0,0.0,0.0,0.0,0.002,0.998,0.052128304705603576,1878,0.000162761030993954,4.3801055003244855e-08,3.5636711885027146e-05,16,20,False,0.995,0.005,0.66,fixed,100,none,e7f9ddb3-8f5f-4b72-9bd9-db11716f47fd
175,17500,15.612915515899658,1.0,1.0,1.0,0.9960959999999999,0.0,0.0,0.0,0.0,0.0,0.0,0.0,0.0,0.0,0.0,0.0,0.0,0.0,0.0,0.002,0.998,0.05251033128381009,1877,0.0001627328371615718,4.355220179460859e-08,3.563049297300905e-05,16,20,False,0.995,0.005,0.66,fixed,100,none,e7f9ddb3-8f5f-4b72-9bd9-db11716f47fd
176,17600,15.631522178649902,1.0,1.0,1.0,0.9960959999999999,0.0,0.0,0.0,0.0,0.0,0.0,0.0,0.0,0.0,0.0,0.0,0.0,0.0,0.0,0.002,0.998,0.052128304705603576,1878,0.00016307106949218827,4.3746638946340855e-08,3.570456897323982e-05,16,20,False,0.995,0.005,0.66,fixed,100,none,e7f9ddb3-8f5f-4b72-9bd9-db11716f47fd
177,17700,15.650146961212158,1.0,1.0,1.0,0.9960959999999999,0.0,0.0,0.0,0.0,0.0,0.0,0.0,0.0,0.0,0.0,0.0,0.0,0.0,0.0,0.002,0.998,0.052510331283810094,1877,0.00016321306795651753,4.366144483634082e-08,3.573563625020059e-05,16,20,False,0.995,0.005,0.66,fixed,100,none,e7f9ddb3-8f5f-4b72-9bd9-db11716f47fd
178,17800,15.66869306564331,1.0,1.0,1.0,0.9960959999999999,0.0,0.0,0.0,0.0,0.0,0.0,0.0,0.0,0.0,0.0,0.0,0.0,0.0,0.0,0.002,0.998,0.052128304705603576,1878,0.00016377947180356672,4.3952031538738526e-08,3.585967726379311e-05,16,20,False,0.995,0.005,0.66,fixed,100,none,e7f9ddb3-8f5f-4b72-9bd9-db11716f47fd
179,17900,15.687500238418579,1.0,1.0,1.0,0.9960959999999999,0.0,0.0,0.0,0.0,0.0,0.0,0.0,0.0,0.0,0.0,0.0,0.0,0.0,0.0,0.002,0.998,0.052128304705603576,1878,0.00016458723129401926,4.441890468141106e-08,3.6036584522150285e-05,16,20,False,0.995,0.005,0.66,fixed,100,none,e7f9ddb3-8f5f-4b72-9bd9-db11716f47fd
180,18000,15.706174373626709,1.0,1.0,1.0,0.9960959999999999,0.0,0.0,0.0,0.0,0.0,0.0,0.0,0.0,0.0,0.0,0.0,0.0,0.0,0.0,0.002,0.998,0.051745274115365,1879,0.0001646064792591807,4.436306472297422e-08,3.604078729213203e-05,16,20,False,0.995,0.005,0.66,fixed,100,none,e7f9ddb3-8f5f-4b72-9bd9-db11716f47fd
181,18100,15.724838733673096,1.0,1.0,1.0,0.9960959999999999,0.0,0.0,0.0,0.0,0.0,0.0,0.0,0.0,0.0,0.0,0.0,0.0,0.0,0.0,0.002,0.998,0.051745274115365,1879,0.00016539436704372606,4.4814131508442246e-08,3.621334163085824e-05,16,20,False,0.995,0.005,0.66,fixed,100,none,e7f9ddb3-8f5f-4b72-9bd9-db11716f47fd
182,18200,15.74341607093811,1.0,1.0,1.0,0.9960959999999999,0.0,0.0,0.0,0.0,0.0,0.0,0.0,0.0,0.0,0.0,0.0,0.0,0.0,0.0,0.002,0.998,0.051745274115365,1879,0.00016532282516238064,4.492650936603714e-08,3.619770246482468e-05,16,20,False,0.995,0.005,0.66,fixed,100,none,e7f9ddb3-8f5f-4b72-9bd9-db11716f47fd
183,18300,15.762026309967041,1.0,1.0,1.0,0.9960959999999999,0.0,0.0,0.0,0.0,0.0,0.0,0.0,0.0,0.0,0.0,0.0,0.0,0.0,0.0,0.002,0.998,0.051745274115365,1879,0.00016532282516238064,4.492650936603714e-08,3.619770246482468e-05,16,20,False,0.995,0.005,0.66,fixed,100,none,e7f9ddb3-8f5f-4b72-9bd9-db11716f47fd
184,18400,15.780981302261353,1.0,1.0,1.0,0.9960959999999999,0.0,0.0,0.0,0.0,0.0,0.0,0.0,0.0,0.0,0.0,0.0,0.0,0.0,0.0,0.002,0.998,0.051745274115365,1879,0.000165876375940428,4.4524938522142545e-08,3.63187984316789e-05,16,20,False,0.995,0.005,0.66,fixed,100,none,e7f9ddb3-8f5f-4b72-9bd9-db11716f47fd
185,18500,15.799607038497925,1.0,1.0,1.0,0.9960959999999999,0.0,0.0,0.0,0.0,0.0,0.0,0.0,0.0,0.0,0.0,0.0,0.0,0.0,0.0,0.002,0.998,0.051745274115364996,1879,0.0001678967535805076,4.515278295718478e-08,3.676117838753498e-05,16,20,False,0.995,0.005,0.66,fixed,100,none,e7f9ddb3-8f5f-4b72-9bd9-db11716f47fd
186,18600,15.81868577003479,1.0,1.0,1.0,0.9960959999999999,0.0,0.0,0.0,0.0,0.0,0.0,0.0,0.0,0.0,0.0,0.0,0.0,0.0,0.0,0.002,0.998,0.051745274115364996,1879,0.0001685746469017028,4.541227809227024e-08,3.690961853962028e-05,16,20,False,0.995,0.005,0.66,fixed,100,none,e7f9ddb3-8f5f-4b72-9bd9-db11716f47fd
187,18700,15.837438106536865,1.0,1.0,1.0,0.9960959999999999,0.0,0.0,0.0,0.0,0.0,0.0,0.0,0.0,0.0,0.0,0.0,0.0,0.0,0.0,0.002,0.998,0.051745274115364996,1879,0.00017002337921096183,4.5892575101069274e-08,3.722683729854875e-05,16,20,False,0.995,0.005,0.66,fixed,100,none,e7f9ddb3-8f5f-4b72-9bd9-db11716f47fd
188,18800,15.856218338012695,1.0,1.0,1.0,0.9960959999999999,0.0,0.0,0.0,0.0,0.0,0.0,0.0,0.0,0.0,0.0,0.0,0.0,0.0,0.0,0.002,0.998,0.051745274115364996,1879,0.00017014739424717144,4.605799906508876e-08,3.72540156205282e-05,16,20,False,0.995,0.005,0.66,fixed,100,none,e7f9ddb3-8f5f-4b72-9bd9-db11716f47fd
189,18900,15.875045776367188,1.0,1.0,1.0,0.9960959999999999,0.0,0.0,0.0,0.0,0.0,0.0,0.0,0.0,0.0,0.0,0.0,0.0,0.0,0.0,0.002,0.998,0.051745274115364996,1879,0.00016960811564094505,4.5778451506277174e-08,3.713591441958907e-05,16,20,False,0.995,0.005,0.66,fixed,100,none,e7f9ddb3-8f5f-4b72-9bd9-db11716f47fd
190,19000,15.89380669593811,1.0,1.0,1.0,0.9960959999999999,0.0,0.0,0.0,0.0,0.0,0.0,0.0,0.0,0.0,0.0,0.0,0.0,0.0,0.0,0.002,0.998,0.051745274115364996,1879,0.00017030675923780452,4.582519224019172e-08,3.728885638368105e-05,16,20,False,0.995,0.005,0.66,fixed,100,none,e7f9ddb3-8f5f-4b72-9bd9-db11716f47fd
191,19100,15.912657499313354,1.0,1.0,1.0,0.9960959999999999,0.0,0.0,0.0,0.0,0.0,0.0,0.0,0.0,0.0,0.0,0.0,0.0,0.0,0.0,0.002,0.998,0.051745274115364996,1879,0.00017158617810514572,4.618216486776178e-08,3.7568988998541276e-05,16,20,False,0.995,0.005,0.66,fixed,100,none,e7f9ddb3-8f5f-4b72-9bd9-db11716f47fd
192,19200,15.931614875793457,1.0,1.0,1.0,0.9960959999999999,0.0,0.0,0.0,0.0,0.0,0.0,0.0,0.0,0.0,0.0,0.0,0.0,0.0,0.0,0.002,0.998,0.051745274115364996,1879,0.0001720777152926687,4.647823179518511e-08,3.7676642741606266e-05,16,20,False,0.995,0.005,0.66,fixed,100,none,e7f9ddb3-8f5f-4b72-9bd9-db11716f47fd
193,19300,15.950792074203491,1.0,1.0,1.0,0.9960959999999999,0.0,0.0,0.0,0.0,0.0,0.0,0.0,0.0,0.0,0.0,0.0,0.0,0.0,0.0,0.002,0.998,0.05212830470560358,1878,0.00017158747061682978,4.618213594198465e-08,3.756927192385302e-05,16,20,False,0.995,0.005,0.66,fixed,100,none,e7f9ddb3-8f5f-4b72-9bd9-db11716f47fd
194,19400,15.969770908355713,1.0,1.0,1.0,0.9960959999999999,0.0,0.0,0.0,0.0,0.0,0.0,0.0,0.0,0.0,0.0,0.0,0.0,0.0,0.0,0.002,0.998,0.05212830470560358,1878,0.00017317423723555065,4.697448339422986e-08,3.791676568270694e-05,16,20,False,0.995,0.005,0.66,fixed,100,none,e7f9ddb3-8f5f-4b72-9bd9-db11716f47fd
195,19500,15.988795280456543,1.0,1.0,1.0,0.9960959999999999,0.0,0.0,0.0,0.0,0.0,0.0,0.0,0.0,0.0,0.0,0.0,0.0,0.0,0.0,0.002,0.998,0.05212830470560358,1878,0.0001736825148324095,4.724822944861231e-08,3.802807966040967e-05,16,20,False,0.995,0.005,0.66,fixed,100,none,e7f9ddb3-8f5f-4b72-9bd9-db11716f47fd
196,19600,16.007738828659058,1.0,1.0,1.0,0.9960959999999999,0.0,0.0,0.0,0.0,0.0,0.0,0.0,0.0,0.0,0.0,0.0,0.0,0.0,0.0,0.002,0.998,0.051745274115364996,1879,0.0001742885576870695,4.762106640136603e-08,3.8160813280315774e-05,16,20,False,0.995,0.005,0.66,fixed,100,none,e7f9ddb3-8f5f-4b72-9bd9-db11716f47fd
197,19700,16.026978731155396,1.0,1.0,1.0,0.9960959999999999,0.0,0.0,0.0,0.0,0.0,0.0,0.0,0.0,0.0,0.0,0.0,0.0,0.0,0.0,0.002,0.998,0.051745274115364996,1879,0.0001740172132984294,4.7712793496723455e-08,3.810143342179057e-05,16,20,False,0.995,0.005,0.66,fixed,100,none,e7f9ddb3-8f5f-4b72-9bd9-db11716f47fd
198,19800,16.04633140563965,1.0,1.0,1.0,0.9960959999999999,0.0,0.0,0.0,0.0,0.0,0.0,0.0,0.0,0.0,0.0,0.0,0.0,0.0,0.0,0.002,0.998,0.052128304705603576,1878,0.00017336571257709074,4.791684348097045e-08,3.7958858683386546e-05,16,20,False,0.995,0.005,0.66,fixed,100,none,e7f9ddb3-8f5f-4b72-9bd9-db11716f47fd
199,19900,16.06559658050537,1.0,1.0,1.0,0.9960959999999999,0.0,0.0,0.0,0.0,0.0,0.0,0.0,0.0,0.0,0.0,0.0,0.0,0.0,0.0,0.002,0.998,0.052128304705603576,1878,0.00017482500732021172,4.8804643379053135e-08,3.827846698463637e-05,16,20,False,0.995,0.005,0.66,fixed,100,none,e7f9ddb3-8f5f-4b72-9bd9-db11716f47fd
200,20000,16.084826469421387,1.0,1.0,1.0,0.9960959999999999,0.0,0.0,0.0,0.0,0.0,0.0,0.0,0.0,0.0,0.0,0.0,0.0,0.0,0.0,0.002,0.998,0.052128304705603576,1878,0.00017504365272208298,4.90949397752241e-08,3.832638361942126e-05,16,20,False,0.995,0.005,0.66,fixed,100,none,e7f9ddb3-8f5f-4b72-9bd9-db11716f47fd
201,20100,16.104077339172363,1.0,1.0,1.0,0.9960959999999999,0.0,0.0,0.0,0.0,0.0,0.0,0.0,0.0,0.0,0.0,0.0,0.0,0.0,0.0,0.002,0.998,0.052128304705603576,1878,0.00017554998588793596,4.9371360028055883e-08,3.843727246927451e-05,16,20,False,0.995,0.005,0.66,fixed,100,none,e7f9ddb3-8f5f-4b72-9bd9-db11716f47fd
202,20200,16.12346076965332,1.0,1.0,1.0,0.9960959999999999,0.0,0.0,0.0,0.0,0.0,0.0,0.0,0.0,0.0,0.0,0.0,0.0,0.0,0.0,0.002,0.998,0.052128304705603576,1878,0.0001765318895764949,4.972718729043498e-08,3.865227879387992e-05,16,20,False,0.995,0.005,0.66,fixed,100,none,e7f9ddb3-8f5f-4b72-9bd9-db11716f47fd
203,20300,16.142794609069824,1.0,1.0,1.0,0.9960959999999999,0.0,0.0,0.0,0.0,0.0,0.0,0.0,0.0,0.0,0.0,0.0,0.0,0.0,0.0,0.002,0.998,0.052128304705603576,1878,0.00017643266746478897,4.9767814010220676e-08,3.863056679270425e-05,16,20,False,0.995,0.005,0.66,fixed,100,none,e7f9ddb3-8f5f-4b72-9bd9-db11716f47fd
204,20400,16.16215205192566,1.0,1.0,1.0,0.9960959999999999,0.0,0.0,0.0,0.0,0.0,0.0,0.0,0.0,0.0,0.0,0.0,0.0,0.0,0.0,0.002,0.998,0.052128304705603576,1878,0.00017581295336253935,4.945803178914178e-08,3.84948525170998e-05,16,20,False,0.995,0.005,0.66,fixed,100,none,e7f9ddb3-8f5f-4b72-9bd9-db11716f47fd
205,20500,16.181434631347656,1.0,1.0,1.0,0.9960959999999999,0.0,0.0,0.0,0.0,0.0,0.0,0.0,0.0,0.0,0.0,0.0,0.0,0.0,0.0,0.002,0.998,0.052128304705603576,1878,0.000175145954617165,4.9368586894407795e-08,3.834882949720736e-05,16,20,False,0.995,0.005,0.66,fixed,100,none,e7f9ddb3-8f5f-4b72-9bd9-db11716f47fd
206,20600,16.20076274871826,1.0,1.0,1.0,0.9960959999999999,0.0,0.0,0.0,0.0,0.0,0.0,0.0,0.0,0.0,0.0,0.0,0.0,0.0,0.0,0.002,0.998,0.052128304705603576,1878,0.00017575764853435105,5.0162745445923644e-08,3.8482880185804174e-05,16,20,False,0.995,0.005,0.66,fixed,100,none,e7f9ddb3-8f5f-4b72-9bd9-db11716f47fd
207,20700,16.22005605697632,1.0,1.0,1.0,0.9960959999999999,0.0,0.0,0.0,0.0,0.0,0.0,0.0,0.0,0.0,0.0,0.0,0.0,0.0,0.0,0.002,0.998,0.052128304705603576,1878,0.0001763185368900961,5.059051230945414e-08,3.8605739922580834e-05,16,20,False,0.995,0.005,0.66,fixed,100,none,e7f9ddb3-8f5f-4b72-9bd9-db11716f47fd
208,20800,16.239487886428833,1.0,1.0,1.0,0.9960959999999999,0.0,0.0,0.0,0.0,0.0,0.0,0.0,0.0,0.0,0.0,0.0,0.0,0.0,0.0,0.002,0.998,0.052128304705603576,1878,0.00017685562443209516,5.114719311973651e-08,3.872341415487838e-05,16,20,False,0.995,0.005,0.66,fixed,100,none,e7f9ddb3-8f5f-4b72-9bd9-db11716f47fd
209,20900,16.258816480636597,1.0,1.0,1.0,0.9960959999999999,0.0,0.0,0.0,0.0,0.0,0.0,0.0,0.0,0.0,0.0,0.0,0.0,0.0,0.0,0.002,0.998,0.052128304705603576,1878,0.00017738835764889192,5.137020631761917e-08,3.884007182854279e-05,16,20,False,0.995,0.005,0.66,fixed,100,none,e7f9ddb3-8f5f-4b72-9bd9-db11716f47fd
210,21000,16.278085708618164,1.0,1.0,1.0,0.9960959999999999,0.0,0.0,0.0,0.0,0.0,0.0,0.0,0.0,0.0,0.0,0.0,0.0,0.0,0.0,0.002,0.998,0.052128304705603576,1878,0.00017855724401310812,5.206380757584807e-08,3.909607283790878e-05,16,20,False,0.995,0.005,0.66,fixed,100,none,e7f9ddb3-8f5f-4b72-9bd9-db11716f47fd
211,21100,16.297394514083862,1.0,1.0,1.0,0.9960959999999999,0.0,0.0,0.0,0.0,0.0,0.0,0.0,0.0,0.0,0.0,0.0,0.0,0.0,0.0,0.002,0.998,0.052128304705603576,1878,0.0001788760814638639,5.2110377243105833e-08,3.9165875204116e-05,16,20,False,0.995,0.005,0.66,fixed,100,none,e7f9ddb3-8f5f-4b72-9bd9-db11716f47fd
212,21200,16.316670417785645,1.0,1.0,1.0,0.9960959999999999,0.0,0.0,0.0,0.0,0.0,0.0,0.0,0.0,0.0,0.0,0.0,0.0,0.0,0.0,0.002,0.998,0.052128304705603576,1878,0.00017960921898857695,5.271634868510475e-08,3.9326474142849666e-05,16,20,False,0.995,0.005,0.66,fixed,100,none,e7f9ddb3-8f5f-4b72-9bd9-db11716f47fd
213,21300,16.335904359817505,1.0,1.0,1.0,0.9960959999999999,0.0,0.0,0.0,0.0,0.0,0.0,0.0,0.0,0.0,0.0,0.0,0.0,0.0,0.0,0.002,0.998,0.052128304705603576,1878,0.00018078280481558957,5.287359154669996e-08,3.958340195652643e-05,16,20,False,0.995,0.005,0.66,fixed,100,none,e7f9ddb3-8f5f-4b72-9bd9-db11716f47fd
214,21400,16.355056524276733,1.0,1.0,1.0,0.9960959999999999,0.0,0.0,0.0,0.0,0.0,0.0,0.0,0.0,0.0,0.0,0.0,0.0,0.0,0.0,0.002,0.998,0.052128304705603576,1878,0.00018185960283667612,5.364431916172256e-08,3.9819259481589135e-05,16,20,False,0.995,0.005,0.66,fixed,100,none,e7f9ddb3-8f5f-4b72-9bd9-db11716f47fd
215,21500,16.374507904052734,1.0,1.0,1.0,0.9960959999999999,0.0,0.0,0.0,0.0,0.0,0.0,0.0,0.0,0.0,0.0,0.0,0.0,0.0,0.0,0.002,0.998,0.052128304705603576,1878,0.00018185960283667612,5.364431916172256e-08,3.9819259481589135e-05,16,20,False,0.995,0.005,0.66,fixed,100,none,e7f9ddb3-8f5f-4b72-9bd9-db11716f47fd
216,21600,16.39366841316223,1.0,1.0,1.0,0.9960959999999999,0.0,0.0,0.0,0.0,0.0,0.0,0.0,0.0,0.0,0.0,0.0,0.0,0.0,0.0,0.002,0.998,0.052128304705603576,1878,0.0001818553560000127,5.370435550703193e-08,3.9818341255949115e-05,16,20,False,0.995,0.005,0.66,fixed,100,none,e7f9ddb3-8f5f-4b72-9bd9-db11716f47fd
217,21700,16.41289782524109,1.0,1.0,1.0,0.9960959999999999,0.0,0.0,0.0,0.0,0.0,0.0,0.0,0.0,0.0,0.0,0.0,0.0,0.0,0.0,0.002,0.998,0.052128304705603576,1878,0.00018179693338743399,5.387275460673998e-08,3.9805584541884585e-05,16,20,False,0.995,0.005,0.66,fixed,100,none,e7f9ddb3-8f5f-4b72-9bd9-db11716f47fd
218,21800,16.431873321533203,1.0,1.0,1.0,0.9960959999999999,0.0,0.0,0.0,0.0,0.0,0.0,0.0,0.0,0.0,0.0,0.0,0.0,0.0,0.0,0.002,0.998,0.051745274115364996,1879,0.00018320211645167826,5.478891781856046e-08,4.01133531856579e-05,16,20,False,0.995,0.005,0.66,fixed,100,none,e7f9ddb3-8f5f-4b72-9bd9-db11716f47fd
219,21900,16.45077085494995,1.0,1.0,1.0,0.9960959999999999,0.0,0.0,0.0,0.0,0.0,0.0,0.0,0.0,0.0,0.0,0.0,0.0,0.0,0.0,0.002,0.998,0.052128304705603576,1878,0.0001837448371220569,5.503275767986075e-08,4.023220106997743e-05,16,20,False,0.995,0.005,0.66,fixed,100,none,e7f9ddb3-8f5f-4b72-9bd9-db11716f47fd
220,22000,16.469799280166626,1.0,1.0,1.0,0.9960959999999999,0.0,0.0,0.0,0.0,0.0,0.0,0.0,0.0,0.0,0.0,0.0,0.0,0.0,0.0,0.002,0.998,0.052128304705603576,1878,0.00018465601703507772,5.5301778108696055e-08,4.043170946681917e-05,16,20,False,0.995,0.005,0.66,fixed,100,none,e7f9ddb3-8f5f-4b72-9bd9-db11716f47fd
221,22100,16.488811254501343,1.0,1.0,1.0,0.9960959999999999,0.0,0.0,0.0,0.0,0.0,0.0,0.0,0.0,0.0,0.0,0.0,0.0,0.0,0.0,0.002,0.998,0.052128304705603576,1878,0.00018465984530919007,5.540876405859669e-08,4.043256780335284e-05,16,20,False,0.995,0.005,0.66,fixed,100,none,e7f9ddb3-8f5f-4b72-9bd9-db11716f47fd
222,22200,16.507890701293945,1.0,1.0,1.0,0.9960959999999999,0.0,0.0,0.0,0.0,0.0,0.0,0.0,0.0,0.0,0.0,0.0,0.0,0.0,0.0,0.002,0.998,0.052128304705603576,1878,0.00018447958182762558,5.548410119582906e-08,4.0393122441294446e-05,16,20,False,0.995,0.005,0.66,fixed,100,none,e7f9ddb3-8f5f-4b72-9bd9-db11716f47fd
223,22300,16.526838779449463,1.0,1.0,1.0,0.9960959999999999,0.0,0.0,0.0,0.0,0.0,0.0,0.0,0.0,0.0,0.0,0.0,0.0,0.0,0.0,0.002,0.998,0.052128304705603576,1878,0.0001827724010818796,5.531547105241171e-08,4.0019388536323406e-05,16,20,False,0.995,0.005,0.66,fixed,100,none,e7f9ddb3-8f5f-4b72-9bd9-db11716f47fd
224,22400,16.545583724975586,1.0,1.0,1.0,0.9960959999999999,0.0,0.0,0.0,0.0,0.0,0.0,0.0,0.0,0.0,0.0,0.0,0.0,0.0,0.0,0.002,0.998,0.052128304705603576,1878,0.00018366174169532116,5.6094170218169675e-08,4.0214213149447255e-05,16,20,False,0.995,0.005,0.66,fixed,100,none,e7f9ddb3-8f5f-4b72-9bd9-db11716f47fd
225,22500,16.56459879875183,1.0,1.0,1.0,0.9960959999999999,0.0,0.0,0.0,0.0,0.0,0.0,0.0,0.0,0.0,0.0,0.0,0.0,0.0,0.0,0.002,0.998,0.052128304705603576,1878,0.0001837408561850223,5.632807730108446e-08,4.023157575358859e-05,16,20,False,0.995,0.005,0.66,fixed,100,none,e7f9ddb3-8f5f-4b72-9bd9-db11716f47fd
226,22600,16.583751440048218,1.0,1.0,1.0,0.9960959999999999,0.0,0.0,0.0,0.0,0.0,0.0,0.0,0.0,0.0,0.0,0.0,0.0,0.0,0.0,0.002,0.998,0.052128304705603576,1878,0.00018228275486479418,5.573612863733913e-08,3.991228490434454e-05,16,20,False,0.995,0.005,0.66,fixed,100,none,e7f9ddb3-8f5f-4b72-9bd9-db11716f47fd
227,22700,16.604268312454224,1.0,1.0,1.0,0.9960959999999999,0.0,0.0,0.0,0.0,0.0,0.0,0.0,0.0,0.0,0.0,0.0,0.0,0.0,0.0,0.002,0.998,0.052128304705603576,1878,0.00018303402201624446,5.5867735730932946e-08,4.007676228914479e-05,16,20,False,0.995,0.005,0.66,fixed,100,none,e7f9ddb3-8f5f-4b72-9bd9-db11716f47fd
228,22800,16.623104572296143,1.0,1.0,1.0,0.9960959999999999,0.0,0.0,0.0,0.0,0.0,0.0,0.0,0.0,0.0,0.0,0.0,0.0,0.0,0.0,0.002,0.998,0.052128304705603576,1878,0.0001826979922609798,5.5792233978915295e-08,4.000319103038447e-05,16,20,False,0.995,0.005,0.66,fixed,100,none,e7f9ddb3-8f5f-4b72-9bd9-db11716f47fd
229,22900,16.641899824142456,1.0,1.0,1.0,0.9960959999999999,0.0,0.0,0.0,0.0,0.0,0.0,0.0,0.0,0.0,0.0,0.0,0.0,0.0,0.0,0.002,0.998,0.052128304705603576,1878,0.00018345510150429307,5.614769034715125e-08,4.0168989780455715e-05,16,20,False,0.995,0.005,0.66,fixed,100,none,e7f9ddb3-8f5f-4b72-9bd9-db11716f47fd
230,23000,16.66072654724121,1.0,1.0,1.0,0.9960959999999999,0.0,0.0,0.0,0.0,0.0,0.0,0.0,0.0,0.0,0.0,0.0,0.0,0.0,0.0,0.002,0.998,0.052128304705603576,1878,0.0001846734293172177,5.7078171370890404e-08,4.043585853009943e-05,16,20,False,0.995,0.005,0.66,fixed,100,none,e7f9ddb3-8f5f-4b72-9bd9-db11716f47fd
231,23100,16.67952799797058,1.0,1.0,1.0,0.9960959999999999,0.0,0.0,0.0,0.0,0.0,0.0,0.0,0.0,0.0,0.0,0.0,0.0,0.0,0.0,0.002,0.998,0.052128304705603576,1878,0.00018442781040315035,5.6672481807319395e-08,4.038201546879301e-05,16,20,False,0.995,0.005,0.66,fixed,100,none,e7f9ddb3-8f5f-4b72-9bd9-db11716f47fd
232,23200,16.69844889640808,1.0,1.0,1.0,0.9960959999999999,0.0,0.0,0.0,0.0,0.0,0.0,0.0,0.0,0.0,0.0,0.0,0.0,0.0,0.0,0.002,0.998,0.052128304705603576,1878,0.0001846804400364116,5.6882405586309456e-08,4.0437355981031896e-05,16,20,False,0.995,0.005,0.66,fixed,100,none,e7f9ddb3-8f5f-4b72-9bd9-db11716f47fd
233,23300,16.71721053123474,1.0,1.0,1.0,0.9960959999999999,0.0,0.0,0.0,0.0,0.0,0.0,0.0,0.0,0.0,0.0,0.0,0.0,0.0,0.0,0.002,0.998,0.052128304705603576,1878,0.00018468192412405426,5.662771992916471e-08,4.0437632457542026e-05,16,20,False,0.995,0.005,0.66,fixed,100,none,e7f9ddb3-8f5f-4b72-9bd9-db11716f47fd
234,23400,16.735962390899658,1.0,1.0,1.0,0.9960959999999999,0.0,0.0,0.0,0.0,0.0,0.0,0.0,0.0,0.0,0.0,0.0,0.0,0.0,0.0,0.002,0.998,0.052128304705603576,1878,0.00018587339368785597,5.760856792593745e-08,4.069863150617761e-05,16,20,False,0.995,0.005,0.66,fixed,100,none,e7f9ddb3-8f5f-4b72-9bd9-db11716f47fd
235,23500,16.754980325698853,1.0,1.0,1.0,0.9960959999999999,0.0,0.0,0.0,0.0,0.0,0.0,0.0,0.0,0.0,0.0,0.0,0.0,0.0,0.0,0.002,0.998,0.052128304705603576,1878,0.00018527327849629638,5.752627350890849e-08,4.056725065480597e-05,16,20,False,0.995,0.005,0.66,fixed,100,none,e7f9ddb3-8f5f-4b72-9bd9-db11716f47fd
236,23600,16.773898363113403,1.0,1.0,1.0,0.9960959999999999,0.0,0.0,0.0,0.0,0.0,0.0,0.0,0.0,0.0,0.0,0.0,0.0,0.0,0.0,0.002,0.998,0.052128304705603576,1878,0.00018756975317514403,5.808090327778301e-08,4.1070054341661804e-05,16,20,False,0.995,0.005,0.66,fixed,100,none,e7f9ddb3-8f5f-4b72-9bd9-db11716f47fd
237,23700,16.79304814338684,1.0,1.0,1.0,0.9960959999999999,0.0,0.0,0.0,0.0,0.0,0.0,0.0,0.0,0.0,0.0,0.0,0.0,0.0,0.0,0.002,0.998,0.052128304705603576,1878,0.00018741364828730631,5.798899060061013e-08,4.1035865518305466e-05,16,20,False,0.995,0.005,0.66,fixed,100,none,e7f9ddb3-8f5f-4b72-9bd9-db11716f47fd
238,23800,16.812058925628662,1.0,1.0,1.0,0.9960959999999999,0.0,0.0,0.0,0.0,0.0,0.0,0.0,0.0,0.0,0.0,0.0,0.0,0.0,0.0,0.002,0.998,0.052128304705603576,1878,0.00018824707215179526,5.869700757678734e-08,4.121843652546758e-05,16,20,False,0.995,0.005,0.66,fixed,100,none,e7f9ddb3-8f5f-4b72-9bd9-db11716f47fd
239,23900,16.83085012435913,1.0,1.0,1.0,0.9960959999999999,0.0,0.0,0.0,0.0,0.0,0.0,0.0,0.0,0.0,0.0,0.0,0.0,0.0,0.0,0.002,0.998,0.052128304705603576,1878,0.00018824094829679886,5.8793733599778836e-08,4.121711439155323e-05,16,20,False,0.995,0.005,0.66,fixed,100,none,e7f9ddb3-8f5f-4b72-9bd9-db11716f47fd
240,24000,16.849531650543213,1.0,1.0,1.0,0.9960959999999999,0.0,0.0,0.0,0.0,0.0,0.0,0.0,0.0,0.0,0.0,0.0,0.0,0.0,0.0,0.002,0.998,0.052128304705603576,1878,0.00018886039835545716,5.892055564570685e-08,4.135273610558226e-05,16,20,False,0.995,0.005,0.66,fixed,100,none,e7f9ddb3-8f5f-4b72-9bd9-db11716f47fd
241,24100,16.868265390396118,1.0,1.0,1.0,0.9960959999999999,0.0,0.0,0.0,0.0,0.0,0.0,0.0,0.0,0.0,0.0,0.0,0.0,0.0,0.0,0.002,0.998,0.052128304705603576,1878,0.0001884703530393445,5.856223004715568e-08,4.1267287104021475e-05,16,20,False,0.995,0.005,0.66,fixed,100,none,e7f9ddb3-8f5f-4b72-9bd9-db11716f47fd
242,24200,16.886929988861084,1.0,1.0,1.0,0.9960959999999999,0.0,0.0,0.0,0.0,0.0,0.0,0.0,0.0,0.0,0.0,0.0,0.0,0.0,0.0,0.002,0.998,0.052128304705603576,1878,0.00019005792636151965,5.926461750222404e-08,4.161494035786208e-05,16,20,False,0.995,0.005,0.66,fixed,100,none,e7f9ddb3-8f5f-4b72-9bd9-db11716f47fd
243,24300,16.905866622924805,1.0,1.0,1.0,0.9960959999999999,0.0,0.0,0.0,0.0,0.0,0.0,0.0,0.0,0.0,0.0,0.0,0.0,0.0,0.0,0.002,0.998,0.051745274115364996,1879,0.0001896166121733598,5.9208195781305185e-08,4.151832596194691e-05,16,20,False,0.995,0.005,0.66,fixed,100,none,e7f9ddb3-8f5f-4b72-9bd9-db11716f47fd
244,24400,16.92453956604004,1.0,1.0,1.0,0.9960959999999999,0.0,0.0,0.0,0.0,0.0,0.0,0.0,0.0,0.0,0.0,0.0,0.0,0.0,0.0,0.002,0.998,0.052128304705603576,1878,0.0001895000300267359,5.898779075292621e-08,4.1492764253095544e-05,16,20,False,0.995,0.005,0.66,fixed,100,none,e7f9ddb3-8f5f-4b72-9bd9-db11716f47fd
245,24500,16.94325542449951,1.0,1.0,1.0,0.9960959999999999,0.0,0.0,0.0,0.0,0.0,0.0,0.0,0.0,0.0,0.0,0.0,0.0,0.0,0.0,0.002,0.998,0.052128304705603576,1878,0.00018955830991766102,5.9285831311675396e-08,4.150557834892522e-05,16,20,False,0.995,0.005,0.66,fixed,100,none,e7f9ddb3-8f5f-4b72-9bd9-db11716f47fd
246,24600,16.962202787399292,1.0,1.0,1.0,0.9960959999999999,0.0,0.0,0.0,0.0,0.0,0.0,0.0,0.0,0.0,0.0,0.0,0.0,0.0,0.0,0.002,0.998,0.052128304705603576,1878,0.00018989987826074437,5.9545542565823305e-08,4.1580397004364453e-05,16,20,False,0.995,0.005,0.66,fixed,100,none,e7f9ddb3-8f5f-4b72-9bd9-db11716f47fd
247,24700,16.981309413909912,1.0,1.0,1.0,0.9960959999999999,0.0,0.0,0.0,0.0,0.0,0.0,0.0,0.0,0.0,0.0,0.0,0.0,0.0,0.0,0.002,0.998,0.052128304705603576,1878,0.0001920804361681424,6.065695355753825e-08,4.205793229838231e-05,16,20,False,0.995,0.005,0.66,fixed,100,none,e7f9ddb3-8f5f-4b72-9bd9-db11716f47fd
248,24800,17.000599145889282,1.0,1.0,1.0,0.9960959999999999,0.0,0.0,0.0,0.0,0.0,0.0,0.0,0.0,0.0,0.0,0.0,0.0,0.0,0.0,0.002,0.998,0.052128304705603576,1878,0.00019169605182718687,6.078166585642688e-08,4.197381426148393e-05,16,20,False,0.995,0.005,0.66,fixed,100,none,e7f9ddb3-8f5f-4b72-9bd9-db11716f47fd
249,24900,17.019925355911255,1.0,1.0,1.0,0.9960959999999999,0.0,0.0,0.0,0.0,0.0,0.0,0.0,0.0,0.0,0.0,0.0,0.0,0.0,0.0,0.002,0.998,0.052128304705603576,1878,0.00019283323162507305,6.114541809202918e-08,4.222281203216598e-05,16,20,False,0.995,0.005,0.66,fixed,100,none,e7f9ddb3-8f5f-4b72-9bd9-db11716f47fd
250,25000,17.039207696914673,1.0,1.0,1.0,0.9960959999999999,0.0,0.0,0.0,0.0,0.0,0.0,0.0,0.0,0.0,0.0,0.0,0.0,0.0,0.0,0.002,0.998,0.051745274115364996,1879,0.0001929461520108934,6.074182672199747e-08,4.2247453622261746e-05,16,20,False,0.995,0.005,0.66,fixed,100,none,e7f9ddb3-8f5f-4b72-9bd9-db11716f47fd
251,25100,17.058408498764038,1.0,1.0,1.0,0.9960959999999999,0.0,0.0,0.0,0.0,0.0,0.0,0.0,0.0,0.0,0.0,0.0,0.0,0.0,0.0,0.002,0.998,0.052128304705603576,1878,0.00019391851550721069,6.060174175106891e-08,4.2460277375461124e-05,16,20,False,0.995,0.005,0.66,fixed,100,none,e7f9ddb3-8f5f-4b72-9bd9-db11716f47fd
252,25200,17.07758641242981,1.0,1.0,1.0,0.9960959999999999,0.0,0.0,0.0,0.0,0.0,0.0,0.0,0.0,0.0,0.0,0.0,0.0,0.0,0.0,0.002,0.998,0.052128304705603576,1878,0.00019382582172111315,6.041416347482501e-08,4.2439951065811885e-05,16,20,False,0.995,0.005,0.66,fixed,100,none,e7f9ddb3-8f5f-4b72-9bd9-db11716f47fd
253,25300,17.096896171569824,1.0,1.0,1.0,0.9960959999999999,0.0,0.0,0.0,0.0,0.0,0.0,0.0,0.0,0.0,0.0,0.0,0.0,0.0,0.0,0.002,0.998,0.051745274115364996,1879,0.00019443588179464898,6.117962067114565e-08,4.2573638652776186e-05,16,20,False,0.995,0.005,0.66,fixed,100,none,e7f9ddb3-8f5f-4b72-9bd9-db11716f47fd
254,25400,17.116100549697876,1.0,1.0,1.0,0.9960959999999999,0.0,0.0,0.0,0.0,0.0,0.0,0.0,0.0,0.0,0.0,0.0,0.0,0.0,0.0,0.002,0.998,0.052128304705603576,1878,0.00019446035861858964,6.111019658839077e-08,4.257898343896106e-05,16,20,False,0.995,0.005,0.66,fixed,100,none,e7f9ddb3-8f5f-4b72-9bd9-db11716f47fd
255,25500,17.135197401046753,1.0,1.0,1.0,0.9960959999999999,0.0,0.0,0.0,0.0,0.0,0.0,0.0,0.0,0.0,0.0,0.0,0.0,0.0,0.0,0.002,0.998,0.052128304705603576,1878,0.00019484742877041436,6.135456478526174e-08,4.26637595251529e-05,16,20,False,0.995,0.005,0.66,fixed,100,none,e7f9ddb3-8f5f-4b72-9bd9-db11716f47fd
256,25600,17.154300928115845,1.0,1.0,1.0,0.9960959999999999,0.0,0.0,0.0,0.0,0.0,0.0,0.0,0.0,0.0,0.0,0.0,0.0,0.0,0.0,0.002,0.998,0.051745274115364996,1879,0.0001949578874993115,6.16563071107108e-08,4.268799627195033e-05,16,20,False,0.995,0.005,0.66,fixed,100,none,e7f9ddb3-8f5f-4b72-9bd9-db11716f47fd
257,25700,17.173507928848267,1.0,1.0,1.0,0.9960959999999999,0.0,0.0,0.0,0.0,0.0,0.0,0.0,0.0,0.0,0.0,0.0,0.0,0.0,0.0,0.002,0.998,0.051745274115364996,1879,0.0001949238599196396,6.17150972276143e-08,4.2680558804882356e-05,16,20,False,0.995,0.005,0.66,fixed,100,none,e7f9ddb3-8f5f-4b72-9bd9-db11716f47fd
258,25800,17.192692279815674,1.0,1.0,1.0,0.9960959999999999,0.0,0.0,0.0,0.0,0.0,0.0,0.0,0.0,0.0,0.0,0.0,0.0,0.0,0.0,0.002,0.998,0.051745274115364996,1879,0.0001949853758179047,6.245514109027014e-08,4.269416524334649e-05,16,20,False,0.995,0.005,0.66,fixed,100,none,e7f9ddb3-8f5f-4b72-9bd9-db11716f47fd
259,25900,17.21152949333191,1.0,1.0,1.0,0.9960959999999999,0.0,0.0,0.0,0.0,0.0,0.0,0.0,0.0,0.0,0.0,0.0,0.0,0.0,0.0,0.002,0.998,0.051745274115364996,1879,0.00019550715394035147,6.276580062056529e-08,4.2808441499660846e-05,16,20,False,0.995,0.005,0.66,fixed,100,none,e7f9ddb3-8f5f-4b72-9bd9-db11716f47fd
260,26000,17.23026132583618,1.0,1.0,1.0,0.9960959999999999,0.0,0.0,0.0,0.0,0.0,0.0,0.0,0.0,0.0,0.0,0.0,0.0,0.0,0.0,0.002,0.998,0.051745274115364996,1879,0.0001952666290064014,6.254739893929101e-08,4.275574909529973e-05,16,20,False,0.995,0.005,0.66,fixed,100,none,e7f9ddb3-8f5f-4b72-9bd9-db11716f47fd
261,26100,17.249452114105225,1.0,1.0,1.0,0.9960959999999999,0.0,0.0,0.0,0.0,0.0,0.0,0.0,0.0,0.0,0.0,0.0,0.0,0.0,0.0,0.002,0.998,0.051745274115364996,1879,0.0001952666290064014,6.254739893929101e-08,4.275574909529973e-05,16,20,False,0.995,0.005,0.66,fixed,100,none,e7f9ddb3-8f5f-4b72-9bd9-db11716f47fd
262,26300,17.268775939941406,1.0,1.0,1.0,0.9960959999999999,0.0,0.0,0.0,0.0,0.0,0.0,0.0,0.0,0.0,0.0,0.0,0.0,0.0,0.0,0.002,0.998,0.051745274115364996,1879,0.00019736618447927846,6.423008517599446e-08,4.32156614986975e-05,16,20,False,0.995,0.005,0.66,fixed,100,none,e7f9ddb3-8f5f-4b72-9bd9-db11716f47fd
263,26400,17.2881817817688,1.0,1.0,1.0,0.9960959999999999,0.0,0.0,0.0,0.0,0.0,0.0,0.0,0.0,0.0,0.0,0.0,0.0,0.0,0.0,0.002,0.998,0.051745274115364996,1879,0.0001968022615409545,6.447164727915495e-08,4.309226466429798e-05,16,20,False,0.995,0.005,0.66,fixed,100,none,e7f9ddb3-8f5f-4b72-9bd9-db11716f47fd
264,26500,17.307470560073853,1.0,1.0,1.0,0.9960959999999999,0.0,0.0,0.0,0.0,0.0,0.0,0.0,0.0,0.0,0.0,0.0,0.0,0.0,0.0,0.002,0.998,0.051745274115364996,1879,0.00019834196538822635,6.530417730667046e-08,4.342946401717102e-05,16,20,False,0.995,0.005,0.66,fixed,100,none,e7f9ddb3-8f5f-4b72-9bd9-db11716f47fd
265,26600,17.326655387878418,1.0,1.0,1.0,0.9960959999999999,0.0,0.0,0.0,0.0,0.0,0.0,0.0,0.0,0.0,0.0,0.0,0.0,0.0,0.0,0.002,0.998,0.051745274115364996,1879,0.00019802360883306794,6.528086545079852e-08,4.3359771337994225e-05,16,20,False,0.995,0.005,0.66,fixed,100,none,e7f9ddb3-8f5f-4b72-9bd9-db11716f47fd
266,26700,17.346110343933105,1.0,1.0,1.0,0.9960959999999999,0.0,0.0,0.0,0.0,0.0,0.0,0.0,0.0,0.0,0.0,0.0,0.0,0.0,0.0,0.002,0.998,0.051745274115364996,1879,0.00019867235460679784,6.587683963521678e-08,4.350189502295874e-05,16,20,False,0.995,0.005,0.66,fixed,100,none,e7f9ddb3-8f5f-4b72-9bd9-db11716f47fd
267,26800,17.365351676940918,1.0,1.0,1.0,0.9960959999999999,0.0,0.0,0.0,0.0,0.0,0.0,0.0,0.0,0.0,0.0,0.0,0.0,0.0,0.0,0.002,0.998,0.051745274115364996,1879,0.0001990152198575322,6.613328053985754e-08,4.357699695011637e-05,16,20,False,0.995,0.005,0.66,fixed,100,none,e7f9ddb3-8f5f-4b72-9bd9-db11716f47fd
268,26900,17.384966135025024,1.0,1.0,1.0,0.9960959999999999,0.0,0.0,0.0,0.0,0.0,0.0,0.0,0.0,0.0,0.0,0.0,0.0,0.0,0.0,0.002,0.998,0.051745274115364996,1879,0.0001987521149274097,6.664647282417051e-08,4.3519500787446574e-05,16,20,False,0.995,0.005,0.66,fixed,100,none,e7f9ddb3-8f5f-4b72-9bd9-db11716f47fd
269,27000,17.404542207717896,1.0,1.0,1.0,0.9960959999999999,0.0,0.0,0.0,0.0,0.0,0.0,0.0,0.0,0.0,0.0,0.0,0.0,0.0,0.0,0.002,0.998,0.051745274115364996,1879,0.0001989723510814902,6.678602973690624e-08,4.356773699738822e-05,16,20,False,0.995,0.005,0.66,fixed,100,none,e7f9ddb3-8f5f-4b72-9bd9-db11716f47fd
270,27100,17.424075841903687,1.0,1.0,1.0,0.9960959999999999,0.0,0.0,0.0,0.0,0.0,0.0,0.0,0.0,0.0,0.0,0.0,0.0,0.0,0.0,0.002,0.998,0.051745274115364996,1879,0.000199451484949185,6.7156798403718e-08,4.36726898470733e-05,16,20,False,0.995,0.005,0.66,fixed,100,none,e7f9ddb3-8f5f-4b72-9bd9-db11716f47fd
271,27200,17.44365930557251,1.0,1.0,1.0,0.9960959999999999,0.0,0.0,0.0,0.0,0.0,0.0,0.0,0.0,0.0,0.0,0.0,0.0,0.0,0.0,0.002,0.998,0.051745274115364996,1879,0.00020046324729937435,6.790313130021292e-08,4.3894306428780086e-05,16,20,False,0.995,0.005,0.66,fixed,100,none,e7f9ddb3-8f5f-4b72-9bd9-db11716f47fd
272,27400,17.462752103805542,1.0,1.0,1.0,0.9960959999999999,0.0,0.0,0.0,0.0,0.0,0.0,0.0,0.0,0.0,0.0,0.0,0.0,0.0,0.0,0.002,0.998,0.051745274115364996,1879,0.0002004435243784615,6.788889702455782e-08,4.3889986376879886e-05,16,20,False,0.995,0.005,0.66,fixed,100,none,e7f9ddb3-8f5f-4b72-9bd9-db11716f47fd
273,27500,17.482076406478882,1.0,1.0,1.0,0.9960959999999999,0.0,0.0,0.0,0.0,0.0,0.0,0.0,0.0,0.0,0.0,0.0,0.0,0.0,0.0,0.002,0.998,0.051745274115364996,1879,0.00020062351201011988,6.778666423869294e-08,4.39293662452206e-05,16,20,False,0.995,0.005,0.66,fixed,100,none,e7f9ddb3-8f5f-4b72-9bd9-db11716f47fd
274,27600,17.501041650772095,1.0,1.0,1.0,0.9960959999999999,0.0,0.0,0.0,0.0,0.0,0.0,0.0,0.0,0.0,0.0,0.0,0.0,0.0,0.0,0.002,0.998,0.051745274115364996,1879,0.00020022466367601872,6.787443503546362e-08,4.384207502133724e-05,16,20,False,0.995,0.005,0.66,fixed,100,none,e7f9ddb3-8f5f-4b72-9bd9-db11716f47fd
275,27700,17.519725561141968,1.0,1.0,1.0,0.9960959999999999,0.0,0.0,0.0,0.0,0.0,0.0,0.0,0.0,0.0,0.0,0.0,0.0,0.0,0.0,0.002,0.998,0.051745274115364996,1879,0.00020005212381845816,6.837619940489405e-08,4.380440138174743e-05,16,20,False,0.995,0.005,0.66,fixed,100,none,e7f9ddb3-8f5f-4b72-9bd9-db11716f47fd
276,27800,17.538487672805786,1.0,1.0,1.0,0.9960959999999999,0.0,0.0,0.0,0.0,0.0,0.0,0.0,0.0,0.0,0.0,0.0,0.0,0.0,0.0,0.002,0.998,0.0513612395130943,1880,0.0002001616141270584,6.844400076352871e-08,4.3828381692558156e-05,16,20,False,0.995,0.005,0.66,fixed,100,none,e7f9ddb3-8f5f-4b72-9bd9-db11716f47fd
277,27900,17.55709147453308,1.0,1.0,1.0,0.9960959999999999,0.0,0.0,0.0,0.0,0.0,0.0,0.0,0.0,0.0,0.0,0.0,0.0,0.0,0.0,0.002,0.998,0.0513612395130943,1880,0.0002007680797129115,6.891091442215346e-08,4.396122572289654e-05,16,20,False,0.995,0.005,0.66,fixed,100,none,e7f9ddb3-8f5f-4b72-9bd9-db11716f47fd
278,28000,17.575602054595947,1.0,1.0,1.0,0.9960959999999999,0.0,0.0,0.0,0.0,0.0,0.0,0.0,0.0,0.0,0.0,0.0,0.0,0.0,0.0,0.002,0.998,0.052128304705603576,1878,0.00020163089896047765,6.896137436667038e-08,4.4150106443578224e-05,16,20,False,0.995,0.005,0.66,fixed,100,none,e7f9ddb3-8f5f-4b72-9bd9-db11716f47fd
279,28100,17.595252513885498,1.0,1.0,1.0,0.9960959999999999,0.0,0.0,0.0,0.0,0.0,0.0,0.0,0.0,0.0,0.0,0.0,0.0,0.0,0.0,0.002,0.998,0.051745274115364996,1879,0.00020166163930411725,6.914777958868154e-08,4.4156870921793114e-05,16,20,False,0.995,0.005,0.66,fixed,100,none,e7f9ddb3-8f5f-4b72-9bd9-db11716f47fd
280,28200,17.613963842391968,1.0,1.0,1.0,0.9960959999999999,0.0,0.0,0.0,0.0,0.0,0.0,0.0,0.0,0.0,0.0,0.0,0.0,0.0,0.0,0.002,0.998,0.051745274115364996,1879,0.0002017560065882024,6.896429413251723e-08,4.417749305804269e-05,16,20,False,0.995,0.005,0.66,fixed,100,none,e7f9ddb3-8f5f-4b72-9bd9-db11716f47fd
281,28300,17.632615327835083,1.0,1.0,1.0,0.9960959999999999,0.0,0.0,0.0,0.0,0.0,0.0,0.0,0.0,0.0,0.0,0.0,0.0,0.0,0.0,0.002,0.998,0.051745274115364996,1879,0.00020283665279711462,6.95934101507477e-08,4.441416604521704e-05,16,20,False,0.995,0.005,0.66,fixed,100,none,e7f9ddb3-8f5f-4b72-9bd9-db11716f47fd
282,28400,17.651113510131836,1.0,1.0,1.0,0.9960959999999999,0.0,0.0,0.0,0.0,0.0,0.0,0.0,0.0,0.0,0.0,0.0,0.0,0.0,0.0,0.002,0.998,0.051745274115364996,1879,0.00020398012679026734,7.04123565472165e-08,4.4664628102133494e-05,16,20,False,0.995,0.005,0.66,fixed,100,none,e7f9ddb3-8f5f-4b72-9bd9-db11716f47fd
283,28500,17.66980218887329,1.0,1.0,1.0,0.9960959999999999,0.0,0.0,0.0,0.0,0.0,0.0,0.0,0.0,0.0,0.0,0.0,0.0,0.0,0.0,0.002,0.998,0.051745274115364996,1879,0.00020535780554107038,7.117039778879384e-08,4.496634600852018e-05,16,20,False,0.995,0.005,0.66,fixed,100,none,e7f9ddb3-8f5f-4b72-9bd9-db11716f47fd
284,28600,17.6886465549469,1.0,1.0,1.0,0.9960959999999999,0.0,0.0,0.0,0.0,0.0,0.0,0.0,0.0,0.0,0.0,0.0,0.0,0.0,0.0,0.002,0.998,0.051745274115364996,1879,0.00020674112252994212,7.154276778672905e-08,4.526922484768381e-05,16,20,False,0.995,0.005,0.66,fixed,100,none,e7f9ddb3-8f5f-4b72-9bd9-db11716f47fd
285,28700,17.707457304000854,1.0,1.0,1.0,0.9960959999999999,0.0,0.0,0.0,0.0,0.0,0.0,0.0,0.0,0.0,0.0,0.0,0.0,0.0,0.0,0.002,0.998,0.051745274115364996,1879,0.00020692359662380998,7.161968606397594e-08,4.530918304130416e-05,16,20,False,0.995,0.005,0.66,fixed,100,none,e7f9ddb3-8f5f-4b72-9bd9-db11716f47fd
286,28800,17.72602152824402,1.0,1.0,1.0,0.9960959999999999,0.0,0.0,0.0,0.0,0.0,0.0,0.0,0.0,0.0,0.0,0.0,0.0,0.0,0.0,0.002,0.998,0.052128304705603576,1878,0.00020680597883696646,7.179175374846768e-08,4.528346920062417e-05,16,20,False,0.995,0.005,0.66,fixed,100,none,e7f9ddb3-8f5f-4b72-9bd9-db11716f47fd
287,28900,17.744601488113403,1.0,1.0,1.0,0.9960959999999999,0.0,0.0,0.0,0.0,0.0,0.0,0.0,0.0,0.0,0.0,0.0,0.0,0.0,0.0,0.002,0.998,0.052128304705603576,1878,0.00020663528394942454,7.189140144174256e-08,4.5246123022802964e-05,16,20,False,0.995,0.005,0.66,fixed,100,none,e7f9ddb3-8f5f-4b72-9bd9-db11716f47fd
288,29000,17.763082027435303,1.0,1.0,1.0,0.9960959999999999,0.0,0.0,0.0,0.0,0.0,0.0,0.0,0.0,0.0,0.0,0.0,0.0,0.0,0.0,0.002,0.998,0.052128304705603576,1878,0.00020683790426076818,7.204781857958656e-08,4.5290506328212276e-05,16,20,False,0.995,0.005,0.66,fixed,100,none,e7f9ddb3-8f5f-4b72-9bd9-db11716f47fd
289,29100,17.781676530838013,1.0,1.0,1.0,0.9960959999999999,0.0,0.0,0.0,0.0,0.0,0.0,0.0,0.0,0.0,0.0,0.0,0.0,0.0,0.0,0.002,0.998,0.052128304705603576,1878,0.00020770395676767594,7.217973807128554e-08,4.548011028667781e-05,16,20,False,0.995,0.005,0.66,fixed,100,none,e7f9ddb3-8f5f-4b72-9bd9-db11716f47fd
290,29200,17.80050778388977,1.0,1.0,1.0,0.9960959999999999,0.0,0.0,0.0,0.0,0.0,0.0,0.0,0.0,0.0,0.0,0.0,0.0,0.0,0.0,0.002,0.998,0.052128304705603576,1878,0.00020822541162600686,7.238745359466984e-08,4.559429622111589e-05,16,20,False,0.995,0.005,0.66,fixed,100,none,e7f9ddb3-8f5f-4b72-9bd9-db11716f47fd
291,29300,17.819623231887817,1.0,1.0,1.0,0.9960959999999999,0.0,0.0,0.0,0.0,0.0,0.0,0.0,0.0,0.0,0.0,0.0,0.0,0.0,0.0,0.002,0.998,0.052128304705603576,1878,0.00020766496423892558,7.243931626607774e-08,4.547162414199137e-05,16,20,False,0.995,0.005,0.66,fixed,100,none,e7f9ddb3-8f5f-4b72-9bd9-db11716f47fd
292,29500,17.83899235725403,1.0,1.0,1.0,0.9960959999999999,0.0,0.0,0.0,0.0,0.0,0.0,0.0,0.0,0.0,0.0,0.0,0.0,0.0,0.0,0.002,0.998,0.051745274115364996,1879,0.00021123511318907586,7.421951305880049e-08,4.625346798456988e-05,16,20,False,0.995,0.005,0.66,fixed,100,none,e7f9ddb3-8f5f-4b72-9bd9-db11716f47fd
293,29600,17.85828733444214,1.0,1.0,1.0,0.9960959999999999,0.0,0.0,0.0,0.0,0.0,0.0,0.0,0.0,0.0,0.0,0.0,0.0,0.0,0.0,0.002,0.998,0.051745274115364996,1879,0.000210976338500354,7.45817493523935e-08,4.6196891030104446e-05,16,20,False,0.995,0.005,0.66,fixed,100,none,e7f9ddb3-8f5f-4b72-9bd9-db11716f47fd
294,29700,17.877481698989868,1.0,1.0,1.0,0.9960959999999999,0.0,0.0,0.0,0.0,0.0,0.0,0.0,0.0,0.0,0.0,0.0,0.0,0.0,0.0,0.002,0.998,0.051745274115364996,1879,0.00021180847766650156,7.478940699535833e-08,4.637908574852631e-05,16,20,False,0.995,0.005,0.66,fixed,100,none,e7f9ddb3-8f5f-4b72-9bd9-db11716f47fd
295,29800,17.89675521850586,1.0,1.0,1.0,0.9960959999999999,0.0,0.0,0.0,0.0,0.0,0.0,0.0,0.0,0.0,0.0,0.0,0.0,0.0,0.0,0.002,0.998,0.051745274115364996,1879,0.00021125472280134145,7.464633835120486e-08,4.625784162550037e-05,16,20,False,0.995,0.005,0.66,fixed,100,none,e7f9ddb3-8f5f-4b72-9bd9-db11716f47fd
296,29900,17.916452407836914,1.0,1.0,1.0,0.9960959999999999,0.0,0.0,0.0,0.0,0.0,0.0,0.0,0.0,0.0,0.0,0.0,0.0,0.0,0.0,0.002,0.998,0.051745274115364996,1879,0.00021110511229613927,7.476829431574537e-08,4.6225115057544884e-05,16,20,False,0.995,0.005,0.66,fixed,100,none,e7f9ddb3-8f5f-4b72-9bd9-db11716f47fd
297,30000,17.935425281524658,1.0,1.0,1.0,0.9960959999999999,0.0,0.0,0.0,0.0,0.0,0.0,0.0,0.0,0.0,0.0,0.0,0.0,0.0,0.0,0.002,0.998,0.051745274115364996,1879,0.00021034659920436617,7.445900854452239e-08,4.605901777745921e-05,16,20,False,0.995,0.005,0.66,fixed,100,none,e7f9ddb3-8f5f-4b72-9bd9-db11716f47fd
298,30200,17.9545681476593,1.0,1.0,1.0,0.9960959999999999,0.0,0.0,0.0,0.0,0.0,0.0,0.0,0.0,0.0,0.0,0.0,0.0,0.0,0.0,0.002,0.998,0.052128304705603576,1878,0.00021184728715759472,7.501615325772092e-08,4.6387624227916456e-05,16,20,False,0.995,0.005,0.66,fixed,100,none,e7f9ddb3-8f5f-4b72-9bd9-db11716f47fd
299,30300,17.973514080047607,1.0,1.0,1.0,0.9960959999999999,0.0,0.0,0.0,0.0,0.0,0.0,0.0,0.0,0.0,0.0,0.0,0.0,0.0,0.0,0.002,0.998,0.052128304705603576,1878,0.00021128665194334952,7.491704798055244e-08,4.626488234951552e-05,16,20,False,0.995,0.005,0.66,fixed,100,none,e7f9ddb3-8f5f-4b72-9bd9-db11716f47fd
300,30400,17.992197275161743,1.0,1.0,1.0,0.9960959999999999,0.0,0.0,0.0,0.0,0.0,0.0,0.0,0.0,0.0,0.0,0.0,0.0,0.0,0.0,0.002,0.998,0.052128304705603576,1878,0.00021236639728252648,7.58695973529187e-08,4.6501419588642105e-05,16,20,False,0.995,0.005,0.66,fixed,100,none,e7f9ddb3-8f5f-4b72-9bd9-db11716f47fd
301,30500,18.01072931289673,1.0,1.0,1.0,0.9960959999999999,0.0,0.0,0.0,0.0,0.0,0.0,0.0,0.0,0.0,0.0,0.0,0.0,0.0,0.0,0.002,0.998,0.052128304705603576,1878,0.00021337132783096362,7.674391566792551e-08,4.6721565006174844e-05,16,20,False,0.995,0.005,0.66,fixed,100,none,e7f9ddb3-8f5f-4b72-9bd9-db11716f47fd
302,30600,18.02923083305359,1.0,1.0,1.0,0.9960959999999999,0.0,0.0,0.0,0.0,0.0,0.0,0.0,0.0,0.0,0.0,0.0,0.0,0.0,0.0,0.002,0.998,0.052128304705603576,1878,0.0002138820747914227,7.716576158128025e-08,4.683344766654288e-05,16,20,False,0.995,0.005,0.66,fixed,100,none,e7f9ddb3-8f5f-4b72-9bd9-db11716f47fd
303,30700,18.047802925109863,1.0,1.0,1.0,0.9960959999999999,0.0,0.0,0.0,0.0,0.0,0.0,0.0,0.0,0.0,0.0,0.0,0.0,0.0,0.0,0.002,0.998,0.05251033128381009,1877,0.00021471048146210904,7.737234219801069e-08,4.701482513707329e-05,16,20,False,0.995,0.005,0.66,fixed,100,none,e7f9ddb3-8f5f-4b72-9bd9-db11716f47fd
304,30800,18.0663161277771,1.0,1.0,1.0,0.9960959999999999,0.0,0.0,0.0,0.0,0.0,0.0,0.0,0.0,0.0,0.0,0.0,0.0,0.0,0.0,0.002,0.998,0.052128304705603576,1878,0.00021621665044743602,7.792068616570783e-08,4.734462971331523e-05,16,20,False,0.995,0.005,0.66,fixed,100,none,e7f9ddb3-8f5f-4b72-9bd9-db11716f47fd
305,30900,18.085132122039795,1.0,1.0,1.0,0.9960959999999999,0.0,0.0,0.0,0.0,0.0,0.0,0.0,0.0,0.0,0.0,0.0,0.0,0.0,0.0,0.002,0.998,0.051745274115364996,1879,0.00021668272355582376,7.8613901487902e-08,4.744678482765252e-05,16,20,False,0.995,0.005,0.66,fixed,100,none,e7f9ddb3-8f5f-4b72-9bd9-db11716f47fd
306,31000,18.104430675506592,1.0,1.0,1.0,0.9960959999999999,0.0,0.0,0.0,0.0,0.0,0.0,0.0,0.0,0.0,0.0,0.0,0.0,0.0,0.0,0.002,0.998,0.051745274115364996,1879,0.00021915662492120547,8.013455508505113e-08,4.798861076071804e-05,16,20,False,0.995,0.005,0.66,fixed,100,none,e7f9ddb3-8f5f-4b72-9bd9-db11716f47fd
307,31100,18.12343716621399,1.0,1.0,1.0,0.9960959999999999,0.0,0.0,0.0,0.0,0.0,0.0,0.0,0.0,0.0,0.0,0.0,0.0,0.0,0.0,0.002,0.998,0.051745274115364996,1879,0.00021738936945977266,7.894314560135934e-08,4.760153217240849e-05,16,20,False,0.995,0.005,0.66,fixed,100,none,e7f9ddb3-8f5f-4b72-9bd9-db11716f47fd
308,31200,18.14258360862732,1.0,1.0,1.0,0.9960959999999999,0.0,0.0,0.0,0.0,0.0,0.0,0.0,0.0,0.0,0.0,0.0,0.0,0.0,0.0,0.002,0.998,0.051745274115364996,1879,0.00021751489670729376,7.909367177131909e-08,4.762903868686316e-05,16,20,False,0.995,0.005,0.66,fixed,100,none,e7f9ddb3-8f5f-4b72-9bd9-db11716f47fd
309,31300,18.161888122558594,1.0,1.0,1.0,0.9960959999999999,0.0,0.0,0.0,0.0,0.0,0.0,0.0,0.0,0.0,0.0,0.0,0.0,0.0,0.0,0.002,0.998,0.051745274115364996,1879,0.0002185319565805804,7.941692531931023e-08,4.7851734511299723e-05,16,20,False,0.995,0.005,0.66,fixed,100,none,e7f9ddb3-8f5f-4b72-9bd9-db11716f47fd
310,31400,18.181183338165283,1.0,1.0,1.0,0.9960959999999999,0.0,0.0,0.0,0.0,0.0,0.0,0.0,0.0,0.0,0.0,0.0,0.0,0.0,0.0,0.002,0.998,0.051745274115364996,1879,0.0002181730450815497,7.915830577598681e-08,4.777311964644867e-05,16,20,False,0.995,0.005,0.66,fixed,100,none,e7f9ddb3-8f5f-4b72-9bd9-db11716f47fd
311,31500,18.200474739074707,1.0,1.0,1.0,0.9960959999999999,0.0,0.0,0.0,0.0,0.0,0.0,0.0,0.0,0.0,0.0,0.0,0.0,0.0,0.0,0.002,0.998,0.051745274115364996,1879,0.0002180764949405704,7.926551882402776e-08,4.7752005191067424e-05,16,20,False,0.995,0.005,0.66,fixed,100,none,e7f9ddb3-8f5f-4b72-9bd9-db11716f47fd
312,31600,18.219877243041992,1.0,1.0,1.0,0.9960959999999999,0.0,0.0,0.0,0.0,0.0,0.0,0.0,0.0,0.0,0.0,0.0,0.0,0.0,0.0,0.002,0.998,0.051745274115364996,1879,0.0002180764949405704,7.926551882402776e-08,4.7752005191067424e-05,16,20,False,0.995,0.005,0.66,fixed,100,none,e7f9ddb3-8f5f-4b72-9bd9-db11716f47fd
313,31700,18.23921799659729,1.0,1.0,1.0,0.9960959999999999,0.0,0.0,0.0,0.0,0.0,0.0,0.0,0.0,0.0,0.0,0.0,0.0,0.0,0.0,0.002,0.998,0.051745274115364996,1879,0.00022006213515587156,8.053366999494588e-08,4.8186902782919326e-05,16,20,False,0.995,0.005,0.66,fixed,100,none,e7f9ddb3-8f5f-4b72-9bd9-db11716f47fd
314,31800,18.258482217788696,1.0,1.0,1.0,0.9960959999999999,0.0,0.0,0.0,0.0,0.0,0.0,0.0,0.0,0.0,0.0,0.0,0.0,0.0,0.0,0.002,0.998,0.051745274115364996,1879,0.00022055112390294163,8.095192880517192e-08,4.829402188882691e-05,16,20,False,0.995,0.005,0.66,fixed,100,none,e7f9ddb3-8f5f-4b72-9bd9-db11716f47fd
315,32000,18.277591705322266,1.0,1.0,1.0,0.9960959999999999,0.0,0.0,0.0,0.0,0.0,0.0,0.0,0.0,0.0,0.0,0.0,0.0,0.0,0.0,0.002,0.998,0.052128304705603576,1878,0.0002216127482371223,8.10500533851234e-08,4.852643009924925e-05,16,20,False,0.995,0.005,0.66,fixed,100,none,e7f9ddb3-8f5f-4b72-9bd9-db11716f47fd
316,32100,18.296852350234985,1.0,1.0,1.0,0.9960959999999999,0.0,0.0,0.0,0.0,0.0,0.0,0.0,0.0,0.0,0.0,0.0,0.0,0.0,0.0,0.002,0.998,0.052128304705603576,1878,0.0002224606194511466,8.151181850734546e-08,4.871211684337239e-05,16,20,False,0.995,0.005,0.66,fixed,100,none,e7f9ddb3-8f5f-4b72-9bd9-db11716f47fd
317,32200,18.316249132156372,1.0,1.0,1.0,0.9960959999999999,0.0,0.0,0.0,0.0,0.0,0.0,0.0,0.0,0.0,0.0,0.0,0.0,0.0,0.0,0.002,0.998,0.052128304705603576,1878,0.00022234645224657095,8.14266416571068e-08,4.8687109458689234e-05,16,20,False,0.995,0.005,0.66,fixed,100,none,e7f9ddb3-8f5f-4b72-9bd9-db11716f47fd
318,32300,18.335625171661377,1.0,1.0,1.0,0.9960959999999999,0.0,0.0,0.0,0.0,0.0,0.0,0.0,0.0,0.0,0.0,0.0,0.0,0.0,0.0,0.002,0.998,0.052128304705603576,1878,0.0002226683751964446,8.18552833684696e-08,4.8757659834341734e-05,16,20,False,0.995,0.005,0.66,fixed,100,none,e7f9ddb3-8f5f-4b72-9bd9-db11716f47fd
319,32400,18.354843616485596,1.0,1.0,1.0,0.9960959999999999,0.0,0.0,0.0,0.0,0.0,0.0,0.0,0.0,0.0,0.0,0.0,0.0,0.0,0.0,0.002,0.998,0.052128304705603576,1878,0.00022110469411668434,8.126774083292792e-08,4.8415258412900456e-05,16,20,False,0.995,0.005,0.66,fixed,100,none,e7f9ddb3-8f5f-4b72-9bd9-db11716f47fd
320,32500,18.37358856201172,1.0,1.0,1.0,0.9960959999999999,0.0,0.0,0.0,0.0,0.0,0.0,0.0,0.0,0.0,0.0,0.0,0.0,0.0,0.0,0.002,0.998,0.052510331283810094,1877,0.00022002108034544843,8.11717761108832e-08,4.817803712507973e-05,16,20,False,0.995,0.005,0.66,fixed,100,none,e7f9ddb3-8f5f-4b72-9bd9-db11716f47fd
321,32600,18.392221927642822,1.0,1.0,1.0,0.9960959999999999,0.0,0.0,0.0,0.0,0.0,0.0,0.0,0.0,0.0,0.0,0.0,0.0,0.0,0.0,0.002,0.998,0.052128304705603576,1878,0.00022018036988991036,8.133017015667072e-08,4.821293570123115e-05,16,20,False,0.995,0.005,0.66,fixed,100,none,e7f9ddb3-8f5f-4b72-9bd9-db11716f47fd
322,32800,18.41086196899414,1.0,1.0,1.0,0.9960959999999999,0.0,0.0,0.0,0.0,0.0,0.0,0.0,0.0,0.0,0.0,0.0,0.0,0.0,0.0,0.002,0.998,0.052510331283810094,1877,0.000219828887030445,8.139093996856093e-08,4.813600764955844e-05,16,20,False,0.995,0.005,0.66,fixed,100,none,e7f9ddb3-8f5f-4b72-9bd9-db11716f47fd
323,32900,18.42973494529724,1.0,1.0,1.0,0.9960959999999999,0.0,0.0,0.0,0.0,0.0,0.0,0.0,0.0,0.0,0.0,0.0,0.0,0.0,0.0,0.002,0.998,0.052510331283810094,1877,0.00022004999255170667,8.123580759787879e-08,4.8184378173012184e-05,16,20,False,0.995,0.005,0.66,fixed,100,none,e7f9ddb3-8f5f-4b72-9bd9-db11716f47fd
324,33000,18.448630571365356,1.0,1.0,1.0,0.9960959999999999,0.0,0.0,0.0,0.0,0.0,0.0,0.0,0.0,0.0,0.0,0.0,0.0,0.0,0.0,0.002,0.998,0.052128304705603576,1878,0.00021908423218118222,8.022382858610101e-08,4.7972780951892144e-05,16,20,False,0.995,0.005,0.66,fixed,100,none,e7f9ddb3-8f5f-4b72-9bd9-db11716f47fd
325,33100,18.46766996383667,1.0,1.0,1.0,0.9960959999999999,0.0,0.0,0.0,0.0,0.0,0.0,0.0,0.0,0.0,0.0,0.0,0.0,0.0,0.0,0.002,0.998,0.052128304705603576,1878,0.00021942359080651458,8.055093367710619e-08,4.8047128704944694e-05,16,20,False,0.995,0.005,0.66,fixed,100,none,e7f9ddb3-8f5f-4b72-9bd9-db11716f47fd
326,33200,18.486660957336426,1.0,1.0,1.0,0.9960959999999999,0.0,0.0,0.0,0.0,0.0,0.0,0.0,0.0,0.0,0.0,0.0,0.0,0.0,0.0,0.002,0.998,0.05251033128381009,1877,0.00021972693305734886,8.080501802912752e-08,4.81135785996792e-05,16,20,False,0.995,0.005,0.66,fixed,100,none,e7f9ddb3-8f5f-4b72-9bd9-db11716f47fd
327,33300,18.505613803863525,1.0,1.0,1.0,0.9960959999999999,0.0,0.0,0.0,0.0,0.0,0.0,0.0,0.0,0.0,0.0,0.0,0.0,0.0,0.0,0.002,0.998,0.05251033128381009,1877,0.00021975492567499202,8.062020860007386e-08,4.8119671069889766e-05,16,20,False,0.995,0.005,0.66,fixed,100,none,e7f9ddb3-8f5f-4b72-9bd9-db11716f47fd
328,33400,18.524345874786377,1.0,1.0,1.0,0.9960959999999999,0.0,0.0,0.0,0.0,0.0,0.0,0.0,0.0,0.0,0.0,0.0,0.0,0.0,0.0,0.002,0.998,0.05251033128381009,1877,0.0002194226414221241,8.053327703767402e-08,4.804691752994012e-05,16,20,False,0.995,0.005,0.66,fixed,100,none,e7f9ddb3-8f5f-4b72-9bd9-db11716f47fd
329,33500,18.542888402938843,1.0,1.0,1.0,0.9960959999999999,0.0,0.0,0.0,0.0,0.0,0.0,0.0,0.0,0.0,0.0,0.0,0.0,0.0,0.0,0.002,0.998,0.052128304705603576,1878,0.00021869344058004665,8.04586026722081e-08,4.788728127747993e-05,16,20,False,0.995,0.005,0.66,fixed,100,none,e7f9ddb3-8f5f-4b72-9bd9-db11716f47fd
330,33600,18.56205654144287,1.0,1.0,1.0,0.9960959999999999,0.0,0.0,0.0,0.0,0.0,0.0,0.0,0.0,0.0,0.0,0.0,0.0,0.0,0.0,0.002,0.998,0.052128304705603576,1878,0.00021869344058004665,8.04586026722081e-08,4.788728127747993e-05,16,20,False,0.995,0.005,0.66,fixed,100,none,e7f9ddb3-8f5f-4b72-9bd9-db11716f47fd
331,33700,18.58089566230774,1.0,1.0,1.0,0.9960959999999999,0.0,0.0,0.0,0.0,0.0,0.0,0.0,0.0,0.0,0.0,0.0,0.0,0.0,0.0,0.002,0.998,0.05251033128381009,1877,0.00021972750534789858,8.08556568850912e-08,4.811371349546317e-05,16,20,False,0.995,0.005,0.66,fixed,100,none,e7f9ddb3-8f5f-4b72-9bd9-db11716f47fd
332,33900,18.600588083267212,1.0,1.0,1.0,0.9960959999999999,0.0,0.0,0.0,0.0,0.0,0.0,0.0,0.0,0.0,0.0,0.0,0.0,0.0,0.0,0.002,0.998,0.052128304705603576,1878,0.00022532984441866316,8.41923258700523e-08,4.934069948516068e-05,16,20,False,0.995,0.005,0.66,fixed,100,none,e7f9ddb3-8f5f-4b72-9bd9-db11716f47fd
333,34000,18.61900782585144,1.0,1.0,1.0,0.9960959999999999,0.0,0.0,0.0,0.0,0.0,0.0,0.0,0.0,0.0,0.0,0.0,0.0,0.0,0.0,0.002,0.998,0.052128304705603576,1878,0.00022521114806721876,8.436212464702693e-08,4.9314749115597125e-05,16,20,False,0.995,0.005,0.66,fixed,100,none,e7f9ddb3-8f5f-4b72-9bd9-db11716f47fd
334,34200,18.637521743774414,1.0,1.0,1.0,0.9960959999999999,0.0,0.0,0.0,0.0,0.0,0.0,0.0,0.0,0.0,0.0,0.0,0.0,0.0,0.0,0.002,0.998,0.052128304705603576,1878,0.00022718197547328303,8.623391162725066e-08,4.9746518874310835e-05,16,20,False,0.995,0.005,0.66,fixed,100,none,e7f9ddb3-8f5f-4b72-9bd9-db11716f47fd
335,34300,18.655872344970703,1.0,1.0,1.0,0.9960959999999999,0.0,0.0,0.0,0.0,0.0,0.0,0.0,0.0,0.0,0.0,0.0,0.0,0.0,0.0,0.002,0.998,0.052128304705603576,1878,0.00022919612355605168,8.703269829003641e-08,5.0187567659094825e-05,16,20,False,0.995,0.005,0.66,fixed,100,none,e7f9ddb3-8f5f-4b72-9bd9-db11716f47fd
336,34400,18.674229860305786,1.0,1.0,1.0,0.9960959999999999,0.0,0.0,0.0,0.0,0.0,0.0,0.0,0.0,0.0,0.0,0.0,0.0,0.0,0.0,0.002,0.998,0.052128304705603576,1878,0.0002297785430850944,8.734067313950993e-08,5.0315117809223675e-05,16,20,False,0.995,0.005,0.66,fixed,100,none,e7f9ddb3-8f5f-4b72-9bd9-db11716f47fd
337,34500,18.692683219909668,1.0,1.0,1.0,0.9960959999999999,0.0,0.0,0.0,0.0,0.0,0.0,0.0,0.0,0.0,0.0,0.0,0.0,0.0,0.0,0.002,0.998,0.052128304705603576,1878,0.00022902359221649272,8.72659722470928e-08,5.01498448709172e-05,16,20,False,0.995,0.005,0.66,fixed,100,none,e7f9ddb3-8f5f-4b72-9bd9-db11716f47fd
338,34600,18.71115803718567,1.0,1.0,1.0,0.9960959999999999,0.0,0.0,0.0,0.0,0.0,0.0,0.0,0.0,0.0,0.0,0.0,0.0,0.0,0.0,0.002,0.998,0.052128304705603576,1878,0.0002286247133888377,8.682260511440066e-08,5.006244605578831e-05,16,20,False,0.995,0.005,0.66,fixed,100,none,e7f9ddb3-8f5f-4b72-9bd9-db11716f47fd
339,34700,18.72973394393921,1.0,1.0,1.0,0.9960959999999999,0.0,0.0,0.0,0.0,0.0,0.0,0.0,0.0,0.0,0.0,0.0,0.0,0.0,0.0,0.002,0.998,0.052128304705603576,1878,0.00022936007837366185,8.68470006124326e-08,5.0223422086110946e-05,16,20,False,0.995,0.005,0.66,fixed,100,none,e7f9ddb3-8f5f-4b72-9bd9-db11716f47fd
340,34800,18.748151063919067,1.0,1.0,1.0,0.9960959999999999,0.0,0.0,0.0,0.0,0.0,0.0,0.0,0.0,0.0,0.0,0.0,0.0,0.0,0.0,0.002,0.998,0.052128304705603576,1878,0.00022852644643213928,8.67233229421537e-08,5.00409165553543e-05,16,20,False,0.995,0.005,0.66,fixed,100,none,e7f9ddb3-8f5f-4b72-9bd9-db11716f47fd
341,35000,18.766491651535034,1.0,1.0,1.0,0.9960959999999999,0.0,0.0,0.0,0.0,0.0,0.0,0.0,0.0,0.0,0.0,0.0,0.0,0.0,0.0,0.002,0.998,0.052128304705603576,1878,0.000230473411221083,8.792771557553385e-08,5.0467335982254425e-05,16,20,False,0.995,0.005,0.66,fixed,100,none,e7f9ddb3-8f5f-4b72-9bd9-db11716f47fd
342,35100,18.78501844406128,1.0,1.0,1.0,0.9960959999999999,0.0,0.0,0.0,0.0,0.0,0.0,0.0,0.0,0.0,0.0,0.0,0.0,0.0,0.0,0.002,0.998,0.052128304705603576,1878,0.00022957006640120215,8.765129425008072e-08,5.0269541281130665e-05,16,20,False,0.995,0.005,0.66,fixed,100,none,e7f9ddb3-8f5f-4b72-9bd9-db11716f47fd
343,35300,18.803651809692383,1.0,1.0,1.0,0.9960959999999999,0.0,0.0,0.0,0.0,0.0,0.0,0.0,0.0,0.0,0.0,0.0,0.0,0.0,0.0,0.002,0.998,0.052128304705603576,1878,0.00022945682703559006,8.804798811605315e-08,5.024482855583271e-05,16,20,False,0.995,0.005,0.66,fixed,100,none,e7f9ddb3-8f5f-4b72-9bd9-db11716f47fd
344,35400,18.82218885421753,1.0,1.0,1.0,0.9960959999999999,0.0,0.0,0.0,0.0,0.0,0.0,0.0,0.0,0.0,0.0,0.0,0.0,0.0,0.0,0.002,0.998,0.052128304705603576,1878,0.00022990682711367252,8.846070677711443e-08,5.034341198947057e-05,16,20,False,0.995,0.005,0.66,fixed,100,none,e7f9ddb3-8f5f-4b72-9bd9-db11716f47fd
345,35600,18.84082818031311,1.0,1.0,1.0,0.9960959999999999,0.0,0.0,0.0,0.0,0.0,0.0,0.0,0.0,0.0,0.0,0.0,0.0,0.0,0.0,0.002,0.998,0.052128304705603576,1878,0.00023133660121821197,8.897984350545859e-08,5.065648817693264e-05,16,20,False,0.995,0.005,0.66,fixed,100,none,e7f9ddb3-8f5f-4b72-9bd9-db11716f47fd
346,35700,18.85954737663269,1.0,1.0,1.0,0.9960959999999999,0.0,0.0,0.0,0.0,0.0,0.0,0.0,0.0,0.0,0.0,0.0,0.0,0.0,0.0,0.002,0.998,0.052128304705603576,1878,0.00023203000175642371,8.934145994633383e-08,5.080834226187096e-05,16,20,False,0.995,0.005,0.66,fixed,100,none,e7f9ddb3-8f5f-4b72-9bd9-db11716f47fd
347,35800,18.878303289413452,1.0,1.0,1.0,0.9960959999999999,0.0,0.0,0.0,0.0,0.0,0.0,0.0,0.0,0.0,0.0,0.0,0.0,0.0,0.0,0.002,0.998,0.052128304705603576,1878,0.00023241541722309408,8.964260820144284e-08,5.089276692569357e-05,16,20,False,0.995,0.005,0.66,fixed,100,none,e7f9ddb3-8f5f-4b72-9bd9-db11716f47fd
348,35900,18.897058725357056,1.0,1.0,1.0,0.9960959999999999,0.0,0.0,0.0,0.0,0.0,0.0,0.0,0.0,0.0,0.0,0.0,0.0,0.0,0.0,0.002,0.998,0.052128304705603576,1878,0.00023252168025298422,8.977867582803185e-08,5.0916053755785574e-05,16,20,False,0.995,0.005,0.66,fixed,100,none,e7f9ddb3-8f5f-4b72-9bd9-db11716f47fd
349,36000,18.91533899307251,1.0,1.0,1.0,0.9960959999999999,0.0,0.0,0.0,0.0,0.0,0.0,0.0,0.0,0.0,0.0,0.0,0.0,0.0,0.0,0.002,0.998,0.052128304705603576,1878,0.0002340431745366066,9.05281539694404e-08,5.124925125531738e-05,16,20,False,0.995,0.005,0.66,fixed,100,none,e7f9ddb3-8f5f-4b72-9bd9-db11716f47fd
350,36100,18.933624267578125,1.0,1.0,1.0,0.9960959999999999,0.0,0.0,0.0,0.0,0.0,0.0,0.0,0.0,0.0,0.0,0.0,0.0,0.0,0.0,0.002,0.998,0.051745274115364996,1879,0.0002336135822850261,9.047487511136938e-08,5.115520338846338e-05,16,20,False,0.995,0.005,0.66,fixed,100,none,e7f9ddb3-8f5f-4b72-9bd9-db11716f47fd
351,36200,18.951857566833496,1.0,1.0,1.0,0.9960959999999999,0.0,0.0,0.0,0.0,0.0,0.0,0.0,0.0,0.0,0.0,0.0,0.0,0.0,0.0,0.002,0.998,0.051745274115364996,1879,0.0002336135822850261,9.047487511136938e-08,5.115520338846338e-05,16,20,False,0.995,0.005,0.66,fixed,100,none,e7f9ddb3-8f5f-4b72-9bd9-db11716f47fd
352,36300,18.970144748687744,1.0,1.0,1.0,0.9960959999999999,0.0,0.0,0.0,0.0,0.0,0.0,0.0,0.0,0.0,0.0,0.0,0.0,0.0,0.0,0.002,0.998,0.051745274115364996,1879,0.00023426773542368237,9.081901792463711e-08,5.129846289764976e-05,16,20,False,0.995,0.005,0.66,fixed,100,none,e7f9ddb3-8f5f-4b72-9bd9-db11716f47fd
353,36400,18.988539457321167,1.0,1.0,1.0,0.9960959999999999,0.0,0.0,0.0,0.0,0.0,0.0,0.0,0.0,0.0,0.0,0.0,0.0,0.0,0.0,0.002,0.998,0.05251033128381009,1877,0.00023554394658864368,9.136493903632163e-08,5.157792924667101e-05,16,20,False,0.995,0.005,0.66,fixed,100,none,e7f9ddb3-8f5f-4b72-9bd9-db11716f47fd
354,36500,19.00691270828247,1.0,1.0,1.0,0.9960959999999999,0.0,0.0,0.0,0.0,0.0,0.0,0.0,0.0,0.0,0.0,0.0,0.0,0.0,0.0,0.002,0.998,0.05251033128381009,1877,0.00023547680343344673,9.141820615857942e-08,5.156324173075162e-05,16,20,False,0.995,0.005,0.66,fixed,100,none,e7f9ddb3-8f5f-4b72-9bd9-db11716f47fd
355,36600,19.02521014213562,1.0,1.0,1.0,0.9960959999999999,0.0,0.0,0.0,0.0,0.0,0.0,0.0,0.0,0.0,0.0,0.0,0.0,0.0,0.0,0.002,0.998,0.05251033128381009,1877,0.00023509635884361394,9.173374419199966e-08,5.148002236226357e-05,16,20,False,0.995,0.005,0.66,fixed,100,none,e7f9ddb3-8f5f-4b72-9bd9-db11716f47fd
356,36800,19.044583797454834,1.0,1.0,1.0,0.9960959999999999,0.0,0.0,0.0,0.0,0.0,0.0,0.0,0.0,0.0,0.0,0.0,0.0,0.0,0.0,0.002,0.998,0.052128304705603576,1878,0.0002335374136111127,9.05524343222576e-08,5.11385448019938e-05,16,20,False,0.995,0.005,0.66,fixed,100,none,e7f9ddb3-8f5f-4b72-9bd9-db11716f47fd
357,36900,19.062899827957153,1.0,1.0,1.0,0.9960959999999999,0.0,0.0,0.0,0.0,0.0,0.0,0.0,0.0,0.0,0.0,0.0,0.0,0.0,0.0,0.002,0.998,0.05251033128381009,1877,0.0002329198531668406,9.027202173841026e-08,5.100330754235171e-05,16,20,False,0.995,0.005,0.66,fixed,100,none,e7f9ddb3-8f5f-4b72-9bd9-db11716f47fd
358,37100,19.0810866355896,1.0,1.0,1.0,0.9960959999999999,0.0,0.0,0.0,0.0,0.0,0.0,0.0,0.0,0.0,0.0,0.0,0.0,0.0,0.0,0.002,0.998,0.051745274115364996,1879,0.0002339616379227667,9.05967211937907e-08,5.123141591832045e-05,16,20,False,0.995,0.005,0.66,fixed,100,none,e7f9ddb3-8f5f-4b72-9bd9-db11716f47fd
359,37200,19.09928560256958,1.0,1.0,1.0,0.9960959999999999,0.0,0.0,0.0,0.0,0.0,0.0,0.0,0.0,0.0,0.0,0.0,0.0,0.0,0.0,0.002,0.998,0.051745274115364996,1879,0.00023269644333553065,9.052546749620536e-08,5.095445128497194e-05,16,20,False,0.995,0.005,0.66,fixed,100,none,e7f9ddb3-8f5f-4b72-9bd9-db11716f47fd
360,37400,19.11775040626526,1.0,1.0,1.0,0.9960959999999999,0.0,0.0,0.0,0.0,0.0,0.0,0.0,0.0,0.0,0.0,0.0,0.0,0.0,0.0,0.002,0.998,0.051745274115364996,1879,0.00023252708799777655,9.064073608615838e-08,5.091740130256966e-05,16,20,False,0.995,0.005,0.66,fixed,100,none,e7f9ddb3-8f5f-4b72-9bd9-db11716f47fd
361,37500,19.136523008346558,1.0,1.0,1.0,0.9960959999999999,0.0,0.0,0.0,0.0,0.0,0.0,0.0,0.0,0.0,0.0,0.0,0.0,0.0,0.0,0.002,0.998,0.051745274115364996,1879,0.00023401194033543255,9.177168766445182e-08,5.1242650360082433e-05,16,20,False,0.995,0.005,0.66,fixed,100,none,e7f9ddb3-8f5f-4b72-9bd9-db11716f47fd
362,37600,19.1556077003479,1.0,1.0,1.0,0.9960959999999999,0.0,0.0,0.0,0.0,0.0,0.0,0.0,0.0,0.0,0.0,0.0,0.0,0.0,0.0,0.002,0.998,0.052128304705603576,1878,0.00023421715009627934,9.129430960471951e-08,5.128748007490045e-05,16,20,False,0.995,0.005,0.66,fixed,100,none,e7f9ddb3-8f5f-4b72-9bd9-db11716f47fd
363,37700,19.174386262893677,1.0,1.0,1.0,0.9960959999999999,0.0,0.0,0.0,0.0,0.0,0.0,0.0,0.0,0.0,0.0,0.0,0.0,0.0,0.0,0.002,0.998,0.052128304705603576,1878,0.00023498025158324415,9.201883724179887e-08,5.145466065064809e-05,16,20,False,0.995,0.005,0.66,fixed,100,none,e7f9ddb3-8f5f-4b72-9bd9-db11716f47fd
364,37800,19.19331979751587,1.0,1.0,1.0,0.9960959999999999,0.0,0.0,0.0,0.0,0.0,0.0,0.0,0.0,0.0,0.0,0.0,0.0,0.0,0.0,0.002,0.998,0.052128304705603576,1878,0.0002327190024919681,9.075633591567845e-08,5.09594333493158e-05,16,20,False,0.995,0.005,0.66,fixed,100,none,e7f9ddb3-8f5f-4b72-9bd9-db11716f47fd
365,37900,19.212161779403687,1.0,1.0,1.0,0.9960959999999999,0.0,0.0,0.0,0.0,0.0,0.0,0.0,0.0,0.0,0.0,0.0,0.0,0.0,0.0,0.002,0.998,0.052128304705603576,1878,0.0002308839661451242,8.998070490739258e-08,5.055759652310009e-05,16,20,False,0.995,0.005,0.66,fixed,100,none,e7f9ddb3-8f5f-4b72-9bd9-db11716f47fd
366,38000,19.23106575012207,1.0,1.0,1.0,0.9960959999999999,0.0,0.0,0.0,0.0,0.0,0.0,0.0,0.0,0.0,0.0,0.0,0.0,0.0,0.0,0.002,0.998,0.051745274115364996,1879,0.00023050539808287563,8.929938565851148e-08,5.04745985236166e-05,16,20,False,0.995,0.005,0.66,fixed,100,none,e7f9ddb3-8f5f-4b72-9bd9-db11716f47fd
367,38100,19.249889373779297,1.0,1.0,1.0,0.9960959999999999,0.0,0.0,0.0,0.0,0.0,0.0,0.0,0.0,0.0,0.0,0.0,0.0,0.0,0.0,0.002,0.998,0.051745274115364996,1879,0.00023050539808287563,8.929938565851148e-08,5.04745985236166e-05,16,20,False,0.995,0.005,0.66,fixed,100,none,e7f9ddb3-8f5f-4b72-9bd9-db11716f47fd
368,38200,19.26876139640808,1.0,1.0,1.0,0.9960959999999999,0.0,0.0,0.0,0.0,0.0,0.0,0.0,0.0,0.0,0.0,0.0,0.0,0.0,0.0,0.002,0.998,0.051745274115364996,1879,0.00023033140465191914,8.966064500849843e-08,5.043658000085671e-05,16,20,False,0.995,0.005,0.66,fixed,100,none,e7f9ddb3-8f5f-4b72-9bd9-db11716f47fd
369,38300,19.28760814666748,1.0,1.0,1.0,0.9960959999999999,0.0,0.0,0.0,0.0,0.0,0.0,0.0,0.0,0.0,0.0,0.0,0.0,0.0,0.0,0.002,0.998,0.051745274115364996,1879,0.0002312243205343194,9.001957064498106e-08,5.0632107483385066e-05,16,20,False,0.995,0.005,0.66,fixed,100,none,e7f9ddb3-8f5f-4b72-9bd9-db11716f47fd
370,38400,19.30651354789734,1.0,1.0,1.0,0.9960959999999999,0.0,0.0,0.0,0.0,0.0,0.0,0.0,0.0,0.0,0.0,0.0,0.0,0.0,0.0,0.002,0.998,0.051745274115364996,1879,0.00023165326707870487,9.005754615556876e-08,5.0726011097298057e-05,16,20,False,0.995,0.005,0.66,fixed,100,none,e7f9ddb3-8f5f-4b72-9bd9-db11716f47fd
371,38600,19.325506448745728,1.0,1.0,1.0,0.9960959999999999,0.0,0.0,0.0,0.0,0.0,0.0,0.0,0.0,0.0,0.0,0.0,0.0,0.0,0.0,0.002,0.998,0.051745274115364996,1879,0.00023119524845401256,8.939747089500814e-08,5.06256254060534e-05,16,20,False,0.995,0.005,0.66,fixed,100,none,e7f9ddb3-8f5f-4b72-9bd9-db11716f47fd
372,38700,19.34467363357544,1.0,1.0,1.0,0.9960959999999999,0.0,0.0,0.0,0.0,0.0,0.0,0.0,0.0,0.0,0.0,0.0,0.0,0.0,0.0,0.002,0.998,0.052128304705603576,1878,0.0002316367089180112,9.015251955097003e-08,5.072240456086734e-05,16,20,False,0.995,0.005,0.66,fixed,100,none,e7f9ddb3-8f5f-4b72-9bd9-db11716f47fd
373,38900,19.363952159881592,1.0,1.0,1.0,0.9960959999999999,0.0,0.0,0.0,0.0,0.0,0.0,0.0,0.0,0.0,0.0,0.0,0.0,0.0,0.0,0.002,0.998,0.052128304705603576,1878,0.0002326835677190386,9.016273270766595e-08,5.095156389291201e-05,16,20,False,0.995,0.005,0.66,fixed,100,none,e7f9ddb3-8f5f-4b72-9bd9-db11716f47fd
374,39000,19.383097171783447,1.0,1.0,1.0,0.9960959999999999,0.0,0.0,0.0,0.0,0.0,0.0,0.0,0.0,0.0,0.0,0.0,0.0,0.0,0.0,0.002,0.998,0.052128304705603576,1878,0.0002326835677190386,9.016273270766595e-08,5.095156389291201e-05,16,20,False,0.995,0.005,0.66,fixed,100,none,e7f9ddb3-8f5f-4b72-9bd9-db11716f47fd
375,39100,19.401750326156616,1.0,1.0,1.0,0.9960959999999999,0.0,0.0,0.0,0.0,0.0,0.0,0.0,0.0,0.0,0.0,0.0,0.0,0.0,0.0,0.002,0.998,0.052128304705603576,1878,0.00023552292880733231,9.212706173940956e-08,5.157347325765553e-05,16,20,False,0.995,0.005,0.66,fixed,100,none,e7f9ddb3-8f5f-4b72-9bd9-db11716f47fd
376,39300,19.42022967338562,1.0,1.0,1.0,0.9960959999999999,0.0,0.0,0.0,0.0,0.0,0.0,0.0,0.0,0.0,0.0,0.0,0.0,0.0,0.0,0.002,0.998,0.052128304705603576,1878,0.00023530246608648682,9.23637998728565e-08,5.152525894830781e-05,16,20,False,0.995,0.005,0.66,fixed,100,none,e7f9ddb3-8f5f-4b72-9bd9-db11716f47fd
377,39400,19.438822746276855,1.0,1.0,1.0,0.9960959999999999,0.0,0.0,0.0,0.0,0.0,0.0,0.0,0.0,0.0,0.0,0.0,0.0,0.0,0.0,0.002,0.998,0.052128304705603576,1878,0.00023628665033959456,9.332005492416839e-08,5.1740878569772844e-05,16,20,False,0.995,0.005,0.66,fixed,100,none,e7f9ddb3-8f5f-4b72-9bd9-db11716f47fd
378,39600,19.45756506919861,1.0,1.0,1.0,0.9960959999999999,0.0,0.0,0.0,0.0,0.0,0.0,0.0,0.0,0.0,0.0,0.0,0.0,0.0,0.0,0.002,0.998,0.051745274115364996,1879,0.00023964041997078165,9.494501428436e-08,5.2475327484318134e-05,16,20,False,0.995,0.005,0.66,fixed,100,none,e7f9ddb3-8f5f-4b72-9bd9-db11716f47fd
379,39700,19.476382732391357,1.0,1.0,1.0,0.9960959999999999,0.0,0.0,0.0,0.0,0.0,0.0,0.0,0.0,0.0,0.0,0.0,0.0,0.0,0.0,0.002,0.998,0.051745274115364996,1879,0.00024147297783477976,9.598743934358378e-08,5.2876672461508576e-05,16,20,False,0.995,0.005,0.66,fixed,100,none,e7f9ddb3-8f5f-4b72-9bd9-db11716f47fd
380,39900,19.49509286880493,1.0,1.0,1.0,0.9960959999999999,0.0,0.0,0.0,0.0,0.0,0.0,0.0,0.0,0.0,0.0,0.0,0.0,0.0,0.0,0.002,0.998,0.051745274115364996,1879,0.000240420937329573,9.592600515247003e-08,5.26463691224225e-05,16,20,False,0.995,0.005,0.66,fixed,100,none,e7f9ddb3-8f5f-4b72-9bd9-db11716f47fd
381,40000,19.51377248764038,1.0,1.0,1.0,0.9960959999999999,0.0,0.0,0.0,0.0,0.0,0.0,0.0,0.0,0.0,0.0,0.0,0.0,0.0,0.0,0.002,0.998,0.051745274115364996,1879,0.000241014694602707,9.611568551085728e-08,5.277637862877963e-05,16,20,False,0.995,0.005,0.66,fixed,100,none,e7f9ddb3-8f5f-4b72-9bd9-db11716f47fd
382,40100,19.532455444335938,1.0,1.0,1.0,0.9960959999999999,0.0,0.0,0.0,0.0,0.0,0.0,0.0,0.0,0.0,0.0,0.0,0.0,0.0,0.0,0.002,0.998,0.051745274115364996,1879,0.00024084062914632792,9.614094315043009e-08,5.2738280499329766e-05,16,20,False,0.995,0.005,0.66,fixed,100,none,e7f9ddb3-8f5f-4b72-9bd9-db11716f47fd
383,40300,19.55093216896057,1.0,1.0,1.0,0.9960959999999999,0.0,0.0,0.0,0.0,0.0,0.0,0.0,0.0,0.0,0.0,0.0,0.0,0.0,0.0,0.002,0.998,0.051745274115364996,1879,0.00024148110015637586,9.664406364180809e-08,5.287857519632262e-05,16,20,False,0.995,0.005,0.66,fixed,100,none,e7f9ddb3-8f5f-4b72-9bd9-db11716f47fd
384,40400,19.5691397190094,1.0,1.0,1.0,0.9960959999999999,0.0,0.0,0.0,0.0,0.0,0.0,0.0,0.0,0.0,0.0,0.0,0.0,0.0,0.0,0.002,0.998,0.051745274115364996,1879,0.00024128142178132418,9.649548451747527e-08,5.2834837369990184e-05,16,20,False,0.995,0.005,0.66,fixed,100,none,e7f9ddb3-8f5f-4b72-9bd9-db11716f47fd
385,40500,19.58719563484192,1.0,1.0,1.0,0.9960959999999999,0.0,0.0,0.0,0.0,0.0,0.0,0.0,0.0,0.0,0.0,0.0,0.0,0.0,0.0,0.002,0.998,0.051745274115364996,1879,0.00024196769370664578,9.777408998128041e-08,5.2985305229481205e-05,16,20,False,0.995,0.005,0.66,fixed,100,none,e7f9ddb3-8f5f-4b72-9bd9-db11716f47fd
386,40600,19.605578660964966,1.0,1.0,1.0,0.9960959999999999,0.0,0.0,0.0,0.0,0.0,0.0,0.0,0.0,0.0,0.0,0.0,0.0,0.0,0.0,0.002,0.998,0.051745274115364996,1879,0.00024289194393055648,9.783326020782402e-08,5.3187634845838304e-05,16,20,False,0.995,0.005,0.66,fixed,100,none,e7f9ddb3-8f5f-4b72-9bd9-db11716f47fd
387,40700,19.62438130378723,1.0,1.0,1.0,0.9960959999999999,0.0,0.0,0.0,0.0,0.0,0.0,0.0,0.0,0.0,0.0,0.0,0.0,0.0,0.0,0.002,0.998,0.051745274115364996,1879,0.00024346590428472924,9.771937814750631e-08,5.331325312977526e-05,16,20,False,0.995,0.005,0.66,fixed,100,none,e7f9ddb3-8f5f-4b72-9bd9-db11716f47fd
388,40800,19.643099784851074,1.0,1.0,1.0,0.9960959999999999,0.0,0.0,0.0,0.0,0.0,0.0,0.0,0.0,0.0,0.0,0.0,0.0,0.0,0.0,0.002,0.998,0.051745274115364996,1879,0.00024441796232387936,9.804687118424331e-08,5.35217208582222e-05,16,20,False,0.995,0.005,0.66,fixed,100,none,e7f9ddb3-8f5f-4b72-9bd9-db11716f47fd
389,40900,19.661561489105225,1.0,1.0,1.0,0.9960959999999999,0.0,0.0,0.0,0.0,0.0,0.0,0.0,0.0,0.0,0.0,0.0,0.0,0.0,0.0,0.002,0.998,0.051745274115364996,1879,0.00024378156390424843,9.764604945704816e-08,5.3382337088036823e-05,16,20,False,0.995,0.005,0.66,fixed,100,none,e7f9ddb3-8f5f-4b72-9bd9-db11716f47fd
390,41000,19.680084705352783,1.0,1.0,1.0,0.9960959999999999,0.0,0.0,0.0,0.0,0.0,0.0,0.0,0.0,0.0,0.0,0.0,0.0,0.0,0.0,0.002,0.998,0.051745274115364996,1879,0.00024561112975495723,9.835358999951902e-08,5.378296348546005e-05,16,20,False,0.995,0.005,0.66,fixed,100,none,e7f9ddb3-8f5f-4b72-9bd9-db11716f47fd
391,41100,19.69921636581421,1.0,1.0,1.0,0.9960959999999999,0.0,0.0,0.0,0.0,0.0,0.0,0.0,0.0,0.0,0.0,0.0,0.0,0.0,0.0,0.002,0.998,0.051745274115364996,1879,0.00024563502817567703,9.873391231949636e-08,5.378826711099641e-05,16,20,False,0.995,0.005,0.66,fixed,100,none,e7f9ddb3-8f5f-4b72-9bd9-db11716f47fd
392,41200,19.718254566192627,1.0,1.0,1.0,0.9960959999999999,0.0,0.0,0.0,0.0,0.0,0.0,0.0,0.0,0.0,0.0,0.0,0.0,0.0,0.0,0.002,0.998,0.051745274115364996,1879,0.0002459635681421402,9.930499731600233e-08,5.3860293015804534e-05,16,20,False,0.995,0.005,0.66,fixed,100,none,e7f9ddb3-8f5f-4b72-9bd9-db11716f47fd
393,41300,19.73740267753601,1.0,1.0,1.0,0.9960959999999999,0.0,0.0,0.0,0.0,0.0,0.0,0.0,0.0,0.0,0.0,0.0,0.0,0.0,0.0,0.002,0.998,0.051745274115364996,1879,0.0002445669053786226,9.928403444468951e-08,5.355455955392498e-05,16,20,False,0.995,0.005,0.66,fixed,100,none,e7f9ddb3-8f5f-4b72-9bd9-db11716f47fd
394,41400,19.75646662712097,1.0,1.0,1.0,0.9960959999999999,0.0,0.0,0.0,0.0,0.0,0.0,0.0,0.0,0.0,0.0,0.0,0.0,0.0,0.0,0.002,0.998,0.051745274115364996,1879,0.0002453626656339974,9.988860433376087e-08,5.3728866342105454e-05,16,20,False,0.995,0.005,0.66,fixed,100,none,e7f9ddb3-8f5f-4b72-9bd9-db11716f47fd
395,41500,19.77603268623352,1.0,1.0,1.0,0.9960959999999999,0.0,0.0,0.0,0.0,0.0,0.0,0.0,0.0,0.0,0.0,0.0,0.0,0.0,0.0,0.002,0.998,0.051745274115364996,1879,0.00024473844972139986,9.978423590818885e-08,5.359220564883699e-05,16,20,False,0.995,0.005,0.66,fixed,100,none,e7f9ddb3-8f5f-4b72-9bd9-db11716f47fd
396,41600,19.795075178146362,1.0,1.0,1.0,0.9960959999999999,0.0,0.0,0.0,0.0,0.0,0.0,0.0,0.0,0.0,0.0,0.0,0.0,0.0,0.0,0.002,0.998,0.051745274115364996,1879,0.00024603059294910534,1.0083062907490174e-07,5.387525461608339e-05,16,20,False,0.995,0.005,0.66,fixed,100,none,e7f9ddb3-8f5f-4b72-9bd9-db11716f47fd
397,41700,19.81391191482544,1.0,1.0,1.0,0.9960959999999999,0.0,0.0,0.0,0.0,0.0,0.0,0.0,0.0,0.0,0.0,0.0,0.0,0.0,0.0,0.002,0.998,0.051745274115364996,1879,0.00024567406426273796,1.011585880601784e-07,5.379727279884478e-05,16,20,False,0.995,0.005,0.66,fixed,100,none,e7f9ddb3-8f5f-4b72-9bd9-db11716f47fd
398,41800,19.832409143447876,1.0,1.0,1.0,0.9960959999999999,0.0,0.0,0.0,0.0,0.0,0.0,0.0,0.0,0.0,0.0,0.0,0.0,0.0,0.0,0.002,0.998,0.051745274115364996,1879,0.0002460755676746655,1.0153762275592072e-07,5.3885233912307916e-05,16,20,False,0.995,0.005,0.66,fixed,100,none,e7f9ddb3-8f5f-4b72-9bd9-db11716f47fd
399,41900,19.85109043121338,1.0,1.0,1.0,0.9960959999999999,0.0,0.0,0.0,0.0,0.0,0.0,0.0,0.0,0.0,0.0,0.0,0.0,0.0,0.0,0.002,0.998,0.051745274115364996,1879,0.00024630612588081793,1.0178645656382889e-07,5.393575038205818e-05,16,20,False,0.995,0.005,0.66,fixed,100,none,e7f9ddb3-8f5f-4b72-9bd9-db11716f47fd
400,42000,19.870052337646484,1.0,1.0,1.0,0.9960959999999999,0.0,0.0,0.0,0.0,0.0,0.0,0.0,0.0,0.0,0.0,0.0,0.0,0.0,0.0,0.002,0.998,0.051745274115364996,1879,0.00024574301401109874,1.0166752720898813e-07,5.381246259719922e-05,16,20,False,0.995,0.005,0.66,fixed,100,none,e7f9ddb3-8f5f-4b72-9bd9-db11716f47fd
401,42200,19.88881802558899,1.0,1.0,1.0,0.9960959999999999,0.0,0.0,0.0,0.0,0.0,0.0,0.0,0.0,0.0,0.0,0.0,0.0,0.0,0.0,0.002,0.998,0.051745274115364996,1879,0.0002462560562057939,1.0201647757589667e-07,5.392483383418771e-05,16,20,False,0.995,0.005,0.66,fixed,100,none,e7f9ddb3-8f5f-4b72-9bd9-db11716f47fd
402,42300,19.907345056533813,1.0,1.0,1.0,0.9960959999999999,0.0,0.0,0.0,0.0,0.0,0.0,0.0,0.0,0.0,0.0,0.0,0.0,0.0,0.0,0.002,0.998,0.051745274115364996,1879,0.0002481980635844997,1.0295424664902085e-07,5.43501174255103e-05,16,20,False,0.995,0.005,0.66,fixed,100,none,e7f9ddb3-8f5f-4b72-9bd9-db11716f47fd
403,42400,19.92583918571472,1.0,1.0,1.0,0.9960959999999999,0.0,0.0,0.0,0.0,0.0,0.0,0.0,0.0,0.0,0.0,0.0,0.0,0.0,0.0,0.002,0.998,0.051745274115364996,1879,0.0002474149848608001,1.0307460909067691e-07,5.417872436175638e-05,16,20,False,0.995,0.005,0.66,fixed,100,none,e7f9ddb3-8f5f-4b72-9bd9-db11716f47fd
404,42500,19.94450545310974,1.0,1.0,1.0,0.9960959999999999,0.0,0.0,0.0,0.0,0.0,0.0,0.0,0.0,0.0,0.0,0.0,0.0,0.0,0.0,0.002,0.998,0.051745274115364996,1879,0.0002471397061715124,1.0333398706453853e-07,5.4118515138486324e-05,16,20,False,0.995,0.005,0.66,fixed,100,none,e7f9ddb3-8f5f-4b72-9bd9-db11716f47fd
405,42600,19.963244199752808,1.0,1.0,1.0,0.9960959999999999,0.0,0.0,0.0,0.0,0.0,0.0,0.0,0.0,0.0,0.0,0.0,0.0,0.0,0.0,0.002,0.998,0.051745274115364996,1879,0.00024663985618217534,1.0315290452370362e-07,5.400906357013769e-05,16,20,False,0.995,0.005,0.66,fixed,100,none,e7f9ddb3-8f5f-4b72-9bd9-db11716f47fd
406,42700,19.982039213180542,1.0,1.0,1.0,0.9960959999999999,0.0,0.0,0.0,0.0,0.0,0.0,0.0,0.0,0.0,0.0,0.0,0.0,0.0,0.0,0.002,0.998,0.051745274115365,1879,0.0002477552571488225,1.0307587676371073e-07,5.425321020646235e-05,16,20,False,0.995,0.005,0.66,fixed,100,none,e7f9ddb3-8f5f-4b72-9bd9-db11716f47fd
407,42900,20.000559091567993,1.0,1.0,1.0,0.9960959999999999,0.0,0.0,0.0,0.0,0.0,0.0,0.0,0.0,0.0,0.0,0.0,0.0,0.0,0.0,0.002,0.998,0.0513612395130943,1880,0.00025070310316606506,1.04878516127289e-07,5.4898836201115826e-05,16,20,False,0.995,0.005,0.66,fixed,100,none,e7f9ddb3-8f5f-4b72-9bd9-db11716f47fd
408,43000,20.01918625831604,1.0,1.0,1.0,0.9960959999999999,0.0,0.0,0.0,0.0,0.0,0.0,0.0,0.0,0.0,0.0,0.0,0.0,0.0,0.0,0.002,0.998,0.0513612395130943,1880,0.0002521334756470253,1.0545426832483312e-07,5.5212054130115564e-05,16,20,False,0.995,0.005,0.66,fixed,100,none,e7f9ddb3-8f5f-4b72-9bd9-db11716f47fd
409,43100,20.037771463394165,1.0,1.0,1.0,0.9960959999999999,0.0,0.0,0.0,0.0,0.0,0.0,0.0,0.0,0.0,0.0,0.0,0.0,0.0,0.0,0.002,0.998,0.0513612395130943,1880,0.00025296062187100217,1.0573382022827942e-07,5.539316955340575e-05,16,20,False,0.995,0.005,0.66,fixed,100,none,e7f9ddb3-8f5f-4b72-9bd9-db11716f47fd
410,43200,20.056482076644897,1.0,1.0,1.0,0.9960959999999999,0.0,0.0,0.0,0.0,0.0,0.0,0.0,0.0,0.0,0.0,0.0,0.0,0.0,0.0,0.002,0.998,0.0513612395130943,1880,0.00025210020358448456,1.0532310910041726e-07,5.520474595537276e-05,16,20,False,0.995,0.005,0.66,fixed,100,none,e7f9ddb3-8f5f-4b72-9bd9-db11716f47fd
411,43300,20.07490301132202,1.0,1.0,1.0,0.9960959999999999,0.0,0.0,0.0,0.0,0.0,0.0,0.0,0.0,0.0,0.0,0.0,0.0,0.0,0.0,0.002,0.998,0.0513612395130943,1880,0.0002524208487450013,1.0583509718731754e-07,5.5275032458746386e-05,16,20,False,0.995,0.005,0.66,fixed,100,none,e7f9ddb3-8f5f-4b72-9bd9-db11716f47fd
412,43400,20.093222856521606,1.0,1.0,1.0,0.9960959999999999,0.0,0.0,0.0,0.0,0.0,0.0,0.0,0.0,0.0,0.0,0.0,0.0,0.0,0.0,0.002,0.998,0.0513612395130943,1880,0.0002534552819261323,1.0612942517438409e-07,5.55015258044135e-05,16,20,False,0.995,0.005,0.66,fixed,100,none,e7f9ddb3-8f5f-4b72-9bd9-db11716f47fd
413,43600,20.11257314682007,1.0,1.0,1.0,0.9960959999999999,0.0,0.0,0.0,0.0,0.0,0.0,0.0,0.0,0.0,0.0,0.0,0.0,0.0,0.0,0.002,0.998,0.0513612395130943,1880,0.00025399263299494474,1.0651603507546095e-07,5.5619225409257744e-05,16,20,False,0.995,0.005,0.66,fixed,100,none,e7f9ddb3-8f5f-4b72-9bd9-db11716f47fd
414,43700,20.131032705307007,1.0,1.0,1.0,0.9960959999999999,0.0,0.0,0.0,0.0,0.0,0.0,0.0,0.0,0.0,0.0,0.0,0.0,0.0,0.0,0.002,0.998,0.0513612395130943,1880,0.0002547414369181423,1.0722097945691023e-07,5.578327252747817e-05,16,20,False,0.995,0.005,0.66,fixed,100,none,e7f9ddb3-8f5f-4b72-9bd9-db11716f47fd
415,43800,20.149587869644165,1.0,1.0,1.0,0.9960959999999999,0.0,0.0,0.0,0.0,0.0,0.0,0.0,0.0,0.0,0.0,0.0,0.0,0.0,0.0,0.002,0.998,0.0513612395130943,1880,0.0002543715899087778,1.0692575128352896e-07,5.570225692377533e-05,16,20,False,0.995,0.005,0.66,fixed,100,none,e7f9ddb3-8f5f-4b72-9bd9-db11716f47fd
416,44000,20.1677463054657,1.0,1.0,1.0,0.9960959999999999,0.0,0.0,0.0,0.0,0.0,0.0,0.0,0.0,0.0,0.0,0.0,0.0,0.0,0.0,0.002,0.998,0.0513612395130943,1880,0.0002540808131621709,1.0693758059828826e-07,5.5638608141512895e-05,16,20,False,0.995,0.005,0.66,fixed,100,none,e7f9ddb3-8f5f-4b72-9bd9-db11716f47fd
417,44100,20.186018466949463,1.0,1.0,1.0,0.9960959999999999,0.0,0.0,0.0,0.0,0.0,0.0,0.0,0.0,0.0,0.0,0.0,0.0,0.0,0.0,0.002,0.998,0.0513612395130943,1880,0.0002540808131621709,1.0693758059828826e-07,5.5638608141512895e-05,16,20,False,0.995,0.005,0.66,fixed,100,none,e7f9ddb3-8f5f-4b72-9bd9-db11716f47fd
418,44200,20.204110622406006,1.0,1.0,1.0,0.9960959999999999,0.0,0.0,0.0,0.0,0.0,0.0,0.0,0.0,0.0,0.0,0.0,0.0,0.0,0.0,0.002,0.998,0.0513612395130943,1880,0.00025471296811437457,1.0746686343022078e-07,5.5777087424288334e-05,16,20,False,0.995,0.005,0.66,fixed,100,none,e7f9ddb3-8f5f-4b72-9bd9-db11716f47fd
419,44300,20.222373485565186,1.0,1.0,1.0,0.9960959999999999,0.0,0.0,0.0,0.0,0.0,0.0,0.0,0.0,0.0,0.0,0.0,0.0,0.0,0.0,0.002,0.998,0.0513612395130943,1880,0.0002543046055423265,1.0748666292805613e-07,5.568770061917161e-05,16,20,False,0.995,0.005,0.66,fixed,100,none,e7f9ddb3-8f5f-4b72-9bd9-db11716f47fd
420,44400,20.240476369857788,1.0,1.0,1.0,0.9960959999999999,0.0,0.0,0.0,0.0,0.0,0.0,0.0,0.0,0.0,0.0,0.0,0.0,0.0,0.0,0.002,0.998,0.0513612395130943,1880,0.00025462461611738574,1.0801554859309434e-07,5.575785142232843e-05,16,20,False,0.995,0.005,0.66,fixed,100,none,e7f9ddb3-8f5f-4b72-9bd9-db11716f47fd
421,44500,20.259016036987305,1.0,1.0,1.0,0.9960959999999999,0.0,0.0,0.0,0.0,0.0,0.0,0.0,0.0,0.0,0.0,0.0,0.0,0.0,0.0,0.002,0.998,0.0513612395130943,1880,0.00025437003082096727,1.0754384814570901e-07,5.5702033077857425e-05,16,20,False,0.995,0.005,0.66,fixed,100,none,e7f9ddb3-8f5f-4b72-9bd9-db11716f47fd
422,44700,20.277747631072998,1.0,1.0,1.0,0.9960959999999999,0.0,0.0,0.0,0.0,0.0,0.0,0.0,0.0,0.0,0.0,0.0,0.0,0.0,0.0,0.002,0.998,0.0513612395130943,1880,0.0002557945891995448,1.0868351317398069e-07,5.601408544328341e-05,16,20,False,0.995,0.005,0.66,fixed,100,none,e7f9ddb3-8f5f-4b72-9bd9-db11716f47fd
423,44800,20.29668378829956,1.0,1.0,1.0,0.9960959999999999,0.0,0.0,0.0,0.0,0.0,0.0,0.0,0.0,0.0,0.0,0.0,0.0,0.0,0.0,0.002,0.998,0.0513612395130943,1880,0.00025555271180958456,1.0866510311302989e-07,5.5961134984709535e-05,16,20,False,0.995,0.005,0.66,fixed,100,none,e7f9ddb3-8f5f-4b72-9bd9-db11716f47fd
424,44900,20.31562566757202,1.0,1.0,1.0,0.9960959999999999,0.0,0.0,0.0,0.0,0.0,0.0,0.0,0.0,0.0,0.0,0.0,0.0,0.0,0.0,0.002,0.998,0.0513612395130943,1880,0.0002571954814988795,1.1021044442390574e-07,5.6321030884545265e-05,16,20,False,0.995,0.005,0.66,fixed,100,none,e7f9ddb3-8f5f-4b72-9bd9-db11716f47fd
425,45000,20.334234476089478,1.0,1.0,1.0,0.9960959999999999,0.0,0.0,0.0,0.0,0.0,0.0,0.0,0.0,0.0,0.0,0.0,0.0,0.0,0.0,0.002,0.998,0.0513612395130943,1880,0.0002571954814988795,1.1021044442390574e-07,5.6321030884545265e-05,16,20,False,0.995,0.005,0.66,fixed,100,none,e7f9ddb3-8f5f-4b72-9bd9-db11716f47fd
426,45100,20.3528835773468,1.0,1.0,1.0,0.9960959999999999,0.0,0.0,0.0,0.0,0.0,0.0,0.0,0.0,0.0,0.0,0.0,0.0,0.0,0.0,0.002,0.998,0.0513612395130943,1880,0.0002579592212400822,1.1046725917094741e-07,5.648826230869647e-05,16,20,False,0.995,0.005,0.66,fixed,100,none,e7f9ddb3-8f5f-4b72-9bd9-db11716f47fd
427,45200,20.371119499206543,1.0,1.0,1.0,0.9960959999999999,0.0,0.0,0.0,0.0,0.0,0.0,0.0,0.0,0.0,0.0,0.0,0.0,0.0,0.0,0.002,0.998,0.0513612395130943,1880,0.00025921827397473106,1.1154518420566046e-07,5.676407375806771e-05,16,20,False,0.995,0.005,0.66,fixed,100,none,e7f9ddb3-8f5f-4b72-9bd9-db11716f47fd
428,45300,20.389228343963623,1.0,1.0,1.0,0.9960959999999999,0.0,0.0,0.0,0.0,0.0,0.0,0.0,0.0,0.0,0.0,0.0,0.0,0.0,0.0,0.002,0.998,0.0513612395130943,1880,0.00026096841780958336,1.1295938618044783e-07,5.7147448941892085e-05,16,20,False,0.995,0.005,0.66,fixed,100,none,e7f9ddb3-8f5f-4b72-9bd9-db11716f47fd
429,45400,20.407342433929443,1.0,1.0,1.0,0.9960959999999999,0.0,0.0,0.0,0.0,0.0,0.0,0.0,0.0,0.0,0.0,0.0,0.0,0.0,0.0,0.002,0.998,0.0513612395130943,1880,0.00026290346024153346,1.1407348392689861e-07,5.757124140881779e-05,16,20,False,0.995,0.005,0.66,fixed,100,none,e7f9ddb3-8f5f-4b72-9bd9-db11716f47fd
430,45500,20.42535924911499,1.0,1.0,1.0,0.9960959999999999,0.0,0.0,0.0,0.0,0.0,0.0,0.0,0.0,0.0,0.0,0.0,0.0,0.0,0.0,0.002,0.998,0.0513612395130943,1880,0.00026167448839002736,1.125933466935231e-07,5.730193824444876e-05,16,20,False,0.995,0.005,0.66,fixed,100,none,e7f9ddb3-8f5f-4b72-9bd9-db11716f47fd
431,45600,20.44340944290161,1.0,1.0,1.0,0.9960959999999999,0.0,0.0,0.0,0.0,0.0,0.0,0.0,0.0,0.0,0.0,0.0,0.0,0.0,0.0,0.002,0.998,0.0513612395130943,1880,0.0002620648141321176,1.1246643274895807e-07,5.7387356435742844e-05,16,20,False,0.995,0.005,0.66,fixed,100,none,e7f9ddb3-8f5f-4b72-9bd9-db11716f47fd
432,45800,20.46152400970459,1.0,1.0,1.0,0.9960959999999999,0.0,0.0,0.0,0.0,0.0,0.0,0.0,0.0,0.0,0.0,0.0,0.0,0.0,0.0,0.002,0.998,0.0513612395130943,1880,0.00026239860363325303,1.1283204611396918e-07,5.746049242408075e-05,16,20,False,0.995,0.005,0.66,fixed,100,none,e7f9ddb3-8f5f-4b72-9bd9-db11716f47fd
433,45900,20.489702701568604,1.0,1.0,1.0,0.9960959999999999,0.0,0.0,0.0,0.0,0.0,0.0,0.0,0.0,0.0,0.0,0.0,0.0,0.0,0.0,0.002,0.998,0.0513612395130943,1880,0.00026387082293356757,1.140994625355688e-07,5.7783002038039705e-05,16,20,False,0.995,0.005,0.66,fixed,100,none,e7f9ddb3-8f5f-4b72-9bd9-db11716f47fd
434,46000,20.526894092559814,1.0,1.0,1.0,0.9960959999999999,0.0,0.0,0.0,0.0,0.0,0.0,0.0,0.0,0.0,0.0,0.0,0.0,0.0,0.0,0.002,0.998,0.0513612395130943,1880,0.0002662547085258064,1.1616811585371355e-07,5.830522763831123e-05,16,20,False,0.995,0.005,0.66,fixed,100,none,e7f9ddb3-8f5f-4b72-9bd9-db11716f47fd
435,46100,20.586528778076172,1.0,1.0,1.0,0.9960959999999999,0.0,0.0,0.0,0.0,0.0,0.0,0.0,0.0,0.0,0.0,0.0,0.0,0.0,0.0,0.002,0.998,0.0513612395130943,1880,0.0002671295398316245,1.1662614626309839e-07,5.84968152369326e-05,16,20,False,0.995,0.005,0.66,fixed,100,none,e7f9ddb3-8f5f-4b72-9bd9-db11716f47fd
436,46200,20.615545749664307,1.0,1.0,1.0,0.9960959999999999,0.0,0.0,0.0,0.0,0.0,0.0,0.0,0.0,0.0,0.0,0.0,0.0,0.0,0.0,0.002,0.998,0.0513612395130943,1880,0.0002687262640781422,1.1754583738606817e-07,5.884651291580869e-05,16,20,False,0.995,0.005,0.66,fixed,100,none,e7f9ddb3-8f5f-4b72-9bd9-db11716f47fd
437,46300,20.6353120803833,1.0,1.0,1.0,0.9960959999999999,0.0,0.0,0.0,0.0,0.0,0.0,0.0,0.0,0.0,0.0,0.0,0.0,0.0,0.0,0.002,0.998,0.0513612395130943,1880,0.0002687262640781422,1.1754583738606817e-07,5.884651291580869e-05,16,20,False,0.995,0.005,0.66,fixed,100,none,e7f9ddb3-8f5f-4b72-9bd9-db11716f47fd
438,46400,20.660547494888306,1.0,1.0,1.0,0.9960959999999999,0.0,0.0,0.0,0.0,0.0,0.0,0.0,0.0,0.0,0.0,0.0,0.0,0.0,0.0,0.002,0.998,0.0513612395130943,1880,0.00026906304611462004,1.1731312359200178e-07,5.892019028797281e-05,16,20,False,0.995,0.005,0.66,fixed,100,none,e7f9ddb3-8f5f-4b72-9bd9-db11716f47fd
439,46500,20.697544813156128,1.0,1.0,1.0,0.9960959999999999,0.0,0.0,0.0,0.0,0.0,0.0,0.0,0.0,0.0,0.0,0.0,0.0,0.0,0.0,0.002,0.998,0.0513612395130943,1880,0.00026956818485539985,1.1832759371525259e-07,5.903095790765293e-05,16,20,False,0.995,0.005,0.66,fixed,100,none,e7f9ddb3-8f5f-4b72-9bd9-db11716f47fd
440,46600,20.718475103378296,1.0,1.0,1.0,0.9960959999999999,0.0,0.0,0.0,0.0,0.0,0.0,0.0,0.0,0.0,0.0,0.0,0.0,0.0,0.0,0.002,0.998,0.0513612395130943,1880,0.0002711319461438308,1.198845232396579e-07,5.93735610703001e-05,16,20,False,0.995,0.005,0.66,fixed,100,none,e7f9ddb3-8f5f-4b72-9bd9-db11716f47fd
441,46700,20.746219158172607,1.0,1.0,1.0,0.9960959999999999,0.0,0.0,0.0,0.0,0.0,0.0,0.0,0.0,0.0,0.0,0.0,0.0,0.0,0.0,0.002,0.998,0.0513612395130943,1880,0.0002711319461438308,1.198845232396579e-07,5.93735610703001e-05,16,20,False,0.995,0.005,0.66,fixed,100,none,e7f9ddb3-8f5f-4b72-9bd9-db11716f47fd
442,46800,20.765081644058228,1.0,1.0,1.0,0.9960959999999999,0.0,0.0,0.0,0.0,0.0,0.0,0.0,0.0,0.0,0.0,0.0,0.0,0.0,0.0,0.002,0.998,0.0513612395130943,1880,0.0002710514356682131,1.199706287853829e-07,5.935595368724107e-05,16,20,False,0.995,0.005,0.66,fixed,100,none,e7f9ddb3-8f5f-4b72-9bd9-db11716f47fd
443,46900,20.79286503791809,1.0,1.0,1.0,0.9960959999999999,0.0,0.0,0.0,0.0,0.0,0.0,0.0,0.0,0.0,0.0,0.0,0.0,0.0,0.0,0.002,0.998,0.0513612395130943,1880,0.0002717811556673292,1.1992982464345463e-07,5.951568164226062e-05,16,20,False,0.995,0.005,0.66,fixed,100,none,e7f9ddb3-8f5f-4b72-9bd9-db11716f47fd
444,47100,20.811573266983032,1.0,1.0,1.0,0.9960959999999999,0.0,0.0,0.0,0.0,0.0,0.0,0.0,0.0,0.0,0.0,0.0,0.0,0.0,0.0,0.002,0.998,0.0513612395130943,1880,0.0002724665435674281,1.1992408307012273e-07,5.966571196269334e-05,16,20,False,0.995,0.005,0.66,fixed,100,none,e7f9ddb3-8f5f-4b72-9bd9-db11716f47fd
445,47200,20.834650993347168,1.0,1.0,1.0,0.9960959999999999,0.0,0.0,0.0,0.0,0.0,0.0,0.0,0.0,0.0,0.0,0.0,0.0,0.0,0.0,0.002,0.998,0.0513612395130943,1880,0.0002723161323750238,1.200728493135341e-07,5.963281521826229e-05,16,20,False,0.995,0.005,0.66,fixed,100,none,e7f9ddb3-8f5f-4b72-9bd9-db11716f47fd
446,47300,20.853346824645996,1.0,1.0,1.0,0.9960959999999999,0.0,0.0,0.0,0.0,0.0,0.0,0.0,0.0,0.0,0.0,0.0,0.0,0.0,0.0,0.002,0.998,0.0513612395130943,1880,0.0002720130578020664,1.2002281515440548e-07,5.956646268775167e-05,16,20,False,0.995,0.005,0.66,fixed,100,none,e7f9ddb3-8f5f-4b72-9bd9-db11716f47fd
447,47400,20.875909328460693,1.0,1.0,1.0,0.9960959999999999,0.0,0.0,0.0,0.0,0.0,0.0,0.0,0.0,0.0,0.0,0.0,0.0,0.0,0.0,0.002,0.998,0.0513612395130943,1880,0.00027240161046679774,1.2045942544594888e-07,5.9651599822016765e-05,16,20,False,0.995,0.005,0.66,fixed,100,none,e7f9ddb3-8f5f-4b72-9bd9-db11716f47fd
448,47500,20.90392255783081,1.0,1.0,1.0,0.9960959999999999,0.0,0.0,0.0,0.0,0.0,0.0,0.0,0.0,0.0,0.0,0.0,0.0,0.0,0.0,0.002,0.998,0.0513612395130943,1880,0.00027321520466834666,1.2145437538912205e-07,5.9829884633225024e-05,16,20,False,0.995,0.005,0.66,fixed,100,none,e7f9ddb3-8f5f-4b72-9bd9-db11716f47fd
449,47600,20.94945979118347,1.0,1.0,1.0,0.9960959999999999,0.0,0.0,0.0,0.0,0.0,0.0,0.0,0.0,0.0,0.0,0.0,0.0,0.0,0.0,0.002,0.998,0.0513612395130943,1880,0.0002728710508273603,1.2127512937611354e-07,5.975451530069063e-05,16,20,False,0.995,0.005,0.66,fixed,100,none,e7f9ddb3-8f5f-4b72-9bd9-db11716f47fd
450,47700,20.96837067604065,1.0,1.0,1.0,0.9960959999999999,0.0,0.0,0.0,0.0,0.0,0.0,0.0,0.0,0.0,0.0,0.0,0.0,0.0,0.0,0.002,0.998,0.0513612395130943,1880,0.00027518527605584735,1.233844751230673e-07,6.0261499978898375e-05,16,20,False,0.995,0.005,0.66,fixed,100,none,e7f9ddb3-8f5f-4b72-9bd9-db11716f47fd
451,47800,20.98663568496704,1.0,1.0,1.0,0.9960959999999999,0.0,0.0,0.0,0.0,0.0,0.0,0.0,0.0,0.0,0.0,0.0,0.0,0.0,0.0,0.002,0.998,0.0513612395130943,1880,0.00027516326784485343,1.2308754880496574e-07,6.025662596551136e-05,16,20,False,0.995,0.005,0.66,fixed,100,none,e7f9ddb3-8f5f-4b72-9bd9-db11716f47fd
452,47900,21.00459313392639,1.0,1.0,1.0,0.9960959999999999,0.0,0.0,0.0,0.0,0.0,0.0,0.0,0.0,0.0,0.0,0.0,0.0,0.0,0.0,0.002,0.998,0.0513612395130943,1880,0.00027597455007184193,1.23496663682712e-07,6.0434293376825916e-05,16,20,False,0.995,0.005,0.66,fixed,100,none,e7f9ddb3-8f5f-4b72-9bd9-db11716f47fd
453,48000,21.022706508636475,1.0,1.0,1.0,0.9960959999999999,0.0,0.0,0.0,0.0,0.0,0.0,0.0,0.0,0.0,0.0,0.0,0.0,0.0,0.0,0.002,0.998,0.0513612395130943,1880,0.00027628434608254816,1.233403343246584e-07,6.050207802099148e-05,16,20,False,0.995,0.005,0.66,fixed,100,none,e7f9ddb3-8f5f-4b72-9bd9-db11716f47fd
454,48200,21.040922164916992,1.0,1.0,1.0,0.9960959999999999,0.0,0.0,0.0,0.0,0.0,0.0,0.0,0.0,0.0,0.0,0.0,0.0,0.0,0.0,0.002,0.998,0.05097620089879156,1881,0.00027775934093433137,1.2360131304975516e-07,6.0825003980004593e-05,16,20,False,0.995,0.005,0.66,fixed,100,none,e7f9ddb3-8f5f-4b72-9bd9-db11716f47fd
455,48300,21.059170961380005,1.0,1.0,1.0,0.9960959999999999,0.0,0.0,0.0,0.0,0.0,0.0,0.0,0.0,0.0,0.0,0.0,0.0,0.0,0.0,0.002,0.998,0.05097620089879156,1881,0.0002782744776598902,1.2387491950711173e-07,6.093781939445633e-05,16,20,False,0.995,0.005,0.66,fixed,100,none,e7f9ddb3-8f5f-4b72-9bd9-db11716f47fd
456,48400,21.07747197151184,1.0,1.0,1.0,0.9960959999999999,0.0,0.0,0.0,0.0,0.0,0.0,0.0,0.0,0.0,0.0,0.0,0.0,0.0,0.0,0.002,0.998,0.05097620089879156,1881,0.0002799181283513182,1.2509515969249403e-07,6.129784637644515e-05,16,20,False,0.995,0.005,0.66,fixed,100,none,e7f9ddb3-8f5f-4b72-9bd9-db11716f47fd
457,48600,21.095688819885254,1.0,1.0,1.0,0.9960959999999999,0.0,0.0,0.0,0.0,0.0,0.0,0.0,0.0,0.0,0.0,0.0,0.0,0.0,0.0,0.002,0.998,0.05097620089879156,1881,0.000282395743296937,1.268754155433804e-07,6.184053453665274e-05,16,20,False,0.995,0.005,0.66,fixed,100,none,e7f9ddb3-8f5f-4b72-9bd9-db11716f47fd
458,48700,21.113943338394165,1.0,1.0,1.0,0.9960959999999999,0.0,0.0,0.0,0.0,0.0,0.0,0.0,0.0,0.0,0.0,0.0,0.0,0.0,0.0,0.002,0.998,0.05097620089879156,1881,0.0002829842367369648,1.2752022638772384e-07,6.196947826473526e-05,16,20,False,0.995,0.005,0.66,fixed,100,none,e7f9ddb3-8f5f-4b72-9bd9-db11716f47fd
459,49000,21.132176876068115,1.0,1.0,1.0,0.9960959999999999,0.0,0.0,0.0,0.0,0.0,0.0,0.0,0.0,0.0,0.0,0.0,0.0,0.0,0.0,0.002,0.998,0.05097620089879156,1881,0.0002841676844805044,1.2908467872908085e-07,6.222883222174094e-05,16,20,False,0.995,0.005,0.66,fixed,100,none,e7f9ddb3-8f5f-4b72-9bd9-db11716f47fd
460,49100,21.15069055557251,1.0,1.0,1.0,0.9960959999999999,0.0,0.0,0.0,0.0,0.0,0.0,0.0,0.0,0.0,0.0,0.0,0.0,0.0,0.0,0.002,0.998,0.05097620089879156,1881,0.00028434942661404524,1.2954619210782562e-07,6.2268703262315e-05,16,20,False,0.995,0.005,0.66,fixed,100,none,e7f9ddb3-8f5f-4b72-9bd9-db11716f47fd
461,49400,21.169209480285645,1.0,1.0,1.0,0.9960959999999999,0.0,0.0,0.0,0.0,0.0,0.0,0.0,0.0,0.0,0.0,0.0,0.0,0.0,0.0,0.002,0.998,0.0513612395130943,1880,0.0002844421350351241,1.3010418335132186e-07,6.228910315402543e-05,16,20,False,0.995,0.005,0.66,fixed,100,none,e7f9ddb3-8f5f-4b72-9bd9-db11716f47fd
462,49500,21.18789792060852,1.0,1.0,1.0,0.9960959999999999,0.0,0.0,0.0,0.0,0.0,0.0,0.0,0.0,0.0,0.0,0.0,0.0,0.0,0.0,0.002,0.998,0.0513612395130943,1880,0.000283995728321781,1.2931356561968097e-07,6.21912345071056e-05,16,20,False,0.995,0.005,0.66,fixed,100,none,e7f9ddb3-8f5f-4b72-9bd9-db11716f47fd
463,49700,21.206475734710693,1.0,1.0,1.0,0.9960959999999999,0.0,0.0,0.0,0.0,0.0,0.0,0.0,0.0,0.0,0.0,0.0,0.0,0.0,0.0,0.002,0.998,0.0513612395130943,1880,0.00028558630384374183,1.3091460431435094e-07,6.253971568621482e-05,16,20,False,0.995,0.005,0.66,fixed,100,none,e7f9ddb3-8f5f-4b72-9bd9-db11716f47fd
464,49800,21.233614921569824,1.0,1.0,1.0,0.9960959999999999,0.0,0.0,0.0,0.0,0.0,0.0,0.0,0.0,0.0,0.0,0.0,0.0,0.0,0.0,0.002,0.998,0.0513612395130943,1880,0.000287193091240456,1.3250350953945858e-07,6.28917433393483e-05,16,20,False,0.995,0.005,0.66,fixed,100,none,e7f9ddb3-8f5f-4b72-9bd9-db11716f47fd
465,49900,21.25261664390564,1.0,1.0,1.0,0.9960959999999999,0.0,0.0,0.0,0.0,0.0,0.0,0.0,0.0,0.0,0.0,0.0,0.0,0.0,0.0,0.002,0.998,0.05097620089879156,1881,0.00028763892092586763,1.3266196404870418e-07,6.298936556384168e-05,16,20,False,0.995,0.005,0.66,fixed,100,none,e7f9ddb3-8f5f-4b72-9bd9-db11716f47fd
466,50100,21.28981065750122,1.0,1.0,1.0,0.9960959999999999,0.0,0.0,0.0,0.0,0.0,0.0,0.0,0.0,0.0,0.0,0.0,0.0,0.0,0.0,0.002,0.998,0.05097620089879156,1881,0.0002877413755406152,1.3298932698096828e-07,6.301185507796705e-05,16,20,False,0.995,0.005,0.66,fixed,100,none,e7f9ddb3-8f5f-4b72-9bd9-db11716f47fd
467,50200,21.328670740127563,1.0,1.0,1.0,0.9960959999999999,0.0,0.0,0.0,0.0,0.0,0.0,0.0,0.0,0.0,0.0,0.0,0.0,0.0,0.0,0.002,0.998,0.0513612395130943,1880,0.00028767102279509424,1.3304839041320374e-07,6.299646608402464e-05,16,20,False,0.995,0.005,0.66,fixed,100,none,e7f9ddb3-8f5f-4b72-9bd9-db11716f47fd
468,50300,21.34750986099243,1.0,1.0,1.0,0.9960959999999999,0.0,0.0,0.0,0.0,0.0,0.0,0.0,0.0,0.0,0.0,0.0,0.0,0.0,0.0,0.002,0.998,0.05097620089879156,1881,0.00028703038776950105,1.3334123135228235e-07,6.285628671670071e-05,16,20,False,0.995,0.005,0.66,fixed,100,none,e7f9ddb3-8f5f-4b72-9bd9-db11716f47fd
469,50400,21.36607551574707,1.0,1.0,1.0,0.9960959999999999,0.0,0.0,0.0,0.0,0.0,0.0,0.0,0.0,0.0,0.0,0.0,0.0,0.0,0.0,0.002,0.998,0.0513612395130943,1880,0.0002885518683108436,1.3477336066263763e-07,6.318961091176957e-05,16,20,False,0.995,0.005,0.66,fixed,100,none,e7f9ddb3-8f5f-4b72-9bd9-db11716f47fd
470,50500,21.387299299240112,1.0,1.0,1.0,0.9960959999999999,0.0,0.0,0.0,0.0,0.0,0.0,0.0,0.0,0.0,0.0,0.0,0.0,0.0,0.0,0.002,0.998,0.0513612395130943,1880,0.00028909481787001227,1.3490391080966767e-07,6.330848737479953e-05,16,20,False,0.995,0.005,0.66,fixed,100,none,e7f9ddb3-8f5f-4b72-9bd9-db11716f47fd
471,50600,21.40552258491516,1.0,1.0,1.0,0.9960959999999999,0.0,0.0,0.0,0.0,0.0,0.0,0.0,0.0,0.0,0.0,0.0,0.0,0.0,0.0,0.002,0.998,0.05097620089879156,1881,0.0002874572435974108,1.3412545931666712e-07,6.29498744607434e-05,16,20,False,0.995,0.005,0.66,fixed,100,none,e7f9ddb3-8f5f-4b72-9bd9-db11716f47fd
472,50700,21.427720546722412,1.0,1.0,1.0,0.9960959999999999,0.0,0.0,0.0,0.0,0.0,0.0,0.0,0.0,0.0,0.0,0.0,0.0,0.0,0.0,0.002,0.998,0.05097620089879156,1881,0.0002879510073079507,1.346996325734257e-07,6.305806842989937e-05,16,20,False,0.995,0.005,0.66,fixed,100,none,e7f9ddb3-8f5f-4b72-9bd9-db11716f47fd
473,50800,21.445768356323242,1.0,1.0,1.0,0.9960959999999999,0.0,0.0,0.0,0.0,0.0,0.0,0.0,0.0,0.0,0.0,0.0,0.0,0.0,0.0,0.002,0.998,0.05097620089879156,1881,0.00028885256042493463,1.3505623523609568e-07,6.325548616171305e-05,16,20,False,0.995,0.005,0.66,fixed,100,none,e7f9ddb3-8f5f-4b72-9bd9-db11716f47fd
474,50900,21.46379780769348,1.0,1.0,1.0,0.9960959999999999,0.0,0.0,0.0,0.0,0.0,0.0,0.0,0.0,0.0,0.0,0.0,0.0,0.0,0.0,0.002,0.998,0.05097620089879156,1881,0.0002894967020700421,1.3653469989536088e-07,6.339676967611234e-05,16,20,False,0.995,0.005,0.66,fixed,100,none,e7f9ddb3-8f5f-4b72-9bd9-db11716f47fd
475,51100,21.481895923614502,1.0,1.0,1.0,0.9960959999999999,0.0,0.0,0.0,0.0,0.0,0.0,0.0,0.0,0.0,0.0,0.0,0.0,0.0,0.0,0.002,0.998,0.05097620089879156,1881,0.0002905238934730458,1.3670623995722574e-07,6.362165446684161e-05,16,20,False,0.995,0.005,0.66,fixed,100,none,e7f9ddb3-8f5f-4b72-9bd9-db11716f47fd
476,51200,21.500003337860107,1.0,1.0,1.0,0.9960959999999999,0.0,0.0,0.0,0.0,0.0,0.0,0.0,0.0,0.0,0.0,0.0,0.0,0.0,0.0,0.002,0.998,0.0513612395130943,1880,0.0002910613109928619,1.368966715835461e-07,6.373933134393835e-05,16,20,False,0.995,0.005,0.66,fixed,100,none,e7f9ddb3-8f5f-4b72-9bd9-db11716f47fd
477,51300,21.527014017105103,1.0,1.0,1.0,0.9960959999999999,0.0,0.0,0.0,0.0,0.0,0.0,0.0,0.0,0.0,0.0,0.0,0.0,0.0,0.0,0.002,0.998,0.0513612395130943,1880,0.0002910613109928619,1.368966715835461e-07,6.373933134393835e-05,16,20,False,0.995,0.005,0.66,fixed,100,none,e7f9ddb3-8f5f-4b72-9bd9-db11716f47fd
478,51500,21.545053482055664,1.0,1.0,1.0,0.9960959999999999,0.0,0.0,0.0,0.0,0.0,0.0,0.0,0.0,0.0,0.0,0.0,0.0,0.0,0.0,0.002,0.998,0.0513612395130943,1880,0.0002935605421894859,1.38900955247721e-07,6.428679386677554e-05,16,20,False,0.995,0.005,0.66,fixed,100,none,e7f9ddb3-8f5f-4b72-9bd9-db11716f47fd
479,51600,21.57441234588623,1.0,1.0,1.0,0.9960959999999999,0.0,0.0,0.0,0.0,0.0,0.0,0.0,0.0,0.0,0.0,0.0,0.0,0.0,0.0,0.002,0.998,0.0513612395130943,1880,0.0002943948213434379,1.3968816222807665e-07,6.446956714290189e-05,16,20,False,0.995,0.005,0.66,fixed,100,none,e7f9ddb3-8f5f-4b72-9bd9-db11716f47fd
480,51900,21.592563152313232,1.0,1.0,1.0,0.9960959999999999,0.0,0.0,0.0,0.0,0.0,0.0,0.0,0.0,0.0,0.0,0.0,0.0,0.0,0.0,0.002,0.998,0.05097620089879156,1881,0.0002974437619791116,1.4156598426814933e-07,6.513733703423847e-05,16,20,False,0.995,0.005,0.66,fixed,100,none,e7f9ddb3-8f5f-4b72-9bd9-db11716f47fd
481,52000,21.62480354309082,1.0,1.0,1.0,0.9960959999999999,0.0,0.0,0.0,0.0,0.0,0.0,0.0,0.0,0.0,0.0,0.0,0.0,0.0,0.0,0.002,0.998,0.05097620089879156,1881,0.0002981378410909374,1.421190938456417e-07,6.528937604263688e-05,16,20,False,0.995,0.005,0.66,fixed,100,none,e7f9ddb3-8f5f-4b72-9bd9-db11716f47fd
482,52300,21.642986297607422,1.0,1.0,1.0,0.9960959999999999,0.0,0.0,0.0,0.0,0.0,0.0,0.0,0.0,0.0,0.0,0.0,0.0,0.0,0.0,0.002,0.998,0.05097620089879156,1881,0.00029960754107422635,1.419325781634796e-07,6.561105793099922e-05,16,20,False,0.995,0.005,0.66,fixed,100,none,e7f9ddb3-8f5f-4b72-9bd9-db11716f47fd
483,52400,21.661309003829956,1.0,1.0,1.0,0.9960959999999999,0.0,0.0,0.0,0.0,0.0,0.0,0.0,0.0,0.0,0.0,0.0,0.0,0.0,0.0,0.002,0.998,0.05097620089879156,1881,0.00030006761491620677,1.4198957852574284e-07,6.571177892507756e-05,16,20,False,0.995,0.005,0.66,fixed,100,none,e7f9ddb3-8f5f-4b72-9bd9-db11716f47fd
484,52500,21.707414865493774,1.0,1.0,1.0,0.9960959999999999,0.0,0.0,0.0,0.0,0.0,0.0,0.0,0.0,0.0,0.0,0.0,0.0,0.0,0.0,0.002,0.998,0.05097620089879156,1881,0.000300463840461143,1.4258930245896466e-07,6.57986266444114e-05,16,20,False,0.995,0.005,0.66,fixed,100,none,e7f9ddb3-8f5f-4b72-9bd9-db11716f47fd
485,52600,21.72602653503418,1.0,1.0,1.0,0.9960959999999999,0.0,0.0,0.0,0.0,0.0,0.0,0.0,0.0,0.0,0.0,0.0,0.0,0.0,0.0,0.002,0.998,0.05097620089879156,1881,0.0002984757229201766,1.4214258965975338e-07,6.536334283926202e-05,16,20,False,0.995,0.005,0.66,fixed,100,none,e7f9ddb3-8f5f-4b72-9bd9-db11716f47fd
486,52700,21.744348287582397,1.0,1.0,1.0,0.9960959999999999,0.0,0.0,0.0,0.0,0.0,0.0,0.0,0.0,0.0,0.0,0.0,0.0,0.0,0.0,0.002,0.998,0.05097620089879156,1881,0.00029703833745042433,1.4176957334280974e-07,6.504862828683302e-05,16,20,False,0.995,0.005,0.66,fixed,100,none,e7f9ddb3-8f5f-4b72-9bd9-db11716f47fd
487,52800,21.769004821777344,1.0,1.0,1.0,0.9960959999999999,0.0,0.0,0.0,0.0,0.0,0.0,0.0,0.0,0.0,0.0,0.0,0.0,0.0,0.0,0.002,0.998,0.05097620089879156,1881,0.00029829898224994345,1.4169603531532373e-07,6.532456946122253e-05,16,20,False,0.995,0.005,0.66,fixed,100,none,e7f9ddb3-8f5f-4b72-9bd9-db11716f47fd
488,52900,21.787072896957397,1.0,1.0,1.0,0.9960959999999999,0.0,0.0,0.0,0.0,0.0,0.0,0.0,0.0,0.0,0.0,0.0,0.0,0.0,0.0,0.002,0.998,0.05097620089879156,1881,0.00029790242864579,1.414281893789822e-07,6.523771298654543e-05,16,20,False,0.995,0.005,0.66,fixed,100,none,e7f9ddb3-8f5f-4b72-9bd9-db11716f47fd
489,53000,21.805235624313354,1.0,1.0,1.0,0.9960959999999999,0.0,0.0,0.0,0.0,0.0,0.0,0.0,0.0,0.0,0.0,0.0,0.0,0.0,0.0,0.002,0.998,0.05097620089879156,1881,0.00029683862258369695,1.4099225200728878e-07,6.500476301145265e-05,16,20,False,0.995,0.005,0.66,fixed,100,none,e7f9ddb3-8f5f-4b72-9bd9-db11716f47fd
490,53100,21.825536251068115,1.0,1.0,1.0,0.9960959999999999,0.0,0.0,0.0,0.0,0.0,0.0,0.0,0.0,0.0,0.0,0.0,0.0,0.0,0.0,0.002,0.998,0.05097620089879156,1881,0.0002973482102553115,1.4116777704931166e-07,6.511634510252706e-05,16,20,False,0.995,0.005,0.66,fixed,100,none,e7f9ddb3-8f5f-4b72-9bd9-db11716f47fd
491,53200,21.84358811378479,1.0,1.0,1.0,0.9960959999999999,0.0,0.0,0.0,0.0,0.0,0.0,0.0,0.0,0.0,0.0,0.0,0.0,0.0,0.0,0.002,0.998,0.05097620089879156,1881,0.0002964786841841844,1.411281056846978e-07,6.492599830799807e-05,16,20,False,0.995,0.005,0.66,fixed,100,none,e7f9ddb3-8f5f-4b72-9bd9-db11716f47fd
492,53300,21.873443603515625,1.0,1.0,1.0,0.9960959999999999,0.0,0.0,0.0,0.0,0.0,0.0,0.0,0.0,0.0,0.0,0.0,0.0,0.0,0.0,0.002,0.998,0.05097620089879156,1881,0.0002972777259161413,1.4171950049675228e-07,6.510102090813771e-05,16,20,False,0.995,0.005,0.66,fixed,100,none,e7f9ddb3-8f5f-4b72-9bd9-db11716f47fd
493,53400,21.89491844177246,1.0,1.0,1.0,0.9960959999999999,0.0,0.0,0.0,0.0,0.0,0.0,0.0,0.0,0.0,0.0,0.0,0.0,0.0,0.0,0.002,0.998,0.05097620089879156,1881,0.0002972777259161413,1.4171950049675228e-07,6.510102090813771e-05,16,20,False,0.995,0.005,0.66,fixed,100,none,e7f9ddb3-8f5f-4b72-9bd9-db11716f47fd
494,53700,21.920971870422363,1.0,1.0,1.0,0.9960959999999999,0.0,0.0,0.0,0.0,0.0,0.0,0.0,0.0,0.0,0.0,0.0,0.0,0.0,0.0,0.002,0.998,0.05097620089879156,1881,0.0002969054434953702,1.4197263863760003e-07,6.501957638247768e-05,16,20,False,0.995,0.005,0.66,fixed,100,none,e7f9ddb3-8f5f-4b72-9bd9-db11716f47fd
495,53800,21.939112663269043,1.0,1.0,1.0,0.9960959999999999,0.0,0.0,0.0,0.0,0.0,0.0,0.0,0.0,0.0,0.0,0.0,0.0,0.0,0.0,0.002,0.998,0.05097620089879156,1881,0.0002962852321187237,1.421021742819123e-07,6.488383672390218e-05,16,20,False,0.995,0.005,0.66,fixed,100,none,e7f9ddb3-8f5f-4b72-9bd9-db11716f47fd
496,54100,21.957171201705933,1.0,1.0,1.0,0.9960959999999999,0.0,0.0,0.0,0.0,0.0,0.0,0.0,0.0,0.0,0.0,0.0,0.0,0.0,0.0,0.002,0.998,0.05097620089879156,1881,0.000296525808736253,1.4130111751929115e-07,6.493634674469446e-05,16,20,False,0.995,0.005,0.66,fixed,100,none,e7f9ddb3-8f5f-4b72-9bd9-db11716f47fd
497,54200,21.990143060684204,1.0,1.0,1.0,0.9960959999999999,0.0,0.0,0.0,0.0,0.0,0.0,0.0,0.0,0.0,0.0,0.0,0.0,0.0,0.0,0.002,0.998,0.05097620089879156,1881,0.00029610104188431384,1.406853201547272e-07,6.48432482793057e-05,16,20,False,0.995,0.005,0.66,fixed,100,none,e7f9ddb3-8f5f-4b72-9bd9-db11716f47fd
498,54400,22.00921392440796,1.0,1.0,1.0,0.9960959999999999,0.0,0.0,0.0,0.0,0.0,0.0,0.0,0.0,0.0,0.0,0.0,0.0,0.0,0.0,0.002,0.998,0.05097620089879156,1881,0.0002972231050623077,1.4203228954232724e-07,6.50891238331522e-05,16,20,False,0.995,0.005,0.66,fixed,100,none,e7f9ddb3-8f5f-4b72-9bd9-db11716f47fd
499,54500,22.027607440948486,1.0,1.0,1.0,0.9960959999999999,0.0,0.0,0.0,0.0,0.0,0.0,0.0,0.0,0.0,0.0,0.0,0.0,0.0,0.0,0.002,0.998,0.05097620089879156,1881,0.00029670473692411365,1.419217912265046e-07,6.497563205302151e-05,16,20,False,0.995,0.005,0.66,fixed,100,none,e7f9ddb3-8f5f-4b72-9bd9-db11716f47fd
500,54600,22.045657634735107,1.0,1.0,1.0,0.9960959999999999,0.0,0.0,0.0,0.0,0.0,0.0,0.0,0.0,0.0,0.0,0.0,0.0,0.0,0.0,0.002,0.998,0.05097620089879156,1881,0.00029625632690900833,1.4149199354159788e-07,6.487739343915483e-05,16,20,False,0.995,0.005,0.66,fixed,100,none,e7f9ddb3-8f5f-4b72-9bd9-db11716f47fd
501,54700,22.06918716430664,1.0,1.0,1.0,0.9960959999999999,0.0,0.0,0.0,0.0,0.0,0.0,0.0,0.0,0.0,0.0,0.0,0.0,0.0,0.0,0.002,0.998,0.05097620089879156,1881,0.00029689465832849347,1.4180940061843825e-07,6.501718449422473e-05,16,20,False,0.995,0.005,0.66,fixed,100,none,e7f9ddb3-8f5f-4b72-9bd9-db11716f47fd
502,54800,22.087327003479004,1.0,1.0,1.0,0.9960959999999999,0.0,0.0,0.0,0.0,0.0,0.0,0.0,0.0,0.0,0.0,0.0,0.0,0.0,0.0,0.002,0.998,0.05136123951309429,1880,0.00029919847905464283,1.4298146341550573e-07,6.552171354311027e-05,16,20,False,0.995,0.005,0.66,fixed,100,none,e7f9ddb3-8f5f-4b72-9bd9-db11716f47fd
503,54900,22.10531520843506,1.0,1.0,1.0,0.9960959999999999,0.0,0.0,0.0,0.0,0.0,0.0,0.0,0.0,0.0,0.0,0.0,0.0,0.0,0.0,0.002,0.998,0.05136123951309429,1880,0.00029739238889793203,1.419168015230184e-07,6.512615812204669e-05,16,20,False,0.995,0.005,0.66,fixed,100,none,e7f9ddb3-8f5f-4b72-9bd9-db11716f47fd
504,55000,22.127448797225952,1.0,1.0,1.0,0.9960959999999999,0.0,0.0,0.0,0.0,0.0,0.0,0.0,0.0,0.0,0.0,0.0,0.0,0.0,0.0,0.002,0.998,0.05136123951309429,1880,0.0002968248743267585,1.418626423273566e-07,6.500191889216964e-05,16,20,False,0.995,0.005,0.66,fixed,100,none,e7f9ddb3-8f5f-4b72-9bd9-db11716f47fd
505,55100,22.145569801330566,1.0,1.0,1.0,0.9960959999999999,0.0,0.0,0.0,0.0,0.0,0.0,0.0,0.0,0.0,0.0,0.0,0.0,0.0,0.0,0.002,0.998,0.05136123951309429,1880,0.00029595546838946966,1.4140342261486633e-07,6.481151868075174e-05,16,20,False,0.995,0.005,0.66,fixed,100,none,e7f9ddb3-8f5f-4b72-9bd9-db11716f47fd
506,55200,22.163960933685303,1.0,1.0,1.0,0.9960959999999999,0.0,0.0,0.0,0.0,0.0,0.0,0.0,0.0,0.0,0.0,0.0,0.0,0.0,0.0,0.002,0.998,0.05136123951309429,1880,0.00029572800409158773,1.415810478372863e-07,6.476176049473764e-05,16,20,False,0.995,0.005,0.66,fixed,100,none,e7f9ddb3-8f5f-4b72-9bd9-db11716f47fd
507,55500,22.182024002075195,1.0,1.0,1.0,0.9960959999999999,0.0,0.0,0.0,0.0,0.0,0.0,0.0,0.0,0.0,0.0,0.0,0.0,0.0,0.0,0.002,0.998,0.05136123951309429,1880,0.0002949156045706533,1.411361128450004e-07,6.458384170195656e-05,16,20,False,0.995,0.005,0.66,fixed,100,none,e7f9ddb3-8f5f-4b72-9bd9-db11716f47fd
508,55600,22.20017671585083,1.0,1.0,1.0,0.9960959999999999,0.0,0.0,0.0,0.0,0.0,0.0,0.0,0.0,0.0,0.0,0.0,0.0,0.0,0.0,0.002,0.998,0.05136123951309429,1880,0.0002939384119908202,1.4027279109302024e-07,6.436977021509821e-05,16,20,False,0.995,0.005,0.66,fixed,100,none,e7f9ddb3-8f5f-4b72-9bd9-db11716f47fd
509,55900,22.236058950424194,1.0,1.0,1.0,0.9960959999999999,0.0,0.0,0.0,0.0,0.0,0.0,0.0,0.0,0.0,0.0,0.0,0.0,0.0,0.0,0.002,0.998,0.05136123951309429,1880,0.00029683370375301456,1.4298466680568153e-07,6.500406483822797e-05,16,20,False,0.995,0.005,0.66,fixed,100,none,e7f9ddb3-8f5f-4b72-9bd9-db11716f47fd
510,56000,22.254653215408325,1.0,1.0,1.0,0.9960959999999999,0.0,0.0,0.0,0.0,0.0,0.0,0.0,0.0,0.0,0.0,0.0,0.0,0.0,0.0,0.002,0.998,0.05136123951309429,1880,0.0002965109523232616,1.4318079674459074e-07,6.493345181494343e-05,16,20,False,0.995,0.005,0.66,fixed,100,none,e7f9ddb3-8f5f-4b72-9bd9-db11716f47fd
511,56200,22.302889585494995,1.0,1.0,1.0,0.9960959999999999,0.0,0.0,0.0,0.0,0.0,0.0,0.0,0.0,0.0,0.0,0.0,0.0,0.0,0.0,0.002,0.998,0.0513612395130943,1880,0.00029784798769184596,1.435985084882053e-07,6.522620822235784e-05,16,20,False,0.995,0.005,0.66,fixed,100,none,e7f9ddb3-8f5f-4b72-9bd9-db11716f47fd
512,56300,22.323817491531372,1.0,1.0,1.0,0.9960959999999999,0.0,0.0,0.0,0.0,0.0,0.0,0.0,0.0,0.0,0.0,0.0,0.0,0.0,0.0,0.002,0.998,0.05097620089879156,1881,0.0002983614456182948,1.4474231682685458e-07,6.533882148604183e-05,16,20,False,0.995,0.005,0.66,fixed,100,none,e7f9ddb3-8f5f-4b72-9bd9-db11716f47fd
513,56400,22.34213662147522,1.0,1.0,1.0,0.9960959999999999,0.0,0.0,0.0,0.0,0.0,0.0,0.0,0.0,0.0,0.0,0.0,0.0,0.0,0.0,0.002,0.998,0.05097620089879156,1881,0.0002978972804034042,1.4443151548454575e-07,6.523715666824725e-05,16,20,False,0.995,0.005,0.66,fixed,100,none,e7f9ddb3-8f5f-4b72-9bd9-db11716f47fd
514,56500,22.360799074172974,1.0,1.0,1.0,0.9960959999999999,0.0,0.0,0.0,0.0,0.0,0.0,0.0,0.0,0.0,0.0,0.0,0.0,0.0,0.0,0.002,0.998,0.05097620089879156,1881,0.00029728706044935914,1.4422005773896846e-07,6.510353934333512e-05,16,20,False,0.995,0.005,0.66,fixed,100,none,e7f9ddb3-8f5f-4b72-9bd9-db11716f47fd
515,56600,22.38247537612915,1.0,1.0,1.0,0.9960959999999999,0.0,0.0,0.0,0.0,0.0,0.0,0.0,0.0,0.0,0.0,0.0,0.0,0.0,0.0,0.002,0.998,0.05097620089879156,1881,0.00029800391948922594,1.4516397132561465e-07,6.526063913074343e-05,16,20,False,0.995,0.005,0.66,fixed,100,none,e7f9ddb3-8f5f-4b72-9bd9-db11716f47fd
516,56700,22.40080976486206,1.0,1.0,1.0,0.9960959999999999,0.0,0.0,0.0,0.0,0.0,0.0,0.0,0.0,0.0,0.0,0.0,0.0,0.0,0.0,0.002,0.998,0.05097620089879156,1881,0.0002981179244980153,1.4526407588723393e-07,6.528561384703413e-05,16,20,False,0.995,0.005,0.66,fixed,100,none,e7f9ddb3-8f5f-4b72-9bd9-db11716f47fd
517,56800,22.420361280441284,1.0,1.0,1.0,0.9960959999999999,0.0,0.0,0.0,0.0,0.0,0.0,0.0,0.0,0.0,0.0,0.0,0.0,0.0,0.0,0.002,0.998,0.05097620089879156,1881,0.0003006314439622026,1.46856566175089e-07,6.583612583089941e-05,16,20,False,0.995,0.005,0.66,fixed,100,none,e7f9ddb3-8f5f-4b72-9bd9-db11716f47fd
518,56900,22.438515186309814,1.0,1.0,1.0,0.9960959999999999,0.0,0.0,0.0,0.0,0.0,0.0,0.0,0.0,0.0,0.0,0.0,0.0,0.0,0.0,0.002,0.998,0.05097620089879156,1881,0.0003005231954386045,1.4715550575457316e-07,6.58124870276039e-05,16,20,False,0.995,0.005,0.66,fixed,100,none,e7f9ddb3-8f5f-4b72-9bd9-db11716f47fd
519,57000,22.458876132965088,1.0,1.0,1.0,0.9960959999999999,0.0,0.0,0.0,0.0,0.0,0.0,0.0,0.0,0.0,0.0,0.0,0.0,0.0,0.0,0.002,0.998,0.0513612395130943,1880,0.00029851661903996856,1.4627237062757562e-07,6.537307965826836e-05,16,20,False,0.995,0.005,0.66,fixed,100,none,e7f9ddb3-8f5f-4b72-9bd9-db11716f47fd
520,57300,22.483250379562378,1.0,1.0,1.0,0.9960959999999999,0.0,0.0,0.0,0.0,0.0,0.0,0.0,0.0,0.0,0.0,0.0,0.0,0.0,0.0,0.002,0.998,0.0513612395130943,1880,0.000300793358272929,1.4784359002768787e-07,6.587175640804942e-05,16,20,False,0.995,0.005,0.66,fixed,100,none,e7f9ddb3-8f5f-4b72-9bd9-db11716f47fd
521,57400,22.50348711013794,1.0,1.0,1.0,0.9960959999999999,0.0,0.0,0.0,0.0,0.0,0.0,0.0,0.0,0.0,0.0,0.0,0.0,0.0,0.0,0.002,0.998,0.05097620089879156,1881,0.0003036478519298977,1.4961575728416825e-07,6.64969417813386e-05,16,20,False,0.995,0.005,0.66,fixed,100,none,e7f9ddb3-8f5f-4b72-9bd9-db11716f47fd
522,57700,22.527095317840576,1.0,1.0,1.0,0.9960959999999999,0.0,0.0,0.0,0.0,0.0,0.0,0.0,0.0,0.0,0.0,0.0,0.0,0.0,0.0,0.002,0.998,0.05097620089879156,1881,0.0003033638963692965,1.5017145363020782e-07,6.643488949142875e-05,16,20,False,0.995,0.005,0.66,fixed,100,none,e7f9ddb3-8f5f-4b72-9bd9-db11716f47fd
523,57800,22.545448303222656,1.0,1.0,1.0,0.9960959999999999,0.0,0.0,0.0,0.0,0.0,0.0,0.0,0.0,0.0,0.0,0.0,0.0,0.0,0.0,0.002,0.998,0.05136123951309429,1880,0.0003046588833213417,1.5129203212872417e-07,6.671857504514617e-05,16,20,False,0.995,0.005,0.66,fixed,100,none,e7f9ddb3-8f5f-4b72-9bd9-db11716f47fd
524,57900,22.563568115234375,1.0,1.0,1.0,0.9960959999999999,0.0,0.0,0.0,0.0,0.0,0.0,0.0,0.0,0.0,0.0,0.0,0.0,0.0,0.0,0.002,0.998,0.05136123951309429,1880,0.00030446000017498253,1.5103778857563084e-07,6.667499121813304e-05,16,20,False,0.995,0.005,0.66,fixed,100,none,e7f9ddb3-8f5f-4b72-9bd9-db11716f47fd
525,58000,22.591024160385132,1.0,1.0,1.0,0.9960959999999999,0.0,0.0,0.0,0.0,0.0,0.0,0.0,0.0,0.0,0.0,0.0,0.0,0.0,0.0,0.002,0.998,0.05136123951309429,1880,0.0003049034368465924,1.513396757724769e-07,6.677211686411585e-05,16,20,False,0.995,0.005,0.66,fixed,100,none,e7f9ddb3-8f5f-4b72-9bd9-db11716f47fd
526,58100,22.609575986862183,1.0,1.0,1.0,0.9960959999999999,0.0,0.0,0.0,0.0,0.0,0.0,0.0,0.0,0.0,0.0,0.0,0.0,0.0,0.0,0.002,0.998,0.05136123951309429,1880,0.00030422130646343007,1.516192486192283e-07,6.662285164208251e-05,16,20,False,0.995,0.005,0.66,fixed,100,none,e7f9ddb3-8f5f-4b72-9bd9-db11716f47fd
527,58300,22.63103747367859,1.0,1.0,1.0,0.9960959999999999,0.0,0.0,0.0,0.0,0.0,0.0,0.0,0.0,0.0,0.0,0.0,0.0,0.0,0.0,0.002,0.998,0.05136123951309429,1880,0.0003052329822455822,1.517458232104733e-07,6.684433151996794e-05,16,20,False,0.995,0.005,0.66,fixed,100,none,e7f9ddb3-8f5f-4b72-9bd9-db11716f47fd
528,58400,22.64981698989868,1.0,1.0,1.0,0.9960959999999999,0.0,0.0,0.0,0.0,0.0,0.0,0.0,0.0,0.0,0.0,0.0,0.0,0.0,0.0,0.002,0.998,0.05136123951309429,1880,0.0003045770536005856,1.5122467577865406e-07,6.670064972156613e-05,16,20,False,0.995,0.005,0.66,fixed,100,none,e7f9ddb3-8f5f-4b72-9bd9-db11716f47fd
529,58500,22.6738064289093,1.0,1.0,1.0,0.9960959999999999,0.0,0.0,0.0,0.0,0.0,0.0,0.0,0.0,0.0,0.0,0.0,0.0,0.0,0.0,0.002,0.998,0.05136123951309429,1880,0.0003057750456809598,1.5248942499044588e-07,6.696313049031029e-05,16,20,False,0.995,0.005,0.66,fixed,100,none,e7f9ddb3-8f5f-4b72-9bd9-db11716f47fd
530,58700,22.692574977874756,1.0,1.0,1.0,0.9960959999999999,0.0,0.0,0.0,0.0,0.0,0.0,0.0,0.0,0.0,0.0,0.0,0.0,0.0,0.0,0.002,0.998,0.05136123951309429,1880,0.00030553058293069274,1.5291399229199945e-07,6.690969826206413e-05,16,20,False,0.995,0.005,0.66,fixed,100,none,e7f9ddb3-8f5f-4b72-9bd9-db11716f47fd
531,58800,22.715877532958984,1.0,1.0,1.0,0.9960959999999999,0.0,0.0,0.0,0.0,0.0,0.0,0.0,0.0,0.0,0.0,0.0,0.0,0.0,0.0,0.002,0.998,0.05097620089879156,1881,0.000306152595094289,1.538421044625426e-07,6.704603306598775e-05,16,20,False,0.995,0.005,0.66,fixed,100,none,e7f9ddb3-8f5f-4b72-9bd9-db11716f47fd
532,59100,22.73921036720276,1.0,1.0,1.0,0.9960959999999999,0.0,0.0,0.0,0.0,0.0,0.0,0.0,0.0,0.0,0.0,0.0,0.0,0.0,0.0,0.002,0.998,0.05136123951309429,1880,0.00031003618339355796,1.5772071052115523e-07,6.789688747984886e-05,16,20,False,0.995,0.005,0.66,fixed,100,none,e7f9ddb3-8f5f-4b72-9bd9-db11716f47fd
533,59200,22.758716821670532,1.0,1.0,1.0,0.9960959999999999,0.0,0.0,0.0,0.0,0.0,0.0,0.0,0.0,0.0,0.0,0.0,0.0,0.0,0.0,0.002,0.998,0.05136123951309429,1880,0.00031137376258508323,1.5918720681989503e-07,6.818996219917051e-05,16,20,False,0.995,0.005,0.66,fixed,100,none,e7f9ddb3-8f5f-4b72-9bd9-db11716f47fd
534,59300,22.778032302856445,1.0,1.0,1.0,0.9960959999999999,0.0,0.0,0.0,0.0,0.0,0.0,0.0,0.0,0.0,0.0,0.0,0.0,0.0,0.0,0.002,0.998,0.05136123951309429,1880,0.00030996100187442605,1.5809707307460856e-07,6.788050175419603e-05,16,20,False,0.995,0.005,0.66,fixed,100,none,e7f9ddb3-8f5f-4b72-9bd9-db11716f47fd
535,59500,22.797012090682983,1.0,1.0,1.0,0.9960959999999999,0.0,0.0,0.0,0.0,0.0,0.0,0.0,0.0,0.0,0.0,0.0,0.0,0.0,0.0,0.002,0.998,0.05136123951309429,1880,0.0003107717610512049,1.5938247791675549e-07,6.805822116491294e-05,16,20,False,0.995,0.005,0.66,fixed,100,none,e7f9ddb3-8f5f-4b72-9bd9-db11716f47fd
536,59600,22.816579341888428,1.0,1.0,1.0,0.9960959999999999,0.0,0.0,0.0,0.0,0.0,0.0,0.0,0.0,0.0,0.0,0.0,0.0,0.0,0.0,0.002,0.998,0.05136123951309429,1880,0.00031216310143748966,1.6090015406505874e-07,6.836307393393886e-05,16,20,False,0.995,0.005,0.66,fixed,100,none,e7f9ddb3-8f5f-4b72-9bd9-db11716f47fd
537,59700,22.835733890533447,1.0,1.0,1.0,0.9960959999999999,0.0,0.0,0.0,0.0,0.0,0.0,0.0,0.0,0.0,0.0,0.0,0.0,0.0,0.0,0.002,0.998,0.05136123951309429,1880,0.0003114621084467627,1.6080796394859222e-07,6.820960905214659e-05,16,20,False,0.995,0.005,0.66,fixed,100,none,e7f9ddb3-8f5f-4b72-9bd9-db11716f47fd
538,59800,22.85631012916565,1.0,1.0,1.0,0.9960959999999999,0.0,0.0,0.0,0.0,0.0,0.0,0.0,0.0,0.0,0.0,0.0,0.0,0.0,0.0,0.002,0.998,0.05136123951309429,1880,0.00031198622979338424,1.609957071210727e-07,6.832437488612482e-05,16,20,False,0.995,0.005,0.66,fixed,100,none,e7f9ddb3-8f5f-4b72-9bd9-db11716f47fd
539,59900,22.874897956848145,1.0,1.0,1.0,0.9960959999999999,0.0,0.0,0.0,0.0,0.0,0.0,0.0,0.0,0.0,0.0,0.0,0.0,0.0,0.0,0.002,0.998,0.05136123951309429,1880,0.0003120351679981496,1.6061370525346355e-07,6.83350148787931e-05,16,20,False,0.995,0.005,0.66,fixed,100,none,e7f9ddb3-8f5f-4b72-9bd9-db11716f47fd
540,60200,22.89331030845642,1.0,1.0,1.0,0.9960959999999999,0.0,0.0,0.0,0.0,0.0,0.0,0.0,0.0,0.0,0.0,0.0,0.0,0.0,0.0,0.002,0.998,0.05136123951309429,1880,0.0003120071839997641,1.5992091731399142e-07,6.832875755183802e-05,16,20,False,0.995,0.005,0.66,fixed,100,none,e7f9ddb3-8f5f-4b72-9bd9-db11716f47fd
541,60300,22.911715269088745,1.0,1.0,1.0,0.9960959999999999,0.0,0.0,0.0,0.0,0.0,0.0,0.0,0.0,0.0,0.0,0.0,0.0,0.0,0.0,0.002,0.998,0.05136123951309429,1880,0.00031052288531642795,1.5999493868361222e-07,6.800385863411596e-05,16,20,False,0.995,0.005,0.66,fixed,100,none,e7f9ddb3-8f5f-4b72-9bd9-db11716f47fd
542,60500,22.92989444732666,1.0,1.0,1.0,0.9960959999999999,0.0,0.0,0.0,0.0,0.0,0.0,0.0,0.0,0.0,0.0,0.0,0.0,0.0,0.0,0.002,0.998,0.05136123951309429,1880,0.0003091095327850452,1.5938655092415048e-07,6.769436017132199e-05,16,20,False,0.995,0.005,0.66,fixed,100,none,e7f9ddb3-8f5f-4b72-9bd9-db11716f47fd
543,60600,22.947980403900146,1.0,1.0,1.0,0.9960959999999999,0.0,0.0,0.0,0.0,0.0,0.0,0.0,0.0,0.0,0.0,0.0,0.0,0.0,0.0,0.002,0.998,0.05136123951309429,1880,0.00030879628108291163,1.589299685216043e-07,6.762570262306845e-05,16,20,False,0.995,0.005,0.66,fixed,100,none,e7f9ddb3-8f5f-4b72-9bd9-db11716f47fd
544,60700,22.965951204299927,1.0,1.0,1.0,0.9960959999999999,0.0,0.0,0.0,0.0,0.0,0.0,0.0,0.0,0.0,0.0,0.0,0.0,0.0,0.0,0.002,0.998,0.05136123951309429,1880,0.0003084132004228667,1.5946705701000749e-07,6.754194831339742e-05,16,20,False,0.995,0.005,0.66,fixed,100,none,e7f9ddb3-8f5f-4b72-9bd9-db11716f47fd
545,60800,22.98414421081543,1.0,1.0,1.0,0.9960959999999999,0.0,0.0,0.0,0.0,0.0,0.0,0.0,0.0,0.0,0.0,0.0,0.0,0.0,0.0,0.002,0.998,0.05136123951309429,1880,0.00030851622092700683,1.5992490694763193e-07,6.756458649324185e-05,16,20,False,0.995,0.005,0.66,fixed,100,none,e7f9ddb3-8f5f-4b72-9bd9-db11716f47fd
546,60900,23.002416849136353,1.0,1.0,1.0,0.9960959999999999,0.0,0.0,0.0,0.0,0.0,0.0,0.0,0.0,0.0,0.0,0.0,0.0,0.0,0.0,0.002,0.998,0.05136123951309429,1880,0.00030881368675718493,1.601693041699386e-07,6.762974819894007e-05,16,20,False,0.995,0.005,0.66,fixed,100,none,e7f9ddb3-8f5f-4b72-9bd9-db11716f47fd
547,61000,23.020521879196167,1.0,1.0,1.0,0.9960959999999999,0.0,0.0,0.0,0.0,0.0,0.0,0.0,0.0,0.0,0.0,0.0,0.0,0.0,0.0,0.002,0.998,0.051745274115364996,1879,0.0003096990570396407,1.605402969366333e-07,6.78236262423953e-05,16,20,False,0.995,0.005,0.66,fixed,100,none,e7f9ddb3-8f5f-4b72-9bd9-db11716f47fd
548,61200,23.03847360610962,1.0,1.0,1.0,0.9960959999999999,0.0,0.0,0.0,0.0,0.0,0.0,0.0,0.0,0.0,0.0,0.0,0.0,0.0,0.0,0.002,0.998,0.051745274115364996,1879,0.00030888035645134065,1.597371124673316e-07,6.764426007856726e-05,16,20,False,0.995,0.005,0.66,fixed,100,none,e7f9ddb3-8f5f-4b72-9bd9-db11716f47fd
549,61300,23.056614637374878,1.0,1.0,1.0,0.9960959999999999,0.0,0.0,0.0,0.0,0.0,0.0,0.0,0.0,0.0,0.0,0.0,0.0,0.0,0.0,0.002,0.998,0.051745274115364996,1879,0.000308099558052417,1.5869205138576319e-07,6.747314474743737e-05,16,20,False,0.995,0.005,0.66,fixed,100,none,e7f9ddb3-8f5f-4b72-9bd9-db11716f47fd
550,61400,23.074668884277344,1.0,1.0,1.0,0.9960959999999999,0.0,0.0,0.0,0.0,0.0,0.0,0.0,0.0,0.0,0.0,0.0,0.0,0.0,0.0,0.002,0.998,0.051745274115364996,1879,0.0003082313549312704,1.5890756990550772e-07,6.750203603273714e-05,16,20,False,0.995,0.005,0.66,fixed,100,none,e7f9ddb3-8f5f-4b72-9bd9-db11716f47fd
551,61600,23.092779874801636,1.0,1.0,1.0,0.9960959999999999,0.0,0.0,0.0,0.0,0.0,0.0,0.0,0.0,0.0,0.0,0.0,0.0,0.0,0.0,0.002,0.998,0.051745274115364996,1879,0.00030786765579964996,1.587918645520634e-07,6.742240030880827e-05,16,20,False,0.995,0.005,0.66,fixed,100,none,e7f9ddb3-8f5f-4b72-9bd9-db11716f47fd
552,61700,23.110690116882324,1.0,1.0,1.0,0.9960959999999999,0.0,0.0,0.0,0.0,0.0,0.0,0.0,0.0,0.0,0.0,0.0,0.0,0.0,0.0,0.002,0.998,0.05136123951309429,1880,0.0003089562064768897,1.5998506266549383e-07,6.766091075969761e-05,16,20,False,0.995,0.005,0.66,fixed,100,none,e7f9ddb3-8f5f-4b72-9bd9-db11716f47fd
553,61800,23.128688097000122,1.0,1.0,1.0,0.9960959999999999,0.0,0.0,0.0,0.0,0.0,0.0,0.0,0.0,0.0,0.0,0.0,0.0,0.0,0.0,0.002,0.998,0.051745274115364996,1879,0.00030903295734048753,1.6029383929353436e-07,6.76777701912985e-05,16,20,False,0.995,0.005,0.66,fixed,100,none,e7f9ddb3-8f5f-4b72-9bd9-db11716f47fd
554,62000,23.14676809310913,1.0,1.0,1.0,0.9960959999999999,0.0,0.0,0.0,0.0,0.0,0.0,0.0,0.0,0.0,0.0,0.0,0.0,0.0,0.0,0.002,0.998,0.052128304705603576,1878,0.00030847892380877833,1.5967360547672187e-07,6.755637440678215e-05,16,20,False,0.995,0.005,0.66,fixed,100,none,e7f9ddb3-8f5f-4b72-9bd9-db11716f47fd
555,62100,23.164963960647583,1.0,1.0,1.0,0.9960959999999999,0.0,0.0,0.0,0.0,0.0,0.0,0.0,0.0,0.0,0.0,0.0,0.0,0.0,0.0,0.002,0.998,0.052128304705603576,1878,0.0003091022667556017,1.6023317602498523e-07,6.769293049624596e-05,16,20,False,0.995,0.005,0.66,fixed,100,none,e7f9ddb3-8f5f-4b72-9bd9-db11716f47fd
556,62200,23.18309235572815,1.0,1.0,1.0,0.9960959999999999,0.0,0.0,0.0,0.0,0.0,0.0,0.0,0.0,0.0,0.0,0.0,0.0,0.0,0.0,0.002,0.998,0.051745274115364996,1879,0.0003102622718311964,1.6183569223665533e-07,6.794716008537386e-05,16,20,False,0.995,0.005,0.66,fixed,100,none,e7f9ddb3-8f5f-4b72-9bd9-db11716f47fd
557,62300,23.20114254951477,1.0,1.0,1.0,0.9960959999999999,0.0,0.0,0.0,0.0,0.0,0.0,0.0,0.0,0.0,0.0,0.0,0.0,0.0,0.0,0.002,0.998,0.051745274115364996,1879,0.0003102622718311964,1.6183569223665533e-07,6.794716008537386e-05,16,20,False,0.995,0.005,0.66,fixed,100,none,e7f9ddb3-8f5f-4b72-9bd9-db11716f47fd
558,62400,23.2191743850708,1.0,1.0,1.0,0.9960959999999999,0.0,0.0,0.0,0.0,0.0,0.0,0.0,0.0,0.0,0.0,0.0,0.0,0.0,0.0,0.002,0.998,0.051745274115364996,1879,0.0003113761315105365,1.6311212196001012e-07,6.819122649082884e-05,16,20,False,0.995,0.005,0.66,fixed,100,none,e7f9ddb3-8f5f-4b72-9bd9-db11716f47fd
559,62700,23.237335205078125,1.0,1.0,1.0,0.9960959999999999,0.0,0.0,0.0,0.0,0.0,0.0,0.0,0.0,0.0,0.0,0.0,0.0,0.0,0.0,0.002,0.998,0.051745274115364996,1879,0.00031011062805977096,1.631751673635813e-07,6.791421976408295e-05,16,20,False,0.995,0.005,0.66,fixed,100,none,e7f9ddb3-8f5f-4b72-9bd9-db11716f47fd
560,62800,23.255534410476685,1.0,1.0,1.0,0.9960959999999999,0.0,0.0,0.0,0.0,0.0,0.0,0.0,0.0,0.0,0.0,0.0,0.0,0.0,0.0,0.002,0.998,0.051745274115364996,1879,0.00030905836148869355,1.6163308824631626e-07,6.768358561664183e-05,16,20,False,0.995,0.005,0.66,fixed,100,none,e7f9ddb3-8f5f-4b72-9bd9-db11716f47fd
561,63100,23.273661613464355,1.0,1.0,1.0,0.9960959999999999,0.0,0.0,0.0,0.0,0.0,0.0,0.0,0.0,0.0,0.0,0.0,0.0,0.0,0.0,0.002,0.998,0.051745274115364996,1879,0.0003109569215284961,1.635277304161471e-07,6.809954039136687e-05,16,20,False,0.995,0.005,0.66,fixed,100,none,e7f9ddb3-8f5f-4b72-9bd9-db11716f47fd
562,63200,23.291537523269653,1.0,1.0,1.0,0.9960959999999999,0.0,0.0,0.0,0.0,0.0,0.0,0.0,0.0,0.0,0.0,0.0,0.0,0.0,0.0,0.002,0.998,0.051745274115364996,1879,0.00031023291904454475,1.6302346146050145e-07,6.794096043652835e-05,16,20,False,0.995,0.005,0.66,fixed,100,none,e7f9ddb3-8f5f-4b72-9bd9-db11716f47fd
563,63300,23.309550046920776,1.0,1.0,1.0,0.9960959999999999,0.0,0.0,0.0,0.0,0.0,0.0,0.0,0.0,0.0,0.0,0.0,0.0,0.0,0.0,0.002,0.998,0.051745274115364996,1879,0.00030963082481417624,1.6267040022793496e-07,6.780909492786649e-05,16,20,False,0.995,0.005,0.66,fixed,100,none,e7f9ddb3-8f5f-4b72-9bd9-db11716f47fd
564,63400,23.327597618103027,1.0,1.0,1.0,0.9960959999999999,0.0,0.0,0.0,0.0,0.0,0.0,0.0,0.0,0.0,0.0,0.0,0.0,0.0,0.0,0.002,0.998,0.051745274115364996,1879,0.0003104660380828064,1.6348234801638887e-07,6.799207738244944e-05,16,20,False,0.995,0.005,0.66,fixed,100,none,e7f9ddb3-8f5f-4b72-9bd9-db11716f47fd
565,63500,23.345754146575928,1.0,1.0,1.0,0.9960959999999999,0.0,0.0,0.0,0.0,0.0,0.0,0.0,0.0,0.0,0.0,0.0,0.0,0.0,0.0,0.002,0.998,0.051745274115364996,1879,0.00030991559226000673,1.632955032867904e-07,6.787154929133997e-05,16,20,False,0.995,0.005,0.66,fixed,100,none,e7f9ddb3-8f5f-4b72-9bd9-db11716f47fd
566,63800,23.36374592781067,1.0,1.0,1.0,0.9960959999999999,0.0,0.0,0.0,0.0,0.0,0.0,0.0,0.0,0.0,0.0,0.0,0.0,0.0,0.0,0.002,0.998,0.051745274115364996,1879,0.00031320584777264716,1.6492174853273892e-07,6.859209520965369e-05,16,20,False,0.995,0.005,0.66,fixed,100,none,e7f9ddb3-8f5f-4b72-9bd9-db11716f47fd
567,63900,23.38190484046936,1.0,1.0,1.0,0.9960959999999999,0.0,0.0,0.0,0.0,0.0,0.0,0.0,0.0,0.0,0.0,0.0,0.0,0.0,0.0,0.002,0.998,0.05136123951309429,1880,0.00031283495947113054,1.6471219620363272e-07,6.851086794550917e-05,16,20,False,0.995,0.005,0.66,fixed,100,none,e7f9ddb3-8f5f-4b72-9bd9-db11716f47fd
568,64100,23.39995312690735,1.0,1.0,1.0,0.9960959999999999,0.0,0.0,0.0,0.0,0.0,0.0,0.0,0.0,0.0,0.0,0.0,0.0,0.0,0.0,0.002,0.998,0.051745274115364996,1879,0.00031475304513020456,1.6581795953797677e-07,6.8930946991314e-05,16,20,False,0.995,0.005,0.66,fixed,100,none,e7f9ddb3-8f5f-4b72-9bd9-db11716f47fd
569,64200,23.41814637184143,1.0,1.0,1.0,0.9960959999999999,0.0,0.0,0.0,0.0,0.0,0.0,0.0,0.0,0.0,0.0,0.0,0.0,0.0,0.0,0.002,0.998,0.051745274115364996,1879,0.00031642879808962683,1.6562564622658792e-07,6.929773277460236e-05,16,20,False,0.995,0.005,0.66,fixed,100,none,e7f9ddb3-8f5f-4b72-9bd9-db11716f47fd
570,64300,23.436371088027954,1.0,1.0,1.0,0.9960959999999999,0.0,0.0,0.0,0.0,0.0,0.0,0.0,0.0,0.0,0.0,0.0,0.0,0.0,0.0,0.002,0.998,0.051745274115364996,1879,0.00031642879808962683,1.6562564622658792e-07,6.929773277460236e-05,16,20,False,0.995,0.005,0.66,fixed,100,none,e7f9ddb3-8f5f-4b72-9bd9-db11716f47fd
571,64400,23.45449423789978,1.0,1.0,1.0,0.9960959999999999,0.0,0.0,0.0,0.0,0.0,0.0,0.0,0.0,0.0,0.0,0.0,0.0,0.0,0.0,0.002,0.998,0.051361239513094306,1880,0.00031735782988248623,1.6720008873630466e-07,6.950139697813614e-05,16,20,False,0.995,0.005,0.66,fixed,100,none,e7f9ddb3-8f5f-4b72-9bd9-db11716f47fd
572,64500,23.47251605987549,1.0,1.0,1.0,0.9960959999999999,0.0,0.0,0.0,0.0,0.0,0.0,0.0,0.0,0.0,0.0,0.0,0.0,0.0,0.0,0.002,0.998,0.051361239513094306,1880,0.00031812842817780375,1.6716254854372662e-07,6.967007381234454e-05,16,20,False,0.995,0.005,0.66,fixed,100,none,e7f9ddb3-8f5f-4b72-9bd9-db11716f47fd
573,64600,23.490185737609863,1.0,1.0,1.0,0.9960959999999999,0.0,0.0,0.0,0.0,0.0,0.0,0.0,0.0,0.0,0.0,0.0,0.0,0.0,0.0,0.002,0.998,0.051361239513094306,1880,0.00031777347367750215,1.6619991409205977e-07,6.959219137168272e-05,16,20,False,0.995,0.005,0.66,fixed,100,none,e7f9ddb3-8f5f-4b72-9bd9-db11716f47fd
574,64800,23.50833535194397,1.0,1.0,1.0,0.9960959999999999,0.0,0.0,0.0,0.0,0.0,0.0,0.0,0.0,0.0,0.0,0.0,0.0,0.0,0.0,0.002,0.998,0.051745274115364996,1879,0.00031977803300986757,1.6864085610909942e-07,7.003145318852075e-05,16,20,False,0.995,0.005,0.66,fixed,100,none,e7f9ddb3-8f5f-4b72-9bd9-db11716f47fd
575,64900,23.526384592056274,1.0,1.0,1.0,0.9960959999999999,0.0,0.0,0.0,0.0,0.0,0.0,0.0,0.0,0.0,0.0,0.0,0.0,0.0,0.0,0.002,0.998,0.051745274115364996,1879,0.0003199180412247153,1.7021532570202978e-07,7.006240013597357e-05,16,20,False,0.995,0.005,0.66,fixed,100,none,e7f9ddb3-8f5f-4b72-9bd9-db11716f47fd
576,65000,23.54431176185608,1.0,1.0,1.0,0.9960959999999999,0.0,0.0,0.0,0.0,0.0,0.0,0.0,0.0,0.0,0.0,0.0,0.0,0.0,0.0,0.002,0.998,0.051745274115364996,1879,0.0003202807708440095,1.6994225974289296e-07,7.014174976710484e-05,16,20,False,0.995,0.005,0.66,fixed,100,none,e7f9ddb3-8f5f-4b72-9bd9-db11716f47fd
577,65200,23.562337160110474,1.0,1.0,1.0,0.9960959999999999,0.0,0.0,0.0,0.0,0.0,0.0,0.0,0.0,0.0,0.0,0.0,0.0,0.0,0.0,0.002,0.998,0.0513612395130943,1880,0.0003199224206560216,1.699282290839876e-07,7.006330424512909e-05,16,20,False,0.995,0.005,0.66,fixed,100,none,e7f9ddb3-8f5f-4b72-9bd9-db11716f47fd
578,65300,23.580519676208496,1.0,1.0,1.0,0.9960959999999999,0.0,0.0,0.0,0.0,0.0,0.0,0.0,0.0,0.0,0.0,0.0,0.0,0.0,0.0,0.002,0.998,0.051745274115364996,1879,0.0003201570918194803,1.6990066397426932e-07,7.011466852543935e-05,16,20,False,0.995,0.005,0.66,fixed,100,none,e7f9ddb3-8f5f-4b72-9bd9-db11716f47fd
579,65400,23.598763942718506,1.0,1.0,1.0,0.9960959999999999,0.0,0.0,0.0,0.0,0.0,0.0,0.0,0.0,0.0,0.0,0.0,0.0,0.0,0.0,0.002,0.998,0.05097620089879157,1881,0.00032101282777878966,1.7107106561869288e-07,7.030221150324461e-05,16,20,False,0.995,0.005,0.66,fixed,100,none,e7f9ddb3-8f5f-4b72-9bd9-db11716f47fd
580,65500,23.61674427986145,1.0,1.0,1.0,0.9960959999999999,0.0,0.0,0.0,0.0,0.0,0.0,0.0,0.0,0.0,0.0,0.0,0.0,0.0,0.0,0.002,0.998,0.05097620089879156,1881,0.0003211381800773983,1.7138688881698907e-07,7.032971112781772e-05,16,20,False,0.995,0.005,0.66,fixed,100,none,e7f9ddb3-8f5f-4b72-9bd9-db11716f47fd
581,65600,23.63483452796936,1.0,1.0,1.0,0.9960959999999999,0.0,0.0,0.0,0.0,0.0,0.0,0.0,0.0,0.0,0.0,0.0,0.0,0.0,0.0,0.002,0.998,0.05097620089879157,1881,0.00032274695296086425,1.7223400678574752e-07,7.068203246442248e-05,16,20,False,0.995,0.005,0.66,fixed,100,none,e7f9ddb3-8f5f-4b72-9bd9-db11716f47fd
582,65700,23.652979850769043,1.0,1.0,1.0,0.9960959999999999,0.0,0.0,0.0,0.0,0.0,0.0,0.0,0.0,0.0,0.0,0.0,0.0,0.0,0.0,0.002,0.998,0.0513612395130943,1880,0.0003248887456641135,1.7419364203139062e-07,7.115124321786041e-05,16,20,False,0.995,0.005,0.66,fixed,100,none,e7f9ddb3-8f5f-4b72-9bd9-db11716f47fd
583,65900,23.671352863311768,1.0,1.0,1.0,0.9960959999999999,0.0,0.0,0.0,0.0,0.0,0.0,0.0,0.0,0.0,0.0,0.0,0.0,0.0,0.0,0.002,0.998,0.05097620089879156,1881,0.0003245806766251868,1.7440856297099856e-07,7.108384774021788e-05,16,20,False,0.995,0.005,0.66,fixed,100,none,e7f9ddb3-8f5f-4b72-9bd9-db11716f47fd
584,66000,23.6899254322052,1.0,1.0,1.0,0.9960959999999999,0.0,0.0,0.0,0.0,0.0,0.0,0.0,0.0,0.0,0.0,0.0,0.0,0.0,0.0,0.002,0.998,0.05097620089879156,1881,0.0003249358187323247,1.7509065308887589e-07,7.116171794459277e-05,16,20,False,0.995,0.005,0.66,fixed,100,none,e7f9ddb3-8f5f-4b72-9bd9-db11716f47fd
585,66300,23.70823359489441,1.0,1.0,1.0,0.9960959999999999,0.0,0.0,0.0,0.0,0.0,0.0,0.0,0.0,0.0,0.0,0.0,0.0,0.0,0.0,0.002,0.998,0.05097620089879157,1881,0.0003262359304931871,1.7523608234572997e-07,7.144634004060434e-05,16,20,False,0.995,0.005,0.66,fixed,100,none,e7f9ddb3-8f5f-4b72-9bd9-db11716f47fd
586,66400,23.726468324661255,1.0,1.0,1.0,0.9960959999999999,0.0,0.0,0.0,0.0,0.0,0.0,0.0,0.0,0.0,0.0,0.0,0.0,0.0,0.0,0.002,0.998,0.05097620089879157,1881,0.0003257878017175788,1.7532832694320444e-07,7.134826217809722e-05,16,20,False,0.995,0.005,0.66,fixed,100,none,e7f9ddb3-8f5f-4b72-9bd9-db11716f47fd
587,66500,23.744799375534058,1.0,1.0,1.0,0.9960959999999999,0.0,0.0,0.0,0.0,0.0,0.0,0.0,0.0,0.0,0.0,0.0,0.0,0.0,0.0,0.002,0.998,0.05097620089879156,1881,0.0003268800389934621,1.757840773824977e-07,7.158743951037153e-05,16,20,False,0.995,0.005,0.66,fixed,100,none,e7f9ddb3-8f5f-4b72-9bd9-db11716f47fd
588,66700,23.76309561729431,1.0,1.0,1.0,0.9960959999999999,0.0,0.0,0.0,0.0,0.0,0.0,0.0,0.0,0.0,0.0,0.0,0.0,0.0,0.0,0.002,0.998,0.050590158272456734,1882,0.0003271869657179493,1.7594996300627957e-07,7.165465728863029e-05,16,20,False,0.995,0.005,0.66,fixed,100,none,e7f9ddb3-8f5f-4b72-9bd9-db11716f47fd
589,66800,23.78145670890808,1.0,1.0,1.0,0.9960959999999999,0.0,0.0,0.0,0.0,0.0,0.0,0.0,0.0,0.0,0.0,0.0,0.0,0.0,0.0,0.002,0.998,0.050590158272456734,1882,0.0003275275755588539,1.765144625655818e-07,7.172932403772058e-05,16,20,False,0.995,0.005,0.66,fixed,100,none,e7f9ddb3-8f5f-4b72-9bd9-db11716f47fd
590,67000,23.799580812454224,1.0,1.0,1.0,0.9960959999999999,0.0,0.0,0.0,0.0,0.0,0.0,0.0,0.0,0.0,0.0,0.0,0.0,0.0,0.0,0.002,0.998,0.05097620089879156,1881,0.0003261602665123555,1.750853648889793e-07,7.142974855888354e-05,16,20,False,0.995,0.005,0.66,fixed,100,none,e7f9ddb3-8f5f-4b72-9bd9-db11716f47fd
591,67100,23.817718029022217,1.0,1.0,1.0,0.9960959999999999,0.0,0.0,0.0,0.0,0.0,0.0,0.0,0.0,0.0,0.0,0.0,0.0,0.0,0.0,0.002,0.998,0.050590158272456734,1882,0.00032652562935428443,1.7587315382527585e-07,7.150987616487967e-05,16,20,False,0.995,0.005,0.66,fixed,100,none,e7f9ddb3-8f5f-4b72-9bd9-db11716f47fd
592,67400,23.83601951599121,1.0,1.0,1.0,0.9960959999999999,0.0,0.0,0.0,0.0,0.0,0.0,0.0,0.0,0.0,0.0,0.0,0.0,0.0,0.0,0.002,0.998,0.050590158272456734,1882,0.0003273390173212401,1.7764748917503878e-07,7.168826391456271e-05,16,20,False,0.995,0.005,0.66,fixed,100,none,e7f9ddb3-8f5f-4b72-9bd9-db11716f47fd
593,67500,23.854427814483643,1.0,1.0,1.0,0.9960959999999999,0.0,0.0,0.0,0.0,0.0,0.0,0.0,0.0,0.0,0.0,0.0,0.0,0.0,0.0,0.002,0.998,0.050590158272456734,1882,0.0003274992327467676,1.795323408931502e-07,7.172369319303713e-05,16,20,False,0.995,0.005,0.66,fixed,100,none,e7f9ddb3-8f5f-4b72-9bd9-db11716f47fd
594,67600,23.872798442840576,1.0,1.0,1.0,0.9960959999999999,0.0,0.0,0.0,0.0,0.0,0.0,0.0,0.0,0.0,0.0,0.0,0.0,0.0,0.0,0.002,0.998,0.050590158272456734,1882,0.0003281732180504724,1.7965486789924292e-07,7.187125185614926e-05,16,20,False,0.995,0.005,0.66,fixed,100,none,e7f9ddb3-8f5f-4b72-9bd9-db11716f47fd
595,67700,23.89149308204651,1.0,1.0,1.0,0.9960959999999999,0.0,0.0,0.0,0.0,0.0,0.0,0.0,0.0,0.0,0.0,0.0,0.0,0.0,0.0,0.002,0.998,0.050590158272456734,1882,0.0003281732180504724,1.7965486789924292e-07,7.187125185614926e-05,16,20,False,0.995,0.005,0.66,fixed,100,none,e7f9ddb3-8f5f-4b72-9bd9-db11716f47fd
596,67800,23.909950971603394,1.0,1.0,1.0,0.9960959999999999,0.0,0.0,0.0,0.0,0.0,0.0,0.0,0.0,0.0,0.0,0.0,0.0,0.0,0.0,0.002,0.998,0.050590158272456734,1882,0.0003289402193286032,1.7990139477957206e-07,7.203919527603936e-05,16,20,False,0.995,0.005,0.66,fixed,100,none,e7f9ddb3-8f5f-4b72-9bd9-db11716f47fd
597,68100,23.928418397903442,1.0,1.0,1.0,0.9960959999999999,0.0,0.0,0.0,0.0,0.0,0.0,0.0,0.0,0.0,0.0,0.0,0.0,0.0,0.0,0.002,0.998,0.050590158272456734,1882,0.0003289241112176264,1.7966816628264146e-07,7.203562489713212e-05,16,20,False,0.995,0.005,0.66,fixed,100,none,e7f9ddb3-8f5f-4b72-9bd9-db11716f47fd
598,68200,23.94671869277954,1.0,1.0,1.0,0.9960959999999999,0.0,0.0,0.0,0.0,0.0,0.0,0.0,0.0,0.0,0.0,0.0,0.0,0.0,0.0,0.002,0.998,0.050590158272456734,1882,0.0003313595258297344,1.8258385587765403e-07,7.256929113674561e-05,16,20,False,0.995,0.005,0.66,fixed,100,none,e7f9ddb3-8f5f-4b72-9bd9-db11716f47fd
599,68500,23.964868783950806,1.0,1.0,1.0,0.9960959999999999,0.0,0.0,0.0,0.0,0.0,0.0,0.0,0.0,0.0,0.0,0.0,0.0,0.0,0.0,0.002,0.998,0.050590158272456734,1882,0.00033152511473403065,1.8231989198819976e-07,7.260548839475706e-05,16,20,False,0.995,0.005,0.66,fixed,100,none,e7f9ddb3-8f5f-4b72-9bd9-db11716f47fd
600,68600,23.98297882080078,1.0,1.0,1.0,0.9960959999999999,0.0,0.0,0.0,0.0,0.0,0.0,0.0,0.0,0.0,0.0,0.0,0.0,0.0,0.0,0.002,0.998,0.05059015827245674,1882,0.0003313042733815912,1.8187949525644998e-07,7.255706254732905e-05,16,20,False,0.995,0.005,0.66,fixed,100,none,e7f9ddb3-8f5f-4b72-9bd9-db11716f47fd
601,68700,24.001288175582886,1.0,1.0,1.0,0.9960959999999999,0.0,0.0,0.0,0.0,0.0,0.0,0.0,0.0,0.0,0.0,0.0,0.0,0.0,0.0,0.002,0.998,0.05059015827245674,1882,0.00033144175073171765,1.8227742475747829e-07,7.258723194587692e-05,16,20,False,0.995,0.005,0.66,fixed,100,none,e7f9ddb3-8f5f-4b72-9bd9-db11716f47fd
602,68800,24.019492626190186,1.0,1.0,1.0,0.9960959999999999,0.0,0.0,0.0,0.0,0.0,0.0,0.0,0.0,0.0,0.0,0.0,0.0,0.0,0.0,0.002,0.998,0.05059015827245674,1882,0.0003328503036468161,1.835999230103794e-07,7.289581545366003e-05,16,20,False,0.995,0.005,0.66,fixed,100,none,e7f9ddb3-8f5f-4b72-9bd9-db11716f47fd
603,68900,24.037474870681763,1.0,1.0,1.0,0.9960959999999999,0.0,0.0,0.0,0.0,0.0,0.0,0.0,0.0,0.0,0.0,0.0,0.0,0.0,0.0,0.002,0.998,0.050590158272456734,1882,0.00033318397333439954,1.835734723496592e-07,7.29688507226465e-05,16,20,False,0.995,0.005,0.66,fixed,100,none,e7f9ddb3-8f5f-4b72-9bd9-db11716f47fd
604,69200,24.055598735809326,1.0,1.0,1.0,0.9960959999999999,0.0,0.0,0.0,0.0,0.0,0.0,0.0,0.0,0.0,0.0,0.0,0.0,0.0,0.0,0.002,0.998,0.050590158272456734,1882,0.0003331769537223906,1.8377994018054263e-07,7.296735335846561e-05,16,20,False,0.995,0.005,0.66,fixed,100,none,e7f9ddb3-8f5f-4b72-9bd9-db11716f47fd
605,69300,24.073764085769653,1.0,1.0,1.0,0.9960959999999999,0.0,0.0,0.0,0.0,0.0,0.0,0.0,0.0,0.0,0.0,0.0,0.0,0.0,0.0,0.002,0.998,0.050590158272456734,1882,0.00033457338058680617,1.856758598774377e-07,7.327339142382859e-05,16,20,False,0.995,0.005,0.66,fixed,100,none,e7f9ddb3-8f5f-4b72-9bd9-db11716f47fd
606,69500,24.092111587524414,1.0,1.0,1.0,0.9960959999999999,0.0,0.0,0.0,0.0,0.0,0.0,0.0,0.0,0.0,0.0,0.0,0.0,0.0,0.0,0.002,0.998,0.050590158272456734,1882,0.00033799755246759515,1.8847463584590809e-07,7.40234744159673e-05,16,20,False,0.995,0.005,0.66,fixed,100,none,e7f9ddb3-8f5f-4b72-9bd9-db11716f47fd
607,69600,24.110318660736084,1.0,1.0,1.0,0.9960959999999999,0.0,0.0,0.0,0.0,0.0,0.0,0.0,0.0,0.0,0.0,0.0,0.0,0.0,0.0,0.002,0.998,0.050590158272456734,1882,0.00034028104685757154,1.9042710209214947e-07,7.452370230651992e-05,16,20,False,0.995,0.005,0.66,fixed,100,none,e7f9ddb3-8f5f-4b72-9bd9-db11716f47fd
608,69800,24.13249897956848,1.0,1.0,1.0,0.9960959999999999,0.0,0.0,0.0,0.0,0.0,0.0,0.0,0.0,0.0,0.0,0.0,0.0,0.0,0.0,0.002,0.998,0.050590158272456734,1882,0.0003408958008701623,1.9034781350486662e-07,7.465825689504446e-05,16,20,False,0.995,0.005,0.66,fixed,100,none,e7f9ddb3-8f5f-4b72-9bd9-db11716f47fd
609,69900,24.150670051574707,1.0,1.0,1.0,0.9960959999999999,0.0,0.0,0.0,0.0,0.0,0.0,0.0,0.0,0.0,0.0,0.0,0.0,0.0,0.0,0.002,0.998,0.050590158272456734,1882,0.000340313906795716,1.903431142723968e-07,7.4530879389294e-05,16,20,False,0.995,0.005,0.66,fixed,100,none,e7f9ddb3-8f5f-4b72-9bd9-db11716f47fd
610,70000,24.16898226737976,1.0,1.0,1.0,0.9960959999999999,0.0,0.0,0.0,0.0,0.0,0.0,0.0,0.0,0.0,0.0,0.0,0.0,0.0,0.0,0.002,0.998,0.050590158272456734,1882,0.00034198601037004837,1.910724786433332e-07,7.489704144094583e-05,16,20,False,0.995,0.005,0.66,fixed,100,none,e7f9ddb3-8f5f-4b72-9bd9-db11716f47fd
611,70300,24.187419414520264,1.0,1.0,1.0,0.9960959999999999,0.0,0.0,0.0,0.0,0.0,0.0,0.0,0.0,0.0,0.0,0.0,0.0,0.0,0.0,0.002,0.998,0.05097620089879156,1881,0.00034126457903646215,1.909559945486539e-07,7.473909799004582e-05,16,20,False,0.995,0.005,0.66,fixed,100,none,e7f9ddb3-8f5f-4b72-9bd9-db11716f47fd
612,70400,24.20569372177124,1.0,1.0,1.0,0.9960959999999999,0.0,0.0,0.0,0.0,0.0,0.0,0.0,0.0,0.0,0.0,0.0,0.0,0.0,0.0,0.002,0.998,0.05097620089879156,1881,0.00034157399509363024,1.9163574736873127e-07,7.480695831799572e-05,16,20,False,0.995,0.005,0.66,fixed,100,none,e7f9ddb3-8f5f-4b72-9bd9-db11716f47fd
613,70500,24.223934173583984,1.0,1.0,1.0,0.9960959999999999,0.0,0.0,0.0,0.0,0.0,0.0,0.0,0.0,0.0,0.0,0.0,0.0,0.0,0.0,0.002,0.998,0.05097620089879156,1881,0.00034157399509363024,1.9163574736873127e-07,7.480695831799572e-05,16,20,False,0.995,0.005,0.66,fixed,100,none,e7f9ddb3-8f5f-4b72-9bd9-db11716f47fd
614,70600,24.24257183074951,1.0,1.0,1.0,0.9960959999999999,0.0,0.0,0.0,0.0,0.0,0.0,0.0,0.0,0.0,0.0,0.0,0.0,0.0,0.0,0.002,0.998,0.05097620089879156,1881,0.0003422241165954557,1.9189545926000585e-07,7.494931926000465e-05,16,20,False,0.995,0.005,0.66,fixed,100,none,e7f9ddb3-8f5f-4b72-9bd9-db11716f47fd
615,70700,24.261358737945557,1.0,1.0,1.0,0.9960959999999999,0.0,0.0,0.0,0.0,0.0,0.0,0.0,0.0,0.0,0.0,0.0,0.0,0.0,0.0,0.002,0.998,0.05097620089879156,1881,0.00034359056949167686,1.929907355696652e-07,7.52486439014863e-05,16,20,False,0.995,0.005,0.66,fixed,100,none,e7f9ddb3-8f5f-4b72-9bd9-db11716f47fd
616,70900,24.280062675476074,1.0,1.0,1.0,0.9960959999999999,0.0,0.0,0.0,0.0,0.0,0.0,0.0,0.0,0.0,0.0,0.0,0.0,0.0,0.0,0.002,0.998,0.05097620089879156,1881,0.0003440973702966282,1.9308768251730968e-07,7.53596010176102e-05,16,20,False,0.995,0.005,0.66,fixed,100,none,e7f9ddb3-8f5f-4b72-9bd9-db11716f47fd
617,71000,24.29836082458496,1.0,1.0,1.0,0.9960959999999999,0.0,0.0,0.0,0.0,0.0,0.0,0.0,0.0,0.0,0.0,0.0,0.0,0.0,0.0,0.002,0.998,0.05097620089879156,1881,0.00034463777620324736,1.9350091625528027e-07,7.547797438497935e-05,16,20,False,0.995,0.005,0.66,fixed,100,none,e7f9ddb3-8f5f-4b72-9bd9-db11716f47fd
618,71100,24.3165066242218,1.0,1.0,1.0,0.9960959999999999,0.0,0.0,0.0,0.0,0.0,0.0,0.0,0.0,0.0,0.0,0.0,0.0,0.0,0.0,0.002,0.998,0.05097620089879156,1881,0.00034417949224378784,1.938017170866855e-07,7.537771317841164e-05,16,20,False,0.995,0.005,0.66,fixed,100,none,e7f9ddb3-8f5f-4b72-9bd9-db11716f47fd
619,71400,24.334699153900146,1.0,1.0,1.0,0.9960959999999999,0.0,0.0,0.0,0.0,0.0,0.0,0.0,0.0,0.0,0.0,0.0,0.0,0.0,0.0,0.002,0.998,0.05059015827245674,1882,0.00034723168697080607,1.9663001860989919e-07,7.604637598144533e-05,16,20,False,0.995,0.005,0.66,fixed,100,none,e7f9ddb3-8f5f-4b72-9bd9-db11716f47fd
620,71500,24.352988958358765,1.0,1.0,1.0,0.9960959999999999,0.0,0.0,0.0,0.0,0.0,0.0,0.0,0.0,0.0,0.0,0.0,0.0,0.0,0.0,0.002,0.998,0.05059015827245674,1882,0.00034710310980154966,1.9701128939798548e-07,7.601830288054485e-05,16,20,False,0.995,0.005,0.66,fixed,100,none,e7f9ddb3-8f5f-4b72-9bd9-db11716f47fd
621,71600,24.371174097061157,1.0,1.0,1.0,0.9960959999999999,0.0,0.0,0.0,0.0,0.0,0.0,0.0,0.0,0.0,0.0,0.0,0.0,0.0,0.0,0.002,0.998,0.05059015827245674,1882,0.0003462935813054967,1.962138747113489e-07,7.584094558396838e-05,16,20,False,0.995,0.005,0.66,fixed,100,none,e7f9ddb3-8f5f-4b72-9bd9-db11716f47fd
622,71700,24.389264583587646,1.0,1.0,1.0,0.9960959999999999,0.0,0.0,0.0,0.0,0.0,0.0,0.0,0.0,0.0,0.0,0.0,0.0,0.0,0.0,0.002,0.998,0.05097620089879156,1881,0.00034733957760873005,1.976054983720281e-07,7.60701785832417e-05,16,20,False,0.995,0.005,0.66,fixed,100,none,e7f9ddb3-8f5f-4b72-9bd9-db11716f47fd
623,71800,24.40739631652832,1.0,1.0,1.0,0.9960959999999999,0.0,0.0,0.0,0.0,0.0,0.0,0.0,0.0,0.0,0.0,0.0,0.0,0.0,0.0,0.002,0.998,0.05097620089879156,1881,0.00034705561799212457,1.9745432177542334e-07,7.600799109961341e-05,16,20,False,0.995,0.005,0.66,fixed,100,none,e7f9ddb3-8f5f-4b72-9bd9-db11716f47fd
624,72100,24.42566752433777,1.0,1.0,1.0,0.9960959999999999,0.0,0.0,0.0,0.0,0.0,0.0,0.0,0.0,0.0,0.0,0.0,0.0,0.0,0.0,0.002,0.998,0.05097620089879156,1881,0.00034683871421705835,1.9880293791041774e-07,7.596076710031706e-05,16,20,False,0.995,0.005,0.66,fixed,100,none,e7f9ddb3-8f5f-4b72-9bd9-db11716f47fd
625,72200,24.443848848342896,1.0,1.0,1.0,0.9960959999999999,0.0,0.0,0.0,0.0,0.0,0.0,0.0,0.0,0.0,0.0,0.0,0.0,0.0,0.0,0.002,0.998,0.05097620089879156,1881,0.0003471745472359745,1.9880765361442619e-07,7.603428184414156e-05,16,20,False,0.995,0.005,0.66,fixed,100,none,e7f9ddb3-8f5f-4b72-9bd9-db11716f47fd
626,72400,24.462016344070435,1.0,1.0,1.0,0.9960959999999999,0.0,0.0,0.0,0.0,0.0,0.0,0.0,0.0,0.0,0.0,0.0,0.0,0.0,0.0,0.002,0.998,0.05097620089879156,1881,0.0003494084401682805,2.0053339591466746e-07,7.652360889806039e-05,16,20,False,0.995,0.005,0.66,fixed,100,none,e7f9ddb3-8f5f-4b72-9bd9-db11716f47fd
627,72500,24.480100393295288,1.0,1.0,1.0,0.9960959999999999,0.0,0.0,0.0,0.0,0.0,0.0,0.0,0.0,0.0,0.0,0.0,0.0,0.0,0.0,0.002,0.998,0.05097620089879156,1881,0.0003489885578730188,2.0069452732211288e-07,7.643172727859501e-05,16,20,False,0.995,0.005,0.66,fixed,100,none,e7f9ddb3-8f5f-4b72-9bd9-db11716f47fd
628,72700,24.498172998428345,1.0,1.0,1.0,0.9960959999999999,0.0,0.0,0.0,0.0,0.0,0.0,0.0,0.0,0.0,0.0,0.0,0.0,0.0,0.0,0.002,0.998,0.05097620089879156,1881,0.0003491722479245289,2.0131606447217766e-07,7.64720551229291e-05,16,20,False,0.995,0.005,0.66,fixed,100,none,e7f9ddb3-8f5f-4b72-9bd9-db11716f47fd
629,72800,24.516921997070312,1.0,1.0,1.0,0.9960959999999999,0.0,0.0,0.0,0.0,0.0,0.0,0.0,0.0,0.0,0.0,0.0,0.0,0.0,0.0,0.002,0.998,0.05097620089879156,1881,0.00034929019589812366,2.013743988105692e-07,7.649788501787327e-05,16,20,False,0.995,0.005,0.66,fixed,100,none,e7f9ddb3-8f5f-4b72-9bd9-db11716f47fd
630,72900,24.535447597503662,1.0,1.0,1.0,0.9960959999999999,0.0,0.0,0.0,0.0,0.0,0.0,0.0,0.0,0.0,0.0,0.0,0.0,0.0,0.0,0.002,0.998,0.05097620089879156,1881,0.0003495625423609607,2.008940356385119e-07,7.655741038958562e-05,16,20,False,0.995,0.005,0.66,fixed,100,none,e7f9ddb3-8f5f-4b72-9bd9-db11716f47fd
631,73200,24.55378818511963,1.0,1.0,1.0,0.9960959999999999,0.0,0.0,0.0,0.0,0.0,0.0,0.0,0.0,0.0,0.0,0.0,0.0,0.0,0.0,0.002,0.998,0.05097620089879156,1881,0.00035043478281765217,2.0199220408330495e-07,7.67485524775599e-05,16,20,False,0.995,0.005,0.66,fixed,100,none,e7f9ddb3-8f5f-4b72-9bd9-db11716f47fd
632,73300,24.572308778762817,1.0,1.0,1.0,0.9960959999999999,0.0,0.0,0.0,0.0,0.0,0.0,0.0,0.0,0.0,0.0,0.0,0.0,0.0,0.0,0.002,0.998,0.05097620089879156,1881,0.00035043478281765217,2.0199220408330495e-07,7.67485524775599e-05,16,20,False,0.995,0.005,0.66,fixed,100,none,e7f9ddb3-8f5f-4b72-9bd9-db11716f47fd
633,73400,24.591540098190308,1.0,1.0,1.0,0.9960959999999999,0.0,0.0,0.0,0.0,0.0,0.0,0.0,0.0,0.0,0.0,0.0,0.0,0.0,0.0,0.002,0.998,0.0513612395130943,1880,0.0003511431459472156,2.0262305994202788e-07,7.69037330292345e-05,16,20,False,0.995,0.005,0.66,fixed,100,none,e7f9ddb3-8f5f-4b72-9bd9-db11716f47fd
634,73500,24.610419273376465,1.0,1.0,1.0,0.9960959999999999,0.0,0.0,0.0,0.0,0.0,0.0,0.0,0.0,0.0,0.0,0.0,0.0,0.0,0.0,0.002,0.998,0.0513612395130943,1880,0.00034982652750969193,2.0179153502716468e-07,7.661536726352673e-05,16,20,False,0.995,0.005,0.66,fixed,100,none,e7f9ddb3-8f5f-4b72-9bd9-db11716f47fd
635,73600,24.628615617752075,1.0,1.0,1.0,0.9960959999999999,0.0,0.0,0.0,0.0,0.0,0.0,0.0,0.0,0.0,0.0,0.0,0.0,0.0,0.0,0.002,0.998,0.0513612395130943,1880,0.00034982652750969193,2.0179153502716468e-07,7.661536726352673e-05,16,20,False,0.995,0.005,0.66,fixed,100,none,e7f9ddb3-8f5f-4b72-9bd9-db11716f47fd
636,73900,24.646698713302612,1.0,1.0,1.0,0.9960959999999999,0.0,0.0,0.0,0.0,0.0,0.0,0.0,0.0,0.0,0.0,0.0,0.0,0.0,0.0,0.002,0.998,0.051745274115365,1879,0.0003498226068473228,2.0188482602559079e-07,7.661452675582382e-05,16,20,False,0.995,0.005,0.66,fixed,100,none,e7f9ddb3-8f5f-4b72-9bd9-db11716f47fd
637,74000,24.66477084159851,1.0,1.0,1.0,0.9960959999999999,0.0,0.0,0.0,0.0,0.0,0.0,0.0,0.0,0.0,0.0,0.0,0.0,0.0,0.0,0.002,0.998,0.051745274115365,1879,0.00034998276564954635,2.02212366234993e-07,7.664964775027035e-05,16,20,False,0.995,0.005,0.66,fixed,100,none,e7f9ddb3-8f5f-4b72-9bd9-db11716f47fd
638,74200,24.683013677597046,1.0,1.0,1.0,0.9960959999999999,0.0,0.0,0.0,0.0,0.0,0.0,0.0,0.0,0.0,0.0,0.0,0.0,0.0,0.0,0.002,0.998,0.051745274115365,1879,0.000350459452800835,2.026178816581003e-07,7.675407161561782e-05,16,20,False,0.995,0.005,0.66,fixed,100,none,e7f9ddb3-8f5f-4b72-9bd9-db11716f47fd
639,74300,24.701130390167236,1.0,1.0,1.0,0.9960959999999999,0.0,0.0,0.0,0.0,0.0,0.0,0.0,0.0,0.0,0.0,0.0,0.0,0.0,0.0,0.002,0.998,0.051745274115365,1879,0.00035161460514978693,2.031470617301845e-07,7.70070350090171e-05,16,20,False,0.995,0.005,0.66,fixed,100,none,e7f9ddb3-8f5f-4b72-9bd9-db11716f47fd
640,74500,24.71932625770569,1.0,1.0,1.0,0.9960959999999999,0.0,0.0,0.0,0.0,0.0,0.0,0.0,0.0,0.0,0.0,0.0,0.0,0.0,0.0,0.002,0.998,0.051745274115365,1879,0.0003505162963713572,2.0237382043699175e-07,7.676646830157311e-05,16,20,False,0.995,0.005,0.66,fixed,100,none,e7f9ddb3-8f5f-4b72-9bd9-db11716f47fd
641,74600,24.737462997436523,1.0,1.0,1.0,0.9960959999999999,0.0,0.0,0.0,0.0,0.0,0.0,0.0,0.0,0.0,0.0,0.0,0.0,0.0,0.0,0.002,0.998,0.051745274115365,1879,0.0003507197192927569,2.0202733628107892e-07,7.68109317470779e-05,16,20,False,0.995,0.005,0.66,fixed,100,none,e7f9ddb3-8f5f-4b72-9bd9-db11716f47fd
642,74700,24.755746603012085,1.0,1.0,1.0,0.9960959999999999,0.0,0.0,0.0,0.0,0.0,0.0,0.0,0.0,0.0,0.0,0.0,0.0,0.0,0.0,0.002,0.998,0.051745274115365,1879,0.00035118404893445565,2.019986317974122e-07,7.691256805179386e-05,16,20,False,0.995,0.005,0.66,fixed,100,none,e7f9ddb3-8f5f-4b72-9bd9-db11716f47fd
643,75000,24.77404522895813,1.0,1.0,1.0,0.9960959999999999,0.0,0.0,0.0,0.0,0.0,0.0,0.0,0.0,0.0,0.0,0.0,0.0,0.0,0.0,0.002,0.998,0.051745274115365,1879,0.0003532438332210408,2.0385095019110804e-07,7.736380677262215e-05,16,20,False,0.995,0.005,0.66,fixed,100,none,e7f9ddb3-8f5f-4b72-9bd9-db11716f47fd
644,75100,24.792572736740112,1.0,1.0,1.0,0.9960959999999999,0.0,0.0,0.0,0.0,0.0,0.0,0.0,0.0,0.0,0.0,0.0,0.0,0.0,0.0,0.002,0.998,0.051745274115365,1879,0.0003542140584811046,2.0640209942626228e-07,7.757667380040478e-05,16,20,False,0.995,0.005,0.66,fixed,100,none,e7f9ddb3-8f5f-4b72-9bd9-db11716f47fd
645,75200,24.818115711212158,1.0,1.0,1.0,0.9960959999999999,0.0,0.0,0.0,0.0,0.0,0.0,0.0,0.0,0.0,0.0,0.0,0.0,0.0,0.0,0.002,0.998,0.051745274115365,1879,0.00035535927341176607,2.072041519377983e-07,7.782751373870378e-05,16,20,False,0.995,0.005,0.66,fixed,100,none,e7f9ddb3-8f5f-4b72-9bd9-db11716f47fd
646,75300,24.837754487991333,1.0,1.0,1.0,0.9960959999999999,0.0,0.0,0.0,0.0,0.0,0.0,0.0,0.0,0.0,0.0,0.0,0.0,0.0,0.0,0.002,0.998,0.051745274115365,1879,0.0003555821990318759,2.0702193827052766e-07,7.787627753634904e-05,16,20,False,0.995,0.005,0.66,fixed,100,none,e7f9ddb3-8f5f-4b72-9bd9-db11716f47fd
647,75400,24.856975555419922,1.0,1.0,1.0,0.9960959999999999,0.0,0.0,0.0,0.0,0.0,0.0,0.0,0.0,0.0,0.0,0.0,0.0,0.0,0.0,0.002,0.998,0.0513612395130943,1880,0.00035660368766348273,2.0793336402187757e-07,7.810005456870054e-05,16,20,False,0.995,0.005,0.66,fixed,100,none,e7f9ddb3-8f5f-4b72-9bd9-db11716f47fd
648,75700,24.876093864440918,1.0,1.0,1.0,0.9960959999999999,0.0,0.0,0.0,0.0,0.0,0.0,0.0,0.0,0.0,0.0,0.0,0.0,0.0,0.0,0.002,0.998,0.0513612395130943,1880,0.00035490855239692234,2.075111826814823e-07,7.772890924439578e-05,16,20,False,0.995,0.005,0.66,fixed,100,none,e7f9ddb3-8f5f-4b72-9bd9-db11716f47fd
649,75800,24.89536213874817,1.0,1.0,1.0,0.9960959999999999,0.0,0.0,0.0,0.0,0.0,0.0,0.0,0.0,0.0,0.0,0.0,0.0,0.0,0.0,0.002,0.998,0.0513612395130943,1880,0.00035398757942839,2.0742253027635904e-07,7.752729141762708e-05,16,20,False,0.995,0.005,0.66,fixed,100,none,e7f9ddb3-8f5f-4b72-9bd9-db11716f47fd
650,75900,24.914565801620483,1.0,1.0,1.0,0.9960959999999999,0.0,0.0,0.0,0.0,0.0,0.0,0.0,0.0,0.0,0.0,0.0,0.0,0.0,0.0,0.002,0.998,0.0513612395130943,1880,0.0003545584455795805,2.0846469256129226e-07,7.765245202895682e-05,16,20,False,0.995,0.005,0.66,fixed,100,none,e7f9ddb3-8f5f-4b72-9bd9-db11716f47fd
651,76000,24.93375062942505,1.0,1.0,1.0,0.9960959999999999,0.0,0.0,0.0,0.0,0.0,0.0,0.0,0.0,0.0,0.0,0.0,0.0,0.0,0.0,0.002,0.998,0.0513612395130943,1880,0.00035477857760185907,2.0857420770230809e-07,7.77006597365104e-05,16,20,False,0.995,0.005,0.66,fixed,100,none,e7f9ddb3-8f5f-4b72-9bd9-db11716f47fd
652,76100,24.952824115753174,1.0,1.0,1.0,0.9960959999999999,0.0,0.0,0.0,0.0,0.0,0.0,0.0,0.0,0.0,0.0,0.0,0.0,0.0,0.0,0.002,0.998,0.0513612395130943,1880,0.00035471609859441056,2.0836771395650904e-07,7.768694384796822e-05,16,20,False,0.995,0.005,0.66,fixed,100,none,e7f9ddb3-8f5f-4b72-9bd9-db11716f47fd
653,76400,24.971778392791748,1.0,1.0,1.0,0.9960959999999999,0.0,0.0,0.0,0.0,0.0,0.0,0.0,0.0,0.0,0.0,0.0,0.0,0.0,0.0,0.002,0.998,0.0513612395130943,1880,0.00035783328623584465,2.10978009867719e-07,7.836979217890126e-05,16,20,False,0.995,0.005,0.66,fixed,100,none,e7f9ddb3-8f5f-4b72-9bd9-db11716f47fd
654,76500,24.990821838378906,1.0,1.0,1.0,0.9960959999999999,0.0,0.0,0.0,0.0,0.0,0.0,0.0,0.0,0.0,0.0,0.0,0.0,0.0,0.0,0.002,0.998,0.0513612395130943,1880,0.0003569352399278102,2.1106140773852568e-07,7.817322568766797e-05,16,20,False,0.995,0.005,0.66,fixed,100,none,e7f9ddb3-8f5f-4b72-9bd9-db11716f47fd
655,76800,25.009772062301636,1.0,1.0,1.0,0.9960959999999999,0.0,0.0,0.0,0.0,0.0,0.0,0.0,0.0,0.0,0.0,0.0,0.0,0.0,0.0,0.002,0.998,0.05097620089879156,1881,0.0003582435705088258,2.121259853206751e-07,7.845982152159289e-05,16,20,False,0.995,0.005,0.66,fixed,100,none,e7f9ddb3-8f5f-4b72-9bd9-db11716f47fd
656,76900,25.028684377670288,1.0,1.0,1.0,0.9960959999999999,0.0,0.0,0.0,0.0,0.0,0.0,0.0,0.0,0.0,0.0,0.0,0.0,0.0,0.0,0.002,0.998,0.05097620089879156,1881,0.0003582435705088258,2.121259853206751e-07,7.845982152159289e-05,16,20,False,0.995,0.005,0.66,fixed,100,none,e7f9ddb3-8f5f-4b72-9bd9-db11716f47fd
657,77000,25.047428369522095,1.0,1.0,1.0,0.9960959999999999,0.0,0.0,0.0,0.0,0.0,0.0,0.0,0.0,0.0,0.0,0.0,0.0,0.0,0.0,0.002,0.998,0.0513612395130943,1880,0.00035998409281041825,2.1311154428898667e-07,7.884100910961546e-05,16,20,False,0.995,0.005,0.66,fixed,100,none,e7f9ddb3-8f5f-4b72-9bd9-db11716f47fd
658,77100,25.066052198410034,1.0,1.0,1.0,0.9960959999999999,0.0,0.0,0.0,0.0,0.0,0.0,0.0,0.0,0.0,0.0,0.0,0.0,0.0,0.0,0.002,0.998,0.05097620089879156,1881,0.00035914728434883596,2.12333735387314e-07,7.865768395368378e-05,16,20,False,0.995,0.005,0.66,fixed,100,none,e7f9ddb3-8f5f-4b72-9bd9-db11716f47fd
659,77200,25.084746599197388,1.0,1.0,1.0,0.9960959999999999,0.0,0.0,0.0,0.0,0.0,0.0,0.0,0.0,0.0,0.0,0.0,0.0,0.0,0.0,0.002,0.998,0.05097620089879156,1881,0.0003596184524471103,2.129106591176173e-07,7.87609322659048e-05,16,20,False,0.995,0.005,0.66,fixed,100,none,e7f9ddb3-8f5f-4b72-9bd9-db11716f47fd
660,77500,25.103658437728882,1.0,1.0,1.0,0.9960959999999999,0.0,0.0,0.0,0.0,0.0,0.0,0.0,0.0,0.0,0.0,0.0,0.0,0.0,0.0,0.002,0.998,0.0513612395130943,1880,0.00036025949760850473,2.1189030275354466e-07,7.890106318402488e-05,16,20,False,0.995,0.005,0.66,fixed,100,none,e7f9ddb3-8f5f-4b72-9bd9-db11716f47fd
661,77600,25.12221884727478,1.0,1.0,1.0,0.9960959999999999,0.0,0.0,0.0,0.0,0.0,0.0,0.0,0.0,0.0,0.0,0.0,0.0,0.0,0.0,0.002,0.998,0.0513612395130943,1880,0.00035985503583634243,2.1185166040845193e-07,7.881251916005296e-05,16,20,False,0.995,0.005,0.66,fixed,100,none,e7f9ddb3-8f5f-4b72-9bd9-db11716f47fd
662,77700,25.140936613082886,1.0,1.0,1.0,0.9960959999999999,0.0,0.0,0.0,0.0,0.0,0.0,0.0,0.0,0.0,0.0,0.0,0.0,0.0,0.0,0.002,0.998,0.0513612395130943,1880,0.0003588574725128195,2.107615374758238e-07,7.859394542517661e-05,16,20,False,0.995,0.005,0.66,fixed,100,none,e7f9ddb3-8f5f-4b72-9bd9-db11716f47fd
663,77800,25.159643411636353,1.0,1.0,1.0,0.9960959999999999,0.0,0.0,0.0,0.0,0.0,0.0,0.0,0.0,0.0,0.0,0.0,0.0,0.0,0.0,0.002,0.998,0.05097620089879156,1881,0.000358964631034247,2.1142022764935266e-07,7.861752757665005e-05,16,20,False,0.995,0.005,0.66,fixed,100,none,e7f9ddb3-8f5f-4b72-9bd9-db11716f47fd
664,77900,25.1784508228302,1.0,1.0,1.0,0.9960959999999999,0.0,0.0,0.0,0.0,0.0,0.0,0.0,0.0,0.0,0.0,0.0,0.0,0.0,0.0,0.002,0.998,0.05097620089879156,1881,0.0003596016497454083,2.1142266820237045e-07,7.875697143622834e-05,16,20,False,0.995,0.005,0.66,fixed,100,none,e7f9ddb3-8f5f-4b72-9bd9-db11716f47fd
665,78200,25.19715118408203,1.0,1.0,1.0,0.9960959999999999,0.0,0.0,0.0,0.0,0.0,0.0,0.0,0.0,0.0,0.0,0.0,0.0,0.0,0.0,0.002,0.998,0.05097620089879156,1881,0.00035980712296114123,2.1279004981386426e-07,7.880220932565846e-05,16,20,False,0.995,0.005,0.66,fixed,100,none,e7f9ddb3-8f5f-4b72-9bd9-db11716f47fd
666,78300,25.21576738357544,1.0,1.0,1.0,0.9960959999999999,0.0,0.0,0.0,0.0,0.0,0.0,0.0,0.0,0.0,0.0,0.0,0.0,0.0,0.0,0.002,0.998,0.05097620089879156,1881,0.00036092080129809996,2.1293881663833882e-07,7.904602177931536e-05,16,20,False,0.995,0.005,0.66,fixed,100,none,e7f9ddb3-8f5f-4b72-9bd9-db11716f47fd
667,78400,25.234458208084106,1.0,1.0,1.0,0.9960959999999999,0.0,0.0,0.0,0.0,0.0,0.0,0.0,0.0,0.0,0.0,0.0,0.0,0.0,0.0,0.002,0.998,0.05097620089879156,1881,0.0003607869727887323,2.122774126284162e-07,7.90166010518529e-05,16,20,False,0.995,0.005,0.66,fixed,100,none,e7f9ddb3-8f5f-4b72-9bd9-db11716f47fd
668,78600,25.25315570831299,1.0,1.0,1.0,0.9960959999999999,0.0,0.0,0.0,0.0,0.0,0.0,0.0,0.0,0.0,0.0,0.0,0.0,0.0,0.0,0.002,0.998,0.050590158272456734,1882,0.0003628458004390603,2.1334876433730973e-07,7.946748198133439e-05,16,20,False,0.995,0.005,0.66,fixed,100,none,e7f9ddb3-8f5f-4b72-9bd9-db11716f47fd
669,78700,25.272016525268555,1.0,1.0,1.0,0.9960959999999999,0.0,0.0,0.0,0.0,0.0,0.0,0.0,0.0,0.0,0.0,0.0,0.0,0.0,0.0,0.002,0.998,0.050590158272456734,1882,0.00036272119683998885,2.1332575188104377e-07,7.944020188113096e-05,16,20,False,0.995,0.005,0.66,fixed,100,none,e7f9ddb3-8f5f-4b72-9bd9-db11716f47fd
670,78900,25.290797472000122,1.0,1.0,1.0,0.9960959999999999,0.0,0.0,0.0,0.0,0.0,0.0,0.0,0.0,0.0,0.0,0.0,0.0,0.0,0.0,0.002,0.998,0.05097620089879156,1881,0.00036341797445190604,2.149337840104232e-07,7.959303202648422e-05,16,20,False,0.995,0.005,0.66,fixed,100,none,e7f9ddb3-8f5f-4b72-9bd9-db11716f47fd
671,79000,25.30952525138855,1.0,1.0,1.0,0.9960959999999999,0.0,0.0,0.0,0.0,0.0,0.0,0.0,0.0,0.0,0.0,0.0,0.0,0.0,0.0,0.002,0.998,0.05097620089879156,1881,0.00036296491949565303,2.1464892232844956e-07,7.949380417284086e-05,16,20,False,0.995,0.005,0.66,fixed,100,none,e7f9ddb3-8f5f-4b72-9bd9-db11716f47fd
672,79300,25.32856011390686,1.0,1.0,1.0,0.9960959999999999,0.0,0.0,0.0,0.0,0.0,0.0,0.0,0.0,0.0,0.0,0.0,0.0,0.0,0.0,0.002,0.998,0.0513612395130943,1880,0.00036422194947306063,2.1557312755331112e-07,7.97691436338881e-05,16,20,False,0.995,0.005,0.66,fixed,100,none,e7f9ddb3-8f5f-4b72-9bd9-db11716f47fd
673,79400,25.34784245491028,1.0,1.0,1.0,0.9960959999999999,0.0,0.0,0.0,0.0,0.0,0.0,0.0,0.0,0.0,0.0,0.0,0.0,0.0,0.0,0.002,0.998,0.0513612395130943,1880,0.00036460111585086546,2.1573064798651948e-07,7.98521730828719e-05,16,20,False,0.995,0.005,0.66,fixed,100,none,e7f9ddb3-8f5f-4b72-9bd9-db11716f47fd
674,79600,25.366881608963013,1.0,1.0,1.0,0.9960959999999999,0.0,0.0,0.0,0.0,0.0,0.0,0.0,0.0,0.0,0.0,0.0,0.0,0.0,0.0,0.002,0.998,0.0513612395130943,1880,0.00036551406952725065,2.1615947809323541e-07,8.005210012035288e-05,16,20,False,0.995,0.005,0.66,fixed,100,none,e7f9ddb3-8f5f-4b72-9bd9-db11716f47fd
675,79700,25.385650157928467,1.0,1.0,1.0,0.9960959999999999,0.0,0.0,0.0,0.0,0.0,0.0,0.0,0.0,0.0,0.0,0.0,0.0,0.0,0.0,0.002,0.998,0.0513612395130943,1880,0.0003651074849042969,2.158496940874543e-07,7.99630398874272e-05,16,20,False,0.995,0.005,0.66,fixed,100,none,e7f9ddb3-8f5f-4b72-9bd9-db11716f47fd
676,80000,25.403995990753174,1.0,1.0,1.0,0.9960959999999999,0.0,0.0,0.0,0.0,0.0,0.0,0.0,0.0,0.0,0.0,0.0,0.0,0.0,0.0,0.002,0.998,0.0513612395130943,1880,0.0003654129667789646,2.1590616835797688e-07,8.002992059990336e-05,16,20,False,0.995,0.005,0.66,fixed,100,none,e7f9ddb3-8f5f-4b72-9bd9-db11716f47fd
677,80100,25.422233819961548,1.0,1.0,1.0,0.9960959999999999,0.0,0.0,0.0,0.0,0.0,0.0,0.0,0.0,0.0,0.0,0.0,0.0,0.0,0.0,0.002,0.998,0.0513612395130943,1880,0.0003669893731768358,2.1655773754751024e-07,8.037511975854339e-05,16,20,False,0.995,0.005,0.66,fixed,100,none,e7f9ddb3-8f5f-4b72-9bd9-db11716f47fd
678,80200,25.44071936607361,1.0,1.0,1.0,0.9960959999999999,0.0,0.0,0.0,0.0,0.0,0.0,0.0,0.0,0.0,0.0,0.0,0.0,0.0,0.0,0.002,0.998,0.0513612395130943,1880,0.00036700593605649105,2.1612313280875205e-07,8.037866279799956e-05,16,20,False,0.995,0.005,0.66,fixed,100,none,e7f9ddb3-8f5f-4b72-9bd9-db11716f47fd
679,80300,25.458972454071045,1.0,1.0,1.0,0.9960959999999999,0.0,0.0,0.0,0.0,0.0,0.0,0.0,0.0,0.0,0.0,0.0,0.0,0.0,0.0,0.002,0.998,0.0513612395130943,1880,0.00036707684262254274,2.160468900538189e-07,8.039416975918483e-05,16,20,False,0.995,0.005,0.66,fixed,100,none,e7f9ddb3-8f5f-4b72-9bd9-db11716f47fd
680,80400,25.477192401885986,1.0,1.0,1.0,0.9960959999999999,0.0,0.0,0.0,0.0,0.0,0.0,0.0,0.0,0.0,0.0,0.0,0.0,0.0,0.0,0.002,0.998,0.0513612395130943,1880,0.00036841482175331786,2.1779123909788693e-07,8.068738481722988e-05,16,20,False,0.995,0.005,0.66,fixed,100,none,e7f9ddb3-8f5f-4b72-9bd9-db11716f47fd
681,80500,25.49548029899597,1.0,1.0,1.0,0.9960959999999999,0.0,0.0,0.0,0.0,0.0,0.0,0.0,0.0,0.0,0.0,0.0,0.0,0.0,0.0,0.002,0.998,0.0513612395130943,1880,0.00036889391718846495,2.1841579165852494e-07,8.07923774729701e-05,16,20,False,0.995,0.005,0.66,fixed,100,none,e7f9ddb3-8f5f-4b72-9bd9-db11716f47fd
682,80700,25.51399564743042,1.0,1.0,1.0,0.9960959999999999,0.0,0.0,0.0,0.0,0.0,0.0,0.0,0.0,0.0,0.0,0.0,0.0,0.0,0.0,0.002,0.998,0.0513612395130943,1880,0.0003664221571394043,2.1566924197246092e-07,8.025078735379037e-05,16,20,False,0.995,0.005,0.66,fixed,100,none,e7f9ddb3-8f5f-4b72-9bd9-db11716f47fd
683,80800,25.53235125541687,1.0,1.0,1.0,0.9960959999999999,0.0,0.0,0.0,0.0,0.0,0.0,0.0,0.0,0.0,0.0,0.0,0.0,0.0,0.0,0.002,0.998,0.05097620089879156,1881,0.00036635963180766616,2.1729696719228233e-07,8.023740982646466e-05,16,20,False,0.995,0.005,0.66,fixed,100,none,e7f9ddb3-8f5f-4b72-9bd9-db11716f47fd
684,80900,25.55079436302185,1.0,1.0,1.0,0.9960959999999999,0.0,0.0,0.0,0.0,0.0,0.0,0.0,0.0,0.0,0.0,0.0,0.0,0.0,0.0,0.002,0.998,0.05097620089879156,1881,0.00036635963180766616,2.1729696719228233e-07,8.023740982646466e-05,16,20,False,0.995,0.005,0.66,fixed,100,none,e7f9ddb3-8f5f-4b72-9bd9-db11716f47fd
685,81000,25.568971395492554,1.0,1.0,1.0,0.9960959999999999,0.0,0.0,0.0,0.0,0.0,0.0,0.0,0.0,0.0,0.0,0.0,0.0,0.0,0.0,0.002,0.998,0.05097620089879156,1881,0.00036607393983350146,2.1740791019689734e-07,8.017489293249088e-05,16,20,False,0.995,0.005,0.66,fixed,100,none,e7f9ddb3-8f5f-4b72-9bd9-db11716f47fd
686,81100,25.587220191955566,1.0,1.0,1.0,0.9960959999999999,0.0,0.0,0.0,0.0,0.0,0.0,0.0,0.0,0.0,0.0,0.0,0.0,0.0,0.0,0.002,0.998,0.05097620089879156,1881,0.00036607393983350146,2.1740791019689734e-07,8.017489293249088e-05,16,20,False,0.995,0.005,0.66,fixed,100,none,e7f9ddb3-8f5f-4b72-9bd9-db11716f47fd
687,81200,25.606327533721924,1.0,1.0,1.0,0.9960959999999999,0.0,0.0,0.0,0.0,0.0,0.0,0.0,0.0,0.0,0.0,0.0,0.0,0.0,0.0,0.002,0.998,0.05097620089879156,1881,0.0003675656412801647,2.1896390059834535e-07,8.050172201734174e-05,16,20,False,0.995,0.005,0.66,fixed,100,none,e7f9ddb3-8f5f-4b72-9bd9-db11716f47fd
688,81400,25.624577522277832,1.0,1.0,1.0,0.9960959999999999,0.0,0.0,0.0,0.0,0.0,0.0,0.0,0.0,0.0,0.0,0.0,0.0,0.0,0.0,0.002,0.998,0.05097620089879156,1881,0.0003694847388708824,2.1961770173766088e-07,8.09219367021663e-05,16,20,False,0.995,0.005,0.66,fixed,100,none,e7f9ddb3-8f5f-4b72-9bd9-db11716f47fd
689,81500,25.642711639404297,1.0,1.0,1.0,0.9960959999999999,0.0,0.0,0.0,0.0,0.0,0.0,0.0,0.0,0.0,0.0,0.0,0.0,0.0,0.0,0.002,0.998,0.05097620089879156,1881,0.00037109970093852636,2.2151116157777087e-07,8.12758116561432e-05,16,20,False,0.995,0.005,0.66,fixed,100,none,e7f9ddb3-8f5f-4b72-9bd9-db11716f47fd
690,81600,25.660786628723145,1.0,1.0,1.0,0.9960959999999999,0.0,0.0,0.0,0.0,0.0,0.0,0.0,0.0,0.0,0.0,0.0,0.0,0.0,0.0,0.002,0.998,0.05097620089879156,1881,0.0003703332899334314,2.2079246670300837e-07,8.110790773510172e-05,16,20,False,0.995,0.005,0.66,fixed,100,none,e7f9ddb3-8f5f-4b72-9bd9-db11716f47fd
691,81700,25.678938150405884,1.0,1.0,1.0,0.9960959999999999,0.0,0.0,0.0,0.0,0.0,0.0,0.0,0.0,0.0,0.0,0.0,0.0,0.0,0.0,0.002,0.998,0.0513612395130943,1880,0.0003706125326510301,2.2030260865012925e-07,8.116894089295401e-05,16,20,False,0.995,0.005,0.66,fixed,100,none,e7f9ddb3-8f5f-4b72-9bd9-db11716f47fd
692,81800,25.697395086288452,1.0,1.0,1.0,0.9960959999999999,0.0,0.0,0.0,0.0,0.0,0.0,0.0,0.0,0.0,0.0,0.0,0.0,0.0,0.0,0.002,0.998,0.05097620089879156,1881,0.00037140588257919256,2.2096084274992234e-07,8.134273025670773e-05,16,20,False,0.995,0.005,0.66,fixed,100,none,e7f9ddb3-8f5f-4b72-9bd9-db11716f47fd
693,81900,25.715808868408203,1.0,1.0,1.0,0.9960959999999999,0.0,0.0,0.0,0.0,0.0,0.0,0.0,0.0,0.0,0.0,0.0,0.0,0.0,0.0,0.002,0.998,0.05097620089879156,1881,0.0003705569910921824,2.2050875832980922e-07,8.115682201416139e-05,16,20,False,0.995,0.005,0.66,fixed,100,none,e7f9ddb3-8f5f-4b72-9bd9-db11716f47fd
694,82200,25.733962297439575,1.0,1.0,1.0,0.9960959999999999,0.0,0.0,0.0,0.0,0.0,0.0,0.0,0.0,0.0,0.0,0.0,0.0,0.0,0.0,0.002,0.998,0.0513612395130943,1880,0.0003709731085563783,2.2246398703764644e-07,8.124828162052836e-05,16,20,False,0.995,0.005,0.66,fixed,100,none,e7f9ddb3-8f5f-4b72-9bd9-db11716f47fd
695,82300,25.75210404396057,1.0,1.0,1.0,0.9960959999999999,0.0,0.0,0.0,0.0,0.0,0.0,0.0,0.0,0.0,0.0,0.0,0.0,0.0,0.0,0.002,0.998,0.0513612395130943,1880,0.0003710069269199532,2.2262097954381182e-07,8.125571428889108e-05,16,20,False,0.995,0.005,0.66,fixed,100,none,e7f9ddb3-8f5f-4b72-9bd9-db11716f47fd
696,82500,25.77058982849121,1.0,1.0,1.0,0.9960959999999999,0.0,0.0,0.0,0.0,0.0,0.0,0.0,0.0,0.0,0.0,0.0,0.0,0.0,0.0,0.002,0.998,0.05097620089879156,1881,0.00037044736525139265,2.236699048060431e-07,8.113342553544301e-05,16,20,False,0.995,0.005,0.66,fixed,100,none,e7f9ddb3-8f5f-4b72-9bd9-db11716f47fd
697,82600,25.788848876953125,1.0,1.0,1.0,0.9960959999999999,0.0,0.0,0.0,0.0,0.0,0.0,0.0,0.0,0.0,0.0,0.0,0.0,0.0,0.0,0.002,0.998,0.05097620089879156,1881,0.00037044736525139265,2.236699048060431e-07,8.113342553544301e-05,16,20,False,0.995,0.005,0.66,fixed,100,none,e7f9ddb3-8f5f-4b72-9bd9-db11716f47fd
698,82900,25.806970357894897,1.0,1.0,1.0,0.9960959999999999,0.0,0.0,0.0,0.0,0.0,0.0,0.0,0.0,0.0,0.0,0.0,0.0,0.0,0.0,0.002,0.998,0.050590158272456734,1882,0.0003709596346609639,2.2352039232300527e-07,8.124553290182637e-05,16,20,False,0.995,0.005,0.66,fixed,100,none,e7f9ddb3-8f5f-4b72-9bd9-db11716f47fd
699,83000,25.825024366378784,1.0,1.0,1.0,0.9960959999999999,0.0,0.0,0.0,0.0,0.0,0.0,0.0,0.0,0.0,0.0,0.0,0.0,0.0,0.0,0.002,0.998,0.050590158272456734,1882,0.0003712948671521801,2.2365854822292166e-07,8.13189415437746e-05,16,20,False,0.995,0.005,0.66,fixed,100,none,e7f9ddb3-8f5f-4b72-9bd9-db11716f47fd
700,83200,25.843470811843872,1.0,1.0,1.0,0.9960959999999999,0.0,0.0,0.0,0.0,0.0,0.0,0.0,0.0,0.0,0.0,0.0,0.0,0.0,0.0,0.002,0.998,0.050590158272456734,1882,0.00037420412645513835,2.259391083825643e-07,8.195621171162248e-05,16,20,False,0.995,0.005,0.66,fixed,100,none,e7f9ddb3-8f5f-4b72-9bd9-db11716f47fd
701,83300,25.86207389831543,1.0,1.0,1.0,0.9960959999999999,0.0,0.0,0.0,0.0,0.0,0.0,0.0,0.0,0.0,0.0,0.0,0.0,0.0,0.0,0.002,0.998,0.050590158272456734,1882,0.0003741540663369513,2.2571319745226073e-07,8.194521062867458e-05,16,20,False,0.995,0.005,0.66,fixed,100,none,e7f9ddb3-8f5f-4b72-9bd9-db11716f47fd
702,83600,25.880727291107178,1.0,1.0,1.0,0.9960959999999999,0.0,0.0,0.0,0.0,0.0,0.0,0.0,0.0,0.0,0.0,0.0,0.0,0.0,0.0,0.002,0.998,0.050590158272456734,1882,0.00037558867840827676,2.2698967740189296e-07,8.225948974227814e-05,16,20,False,0.995,0.005,0.66,fixed,100,none,e7f9ddb3-8f5f-4b72-9bd9-db11716f47fd
703,83700,25.90259289741516,1.0,1.0,1.0,0.9960959999999999,0.0,0.0,0.0,0.0,0.0,0.0,0.0,0.0,0.0,0.0,0.0,0.0,0.0,0.0,0.002,0.998,0.050590158272456734,1882,0.00037630215216855593,2.2740827799507304e-07,8.241574868251597e-05,16,20,False,0.995,0.005,0.66,fixed,100,none,e7f9ddb3-8f5f-4b72-9bd9-db11716f47fd
704,84000,25.921119689941406,1.0,1.0,1.0,0.9960959999999999,0.0,0.0,0.0,0.0,0.0,0.0,0.0,0.0,0.0,0.0,0.0,0.0,0.0,0.0,0.002,0.998,0.05097620089879156,1881,0.00037574707908160157,2.2786266932280894e-07,8.229432951813392e-05,16,20,False,0.995,0.005,0.66,fixed,100,none,e7f9ddb3-8f5f-4b72-9bd9-db11716f47fd
705,84100,25.939430952072144,1.0,1.0,1.0,0.9960959999999999,0.0,0.0,0.0,0.0,0.0,0.0,0.0,0.0,0.0,0.0,0.0,0.0,0.0,0.0,0.002,0.998,0.050590158272456734,1882,0.0003770278826748129,2.2996332553588963e-07,8.257509654936837e-05,16,20,False,0.995,0.005,0.66,fixed,100,none,e7f9ddb3-8f5f-4b72-9bd9-db11716f47fd
706,84300,25.957677125930786,1.0,1.0,1.0,0.9960959999999999,0.0,0.0,0.0,0.0,0.0,0.0,0.0,0.0,0.0,0.0,0.0,0.0,0.0,0.0,0.002,0.998,0.050590158272456734,1882,0.0003770295123513897,2.29389439283794e-07,8.257534424718313e-05,16,20,False,0.995,0.005,0.66,fixed,100,none,e7f9ddb3-8f5f-4b72-9bd9-db11716f47fd
707,84400,25.97586941719055,1.0,1.0,1.0,0.9960959999999999,0.0,0.0,0.0,0.0,0.0,0.0,0.0,0.0,0.0,0.0,0.0,0.0,0.0,0.0,0.002,0.998,0.050590158272456734,1882,0.0003774879761638263,2.301230263767871e-07,8.267584135727316e-05,16,20,False,0.995,0.005,0.66,fixed,100,none,e7f9ddb3-8f5f-4b72-9bd9-db11716f47fd
708,84700,25.993778467178345,1.0,1.0,1.0,0.9960959999999999,0.0,0.0,0.0,0.0,0.0,0.0,0.0,0.0,0.0,0.0,0.0,0.0,0.0,0.0,0.002,0.998,0.050590158272456734,1882,0.00037773631306313573,2.3052605063742186e-07,8.273027887914153e-05,16,20,False,0.995,0.005,0.66,fixed,100,none,e7f9ddb3-8f5f-4b72-9bd9-db11716f47fd
709,84800,26.01215887069702,1.0,1.0,1.0,0.9960959999999999,0.0,0.0,0.0,0.0,0.0,0.0,0.0,0.0,0.0,0.0,0.0,0.0,0.0,0.0,0.002,0.998,0.05097620089879156,1881,0.00037720838351920595,2.3008939291678808e-07,8.261463213700838e-05,16,20,False,0.995,0.005,0.66,fixed,100,none,e7f9ddb3-8f5f-4b72-9bd9-db11716f47fd
710,85000,26.0304958820343,1.0,1.0,1.0,0.9960959999999999,0.0,0.0,0.0,0.0,0.0,0.0,0.0,0.0,0.0,0.0,0.0,0.0,0.0,0.0,0.002,0.998,0.05059015827245674,1882,0.0003768359944369479,2.3050476349698626e-07,8.253319508731233e-05,16,20,False,0.995,0.005,0.66,fixed,100,none,e7f9ddb3-8f5f-4b72-9bd9-db11716f47fd
711,85100,26.04868173599243,1.0,1.0,1.0,0.9960959999999999,0.0,0.0,0.0,0.0,0.0,0.0,0.0,0.0,0.0,0.0,0.0,0.0,0.0,0.0,0.002,0.998,0.05059015827245674,1882,0.00037693570396466245,2.2994028781882213e-07,8.25549142525502e-05,16,20,False,0.995,0.005,0.66,fixed,100,none,e7f9ddb3-8f5f-4b72-9bd9-db11716f47fd
712,85400,26.06702160835266,1.0,1.0,1.0,0.9960959999999999,0.0,0.0,0.0,0.0,0.0,0.0,0.0,0.0,0.0,0.0,0.0,0.0,0.0,0.0,0.002,0.998,0.05097620089879156,1881,0.00037776068904770934,2.3126983302604553e-07,8.273575610081852e-05,16,20,False,0.995,0.005,0.66,fixed,100,none,e7f9ddb3-8f5f-4b72-9bd9-db11716f47fd
713,85500,26.085303783416748,1.0,1.0,1.0,0.9960959999999999,0.0,0.0,0.0,0.0,0.0,0.0,0.0,0.0,0.0,0.0,0.0,0.0,0.0,0.0,0.002,0.998,0.050590158272456734,1882,0.0003784892656665012,2.3190103357298173e-07,8.289536145077599e-05,16,20,False,0.995,0.005,0.66,fixed,100,none,e7f9ddb3-8f5f-4b72-9bd9-db11716f47fd
714,85700,26.103572607040405,1.0,1.0,1.0,0.9960959999999999,0.0,0.0,0.0,0.0,0.0,0.0,0.0,0.0,0.0,0.0,0.0,0.0,0.0,0.0,0.002,0.998,0.050590158272456734,1882,0.00038199505492833916,2.354774569382725e-07,8.366345824063172e-05,16,20,False,0.995,0.005,0.66,fixed,100,none,e7f9ddb3-8f5f-4b72-9bd9-db11716f47fd
715,85800,26.121670722961426,1.0,1.0,1.0,0.9960959999999999,0.0,0.0,0.0,0.0,0.0,0.0,0.0,0.0,0.0,0.0,0.0,0.0,0.0,0.0,0.002,0.998,0.050590158272456734,1882,0.00038317214214338645,2.3649475942638283e-07,8.39213159194783e-05,16,20,False,0.995,0.005,0.66,fixed,100,none,e7f9ddb3-8f5f-4b72-9bd9-db11716f47fd
716,85900,26.139652729034424,1.0,1.0,1.0,0.9960959999999999,0.0,0.0,0.0,0.0,0.0,0.0,0.0,0.0,0.0,0.0,0.0,0.0,0.0,0.0,0.002,0.998,0.050590158272456734,1882,0.000382886221311102,2.3616057799735506e-07,8.385866435481974e-05,16,20,False,0.995,0.005,0.66,fixed,100,none,e7f9ddb3-8f5f-4b72-9bd9-db11716f47fd
717,86100,26.15756583213806,1.0,1.0,1.0,0.9960959999999999,0.0,0.0,0.0,0.0,0.0,0.0,0.0,0.0,0.0,0.0,0.0,0.0,0.0,0.0,0.002,0.998,0.04981506098369082,1884,0.0003837817932979344,2.3873932616757686e-07,8.405519502488969e-05,16,20,False,0.995,0.005,0.66,fixed,100,none,e7f9ddb3-8f5f-4b72-9bd9-db11716f47fd
718,86200,26.175740957260132,1.0,1.0,1.0,0.9960959999999999,0.0,0.0,0.0,0.0,0.0,0.0,0.0,0.0,0.0,0.0,0.0,0.0,0.0,0.0,0.002,0.998,0.04981506098369082,1884,0.0003837817932979344,2.3873932616757686e-07,8.405519502488969e-05,16,20,False,0.995,0.005,0.66,fixed,100,none,e7f9ddb3-8f5f-4b72-9bd9-db11716f47fd
719,86400,26.193855047225952,1.0,1.0,1.0,0.9960959999999999,0.0,0.0,0.0,0.0,0.0,0.0,0.0,0.0,0.0,0.0,0.0,0.0,0.0,0.0,0.002,0.998,0.05020311163408981,1883,0.00038570801083604513,2.405363938408131e-07,8.447718548684004e-05,16,20,False,0.995,0.005,0.66,fixed,100,none,e7f9ddb3-8f5f-4b72-9bd9-db11716f47fd
720,86500,26.211973667144775,1.0,1.0,1.0,0.9960959999999999,0.0,0.0,0.0,0.0,0.0,0.0,0.0,0.0,0.0,0.0,0.0,0.0,0.0,0.0,0.002,0.998,0.05020311163408981,1883,0.0003857915408477284,2.4062187460129833e-07,8.4495486447742e-05,16,20,False,0.995,0.005,0.66,fixed,100,none,e7f9ddb3-8f5f-4b72-9bd9-db11716f47fd
721,86600,26.22996711730957,1.0,1.0,1.0,0.9960959999999999,0.0,0.0,0.0,0.0,0.0,0.0,0.0,0.0,0.0,0.0,0.0,0.0,0.0,0.0,0.002,0.998,0.050590158272456734,1882,0.0003864742831623047,2.416042862905156e-07,8.46451253986237e-05,16,20,False,0.995,0.005,0.66,fixed,100,none,e7f9ddb3-8f5f-4b72-9bd9-db11716f47fd
722,86800,26.247987508773804,1.0,1.0,1.0,0.9960959999999999,0.0,0.0,0.0,0.0,0.0,0.0,0.0,0.0,0.0,0.0,0.0,0.0,0.0,0.0,0.002,0.998,0.050590158272456734,1882,0.0003867706013228444,2.4262875574907177e-07,8.471018409316298e-05,16,20,False,0.995,0.005,0.66,fixed,100,none,e7f9ddb3-8f5f-4b72-9bd9-db11716f47fd
723,86900,26.266139268875122,1.0,1.0,1.0,0.9960959999999999,0.0,0.0,0.0,0.0,0.0,0.0,0.0,0.0,0.0,0.0,0.0,0.0,0.0,0.0,0.002,0.998,0.050590158272456734,1882,0.0003871086381924353,2.4298069724821026e-07,8.478424723280125e-05,16,20,False,0.995,0.005,0.66,fixed,100,none,e7f9ddb3-8f5f-4b72-9bd9-db11716f47fd
724,87100,26.284379720687866,1.0,1.0,1.0,0.9960959999999999,0.0,0.0,0.0,0.0,0.0,0.0,0.0,0.0,0.0,0.0,0.0,0.0,0.0,0.0,0.002,0.998,0.050590158272456734,1882,0.00038959562990433633,2.4506744180426556e-07,8.532904620000203e-05,16,20,False,0.995,0.005,0.66,fixed,100,none,e7f9ddb3-8f5f-4b72-9bd9-db11716f47fd
725,87200,26.302767992019653,1.0,1.0,1.0,0.9960959999999999,0.0,0.0,0.0,0.0,0.0,0.0,0.0,0.0,0.0,0.0,0.0,0.0,0.0,0.0,0.002,0.998,0.05020311163408981,1883,0.0003903270357687317,2.449118856514785e-07,8.548912138804916e-05,16,20,False,0.995,0.005,0.66,fixed,100,none,e7f9ddb3-8f5f-4b72-9bd9-db11716f47fd
726,87300,26.32137680053711,1.0,1.0,1.0,0.9960959999999999,0.0,0.0,0.0,0.0,0.0,0.0,0.0,0.0,0.0,0.0,0.0,0.0,0.0,0.0,0.002,0.998,0.05020311163408981,1883,0.00039064866017909385,2.4492593587518497e-07,8.555952764101995e-05,16,20,False,0.995,0.005,0.66,fixed,100,none,e7f9ddb3-8f5f-4b72-9bd9-db11716f47fd
727,87600,26.33969497680664,1.0,1.0,1.0,0.9960959999999999,0.0,0.0,0.0,0.0,0.0,0.0,0.0,0.0,0.0,0.0,0.0,0.0,0.0,0.0,0.002,0.998,0.05020311163408981,1883,0.00039061235178029145,2.4513065305819493e-07,8.555161862878686e-05,16,20,False,0.995,0.005,0.66,fixed,100,none,e7f9ddb3-8f5f-4b72-9bd9-db11716f47fd
728,87700,26.358116626739502,1.0,1.0,1.0,0.9960959999999999,0.0,0.0,0.0,0.0,0.0,0.0,0.0,0.0,0.0,0.0,0.0,0.0,0.0,0.0,0.002,0.998,0.05097620089879156,1881,0.0003909593087332279,2.4471571973050124e-07,8.562748866845238e-05,16,20,False,0.995,0.005,0.66,fixed,100,none,e7f9ddb3-8f5f-4b72-9bd9-db11716f47fd
729,87800,26.377084255218506,1.0,1.0,1.0,0.9960959999999999,0.0,0.0,0.0,0.0,0.0,0.0,0.0,0.0,0.0,0.0,0.0,0.0,0.0,0.0,0.002,0.998,0.05097620089879156,1881,0.0003925746052609045,2.462811037328549e-07,8.598137450132125e-05,16,20,False,0.995,0.005,0.66,fixed,100,none,e7f9ddb3-8f5f-4b72-9bd9-db11716f47fd
730,87900,26.39544367790222,1.0,1.0,1.0,0.9960959999999999,0.0,0.0,0.0,0.0,0.0,0.0,0.0,0.0,0.0,0.0,0.0,0.0,0.0,0.0,0.002,0.998,0.05097620089879156,1881,0.00039311587155766423,2.45923458918462e-07,8.609978974116721e-05,16,20,False,0.995,0.005,0.66,fixed,100,none,e7f9ddb3-8f5f-4b72-9bd9-db11716f47fd
731,88000,26.41344380378723,1.0,1.0,1.0,0.9960959999999999,0.0,0.0,0.0,0.0,0.0,0.0,0.0,0.0,0.0,0.0,0.0,0.0,0.0,0.0,0.002,0.998,0.050590158272456734,1882,0.0003940739815872151,2.471863521662236e-07,8.630975997635297e-05,16,20,False,0.995,0.005,0.66,fixed,100,none,e7f9ddb3-8f5f-4b72-9bd9-db11716f47fd
732,88300,26.434622764587402,1.0,1.0,1.0,0.9960959999999999,0.0,0.0,0.0,0.0,0.0,0.0,0.0,0.0,0.0,0.0,0.0,0.0,0.0,0.0,0.002,0.998,0.050590158272456734,1882,0.0003951011605610274,2.4727267328552027e-07,8.653462585473315e-05,16,20,False,0.995,0.005,0.66,fixed,100,none,e7f9ddb3-8f5f-4b72-9bd9-db11716f47fd
733,88400,26.45293140411377,1.0,1.0,1.0,0.9960959999999999,0.0,0.0,0.0,0.0,0.0,0.0,0.0,0.0,0.0,0.0,0.0,0.0,0.0,0.0,0.002,0.998,0.050590158272456734,1882,0.00039506833285796357,2.4678605670425436e-07,8.652734741338203e-05,16,20,False,0.995,0.005,0.66,fixed,100,none,e7f9ddb3-8f5f-4b72-9bd9-db11716f47fd
734,88500,26.471078395843506,1.0,1.0,1.0,0.9960959999999999,0.0,0.0,0.0,0.0,0.0,0.0,0.0,0.0,0.0,0.0,0.0,0.0,0.0,0.0,0.002,0.998,0.050590158272456734,1882,0.00039538955898137085,2.470609868471005e-07,8.659771604852304e-05,16,20,False,0.995,0.005,0.66,fixed,100,none,e7f9ddb3-8f5f-4b72-9bd9-db11716f47fd
735,88600,26.489341259002686,1.0,1.0,1.0,0.9960959999999999,0.0,0.0,0.0,0.0,0.0,0.0,0.0,0.0,0.0,0.0,0.0,0.0,0.0,0.0,0.002,0.998,0.050590158272456734,1882,0.00039458419389010397,2.469951752190565e-07,8.642140912583537e-05,16,20,False,0.995,0.005,0.66,fixed,100,none,e7f9ddb3-8f5f-4b72-9bd9-db11716f47fd
736,88700,26.507575273513794,1.0,1.0,1.0,0.9960959999999999,0.0,0.0,0.0,0.0,0.0,0.0,0.0,0.0,0.0,0.0,0.0,0.0,0.0,0.0,0.002,0.998,0.050590158272456734,1882,0.00039458419389010397,2.469951752190565e-07,8.642140912583537e-05,16,20,False,0.995,0.005,0.66,fixed,100,none,e7f9ddb3-8f5f-4b72-9bd9-db11716f47fd
737,89000,26.525976419448853,1.0,1.0,1.0,0.9960959999999999,0.0,0.0,0.0,0.0,0.0,0.0,0.0,0.0,0.0,0.0,0.0,0.0,0.0,0.0,0.002,0.998,0.05020311163408982,1883,0.0003978817090303674,2.52128193662038e-07,8.714421046354322e-05,16,20,False,0.995,0.005,0.66,fixed,100,none,e7f9ddb3-8f5f-4b72-9bd9-db11716f47fd
738,89100,26.544445276260376,1.0,1.0,1.0,0.9960959999999999,0.0,0.0,0.0,0.0,0.0,0.0,0.0,0.0,0.0,0.0,0.0,0.0,0.0,0.0,0.002,0.998,0.05020311163408982,1883,0.00039740796260884627,2.519763979188329e-07,8.704047853068103e-05,16,20,False,0.995,0.005,0.66,fixed,100,none,e7f9ddb3-8f5f-4b72-9bd9-db11716f47fd
739,89300,26.562870502471924,1.0,1.0,1.0,0.9960959999999999,0.0,0.0,0.0,0.0,0.0,0.0,0.0,0.0,0.0,0.0,0.0,0.0,0.0,0.0,0.002,0.998,0.050590158272456734,1882,0.0003990105109479472,2.5246298659817234e-07,8.739136881395929e-05,16,20,False,0.995,0.005,0.66,fixed,100,none,e7f9ddb3-8f5f-4b72-9bd9-db11716f47fd
740,89400,26.581319570541382,1.0,1.0,1.0,0.9960959999999999,0.0,0.0,0.0,0.0,0.0,0.0,0.0,0.0,0.0,0.0,0.0,0.0,0.0,0.0,0.002,0.998,0.050590158272456734,1882,0.000399957886320642,2.5418576567861926e-07,8.759907661106748e-05,16,20,False,0.995,0.005,0.66,fixed,100,none,e7f9ddb3-8f5f-4b72-9bd9-db11716f47fd
741,89500,26.59980821609497,1.0,1.0,1.0,0.9960959999999999,0.0,0.0,0.0,0.0,0.0,0.0,0.0,0.0,0.0,0.0,0.0,0.0,0.0,0.0,0.002,0.998,0.05020311163408982,1883,0.0003999181235563736,2.544282707549539e-07,8.759041861793363e-05,16,20,False,0.995,0.005,0.66,fixed,100,none,e7f9ddb3-8f5f-4b72-9bd9-db11716f47fd
742,89700,26.618341207504272,1.0,1.0,1.0,0.9960959999999999,0.0,0.0,0.0,0.0,0.0,0.0,0.0,0.0,0.0,0.0,0.0,0.0,0.0,0.0,0.002,0.998,0.050590158272456734,1882,0.0004008585511847426,2.554960658763428e-07,8.779648110685668e-05,16,20,False,0.995,0.005,0.66,fixed,100,none,e7f9ddb3-8f5f-4b72-9bd9-db11716f47fd
743,89800,26.636580228805542,1.0,1.0,1.0,0.9960959999999999,0.0,0.0,0.0,0.0,0.0,0.0,0.0,0.0,0.0,0.0,0.0,0.0,0.0,0.0,0.002,0.998,0.05059015827245674,1882,0.00040204426764732764,2.565098866758734e-07,8.805622706646844e-05,16,20,False,0.995,0.005,0.66,fixed,100,none,e7f9ddb3-8f5f-4b72-9bd9-db11716f47fd
744,90000,26.654890298843384,1.0,1.0,1.0,0.9960959999999999,0.0,0.0,0.0,0.0,0.0,0.0,0.0,0.0,0.0,0.0,0.0,0.0,0.0,0.0,0.002,0.998,0.05020311163408981,1883,0.0004025344114027891,2.565812786707429e-07,8.816353309901798e-05,16,20,False,0.995,0.005,0.66,fixed,100,none,e7f9ddb3-8f5f-4b72-9bd9-db11716f47fd
745,90100,26.67351746559143,1.0,1.0,1.0,0.9960959999999999,0.0,0.0,0.0,0.0,0.0,0.0,0.0,0.0,0.0,0.0,0.0,0.0,0.0,0.0,0.002,0.998,0.05020311163408981,1883,0.00040209914766219405,2.5689073000082614e-07,8.806831266195444e-05,16,20,False,0.995,0.005,0.66,fixed,100,none,e7f9ddb3-8f5f-4b72-9bd9-db11716f47fd
746,90200,26.691882133483887,1.0,1.0,1.0,0.9960959999999999,0.0,0.0,0.0,0.0,0.0,0.0,0.0,0.0,0.0,0.0,0.0,0.0,0.0,0.0,0.002,0.998,0.05020311163408981,1883,0.00040102551337120254,2.558420777692185e-07,8.783309487173239e-05,16,20,False,0.995,0.005,0.66,fixed,100,none,e7f9ddb3-8f5f-4b72-9bd9-db11716f47fd
747,90500,26.710325479507446,1.0,1.0,1.0,0.9960959999999999,0.0,0.0,0.0,0.0,0.0,0.0,0.0,0.0,0.0,0.0,0.0,0.0,0.0,0.0,0.002,0.998,0.05020311163408981,1883,0.0004000942970682851,2.5576220052920993e-07,8.762923644634816e-05,16,20,False,0.995,0.005,0.66,fixed,100,none,e7f9ddb3-8f5f-4b72-9bd9-db11716f47fd
748,90600,26.72854971885681,1.0,1.0,1.0,0.9960959999999999,0.0,0.0,0.0,0.0,0.0,0.0,0.0,0.0,0.0,0.0,0.0,0.0,0.0,0.0,0.002,0.998,0.05020311163408981,1883,0.00040084544267983635,2.5720885279177726e-07,8.779393708464662e-05,16,20,False,0.995,0.005,0.66,fixed,100,none,e7f9ddb3-8f5f-4b72-9bd9-db11716f47fd
749,90800,26.746792316436768,1.0,1.0,1.0,0.9960959999999999,0.0,0.0,0.0,0.0,0.0,0.0,0.0,0.0,0.0,0.0,0.0,0.0,0.0,0.0,0.002,0.998,0.04981506098369082,1884,0.0004020358339386376,2.5768154609809765e-07,8.805460354292642e-05,16,20,False,0.995,0.005,0.66,fixed,100,none,e7f9ddb3-8f5f-4b72-9bd9-db11716f47fd
750,90900,26.765140771865845,1.0,1.0,1.0,0.9960959999999999,0.0,0.0,0.0,0.0,0.0,0.0,0.0,0.0,0.0,0.0,0.0,0.0,0.0,0.0,0.002,0.998,0.04981506098369082,1884,0.0004028558024071309,2.5781438286816474e-07,8.823411987966591e-05,16,20,False,0.995,0.005,0.66,fixed,100,none,e7f9ddb3-8f5f-4b72-9bd9-db11716f47fd
751,91200,26.783480167388916,1.0,1.0,1.0,0.9960959999999999,0.0,0.0,0.0,0.0,0.0,0.0,0.0,0.0,0.0,0.0,0.0,0.0,0.0,0.0,0.002,0.998,0.05020311163408982,1883,0.0004003328326359962,2.568569372611369e-07,8.768165988209919e-05,16,20,False,0.995,0.005,0.66,fixed,100,none,e7f9ddb3-8f5f-4b72-9bd9-db11716f47fd
752,91300,26.801725387573242,1.0,1.0,1.0,0.9960959999999999,0.0,0.0,0.0,0.0,0.0,0.0,0.0,0.0,0.0,0.0,0.0,0.0,0.0,0.0,0.002,0.998,0.05020311163408982,1883,0.0004002580346624713,2.5711160899026607e-07,8.766533499332313e-05,16,20,False,0.995,0.005,0.66,fixed,100,none,e7f9ddb3-8f5f-4b72-9bd9-db11716f47fd
753,91500,26.819854736328125,1.0,1.0,1.0,0.9960959999999999,0.0,0.0,0.0,0.0,0.0,0.0,0.0,0.0,0.0,0.0,0.0,0.0,0.0,0.0,0.002,0.998,0.05020311163408982,1883,0.00040279549300539677,2.6030368885904896e-07,8.822139111976457e-05,16,20,False,0.995,0.005,0.66,fixed,100,none,e7f9ddb3-8f5f-4b72-9bd9-db11716f47fd
754,91600,26.837915420532227,1.0,1.0,1.0,0.9960959999999999,0.0,0.0,0.0,0.0,0.0,0.0,0.0,0.0,0.0,0.0,0.0,0.0,0.0,0.0,0.002,0.998,0.05020311163408982,1883,0.00040237237101004665,2.608807184361172e-07,8.812887935060208e-05,16,20,False,0.995,0.005,0.66,fixed,100,none,e7f9ddb3-8f5f-4b72-9bd9-db11716f47fd
755,91900,26.85616946220398,1.0,1.0,1.0,0.9960959999999999,0.0,0.0,0.0,0.0,0.0,0.0,0.0,0.0,0.0,0.0,0.0,0.0,0.0,0.0,0.002,0.998,0.05020311163408981,1883,0.0004035991165726234,2.6239403332809305e-07,8.83977014840796e-05,16,20,False,0.995,0.005,0.66,fixed,100,none,e7f9ddb3-8f5f-4b72-9bd9-db11716f47fd
756,92000,26.874424695968628,1.0,1.0,1.0,0.9960959999999999,0.0,0.0,0.0,0.0,0.0,0.0,0.0,0.0,0.0,0.0,0.0,0.0,0.0,0.0,0.002,0.998,0.05020311163408981,1883,0.00040413833966126614,2.624110358022755e-07,8.85157406486536e-05,16,20,False,0.995,0.005,0.66,fixed,100,none,e7f9ddb3-8f5f-4b72-9bd9-db11716f47fd
757,92300,26.892449855804443,1.0,1.0,1.0,0.9960959999999999,0.0,0.0,0.0,0.0,0.0,0.0,0.0,0.0,0.0,0.0,0.0,0.0,0.0,0.0,0.002,0.998,0.05020311163408981,1883,0.0004031892830038073,2.6156373423678866e-07,8.830783115903842e-05,16,20,False,0.995,0.005,0.66,fixed,100,none,e7f9ddb3-8f5f-4b72-9bd9-db11716f47fd
758,92400,26.910435914993286,1.0,1.0,1.0,0.9960959999999999,0.0,0.0,0.0,0.0,0.0,0.0,0.0,0.0,0.0,0.0,0.0,0.0,0.0,0.0,0.002,0.998,0.05020311163408981,1883,0.00040261426049776705,2.6058894329175564e-07,8.818177352218664e-05,16,20,False,0.995,0.005,0.66,fixed,100,none,e7f9ddb3-8f5f-4b72-9bd9-db11716f47fd
759,92600,26.928553342819214,1.0,1.0,1.0,0.9960959999999999,0.0,0.0,0.0,0.0,0.0,0.0,0.0,0.0,0.0,0.0,0.0,0.0,0.0,0.0,0.002,0.998,0.05020311163408981,1883,0.00040303153512439503,2.6111846886944057e-07,8.827321554781527e-05,16,20,False,0.995,0.005,0.66,fixed,100,none,e7f9ddb3-8f5f-4b72-9bd9-db11716f47fd
760,92700,26.946975231170654,1.0,1.0,1.0,0.9960959999999999,0.0,0.0,0.0,0.0,0.0,0.0,0.0,0.0,0.0,0.0,0.0,0.0,0.0,0.0,0.002,0.998,0.04981506098369082,1884,0.00040241855040126464,2.610282437430764e-07,8.813901604914802e-05,16,20,False,0.995,0.005,0.66,fixed,100,none,e7f9ddb3-8f5f-4b72-9bd9-db11716f47fd
761,93000,26.96557903289795,1.0,1.0,1.0,0.9960959999999999,0.0,0.0,0.0,0.0,0.0,0.0,0.0,0.0,0.0,0.0,0.0,0.0,0.0,0.0,0.002,0.998,0.04981506098369082,1884,0.00040428842325605617,2.6280506823529306e-07,8.854866881371541e-05,16,20,False,0.995,0.005,0.66,fixed,100,none,e7f9ddb3-8f5f-4b72-9bd9-db11716f47fd
762,93100,26.98397731781006,1.0,1.0,1.0,0.9960959999999999,0.0,0.0,0.0,0.0,0.0,0.0,0.0,0.0,0.0,0.0,0.0,0.0,0.0,0.0,0.002,0.998,0.04981506098369082,1884,0.00040289568445324637,2.616062966025868e-07,8.824357052317012e-05,16,20,False,0.995,0.005,0.66,fixed,100,none,e7f9ddb3-8f5f-4b72-9bd9-db11716f47fd
763,93300,27.002230882644653,1.0,1.0,1.0,0.9960959999999999,0.0,0.0,0.0,0.0,0.0,0.0,0.0,0.0,0.0,0.0,0.0,0.0,0.0,0.0,0.002,0.998,0.04981506098369082,1884,0.00040339964261826224,2.6067310315980817e-07,8.835370965873797e-05,16,20,False,0.995,0.005,0.66,fixed,100,none,e7f9ddb3-8f5f-4b72-9bd9-db11716f47fd
764,93400,27.020444869995117,1.0,1.0,1.0,0.9960959999999999,0.0,0.0,0.0,0.0,0.0,0.0,0.0,0.0,0.0,0.0,0.0,0.0,0.0,0.0,0.002,0.998,0.04981506098369082,1884,0.00040390412641118687,2.613932092542088e-07,8.846427798116711e-05,16,20,False,0.995,0.005,0.66,fixed,100,none,e7f9ddb3-8f5f-4b72-9bd9-db11716f47fd
765,93700,27.03861689567566,1.0,1.0,1.0,0.9960959999999999,0.0,0.0,0.0,0.0,0.0,0.0,0.0,0.0,0.0,0.0,0.0,0.0,0.0,0.0,0.002,0.998,0.04981506098369082,1884,0.0004052174689587157,2.6199112827421145e-07,8.875188226943496e-05,16,20,False,0.995,0.005,0.66,fixed,100,none,e7f9ddb3-8f5f-4b72-9bd9-db11716f47fd
766,93800,27.05661153793335,1.0,1.0,1.0,0.9960959999999999,0.0,0.0,0.0,0.0,0.0,0.0,0.0,0.0,0.0,0.0,0.0,0.0,0.0,0.0,0.002,0.998,0.05020311163408982,1883,0.00040751237297496483,2.6463757173814956e-07,8.925473958285006e-05,16,20,False,0.995,0.005,0.66,fixed,100,none,e7f9ddb3-8f5f-4b72-9bd9-db11716f47fd
767,93900,27.074617385864258,1.0,1.0,1.0,0.9960959999999999,0.0,0.0,0.0,0.0,0.0,0.0,0.0,0.0,0.0,0.0,0.0,0.0,0.0,0.0,0.002,0.998,0.050203111634089824,1883,0.0004080419925129177,2.6526953490728007e-07,8.937079337271008e-05,16,20,False,0.995,0.005,0.66,fixed,100,none,e7f9ddb3-8f5f-4b72-9bd9-db11716f47fd
768,94100,27.092583179473877,1.0,1.0,1.0,0.9960959999999999,0.0,0.0,0.0,0.0,0.0,0.0,0.0,0.0,0.0,0.0,0.0,0.0,0.0,0.0,0.002,0.998,0.04981506098369082,1884,0.00040816302742845313,2.65561047512526e-07,8.939734330311576e-05,16,20,False,0.995,0.005,0.66,fixed,100,none,e7f9ddb3-8f5f-4b72-9bd9-db11716f47fd
769,94200,27.11076331138611,1.0,1.0,1.0,0.9960959999999999,0.0,0.0,0.0,0.0,0.0,0.0,0.0,0.0,0.0,0.0,0.0,0.0,0.0,0.0,0.002,0.998,0.04942600632125975,1885,0.0004080832339244755,2.662054344391414e-07,8.937999893861112e-05,16,20,False,0.995,0.005,0.66,fixed,100,none,e7f9ddb3-8f5f-4b72-9bd9-db11716f47fd
770,94400,27.128902196884155,1.0,1.0,1.0,0.9960959999999999,0.0,0.0,0.0,0.0,0.0,0.0,0.0,0.0,0.0,0.0,0.0,0.0,0.0,0.0,0.002,0.998,0.05059015827245674,1882,0.00040799893650175496,2.6689229517773175e-07,8.936167673631793e-05,16,20,False,0.995,0.005,0.66,fixed,100,none,e7f9ddb3-8f5f-4b72-9bd9-db11716f47fd
771,94500,27.147010564804077,1.0,1.0,1.0,0.9960959999999999,0.0,0.0,0.0,0.0,0.0,0.0,0.0,0.0,0.0,0.0,0.0,0.0,0.0,0.0,0.002,0.998,0.05020311163408981,1883,0.00040674025218864535,2.6547288356535546e-07,8.908588105197189e-05,16,20,False,0.995,0.005,0.66,fixed,100,none,e7f9ddb3-8f5f-4b72-9bd9-db11716f47fd
772,94600,27.165075063705444,1.0,1.0,1.0,0.9960959999999999,0.0,0.0,0.0,0.0,0.0,0.0,0.0,0.0,0.0,0.0,0.0,0.0,0.0,0.0,0.002,0.998,0.05020311163408981,1883,0.0004055413921274979,2.644880300898128e-07,8.882326346242635e-05,16,20,False,0.995,0.005,0.66,fixed,100,none,e7f9ddb3-8f5f-4b72-9bd9-db11716f47fd
773,94700,27.183211088180542,1.0,1.0,1.0,0.9960959999999999,0.0,0.0,0.0,0.0,0.0,0.0,0.0,0.0,0.0,0.0,0.0,0.0,0.0,0.0,0.002,0.998,0.04981506098369082,1884,0.0004066896325553204,2.646966299095559e-07,8.907465292604245e-05,16,20,False,0.995,0.005,0.66,fixed,100,none,e7f9ddb3-8f5f-4b72-9bd9-db11716f47fd
774,94800,27.201409339904785,1.0,1.0,1.0,0.9960959999999999,0.0,0.0,0.0,0.0,0.0,0.0,0.0,0.0,0.0,0.0,0.0,0.0,0.0,0.0,0.002,0.998,0.04981506098369082,1884,0.00040680156592615065,2.652163426119273e-07,8.909925388633066e-05,16,20,False,0.995,0.005,0.66,fixed,100,none,e7f9ddb3-8f5f-4b72-9bd9-db11716f47fd
775,94900,27.219565868377686,1.0,1.0,1.0,0.9960959999999999,0.0,0.0,0.0,0.0,0.0,0.0,0.0,0.0,0.0,0.0,0.0,0.0,0.0,0.0,0.002,0.998,0.04981506098369082,1884,0.00040684036718913825,2.645046963949561e-07,8.910761227001741e-05,16,20,False,0.995,0.005,0.66,fixed,100,none,e7f9ddb3-8f5f-4b72-9bd9-db11716f47fd
776,95100,27.237640142440796,1.0,1.0,1.0,0.9960959999999999,0.0,0.0,0.0,0.0,0.0,0.0,0.0,0.0,0.0,0.0,0.0,0.0,0.0,0.0,0.002,0.998,0.04981506098369082,1884,0.00040742812861718834,2.657945355225134e-07,8.92365183160518e-05,16,20,False,0.995,0.005,0.66,fixed,100,none,e7f9ddb3-8f5f-4b72-9bd9-db11716f47fd
777,95200,27.25566053390503,1.0,1.0,1.0,0.9960959999999999,0.0,0.0,0.0,0.0,0.0,0.0,0.0,0.0,0.0,0.0,0.0,0.0,0.0,0.0,0.002,0.998,0.04981506098369082,1884,0.0004067304270547574,2.651515944542175e-07,8.90836692852327e-05,16,20,False,0.995,0.005,0.66,fixed,100,none,e7f9ddb3-8f5f-4b72-9bd9-db11716f47fd
778,95300,27.273743629455566,1.0,1.0,1.0,0.9960959999999999,0.0,0.0,0.0,0.0,0.0,0.0,0.0,0.0,0.0,0.0,0.0,0.0,0.0,0.0,0.002,0.998,0.04981506098369082,1884,0.00040696486902586017,2.661544474523062e-07,8.913517917477675e-05,16,20,False,0.995,0.005,0.66,fixed,100,none,e7f9ddb3-8f5f-4b72-9bd9-db11716f47fd
779,95400,27.29198384284973,1.0,1.0,1.0,0.9960959999999999,0.0,0.0,0.0,0.0,0.0,0.0,0.0,0.0,0.0,0.0,0.0,0.0,0.0,0.0,0.002,0.998,0.04981506098369082,1884,0.00040670925992927466,2.660788390743736e-07,8.907921197794235e-05,16,20,False,0.995,0.005,0.66,fixed,100,none,e7f9ddb3-8f5f-4b72-9bd9-db11716f47fd
780,95500,27.310237407684326,1.0,1.0,1.0,0.9960959999999999,0.0,0.0,0.0,0.0,0.0,0.0,0.0,0.0,0.0,0.0,0.0,0.0,0.0,0.0,0.002,0.998,0.04981506098369082,1884,0.0004061566990276594,2.663087345336917e-07,8.895830007671605e-05,16,20,False,0.995,0.005,0.66,fixed,100,none,e7f9ddb3-8f5f-4b72-9bd9-db11716f47fd
781,95600,27.328767776489258,1.0,1.0,1.0,0.9960959999999999,0.0,0.0,0.0,0.0,0.0,0.0,0.0,0.0,0.0,0.0,0.0,0.0,0.0,0.0,0.002,0.998,0.04981506098369082,1884,0.0004060791520806076,2.6575899636011053e-07,8.894122059975343e-05,16,20,False,0.995,0.005,0.66,fixed,100,none,e7f9ddb3-8f5f-4b72-9bd9-db11716f47fd
782,95900,27.34725785255432,1.0,1.0,1.0,0.9960959999999999,0.0,0.0,0.0,0.0,0.0,0.0,0.0,0.0,0.0,0.0,0.0,0.0,0.0,0.0,0.002,0.998,0.04981506098369082,1884,0.0004049664283826081,2.648425705500478e-07,8.869747126135743e-05,16,20,False,0.995,0.005,0.66,fixed,100,none,e7f9ddb3-8f5f-4b72-9bd9-db11716f47fd
783,96000,27.36597204208374,1.0,1.0,1.0,0.9960959999999999,0.0,0.0,0.0,0.0,0.0,0.0,0.0,0.0,0.0,0.0,0.0,0.0,0.0,0.0,0.002,0.998,0.04981506098369082,1884,0.00040439657943557597,2.643351544684205e-07,8.857263491779658e-05,16,20,False,0.995,0.005,0.66,fixed,100,none,e7f9ddb3-8f5f-4b72-9bd9-db11716f47fd
784,96100,27.384422779083252,1.0,1.0,1.0,0.9960959999999999,0.0,0.0,0.0,0.0,0.0,0.0,0.0,0.0,0.0,0.0,0.0,0.0,0.0,0.0,0.002,0.998,0.04981506098369082,1884,0.0004043742592927079,2.645779979846812e-07,8.856779517879085e-05,16,20,False,0.995,0.005,0.66,fixed,100,none,e7f9ddb3-8f5f-4b72-9bd9-db11716f47fd
785,96200,27.403146028518677,1.0,1.0,1.0,0.9960959999999999,0.0,0.0,0.0,0.0,0.0,0.0,0.0,0.0,0.0,0.0,0.0,0.0,0.0,0.0,0.002,0.998,0.04981506098369082,1884,0.0004037624190975775,2.638499005910654e-07,8.843372502157203e-05,16,20,False,0.995,0.005,0.66,fixed,100,none,e7f9ddb3-8f5f-4b72-9bd9-db11716f47fd
786,96300,27.421359300613403,1.0,1.0,1.0,0.9960959999999999,0.0,0.0,0.0,0.0,0.0,0.0,0.0,0.0,0.0,0.0,0.0,0.0,0.0,0.0,0.002,0.998,0.04981506098369082,1884,0.0004035098357301107,2.6471878288726884e-07,8.837859961006981e-05,16,20,False,0.995,0.005,0.66,fixed,100,none,e7f9ddb3-8f5f-4b72-9bd9-db11716f47fd
787,96600,27.43979287147522,1.0,1.0,1.0,0.9960959999999999,0.0,0.0,0.0,0.0,0.0,0.0,0.0,0.0,0.0,0.0,0.0,0.0,0.0,0.0,0.002,0.998,0.04981506098369082,1884,0.0004052751765402378,2.6634601864450346e-07,8.876534188820051e-05,16,20,False,0.995,0.005,0.66,fixed,100,none,e7f9ddb3-8f5f-4b72-9bd9-db11716f47fd
788,96700,27.458127975463867,1.0,1.0,1.0,0.9960959999999999,0.0,0.0,0.0,0.0,0.0,0.0,0.0,0.0,0.0,0.0,0.0,0.0,0.0,0.0,0.002,0.998,0.04981506098369082,1884,0.0004052751765402378,2.6634601864450346e-07,8.876534188820051e-05,16,20,False,0.995,0.005,0.66,fixed,100,none,e7f9ddb3-8f5f-4b72-9bd9-db11716f47fd
789,96900,27.476434230804443,1.0,1.0,1.0,0.9960959999999999,0.0,0.0,0.0,0.0,0.0,0.0,0.0,0.0,0.0,0.0,0.0,0.0,0.0,0.0,0.002,0.998,0.04981506098369082,1884,0.0004053607342959283,2.6759910241458976e-07,8.878430856683748e-05,16,20,False,0.995,0.005,0.66,fixed,100,none,e7f9ddb3-8f5f-4b72-9bd9-db11716f47fd
790,97000,27.49466848373413,1.0,1.0,1.0,0.9960959999999999,0.0,0.0,0.0,0.0,0.0,0.0,0.0,0.0,0.0,0.0,0.0,0.0,0.0,0.0,0.002,0.998,0.04981506098369082,1884,0.0004044466764726166,2.6763482769125137e-07,8.858422809711711e-05,16,20,False,0.995,0.005,0.66,fixed,100,none,e7f9ddb3-8f5f-4b72-9bd9-db11716f47fd
791,97300,27.51290726661682,1.0,1.0,1.0,0.9960959999999999,0.0,0.0,0.0,0.0,0.0,0.0,0.0,0.0,0.0,0.0,0.0,0.0,0.0,0.0,0.002,0.998,0.04981506098369082,1884,0.0004054122627273099,2.685233003578267e-07,8.879576373807614e-05,16,20,False,0.995,0.005,0.66,fixed,100,none,e7f9ddb3-8f5f-4b72-9bd9-db11716f47fd
792,97400,27.53141212463379,1.0,1.0,1.0,0.9960959999999999,0.0,0.0,0.0,0.0,0.0,0.0,0.0,0.0,0.0,0.0,0.0,0.0,0.0,0.0,0.002,0.998,0.05020311163408982,1883,0.0004051711963233316,2.6789027784943375e-07,8.874287402796868e-05,16,20,False,0.995,0.005,0.66,fixed,100,none,e7f9ddb3-8f5f-4b72-9bd9-db11716f47fd
793,97700,27.550048112869263,1.0,1.0,1.0,0.9960959999999999,0.0,0.0,0.0,0.0,0.0,0.0,0.0,0.0,0.0,0.0,0.0,0.0,0.0,0.0,0.002,0.998,0.04981506098369082,1884,0.00040794390393053944,2.695154409644614e-07,8.935012850417833e-05,16,20,False,0.995,0.005,0.66,fixed,100,none,e7f9ddb3-8f5f-4b72-9bd9-db11716f47fd
794,97800,27.568612813949585,1.0,1.0,1.0,0.9960959999999999,0.0,0.0,0.0,0.0,0.0,0.0,0.0,0.0,0.0,0.0,0.0,0.0,0.0,0.0,0.002,0.998,0.04981506098369082,1884,0.0004071923590973701,2.6867082074933976e-07,8.91854548623567e-05,16,20,False,0.995,0.005,0.66,fixed,100,none,e7f9ddb3-8f5f-4b72-9bd9-db11716f47fd
795,98000,27.58715534210205,1.0,1.0,1.0,0.9960959999999999,0.0,0.0,0.0,0.0,0.0,0.0,0.0,0.0,0.0,0.0,0.0,0.0,0.0,0.0,0.002,0.998,0.04981506098369082,1884,0.0004092499684920652,2.702185738832141e-07,8.963615963195088e-05,16,20,False,0.995,0.005,0.66,fixed,100,none,e7f9ddb3-8f5f-4b72-9bd9-db11716f47fd
796,98100,27.605583906173706,1.0,1.0,1.0,0.9960959999999999,0.0,0.0,0.0,0.0,0.0,0.0,0.0,0.0,0.0,0.0,0.0,0.0,0.0,0.0,0.002,0.998,0.04942600632125975,1885,0.00041142869964883944,2.7188200074109673e-07,9.011339993327177e-05,16,20,False,0.995,0.005,0.66,fixed,100,none,e7f9ddb3-8f5f-4b72-9bd9-db11716f47fd
797,98400,27.623994827270508,1.0,1.0,1.0,0.9960959999999999,0.0,0.0,0.0,0.0,0.0,0.0,0.0,0.0,0.0,0.0,0.0,0.0,0.0,0.0,0.002,0.998,0.04981506098369082,1884,0.000413519390315556,2.74175008638253e-07,9.057148779171648e-05,16,20,False,0.995,0.005,0.66,fixed,100,none,e7f9ddb3-8f5f-4b72-9bd9-db11716f47fd
798,98500,27.64216661453247,1.0,1.0,1.0,0.9960959999999999,0.0,0.0,0.0,0.0,0.0,0.0,0.0,0.0,0.0,0.0,0.0,0.0,0.0,0.0,0.002,0.998,0.04942600632125975,1885,0.000413641586828334,2.7460387692149526e-07,9.05983180933374e-05,16,20,False,0.995,0.005,0.66,fixed,100,none,e7f9ddb3-8f5f-4b72-9bd9-db11716f47fd
799,98600,27.66022753715515,1.0,1.0,1.0,0.9960959999999999,0.0,0.0,0.0,0.0,0.0,0.0,0.0,0.0,0.0,0.0,0.0,0.0,0.0,0.0,0.002,0.998,0.04942600632125975,1885,0.0004142568104831243,2.7463341099863517e-07,9.073299616284565e-05,16,20,False,0.995,0.005,0.66,fixed,100,none,e7f9ddb3-8f5f-4b72-9bd9-db11716f47fd
800,98700,27.678401708602905,1.0,1.0,1.0,0.9960959999999999,0.0,0.0,0.0,0.0,0.0,0.0,0.0,0.0,0.0,0.0,0.0,0.0,0.0,0.0,0.002,0.998,0.04942600632125975,1885,0.0004148840321036516,2.7592090071749644e-07,9.087053959862567e-05,16,20,False,0.995,0.005,0.66,fixed,100,none,e7f9ddb3-8f5f-4b72-9bd9-db11716f47fd
801,98800,27.69669222831726,1.0,1.0,1.0,0.9960959999999999,0.0,0.0,0.0,0.0,0.0,0.0,0.0,0.0,0.0,0.0,0.0,0.0,0.0,0.0,0.002,0.998,0.04942600632125975,1885,0.0004151929294995789,2.7605078107867063e-07,9.093818191586277e-05,16,20,False,0.995,0.005,0.66,fixed,100,none,e7f9ddb3-8f5f-4b72-9bd9-db11716f47fd
802,99100,27.71506094932556,1.0,1.0,1.0,0.9960959999999999,0.0,0.0,0.0,0.0,0.0,0.0,0.0,0.0,0.0,0.0,0.0,0.0,0.0,0.0,0.002,0.998,0.04942600632125975,1885,0.0004153989870579067,2.776929453365133e-07,9.098359992658972e-05,16,20,False,0.995,0.005,0.66,fixed,100,none,e7f9ddb3-8f5f-4b72-9bd9-db11716f47fd
803,99200,27.73350715637207,1.0,1.0,1.0,0.9960959999999999,0.0,0.0,0.0,0.0,0.0,0.0,0.0,0.0,0.0,0.0,0.0,0.0,0.0,0.0,0.002,0.998,0.04981506098369082,1884,0.0004167286615135826,2.794182838676547e-07,9.12749934792581e-05,16,20,False,0.995,0.005,0.66,fixed,100,none,e7f9ddb3-8f5f-4b72-9bd9-db11716f47fd
804,99300,27.75196123123169,1.0,1.0,1.0,0.9960959999999999,0.0,0.0,0.0,0.0,0.0,0.0,0.0,0.0,0.0,0.0,0.0,0.0,0.0,0.0,0.002,0.998,0.04981506098369082,1884,0.00041609928736062137,2.789605896490944e-07,9.113713651527335e-05,16,20,False,0.995,0.005,0.66,fixed,100,none,e7f9ddb3-8f5f-4b72-9bd9-db11716f47fd
805,99400,27.77049493789673,1.0,1.0,1.0,0.9960959999999999,0.0,0.0,0.0,0.0,0.0,0.0,0.0,0.0,0.0,0.0,0.0,0.0,0.0,0.0,0.002,0.998,0.04981506098369082,1884,0.00041706708947505505,2.803132361254794e-07,9.134924540095339e-05,16,20,False,0.995,0.005,0.66,fixed,100,none,e7f9ddb3-8f5f-4b72-9bd9-db11716f47fd
806,99500,27.789048194885254,1.0,1.0,1.0,0.9960959999999999,0.0,0.0,0.0,0.0,0.0,0.0,0.0,0.0,0.0,0.0,0.0,0.0,0.0,0.0,0.002,0.998,0.04981506098369082,1884,0.00041706537763378984,2.8094871327186187e-07,9.134899141955826e-05,16,20,False,0.995,0.005,0.66,fixed,100,none,e7f9ddb3-8f5f-4b72-9bd9-db11716f47fd
807,99600,27.807480573654175,1.0,1.0,1.0,0.9960959999999999,0.0,0.0,0.0,0.0,0.0,0.0,0.0,0.0,0.0,0.0,0.0,0.0,0.0,0.0,0.002,0.998,0.04981506098369082,1884,0.0004174519074338396,2.814405028470792e-07,9.143369623280844e-05,16,20,False,0.995,0.005,0.66,fixed,100,none,e7f9ddb3-8f5f-4b72-9bd9-db11716f47fd
808,99800,27.82578682899475,1.0,1.0,1.0,0.9960959999999999,0.0,0.0,0.0,0.0,0.0,0.0,0.0,0.0,0.0,0.0,0.0,0.0,0.0,0.0,0.002,0.998,0.04981506098369082,1884,0.00041576513657463524,2.7958753403024657e-07,9.10641100276534e-05,16,20,False,0.995,0.005,0.66,fixed,100,none,e7f9ddb3-8f5f-4b72-9bd9-db11716f47fd
809,99900,27.843937397003174,1.0,1.0,1.0,0.9960959999999999,0.0,0.0,0.0,0.0,0.0,0.0,0.0,0.0,0.0,0.0,0.0,0.0,0.0,0.0,0.002,0.998,0.04981506098369082,1884,0.00041546271939761197,2.793560882000651e-07,9.099786693289527e-05,16,20,False,0.995,0.005,0.66,fixed,100,none,e7f9ddb3-8f5f-4b72-9bd9-db11716f47fd
810,100100,27.862090349197388,1.0,1.0,1.0,0.9960959999999999,0.0,0.0,0.0,0.0,0.0,0.0,0.0,0.0,0.0,0.0,0.0,0.0,0.0,0.0,0.002,0.998,0.04981506098369082,1884,0.0004147938462625617,2.784602197709569e-07,9.085128038863125e-05,16,20,False,0.995,0.005,0.66,fixed,100,none,e7f9ddb3-8f5f-4b72-9bd9-db11716f47fd
811,100200,27.880369424819946,1.0,1.0,1.0,0.9960959999999999,0.0,0.0,0.0,0.0,0.0,0.0,0.0,0.0,0.0,0.0,0.0,0.0,0.0,0.0,0.002,0.998,0.04942600632125975,1885,0.0004149686208003045,2.785918868829887e-07,9.088956355169442e-05,16,20,False,0.995,0.005,0.66,fixed,100,none,e7f9ddb3-8f5f-4b72-9bd9-db11716f47fd
812,100300,27.898393869400024,1.0,1.0,1.0,0.9960959999999999,0.0,0.0,0.0,0.0,0.0,0.0,0.0,0.0,0.0,0.0,0.0,0.0,0.0,0.0,0.002,0.998,0.04942600632125975,1885,0.00041667639199087915,2.8042117450255125e-07,9.126374222995893e-05,16,20,False,0.995,0.005,0.66,fixed,100,none,e7f9ddb3-8f5f-4b72-9bd9-db11716f47fd
813,100500,27.916692972183228,1.0,1.0,1.0,0.9960959999999999,0.0,0.0,0.0,0.0,0.0,0.0,0.0,0.0,0.0,0.0,0.0,0.0,0.0,0.0,0.002,0.998,0.04942600632125975,1885,0.00041602704692378855,2.7950194706657007e-07,9.112142594155997e-05,16,20,False,0.995,0.005,0.66,fixed,100,none,e7f9ddb3-8f5f-4b72-9bd9-db11716f47fd
814,100600,27.934961557388306,1.0,1.0,1.0,0.9960959999999999,0.0,0.0,0.0,0.0,0.0,0.0,0.0,0.0,0.0,0.0,0.0,0.0,0.0,0.0,0.002,0.998,0.04942600632125975,1885,0.0004158412315349462,2.7840498675961733e-07,9.108054253048404e-05,16,20,False,0.995,0.005,0.66,fixed,100,none,e7f9ddb3-8f5f-4b72-9bd9-db11716f47fd
815,100900,27.95337176322937,1.0,1.0,1.0,0.9960959999999999,0.0,0.0,0.0,0.0,0.0,0.0,0.0,0.0,0.0,0.0,0.0,0.0,0.0,0.0,0.002,0.998,0.04981506098369082,1884,0.0004171874809378096,2.8075440625964246e-07,9.137568291447586e-05,16,20,False,0.995,0.005,0.66,fixed,100,none,e7f9ddb3-8f5f-4b72-9bd9-db11716f47fd
816,101000,27.97179126739502,1.0,1.0,1.0,0.9960959999999999,0.0,0.0,0.0,0.0,0.0,0.0,0.0,0.0,0.0,0.0,0.0,0.0,0.0,0.0,0.002,0.998,0.04942600632125975,1885,0.00041878534979935834,2.823794181309596e-07,9.172576516052443e-05,16,20,False,0.995,0.005,0.66,fixed,100,none,e7f9ddb3-8f5f-4b72-9bd9-db11716f47fd
817,101100,27.99002766609192,1.0,1.0,1.0,0.9960959999999999,0.0,0.0,0.0,0.0,0.0,0.0,0.0,0.0,0.0,0.0,0.0,0.0,0.0,0.0,0.002,0.998,0.04942600632125975,1885,0.0004195463591780028,2.827286504367598e-07,9.18924164676478e-05,16,20,False,0.995,0.005,0.66,fixed,100,none,e7f9ddb3-8f5f-4b72-9bd9-db11716f47fd
818,101300,28.00819444656372,1.0,1.0,1.0,0.9951079999999999,0.0,0.0,0.0,0.0,0.0,0.0,0.0,0.0,0.0,0.0,0.0,0.0,0.0,0.0,0.0025,0.9975,0.04944767934874782,1884,0.0004213245432138564,2.847868973008748e-07,9.228205202000034e-05,16,20,False,0.995,0.005,0.66,fixed,100,none,e7f9ddb3-8f5f-4b72-9bd9-db11716f47fd
819,101400,28.02640151977539,1.0,1.0,1.0,0.9951079999999999,0.0,0.0,0.0,0.0,0.0,0.0,0.0,0.0,0.0,0.0,0.0,0.0,0.0,0.0,0.0025,0.9975,0.049836872883964295,1883,0.00042048576766234483,2.844589835666514e-07,9.209838174816495e-05,16,20,False,0.995,0.005,0.66,fixed,100,none,e7f9ddb3-8f5f-4b72-9bd9-db11716f47fd
820,101600,28.044678926467896,1.0,1.0,1.0,0.9951079999999999,0.0,0.0,0.0,0.0,0.0,0.0,0.0,0.0,0.0,0.0,0.0,0.0,0.0,0.0,0.0025,0.9975,0.049836872883964295,1883,0.00042227833904376436,2.8680604697251057e-07,9.24912215656048e-05,16,20,False,0.995,0.005,0.66,fixed,100,none,e7f9ddb3-8f5f-4b72-9bd9-db11716f47fd
821,101700,28.06274676322937,1.0,1.0,1.0,0.9951079999999999,0.0,0.0,0.0,0.0,0.0,0.0,0.0,0.0,0.0,0.0,0.0,0.0,0.0,0.0,0.0025,0.9975,0.04944767934874782,1884,0.0004220927099491324,2.873247108363988e-07,9.2450685902924e-05,16,20,False,0.995,0.005,0.66,fixed,100,none,e7f9ddb3-8f5f-4b72-9bd9-db11716f47fd
822,101800,28.080681800842285,1.0,1.0,1.0,0.9951079999999999,0.0,0.0,0.0,0.0,0.0,0.0,0.0,0.0,0.0,0.0,0.0,0.0,0.0,0.0,0.0025,0.9975,0.049057480794718625,1885,0.000422222140180831,2.878206705397873e-07,9.247911241298648e-05,16,20,False,0.995,0.005,0.66,fixed,100,none,e7f9ddb3-8f5f-4b72-9bd9-db11716f47fd
823,101900,28.098674535751343,1.0,1.0,1.0,0.9951079999999999,0.0,0.0,0.0,0.0,0.0,0.0,0.0,0.0,0.0,0.0,0.0,0.0,0.0,0.0,0.0025,0.9975,0.049057480794718625,1885,0.00042206084268225555,2.8783295263942466e-07,9.244380672414724e-05,16,20,False,0.995,0.005,0.66,fixed,100,none,e7f9ddb3-8f5f-4b72-9bd9-db11716f47fd
824,102000,28.116779088974,1.0,1.0,1.0,0.9951079999999999,0.0,0.0,0.0,0.0,0.0,0.0,0.0,0.0,0.0,0.0,0.0,0.0,0.0,0.0,0.0025,0.9975,0.049447679348747824,1884,0.0004212320875439996,2.8817336264116793e-07,9.226245690228333e-05,16,20,False,0.995,0.005,0.66,fixed,100,none,e7f9ddb3-8f5f-4b72-9bd9-db11716f47fd
825,102100,28.134928703308105,1.0,1.0,1.0,0.9951079999999999,0.0,0.0,0.0,0.0,0.0,0.0,0.0,0.0,0.0,0.0,0.0,0.0,0.0,0.0,0.0025,0.9975,0.049836872883964295,1883,0.00042081086229903185,2.88553493494964e-07,9.217032292102212e-05,16,20,False,0.995,0.005,0.66,fixed,100,none,e7f9ddb3-8f5f-4b72-9bd9-db11716f47fd
826,102300,28.153090715408325,1.0,1.0,1.0,0.9951079999999999,0.0,0.0,0.0,0.0,0.0,0.0,0.0,0.0,0.0,0.0,0.0,0.0,0.0,0.0,0.0025,0.9975,0.049836872883964295,1883,0.00042146876333117955,2.892579839260372e-07,9.231447131014115e-05,16,20,False,0.995,0.005,0.66,fixed,100,none,e7f9ddb3-8f5f-4b72-9bd9-db11716f47fd
827,102400,28.171157836914062,1.0,1.0,1.0,0.9951079999999999,0.0,0.0,0.0,0.0,0.0,0.0,0.0,0.0,0.0,0.0,0.0,0.0,0.0,0.0,0.0025,0.9975,0.05022506140036809,1882,0.0004216137602557797,2.903096989246993e-07,9.234641096278587e-05,16,20,False,0.995,0.005,0.66,fixed,100,none,e7f9ddb3-8f5f-4b72-9bd9-db11716f47fd
828,102600,28.189186096191406,1.0,1.0,1.0,0.9951079999999999,0.0,0.0,0.0,0.0,0.0,0.0,0.0,0.0,0.0,0.0,0.0,0.0,0.0,0.0,0.0025,0.9975,0.04944767934874782,1884,0.0004200209957576267,2.887626486949796e-07,9.199746087459654e-05,16,20,False,0.995,0.005,0.66,fixed,100,none,e7f9ddb3-8f5f-4b72-9bd9-db11716f47fd
829,102700,28.20741891860962,1.0,1.0,1.0,0.9951079999999999,0.0,0.0,0.0,0.0,0.0,0.0,0.0,0.0,0.0,0.0,0.0,0.0,0.0,0.0,0.0025,0.9975,0.04944767934874782,1884,0.00042033108709588375,2.8930013230496434e-07,9.20654419904269e-05,16,20,False,0.995,0.005,0.66,fixed,100,none,e7f9ddb3-8f5f-4b72-9bd9-db11716f47fd
830,102800,28.225563764572144,1.0,1.0,1.0,0.9951079999999999,0.0,0.0,0.0,0.0,0.0,0.0,0.0,0.0,0.0,0.0,0.0,0.0,0.0,0.0,0.0025,0.9975,0.04944767934874782,1884,0.00042149185000182063,2.9007099138330454e-07,9.231967945376137e-05,16,20,False,0.995,0.005,0.66,fixed,100,none,e7f9ddb3-8f5f-4b72-9bd9-db11716f47fd
831,103100,28.243724822998047,1.0,1.0,1.0,0.9951079999999999,0.0,0.0,0.0,0.0,0.0,0.0,0.0,0.0,0.0,0.0,0.0,0.0,0.0,0.0,0.0025,0.9975,0.049836872883964295,1883,0.0004191764604527068,2.8753055096983014e-07,9.181235799778179e-05,16,20,False,0.995,0.005,0.66,fixed,100,none,e7f9ddb3-8f5f-4b72-9bd9-db11716f47fd
832,103200,28.262047052383423,1.0,1.0,1.0,0.9951079999999999,0.0,0.0,0.0,0.0,0.0,0.0,0.0,0.0,0.0,0.0,0.0,0.0,0.0,0.0,0.0025,0.9975,0.049836872883964295,1883,0.0004191764604527068,2.8753055096983014e-07,9.181235799778179e-05,16,20,False,0.995,0.005,0.66,fixed,100,none,e7f9ddb3-8f5f-4b72-9bd9-db11716f47fd
833,103400,28.280747175216675,1.0,1.0,1.0,0.9951079999999999,0.0,0.0,0.0,0.0,0.0,0.0,0.0,0.0,0.0,0.0,0.0,0.0,0.0,0.0,0.0025,0.9975,0.049836872883964295,1883,0.00041890061390196625,2.874565367592849e-07,9.175196112512467e-05,16,20,False,0.995,0.005,0.66,fixed,100,none,e7f9ddb3-8f5f-4b72-9bd9-db11716f47fd
834,103500,28.299472093582153,1.0,1.0,1.0,0.9951079999999999,0.0,0.0,0.0,0.0,0.0,0.0,0.0,0.0,0.0,0.0,0.0,0.0,0.0,0.0,0.0025,0.9975,0.04944767934874782,1884,0.00042068131186501266,2.892692418352612e-07,9.214210032319998e-05,16,20,False,0.995,0.005,0.66,fixed,100,none,e7f9ddb3-8f5f-4b72-9bd9-db11716f47fd
835,103600,28.317973136901855,1.0,1.0,1.0,0.9951079999999999,0.0,0.0,0.0,0.0,0.0,0.0,0.0,0.0,0.0,0.0,0.0,0.0,0.0,0.0,0.0025,0.9975,0.04944767934874782,1884,0.00042412521436867886,2.938060346994428e-07,9.28968325718967e-05,16,20,False,0.995,0.005,0.66,fixed,100,none,e7f9ddb3-8f5f-4b72-9bd9-db11716f47fd
836,103800,28.336440563201904,1.0,1.0,1.0,0.9951079999999999,0.0,0.0,0.0,0.0,0.0,0.0,0.0,0.0,0.0,0.0,0.0,0.0,0.0,0.0,0.0025,0.9975,0.04944767934874782,1884,0.00042191682573880057,2.919154548434201e-07,9.241305709064369e-05,16,20,False,0.995,0.005,0.66,fixed,100,none,e7f9ddb3-8f5f-4b72-9bd9-db11716f47fd
837,103900,28.354856252670288,1.0,1.0,1.0,0.9951079999999999,0.0,0.0,0.0,0.0,0.0,0.0,0.0,0.0,0.0,0.0,0.0,0.0,0.0,0.0,0.0025,0.9975,0.04944767934874782,1884,0.00042259732376702267,2.92528331147695e-07,9.256213455551933e-05,16,20,False,0.995,0.005,0.66,fixed,100,none,e7f9ddb3-8f5f-4b72-9bd9-db11716f47fd
838,104100,28.373210430145264,1.0,1.0,1.0,0.9951079999999999,0.0,0.0,0.0,0.0,0.0,0.0,0.0,0.0,0.0,0.0,0.0,0.0,0.0,0.0,0.0025,0.9975,0.04944767934874782,1884,0.0004219427586235769,2.9176191479722775e-07,9.241870462651246e-05,16,20,False,0.995,0.005,0.66,fixed,100,none,e7f9ddb3-8f5f-4b72-9bd9-db11716f47fd
839,104200,28.391430139541626,1.0,1.0,1.0,0.9951079999999999,0.0,0.0,0.0,0.0,0.0,0.0,0.0,0.0,0.0,0.0,0.0,0.0,0.0,0.0,0.0025,0.9975,0.04944767934874782,1884,0.0004227265019970223,2.932169869644295e-07,9.259054251467143e-05,16,20,False,0.995,0.005,0.66,fixed,100,none,e7f9ddb3-8f5f-4b72-9bd9-db11716f47fd
840,104300,28.409484148025513,1.0,1.0,1.0,0.9951079999999999,0.0,0.0,0.0,0.0,0.0,0.0,0.0,0.0,0.0,0.0,0.0,0.0,0.0,0.0,0.0025,0.9975,0.049057480794718625,1885,0.0004235759219177779,2.9508221372399707e-07,9.277683492840913e-05,16,20,False,0.995,0.005,0.66,fixed,100,none,e7f9ddb3-8f5f-4b72-9bd9-db11716f47fd
841,104400,28.427034854888916,1.0,1.0,1.0,0.9951079999999999,0.0,0.0,0.0,0.0,0.0,0.0,0.0,0.0,0.0,0.0,0.0,0.0,0.0,0.0,0.0025,0.9975,0.04944767934874782,1884,0.000424202057978503,2.963101217910003e-07,9.29141294146346e-05,16,20,False,0.995,0.005,0.66,fixed,100,none,e7f9ddb3-8f5f-4b72-9bd9-db11716f47fd
842,104500,28.44509983062744,1.0,1.0,1.0,0.9951079999999999,0.0,0.0,0.0,0.0,0.0,0.0,0.0,0.0,0.0,0.0,0.0,0.0,0.0,0.0,0.0025,0.9975,0.04944767934874782,1884,0.0004238670222041729,2.961433611557762e-07,9.284075839911304e-05,16,20,False,0.995,0.005,0.66,fixed,100,none,e7f9ddb3-8f5f-4b72-9bd9-db11716f47fd
843,104600,28.463252782821655,1.0,1.0,1.0,0.9951079999999999,0.0,0.0,0.0,0.0,0.0,0.0,0.0,0.0,0.0,0.0,0.0,0.0,0.0,0.0,0.0025,0.9975,0.04944767934874782,1884,0.0004237440947406146,2.959748350106796e-07,9.281381755737256e-05,16,20,False,0.995,0.005,0.66,fixed,100,none,e7f9ddb3-8f5f-4b72-9bd9-db11716f47fd
844,104900,28.481355667114258,1.0,1.0,1.0,0.9951079999999999,0.0,0.0,0.0,0.0,0.0,0.0,0.0,0.0,0.0,0.0,0.0,0.0,0.0,0.0,0.0025,0.9975,0.04944767934874782,1884,0.000425929682461226,2.9814627847930027e-07,9.329265528367345e-05,16,20,False,0.995,0.005,0.66,fixed,100,none,e7f9ddb3-8f5f-4b72-9bd9-db11716f47fd
845,105000,28.499561309814453,1.0,1.0,1.0,0.9951079999999999,0.0,0.0,0.0,0.0,0.0,0.0,0.0,0.0,0.0,0.0,0.0,0.0,0.0,0.0,0.0025,0.9975,0.04944767934874782,1884,0.0004269394846862153,2.9958576806818695e-07,9.351397449374549e-05,16,20,False,0.995,0.005,0.66,fixed,100,none,e7f9ddb3-8f5f-4b72-9bd9-db11716f47fd
846,105200,28.51782989501953,1.0,1.0,1.0,0.9951079999999999,0.0,0.0,0.0,0.0,0.0,0.0,0.0,0.0,0.0,0.0,0.0,0.0,0.0,0.0,0.0025,0.9975,0.04944767934874782,1884,0.00042699105467436003,3.0137334852262565e-07,9.352560280443672e-05,16,20,False,0.995,0.005,0.66,fixed,100,none,e7f9ddb3-8f5f-4b72-9bd9-db11716f47fd
847,105300,28.53620719909668,1.0,1.0,1.0,0.9951079999999999,0.0,0.0,0.0,0.0,0.0,0.0,0.0,0.0,0.0,0.0,0.0,0.0,0.0,0.0,0.0025,0.9975,0.04944767934874782,1884,0.0004271708069110403,3.0212886617888625e-07,9.356509411740071e-05,16,20,False,0.995,0.005,0.66,fixed,100,none,e7f9ddb3-8f5f-4b72-9bd9-db11716f47fd
848,105600,28.555320978164673,1.0,1.0,1.0,0.9951079999999999,0.0,0.0,0.0,0.0,0.0,0.0,0.0,0.0,0.0,0.0,0.0,0.0,0.0,0.0,0.0025,0.9975,0.04944767934874782,1884,0.00042831809065302747,3.037631655885526e-07,9.381654504540955e-05,16,20,False,0.995,0.005,0.66,fixed,100,none,e7f9ddb3-8f5f-4b72-9bd9-db11716f47fd
849,105700,28.574334621429443,1.0,1.0,1.0,0.9951079999999999,0.0,0.0,0.0,0.0,0.0,0.0,0.0,0.0,0.0,0.0,0.0,0.0,0.0,0.0,0.0025,0.9975,0.04944767934874782,1884,0.00042750491925405395,3.0306178295304946e-07,9.363840856347349e-05,16,20,False,0.995,0.005,0.66,fixed,100,none,e7f9ddb3-8f5f-4b72-9bd9-db11716f47fd
850,105900,28.593252420425415,1.0,1.0,1.0,0.9951079999999999,0.0,0.0,0.0,0.0,0.0,0.0,0.0,0.0,0.0,0.0,0.0,0.0,0.0,0.0,0.0025,0.9975,0.04944767934874782,1884,0.00042706456736805136,3.0229050037156615e-07,9.354186899193705e-05,16,20,False,0.995,0.005,0.66,fixed,100,none,e7f9ddb3-8f5f-4b72-9bd9-db11716f47fd
851,106000,28.61190414428711,1.0,1.0,1.0,0.9951079999999999,0.0,0.0,0.0,0.0,0.0,0.0,0.0,0.0,0.0,0.0,0.0,0.0,0.0,0.0,0.0025,0.9975,0.04944767934874782,1884,0.00042706456736805136,3.0229050037156615e-07,9.354186899193705e-05,16,20,False,0.995,0.005,0.66,fixed,100,none,e7f9ddb3-8f5f-4b72-9bd9-db11716f47fd
852,106100,28.630480527877808,1.0,1.0,1.0,0.9951079999999999,0.0,0.0,0.0,0.0,0.0,0.0,0.0,0.0,0.0,0.0,0.0,0.0,0.0,0.0,0.0025,0.9975,0.04944767934874782,1884,0.00042673486290190706,3.0184631022011345e-07,9.346961228816927e-05,16,20,False,0.995,0.005,0.66,fixed,100,none,e7f9ddb3-8f5f-4b72-9bd9-db11716f47fd
853,106200,28.649045705795288,1.0,1.0,1.0,0.9951079999999999,0.0,0.0,0.0,0.0,0.0,0.0,0.0,0.0,0.0,0.0,0.0,0.0,0.0,0.0,0.0025,0.9975,0.049836872883964295,1883,0.0004264690221452985,3.0142425256936467e-07,9.341133955559403e-05,16,20,False,0.995,0.005,0.66,fixed,100,none,e7f9ddb3-8f5f-4b72-9bd9-db11716f47fd
854,106300,28.668105125427246,1.0,1.0,1.0,0.9951079999999999,0.0,0.0,0.0,0.0,0.0,0.0,0.0,0.0,0.0,0.0,0.0,0.0,0.0,0.0,0.0025,0.9975,0.04944767934874782,1884,0.00042680970424979455,3.020991739075767e-07,9.348604310332247e-05,16,20,False,0.995,0.005,0.66,fixed,100,none,e7f9ddb3-8f5f-4b72-9bd9-db11716f47fd
855,106400,28.689602851867676,1.0,1.0,1.0,0.9951079999999999,0.0,0.0,0.0,0.0,0.0,0.0,0.0,0.0,0.0,0.0,0.0,0.0,0.0,0.0,0.0025,0.9975,0.04905748079471863,1885,0.0004261628718166554,3.007099163669098e-07,9.334418752477558e-05,16,20,False,0.995,0.005,0.66,fixed,100,none,e7f9ddb3-8f5f-4b72-9bd9-db11716f47fd
856,106700,28.708191871643066,1.0,1.0,1.0,0.9951079999999999,0.0,0.0,0.0,0.0,0.0,0.0,0.0,0.0,0.0,0.0,0.0,0.0,0.0,0.0,0.0025,0.9975,0.04866627722187674,1886,0.0004237429442295841,2.986370557319027e-07,9.281407153244504e-05,16,20,False,0.995,0.005,0.66,fixed,100,none,e7f9ddb3-8f5f-4b72-9bd9-db11716f47fd
857,106800,28.7267484664917,1.0,1.0,1.0,0.9951079999999999,0.0,0.0,0.0,0.0,0.0,0.0,0.0,0.0,0.0,0.0,0.0,0.0,0.0,0.0,0.0025,0.9975,0.04866627722187674,1886,0.0004242809339613314,2.993982081149694e-07,9.29319821036773e-05,16,20,False,0.995,0.005,0.66,fixed,100,none,e7f9ddb3-8f5f-4b72-9bd9-db11716f47fd
858,106900,28.745182514190674,1.0,1.0,1.0,0.9951079999999999,0.0,0.0,0.0,0.0,0.0,0.0,0.0,0.0,0.0,0.0,0.0,0.0,0.0,0.0,0.0025,0.9975,0.04866627722187674,1886,0.00042633133423279,3.0116421256257087e-07,9.338115026394463e-05,16,20,False,0.995,0.005,0.66,fixed,100,none,e7f9ddb3-8f5f-4b72-9bd9-db11716f47fd
859,107000,28.76354169845581,1.0,1.0,1.0,0.9951079999999999,0.0,0.0,0.0,0.0,0.0,0.0,0.0,0.0,0.0,0.0,0.0,0.0,0.0,0.0,0.0025,0.9975,0.04866627722187674,1886,0.00042614923196580037,3.0047904285286707e-07,9.334115789545574e-05,16,20,False,0.995,0.005,0.66,fixed,100,none,e7f9ddb3-8f5f-4b72-9bd9-db11716f47fd
860,107100,28.78189730644226,1.0,1.0,1.0,0.9951079999999999,0.0,0.0,0.0,0.0,0.0,0.0,0.0,0.0,0.0,0.0,0.0,0.0,0.0,0.0,0.0025,0.9975,0.04866627722187674,1886,0.00042678179277619755,3.0173948035857326e-07,9.347986493997779e-05,16,20,False,0.995,0.005,0.66,fixed,100,none,e7f9ddb3-8f5f-4b72-9bd9-db11716f47fd
861,107400,28.800562858581543,1.0,1.0,1.0,0.9951079999999999,0.0,0.0,0.0,0.0,0.0,0.0,0.0,0.0,0.0,0.0,0.0,0.0,0.0,0.0,0.0025,0.9975,0.04866627722187674,1886,0.000427218925169914,3.025273797241745e-07,9.357570292184177e-05,16,20,False,0.995,0.005,0.66,fixed,100,none,e7f9ddb3-8f5f-4b72-9bd9-db11716f47fd
862,107500,28.818809986114502,1.0,1.0,1.0,0.9951079999999999,0.0,0.0,0.0,0.0,0.0,0.0,0.0,0.0,0.0,0.0,0.0,0.0,0.0,0.0,0.0025,0.9975,0.04866627722187674,1886,0.00042731737131611824,3.034046869118986e-07,9.359741947161154e-05,16,20,False,0.995,0.005,0.66,fixed,100,none,e7f9ddb3-8f5f-4b72-9bd9-db11716f47fd
863,107700,28.836984157562256,1.0,1.0,1.0,0.9951079999999999,0.0,0.0,0.0,0.0,0.0,0.0,0.0,0.0,0.0,0.0,0.0,0.0,0.0,0.0,0.0025,0.9975,0.04905748079471863,1885,0.00042659722077772425,3.029826861680593e-07,9.343969833861579e-05,16,20,False,0.995,0.005,0.66,fixed,100,none,e7f9ddb3-8f5f-4b72-9bd9-db11716f47fd
864,107800,28.85524272918701,1.0,1.0,1.0,0.9951079999999999,0.0,0.0,0.0,0.0,0.0,0.0,0.0,0.0,0.0,0.0,0.0,0.0,0.0,0.0,0.0025,0.9975,0.04905748079471863,1885,0.00042665759558247173,3.027989032767701e-07,9.345287946462565e-05,16,20,False,0.995,0.005,0.66,fixed,100,none,e7f9ddb3-8f5f-4b72-9bd9-db11716f47fd
865,107900,28.8737473487854,1.0,1.0,1.0,0.9951079999999999,0.0,0.0,0.0,0.0,0.0,0.0,0.0,0.0,0.0,0.0,0.0,0.0,0.0,0.0,0.0025,0.9975,0.04905748079471863,1885,0.00042693578334722425,3.0323180066248047e-07,9.351385701683326e-05,16,20,False,0.995,0.005,0.66,fixed,100,none,e7f9ddb3-8f5f-4b72-9bd9-db11716f47fd
866,108100,28.892215490341187,1.0,1.0,1.0,0.9951079999999999,0.0,0.0,0.0,0.0,0.0,0.0,0.0,0.0,0.0,0.0,0.0,0.0,0.0,0.0,0.0025,0.9975,0.04866627722187674,1886,0.00042890369570542703,3.064273823033426e-07,9.394524019255562e-05,16,20,False,0.995,0.005,0.66,fixed,100,none,e7f9ddb3-8f5f-4b72-9bd9-db11716f47fd
867,108200,28.910526752471924,1.0,1.0,1.0,0.9951079999999999,0.0,0.0,0.0,0.0,0.0,0.0,0.0,0.0,0.0,0.0,0.0,0.0,0.0,0.0,0.0025,0.9975,0.04866627722187674,1886,0.000429652105707643,3.079054333633809e-07,9.41093479717421e-05,16,20,False,0.995,0.005,0.66,fixed,100,none,e7f9ddb3-8f5f-4b72-9bd9-db11716f47fd
868,108500,28.928709506988525,1.0,1.0,1.0,0.9951079999999999,0.0,0.0,0.0,0.0,0.0,0.0,0.0,0.0,0.0,0.0,0.0,0.0,0.0,0.0,0.0025,0.9975,0.04866627722187674,1886,0.00042802655630345195,3.0673411585761974e-07,9.375329265683859e-05,16,20,False,0.995,0.005,0.66,fixed,100,none,e7f9ddb3-8f5f-4b72-9bd9-db11716f47fd
869,108600,28.946842908859253,1.0,1.0,1.0,0.9951079999999999,0.0,0.0,0.0,0.0,0.0,0.0,0.0,0.0,0.0,0.0,0.0,0.0,0.0,0.0,0.0025,0.9975,0.04866627722187674,1886,0.0004279070104844081,3.060187392600946e-07,9.372698815549636e-05,16,20,False,0.995,0.005,0.66,fixed,100,none,e7f9ddb3-8f5f-4b72-9bd9-db11716f47fd
870,108700,28.96515655517578,1.0,1.0,1.0,0.9951079999999999,0.0,0.0,0.0,0.0,0.0,0.0,0.0,0.0,0.0,0.0,0.0,0.0,0.0,0.0,0.0025,0.9975,0.04866627722187674,1886,0.00042785032320157864,3.0576696512985906e-07,9.371453147220024e-05,16,20,False,0.995,0.005,0.66,fixed,100,none,e7f9ddb3-8f5f-4b72-9bd9-db11716f47fd
871,108800,28.983253479003906,1.0,1.0,1.0,0.9951079999999999,0.0,0.0,0.0,0.0,0.0,0.0,0.0,0.0,0.0,0.0,0.0,0.0,0.0,0.0,0.0025,0.9975,0.04866627722187674,1886,0.0004287517407239712,3.0843897181653823e-07,9.391235944912245e-05,16,20,False,0.995,0.005,0.66,fixed,100,none,e7f9ddb3-8f5f-4b72-9bd9-db11716f47fd
872,108900,29.00145411491394,1.0,1.0,1.0,0.9951079999999999,0.0,0.0,0.0,0.0,0.0,0.0,0.0,0.0,0.0,0.0,0.0,0.0,0.0,0.0,0.0025,0.9975,0.04866627722187674,1886,0.0004288019596238634,3.089788924466696e-07,9.392345495122857e-05,16,20,False,0.995,0.005,0.66,fixed,100,none,e7f9ddb3-8f5f-4b72-9bd9-db11716f47fd
873,109200,29.019541025161743,1.0,1.0,1.0,0.9951079999999999,0.0,0.0,0.0,0.0,0.0,0.0,0.0,0.0,0.0,0.0,0.0,0.0,0.0,0.0,0.0025,0.9975,0.048274068630222176,1887,0.00042895817162720806,3.0994835099833086e-07,9.395783395588553e-05,16,20,False,0.995,0.005,0.66,fixed,100,none,e7f9ddb3-8f5f-4b72-9bd9-db11716f47fd
874,109300,29.037797927856445,1.0,1.0,1.0,0.9951079999999999,0.0,0.0,0.0,0.0,0.0,0.0,0.0,0.0,0.0,0.0,0.0,0.0,0.0,0.0,0.0025,0.9975,0.04866627722187674,1886,0.0004296672812320122,3.0968782020560274e-07,9.411300854752654e-05,16,20,False,0.995,0.005,0.66,fixed,100,none,e7f9ddb3-8f5f-4b72-9bd9-db11716f47fd
875,109500,29.05614948272705,1.0,1.0,1.0,0.9951079999999999,0.0,0.0,0.0,0.0,0.0,0.0,0.0,0.0,0.0,0.0,0.0,0.0,0.0,0.0,0.0025,0.9975,0.04905748079471863,1885,0.00042921918150022934,3.0926263420204693e-07,9.40148387308986e-05,16,20,False,0.995,0.005,0.66,fixed,100,none,e7f9ddb3-8f5f-4b72-9bd9-db11716f47fd
876,109600,29.074533700942993,1.0,1.0,1.0,0.9951079999999999,0.0,0.0,0.0,0.0,0.0,0.0,0.0,0.0,0.0,0.0,0.0,0.0,0.0,0.0,0.0025,0.9975,0.04944767934874782,1884,0.0004292858003798578,3.0959387864878054e-07,9.402948454009414e-05,16,20,False,0.995,0.005,0.66,fixed,100,none,e7f9ddb3-8f5f-4b72-9bd9-db11716f47fd
877,109700,29.093040704727173,1.0,1.0,1.0,0.9951079999999999,0.0,0.0,0.0,0.0,0.0,0.0,0.0,0.0,0.0,0.0,0.0,0.0,0.0,0.0,0.0025,0.9975,0.04944767934874782,1884,0.0004292858003798578,3.0959387864878054e-07,9.402948454009414e-05,16,20,False,0.995,0.005,0.66,fixed,100,none,e7f9ddb3-8f5f-4b72-9bd9-db11716f47fd
878,109900,29.111449003219604,1.0,1.0,1.0,0.9951079999999999,0.0,0.0,0.0,0.0,0.0,0.0,0.0,0.0,0.0,0.0,0.0,0.0,0.0,0.0,0.0025,0.9975,0.04944767934874782,1884,0.0004298491456263703,3.101522028101612e-07,9.41529068961464e-05,16,20,False,0.995,0.005,0.66,fixed,100,none,e7f9ddb3-8f5f-4b72-9bd9-db11716f47fd
879,110000,29.12988305091858,1.0,1.0,1.0,0.9951079999999999,0.0,0.0,0.0,0.0,0.0,0.0,0.0,0.0,0.0,0.0,0.0,0.0,0.0,0.0,0.0025,0.9975,0.04944767934874782,1884,0.00042976359962531847,3.0997633219607495e-07,9.413414746109947e-05,16,20,False,0.995,0.005,0.66,fixed,100,none,e7f9ddb3-8f5f-4b72-9bd9-db11716f47fd
880,110300,29.14846920967102,1.0,1.0,1.0,0.9951079999999999,0.0,0.0,0.0,0.0,0.0,0.0,0.0,0.0,0.0,0.0,0.0,0.0,0.0,0.0,0.0025,0.9975,0.04944767934874782,1884,0.000430816862656081,3.1259001019553867e-07,9.436520333735328e-05,16,20,False,0.995,0.005,0.66,fixed,100,none,e7f9ddb3-8f5f-4b72-9bd9-db11716f47fd
881,110400,29.166667938232422,1.0,1.0,1.0,0.9951079999999999,0.0,0.0,0.0,0.0,0.0,0.0,0.0,0.0,0.0,0.0,0.0,0.0,0.0,0.0,0.0025,0.9975,0.04944767934874782,1884,0.0004304948455187716,3.126743736610791e-07,9.42947298150547e-05,16,20,False,0.995,0.005,0.66,fixed,100,none,e7f9ddb3-8f5f-4b72-9bd9-db11716f47fd
882,110500,29.184768199920654,1.0,1.0,1.0,0.9951079999999999,0.0,0.0,0.0,0.0,0.0,0.0,0.0,0.0,0.0,0.0,0.0,0.0,0.0,0.0,0.0025,0.9975,0.04944767934874782,1884,0.0004305521467144448,3.132781906944211e-07,9.430738777202391e-05,16,20,False,0.995,0.005,0.66,fixed,100,none,e7f9ddb3-8f5f-4b72-9bd9-db11716f47fd
883,110600,29.20289158821106,1.0,1.0,1.0,0.9951079999999999,0.0,0.0,0.0,0.0,0.0,0.0,0.0,0.0,0.0,0.0,0.0,0.0,0.0,0.0,0.0025,0.9975,0.04944767934874782,1884,0.0004293842127032986,3.135449452156325e-07,9.405177770034305e-05,16,20,False,0.995,0.005,0.66,fixed,100,none,e7f9ddb3-8f5f-4b72-9bd9-db11716f47fd
884,110700,29.22117328643799,1.0,1.0,1.0,0.9951079999999999,0.0,0.0,0.0,0.0,0.0,0.0,0.0,0.0,0.0,0.0,0.0,0.0,0.0,0.0,0.0025,0.9975,0.04944767934874782,1884,0.0004290701416840422,3.1292439670614525e-07,9.3982909650011e-05,16,20,False,0.995,0.005,0.66,fixed,100,none,e7f9ddb3-8f5f-4b72-9bd9-db11716f47fd
885,111000,29.239201068878174,1.0,1.0,1.0,0.9951079999999999,0.0,0.0,0.0,0.0,0.0,0.0,0.0,0.0,0.0,0.0,0.0,0.0,0.0,0.0,0.0025,0.9975,0.04944767934874782,1884,0.0004301414652191781,3.1392785889717647e-07,9.421761302966856e-05,16,20,False,0.995,0.005,0.66,fixed,100,none,e7f9ddb3-8f5f-4b72-9bd9-db11716f47fd
886,111100,29.257209539413452,1.0,1.0,1.0,0.9951079999999999,0.0,0.0,0.0,0.0,0.0,0.0,0.0,0.0,0.0,0.0,0.0,0.0,0.0,0.0,0.0025,0.9975,0.04944767934874782,1884,0.0004296800112131903,3.133071695461942e-07,9.411648281678114e-05,16,20,False,0.995,0.005,0.66,fixed,100,none,e7f9ddb3-8f5f-4b72-9bd9-db11716f47fd
887,111400,29.2752845287323,1.0,1.0,1.0,0.9951079999999999,0.0,0.0,0.0,0.0,0.0,0.0,0.0,0.0,0.0,0.0,0.0,0.0,0.0,0.0,0.0025,0.9975,0.04944767934874782,1884,0.00042957417272601183,3.138596083778874e-07,9.409341973531578e-05,16,20,False,0.995,0.005,0.66,fixed,100,none,e7f9ddb3-8f5f-4b72-9bd9-db11716f47fd
888,111500,29.293585300445557,1.0,1.0,1.0,0.9951079999999999,0.0,0.0,0.0,0.0,0.0,0.0,0.0,0.0,0.0,0.0,0.0,0.0,0.0,0.0,0.0025,0.9975,0.04944767934874782,1884,0.00043051232099498176,3.143448076953783e-07,9.429887257926364e-05,16,20,False,0.995,0.005,0.66,fixed,100,none,e7f9ddb3-8f5f-4b72-9bd9-db11716f47fd
889,111700,29.311686992645264,1.0,1.0,1.0,0.9951079999999999,0.0,0.0,0.0,0.0,0.0,0.0,0.0,0.0,0.0,0.0,0.0,0.0,0.0,0.0,0.0025,0.9975,0.04944767934874782,1884,0.00043273034434118045,3.158151379350119e-07,9.478467725249206e-05,16,20,False,0.995,0.005,0.66,fixed,100,none,e7f9ddb3-8f5f-4b72-9bd9-db11716f47fd
890,111800,29.330360651016235,1.0,1.0,1.0,0.9951079999999999,0.0,0.0,0.0,0.0,0.0,0.0,0.0,0.0,0.0,0.0,0.0,0.0,0.0,0.0,0.0025,0.9975,0.04944767934874782,1884,0.0004330898696308736,3.158431897930277e-07,9.486338266825891e-05,16,20,False,0.995,0.005,0.66,fixed,100,none,e7f9ddb3-8f5f-4b72-9bd9-db11716f47fd
891,112100,29.34830355644226,1.0,1.0,1.0,0.9951079999999999,0.0,0.0,0.0,0.0,0.0,0.0,0.0,0.0,0.0,0.0,0.0,0.0,0.0,0.0,0.0025,0.9975,0.04944767934874782,1884,0.0004336409788869204,3.1580219881069316e-07,9.498401269612091e-05,16,20,False,0.995,0.005,0.66,fixed,100,none,e7f9ddb3-8f5f-4b72-9bd9-db11716f47fd
892,112200,29.366480112075806,1.0,1.0,1.0,0.9951079999999999,0.0,0.0,0.0,0.0,0.0,0.0,0.0,0.0,0.0,0.0,0.0,0.0,0.0,0.0,0.0025,0.9975,0.04944767934874782,1884,0.0004336409788869204,3.1580219881069316e-07,9.498401269612091e-05,16,20,False,0.995,0.005,0.66,fixed,100,none,e7f9ddb3-8f5f-4b72-9bd9-db11716f47fd
893,112300,29.384705781936646,1.0,1.0,1.0,0.9951079999999999,0.0,0.0,0.0,0.0,0.0,0.0,0.0,0.0,0.0,0.0,0.0,0.0,0.0,0.0,0.0025,0.9975,0.04905748079471863,1885,0.0004345031173429407,3.173066725988025e-07,9.51730206541635e-05,16,20,False,0.995,0.005,0.66,fixed,100,none,e7f9ddb3-8f5f-4b72-9bd9-db11716f47fd
894,112400,29.402935028076172,1.0,1.0,1.0,0.9951079999999999,0.0,0.0,0.0,0.0,0.0,0.0,0.0,0.0,0.0,0.0,0.0,0.0,0.0,0.0,0.0025,0.9975,0.04944767934874782,1884,0.00043472557463669376,3.169530759061228e-07,9.522164937239444e-05,16,20,False,0.995,0.005,0.66,fixed,100,none,e7f9ddb3-8f5f-4b72-9bd9-db11716f47fd
895,112500,29.420947313308716,1.0,1.0,1.0,0.9951079999999999,0.0,0.0,0.0,0.0,0.0,0.0,0.0,0.0,0.0,0.0,0.0,0.0,0.0,0.0,0.0025,0.9975,0.04944767934874782,1884,0.0004348906742670269,3.174647741264321e-07,9.525788690413622e-05,16,20,False,0.995,0.005,0.66,fixed,100,none,e7f9ddb3-8f5f-4b72-9bd9-db11716f47fd
896,112800,29.439012050628662,1.0,1.0,1.0,0.9951079999999999,0.0,0.0,0.0,0.0,0.0,0.0,0.0,0.0,0.0,0.0,0.0,0.0,0.0,0.0,0.0025,0.9975,0.04944767934874782,1884,0.00043541614926610137,3.180841363313e-07,9.537303106025254e-05,16,20,False,0.995,0.005,0.66,fixed,100,none,e7f9ddb3-8f5f-4b72-9bd9-db11716f47fd
897,112900,29.457589387893677,1.0,1.0,1.0,0.9951079999999999,0.0,0.0,0.0,0.0,0.0,0.0,0.0,0.0,0.0,0.0,0.0,0.0,0.0,0.0,0.0025,0.9975,0.04944767934874782,1884,0.00043589638540982674,3.186899673495714e-07,9.547826986000749e-05,16,20,False,0.995,0.005,0.66,fixed,100,none,e7f9ddb3-8f5f-4b72-9bd9-db11716f47fd
898,113200,29.47583270072937,1.0,1.0,1.0,0.9951079999999999,0.0,0.0,0.0,0.0,0.0,0.0,0.0,0.0,0.0,0.0,0.0,0.0,0.0,0.0,0.0025,0.9975,0.04944767934874782,1884,0.0004338173800283069,3.1654026481625167e-07,9.502276713851147e-05,16,20,False,0.995,0.005,0.66,fixed,100,none,e7f9ddb3-8f5f-4b72-9bd9-db11716f47fd
899,113300,29.49401354789734,1.0,1.0,1.0,0.9951079999999999,0.0,0.0,0.0,0.0,0.0,0.0,0.0,0.0,0.0,0.0,0.0,0.0,0.0,0.0,0.0025,0.9975,0.04944767934874782,1884,0.0004322910689101365,3.155154427864058e-07,9.46884629185583e-05,16,20,False,0.995,0.005,0.66,fixed,100,none,e7f9ddb3-8f5f-4b72-9bd9-db11716f47fd
900,113400,29.51211905479431,1.0,1.0,1.0,0.9951079999999999,0.0,0.0,0.0,0.0,0.0,0.0,0.0,0.0,0.0,0.0,0.0,0.0,0.0,0.0,0.0025,0.9975,0.04905748079471862,1885,0.0004323831419929521,3.155669258774655e-07,9.470862749817395e-05,16,20,False,0.995,0.005,0.66,fixed,100,none,e7f9ddb3-8f5f-4b72-9bd9-db11716f47fd
901,113500,29.530253171920776,1.0,1.0,1.0,0.9951079999999999,0.0,0.0,0.0,0.0,0.0,0.0,0.0,0.0,0.0,0.0,0.0,0.0,0.0,0.0,0.0025,0.9975,0.04905748079471862,1885,0.00043347643731833294,3.1569529825993323e-07,9.494797423565248e-05,16,20,False,0.995,0.005,0.66,fixed,100,none,e7f9ddb3-8f5f-4b72-9bd9-db11716f47fd
902,113600,29.548712968826294,1.0,1.0,1.0,0.9951079999999999,0.0,0.0,0.0,0.0,0.0,0.0,0.0,0.0,0.0,0.0,0.0,0.0,0.0,0.0,0.0025,0.9975,0.04905748079471862,1885,0.00043280528314593533,3.151381092700756e-07,9.480095272140655e-05,16,20,False,0.995,0.005,0.66,fixed,100,none,e7f9ddb3-8f5f-4b72-9bd9-db11716f47fd
903,113900,29.567306756973267,1.0,1.0,1.0,0.9951079999999999,0.0,0.0,0.0,0.0,0.0,0.0,0.0,0.0,0.0,0.0,0.0,0.0,0.0,0.0,0.0025,0.9975,0.049057480794718625,1885,0.0004330383380343938,3.166894330228976e-07,9.485226318800315e-05,16,20,False,0.995,0.005,0.66,fixed,100,none,e7f9ddb3-8f5f-4b72-9bd9-db11716f47fd
904,114000,29.585810899734497,1.0,1.0,1.0,0.9951079999999999,0.0,0.0,0.0,0.0,0.0,0.0,0.0,0.0,0.0,0.0,0.0,0.0,0.0,0.0,0.0025,0.9975,0.049057480794718625,1885,0.00043291543480063,3.1685249226049256e-07,9.48253906513874e-05,16,20,False,0.995,0.005,0.66,fixed,100,none,e7f9ddb3-8f5f-4b72-9bd9-db11716f47fd
905,114200,29.604405641555786,1.0,1.0,1.0,0.9951079999999999,0.0,0.0,0.0,0.0,0.0,0.0,0.0,0.0,0.0,0.0,0.0,0.0,0.0,0.0,0.0025,0.9975,0.04944767934874782,1884,0.00043406597779261215,3.1716920312752266e-07,9.507730468739703e-05,16,20,False,0.995,0.005,0.66,fixed,100,none,e7f9ddb3-8f5f-4b72-9bd9-db11716f47fd
906,114300,29.62328815460205,1.0,1.0,1.0,0.9951079999999999,0.0,0.0,0.0,0.0,0.0,0.0,0.0,0.0,0.0,0.0,0.0,0.0,0.0,0.0,0.0025,0.9975,0.04944767934874782,1884,0.0004335881863929297,3.1627050023069093e-07,9.497254539645614e-05,16,20,False,0.995,0.005,0.66,fixed,100,none,e7f9ddb3-8f5f-4b72-9bd9-db11716f47fd
907,114600,29.642026901245117,1.0,1.0,1.0,0.9951079999999999,0.0,0.0,0.0,0.0,0.0,0.0,0.0,0.0,0.0,0.0,0.0,0.0,0.0,0.0,0.0025,0.9975,0.049057480794718625,1885,0.0004338028534681434,3.149988051862547e-07,9.501929439716198e-05,16,20,False,0.995,0.005,0.66,fixed,100,none,e7f9ddb3-8f5f-4b72-9bd9-db11716f47fd
908,114700,29.66067671775818,1.0,1.0,1.0,0.9951079999999999,0.0,0.0,0.0,0.0,0.0,0.0,0.0,0.0,0.0,0.0,0.0,0.0,0.0,0.0,0.0025,0.9975,0.049057480794718625,1885,0.0004338028534681434,3.149988051862547e-07,9.501929439716198e-05,16,20,False,0.995,0.005,0.66,fixed,100,none,e7f9ddb3-8f5f-4b72-9bd9-db11716f47fd
909,115000,29.67916774749756,1.0,1.0,1.0,0.9951079999999999,0.0,0.0,0.0,0.0,0.0,0.0,0.0,0.0,0.0,0.0,0.0,0.0,0.0,0.0,0.0025,0.9975,0.04944767934874782,1884,0.00043470351061556805,3.166855944712534e-07,9.521676873669739e-05,16,20,False,0.995,0.005,0.66,fixed,100,none,e7f9ddb3-8f5f-4b72-9bd9-db11716f47fd
910,115100,29.697946786880493,1.0,1.0,1.0,0.9951079999999999,0.0,0.0,0.0,0.0,0.0,0.0,0.0,0.0,0.0,0.0,0.0,0.0,0.0,0.0,0.0025,0.9975,0.04944767934874782,1884,0.000434718730310128,3.1776953365834515e-07,9.522030627628211e-05,16,20,False,0.995,0.005,0.66,fixed,100,none,e7f9ddb3-8f5f-4b72-9bd9-db11716f47fd
911,115200,29.716577529907227,1.0,1.0,1.0,0.9951079999999999,0.0,0.0,0.0,0.0,0.0,0.0,0.0,0.0,0.0,0.0,0.0,0.0,0.0,0.0,0.0025,0.9975,0.049057480794718625,1885,0.00043533018743993596,3.178760667051682e-07,9.535417448327597e-05,16,20,False,0.995,0.005,0.66,fixed,100,none,e7f9ddb3-8f5f-4b72-9bd9-db11716f47fd
912,115300,29.73505687713623,1.0,1.0,1.0,0.9951079999999999,0.0,0.0,0.0,0.0,0.0,0.0,0.0,0.0,0.0,0.0,0.0,0.0,0.0,0.0,0.0025,0.9975,0.04944767934874782,1884,0.00043424257787286197,3.1599447011020923e-07,9.511573924569043e-05,16,20,False,0.995,0.005,0.66,fixed,100,none,e7f9ddb3-8f5f-4b72-9bd9-db11716f47fd
913,115400,29.753287076950073,1.0,1.0,1.0,0.9951079999999999,0.0,0.0,0.0,0.0,0.0,0.0,0.0,0.0,0.0,0.0,0.0,0.0,0.0,0.0,0.0025,0.9975,0.04944767934874782,1884,0.0004342329411404643,3.1604672466001787e-07,9.511363969333304e-05,16,20,False,0.995,0.005,0.66,fixed,100,none,e7f9ddb3-8f5f-4b72-9bd9-db11716f47fd
914,115700,29.77157711982727,1.0,1.0,1.0,0.9951079999999999,0.0,0.0,0.0,0.0,0.0,0.0,0.0,0.0,0.0,0.0,0.0,0.0,0.0,0.0,0.0025,0.9975,0.04944767934874782,1884,0.0004355380663387347,3.17570322235119e-07,9.53996210827737e-05,16,20,False,0.995,0.005,0.66,fixed,100,none,e7f9ddb3-8f5f-4b72-9bd9-db11716f47fd
915,115800,29.789775609970093,1.0,1.0,1.0,0.9951079999999999,0.0,0.0,0.0,0.0,0.0,0.0,0.0,0.0,0.0,0.0,0.0,0.0,0.0,0.0,0.0025,0.9975,0.04944767934874782,1884,0.0004357768748830564,3.181715571446783e-07,9.545201050775853e-05,16,20,False,0.995,0.005,0.66,fixed,100,none,e7f9ddb3-8f5f-4b72-9bd9-db11716f47fd
916,116000,29.80808448791504,1.0,1.0,1.0,0.9951079999999999,0.0,0.0,0.0,0.0,0.0,0.0,0.0,0.0,0.0,0.0,0.0,0.0,0.0,0.0,0.0025,0.9975,0.049057480794718625,1885,0.0004384089098201406,3.207487679870479e-07,9.602865262554632e-05,16,20,False,0.995,0.005,0.66,fixed,100,none,e7f9ddb3-8f5f-4b72-9bd9-db11716f47fd
917,116100,29.826228857040405,1.0,1.0,1.0,0.9951079999999999,0.0,0.0,0.0,0.0,0.0,0.0,0.0,0.0,0.0,0.0,0.0,0.0,0.0,0.0,0.0025,0.9975,0.049057480794718625,1885,0.0004388796065899319,3.2104969746140033e-07,9.613174532505376e-05,16,20,False,0.995,0.005,0.66,fixed,100,none,e7f9ddb3-8f5f-4b72-9bd9-db11716f47fd
918,116200,29.84436821937561,1.0,1.0,1.0,0.9951079999999999,0.0,0.0,0.0,0.0,0.0,0.0,0.0,0.0,0.0,0.0,0.0,0.0,0.0,0.0,0.0025,0.9975,0.049057480794718625,1885,0.0004388796065899319,3.2104969746140033e-07,9.613174532505376e-05,16,20,False,0.995,0.005,0.66,fixed,100,none,e7f9ddb3-8f5f-4b72-9bd9-db11716f47fd
919,116400,29.86245608329773,1.0,1.0,1.0,0.9951079999999999,0.0,0.0,0.0,0.0,0.0,0.0,0.0,0.0,0.0,0.0,0.0,0.0,0.0,0.0,0.0025,0.9975,0.04866627722187674,1886,0.000441707045096557,3.2420235935101616e-07,9.675127061991303e-05,16,20,False,0.995,0.005,0.66,fixed,100,none,e7f9ddb3-8f5f-4b72-9bd9-db11716f47fd
920,116500,29.880771160125732,1.0,1.0,1.0,0.9951079999999999,0.0,0.0,0.0,0.0,0.0,0.0,0.0,0.0,0.0,0.0,0.0,0.0,0.0,0.0,0.0025,0.9975,0.049057480794718625,1885,0.0004415979487726545,3.2396947028955995e-07,9.67273451856891e-05,16,20,False,0.995,0.005,0.66,fixed,100,none,e7f9ddb3-8f5f-4b72-9bd9-db11716f47fd
921,116800,29.89908218383789,1.0,1.0,1.0,0.9951079999999999,0.0,0.0,0.0,0.0,0.0,0.0,0.0,0.0,0.0,0.0,0.0,0.0,0.0,0.0,0.0025,0.9975,0.04866627722187673,1886,0.000442729139861976,3.255481831206293e-07,9.697526287057947e-05,16,20,False,0.995,0.005,0.66,fixed,100,none,e7f9ddb3-8f5f-4b72-9bd9-db11716f47fd
922,116900,29.917413473129272,1.0,1.0,1.0,0.9951079999999999,0.0,0.0,0.0,0.0,0.0,0.0,0.0,0.0,0.0,0.0,0.0,0.0,0.0,0.0,0.0025,0.9975,0.04866627722187673,1886,0.0004437615422076621,3.265872798581138e-07,9.720145317243028e-05,16,20,False,0.995,0.005,0.66,fixed,100,none,e7f9ddb3-8f5f-4b72-9bd9-db11716f47fd
923,117000,29.935461282730103,1.0,1.0,1.0,0.9951079999999999,0.0,0.0,0.0,0.0,0.0,0.0,0.0,0.0,0.0,0.0,0.0,0.0,0.0,0.0,0.0025,0.9975,0.04866627722187673,1886,0.0004429737266754325,3.2603761982029637e-07,9.702889591701803e-05,16,20,False,0.995,0.005,0.66,fixed,100,none,e7f9ddb3-8f5f-4b72-9bd9-db11716f47fd
924,117100,29.953555822372437,1.0,1.0,1.0,0.9951079999999999,0.0,0.0,0.0,0.0,0.0,0.0,0.0,0.0,0.0,0.0,0.0,0.0,0.0,0.0,0.0025,0.9975,0.04827406863022217,1887,0.0004426424458669795,3.2582930971687165e-07,9.695633896912802e-05,16,20,False,0.995,0.005,0.66,fixed,100,none,e7f9ddb3-8f5f-4b72-9bd9-db11716f47fd
925,117200,29.973723649978638,1.0,1.0,1.0,0.9951079999999999,0.0,0.0,0.0,0.0,0.0,0.0,0.0,0.0,0.0,0.0,0.0,0.0,0.0,0.0,0.0025,0.9975,0.04827406863022217,1887,0.0004436784879789938,3.270878529333915e-07,9.718336771065909e-05,16,20,False,0.995,0.005,0.66,fixed,100,none,e7f9ddb3-8f5f-4b72-9bd9-db11716f47fd
926,117500,29.991896867752075,1.0,1.0,1.0,0.9951079999999999,0.0,0.0,0.0,0.0,0.0,0.0,0.0,0.0,0.0,0.0,0.0,0.0,0.0,0.0,0.0025,0.9975,0.04866627722187674,1886,0.0004459395056884048,3.3227382721848183e-07,9.767928982236332e-05,16,20,False,0.995,0.005,0.66,fixed,100,none,e7f9ddb3-8f5f-4b72-9bd9-db11716f47fd
927,117600,30.009925365447998,1.0,1.0,1.0,0.9951079999999999,0.0,0.0,0.0,0.0,0.0,0.0,0.0,0.0,0.0,0.0,0.0,0.0,0.0,0.0,0.0025,0.9975,0.049057480794718625,1885,0.00044432147190863437,3.3206156795663095e-07,9.732506189871183e-05,16,20,False,0.995,0.005,0.66,fixed,100,none,e7f9ddb3-8f5f-4b72-9bd9-db11716f47fd
928,117800,30.028019666671753,1.0,1.0,1.0,0.9951079999999999,0.0,0.0,0.0,0.0,0.0,0.0,0.0,0.0,0.0,0.0,0.0,0.0,0.0,0.0,0.0025,0.9975,0.049057480794718625,1885,0.00044630571711647924,3.3524521984037697e-07,9.776001806856699e-05,16,20,False,0.995,0.005,0.66,fixed,100,none,e7f9ddb3-8f5f-4b72-9bd9-db11716f47fd
929,117900,30.046140670776367,1.0,1.0,1.0,0.9951079999999999,0.0,0.0,0.0,0.0,0.0,0.0,0.0,0.0,0.0,0.0,0.0,0.0,0.0,0.0,0.0025,0.9975,0.049057480794718625,1885,0.00044561275937242005,3.3411882775238137e-07,9.760811560389571e-05,16,20,False,0.995,0.005,0.66,fixed,100,none,e7f9ddb3-8f5f-4b72-9bd9-db11716f47fd
930,118000,30.0643413066864,1.0,1.0,1.0,0.9951079999999999,0.0,0.0,0.0,0.0,0.0,0.0,0.0,0.0,0.0,0.0,0.0,0.0,0.0,0.0,0.0025,0.9975,0.049057480794718625,1885,0.0004454683313820011,3.341160377528749e-07,9.757649978669309e-05,16,20,False,0.995,0.005,0.66,fixed,100,none,e7f9ddb3-8f5f-4b72-9bd9-db11716f47fd
931,118100,30.082305908203125,1.0,1.0,1.0,0.9951079999999999,0.0,0.0,0.0,0.0,0.0,0.0,0.0,0.0,0.0,0.0,0.0,0.0,0.0,0.0,0.0025,0.9975,0.049057480794718625,1885,0.0004456524235449125,3.3467793209400895e-07,9.761690432107921e-05,16,20,False,0.995,0.005,0.66,fixed,100,none,e7f9ddb3-8f5f-4b72-9bd9-db11716f47fd
932,118200,30.100327014923096,1.0,1.0,1.0,0.9951079999999999,0.0,0.0,0.0,0.0,0.0,0.0,0.0,0.0,0.0,0.0,0.0,0.0,0.0,0.0,0.0025,0.9975,0.049057480794718625,1885,0.00044548061597754046,3.355651465805513e-07,9.75794642153339e-05,16,20,False,0.995,0.005,0.66,fixed,100,none,e7f9ddb3-8f5f-4b72-9bd9-db11716f47fd
933,118300,30.118338108062744,1.0,1.0,1.0,0.9951079999999999,0.0,0.0,0.0,0.0,0.0,0.0,0.0,0.0,0.0,0.0,0.0,0.0,0.0,0.0,0.0025,0.9975,0.04866627722187674,1886,0.00044551042178497883,3.356775550470379e-07,9.75860100641908e-05,16,20,False,0.995,0.005,0.66,fixed,100,none,e7f9ddb3-8f5f-4b72-9bd9-db11716f47fd
934,118600,30.13663387298584,1.0,1.0,1.0,0.9951079999999999,0.0,0.0,0.0,0.0,0.0,0.0,0.0,0.0,0.0,0.0,0.0,0.0,0.0,0.0,0.0025,0.9975,0.049057480794718625,1885,0.00044404738919237406,3.3418413968160283e-07,9.726546848075019e-05,16,20,False,0.995,0.005,0.66,fixed,100,none,e7f9ddb3-8f5f-4b72-9bd9-db11716f47fd
935,118700,30.154791593551636,1.0,1.0,1.0,0.9951079999999999,0.0,0.0,0.0,0.0,0.0,0.0,0.0,0.0,0.0,0.0,0.0,0.0,0.0,0.0,0.0025,0.9975,0.049057480794718625,1885,0.0004443185790724859,3.341779398545789e-07,9.732483076753954e-05,16,20,False,0.995,0.005,0.66,fixed,100,none,e7f9ddb3-8f5f-4b72-9bd9-db11716f47fd
936,118900,30.1728732585907,1.0,1.0,1.0,0.9951079999999999,0.0,0.0,0.0,0.0,0.0,0.0,0.0,0.0,0.0,0.0,0.0,0.0,0.0,0.0,0.0025,0.9975,0.049057480794718625,1885,0.00044349888570516596,3.3241031681857235e-07,9.714506404105637e-05,16,20,False,0.995,0.005,0.66,fixed,100,none,e7f9ddb3-8f5f-4b72-9bd9-db11716f47fd
937,119000,30.19078540802002,1.0,1.0,1.0,0.9951079999999999,0.0,0.0,0.0,0.0,0.0,0.0,0.0,0.0,0.0,0.0,0.0,0.0,0.0,0.0,0.0025,0.9975,0.049057480794718625,1885,0.0004416965794058067,3.312862813366126e-07,9.675032562538505e-05,16,20,False,0.995,0.005,0.66,fixed,100,none,e7f9ddb3-8f5f-4b72-9bd9-db11716f47fd
938,119100,30.208941221237183,1.0,1.0,1.0,0.9951079999999999,0.0,0.0,0.0,0.0,0.0,0.0,0.0,0.0,0.0,0.0,0.0,0.0,0.0,0.0,0.0025,0.9975,0.04866627722187673,1886,0.0004412485915146197,3.3046256322295727e-07,9.665210456956263e-05,16,20,False,0.995,0.005,0.66,fixed,100,none,e7f9ddb3-8f5f-4b72-9bd9-db11716f47fd
939,119300,30.22711992263794,1.0,1.0,1.0,0.9951079999999999,0.0,0.0,0.0,0.0,0.0,0.0,0.0,0.0,0.0,0.0,0.0,0.0,0.0,0.0,0.0025,0.9975,0.049447679348747824,1884,0.000440237615056377,3.2972480965174044e-07,9.643066164967476e-05,16,20,False,0.995,0.005,0.66,fixed,100,none,e7f9ddb3-8f5f-4b72-9bd9-db11716f47fd
940,119400,30.245227813720703,1.0,1.0,1.0,0.9951079999999999,0.0,0.0,0.0,0.0,0.0,0.0,0.0,0.0,0.0,0.0,0.0,0.0,0.0,0.0,0.0025,0.9975,0.049447679348747824,1884,0.0004400616959319383,3.2950508711687155e-07,9.639211120605352e-05,16,20,False,0.995,0.005,0.66,fixed,100,none,e7f9ddb3-8f5f-4b72-9bd9-db11716f47fd
941,119600,30.263240337371826,1.0,1.0,1.0,0.9951079999999999,0.0,0.0,0.0,0.0,0.0,0.0,0.0,0.0,0.0,0.0,0.0,0.0,0.0,0.0,0.0025,0.9975,0.049447679348747824,1884,0.0004406220450559378,3.279131173338846e-07,9.651446915503824e-05,16,20,False,0.995,0.005,0.66,fixed,100,none,e7f9ddb3-8f5f-4b72-9bd9-db11716f47fd
942,119700,30.281421661376953,1.0,1.0,1.0,0.9951079999999999,0.0,0.0,0.0,0.0,0.0,0.0,0.0,0.0,0.0,0.0,0.0,0.0,0.0,0.0,0.0025,0.9975,0.049057480794718625,1885,0.0004393056514384334,3.2669720925686006e-07,9.622607956963187e-05,16,20,False,0.995,0.005,0.66,fixed,100,none,e7f9ddb3-8f5f-4b72-9bd9-db11716f47fd
943,120000,30.299567222595215,1.0,1.0,1.0,0.9951079999999999,0.0,0.0,0.0,0.0,0.0,0.0,0.0,0.0,0.0,0.0,0.0,0.0,0.0,0.0,0.0025,0.9975,0.04866627722187673,1886,0.00043968981486597157,3.2813469944742336e-07,9.63104460670562e-05,16,20,False,0.995,0.005,0.66,fixed,100,none,e7f9ddb3-8f5f-4b72-9bd9-db11716f47fd
944,120100,30.317810773849487,1.0,1.0,1.0,0.9951079999999999,0.0,0.0,0.0,0.0,0.0,0.0,0.0,0.0,0.0,0.0,0.0,0.0,0.0,0.0,0.0025,0.9975,0.04866627722187673,1886,0.00044021927520388046,3.2656760558563714e-07,9.642604718719071e-05,16,20,False,0.995,0.005,0.66,fixed,100,none,e7f9ddb3-8f5f-4b72-9bd9-db11716f47fd
945,120400,30.336198806762695,1.0,1.0,1.0,0.9951079999999999,0.0,0.0,0.0,0.0,0.0,0.0,0.0,0.0,0.0,0.0,0.0,0.0,0.0,0.0,0.0025,0.9975,0.04866627722187673,1886,0.00044153886692920274,3.2895549214975247e-07,9.671535951431094e-05,16,20,False,0.995,0.005,0.66,fixed,100,none,e7f9ddb3-8f5f-4b72-9bd9-db11716f47fd
946,120500,30.354161977767944,1.0,1.0,1.0,0.9951079999999999,0.0,0.0,0.0,0.0,0.0,0.0,0.0,0.0,0.0,0.0,0.0,0.0,0.0,0.0,0.0025,0.9975,0.04866627722187673,1886,0.0004409780423599618,3.287980933682561e-07,9.659256511033561e-05,16,20,False,0.995,0.005,0.66,fixed,100,none,e7f9ddb3-8f5f-4b72-9bd9-db11716f47fd
947,120700,30.372251510620117,1.0,1.0,1.0,0.9951079999999999,0.0,0.0,0.0,0.0,0.0,0.0,0.0,0.0,0.0,0.0,0.0,0.0,0.0,0.0,0.0025,0.9975,0.04866627722187673,1886,0.0004390129227209071,3.260651528343692e-07,9.616188116264509e-05,16,20,False,0.995,0.005,0.66,fixed,100,none,e7f9ddb3-8f5f-4b72-9bd9-db11716f47fd
948,120800,30.390515327453613,1.0,1.0,1.0,0.9951079999999999,0.0,0.0,0.0,0.0,0.0,0.0,0.0,0.0,0.0,0.0,0.0,0.0,0.0,0.0,0.0025,0.9975,0.04866627722187673,1886,0.00043942478005112753,3.2611739339035405e-07,9.625204665793598e-05,16,20,False,0.995,0.005,0.66,fixed,100,none,e7f9ddb3-8f5f-4b72-9bd9-db11716f47fd
949,120900,30.40877938270569,1.0,1.0,1.0,0.9951079999999999,0.0,0.0,0.0,0.0,0.0,0.0,0.0,0.0,0.0,0.0,0.0,0.0,0.0,0.0,0.0025,0.9975,0.04866627722187673,1886,0.00043947166752977135,3.266368552104889e-07,9.626240902475694e-05,16,20,False,0.995,0.005,0.66,fixed,100,none,e7f9ddb3-8f5f-4b72-9bd9-db11716f47fd
950,121000,30.42674493789673,1.0,1.0,1.0,0.9951079999999999,0.0,0.0,0.0,0.0,0.0,0.0,0.0,0.0,0.0,0.0,0.0,0.0,0.0,0.0,0.0025,0.9975,0.04866627722187673,1886,0.00043964581547686904,3.259098363158682e-07,9.630039187678666e-05,16,20,False,0.995,0.005,0.66,fixed,100,none,e7f9ddb3-8f5f-4b72-9bd9-db11716f47fd
951,121100,30.445255994796753,1.0,1.0,1.0,0.9951079999999999,0.0,0.0,0.0,0.0,0.0,0.0,0.0,0.0,0.0,0.0,0.0,0.0,0.0,0.0,0.0025,0.9975,0.04866627722187673,1886,0.00043842985905142575,3.2501164300827874e-07,9.603404835852868e-05,16,20,False,0.995,0.005,0.66,fixed,100,none,e7f9ddb3-8f5f-4b72-9bd9-db11716f47fd
952,121200,30.463380098342896,1.0,1.0,1.0,0.9951079999999999,0.0,0.0,0.0,0.0,0.0,0.0,0.0,0.0,0.0,0.0,0.0,0.0,0.0,0.0,0.0025,0.9975,0.049057480794718625,1885,0.0004393029270930061,3.271862032607111e-07,9.622557611927857e-05,16,20,False,0.995,0.005,0.66,fixed,100,none,e7f9ddb3-8f5f-4b72-9bd9-db11716f47fd
953,121400,30.481557607650757,1.0,1.0,1.0,0.9951079999999999,0.0,0.0,0.0,0.0,0.0,0.0,0.0,0.0,0.0,0.0,0.0,0.0,0.0,0.0,0.0025,0.9975,0.04866627722187673,1886,0.00044160746723786483,3.283121181444184e-07,9.673025388081606e-05,16,20,False,0.995,0.005,0.66,fixed,100,none,e7f9ddb3-8f5f-4b72-9bd9-db11716f47fd
954,121500,30.49960231781006,1.0,1.0,1.0,0.9951079999999999,0.0,0.0,0.0,0.0,0.0,0.0,0.0,0.0,0.0,0.0,0.0,0.0,0.0,0.0,0.0025,0.9975,0.04866627722187673,1886,0.00044160746723786483,3.283121181444184e-07,9.673025388081606e-05,16,20,False,0.995,0.005,0.66,fixed,100,none,e7f9ddb3-8f5f-4b72-9bd9-db11716f47fd
955,121800,30.517500638961792,1.0,1.0,1.0,0.9951079999999999,0.0,0.0,0.0,0.0,0.0,0.0,0.0,0.0,0.0,0.0,0.0,0.0,0.0,0.0,0.0025,0.9975,0.049057480794718625,1885,0.0004437101438497409,3.291699638947217e-07,9.71906927818483e-05,16,20,False,0.995,0.005,0.66,fixed,100,none,e7f9ddb3-8f5f-4b72-9bd9-db11716f47fd
956,121900,30.535512447357178,1.0,1.0,1.0,0.9951079999999999,0.0,0.0,0.0,0.0,0.0,0.0,0.0,0.0,0.0,0.0,0.0,0.0,0.0,0.0,0.0025,0.9975,0.049447679348747824,1884,0.00044345531461916166,3.2948544305754134e-07,9.713497060431542e-05,16,20,False,0.995,0.005,0.66,fixed,100,none,e7f9ddb3-8f5f-4b72-9bd9-db11716f47fd
957,122000,30.553781270980835,1.0,1.0,1.0,0.9951079999999999,0.0,0.0,0.0,0.0,0.0,0.0,0.0,0.0,0.0,0.0,0.0,0.0,0.0,0.0,0.0025,0.9975,0.049447679348747824,1884,0.00044408816049591753,3.3024186822723016e-07,9.727364428751954e-05,16,20,False,0.995,0.005,0.66,fixed,100,none,e7f9ddb3-8f5f-4b72-9bd9-db11716f47fd
958,122200,30.57243776321411,1.0,1.0,1.0,0.9951079999999999,0.0,0.0,0.0,0.0,0.0,0.0,0.0,0.0,0.0,0.0,0.0,0.0,0.0,0.0,0.0025,0.9975,0.049447679348747824,1884,0.00044420343733501304,3.324442541236935e-07,9.729929684091786e-05,16,20,False,0.995,0.005,0.66,fixed,100,none,e7f9ddb3-8f5f-4b72-9bd9-db11716f47fd
959,122300,30.590826749801636,1.0,1.0,1.0,0.9951079999999999,0.0,0.0,0.0,0.0,0.0,0.0,0.0,0.0,0.0,0.0,0.0,0.0,0.0,0.0,0.0025,0.9975,0.04866627722187673,1886,0.0004442943256806551,3.3307758930728286e-07,9.731931263346379e-05,16,20,False,0.995,0.005,0.66,fixed,100,none,e7f9ddb3-8f5f-4b72-9bd9-db11716f47fd
960,122500,30.60930848121643,1.0,1.0,1.0,0.9951079999999999,0.0,0.0,0.0,0.0,0.0,0.0,0.0,0.0,0.0,0.0,0.0,0.0,0.0,0.0,0.0025,0.9975,0.049057480794718625,1885,0.00044379668780098115,3.3371722715321767e-07,9.721050123279389e-05,16,20,False,0.995,0.005,0.66,fixed,100,none,e7f9ddb3-8f5f-4b72-9bd9-db11716f47fd
961,122600,30.627562761306763,1.0,1.0,1.0,0.9951079999999999,0.0,0.0,0.0,0.0,0.0,0.0,0.0,0.0,0.0,0.0,0.0,0.0,0.0,0.0,0.0025,0.9975,0.04866627722187673,1886,0.00044317400467251927,3.337064793520061e-07,9.707419385389135e-05,16,20,False,0.995,0.005,0.66,fixed,100,none,e7f9ddb3-8f5f-4b72-9bd9-db11716f47fd
962,122900,30.6460440158844,1.0,1.0,1.0,0.9951079999999999,0.0,0.0,0.0,0.0,0.0,0.0,0.0,0.0,0.0,0.0,0.0,0.0,0.0,0.0,0.0025,0.9975,0.04866627722187673,1886,0.00044403347271793124,3.361242294005657e-07,9.726279078154126e-05,16,20,False,0.995,0.005,0.66,fixed,100,none,e7f9ddb3-8f5f-4b72-9bd9-db11716f47fd
963,123000,30.664337158203125,1.0,1.0,1.0,0.9951079999999999,0.0,0.0,0.0,0.0,0.0,0.0,0.0,0.0,0.0,0.0,0.0,0.0,0.0,0.0,0.0025,0.9975,0.048274068630222176,1887,0.0004442938951409009,3.380540247196555e-07,9.732016391103994e-05,16,20,False,0.995,0.005,0.66,fixed,100,none,e7f9ddb3-8f5f-4b72-9bd9-db11716f47fd
964,123200,30.682440996170044,1.0,1.0,1.0,0.9951079999999999,0.0,0.0,0.0,0.0,0.0,0.0,0.0,0.0,0.0,0.0,0.0,0.0,0.0,0.0,0.0025,0.9975,0.04866627722187673,1886,0.00044424531877590824,3.3783360018613876e-07,9.730948866408169e-05,16,20,False,0.995,0.005,0.66,fixed,100,none,e7f9ddb3-8f5f-4b72-9bd9-db11716f47fd
965,123300,30.70054578781128,1.0,1.0,1.0,0.9951079999999999,0.0,0.0,0.0,0.0,0.0,0.0,0.0,0.0,0.0,0.0,0.0,0.0,0.0,0.0,0.0025,0.9975,0.04866627722187675,1886,0.000443863905490357,3.3725045535409835e-07,9.722588649835643e-05,16,20,False,0.995,0.005,0.66,fixed,100,none,e7f9ddb3-8f5f-4b72-9bd9-db11716f47fd
966,123600,30.718872547149658,1.0,1.0,1.0,0.9951079999999999,0.0,0.0,0.0,0.0,0.0,0.0,0.0,0.0,0.0,0.0,0.0,0.0,0.0,0.0,0.0025,0.9975,0.048274068630222176,1887,0.0004447757136146629,3.391947415522101e-07,9.742585071114465e-05,16,20,False,0.995,0.005,0.66,fixed,100,none,e7f9ddb3-8f5f-4b72-9bd9-db11716f47fd
967,123700,30.737151384353638,1.0,1.0,1.0,0.9951079999999999,0.0,0.0,0.0,0.0,0.0,0.0,0.0,0.0,0.0,0.0,0.0,0.0,0.0,0.0,0.0025,0.9975,0.048274068630222176,1887,0.0004442230838164849,3.395638513050147e-07,9.73049501791765e-05,16,20,False,0.995,0.005,0.66,fixed,100,none,e7f9ddb3-8f5f-4b72-9bd9-db11716f47fd
968,124000,30.755457401275635,1.0,1.0,1.0,0.9951079999999999,0.0,0.0,0.0,0.0,0.0,0.0,0.0,0.0,0.0,0.0,0.0,0.0,0.0,0.0,0.0025,0.9975,0.04866627722187673,1886,0.0004441547162710768,3.400545071335307e-07,9.729007774809408e-05,16,20,False,0.995,0.005,0.66,fixed,100,none,e7f9ddb3-8f5f-4b72-9bd9-db11716f47fd
969,124100,30.77388882637024,1.0,1.0,1.0,0.9951079999999999,0.0,0.0,0.0,0.0,0.0,0.0,0.0,0.0,0.0,0.0,0.0,0.0,0.0,0.0,0.0025,0.9975,0.04866627722187673,1886,0.0004441547162710768,3.400545071335307e-07,9.729007774809408e-05,16,20,False,0.995,0.005,0.66,fixed,100,none,e7f9ddb3-8f5f-4b72-9bd9-db11716f47fd
970,124300,30.792221784591675,1.0,1.0,1.0,0.9951079999999999,0.0,0.0,0.0,0.0,0.0,0.0,0.0,0.0,0.0,0.0,0.0,0.0,0.0,0.0,0.0025,0.9975,0.048274068630222176,1887,0.00044581146978689917,3.418540239997937e-07,9.76530830009122e-05,16,20,False,0.995,0.005,0.66,fixed,100,none,e7f9ddb3-8f5f-4b72-9bd9-db11716f47fd
971,124400,30.810530185699463,1.0,1.0,1.0,0.9951079999999999,0.0,0.0,0.0,0.0,0.0,0.0,0.0,0.0,0.0,0.0,0.0,0.0,0.0,0.0,0.0025,0.9975,0.047880855019754906,1888,0.00044485869889364615,3.405222068476576e-07,9.744426840712019e-05,16,20,False,0.995,0.005,0.66,fixed,100,none,e7f9ddb3-8f5f-4b72-9bd9-db11716f47fd
972,124700,30.828847885131836,1.0,1.0,1.0,0.9951079999999999,0.0,0.0,0.0,0.0,0.0,0.0,0.0,0.0,0.0,0.0,0.0,0.0,0.0,0.0,0.0025,0.9975,0.04866627722187673,1886,0.00044569632914795833,3.4009119763964246e-07,9.762754377803962e-05,16,20,False,0.995,0.005,0.66,fixed,100,none,e7f9ddb3-8f5f-4b72-9bd9-db11716f47fd
973,124800,30.846940755844116,1.0,1.0,1.0,0.9951079999999999,0.0,0.0,0.0,0.0,0.0,0.0,0.0,0.0,0.0,0.0,0.0,0.0,0.0,0.0,0.0025,0.9975,0.04866627722187673,1886,0.00044513540536575066,3.4017702788744794e-07,9.750477386986144e-05,16,20,False,0.995,0.005,0.66,fixed,100,none,e7f9ddb3-8f5f-4b72-9bd9-db11716f47fd
974,125000,30.86507797241211,1.0,1.0,1.0,0.9951079999999999,0.0,0.0,0.0,0.0,0.0,0.0,0.0,0.0,0.0,0.0,0.0,0.0,0.0,0.0,0.0025,0.9975,0.04866627722187673,1886,0.00044523683646963336,3.4100216921171295e-07,9.752713391535297e-05,16,20,False,0.995,0.005,0.66,fixed,100,none,e7f9ddb3-8f5f-4b72-9bd9-db11716f47fd
975,125100,30.88328790664673,1.0,1.0,1.0,0.9951079999999999,0.0,0.0,0.0,0.0,0.0,0.0,0.0,0.0,0.0,0.0,0.0,0.0,0.0,0.0,0.0025,0.9975,0.04866627722187673,1886,0.0004455329937766307,3.4153451422299866e-07,9.759206389540684e-05,16,20,False,0.995,0.005,0.66,fixed,100,none,e7f9ddb3-8f5f-4b72-9bd9-db11716f47fd
976,125400,30.901556253433228,1.0,1.0,1.0,0.9951079999999999,0.0,0.0,0.0,0.0,0.0,0.0,0.0,0.0,0.0,0.0,0.0,0.0,0.0,0.0,0.0025,0.9975,0.049057480794718625,1885,0.00044442198703344106,3.401162911502709e-07,9.734859505693881e-05,16,20,False,0.995,0.005,0.66,fixed,100,none,e7f9ddb3-8f5f-4b72-9bd9-db11716f47fd
977,125500,30.91966962814331,1.0,1.0,1.0,0.9951079999999999,0.0,0.0,0.0,0.0,0.0,0.0,0.0,0.0,0.0,0.0,0.0,0.0,0.0,0.0,0.0025,0.9975,0.04866627722187673,1886,0.00044308670190448547,3.386065493400821e-07,9.705601429126648e-05,16,20,False,0.995,0.005,0.66,fixed,100,none,e7f9ddb3-8f5f-4b72-9bd9-db11716f47fd
978,125800,30.937698364257812,1.0,1.0,1.0,0.9951079999999999,0.0,0.0,0.0,0.0,0.0,0.0,0.0,0.0,0.0,0.0,0.0,0.0,0.0,0.0,0.0025,0.9975,0.049057480794718625,1885,0.0004445968235573513,3.3976462181967156e-07,9.738679995484994e-05,16,20,False,0.995,0.005,0.66,fixed,100,none,e7f9ddb3-8f5f-4b72-9bd9-db11716f47fd
979,125900,30.955797910690308,1.0,1.0,1.0,0.9951079999999999,0.0,0.0,0.0,0.0,0.0,0.0,0.0,0.0,0.0,0.0,0.0,0.0,0.0,0.0,0.0025,0.9975,0.04866627722187673,1886,0.00044472177736008757,3.4017108475603373e-07,9.741422957022683e-05,16,20,False,0.995,0.005,0.66,fixed,100,none,e7f9ddb3-8f5f-4b72-9bd9-db11716f47fd
980,126000,30.974112272262573,1.0,1.0,1.0,0.9951079999999999,0.0,0.0,0.0,0.0,0.0,0.0,0.0,0.0,0.0,0.0,0.0,0.0,0.0,0.0,0.0025,0.9975,0.04866627722187673,1886,0.0004443816111114257,3.4020106572368614e-07,9.733977287477859e-05,16,20,False,0.995,0.005,0.66,fixed,100,none,e7f9ddb3-8f5f-4b72-9bd9-db11716f47fd
981,126100,30.9924578666687,1.0,1.0,1.0,0.9951079999999999,0.0,0.0,0.0,0.0,0.0,0.0,0.0,0.0,0.0,0.0,0.0,0.0,0.0,0.0,0.0025,0.9975,0.049057480794718625,1885,0.00044441130779714023,3.3979231985474677e-07,9.73461958175664e-05,16,20,False,0.995,0.005,0.66,fixed,100,none,e7f9ddb3-8f5f-4b72-9bd9-db11716f47fd
982,126200,31.010655403137207,1.0,1.0,1.0,0.9951079999999999,0.0,0.0,0.0,0.0,0.0,0.0,0.0,0.0,0.0,0.0,0.0,0.0,0.0,0.0,0.0025,0.9975,0.049057480794718625,1885,0.00044468694301219314,3.4029177756564286e-07,9.740662726310655e-05,16,20,False,0.995,0.005,0.66,fixed,100,none,e7f9ddb3-8f5f-4b72-9bd9-db11716f47fd
983,126500,31.028825759887695,1.0,1.0,1.0,0.9951079999999999,0.0,0.0,0.0,0.0,0.0,0.0,0.0,0.0,0.0,0.0,0.0,0.0,0.0,0.0,0.0025,0.9975,0.04866627722187673,1886,0.0004432406158840742,3.402807617412951e-07,9.709002416175469e-05,16,20,False,0.995,0.005,0.66,fixed,100,none,e7f9ddb3-8f5f-4b72-9bd9-db11716f47fd
984,126600,31.04702377319336,1.0,1.0,1.0,0.9951079999999999,0.0,0.0,0.0,0.0,0.0,0.0,0.0,0.0,0.0,0.0,0.0,0.0,0.0,0.0,0.0025,0.9975,0.04866627722187673,1886,0.00044281660894416724,3.3927800291474286e-07,9.699701851843202e-05,16,20,False,0.995,0.005,0.66,fixed,100,none,e7f9ddb3-8f5f-4b72-9bd9-db11716f47fd
985,126800,31.065261363983154,1.0,1.0,1.0,0.9951079999999999,0.0,0.0,0.0,0.0,0.0,0.0,0.0,0.0,0.0,0.0,0.0,0.0,0.0,0.0,0.0025,0.9975,0.04866627722187673,1886,0.00044421847092403877,3.4246589778970895e-07,9.730449180585214e-05,16,20,False,0.995,0.005,0.66,fixed,100,none,e7f9ddb3-8f5f-4b72-9bd9-db11716f47fd
986,126900,31.083993673324585,1.0,1.0,1.0,0.9951079999999999,0.0,0.0,0.0,0.0,0.0,0.0,0.0,0.0,0.0,0.0,0.0,0.0,0.0,0.0,0.0025,0.9975,0.04866627722187673,1886,0.0004425474283275304,3.41539539311565e-07,9.693852457336561e-05,16,20,False,0.995,0.005,0.66,fixed,100,none,e7f9ddb3-8f5f-4b72-9bd9-db11716f47fd
987,127000,31.10278058052063,1.0,1.0,1.0,0.9951079999999999,0.0,0.0,0.0,0.0,0.0,0.0,0.0,0.0,0.0,0.0,0.0,0.0,0.0,0.0,0.0025,0.9975,0.04866627722187673,1886,0.00044420032610302025,3.4413248511968196e-07,9.730083655612387e-05,16,20,False,0.995,0.005,0.66,fixed,100,none,e7f9ddb3-8f5f-4b72-9bd9-db11716f47fd
988,127100,31.121521711349487,1.0,1.0,1.0,0.9951079999999999,0.0,0.0,0.0,0.0,0.0,0.0,0.0,0.0,0.0,0.0,0.0,0.0,0.0,0.0,0.0025,0.9975,0.04866627722187673,1886,0.00044421947095279953,3.448711404130091e-07,9.730516770824629e-05,16,20,False,0.995,0.005,0.66,fixed,100,none,e7f9ddb3-8f5f-4b72-9bd9-db11716f47fd
989,127200,31.14020299911499,1.0,1.0,1.0,0.9951079999999999,0.0,0.0,0.0,0.0,0.0,0.0,0.0,0.0,0.0,0.0,0.0,0.0,0.0,0.0,0.0025,0.9975,0.04866627722187673,1886,0.00044377279665447225,3.448640859668104e-07,9.720738936399767e-05,16,20,False,0.995,0.005,0.66,fixed,100,none,e7f9ddb3-8f5f-4b72-9bd9-db11716f47fd
990,127300,31.15920853614807,1.0,1.0,1.0,0.9951079999999999,0.0,0.0,0.0,0.0,0.0,0.0,0.0,0.0,0.0,0.0,0.0,0.0,0.0,0.0,0.0025,0.9975,0.04827406863022217,1887,0.00044351319437866354,3.446504856754796e-07,9.71505218417678e-05,16,20,False,0.995,0.005,0.66,fixed,100,none,e7f9ddb3-8f5f-4b72-9bd9-db11716f47fd
991,127600,31.178103923797607,1.0,1.0,1.0,0.9951079999999999,0.0,0.0,0.0,0.0,0.0,0.0,0.0,0.0,0.0,0.0,0.0,0.0,0.0,0.0,0.0025,0.9975,0.04827406863022217,1887,0.00044220149890627434,3.4396302512631557e-07,9.686326108535746e-05,16,20,False,0.995,0.005,0.66,fixed,100,none,e7f9ddb3-8f5f-4b72-9bd9-db11716f47fd
992,127700,31.19637107849121,1.0,1.0,1.0,0.9951079999999999,0.0,0.0,0.0,0.0,0.0,0.0,0.0,0.0,0.0,0.0,0.0,0.0,0.0,0.0,0.0025,0.9975,0.04827406863022217,1887,0.00044251429495797176,3.4457045798472497e-07,9.693184755331712e-05,16,20,False,0.995,0.005,0.66,fixed,100,none,e7f9ddb3-8f5f-4b72-9bd9-db11716f47fd
993,127900,31.2144877910614,1.0,1.0,1.0,0.9951079999999999,0.0,0.0,0.0,0.0,0.0,0.0,0.0,0.0,0.0,0.0,0.0,0.0,0.0,0.0,0.0025,0.9975,0.04827406863022217,1887,0.0004422259158610806,3.436942629350345e-07,9.68685548919482e-05,16,20,False,0.995,0.005,0.66,fixed,100,none,e7f9ddb3-8f5f-4b72-9bd9-db11716f47fd
994,128000,31.23270320892334,1.0,1.0,1.0,0.9951079999999999,0.0,0.0,0.0,0.0,0.0,0.0,0.0,0.0,0.0,0.0,0.0,0.0,0.0,0.0,0.0025,0.9975,0.04827406863022217,1887,0.00044390681850587407,3.4532723681516536e-07,9.723681474593072e-05,16,20,False,0.995,0.005,0.66,fixed,100,none,e7f9ddb3-8f5f-4b72-9bd9-db11716f47fd
995,128100,31.250748872756958,1.0,1.0,1.0,0.9951079999999999,0.0,0.0,0.0,0.0,0.0,0.0,0.0,0.0,0.0,0.0,0.0,0.0,0.0,0.0,0.0025,0.9975,0.04866627722187674,1886,0.0004454101149252541,3.475355635084086e-07,9.756630591420473e-05,16,20,False,0.995,0.005,0.66,fixed,100,none,e7f9ddb3-8f5f-4b72-9bd9-db11716f47fd
996,128200,31.268699407577515,1.0,1.0,1.0,0.9951079999999999,0.0,0.0,0.0,0.0,0.0,0.0,0.0,0.0,0.0,0.0,0.0,0.0,0.0,0.0,0.0025,0.9975,0.04866627722187674,1886,0.0004454223287874337,3.476405738042366e-07,9.756899948059204e-05,16,20,False,0.995,0.005,0.66,fixed,100,none,e7f9ddb3-8f5f-4b72-9bd9-db11716f47fd
997,128300,31.28672695159912,1.0,1.0,1.0,0.9951079999999999,0.0,0.0,0.0,0.0,0.0,0.0,0.0,0.0,0.0,0.0,0.0,0.0,0.0,0.0,0.0025,0.9975,0.04866627722187674,1886,0.0004466158244529121,3.481463672779707e-07,9.783035178252529e-05,16,20,False,0.995,0.005,0.66,fixed,100,none,e7f9ddb3-8f5f-4b72-9bd9-db11716f47fd
998,128400,31.304826736450195,1.0,1.0,1.0,0.9951079999999999,0.0,0.0,0.0,0.0,0.0,0.0,0.0,0.0,0.0,0.0,0.0,0.0,0.0,0.0,0.0025,0.9975,0.04866627722187674,1886,0.000448382681934317,3.498112126662393e-07,9.821743320582859e-05,16,20,False,0.995,0.005,0.66,fixed,100,none,e7f9ddb3-8f5f-4b72-9bd9-db11716f47fd
999,128600,31.323192596435547,1.0,1.0,1.0,0.9951079999999999,0.0,0.0,0.0,0.0,0.0,0.0,0.0,0.0,0.0,0.0,0.0,0.0,0.0,0.0,0.0025,0.9975,0.04866627722187674,1886,0.00044829372832433796,3.496059857174145e-07,9.81979222674839e-05,16,20,False,0.995,0.005,0.66,fixed,100,none,e7f9ddb3-8f5f-4b72-9bd9-db11716f47fd
1000,128700,31.34138774871826,1.0,1.0,1.0,0.9951079999999999,0.0,0.0,0.0,0.0,0.0,0.0,0.0,0.0,0.0,0.0,0.0,0.0,0.0,0.0,0.0025,0.9975,0.049057480794718625,1885,0.00044854689720730533,3.4955836444120714e-07,9.825333188792297e-05,16,20,False,0.995,0.005,0.66,fixed,100,none,e7f9ddb3-8f5f-4b72-9bd9-db11716f47fd
1001,129000,31.359487533569336,1.0,1.0,1.0,0.9951079999999999,0.0,0.0,0.0,0.0,0.0,0.0,0.0,0.0,0.0,0.0,0.0,0.0,0.0,0.0,0.0025,0.9975,0.049057480794718625,1885,0.0004483281415381013,3.502600562728332e-07,9.820557959338221e-05,16,20,False,0.995,0.005,0.66,fixed,100,none,e7f9ddb3-8f5f-4b72-9bd9-db11716f47fd
1002,129100,31.37766170501709,1.0,1.0,1.0,0.9951079999999999,0.0,0.0,0.0,0.0,0.0,0.0,0.0,0.0,0.0,0.0,0.0,0.0,0.0,0.0,0.0025,0.9975,0.049057480794718625,1885,0.0004479131517859454,3.5000986009095897e-07,9.811469079936072e-05,16,20,False,0.995,0.005,0.66,fixed,100,none,e7f9ddb3-8f5f-4b72-9bd9-db11716f47fd
1003,129200,31.39580988883972,1.0,1.0,1.0,0.9951079999999999,0.0,0.0,0.0,0.0,0.0,0.0,0.0,0.0,0.0,0.0,0.0,0.0,0.0,0.0,0.0025,0.9975,0.049057480794718625,1885,0.0004479131517859454,3.5000986009095897e-07,9.811469079936072e-05,16,20,False,0.995,0.005,0.66,fixed,100,none,e7f9ddb3-8f5f-4b72-9bd9-db11716f47fd
1004,129400,31.414000749588013,1.0,1.0,1.0,0.9951079999999999,0.0,0.0,0.0,0.0,0.0,0.0,0.0,0.0,0.0,0.0,0.0,0.0,0.0,0.0,0.0025,0.9975,0.049057480794718625,1885,0.0004469353653065611,3.4938194511685935e-07,9.790053403517845e-05,16,20,False,0.995,0.005,0.66,fixed,100,none,e7f9ddb3-8f5f-4b72-9bd9-db11716f47fd
1005,129500,31.432340621948242,1.0,1.0,1.0,0.9951079999999999,0.0,0.0,0.0,0.0,0.0,0.0,0.0,0.0,0.0,0.0,0.0,0.0,0.0,0.0,0.0025,0.9975,0.049057480794718625,1885,0.00044753447145008473,3.501775955498407e-07,9.803182954357803e-05,16,20,False,0.995,0.005,0.66,fixed,100,none,e7f9ddb3-8f5f-4b72-9bd9-db11716f47fd
1006,129700,31.450817584991455,1.0,1.0,1.0,0.9951079999999999,0.0,0.0,0.0,0.0,0.0,0.0,0.0,0.0,0.0,0.0,0.0,0.0,0.0,0.0,0.0025,0.9975,0.049057480794718625,1885,0.0004469485529475514,3.4947172883006686e-07,9.790343786869672e-05,16,20,False,0.995,0.005,0.66,fixed,100,none,e7f9ddb3-8f5f-4b72-9bd9-db11716f47fd
1007,129800,31.469632148742676,1.0,1.0,1.0,0.9951079999999999,0.0,0.0,0.0,0.0,0.0,0.0,0.0,0.0,0.0,0.0,0.0,0.0,0.0,0.0,0.0025,0.9975,0.049057480794718625,1885,0.0004459988174436191,3.4923717027983875e-07,9.76954962007614e-05,16,20,False,0.995,0.005,0.66,fixed,100,none,e7f9ddb3-8f5f-4b72-9bd9-db11716f47fd
1008,130100,31.48871684074402,1.0,1.0,1.0,0.9951079999999999,0.0,0.0,0.0,0.0,0.0,0.0,0.0,0.0,0.0,0.0,0.0,0.0,0.0,0.0,0.0025,0.9975,0.049057480794718625,1885,0.00044908394624489035,3.516466562751657e-07,9.837128869769879e-05,16,20,False,0.995,0.005,0.66,fixed,100,none,e7f9ddb3-8f5f-4b72-9bd9-db11716f47fd
1009,130200,31.507436513900757,1.0,1.0,1.0,0.9951079999999999,0.0,0.0,0.0,0.0,0.0,0.0,0.0,0.0,0.0,0.0,0.0,0.0,0.0,0.0,0.0025,0.9975,0.049057480794718625,1885,0.0004483118570112146,3.514033047569659e-07,9.820223212765871e-05,16,20,False,0.995,0.005,0.66,fixed,100,none,e7f9ddb3-8f5f-4b72-9bd9-db11716f47fd
1010,130300,31.526036739349365,1.0,1.0,1.0,0.9951079999999999,0.0,0.0,0.0,0.0,0.0,0.0,0.0,0.0,0.0,0.0,0.0,0.0,0.0,0.0,0.0025,0.9975,0.049057480794718625,1885,0.00044864456175803933,3.518644388935335e-07,9.827514881222458e-05,16,20,False,0.995,0.005,0.66,fixed,100,none,e7f9ddb3-8f5f-4b72-9bd9-db11716f47fd
1011,130500,31.54474425315857,1.0,1.0,1.0,0.9951079999999999,0.0,0.0,0.0,0.0,0.0,0.0,0.0,0.0,0.0,0.0,0.0,0.0,0.0,0.0,0.0025,0.9975,0.049057480794718625,1885,0.00045226943294900547,3.552921577322065e-07,9.906928438250642e-05,16,20,False,0.995,0.005,0.66,fixed,100,none,e7f9ddb3-8f5f-4b72-9bd9-db11716f47fd
1012,130600,31.563679218292236,1.0,1.0,1.0,0.9951079999999999,0.0,0.0,0.0,0.0,0.0,0.0,0.0,0.0,0.0,0.0,0.0,0.0,0.0,0.0,0.0025,0.9975,0.049057480794718625,1885,0.00045252472609124875,3.5498636565530617e-07,9.912510995084886e-05,16,20,False,0.995,0.005,0.66,fixed,100,none,e7f9ddb3-8f5f-4b72-9bd9-db11716f47fd
1013,130800,31.58307647705078,1.0,1.0,1.0,0.9951079999999999,0.0,0.0,0.0,0.0,0.0,0.0,0.0,0.0,0.0,0.0,0.0,0.0,0.0,0.0,0.0025,0.9975,0.049057480794718625,1885,0.00045356309202487934,3.5643757263161454e-07,9.93526839830461e-05,16,20,False,0.995,0.005,0.66,fixed,100,none,e7f9ddb3-8f5f-4b72-9bd9-db11716f47fd
1014,130900,31.6020827293396,1.0,1.0,1.0,0.9951079999999999,0.0,0.0,0.0,0.0,0.0,0.0,0.0,0.0,0.0,0.0,0.0,0.0,0.0,0.0,0.0025,0.9975,0.049057480794718625,1885,0.00045462716960748077,3.573129193397769e-07,9.95857768817521e-05,16,20,False,0.995,0.005,0.66,fixed,100,none,e7f9ddb3-8f5f-4b72-9bd9-db11716f47fd
1015,131200,31.62068223953247,1.0,1.0,1.0,0.9951079999999999,0.0,0.0,0.0,0.0,0.0,0.0,0.0,0.0,0.0,0.0,0.0,0.0,0.0,0.0,0.0025,0.9975,0.04866627722187673,1886,0.00045486815420265584,3.568770556690133e-07,9.963844559553848e-05,16,20,False,0.995,0.005,0.66,fixed,100,none,e7f9ddb3-8f5f-4b72-9bd9-db11716f47fd
1016,131300,31.639158487319946,1.0,1.0,1.0,0.9951079999999999,0.0,0.0,0.0,0.0,0.0,0.0,0.0,0.0,0.0,0.0,0.0,0.0,0.0,0.0,0.0025,0.9975,0.049057480794718625,1885,0.0004555840267266468,3.5745490657057523e-07,9.97952598827114e-05,16,20,False,0.995,0.005,0.66,fixed,100,none,e7f9ddb3-8f5f-4b72-9bd9-db11716f47fd
1017,131400,31.657723665237427,1.0,1.0,1.0,0.9951079999999999,0.0,0.0,0.0,0.0,0.0,0.0,0.0,0.0,0.0,0.0,0.0,0.0,0.0,0.0,0.0025,0.9975,0.04866627722187675,1886,0.00045618051196563806,3.589539196820723e-07,9.992611531401777e-05,16,20,False,0.995,0.005,0.66,fixed,100,none,e7f9ddb3-8f5f-4b72-9bd9-db11716f47fd
1018,131500,31.676039695739746,1.0,1.0,1.0,0.9951079999999999,0.0,0.0,0.0,0.0,0.0,0.0,0.0,0.0,0.0,0.0,0.0,0.0,0.0,0.0,0.0025,0.9975,0.04866627722187675,1886,0.00045660392099509636,3.5935028191220537e-07,0.00010001887485938992,16,20,False,0.995,0.005,0.66,fixed,100,none,e7f9ddb3-8f5f-4b72-9bd9-db11716f47fd
1019,131600,31.69418978691101,1.0,1.0,1.0,0.9951079999999999,0.0,0.0,0.0,0.0,0.0,0.0,0.0,0.0,0.0,0.0,0.0,0.0,0.0,0.0,0.0025,0.9975,0.04866627722187675,1886,0.00045844462724410937,3.602288164559256e-07,0.00010042197237886218,16,20,False,0.995,0.005,0.66,fixed,100,none,e7f9ddb3-8f5f-4b72-9bd9-db11716f47fd
1020,131900,31.712230682373047,1.0,1.0,1.0,0.9951079999999999,0.0,0.0,0.0,0.0,0.0,0.0,0.0,0.0,0.0,0.0,0.0,0.0,0.0,0.0,0.0025,0.9975,0.04866627722187675,1886,0.0004581819003551455,3.587765491954674e-07,0.0001003641855320885,16,20,False,0.995,0.005,0.66,fixed,100,none,e7f9ddb3-8f5f-4b72-9bd9-db11716f47fd
1021,132000,31.730528593063354,1.0,1.0,1.0,0.9951079999999999,0.0,0.0,0.0,0.0,0.0,0.0,0.0,0.0,0.0,0.0,0.0,0.0,0.0,0.0,0.0025,0.9975,0.04866627722187673,1886,0.0004589043895885765,3.603080211641833e-07,0.0001005226294049606,16,20,False,0.995,0.005,0.66,fixed,100,none,e7f9ddb3-8f5f-4b72-9bd9-db11716f47fd
1022,132300,31.748605728149414,1.0,1.0,1.0,0.9951079999999999,0.0,0.0,0.0,0.0,0.0,0.0,0.0,0.0,0.0,0.0,0.0,0.0,0.0,0.0,0.0025,0.9975,0.04866627722187673,1886,0.00045817215836948513,3.5977336463674344e-07,0.00010036224240636127,16,20,False,0.995,0.005,0.66,fixed,100,none,e7f9ddb3-8f5f-4b72-9bd9-db11716f47fd
1023,132400,31.766672372817993,1.0,1.0,1.0,0.9951079999999999,0.0,0.0,0.0,0.0,0.0,0.0,0.0,0.0,0.0,0.0,0.0,0.0,0.0,0.0,0.0025,0.9975,0.04866627722187673,1886,0.00045812050448119647,3.604331730089346e-07,0.00010035106073380561,16,20,False,0.995,0.005,0.66,fixed,100,none,e7f9ddb3-8f5f-4b72-9bd9-db11716f47fd
1024,132500,31.78465223312378,1.0,1.0,1.0,0.9951079999999999,0.0,0.0,0.0,0.0,0.0,0.0,0.0,0.0,0.0,0.0,0.0,0.0,0.0,0.0,0.0025,0.9975,0.04866627722187673,1886,0.0004582613625211536,3.6000778631107324e-07,0.00010038181373527964,16,20,False,0.995,0.005,0.66,fixed,100,none,e7f9ddb3-8f5f-4b72-9bd9-db11716f47fd
1025,132600,31.802778005599976,1.0,1.0,1.0,0.9951079999999999,0.0,0.0,0.0,0.0,0.0,0.0,0.0,0.0,0.0,0.0,0.0,0.0,0.0,0.0,0.0025,0.9975,0.04866627722187673,1886,0.00045817146796606575,3.6028012226336225e-07,0.00010036218756100183,16,20,False,0.995,0.005,0.66,fixed,100,none,e7f9ddb3-8f5f-4b72-9bd9-db11716f47fd
1026,132700,31.8210768699646,1.0,1.0,1.0,0.9951079999999999,0.0,0.0,0.0,0.0,0.0,0.0,0.0,0.0,0.0,0.0,0.0,0.0,0.0,0.0,0.0025,0.9975,0.04866627722187673,1886,0.00045817146796606575,3.6028012226336225e-07,0.00010036218756100183,16,20,False,0.995,0.005,0.66,fixed,100,none,e7f9ddb3-8f5f-4b72-9bd9-db11716f47fd
1027,133000,31.839313507080078,1.0,1.0,1.0,0.9951079999999999,0.0,0.0,0.0,0.0,0.0,0.0,0.0,0.0,0.0,0.0,0.0,0.0,0.0,0.0,0.0025,0.9975,0.04866627722187673,1886,0.0004590405912272076,3.6126807135265036e-07,0.00010055262635319275,16,20,False,0.995,0.005,0.66,fixed,100,none,e7f9ddb3-8f5f-4b72-9bd9-db11716f47fd
1028,133100,31.85735583305359,1.0,1.0,1.0,0.9951079999999999,0.0,0.0,0.0,0.0,0.0,0.0,0.0,0.0,0.0,0.0,0.0,0.0,0.0,0.0,0.0025,0.9975,0.049057480794718625,1885,0.0004599483007678421,3.618506797664505e-07,0.00010075143466723627,16,20,False,0.995,0.005,0.66,fixed,100,none,e7f9ddb3-8f5f-4b72-9bd9-db11716f47fd
1029,133300,31.87546157836914,1.0,1.0,1.0,0.9951079999999999,0.0,0.0,0.0,0.0,0.0,0.0,0.0,0.0,0.0,0.0,0.0,0.0,0.0,0.0,0.0025,0.9975,0.04866627722187673,1886,0.00046050180658011963,3.6216902192812583e-07,0.00010087265757455455,16,20,False,0.995,0.005,0.66,fixed,100,none,e7f9ddb3-8f5f-4b72-9bd9-db11716f47fd
1030,133400,31.893667221069336,1.0,1.0,1.0,0.9951079999999999,0.0,0.0,0.0,0.0,0.0,0.0,0.0,0.0,0.0,0.0,0.0,0.0,0.0,0.0,0.0025,0.9975,0.04866627722187673,1886,0.000460950028916141,3.6275766137079395e-07,0.00010097088528540372,16,20,False,0.995,0.005,0.66,fixed,100,none,e7f9ddb3-8f5f-4b72-9bd9-db11716f47fd
1031,133500,31.911932706832886,1.0,1.0,1.0,0.9951079999999999,0.0,0.0,0.0,0.0,0.0,0.0,0.0,0.0,0.0,0.0,0.0,0.0,0.0,0.0,0.0025,0.9975,0.04866627722187673,1886,0.0004601555834297896,3.624052118962926e-07,0.00010079691420304123,16,20,False,0.995,0.005,0.66,fixed,100,none,e7f9ddb3-8f5f-4b72-9bd9-db11716f47fd
1032,133600,31.930105924606323,1.0,1.0,1.0,0.9951079999999999,0.0,0.0,0.0,0.0,0.0,0.0,0.0,0.0,0.0,0.0,0.0,0.0,0.0,0.0,0.0025,0.9975,0.04866627722187673,1886,0.00046054383073342454,3.6283026238763915e-07,0.00010088198229740029,16,20,False,0.995,0.005,0.66,fixed,100,none,e7f9ddb3-8f5f-4b72-9bd9-db11716f47fd
1033,133700,31.948193550109863,1.0,1.0,1.0,0.9951079999999999,0.0,0.0,0.0,0.0,0.0,0.0,0.0,0.0,0.0,0.0,0.0,0.0,0.0,0.0,0.0025,0.9975,0.04866627722187673,1886,0.0004604594810984008,3.631310263353458e-07,0.00010086357530744365,16,20,False,0.995,0.005,0.66,fixed,100,none,e7f9ddb3-8f5f-4b72-9bd9-db11716f47fd
1034,133800,31.96641254425049,1.0,1.0,1.0,0.9951079999999999,0.0,0.0,0.0,0.0,0.0,0.0,0.0,0.0,0.0,0.0,0.0,0.0,0.0,0.0,0.0025,0.9975,0.04866627722187673,1886,0.00046039897076588016,3.6355507703774034e-07,0.00010085041016528834,16,20,False,0.995,0.005,0.66,fixed,100,none,e7f9ddb3-8f5f-4b72-9bd9-db11716f47fd
1035,134100,31.984849214553833,1.0,1.0,1.0,0.9951079999999999,0.0,0.0,0.0,0.0,0.0,0.0,0.0,0.0,0.0,0.0,0.0,0.0,0.0,0.0,0.0025,0.9975,0.04866627722187673,1886,0.0004604298271526963,3.635483860964856e-07,0.00010085716335708356,16,20,False,0.995,0.005,0.66,fixed,100,none,e7f9ddb3-8f5f-4b72-9bd9-db11716f47fd
1036,134200,32.00316023826599,1.0,1.0,1.0,0.9951079999999999,0.0,0.0,0.0,0.0,0.0,0.0,0.0,0.0,0.0,0.0,0.0,0.0,0.0,0.0,0.0025,0.9975,0.04866627722187673,1886,0.00046175785847331964,3.6370949830317675e-07,0.00010114790002448728,16,20,False,0.995,0.005,0.66,fixed,100,none,e7f9ddb3-8f5f-4b72-9bd9-db11716f47fd
1037,134400,32.02148628234863,1.0,1.0,1.0,0.9951079999999999,0.0,0.0,0.0,0.0,0.0,0.0,0.0,0.0,0.0,0.0,0.0,0.0,0.0,0.0,0.0025,0.9975,0.049057480794718625,1885,0.0004632888823190977,3.666632073728821e-07,0.00010148360234905132,16,20,False,0.995,0.005,0.66,fixed,100,none,e7f9ddb3-8f5f-4b72-9bd9-db11716f47fd
1038,134500,32.03969979286194,1.0,1.0,1.0,0.9951079999999999,0.0,0.0,0.0,0.0,0.0,0.0,0.0,0.0,0.0,0.0,0.0,0.0,0.0,0.0,0.0025,0.9975,0.04866627722187673,1886,0.0004634267898794314,3.6686713325143927e-07,0.00010151382905992531,16,20,False,0.995,0.005,0.66,fixed,100,none,e7f9ddb3-8f5f-4b72-9bd9-db11716f47fd
1039,134600,32.0578989982605,1.0,1.0,1.0,0.9951079999999999,0.0,0.0,0.0,0.0,0.0,0.0,0.0,0.0,0.0,0.0,0.0,0.0,0.0,0.0,0.0025,0.9975,0.04866627722187673,1886,0.00046519261197837977,3.6934773019055354e-07,0.00010190083883080353,16,20,False,0.995,0.005,0.66,fixed,100,none,e7f9ddb3-8f5f-4b72-9bd9-db11716f47fd
1040,134700,32.07715702056885,1.0,1.0,1.0,0.9951079999999999,0.0,0.0,0.0,0.0,0.0,0.0,0.0,0.0,0.0,0.0,0.0,0.0,0.0,0.0,0.0025,0.9975,0.04866627722187673,1886,0.00046622024561488617,3.708081063605653e-07,0.0001021260653053071,16,20,False,0.995,0.005,0.66,fixed,100,none,e7f9ddb3-8f5f-4b72-9bd9-db11716f47fd
1041,134800,32.09523272514343,1.0,1.0,1.0,0.9951079999999999,0.0,0.0,0.0,0.0,0.0,0.0,0.0,0.0,0.0,0.0,0.0,0.0,0.0,0.0,0.0025,0.9975,0.04866627722187673,1886,0.00046807405541564496,3.727682642459671e-07,0.00010253223670069142,16,20,False,0.995,0.005,0.66,fixed,100,none,e7f9ddb3-8f5f-4b72-9bd9-db11716f47fd
1042,134900,32.113131523132324,1.0,1.0,1.0,0.9951079999999999,0.0,0.0,0.0,0.0,0.0,0.0,0.0,0.0,0.0,0.0,0.0,0.0,0.0,0.0,0.0025,0.9975,0.04866627722187673,1886,0.0004676215973093506,3.7280904565498627e-07,0.00010243320136969131,16,20,False,0.995,0.005,0.66,fixed,100,none,e7f9ddb3-8f5f-4b72-9bd9-db11716f47fd
1043,135100,32.13119053840637,1.0,1.0,1.0,0.9951079999999999,0.0,0.0,0.0,0.0,0.0,0.0,0.0,0.0,0.0,0.0,0.0,0.0,0.0,0.0,0.0025,0.9975,0.04866627722187673,1886,0.00046840030299408886,3.736359854202723e-07,0.0001026038171626359,16,20,False,0.995,0.005,0.66,fixed,100,none,e7f9ddb3-8f5f-4b72-9bd9-db11716f47fd
1044,135200,32.14948630332947,1.0,1.0,1.0,0.9951079999999999,0.0,0.0,0.0,0.0,0.0,0.0,0.0,0.0,0.0,0.0,0.0,0.0,0.0,0.0,0.0025,0.9975,0.04866627722187673,1886,0.00046942602896847687,3.7518258111475914e-07,0.0001028286424316114,16,20,False,0.995,0.005,0.66,fixed,100,none,e7f9ddb3-8f5f-4b72-9bd9-db11716f47fd
1045,135500,32.16771149635315,1.0,1.0,1.0,0.9951079999999999,0.0,0.0,0.0,0.0,0.0,0.0,0.0,0.0,0.0,0.0,0.0,0.0,0.0,0.0,0.0025,0.9975,0.04866627722187673,1886,0.0004693583242424217,3.756905101415221e-07,0.00010281391837359301,16,20,False,0.995,0.005,0.66,fixed,100,none,e7f9ddb3-8f5f-4b72-9bd9-db11716f47fd
1046,135600,32.185874938964844,1.0,1.0,1.0,0.9951079999999999,0.0,0.0,0.0,0.0,0.0,0.0,0.0,0.0,0.0,0.0,0.0,0.0,0.0,0.0,0.0025,0.9975,0.04866627722187673,1886,0.0004698043811022666,3.7590755242013167e-07,0.00010291160145824599,16,20,False,0.995,0.005,0.66,fixed,100,none,e7f9ddb3-8f5f-4b72-9bd9-db11716f47fd
1047,135700,32.204094886779785,1.0,1.0,1.0,0.9951079999999999,0.0,0.0,0.0,0.0,0.0,0.0,0.0,0.0,0.0,0.0,0.0,0.0,0.0,0.0,0.0025,0.9975,0.04866627722187673,1886,0.00047038435711804967,3.7794530889987996e-07,0.00010303894538183206,16,20,False,0.995,0.005,0.66,fixed,100,none,e7f9ddb3-8f5f-4b72-9bd9-db11716f47fd
1048,135800,32.22247076034546,1.0,1.0,1.0,0.9951079999999999,0.0,0.0,0.0,0.0,0.0,0.0,0.0,0.0,0.0,0.0,0.0,0.0,0.0,0.0,0.0025,0.9975,0.04866627722187673,1886,0.0004717720565797772,3.8095770751617403e-07,0.0001033432851497413,16,20,False,0.995,0.005,0.66,fixed,100,none,e7f9ddb3-8f5f-4b72-9bd9-db11716f47fd
1049,135900,32.24078297615051,1.0,1.0,1.0,0.9951079999999999,0.0,0.0,0.0,0.0,0.0,0.0,0.0,0.0,0.0,0.0,0.0,0.0,0.0,0.0,0.0025,0.9975,0.04866627722187673,1886,0.000471218691497204,3.8145988909176156e-07,0.0001032222489476654,16,20,False,0.995,0.005,0.66,fixed,100,none,e7f9ddb3-8f5f-4b72-9bd9-db11716f47fd
1050,136000,32.25908970832825,1.0,1.0,1.0,0.9951079999999999,0.0,0.0,0.0,0.0,0.0,0.0,0.0,0.0,0.0,0.0,0.0,0.0,0.0,0.0,0.0025,0.9975,0.04866627722187673,1886,0.00047059214816567177,3.812909507575974e-07,0.00010308506651410951,16,20,False,0.995,0.005,0.66,fixed,100,none,e7f9ddb3-8f5f-4b72-9bd9-db11716f47fd
1051,136200,32.2772479057312,1.0,1.0,1.0,0.9951079999999999,0.0,0.0,0.0,0.0,0.0,0.0,0.0,0.0,0.0,0.0,0.0,0.0,0.0,0.0,0.0025,0.9975,0.04866627722187673,1886,0.000470790569433338,3.8130229987756397e-07,0.00010312850308593442,16,20,False,0.995,0.005,0.66,fixed,100,none,e7f9ddb3-8f5f-4b72-9bd9-db11716f47fd
1052,136300,32.295469999313354,1.0,1.0,1.0,0.9951079999999999,0.0,0.0,0.0,0.0,0.0,0.0,0.0,0.0,0.0,0.0,0.0,0.0,0.0,0.0,0.0025,0.9975,0.04866627722187673,1886,0.00047100824704622096,3.8184435639766964e-07,0.00010317625570613333,16,20,False,0.995,0.005,0.66,fixed,100,none,e7f9ddb3-8f5f-4b72-9bd9-db11716f47fd
1053,136600,32.31376266479492,1.0,1.0,1.0,0.9951079999999999,0.0,0.0,0.0,0.0,0.0,0.0,0.0,0.0,0.0,0.0,0.0,0.0,0.0,0.0,0.0025,0.9975,0.04866627722187673,1886,0.0004708488206100344,3.828251429622919e-07,0.00010314154360869938,16,20,False,0.995,0.005,0.66,fixed,100,none,e7f9ddb3-8f5f-4b72-9bd9-db11716f47fd
1054,136700,32.33204746246338,1.0,1.0,1.0,0.9951079999999999,0.0,0.0,0.0,0.0,0.0,0.0,0.0,0.0,0.0,0.0,0.0,0.0,0.0,0.0,0.0025,0.9975,0.04866627722187673,1886,0.00047073075327005873,3.8315168484532025e-07,0.00010311576071093648,16,20,False,0.995,0.005,0.66,fixed,100,none,e7f9ddb3-8f5f-4b72-9bd9-db11716f47fd
1055,136800,32.35011100769043,1.0,1.0,1.0,0.9951079999999999,0.0,0.0,0.0,0.0,0.0,0.0,0.0,0.0,0.0,0.0,0.0,0.0,0.0,0.0,0.0025,0.9975,0.04866627722187673,1886,0.00047107806732740455,3.8324809784909846e-07,0.00010319180607656019,16,20,False,0.995,0.005,0.66,fixed,100,none,e7f9ddb3-8f5f-4b72-9bd9-db11716f47fd
1056,136900,32.3682975769043,1.0,1.0,1.0,0.9951079999999999,0.0,0.0,0.0,0.0,0.0,0.0,0.0,0.0,0.0,0.0,0.0,0.0,0.0,0.0,0.0025,0.9975,0.04866627722187673,1886,0.0004716488823944838,3.8400835935991127e-07,0.0001033169019444309,16,20,False,0.995,0.005,0.66,fixed,100,none,e7f9ddb3-8f5f-4b72-9bd9-db11716f47fd
1057,137000,32.38653635978699,1.0,1.0,1.0,0.9951079999999999,0.0,0.0,0.0,0.0,0.0,0.0,0.0,0.0,0.0,0.0,0.0,0.0,0.0,0.0,0.0025,0.9975,0.04866627722187673,1886,0.00047269196392348803,3.849132529419315e-07,0.0001035454044209105,16,20,False,0.995,0.005,0.66,fixed,100,none,e7f9ddb3-8f5f-4b72-9bd9-db11716f47fd
1058,137300,32.404991149902344,1.0,1.0,1.0,0.9951079999999999,0.0,0.0,0.0,0.0,0.0,0.0,0.0,0.0,0.0,0.0,0.0,0.0,0.0,0.0,0.0025,0.9975,0.04788085501975489,1888,0.00047407443584238486,3.840916932521201e-07,0.00010384787142761595,16,20,False,0.995,0.005,0.66,fixed,100,none,e7f9ddb3-8f5f-4b72-9bd9-db11716f47fd
1059,137400,32.42321062088013,1.0,1.0,1.0,0.9951079999999999,0.0,0.0,0.0,0.0,0.0,0.0,0.0,0.0,0.0,0.0,0.0,0.0,0.0,0.0,0.0025,0.9975,0.04788085501975489,1888,0.00047343687567020593,3.8355012097290186e-07,0.00010370820660719293,16,20,False,0.995,0.005,0.66,fixed,100,none,e7f9ddb3-8f5f-4b72-9bd9-db11716f47fd
1060,137700,32.441457986831665,1.0,1.0,1.0,0.9951079999999999,0.0,0.0,0.0,0.0,0.0,0.0,0.0,0.0,0.0,0.0,0.0,0.0,0.0,0.0,0.0025,0.9975,0.04788085501975489,1888,0.00047296786921131027,3.8319283620216077e-07,0.00010360547320923423,16,20,False,0.995,0.005,0.66,fixed,100,none,e7f9ddb3-8f5f-4b72-9bd9-db11716f47fd
1061,137800,32.45953917503357,1.0,1.0,1.0,0.9951079999999999,0.0,0.0,0.0,0.0,0.0,0.0,0.0,0.0,0.0,0.0,0.0,0.0,0.0,0.0,0.0025,0.9975,0.047486636390474915,1889,0.00047330224544575486,3.8343553626882576e-07,0.00010367871427996683,16,20,False,0.995,0.005,0.66,fixed,100,none,e7f9ddb3-8f5f-4b72-9bd9-db11716f47fd
1062,137900,32.47786545753479,1.0,1.0,1.0,0.9951079999999999,0.0,0.0,0.0,0.0,0.0,0.0,0.0,0.0,0.0,0.0,0.0,0.0,0.0,0.0,0.0025,0.9975,0.04788085501975489,1888,0.0004738177785268205,3.843413876372618e-07,0.0001037917365831721,16,20,False,0.995,0.005,0.66,fixed,100,none,e7f9ddb3-8f5f-4b72-9bd9-db11716f47fd
1063,138000,32.4961256980896,1.0,1.0,1.0,0.9951079999999999,0.0,0.0,0.0,0.0,0.0,0.0,0.0,0.0,0.0,0.0,0.0,0.0,0.0,0.0,0.0025,0.9975,0.04788085501975489,1888,0.0004729781457417498,3.8227994951163154e-07,0.00010360754929327624,16,20,False,0.995,0.005,0.66,fixed,100,none,e7f9ddb3-8f5f-4b72-9bd9-db11716f47fd
1064,138100,32.513877868652344,1.0,1.0,1.0,0.9951079999999999,0.0,0.0,0.0,0.0,0.0,0.0,0.0,0.0,0.0,0.0,0.0,0.0,0.0,0.0,0.0025,0.9975,0.04788085501975489,1888,0.0004718270822442239,3.8121323559795517e-07,0.00010335537881802423,16,20,False,0.995,0.005,0.66,fixed,100,none,e7f9ddb3-8f5f-4b72-9bd9-db11716f47fd
1065,138400,32.53191804885864,1.0,1.0,1.0,0.9951079999999999,0.0,0.0,0.0,0.0,0.0,0.0,0.0,0.0,0.0,0.0,0.0,0.0,0.0,0.0,0.0025,0.9975,0.048274068630222176,1887,0.0004711404015355216,3.8152344690864903e-07,0.00010320512335103833,16,20,False,0.995,0.005,0.66,fixed,100,none,e7f9ddb3-8f5f-4b72-9bd9-db11716f47fd
1066,138500,32.5499804019928,1.0,1.0,1.0,0.9951079999999999,0.0,0.0,0.0,0.0,0.0,0.0,0.0,0.0,0.0,0.0,0.0,0.0,0.0,0.0,0.0025,0.9975,0.04788085501975489,1888,0.00047127802816255144,3.8240337524513906e-07,0.00010323541700607909,16,20,False,0.995,0.005,0.66,fixed,100,none,e7f9ddb3-8f5f-4b72-9bd9-db11716f47fd
1067,138700,32.56811857223511,1.0,1.0,1.0,0.9951079999999999,0.0,0.0,0.0,0.0,0.0,0.0,0.0,0.0,0.0,0.0,0.0,0.0,0.0,0.0,0.0025,0.9975,0.04788085501975489,1888,0.00047169594411317214,3.831685556364054e-07,0.0001033270441919443,16,20,False,0.995,0.005,0.66,fixed,100,none,e7f9ddb3-8f5f-4b72-9bd9-db11716f47fd
1068,138800,32.58638334274292,1.0,1.0,1.0,0.9951079999999999,0.0,0.0,0.0,0.0,0.0,0.0,0.0,0.0,0.0,0.0,0.0,0.0,0.0,0.0,0.0025,0.9975,0.047486636390474915,1889,0.00047217509919530727,3.829615552329573e-07,0.00010343189190934703,16,20,False,0.995,0.005,0.66,fixed,100,none,e7f9ddb3-8f5f-4b72-9bd9-db11716f47fd
1069,139000,32.604421854019165,1.0,1.0,1.0,0.9951079999999999,0.0,0.0,0.0,0.0,0.0,0.0,0.0,0.0,0.0,0.0,0.0,0.0,0.0,0.0,0.0025,0.9975,0.047486636390474915,1889,0.0004730609412193878,3.8178925452874166e-07,0.00010362557999128445,16,20,False,0.995,0.005,0.66,fixed,100,none,e7f9ddb3-8f5f-4b72-9bd9-db11716f47fd
1070,139100,32.62247014045715,1.0,1.0,1.0,0.9951079999999999,0.0,0.0,0.0,0.0,0.0,0.0,0.0,0.0,0.0,0.0,0.0,0.0,0.0,0.0,0.0025,0.9975,0.04788085501975489,1888,0.000473178641843096,3.8208416152278164e-07,0.00010365140069014305,16,20,False,0.995,0.005,0.66,fixed,100,none,e7f9ddb3-8f5f-4b72-9bd9-db11716f47fd
1071,139200,32.640573263168335,1.0,1.0,1.0,0.9951079999999999,0.0,0.0,0.0,0.0,0.0,0.0,0.0,0.0,0.0,0.0,0.0,0.0,0.0,0.0,0.0025,0.9975,0.04788085501975489,1888,0.0004726761536927506,3.8189979624612e-07,0.00010354137100462987,16,20,False,0.995,0.005,0.66,fixed,100,none,e7f9ddb3-8f5f-4b72-9bd9-db11716f47fd
1072,139500,32.65882325172424,1.0,1.0,1.0,0.9951079999999999,0.0,0.0,0.0,0.0,0.0,0.0,0.0,0.0,0.0,0.0,0.0,0.0,0.0,0.0,0.0025,0.9975,0.04866627722187673,1886,0.00047491387897117773,3.8594368345409383e-07,0.00010403197740664708,16,20,False,0.995,0.005,0.66,fixed,100,none,e7f9ddb3-8f5f-4b72-9bd9-db11716f47fd
1073,139600,32.67708897590637,1.0,1.0,1.0,0.9951079999999999,0.0,0.0,0.0,0.0,0.0,0.0,0.0,0.0,0.0,0.0,0.0,0.0,0.0,0.0,0.0025,0.9975,0.048274068630222176,1887,0.00047482710914875133,3.857757199301298e-07,0.0001040129515794484,16,20,False,0.995,0.005,0.66,fixed,100,none,e7f9ddb3-8f5f-4b72-9bd9-db11716f47fd
1074,139800,32.69517397880554,1.0,1.0,1.0,0.9951079999999999,0.0,0.0,0.0,0.0,0.0,0.0,0.0,0.0,0.0,0.0,0.0,0.0,0.0,0.0,0.0025,0.9975,0.048274068630222176,1887,0.0004768652619333973,3.8752272905640156e-07,0.0001044594351557414,16,20,False,0.995,0.005,0.66,fixed,100,none,e7f9ddb3-8f5f-4b72-9bd9-db11716f47fd
1075,139900,32.71354699134827,1.0,1.0,1.0,0.9951079999999999,0.0,0.0,0.0,0.0,0.0,0.0,0.0,0.0,0.0,0.0,0.0,0.0,0.0,0.0,0.0025,0.9975,0.048274068630222176,1887,0.00047616174777012957,3.86994457356422e-07,0.00010430533553377908,16,20,False,0.995,0.005,0.66,fixed,100,none,e7f9ddb3-8f5f-4b72-9bd9-db11716f47fd
1076,140200,32.731852293014526,1.0,1.0,1.0,0.9951079999999999,0.0,0.0,0.0,0.0,0.0,0.0,0.0,0.0,0.0,0.0,0.0,0.0,0.0,0.0,0.0025,0.9975,0.047486636390474915,1889,0.00047761991791694957,3.8775906130994165e-07,0.00010462467425366915,16,20,False,0.995,0.005,0.66,fixed,100,none,e7f9ddb3-8f5f-4b72-9bd9-db11716f47fd
1077,140300,32.75024080276489,1.0,1.0,1.0,0.9951079999999999,0.0,0.0,0.0,0.0,0.0,0.0,0.0,0.0,0.0,0.0,0.0,0.0,0.0,0.0,0.0025,0.9975,0.047486636390474915,1889,0.00047553379375364754,3.863173775483107e-07,0.00010416774775440764,16,20,False,0.995,0.005,0.66,fixed,100,none,e7f9ddb3-8f5f-4b72-9bd9-db11716f47fd
1078,140500,32.76849102973938,1.0,1.0,1.0,0.9951079999999999,0.0,0.0,0.0,0.0,0.0,0.0,0.0,0.0,0.0,0.0,0.0,0.0,0.0,0.0,0.0025,0.9975,0.04788085501975489,1888,0.0004763735847645378,3.8752558555208745e-07,0.00010435180756621222,16,20,False,0.995,0.005,0.66,fixed,100,none,e7f9ddb3-8f5f-4b72-9bd9-db11716f47fd
1079,140600,32.78657126426697,1.0,1.0,1.0,0.9951079999999999,0.0,0.0,0.0,0.0,0.0,0.0,0.0,0.0,0.0,0.0,0.0,0.0,0.0,0.0,0.0025,0.9975,0.047486636390474915,1889,0.00047668850108144117,3.8811103687782095e-07,0.00010442085398373427,16,20,False,0.995,0.005,0.66,fixed,100,none,e7f9ddb3-8f5f-4b72-9bd9-db11716f47fd
1080,140900,32.80468726158142,1.0,1.0,1.0,0.9951079999999999,0.0,0.0,0.0,0.0,0.0,0.0,0.0,0.0,0.0,0.0,0.0,0.0,0.0,0.0,0.0025,0.9975,0.047486636390474915,1889,0.0004774586531201319,3.8933559177710785e-07,0.00010458967293043453,16,20,False,0.995,0.005,0.66,fixed,100,none,e7f9ddb3-8f5f-4b72-9bd9-db11716f47fd
1081,141000,32.822903871536255,1.0,1.0,1.0,0.9951079999999999,0.0,0.0,0.0,0.0,0.0,0.0,0.0,0.0,0.0,0.0,0.0,0.0,0.0,0.0,0.0025,0.9975,0.047486636390474915,1889,0.0004778834732580754,3.8985863303020344e-07,0.00010468276543646844,16,20,False,0.995,0.005,0.66,fixed,100,none,e7f9ddb3-8f5f-4b72-9bd9-db11716f47fd
1082,141300,32.84112858772278,1.0,1.0,1.0,0.9951079999999999,0.0,0.0,0.0,0.0,0.0,0.0,0.0,0.0,0.0,0.0,0.0,0.0,0.0,0.0,0.0025,0.9975,0.047486636390474915,1889,0.000477527744767463,3.898239497109103e-07,0.00010460488988004272,16,20,False,0.995,0.005,0.66,fixed,100,none,e7f9ddb3-8f5f-4b72-9bd9-db11716f47fd
1083,141400,32.85932636260986,1.0,1.0,1.0,0.9951079999999999,0.0,0.0,0.0,0.0,0.0,0.0,0.0,0.0,0.0,0.0,0.0,0.0,0.0,0.0,0.0025,0.9975,0.04788085501975489,1888,0.0004774620508169795,3.893782777040134e-07,0.00010459042479660056,16,20,False,0.995,0.005,0.66,fixed,100,none,e7f9ddb3-8f5f-4b72-9bd9-db11716f47fd
1084,141600,32.87761116027832,1.0,1.0,1.0,0.9951079999999999,0.0,0.0,0.0,0.0,0.0,0.0,0.0,0.0,0.0,0.0,0.0,0.0,0.0,0.0,0.0025,0.9975,0.04788085501975489,1888,0.00047951895118749694,3.9141210610258485e-07,0.00010504106671510259,16,20,False,0.995,0.005,0.66,fixed,100,none,e7f9ddb3-8f5f-4b72-9bd9-db11716f47fd
1085,141700,32.896080017089844,1.0,1.0,1.0,0.9951079999999999,0.0,0.0,0.0,0.0,0.0,0.0,0.0,0.0,0.0,0.0,0.0,0.0,0.0,0.0,0.0025,0.9975,0.04788085501975489,1888,0.0004791502370922074,3.917501454999328e-07,0.00010496041942712919,16,20,False,0.995,0.005,0.66,fixed,100,none,e7f9ddb3-8f5f-4b72-9bd9-db11716f47fd
1086,142000,32.91459918022156,1.0,1.0,1.0,0.9951079999999999,0.0,0.0,0.0,0.0,0.0,0.0,0.0,0.0,0.0,0.0,0.0,0.0,0.0,0.0,0.0025,0.9975,0.0478808550197549,1888,0.00048192893967603665,3.937813491872925e-07,0.00010556906335143001,16,20,False,0.995,0.005,0.66,fixed,100,none,e7f9ddb3-8f5f-4b72-9bd9-db11716f47fd
1087,142100,32.933083295822144,1.0,1.0,1.0,0.9951079999999999,0.0,0.0,0.0,0.0,0.0,0.0,0.0,0.0,0.0,0.0,0.0,0.0,0.0,0.0,0.0025,0.9975,0.0478808550197549,1888,0.0004819844863911794,3.9328972479563356e-07,0.00010558112911874035,16,20,False,0.995,0.005,0.66,fixed,100,none,e7f9ddb3-8f5f-4b72-9bd9-db11716f47fd
1088,142300,32.95154428482056,1.0,1.0,1.0,0.9951079999999999,0.0,0.0,0.0,0.0,0.0,0.0,0.0,0.0,0.0,0.0,0.0,0.0,0.0,0.0,0.0025,0.9975,0.0478808550197549,1888,0.00048380289299530235,3.9652576787154525e-07,0.00010597979317256728,16,20,False,0.995,0.005,0.66,fixed,100,none,e7f9ddb3-8f5f-4b72-9bd9-db11716f47fd
1089,142400,32.970006465911865,1.0,1.0,1.0,0.9951079999999999,0.0,0.0,0.0,0.0,0.0,0.0,0.0,0.0,0.0,0.0,0.0,0.0,0.0,0.0,0.0025,0.9975,0.0478808550197549,1888,0.00048413529584808823,3.966444963153217e-07,0.00010605257871544642,16,20,False,0.995,0.005,0.66,fixed,100,none,e7f9ddb3-8f5f-4b72-9bd9-db11716f47fd
1090,142500,32.988394260406494,1.0,1.0,1.0,0.9951079999999999,0.0,0.0,0.0,0.0,0.0,0.0,0.0,0.0,0.0,0.0,0.0,0.0,0.0,0.0,0.0025,0.9975,0.0478808550197549,1888,0.00048434216947026813,3.971955018254862e-07,0.00010609796804238854,16,20,False,0.995,0.005,0.66,fixed,100,none,e7f9ddb3-8f5f-4b72-9bd9-db11716f47fd
1091,142600,33.006853342056274,1.0,1.0,1.0,0.9951079999999999,0.0,0.0,0.0,0.0,0.0,0.0,0.0,0.0,0.0,0.0,0.0,0.0,0.0,0.0,0.0025,0.9975,0.0478808550197549,1888,0.0004847700707990364,3.9804076477892695e-07,0.00010619179624321706,16,20,False,0.995,0.005,0.66,fixed,100,none,e7f9ddb3-8f5f-4b72-9bd9-db11716f47fd
1092,142700,33.025086879730225,1.0,1.0,1.0,0.9951079999999999,0.0,0.0,0.0,0.0,0.0,0.0,0.0,0.0,0.0,0.0,0.0,0.0,0.0,0.0,0.0025,0.9975,0.04788085501975489,1888,0.0004843059682966701,3.988102051247434e-07,0.00010609035039911479,16,20,False,0.995,0.005,0.66,fixed,100,none,e7f9ddb3-8f5f-4b72-9bd9-db11716f47fd
1093,142800,33.04329037666321,1.0,1.0,1.0,0.9951079999999999,0.0,0.0,0.0,0.0,0.0,0.0,0.0,0.0,0.0,0.0,0.0,0.0,0.0,0.0,0.0025,0.9975,0.04788085501975489,1888,0.00048452762518685417,3.996493685310447e-07,0.00010613903053342328,16,20,False,0.995,0.005,0.66,fixed,100,none,e7f9ddb3-8f5f-4b72-9bd9-db11716f47fd
1094,143100,33.061479568481445,1.0,1.0,1.0,0.9951079999999999,0.0,0.0,0.0,0.0,0.0,0.0,0.0,0.0,0.0,0.0,0.0,0.0,0.0,0.0,0.0025,0.9975,0.04788085501975489,1888,0.00048718742650769,4.0386894142380663e-07,0.00010672206276140386,16,20,False,0.995,0.005,0.66,fixed,100,none,e7f9ddb3-8f5f-4b72-9bd9-db11716f47fd
1095,143200,33.079768896102905,1.0,1.0,1.0,0.9951079999999999,0.0,0.0,0.0,0.0,0.0,0.0,0.0,0.0,0.0,0.0,0.0,0.0,0.0,0.0,0.0025,0.9975,0.04788085501975489,1888,0.0004880861564103268,4.0491267586863886e-07,0.00010691899304663559,16,20,False,0.995,0.005,0.66,fixed,100,none,e7f9ddb3-8f5f-4b72-9bd9-db11716f47fd
1096,143400,33.098010778427124,1.0,1.0,1.0,0.9951079999999999,0.0,0.0,0.0,0.0,0.0,0.0,0.0,0.0,0.0,0.0,0.0,0.0,0.0,0.0,0.0025,0.9975,0.04788085501975489,1888,0.0004880420823709001,4.053103248231297e-07,0.00010690942079270643,16,20,False,0.995,0.005,0.66,fixed,100,none,e7f9ddb3-8f5f-4b72-9bd9-db11716f47fd
1097,143500,33.11625814437866,1.0,1.0,1.0,0.9951079999999999,0.0,0.0,0.0,0.0,0.0,0.0,0.0,0.0,0.0,0.0,0.0,0.0,0.0,0.0,0.0025,0.9975,0.0478808550197549,1888,0.0004912162980268101,4.077143637976766e-07,0.00010760471336719029,16,20,False,0.995,0.005,0.66,fixed,100,none,e7f9ddb3-8f5f-4b72-9bd9-db11716f47fd
1098,143700,33.13460326194763,1.0,1.0,1.0,0.9951079999999999,0.0,0.0,0.0,0.0,0.0,0.0,0.0,0.0,0.0,0.0,0.0,0.0,0.0,0.0,0.0025,0.9975,0.0478808550197549,1888,0.0004913526111481873,4.0855555143339707e-07,0.00010763471213511056,16,20,False,0.995,0.005,0.66,fixed,100,none,e7f9ddb3-8f5f-4b72-9bd9-db11716f47fd
1099,143800,33.15295433998108,1.0,1.0,1.0,0.9951079999999999,0.0,0.0,0.0,0.0,0.0,0.0,0.0,0.0,0.0,0.0,0.0,0.0,0.0,0.0,0.0025,0.9975,0.0478808550197549,1888,0.0004913256045129384,4.090521216120827e-07,0.00010762889473098852,16,20,False,0.995,0.005,0.66,fixed,100,none,e7f9ddb3-8f5f-4b72-9bd9-db11716f47fd
1100,143900,33.17140746116638,1.0,1.0,1.0,0.9951079999999999,0.0,0.0,0.0,0.0,0.0,0.0,0.0,0.0,0.0,0.0,0.0,0.0,0.0,0.0,0.0025,0.9975,0.0478808550197549,1888,0.0004906130496348183,4.0826595908494215e-07,0.00010747276709728786,16,20,False,0.995,0.005,0.66,fixed,100,none,e7f9ddb3-8f5f-4b72-9bd9-db11716f47fd
1101,144100,33.18962287902832,1.0,1.0,1.0,0.9951079999999999,0.0,0.0,0.0,0.0,0.0,0.0,0.0,0.0,0.0,0.0,0.0,0.0,0.0,0.0,0.0025,0.9975,0.0478808550197549,1888,0.0004921750126911038,4.084418558512316e-07,0.00010781471423069436,16,20,False,0.995,0.005,0.66,fixed,100,none,e7f9ddb3-8f5f-4b72-9bd9-db11716f47fd
1102,144200,33.20785355567932,1.0,1.0,1.0,0.9951079999999999,0.0,0.0,0.0,0.0,0.0,0.0,0.0,0.0,0.0,0.0,0.0,0.0,0.0,0.0,0.0025,0.9975,0.0478808550197549,1888,0.0004921750126911038,4.084418558512316e-07,0.00010781471423069436,16,20,False,0.995,0.005,0.66,fixed,100,none,e7f9ddb3-8f5f-4b72-9bd9-db11716f47fd
1103,144500,33.22594165802002,1.0,1.0,1.0,0.9951079999999999,0.0,0.0,0.0,0.0,0.0,0.0,0.0,0.0,0.0,0.0,0.0,0.0,0.0,0.0,0.0025,0.9975,0.0478808550197549,1888,0.0004936782344033668,4.092201906086768e-07,0.00010814391734711264,16,20,False,0.995,0.005,0.66,fixed,100,none,e7f9ddb3-8f5f-4b72-9bd9-db11716f47fd
1104,144600,33.244109869003296,1.0,1.0,1.0,0.9951079999999999,0.0,0.0,0.0,0.0,0.0,0.0,0.0,0.0,0.0,0.0,0.0,0.0,0.0,0.0,0.0025,0.9975,0.0478808550197549,1888,0.000492676892682523,4.0728775474446493e-07,0.00010792435648160573,16,20,False,0.995,0.005,0.66,fixed,100,none,e7f9ddb3-8f5f-4b72-9bd9-db11716f47fd
1105,144900,33.2623028755188,1.0,1.0,1.0,0.9951079999999999,0.0,0.0,0.0,0.0,0.0,0.0,0.0,0.0,0.0,0.0,0.0,0.0,0.0,0.0,0.0025,0.9975,0.0478808550197549,1888,0.0004926679219662832,4.0763905327774027e-07,0.00010792245953854216,16,20,False,0.995,0.005,0.66,fixed,100,none,e7f9ddb3-8f5f-4b72-9bd9-db11716f47fd
1106,145000,33.28039884567261,1.0,1.0,1.0,0.9951079999999999,0.0,0.0,0.0,0.0,0.0,0.0,0.0,0.0,0.0,0.0,0.0,0.0,0.0,0.0,0.0025,0.9975,0.0478808550197549,1888,0.0004930814326143652,4.0908809545608223e-07,0.0001080132523374212,16,20,False,0.995,0.005,0.66,fixed,100,none,e7f9ddb3-8f5f-4b72-9bd9-db11716f47fd
1107,145200,33.29853081703186,1.0,1.0,1.0,0.9951079999999999,0.0,0.0,0.0,0.0,0.0,0.0,0.0,0.0,0.0,0.0,0.0,0.0,0.0,0.0,0.0025,0.9975,0.0478808550197549,1888,0.0004931439930781573,4.101872146171342e-07,0.00010802715565558589,16,20,False,0.995,0.005,0.66,fixed,100,none,e7f9ddb3-8f5f-4b72-9bd9-db11716f47fd
1108,145300,33.31667184829712,1.0,1.0,1.0,0.9951079999999999,0.0,0.0,0.0,0.0,0.0,0.0,0.0,0.0,0.0,0.0,0.0,0.0,0.0,0.0,0.0025,0.9975,0.0478808550197549,1888,0.0004932377268356468,4.1067191318889413e-07,0.00010804776606782898,16,20,False,0.995,0.005,0.66,fixed,100,none,e7f9ddb3-8f5f-4b72-9bd9-db11716f47fd
1109,145600,33.33486366271973,1.0,1.0,1.0,0.9951079999999999,0.0,0.0,0.0,0.0,0.0,0.0,0.0,0.0,0.0,0.0,0.0,0.0,0.0,0.0,0.0025,0.9975,0.04827406863022217,1887,0.0004939287200037535,4.124526763979531e-07,0.00010819936281733725,16,20,False,0.995,0.005,0.66,fixed,100,none,e7f9ddb3-8f5f-4b72-9bd9-db11716f47fd
1110,145700,33.353076219558716,1.0,1.0,1.0,0.9951079999999999,0.0,0.0,0.0,0.0,0.0,0.0,0.0,0.0,0.0,0.0,0.0,0.0,0.0,0.0,0.0025,0.9975,0.04827406863022217,1887,0.0004937410919353837,4.121519869496817e-07,0.00010815823390217594,16,20,False,0.995,0.005,0.66,fixed,100,none,e7f9ddb3-8f5f-4b72-9bd9-db11716f47fd
1111,145900,33.37158918380737,1.0,1.0,1.0,0.9951079999999999,0.0,0.0,0.0,0.0,0.0,0.0,0.0,0.0,0.0,0.0,0.0,0.0,0.0,0.0,0.0025,0.9975,0.04827406863022217,1887,0.0004939524005834603,4.134252187958016e-07,0.00010820473127929066,16,20,False,0.995,0.005,0.66,fixed,100,none,e7f9ddb3-8f5f-4b72-9bd9-db11716f47fd
1112,146000,33.39047169685364,1.0,1.0,1.0,0.9951079999999999,0.0,0.0,0.0,0.0,0.0,0.0,0.0,0.0,0.0,0.0,0.0,0.0,0.0,0.0,0.0025,0.9975,0.04827406863022218,1887,0.000493539938363358,4.1322190064405145e-07,0.00010811440466886145,16,20,False,0.995,0.005,0.66,fixed,100,none,e7f9ddb3-8f5f-4b72-9bd9-db11716f47fd
1113,146100,33.40945339202881,1.0,1.0,1.0,0.9951079999999999,0.0,0.0,0.0,0.0,0.0,0.0,0.0,0.0,0.0,0.0,0.0,0.0,0.0,0.0,0.0025,0.9975,0.047880855019754906,1888,0.0004949049719895987,4.161341547462147e-07,0.00010841376385792494,16,20,False,0.995,0.005,0.66,fixed,100,none,e7f9ddb3-8f5f-4b72-9bd9-db11716f47fd
1114,146200,33.42843317985535,1.0,1.0,1.0,0.9951079999999999,0.0,0.0,0.0,0.0,0.0,0.0,0.0,0.0,0.0,0.0,0.0,0.0,0.0,0.0,0.0025,0.9975,0.047880855019754906,1888,0.0004949049719895987,4.161341547462147e-07,0.00010841376385792494,16,20,False,0.995,0.005,0.66,fixed,100,none,e7f9ddb3-8f5f-4b72-9bd9-db11716f47fd
1115,146300,33.44700884819031,1.0,1.0,1.0,0.9951079999999999,0.0,0.0,0.0,0.0,0.0,0.0,0.0,0.0,0.0,0.0,0.0,0.0,0.0,0.0,0.0025,0.9975,0.047880855019754906,1888,0.0004956220106300994,4.1731892784132787e-07,0.00010857094872321861,16,20,False,0.995,0.005,0.66,fixed,100,none,e7f9ddb3-8f5f-4b72-9bd9-db11716f47fd
1116,146400,33.46550130844116,1.0,1.0,1.0,0.9951079999999999,0.0,0.0,0.0,0.0,0.0,0.0,0.0,0.0,0.0,0.0,0.0,0.0,0.0,0.0,0.0025,0.9975,0.047880855019754906,1888,0.0004951672474788011,4.17023350485914e-07,0.0001084713449097019,16,20,False,0.995,0.005,0.66,fixed,100,none,e7f9ddb3-8f5f-4b72-9bd9-db11716f47fd
1117,146700,33.48399209976196,1.0,1.0,1.0,0.9951079999999999,0.0,0.0,0.0,0.0,0.0,0.0,0.0,0.0,0.0,0.0,0.0,0.0,0.0,0.0,0.0025,0.9975,0.04788085501975489,1888,0.0004969342043858357,4.2159748439976297e-07,0.0001088590008620954,16,20,False,0.995,0.005,0.66,fixed,100,none,e7f9ddb3-8f5f-4b72-9bd9-db11716f47fd
1118,146800,33.50267171859741,1.0,1.0,1.0,0.9951079999999999,0.0,0.0,0.0,0.0,0.0,0.0,0.0,0.0,0.0,0.0,0.0,0.0,0.0,0.0,0.0025,0.9975,0.04788085501975489,1888,0.0004974048130974083,4.235823087071194e-07,0.00010896239422567704,16,20,False,0.995,0.005,0.66,fixed,100,none,e7f9ddb3-8f5f-4b72-9bd9-db11716f47fd
1119,147000,33.52125549316406,1.0,1.0,1.0,0.9951079999999999,0.0,0.0,0.0,0.0,0.0,0.0,0.0,0.0,0.0,0.0,0.0,0.0,0.0,0.0,0.0025,0.9975,0.04827406863022218,1887,0.0004973049925845677,4.248487636474137e-07,0.00010894078414185487,16,20,False,0.995,0.005,0.66,fixed,100,none,e7f9ddb3-8f5f-4b72-9bd9-db11716f47fd
1120,147100,33.53987693786621,1.0,1.0,1.0,0.9951079999999999,0.0,0.0,0.0,0.0,0.0,0.0,0.0,0.0,0.0,0.0,0.0,0.0,0.0,0.0,0.0025,0.9975,0.04827406863022218,1887,0.0004973049925845677,4.248487636474137e-07,0.00010894078414185487,16,20,False,0.995,0.005,0.66,fixed,100,none,e7f9ddb3-8f5f-4b72-9bd9-db11716f47fd
1121,147300,33.55845332145691,1.0,1.0,1.0,0.9951079999999999,0.0,0.0,0.0,0.0,0.0,0.0,0.0,0.0,0.0,0.0,0.0,0.0,0.0,0.0,0.0025,0.9975,0.04866627722187673,1886,0.0004976740288762286,4.253108739112009e-07,0.00010902165398704957,16,20,False,0.995,0.005,0.66,fixed,100,none,e7f9ddb3-8f5f-4b72-9bd9-db11716f47fd
1122,147400,33.57698392868042,1.0,1.0,1.0,0.9951079999999999,0.0,0.0,0.0,0.0,0.0,0.0,0.0,0.0,0.0,0.0,0.0,0.0,0.0,0.0,0.0025,0.9975,0.04827406863022218,1887,0.000497568704912453,4.249100050562286e-07,0.00010899852240629665,16,20,False,0.995,0.005,0.66,fixed,100,none,e7f9ddb3-8f5f-4b72-9bd9-db11716f47fd
1123,147500,33.59540772438049,1.0,1.0,1.0,0.9951079999999999,0.0,0.0,0.0,0.0,0.0,0.0,0.0,0.0,0.0,0.0,0.0,0.0,0.0,0.0,0.0025,0.9975,0.04866627722187673,1886,0.0004982524294501311,4.262603970444607e-07,0.00010914844628207215,16,20,False,0.995,0.005,0.66,fixed,100,none,e7f9ddb3-8f5f-4b72-9bd9-db11716f47fd
1124,147700,33.61358094215393,1.0,1.0,1.0,0.9951079999999999,0.0,0.0,0.0,0.0,0.0,0.0,0.0,0.0,0.0,0.0,0.0,0.0,0.0,0.0,0.0025,0.9975,0.04866627722187673,1886,0.0004976730136429,4.2551279973136694e-07,0.00010902147011837977,16,20,False,0.995,0.005,0.66,fixed,100,none,e7f9ddb3-8f5f-4b72-9bd9-db11716f47fd
1125,147800,33.631813764572144,1.0,1.0,1.0,0.9951079999999999,0.0,0.0,0.0,0.0,0.0,0.0,0.0,0.0,0.0,0.0,0.0,0.0,0.0,0.0,0.0025,0.9975,0.04866627722187673,1886,0.0005017979407750522,4.299867242307493e-07,0.00010992526671326276,16,20,False,0.995,0.005,0.66,fixed,100,none,e7f9ddb3-8f5f-4b72-9bd9-db11716f47fd
1126,148100,33.65011668205261,1.0,1.0,1.0,0.9951079999999999,0.0,0.0,0.0,0.0,0.0,0.0,0.0,0.0,0.0,0.0,0.0,0.0,0.0,0.0,0.0025,0.9975,0.04866627722187673,1886,0.000501635748899964,4.2946240012823465e-07,0.00010988966329022649,16,20,False,0.995,0.005,0.66,fixed,100,none,e7f9ddb3-8f5f-4b72-9bd9-db11716f47fd
1127,148200,33.66856265068054,1.0,1.0,1.0,0.9951079999999999,0.0,0.0,0.0,0.0,0.0,0.0,0.0,0.0,0.0,0.0,0.0,0.0,0.0,0.0,0.0025,0.9975,0.04827406863022217,1887,0.0005022681006779886,4.3142867017312743e-07,0.0001100284586857446,16,20,False,0.995,0.005,0.66,fixed,100,none,e7f9ddb3-8f5f-4b72-9bd9-db11716f47fd
1128,148500,33.68697452545166,1.0,1.0,1.0,0.9951079999999999,0.0,0.0,0.0,0.0,0.0,0.0,0.0,0.0,0.0,0.0,0.0,0.0,0.0,0.0,0.0025,0.9975,0.04827406863022217,1887,0.0005009285395429609,4.3023885478081307e-07,0.00010973500268836249,16,20,False,0.995,0.005,0.66,fixed,100,none,e7f9ddb3-8f5f-4b72-9bd9-db11716f47fd
1129,148600,33.70559763908386,1.0,1.0,1.0,0.9951079999999999,0.0,0.0,0.0,0.0,0.0,0.0,0.0,0.0,0.0,0.0,0.0,0.0,0.0,0.0,0.0025,0.9975,0.048274068630222176,1887,0.0005003192445109937,4.2973317373283114e-07,0.00010960153192646577,16,20,False,0.995,0.005,0.66,fixed,100,none,e7f9ddb3-8f5f-4b72-9bd9-db11716f47fd
1130,148800,33.72408986091614,1.0,1.0,1.0,0.9951079999999999,0.0,0.0,0.0,0.0,0.0,0.0,0.0,0.0,0.0,0.0,0.0,0.0,0.0,0.0,0.0025,0.9975,0.04866627722187674,1886,0.0005006790378887424,4.306034731333469e-07,0.00010968045605374104,16,20,False,0.995,0.005,0.66,fixed,100,none,e7f9ddb3-8f5f-4b72-9bd9-db11716f47fd
1131,148900,33.74264430999756,1.0,1.0,1.0,0.9951079999999999,0.0,0.0,0.0,0.0,0.0,0.0,0.0,0.0,0.0,0.0,0.0,0.0,0.0,0.0,0.0025,0.9975,0.04866627722187674,1886,0.000499892675390995,4.312177194640045e-07,0.00010950843800978698,16,20,False,0.995,0.005,0.66,fixed,100,none,e7f9ddb3-8f5f-4b72-9bd9-db11716f47fd
1132,149200,33.761152029037476,1.0,1.0,1.0,0.9951079999999999,0.0,0.0,0.0,0.0,0.0,0.0,0.0,0.0,0.0,0.0,0.0,0.0,0.0,0.0,0.0025,0.9975,0.04866627722187674,1886,0.0005029081961811405,4.3574345600031404e-07,0.00011016939540069172,16,20,False,0.995,0.005,0.66,fixed,100,none,e7f9ddb3-8f5f-4b72-9bd9-db11716f47fd
1133,149300,33.779616832733154,1.0,1.0,1.0,0.9951079999999999,0.0,0.0,0.0,0.0,0.0,0.0,0.0,0.0,0.0,0.0,0.0,0.0,0.0,0.0,0.0025,0.9975,0.04866627722187674,1886,0.0005030320036870543,4.35703754975527e-07,0.00011019648932054154,16,20,False,0.995,0.005,0.66,fixed,100,none,e7f9ddb3-8f5f-4b72-9bd9-db11716f47fd
1134,149500,33.79819345474243,1.0,1.0,1.0,0.9951079999999999,0.0,0.0,0.0,0.0,0.0,0.0,0.0,0.0,0.0,0.0,0.0,0.0,0.0,0.0,0.0025,0.9975,0.04866627722187674,1886,0.0005020281093708692,4.3462895534823805e-07,0.00010997653264279945,16,20,False,0.995,0.005,0.66,fixed,100,none,e7f9ddb3-8f5f-4b72-9bd9-db11716f47fd
1135,149600,33.81711673736572,1.0,1.0,1.0,0.9951079999999999,0.0,0.0,0.0,0.0,0.0,0.0,0.0,0.0,0.0,0.0,0.0,0.0,0.0,0.0,0.0025,0.9975,0.04866627722187674,1886,0.0005017868779890056,4.349987284639703e-07,0.00010992379735020149,16,20,False,0.995,0.005,0.66,fixed,100,none,e7f9ddb3-8f5f-4b72-9bd9-db11716f47fd
1136,149700,33.836289167404175,1.0,1.0,1.0,0.9951079999999999,0.0,0.0,0.0,0.0,0.0,0.0,0.0,0.0,0.0,0.0,0.0,0.0,0.0,0.0,0.0025,0.9975,0.04866627722187674,1886,0.0005033818066642643,4.383858650076637e-07,0.0001102735707931589,16,20,False,0.995,0.005,0.66,fixed,100,none,e7f9ddb3-8f5f-4b72-9bd9-db11716f47fd
1137,149800,33.854931116104126,1.0,1.0,1.0,0.9951079999999999,0.0,0.0,0.0,0.0,0.0,0.0,0.0,0.0,0.0,0.0,0.0,0.0,0.0,0.0,0.0025,0.9975,0.04866627722187674,1886,0.0005033818066642643,4.383858650076637e-07,0.0001102735707931589,16,20,False,0.995,0.005,0.66,fixed,100,none,e7f9ddb3-8f5f-4b72-9bd9-db11716f47fd
1138,149900,33.87333798408508,1.0,1.0,1.0,0.9951079999999999,0.0,0.0,0.0,0.0,0.0,0.0,0.0,0.0,0.0,0.0,0.0,0.0,0.0,0.0,0.0025,0.9975,0.04827406863022217,1887,0.000503220904264056,4.3846425537411137e-07,0.00011023836415192293,16,20,False,0.995,0.005,0.66,fixed,100,none,e7f9ddb3-8f5f-4b72-9bd9-db11716f47fd
1139,150000,33.89183521270752,1.0,1.0,1.0,0.9951079999999999,0.0,0.0,0.0,0.0,0.0,0.0,0.0,0.0,0.0,0.0,0.0,0.0,0.0,0.0,0.0025,0.9975,0.04827406863022217,1887,0.000503865400616164,4.393228120791818e-07,0.00011037960752917335,16,20,False,0.995,0.005,0.66,fixed,100,none,e7f9ddb3-8f5f-4b72-9bd9-db11716f47fd
1140,150300,33.91012740135193,1.0,1.0,1.0,0.9951079999999999,0.0,0.0,0.0,0.0,0.0,0.0,0.0,0.0,0.0,0.0,0.0,0.0,0.0,0.0,0.0025,0.9975,0.04827406863022217,1887,0.0005055133517392099,4.4252152993623013e-07,0.00011074095178640093,16,20,False,0.995,0.005,0.66,fixed,100,none,e7f9ddb3-8f5f-4b72-9bd9-db11716f47fd
1141,150400,33.92860436439514,1.0,1.0,1.0,0.9951079999999999,0.0,0.0,0.0,0.0,0.0,0.0,0.0,0.0,0.0,0.0,0.0,0.0,0.0,0.0,0.0025,0.9975,0.04827406863022217,1887,0.0005048537169289723,4.41121413454703e-07,0.00011059629170430844,16,20,False,0.995,0.005,0.66,fixed,100,none,e7f9ddb3-8f5f-4b72-9bd9-db11716f47fd
1142,150600,33.946900844573975,1.0,1.0,1.0,0.9951079999999999,0.0,0.0,0.0,0.0,0.0,0.0,0.0,0.0,0.0,0.0,0.0,0.0,0.0,0.0,0.0025,0.9975,0.04827406863022217,1887,0.0005017437242742022,4.3829181415099607e-07,0.00010991497668831154,16,20,False,0.995,0.005,0.66,fixed,100,none,e7f9ddb3-8f5f-4b72-9bd9-db11716f47fd
1143,150700,33.96509051322937,1.0,1.0,1.0,0.9951079999999999,0.0,0.0,0.0,0.0,0.0,0.0,0.0,0.0,0.0,0.0,0.0,0.0,0.0,0.0,0.0025,0.9975,0.04827406863022217,1887,0.0005023554013343217,4.3803101473511526e-07,0.00011004882324488269,16,20,False,0.995,0.005,0.66,fixed,100,none,e7f9ddb3-8f5f-4b72-9bd9-db11716f47fd
1144,150900,33.983327865600586,1.0,1.0,1.0,0.9951079999999999,0.0,0.0,0.0,0.0,0.0,0.0,0.0,0.0,0.0,0.0,0.0,0.0,0.0,0.0,0.0025,0.9975,0.04827406863022217,1887,0.0005025978265755717,4.3755383343745655e-07,0.00011010179946574576,16,20,False,0.995,0.005,0.66,fixed,100,none,e7f9ddb3-8f5f-4b72-9bd9-db11716f47fd
1145,151000,34.001721143722534,1.0,1.0,1.0,0.9951079999999999,0.0,0.0,0.0,0.0,0.0,0.0,0.0,0.0,0.0,0.0,0.0,0.0,0.0,0.0,0.0025,0.9975,0.04827406863022217,1887,0.0005028166886507602,4.3880525234953294e-07,0.00011014994614359783,16,20,False,0.995,0.005,0.66,fixed,100,none,e7f9ddb3-8f5f-4b72-9bd9-db11716f47fd
1146,151100,34.020166873931885,1.0,1.0,1.0,0.9951079999999999,0.0,0.0,0.0,0.0,0.0,0.0,0.0,0.0,0.0,0.0,0.0,0.0,0.0,0.0,0.0025,0.9975,0.04827406863022217,1887,0.0005023815430899815,4.3906207998167184e-07,0.00011005474157759347,16,20,False,0.995,0.005,0.66,fixed,100,none,e7f9ddb3-8f5f-4b72-9bd9-db11716f47fd
1147,151400,34.03832125663757,1.0,1.0,1.0,0.9951079999999999,0.0,0.0,0.0,0.0,0.0,0.0,0.0,0.0,0.0,0.0,0.0,0.0,0.0,0.0,0.0025,0.9975,0.04827406863022217,1887,0.0005047414475037546,4.414117426553927e-07,0.00011057177108967641,16,20,False,0.995,0.005,0.66,fixed,100,none,e7f9ddb3-8f5f-4b72-9bd9-db11716f47fd
1148,151500,34.056418895721436,1.0,1.0,1.0,0.9951079999999999,0.0,0.0,0.0,0.0,0.0,0.0,0.0,0.0,0.0,0.0,0.0,0.0,0.0,0.0,0.0025,0.9975,0.04827406863022217,1887,0.000506099870680728,4.4287643859980796e-07,0.00011086940821534533,16,20,False,0.995,0.005,0.66,fixed,100,none,e7f9ddb3-8f5f-4b72-9bd9-db11716f47fd
1149,151700,34.07454991340637,1.0,1.0,1.0,0.9951079999999999,0.0,0.0,0.0,0.0,0.0,0.0,0.0,0.0,0.0,0.0,0.0,0.0,0.0,0.0,0.0025,0.9975,0.04827406863022217,1887,0.0005067543455948249,4.454407019937825e-07,0.000111013159984086,16,20,False,0.995,0.005,0.66,fixed,100,none,e7f9ddb3-8f5f-4b72-9bd9-db11716f47fd
1150,151800,34.09282994270325,1.0,1.0,1.0,0.9951079999999999,0.0,0.0,0.0,0.0,0.0,0.0,0.0,0.0,0.0,0.0,0.0,0.0,0.0,0.0,0.0025,0.9975,0.04827406863022217,1887,0.0005083922549405411,4.46210740411061e-07,0.00011137184464716256,16,20,False,0.995,0.005,0.66,fixed,100,none,e7f9ddb3-8f5f-4b72-9bd9-db11716f47fd
1151,152100,34.111027240753174,1.0,1.0,1.0,0.9951079999999999,0.0,0.0,0.0,0.0,0.0,0.0,0.0,0.0,0.0,0.0,0.0,0.0,0.0,0.0,0.0025,0.9975,0.04827406863022217,1887,0.000507364955375277,4.459379219481478e-07,0.00011114691693681829,16,20,False,0.995,0.005,0.66,fixed,100,none,e7f9ddb3-8f5f-4b72-9bd9-db11716f47fd
1152,152200,34.129117488861084,1.0,1.0,1.0,0.9951079999999999,0.0,0.0,0.0,0.0,0.0,0.0,0.0,0.0,0.0,0.0,0.0,0.0,0.0,0.0,0.0025,0.9975,0.04827406863022217,1887,0.0005077318217431143,4.4689011938579773e-07,0.00011122740490225102,16,20,False,0.995,0.005,0.66,fixed,100,none,e7f9ddb3-8f5f-4b72-9bd9-db11716f47fd
1153,152300,34.14741325378418,1.0,1.0,1.0,0.9951079999999999,0.0,0.0,0.0,0.0,0.0,0.0,0.0,0.0,0.0,0.0,0.0,0.0,0.0,0.0,0.0025,0.9975,0.047880855019754906,1888,0.0005083441545301636,4.4768422741113357e-07,0.00011136159542986093,16,20,False,0.995,0.005,0.66,fixed,100,none,e7f9ddb3-8f5f-4b72-9bd9-db11716f47fd
1154,152400,34.16565489768982,1.0,1.0,1.0,0.9951079999999999,0.0,0.0,0.0,0.0,0.0,0.0,0.0,0.0,0.0,0.0,0.0,0.0,0.0,0.0,0.0025,0.9975,0.047880855019754906,1888,0.0005087155465604247,4.483020544350995e-07,0.00011144301053241965,16,20,False,0.995,0.005,0.66,fixed,100,none,e7f9ddb3-8f5f-4b72-9bd9-db11716f47fd
1155,152500,34.18406915664673,1.0,1.0,1.0,0.9951079999999999,0.0,0.0,0.0,0.0,0.0,0.0,0.0,0.0,0.0,0.0,0.0,0.0,0.0,0.0,0.0025,0.9975,0.04827406863022217,1887,0.0005079127289839496,4.478770248836117e-07,0.00011126719300931445,16,20,False,0.995,0.005,0.66,fixed,100,none,e7f9ddb3-8f5f-4b72-9bd9-db11716f47fd
1156,152800,34.2025089263916,1.0,1.0,1.0,0.9951079999999999,0.0,0.0,0.0,0.0,0.0,0.0,0.0,0.0,0.0,0.0,0.0,0.0,0.0,0.0,0.0025,0.9975,0.047880855019754906,1888,0.0005081701465974033,4.4997923956598286e-07,0.00011132394114568914,16,20,False,0.995,0.005,0.66,fixed,100,none,e7f9ddb3-8f5f-4b72-9bd9-db11716f47fd
1157,152900,34.220943450927734,1.0,1.0,1.0,0.9951079999999999,0.0,0.0,0.0,0.0,0.0,0.0,0.0,0.0,0.0,0.0,0.0,0.0,0.0,0.0,0.0025,0.9975,0.04748663639047491,1889,0.0005073027130014069,4.495194532743677e-07,0.00011113397257213011,16,20,False,0.995,0.005,0.66,fixed,100,none,e7f9ddb3-8f5f-4b72-9bd9-db11716f47fd
1158,153200,34.23967671394348,1.0,1.0,1.0,0.9951079999999999,0.0,0.0,0.0,0.0,0.0,0.0,0.0,0.0,0.0,0.0,0.0,0.0,0.0,0.0,0.0025,0.9975,0.047880855019754906,1888,0.0005051695974810011,4.471167873648205e-07,0.00011066657707819045,16,20,False,0.995,0.005,0.66,fixed,100,none,e7f9ddb3-8f5f-4b72-9bd9-db11716f47fd
1159,153300,34.258238315582275,1.0,1.0,1.0,0.9951079999999999,0.0,0.0,0.0,0.0,0.0,0.0,0.0,0.0,0.0,0.0,0.0,0.0,0.0,0.0,0.0025,0.9975,0.047880855019754906,1888,0.0005055630385711709,4.4806649833126857e-07,0.00011075288177791226,16,20,False,0.995,0.005,0.66,fixed,100,none,e7f9ddb3-8f5f-4b72-9bd9-db11716f47fd
1160,153400,34.2765634059906,1.0,1.0,1.0,0.9951079999999999,0.0,0.0,0.0,0.0,0.0,0.0,0.0,0.0,0.0,0.0,0.0,0.0,0.0,0.0,0.0025,0.9975,0.04748663639047491,1889,0.000506521764579384,4.494679671354465e-07,0.00011096301318018288,16,20,False,0.995,0.005,0.66,fixed,100,none,e7f9ddb3-8f5f-4b72-9bd9-db11716f47fd
1161,153500,34.294779539108276,1.0,1.0,1.0,0.9951079999999999,0.0,0.0,0.0,0.0,0.0,0.0,0.0,0.0,0.0,0.0,0.0,0.0,0.0,0.0,0.0025,0.9975,0.047880855019754906,1888,0.0005076458170617689,4.520185922157722e-07,0.0001112095528873422,16,20,False,0.995,0.005,0.66,fixed,100,none,e7f9ddb3-8f5f-4b72-9bd9-db11716f47fd
1162,153600,34.312970876693726,1.0,1.0,1.0,0.9951079999999999,0.0,0.0,0.0,0.0,0.0,0.0,0.0,0.0,0.0,0.0,0.0,0.0,0.0,0.0,0.0025,0.9975,0.047880855019754906,1888,0.0005067581730258596,4.521370743413454e-07,0.00011101527011948554,16,20,False,0.995,0.005,0.66,fixed,100,none,e7f9ddb3-8f5f-4b72-9bd9-db11716f47fd
1163,153900,34.33119201660156,1.0,1.0,1.0,0.9951079999999999,0.0,0.0,0.0,0.0,0.0,0.0,0.0,0.0,0.0,0.0,0.0,0.0,0.0,0.0,0.0025,0.9975,0.047880855019754906,1888,0.0005054537916466667,4.531010555648349e-07,0.00011072992419201266,16,20,False,0.995,0.005,0.66,fixed,100,none,e7f9ddb3-8f5f-4b72-9bd9-db11716f47fd
1164,154000,34.34946966171265,1.0,1.0,1.0,0.9951079999999999,0.0,0.0,0.0,0.0,0.0,0.0,0.0,0.0,0.0,0.0,0.0,0.0,0.0,0.0,0.0025,0.9975,0.047880855019754906,1888,0.0005059473621024731,4.5486713351741704e-07,0.00011083830231959968,16,20,False,0.995,0.005,0.66,fixed,100,none,e7f9ddb3-8f5f-4b72-9bd9-db11716f47fd
1165,154200,34.36775517463684,1.0,1.0,1.0,0.9951079999999999,0.0,0.0,0.0,0.0,0.0,0.0,0.0,0.0,0.0,0.0,0.0,0.0,0.0,0.0,0.0025,0.9975,0.04748663639047491,1889,0.0005048802129492426,4.5301966185160576e-07,0.00011060435235034103,16,20,False,0.995,0.005,0.66,fixed,100,none,e7f9ddb3-8f5f-4b72-9bd9-db11716f47fd
1166,154300,34.38611841201782,1.0,1.0,1.0,0.9951079999999999,0.0,0.0,0.0,0.0,0.0,0.0,0.0,0.0,0.0,0.0,0.0,0.0,0.0,0.0,0.0025,0.9975,0.04748663639047491,1889,0.0005048802129492426,4.5301966185160576e-07,0.00011060435235034103,16,20,False,0.995,0.005,0.66,fixed,100,none,e7f9ddb3-8f5f-4b72-9bd9-db11716f47fd
1167,154600,34.404459714889526,1.0,1.0,1.0,0.9951079999999999,0.0,0.0,0.0,0.0,0.0,0.0,0.0,0.0,0.0,0.0,0.0,0.0,0.0,0.0,0.0025,0.9975,0.047486636390474915,1889,0.0005072375754309074,4.577651884540029e-07,0.00011112128064763189,16,20,False,0.995,0.005,0.66,fixed,100,none,e7f9ddb3-8f5f-4b72-9bd9-db11716f47fd
1168,154700,34.42288851737976,1.0,1.0,1.0,0.9951079999999999,0.0,0.0,0.0,0.0,0.0,0.0,0.0,0.0,0.0,0.0,0.0,0.0,0.0,0.0,0.0025,0.9975,0.047486636390474915,1889,0.000506691781673824,4.5790876571105104e-07,0.00011100183367388518,16,20,False,0.995,0.005,0.66,fixed,100,none,e7f9ddb3-8f5f-4b72-9bd9-db11716f47fd
1169,154800,34.44134831428528,1.0,1.0,1.0,0.9951079999999999,0.0,0.0,0.0,0.0,0.0,0.0,0.0,0.0,0.0,0.0,0.0,0.0,0.0,0.0,0.0025,0.9975,0.0478808550197549,1888,0.0005080079726236987,4.5893208032015344e-07,0.00011129014230258848,16,20,False,0.995,0.005,0.66,fixed,100,none,e7f9ddb3-8f5f-4b72-9bd9-db11716f47fd
1170,155000,34.459718227386475,1.0,1.0,1.0,0.9951079999999999,0.0,0.0,0.0,0.0,0.0,0.0,0.0,0.0,0.0,0.0,0.0,0.0,0.0,0.0,0.0025,0.9975,0.0478808550197549,1888,0.0005072828373892065,4.595718921863606e-07,0.00011113153176401272,16,20,False,0.995,0.005,0.66,fixed,100,none,e7f9ddb3-8f5f-4b72-9bd9-db11716f47fd
1171,155100,34.47818064689636,1.0,1.0,1.0,0.9951079999999999,0.0,0.0,0.0,0.0,0.0,0.0,0.0,0.0,0.0,0.0,0.0,0.0,0.0,0.0,0.0025,0.9975,0.0478808550197549,1888,0.0005078730945943345,4.584806173740503e-07,0.00011126053172400089,16,20,False,0.995,0.005,0.66,fixed,100,none,e7f9ddb3-8f5f-4b72-9bd9-db11716f47fd
1172,155300,34.496742963790894,1.0,1.0,1.0,0.9951079999999999,0.0,0.0,0.0,0.0,0.0,0.0,0.0,0.0,0.0,0.0,0.0,0.0,0.0,0.0,0.0025,0.9975,0.047880855019754906,1888,0.0005062527261419663,4.5612187946902117e-07,0.00011090538490957555,16,20,False,0.995,0.005,0.66,fixed,100,none,e7f9ddb3-8f5f-4b72-9bd9-db11716f47fd
1173,155400,34.51514649391174,1.0,1.0,1.0,0.9951079999999999,0.0,0.0,0.0,0.0,0.0,0.0,0.0,0.0,0.0,0.0,0.0,0.0,0.0,0.0,0.0025,0.9975,0.047880855019754906,1888,0.0005077030300931985,4.5788908912021283e-07,0.00011122319221433401,16,20,False,0.995,0.005,0.66,fixed,100,none,e7f9ddb3-8f5f-4b72-9bd9-db11716f47fd
1174,155700,34.53331542015076,1.0,1.0,1.0,0.9951079999999999,0.0,0.0,0.0,0.0,0.0,0.0,0.0,0.0,0.0,0.0,0.0,0.0,0.0,0.0,0.0025,0.9975,0.047486636390474915,1889,0.0005074676106881378,4.593749496414833e-07,0.00011117194122006525,16,20,False,0.995,0.005,0.66,fixed,100,none,e7f9ddb3-8f5f-4b72-9bd9-db11716f47fd
1175,155800,34.55152463912964,1.0,1.0,1.0,0.9951079999999999,0.0,0.0,0.0,0.0,0.0,0.0,0.0,0.0,0.0,0.0,0.0,0.0,0.0,0.0,0.0025,0.9975,0.047486636390474915,1889,0.000507972316936118,4.595173989797534e-07,0.00011128244848312238,16,20,False,0.995,0.005,0.66,fixed,100,none,e7f9ddb3-8f5f-4b72-9bd9-db11716f47fd
1176,156000,34.569700956344604,1.0,1.0,1.0,0.9951079999999999,0.0,0.0,0.0,0.0,0.0,0.0,0.0,0.0,0.0,0.0,0.0,0.0,0.0,0.0,0.0025,0.9975,0.047486636390474915,1889,0.0005087028834497657,4.605949611263635e-07,0.00011144257422976772,16,20,False,0.995,0.005,0.66,fixed,100,none,e7f9ddb3-8f5f-4b72-9bd9-db11716f47fd
1177,156100,34.58803367614746,1.0,1.0,1.0,0.9951079999999999,0.0,0.0,0.0,0.0,0.0,0.0,0.0,0.0,0.0,0.0,0.0,0.0,0.0,0.0,0.0025,0.9975,0.047880855019754906,1888,0.0005092355001148348,4.613569401463942e-07,0.00011155930879376516,16,20,False,0.995,0.005,0.66,fixed,100,none,e7f9ddb3-8f5f-4b72-9bd9-db11716f47fd
1178,156400,34.606343269348145,1.0,1.0,1.0,0.9951079999999999,0.0,0.0,0.0,0.0,0.0,0.0,0.0,0.0,0.0,0.0,0.0,0.0,0.0,0.0,0.0025,0.9975,0.047486636390474915,1889,0.0005096348831220986,4.609297539178254e-07,0.00011164665256867177,16,20,False,0.995,0.005,0.66,fixed,100,none,e7f9ddb3-8f5f-4b72-9bd9-db11716f47fd
1179,156500,34.62445378303528,1.0,1.0,1.0,0.9951079999999999,0.0,0.0,0.0,0.0,0.0,0.0,0.0,0.0,0.0,0.0,0.0,0.0,0.0,0.0,0.0025,0.9975,0.047486636390474915,1889,0.0005096348831220986,4.609297539178254e-07,0.00011164665256867177,16,20,False,0.995,0.005,0.66,fixed,100,none,e7f9ddb3-8f5f-4b72-9bd9-db11716f47fd
1180,156800,34.642810106277466,1.0,1.0,1.0,0.9951079999999999,0.0,0.0,0.0,0.0,0.0,0.0,0.0,0.0,0.0,0.0,0.0,0.0,0.0,0.0,0.0025,0.9975,0.047486636390474915,1889,0.0005127686300156405,4.6516537204064395e-07,0.00011233343453111143,16,20,False,0.995,0.005,0.66,fixed,100,none,e7f9ddb3-8f5f-4b72-9bd9-db11716f47fd
1181,156900,34.66113352775574,1.0,1.0,1.0,0.9951079999999999,0.0,0.0,0.0,0.0,0.0,0.0,0.0,0.0,0.0,0.0,0.0,0.0,0.0,0.0,0.0025,0.9975,0.047486636390474915,1889,0.0005118809272757517,4.645995939350032e-07,0.0001121390089035097,16,20,False,0.995,0.005,0.66,fixed,100,none,e7f9ddb3-8f5f-4b72-9bd9-db11716f47fd
1182,157100,34.679654121398926,1.0,1.0,1.0,0.9951079999999999,0.0,0.0,0.0,0.0,0.0,0.0,0.0,0.0,0.0,0.0,0.0,0.0,0.0,0.0,0.0025,0.9975,0.047486636390474915,1889,0.0005124359743273449,4.6627665260332113e-07,0.00011226082734425044,16,20,False,0.995,0.005,0.66,fixed,100,none,e7f9ddb3-8f5f-4b72-9bd9-db11716f47fd
1183,157200,34.69845128059387,1.0,1.0,1.0,0.9951079999999999,0.0,0.0,0.0,0.0,0.0,0.0,0.0,0.0,0.0,0.0,0.0,0.0,0.0,0.0,0.0025,0.9975,0.047486636390474915,1889,0.0005114599804972057,4.659155459665721e-07,0.00011204711368457198,16,20,False,0.995,0.005,0.66,fixed,100,none,e7f9ddb3-8f5f-4b72-9bd9-db11716f47fd
1184,157300,34.717113971710205,1.0,1.0,1.0,0.9951079999999999,0.0,0.0,0.0,0.0,0.0,0.0,0.0,0.0,0.0,0.0,0.0,0.0,0.0,0.0,0.0025,0.9975,0.047486636390474915,1889,0.000510999320042545,4.651851389439497e-07,0.00011194613633371247,16,20,False,0.995,0.005,0.66,fixed,100,none,e7f9ddb3-8f5f-4b72-9bd9-db11716f47fd
1185,157500,34.73565173149109,1.0,1.0,1.0,0.9951079999999999,0.0,0.0,0.0,0.0,0.0,0.0,0.0,0.0,0.0,0.0,0.0,0.0,0.0,0.0,0.0025,0.9975,0.047880855019754906,1888,0.0005121989260532287,4.666934768961535e-07,0.00011220901667366204,16,20,False,0.995,0.005,0.66,fixed,100,none,e7f9ddb3-8f5f-4b72-9bd9-db11716f47fd
1186,157600,34.75417685508728,1.0,1.0,1.0,0.9951079999999999,0.0,0.0,0.0,0.0,0.0,0.0,0.0,0.0,0.0,0.0,0.0,0.0,0.0,0.0,0.0025,0.9975,0.047486636390474915,1889,0.000512412757663187,4.6682926062293346e-07,0.00011225585021199,16,20,False,0.995,0.005,0.66,fixed,100,none,e7f9ddb3-8f5f-4b72-9bd9-db11716f47fd
1187,157800,34.77278470993042,1.0,1.0,1.0,0.9951079999999999,0.0,0.0,0.0,0.0,0.0,0.0,0.0,0.0,0.0,0.0,0.0,0.0,0.0,0.0,0.0025,0.9975,0.047091412742382266,1890,0.0005128743321602825,4.681780496776305e-07,0.0001123571451393246,16,20,False,0.995,0.005,0.66,fixed,100,none,e7f9ddb3-8f5f-4b72-9bd9-db11716f47fd
1188,157900,34.79131031036377,1.0,1.0,1.0,0.9951079999999999,0.0,0.0,0.0,0.0,0.0,0.0,0.0,0.0,0.0,0.0,0.0,0.0,0.0,0.0,0.0025,0.9975,0.0474866363904749,1889,0.0005124969595980119,4.669651100163838e-07,0.00011227430782690793,16,20,False,0.995,0.005,0.66,fixed,100,none,e7f9ddb3-8f5f-4b72-9bd9-db11716f47fd
1189,158200,34.81005096435547,1.0,1.0,1.0,0.9951079999999999,0.0,0.0,0.0,0.0,0.0,0.0,0.0,0.0,0.0,0.0,0.0,0.0,0.0,0.0,0.0025,0.9975,0.0474866363904749,1889,0.0005135146154483413,4.6881781534865316e-07,0.00011249742470655816,16,20,False,0.995,0.005,0.66,fixed,100,none,e7f9ddb3-8f5f-4b72-9bd9-db11716f47fd
1190,158300,34.828659772872925,1.0,1.0,1.0,0.9951079999999999,0.0,0.0,0.0,0.0,0.0,0.0,0.0,0.0,0.0,0.0,0.0,0.0,0.0,0.0,0.0025,0.9975,0.0474866363904749,1889,0.0005138482845346434,4.688625385200672e-07,0.00011257047336695225,16,20,False,0.995,0.005,0.66,fixed,100,none,e7f9ddb3-8f5f-4b72-9bd9-db11716f47fd
1191,158500,34.847285747528076,1.0,1.0,1.0,0.9951079999999999,0.0,0.0,0.0,0.0,0.0,0.0,0.0,0.0,0.0,0.0,0.0,0.0,0.0,0.0,0.0025,0.9975,0.047880855019754906,1888,0.0005144668739334277,4.679588657703222e-07,0.00011270571088852368,16,20,False,0.995,0.005,0.66,fixed,100,none,e7f9ddb3-8f5f-4b72-9bd9-db11716f47fd
1192,158600,34.86703681945801,1.0,1.0,1.0,0.9951079999999999,0.0,0.0,0.0,0.0,0.0,0.0,0.0,0.0,0.0,0.0,0.0,0.0,0.0,0.0,0.0025,0.9975,0.047880855019754906,1888,0.0005145104292309289,4.676003040845949e-07,0.00011271517701642641,16,20,False,0.995,0.005,0.66,fixed,100,none,e7f9ddb3-8f5f-4b72-9bd9-db11716f47fd
1193,158700,34.88563370704651,1.0,1.0,1.0,0.9951079999999999,0.0,0.0,0.0,0.0,0.0,0.0,0.0,0.0,0.0,0.0,0.0,0.0,0.0,0.0,0.0025,0.9975,0.047880855019754906,1888,0.000514312817733729,4.669448324383493e-07,0.00011267179532007657,16,20,False,0.995,0.005,0.66,fixed,100,none,e7f9ddb3-8f5f-4b72-9bd9-db11716f47fd
1194,158900,34.903911113739014,1.0,1.0,1.0,0.9951079999999999,0.0,0.0,0.0,0.0,0.0,0.0,0.0,0.0,0.0,0.0,0.0,0.0,0.0,0.0,0.0025,0.9975,0.0474866363904749,1889,0.0005145249362404998,4.673166190716148e-07,0.00011271829870066902,16,20,False,0.995,0.005,0.66,fixed,100,none,e7f9ddb3-8f5f-4b72-9bd9-db11716f47fd
1195,159000,34.922481060028076,1.0,1.0,1.0,0.9951079999999999,0.0,0.0,0.0,0.0,0.0,0.0,0.0,0.0,0.0,0.0,0.0,0.0,0.0,0.0,0.0025,0.9975,0.047880855019754906,1888,0.0005143396181544349,4.67381892520052e-07,0.00011267774497358463,16,20,False,0.995,0.005,0.66,fixed,100,none,e7f9ddb3-8f5f-4b72-9bd9-db11716f47fd
1196,159300,34.940802335739136,1.0,1.0,1.0,0.9951079999999999,0.0,0.0,0.0,0.0,0.0,0.0,0.0,0.0,0.0,0.0,0.0,0.0,0.0,0.0,0.0025,0.9975,0.0474866363904749,1889,0.0005139185655507134,4.679014484126862e-07,0.00011258567527424958,16,20,False,0.995,0.005,0.66,fixed,100,none,e7f9ddb3-8f5f-4b72-9bd9-db11716f47fd
1197,159400,34.95886301994324,1.0,1.0,1.0,0.9951079999999999,0.0,0.0,0.0,0.0,0.0,0.0,0.0,0.0,0.0,0.0,0.0,0.0,0.0,0.0,0.0025,0.9975,0.0474866363904749,1889,0.0005146207567047569,4.695108463722269e-07,0.00011273969070348202,16,20,False,0.995,0.005,0.66,fixed,100,none,e7f9ddb3-8f5f-4b72-9bd9-db11716f47fd
1198,159600,34.97689723968506,1.0,1.0,1.0,0.9951079999999999,0.0,0.0,0.0,0.0,0.0,0.0,0.0,0.0,0.0,0.0,0.0,0.0,0.0,0.0,0.0025,0.9975,0.047880855019754906,1888,0.0005146408108120174,4.719037497553792e-07,0.00011274453519920413,16,20,False,0.995,0.005,0.66,fixed,100,none,e7f9ddb3-8f5f-4b72-9bd9-db11716f47fd
1199,159700,34.99504804611206,1.0,1.0,1.0,0.9951079999999999,0.0,0.0,0.0,0.0,0.0,0.0,0.0,0.0,0.0,0.0,0.0,0.0,0.0,0.0,0.0025,0.9975,0.047880855019754906,1888,0.0005162679743389647,4.7292832637388733e-07,0.00011310091596481041,16,20,False,0.995,0.005,0.66,fixed,100,none,e7f9ddb3-8f5f-4b72-9bd9-db11716f47fd
1200,159900,35.01353859901428,1.0,1.0,1.0,0.9951079999999999,0.0,0.0,0.0,0.0,0.0,0.0,0.0,0.0,0.0,0.0,0.0,0.0,0.0,0.0,0.0025,0.9975,0.047880855019754906,1888,0.0005175863990048324,4.766614534748207e-07,0.00011339022841831804,16,20,False,0.995,0.005,0.66,fixed,100,none,e7f9ddb3-8f5f-4b72-9bd9-db11716f47fd
1201,160000,35.031792879104614,1.0,1.0,1.0,0.9951079999999999,0.0,0.0,0.0,0.0,0.0,0.0,0.0,0.0,0.0,0.0,0.0,0.0,0.0,0.0,0.0025,0.9975,0.047880855019754906,1888,0.0005168462040872449,4.7449095511459173e-07,0.00011322778735616969,16,20,False,0.995,0.005,0.66,fixed,100,none,e7f9ddb3-8f5f-4b72-9bd9-db11716f47fd
1202,160100,35.04987025260925,1.0,1.0,1.0,0.9951079999999999,0.0,0.0,0.0,0.0,0.0,0.0,0.0,0.0,0.0,0.0,0.0,0.0,0.0,0.0,0.0025,0.9975,0.047880855019754906,1888,0.0005165782549230121,4.736745960185787e-07,0.00011316897817589088,16,20,False,0.995,0.005,0.66,fixed,100,none,e7f9ddb3-8f5f-4b72-9bd9-db11716f47fd
1203,160400,35.06800150871277,1.0,1.0,1.0,0.9951079999999999,0.0,0.0,0.0,0.0,0.0,0.0,0.0,0.0,0.0,0.0,0.0,0.0,0.0,0.0,0.0025,0.9975,0.047880855019754906,1888,0.0005181512829509772,4.7600605529760076e-07,0.00011351375698847545,16,20,False,0.995,0.005,0.66,fixed,100,none,e7f9ddb3-8f5f-4b72-9bd9-db11716f47fd
1204,160500,35.08614683151245,1.0,1.0,1.0,0.9951079999999999,0.0,0.0,0.0,0.0,0.0,0.0,0.0,0.0,0.0,0.0,0.0,0.0,0.0,0.0,0.0025,0.9975,0.047880855019754906,1888,0.0005190058573534852,4.761509717113201e-07,0.00011370085085930306,16,20,False,0.995,0.005,0.66,fixed,100,none,e7f9ddb3-8f5f-4b72-9bd9-db11716f47fd
1205,160700,35.10459637641907,1.0,1.0,1.0,0.9951079999999999,0.0,0.0,0.0,0.0,0.0,0.0,0.0,0.0,0.0,0.0,0.0,0.0,0.0,0.0,0.0025,0.9975,0.04827406863022217,1887,0.0005174456300568958,4.7368575020303527e-07,0.00011335884871199307,16,20,False,0.995,0.005,0.66,fixed,100,none,e7f9ddb3-8f5f-4b72-9bd9-db11716f47fd
1206,160800,35.12276363372803,1.0,1.0,1.0,0.9951079999999999,0.0,0.0,0.0,0.0,0.0,0.0,0.0,0.0,0.0,0.0,0.0,0.0,0.0,0.0,0.0025,0.9975,0.04827406863022217,1887,0.0005182404493695508,4.7496018455363057e-07,0.00011353307680205987,16,20,False,0.995,0.005,0.66,fixed,100,none,e7f9ddb3-8f5f-4b72-9bd9-db11716f47fd
1207,161100,35.14089369773865,1.0,1.0,1.0,0.9951079999999999,0.0,0.0,0.0,0.0,0.0,0.0,0.0,0.0,0.0,0.0,0.0,0.0,0.0,0.0,0.0025,0.9975,0.04827406863022217,1887,0.0005187066332230756,4.7666789633219863e-07,0.00011363544891283437,16,20,False,0.995,0.005,0.66,fixed,100,none,e7f9ddb3-8f5f-4b72-9bd9-db11716f47fd
1208,161200,35.15905737876892,1.0,1.0,1.0,0.9951079999999999,0.0,0.0,0.0,0.0,0.0,0.0,0.0,0.0,0.0,0.0,0.0,0.0,0.0,0.0,0.0025,0.9975,0.04827406863022217,1887,0.0005200050256683361,4.77824330148249e-07,0.00011391988674152695,16,20,False,0.995,0.005,0.66,fixed,100,none,e7f9ddb3-8f5f-4b72-9bd9-db11716f47fd
1209,161300,35.177485704422,1.0,1.0,1.0,0.9951079999999999,0.0,0.0,0.0,0.0,0.0,0.0,0.0,0.0,0.0,0.0,0.0,0.0,0.0,0.0,0.0025,0.9975,0.04827406863022217,1887,0.0005213832661732271,4.78572044102296e-07,0.00011422172565369885,16,20,False,0.995,0.005,0.66,fixed,100,none,e7f9ddb3-8f5f-4b72-9bd9-db11716f47fd
1210,161400,35.19580268859863,1.0,1.0,1.0,0.9951079999999999,0.0,0.0,0.0,0.0,0.0,0.0,0.0,0.0,0.0,0.0,0.0,0.0,0.0,0.0,0.0025,0.9975,0.04827406863022217,1887,0.0005202875583340423,4.782501510589325e-07,0.00011398181404802307,16,20,False,0.995,0.005,0.66,fixed,100,none,e7f9ddb3-8f5f-4b72-9bd9-db11716f47fd
1211,161500,35.21383547782898,1.0,1.0,1.0,0.9951079999999999,0.0,0.0,0.0,0.0,0.0,0.0,0.0,0.0,0.0,0.0,0.0,0.0,0.0,0.0,0.0025,0.9975,0.04827406863022217,1887,0.0005210320585660892,4.786268186255468e-07,0.00011414485671565578,16,20,False,0.995,0.005,0.66,fixed,100,none,e7f9ddb3-8f5f-4b72-9bd9-db11716f47fd
1212,161800,35.23199415206909,1.0,1.0,1.0,0.9951079999999999,0.0,0.0,0.0,0.0,0.0,0.0,0.0,0.0,0.0,0.0,0.0,0.0,0.0,0.0,0.0025,0.9975,0.04788085501975489,1888,0.0005217980649329895,4.79626512801563e-07,0.0001143127254512637,16,20,False,0.995,0.005,0.66,fixed,100,none,e7f9ddb3-8f5f-4b72-9bd9-db11716f47fd
1213,161900,35.25024366378784,1.0,1.0,1.0,0.9951079999999999,0.0,0.0,0.0,0.0,0.0,0.0,0.0,0.0,0.0,0.0,0.0,0.0,0.0,0.0,0.0025,0.9975,0.04788085501975489,1888,0.000521431171056383,4.796937581111918e-07,0.00011423242515828336,16,20,False,0.995,0.005,0.66,fixed,100,none,e7f9ddb3-8f5f-4b72-9bd9-db11716f47fd
1214,162200,35.26864957809448,1.0,1.0,1.0,0.9951079999999999,0.0,0.0,0.0,0.0,0.0,0.0,0.0,0.0,0.0,0.0,0.0,0.0,0.0,0.0,0.0025,0.9975,0.048274068630222176,1887,0.0005218892567934468,4.793610582654783e-07,0.00011433263691315597,16,20,False,0.995,0.005,0.66,fixed,100,none,e7f9ddb3-8f5f-4b72-9bd9-db11716f47fd
1215,162300,35.287047386169434,1.0,1.0,1.0,0.9951079999999999,0.0,0.0,0.0,0.0,0.0,0.0,0.0,0.0,0.0,0.0,0.0,0.0,0.0,0.0,0.0025,0.9975,0.048274068630222176,1887,0.0005234932174375506,4.811103054589283e-07,0.00011468407625511702,16,20,False,0.995,0.005,0.66,fixed,100,none,e7f9ddb3-8f5f-4b72-9bd9-db11716f47fd
1216,162500,35.305306911468506,1.0,1.0,1.0,0.9951079999999999,0.0,0.0,0.0,0.0,0.0,0.0,0.0,0.0,0.0,0.0,0.0,0.0,0.0,0.0,0.0025,0.9975,0.047880855019754906,1888,0.0005227366503116279,4.809828800767097e-07,0.00011451843950042992,16,20,False,0.995,0.005,0.66,fixed,100,none,e7f9ddb3-8f5f-4b72-9bd9-db11716f47fd
1217,162600,35.32345986366272,1.0,1.0,1.0,0.9951079999999999,0.0,0.0,0.0,0.0,0.0,0.0,0.0,0.0,0.0,0.0,0.0,0.0,0.0,0.0,0.0025,0.9975,0.047486636390474915,1889,0.0005226939517094149,4.80543642262388e-07,0.0001145090093212208,16,20,False,0.995,0.005,0.66,fixed,100,none,e7f9ddb3-8f5f-4b72-9bd9-db11716f47fd
1218,162900,35.341896772384644,1.0,1.0,1.0,0.9951079999999999,0.0,0.0,0.0,0.0,0.0,0.0,0.0,0.0,0.0,0.0,0.0,0.0,0.0,0.0,0.0025,0.9975,0.047486636390474915,1889,0.0005224834569561583,4.807295053266094e-07,0.0001144629673337151,16,20,False,0.995,0.005,0.66,fixed,100,none,e7f9ddb3-8f5f-4b72-9bd9-db11716f47fd
1219,163000,35.360225677490234,1.0,1.0,1.0,0.9951079999999999,0.0,0.0,0.0,0.0,0.0,0.0,0.0,0.0,0.0,0.0,0.0,0.0,0.0,0.0,0.0025,0.9975,0.047486636390474915,1889,0.0005225612799557131,4.812324936373265e-07,0.00011448009835609668,16,20,False,0.995,0.005,0.66,fixed,100,none,e7f9ddb3-8f5f-4b72-9bd9-db11716f47fd
1220,163200,35.37843680381775,1.0,1.0,1.0,0.9951079999999999,0.0,0.0,0.0,0.0,0.0,0.0,0.0,0.0,0.0,0.0,0.0,0.0,0.0,0.0,0.0025,0.9975,0.047880855019754906,1888,0.0005198942789262908,4.7679428446495084e-07,0.00011389544857101342,16,20,False,0.995,0.005,0.66,fixed,100,none,e7f9ddb3-8f5f-4b72-9bd9-db11716f47fd
1221,163300,35.39656066894531,1.0,1.0,1.0,0.9951079999999999,0.0,0.0,0.0,0.0,0.0,0.0,0.0,0.0,0.0,0.0,0.0,0.0,0.0,0.0,0.0025,0.9975,0.047880855019754906,1888,0.000519614859625219,4.765036549405299e-07,0.00011383422846639915,16,20,False,0.995,0.005,0.66,fixed,100,none,e7f9ddb3-8f5f-4b72-9bd9-db11716f47fd
1222,163600,35.41481328010559,1.0,1.0,1.0,0.9951079999999999,0.0,0.0,0.0,0.0,0.0,0.0,0.0,0.0,0.0,0.0,0.0,0.0,0.0,0.0,0.0025,0.9975,0.047486636390474915,1889,0.00052027129780165,4.783959928261988e-07,0.00011397828232741816,16,20,False,0.995,0.005,0.66,fixed,100,none,e7f9ddb3-8f5f-4b72-9bd9-db11716f47fd
1223,163700,35.433180809020996,1.0,1.0,1.0,0.9951079999999999,0.0,0.0,0.0,0.0,0.0,0.0,0.0,0.0,0.0,0.0,0.0,0.0,0.0,0.0,0.0025,0.9975,0.047880855019754906,1888,0.0005201136720805326,4.786987285504683e-07,0.00011394383557685318,16,20,False,0.995,0.005,0.66,fixed,100,none,e7f9ddb3-8f5f-4b72-9bd9-db11716f47fd
1224,163800,35.451703786849976,1.0,1.0,1.0,0.9951079999999999,0.0,0.0,0.0,0.0,0.0,0.0,0.0,0.0,0.0,0.0,0.0,0.0,0.0,0.0,0.0025,0.9975,0.047880855019754906,1888,0.0005198623355462339,4.776524482033041e-07,0.00011388861921622923,16,20,False,0.995,0.005,0.66,fixed,100,none,e7f9ddb3-8f5f-4b72-9bd9-db11716f47fd
1225,163900,35.47011113166809,1.0,1.0,1.0,0.9951079999999999,0.0,0.0,0.0,0.0,0.0,0.0,0.0,0.0,0.0,0.0,0.0,0.0,0.0,0.0,0.0025,0.9975,0.047486636390474915,1889,0.0005203090325287004,4.78286400546006e-07,0.00011398652163663626,16,20,False,0.995,0.005,0.66,fixed,100,none,e7f9ddb3-8f5f-4b72-9bd9-db11716f47fd
1226,164000,35.48858880996704,1.0,1.0,1.0,0.9951079999999999,0.0,0.0,0.0,0.0,0.0,0.0,0.0,0.0,0.0,0.0,0.0,0.0,0.0,0.0,0.0025,0.9975,0.047880855019754906,1888,0.0005207477285798204,4.778809151774731e-07,0.00011408247516000642,16,20,False,0.995,0.005,0.66,fixed,100,none,e7f9ddb3-8f5f-4b72-9bd9-db11716f47fd
1227,164100,35.507161140441895,1.0,1.0,1.0,0.9951079999999999,0.0,0.0,0.0,0.0,0.0,0.0,0.0,0.0,0.0,0.0,0.0,0.0,0.0,0.0,0.0025,0.9975,0.047880855019754906,1888,0.0005210866493068723,4.781424864206175e-07,0.00011415671460569428,16,20,False,0.995,0.005,0.66,fixed,100,none,e7f9ddb3-8f5f-4b72-9bd9-db11716f47fd
1228,164300,35.525864362716675,1.0,1.0,1.0,0.9951079999999999,0.0,0.0,0.0,0.0,0.0,0.0,0.0,0.0,0.0,0.0,0.0,0.0,0.0,0.0,0.0025,0.9975,0.04788085501975489,1888,0.0005205808769073516,4.778835432468362e-07,0.00011404595182823618,16,20,False,0.995,0.005,0.66,fixed,100,none,e7f9ddb3-8f5f-4b72-9bd9-db11716f47fd
1229,164400,35.54446721076965,1.0,1.0,1.0,0.9951079999999999,0.0,0.0,0.0,0.0,0.0,0.0,0.0,0.0,0.0,0.0,0.0,0.0,0.0,0.0,0.0025,0.9975,0.04788085501975489,1888,0.0005215426880453186,4.791111133978579e-07,0.00011425672552466583,16,20,False,0.995,0.005,0.66,fixed,100,none,e7f9ddb3-8f5f-4b72-9bd9-db11716f47fd
1230,164700,35.56308341026306,1.0,1.0,1.0,0.9951079999999999,0.0,0.0,0.0,0.0,0.0,0.0,0.0,0.0,0.0,0.0,0.0,0.0,0.0,0.0,0.0025,0.9975,0.047486636390474915,1889,0.0005216494338438587,4.791093756089492e-07,0.00011428009184978639,16,20,False,0.995,0.005,0.66,fixed,100,none,e7f9ddb3-8f5f-4b72-9bd9-db11716f47fd
1231,164800,35.58152484893799,1.0,1.0,1.0,0.9951079999999999,0.0,0.0,0.0,0.0,0.0,0.0,0.0,0.0,0.0,0.0,0.0,0.0,0.0,0.0,0.0025,0.9975,0.047486636390474915,1889,0.0005213033879956994,4.789064770673012e-07,0.00011420430386290139,16,20,False,0.995,0.005,0.66,fixed,100,none,e7f9ddb3-8f5f-4b72-9bd9-db11716f47fd
1232,165000,35.60005044937134,1.0,1.0,1.0,0.9951079999999999,0.0,0.0,0.0,0.0,0.0,0.0,0.0,0.0,0.0,0.0,0.0,0.0,0.0,0.0,0.0025,0.9975,0.047486636390474915,1889,0.0005225753992120516,4.788664892694767e-07,0.00011448273952047931,16,20,False,0.995,0.005,0.66,fixed,100,none,e7f9ddb3-8f5f-4b72-9bd9-db11716f47fd
1233,165100,35.61842894554138,1.0,1.0,1.0,0.9951079999999999,0.0,0.0,0.0,0.0,0.0,0.0,0.0,0.0,0.0,0.0,0.0,0.0,0.0,0.0,0.0025,0.9975,0.047486636390474915,1889,0.0005226792153130308,4.7907449360748e-07,0.00011450550438580788,16,20,False,0.995,0.005,0.66,fixed,100,none,e7f9ddb3-8f5f-4b72-9bd9-db11716f47fd
1234,165200,35.63666081428528,1.0,1.0,1.0,0.9951079999999999,0.0,0.0,0.0,0.0,0.0,0.0,0.0,0.0,0.0,0.0,0.0,0.0,0.0,0.0,0.0025,0.9975,0.047486636390474915,1889,0.0005242829939865781,4.80694235700153e-07,0.00011485687928844498,16,20,False,0.995,0.005,0.66,fixed,100,none,e7f9ddb3-8f5f-4b72-9bd9-db11716f47fd
1235,165300,35.65497899055481,1.0,1.0,1.0,0.9951079999999999,0.0,0.0,0.0,0.0,0.0,0.0,0.0,0.0,0.0,0.0,0.0,0.0,0.0,0.0,0.0025,0.9975,0.047486636390474915,1889,0.0005252137179917079,4.818938610590315e-07,0.00011506084270198609,16,20,False,0.995,0.005,0.66,fixed,100,none,e7f9ddb3-8f5f-4b72-9bd9-db11716f47fd
1236,165400,35.673258781433105,1.0,1.0,1.0,0.9951079999999999,0.0,0.0,0.0,0.0,0.0,0.0,0.0,0.0,0.0,0.0,0.0,0.0,0.0,0.0,0.0025,0.9975,0.047486636390474915,1889,0.000527139243585334,4.835231161519778e-07,0.0001154826498128985,16,20,False,0.995,0.005,0.66,fixed,100,none,e7f9ddb3-8f5f-4b72-9bd9-db11716f47fd
1237,165500,35.691850900650024,1.0,1.0,1.0,0.9951079999999999,0.0,0.0,0.0,0.0,0.0,0.0,0.0,0.0,0.0,0.0,0.0,0.0,0.0,0.0,0.0025,0.9975,0.047486636390474915,1889,0.0005271697648275672,4.823943072821074e-07,0.00011548911643913808,16,20,False,0.995,0.005,0.66,fixed,100,none,e7f9ddb3-8f5f-4b72-9bd9-db11716f47fd
1238,165800,35.710193157196045,1.0,1.0,1.0,0.9951079999999999,0.0,0.0,0.0,0.0,0.0,0.0,0.0,0.0,0.0,0.0,0.0,0.0,0.0,0.0,0.0025,0.9975,0.047880855019754906,1888,0.0005278203689552378,4.834577665214964e-07,0.00011563173573994066,16,20,False,0.995,0.005,0.66,fixed,100,none,e7f9ddb3-8f5f-4b72-9bd9-db11716f47fd
1239,165900,35.72863221168518,1.0,1.0,1.0,0.9951079999999999,0.0,0.0,0.0,0.0,0.0,0.0,0.0,0.0,0.0,0.0,0.0,0.0,0.0,0.0,0.0025,0.9975,0.047091412742382266,1890,0.0005289320024241821,4.837959458397597e-07,0.00011587513656036303,16,20,False,0.995,0.005,0.66,fixed,100,none,e7f9ddb3-8f5f-4b72-9bd9-db11716f47fd
1240,166100,35.747161865234375,1.0,1.0,1.0,0.9951079999999999,0.0,0.0,0.0,0.0,0.0,0.0,0.0,0.0,0.0,0.0,0.0,0.0,0.0,0.0,0.0025,0.9975,0.047091412742382266,1890,0.0005286368043189458,4.866080935998241e-07,0.00011581105200320122,16,20,False,0.995,0.005,0.66,fixed,100,none,e7f9ddb3-8f5f-4b72-9bd9-db11716f47fd
1241,166200,35.76556754112244,1.0,1.0,1.0,0.9951079999999999,0.0,0.0,0.0,0.0,0.0,0.0,0.0,0.0,0.0,0.0,0.0,0.0,0.0,0.0,0.0025,0.9975,0.04788085501975489,1888,0.000527585741840009,4.864953696947732e-07,0.00011558095300901998,16,20,False,0.995,0.005,0.66,fixed,100,none,e7f9ddb3-8f5f-4b72-9bd9-db11716f47fd
1242,166500,35.78393340110779,1.0,1.0,1.0,0.9951079999999999,0.0,0.0,0.0,0.0,0.0,0.0,0.0,0.0,0.0,0.0,0.0,0.0,0.0,0.0,0.0025,0.9975,0.04788085501975489,1888,0.0005277296448727781,4.888269673407586e-07,0.00011561289638644588,16,20,False,0.995,0.005,0.66,fixed,100,none,e7f9ddb3-8f5f-4b72-9bd9-db11716f47fd
1243,166600,35.80211901664734,1.0,1.0,1.0,0.9951079999999999,0.0,0.0,0.0,0.0,0.0,0.0,0.0,0.0,0.0,0.0,0.0,0.0,0.0,0.0,0.0025,0.9975,0.04788085501975489,1888,0.0005283060620224936,4.898192845864717e-07,0.00011573926264079527,16,20,False,0.995,0.005,0.66,fixed,100,none,e7f9ddb3-8f5f-4b72-9bd9-db11716f47fd
1244,166800,35.82049012184143,1.0,1.0,1.0,0.9951079999999999,0.0,0.0,0.0,0.0,0.0,0.0,0.0,0.0,0.0,0.0,0.0,0.0,0.0,0.0,0.0025,0.9975,0.047486636390474915,1889,0.0005294147318579378,4.906653187447541e-07,0.00011598211121426409,16,20,False,0.995,0.005,0.66,fixed,100,none,e7f9ddb3-8f5f-4b72-9bd9-db11716f47fd
1245,166900,35.83879327774048,1.0,1.0,1.0,0.9951079999999999,0.0,0.0,0.0,0.0,0.0,0.0,0.0,0.0,0.0,0.0,0.0,0.0,0.0,0.0,0.0025,0.9975,0.04788085501975489,1888,0.0005307211473155832,4.921982390988954e-07,0.00011626837681280996,16,20,False,0.995,0.005,0.66,fixed,100,none,e7f9ddb3-8f5f-4b72-9bd9-db11716f47fd
1246,167200,35.857160329818726,1.0,1.0,1.0,0.9951079999999999,0.0,0.0,0.0,0.0,0.0,0.0,0.0,0.0,0.0,0.0,0.0,0.0,0.0,0.0,0.0025,0.9975,0.04788085501975489,1888,0.0005344244468141484,4.985001754115463e-07,0.00011708022644094528,16,20,False,0.995,0.005,0.66,fixed,100,none,e7f9ddb3-8f5f-4b72-9bd9-db11716f47fd
1247,167300,35.87545680999756,1.0,1.0,1.0,0.9951079999999999,0.0,0.0,0.0,0.0,0.0,0.0,0.0,0.0,0.0,0.0,0.0,0.0,0.0,0.0,0.0025,0.9975,0.04788085501975489,1888,0.0005348515663531192,4.997940839949129e-07,0.00011717396875065683,16,20,False,0.995,0.005,0.66,fixed,100,none,e7f9ddb3-8f5f-4b72-9bd9-db11716f47fd
1248,167600,35.893773794174194,1.0,1.0,1.0,0.9951079999999999,0.0,0.0,0.0,0.0,0.0,0.0,0.0,0.0,0.0,0.0,0.0,0.0,0.0,0.0,0.0025,0.9975,0.04788085501975489,1888,0.0005363784860900908,5.004991141421356e-07,0.0001175083454368079,16,20,False,0.995,0.005,0.66,fixed,100,none,e7f9ddb3-8f5f-4b72-9bd9-db11716f47fd
1249,167700,35.91205143928528,1.0,1.0,1.0,0.9951079999999999,0.0,0.0,0.0,0.0,0.0,0.0,0.0,0.0,0.0,0.0,0.0,0.0,0.0,0.0,0.0025,0.9975,0.04788085501975489,1888,0.0005369443734005894,5.017109580448454e-07,0.00011763244841941755,16,20,False,0.995,0.005,0.66,fixed,100,none,e7f9ddb3-8f5f-4b72-9bd9-db11716f47fd
1250,167900,35.9303457736969,1.0,1.0,1.0,0.9951079999999999,0.0,0.0,0.0,0.0,0.0,0.0,0.0,0.0,0.0,0.0,0.0,0.0,0.0,0.0,0.0025,0.9975,0.04788085501975489,1888,0.0005353972582799862,4.999376836783392e-07,0.00011729344799738787,16,20,False,0.995,0.005,0.66,fixed,100,none,e7f9ddb3-8f5f-4b72-9bd9-db11716f47fd
1251,168000,35.94887328147888,1.0,1.0,1.0,0.9951079999999999,0.0,0.0,0.0,0.0,0.0,0.0,0.0,0.0,0.0,0.0,0.0,0.0,0.0,0.0,0.0025,0.9975,0.047880855019754906,1888,0.000535907904606809,5.022533383781987e-07,0.00011740566845272237,16,20,False,0.995,0.005,0.66,fixed,100,none,e7f9ddb3-8f5f-4b72-9bd9-db11716f47fd
1252,168300,35.96713662147522,1.0,1.0,1.0,0.9951079999999999,0.0,0.0,0.0,0.0,0.0,0.0,0.0,0.0,0.0,0.0,0.0,0.0,0.0,0.0,0.0025,0.9975,0.047880855019754906,1888,0.0005366656682292561,5.035416094368434e-07,0.00011757178768117716,16,20,False,0.995,0.005,0.66,fixed,100,none,e7f9ddb3-8f5f-4b72-9bd9-db11716f47fd
1253,168400,35.985031843185425,1.0,1.0,1.0,0.9951079999999999,0.0,0.0,0.0,0.0,0.0,0.0,0.0,0.0,0.0,0.0,0.0,0.0,0.0,0.0,0.0025,0.9975,0.047880855019754906,1888,0.000537547388705905,5.061675687033884e-07,0.00011776529522577625,16,20,False,0.995,0.005,0.66,fixed,100,none,e7f9ddb3-8f5f-4b72-9bd9-db11716f47fd
1254,168600,36.003450870513916,1.0,1.0,1.0,0.9951079999999999,0.0,0.0,0.0,0.0,0.0,0.0,0.0,0.0,0.0,0.0,0.0,0.0,0.0,0.0,0.0025,0.9975,0.047880855019754906,1888,0.0005388140199492646,5.08198389941589e-07,0.00011804294666098291,16,20,False,0.995,0.005,0.66,fixed,100,none,e7f9ddb3-8f5f-4b72-9bd9-db11716f47fd
1255,168700,36.02215766906738,1.0,1.0,1.0,0.9951079999999999,0.0,0.0,0.0,0.0,0.0,0.0,0.0,0.0,0.0,0.0,0.0,0.0,0.0,0.0,0.0025,0.9975,0.047880855019754906,1888,0.0005415983184017598,5.115432022328288e-07,0.00011865306510656946,16,20,False,0.995,0.005,0.66,fixed,100,none,e7f9ddb3-8f5f-4b72-9bd9-db11716f47fd
1256,169000,36.04059648513794,1.0,1.0,1.0,0.9951079999999999,0.0,0.0,0.0,0.0,0.0,0.0,0.0,0.0,0.0,0.0,0.0,0.0,0.0,0.0,0.0025,0.9975,0.047880855019754906,1888,0.0005426528604703948,5.135251037396444e-07,0.00011888428092667997,16,20,False,0.995,0.005,0.66,fixed,100,none,e7f9ddb3-8f5f-4b72-9bd9-db11716f47fd
1257,169100,36.05903434753418,1.0,1.0,1.0,0.9951079999999999,0.0,0.0,0.0,0.0,0.0,0.0,0.0,0.0,0.0,0.0,0.0,0.0,0.0,0.0,0.0025,0.9975,0.047880855019754906,1888,0.0005423668562786429,5.136520181736881e-07,0.00011882169872284794,16,20,False,0.995,0.005,0.66,fixed,100,none,e7f9ddb3-8f5f-4b72-9bd9-db11716f47fd
1258,169300,36.077452659606934,1.0,1.0,1.0,0.9951079999999999,0.0,0.0,0.0,0.0,0.0,0.0,0.0,0.0,0.0,0.0,0.0,0.0,0.0,0.0,0.0025,0.9975,0.047880855019754906,1888,0.0005425460834793563,5.14415520506228e-07,0.00011886107662252729,16,20,False,0.995,0.005,0.66,fixed,100,none,e7f9ddb3-8f5f-4b72-9bd9-db11716f47fd
1259,169400,36.096049070358276,1.0,1.0,1.0,0.9951079999999999,0.0,0.0,0.0,0.0,0.0,0.0,0.0,0.0,0.0,0.0,0.0,0.0,0.0,0.0,0.0025,0.9975,0.047880855019754906,1888,0.0005437849459377069,5.158272819637293e-07,0.00011913253184933716,16,20,False,0.995,0.005,0.66,fixed,100,none,e7f9ddb3-8f5f-4b72-9bd9-db11716f47fd
1260,169500,36.11468052864075,1.0,1.0,1.0,0.9951079999999999,0.0,0.0,0.0,0.0,0.0,0.0,0.0,0.0,0.0,0.0,0.0,0.0,0.0,0.0,0.0025,0.9975,0.047880855019754906,1888,0.0005437550671432899,5.158665519682982e-07,0.00011912599884254014,16,20,False,0.995,0.005,0.66,fixed,100,none,e7f9ddb3-8f5f-4b72-9bd9-db11716f47fd
1261,169700,36.133161544799805,1.0,1.0,1.0,0.9951079999999999,0.0,0.0,0.0,0.0,0.0,0.0,0.0,0.0,0.0,0.0,0.0,0.0,0.0,0.0,0.0025,0.9975,0.047880855019754906,1888,0.0005451250329948858,5.185593781627361e-07,0.00011942639600443143,16,20,False,0.995,0.005,0.66,fixed,100,none,e7f9ddb3-8f5f-4b72-9bd9-db11716f47fd
1262,169800,36.15170979499817,1.0,1.0,1.0,0.9951079999999999,0.0,0.0,0.0,0.0,0.0,0.0,0.0,0.0,0.0,0.0,0.0,0.0,0.0,0.0,0.0025,0.9975,0.047880855019754906,1888,0.0005450452186904378,5.178996048039139e-07,0.00011940879929624958,16,20,False,0.995,0.005,0.66,fixed,100,none,e7f9ddb3-8f5f-4b72-9bd9-db11716f47fd
1263,170100,36.170156717300415,1.0,1.0,1.0,0.9951079999999999,0.0,0.0,0.0,0.0,0.0,0.0,0.0,0.0,0.0,0.0,0.0,0.0,0.0,0.0,0.0025,0.9975,0.047880855019754906,1888,0.0005474433446853242,5.210012893929459e-07,0.00011993433839660213,16,20,False,0.995,0.005,0.66,fixed,100,none,e7f9ddb3-8f5f-4b72-9bd9-db11716f47fd
1264,170200,36.18856906890869,1.0,1.0,1.0,0.9951079999999999,0.0,0.0,0.0,0.0,0.0,0.0,0.0,0.0,0.0,0.0,0.0,0.0,0.0,0.0,0.0025,0.9975,0.047880855019754906,1888,0.0005482313011966584,5.239609441424051e-07,0.00012010738441133559,16,20,False,0.995,0.005,0.66,fixed,100,none,e7f9ddb3-8f5f-4b72-9bd9-db11716f47fd
1265,170500,36.20704507827759,1.0,1.0,1.0,0.9951079999999999,0.0,0.0,0.0,0.0,0.0,0.0,0.0,0.0,0.0,0.0,0.0,0.0,0.0,0.0,0.0025,0.9975,0.047880855019754906,1888,0.0005489925346586214,5.243405254316564e-07,0.00012027409053660425,16,20,False,0.995,0.005,0.66,fixed,100,none,e7f9ddb3-8f5f-4b72-9bd9-db11716f47fd
1266,170600,36.22536277770996,1.0,1.0,1.0,0.9951079999999999,0.0,0.0,0.0,0.0,0.0,0.0,0.0,0.0,0.0,0.0,0.0,0.0,0.0,0.0,0.0025,0.9975,0.047880855019754906,1888,0.0005496762061329076,5.248248639515395e-07,0.00012042383824664428,16,20,False,0.995,0.005,0.66,fixed,100,none,e7f9ddb3-8f5f-4b72-9bd9-db11716f47fd
1267,170700,36.243630170822144,1.0,1.0,1.0,0.9951079999999999,0.0,0.0,0.0,0.0,0.0,0.0,0.0,0.0,0.0,0.0,0.0,0.0,0.0,0.0,0.0025,0.9975,0.047880855019754906,1888,0.0005502375858064276,5.242954895863247e-07,0.00012054662367604841,16,20,False,0.995,0.005,0.66,fixed,100,none,e7f9ddb3-8f5f-4b72-9bd9-db11716f47fd
1268,170800,36.26224637031555,1.0,1.0,1.0,0.9951079999999999,0.0,0.0,0.0,0.0,0.0,0.0,0.0,0.0,0.0,0.0,0.0,0.0,0.0,0.0,0.0025,0.9975,0.04788085501975489,1888,0.0005490558788196146,5.236687650009575e-07,0.00012028782893896384,16,20,False,0.995,0.005,0.66,fixed,100,none,e7f9ddb3-8f5f-4b72-9bd9-db11716f47fd
1269,170900,36.280977964401245,1.0,1.0,1.0,0.9951079999999999,0.0,0.0,0.0,0.0,0.0,0.0,0.0,0.0,0.0,0.0,0.0,0.0,0.0,0.0,0.0025,0.9975,0.04827406863022217,1887,0.0005487473714640995,5.231690926364066e-07,0.00012022020174109231,16,20,False,0.995,0.005,0.66,fixed,100,none,e7f9ddb3-8f5f-4b72-9bd9-db11716f47fd
1270,171200,36.29956865310669,1.0,1.0,1.0,0.9951079999999999,0.0,0.0,0.0,0.0,0.0,0.0,0.0,0.0,0.0,0.0,0.0,0.0,0.0,0.0,0.0025,0.9975,0.04748663639047492,1889,0.0005488362899939681,5.238210228560141e-07,0.00012023978987402227,16,20,False,0.995,0.005,0.66,fixed,100,none,e7f9ddb3-8f5f-4b72-9bd9-db11716f47fd
1271,171300,36.318320989608765,1.0,1.0,1.0,0.9951079999999999,0.0,0.0,0.0,0.0,0.0,0.0,0.0,0.0,0.0,0.0,0.0,0.0,0.0,0.0,0.0025,0.9975,0.047880855019754906,1888,0.0005472710536700553,5.225835335405693e-07,0.00011989692451974782,16,20,False,0.995,0.005,0.66,fixed,100,none,e7f9ddb3-8f5f-4b72-9bd9-db11716f47fd
1272,171500,36.337048053741455,1.0,1.0,1.0,0.9951079999999999,0.0,0.0,0.0,0.0,0.0,0.0,0.0,0.0,0.0,0.0,0.0,0.0,0.0,0.0,0.0025,0.9975,0.047880855019754906,1888,0.0005472871825813004,5.242576317691393e-07,0.0001199007732170828,16,20,False,0.995,0.005,0.66,fixed,100,none,e7f9ddb3-8f5f-4b72-9bd9-db11716f47fd
1273,171600,36.35608434677124,1.0,1.0,1.0,0.9951079999999999,0.0,0.0,0.0,0.0,0.0,0.0,0.0,0.0,0.0,0.0,0.0,0.0,0.0,0.0,0.0025,0.9975,0.04788085501975489,1888,0.0005468738004011288,5.225455844587023e-07,0.00011980995856885425,16,20,False,0.995,0.005,0.66,fixed,100,none,e7f9ddb3-8f5f-4b72-9bd9-db11716f47fd
1274,171900,36.37486267089844,1.0,1.0,1.0,0.9951079999999999,0.0,0.0,0.0,0.0,0.0,0.0,0.0,0.0,0.0,0.0,0.0,0.0,0.0,0.0,0.0025,0.9975,0.04788085501975489,1888,0.000545594843205045,5.176310766138549e-07,0.00011952906108214099,16,20,False,0.995,0.005,0.66,fixed,100,none,e7f9ddb3-8f5f-4b72-9bd9-db11716f47fd
1275,172000,36.39352774620056,0.99900075,0.999002,1.0,0.9960719999999998,0.0,0.0,0.0,0.0,0.0,0.0,0.0005,0.0,0.0,0.0,0.0005,0.0,0.0,0.0,0.002,0.9975,0.04788085501975489,1888,0.0005453214626048788,5.177199179558395e-07,0.00011946923494861958,16,20,False,0.995,0.005,0.66,fixed,100,none,e7f9ddb3-8f5f-4b72-9bd9-db11716f47fd
1276,172100,36.41214084625244,1.0,1.0,1.0,0.9951079999999999,0.0,0.0,0.0,0.0,0.0,0.0,0.0,0.0,0.0,0.0,0.0,0.0,0.0,0.0,0.0025,0.9975,0.04788085501975489,1888,0.0005464859750646903,5.187544112270994e-07,0.00011972434327979387,16,20,False,0.995,0.005,0.66,fixed,100,none,e7f9ddb3-8f5f-4b72-9bd9-db11716f47fd
1277,172200,36.43076229095459,1.0,1.0,1.0,0.9951079999999999,0.0,0.0,0.0,0.0,0.0,0.0,0.0,0.0,0.0,0.0,0.0,0.0,0.0,0.0,0.0025,0.9975,0.04788085501975489,1888,0.0005467267478779394,5.205204496728772e-07,0.00011977738399591878,16,20,False,0.995,0.005,0.66,fixed,100,none,e7f9ddb3-8f5f-4b72-9bd9-db11716f47fd
1278,172300,36.45023155212402,1.0,1.0,1.0,0.9951079999999999,0.0,0.0,0.0,0.0,0.0,0.0,0.0,0.0,0.0,0.0,0.0,0.0,0.0,0.0,0.0025,0.9975,0.04788085501975489,1888,0.0005475552246909137,5.216134021970674e-07,0.00011995894523125845,16,20,False,0.995,0.005,0.66,fixed,100,none,e7f9ddb3-8f5f-4b72-9bd9-db11716f47fd
1279,172400,36.468538761138916,1.0,1.0,1.0,0.9951079999999999,0.0,0.0,0.0,0.0,0.0,0.0,0.0,0.0,0.0,0.0,0.0,0.0,0.0,0.0,0.0025,0.9975,0.04788085501975489,1888,0.0005475552246909137,5.216134021970674e-07,0.00011995894523125845,16,20,False,0.995,0.005,0.66,fixed,100,none,e7f9ddb3-8f5f-4b72-9bd9-db11716f47fd
1280,172600,36.48680853843689,1.0,1.0,1.0,0.9951079999999999,0.0,0.0,0.0,0.0,0.0,0.0,0.0,0.0,0.0,0.0,0.0,0.0,0.0,0.0,0.0025,0.9975,0.047880855019754906,1888,0.0005480147678559275,5.202942879283637e-07,0.00012005928859836893,16,20,False,0.995,0.005,0.66,fixed,100,none,e7f9ddb3-8f5f-4b72-9bd9-db11716f47fd
1281,172700,36.505107164382935,1.0,1.0,1.0,0.9951079999999999,0.0,0.0,0.0,0.0,0.0,0.0,0.0,0.0,0.0,0.0,0.0,0.0,0.0,0.0,0.0025,0.9975,0.047880855019754906,1888,0.000547911442021882,5.20616956350296e-07,0.00012003673188029653,16,20,False,0.995,0.005,0.66,fixed,100,none,e7f9ddb3-8f5f-4b72-9bd9-db11716f47fd
1282,173000,36.5235390663147,1.0,1.0,1.0,0.9951079999999999,0.0,0.0,0.0,0.0,0.0,0.0,0.0,0.0,0.0,0.0,0.0,0.0,0.0,0.0,0.0025,0.9975,0.04748663639047491,1889,0.0005470460366416424,5.165299420673495e-07,0.00011984651810984834,16,20,False,0.995,0.005,0.66,fixed,100,none,e7f9ddb3-8f5f-4b72-9bd9-db11716f47fd
1283,173100,36.54200267791748,1.0,1.0,1.0,0.9951079999999999,0.0,0.0,0.0,0.0,0.0,0.0,0.0,0.0,0.0,0.0,0.0,0.0,0.0,0.0,0.0025,0.9975,0.047486636390474915,1889,0.0005469332849376611,5.164879758712346e-07,0.00011982182878826956,16,20,False,0.995,0.005,0.66,fixed,100,none,e7f9ddb3-8f5f-4b72-9bd9-db11716f47fd
1284,173300,36.5603551864624,1.0,1.0,1.0,0.9951079999999999,0.0,0.0,0.0,0.0,0.0,0.0,0.0,0.0,0.0,0.0,0.0,0.0,0.0,0.0,0.0025,0.9975,0.047880855019754906,1888,0.0005471707345467577,5.170144194253809e-07,0.00011987390653197608,16,20,False,0.995,0.005,0.66,fixed,100,none,e7f9ddb3-8f5f-4b72-9bd9-db11716f47fd
1285,173400,36.57873320579529,1.0,1.0,1.0,0.9951079999999999,0.0,0.0,0.0,0.0,0.0,0.0,0.0,0.0,0.0,0.0,0.0,0.0,0.0,0.0,0.0025,0.9975,0.047880855019754906,1888,0.0005485128371671062,5.189529630698748e-07,0.00012016806111886282,16,20,False,0.995,0.005,0.66,fixed,100,none,e7f9ddb3-8f5f-4b72-9bd9-db11716f47fd
1286,173500,36.59697961807251,0.99900075,0.999002,1.0,0.9960719999999998,0.0,0.0,0.0,0.0,0.0,0.0,0.0005,0.0,0.0,0.0,0.0005,0.0,0.0,0.0,0.002,0.9975,0.047880855019754906,1888,0.0005494168810495551,5.202340692894042e-07,0.0001203661997349126,16,20,False,0.995,0.005,0.66,fixed,100,none,e7f9ddb3-8f5f-4b72-9bd9-db11716f47fd
1287,173600,36.615389823913574,0.99900075,0.999002,1.0,0.9960719999999998,0.0,0.0,0.0,0.0,0.0,0.0,0.0005,0.0,0.0,0.0,0.0005,0.0,0.0,0.0,0.002,0.9975,0.047880855019754906,1888,0.0005497706091997657,5.210684705668631e-07,0.00012044378936323642,16,20,False,0.995,0.005,0.66,fixed,100,none,e7f9ddb3-8f5f-4b72-9bd9-db11716f47fd
1288,173700,36.633758306503296,0.99900075,0.999002,1.0,0.9960719999999998,0.0,0.0,0.0,0.0,0.0,0.0,0.0005,0.0,0.0,0.0,0.0005,0.0,0.0,0.0,0.002,0.9975,0.047880855019754906,1888,0.0005493233167315259,5.204044408094161e-07,0.0001203457508762848,16,20,False,0.995,0.005,0.66,fixed,100,none,e7f9ddb3-8f5f-4b72-9bd9-db11716f47fd
1289,173800,36.651960372924805,0.99900075,0.999002,1.0,0.9960719999999998,0.0,0.0,0.0,0.0,0.0,0.0,0.0005,0.0,0.0,0.0,0.0005,0.0,0.0,0.0,0.002,0.9975,0.047880855019754906,1888,0.0005495096785227178,5.217476231729996e-07,0.0001203868006770258,16,20,False,0.995,0.005,0.66,fixed,100,none,e7f9ddb3-8f5f-4b72-9bd9-db11716f47fd
1290,174100,36.67025804519653,0.99900075,0.999002,1.0,0.9960719999999998,0.0,0.0,0.0,0.0,0.0,0.0,0.0005,0.0,0.0,0.0,0.0005,0.0,0.0,0.0,0.002,0.9975,0.04827406863022218,1887,0.0005491074841289242,5.227509445703597e-07,0.00012029895095528987,16,20,False,0.995,0.005,0.66,fixed,100,none,e7f9ddb3-8f5f-4b72-9bd9-db11716f47fd
1291,174200,36.68856191635132,0.99900075,0.999002,1.0,0.9960719999999998,0.0,0.0,0.0,0.0,0.0,0.0,0.0005,0.0,0.0,0.0,0.0005,0.0,0.0,0.0,0.002,0.9975,0.048274068630222176,1887,0.0005500554725028252,5.242948104401528e-07,0.00012050675894485207,16,20,False,0.995,0.005,0.66,fixed,100,none,e7f9ddb3-8f5f-4b72-9bd9-db11716f47fd
1292,174400,36.706801652908325,0.99900075,0.999002,1.0,0.9960719999999998,0.0,0.0,0.0,0.0,0.0,0.0,0.0005,0.0,0.0,0.0,0.0005,0.0,0.0,0.0,0.002,0.9975,0.048274068630222176,1887,0.0005478722912233856,5.209807974382665e-07,0.00012002823090031239,16,20,False,0.995,0.005,0.66,fixed,100,none,e7f9ddb3-8f5f-4b72-9bd9-db11716f47fd
1293,174500,36.725038290023804,1.0,1.0,1.0,0.9951079999999999,0.0,0.0,0.0,0.0,0.0,0.0,0.0,0.0,0.0,0.0,0.0,0.0,0.0,0.0,0.0025,0.9975,0.04827406863022218,1887,0.0005478910604027001,5.200204988826679e-07,0.00012003215701693876,16,20,False,0.995,0.005,0.66,fixed,100,none,e7f9ddb3-8f5f-4b72-9bd9-db11716f47fd
1294,174800,36.74343538284302,0.99900075,0.999002,1.0,0.9960719999999998,0.0,0.0,0.0,0.0,0.0,0.0,0.0005,0.0,0.0,0.0,0.0005,0.0,0.0,0.0,0.002,0.9975,0.0478808550197549,1888,0.000548854357100188,5.225296331985862e-07,0.00012024349939953887,16,20,False,0.995,0.005,0.66,fixed,100,none,e7f9ddb3-8f5f-4b72-9bd9-db11716f47fd
1295,174900,36.76180338859558,1.0,1.0,1.0,0.9951079999999999,0.0,0.0,0.0,0.0,0.0,0.0,0.0,0.0,0.0,0.0,0.0,0.0,0.0,0.0,0.0025,0.9975,0.047880855019754906,1888,0.0005491864983968017,5.214499063438437e-07,0.00012031599998126522,16,20,False,0.995,0.005,0.66,fixed,100,none,e7f9ddb3-8f5f-4b72-9bd9-db11716f47fd
1296,175000,36.78015184402466,1.0,1.0,1.0,0.9951079999999999,0.0,0.0,0.0,0.0,0.0,0.0,0.0,0.0,0.0,0.0,0.0,0.0,0.0,0.0,0.0025,0.9975,0.048274068630222176,1887,0.0005503958885959974,5.215615166216699e-07,0.00012058075670182196,16,20,False,0.995,0.005,0.66,fixed,100,none,e7f9ddb3-8f5f-4b72-9bd9-db11716f47fd
1297,175100,36.79853415489197,1.0,1.0,1.0,0.9951079999999999,0.0,0.0,0.0,0.0,0.0,0.0,0.0,0.0,0.0,0.0,0.0,0.0,0.0,0.0,0.0025,0.9975,0.048274068630222176,1887,0.0005509325793934243,5.232069311638972e-07,0.00012069855094614171,16,20,False,0.995,0.005,0.66,fixed,100,none,e7f9ddb3-8f5f-4b72-9bd9-db11716f47fd
1298,175200,36.81692361831665,1.0,1.0,1.0,0.9951079999999999,0.0,0.0,0.0,0.0,0.0,0.0,0.0,0.0,0.0,0.0,0.0,0.0,0.0,0.0,0.0025,0.9975,0.048274068630222176,1887,0.0005512521402232747,5.235887334966796e-07,0.0001207685753542392,16,20,False,0.995,0.005,0.66,fixed,100,none,e7f9ddb3-8f5f-4b72-9bd9-db11716f47fd
1299,175500,36.8352997303009,1.0,1.0,1.0,0.9951079999999999,0.0,0.0,0.0,0.0,0.0,0.0,0.0,0.0,0.0,0.0,0.0,0.0,0.0,0.0,0.0025,0.9975,0.048274068630222176,1887,0.0005516869986969775,5.233484750513204e-07,0.00012086372022502812,16,20,False,0.995,0.005,0.66,fixed,100,none,e7f9ddb3-8f5f-4b72-9bd9-db11716f47fd
1300,175600,36.853638887405396,1.0,1.0,1.0,0.9951079999999999,0.0,0.0,0.0,0.0,0.0,0.0,0.0,0.0,0.0,0.0,0.0,0.0,0.0,0.0,0.0025,0.9975,0.048274068630222176,1887,0.0005521610614406477,5.231018655675886e-07,0.00012096744570381563,16,20,False,0.995,0.005,0.66,fixed,100,none,e7f9ddb3-8f5f-4b72-9bd9-db11716f47fd
1301,175900,36.872138261795044,1.0,1.0,1.0,0.9951079999999999,0.0,0.0,0.0,0.0,0.0,0.0,0.0,0.0,0.0,0.0,0.0,0.0,0.0,0.0,0.0025,0.9975,0.04827406863022218,1887,0.0005502827194670667,5.22264988776219e-07,0.00012055611763920838,16,20,False,0.995,0.005,0.66,fixed,100,none,e7f9ddb3-8f5f-4b72-9bd9-db11716f47fd
1302,176000,36.89074468612671,1.0,1.0,1.0,0.9951079999999999,0.0,0.0,0.0,0.0,0.0,0.0,0.0,0.0,0.0,0.0,0.0,0.0,0.0,0.0,0.0025,0.9975,0.048274068630222176,1887,0.0005510208438556925,5.242646130941083e-07,0.00012071807299649899,16,20,False,0.995,0.005,0.66,fixed,100,none,e7f9ddb3-8f5f-4b72-9bd9-db11716f47fd
1303,176200,36.90918564796448,1.0,1.0,1.0,0.9951079999999999,0.0,0.0,0.0,0.0,0.0,0.0,0.0,0.0,0.0,0.0,0.0,0.0,0.0,0.0,0.0025,0.9975,0.04827406863022218,1887,0.0005519195977254756,5.269468700207332e-07,0.00012091531984741054,16,20,False,0.995,0.005,0.66,fixed,100,none,e7f9ddb3-8f5f-4b72-9bd9-db11716f47fd
1304,176300,36.92774271965027,1.0,1.0,1.0,0.9951079999999999,0.0,0.0,0.0,0.0,0.0,0.0,0.0,0.0,0.0,0.0,0.0,0.0,0.0,0.0,0.0025,0.9975,0.0478808550197549,1888,0.0005517657105129117,5.274422043953605e-07,0.00012088172805011149,16,20,False,0.995,0.005,0.66,fixed,100,none,e7f9ddb3-8f5f-4b72-9bd9-db11716f47fd
1305,176400,36.946489572525024,1.0,1.0,1.0,0.9951079999999999,0.0,0.0,0.0,0.0,0.0,0.0,0.0,0.0,0.0,0.0,0.0,0.0,0.0,0.0,0.0025,0.9975,0.0478808550197549,1888,0.0005533558656691929,5.300932794695787e-07,0.00012123031671808554,16,20,False,0.995,0.005,0.66,fixed,100,none,e7f9ddb3-8f5f-4b72-9bd9-db11716f47fd
1306,176500,36.96512794494629,1.0,1.0,1.0,0.9951079999999999,0.0,0.0,0.0,0.0,0.0,0.0,0.0,0.0,0.0,0.0,0.0,0.0,0.0,0.0,0.0025,0.9975,0.0478808550197549,1888,0.0005539514053089714,5.31773193694484e-07,0.00012136099952893579,16,20,False,0.995,0.005,0.66,fixed,100,none,e7f9ddb3-8f5f-4b72-9bd9-db11716f47fd
1307,176600,36.98355722427368,1.0,1.0,1.0,0.9951079999999999,0.0,0.0,0.0,0.0,0.0,0.0,0.0,0.0,0.0,0.0,0.0,0.0,0.0,0.0,0.0025,0.9975,0.0478808550197549,1888,0.0005535494189468867,5.306942748449624e-07,0.00012127279971969405,16,20,False,0.995,0.005,0.66,fixed,100,none,e7f9ddb3-8f5f-4b72-9bd9-db11716f47fd
1308,176700,37.00198531150818,1.0,1.0,1.0,0.9951079999999999,0.0,0.0,0.0,0.0,0.0,0.0,0.0,0.0,0.0,0.0,0.0,0.0,0.0,0.0,0.0025,0.9975,0.0478808550197549,1888,0.0005545207924315969,5.330081012245748e-07,0.00012148587300250924,16,20,False,0.995,0.005,0.66,fixed,100,none,e7f9ddb3-8f5f-4b72-9bd9-db11716f47fd
1309,176900,37.02052307128906,1.0,1.0,1.0,0.9951079999999999,0.0,0.0,0.0,0.0,0.0,0.0,0.0,0.0,0.0,0.0,0.0,0.0,0.0,0.0,0.0025,0.9975,0.0478808550197549,1888,0.0005553593781967777,5.356632965183205e-07,0.00012166994391361311,16,20,False,0.995,0.005,0.66,fixed,100,none,e7f9ddb3-8f5f-4b72-9bd9-db11716f47fd
1310,177000,37.03878664970398,1.0,1.0,1.0,0.9951079999999999,0.0,0.0,0.0,0.0,0.0,0.0,0.0,0.0,0.0,0.0,0.0,0.0,0.0,0.0,0.0025,0.9975,0.0478808550197549,1888,0.0005552115572938911,5.346790760944699e-07,0.0001216373989160907,16,20,False,0.995,0.005,0.66,fixed,100,none,e7f9ddb3-8f5f-4b72-9bd9-db11716f47fd
1311,177300,37.05681133270264,1.0,1.0,1.0,0.9951079999999999,0.0,0.0,0.0,0.0,0.0,0.0,0.0,0.0,0.0,0.0,0.0,0.0,0.0,0.0,0.0025,0.9975,0.0478808550197549,1888,0.0005567430793131735,5.388581095849589e-07,0.00012197344310247483,16,20,False,0.995,0.005,0.66,fixed,100,none,e7f9ddb3-8f5f-4b72-9bd9-db11716f47fd
1312,177400,37.07484817504883,1.0,1.0,1.0,0.9951079999999999,0.0,0.0,0.0,0.0,0.0,0.0,0.0,0.0,0.0,0.0,0.0,0.0,0.0,0.0,0.0025,0.9975,0.0478808550197549,1888,0.0005583017146879525,5.411118629184806e-07,0.0001223150565991473,16,20,False,0.995,0.005,0.66,fixed,100,none,e7f9ddb3-8f5f-4b72-9bd9-db11716f47fd
1313,177700,37.09289240837097,1.0,1.0,1.0,0.9951079999999999,0.0,0.0,0.0,0.0,0.0,0.0,0.0,0.0,0.0,0.0,0.0,0.0,0.0,0.0,0.0025,0.9975,0.0478808550197549,1888,0.0005590115760528746,5.454159309719418e-07,0.00012247126302485892,16,20,False,0.995,0.005,0.66,fixed,100,none,e7f9ddb3-8f5f-4b72-9bd9-db11716f47fd
1314,177800,37.11115837097168,1.0,1.0,1.0,0.9951079999999999,0.0,0.0,0.0,0.0,0.0,0.0,0.0,0.0,0.0,0.0,0.0,0.0,0.0,0.0,0.0025,0.9975,0.0478808550197549,1888,0.0005600040224593886,5.458932664934313e-07,0.00012268860023699393,16,20,False,0.995,0.005,0.66,fixed,100,none,e7f9ddb3-8f5f-4b72-9bd9-db11716f47fd
1315,177900,37.12943720817566,1.0,1.0,1.0,0.9951079999999999,0.0,0.0,0.0,0.0,0.0,0.0,0.0,0.0,0.0,0.0,0.0,0.0,0.0,0.0,0.0025,0.9975,0.04827406863022218,1887,0.0005614105570253787,5.467340153455555e-07,0.00012299665039577104,16,20,False,0.995,0.005,0.66,fixed,100,none,e7f9ddb3-8f5f-4b72-9bd9-db11716f47fd
1316,178000,37.14742350578308,1.0,1.0,1.0,0.9951079999999999,0.0,0.0,0.0,0.0,0.0,0.0,0.0,0.0,0.0,0.0,0.0,0.0,0.0,0.0,0.0025,0.9975,0.0478808550197549,1888,0.0005613532858410232,5.472083891383715e-07,0.00012298420386453628,16,20,False,0.995,0.005,0.66,fixed,100,none,e7f9ddb3-8f5f-4b72-9bd9-db11716f47fd
1317,178100,37.16541385650635,1.0,1.0,1.0,0.9951079999999999,0.0,0.0,0.0,0.0,0.0,0.0,0.0,0.0,0.0,0.0,0.0,0.0,0.0,0.0,0.0025,0.9975,0.0478808550197549,1888,0.0005618569382609892,5.46771371046871e-07,0.00012309437034582947,16,20,False,0.995,0.005,0.66,fixed,100,none,e7f9ddb3-8f5f-4b72-9bd9-db11716f47fd
1318,178400,37.18349647521973,1.0,1.0,1.0,0.9951079999999999,0.0,0.0,0.0,0.0,0.0,0.0,0.0,0.0,0.0,0.0,0.0,0.0,0.0,0.0,0.0025,0.9975,0.047486636390474915,1889,0.0005648544844335872,5.516258922633175e-07,0.00012375145556204226,16,20,False,0.995,0.005,0.66,fixed,100,none,e7f9ddb3-8f5f-4b72-9bd9-db11716f47fd
1319,178500,37.20173192024231,1.0,1.0,1.0,0.9951079999999999,0.0,0.0,0.0,0.0,0.0,0.0,0.0,0.0,0.0,0.0,0.0,0.0,0.0,0.0,0.0025,0.9975,0.0478808550197549,1888,0.0005658786154465541,5.536047615937978e-07,0.00012397601382595352,16,20,False,0.995,0.005,0.66,fixed,100,none,e7f9ddb3-8f5f-4b72-9bd9-db11716f47fd
1320,178700,37.21974325180054,1.0,1.0,1.0,0.9951079999999999,0.0,0.0,0.0,0.0,0.0,0.0,0.0,0.0,0.0,0.0,0.0,0.0,0.0,0.0,0.0025,0.9975,0.047486636390474915,1889,0.0005671321706053454,5.548299736801961e-07,0.00012425064984050938,16,20,False,0.995,0.005,0.66,fixed,100,none,e7f9ddb3-8f5f-4b72-9bd9-db11716f47fd
1321,178800,37.23769474029541,1.0,1.0,1.0,0.9951079999999999,0.0,0.0,0.0,0.0,0.0,0.0,0.0,0.0,0.0,0.0,0.0,0.0,0.0,0.0,0.0025,0.9975,0.047486636390474915,1889,0.0005669104222675086,5.551175464579282e-07,0.00012420216376818463,16,20,False,0.995,0.005,0.66,fixed,100,none,e7f9ddb3-8f5f-4b72-9bd9-db11716f47fd
1322,179100,37.25577473640442,1.0,1.0,1.0,0.9951079999999999,0.0,0.0,0.0,0.0,0.0,0.0,0.0,0.0,0.0,0.0,0.0,0.0,0.0,0.0,0.0025,0.9975,0.047486636390474915,1889,0.0005675011273872162,5.544494993313697e-07,0.0001243313421899346,16,20,False,0.995,0.005,0.66,fixed,100,none,e7f9ddb3-8f5f-4b72-9bd9-db11716f47fd
1323,179200,37.27385902404785,1.0,1.0,1.0,0.9951079999999999,0.0,0.0,0.0,0.0,0.0,0.0,0.0,0.0,0.0,0.0,0.0,0.0,0.0,0.0,0.0025,0.9975,0.047486636390474915,1889,0.0005685729987057182,5.540800918926942e-07,0.00012456590463414134,16,20,False,0.995,0.005,0.66,fixed,100,none,e7f9ddb3-8f5f-4b72-9bd9-db11716f47fd
1324,179300,37.29212141036987,1.0,1.0,1.0,0.9951079999999999,0.0,0.0,0.0,0.0,0.0,0.0,0.0,0.0,0.0,0.0,0.0,0.0,0.0,0.0,0.0025,0.9975,0.047486636390474915,1889,0.0005677918557881469,5.539173704088092e-07,0.00012439488153240304,16,20,False,0.995,0.005,0.66,fixed,100,none,e7f9ddb3-8f5f-4b72-9bd9-db11716f47fd
1325,179400,37.31002879142761,1.0,1.0,1.0,0.9951079999999999,0.0,0.0,0.0,0.0,0.0,0.0,0.0,0.0,0.0,0.0,0.0,0.0,0.0,0.0,0.0025,0.9975,0.047486636390474915,1889,0.0005696803787979573,5.555105918168714e-07,0.0001248085819313181,16,20,False,0.995,0.005,0.66,fixed,100,none,e7f9ddb3-8f5f-4b72-9bd9-db11716f47fd
1326,179500,37.32805776596069,1.0,1.0,1.0,0.9951079999999999,0.0,0.0,0.0,0.0,0.0,0.0,0.0,0.0,0.0,0.0,0.0,0.0,0.0,0.0,0.0025,0.9975,0.04827406863022218,1887,0.0005702894426260889,5.567307072792843e-07,0.0001249421378252339,16,20,False,0.995,0.005,0.66,fixed,100,none,e7f9ddb3-8f5f-4b72-9bd9-db11716f47fd
1327,179600,37.346118688583374,1.0,1.0,1.0,0.9951079999999999,0.0,0.0,0.0,0.0,0.0,0.0,0.0,0.0,0.0,0.0,0.0,0.0,0.0,0.0,0.0025,0.9975,0.04827406863022218,1887,0.0005691068517281988,5.554759322746038e-07,0.0001246830302704349,16,20,False,0.995,0.005,0.66,fixed,100,none,e7f9ddb3-8f5f-4b72-9bd9-db11716f47fd
1328,179800,37.36432766914368,1.0,1.0,1.0,0.9951079999999999,0.0,0.0,0.0,0.0,0.0,0.0,0.0,0.0,0.0,0.0,0.0,0.0,0.0,0.0,0.0025,0.9975,0.04827406863022218,1887,0.000570360608676249,5.564677901257422e-07,0.0001249576661193548,16,20,False,0.995,0.005,0.66,fixed,100,none,e7f9ddb3-8f5f-4b72-9bd9-db11716f47fd
1329,179900,37.38248896598816,1.0,1.0,1.0,0.9951079999999999,0.0,0.0,0.0,0.0,0.0,0.0,0.0,0.0,0.0,0.0,0.0,0.0,0.0,0.0,0.0025,0.9975,0.04827406863022218,1887,0.000570125087196063,5.555824688702948e-07,0.00012490594225630355,16,20,False,0.995,0.005,0.66,fixed,100,none,e7f9ddb3-8f5f-4b72-9bd9-db11716f47fd
1330,180200,37.40049743652344,1.0,1.0,1.0,0.9951079999999999,0.0,0.0,0.0,0.0,0.0,0.0,0.0,0.0,0.0,0.0,0.0,0.0,0.0,0.0,0.0025,0.9975,0.0478808550197549,1888,0.0005720741384293896,5.609705654354663e-07,0.0001253336133096261,16,20,False,0.995,0.005,0.66,fixed,100,none,e7f9ddb3-8f5f-4b72-9bd9-db11716f47fd
1331,180300,37.41855835914612,1.0,1.0,1.0,0.9951079999999999,0.0,0.0,0.0,0.0,0.0,0.0,0.0,0.0,0.0,0.0,0.0,0.0,0.0,0.0,0.0025,0.9975,0.0478808550197549,1888,0.0005711444656134015,5.604196561828889e-07,0.00012513000325744834,16,20,False,0.995,0.005,0.66,fixed,100,none,e7f9ddb3-8f5f-4b72-9bd9-db11716f47fd
1332,180500,37.436708211898804,1.0,1.0,1.0,0.9951079999999999,0.0,0.0,0.0,0.0,0.0,0.0,0.0,0.0,0.0,0.0,0.0,0.0,0.0,0.0,0.0025,0.9975,0.0478808550197549,1888,0.0005699139660216849,5.581550565423115e-07,0.00012486021662288987,16,20,False,0.995,0.005,0.66,fixed,100,none,e7f9ddb3-8f5f-4b72-9bd9-db11716f47fd
1333,180600,37.45487117767334,0.99900075,0.999002,1.0,0.9960719999999998,0.0,0.0,0.0,0.0,0.0,0.0,0.0005,0.0,0.0,0.0,0.0005,0.0,0.0,0.0,0.002,0.9975,0.04827406863022218,1887,0.0005704109813695194,5.593028413070265e-07,0.00012496923136163615,16,20,False,0.995,0.005,0.66,fixed,100,none,e7f9ddb3-8f5f-4b72-9bd9-db11716f47fd
1334,180800,37.47296214103699,0.99900075,0.999002,1.0,0.9960719999999998,0.0,0.0,0.0,0.0,0.0,0.0,0.0005,0.0,0.0,0.0,0.0005,0.0,0.0,0.0,0.002,0.9975,0.04827406863022218,1887,0.0005698375848283297,5.595326712876604e-07,0.00012484375852646603,16,20,False,0.995,0.005,0.66,fixed,100,none,e7f9ddb3-8f5f-4b72-9bd9-db11716f47fd
1335,180900,37.49115228652954,0.99900075,0.999002,1.0,0.9960719999999998,0.0,0.0,0.0,0.0,0.0,0.0,0.0005,0.0,0.0,0.0,0.0005,0.0,0.0,0.0,0.002,0.9975,0.04827406863022218,1887,0.0005716864720932994,5.615915141469391e-07,0.00012524887112891117,16,20,False,0.995,0.005,0.66,fixed,100,none,e7f9ddb3-8f5f-4b72-9bd9-db11716f47fd
1336,181000,37.509183406829834,0.99900075,0.999002,1.0,0.9960719999999998,0.0,0.0,0.0,0.0,0.0,0.0,0.0005,0.0,0.0,0.0,0.0005,0.0,0.0,0.0,0.002,0.9975,0.04827406863022218,1887,0.0005738295944130136,5.651434383974826e-07,0.0001257186754703042,16,20,False,0.995,0.005,0.66,fixed,100,none,e7f9ddb3-8f5f-4b72-9bd9-db11716f47fd
1337,181300,37.52736687660217,0.99900075,0.999002,1.0,0.9960719999999998,0.0,0.0,0.0,0.0,0.0,0.0,0.0005,0.0,0.0,0.0,0.0005,0.0,0.0,0.0,0.002,0.9975,0.04827406863022218,1887,0.000574897808141344,5.681866066438838e-07,0.00012595308565740252,16,20,False,0.995,0.005,0.66,fixed,100,none,e7f9ddb3-8f5f-4b72-9bd9-db11716f47fd
1338,181400,37.54548001289368,1.0,1.0,1.0,0.9951079999999999,0.0,0.0,0.0,0.0,0.0,0.0,0.0,0.0,0.0,0.0,0.0,0.0,0.0,0.0,0.0025,0.9975,0.0478808550197549,1888,0.000575390165122216,5.680221672122518e-07,0.00012606083135702342,16,20,False,0.995,0.005,0.66,fixed,100,none,e7f9ddb3-8f5f-4b72-9bd9-db11716f47fd
1339,181600,37.56346607208252,1.0,1.0,1.0,0.9951079999999999,0.0,0.0,0.0,0.0,0.0,0.0,0.0,0.0,0.0,0.0,0.0,0.0,0.0,0.0,0.0025,0.9975,0.0478808550197549,1888,0.000574488783492042,5.665670471985313e-07,0.00012586324244537572,16,20,False,0.995,0.005,0.66,fixed,100,none,e7f9ddb3-8f5f-4b72-9bd9-db11716f47fd
1340,181700,37.58156108856201,1.0,1.0,1.0,0.9951079999999999,0.0,0.0,0.0,0.0,0.0,0.0,0.0,0.0,0.0,0.0,0.0,0.0,0.0,0.0,0.0025,0.9975,0.0478808550197549,1888,0.0005750860349458984,5.673869507045379e-07,0.00012599413657029103,16,20,False,0.995,0.005,0.66,fixed,100,none,e7f9ddb3-8f5f-4b72-9bd9-db11716f47fd
1341,182000,37.59974527359009,1.0,1.0,1.0,0.9951079999999999,0.0,0.0,0.0,0.0,0.0,0.0,0.0,0.0,0.0,0.0,0.0,0.0,0.0,0.0,0.0025,0.9975,0.04827406863022218,1887,0.0005747933988759259,5.691288805043198e-07,0.00012593040950123602,16,20,False,0.995,0.005,0.66,fixed,100,none,e7f9ddb3-8f5f-4b72-9bd9-db11716f47fd
1342,182100,37.61807417869568,1.0,1.0,1.0,0.9951079999999999,0.0,0.0,0.0,0.0,0.0,0.0,0.0,0.0,0.0,0.0,0.0,0.0,0.0,0.0,0.0025,0.9975,0.04827406863022218,1887,0.0005747933988759259,5.691288805043198e-07,0.00012593040950123602,16,20,False,0.995,0.005,0.66,fixed,100,none,e7f9ddb3-8f5f-4b72-9bd9-db11716f47fd
1343,182300,37.63647818565369,1.0,1.0,1.0,0.9951079999999999,0.0,0.0,0.0,0.0,0.0,0.0,0.0,0.0,0.0,0.0,0.0,0.0,0.0,0.0,0.0025,0.9975,0.04827406863022218,1887,0.0005738648752629427,5.678461153401831e-07,0.00012572691195697282,16,20,False,0.995,0.005,0.66,fixed,100,none,e7f9ddb3-8f5f-4b72-9bd9-db11716f47fd
1344,182400,37.65449595451355,1.0,1.0,1.0,0.9951079999999999,0.0,0.0,0.0,0.0,0.0,0.0,0.0,0.0,0.0,0.0,0.0,0.0,0.0,0.0,0.0025,0.9975,0.04827406863022218,1887,0.0005756410884881773,5.692953819929592e-07,0.00012611600039264068,16,20,False,0.995,0.005,0.66,fixed,100,none,e7f9ddb3-8f5f-4b72-9bd9-db11716f47fd
1345,182700,37.672520875930786,1.0,1.0,1.0,0.9951079999999999,0.0,0.0,0.0,0.0,0.0,0.0,0.0,0.0,0.0,0.0,0.0,0.0,0.0,0.0,0.0025,0.9975,0.04827406863022218,1887,0.0005744062230319718,5.662127137659583e-07,0.00012584510263731415,16,20,False,0.995,0.005,0.66,fixed,100,none,e7f9ddb3-8f5f-4b72-9bd9-db11716f47fd
1346,182800,37.69076490402222,1.0,1.0,1.0,0.9951079999999999,0.0,0.0,0.0,0.0,0.0,0.0,0.0,0.0,0.0,0.0,0.0,0.0,0.0,0.0,0.0025,0.9975,0.04827406863022218,1887,0.0005750496288348121,5.655143350831057e-07,0.00012598581147560617,16,20,False,0.995,0.005,0.66,fixed,100,none,e7f9ddb3-8f5f-4b72-9bd9-db11716f47fd
1347,183100,37.709083557128906,1.0,1.0,1.0,0.9951079999999999,0.0,0.0,0.0,0.0,0.0,0.0,0.0,0.0,0.0,0.0,0.0,0.0,0.0,0.0,0.0025,0.9975,0.04827406863022218,1887,0.000574610182936746,5.658751361079018e-07,0.0001258896853207142,16,20,False,0.995,0.005,0.66,fixed,100,none,e7f9ddb3-8f5f-4b72-9bd9-db11716f47fd
1348,183200,37.727301597595215,1.0,1.0,1.0,0.9951079999999999,0.0,0.0,0.0,0.0,0.0,0.0,0.0,0.0,0.0,0.0,0.0,0.0,0.0,0.0,0.0025,0.9975,0.04827406863022218,1887,0.0005753109599949067,5.6652975670544e-07,0.00012604320979665913,16,20,False,0.995,0.005,0.66,fixed,100,none,e7f9ddb3-8f5f-4b72-9bd9-db11716f47fd
1349,183400,37.74547505378723,1.0,1.0,1.0,0.9951079999999999,0.0,0.0,0.0,0.0,0.0,0.0,0.0,0.0,0.0,0.0,0.0,0.0,0.0,0.0,0.0025,0.9975,0.04827406863022218,1887,0.0005742513749169417,5.658088117333254e-07,0.00012581112964354788,16,20,False,0.995,0.005,0.66,fixed,100,none,e7f9ddb3-8f5f-4b72-9bd9-db11716f47fd
1350,183500,37.763561725616455,1.0,1.0,1.0,0.9951079999999999,0.0,0.0,0.0,0.0,0.0,0.0,0.0,0.0,0.0,0.0,0.0,0.0,0.0,0.0,0.0025,0.9975,0.04827406863022218,1887,0.0005740771291225007,5.66810858602176e-07,0.0001257731776280498,16,20,False,0.995,0.005,0.66,fixed,100,none,e7f9ddb3-8f5f-4b72-9bd9-db11716f47fd
1351,183800,37.78184270858765,1.0,1.0,1.0,0.9951079999999999,0.0,0.0,0.0,0.0,0.0,0.0,0.0,0.0,0.0,0.0,0.0,0.0,0.0,0.0,0.0025,0.9975,0.04827406863022218,1887,0.0005756380698312691,5.692798223901523e-07,0.00012611533665231894,16,20,False,0.995,0.005,0.66,fixed,100,none,e7f9ddb3-8f5f-4b72-9bd9-db11716f47fd
1352,183900,37.80006122589111,1.0,1.0,1.0,0.9951079999999999,0.0,0.0,0.0,0.0,0.0,0.0,0.0,0.0,0.0,0.0,0.0,0.0,0.0,0.0,0.0025,0.9975,0.04827406863022218,1887,0.0005771145458015671,5.694912505637438e-07,0.00012643857741357015,16,20,False,0.995,0.005,0.66,fixed,100,none,e7f9ddb3-8f5f-4b72-9bd9-db11716f47fd
1353,184100,37.8181734085083,1.0,1.0,1.0,0.9951079999999999,0.0,0.0,0.0,0.0,0.0,0.0,0.0,0.0,0.0,0.0,0.0,0.0,0.0,0.0,0.0025,0.9975,0.04827406863022218,1887,0.0005768229917822188,5.704525644462386e-07,0.0001263749388883725,16,20,False,0.995,0.005,0.66,fixed,100,none,e7f9ddb3-8f5f-4b72-9bd9-db11716f47fd
1354,184200,37.836575746536255,1.0,1.0,1.0,0.9951079999999999,0.0,0.0,0.0,0.0,0.0,0.0,0.0,0.0,0.0,0.0,0.0,0.0,0.0,0.0,0.0025,0.9975,0.04827406863022218,1887,0.0005775111247499739,5.710888363578196e-07,0.00012652569208667727,16,20,False,0.995,0.005,0.66,fixed,100,none,e7f9ddb3-8f5f-4b72-9bd9-db11716f47fd
1355,184500,37.85482978820801,1.0,1.0,1.0,0.9951079999999999,0.0,0.0,0.0,0.0,0.0,0.0,0.0,0.0,0.0,0.0,0.0,0.0,0.0,0.0,0.0025,0.9975,0.04827406863022218,1887,0.0005764471253367009,5.688399950745742e-07,0.000126292355335268,16,20,False,0.995,0.005,0.66,fixed,100,none,e7f9ddb3-8f5f-4b72-9bd9-db11716f47fd
1356,184600,37.87320041656494,1.0,1.0,1.0,0.9951079999999999,0.0,0.0,0.0,0.0,0.0,0.0,0.0,0.0,0.0,0.0,0.0,0.0,0.0,0.0,0.0025,0.9975,0.04827406863022218,1887,0.0005777032355899878,5.722352777820087e-07,0.0001265679629734269,16,20,False,0.995,0.005,0.66,fixed,100,none,e7f9ddb3-8f5f-4b72-9bd9-db11716f47fd
1357,184900,37.8914680480957,1.0,1.0,1.0,0.9951079999999999,0.0,0.0,0.0,0.0,0.0,0.0,0.0,0.0,0.0,0.0,0.0,0.0,0.0,0.0,0.0025,0.9975,0.04827406863022218,1887,0.0005787528960428875,5.76217913677113e-07,0.00012679849034738676,16,20,False,0.995,0.005,0.66,fixed,100,none,e7f9ddb3-8f5f-4b72-9bd9-db11716f47fd
1358,185000,37.90954113006592,1.0,1.0,1.0,0.9951079999999999,0.0,0.0,0.0,0.0,0.0,0.0,0.0,0.0,0.0,0.0,0.0,0.0,0.0,0.0,0.0025,0.9975,0.04827406863022218,1887,0.0005789433835006863,5.764930239773586e-07,0.00012684024032285596,16,20,False,0.995,0.005,0.66,fixed,100,none,e7f9ddb3-8f5f-4b72-9bd9-db11716f47fd
1359,185200,37.9277286529541,1.0,1.0,1.0,0.9951079999999999,0.0,0.0,0.0,0.0,0.0,0.0,0.0,0.0,0.0,0.0,0.0,0.0,0.0,0.0,0.0025,0.9975,0.04827406863022218,1887,0.000580563812121429,5.77668461429894e-07,0.0001271951754810525,16,20,False,0.995,0.005,0.66,fixed,100,none,e7f9ddb3-8f5f-4b72-9bd9-db11716f47fd
1360,185300,37.9461612701416,1.0,1.0,1.0,0.9951079999999999,0.0,0.0,0.0,0.0,0.0,0.0,0.0,0.0,0.0,0.0,0.0,0.0,0.0,0.0,0.0025,0.9975,0.047880855019754906,1888,0.0005808188548690961,5.772237042554763e-07,0.00012725091983465368,16,20,False,0.995,0.005,0.66,fixed,100,none,e7f9ddb3-8f5f-4b72-9bd9-db11716f47fd
1361,185400,37.96455144882202,1.0,1.0,1.0,0.9951079999999999,0.0,0.0,0.0,0.0,0.0,0.0,0.0,0.0,0.0,0.0,0.0,0.0,0.0,0.0,0.0025,0.9975,0.047880855019754906,1888,0.0005802023934611426,5.7856252398274e-07,0.00012711623080820085,16,20,False,0.995,0.005,0.66,fixed,100,none,e7f9ddb3-8f5f-4b72-9bd9-db11716f47fd
1362,185600,37.982736349105835,1.0,1.0,1.0,0.9951079999999999,0.0,0.0,0.0,0.0,0.0,0.0,0.0,0.0,0.0,0.0,0.0,0.0,0.0,0.0,0.0025,0.9975,0.04827406863022218,1887,0.0005807160452739531,5.796490845042469e-07,0.00012722887563652415,16,20,False,0.995,0.005,0.66,fixed,100,none,e7f9ddb3-8f5f-4b72-9bd9-db11716f47fd
1363,185700,38.00081968307495,1.0,1.0,1.0,0.9951079999999999,0.0,0.0,0.0,0.0,0.0,0.0,0.0,0.0,0.0,0.0,0.0,0.0,0.0,0.0,0.0025,0.9975,0.047880855019754906,1888,0.0005800662655660624,5.805781641868863e-07,0.00012708681538360658,16,20,False,0.995,0.005,0.66,fixed,100,none,e7f9ddb3-8f5f-4b72-9bd9-db11716f47fd
1364,185900,38.019142866134644,1.0,1.0,1.0,0.9951079999999999,0.0,0.0,0.0,0.0,0.0,0.0,0.0,0.0,0.0,0.0,0.0,0.0,0.0,0.0,0.0025,0.9975,0.047880855019754906,1888,0.0005800615074070939,5.80563464825317e-07,0.00012708577102972968,16,20,False,0.995,0.005,0.66,fixed,100,none,e7f9ddb3-8f5f-4b72-9bd9-db11716f47fd
1365,186000,38.03754162788391,1.0,1.0,1.0,0.9951079999999999,0.0,0.0,0.0,0.0,0.0,0.0,0.0,0.0,0.0,0.0,0.0,0.0,0.0,0.0,0.0025,0.9975,0.04827406863022218,1887,0.0005804072046509114,5.795549563841478e-07,0.0001271612525397975,16,20,False,0.995,0.005,0.66,fixed,100,none,e7f9ddb3-8f5f-4b72-9bd9-db11716f47fd
1366,186300,38.0556583404541,1.0,1.0,1.0,0.9951079999999999,0.0,0.0,0.0,0.0,0.0,0.0,0.0,0.0,0.0,0.0,0.0,0.0,0.0,0.0,0.0025,0.9975,0.047880855019754906,1888,0.0005816086392547243,5.809588914814481e-07,0.00012742451332224065,16,20,False,0.995,0.005,0.66,fixed,100,none,e7f9ddb3-8f5f-4b72-9bd9-db11716f47fd
1367,186400,38.073559522628784,1.0,1.0,1.0,0.9951079999999999,0.0,0.0,0.0,0.0,0.0,0.0,0.0,0.0,0.0,0.0,0.0,0.0,0.0,0.0,0.0025,0.9975,0.047880855019754906,1888,0.0005821618039019007,5.812870003211012e-07,0.00012754566340418707,16,20,False,0.995,0.005,0.66,fixed,100,none,e7f9ddb3-8f5f-4b72-9bd9-db11716f47fd
1368,186700,38.09158658981323,1.0,1.0,1.0,0.9951079999999999,0.0,0.0,0.0,0.0,0.0,0.0,0.0,0.0,0.0,0.0,0.0,0.0,0.0,0.0,0.0025,0.9975,0.047880855019754906,1888,0.0005822990385296117,5.81333671231754e-07,0.00012757571293166604,16,20,False,0.995,0.005,0.66,fixed,100,none,e7f9ddb3-8f5f-4b72-9bd9-db11716f47fd
1369,186800,38.109715700149536,1.0,1.0,1.0,0.9951079999999999,0.0,0.0,0.0,0.0,0.0,0.0,0.0,0.0,0.0,0.0,0.0,0.0,0.0,0.0,0.0025,0.9975,0.047880855019754906,1888,0.0005819683618359531,5.805819585144702e-07,0.00012750318497800788,16,20,False,0.995,0.005,0.66,fixed,100,none,e7f9ddb3-8f5f-4b72-9bd9-db11716f47fd
1370,186900,38.12788105010986,1.0,1.0,1.0,0.9951079999999999,0.0,0.0,0.0,0.0,0.0,0.0,0.0,0.0,0.0,0.0,0.0,0.0,0.0,0.0,0.0025,0.9975,0.047880855019754906,1888,0.000581588720027965,5.806274818402367e-07,0.00012742009003567116,16,20,False,0.995,0.005,0.66,fixed,100,none,e7f9ddb3-8f5f-4b72-9bd9-db11716f47fd
1371,187000,38.147300481796265,1.0,1.0,1.0,0.9951079999999999,0.0,0.0,0.0,0.0,0.0,0.0,0.0,0.0,0.0,0.0,0.0,0.0,0.0,0.0,0.0025,0.9975,0.047880855019754906,1888,0.000581588720027965,5.806274818402367e-07,0.00012742009003567116,16,20,False,0.995,0.005,0.66,fixed,100,none,e7f9ddb3-8f5f-4b72-9bd9-db11716f47fd
1372,187100,38.165958404541016,1.0,1.0,1.0,0.9951079999999999,0.0,0.0,0.0,0.0,0.0,0.0,0.0,0.0,0.0,0.0,0.0,0.0,0.0,0.0,0.0025,0.9975,0.047880855019754906,1888,0.0005822325547276234,5.826832354143371e-07,0.0001275614160446055,16,20,False,0.995,0.005,0.66,fixed,100,none,e7f9ddb3-8f5f-4b72-9bd9-db11716f47fd
1373,187400,38.18460559844971,1.0,1.0,1.0,0.9951079999999999,0.0,0.0,0.0,0.0,0.0,0.0,0.0,0.0,0.0,0.0,0.0,0.0,0.0,0.0,0.0025,0.9975,0.047880855019754906,1888,0.0005831235799770785,5.834059181145954e-07,0.00012775659878142427,16,20,False,0.995,0.005,0.66,fixed,100,none,e7f9ddb3-8f5f-4b72-9bd9-db11716f47fd
1374,187500,38.20334053039551,1.0,1.0,1.0,0.9951079999999999,0.0,0.0,0.0,0.0,0.0,0.0,0.0,0.0,0.0,0.0,0.0,0.0,0.0,0.0,0.0025,0.9975,0.047880855019754906,1888,0.000583807523622375,5.84889969135114e-07,0.0001279065960150736,16,20,False,0.995,0.005,0.66,fixed,100,none,e7f9ddb3-8f5f-4b72-9bd9-db11716f47fd
1375,187700,38.222020626068115,1.0,1.0,1.0,0.9951079999999999,0.0,0.0,0.0,0.0,0.0,0.0,0.0,0.0,0.0,0.0,0.0,0.0,0.0,0.0,0.0025,0.9975,0.047880855019754906,1888,0.0005855672568421603,5.890000668513155e-07,0.00012829258253545066,16,20,False,0.995,0.005,0.66,fixed,100,none,e7f9ddb3-8f5f-4b72-9bd9-db11716f47fd
1376,187800,38.24029755592346,1.0,1.0,1.0,0.9951079999999999,0.0,0.0,0.0,0.0,0.0,0.0,0.0,0.0,0.0,0.0,0.0,0.0,0.0,0.0,0.0025,0.9975,0.047880855019754906,1888,0.0005851390210286716,5.892074124274136e-07,0.00012819888111153743,16,20,False,0.995,0.005,0.66,fixed,100,none,e7f9ddb3-8f5f-4b72-9bd9-db11716f47fd
1377,188100,38.258471727371216,0.99900075,0.999002,1.0,0.9960719999999998,0.0,0.0,0.0,0.0,0.0,0.0,0.0005,0.0,0.0,0.0,0.0005,0.0,0.0,0.0,0.002,0.9975,0.047880855019754906,1888,0.0005830384643190603,5.870207987506605e-07,0.00012773865379120492,16,20,False,0.995,0.005,0.66,fixed,100,none,e7f9ddb3-8f5f-4b72-9bd9-db11716f47fd
1378,188200,38.2767436504364,0.99900075,0.999002,1.0,0.9960719999999998,0.0,0.0,0.0,0.0,0.0,0.0,0.0005,0.0,0.0,0.0,0.0005,0.0,0.0,0.0,0.002,0.9975,0.047880855019754906,1888,0.0005844381584538101,5.859839177006279e-07,0.00012804484982990218,16,20,False,0.995,0.005,0.66,fixed,100,none,e7f9ddb3-8f5f-4b72-9bd9-db11716f47fd
1379,188300,38.29520392417908,0.99900075,0.999002,1.0,0.9960719999999998,0.0,0.0,0.0,0.0,0.0,0.0,0.0005,0.0,0.0,0.0,0.0005,0.0,0.0,0.0,0.002,0.9975,0.047880855019754906,1888,0.0005843140079352044,5.866531801439973e-07,0.00012801780044124363,16,20,False,0.995,0.005,0.66,fixed,100,none,e7f9ddb3-8f5f-4b72-9bd9-db11716f47fd
1380,188400,38.31333565711975,0.99900075,0.999002,1.0,0.9960719999999998,0.0,0.0,0.0,0.0,0.0,0.0,0.0005,0.0,0.0,0.0,0.0005,0.0,0.0,0.0,0.002,0.9975,0.047880855019754906,1888,0.0005839438055811602,5.861027125560804e-07,0.00012793665855710164,16,20,False,0.995,0.005,0.66,fixed,100,none,e7f9ddb3-8f5f-4b72-9bd9-db11716f47fd
1381,188500,38.33147311210632,0.99900075,0.999002,1.0,0.9960719999999998,0.0,0.0,0.0,0.0,0.0,0.0,0.0005,0.0,0.0,0.0,0.0005,0.0,0.0,0.0,0.002,0.9975,0.047880855019754906,1888,0.0005850799511975905,5.869860434247143e-07,0.00012818552866540326,16,20,False,0.995,0.005,0.66,fixed,100,none,e7f9ddb3-8f5f-4b72-9bd9-db11716f47fd
1382,188600,38.34947872161865,0.99900075,0.999002,1.0,0.9960719999999998,0.0,0.0,0.0,0.0,0.0,0.0,0.0005,0.0,0.0,0.0,0.0005,0.0,0.0,0.0,0.002,0.9975,0.047880855019754906,1888,0.0005853086383755579,5.869014890382512e-07,0.00012823557222332692,16,20,False,0.995,0.005,0.66,fixed,100,none,e7f9ddb3-8f5f-4b72-9bd9-db11716f47fd
1383,188800,38.367568016052246,0.99900075,0.999002,1.0,0.9960719999999998,0.0,0.0,0.0,0.0,0.0,0.0,0.0005,0.0,0.0,0.0,0.0005,0.0,0.0,0.0,0.002,0.9975,0.047880855019754906,1888,0.0005847804648514712,5.873759457317858e-07,0.00012812004518567612,16,20,False,0.995,0.005,0.66,fixed,100,none,e7f9ddb3-8f5f-4b72-9bd9-db11716f47fd
1384,188900,38.38556742668152,0.99900075,0.999002,1.0,0.9960719999999998,0.0,0.0,0.0,0.0,0.0,0.0,0.0005,0.0,0.0,0.0,0.0005,0.0,0.0,0.0,0.002,0.9975,0.047880855019754906,1888,0.0005847282142901729,5.886735014573196e-07,0.00012810885407339576,16,20,False,0.995,0.005,0.66,fixed,100,none,e7f9ddb3-8f5f-4b72-9bd9-db11716f47fd
1385,189200,38.40353584289551,1.0,1.0,1.0,0.9951079999999999,0.0,0.0,0.0,0.0,0.0,0.0,0.0,0.0,0.0,0.0,0.0,0.0,0.0,0.0,0.0025,0.9975,0.047880855019754906,1888,0.000587645131797355,5.911777844453825e-07,0.00012874784312948563,16,20,False,0.995,0.005,0.66,fixed,100,none,e7f9ddb3-8f5f-4b72-9bd9-db11716f47fd
1386,189300,38.42154359817505,0.99900075,0.999002,1.0,0.9960719999999998,0.0,0.0,0.0,0.0,0.0,0.0,0.0005,0.0,0.0,0.0,0.0005,0.0,0.0,0.0,0.002,0.9975,0.047880855019754906,1888,0.0005885019739054421,5.933387704206685e-07,0.00012893581645428122,16,20,False,0.995,0.005,0.66,fixed,100,none,e7f9ddb3-8f5f-4b72-9bd9-db11716f47fd
1387,189500,38.4395968914032,1.0,1.0,1.0,0.9951079999999999,0.0,0.0,0.0,0.0,0.0,0.0,0.0,0.0,0.0,0.0,0.0,0.0,0.0,0.0,0.0025,0.9975,0.047486636390474915,1889,0.000590322311357498,5.948441929567846e-07,0.0001293345743528181,16,20,False,0.995,0.005,0.66,fixed,100,none,e7f9ddb3-8f5f-4b72-9bd9-db11716f47fd
1388,189600,38.45776414871216,1.0,1.0,1.0,0.9951079999999999,0.0,0.0,0.0,0.0,0.0,0.0,0.0,0.0,0.0,0.0,0.0,0.0,0.0,0.0,0.0025,0.9975,0.047486636390474915,1889,0.0005912617486252018,5.971116806104904e-07,0.00012954064799337267,16,20,False,0.995,0.005,0.66,fixed,100,none,e7f9ddb3-8f5f-4b72-9bd9-db11716f47fd
1389,189900,38.47580909729004,0.99900075,0.999002,1.0,0.9960719999999998,0.0,0.0,0.0,0.0,0.0,0.0,0.0005,0.0,0.0,0.0,0.0005,0.0,0.0,0.0,0.002,0.9975,0.047880855019754906,1888,0.0005908509830340668,5.993430690195844e-07,0.00012945115536927093,16,20,False,0.995,0.005,0.66,fixed,100,none,e7f9ddb3-8f5f-4b72-9bd9-db11716f47fd
1390,190000,38.49371933937073,0.99900075,0.999002,1.0,0.9960719999999998,0.0,0.0,0.0,0.0,0.0,0.0,0.0005,0.0,0.0,0.0,0.0005,0.0,0.0,0.0,0.002,0.9975,0.047880855019754906,1888,0.0005911259838002401,6.023874016240898e-07,0.00012951193146018116,16,20,False,0.995,0.005,0.66,fixed,100,none,e7f9ddb3-8f5f-4b72-9bd9-db11716f47fd
1391,190300,38.51169466972351,0.99900075,0.999002,1.0,0.9960719999999998,0.0,0.0,0.0,0.0,0.0,0.0,0.0005,0.0,0.0,0.0,0.0005,0.0,0.0,0.0,0.002,0.9975,0.047880855019754906,1888,0.000594458911118601,6.07681008777052e-07,0.0001302425150355294,16,20,False,0.995,0.005,0.66,fixed,100,none,e7f9ddb3-8f5f-4b72-9bd9-db11716f47fd
1392,190400,38.529770374298096,0.99900075,0.999002,1.0,0.9960719999999998,0.0,0.0,0.0,0.0,0.0,0.0,0.0005,0.0,0.0,0.0,0.0005,0.0,0.0,0.0,0.002,0.9975,0.047880855019754906,1888,0.000594458911118601,6.07681008777052e-07,0.0001302425150355294,16,20,False,0.995,0.005,0.66,fixed,100,none,e7f9ddb3-8f5f-4b72-9bd9-db11716f47fd
1393,190600,38.54797410964966,0.99900075,0.999002,1.0,0.9960719999999998,0.0,0.0,0.0,0.0,0.0,0.0,0.0005,0.0,0.0,0.0,0.0005,0.0,0.0,0.0,0.002,0.9975,0.047880855019754906,1888,0.0005944856890748786,6.07753378610683e-07,0.00013024839048042695,16,20,False,0.995,0.005,0.66,fixed,100,none,e7f9ddb3-8f5f-4b72-9bd9-db11716f47fd
1394,190700,38.56600332260132,0.99900075,0.999002,1.0,0.9960719999999998,0.0,0.0,0.0,0.0,0.0,0.0,0.0005,0.0,0.0,0.0,0.0005,0.0,0.0,0.0,0.002,0.9975,0.047880855019754906,1888,0.0005945122319158228,6.070250421471887e-07,0.00013025406232438155,16,20,False,0.995,0.005,0.66,fixed,100,none,e7f9ddb3-8f5f-4b72-9bd9-db11716f47fd
1395,191000,38.585025787353516,0.99900075,0.999002,1.0,0.9960719999999998,0.0,0.0,0.0,0.0,0.0,0.0,0.0005,0.0,0.0,0.0,0.0005,0.0,0.0,0.0,0.002,0.9975,0.047880855019754906,1888,0.0005960633961302484,6.104428353485796e-07,0.00013059426155162762,16,20,False,0.995,0.005,0.66,fixed,100,none,e7f9ddb3-8f5f-4b72-9bd9-db11716f47fd
1396,191100,38.603086948394775,0.99900075,0.999002,1.0,0.9960719999999998,0.0,0.0,0.0,0.0,0.0,0.0,0.0005,0.0,0.0,0.0,0.0005,0.0,0.0,0.0,0.002,0.9975,0.047880855019754906,1888,0.0005981713896059114,6.133288116722422e-07,0.00013105624965895174,16,20,False,0.995,0.005,0.66,fixed,100,none,e7f9ddb3-8f5f-4b72-9bd9-db11716f47fd
1397,191400,38.62129092216492,0.99900075,0.999002,1.0,0.9960719999999998,0.0,0.0,0.0,0.0,0.0,0.0,0.0005,0.0,0.0,0.0,0.0005,0.0,0.0,0.0,0.002,0.9975,0.047880855019754906,1888,0.0006015008534583342,6.1830287237647e-07,0.0001317860143677809,16,20,False,0.995,0.005,0.66,fixed,100,none,e7f9ddb3-8f5f-4b72-9bd9-db11716f47fd
1398,191500,38.63932394981384,0.99900075,0.999002,1.0,0.9960719999999998,0.0,0.0,0.0,0.0,0.0,0.0,0.0005,0.0,0.0,0.0,0.0005,0.0,0.0,0.0,0.002,0.9975,0.047880855019754906,1888,0.0006013993110979721,6.162032689568256e-07,0.0001317633878204479,16,20,False,0.995,0.005,0.66,fixed,100,none,e7f9ddb3-8f5f-4b72-9bd9-db11716f47fd
1399,191600,38.65731239318848,0.99900075,0.999002,1.0,0.9960719999999998,0.0,0.0,0.0,0.0,0.0,0.0,0.0005,0.0,0.0,0.0,0.0005,0.0,0.0,0.0,0.002,0.9975,0.047880855019754906,1888,0.0006024764584750931,6.174709657418672e-07,0.00013199941624368884,16,20,False,0.995,0.005,0.66,fixed,100,none,e7f9ddb3-8f5f-4b72-9bd9-db11716f47fd
1400,191700,38.67522931098938,0.99900075,0.999002,1.0,0.9960719999999998,0.0,0.0,0.0,0.0,0.0,0.0,0.0005,0.0,0.0,0.0,0.0005,0.0,0.0,0.0,0.002,0.9975,0.04827406863022217,1887,0.0006031718234682905,6.180214157601414e-07,0.00013215173622620324,16,20,False,0.995,0.005,0.66,fixed,100,none,e7f9ddb3-8f5f-4b72-9bd9-db11716f47fd
1401,191800,38.69326043128967,0.99900075,0.999002,1.0,0.9960719999999998,0.0,0.0,0.0,0.0,0.0,0.0,0.0005,0.0,0.0,0.0,0.0005,0.0,0.0,0.0,0.002,0.9975,0.04827406863022217,1887,0.0006029028173215007,6.17266706066327e-07,0.0001320927073858291,16,20,False,0.995,0.005,0.66,fixed,100,none,e7f9ddb3-8f5f-4b72-9bd9-db11716f47fd
1402,192100,38.711464405059814,0.99900075,0.999002,1.0,0.9960719999999998,0.0,0.0,0.0,0.0,0.0,0.0,0.0005,0.0,0.0,0.0,0.0005,0.0,0.0,0.0,0.002,0.9975,0.04827406863022217,1887,0.0006044008796387042,6.204621874761795e-07,0.00013242124036853283,16,20,False,0.995,0.005,0.66,fixed,100,none,e7f9ddb3-8f5f-4b72-9bd9-db11716f47fd
1403,192200,38.72949290275574,0.99900075,0.999002,1.0,0.9960719999999998,0.0,0.0,0.0,0.0,0.0,0.0,0.0005,0.0,0.0,0.0,0.0005,0.0,0.0,0.0,0.002,0.9975,0.04827406863022217,1887,0.0006059586009483095,6.2179377559484e-07,0.00013276247856494798,16,20,False,0.995,0.005,0.66,fixed,100,none,e7f9ddb3-8f5f-4b72-9bd9-db11716f47fd
1404,192400,38.7474365234375,0.99900075,0.999002,1.0,0.9960719999999998,0.0,0.0,0.0,0.0,0.0,0.0,0.0005,0.0,0.0,0.0,0.0005,0.0,0.0,0.0,0.002,0.9975,0.04827406863022217,1887,0.0006047196347885402,6.196313388794203e-07,0.00013249085800959854,16,20,False,0.995,0.005,0.66,fixed,100,none,e7f9ddb3-8f5f-4b72-9bd9-db11716f47fd
1405,192500,38.76545739173889,0.99900075,0.999002,1.0,0.9960719999999998,0.0,0.0,0.0,0.0,0.0,0.0,0.0005,0.0,0.0,0.0,0.0005,0.0,0.0,0.0,0.002,0.9975,0.04827406863022217,1887,0.0006049015194162098,6.192670229299171e-07,0.000132530603334565,16,20,False,0.995,0.005,0.66,fixed,100,none,e7f9ddb3-8f5f-4b72-9bd9-db11716f47fd
1406,192800,38.78370451927185,0.99900075,0.999002,1.0,0.9960719999999998,0.0,0.0,0.0,0.0,0.0,0.0,0.0005,0.0,0.0,0.0,0.0005,0.0,0.0,0.0,0.002,0.9975,0.04827406863022217,1887,0.0006018719314351883,6.152043765426228e-07,0.00013186665462270583,16,20,False,0.995,0.005,0.66,fixed,100,none,e7f9ddb3-8f5f-4b72-9bd9-db11716f47fd
1407,192900,38.80196690559387,0.99900075,0.999002,1.0,0.9960719999999998,0.0,0.0,0.0,0.0,0.0,0.0,0.0005,0.0,0.0,0.0,0.0005,0.0,0.0,0.0,0.002,0.9975,0.04827406863022217,1887,0.0006044411236708417,6.187414810261945e-07,0.00013242972285294226,16,20,False,0.995,0.005,0.66,fixed,100,none,e7f9ddb3-8f5f-4b72-9bd9-db11716f47fd
1408,193000,38.81990313529968,0.99900075,0.999002,1.0,0.9960719999999998,0.0,0.0,0.0,0.0,0.0,0.0,0.0005,0.0,0.0,0.0,0.0005,0.0,0.0,0.0,0.002,0.9975,0.04827406863022217,1887,0.0006052237818118882,6.205640623044096e-07,0.00013260139301046018,16,20,False,0.995,0.005,0.66,fixed,100,none,e7f9ddb3-8f5f-4b72-9bd9-db11716f47fd
1409,193100,38.83784198760986,0.99900075,0.999002,1.0,0.9960719999999998,0.0,0.0,0.0,0.0,0.0,0.0,0.0005,0.0,0.0,0.0,0.0005,0.0,0.0,0.0,0.002,0.9975,0.04788085501975489,1888,0.0006070893142026552,6.238676686584435e-07,0.00013301038573600634,16,20,False,0.995,0.005,0.66,fixed,100,none,e7f9ddb3-8f5f-4b72-9bd9-db11716f47fd
1410,193200,38.85577940940857,0.99900075,0.999002,1.0,0.9960719999999998,0.0,0.0,0.0,0.0,0.0,0.0,0.0005,0.0,0.0,0.0,0.0005,0.0,0.0,0.0,0.002,0.9975,0.047486636390474915,1889,0.0006063549057977915,6.227598515920697e-07,0.00013284941325093907,16,20,False,0.995,0.005,0.66,fixed,100,none,e7f9ddb3-8f5f-4b72-9bd9-db11716f47fd
1411,193300,38.8739058971405,0.99900075,0.999002,1.0,0.9960719999999998,0.0,0.0,0.0,0.0,0.0,0.0,0.0005,0.0,0.0,0.0,0.0005,0.0,0.0,0.0,0.002,0.9975,0.04788085501975489,1888,0.0006068107539384353,6.238049579786742e-07,0.00013294939697913944,16,20,False,0.995,0.005,0.66,fixed,100,none,e7f9ddb3-8f5f-4b72-9bd9-db11716f47fd
1412,193500,38.89192986488342,0.99900075,0.999002,1.0,0.9960719999999998,0.0,0.0,0.0,0.0,0.0,0.0,0.0005,0.0,0.0,0.0,0.0005,0.0,0.0,0.0,0.002,0.9975,0.04788085501975489,1888,0.0006074451371920063,6.234399267113124e-07,0.00013308819411740535,16,20,False,0.995,0.005,0.66,fixed,100,none,e7f9ddb3-8f5f-4b72-9bd9-db11716f47fd
1413,193600,38.90986084938049,0.99900075,0.999002,1.0,0.9960719999999998,0.0,0.0,0.0,0.0,0.0,0.0,0.0005,0.0,0.0,0.0,0.0005,0.0,0.0,0.0,0.002,0.9975,0.04788085501975489,1888,0.0006074451371920063,6.234399267113124e-07,0.00013308819411740535,16,20,False,0.995,0.005,0.66,fixed,100,none,e7f9ddb3-8f5f-4b72-9bd9-db11716f47fd
1414,193900,38.92781710624695,0.99900075,0.999002,1.0,0.9960719999999998,0.0,0.0,0.0,0.0,0.0,0.0,0.0005,0.0,0.0,0.0,0.0005,0.0,0.0,0.0,0.002,0.9975,0.04788085501975489,1888,0.0006076621910012678,6.239732874355257e-07,0.00013313580853479027,16,20,False,0.995,0.005,0.66,fixed,100,none,e7f9ddb3-8f5f-4b72-9bd9-db11716f47fd
1415,194000,38.945847511291504,0.99900075,0.999002,1.0,0.9960719999999998,0.0,0.0,0.0,0.0,0.0,0.0,0.0005,0.0,0.0,0.0,0.0005,0.0,0.0,0.0,0.002,0.9975,0.04788085501975489,1888,0.0006091078699586087,6.250253440497174e-07,0.00013345246754930892,16,20,False,0.995,0.005,0.66,fixed,100,none,e7f9ddb3-8f5f-4b72-9bd9-db11716f47fd
1416,194200,38.96406698226929,0.99900075,0.999002,1.0,0.9960719999999998,0.0,0.0,0.0,0.0,0.0,0.0,0.0005,0.0,0.0,0.0,0.0005,0.0,0.0,0.0,0.002,0.9975,0.04788085501975489,1888,0.0006092182645204137,6.235561398193444e-07,0.00013347635377008424,16,20,False,0.995,0.005,0.66,fixed,100,none,e7f9ddb3-8f5f-4b72-9bd9-db11716f47fd
1417,194300,38.982152462005615,0.99900075,0.999002,1.0,0.9960719999999998,0.0,0.0,0.0,0.0,0.0,0.0,0.0005,0.0,0.0,0.0,0.0005,0.0,0.0,0.0,0.002,0.9975,0.04788085501975489,1888,0.0006093922810392889,6.238065301064135e-07,0.00013351449356022058,16,20,False,0.995,0.005,0.66,fixed,100,none,e7f9ddb3-8f5f-4b72-9bd9-db11716f47fd
1418,194600,39.00016808509827,0.99900075,0.999002,1.0,0.9960719999999998,0.0,0.0,0.0,0.0,0.0,0.0,0.0005,0.0,0.0,0.0,0.0005,0.0,0.0,0.0,0.002,0.9975,0.04788085501975489,1888,0.0006081783792138508,6.242519869809572e-07,0.0001332488550874383,16,20,False,0.995,0.005,0.66,fixed,100,none,e7f9ddb3-8f5f-4b72-9bd9-db11716f47fd
1419,194700,39.018311500549316,0.99900075,0.999002,1.0,0.9960719999999998,0.0,0.0,0.0,0.0,0.0,0.0,0.0005,0.0,0.0,0.0,0.0005,0.0,0.0,0.0,0.002,0.9975,0.04788085501975489,1888,0.0006078785007369699,6.243511575466188e-07,0.00013318323053125656,16,20,False,0.995,0.005,0.66,fixed,100,none,e7f9ddb3-8f5f-4b72-9bd9-db11716f47fd
1420,195000,39.03643774986267,0.99900075,0.999002,1.0,0.9960719999999998,0.0,0.0,0.0,0.0,0.0,0.0,0.0005,0.0,0.0,0.0,0.0005,0.0,0.0,0.0,0.002,0.9975,0.04788085501975489,1888,0.0006073283017235362,6.256087484290161e-07,0.0001330630309094836,16,20,False,0.995,0.005,0.66,fixed,100,none,e7f9ddb3-8f5f-4b72-9bd9-db11716f47fd
1421,195100,39.054564476013184,0.99900075,0.999002,1.0,0.9960719999999998,0.0,0.0,0.0,0.0,0.0,0.0,0.0005,0.0,0.0,0.0,0.0005,0.0,0.0,0.0,0.002,0.9975,0.04788085501975489,1888,0.0006076125420572682,6.256320857761181e-07,0.00013312525555263347,16,20,False,0.995,0.005,0.66,fixed,100,none,e7f9ddb3-8f5f-4b72-9bd9-db11716f47fd
1422,195300,39.07254457473755,0.99900075,0.999002,1.0,0.9960719999999998,0.0,0.0,0.0,0.0,0.0,0.0,0.0005,0.0,0.0,0.0,0.0005,0.0,0.0,0.0,0.002,0.9975,0.04788085501975489,1888,0.0006081299944302881,6.274603100641162e-07,0.00013323887323970227,16,20,False,0.995,0.005,0.66,fixed,100,none,e7f9ddb3-8f5f-4b72-9bd9-db11716f47fd
1423,195400,39.08924436569214,0.99900075,0.999002,1.0,0.9960719999999998,0.0,0.0,0.0,0.0,0.0,0.0,0.0005,0.0,0.0,0.0,0.0005,0.0,0.0,0.0,0.002,0.9975,0.04788085501975489,1888,0.000607512550881499,6.267130589755412e-07,0.0001331035728691655,16,20,False,0.995,0.005,0.66,fixed,100,none,e7f9ddb3-8f5f-4b72-9bd9-db11716f47fd
1424,195700,39.10721802711487,0.99900075,0.999002,1.0,0.9960719999999998,0.0,0.0,0.0,0.0,0.0,0.0,0.0005,0.0,0.0,0.0,0.0005,0.0,0.0,0.0,0.002,0.9975,0.047486636390474915,1889,0.0006059621439128987,6.261711740904012e-07,0.0001327640858256107,16,20,False,0.995,0.005,0.66,fixed,100,none,e7f9ddb3-8f5f-4b72-9bd9-db11716f47fd
1425,195800,39.125373125076294,0.99900075,0.999002,1.0,0.9960719999999998,0.0,0.0,0.0,0.0,0.0,0.0,0.0005,0.0,0.0,0.0,0.0005,0.0,0.0,0.0,0.002,0.9975,0.047486636390474915,1889,0.0006059253200314629,6.263056736541973e-07,0.00013275605063288153,16,20,False,0.995,0.005,0.66,fixed,100,none,e7f9ddb3-8f5f-4b72-9bd9-db11716f47fd
1426,196000,39.14338541030884,0.99900075,0.999002,1.0,0.9960719999999998,0.0,0.0,0.0,0.0,0.0,0.0,0.0005,0.0,0.0,0.0,0.0005,0.0,0.0,0.0,0.002,0.9975,0.047486636390474915,1889,0.0006062868557209069,6.252261268533558e-07,0.00013283498568140867,16,20,False,0.995,0.005,0.66,fixed,100,none,e7f9ddb3-8f5f-4b72-9bd9-db11716f47fd
1427,196100,39.16124892234802,0.99900075,0.999002,1.0,0.9960719999999998,0.0,0.0,0.0,0.0,0.0,0.0,0.0005,0.0,0.0,0.0,0.0005,0.0,0.0,0.0,0.002,0.9975,0.047486636390474915,1889,0.0006064918711701418,6.257590208616434e-07,0.00013287996481310777,16,20,False,0.995,0.005,0.66,fixed,100,none,e7f9ddb3-8f5f-4b72-9bd9-db11716f47fd
1428,196200,39.179219007492065,0.99900075,0.999002,1.0,0.9960719999999998,0.0,0.0,0.0,0.0,0.0,0.0,0.0005,0.0,0.0,0.0,0.0005,0.0,0.0,0.0,0.002,0.9975,0.047486636390474915,1889,0.0006078497069957118,6.271909107724775e-07,0.0001331774671344081,16,20,False,0.995,0.005,0.66,fixed,100,none,e7f9ddb3-8f5f-4b72-9bd9-db11716f47fd
1429,196300,39.19738721847534,0.99900075,0.999002,1.0,0.9960719999999998,0.0,0.0,0.0,0.0,0.0,0.0,0.0005,0.0,0.0,0.0,0.0005,0.0,0.0,0.0,0.002,0.9975,0.047486636390474915,1889,0.0006072635019460994,6.274470938331197e-07,0.00013304919552382946,16,20,False,0.995,0.005,0.66,fixed,100,none,e7f9ddb3-8f5f-4b72-9bd9-db11716f47fd
1430,196400,39.21557378768921,0.99900075,0.999002,1.0,0.9960719999999998,0.0,0.0,0.0,0.0,0.0,0.0,0.0005,0.0,0.0,0.0,0.0005,0.0,0.0,0.0,0.002,0.9975,0.047486636390474915,1889,0.0006073596948826307,6.271406699710347e-07,0.00013307019393710238,16,20,False,0.995,0.005,0.66,fixed,100,none,e7f9ddb3-8f5f-4b72-9bd9-db11716f47fd
1431,196500,39.233562707901,0.99900075,0.999002,1.0,0.9960719999999998,0.0,0.0,0.0,0.0,0.0,0.0,0.0005,0.0,0.0,0.0,0.0005,0.0,0.0,0.0,0.002,0.9975,0.047486636390474915,1889,0.0006081260729596875,6.293478848315399e-07,0.0001332383734689936,16,20,False,0.995,0.005,0.66,fixed,100,none,e7f9ddb3-8f5f-4b72-9bd9-db11716f47fd
1432,196800,39.25155162811279,0.99900075,0.999002,1.0,0.9960719999999998,0.0,0.0,0.0,0.0,0.0,0.0,0.0005,0.0,0.0,0.0,0.0005,0.0,0.0,0.0,0.002,0.9975,0.047486636390474915,1889,0.0006092782393819432,6.316919535222726e-07,0.0001334910280718766,16,20,False,0.995,0.005,0.66,fixed,100,none,e7f9ddb3-8f5f-4b72-9bd9-db11716f47fd
1433,196900,39.2695677280426,0.99900075,0.999002,1.0,0.9960719999999998,0.0,0.0,0.0,0.0,0.0,0.0,0.0005,0.0,0.0,0.0,0.0005,0.0,0.0,0.0,0.002,0.9975,0.047486636390474915,1889,0.0006094757657230009,6.304028445722767e-07,0.00013353402165723364,16,20,False,0.995,0.005,0.66,fixed,100,none,e7f9ddb3-8f5f-4b72-9bd9-db11716f47fd
1434,197100,39.287721157073975,0.99900075,0.999002,1.0,0.9960719999999998,0.0,0.0,0.0,0.0,0.0,0.0,0.0005,0.0,0.0,0.0,0.0005,0.0,0.0,0.0,0.002,0.9975,0.047486636390474915,1889,0.0006096657793266423,6.307456843139165e-07,0.00013357568077462166,16,20,False,0.995,0.005,0.66,fixed,100,none,e7f9ddb3-8f5f-4b72-9bd9-db11716f47fd
1435,197200,39.30600643157959,0.99900075,0.999002,1.0,0.9960719999999998,0.0,0.0,0.0,0.0,0.0,0.0,0.0005,0.0,0.0,0.0,0.0005,0.0,0.0,0.0,0.002,0.9975,0.047486636390474915,1889,0.0006103476954482198,6.31214191676784e-07,0.0001337250412300339,16,20,False,0.995,0.005,0.66,fixed,100,none,e7f9ddb3-8f5f-4b72-9bd9-db11716f47fd
1436,197500,39.323912143707275,0.99900075,0.999002,1.0,0.9960719999999998,0.0,0.0,0.0,0.0,0.0,0.0,0.0005,0.0,0.0,0.0,0.0005,0.0,0.0,0.0,0.002,0.9975,0.047486636390474915,1889,0.0006118742727249655,6.34299896198092e-07,0.0001340597952797726,16,20,False,0.995,0.005,0.66,fixed,100,none,e7f9ddb3-8f5f-4b72-9bd9-db11716f47fd
1437,197600,39.34196925163269,0.99900075,0.999002,1.0,0.9960719999999998,0.0,0.0,0.0,0.0,0.0,0.0,0.0005,0.0,0.0,0.0,0.0005,0.0,0.0,0.0,0.002,0.9975,0.047486636390474915,1889,0.0006112631424828705,6.341884665236166e-07,0.00013392599769813986,16,20,False,0.995,0.005,0.66,fixed,100,none,e7f9ddb3-8f5f-4b72-9bd9-db11716f47fd
1438,197800,39.359962940216064,0.99900075,0.999002,1.0,0.9960719999999998,0.0,0.0,0.0,0.0,0.0,0.0,0.0005,0.0,0.0,0.0,0.0005,0.0,0.0,0.0,0.002,0.9975,0.047486636390474915,1889,0.000610790130524853,6.343109975708357e-07,0.0001338224786614288,16,20,False,0.995,0.005,0.66,fixed,100,none,e7f9ddb3-8f5f-4b72-9bd9-db11716f47fd
1439,197900,39.3782114982605,0.99900075,0.999002,1.0,0.9960719999999998,0.0,0.0,0.0,0.0,0.0,0.0,0.0005,0.0,0.0,0.0,0.0005,0.0,0.0,0.0,0.002,0.9975,0.047486636390474915,1889,0.0006111041979845734,6.337152412394295e-07,0.00013389111483465862,16,20,False,0.995,0.005,0.66,fixed,100,none,e7f9ddb3-8f5f-4b72-9bd9-db11716f47fd
1440,198200,39.39632201194763,0.99900075,0.999002,1.0,0.9960719999999998,0.0,0.0,0.0,0.0,0.0,0.0,0.0005,0.0,0.0,0.0,0.0005,0.0,0.0,0.0,0.002,0.9975,0.047486636390474915,1889,0.000611917007502486,6.362708824972091e-07,0.00013406952440996864,16,20,False,0.995,0.005,0.66,fixed,100,none,e7f9ddb3-8f5f-4b72-9bd9-db11716f47fd
1441,198300,39.41431260108948,0.99900075,0.999002,1.0,0.9960719999999998,0.0,0.0,0.0,0.0,0.0,0.0,0.0005,0.0,0.0,0.0,0.0005,0.0,0.0,0.0,0.002,0.9975,0.047486636390474915,1889,0.0006123909039947191,6.362710216280377e-07,0.00013417326037855334,16,20,False,0.995,0.005,0.66,fixed,100,none,e7f9ddb3-8f5f-4b72-9bd9-db11716f47fd
1442,198600,39.43234443664551,0.99900075,0.999002,1.0,0.9960719999999998,0.0,0.0,0.0,0.0,0.0,0.0,0.0005,0.0,0.0,0.0,0.0005,0.0,0.0,0.0,0.002,0.9975,0.047486636390474915,1889,0.0006123884124441926,6.360644500183706e-07,0.00013417267572953724,16,20,False,0.995,0.005,0.66,fixed,100,none,e7f9ddb3-8f5f-4b72-9bd9-db11716f47fd
1443,198700,39.45042872428894,0.99900075,0.999002,1.0,0.9960719999999998,0.0,0.0,0.0,0.0,0.0,0.0,0.0005,0.0,0.0,0.0,0.0005,0.0,0.0,0.0,0.002,0.9975,0.047486636390474915,1889,0.0006123884124441926,6.360644500183706e-07,0.00013417267572953724,16,20,False,0.995,0.005,0.66,fixed,100,none,e7f9ddb3-8f5f-4b72-9bd9-db11716f47fd
1444,198900,39.468587160110474,0.99900075,0.999002,1.0,0.9960719999999998,0.0,0.0,0.0,0.0,0.0,0.0,0.0005,0.0,0.0,0.0,0.0005,0.0,0.0,0.0,0.002,0.9975,0.047486636390474915,1889,0.0006104985624110844,6.362135271950862e-07,0.00013375901588195344,16,20,False,0.995,0.005,0.66,fixed,100,none,e7f9ddb3-8f5f-4b72-9bd9-db11716f47fd
1445,199000,39.4866886138916,0.99900075,0.999002,1.0,0.9960719999999998,0.0,0.0,0.0,0.0,0.0,0.0,0.0005,0.0,0.0,0.0,0.0005,0.0,0.0,0.0,0.002,0.9975,0.047486636390474915,1889,0.0006105193597636726,6.354875898857375e-07,0.00013376343049434624,16,20,False,0.995,0.005,0.66,fixed,100,none,e7f9ddb3-8f5f-4b72-9bd9-db11716f47fd
1446,199300,39.50460958480835,0.99900075,0.999002,1.0,0.9960719999999998,0.0,0.0,0.0,0.0,0.0,0.0,0.0005,0.0,0.0,0.0,0.0005,0.0,0.0,0.0,0.002,0.9975,0.047486636390474915,1889,0.0006102065746229734,6.341052006858867e-07,0.0001336946991730992,16,20,False,0.995,0.005,0.66,fixed,100,none,e7f9ddb3-8f5f-4b72-9bd9-db11716f47fd
1447,199400,39.522663593292236,0.99900075,0.999002,1.0,0.9960719999999998,0.0,0.0,0.0,0.0,0.0,0.0,0.0005,0.0,0.0,0.0,0.0005,0.0,0.0,0.0,0.002,0.9975,0.047091412742382266,1890,0.0006104572037760975,6.35195928992543e-07,0.0001337497691330963,16,20,False,0.995,0.005,0.66,fixed,100,none,e7f9ddb3-8f5f-4b72-9bd9-db11716f47fd
1448,199500,39.54091143608093,0.99900075,0.999002,1.0,0.9960719999999998,0.0,0.0,0.0,0.0,0.0,0.0,0.0005,0.0,0.0,0.0,0.0005,0.0,0.0,0.0,0.002,0.9975,0.047091412742382266,1890,0.0006104572037760975,6.35195928992543e-07,0.0001337497691330963,16,20,False,0.995,0.005,0.66,fixed,100,none,e7f9ddb3-8f5f-4b72-9bd9-db11716f47fd
1449,199600,39.55907392501831,0.99900075,0.999002,1.0,0.9960719999999998,0.0,0.0,0.0,0.0,0.0,0.0,0.0005,0.0,0.0,0.0,0.0005,0.0,0.0,0.0,0.002,0.9975,0.047091412742382266,1890,0.0006104572037760975,6.35195928992543e-07,0.0001337497691330963,16,20,False,0.995,0.005,0.66,fixed,100,none,e7f9ddb3-8f5f-4b72-9bd9-db11716f47fd
1450,199700,39.577025175094604,0.99900075,0.999002,1.0,0.9960719999999998,0.0,0.0,0.0,0.0,0.0,0.0,0.0005,0.0,0.0,0.0,0.0005,0.0,0.0,0.0,0.002,0.9975,0.047091412742382266,1890,0.0006096284352266542,6.322862148368236e-07,0.0001335677988519336,16,20,False,0.995,0.005,0.66,fixed,100,none,e7f9ddb3-8f5f-4b72-9bd9-db11716f47fd
1451,200000,39.59508943557739,0.99900075,0.999002,1.0,0.9960719999999998,0.0,0.0,0.0,0.0,0.0,0.0,0.0005,0.0,0.0,0.0,0.0005,0.0,0.0,0.0,0.002,0.9975,0.047091412742382266,1890,0.0006100961943168871,6.330083631377993e-07,0.00013367032852496278,16,20,False,0.995,0.005,0.66,fixed,100,none,e7f9ddb3-8f5f-4b72-9bd9-db11716f47fd
1452,200100,39.61299681663513,0.99900075,0.999002,1.0,0.9960719999999998,0.0,0.0,0.0,0.0,0.0,0.0,0.0005,0.0,0.0,0.0,0.0005,0.0,0.0,0.0,0.002,0.9975,0.047091412742382266,1890,0.0006093616127446225,6.321067508816997e-07,0.0001335093573124654,16,20,False,0.995,0.005,0.66,fixed,100,none,e7f9ddb3-8f5f-4b72-9bd9-db11716f47fd
1453,200400,39.63212060928345,0.99900075,0.999002,1.0,0.9960719999999998,0.0,0.0,0.0,0.0,0.0,0.0,0.0005,0.0,0.0,0.0,0.0005,0.0,0.0,0.0,0.002,0.9975,0.047091412742382266,1890,0.0006100281120205653,6.328637888071413e-07,0.00013365539784117512,16,20,False,0.995,0.005,0.66,fixed,100,none,e7f9ddb3-8f5f-4b72-9bd9-db11716f47fd
1454,200500,39.65025568008423,0.99900075,0.999002,1.0,0.9960719999999998,0.0,0.0,0.0,0.0,0.0,0.0,0.0005,0.0,0.0,0.0,0.0005,0.0,0.0,0.0,0.002,0.9975,0.04669518407547692,1891,0.000610731038039895,6.350826596360375e-07,0.00013380968993226389,16,20,False,0.995,0.005,0.66,fixed,100,none,e7f9ddb3-8f5f-4b72-9bd9-db11716f47fd
1455,200700,39.66835927963257,0.99900075,0.999002,1.0,0.9960719999999998,0.0,0.0,0.0,0.0,0.0,0.0,0.0005,0.0,0.0,0.0,0.0005,0.0,0.0,0.0,0.002,0.9975,0.047091412742382266,1890,0.0006114782897042522,6.363135250267459e-07,0.0001339734971860159,16,20,False,0.995,0.005,0.66,fixed,100,none,e7f9ddb3-8f5f-4b72-9bd9-db11716f47fd
1456,200800,39.68637013435364,0.99900075,0.999002,1.0,0.9960719999999998,0.0,0.0,0.0,0.0,0.0,0.0,0.0005,0.0,0.0,0.0,0.0005,0.0,0.0,0.0,0.002,0.9975,0.047091412742382266,1890,0.0006111152011440485,6.351860538599895e-07,0.00013389380288066562,16,20,False,0.995,0.005,0.66,fixed,100,none,e7f9ddb3-8f5f-4b72-9bd9-db11716f47fd
1457,201100,39.70451760292053,0.99900075,0.999002,1.0,0.9960719999999998,0.0,0.0,0.0,0.0,0.0,0.0,0.0005,0.0,0.0,0.0,0.0005,0.0,0.0,0.0,0.002,0.9975,0.04669518407547692,1891,0.0006125295320732052,6.392777743244232e-07,0.00013420417734794627,16,20,False,0.995,0.005,0.66,fixed,100,none,e7f9ddb3-8f5f-4b72-9bd9-db11716f47fd
1458,201200,39.72271227836609,0.99900075,0.999002,1.0,0.9960719999999998,0.0,0.0,0.0,0.0,0.0,0.0,0.0005,0.0,0.0,0.0,0.0005,0.0,0.0,0.0,0.002,0.9975,0.046695184075476924,1891,0.0006137923898926818,6.415683476894305e-07,0.00013448105213356902,16,20,False,0.995,0.005,0.66,fixed,100,none,e7f9ddb3-8f5f-4b72-9bd9-db11716f47fd
1459,201400,39.74083852767944,0.99900075,0.999002,1.0,0.9960719999999998,0.0,0.0,0.0,0.0,0.0,0.0,0.0005,0.0,0.0,0.0,0.0005,0.0,0.0,0.0,0.002,0.9975,0.046695184075476924,1891,0.0006133457234272638,6.412466499838513e-07,0.00013438321572172498,16,20,False,0.995,0.005,0.66,fixed,100,none,e7f9ddb3-8f5f-4b72-9bd9-db11716f47fd
1460,201500,39.758957862854004,0.99900075,0.999002,1.0,0.9960719999999998,0.0,0.0,0.0,0.0,0.0,0.0,0.0005,0.0,0.0,0.0,0.0005,0.0,0.0,0.0,0.002,0.9975,0.047091412742382266,1890,0.0006154745866965724,6.441792358107029e-07,0.00013484978108268373,16,20,False,0.995,0.005,0.66,fixed,100,none,e7f9ddb3-8f5f-4b72-9bd9-db11716f47fd
1461,201800,39.77703022956848,0.99900075,0.999002,1.0,0.9960719999999998,0.0,0.0,0.0,0.0,0.0,0.0,0.0005,0.0,0.0,0.0,0.0005,0.0,0.0,0.0,0.002,0.9975,0.047091412742382266,1890,0.000616365521487855,6.482607653006932e-07,0.0001350455821990986,16,20,False,0.995,0.005,0.66,fixed,100,none,e7f9ddb3-8f5f-4b72-9bd9-db11716f47fd
1462,201900,39.79518675804138,0.99900075,0.999002,1.0,0.9960719999999998,0.0,0.0,0.0,0.0,0.0,0.0,0.0005,0.0,0.0,0.0,0.0005,0.0,0.0,0.0,0.002,0.9975,0.047091412742382266,1890,0.0006158697352376624,6.489917398046112e-07,0.0001349371934740872,16,20,False,0.995,0.005,0.66,fixed,100,none,e7f9ddb3-8f5f-4b72-9bd9-db11716f47fd
1463,202200,39.81332492828369,0.99900075,0.999002,1.0,0.9960719999999998,0.0,0.0,0.0,0.0,0.0,0.0,0.0005,0.0,0.0,0.0,0.0005,0.0,0.0,0.0,0.002,0.9975,0.047486636390474915,1889,0.0006167256215478632,6.48504326189798e-07,0.00013512445437880333,16,20,False,0.995,0.005,0.66,fixed,100,none,e7f9ddb3-8f5f-4b72-9bd9-db11716f47fd
1464,202300,39.83145523071289,0.99900075,0.999002,1.0,0.9960719999999998,0.0,0.0,0.0,0.0,0.0,0.0,0.0005,0.0,0.0,0.0,0.0005,0.0,0.0,0.0,0.002,0.9975,0.047486636390474915,1889,0.000616812436965898,6.482421701438515e-07,0.0001351434084641624,16,20,False,0.995,0.005,0.66,fixed,100,none,e7f9ddb3-8f5f-4b72-9bd9-db11716f47fd
1465,202500,39.849472999572754,0.99900075,0.999002,1.0,0.9960719999999998,0.0,0.0,0.0,0.0,0.0,0.0,0.0005,0.0,0.0,0.0,0.0005,0.0,0.0,0.0,0.002,0.9975,0.047486636390474915,1889,0.0006159664652882247,6.495458896368006e-07,0.0001349584729706234,16,20,False,0.995,0.005,0.66,fixed,100,none,e7f9ddb3-8f5f-4b72-9bd9-db11716f47fd
1466,202600,39.86747479438782,0.99900075,0.999002,1.0,0.9960719999999998,0.0,0.0,0.0,0.0,0.0,0.0,0.0005,0.0,0.0,0.0,0.0005,0.0,0.0,0.0,0.002,0.9975,0.047486636390474915,1889,0.0006164088318112082,6.520155763335212e-07,0.00013505577624297685,16,20,False,0.995,0.005,0.66,fixed,100,none,e7f9ddb3-8f5f-4b72-9bd9-db11716f47fd
1467,202800,39.88632559776306,0.99900075,0.999002,1.0,0.9960719999999998,0.0,0.0,0.0,0.0,0.0,0.0,0.0005,0.0,0.0,0.0,0.0005,0.0,0.0,0.0,0.002,0.9975,0.047486636390474915,1889,0.0006161498188232175,6.516892250636078e-07,0.0001349990162931644,16,20,False,0.995,0.005,0.66,fixed,100,none,e7f9ddb3-8f5f-4b72-9bd9-db11716f47fd
1468,202900,39.90446639060974,0.99900075,0.999002,1.0,0.9960719999999998,0.0,0.0,0.0,0.0,0.0,0.0,0.0005,0.0,0.0,0.0,0.0005,0.0,0.0,0.0,0.002,0.9975,0.047486636390474915,1889,0.0006160347913903416,6.503582585060372e-07,0.00013497358390446193,16,20,False,0.995,0.005,0.66,fixed,100,none,e7f9ddb3-8f5f-4b72-9bd9-db11716f47fd
1469,203000,39.92244625091553,0.99900075,0.999002,1.0,0.9960719999999998,0.0,0.0,0.0,0.0,0.0,0.0,0.0005,0.0,0.0,0.0,0.0005,0.0,0.0,0.0,0.002,0.9975,0.047486636390474915,1889,0.0006155707709344537,6.492513193976955e-07,0.00013487179950823748,16,20,False,0.995,0.005,0.66,fixed,100,none,e7f9ddb3-8f5f-4b72-9bd9-db11716f47fd
1470,203200,39.9405357837677,0.99900075,0.999002,1.0,0.9960719999999998,0.0,0.0,0.0,0.0,0.0,0.0,0.0005,0.0,0.0,0.0,0.0005,0.0,0.0,0.0,0.002,0.9975,0.047486636390474915,1889,0.0006161841194560826,6.515501101167533e-07,0.00013500649826985868,16,20,False,0.995,0.005,0.66,fixed,100,none,e7f9ddb3-8f5f-4b72-9bd9-db11716f47fd
1471,203300,39.9586067199707,0.99900075,0.999002,1.0,0.9960719999999998,0.0,0.0,0.0,0.0,0.0,0.0,0.0005,0.0,0.0,0.0,0.0005,0.0,0.0,0.0,0.002,0.9975,0.047486636390474915,1889,0.0006161841194560826,6.515501101167533e-07,0.00013500649826985868,16,20,False,0.995,0.005,0.66,fixed,100,none,e7f9ddb3-8f5f-4b72-9bd9-db11716f47fd
1472,203600,39.97676610946655,0.99900075,0.999002,1.0,0.9960719999999998,0.0,0.0,0.0,0.0,0.0,0.0,0.0005,0.0,0.0,0.0,0.0005,0.0,0.0,0.0,0.002,0.9975,0.047091412742382266,1890,0.000612928628082718,6.474739841378065e-07,0.00013429309674429317,16,20,False,0.995,0.005,0.66,fixed,100,none,e7f9ddb3-8f5f-4b72-9bd9-db11716f47fd
1473,203700,39.99479413032532,0.99900075,0.999002,1.0,0.9960719999999998,0.0,0.0,0.0,0.0,0.0,0.0,0.0005,0.0,0.0,0.0,0.0005,0.0,0.0,0.0,0.002,0.9975,0.04669518407547691,1891,0.0006121800079679879,6.456270200569716e-07,0.00013412887287800337,16,20,False,0.995,0.005,0.66,fixed,100,none,e7f9ddb3-8f5f-4b72-9bd9-db11716f47fd
1474,204000,40.01286458969116,0.99900075,0.999002,1.0,0.9960719999999998,0.0,0.0,0.0,0.0,0.0,0.0,0.0005,0.0,0.0,0.0,0.0005,0.0,0.0,0.0,0.002,0.9975,0.047091412742382266,1890,0.0006096748676794447,6.422074649611494e-07,0.00013357984795337306,16,20,False,0.995,0.005,0.66,fixed,100,none,e7f9ddb3-8f5f-4b72-9bd9-db11716f47fd
1475,204100,40.03099584579468,0.99900075,0.999002,1.0,0.9960719999999998,0.0,0.0,0.0,0.0,0.0,0.0,0.0005,0.0,0.0,0.0,0.0005,0.0,0.0,0.0,0.002,0.9975,0.047091412742382266,1890,0.0006098017227319032,6.42022013175761e-07,0.00013360758128851702,16,20,False,0.995,0.005,0.66,fixed,100,none,e7f9ddb3-8f5f-4b72-9bd9-db11716f47fd
1476,204300,40.049206495285034,0.99900075,0.999002,1.0,0.9960719999999998,0.0,0.0,0.0,0.0,0.0,0.0,0.0005,0.0,0.0,0.0,0.0005,0.0,0.0,0.0,0.002,0.9975,0.047091412742382266,1890,0.000608753363116795,6.405995503106406e-07,0.00013337782510082543,16,20,False,0.995,0.005,0.66,fixed,100,none,e7f9ddb3-8f5f-4b72-9bd9-db11716f47fd
1477,204400,40.06729984283447,0.99900075,0.999002,1.0,0.9960719999999998,0.0,0.0,0.0,0.0,0.0,0.0,0.0005,0.0,0.0,0.0,0.0005,0.0,0.0,0.0,0.002,0.9975,0.047091412742382266,1890,0.0006084552157603819,6.395448425904153e-07,0.0001333123602500398,16,20,False,0.995,0.005,0.66,fixed,100,none,e7f9ddb3-8f5f-4b72-9bd9-db11716f47fd
1478,204500,40.08535122871399,0.99900075,0.999002,1.0,0.9960719999999998,0.0,0.0,0.0,0.0,0.0,0.0,0.0005,0.0,0.0,0.0,0.0005,0.0,0.0,0.0,0.002,0.9975,0.047091412742382266,1890,0.0006086651278009736,6.401199453743229e-07,0.00013335841926525425,16,20,False,0.995,0.005,0.66,fixed,100,none,e7f9ddb3-8f5f-4b72-9bd9-db11716f47fd
1479,204700,40.10336136817932,0.99900075,0.999002,1.0,0.9960719999999998,0.0,0.0,0.0,0.0,0.0,0.0,0.0005,0.0,0.0,0.0,0.0005,0.0,0.0,0.0,0.002,0.9975,0.047091412742382266,1890,0.0006103766610744972,6.416930804842655e-07,0.00013373337279449943,16,20,False,0.995,0.005,0.66,fixed,100,none,e7f9ddb3-8f5f-4b72-9bd9-db11716f47fd
1480,204800,40.121909379959106,0.99900075,0.999002,1.0,0.9960719999999998,0.0,0.0,0.0,0.0,0.0,0.0,0.0005,0.0,0.0,0.0,0.0005,0.0,0.0,0.0,0.002,0.9975,0.047091412742382266,1890,0.0006103766610744972,6.416930804842655e-07,0.00013373337279449943,16,20,False,0.995,0.005,0.66,fixed,100,none,e7f9ddb3-8f5f-4b72-9bd9-db11716f47fd
1481,205000,40.14010167121887,0.99900075,0.999002,1.0,0.9960719999999998,0.0,0.0,0.0,0.0,0.0,0.0,0.0005,0.0,0.0,0.0,0.0005,0.0,0.0,0.0,0.002,0.9975,0.047091412742382266,1890,0.0006105418370852833,6.437747117642197e-07,0.0001337699253332037,16,20,False,0.995,0.005,0.66,fixed,100,none,e7f9ddb3-8f5f-4b72-9bd9-db11716f47fd
1482,205100,40.15834593772888,0.99900075,0.999002,1.0,0.9960719999999998,0.0,0.0,0.0,0.0,0.0,0.0,0.0005,0.0,0.0,0.0,0.0005,0.0,0.0,0.0,0.002,0.9975,0.047091412742382266,1890,0.0006105418370852833,6.437747117642197e-07,0.0001337699253332037,16,20,False,0.995,0.005,0.66,fixed,100,none,e7f9ddb3-8f5f-4b72-9bd9-db11716f47fd
1483,205400,40.176265716552734,0.99900075,0.999002,1.0,0.9960719999999998,0.0,0.0,0.0,0.0,0.0,0.0,0.0005,0.0,0.0,0.0,0.0005,0.0,0.0,0.0,0.002,0.9975,0.04669518407547691,1891,0.0006125912025033662,6.458028020007499e-07,0.000134218916760367,16,20,False,0.995,0.005,0.66,fixed,100,none,e7f9ddb3-8f5f-4b72-9bd9-db11716f47fd
1484,205500,40.194371700286865,0.99900075,0.999002,1.0,0.9960719999999998,0.0,0.0,0.0,0.0,0.0,0.0,0.0005,0.0,0.0,0.0,0.0005,0.0,0.0,0.0,0.002,0.9975,0.04669518407547691,1891,0.0006128324485947797,6.467208858171764e-07,0.00013427189996570254,16,20,False,0.995,0.005,0.66,fixed,100,none,e7f9ddb3-8f5f-4b72-9bd9-db11716f47fd
1485,205800,40.21271586418152,0.99900075,0.999002,1.0,0.9960719999999998,0.0,0.0,0.0,0.0,0.0,0.0,0.0005,0.0,0.0,0.0,0.0005,0.0,0.0,0.0,0.002,0.9975,0.047091412742382266,1890,0.0006131505414785441,6.469712201019648e-07,0.0001343415780614727,16,20,False,0.995,0.005,0.66,fixed,100,none,e7f9ddb3-8f5f-4b72-9bd9-db11716f47fd
1486,205900,40.23111867904663,0.99900075,0.999002,1.0,0.9960719999999998,0.0,0.0,0.0,0.0,0.0,0.0,0.0005,0.0,0.0,0.0,0.0005,0.0,0.0,0.0,0.002,0.9975,0.04669518407547691,1891,0.0006132666398271025,6.481102277093504e-07,0.00013436720840141752,16,20,False,0.995,0.005,0.66,fixed,100,none,e7f9ddb3-8f5f-4b72-9bd9-db11716f47fd
1487,206100,40.24934220314026,0.99900075,0.999002,1.0,0.9960719999999998,0.0,0.0,0.0,0.0,0.0,0.0,0.0005,0.0,0.0,0.0,0.0005,0.0,0.0,0.0,0.002,0.9975,0.04669518407547691,1891,0.0006140160149224168,6.495286769297874e-07,0.0001345315161151337,16,20,False,0.995,0.005,0.66,fixed,100,none,e7f9ddb3-8f5f-4b72-9bd9-db11716f47fd
1488,206200,40.267553091049194,0.99900075,0.999002,1.0,0.9960719999999998,0.0,0.0,0.0,0.0,0.0,0.0,0.0005,0.0,0.0,0.0,0.0005,0.0,0.0,0.0,0.002,0.9975,0.04669518407547691,1891,0.0006142942855973635,6.503704276841804e-07,0.0001345925894985229,16,20,False,0.995,0.005,0.66,fixed,100,none,e7f9ddb3-8f5f-4b72-9bd9-db11716f47fd
1489,206500,40.285752058029175,0.99900075,0.999002,1.0,0.9960719999999998,0.0,0.0,0.0,0.0,0.0,0.0,0.0005,0.0,0.0,0.0,0.0005,0.0,0.0,0.0,0.002,0.9975,0.04669518407547691,1891,0.0006136079540061635,6.512559848056832e-07,0.0001344425197690623,16,20,False,0.995,0.005,0.66,fixed,100,none,e7f9ddb3-8f5f-4b72-9bd9-db11716f47fd
1490,206600,40.304036378860474,0.99900075,0.999002,1.0,0.9960719999999998,0.0,0.0,0.0,0.0,0.0,0.0,0.0005,0.0,0.0,0.0,0.0005,0.0,0.0,0.0,0.002,0.9975,0.047091412742382266,1890,0.0006130276811270308,6.515512810615434e-07,0.00013431555414210872,16,20,False,0.995,0.005,0.66,fixed,100,none,e7f9ddb3-8f5f-4b72-9bd9-db11716f47fd
1491,206800,40.32249712944031,0.99900075,0.999002,1.0,0.9960719999999998,0.0,0.0,0.0,0.0,0.0,0.0,0.0005,0.0,0.0,0.0,0.0005,0.0,0.0,0.0,0.002,0.9975,0.047091412742382266,1890,0.0006125343623093325,6.515488605346984e-07,0.00013420756619301447,16,20,False,0.995,0.005,0.66,fixed,100,none,e7f9ddb3-8f5f-4b72-9bd9-db11716f47fd
1492,206900,40.34067988395691,0.99900075,0.999002,1.0,0.9960719999999998,0.0,0.0,0.0,0.0,0.0,0.0,0.0005,0.0,0.0,0.0,0.0005,0.0,0.0,0.0,0.002,0.9975,0.047091412742382266,1890,0.0006125343623093325,6.515488605346984e-07,0.00013420756619301447,16,20,False,0.995,0.005,0.66,fixed,100,none,e7f9ddb3-8f5f-4b72-9bd9-db11716f47fd
1493,207200,40.35890531539917,0.99900075,0.999002,1.0,0.9960719999999998,0.0,0.0,0.0,0.0,0.0,0.0,0.0005,0.0,0.0,0.0,0.0005,0.0,0.0,0.0,0.002,0.9975,0.04669518407547691,1891,0.0006155982710439162,6.578388436229126e-07,0.00013487945091180162,16,20,False,0.995,0.005,0.66,fixed,100,none,e7f9ddb3-8f5f-4b72-9bd9-db11716f47fd
1494,207300,40.37722849845886,0.99900075,0.999002,1.0,0.9960719999999998,0.0,0.0,0.0,0.0,0.0,0.0,0.0005,0.0,0.0,0.0,0.0005,0.0,0.0,0.0,0.002,0.9975,0.047091412742382266,1890,0.0006141045617526508,6.57288064962098e-07,0.00013455237329999806,16,20,False,0.995,0.005,0.66,fixed,100,none,e7f9ddb3-8f5f-4b72-9bd9-db11716f47fd
1495,207600,40.39556097984314,0.99900075,0.999002,1.0,0.9960719999999998,0.0,0.0,0.0,0.0,0.0,0.0,0.0005,0.0,0.0,0.0,0.0005,0.0,0.0,0.0,0.002,0.9975,0.047091412742382266,1890,0.0006127286826069794,6.566347428251617e-07,0.00013425106922380458,16,20,False,0.995,0.005,0.66,fixed,100,none,e7f9ddb3-8f5f-4b72-9bd9-db11716f47fd
1496,207700,40.414756298065186,0.99900075,0.999002,1.0,0.9960719999999998,0.0,0.0,0.0,0.0,0.0,0.0,0.0005,0.0,0.0,0.0,0.0005,0.0,0.0,0.0,0.002,0.9975,0.047091412742382266,1890,0.0006126779939287903,6.551680783719919e-07,0.0001342396948059029,16,20,False,0.995,0.005,0.66,fixed,100,none,e7f9ddb3-8f5f-4b72-9bd9-db11716f47fd
1497,207800,40.432965993881226,0.99900075,0.999002,1.0,0.9960719999999998,0.0,0.0,0.0,0.0,0.0,0.0,0.0005,0.0,0.0,0.0,0.0005,0.0,0.0,0.0,0.002,0.9975,0.047091412742382266,1890,0.000611677972932164,6.542806124825983e-07,0.0001340206215912224,16,20,False,0.995,0.005,0.66,fixed,100,none,e7f9ddb3-8f5f-4b72-9bd9-db11716f47fd
1498,207900,40.45128655433655,0.99900075,0.999002,1.0,0.9960719999999998,0.0,0.0,0.0,0.0,0.0,0.0,0.0005,0.0,0.0,0.0,0.0005,0.0,0.0,0.0,0.002,0.9975,0.047091412742382266,1890,0.0006109633498657293,6.538370431287022e-07,0.0001338641063238026,16,20,False,0.995,0.005,0.66,fixed,100,none,e7f9ddb3-8f5f-4b72-9bd9-db11716f47fd
1499,208000,40.4696683883667,0.99900075,0.999002,1.0,0.9960719999999998,0.0,0.0,0.0,0.0,0.0,0.0,0.0005,0.0,0.0,0.0,0.0005,0.0,0.0,0.0,0.002,0.9975,0.047091412742382266,1890,0.000611210518775785,6.532153942096564e-07,0.00013391809348491917,16,20,False,0.995,0.005,0.66,fixed,100,none,e7f9ddb3-8f5f-4b72-9bd9-db11716f47fd
1500,208300,40.48786377906799,0.99900075,0.999002,1.0,0.9960719999999998,0.0,0.0,0.0,0.0,0.0,0.0,0.0005,0.0,0.0,0.0,0.0005,0.0,0.0,0.0,0.002,0.9975,0.04669518407547691,1891,0.000612380510887644,6.552955591238401e-07,0.0001341745999895388,16,20,False,0.995,0.005,0.66,fixed,100,none,e7f9ddb3-8f5f-4b72-9bd9-db11716f47fd
1501,208400,40.50596308708191,0.99900075,0.999002,1.0,0.9960719999999998,0.0,0.0,0.0,0.0,0.0,0.0,0.0005,0.0,0.0,0.0,0.0005,0.0,0.0,0.0,0.002,0.9975,0.04669518407547691,1891,0.0006127850067890726,6.555300732531325e-07,0.0001342631887000461,16,20,False,0.995,0.005,0.66,fixed,100,none,e7f9ddb3-8f5f-4b72-9bd9-db11716f47fd
1502,208600,40.52423620223999,0.99900075,0.999002,1.0,0.9960719999999998,0.0,0.0,0.0,0.0,0.0,0.0,0.0005,0.0,0.0,0.0,0.0005,0.0,0.0,0.0,0.002,0.9975,0.047091412742382266,1890,0.0006135592668735198,6.553646694766928e-07,0.00013443264280581403,16,20,False,0.995,0.005,0.66,fixed,100,none,e7f9ddb3-8f5f-4b72-9bd9-db11716f47fd
1503,208700,40.54271960258484,0.99900075,0.999002,1.0,0.9960719999999998,0.0,0.0,0.0,0.0,0.0,0.0,0.0005,0.0,0.0,0.0,0.0005,0.0,0.0,0.0,0.002,0.9975,0.04629795038975885,1892,0.0006174729553634087,6.602158148559171e-07,0.0001352902709338728,16,20,False,0.995,0.005,0.66,fixed,100,none,e7f9ddb3-8f5f-4b72-9bd9-db11716f47fd
1504,209000,40.56156945228577,0.99900075,0.999002,1.0,0.9960719999999998,0.0,0.0,0.0,0.0,0.0,0.0,0.0005,0.0,0.0,0.0,0.0005,0.0,0.0,0.0,0.002,0.9975,0.045899711685228106,1893,0.0006161884733952106,6.560558921212675e-07,0.00013500830744571463,16,20,False,0.995,0.005,0.66,fixed,100,none,e7f9ddb3-8f5f-4b72-9bd9-db11716f47fd
1505,209100,40.58057236671448,0.99900075,0.999002,1.0,0.9960719999999998,0.0,0.0,0.0,0.0,0.0,0.0,0.0005,0.0,0.0,0.0,0.0005,0.0,0.0,0.0,0.002,0.9975,0.045899711685228106,1893,0.0006161456262017474,6.56287011425871e-07,0.00013499897210773342,16,20,False,0.995,0.005,0.66,fixed,100,none,e7f9ddb3-8f5f-4b72-9bd9-db11716f47fd
1506,209400,40.59962224960327,0.99900075,0.999002,1.0,0.9960719999999998,0.0,0.0,0.0,0.0,0.0,0.0,0.0005,0.0,0.0,0.0,0.0005,0.0,0.0,0.0,0.002,0.9975,0.04629795038975885,1892,0.0006171408460703891,6.576714353446821e-07,0.00013521708877752367,16,20,False,0.995,0.005,0.66,fixed,100,none,e7f9ddb3-8f5f-4b72-9bd9-db11716f47fd
1507,209500,40.61850190162659,0.99900075,0.999002,1.0,0.9960719999999998,0.0,0.0,0.0,0.0,0.0,0.0,0.0005,0.0,0.0,0.0,0.0005,0.0,0.0,0.0,0.002,0.9975,0.04629795038975885,1892,0.0006187598703504137,6.607238917854376e-07,0.0001355720731591448,16,20,False,0.995,0.005,0.66,fixed,100,none,e7f9ddb3-8f5f-4b72-9bd9-db11716f47fd
1508,209600,40.638046979904175,0.99900075,0.999002,1.0,0.9960719999999998,0.0,0.0,0.0,0.0,0.0,0.0,0.0005,0.0,0.0,0.0,0.0005,0.0,0.0,0.0,0.002,0.9975,0.04669518407547692,1891,0.0006209928170499484,6.627868414657394e-07,0.00013606125715211222,16,20,False,0.995,0.005,0.66,fixed,100,none,e7f9ddb3-8f5f-4b72-9bd9-db11716f47fd
1509,209700,40.65632247924805,0.99900075,0.999002,1.0,0.9960719999999998,0.0,0.0,0.0,0.0,0.0,0.0,0.0005,0.0,0.0,0.0,0.0005,0.0,0.0,0.0,0.002,0.9975,0.04669518407547691,1891,0.0006202496102162529,6.606774866294111e-07,0.00013589816839879734,16,20,False,0.995,0.005,0.66,fixed,100,none,e7f9ddb3-8f5f-4b72-9bd9-db11716f47fd
1510,209800,40.67434859275818,0.99900075,0.999002,1.0,0.9960719999999998,0.0,0.0,0.0,0.0,0.0,0.0,0.0005,0.0,0.0,0.0,0.0005,0.0,0.0,0.0,0.002,0.9975,0.047091412742382266,1890,0.0006227951979988398,6.628228519347888e-07,0.00013645580518381365,16,20,False,0.995,0.005,0.66,fixed,100,none,e7f9ddb3-8f5f-4b72-9bd9-db11716f47fd
1511,210100,40.69242715835571,0.99900075,0.999002,1.0,0.9960719999999998,0.0,0.0,0.0,0.0,0.0,0.0,0.0005,0.0,0.0,0.0,0.0005,0.0,0.0,0.0,0.002,0.9975,0.04669518407547691,1891,0.0006237630446200768,6.657198817391284e-07,0.00013666821724486524,16,20,False,0.995,0.005,0.66,fixed,100,none,e7f9ddb3-8f5f-4b72-9bd9-db11716f47fd
1512,210200,40.710837841033936,0.99900075,0.999002,1.0,0.9960719999999998,0.0,0.0,0.0,0.0,0.0,0.0,0.0005,0.0,0.0,0.0,0.0005,0.0,0.0,0.0,0.002,0.9975,0.04669518407547692,1891,0.0006235890225522494,6.659707720086916e-07,0.00013663017148336906,16,20,False,0.995,0.005,0.66,fixed,100,none,e7f9ddb3-8f5f-4b72-9bd9-db11716f47fd
1513,210500,40.72975277900696,0.99900075,0.999002,1.0,0.9960719999999998,0.0,0.0,0.0,0.0,0.0,0.0,0.0005,0.0,0.0,0.0,0.0005,0.0,0.0,0.0,0.002,0.9975,0.046297950389758855,1892,0.0006244081928490936,6.670286302839106e-07,0.00013680968885442052,16,20,False,0.995,0.005,0.66,fixed,100,none,e7f9ddb3-8f5f-4b72-9bd9-db11716f47fd
1514,210600,40.74796938896179,0.99900075,0.999002,1.0,0.9960719999999998,0.0,0.0,0.0,0.0,0.0,0.0,0.0005,0.0,0.0,0.0,0.0005,0.0,0.0,0.0,0.002,0.9975,0.046297950389758855,1892,0.0006239259169904706,6.685454942041392e-07,0.0001367044068731128,16,20,False,0.995,0.005,0.66,fixed,100,none,e7f9ddb3-8f5f-4b72-9bd9-db11716f47fd
1515,210800,40.76602244377136,0.99900075,0.999002,1.0,0.9960719999999998,0.0,0.0,0.0,0.0,0.0,0.0,0.0005,0.0,0.0,0.0,0.0005,0.0,0.0,0.0,0.002,0.9975,0.046297950389758855,1892,0.0006241684024965851,6.683151057516306e-07,0.0001367574431765953,16,20,False,0.995,0.005,0.66,fixed,100,none,e7f9ddb3-8f5f-4b72-9bd9-db11716f47fd
1516,210900,40.78407049179077,0.99900075,0.999002,1.0,0.9960719999999998,0.0,0.0,0.0,0.0,0.0,0.0,0.0005,0.0,0.0,0.0,0.0005,0.0,0.0,0.0,0.002,0.9975,0.046297950389758855,1892,0.0006250881041766853,6.69428357396917e-07,0.00013695897739218182,16,20,False,0.995,0.005,0.66,fixed,100,none,e7f9ddb3-8f5f-4b72-9bd9-db11716f47fd
1517,211200,40.8021183013916,0.99900075,0.999002,1.0,0.9960719999999998,0.0,0.0,0.0,0.0,0.0,0.0,0.0005,0.0,0.0,0.0,0.0005,0.0,0.0,0.0,0.002,0.9975,0.04669518407547692,1891,0.00062596208179009,6.70519780440975e-07,0.0001371504984621345,16,20,False,0.995,0.005,0.66,fixed,100,none,e7f9ddb3-8f5f-4b72-9bd9-db11716f47fd
1518,211300,40.82039260864258,0.99900075,0.999002,1.0,0.9960719999999998,0.0,0.0,0.0,0.0,0.0,0.0,0.0005,0.0,0.0,0.0,0.0005,0.0,0.0,0.0,0.002,0.9975,0.046297950389758855,1892,0.0006263799794117702,6.711521336101623e-07,0.00013724209639862244,16,20,False,0.995,0.005,0.66,fixed,100,none,e7f9ddb3-8f5f-4b72-9bd9-db11716f47fd
1519,211400,40.838393688201904,0.99900075,0.999002,1.0,0.9960719999999998,0.0,0.0,0.0,0.0,0.0,0.0,0.0005,0.0,0.0,0.0,0.0005,0.0,0.0,0.0,0.002,0.9975,0.046297950389758855,1892,0.000626250505430267,6.714247324250162e-07,0.0001372138063378462,16,20,False,0.995,0.005,0.66,fixed,100,none,e7f9ddb3-8f5f-4b72-9bd9-db11716f47fd
1520,211500,40.85641002655029,0.99900075,0.999002,1.0,0.9960719999999998,0.0,0.0,0.0,0.0,0.0,0.0,0.0005,0.0,0.0,0.0,0.0005,0.0,0.0,0.0,0.002,0.9975,0.046297950389758855,1892,0.0006271462842343762,6.727421180033738e-07,0.0001374101426213256,16,20,False,0.995,0.005,0.66,fixed,100,none,e7f9ddb3-8f5f-4b72-9bd9-db11716f47fd
1521,211600,40.87457013130188,0.99900075,0.999002,1.0,0.9960719999999998,0.0,0.0,0.0,0.0,0.0,0.0,0.0005,0.0,0.0,0.0,0.0005,0.0,0.0,0.0,0.002,0.9975,0.046297950389758855,1892,0.0006267385632400847,6.733749127000403e-07,0.00013732101272666757,16,20,False,0.995,0.005,0.66,fixed,100,none,e7f9ddb3-8f5f-4b72-9bd9-db11716f47fd
1522,211900,40.892786264419556,0.99900075,0.999002,1.0,0.9960719999999998,0.0,0.0,0.0,0.0,0.0,0.0,0.0005,0.0,0.0,0.0,0.0005,0.0,0.0,0.0,0.002,0.9975,0.045899711685228106,1893,0.0006248441964834871,6.70197623461609e-07,0.00013690573215869304,16,20,False,0.995,0.005,0.66,fixed,100,none,e7f9ddb3-8f5f-4b72-9bd9-db11716f47fd
1523,212000,40.91092228889465,0.99900075,0.999002,1.0,0.9960719999999998,0.0,0.0,0.0,0.0,0.0,0.0,0.0005,0.0,0.0,0.0,0.0005,0.0,0.0,0.0,0.002,0.9975,0.045899711685228106,1893,0.0006250757766869843,6.687268687075755e-07,0.0001369561456218353,16,20,False,0.995,0.005,0.66,fixed,100,none,e7f9ddb3-8f5f-4b72-9bd9-db11716f47fd
1524,212300,40.928895235061646,0.99900075,0.999002,1.0,0.9960719999999998,0.0,0.0,0.0,0.0,0.0,0.0,0.0005,0.0,0.0,0.0,0.0005,0.0,0.0,0.0,0.002,0.9975,0.045899711685228106,1893,0.0006278109962371443,6.725726212576685e-07,0.00013755561587434984,16,20,False,0.995,0.005,0.66,fixed,100,none,e7f9ddb3-8f5f-4b72-9bd9-db11716f47fd
1525,212400,40.94703650474548,0.99900075,0.999002,1.0,0.9960719999999998,0.0,0.0,0.0,0.0,0.0,0.0,0.0005,0.0,0.0,0.0,0.0005,0.0,0.0,0.0,0.002,0.9975,0.045899711685228106,1893,0.0006276082652642439,6.734192852743514e-07,0.0001375113989305451,16,20,False,0.995,0.005,0.66,fixed,100,none,e7f9ddb3-8f5f-4b72-9bd9-db11716f47fd
1526,212600,40.96507477760315,0.99900075,0.999002,1.0,0.9960719999999998,0.0,0.0,0.0,0.0,0.0,0.0,0.0005,0.0,0.0,0.0,0.0005,0.0,0.0,0.0,0.002,0.9975,0.04589971168522809,1893,0.0006269470016630227,6.722378513470892e-07,0.00013736642385579162,16,20,False,0.995,0.005,0.66,fixed,100,none,e7f9ddb3-8f5f-4b72-9bd9-db11716f47fd
1527,212700,40.98326873779297,0.99900075,0.999002,1.0,0.9960719999999998,0.0,0.0,0.0,0.0,0.0,0.0,0.0005,0.0,0.0,0.0,0.0005,0.0,0.0,0.0,0.002,0.9975,0.04589971168522809,1893,0.0006269470016630227,6.722378513470892e-07,0.00013736642385579162,16,20,False,0.995,0.005,0.66,fixed,100,none,e7f9ddb3-8f5f-4b72-9bd9-db11716f47fd
1528,213000,41.00125241279602,0.99900075,0.999002,1.0,0.9960719999999998,0.0,0.0,0.0,0.0,0.0,0.0,0.0005,0.0,0.0,0.0,0.0005,0.0,0.0,0.0,0.002,0.9975,0.04550046796188467,1894,0.0006283080243304039,6.768756279210393e-07,0.00013766523289523042,16,20,False,0.995,0.005,0.66,fixed,100,none,e7f9ddb3-8f5f-4b72-9bd9-db11716f47fd
1529,213100,41.0193190574646,0.99900075,0.999002,1.0,0.9960719999999998,0.0,0.0,0.0,0.0,0.0,0.0,0.0005,0.0,0.0,0.0,0.0005,0.0,0.0,0.0,0.002,0.9975,0.04550046796188467,1894,0.0006282365193780303,6.764565142302118e-07,0.00013764950082955456,16,20,False,0.995,0.005,0.66,fixed,100,none,e7f9ddb3-8f5f-4b72-9bd9-db11716f47fd
1530,213300,41.03738355636597,0.99900075,0.999002,1.0,0.9960719999999998,0.0,0.0,0.0,0.0,0.0,0.0,0.0005,0.0,0.0,0.0,0.0005,0.0,0.0,0.0,0.002,0.9975,0.04629795038975885,1892,0.0006263988162284547,6.756591299160728e-07,0.0001372470761070928,16,20,False,0.995,0.005,0.66,fixed,100,none,e7f9ddb3-8f5f-4b72-9bd9-db11716f47fd
1531,213400,41.05565786361694,0.99900075,0.999002,1.0,0.9960719999999998,0.0,0.0,0.0,0.0,0.0,0.0,0.0005,0.0,0.0,0.0,0.0005,0.0,0.0,0.0,0.002,0.9975,0.04629795038975885,1892,0.0006263988162284547,6.756591299160728e-07,0.0001372470761070928,16,20,False,0.995,0.005,0.66,fixed,100,none,e7f9ddb3-8f5f-4b72-9bd9-db11716f47fd
1532,213700,41.07378268241882,0.99900075,0.999002,1.0,0.9960719999999998,0.0,0.0,0.0,0.0,0.0,0.0,0.0005,0.0,0.0,0.0,0.0005,0.0,0.0,0.0,0.002,0.9975,0.04629795038975885,1892,0.000625901493529297,6.766865863845918e-07,0.0001371384073849762,16,20,False,0.995,0.005,0.66,fixed,100,none,e7f9ddb3-8f5f-4b72-9bd9-db11716f47fd
1533,213800,41.09181261062622,0.99900075,0.999002,1.0,0.9960719999999998,0.0,0.0,0.0,0.0,0.0,0.0,0.0005,0.0,0.0,0.0,0.0005,0.0,0.0,0.0,0.002,0.9975,0.04629795038975885,1892,0.000625901493529297,6.766865863845918e-07,0.0001371384073849762,16,20,False,0.995,0.005,0.66,fixed,100,none,e7f9ddb3-8f5f-4b72-9bd9-db11716f47fd
1534,214100,41.10975694656372,0.99900075,0.999002,1.0,0.9960719999999998,0.0,0.0,0.0,0.0,0.0,0.0,0.0005,0.0,0.0,0.0,0.0005,0.0,0.0,0.0,0.002,0.9975,0.04629795038975885,1892,0.0006265115058679896,6.820748272537628e-07,0.00013727296285168117,16,20,False,0.995,0.005,0.66,fixed,100,none,e7f9ddb3-8f5f-4b72-9bd9-db11716f47fd
1535,214200,41.1278030872345,0.99900075,0.999002,1.0,0.9960719999999998,0.0,0.0,0.0,0.0,0.0,0.0,0.0005,0.0,0.0,0.0,0.0005,0.0,0.0,0.0,0.002,0.9975,0.04629795038975885,1892,0.0006265274489086737,6.816233252805513e-07,0.00013727636699791196,16,20,False,0.995,0.005,0.66,fixed,100,none,e7f9ddb3-8f5f-4b72-9bd9-db11716f47fd
1536,214400,41.14593434333801,0.99900075,0.999002,1.0,0.9960719999999998,0.0,0.0,0.0,0.0,0.0,0.0,0.0005,0.0,0.0,0.0,0.0005,0.0,0.0,0.0,0.002,0.9975,0.04629795038975885,1892,0.0006261276302651908,6.799880486722565e-07,0.00013718853599429802,16,20,False,0.995,0.005,0.66,fixed,100,none,e7f9ddb3-8f5f-4b72-9bd9-db11716f47fd
1537,214500,41.16411375999451,0.99900075,0.999002,1.0,0.9960719999999998,0.0,0.0,0.0,0.0,0.0,0.0,0.0005,0.0,0.0,0.0,0.0005,0.0,0.0,0.0,0.002,0.9975,0.04629795038975885,1892,0.0006262969043835664,6.8094545307204e-07,0.00013722577200564638,16,20,False,0.995,0.005,0.66,fixed,100,none,e7f9ddb3-8f5f-4b72-9bd9-db11716f47fd
1538,214800,41.18211030960083,0.99900075,0.999002,1.0,0.9960719999999998,0.0,0.0,0.0,0.0,0.0,0.0,0.0005,0.0,0.0,0.0,0.0005,0.0,0.0,0.0,0.002,0.9975,0.04629795038975885,1892,0.0006263911693429202,6.793976571326459e-07,0.00013724611252402045,16,20,False,0.995,0.005,0.66,fixed,100,none,e7f9ddb3-8f5f-4b72-9bd9-db11716f47fd
1539,214900,41.20013785362244,0.99900075,0.999002,1.0,0.9960719999999998,0.0,0.0,0.0,0.0,0.0,0.0,0.0005,0.0,0.0,0.0,0.0005,0.0,0.0,0.0,0.002,0.9975,0.045899711685228106,1893,0.0006269729604315003,6.809192552246182e-07,0.00013737375569694812,16,20,False,0.995,0.005,0.66,fixed,100,none,e7f9ddb3-8f5f-4b72-9bd9-db11716f47fd
1540,215100,41.2182354927063,0.99900075,0.999002,1.0,0.9960719999999998,0.0,0.0,0.0,0.0,0.0,0.0,0.0005,0.0,0.0,0.0,0.0005,0.0,0.0,0.0,0.002,0.9975,0.045899711685228106,1893,0.0006259945085235652,6.793186751172238e-07,0.0001371592684640807,16,20,False,0.995,0.005,0.66,fixed,100,none,e7f9ddb3-8f5f-4b72-9bd9-db11716f47fd
1541,215200,41.23647952079773,0.99900075,0.999002,1.0,0.9960719999999998,0.0,0.0,0.0,0.0,0.0,0.0,0.0005,0.0,0.0,0.0,0.0005,0.0,0.0,0.0,0.002,0.9975,0.04629795038975885,1892,0.0006262242141434778,6.789860447156505e-07,0.00013720948782450327,16,20,False,0.995,0.005,0.66,fixed,100,none,e7f9ddb3-8f5f-4b72-9bd9-db11716f47fd
1542,215500,41.254870891571045,0.99900075,0.999002,1.0,0.9960719999999998,0.0,0.0,0.0,0.0,0.0,0.0,0.0005,0.0,0.0,0.0,0.0005,0.0,0.0,0.0,0.002,0.9975,0.045899711685228106,1893,0.0006268401230659663,6.798310076927592e-07,0.00013734447083060166,16,20,False,0.995,0.005,0.66,fixed,100,none,e7f9ddb3-8f5f-4b72-9bd9-db11716f47fd
1543,215600,41.27376866340637,0.99900075,0.999002,1.0,0.9960719999999998,0.0,0.0,0.0,0.0,0.0,0.0,0.0005,0.0,0.0,0.0,0.0005,0.0,0.0,0.0,0.002,0.9975,0.04669518407547691,1891,0.0006269416962865161,6.795987576905699e-07,0.0001373666610810796,16,20,False,0.995,0.005,0.66,fixed,100,none,e7f9ddb3-8f5f-4b72-9bd9-db11716f47fd
1544,215900,41.29247999191284,0.99900075,0.999002,1.0,0.9960719999999998,0.0,0.0,0.0,0.0,0.0,0.0,0.0005,0.0,0.0,0.0,0.0005,0.0,0.0,0.0,0.002,0.9975,0.047091412742382266,1890,0.0006259352254933886,6.814393687503888e-07,0.00013714669434056534,16,20,False,0.995,0.005,0.66,fixed,100,none,e7f9ddb3-8f5f-4b72-9bd9-db11716f47fd
1545,216000,41.31123447418213,0.99900075,0.999002,1.0,0.9960719999999998,0.0,0.0,0.0,0.0,0.0,0.0,0.0005,0.0,0.0,0.0,0.0005,0.0,0.0,0.0,0.002,0.9975,0.047091412742382266,1890,0.000625907034687823,6.811520973995628e-07,0.0001371404687916704,16,20,False,0.995,0.005,0.66,fixed,100,none,e7f9ddb3-8f5f-4b72-9bd9-db11716f47fd
1546,216200,41.3294141292572,0.99900075,0.999002,1.0,0.9960719999999998,0.0,0.0,0.0,0.0,0.0,0.0,0.0005,0.0,0.0,0.0,0.0005,0.0,0.0,0.0,0.002,0.9975,0.047091412742382266,1890,0.0006259630596236034,6.82117856326155e-07,0.00013715291614430875,16,20,False,0.995,0.005,0.66,fixed,100,none,e7f9ddb3-8f5f-4b72-9bd9-db11716f47fd
1547,216300,41.34747886657715,0.99900075,0.999002,1.0,0.9960719999999998,0.0,0.0,0.0,0.0,0.0,0.0,0.0005,0.0,0.0,0.0,0.0005,0.0,0.0,0.0,0.002,0.9975,0.047091412742382266,1890,0.0006256261000210443,6.83792328826474e-07,0.00013707947383708363,16,20,False,0.995,0.005,0.66,fixed,100,none,e7f9ddb3-8f5f-4b72-9bd9-db11716f47fd
1548,216500,41.36555457115173,0.99900075,0.999002,1.0,0.9960719999999998,0.0,0.0,0.0,0.0,0.0,0.0,0.0005,0.0,0.0,0.0,0.0005,0.0,0.0,0.0,0.002,0.9975,0.04669518407547691,1891,0.0006248087077244299,6.826129663353182e-07,0.00013690032258448142,16,20,False,0.995,0.005,0.66,fixed,100,none,e7f9ddb3-8f5f-4b72-9bd9-db11716f47fd
1549,216600,41.38383603096008,0.99900075,0.999002,1.0,0.9960719999999998,0.0,0.0,0.0,0.0,0.0,0.0,0.0005,0.0,0.0,0.0,0.0005,0.0,0.0,0.0,0.002,0.9975,0.04669518407547691,1891,0.0006251260909919434,6.825435097518229e-07,0.00013696978458498926,16,20,False,0.995,0.005,0.66,fixed,100,none,e7f9ddb3-8f5f-4b72-9bd9-db11716f47fd
1550,216700,41.402111291885376,0.99900075,0.999002,1.0,0.9960719999999998,0.0,0.0,0.0,0.0,0.0,0.0,0.0005,0.0,0.0,0.0,0.0005,0.0,0.0,0.0,0.002,0.9975,0.04669518407547691,1891,0.0006250602582838537,6.842757059829409e-07,0.00013695570292247234,16,20,False,0.995,0.005,0.66,fixed,100,none,e7f9ddb3-8f5f-4b72-9bd9-db11716f47fd
1551,216900,41.42019724845886,0.99900075,0.999002,1.0,0.9960719999999998,0.0,0.0,0.0,0.0,0.0,0.0,0.0005,0.0,0.0,0.0,0.0005,0.0,0.0,0.0,0.002,0.9975,0.04669518407547691,1891,0.0006244665088268409,6.841501368263236e-07,0.00013682570730819246,16,20,False,0.995,0.005,0.66,fixed,100,none,e7f9ddb3-8f5f-4b72-9bd9-db11716f47fd
1552,217000,41.439526319503784,0.99900075,0.999002,1.0,0.9960719999999998,0.0,0.0,0.0,0.0,0.0,0.0,0.0005,0.0,0.0,0.0,0.0005,0.0,0.0,0.0,0.002,0.9975,0.04669518407547691,1891,0.0006247390611799468,6.842202318683162e-07,0.00013688538233634534,16,20,False,0.995,0.005,0.66,fixed,100,none,e7f9ddb3-8f5f-4b72-9bd9-db11716f47fd
1553,217300,41.45813989639282,0.99900075,0.999002,1.0,0.9960719999999998,0.0,0.0,0.0,0.0,0.0,0.0,0.0005,0.0,0.0,0.0,0.0005,0.0,0.0,0.0,0.002,0.9975,0.04669518407547691,1891,0.0006248613440131191,6.843596298092787e-07,0.00013691217653413556,16,20,False,0.995,0.005,0.66,fixed,100,none,e7f9ddb3-8f5f-4b72-9bd9-db11716f47fd
1554,217400,41.476722240448,0.99900075,0.999002,1.0,0.9960719999999998,0.0,0.0,0.0,0.0,0.0,0.0,0.0005,0.0,0.0,0.0,0.0005,0.0,0.0,0.0,0.002,0.9975,0.04669518407547691,1891,0.0006248613440131191,6.843596298092787e-07,0.00013691217653413556,16,20,False,0.995,0.005,0.66,fixed,100,none,e7f9ddb3-8f5f-4b72-9bd9-db11716f47fd
1555,217700,41.495211601257324,0.99900075,0.999002,1.0,0.9960719999999998,0.0,0.0,0.0,0.0,0.0,0.0,0.0005,0.0,0.0,0.0,0.0005,0.0,0.0,0.0,0.002,0.9975,0.04669518407547691,1891,0.0006254767848558818,6.844606659841059e-07,0.0001370469157314895,16,20,False,0.995,0.005,0.66,fixed,100,none,e7f9ddb3-8f5f-4b72-9bd9-db11716f47fd
1556,217800,41.51360821723938,0.99900075,0.999002,1.0,0.9960719999999998,0.0,0.0,0.0,0.0,0.0,0.0,0.0005,0.0,0.0,0.0,0.0005,0.0,0.0,0.0,0.002,0.9975,0.04669518407547691,1891,0.0006267588891839281,6.861932492032278e-07,0.00013732789755971047,16,20,False,0.995,0.005,0.66,fixed,100,none,e7f9ddb3-8f5f-4b72-9bd9-db11716f47fd
1557,218000,41.53220248222351,0.99900075,0.999002,1.0,0.9960719999999998,0.0,0.0,0.0,0.0,0.0,0.0,0.0005,0.0,0.0,0.0,0.0005,0.0,0.0,0.0,0.002,0.9975,0.047091412742382266,1890,0.0006256064602762007,6.8532387612568e-07,0.00013707546569092423,16,20,False,0.995,0.005,0.66,fixed,100,none,e7f9ddb3-8f5f-4b72-9bd9-db11716f47fd
1558,218100,41.55086398124695,0.99900075,0.999002,1.0,0.9960719999999998,0.0,0.0,0.0,0.0,0.0,0.0,0.0005,0.0,0.0,0.0,0.0005,0.0,0.0,0.0,0.002,0.9975,0.04669518407547691,1891,0.0006264525650356613,6.865230125459891e-07,0.00013726090585869,16,20,False,0.995,0.005,0.66,fixed,100,none,e7f9ddb3-8f5f-4b72-9bd9-db11716f47fd
1559,218300,41.569597482681274,0.99900075,0.999002,1.0,0.9960719999999998,0.0,0.0,0.0,0.0,0.0,0.0,0.0005,0.0,0.0,0.0,0.0005,0.0,0.0,0.0,0.002,0.9975,0.047091412742382266,1890,0.0006278397653067428,6.891927195308623e-07,0.00013756507124235688,16,20,False,0.995,0.005,0.66,fixed,100,none,e7f9ddb3-8f5f-4b72-9bd9-db11716f47fd
1560,218400,41.588096618652344,0.99900075,0.999002,1.0,0.9960719999999998,0.0,0.0,0.0,0.0,0.0,0.0,0.0005,0.0,0.0,0.0,0.0005,0.0,0.0,0.0,0.002,0.9975,0.04669518407547691,1891,0.0006274707892089823,6.892373444158554e-07,0.00013748431085328525,16,20,False,0.995,0.005,0.66,fixed,100,none,e7f9ddb3-8f5f-4b72-9bd9-db11716f47fd
1561,218500,41.60676622390747,0.99900075,0.999002,1.0,0.9960719999999998,0.0,0.0,0.0,0.0,0.0,0.0,0.0005,0.0,0.0,0.0,0.0005,0.0,0.0,0.0,0.002,0.9975,0.04669518407547691,1891,0.0006272528338994566,6.885378654072792e-07,0.00013743646753501843,16,20,False,0.995,0.005,0.66,fixed,100,none,e7f9ddb3-8f5f-4b72-9bd9-db11716f47fd
1562,218700,41.625449419021606,0.99900075,0.999002,1.0,0.9960719999999998,0.0,0.0,0.0,0.0,0.0,0.0,0.0005,0.0,0.0,0.0,0.0005,0.0,0.0,0.0,0.002,0.9975,0.04669518407547691,1891,0.0006291548701252411,6.919687936247133e-07,0.00013785347514120398,16,20,False,0.995,0.005,0.66,fixed,100,none,e7f9ddb3-8f5f-4b72-9bd9-db11716f47fd
1563,218800,41.64505338668823,0.99900075,0.999002,1.0,0.9960719999999998,0.0,0.0,0.0,0.0,0.0,0.0,0.0005,0.0,0.0,0.0,0.0005,0.0,0.0,0.0,0.002,0.9975,0.04669518407547691,1891,0.0006291489571820119,6.908808548799855e-07,0.00013785197408956962,16,20,False,0.995,0.005,0.66,fixed,100,none,e7f9ddb3-8f5f-4b72-9bd9-db11716f47fd
1564,219100,41.66377568244934,0.99900075,0.999002,1.0,0.9960719999999998,0.0,0.0,0.0,0.0,0.0,0.0,0.0005,0.0,0.0,0.0,0.0005,0.0,0.0,0.0,0.002,0.9975,0.047091412742382266,1890,0.0006273672156658293,6.886071932349532e-07,0.00013746151887596467,16,20,False,0.995,0.005,0.66,fixed,100,none,e7f9ddb3-8f5f-4b72-9bd9-db11716f47fd
1565,219200,41.68237781524658,0.99900075,0.999002,1.0,0.9960719999999998,0.0,0.0,0.0,0.0,0.0,0.0,0.0005,0.0,0.0,0.0,0.0005,0.0,0.0,0.0,0.002,0.9975,0.047091412742382266,1890,0.0006270056223904396,6.875468027328132e-07,0.00013738216463378647,16,20,False,0.995,0.005,0.66,fixed,100,none,e7f9ddb3-8f5f-4b72-9bd9-db11716f47fd
1566,219500,41.70124912261963,0.99900075,0.999002,1.0,0.9960719999999998,0.0,0.0,0.0,0.0,0.0,0.0,0.0005,0.0,0.0,0.0,0.0005,0.0,0.0,0.0,0.002,0.9975,0.047091412742382266,1890,0.0006272474170487631,6.866493814782726e-07,0.0001374349229744551,16,20,False,0.995,0.005,0.66,fixed,100,none,e7f9ddb3-8f5f-4b72-9bd9-db11716f47fd
1567,219600,41.72024750709534,0.99900075,0.999002,1.0,0.9960719999999998,0.0,0.0,0.0,0.0,0.0,0.0,0.0005,0.0,0.0,0.0,0.0005,0.0,0.0,0.0,0.002,0.9975,0.047091412742382266,1890,0.0006256998725016987,6.858878059514642e-07,0.00013709602077375264,16,20,False,0.995,0.005,0.66,fixed,100,none,e7f9ddb3-8f5f-4b72-9bd9-db11716f47fd
1568,219800,41.73918628692627,0.99900075,0.999002,1.0,0.9960719999999998,0.0,0.0,0.0,0.0,0.0,0.0,0.0005,0.0,0.0,0.0,0.0005,0.0,0.0,0.0,0.002,0.9975,0.047091412742382266,1890,0.0006254234139097047,6.863976755872184e-07,0.00013703560086319596,16,20,False,0.995,0.005,0.66,fixed,100,none,e7f9ddb3-8f5f-4b72-9bd9-db11716f47fd
1569,219900,41.7578763961792,0.99900075,0.999002,1.0,0.9960719999999998,0.0,0.0,0.0,0.0,0.0,0.0,0.0005,0.0,0.0,0.0,0.0005,0.0,0.0,0.0,0.002,0.9975,0.047091412742382266,1890,0.0006262872714757873,6.865727319794549e-07,0.00013722473254512593,16,20,False,0.995,0.005,0.66,fixed,100,none,e7f9ddb3-8f5f-4b72-9bd9-db11716f47fd
1570,220100,41.77665376663208,0.99900075,0.999002,1.0,0.9960719999999998,0.0,0.0,0.0,0.0,0.0,0.0,0.0005,0.0,0.0,0.0,0.0005,0.0,0.0,0.0,0.002,0.9975,0.047091412742382266,1890,0.0006264482869737732,6.873494970361281e-07,0.00013726012642299582,16,20,False,0.995,0.005,0.66,fixed,100,none,e7f9ddb3-8f5f-4b72-9bd9-db11716f47fd
1571,220200,41.79564905166626,0.99900075,0.999002,1.0,0.9960719999999998,0.0,0.0,0.0,0.0,0.0,0.0,0.0005,0.0,0.0,0.0,0.0005,0.0,0.0,0.0,0.002,0.9975,0.047091412742382266,1890,0.0006250018824477563,6.857939412852506e-07,0.00013694321291665807,16,20,False,0.995,0.005,0.66,fixed,100,none,e7f9ddb3-8f5f-4b72-9bd9-db11716f47fd
1572,220300,41.81451869010925,0.99900075,0.999002,1.0,0.9960719999999998,0.0,0.0,0.0,0.0,0.0,0.0,0.0005,0.0,0.0,0.0,0.0005,0.0,0.0,0.0,0.002,0.9975,0.047091412742382266,1890,0.0006267425139318742,6.877317168818178e-07,0.00013732460532589483,16,20,False,0.995,0.005,0.66,fixed,100,none,e7f9ddb3-8f5f-4b72-9bd9-db11716f47fd
1573,220500,41.83329772949219,0.99900075,0.999002,1.0,0.9960719999999998,0.0,0.0,0.0,0.0,0.0,0.0,0.0005,0.0,0.0,0.0,0.0005,0.0,0.0,0.0,0.002,0.9975,0.047091412742382266,1890,0.0006255302129016767,6.859950375986928e-07,0.00013705890266132079,16,20,False,0.995,0.005,0.66,fixed,100,none,e7f9ddb3-8f5f-4b72-9bd9-db11716f47fd
1574,220600,41.85192036628723,0.99900075,0.999002,1.0,0.9960719999999998,0.0,0.0,0.0,0.0,0.0,0.0,0.0005,0.0,0.0,0.0,0.0005,0.0,0.0,0.0,0.002,0.9975,0.047091412742382266,1890,0.0006264336997437289,6.87035686023756e-07,0.00013725687365424678,16,20,False,0.995,0.005,0.66,fixed,100,none,e7f9ddb3-8f5f-4b72-9bd9-db11716f47fd
1575,220900,41.870596408843994,0.99900075,0.999002,1.0,0.9960719999999998,0.0,0.0,0.0,0.0,0.0,0.0,0.0005,0.0,0.0,0.0,0.0005,0.0,0.0,0.0,0.002,0.9975,0.047091412742382266,1890,0.0006270182828905508,6.88380226834568e-07,0.00013738509436784013,16,20,False,0.995,0.005,0.66,fixed,100,none,e7f9ddb3-8f5f-4b72-9bd9-db11716f47fd
1576,221000,41.889575719833374,0.99900075,0.999002,1.0,0.9960719999999998,0.0,0.0,0.0,0.0,0.0,0.0,0.0005,0.0,0.0,0.0,0.0005,0.0,0.0,0.0,0.002,0.9975,0.047091412742382266,1890,0.0006270182828905508,6.88380226834568e-07,0.00013738509436784013,16,20,False,0.995,0.005,0.66,fixed,100,none,e7f9ddb3-8f5f-4b72-9bd9-db11716f47fd
1577,221300,41.90836501121521,0.99900075,0.999002,1.0,0.9960719999999998,0.0,0.0,0.0,0.0,0.0,0.0,0.0005,0.0,0.0,0.0,0.0005,0.0,0.0,0.0,0.002,0.9975,0.047091412742382266,1890,0.0006275591703266776,6.8734778761619e-07,0.00013750329846415682,16,20,False,0.995,0.005,0.66,fixed,100,none,e7f9ddb3-8f5f-4b72-9bd9-db11716f47fd
1578,221400,41.92704486846924,0.99900075,0.999002,1.0,0.9960719999999998,0.0,0.0,0.0,0.0,0.0,0.0,0.0005,0.0,0.0,0.0,0.0005,0.0,0.0,0.0,0.002,0.9975,0.047091412742382266,1890,0.0006279070580823136,6.884546500819737e-07,0.00013757966139773403,16,20,False,0.995,0.005,0.66,fixed,100,none,e7f9ddb3-8f5f-4b72-9bd9-db11716f47fd
1579,221600,41.945703744888306,0.99900075,0.999002,1.0,0.9960719999999998,0.0,0.0,0.0,0.0,0.0,0.0,0.0005,0.0,0.0,0.0,0.0005,0.0,0.0,0.0,0.002,0.9975,0.047091412742382266,1890,0.0006279717440510936,6.902285682127313e-07,0.00013759415820074482,16,20,False,0.995,0.005,0.66,fixed,100,none,e7f9ddb3-8f5f-4b72-9bd9-db11716f47fd
1580,221700,41.964221477508545,0.99900075,0.999002,1.0,0.9960719999999998,0.0,0.0,0.0,0.0,0.0,0.0,0.0005,0.0,0.0,0.0,0.0005,0.0,0.0,0.0,0.002,0.9975,0.047091412742382266,1890,0.0006279851555232174,6.901738984153427e-07,0.0001375970835847312,16,20,False,0.995,0.005,0.66,fixed,100,none,e7f9ddb3-8f5f-4b72-9bd9-db11716f47fd
1581,221900,41.982996463775635,0.99900075,0.999002,1.0,0.9960719999999998,0.0,0.0,0.0,0.0,0.0,0.0,0.0005,0.0,0.0,0.0,0.0005,0.0,0.0,0.0,0.002,0.9975,0.047091412742382266,1890,0.0006314493458915646,6.963341532649745e-07,0.00013835656530478385,16,20,False,0.995,0.005,0.66,fixed,100,none,e7f9ddb3-8f5f-4b72-9bd9-db11716f47fd
1582,222000,42.00159215927124,0.99900075,0.999002,1.0,0.9960719999999998,0.0,0.0,0.0,0.0,0.0,0.0,0.0005,0.0,0.0,0.0,0.0005,0.0,0.0,0.0,0.002,0.9975,0.04669518407547691,1891,0.0006318313168197331,6.962805998728693e-07,0.00013844016856581545,16,20,False,0.995,0.005,0.66,fixed,100,none,e7f9ddb3-8f5f-4b72-9bd9-db11716f47fd
1583,222100,42.02030110359192,0.99900075,0.999002,1.0,0.9960719999999998,0.0,0.0,0.0,0.0,0.0,0.0,0.0005,0.0,0.0,0.0,0.0005,0.0,0.0,0.0,0.002,0.9975,0.047091412742382266,1890,0.0006327374570739525,6.990489973688605e-07,0.00013863904866298832,16,20,False,0.995,0.005,0.66,fixed,100,none,e7f9ddb3-8f5f-4b72-9bd9-db11716f47fd
1584,222300,42.03910422325134,0.99900075,0.999002,1.0,0.9960719999999998,0.0,0.0,0.0,0.0,0.0,0.0,0.0005,0.0,0.0,0.0,0.0005,0.0,0.0,0.0,0.002,0.9975,0.047091412742382266,1890,0.0006323498433541773,6.987884040650386e-07,0.0001385541505070018,16,20,False,0.995,0.005,0.66,fixed,100,none,e7f9ddb3-8f5f-4b72-9bd9-db11716f47fd
1585,222400,42.057883977890015,0.99900075,0.999002,1.0,0.9960719999999998,0.0,0.0,0.0,0.0,0.0,0.0,0.0005,0.0,0.0,0.0,0.0005,0.0,0.0,0.0,0.002,0.9975,0.04669518407547691,1891,0.0006331235529355903,7.005330182509895e-07,0.00013872384701106843,16,20,False,0.995,0.005,0.66,fixed,100,none,e7f9ddb3-8f5f-4b72-9bd9-db11716f47fd
1586,222700,42.07654333114624,0.99900075,0.999002,1.0,0.9960719999999998,0.0,0.0,0.0,0.0,0.0,0.0,0.0005,0.0,0.0,0.0,0.0005,0.0,0.0,0.0,0.002,0.9975,0.047091412742382266,1890,0.0006322156726880734,6.993206156160327e-07,0.0001385248816683863,16,20,False,0.995,0.005,0.66,fixed,100,none,e7f9ddb3-8f5f-4b72-9bd9-db11716f47fd
1587,222800,42.0951030254364,0.99900075,0.999002,1.0,0.9960719999999998,0.0,0.0,0.0,0.0,0.0,0.0,0.0005,0.0,0.0,0.0,0.0005,0.0,0.0,0.0,0.002,0.9975,0.04669518407547691,1891,0.0006329645030903666,7.013429204766454e-07,0.00013868918488137182,16,20,False,0.995,0.005,0.66,fixed,100,none,e7f9ddb3-8f5f-4b72-9bd9-db11716f47fd
1588,223100,42.11372685432434,0.99900075,0.999002,1.0,0.9960719999999998,0.0,0.0,0.0,0.0,0.0,0.0,0.0005,0.0,0.0,0.0,0.0005,0.0,0.0,0.0,0.002,0.9975,0.04669518407547691,1891,0.0006329429591700099,7.033509243234707e-07,0.00013868485043793663,16,20,False,0.995,0.005,0.66,fixed,100,none,e7f9ddb3-8f5f-4b72-9bd9-db11716f47fd
1589,223200,42.132288455963135,0.99900075,0.999002,1.0,0.9960719999999998,0.0,0.0,0.0,0.0,0.0,0.0,0.0005,0.0,0.0,0.0,0.0005,0.0,0.0,0.0,0.002,0.9975,0.04669518407547691,1891,0.0006349842652064459,7.068555422862052e-07,0.00013913235820672539,16,20,False,0.995,0.005,0.66,fixed,100,none,e7f9ddb3-8f5f-4b72-9bd9-db11716f47fd
1590,223400,42.15103268623352,0.99900075,0.999002,1.0,0.9960719999999998,0.0,0.0,0.0,0.0,0.0,0.0,0.0005,0.0,0.0,0.0,0.0005,0.0,0.0,0.0,0.002,0.9975,0.04669518407547691,1891,0.0006356267732371136,7.086712520060894e-07,0.00013927334819948534,16,20,False,0.995,0.005,0.66,fixed,100,none,e7f9ddb3-8f5f-4b72-9bd9-db11716f47fd
1591,223500,42.16980743408203,0.99900075,0.999002,1.0,0.9960719999999998,0.0,0.0,0.0,0.0,0.0,0.0,0.0005,0.0,0.0,0.0,0.0005,0.0,0.0,0.0,0.002,0.9975,0.04669518407547691,1891,0.0006367536633635515,7.100700226463586e-07,0.00013952029021458424,16,20,False,0.995,0.005,0.66,fixed,100,none,e7f9ddb3-8f5f-4b72-9bd9-db11716f47fd
1592,223700,42.18854594230652,0.99900075,0.999002,1.0,0.9960719999999998,0.0,0.0,0.0,0.0,0.0,0.0,0.0005,0.0,0.0,0.0,0.0005,0.0,0.0,0.0,0.002,0.9975,0.04669518407547691,1891,0.0006387156554616929,7.130639832646691e-07,0.00013995033913738488,16,20,False,0.995,0.005,0.66,fixed,100,none,e7f9ddb3-8f5f-4b72-9bd9-db11716f47fd
1593,223800,42.20724821090698,0.99900075,0.999002,1.0,0.9960719999999998,0.0,0.0,0.0,0.0,0.0,0.0,0.0005,0.0,0.0,0.0,0.0005,0.0,0.0,0.0,0.002,0.9975,0.04669518407547691,1891,0.000636870813737052,7.111834838052777e-07,0.0001395461459889637,16,20,False,0.995,0.005,0.66,fixed,100,none,e7f9ddb3-8f5f-4b72-9bd9-db11716f47fd
1594,223900,42.22609758377075,0.99900075,0.999002,1.0,0.9960719999999998,0.0,0.0,0.0,0.0,0.0,0.0,0.0005,0.0,0.0,0.0,0.0005,0.0,0.0,0.0,0.002,0.9975,0.04669518407547691,1891,0.0006363224820489526,7.105670038611592e-07,0.00013942599905124935,16,20,False,0.995,0.005,0.66,fixed,100,none,e7f9ddb3-8f5f-4b72-9bd9-db11716f47fd
1595,224100,42.24491620063782,0.99900075,0.999002,1.0,0.9960719999999998,0.0,0.0,0.0,0.0,0.0,0.0,0.0005,0.0,0.0,0.0,0.0005,0.0,0.0,0.0,0.002,0.9975,0.04669518407547691,1891,0.0006363030645898256,7.109818300820915e-07,0.00013942182738642842,16,20,False,0.995,0.005,0.66,fixed,100,none,e7f9ddb3-8f5f-4b72-9bd9-db11716f47fd
1596,224200,42.26365828514099,0.99900075,0.999002,1.0,0.9960719999999998,0.0,0.0,0.0,0.0,0.0,0.0,0.0005,0.0,0.0,0.0,0.0005,0.0,0.0,0.0,0.002,0.9975,0.04669518407547691,1891,0.0006361473186730633,7.099228767648865e-07,0.00013938753340411887,16,20,False,0.995,0.005,0.66,fixed,100,none,e7f9ddb3-8f5f-4b72-9bd9-db11716f47fd
1597,224500,42.282588958740234,0.99900075,0.999002,1.0,0.9960719999999998,0.0,0.0,0.0,0.0,0.0,0.0,0.0005,0.0,0.0,0.0,0.0005,0.0,0.0,0.0,0.002,0.9975,0.04669518407547691,1891,0.0006363793719020214,7.11701090718079e-07,0.00013943866771658892,16,20,False,0.995,0.005,0.66,fixed,100,none,e7f9ddb3-8f5f-4b72-9bd9-db11716f47fd
1598,224600,42.30156707763672,0.99900075,0.999002,1.0,0.9960719999999998,0.0,0.0,0.0,0.0,0.0,0.0,0.0005,0.0,0.0,0.0,0.0005,0.0,0.0,0.0,0.002,0.9975,0.04629795038975885,1892,0.000636366103752855,7.103530236531861e-07,0.00013943550718599409,16,20,False,0.995,0.005,0.66,fixed,100,none,e7f9ddb3-8f5f-4b72-9bd9-db11716f47fd
1599,224900,42.32073354721069,0.99900075,0.999002,1.0,0.9960719999999998,0.0,0.0,0.0,0.0,0.0,0.0,0.0005,0.0,0.0,0.0,0.0005,0.0,0.0,0.0,0.002,0.9975,0.04669518407547691,1891,0.0006358803359240101,7.102117195786265e-07,0.00013932914576048576,16,20,False,0.995,0.005,0.66,fixed,100,none,e7f9ddb3-8f5f-4b72-9bd9-db11716f47fd
1600,225000,42.33971881866455,0.99900075,0.999002,1.0,0.9960719999999998,0.0,0.0,0.0,0.0,0.0,0.0,0.0005,0.0,0.0,0.0,0.0005,0.0,0.0,0.0,0.002,0.9975,0.04669518407547691,1891,0.0006349793584680229,7.080514430856866e-07,0.0001391315113428365,16,20,False,0.995,0.005,0.66,fixed,100,none,e7f9ddb3-8f5f-4b72-9bd9-db11716f47fd
1601,225200,42.35853815078735,0.99900075,0.999002,1.0,0.9960719999999998,0.0,0.0,0.0,0.0,0.0,0.0,0.0005,0.0,0.0,0.0,0.0005,0.0,0.0,0.0,0.002,0.9975,0.04748663639047491,1889,0.0006354596454005276,7.080161391250636e-07,0.00013923663944460926,16,20,False,0.995,0.005,0.66,fixed,100,none,e7f9ddb3-8f5f-4b72-9bd9-db11716f47fd
1602,225300,42.37756085395813,0.99900075,0.999002,1.0,0.9960719999999998,0.0,0.0,0.0,0.0,0.0,0.0,0.0005,0.0,0.0,0.0,0.0005,0.0,0.0,0.0,0.002,0.9975,0.047091412742382266,1890,0.0006353727844155718,7.083511011230395e-07,0.00013921768921778207,16,20,False,0.995,0.005,0.66,fixed,100,none,e7f9ddb3-8f5f-4b72-9bd9-db11716f47fd
1603,225600,42.396878242492676,0.99900075,0.999002,1.0,0.9960719999999998,0.0,0.0,0.0,0.0,0.0,0.0,0.0005,0.0,0.0,0.0,0.0005,0.0,0.0,0.0,0.002,0.9975,0.04748663639047491,1889,0.0006379461034930708,7.124502918626766e-07,0.00013978176761008713,16,20,False,0.995,0.005,0.66,fixed,100,none,e7f9ddb3-8f5f-4b72-9bd9-db11716f47fd
1604,225700,42.41589617729187,0.99900075,0.999002,1.0,0.9960719999999998,0.0,0.0,0.0,0.0,0.0,0.0,0.0005,0.0,0.0,0.0,0.0005,0.0,0.0,0.0,0.002,0.9975,0.04748663639047491,1889,0.0006378590646645428,7.131200497003926e-07,0.0001397628420645115,16,20,False,0.995,0.005,0.66,fixed,100,none,e7f9ddb3-8f5f-4b72-9bd9-db11716f47fd
1605,225900,42.43478775024414,0.99900075,0.999002,1.0,0.9960719999999998,0.0,0.0,0.0,0.0,0.0,0.0,0.0005,0.0,0.0,0.0,0.0005,0.0,0.0,0.0,0.002,0.9975,0.04669518407547691,1891,0.0006389248781585758,7.150132828913003e-07,0.00013999650835266162,16,20,False,0.995,0.005,0.66,fixed,100,none,e7f9ddb3-8f5f-4b72-9bd9-db11716f47fd
1606,226000,42.45380926132202,0.99900075,0.999002,1.0,0.9960719999999998,0.0,0.0,0.0,0.0,0.0,0.0,0.0005,0.0,0.0,0.0,0.0005,0.0,0.0,0.0,0.002,0.9975,0.047091412742382266,1890,0.0006390597627982942,7.161432079406002e-07,0.00014002624928605533,16,20,False,0.995,0.005,0.66,fixed,100,none,e7f9ddb3-8f5f-4b72-9bd9-db11716f47fd
1607,226300,42.473960399627686,0.99900075,0.999002,1.0,0.9960719999999998,0.0,0.0,0.0,0.0,0.0,0.0,0.0005,0.0,0.0,0.0,0.0005,0.0,0.0,0.0,0.002,0.9975,0.047091412742382266,1890,0.000639026616750821,7.190140366088976e-07,0.0001400195390737104,16,20,False,0.995,0.005,0.66,fixed,100,none,e7f9ddb3-8f5f-4b72-9bd9-db11716f47fd
1608,226400,42.49310922622681,0.99900075,0.999002,1.0,0.9960719999999998,0.0,0.0,0.0,0.0,0.0,0.0,0.0005,0.0,0.0,0.0,0.0005,0.0,0.0,0.0,0.002,0.9975,0.047091412742382266,1890,0.000639484554970079,7.196427884731325e-07,0.0001401199012127602,16,20,False,0.995,0.005,0.66,fixed,100,none,e7f9ddb3-8f5f-4b72-9bd9-db11716f47fd
1609,226700,42.51221704483032,0.99900075,0.999002,1.0,0.9960719999999998,0.0,0.0,0.0,0.0,0.0,0.0,0.0005,0.0,0.0,0.0,0.0005,0.0,0.0,0.0,0.002,0.9975,0.047091412742382266,1890,0.0006390105253254051,7.201693577482053e-07,0.00014001623617170334,16,20,False,0.995,0.005,0.66,fixed,100,none,e7f9ddb3-8f5f-4b72-9bd9-db11716f47fd
1610,226800,42.53111791610718,0.99900075,0.999002,1.0,0.9960719999999998,0.0,0.0,0.0,0.0,0.0,0.0,0.0005,0.0,0.0,0.0,0.0005,0.0,0.0,0.0,0.002,0.9975,0.047091412742382266,1890,0.0006390701183749566,7.205226904867495e-07,0.0001400293482234705,16,20,False,0.995,0.005,0.66,fixed,100,none,e7f9ddb3-8f5f-4b72-9bd9-db11716f47fd
1611,227000,42.549999713897705,0.99900075,0.999002,1.0,0.9960719999999998,0.0,0.0,0.0,0.0,0.0,0.0,0.0005,0.0,0.0,0.0,0.0005,0.0,0.0,0.0,0.002,0.9975,0.047091412742382266,1890,0.0006387106308347734,7.200055700685984e-07,0.00013995055814804494,16,20,False,0.995,0.005,0.66,fixed,100,none,e7f9ddb3-8f5f-4b72-9bd9-db11716f47fd
1612,227100,42.56879258155823,0.99900075,0.999002,1.0,0.9960719999999998,0.0,0.0,0.0,0.0,0.0,0.0,0.0005,0.0,0.0,0.0,0.0005,0.0,0.0,0.0,0.002,0.9975,0.047091412742382266,1890,0.0006391403466343057,7.209773183150975e-07,0.0001400448075687294,16,20,False,0.995,0.005,0.66,fixed,100,none,e7f9ddb3-8f5f-4b72-9bd9-db11716f47fd
1613,227400,42.58731198310852,0.99900075,0.999002,1.0,0.9960719999999998,0.0,0.0,0.0,0.0,0.0,0.0,0.0005,0.0,0.0,0.0,0.0005,0.0,0.0,0.0,0.002,0.9975,0.047091412742382266,1890,0.0006389526796955969,7.211474782795378e-07,0.0001400037596062393,16,20,False,0.995,0.005,0.66,fixed,100,none,e7f9ddb3-8f5f-4b72-9bd9-db11716f47fd
1614,227500,42.605735301971436,0.99900075,0.999002,1.0,0.9960719999999998,0.0,0.0,0.0,0.0,0.0,0.0,0.0005,0.0,0.0,0.0,0.0005,0.0,0.0,0.0,0.002,0.9975,0.047091412742382266,1890,0.000637576172427417,7.193205295455853e-07,0.00013970209504497524,16,20,False,0.995,0.005,0.66,fixed,100,none,e7f9ddb3-8f5f-4b72-9bd9-db11716f47fd
1615,227700,42.624141693115234,0.99900075,0.999002,1.0,0.9960719999999998,0.0,0.0,0.0,0.0,0.0,0.0,0.0005,0.0,0.0,0.0,0.0005,0.0,0.0,0.0,0.002,0.9975,0.047091412742382266,1890,0.00063871094984017,7.217052676016515e-07,0.0001399509509208575,16,20,False,0.995,0.005,0.66,fixed,100,none,e7f9ddb3-8f5f-4b72-9bd9-db11716f47fd
1616,227800,42.64350938796997,0.99900075,0.999002,1.0,0.9960719999999998,0.0,0.0,0.0,0.0,0.0,0.0,0.0005,0.0,0.0,0.0,0.0005,0.0,0.0,0.0,0.002,0.9975,0.047091412742382266,1890,0.0006375352650202161,7.184370031634586e-07,0.0001396929725435264,16,20,False,0.995,0.005,0.66,fixed,100,none,e7f9ddb3-8f5f-4b72-9bd9-db11716f47fd
1617,228100,42.66224026679993,0.99900075,0.999002,1.0,0.9960719999999998,0.0,0.0,0.0,0.0,0.0,0.0,0.0005,0.0,0.0,0.0,0.0005,0.0,0.0,0.0,0.002,0.9975,0.04669518407547691,1891,0.0006380715781550927,7.214109679498929e-07,0.0001398109365420603,16,20,False,0.995,0.005,0.66,fixed,100,none,e7f9ddb3-8f5f-4b72-9bd9-db11716f47fd
1618,228200,42.68099355697632,0.99900075,0.999002,1.0,0.9960719999999998,0.0,0.0,0.0,0.0,0.0,0.0,0.0005,0.0,0.0,0.0,0.0005,0.0,0.0,0.0,0.002,0.9975,0.04669518407547691,1891,0.0006383768089933262,7.214546253924862e-07,0.00013987775986746366,16,20,False,0.995,0.005,0.66,fixed,100,none,e7f9ddb3-8f5f-4b72-9bd9-db11716f47fd
1619,228500,42.69959115982056,0.99900075,0.999002,1.0,0.9960719999999998,0.0,0.0,0.0,0.0,0.0,0.0,0.0005,0.0,0.0,0.0,0.0005,0.0,0.0,0.0,0.002,0.9975,0.04629795038975885,1892,0.0006394507909311686,7.233769067464111e-07,0.00014011321974711463,16,20,False,0.995,0.005,0.66,fixed,100,none,e7f9ddb3-8f5f-4b72-9bd9-db11716f47fd
1620,228600,42.71802353858948,0.99900075,0.999002,1.0,0.9960719999999998,0.0,0.0,0.0,0.0,0.0,0.0,0.0005,0.0,0.0,0.0,0.0005,0.0,0.0,0.0,0.002,0.9975,0.04629795038975885,1892,0.00063949695810557,7.236090025956581e-07,0.00014012336983980245,16,20,False,0.995,0.005,0.66,fixed,100,none,e7f9ddb3-8f5f-4b72-9bd9-db11716f47fd
1621,228800,42.736581325531006,0.99900075,0.999002,1.0,0.9960719999999998,0.0,0.0,0.0,0.0,0.0,0.0,0.0005,0.0,0.0,0.0,0.0005,0.0,0.0,0.0,0.002,0.9975,0.04629795038975885,1892,0.000639739227157028,7.246383835450908e-07,0.000140176598117547,16,20,False,0.995,0.005,0.66,fixed,100,none,e7f9ddb3-8f5f-4b72-9bd9-db11716f47fd
1622,228900,42.75519633293152,0.99900075,0.999002,1.0,0.9960719999999998,0.0,0.0,0.0,0.0,0.0,0.0,0.0005,0.0,0.0,0.0,0.0005,0.0,0.0,0.0,0.002,0.9975,0.04669518407547691,1891,0.0006402467328533396,7.257654120776005e-07,0.00014028790524989076,16,20,False,0.995,0.005,0.66,fixed,100,none,e7f9ddb3-8f5f-4b72-9bd9-db11716f47fd
1623,229200,42.77396059036255,0.99900075,0.999002,1.0,0.9960719999999998,0.0,0.0,0.0,0.0,0.0,0.0,0.0005,0.0,0.0,0.0,0.0005,0.0,0.0,0.0,0.002,0.9975,0.04669518407547691,1891,0.0006416677401299959,7.253795156149884e-07,0.00014059889042242294,16,20,False,0.995,0.005,0.66,fixed,100,none,e7f9ddb3-8f5f-4b72-9bd9-db11716f47fd
1624,229300,42.79256200790405,0.99900075,0.999002,1.0,0.9960719999999998,0.0,0.0,0.0,0.0,0.0,0.0,0.0005,0.0,0.0,0.0,0.0005,0.0,0.0,0.0,0.002,0.9975,0.04669518407547691,1891,0.0006409587768844407,7.250558872359073e-07,0.0001404436368785789,16,20,False,0.995,0.005,0.66,fixed,100,none,e7f9ddb3-8f5f-4b72-9bd9-db11716f47fd
1625,229400,42.81124424934387,0.99900075,0.999002,1.0,0.9960719999999998,0.0,0.0,0.0,0.0,0.0,0.0,0.0005,0.0,0.0,0.0,0.0005,0.0,0.0,0.0,0.002,0.9975,0.04629795038975885,1892,0.0006412033464468559,7.253660677374139e-07,0.00014049723209008687,16,20,False,0.995,0.005,0.66,fixed,100,none,e7f9ddb3-8f5f-4b72-9bd9-db11716f47fd
1626,229500,42.83013439178467,0.99900075,0.999002,1.0,0.9960719999999998,0.0,0.0,0.0,0.0,0.0,0.0,0.0005,0.0,0.0,0.0,0.0005,0.0,0.0,0.0,0.002,0.9975,0.04629795038975885,1892,0.0006414456309000874,7.252763992035457e-07,0.00014055025111987782,16,20,False,0.995,0.005,0.66,fixed,100,none,e7f9ddb3-8f5f-4b72-9bd9-db11716f47fd
1627,229600,42.848642349243164,0.99900075,0.999002,1.0,0.9960719999999998,0.0,0.0,0.0,0.0,0.0,0.0,0.0005,0.0,0.0,0.0,0.0005,0.0,0.0,0.0,0.002,0.9975,0.04629795038975885,1892,0.000641514316077991,7.257714615589684e-07,0.00014056538036716845,16,20,False,0.995,0.005,0.66,fixed,100,none,e7f9ddb3-8f5f-4b72-9bd9-db11716f47fd
1628,229900,42.867074728012085,0.99900075,0.999002,1.0,0.9960719999999998,0.0,0.0,0.0,0.0,0.0,0.0,0.0005,0.0,0.0,0.0,0.0005,0.0,0.0,0.0,0.002,0.9975,0.04669518407547691,1891,0.0006436600879518306,7.290200950179199e-07,0.00014103570707070913,16,20,False,0.995,0.005,0.66,fixed,100,none,e7f9ddb3-8f5f-4b72-9bd9-db11716f47fd
1629,230000,42.885735273361206,0.99900075,0.999002,1.0,0.9960719999999998,0.0,0.0,0.0,0.0,0.0,0.0,0.0005,0.0,0.0,0.0,0.0005,0.0,0.0,0.0,0.002,0.9975,0.047091412742382266,1890,0.0006444155947340367,7.300748205188054e-07,0.00014120128790317922,16,20,False,0.995,0.005,0.66,fixed,100,none,e7f9ddb3-8f5f-4b72-9bd9-db11716f47fd
1630,230300,42.90436410903931,0.99900075,0.999002,1.0,0.9960719999999998,0.0,0.0,0.0,0.0,0.0,0.0,0.0005,0.0,0.0,0.0,0.0005,0.0,0.0,0.0,0.002,0.9975,0.04748663639047491,1889,0.00064422131844715,7.296586848516135e-07,0.00014115868175820296,16,20,False,0.995,0.005,0.66,fixed,100,none,e7f9ddb3-8f5f-4b72-9bd9-db11716f47fd
1631,230400,42.92298436164856,0.99900075,0.999002,1.0,0.9960719999999998,0.0,0.0,0.0,0.0,0.0,0.0,0.0005,0.0,0.0,0.0,0.0005,0.0,0.0,0.0,0.002,0.9975,0.04748663639047491,1889,0.0006442104737162425,7.301427904766469e-07,0.00014115639982667606,16,20,False,0.995,0.005,0.66,fixed,100,none,e7f9ddb3-8f5f-4b72-9bd9-db11716f47fd
1632,230600,42.94147062301636,0.99900075,0.999002,1.0,0.9960719999999998,0.0,0.0,0.0,0.0,0.0,0.0,0.0005,0.0,0.0,0.0,0.0005,0.0,0.0,0.0,0.002,0.9975,0.047091412742382266,1890,0.0006441944455388818,7.283555324864333e-07,0.00014115255167963364,16,20,False,0.995,0.005,0.66,fixed,100,none,e7f9ddb3-8f5f-4b72-9bd9-db11716f47fd
1633,230700,42.95994758605957,0.99900075,0.999002,1.0,0.9960719999999998,0.0,0.0,0.0,0.0,0.0,0.0,0.0005,0.0,0.0,0.0,0.0005,0.0,0.0,0.0,0.002,0.9975,0.047091412742382266,1890,0.0006447297371422388,7.284832839570227e-07,0.0001412697512843879,16,20,False,0.995,0.005,0.66,fixed,100,none,e7f9ddb3-8f5f-4b72-9bd9-db11716f47fd
1634,231000,42.978522062301636,0.99900075,0.999002,1.0,0.9960719999999998,0.0,0.0,0.0,0.0,0.0,0.0,0.0005,0.0,0.0,0.0,0.0005,0.0,0.0,0.0,0.002,0.9975,0.047091412742382266,1890,0.0006463463666633757,7.287914575201175e-07,0.00014162369003954176,16,20,False,0.995,0.005,0.66,fixed,100,none,e7f9ddb3-8f5f-4b72-9bd9-db11716f47fd
1635,231100,42.99732422828674,0.99900075,0.999002,1.0,0.9960719999999998,0.0,0.0,0.0,0.0,0.0,0.0,0.0005,0.0,0.0,0.0,0.0005,0.0,0.0,0.0,0.002,0.9975,0.047091412742382266,1890,0.0006470274430243249,7.293556672623215e-07,0.00014177288485480458,16,20,False,0.995,0.005,0.66,fixed,100,none,e7f9ddb3-8f5f-4b72-9bd9-db11716f47fd
1636,231200,43.0159592628479,0.99900075,0.999002,1.0,0.9960719999999998,0.0,0.0,0.0,0.0,0.0,0.0,0.0005,0.0,0.0,0.0,0.0005,0.0,0.0,0.0,0.002,0.9975,0.047091412742382266,1890,0.0006479128646628838,7.30325295715675e-07,0.00014196688788089125,16,20,False,0.995,0.005,0.66,fixed,100,none,e7f9ddb3-8f5f-4b72-9bd9-db11716f47fd
1637,231300,43.034605979919434,0.99900075,0.999002,1.0,0.9960719999999998,0.0,0.0,0.0,0.0,0.0,0.0,0.0005,0.0,0.0,0.0,0.0005,0.0,0.0,0.0,0.002,0.9975,0.04669518407547691,1891,0.000647169073160062,7.288332394488564e-07,0.00014180378843023286,16,20,False,0.995,0.005,0.66,fixed,100,none,e7f9ddb3-8f5f-4b72-9bd9-db11716f47fd
1638,231400,43.05316185951233,0.99900075,0.999002,1.0,0.9960719999999998,0.0,0.0,0.0,0.0,0.0,0.0,0.0005,0.0,0.0,0.0,0.0005,0.0,0.0,0.0,0.002,0.9975,0.04669518407547691,1891,0.0006474182471367583,7.281290929083932e-07,0.000141858198825889,16,20,False,0.995,0.005,0.66,fixed,100,none,e7f9ddb3-8f5f-4b72-9bd9-db11716f47fd
1639,231500,43.0718355178833,0.99900075,0.999002,1.0,0.9960719999999998,0.0,0.0,0.0,0.0,0.0,0.0,0.0005,0.0,0.0,0.0,0.0005,0.0,0.0,0.0,0.002,0.9975,0.04669518407547691,1891,0.0006469956674844657,7.273233222793202e-07,0.00014176554304358262,16,20,False,0.995,0.005,0.66,fixed,100,none,e7f9ddb3-8f5f-4b72-9bd9-db11716f47fd
1640,231700,43.090545415878296,0.99900075,0.999002,1.0,0.9960719999999998,0.0,0.0,0.0,0.0,0.0,0.0,0.0005,0.0,0.0,0.0,0.0005,0.0,0.0,0.0,0.002,0.9975,0.047091412742382266,1890,0.0006480519133743078,7.298336541789328e-07,0.00014199723223192996,16,20,False,0.995,0.005,0.66,fixed,100,none,e7f9ddb3-8f5f-4b72-9bd9-db11716f47fd
1641,231800,43.1092414855957,0.99900075,0.999002,1.0,0.9960719999999998,0.0,0.0,0.0,0.0,0.0,0.0,0.0005,0.0,0.0,0.0,0.0005,0.0,0.0,0.0,0.002,0.9975,0.04669518407547691,1891,0.0006494831504550229,7.331767069642996e-07,0.00014231116520892773,16,20,False,0.995,0.005,0.66,fixed,100,none,e7f9ddb3-8f5f-4b72-9bd9-db11716f47fd
1642,232100,43.12793970108032,0.99900075,0.999002,1.0,0.9960719999999998,0.0,0.0,0.0,0.0,0.0,0.0,0.0005,0.0,0.0,0.0,0.0005,0.0,0.0,0.0,0.002,0.9975,0.047091412742382266,1890,0.0006489794983773989,7.320326187278306e-07,0.00014220069839237089,16,20,False,0.995,0.005,0.66,fixed,100,none,e7f9ddb3-8f5f-4b72-9bd9-db11716f47fd
1643,232200,43.14680862426758,0.99900075,0.999002,1.0,0.9960719999999998,0.0,0.0,0.0,0.0,0.0,0.0,0.0005,0.0,0.0,0.0,0.0005,0.0,0.0,0.0,0.002,0.9975,0.04669518407547691,1891,0.0006499788644494151,7.314494170168632e-07,0.00014241934881721016,16,20,False,0.995,0.005,0.66,fixed,100,none,e7f9ddb3-8f5f-4b72-9bd9-db11716f47fd
1644,232400,43.16562819480896,0.99900075,0.999002,1.0,0.9960719999999998,0.0,0.0,0.0,0.0,0.0,0.0,0.0005,0.0,0.0,0.0,0.0005,0.0,0.0,0.0,0.002,0.9975,0.04669518407547691,1891,0.0006499971312862046,7.315155120260794e-07,0.00014242335998583517,16,20,False,0.995,0.005,0.66,fixed,100,none,e7f9ddb3-8f5f-4b72-9bd9-db11716f47fd
1645,232500,43.18419671058655,0.99900075,0.999002,1.0,0.9960719999999998,0.0,0.0,0.0,0.0,0.0,0.0,0.0005,0.0,0.0,0.0,0.0005,0.0,0.0,0.0,0.002,0.9975,0.04669518407547691,1891,0.0006496430709813288,7.293792092728625e-07,0.00014234545028757472,16,20,False,0.995,0.005,0.66,fixed,100,none,e7f9ddb3-8f5f-4b72-9bd9-db11716f47fd
1646,232800,43.20295858383179,0.99900075,0.999002,1.0,0.9960719999999998,0.0,0.0,0.0,0.0,0.0,0.0,0.0005,0.0,0.0,0.0,0.0005,0.0,0.0,0.0,0.002,0.9975,0.04669518407547691,1891,0.0006495984308578064,7.29049242227114e-07,0.00014233561587079696,16,20,False,0.995,0.005,0.66,fixed,100,none,e7f9ddb3-8f5f-4b72-9bd9-db11716f47fd
1647,232900,43.22196078300476,0.99900075,0.999002,1.0,0.9960719999999998,0.0,0.0,0.0,0.0,0.0,0.0,0.0005,0.0,0.0,0.0,0.0005,0.0,0.0,0.0,0.002,0.9975,0.04669518407547691,1891,0.0006493332128288017,7.30260731764073e-07,0.00014227778982725986,16,20,False,0.995,0.005,0.66,fixed,100,none,e7f9ddb3-8f5f-4b72-9bd9-db11716f47fd
1648,233100,43.240941762924194,0.99900075,0.999002,1.0,0.9960719999999998,0.0,0.0,0.0,0.0,0.0,0.0,0.0005,0.0,0.0,0.0,0.0005,0.0,0.0,0.0,0.002,0.9975,0.04669518407547691,1891,0.0006489165167292886,7.30501507502904e-07,0.00014218662079846684,16,20,False,0.995,0.005,0.66,fixed,100,none,e7f9ddb3-8f5f-4b72-9bd9-db11716f47fd
1649,233200,43.259812355041504,0.99900075,0.999002,1.0,0.9960719999999998,0.0,0.0,0.0,0.0,0.0,0.0,0.0005,0.0,0.0,0.0,0.0005,0.0,0.0,0.0,0.002,0.9975,0.04669518407547691,1891,0.0006486097840846567,7.292822398383839e-07,0.00014211924536170064,16,20,False,0.995,0.005,0.66,fixed,100,none,e7f9ddb3-8f5f-4b72-9bd9-db11716f47fd
1650,233300,43.27873754501343,0.99900075,0.999002,1.0,0.9960719999999998,0.0,0.0,0.0,0.0,0.0,0.0,0.0005,0.0,0.0,0.0,0.0005,0.0,0.0,0.0,0.002,0.9975,0.04669518407547691,1891,0.0006486508069692297,7.286786726722987e-07,0.0001421281105933721,16,20,False,0.995,0.005,0.66,fixed,100,none,e7f9ddb3-8f5f-4b72-9bd9-db11716f47fd
1651,233500,43.29775905609131,0.99900075,0.999002,1.0,0.9960719999999998,0.0,0.0,0.0,0.0,0.0,0.0,0.0005,0.0,0.0,0.0,0.0005,0.0,0.0,0.0,0.002,0.9975,0.04669518407547691,1891,0.0006497832317080916,7.287154823248335e-07,0.00014237600536254298,16,20,False,0.995,0.005,0.66,fixed,100,none,e7f9ddb3-8f5f-4b72-9bd9-db11716f47fd
1652,233600,43.31683087348938,0.99900075,0.999002,1.0,0.9960719999999998,0.0,0.0,0.0,0.0,0.0,0.0,0.0005,0.0,0.0,0.0,0.0005,0.0,0.0,0.0,0.002,0.9975,0.04669518407547691,1891,0.0006491222345505095,7.279751777846371e-07,0.0001422311724268856,16,20,False,0.995,0.005,0.66,fixed,100,none,e7f9ddb3-8f5f-4b72-9bd9-db11716f47fd
1653,233900,43.33577537536621,0.99900075,0.999002,1.0,0.9960719999999998,0.0,0.0,0.0,0.0,0.0,0.0,0.0005,0.0,0.0,0.0,0.0005,0.0,0.0,0.0,0.002,0.9975,0.04669518407547691,1891,0.0006487699613377623,7.279420741722295e-07,0.0001421540535309289,16,20,False,0.995,0.005,0.66,fixed,100,none,e7f9ddb3-8f5f-4b72-9bd9-db11716f47fd
1654,234000,43.354625940322876,0.99900075,0.999002,1.0,0.9960719999999998,0.0,0.0,0.0,0.0,0.0,0.0,0.0005,0.0,0.0,0.0,0.0005,0.0,0.0,0.0,0.002,0.9975,0.04669518407547691,1891,0.0006493169707513642,7.278285596873794e-07,0.00014227377232381422,16,20,False,0.995,0.005,0.66,fixed,100,none,e7f9ddb3-8f5f-4b72-9bd9-db11716f47fd
1655,234200,43.37405347824097,0.99900075,0.999002,1.0,0.9960719999999998,0.0,0.0,0.0,0.0,0.0,0.0,0.0005,0.0,0.0,0.0,0.0005,0.0,0.0,0.0,0.002,0.9975,0.04669518407547691,1891,0.0006526638831687496,7.333654689222455e-07,0.0001430074634647345,16,20,False,0.995,0.005,0.66,fixed,100,none,e7f9ddb3-8f5f-4b72-9bd9-db11716f47fd
1656,234300,43.393253803253174,0.99900075,0.999002,1.0,0.9960719999999998,0.0,0.0,0.0,0.0,0.0,0.0,0.0005,0.0,0.0,0.0,0.0005,0.0,0.0,0.0,0.002,0.9975,0.04669518407547691,1891,0.000652692185310996,7.336956308245029e-07,0.00014301372153443368,16,20,False,0.995,0.005,0.66,fixed,100,none,e7f9ddb3-8f5f-4b72-9bd9-db11716f47fd
1657,234600,43.412505865097046,0.99900075,0.999002,1.0,0.9960719999999998,0.0,0.0,0.0,0.0,0.0,0.0,0.0005,0.0,0.0,0.0,0.0005,0.0,0.0,0.0,0.002,0.9975,0.04669518407547691,1891,0.0006539852939256281,7.351660280522378e-07,0.00014329706238564994,16,20,False,0.995,0.005,0.66,fixed,100,none,e7f9ddb3-8f5f-4b72-9bd9-db11716f47fd
1658,234700,43.43238592147827,0.99900075,0.999002,1.0,0.9960719999999998,0.0,0.0,0.0,0.0,0.0,0.0,0.0005,0.0,0.0,0.0,0.0005,0.0,0.0,0.0,0.002,0.9975,0.047091412742382266,1890,0.0006545101122875898,7.353644311137202e-07,0.000143411982821665,16,20,False,0.995,0.005,0.66,fixed,100,none,e7f9ddb3-8f5f-4b72-9bd9-db11716f47fd
1659,235000,43.451727628707886,0.99900075,0.999002,1.0,0.9960719999999998,0.0,0.0,0.0,0.0,0.0,0.0,0.0005,0.0,0.0,0.0,0.0005,0.0,0.0,0.0,0.002,0.9975,0.047091412742382266,1890,0.0006547919466272738,7.333004632648334e-07,0.00014347328420473055,16,20,False,0.995,0.005,0.66,fixed,100,none,e7f9ddb3-8f5f-4b72-9bd9-db11716f47fd
1660,235100,43.47080111503601,0.99900075,0.999002,1.0,0.9960719999999998,0.0,0.0,0.0,0.0,0.0,0.0,0.0005,0.0,0.0,0.0,0.0005,0.0,0.0,0.0,0.002,0.9975,0.047091412742382266,1890,0.0006532270888775203,7.300458936375139e-07,0.00014313011847508033,16,20,False,0.995,0.005,0.66,fixed,100,none,e7f9ddb3-8f5f-4b72-9bd9-db11716f47fd
1661,235300,43.490090131759644,0.99900075,0.999002,1.0,0.9960719999999998,0.0,0.0,0.0,0.0,0.0,0.0,0.0005,0.0,0.0,0.0,0.0005,0.0,0.0,0.0,0.002,0.9975,0.047091412742382266,1890,0.0006537433266980865,7.301591459538827e-07,0.00014324314445194236,16,20,False,0.995,0.005,0.66,fixed,100,none,e7f9ddb3-8f5f-4b72-9bd9-db11716f47fd
1662,235400,43.51052713394165,0.99900075,0.999002,1.0,0.9960719999999998,0.0,0.0,0.0,0.0,0.0,0.0,0.0005,0.0,0.0,0.0,0.0005,0.0,0.0,0.0,0.002,0.9975,0.047091412742382266,1890,0.000653691973685366,7.309919701372345e-07,0.0001432320615140527,16,20,False,0.995,0.005,0.66,fixed,100,none,e7f9ddb3-8f5f-4b72-9bd9-db11716f47fd
1663,235700,43.529725074768066,0.99900075,0.999002,1.0,0.9960719999999998,0.0,0.0,0.0,0.0,0.0,0.0,0.0005,0.0,0.0,0.0,0.0005,0.0,0.0,0.0,0.002,0.9975,0.04669518407547691,1891,0.0006527506632309345,7.292575672100223e-07,0.00014302567911902148,16,20,False,0.995,0.005,0.66,fixed,100,none,e7f9ddb3-8f5f-4b72-9bd9-db11716f47fd
1664,235800,43.549094676971436,0.99900075,0.999002,1.0,0.9960719999999998,0.0,0.0,0.0,0.0,0.0,0.0,0.0005,0.0,0.0,0.0,0.0005,0.0,0.0,0.0,0.002,0.9975,0.04669518407547691,1891,0.0006523612189973893,7.295382700493116e-07,0.0001429404831098379,16,20,False,0.995,0.005,0.66,fixed,100,none,e7f9ddb3-8f5f-4b72-9bd9-db11716f47fd
1665,236000,43.56825017929077,0.99900075,0.999002,1.0,0.9960719999999998,0.0,0.0,0.0,0.0,0.0,0.0,0.0005,0.0,0.0,0.0,0.0005,0.0,0.0,0.0,0.002,0.9975,0.04669518407547691,1891,0.0006540265788263498,7.313270115132697e-07,0.0001433053702372755,16,20,False,0.995,0.005,0.66,fixed,100,none,e7f9ddb3-8f5f-4b72-9bd9-db11716f47fd
1666,236100,43.58743190765381,0.99900075,0.999002,1.0,0.9960719999999998,0.0,0.0,0.0,0.0,0.0,0.0,0.0005,0.0,0.0,0.0,0.0005,0.0,0.0,0.0,0.002,0.9975,0.04669518407547691,1891,0.0006541797365776663,7.332558238644226e-07,0.0001433392629433854,16,20,False,0.995,0.005,0.66,fixed,100,none,e7f9ddb3-8f5f-4b72-9bd9-db11716f47fd
1667,236400,43.60649633407593,0.99900075,0.999002,1.0,0.9960719999999998,0.0,0.0,0.0,0.0,0.0,0.0,0.0005,0.0,0.0,0.0,0.0005,0.0,0.0,0.0,0.002,0.9975,0.04669518407547691,1891,0.0006534291261996081,7.313905930832809e-07,0.00014317459993778005,16,20,False,0.995,0.005,0.66,fixed,100,none,e7f9ddb3-8f5f-4b72-9bd9-db11716f47fd
1668,236500,43.62524366378784,0.99900075,0.999002,1.0,0.9960719999999998,0.0,0.0,0.0,0.0,0.0,0.0,0.0005,0.0,0.0,0.0,0.0005,0.0,0.0,0.0,0.002,0.9975,0.04669518407547691,1891,0.0006538949836261702,7.320641043723157e-07,0.0001432767040955994,16,20,False,0.995,0.005,0.66,fixed,100,none,e7f9ddb3-8f5f-4b72-9bd9-db11716f47fd
1669,236800,43.64494824409485,0.99900075,0.999002,1.0,0.9960719999999998,0.0,0.0,0.0,0.0,0.0,0.0,0.0005,0.0,0.0,0.0,0.0005,0.0,0.0,0.0,0.002,0.9975,0.04669518407547691,1891,0.000654794772417336,7.33651786828051e-07,0.0001434739695216522,16,20,False,0.995,0.005,0.66,fixed,100,none,e7f9ddb3-8f5f-4b72-9bd9-db11716f47fd
1670,236900,43.663742780685425,0.99900075,0.999002,1.0,0.9960719999999998,0.0,0.0,0.0,0.0,0.0,0.0,0.0005,0.0,0.0,0.0,0.0005,0.0,0.0,0.0,0.002,0.9975,0.04669518407547691,1891,0.0006554357574764919,7.344544990167769e-07,0.00014361443366641728,16,20,False,0.995,0.005,0.66,fixed,100,none,e7f9ddb3-8f5f-4b72-9bd9-db11716f47fd
1671,237000,43.68250775337219,0.99900075,0.999002,1.0,0.9960719999999998,0.0,0.0,0.0,0.0,0.0,0.0,0.0005,0.0,0.0,0.0,0.0005,0.0,0.0,0.0,0.002,0.9975,0.04669518407547691,1891,0.000656356365523763,7.357480401436229e-07,0.00014381620054077903,16,20,False,0.995,0.005,0.66,fixed,100,none,e7f9ddb3-8f5f-4b72-9bd9-db11716f47fd
1672,237100,43.70122957229614,0.99900075,0.999002,1.0,0.9960719999999998,0.0,0.0,0.0,0.0,0.0,0.0,0.0005,0.0,0.0,0.0,0.0005,0.0,0.0,0.0,0.002,0.9975,0.04669518407547691,1891,0.0006570492555519447,7.365572322143316e-07,0.00014396802791444142,16,20,False,0.995,0.005,0.66,fixed,100,none,e7f9ddb3-8f5f-4b72-9bd9-db11716f47fd
1673,237200,43.719966411590576,0.99900075,0.999002,1.0,0.9960719999999998,0.0,0.0,0.0,0.0,0.0,0.0,0.0005,0.0,0.0,0.0,0.0005,0.0,0.0,0.0,0.002,0.9975,0.04669518407547691,1891,0.0006569497032360673,7.368191832874591e-07,0.00014394628568319975,16,20,False,0.995,0.005,0.66,fixed,100,none,e7f9ddb3-8f5f-4b72-9bd9-db11716f47fd
1674,237500,43.73888611793518,0.99900075,0.999002,1.0,0.9960719999999998,0.0,0.0,0.0,0.0,0.0,0.0,0.0005,0.0,0.0,0.0,0.0005,0.0,0.0,0.0,0.002,0.9975,0.04669518407547691,1891,0.0006559811408572584,7.345980748689312e-07,0.00014373384536787897,16,20,False,0.995,0.005,0.66,fixed,100,none,e7f9ddb3-8f5f-4b72-9bd9-db11716f47fd
1675,237600,43.75768232345581,0.99900075,0.999002,1.0,0.9960719999999998,0.0,0.0,0.0,0.0,0.0,0.0,0.0005,0.0,0.0,0.0,0.0005,0.0,0.0,0.0,0.002,0.9975,0.047091412742382266,1890,0.0006556022121429442,7.368520653341973e-07,0.000143651326130504,16,20,False,0.995,0.005,0.66,fixed,100,none,e7f9ddb3-8f5f-4b72-9bd9-db11716f47fd
1676,237800,43.776373624801636,0.99900075,0.999002,1.0,0.9960719999999998,0.0,0.0,0.0,0.0,0.0,0.0,0.0005,0.0,0.0,0.0,0.0005,0.0,0.0,0.0,0.002,0.9975,0.04669518407547691,1891,0.0006563504545307121,7.405674480549459e-07,0.00014381582231190332,16,20,False,0.995,0.005,0.66,fixed,100,none,e7f9ddb3-8f5f-4b72-9bd9-db11716f47fd
1677,237900,43.79495429992676,0.99900075,0.999002,1.0,0.9960719999999998,0.0,0.0,0.0,0.0,0.0,0.0,0.0005,0.0,0.0,0.0,0.0005,0.0,0.0,0.0,0.002,0.9975,0.04669518407547691,1891,0.0006577833165186371,7.426875818647953e-07,0.000144129878626484,16,20,False,0.995,0.005,0.66,fixed,100,none,e7f9ddb3-8f5f-4b72-9bd9-db11716f47fd
1678,238200,43.813544034957886,0.99900075,0.999002,1.0,0.9960719999999998,0.0,0.0,0.0,0.0,0.0,0.0,0.0005,0.0,0.0,0.0,0.0005,0.0,0.0,0.0,0.002,0.9975,0.047091412742382266,1890,0.0006588817863165616,7.465825252571071e-07,0.00014437107370449419,16,20,False,0.995,0.005,0.66,fixed,100,none,e7f9ddb3-8f5f-4b72-9bd9-db11716f47fd
1679,238300,43.832250118255615,0.99900075,0.999002,1.0,0.9960719999999998,0.0,0.0,0.0,0.0,0.0,0.0,0.0005,0.0,0.0,0.0,0.0005,0.0,0.0,0.0,0.002,0.9975,0.047091412742382266,1890,0.000659639759882363,7.481274634851179e-07,0.00014453728765631145,16,20,False,0.995,0.005,0.66,fixed,100,none,e7f9ddb3-8f5f-4b72-9bd9-db11716f47fd
1680,238600,43.850830078125,0.99900075,0.999002,1.0,0.9960719999999998,0.0,0.0,0.0,0.0,0.0,0.0,0.0005,0.0,0.0,0.0,0.0005,0.0,0.0,0.0,0.002,0.9975,0.047091412742382266,1890,0.0006616775021003308,7.526968858747453e-07,0.00014498421761807863,16,20,False,0.995,0.005,0.66,fixed,100,none,e7f9ddb3-8f5f-4b72-9bd9-db11716f47fd
1681,238700,43.86942744255066,0.99900075,0.999002,1.0,0.9960719999999998,0.0,0.0,0.0,0.0,0.0,0.0,0.0005,0.0,0.0,0.0,0.0005,0.0,0.0,0.0,0.002,0.9975,0.047091412742382266,1890,0.0006617553706034126,7.527661566919295e-07,0.00014500127619485848,16,20,False,0.995,0.005,0.66,fixed,100,none,e7f9ddb3-8f5f-4b72-9bd9-db11716f47fd
1682,238900,43.88840293884277,0.99900075,0.999002,1.0,0.9960719999999998,0.0,0.0,0.0,0.0,0.0,0.0,0.0005,0.0,0.0,0.0,0.0005,0.0,0.0,0.0,0.002,0.9975,0.047091412742382266,1890,0.0006616289379680644,7.523724784493597e-07,0.00014497352529211467,16,20,False,0.995,0.005,0.66,fixed,100,none,e7f9ddb3-8f5f-4b72-9bd9-db11716f47fd
1683,239000,43.907224893569946,0.99900075,0.999002,1.0,0.9960719999999998,0.0,0.0,0.0,0.0,0.0,0.0,0.0005,0.0,0.0,0.0,0.0005,0.0,0.0,0.0,0.002,0.9975,0.047091412742382266,1890,0.0006628725725645132,7.532982931302294e-07,0.0001452459328100667,16,20,False,0.995,0.005,0.66,fixed,100,none,e7f9ddb3-8f5f-4b72-9bd9-db11716f47fd
1684,239300,43.92620325088501,0.99900075,0.999002,1.0,0.9960719999999998,0.0,0.0,0.0,0.0,0.0,0.0,0.0005,0.0,0.0,0.0,0.0005,0.0,0.0,0.0,0.002,0.9975,0.047091412742382266,1890,0.0006618200702614406,7.519354803901272e-07,0.00014501528112150346,16,20,False,0.995,0.005,0.66,fixed,100,none,e7f9ddb3-8f5f-4b72-9bd9-db11716f47fd
1685,239400,43.94502878189087,0.99900075,0.999002,1.0,0.9960719999999998,0.0,0.0,0.0,0.0,0.0,0.0,0.0005,0.0,0.0,0.0,0.0005,0.0,0.0,0.0,0.002,0.9975,0.047091412742382266,1890,0.0006628497983367027,7.518923730598052e-07,0.00014524068040678559,16,20,False,0.995,0.005,0.66,fixed,100,none,e7f9ddb3-8f5f-4b72-9bd9-db11716f47fd
1686,239600,43.9637987613678,0.99900075,0.999002,1.0,0.9960719999999998,0.0,0.0,0.0,0.0,0.0,0.0,0.0005,0.0,0.0,0.0,0.0005,0.0,0.0,0.0,0.002,0.9975,0.047091412742382266,1890,0.0006601720543070079,7.495825911748276e-07,0.00014465408338012727,16,20,False,0.995,0.005,0.66,fixed,100,none,e7f9ddb3-8f5f-4b72-9bd9-db11716f47fd
1687,239700,43.982420206069946,0.99900075,0.999002,1.0,0.9960719999999998,0.0,0.0,0.0,0.0,0.0,0.0,0.0005,0.0,0.0,0.0,0.0005,0.0,0.0,0.0,0.002,0.9975,0.047091412742382266,1890,0.0006607760724718562,7.508813984079626e-07,0.00014478654972978686,16,20,False,0.995,0.005,0.66,fixed,100,none,e7f9ddb3-8f5f-4b72-9bd9-db11716f47fd
1688,240000,44.001086711883545,0.99900075,0.999002,1.0,0.9960719999999998,0.0,0.0,0.0,0.0,0.0,0.0,0.0005,0.0,0.0,0.0,0.0005,0.0,0.0,0.0,0.002,0.9975,0.047091412742382266,1890,0.000662593365045666,7.535279001520413e-07,0.00014518485790952518,16,20,False,0.995,0.005,0.66,fixed,100,none,e7f9ddb3-8f5f-4b72-9bd9-db11716f47fd
1689,240100,44.019843101501465,0.99900075,0.999002,1.0,0.9960719999999998,0.0,0.0,0.0,0.0,0.0,0.0,0.0005,0.0,0.0,0.0,0.0005,0.0,0.0,0.0,0.002,0.9975,0.04669518407547691,1891,0.0006641646178104183,7.589385875310086e-07,0.00014552983317033148,16,20,False,0.995,0.005,0.66,fixed,100,none,e7f9ddb3-8f5f-4b72-9bd9-db11716f47fd
1690,240400,44.03845930099487,0.99900075,0.999002,1.0,0.9960719999999998,0.0,0.0,0.0,0.0,0.0,0.0,0.0005,0.0,0.0,0.0,0.0005,0.0,0.0,0.0,0.002,0.9975,0.04669518407547691,1891,0.0006649200734872429,7.594032936999101e-07,0.00014569529071216045,16,20,False,0.995,0.005,0.66,fixed,100,none,e7f9ddb3-8f5f-4b72-9bd9-db11716f47fd
1691,240500,44.05691075325012,0.99900075,0.999002,1.0,0.9960719999999998,0.0,0.0,0.0,0.0,0.0,0.0,0.0005,0.0,0.0,0.0,0.0005,0.0,0.0,0.0,0.002,0.9975,0.047091412742382266,1890,0.0006639241853028829,7.588468085993888e-07,0.00014547718505643497,16,20,False,0.995,0.005,0.66,fixed,100,none,e7f9ddb3-8f5f-4b72-9bd9-db11716f47fd
1692,240700,44.07554531097412,0.99900075,0.999002,1.0,0.9960719999999998,0.0,0.0,0.0,0.0,0.0,0.0,0.0005,0.0,0.0,0.0,0.0005,0.0,0.0,0.0,0.002,0.9975,0.047091412742382266,1890,0.0006655181080636734,7.61274444200011e-07,0.00014582655599953612,16,20,False,0.995,0.005,0.66,fixed,100,none,e7f9ddb3-8f5f-4b72-9bd9-db11716f47fd
1693,240800,44.094109773635864,0.99900075,0.999002,1.0,0.9960719999999998,0.0,0.0,0.0,0.0,0.0,0.0,0.0005,0.0,0.0,0.0,0.0005,0.0,0.0,0.0,0.002,0.9975,0.047091412742382266,1890,0.000666760836523895,7.64186608531189e-07,0.00014609914257070157,16,20,False,0.995,0.005,0.66,fixed,100,none,e7f9ddb3-8f5f-4b72-9bd9-db11716f47fd
1694,240900,44.11267709732056,0.99900075,0.999002,1.0,0.9960719999999998,0.0,0.0,0.0,0.0,0.0,0.0,0.0005,0.0,0.0,0.0,0.0005,0.0,0.0,0.0,0.002,0.9975,0.047091412742382266,1890,0.0006670854764454676,7.636995281001331e-07,0.0001461701137042519,16,20,False,0.995,0.005,0.66,fixed,100,none,e7f9ddb3-8f5f-4b72-9bd9-db11716f47fd
1695,241000,44.13133096694946,0.99900075,0.999002,1.0,0.9960719999999998,0.0,0.0,0.0,0.0,0.0,0.0,0.0005,0.0,0.0,0.0,0.0005,0.0,0.0,0.0,0.002,0.9975,0.04669518407547691,1891,0.0006673565332062182,7.647214225991467e-07,0.000146229642189135,16,20,False,0.995,0.005,0.66,fixed,100,none,e7f9ddb3-8f5f-4b72-9bd9-db11716f47fd
1696,241100,44.14984345436096,0.99900075,0.999002,1.0,0.9960719999999998,0.0,0.0,0.0,0.0,0.0,0.0,0.0005,0.0,0.0,0.0,0.0005,0.0,0.0,0.0,0.002,0.9975,0.04669518407547691,1891,0.0006675012704472128,7.644158512353473e-07,0.0001462612671126296,16,20,False,0.995,0.005,0.66,fixed,100,none,e7f9ddb3-8f5f-4b72-9bd9-db11716f47fd
1697,241200,44.168412923812866,0.99900075,0.999002,1.0,0.9960719999999998,0.0,0.0,0.0,0.0,0.0,0.0,0.0005,0.0,0.0,0.0,0.0005,0.0,0.0,0.0,0.002,0.9975,0.046297950389758855,1892,0.0006668430254803734,7.652320018743232e-07,0.00014611733235800987,16,20,False,0.995,0.005,0.66,fixed,100,none,e7f9ddb3-8f5f-4b72-9bd9-db11716f47fd
1698,241400,44.18684911727905,0.99900075,0.999002,1.0,0.9960719999999998,0.0,0.0,0.0,0.0,0.0,0.0,0.0005,0.0,0.0,0.0,0.0005,0.0,0.0,0.0,0.002,0.9975,0.04669518407547691,1891,0.0006687573052830348,7.706365640558821e-07,0.00014653739507362694,16,20,False,0.995,0.005,0.66,fixed,100,none,e7f9ddb3-8f5f-4b72-9bd9-db11716f47fd
1699,241500,44.20526695251465,0.99900075,0.999002,1.0,0.9960719999999998,0.0,0.0,0.0,0.0,0.0,0.0,0.0005,0.0,0.0,0.0,0.0005,0.0,0.0,0.0,0.002,0.9975,0.047091412742382266,1890,0.0006696196115665586,7.722519683242397e-07,0.00014672646084590128,16,20,False,0.995,0.005,0.66,fixed,100,none,e7f9ddb3-8f5f-4b72-9bd9-db11716f47fd
1700,241800,44.22381591796875,0.99900075,0.999002,1.0,0.9960719999999998,0.0,0.0,0.0,0.0,0.0,0.0,0.0005,0.0,0.0,0.0,0.0005,0.0,0.0,0.0,0.002,0.9975,0.04669518407547691,1891,0.0006719423404940197,7.767478522200533e-07,0.00014723576042606276,16,20,False,0.995,0.005,0.66,fixed,100,none,e7f9ddb3-8f5f-4b72-9bd9-db11716f47fd
1701,241900,44.242408752441406,0.99900075,0.999002,1.0,0.9960719999999998,0.0,0.0,0.0,0.0,0.0,0.0,0.0005,0.0,0.0,0.0,0.0005,0.0,0.0,0.0,0.002,0.9975,0.04669518407547691,1891,0.0006719423404940197,7.767478522200533e-07,0.00014723576042606276,16,20,False,0.995,0.005,0.66,fixed,100,none,e7f9ddb3-8f5f-4b72-9bd9-db11716f47fd
1702,242200,44.26087403297424,0.99900075,0.999002,1.0,0.9960719999999998,0.0,0.0,0.0,0.0,0.0,0.0,0.0005,0.0,0.0,0.0,0.0005,0.0,0.0,0.0,0.002,0.9975,0.047091412742382266,1890,0.000672738048491287,7.776454080880618e-07,0.00014741011144227945,16,20,False,0.995,0.005,0.66,fixed,100,none,e7f9ddb3-8f5f-4b72-9bd9-db11716f47fd
1703,242300,44.279587745666504,0.99900075,0.999002,1.0,0.9960719999999998,0.0,0.0,0.0,0.0,0.0,0.0,0.0005,0.0,0.0,0.0,0.0005,0.0,0.0,0.0,0.002,0.9975,0.047091412742382266,1890,0.0006738155389735569,7.809769410002763e-07,0.00014764660710010167,16,20,False,0.995,0.005,0.66,fixed,100,none,e7f9ddb3-8f5f-4b72-9bd9-db11716f47fd
1704,242500,44.2984254360199,0.99900075,0.999002,1.0,0.9960719999999998,0.0,0.0,0.0,0.0,0.0,0.0,0.0005,0.0,0.0,0.0,0.0005,0.0,0.0,0.0,0.002,0.9975,0.04669518407547691,1891,0.0006764468931660219,7.856050740228053e-07,0.0001482234898781065,16,20,False,0.995,0.005,0.66,fixed,100,none,e7f9ddb3-8f5f-4b72-9bd9-db11716f47fd
1705,242600,44.31690311431885,0.99900075,0.999002,1.0,0.9960719999999998,0.0,0.0,0.0,0.0,0.0,0.0,0.0005,0.0,0.0,0.0,0.0005,0.0,0.0,0.0,0.002,0.9975,0.04629795038975885,1892,0.0006772058162420231,7.872358328308414e-07,0.00014838992798361673,16,20,False,0.995,0.005,0.66,fixed,100,none,e7f9ddb3-8f5f-4b72-9bd9-db11716f47fd
1706,242900,44.33541202545166,0.99900075,0.999002,1.0,0.9960719999999998,0.0,0.0,0.0,0.0,0.0,0.0,0.0005,0.0,0.0,0.0,0.0005,0.0,0.0,0.0,0.002,0.9975,0.045899711685228106,1893,0.0006791109562055022,7.890171534597978e-07,0.0001488073015725418,16,20,False,0.995,0.005,0.66,fixed,100,none,e7f9ddb3-8f5f-4b72-9bd9-db11716f47fd
1707,243000,44.353707790374756,0.99900075,0.999002,1.0,0.9960719999999998,0.0,0.0,0.0,0.0,0.0,0.0,0.0005,0.0,0.0,0.0,0.0005,0.0,0.0,0.0,0.002,0.9975,0.045899711685228106,1893,0.0006791265847739412,7.897382258857589e-07,0.00014881085966993404,16,20,False,0.995,0.005,0.66,fixed,100,none,e7f9ddb3-8f5f-4b72-9bd9-db11716f47fd
1708,243200,44.37192130088806,0.99900075,0.999002,1.0,0.9960719999999998,0.0,0.0,0.0,0.0,0.0,0.0,0.0005,0.0,0.0,0.0,0.0005,0.0,0.0,0.0,0.002,0.9975,0.04629795038975885,1892,0.0006802086800397028,7.921393481824125e-07,0.0001490481865368456,16,20,False,0.995,0.005,0.66,fixed,100,none,e7f9ddb3-8f5f-4b72-9bd9-db11716f47fd
1709,243300,44.39038872718811,0.99900075,0.999002,1.0,0.9960719999999998,0.0,0.0,0.0,0.0,0.0,0.0,0.0005,0.0,0.0,0.0,0.0005,0.0,0.0,0.0,0.002,0.9975,0.04629795038975885,1892,0.0006811055502676399,7.936522728969767e-07,0.0001492447988854368,16,20,False,0.995,0.005,0.66,fixed,100,none,e7f9ddb3-8f5f-4b72-9bd9-db11716f47fd
1710,243600,44.408798694610596,0.99900075,0.999002,1.0,0.9960719999999998,0.0,0.0,0.0,0.0,0.0,0.0,0.0005,0.0,0.0,0.0,0.0005,0.0,0.0,0.0,0.002,0.9975,0.047091412742382266,1890,0.0006814243518239993,7.961087274842182e-07,0.00014931505127249546,16,20,False,0.995,0.005,0.66,fixed,100,none,e7f9ddb3-8f5f-4b72-9bd9-db11716f47fd
1711,243700,44.42936849594116,0.99900075,0.999002,1.0,0.9960719999999998,0.0,0.0,0.0,0.0,0.0,0.0,0.0005,0.0,0.0,0.0,0.0005,0.0,0.0,0.0,0.002,0.9975,0.047091412742382266,1890,0.0006808658513455857,7.956828926587233e-07,0.0001491927146091539,16,20,False,0.995,0.005,0.66,fixed,100,none,e7f9ddb3-8f5f-4b72-9bd9-db11716f47fd
1712,244000,44.447847843170166,0.99900075,0.999002,1.0,0.9960719999999998,0.0,0.0,0.0,0.0,0.0,0.0,0.0005,0.0,0.0,0.0,0.0005,0.0,0.0,0.0,0.002,0.9975,0.04669518407547691,1891,0.0006833356455841672,8.002381750074428e-07,0.0001497342180716256,16,20,False,0.995,0.005,0.66,fixed,100,none,e7f9ddb3-8f5f-4b72-9bd9-db11716f47fd
1713,244100,44.46673583984375,0.99900075,0.999002,1.0,0.9960719999999998,0.0,0.0,0.0,0.0,0.0,0.0,0.0005,0.0,0.0,0.0,0.0005,0.0,0.0,0.0,0.002,0.9975,0.04669518407547691,1891,0.0006832811879393295,8.013921865916319e-07,0.00014972251655537164,16,20,False,0.995,0.005,0.66,fixed,100,none,e7f9ddb3-8f5f-4b72-9bd9-db11716f47fd
1714,244300,44.48596477508545,0.99900075,0.999002,1.0,0.9960719999999998,0.0,0.0,0.0,0.0,0.0,0.0,0.0005,0.0,0.0,0.0,0.0005,0.0,0.0,0.0,0.002,0.9975,0.04669518407547691,1891,0.0006841981718766281,8.016794067006352e-07,0.00014992329891106703,16,20,False,0.995,0.005,0.66,fixed,100,none,e7f9ddb3-8f5f-4b72-9bd9-db11716f47fd
1715,244400,44.504955768585205,0.99900075,0.999002,1.0,0.9960719999999998,0.0,0.0,0.0,0.0,0.0,0.0,0.0005,0.0,0.0,0.0,0.0005,0.0,0.0,0.0,0.002,0.9975,0.04669518407547691,1891,0.0006841459064202102,8.011983491075309e-07,0.00014991176660171445,16,20,False,0.995,0.005,0.66,fixed,100,none,e7f9ddb3-8f5f-4b72-9bd9-db11716f47fd
1716,244700,44.52389335632324,0.99900075,0.999002,1.0,0.9960719999999998,0.0,0.0,0.0,0.0,0.0,0.0,0.0005,0.0,0.0,0.0,0.0005,0.0,0.0,0.0,0.002,0.9975,0.04629795038975885,1892,0.0006838851109002655,7.989965408206928e-07,0.00014985426011882404,16,20,False,0.995,0.005,0.66,fixed,100,none,e7f9ddb3-8f5f-4b72-9bd9-db11716f47fd
1717,244800,44.54261302947998,0.99900075,0.999002,1.0,0.9960719999999998,0.0,0.0,0.0,0.0,0.0,0.0,0.0005,0.0,0.0,0.0,0.0005,0.0,0.0,0.0,0.002,0.9975,0.04629795038975885,1892,0.0006850123905741446,8.003040447569147e-07,0.00015010127006518406,16,20,False,0.995,0.005,0.66,fixed,100,none,e7f9ddb3-8f5f-4b72-9bd9-db11716f47fd
1718,244900,44.56131863594055,0.99900075,0.999002,1.0,0.9960719999999998,0.0,0.0,0.0,0.0,0.0,0.0,0.0005,0.0,0.0,0.0,0.0005,0.0,0.0,0.0,0.002,0.9975,0.045899711685228106,1893,0.0006842553501191146,7.995394229191726e-07,0.00014993540863142885,16,20,False,0.995,0.005,0.66,fixed,100,none,e7f9ddb3-8f5f-4b72-9bd9-db11716f47fd
1719,245000,44.58013963699341,0.99900075,0.999002,1.0,0.9960719999999998,0.0,0.0,0.0,0.0,0.0,0.0,0.0005,0.0,0.0,0.0,0.0005,0.0,0.0,0.0,0.002,0.9975,0.045899711685228106,1893,0.0006841243252308073,7.98823264857449e-07,0.00014990659121334664,16,20,False,0.995,0.005,0.66,fixed,100,none,e7f9ddb3-8f5f-4b72-9bd9-db11716f47fd
1720,245100,44.59903621673584,0.99900075,0.999002,1.0,0.9960719999999998,0.0,0.0,0.0,0.0,0.0,0.0,0.0005,0.0,0.0,0.0,0.0005,0.0,0.0,0.0,0.002,0.9975,0.045899711685228106,1893,0.0006828375829457832,7.972088141892436e-07,0.00014962461658152792,16,20,False,0.995,0.005,0.66,fixed,100,none,e7f9ddb3-8f5f-4b72-9bd9-db11716f47fd
1721,245400,44.6179723739624,0.99900075,0.999002,1.0,0.9960719999999998,0.0,0.0,0.0,0.0,0.0,0.0,0.0005,0.0,0.0,0.0,0.0005,0.0,0.0,0.0,0.002,0.9975,0.045899711685228106,1893,0.0006823508215564223,7.960305260712075e-07,0.00014951784063865436,16,20,False,0.995,0.005,0.66,fixed,100,none,e7f9ddb3-8f5f-4b72-9bd9-db11716f47fd
1722,245500,44.636953830718994,0.99900075,0.999002,1.0,0.9960719999999998,0.0,0.0,0.0,0.0,0.0,0.0,0.0005,0.0,0.0,0.0,0.0005,0.0,0.0,0.0,0.002,0.9975,0.046297950389758855,1892,0.0006839599416771851,7.987466868899474e-07,0.0001498705931036449,16,20,False,0.995,0.005,0.66,fixed,100,none,e7f9ddb3-8f5f-4b72-9bd9-db11716f47fd
1723,245800,44.656729221343994,0.99900075,0.999002,1.0,0.9960719999999998,0.0,0.0,0.0,0.0,0.0,0.0,0.0005,0.0,0.0,0.0,0.0005,0.0,0.0,0.0,0.002,0.9975,0.04669518407547691,1891,0.0006870996099828699,8.01553835097715e-07,0.0001505583998539188,16,20,False,0.995,0.005,0.66,fixed,100,none,e7f9ddb3-8f5f-4b72-9bd9-db11716f47fd
1724,245900,44.67571020126343,0.99900075,0.999002,1.0,0.9960719999999998,0.0,0.0,0.0,0.0,0.0,0.0,0.0005,0.0,0.0,0.0,0.0005,0.0,0.0,0.0,0.002,0.9975,0.045899711685228106,1893,0.0006881510270303154,8.022320615315753e-07,0.00015078868390862706,16,20,False,0.995,0.005,0.66,fixed,100,none,e7f9ddb3-8f5f-4b72-9bd9-db11716f47fd
1725,246100,44.69452667236328,0.99900075,0.999002,1.0,0.9960719999999998,0.0,0.0,0.0,0.0,0.0,0.0,0.0005,0.0,0.0,0.0,0.0005,0.0,0.0,0.0,0.002,0.9975,0.045899711685228106,1893,0.0006861032321882367,7.988772117000535e-07,0.00015033978419622804,16,20,False,0.995,0.005,0.66,fixed,100,none,e7f9ddb3-8f5f-4b72-9bd9-db11716f47fd
1726,246200,44.713233947753906,0.99900075,0.999002,1.0,0.9960719999999998,0.0,0.0,0.0,0.0,0.0,0.0,0.0005,0.0,0.0,0.0,0.0005,0.0,0.0,0.0,0.002,0.9975,0.0458997116852281,1893,0.0006873520645552429,8.022554638025636e-07,0.00015061379546926515,16,20,False,0.995,0.005,0.66,fixed,100,none,e7f9ddb3-8f5f-4b72-9bd9-db11716f47fd
1727,246500,44.73186159133911,0.99900075,0.999002,1.0,0.9960719999999998,0.0,0.0,0.0,0.0,0.0,0.0,0.0005,0.0,0.0,0.0,0.0005,0.0,0.0,0.0,0.002,0.9975,0.0458997116852281,1893,0.0006855180882495941,7.982487259847144e-07,0.00015021157677577328,16,20,False,0.995,0.005,0.66,fixed,100,none,e7f9ddb3-8f5f-4b72-9bd9-db11716f47fd
1728,246600,44.750300884246826,0.99900075,0.999002,1.0,0.9960719999999998,0.0,0.0,0.0,0.0,0.0,0.0,0.0005,0.0,0.0,0.0,0.0005,0.0,0.0,0.0,0.002,0.9975,0.0458997116852281,1893,0.0006845786957666514,7.974052272423165e-07,0.00015000578349649602,16,20,False,0.995,0.005,0.66,fixed,100,none,e7f9ddb3-8f5f-4b72-9bd9-db11716f47fd
1729,246800,44.76881527900696,0.99900075,0.999002,1.0,0.9960719999999998,0.0,0.0,0.0,0.0,0.0,0.0,0.0005,0.0,0.0,0.0,0.0005,0.0,0.0,0.0,0.002,0.9975,0.0458997116852281,1893,0.0006859219818919377,8.0023535719281e-07,0.0001503003665540118,16,20,False,0.995,0.005,0.66,fixed,100,none,e7f9ddb3-8f5f-4b72-9bd9-db11716f47fd
1730,246900,44.78725028038025,0.99900075,0.999002,1.0,0.9960719999999998,0.0,0.0,0.0,0.0,0.0,0.0,0.0005,0.0,0.0,0.0,0.0005,0.0,0.0,0.0,0.002,0.9975,0.0458997116852281,1893,0.0006874313591399437,8.017253860586625e-07,0.00015063105233908484,16,20,False,0.995,0.005,0.66,fixed,100,none,e7f9ddb3-8f5f-4b72-9bd9-db11716f47fd
1731,247000,44.805604696273804,0.99900075,0.999002,1.0,0.9960719999999998,0.0,0.0,0.0,0.0,0.0,0.0,0.0005,0.0,0.0,0.0,0.0005,0.0,0.0,0.0,0.002,0.9975,0.0458997116852281,1893,0.0006865304415728726,8.025048050922916e-07,0.00015043398957326938,16,20,False,0.995,0.005,0.66,fixed,100,none,e7f9ddb3-8f5f-4b72-9bd9-db11716f47fd
1732,247200,44.823999643325806,0.99900075,0.999002,1.0,0.9960719999999998,0.0,0.0,0.0,0.0,0.0,0.0,0.0005,0.0,0.0,0.0,0.0005,0.0,0.0,0.0,0.002,0.9975,0.046297950389758855,1892,0.0006863620889356577,8.026038461547285e-07,0.00015039715599878488,16,20,False,0.995,0.005,0.66,fixed,100,none,e7f9ddb3-8f5f-4b72-9bd9-db11716f47fd
1733,247300,44.842535734176636,0.99900075,0.999002,1.0,0.9960719999999998,0.0,0.0,0.0,0.0,0.0,0.0,0.0005,0.0,0.0,0.0,0.0005,0.0,0.0,0.0,0.002,0.9975,0.046297950389758855,1892,0.0006875537098977089,8.017686641256811e-07,0.00015065784314279238,16,20,False,0.995,0.005,0.66,fixed,100,none,e7f9ddb3-8f5f-4b72-9bd9-db11716f47fd
1734,247600,44.861002922058105,0.99900075,0.999002,1.0,0.9960719999999998,0.0,0.0,0.0,0.0,0.0,0.0,0.0005,0.0,0.0,0.0,0.0005,0.0,0.0,0.0,0.002,0.9975,0.045899711685228106,1893,0.0006880486459532404,8.027648937392856e-07,0.0001507663739289748,16,20,False,0.995,0.005,0.66,fixed,100,none,e7f9ddb3-8f5f-4b72-9bd9-db11716f47fd
1735,247700,44.879528760910034,0.99900075,0.999002,1.0,0.9960719999999998,0.0,0.0,0.0,0.0,0.0,0.0,0.0005,0.0,0.0,0.0,0.0005,0.0,0.0,0.0,0.002,0.9975,0.045899711685228106,1893,0.0006867599492550232,8.015455730226524e-07,0.00015048404655079888,16,20,False,0.995,0.005,0.66,fixed,100,none,e7f9ddb3-8f5f-4b72-9bd9-db11716f47fd
1736,247900,44.89782667160034,0.99900075,0.999002,1.0,0.9960719999999998,0.0,0.0,0.0,0.0,0.0,0.0,0.0005,0.0,0.0,0.0,0.0005,0.0,0.0,0.0,0.002,0.9975,0.046297950389758855,1892,0.0006871532075860245,8.004399092501847e-07,0.00015056992072333828,16,20,False,0.995,0.005,0.66,fixed,100,none,e7f9ddb3-8f5f-4b72-9bd9-db11716f47fd
1737,248000,44.91618776321411,0.99900075,0.999002,1.0,0.9960719999999998,0.0,0.0,0.0,0.0,0.0,0.0,0.0005,0.0,0.0,0.0,0.0005,0.0,0.0,0.0,0.002,0.9975,0.046297950389758855,1892,0.0006878996656132564,8.011588247348427e-07,0.00015073345697944144,16,20,False,0.995,0.005,0.66,fixed,100,none,e7f9ddb3-8f5f-4b72-9bd9-db11716f47fd
1738,248300,44.934589862823486,0.99900075,0.999002,1.0,0.9960719999999998,0.0,0.0,0.0,0.0,0.0,0.0,0.0005,0.0,0.0,0.0,0.0005,0.0,0.0,0.0,0.002,0.9975,0.04669518407547692,1891,0.000688971512128362,8.036434598475994e-07,0.00015096855626226948,16,20,False,0.995,0.005,0.66,fixed,100,none,e7f9ddb3-8f5f-4b72-9bd9-db11716f47fd
1739,248400,44.952775955200195,0.99900075,0.999002,1.0,0.9960719999999998,0.0,0.0,0.0,0.0,0.0,0.0,0.0005,0.0,0.0,0.0,0.0005,0.0,0.0,0.0,0.002,0.9975,0.046297950389758855,1892,0.0006876198994599767,8.024840795605184e-07,0.0001506724679669054,16,20,False,0.995,0.005,0.66,fixed,100,none,e7f9ddb3-8f5f-4b72-9bd9-db11716f47fd
1740,248600,44.970874071121216,0.99900075,0.999002,1.0,0.9960719999999998,0.0,0.0,0.0,0.0,0.0,0.0,0.0005,0.0,0.0,0.0,0.0005,0.0,0.0,0.0,0.002,0.9975,0.04669518407547692,1891,0.0006867151503153971,8.024231596357183e-07,0.00015047440680437125,16,20,False,0.995,0.005,0.66,fixed,100,none,e7f9ddb3-8f5f-4b72-9bd9-db11716f47fd
1741,248700,44.98922038078308,0.99900075,0.999002,1.0,0.9960719999999998,0.0,0.0,0.0,0.0,0.0,0.0,0.0005,0.0,0.0,0.0,0.0005,0.0,0.0,0.0,0.002,0.9975,0.04669518407547692,1891,0.0006857583114490359,7.999902179789959e-07,0.00015026449251760997,16,20,False,0.995,0.005,0.66,fixed,100,none,e7f9ddb3-8f5f-4b72-9bd9-db11716f47fd
1742,248900,45.00758361816406,0.99900075,0.999002,1.0,0.9960719999999998,0.0,0.0,0.0,0.0,0.0,0.0,0.0005,0.0,0.0,0.0,0.0005,0.0,0.0,0.0,0.002,0.9975,0.046297950389758855,1892,0.0006845824496513638,7.990906679030031e-07,0.0001500069254555851,16,20,False,0.995,0.005,0.66,fixed,100,none,e7f9ddb3-8f5f-4b72-9bd9-db11716f47fd
1743,249000,45.025944232940674,0.99900075,0.999002,1.0,0.9960719999999998,0.0,0.0,0.0,0.0,0.0,0.0,0.0005,0.0,0.0,0.0,0.0005,0.0,0.0,0.0,0.002,0.9975,0.046297950389758855,1892,0.0006849918205338965,7.99245289168633e-07,0.00015009656611981198,16,20,False,0.995,0.005,0.66,fixed,100,none,e7f9ddb3-8f5f-4b72-9bd9-db11716f47fd
1744,249100,45.044150590896606,0.99900075,0.999002,1.0,0.9960719999999998,0.0,0.0,0.0,0.0,0.0,0.0,0.0005,0.0,0.0,0.0,0.0005,0.0,0.0,0.0,0.002,0.9975,0.046297950389758855,1892,0.000685337352750692,7.99017470730935e-07,0.00015017215983656538,16,20,False,0.995,0.005,0.66,fixed,100,none,e7f9ddb3-8f5f-4b72-9bd9-db11716f47fd
1745,249400,45.06614112854004,0.99900075,0.999002,1.0,0.9960719999999998,0.0,0.0,0.0,0.0,0.0,0.0,0.0005,0.0,0.0,0.0,0.0005,0.0,0.0,0.0,0.002,0.9975,0.046297950389758855,1892,0.0006841750257982957,7.978386837504567e-07,0.0001499175024971595,16,20,False,0.995,0.005,0.66,fixed,100,none,e7f9ddb3-8f5f-4b72-9bd9-db11716f47fd
1746,249500,45.08452296257019,0.99900075,0.999002,1.0,0.9960719999999998,0.0,0.0,0.0,0.0,0.0,0.0,0.0005,0.0,0.0,0.0,0.0005,0.0,0.0,0.0,0.002,0.9975,0.04669518407547692,1891,0.0006834245997917343,7.964240230215718e-07,0.00014975296545878474,16,20,False,0.995,0.005,0.66,fixed,100,none,e7f9ddb3-8f5f-4b72-9bd9-db11716f47fd
1747,249700,45.104775190353394,0.99900075,0.999002,1.0,0.9960719999999998,0.0,0.0,0.0,0.0,0.0,0.0,0.0005,0.0,0.0,0.0,0.0005,0.0,0.0,0.0,0.002,0.9975,0.045899711685228106,1893,0.0006840161992604353,7.95462354007923e-07,0.0001498822838653708,16,20,False,0.995,0.005,0.66,fixed,100,none,e7f9ddb3-8f5f-4b72-9bd9-db11716f47fd
1748,249800,45.12314987182617,0.99900075,0.999002,1.0,0.9960719999999998,0.0,0.0,0.0,0.0,0.0,0.0,0.0005,0.0,0.0,0.0,0.0005,0.0,0.0,0.0,0.002,0.9975,0.045899711685228106,1893,0.0006839004306869559,7.952547578702685e-07,0.00014985690268137,16,20,False,0.995,0.005,0.66,fixed,100,none,e7f9ddb3-8f5f-4b72-9bd9-db11716f47fd
1749,250100,45.14143371582031,0.99900075,0.999002,1.0,0.9960719999999998,0.0,0.0,0.0,0.0,0.0,0.0,0.0005,0.0,0.0,0.0,0.0005,0.0,0.0,0.0,0.002,0.9975,0.046297950389758855,1892,0.0006815383746186937,7.937064996033545e-07,0.0001493395544389567,16,20,False,0.995,0.005,0.66,fixed,100,none,e7f9ddb3-8f5f-4b72-9bd9-db11716f47fd
1750,250200,45.16375422477722,0.99900075,0.999002,1.0,0.9960719999999998,0.0,0.0,0.0,0.0,0.0,0.0,0.0005,0.0,0.0,0.0,0.0005,0.0,0.0,0.0,0.002,0.9975,0.04629795038975885,1892,0.0006810429844129676,7.915877687409989e-07,0.00014923071096405941,16,20,False,0.995,0.005,0.66,fixed,100,none,e7f9ddb3-8f5f-4b72-9bd9-db11716f47fd
1751,250500,45.18220567703247,0.99900075,0.999002,1.0,0.9960719999999998,0.0,0.0,0.0,0.0,0.0,0.0,0.0005,0.0,0.0,0.0,0.0005,0.0,0.0,0.0,0.002,0.9975,0.04629795038975885,1892,0.0006806050669970173,7.911871648257403e-07,0.000149134774726964,16,20,False,0.995,0.005,0.66,fixed,100,none,e7f9ddb3-8f5f-4b72-9bd9-db11716f47fd
1752,250600,45.20049738883972,0.99900075,0.999002,1.0,0.9960719999999998,0.0,0.0,0.0,0.0,0.0,0.0,0.0005,0.0,0.0,0.0,0.0005,0.0,0.0,0.0,0.002,0.9975,0.04629795038975885,1892,0.0006805412591785689,7.91069915704414e-07,0.0001491207849181726,16,20,False,0.995,0.005,0.66,fixed,100,none,e7f9ddb3-8f5f-4b72-9bd9-db11716f47fd
1753,250800,45.21879482269287,0.99900075,0.999002,1.0,0.9960719999999998,0.0,0.0,0.0,0.0,0.0,0.0,0.0005,0.0,0.0,0.0,0.0005,0.0,0.0,0.0,0.002,0.9975,0.04629795038975885,1892,0.0006815739972770717,7.937901000570752e-07,0.00014934736812296183,16,20,False,0.995,0.005,0.66,fixed,100,none,e7f9ddb3-8f5f-4b72-9bd9-db11716f47fd
1754,250900,45.237239837646484,0.99900075,0.999002,1.0,0.9960719999999998,0.0,0.0,0.0,0.0,0.0,0.0,0.0005,0.0,0.0,0.0,0.0005,0.0,0.0,0.0,0.002,0.9975,0.047091412742382266,1890,0.0006813183855769688,7.937795226385476e-07,0.0001492914127120998,16,20,False,0.995,0.005,0.66,fixed,100,none,e7f9ddb3-8f5f-4b72-9bd9-db11716f47fd
1755,251000,45.25558638572693,0.99900075,0.999002,1.0,0.9960719999999998,0.0,0.0,0.0,0.0,0.0,0.0,0.0005,0.0,0.0,0.0,0.0005,0.0,0.0,0.0,0.002,0.9975,0.04669518407547691,1891,0.000679875520393632,7.930060338612051e-07,0.00014897542256059966,16,20,False,0.995,0.005,0.66,fixed,100,none,e7f9ddb3-8f5f-4b72-9bd9-db11716f47fd
1756,251100,45.274075984954834,0.99900075,0.999002,1.0,0.9960719999999998,0.0,0.0,0.0,0.0,0.0,0.0,0.0005,0.0,0.0,0.0,0.0005,0.0,0.0,0.0,0.002,0.9975,0.04669518407547691,1891,0.000679875520393632,7.930060338612051e-07,0.00014897542256059966,16,20,False,0.995,0.005,0.66,fixed,100,none,e7f9ddb3-8f5f-4b72-9bd9-db11716f47fd
1757,251200,45.29239559173584,0.99900075,0.999002,1.0,0.9960719999999998,0.0,0.0,0.0,0.0,0.0,0.0,0.0005,0.0,0.0,0.0,0.0005,0.0,0.0,0.0,0.002,0.9975,0.046297950389758855,1892,0.0006808662596402366,7.947731202141629e-07,0.00014919263112808852,16,20,False,0.995,0.005,0.66,fixed,100,none,e7f9ddb3-8f5f-4b72-9bd9-db11716f47fd
1758,251300,45.31078910827637,0.99900075,0.999002,1.0,0.9960719999999998,0.0,0.0,0.0,0.0,0.0,0.0,0.0005,0.0,0.0,0.0,0.0005,0.0,0.0,0.0,0.002,0.9975,0.046297950389758855,1892,0.0006806622147824984,7.952908874181958e-07,0.00014914806408449838,16,20,False,0.995,0.005,0.66,fixed,100,none,e7f9ddb3-8f5f-4b72-9bd9-db11716f47fd
1759,251500,45.32912492752075,0.99900075,0.999002,1.0,0.9960719999999998,0.0,0.0,0.0,0.0,0.0,0.0,0.0005,0.0,0.0,0.0,0.0005,0.0,0.0,0.0,0.002,0.9975,0.04669518407547691,1891,0.0006822424907500359,7.960866313473639e-07,0.00014949413768513886,16,20,False,0.995,0.005,0.66,fixed,100,none,e7f9ddb3-8f5f-4b72-9bd9-db11716f47fd
1760,251600,45.347628355026245,0.99900075,0.999002,1.0,0.9960719999999998,0.0,0.0,0.0,0.0,0.0,0.0,0.0005,0.0,0.0,0.0,0.0005,0.0,0.0,0.0,0.002,0.9975,0.04669518407547691,1891,0.0006851376610829349,8.016436184732675e-07,0.00015012894629856438,16,20,False,0.995,0.005,0.66,fixed,100,none,e7f9ddb3-8f5f-4b72-9bd9-db11716f47fd
1761,251900,45.36624884605408,0.99900075,0.999002,1.0,0.9960719999999998,0.0,0.0,0.0,0.0,0.0,0.0,0.0005,0.0,0.0,0.0,0.0005,0.0,0.0,0.0,0.002,0.9975,0.04669518407547691,1891,0.00068775249234952,8.061214026708862e-07,0.00015070218364181742,16,20,False,0.995,0.005,0.66,fixed,100,none,e7f9ddb3-8f5f-4b72-9bd9-db11716f47fd
1762,252000,45.38452339172363,0.99900075,0.999002,1.0,0.9960719999999998,0.0,0.0,0.0,0.0,0.0,0.0,0.0005,0.0,0.0,0.0,0.0005,0.0,0.0,0.0,0.002,0.9975,0.04669518407547691,1891,0.000687665232737964,8.059568040002122e-07,0.00015068305123910037,16,20,False,0.995,0.005,0.66,fixed,100,none,e7f9ddb3-8f5f-4b72-9bd9-db11716f47fd
1763,252300,45.402700901031494,0.99900075,0.999002,1.0,0.9960719999999998,0.0,0.0,0.0,0.0,0.0,0.0,0.0005,0.0,0.0,0.0,0.0005,0.0,0.0,0.0,0.002,0.9975,0.04629795038975885,1892,0.0006888692089849976,8.09643101605099e-07,0.00015094730203612096,16,20,False,0.995,0.005,0.66,fixed,100,none,e7f9ddb3-8f5f-4b72-9bd9-db11716f47fd
1764,252400,45.420945167541504,0.99900075,0.999002,1.0,0.9960719999999998,0.0,0.0,0.0,0.0,0.0,0.0,0.0005,0.0,0.0,0.0,0.0005,0.0,0.0,0.0,0.002,0.9975,0.04629795038975885,1892,0.0006882594965607506,8.093119620190955e-07,0.00015081377306993196,16,20,False,0.995,0.005,0.66,fixed,100,none,e7f9ddb3-8f5f-4b72-9bd9-db11716f47fd
1765,252600,45.43941020965576,0.99900075,0.999002,1.0,0.9960719999999998,0.0,0.0,0.0,0.0,0.0,0.0,0.0005,0.0,0.0,0.0,0.0005,0.0,0.0,0.0,0.002,0.9975,0.04629795038975885,1892,0.0006893779198319501,8.133012394535299e-07,0.00015105935388671005,16,20,False,0.995,0.005,0.66,fixed,100,none,e7f9ddb3-8f5f-4b72-9bd9-db11716f47fd
1766,252700,45.457725524902344,0.99900075,0.999002,1.0,0.9960719999999998,0.0,0.0,0.0,0.0,0.0,0.0,0.0005,0.0,0.0,0.0,0.0005,0.0,0.0,0.0,0.002,0.9975,0.04629795038975885,1892,0.0006892749694750915,8.132712031365758e-07,0.0001510368123466935,16,20,False,0.995,0.005,0.66,fixed,100,none,e7f9ddb3-8f5f-4b72-9bd9-db11716f47fd
1767,253000,45.47631812095642,0.99900075,0.999002,1.0,0.9960719999999998,0.0,0.0,0.0,0.0,0.0,0.0,0.0005,0.0,0.0,0.0,0.0005,0.0,0.0,0.0,0.002,0.9975,0.04669518407547691,1891,0.0006890708671426856,8.136645175796831e-07,0.000150992209075874,16,20,False,0.995,0.005,0.66,fixed,100,none,e7f9ddb3-8f5f-4b72-9bd9-db11716f47fd
1768,253100,45.4947943687439,0.99900075,0.999002,1.0,0.9960719999999998,0.0,0.0,0.0,0.0,0.0,0.0,0.0005,0.0,0.0,0.0,0.0005,0.0,0.0,0.0,0.002,0.9975,0.04669518407547691,1891,0.0006877888205362065,8.112216545996895e-07,0.00015071110492974956,16,20,False,0.995,0.005,0.66,fixed,100,none,e7f9ddb3-8f5f-4b72-9bd9-db11716f47fd
1769,253300,45.513137102127075,0.99900075,0.999002,1.0,0.9960719999999998,0.0,0.0,0.0,0.0,0.0,0.0,0.0005,0.0,0.0,0.0,0.0005,0.0,0.0,0.0,0.002,0.9975,0.045899711685228106,1893,0.0006870366822339013,8.109611261106752e-07,0.00015054641235496204,16,20,False,0.995,0.005,0.66,fixed,100,none,e7f9ddb3-8f5f-4b72-9bd9-db11716f47fd
1770,253400,45.53155279159546,0.99900075,0.999002,1.0,0.9960719999999998,0.0,0.0,0.0,0.0,0.0,0.0,0.0005,0.0,0.0,0.0,0.0005,0.0,0.0,0.0,0.002,0.9975,0.04629795038975885,1892,0.0006870782369586072,8.108370443023378e-07,0.00015055548510865656,16,20,False,0.995,0.005,0.66,fixed,100,none,e7f9ddb3-8f5f-4b72-9bd9-db11716f47fd
1771,253700,45.54970717430115,0.99900075,0.999002,1.0,0.9960719999999998,0.0,0.0,0.0,0.0,0.0,0.0,0.0005,0.0,0.0,0.0,0.0005,0.0,0.0,0.0,0.002,0.9975,0.045899711685228106,1893,0.0006888606057966,8.128837551323706e-07,0.00015094603452235088,16,20,False,0.995,0.005,0.66,fixed,100,none,e7f9ddb3-8f5f-4b72-9bd9-db11716f47fd
1772,253800,45.56791019439697,0.99900075,0.999002,1.0,0.9960719999999998,0.0,0.0,0.0,0.0,0.0,0.0,0.0005,0.0,0.0,0.0,0.0005,0.0,0.0,0.0,0.002,0.9975,0.04629795038975885,1892,0.0006883585400866707,8.126693783896007e-07,0.00015083609160686628,16,20,False,0.995,0.005,0.66,fixed,100,none,e7f9ddb3-8f5f-4b72-9bd9-db11716f47fd
1773,254100,45.58688950538635,0.99900075,0.999002,1.0,0.9960719999999998,0.0,0.0,0.0,0.0,0.0,0.0,0.0005,0.0,0.0,0.0,0.0005,0.0,0.0,0.0,0.002,0.9975,0.04629795038975885,1892,0.00068740137446653,8.114127868218186e-07,0.00015062632930021956,16,20,False,0.995,0.005,0.66,fixed,100,none,e7f9ddb3-8f5f-4b72-9bd9-db11716f47fd
1774,254200,45.60530710220337,0.99900075,0.999002,1.0,0.9960719999999998,0.0,0.0,0.0,0.0,0.0,0.0,0.0005,0.0,0.0,0.0,0.0005,0.0,0.0,0.0,0.002,0.9975,0.04669518407547691,1891,0.0006879548167191773,8.118947972426819e-07,0.00015074756939130403,16,20,False,0.995,0.005,0.66,fixed,100,none,e7f9ddb3-8f5f-4b72-9bd9-db11716f47fd
1775,254400,45.62353515625,0.99900075,0.999002,1.0,0.9960719999999998,0.0,0.0,0.0,0.0,0.0,0.0,0.0005,0.0,0.0,0.0,0.0005,0.0,0.0,0.0,0.002,0.9975,0.04629795038975885,1892,0.0006868579228335441,8.088547099733092e-07,0.00015050688170315774,16,20,False,0.995,0.005,0.66,fixed,100,none,e7f9ddb3-8f5f-4b72-9bd9-db11716f47fd
1776,254500,45.64265155792236,0.99900075,0.999002,1.0,0.9960719999999998,0.0,0.0,0.0,0.0,0.0,0.0,0.0005,0.0,0.0,0.0,0.0005,0.0,0.0,0.0,0.002,0.9975,0.04629795038975885,1892,0.0006881216394352497,8.113630393956934e-07,0.00015078398584986136,16,20,False,0.995,0.005,0.66,fixed,100,none,e7f9ddb3-8f5f-4b72-9bd9-db11716f47fd
1777,254800,45.66092276573181,0.99900075,0.999002,1.0,0.9960719999999998,0.0,0.0,0.0,0.0,0.0,0.0,0.0005,0.0,0.0,0.0,0.0005,0.0,0.0,0.0,0.002,0.9975,0.04629795038975885,1892,0.0006876622530506311,8.088468815017587e-07,0.0001506829481002685,16,20,False,0.995,0.005,0.66,fixed,100,none,e7f9ddb3-8f5f-4b72-9bd9-db11716f47fd
1778,254900,45.6792254447937,0.99900075,0.999002,1.0,0.9960719999999998,0.0,0.0,0.0,0.0,0.0,0.0,0.0005,0.0,0.0,0.0,0.0005,0.0,0.0,0.0,0.002,0.9975,0.04629795038975885,1892,0.000687434603174188,8.087059915760631e-07,0.00015063308877322923,16,20,False,0.995,0.005,0.66,fixed,100,none,e7f9ddb3-8f5f-4b72-9bd9-db11716f47fd
1779,255100,45.69743800163269,0.99900075,0.999002,1.0,0.9960719999999998,0.0,0.0,0.0,0.0,0.0,0.0,0.0005,0.0,0.0,0.0,0.0005,0.0,0.0,0.0,0.002,0.9975,0.045899711685228106,1893,0.0006875771076009605,8.084461325062873e-07,0.00015066423361902645,16,20,False,0.995,0.005,0.66,fixed,100,none,e7f9ddb3-8f5f-4b72-9bd9-db11716f47fd
1780,255200,45.7155659198761,0.99900075,0.999002,1.0,0.9960719999999998,0.0,0.0,0.0,0.0,0.0,0.0,0.0005,0.0,0.0,0.0,0.0005,0.0,0.0,0.0,0.002,0.9975,0.045899711685228106,1893,0.0006878533121006277,8.092479006333043e-07,0.00015072484711994773,16,20,False,0.995,0.005,0.66,fixed,100,none,e7f9ddb3-8f5f-4b72-9bd9-db11716f47fd
1781,255500,45.73366951942444,0.99900075,0.999002,1.0,0.9960719999999998,0.0,0.0,0.0,0.0,0.0,0.0,0.0005,0.0,0.0,0.0,0.0005,0.0,0.0,0.0,0.002,0.9975,0.045899711685228106,1893,0.0006886043290175209,8.093666623545204e-07,0.0001508892672877827,16,20,False,0.995,0.005,0.66,fixed,100,none,e7f9ddb3-8f5f-4b72-9bd9-db11716f47fd
1782,255600,45.7516987323761,0.99900075,0.999002,1.0,0.9960719999999998,0.0,0.0,0.0,0.0,0.0,0.0,0.0005,0.0,0.0,0.0,0.0005,0.0,0.0,0.0,0.002,0.9975,0.045899711685228106,1893,0.0006893654993907348,8.1035589263208e-07,0.00015105607543623194,16,20,False,0.995,0.005,0.66,fixed,100,none,e7f9ddb3-8f5f-4b72-9bd9-db11716f47fd
1783,255900,45.76984763145447,0.99900075,0.999002,1.0,0.9960719999999998,0.0,0.0,0.0,0.0,0.0,0.0,0.0005,0.0,0.0,0.0,0.0005,0.0,0.0,0.0,0.002,0.9975,0.046297950389758855,1892,0.0006881033706754437,8.081498153869809e-07,0.00015077937630577818,16,20,False,0.995,0.005,0.66,fixed,100,none,e7f9ddb3-8f5f-4b72-9bd9-db11716f47fd
1784,256000,45.787832736968994,0.99900075,0.999002,1.0,0.9960719999999998,0.0,0.0,0.0,0.0,0.0,0.0,0.0005,0.0,0.0,0.0,0.0005,0.0,0.0,0.0,0.002,0.9975,0.046297950389758855,1892,0.0006881033706754437,8.081498153869809e-07,0.00015077937630577818,16,20,False,0.995,0.005,0.66,fixed,100,none,e7f9ddb3-8f5f-4b72-9bd9-db11716f47fd
1785,256200,45.805803537368774,0.99900075,0.999002,1.0,0.9960719999999998,0.0,0.0,0.0,0.0,0.0,0.0,0.0005,0.0,0.0,0.0,0.0005,0.0,0.0,0.0,0.002,0.9975,0.045899711685228106,1893,0.0006893104391122209,8.135696888144888e-07,0.00015104463336253993,16,20,False,0.995,0.005,0.66,fixed,100,none,e7f9ddb3-8f5f-4b72-9bd9-db11716f47fd
1786,256300,45.82385563850403,0.99900075,0.999002,1.0,0.9960719999999998,0.0,0.0,0.0,0.0,0.0,0.0,0.0005,0.0,0.0,0.0,0.0005,0.0,0.0,0.0,0.002,0.9975,0.045899711685228106,1893,0.0006890337968875446,8.139814785820339e-07,0.0001509841546196141,16,20,False,0.995,0.005,0.66,fixed,100,none,e7f9ddb3-8f5f-4b72-9bd9-db11716f47fd
1787,256600,45.8419668674469,0.99900075,0.999002,1.0,0.9960719999999998,0.0,0.0,0.0,0.0,0.0,0.0,0.0005,0.0,0.0,0.0,0.0005,0.0,0.0,0.0,0.002,0.9975,0.045899711685228106,1893,0.0006900842490215952,8.15091686829585e-07,0.0001512143095313248,16,20,False,0.995,0.005,0.66,fixed,100,none,e7f9ddb3-8f5f-4b72-9bd9-db11716f47fd
1788,256700,45.86016225814819,0.99900075,0.999002,1.0,0.9960719999999998,0.0,0.0,0.0,0.0,0.0,0.0,0.0005,0.0,0.0,0.0,0.0005,0.0,0.0,0.0,0.002,0.9975,0.04550046796188468,1894,0.0006902150554421365,8.151787006051867e-07,0.0001512429595893987,16,20,False,0.995,0.005,0.66,fixed,100,none,e7f9ddb3-8f5f-4b72-9bd9-db11716f47fd
1789,256900,45.87865710258484,0.99900075,0.999002,1.0,0.9960719999999998,0.0,0.0,0.0,0.0,0.0,0.0,0.0005,0.0,0.0,0.0,0.0005,0.0,0.0,0.0,0.002,0.9975,0.045899711685228106,1893,0.0006903202397833424,8.137650063509373e-07,0.00015126571583978034,16,20,False,0.995,0.005,0.66,fixed,100,none,e7f9ddb3-8f5f-4b72-9bd9-db11716f47fd
1790,257000,45.89958739280701,0.99900075,0.999002,1.0,0.9960719999999998,0.0,0.0,0.0,0.0,0.0,0.0,0.0005,0.0,0.0,0.0,0.0005,0.0,0.0,0.0,0.002,0.9975,0.045899711685228106,1893,0.0006903582158195705,8.14616655193174e-07,0.0001512741906073907,16,20,False,0.995,0.005,0.66,fixed,100,none,e7f9ddb3-8f5f-4b72-9bd9-db11716f47fd
1791,257200,45.918670892715454,0.99900075,0.999002,1.0,0.9960719999999998,0.0,0.0,0.0,0.0,0.0,0.0,0.0005,0.0,0.0,0.0,0.0005,0.0,0.0,0.0,0.002,0.9975,0.045899711685228106,1893,0.0006919527297874502,8.167101299650267e-07,0.0001516236274751662,16,20,False,0.995,0.005,0.66,fixed,100,none,e7f9ddb3-8f5f-4b72-9bd9-db11716f47fd
1792,257300,45.93789982795715,0.99900075,0.999002,1.0,0.9960719999999998,0.0,0.0,0.0,0.0,0.0,0.0,0.0005,0.0,0.0,0.0,0.0005,0.0,0.0,0.0,0.002,0.9975,0.045899711685228106,1893,0.000691839845113882,8.168551789748762e-07,0.000151598944579434,16,20,False,0.995,0.005,0.66,fixed,100,none,e7f9ddb3-8f5f-4b72-9bd9-db11716f47fd
1793,257400,45.95642352104187,0.99900075,0.999002,1.0,0.9960719999999998,0.0,0.0,0.0,0.0,0.0,0.0,0.0005,0.0,0.0,0.0,0.0005,0.0,0.0,0.0,0.002,0.9975,0.045899711685228106,1893,0.0006930402663126999,8.185705207716666e-07,0.00015186204269479662,16,20,False,0.995,0.005,0.66,fixed,100,none,e7f9ddb3-8f5f-4b72-9bd9-db11716f47fd
1794,257700,45.974860191345215,0.99900075,0.999002,1.0,0.9960719999999998,0.0,0.0,0.0,0.0,0.0,0.0,0.0005,0.0,0.0,0.0,0.0005,0.0,0.0,0.0,0.002,0.9975,0.045899711685228106,1893,0.0006930485094192749,8.177872873727718e-07,0.00015186369829648012,16,20,False,0.995,0.005,0.66,fixed,100,none,e7f9ddb3-8f5f-4b72-9bd9-db11716f47fd
1795,257800,45.99318313598633,0.99900075,0.999002,1.0,0.9960719999999998,0.0,0.0,0.0,0.0,0.0,0.0,0.0005,0.0,0.0,0.0,0.0005,0.0,0.0,0.0,0.002,0.9975,0.045899711685228106,1893,0.0006918895157266103,8.170287330716066e-07,0.00015160985045183862,16,20,False,0.995,0.005,0.66,fixed,100,none,e7f9ddb3-8f5f-4b72-9bd9-db11716f47fd
1796,258000,46.01162147521973,0.99900075,0.999002,1.0,0.9960719999999998,0.0,0.0,0.0,0.0,0.0,0.0,0.0005,0.0,0.0,0.0,0.0005,0.0,0.0,0.0,0.002,0.9975,0.045899711685228106,1893,0.0006902450876590545,8.143683544910994e-07,0.00015124937967592037,16,20,False,0.995,0.005,0.66,fixed,100,none,e7f9ddb3-8f5f-4b72-9bd9-db11716f47fd
1797,258100,46.03031015396118,0.99900075,0.999002,1.0,0.9960719999999998,0.0,0.0,0.0,0.0,0.0,0.0,0.0005,0.0,0.0,0.0,0.0005,0.0,0.0,0.0,0.002,0.9975,0.04629795038975885,1892,0.0006891292937938211,8.129832639944642e-07,0.0001510048692316264,16,20,False,0.995,0.005,0.66,fixed,100,none,e7f9ddb3-8f5f-4b72-9bd9-db11716f47fd
1798,258400,46.04877066612244,0.99900075,0.999002,1.0,0.9960719999999998,0.0,0.0,0.0,0.0,0.0,0.0,0.0005,0.0,0.0,0.0,0.0005,0.0,0.0,0.0,0.002,0.9975,0.045899711685228106,1893,0.0006907748812820902,8.151213234766568e-07,0.0001513654945641101,16,20,False,0.995,0.005,0.66,fixed,100,none,e7f9ddb3-8f5f-4b72-9bd9-db11716f47fd
1799,258500,46.067147970199585,0.99900075,0.999002,1.0,0.9960719999999998,0.0,0.0,0.0,0.0,0.0,0.0,0.0005,0.0,0.0,0.0,0.0005,0.0,0.0,0.0,0.002,0.9975,0.045899711685228106,1893,0.0006907833065603742,8.180759766788835e-07,0.00015136790024163492,16,20,False,0.995,0.005,0.66,fixed,100,none,e7f9ddb3-8f5f-4b72-9bd9-db11716f47fd
1800,258700,46.08537459373474,0.99900075,0.999002,1.0,0.9960719999999998,0.0,0.0,0.0,0.0,0.0,0.0,0.0005,0.0,0.0,0.0,0.0005,0.0,0.0,0.0,0.002,0.9975,0.045899711685228106,1893,0.0006905773497461742,8.176055182041443e-07,0.00015132272690789636,16,20,False,0.995,0.005,0.66,fixed,100,none,e7f9ddb3-8f5f-4b72-9bd9-db11716f47fd
1801,258800,46.10375905036926,0.99900075,0.999002,1.0,0.9960719999999998,0.0,0.0,0.0,0.0,0.0,0.0,0.0005,0.0,0.0,0.0,0.0005,0.0,0.0,0.0,0.002,0.9975,0.045899711685228106,1893,0.000690646983741832,8.173075323601114e-07,0.00015133791317223545,16,20,False,0.995,0.005,0.66,fixed,100,none,e7f9ddb3-8f5f-4b72-9bd9-db11716f47fd
1802,259100,46.12218260765076,0.99900075,0.999002,1.0,0.9960719999999998,0.0,0.0,0.0,0.0,0.0,0.0,0.0005,0.0,0.0,0.0,0.0005,0.0,0.0,0.0,0.002,0.9975,0.04629795038975885,1892,0.0006897554852255445,8.183743727205648e-07,0.00015114296684668862,16,20,False,0.995,0.005,0.66,fixed,100,none,e7f9ddb3-8f5f-4b72-9bd9-db11716f47fd
1803,259200,46.14068531990051,0.99900075,0.999002,1.0,0.9960719999999998,0.0,0.0,0.0,0.0,0.0,0.0,0.0005,0.0,0.0,0.0,0.0005,0.0,0.0,0.0,0.002,0.9975,0.04669518407547691,1891,0.0006894343903184022,8.162260840683607e-07,0.00015107227099667124,16,20,False,0.995,0.005,0.66,fixed,100,none,e7f9ddb3-8f5f-4b72-9bd9-db11716f47fd
1804,259300,46.158884048461914,0.99900075,0.999002,1.0,0.9960719999999998,0.0,0.0,0.0,0.0,0.0,0.0,0.0005,0.0,0.0,0.0,0.0005,0.0,0.0,0.0,0.002,0.9975,0.04669518407547691,1891,0.0006902076603111476,8.175682985203182e-07,0.00015124179481882906,16,20,False,0.995,0.005,0.66,fixed,100,none,e7f9ddb3-8f5f-4b72-9bd9-db11716f47fd
1805,259400,46.1770658493042,0.99900075,0.999002,1.0,0.9960719999999998,0.0,0.0,0.0,0.0,0.0,0.0,0.0005,0.0,0.0,0.0,0.0005,0.0,0.0,0.0,0.002,0.9975,0.04669518407547691,1891,0.0006906473228056716,8.176705394733834e-07,0.00015133805636466144,16,20,False,0.995,0.005,0.66,fixed,100,none,e7f9ddb3-8f5f-4b72-9bd9-db11716f47fd
1806,259500,46.19531869888306,0.99900075,0.999002,1.0,0.9960719999999998,0.0,0.0,0.0,0.0,0.0,0.0,0.0005,0.0,0.0,0.0,0.0005,0.0,0.0,0.0,0.002,0.9975,0.04669518407547691,1891,0.000692097454638992,8.207006911009882e-07,0.00015165606595178452,16,20,False,0.995,0.005,0.66,fixed,100,none,e7f9ddb3-8f5f-4b72-9bd9-db11716f47fd
1807,259600,46.21354651451111,0.99900075,0.999002,1.0,0.9960719999999998,0.0,0.0,0.0,0.0,0.0,0.0,0.0005,0.0,0.0,0.0,0.0005,0.0,0.0,0.0,0.002,0.9975,0.04669518407547691,1891,0.000692013349475843,8.183086322388798e-07,0.00015163720084038744,16,20,False,0.995,0.005,0.66,fixed,100,none,e7f9ddb3-8f5f-4b72-9bd9-db11716f47fd
1808,259800,46.23164343833923,0.99900075,0.999002,1.0,0.9960719999999998,0.0,0.0,0.0,0.0,0.0,0.0,0.0005,0.0,0.0,0.0,0.0005,0.0,0.0,0.0,0.002,0.9975,0.04669518407547691,1891,0.0006925626400373773,8.190318214083313e-07,0.0001517575779502495,16,20,False,0.995,0.005,0.66,fixed,100,none,e7f9ddb3-8f5f-4b72-9bd9-db11716f47fd
1809,259900,46.24975514411926,0.99900075,0.999002,1.0,0.9960719999999998,0.0,0.0,0.0,0.0,0.0,0.0,0.0005,0.0,0.0,0.0,0.0005,0.0,0.0,0.0,0.002,0.9975,0.045899711685228106,1893,0.0006928233524535714,8.211269737028427e-07,0.00015181504597709032,16,20,False,0.995,0.005,0.66,fixed,100,none,e7f9ddb3-8f5f-4b72-9bd9-db11716f47fd
1810,260200,46.268081188201904,0.99900075,0.999002,1.0,0.9960719999999998,0.0,0.0,0.0,0.0,0.0,0.0,0.0005,0.0,0.0,0.0,0.0005,0.0,0.0,0.0,0.002,0.9975,0.04550046796188467,1894,0.00069466497700782,8.234243947684784e-07,0.0001522186141020178,16,20,False,0.995,0.005,0.66,fixed,100,none,e7f9ddb3-8f5f-4b72-9bd9-db11716f47fd
1811,260300,46.286208391189575,0.99900075,0.999002,1.0,0.9960719999999998,0.0,0.0,0.0,0.0,0.0,0.0,0.0005,0.0,0.0,0.0,0.0005,0.0,0.0,0.0,0.002,0.9975,0.045899711685228106,1893,0.0006946987089868058,8.214423471475185e-07,0.00015222562144316982,16,20,False,0.995,0.005,0.66,fixed,100,none,e7f9ddb3-8f5f-4b72-9bd9-db11716f47fd
1812,260500,46.304285764694214,0.99900075,0.999002,1.0,0.9960719999999998,0.0,0.0,0.0,0.0,0.0,0.0,0.0005,0.0,0.0,0.0,0.0005,0.0,0.0,0.0,0.002,0.9975,0.045899711685228106,1893,0.0006925893541636781,8.183382025401285e-07,0.00015176329388491176,16,20,False,0.995,0.005,0.66,fixed,100,none,e7f9ddb3-8f5f-4b72-9bd9-db11716f47fd
1813,260600,46.32234501838684,0.99900075,0.999002,1.0,0.9960719999999998,0.0,0.0,0.0,0.0,0.0,0.0,0.0005,0.0,0.0,0.0,0.0005,0.0,0.0,0.0,0.002,0.9975,0.045899711685228106,1893,0.0006922671398120231,8.184940883192712e-07,0.00015169279078163254,16,20,False,0.995,0.005,0.66,fixed,100,none,e7f9ddb3-8f5f-4b72-9bd9-db11716f47fd
1814,260900,46.34049987792969,0.99900075,0.999002,1.0,0.9960719999999998,0.0,0.0,0.0,0.0,0.0,0.0,0.0005,0.0,0.0,0.0,0.0005,0.0,0.0,0.0,0.002,0.9975,0.046297950389758855,1892,0.0006936287314259498,8.205932098679357e-07,0.00015199124201901534,16,20,False,0.995,0.005,0.66,fixed,100,none,e7f9ddb3-8f5f-4b72-9bd9-db11716f47fd
1815,261000,46.359068632125854,0.99900075,0.999002,1.0,0.9960719999999998,0.0,0.0,0.0,0.0,0.0,0.0,0.0005,0.0,0.0,0.0,0.0005,0.0,0.0,0.0,0.002,0.9975,0.046297950389758855,1892,0.0006951985075206241,8.227042922921058e-07,0.00015233526711180012,16,20,False,0.995,0.005,0.66,fixed,100,none,e7f9ddb3-8f5f-4b72-9bd9-db11716f47fd
1816,261300,46.37731957435608,0.99900075,0.999002,1.0,0.9960719999999998,0.0,0.0,0.0,0.0,0.0,0.0,0.0005,0.0,0.0,0.0,0.0005,0.0,0.0,0.0,0.002,0.9975,0.046297950389758855,1892,0.0006956597944102012,8.22537625384768e-07,0.00015243621114521615,16,20,False,0.995,0.005,0.66,fixed,100,none,e7f9ddb3-8f5f-4b72-9bd9-db11716f47fd
1817,261400,46.39546775817871,0.99900075,0.999002,1.0,0.9960719999999998,0.0,0.0,0.0,0.0,0.0,0.0,0.0005,0.0,0.0,0.0,0.0005,0.0,0.0,0.0,0.002,0.9975,0.045899711685228106,1893,0.0006950144497161499,8.219416043974461e-07,0.00015229483194770073,16,20,False,0.995,0.005,0.66,fixed,100,none,e7f9ddb3-8f5f-4b72-9bd9-db11716f47fd
1818,261500,46.41354417800903,0.99900075,0.999002,1.0,0.9960719999999998,0.0,0.0,0.0,0.0,0.0,0.0,0.0005,0.0,0.0,0.0,0.0005,0.0,0.0,0.0,0.002,0.9975,0.045899711685228106,1893,0.000696883274409708,8.253509054308497e-07,0.00015270456544031694,16,20,False,0.995,0.005,0.66,fixed,100,none,e7f9ddb3-8f5f-4b72-9bd9-db11716f47fd
1819,261600,46.431801557540894,0.99900075,0.999002,1.0,0.9960719999999998,0.0,0.0,0.0,0.0,0.0,0.0,0.0005,0.0,0.0,0.0,0.0005,0.0,0.0,0.0,0.002,0.9975,0.045899711685228106,1893,0.0006963915340372284,8.247079141479485e-07,0.0001525968013044374,16,20,False,0.995,0.005,0.66,fixed,100,none,e7f9ddb3-8f5f-4b72-9bd9-db11716f47fd
1820,261700,46.45010256767273,0.99900075,0.999002,1.0,0.9960719999999998,0.0,0.0,0.0,0.0,0.0,0.0,0.0005,0.0,0.0,0.0,0.0005,0.0,0.0,0.0,0.002,0.9975,0.045899711685228106,1893,0.0006962299421739894,8.24847612060509e-07,0.00015256145538817777,16,20,False,0.995,0.005,0.66,fixed,100,none,e7f9ddb3-8f5f-4b72-9bd9-db11716f47fd
1821,262000,46.46828627586365,0.99900075,0.999002,1.0,0.9960719999999998,0.0,0.0,0.0,0.0,0.0,0.0,0.0005,0.0,0.0,0.0,0.0005,0.0,0.0,0.0,0.002,0.9975,0.045899711685228106,1893,0.0006972208135359151,8.276683417788192e-07,0.00015277889306794979,16,20,False,0.995,0.005,0.66,fixed,100,none,e7f9ddb3-8f5f-4b72-9bd9-db11716f47fd
1822,262100,46.48648118972778,0.99900075,0.999002,1.0,0.9960719999999998,0.0,0.0,0.0,0.0,0.0,0.0,0.0005,0.0,0.0,0.0,0.0005,0.0,0.0,0.0,0.002,0.9975,0.046297950389758855,1892,0.000697294853708757,8.286613126572551e-07,0.0001527952891262518,16,20,False,0.995,0.005,0.66,fixed,100,none,e7f9ddb3-8f5f-4b72-9bd9-db11716f47fd
1823,262300,46.50462889671326,0.99900075,0.999002,1.0,0.9960719999999998,0.0,0.0,0.0,0.0,0.0,0.0,0.0005,0.0,0.0,0.0,0.0005,0.0,0.0,0.0,0.002,0.9975,0.04669518407547691,1891,0.0007009979269025586,8.337383571680924e-07,0.00015360685648683204,16,20,False,0.995,0.005,0.66,fixed,100,none,e7f9ddb3-8f5f-4b72-9bd9-db11716f47fd
1824,262400,46.52291464805603,0.99900075,0.999002,1.0,0.9960719999999998,0.0,0.0,0.0,0.0,0.0,0.0,0.0005,0.0,0.0,0.0,0.0005,0.0,0.0,0.0,0.002,0.9975,0.045899711685228106,1893,0.000700309029484724,8.330740092121295e-07,0.00015345593061595638,16,20,False,0.995,0.005,0.66,fixed,100,none,e7f9ddb3-8f5f-4b72-9bd9-db11716f47fd
1825,262700,46.54114747047424,0.99900075,0.999002,1.0,0.9960719999999998,0.0,0.0,0.0,0.0,0.0,0.0,0.0005,0.0,0.0,0.0,0.0005,0.0,0.0,0.0,0.002,0.9975,0.04629795038975885,1892,0.0007036721855724293,8.397837182444235e-07,0.00015419340032827122,16,20,False,0.995,0.005,0.66,fixed,100,none,e7f9ddb3-8f5f-4b72-9bd9-db11716f47fd
1826,262800,46.56045365333557,0.99900075,0.999002,1.0,0.9960719999999998,0.0,0.0,0.0,0.0,0.0,0.0,0.0005,0.0,0.0,0.0,0.0005,0.0,0.0,0.0,0.002,0.9975,0.04629795038975885,1892,0.0007048545624841582,8.431053702889539e-07,0.00015445285374813712,16,20,False,0.995,0.005,0.66,fixed,100,none,e7f9ddb3-8f5f-4b72-9bd9-db11716f47fd
1827,263100,46.57854413986206,0.99900075,0.999002,1.0,0.9960719999999998,0.0,0.0,0.0,0.0,0.0,0.0,0.0005,0.0,0.0,0.0,0.0005,0.0,0.0,0.0,0.002,0.9975,0.04629795038975885,1892,0.0007062168525763817,8.477952602079541e-07,0.0001547519501284095,16,20,False,0.995,0.005,0.66,fixed,100,none,e7f9ddb3-8f5f-4b72-9bd9-db11716f47fd
1828,263200,46.597474336624146,0.99900075,0.999002,1.0,0.9960719999999998,0.0,0.0,0.0,0.0,0.0,0.0,0.0005,0.0,0.0,0.0,0.0005,0.0,0.0,0.0,0.002,0.9975,0.04629795038975885,1892,0.0007080745745841323,8.504998432195611e-07,0.0001551591193466783,16,20,False,0.995,0.005,0.66,fixed,100,none,e7f9ddb3-8f5f-4b72-9bd9-db11716f47fd
1829,263400,46.61562633514404,0.99900075,0.999002,1.0,0.9960719999999998,0.0,0.0,0.0,0.0,0.0,0.0,0.0005,0.0,0.0,0.0,0.0005,0.0,0.0,0.0,0.002,0.9975,0.04629795038975885,1892,0.0007077810718088718,8.506214127652095e-07,0.00015509489468738742,16,20,False,0.995,0.005,0.66,fixed,100,none,e7f9ddb3-8f5f-4b72-9bd9-db11716f47fd
1830,263500,46.63369655609131,0.99900075,0.999002,1.0,0.9960719999999998,0.0,0.0,0.0,0.0,0.0,0.0,0.0005,0.0,0.0,0.0,0.0005,0.0,0.0,0.0,0.002,0.9975,0.04629795038975885,1892,0.0007081987871166413,8.519908502852026e-07,0.000155186592761387,16,20,False,0.995,0.005,0.66,fixed,100,none,e7f9ddb3-8f5f-4b72-9bd9-db11716f47fd
1831,263600,46.65261936187744,0.99900075,0.999002,1.0,0.9960719999999998,0.0,0.0,0.0,0.0,0.0,0.0,0.0005,0.0,0.0,0.0,0.0005,0.0,0.0,0.0,0.002,0.9975,0.04629795038975885,1892,0.0007081987871166413,8.519908502852026e-07,0.000155186592761387,16,20,False,0.995,0.005,0.66,fixed,100,none,e7f9ddb3-8f5f-4b72-9bd9-db11716f47fd
1832,263700,46.670735359191895,0.99900075,0.999002,1.0,0.9960719999999998,0.0,0.0,0.0,0.0,0.0,0.0,0.0005,0.0,0.0,0.0,0.0005,0.0,0.0,0.0,0.002,0.9975,0.04669518407547691,1891,0.0007070180213916744,8.503519564658854e-07,0.00015492781175436605,16,20,False,0.995,0.005,0.66,fixed,100,none,e7f9ddb3-8f5f-4b72-9bd9-db11716f47fd
1833,263800,46.68882775306702,0.99900075,0.999002,1.0,0.9960719999999998,0.0,0.0,0.0,0.0,0.0,0.0,0.0005,0.0,0.0,0.0,0.0005,0.0,0.0,0.0,0.002,0.9975,0.04669518407547691,1891,0.0007063825285015999,8.500981350443413e-07,0.00015478865413465863,16,20,False,0.995,0.005,0.66,fixed,100,none,e7f9ddb3-8f5f-4b72-9bd9-db11716f47fd
1834,263900,46.707043409347534,0.99900075,0.999002,1.0,0.9960719999999998,0.0,0.0,0.0,0.0,0.0,0.0,0.0005,0.0,0.0,0.0,0.0005,0.0,0.0,0.0,0.002,0.9975,0.04669518407547691,1891,0.0007066112098634776,8.517135574803018e-07,0.0001548390194150365,16,20,False,0.995,0.005,0.66,fixed,100,none,e7f9ddb3-8f5f-4b72-9bd9-db11716f47fd
1835,264100,46.725016355514526,0.99900075,0.999002,1.0,0.9960719999999998,0.0,0.0,0.0,0.0,0.0,0.0,0.0005,0.0,0.0,0.0,0.0005,0.0,0.0,0.0,0.002,0.9975,0.04669518407547691,1891,0.0007057034497165475,8.507761622148222e-07,0.00015464013261377307,16,20,False,0.995,0.005,0.66,fixed,100,none,e7f9ddb3-8f5f-4b72-9bd9-db11716f47fd
1836,264200,46.743200063705444,0.99900075,0.999002,1.0,0.9960719999999998,0.0,0.0,0.0,0.0,0.0,0.0,0.0005,0.0,0.0,0.0,0.0005,0.0,0.0,0.0,0.002,0.9975,0.046297950389758855,1892,0.0007057357257186679,8.506803388377555e-07,0.00015464717962419556,16,20,False,0.995,0.005,0.66,fixed,100,none,e7f9ddb3-8f5f-4b72-9bd9-db11716f47fd
1837,264500,46.76136636734009,0.99900075,0.999002,1.0,0.9960719999999998,0.0,0.0,0.0,0.0,0.0,0.0,0.0005,0.0,0.0,0.0,0.0005,0.0,0.0,0.0,0.002,0.9975,0.046297950389758855,1892,0.0007062387503138897,8.525768911756365e-07,0.00015475765205303382,16,20,False,0.995,0.005,0.66,fixed,100,none,e7f9ddb3-8f5f-4b72-9bd9-db11716f47fd
1838,264600,46.779592752456665,0.99900075,0.999002,1.0,0.9960719999999998,0.0,0.0,0.0,0.0,0.0,0.0,0.0005,0.0,0.0,0.0,0.0005,0.0,0.0,0.0,0.002,0.9975,0.046297950389758855,1892,0.0007056895024050962,8.531115691875381e-07,0.0001546375232746212,16,20,False,0.995,0.005,0.66,fixed,100,none,e7f9ddb3-8f5f-4b72-9bd9-db11716f47fd
1839,264900,46.79759120941162,0.99900075,0.999002,1.0,0.9960719999999998,0.0,0.0,0.0,0.0,0.0,0.0,0.0005,0.0,0.0,0.0,0.0005,0.0,0.0,0.0,0.002,0.9975,0.04669518407547691,1891,0.0007048792007057951,8.526711258780262e-07,0.0001544600645484154,16,20,False,0.995,0.005,0.66,fixed,100,none,e7f9ddb3-8f5f-4b72-9bd9-db11716f47fd
1840,265000,46.81557893753052,0.99900075,0.999002,1.0,0.9960719999999998,0.0,0.0,0.0,0.0,0.0,0.0,0.0005,0.0,0.0,0.0,0.0005,0.0,0.0,0.0,0.002,0.9975,0.04669518407547691,1891,0.0007042383838500182,8.520913683125159e-07,0.00015431967958474838,16,20,False,0.995,0.005,0.66,fixed,100,none,e7f9ddb3-8f5f-4b72-9bd9-db11716f47fd
1841,265200,46.833706855773926,0.99900075,0.999002,1.0,0.9960719999999998,0.0,0.0,0.0,0.0,0.0,0.0,0.0005,0.0,0.0,0.0,0.0005,0.0,0.0,0.0,0.002,0.9975,0.04669518407547691,1891,0.0007065516025238178,8.58119342387303e-07,0.0001548271884675173,16,20,False,0.995,0.005,0.66,fixed,100,none,e7f9ddb3-8f5f-4b72-9bd9-db11716f47fd
1842,265300,46.85191321372986,0.99900075,0.999002,1.0,0.9960719999999998,0.0,0.0,0.0,0.0,0.0,0.0,0.0005,0.0,0.0,0.0,0.0005,0.0,0.0,0.0,0.002,0.9975,0.04669518407547691,1891,0.0007079421341698161,8.60174867848461e-07,0.00015513196639466395,16,20,False,0.995,0.005,0.66,fixed,100,none,e7f9ddb3-8f5f-4b72-9bd9-db11716f47fd
1843,265600,46.86998701095581,0.99900075,0.999002,1.0,0.9960719999999998,0.0,0.0,0.0,0.0,0.0,0.0,0.0005,0.0,0.0,0.0,0.0005,0.0,0.0,0.0,0.002,0.9975,0.04669518407547691,1891,0.0007077972220483457,8.575696285662387e-07,0.00015509975013581047,16,20,False,0.995,0.005,0.66,fixed,100,none,e7f9ddb3-8f5f-4b72-9bd9-db11716f47fd
1844,265700,46.88811421394348,0.99900075,0.999002,1.0,0.9960719999999998,0.0,0.0,0.0,0.0,0.0,0.0,0.0005,0.0,0.0,0.0,0.0005,0.0,0.0,0.0,0.002,0.9975,0.04669518407547691,1891,0.0007078614908175053,8.591843084451584e-07,0.0001551141253585565,16,20,False,0.995,0.005,0.66,fixed,100,none,e7f9ddb3-8f5f-4b72-9bd9-db11716f47fd
1845,265800,46.90615153312683,0.99900075,0.999002,1.0,0.9960719999999998,0.0,0.0,0.0,0.0,0.0,0.0,0.0005,0.0,0.0,0.0,0.0005,0.0,0.0,0.0,0.002,0.9975,0.04669518407547691,1891,0.0007084315550106336,8.615038509484932e-07,0.00015523935312350794,16,20,False,0.995,0.005,0.66,fixed,100,none,e7f9ddb3-8f5f-4b72-9bd9-db11716f47fd
1846,265900,46.92426633834839,0.99900075,0.999002,1.0,0.9960719999999998,0.0,0.0,0.0,0.0,0.0,0.0,0.0005,0.0,0.0,0.0,0.0005,0.0,0.0,0.0,0.002,0.9975,0.04669518407547691,1891,0.0007084020874091072,8.607132230546286e-07,0.00015523275244623398,16,20,False,0.995,0.005,0.66,fixed,100,none,e7f9ddb3-8f5f-4b72-9bd9-db11716f47fd
1847,266000,46.94265913963318,0.99900075,0.999002,1.0,0.9960719999999998,0.0,0.0,0.0,0.0,0.0,0.0,0.0005,0.0,0.0,0.0,0.0005,0.0,0.0,0.0,0.002,0.9975,0.04669518407547691,1891,0.0007092464925769972,8.610632946439505e-07,0.00015541765925108705,16,20,False,0.995,0.005,0.66,fixed,100,none,e7f9ddb3-8f5f-4b72-9bd9-db11716f47fd
1848,266300,46.96074080467224,0.99900075,0.999002,1.0,0.9960719999999998,0.0,0.0,0.0,0.0,0.0,0.0,0.0005,0.0,0.0,0.0,0.0005,0.0,0.0,0.0,0.002,0.9975,0.04669518407547691,1891,0.0007094805452520944,8.6494901419378e-07,0.0001554696316683803,16,20,False,0.995,0.005,0.66,fixed,100,none,e7f9ddb3-8f5f-4b72-9bd9-db11716f47fd
1849,266400,46.97876048088074,0.99900075,0.999002,1.0,0.9960719999999998,0.0,0.0,0.0,0.0,0.0,0.0,0.0005,0.0,0.0,0.0,0.0005,0.0,0.0,0.0,0.002,0.9975,0.04669518407547691,1891,0.0007091884251598418,8.652671340958765e-07,0.00015540574702296758,16,20,False,0.995,0.005,0.66,fixed,100,none,e7f9ddb3-8f5f-4b72-9bd9-db11716f47fd
1850,266700,46.996750354766846,0.99900075,0.999002,1.0,0.9960719999999998,0.0,0.0,0.0,0.0,0.0,0.0,0.0005,0.0,0.0,0.0,0.0005,0.0,0.0,0.0,0.002,0.9975,0.04669518407547691,1891,0.0007130650491586578,8.703489214231923e-07,0.0001562553055559006,16,20,False,0.995,0.005,0.66,fixed,100,none,e7f9ddb3-8f5f-4b72-9bd9-db11716f47fd
1851,266800,47.014875411987305,0.99900075,0.999002,1.0,0.9960719999999998,0.0,0.0,0.0,0.0,0.0,0.0,0.0005,0.0,0.0,0.0,0.0005,0.0,0.0,0.0,0.002,0.9975,0.04669518407547691,1891,0.0007131614956199399,8.716671071384765e-07,0.00015627666814156115,16,20,False,0.995,0.005,0.66,fixed,100,none,e7f9ddb3-8f5f-4b72-9bd9-db11716f47fd
1852,267000,47.03314661979675,0.99900075,0.999002,1.0,0.9960719999999998,0.0,0.0,0.0,0.0,0.0,0.0,0.0005,0.0,0.0,0.0,0.0005,0.0,0.0,0.0,0.002,0.9975,0.04669518407547691,1891,0.0007108987235153078,8.694428217837426e-07,0.0001557809247136398,16,20,False,0.995,0.005,0.66,fixed,100,none,e7f9ddb3-8f5f-4b72-9bd9-db11716f47fd
1853,267100,47.051202058792114,0.99900075,0.999002,1.0,0.9960719999999998,0.0,0.0,0.0,0.0,0.0,0.0,0.0005,0.0,0.0,0.0,0.0005,0.0,0.0,0.0,0.002,0.9975,0.04669518407547691,1891,0.0007110484806783609,8.694226410389168e-07,0.0001558137027222906,16,20,False,0.995,0.005,0.66,fixed,100,none,e7f9ddb3-8f5f-4b72-9bd9-db11716f47fd
1854,267400,47.06975746154785,0.99900075,0.999002,1.0,0.9960719999999998,0.0,0.0,0.0,0.0,0.0,0.0,0.0005,0.0,0.0,0.0,0.0005,0.0,0.0,0.0,0.002,0.9975,0.04669518407547691,1891,0.0007098955630767288,8.691993464540608e-07,0.00015556128663332222,16,20,False,0.995,0.005,0.66,fixed,100,none,e7f9ddb3-8f5f-4b72-9bd9-db11716f47fd
1855,267500,47.087855100631714,0.99900075,0.999002,1.0,0.9960719999999998,0.0,0.0,0.0,0.0,0.0,0.0,0.0005,0.0,0.0,0.0,0.0005,0.0,0.0,0.0,0.002,0.9975,0.04669518407547691,1891,0.0007119731556324254,8.723800539778759e-07,0.00015601667597819373,16,20,False,0.995,0.005,0.66,fixed,100,none,e7f9ddb3-8f5f-4b72-9bd9-db11716f47fd
1856,267700,47.1059935092926,0.99900075,0.999002,1.0,0.9960719999999998,0.0,0.0,0.0,0.0,0.0,0.0,0.0005,0.0,0.0,0.0,0.0005,0.0,0.0,0.0,0.002,0.9975,0.04629795038975885,1892,0.0007145551219503146,8.781968106438215e-07,0.0001565829735889462,16,20,False,0.995,0.005,0.66,fixed,100,none,e7f9ddb3-8f5f-4b72-9bd9-db11716f47fd
1857,267800,47.12438464164734,0.99900075,0.999002,1.0,0.9960719999999998,0.0,0.0,0.0,0.0,0.0,0.0,0.0005,0.0,0.0,0.0,0.0005,0.0,0.0,0.0,0.002,0.9975,0.04629795038975885,1892,0.0007159638642609201,8.815088348914983e-07,0.00015689197656534482,16,20,False,0.995,0.005,0.66,fixed,100,none,e7f9ddb3-8f5f-4b72-9bd9-db11716f47fd
1858,268000,47.14237666130066,0.99900075,0.999002,1.0,0.9960719999999998,0.0,0.0,0.0,0.0,0.0,0.0,0.0005,0.0,0.0,0.0,0.0005,0.0,0.0,0.0,0.002,0.9975,0.04669518407547691,1891,0.0007153406303791747,8.78990388928681e-07,0.0001567550721638978,16,20,False,0.995,0.005,0.66,fixed,100,none,e7f9ddb3-8f5f-4b72-9bd9-db11716f47fd
1859,268100,47.16043543815613,0.99900075,0.999002,1.0,0.9960719999999998,0.0,0.0,0.0,0.0,0.0,0.0,0.0005,0.0,0.0,0.0,0.0005,0.0,0.0,0.0,0.002,0.9975,0.04669518407547691,1891,0.000715225396968292,8.792764250917215e-07,0.00015672990191712655,16,20,False,0.995,0.005,0.66,fixed,100,none,e7f9ddb3-8f5f-4b72-9bd9-db11716f47fd
1860,268200,47.17845439910889,0.99900075,0.999002,1.0,0.9960719999999998,0.0,0.0,0.0,0.0,0.0,0.0,0.0005,0.0,0.0,0.0,0.0005,0.0,0.0,0.0,0.002,0.9975,0.04669518407547691,1891,0.000714721124408213,8.792428373164958e-07,0.00015661951027204796,16,20,False,0.995,0.005,0.66,fixed,100,none,e7f9ddb3-8f5f-4b72-9bd9-db11716f47fd
1861,268500,47.19671964645386,0.99900075,0.999002,1.0,0.9960719999999998,0.0,0.0,0.0,0.0,0.0,0.0,0.0005,0.0,0.0,0.0,0.0005,0.0,0.0,0.0,0.002,0.9975,0.04669518407547691,1891,0.0007133516445492988,8.799498444528725e-07,0.00015631986546228756,16,20,False,0.995,0.005,0.66,fixed,100,none,e7f9ddb3-8f5f-4b72-9bd9-db11716f47fd
1862,268600,47.21476745605469,0.99900075,0.999002,1.0,0.9960719999999998,0.0,0.0,0.0,0.0,0.0,0.0,0.0005,0.0,0.0,0.0,0.0005,0.0,0.0,0.0,0.002,0.9975,0.04669518407547691,1891,0.0007135679833145044,8.784563417256113e-07,0.00015636693825247288,16,20,False,0.995,0.005,0.66,fixed,100,none,e7f9ddb3-8f5f-4b72-9bd9-db11716f47fd
1863,268800,47.23284697532654,0.99900075,0.999002,1.0,0.9960719999999998,0.0,0.0,0.0,0.0,0.0,0.0,0.0005,0.0,0.0,0.0,0.0005,0.0,0.0,0.0,0.002,0.9975,0.04669518407547691,1891,0.0007133590039365576,8.783120709533624e-07,0.0001563211652551936,16,20,False,0.995,0.005,0.66,fixed,100,none,e7f9ddb3-8f5f-4b72-9bd9-db11716f47fd
1864,268900,47.25099444389343,0.99900075,0.999002,1.0,0.9960719999999998,0.0,0.0,0.0,0.0,0.0,0.0,0.0005,0.0,0.0,0.0,0.0005,0.0,0.0,0.0,0.002,0.9975,0.04669518407547691,1891,0.0007154797893849614,8.821340554356163e-07,0.0001567861313669008,16,20,False,0.995,0.005,0.66,fixed,100,none,e7f9ddb3-8f5f-4b72-9bd9-db11716f47fd
1865,269200,47.269224405288696,0.99900075,0.999002,1.0,0.9960719999999998,0.0,0.0,0.0,0.0,0.0,0.0,0.0005,0.0,0.0,0.0,0.0005,0.0,0.0,0.0,0.002,0.9975,0.04669518407547691,1891,0.0007132414913150634,8.802083500401944e-07,0.00015629580203537502,16,20,False,0.995,0.005,0.66,fixed,100,none,e7f9ddb3-8f5f-4b72-9bd9-db11716f47fd
1866,269300,47.28744149208069,0.99900075,0.999002,1.0,0.9960719999999998,0.0,0.0,0.0,0.0,0.0,0.0,0.0005,0.0,0.0,0.0,0.0005,0.0,0.0,0.0,0.002,0.9975,0.04669518407547691,1891,0.0007128257149707163,8.786698443556082e-07,0.00015620449627751736,16,20,False,0.995,0.005,0.66,fixed,100,none,e7f9ddb3-8f5f-4b72-9bd9-db11716f47fd
1867,269500,47.305418491363525,0.99900075,0.999002,1.0,0.9960719999999998,0.0,0.0,0.0,0.0,0.0,0.0,0.0005,0.0,0.0,0.0,0.0005,0.0,0.0,0.0,0.002,0.9975,0.04669518407547691,1891,0.0007142091320995525,8.7808337141469e-07,0.00015650721485716083,16,20,False,0.995,0.005,0.66,fixed,100,none,e7f9ddb3-8f5f-4b72-9bd9-db11716f47fd
1868,269600,47.323458194732666,0.99900075,0.999002,1.0,0.9960719999999998,0.0,0.0,0.0,0.0,0.0,0.0,0.0005,0.0,0.0,0.0,0.0005,0.0,0.0,0.0,0.002,0.9975,0.04669518407547691,1891,0.000716104018368543,8.826027767648081e-07,0.00015692286414845937,16,20,False,0.995,0.005,0.66,fixed,100,none,e7f9ddb3-8f5f-4b72-9bd9-db11716f47fd
1869,269900,47.34147071838379,0.99900075,0.999002,1.0,0.9960719999999998,0.0,0.0,0.0,0.0,0.0,0.0,0.0005,0.0,0.0,0.0,0.0005,0.0,0.0,0.0,0.002,0.9975,0.04669518407547691,1891,0.0007155724760958147,8.787030628328576e-07,0.0001568057685993121,16,20,False,0.995,0.005,0.66,fixed,100,none,e7f9ddb3-8f5f-4b72-9bd9-db11716f47fd
1870,270000,47.3596088886261,0.99900075,0.999002,1.0,0.9960719999999998,0.0,0.0,0.0,0.0,0.0,0.0,0.0005,0.0,0.0,0.0,0.0005,0.0,0.0,0.0,0.002,0.9975,0.04669518407547691,1891,0.0007169996452612141,8.817032074503786e-07,0.00015711874595709534,16,20,False,0.995,0.005,0.66,fixed,100,none,e7f9ddb3-8f5f-4b72-9bd9-db11716f47fd
1871,270200,47.37772822380066,0.99900075,0.999002,1.0,0.9960719999999998,0.0,0.0,0.0,0.0,0.0,0.0,0.0005,0.0,0.0,0.0,0.0005,0.0,0.0,0.0,0.002,0.9975,0.04669518407547691,1891,0.0007159941682607192,8.793444749498399e-07,0.0001568981988825119,16,20,False,0.995,0.005,0.66,fixed,100,none,e7f9ddb3-8f5f-4b72-9bd9-db11716f47fd
1872,270300,47.39585638046265,0.99900075,0.999002,1.0,0.9960719999999998,0.0,0.0,0.0,0.0,0.0,0.0,0.0005,0.0,0.0,0.0,0.0005,0.0,0.0,0.0,0.002,0.9975,0.04669518407547691,1891,0.0007173832777066761,8.825059325170092e-07,0.00015720287561716962,16,20,False,0.995,0.005,0.66,fixed,100,none,e7f9ddb3-8f5f-4b72-9bd9-db11716f47fd
1873,270400,47.41387343406677,0.99900075,0.999002,1.0,0.9960719999999998,0.0,0.0,0.0,0.0,0.0,0.0,0.0005,0.0,0.0,0.0,0.0005,0.0,0.0,0.0,0.002,0.9975,0.04669518407547691,1891,0.0007168545838936455,8.834387587155412e-07,0.00015708732177847497,16,20,False,0.995,0.005,0.66,fixed,100,none,e7f9ddb3-8f5f-4b72-9bd9-db11716f47fd
1874,270600,47.432127714157104,0.99900075,0.999002,1.0,0.9960719999999998,0.0,0.0,0.0,0.0,0.0,0.0,0.0005,0.0,0.0,0.0,0.0005,0.0,0.0,0.0,0.002,0.9975,0.04669518407547691,1891,0.0007176286148918676,8.846634966825078e-07,0.0001572569898641995,16,20,False,0.995,0.005,0.66,fixed,100,none,e7f9ddb3-8f5f-4b72-9bd9-db11716f47fd
1875,270700,47.450435638427734,0.99900075,0.999002,1.0,0.9960719999999998,0.0,0.0,0.0,0.0,0.0,0.0,0.0005,0.0,0.0,0.0,0.0005,0.0,0.0,0.0,0.002,0.9975,0.04669518407547691,1891,0.0007180146146914547,8.851428799178897e-07,0.00015734157630314385,16,20,False,0.995,0.005,0.66,fixed,100,none,e7f9ddb3-8f5f-4b72-9bd9-db11716f47fd
1876,271000,47.46853590011597,0.99900075,0.999002,1.0,0.9960719999999998,0.0,0.0,0.0,0.0,0.0,0.0,0.0005,0.0,0.0,0.0,0.0005,0.0,0.0,0.0,0.002,0.9975,0.04669518407547691,1891,0.0007200996656469882,8.893522884962069e-07,0.00015779879374494,16,20,False,0.995,0.005,0.66,fixed,100,none,e7f9ddb3-8f5f-4b72-9bd9-db11716f47fd
1877,271100,47.4870707988739,0.99900075,0.999002,1.0,0.9960719999999998,0.0,0.0,0.0,0.0,0.0,0.0,0.0005,0.0,0.0,0.0,0.0005,0.0,0.0,0.0,0.002,0.9975,0.04669518407547691,1891,0.0007213716767680122,8.919523963192621e-07,0.00015807773099981855,16,20,False,0.995,0.005,0.66,fixed,100,none,e7f9ddb3-8f5f-4b72-9bd9-db11716f47fd
1878,271400,47.50639867782593,0.99900075,0.999002,1.0,0.9960719999999998,0.0,0.0,0.0,0.0,0.0,0.0,0.0005,0.0,0.0,0.0,0.0005,0.0,0.0,0.0,0.002,0.9975,0.04669518407547691,1891,0.0007224340147141638,8.927137003534921e-07,0.00015831042142399763,16,20,False,0.995,0.005,0.66,fixed,100,none,e7f9ddb3-8f5f-4b72-9bd9-db11716f47fd
1879,271500,47.524635553359985,0.99900075,0.999002,1.0,0.9960719999999998,0.0,0.0,0.0,0.0,0.0,0.0,0.0005,0.0,0.0,0.0,0.0005,0.0,0.0,0.0,0.002,0.9975,0.04669518407547691,1891,0.0007236731025805881,8.927728905004259e-07,0.00015858166900408583,16,20,False,0.995,0.005,0.66,fixed,100,none,e7f9ddb3-8f5f-4b72-9bd9-db11716f47fd
1880,271700,47.54277539253235,0.99900075,0.999002,1.0,0.9960719999999998,0.0,0.0,0.0,0.0,0.0,0.0,0.0005,0.0,0.0,0.0,0.0005,0.0,0.0,0.0,0.002,0.9975,0.04669518407547691,1891,0.000723726939751535,8.964331632511069e-07,0.00015859414941262872,16,20,False,0.995,0.005,0.66,fixed,100,none,e7f9ddb3-8f5f-4b72-9bd9-db11716f47fd
1881,271800,47.56082534790039,0.99900075,0.999002,1.0,0.9960719999999998,0.0,0.0,0.0,0.0,0.0,0.0,0.0005,0.0,0.0,0.0,0.0005,0.0,0.0,0.0,0.002,0.9975,0.04669518407547691,1891,0.000724182734160835,8.959108127147211e-07,0.00015869382356222258,16,20,False,0.995,0.005,0.66,fixed,100,none,e7f9ddb3-8f5f-4b72-9bd9-db11716f47fd
1882,272100,47.57885694503784,0.99900075,0.999002,1.0,0.9960719999999998,0.0,0.0,0.0,0.0,0.0,0.0,0.0005,0.0,0.0,0.0,0.0005,0.0,0.0,0.0,0.002,0.9975,0.04669518407547691,1891,0.0007229514328541929,8.97873419099611e-07,0.00015842466460141175,16,20,False,0.995,0.005,0.66,fixed,100,none,e7f9ddb3-8f5f-4b72-9bd9-db11716f47fd
1883,272200,47.59697675704956,0.99900075,0.999002,1.0,0.9960719999999998,0.0,0.0,0.0,0.0,0.0,0.0,0.0005,0.0,0.0,0.0,0.0005,0.0,0.0,0.0,0.002,0.9975,0.04669518407547691,1891,0.0007232875649111638,8.996676892315601e-07,0.00015849858482000777,16,20,False,0.995,0.005,0.66,fixed,100,none,e7f9ddb3-8f5f-4b72-9bd9-db11716f47fd
1884,272400,47.61522316932678,0.99900075,0.999002,1.0,0.9960719999999998,0.0,0.0,0.0,0.0,0.0,0.0,0.0005,0.0,0.0,0.0,0.0005,0.0,0.0,0.0,0.002,0.9975,0.04669518407547691,1891,0.0007243970989894814,9.006632610247913e-07,0.00015874165098839218,16,20,False,0.995,0.005,0.66,fixed,100,none,e7f9ddb3-8f5f-4b72-9bd9-db11716f47fd
1885,272500,47.6333065032959,0.99900075,0.999002,1.0,0.9960719999999998,0.0,0.0,0.0,0.0,0.0,0.0,0.0005,0.0,0.0,0.0,0.0005,0.0,0.0,0.0,0.002,0.9975,0.04669518407547691,1891,0.0007252102677514798,9.029807749364326e-07,0.00015892009395803686,16,20,False,0.995,0.005,0.66,fixed,100,none,e7f9ddb3-8f5f-4b72-9bd9-db11716f47fd
1886,272800,47.652085065841675,0.99900075,0.999002,1.0,0.9960719999999998,0.0,0.0,0.0,0.0,0.0,0.0,0.0005,0.0,0.0,0.0,0.0005,0.0,0.0,0.0,0.002,0.9975,0.04629795038975885,1892,0.0007252330698787914,9.06381489279448e-07,0.00015892573147943055,16,20,False,0.995,0.005,0.66,fixed,100,none,e7f9ddb3-8f5f-4b72-9bd9-db11716f47fd
1887,272900,47.67017078399658,0.99900075,0.999002,1.0,0.9960719999999998,0.0,0.0,0.0,0.0,0.0,0.0,0.0005,0.0,0.0,0.0,0.0005,0.0,0.0,0.0,0.002,0.9975,0.04629795038975885,1892,0.0007243507459046323,9.04208697315966e-07,0.00015873217793101408,16,20,False,0.995,0.005,0.66,fixed,100,none,e7f9ddb3-8f5f-4b72-9bd9-db11716f47fd
1888,273200,47.6883807182312,0.99900075,0.999002,1.0,0.9960719999999998,0.0,0.0,0.0,0.0,0.0,0.0,0.0005,0.0,0.0,0.0,0.0005,0.0,0.0,0.0,0.002,0.9975,0.04669518407547691,1891,0.0007257935443804715,9.081349354648269e-07,0.00015904875250262354,16,20,False,0.995,0.005,0.66,fixed,100,none,e7f9ddb3-8f5f-4b72-9bd9-db11716f47fd
1889,273300,47.70658278465271,0.99900075,0.999002,1.0,0.9960719999999998,0.0,0.0,0.0,0.0,0.0,0.0,0.0005,0.0,0.0,0.0,0.0005,0.0,0.0,0.0,0.002,0.9975,0.04669518407547691,1891,0.0007248114882110323,9.075482480594421e-07,0.00015883366893652625,16,20,False,0.995,0.005,0.66,fixed,100,none,e7f9ddb3-8f5f-4b72-9bd9-db11716f47fd
1890,273500,47.724550008773804,0.99900075,0.999002,1.0,0.9960719999999998,0.0,0.0,0.0,0.0,0.0,0.0,0.0005,0.0,0.0,0.0,0.0005,0.0,0.0,0.0,0.002,0.9975,0.04669518407547691,1891,0.000724738710568327,9.102829403364078e-07,0.00015881825750207072,16,20,False,0.995,0.005,0.66,fixed,100,none,e7f9ddb3-8f5f-4b72-9bd9-db11716f47fd
1891,273600,47.74214959144592,0.99900075,0.999002,1.0,0.9960719999999998,0.0,0.0,0.0,0.0,0.0,0.0,0.0005,0.0,0.0,0.0,0.0005,0.0,0.0,0.0,0.002,0.9975,0.04669518407547691,1891,0.000724738710568327,9.102829403364078e-07,0.00015881825750207072,16,20,False,0.995,0.005,0.66,fixed,100,none,e7f9ddb3-8f5f-4b72-9bd9-db11716f47fd
1892,273900,47.76013660430908,0.99900075,0.999002,1.0,0.9960719999999998,0.0,0.0,0.0,0.0,0.0,0.0,0.0005,0.0,0.0,0.0,0.0005,0.0,0.0,0.0,0.002,0.9975,0.04669518407547691,1891,0.0007250503117398436,9.083378152789473e-07,0.00015888609742475477,16,20,False,0.995,0.005,0.66,fixed,100,none,e7f9ddb3-8f5f-4b72-9bd9-db11716f47fd
1893,274000,47.77832794189453,0.99900075,0.999002,1.0,0.9960719999999998,0.0,0.0,0.0,0.0,0.0,0.0,0.0005,0.0,0.0,0.0,0.0005,0.0,0.0,0.0,0.002,0.9975,0.04669518407547691,1891,0.0007234263583452788,9.064353756262608e-07,0.00015853025256315053,16,20,False,0.995,0.005,0.66,fixed,100,none,e7f9ddb3-8f5f-4b72-9bd9-db11716f47fd
1894,274200,47.796416997909546,0.99900075,0.999002,1.0,0.9960719999999998,0.0,0.0,0.0,0.0,0.0,0.0,0.0005,0.0,0.0,0.0,0.0005,0.0,0.0,0.0,0.002,0.9975,0.04669518407547691,1891,0.0007251944021370204,9.083468280878004e-07,0.00015891764052513045,16,20,False,0.995,0.005,0.66,fixed,100,none,e7f9ddb3-8f5f-4b72-9bd9-db11716f47fd
1895,274300,47.81436061859131,0.99900075,0.999002,1.0,0.9960719999999998,0.0,0.0,0.0,0.0,0.0,0.0,0.0005,0.0,0.0,0.0,0.0005,0.0,0.0,0.0,0.002,0.9975,0.04669518407547691,1891,0.0007247912020760354,9.079729210165835e-07,0.00015882930898943731,16,20,False,0.995,0.005,0.66,fixed,100,none,e7f9ddb3-8f5f-4b72-9bd9-db11716f47fd
1896,274600,47.832353353500366,0.99900075,0.999002,1.0,0.9960719999999998,0.0,0.0,0.0,0.0,0.0,0.0,0.0005,0.0,0.0,0.0,0.0005,0.0,0.0,0.0,0.002,0.9975,0.04669518407547691,1891,0.0007234751745952065,9.072191247493838e-07,0.0001585410873525931,16,20,False,0.995,0.005,0.66,fixed,100,none,e7f9ddb3-8f5f-4b72-9bd9-db11716f47fd
1897,274700,47.85039234161377,0.99900075,0.999002,1.0,0.9960719999999998,0.0,0.0,0.0,0.0,0.0,0.0,0.0005,0.0,0.0,0.0,0.0005,0.0,0.0,0.0,0.002,0.9975,0.04669518407547691,1891,0.0007235503835779638,9.085985704299335e-07,0.00015855781269359797,16,20,False,0.995,0.005,0.66,fixed,100,none,e7f9ddb3-8f5f-4b72-9bd9-db11716f47fd
1898,274800,47.868545055389404,0.99900075,0.999002,1.0,0.9960719999999998,0.0,0.0,0.0,0.0,0.0,0.0,0.0005,0.0,0.0,0.0,0.0005,0.0,0.0,0.0,0.002,0.9975,0.04669518407547691,1891,0.0007240452530390798,9.113311160879169e-07,0.00015866665880231128,16,20,False,0.995,0.005,0.66,fixed,100,none,e7f9ddb3-8f5f-4b72-9bd9-db11716f47fd
1899,275000,47.886688470840454,0.99900075,0.999002,1.0,0.9960719999999998,0.0,0.0,0.0,0.0,0.0,0.0,0.0005,0.0,0.0,0.0,0.0005,0.0,0.0,0.0,0.002,0.9975,0.04669518407547691,1891,0.0007255346692646872,9.147943912255387e-07,0.0001589933500363729,16,20,False,0.995,0.005,0.66,fixed,100,none,e7f9ddb3-8f5f-4b72-9bd9-db11716f47fd
1900,275100,47.90501952171326,0.99900075,0.999002,1.0,0.9960719999999998,0.0,0.0,0.0,0.0,0.0,0.0,0.0005,0.0,0.0,0.0,0.0005,0.0,0.0,0.0,0.002,0.9975,0.04669518407547691,1891,0.0007253027429601909,9.141157550136092e-07,0.0001589424524274384,16,20,False,0.995,0.005,0.66,fixed,100,none,e7f9ddb3-8f5f-4b72-9bd9-db11716f47fd
1901,275300,47.92317986488342,0.99900075,0.999002,1.0,0.9960719999999998,0.0,0.0,0.0,0.0,0.0,0.0,0.0005,0.0,0.0,0.0,0.0005,0.0,0.0,0.0,0.002,0.9975,0.04669518407547691,1891,0.0007248273588144193,9.121978025434996e-07,0.00015883802642695967,16,20,False,0.995,0.005,0.66,fixed,100,none,e7f9ddb3-8f5f-4b72-9bd9-db11716f47fd
1902,275400,47.94135403633118,0.99900075,0.999002,1.0,0.9960719999999998,0.0,0.0,0.0,0.0,0.0,0.0,0.0005,0.0,0.0,0.0,0.0005,0.0,0.0,0.0,0.002,0.9975,0.04669518407547691,1891,0.0007259217292046319,9.141023095606044e-07,0.00015907794596171045,16,20,False,0.995,0.005,0.66,fixed,100,none,e7f9ddb3-8f5f-4b72-9bd9-db11716f47fd
1903,275700,47.959481716156006,0.99900075,0.999002,1.0,0.9960719999999998,0.0,0.0,0.0,0.0,0.0,0.0,0.0005,0.0,0.0,0.0,0.0005,0.0,0.0,0.0,0.002,0.9975,0.04669518407547691,1891,0.0007248073945895421,9.165132854437049e-07,0.00015883447619988506,16,20,False,0.995,0.005,0.66,fixed,100,none,e7f9ddb3-8f5f-4b72-9bd9-db11716f47fd
1904,275800,47.97753858566284,0.99900075,0.999002,1.0,0.9960719999999998,0.0,0.0,0.0,0.0,0.0,0.0,0.0005,0.0,0.0,0.0,0.0005,0.0,0.0,0.0,0.002,0.9975,0.04669518407547691,1891,0.0007274142944500284,9.210380053360999e-07,0.00015940598627612508,16,20,False,0.995,0.005,0.66,fixed,100,none,e7f9ddb3-8f5f-4b72-9bd9-db11716f47fd
1905,276000,47.99566650390625,0.99900075,0.999002,1.0,0.9960719999999998,0.0,0.0,0.0,0.0,0.0,0.0,0.0005,0.0,0.0,0.0,0.0005,0.0,0.0,0.0,0.002,0.9975,0.04669518407547691,1891,0.0007273515275398597,9.209366074759093e-07,0.00015939222733389572,16,20,False,0.995,0.005,0.66,fixed,100,none,e7f9ddb3-8f5f-4b72-9bd9-db11716f47fd
1906,276100,48.01383662223816,0.99900075,0.999002,1.0,0.9960719999999998,0.0,0.0,0.0,0.0,0.0,0.0,0.0005,0.0,0.0,0.0,0.0005,0.0,0.0,0.0,0.002,0.9975,0.04669518407547691,1891,0.0007277828926242874,9.221269800809309e-07,0.0001594868793216719,16,20,False,0.995,0.005,0.66,fixed,100,none,e7f9ddb3-8f5f-4b72-9bd9-db11716f47fd
1907,276400,48.032323360443115,0.99900075,0.999002,1.0,0.9960719999999998,0.0,0.0,0.0,0.0,0.0,0.0,0.0005,0.0,0.0,0.0,0.0005,0.0,0.0,0.0,0.002,0.9975,0.04669518407547691,1891,0.0007285426272156162,9.263628905331753e-07,0.0001596539900466997,16,20,False,0.995,0.005,0.66,fixed,100,none,e7f9ddb3-8f5f-4b72-9bd9-db11716f47fd
1908,276500,48.0506157875061,0.99900075,0.999002,1.0,0.9960719999999998,0.0,0.0,0.0,0.0,0.0,0.0,0.0005,0.0,0.0,0.0,0.0005,0.0,0.0,0.0,0.002,0.9975,0.04669518407547691,1891,0.0007302335731961779,9.285441349482148e-07,0.0001600245525582835,16,20,False,0.995,0.005,0.66,fixed,100,none,e7f9ddb3-8f5f-4b72-9bd9-db11716f47fd
1909,276800,48.068705558776855,0.99900075,0.999002,1.0,0.9960719999999998,0.0,0.0,0.0,0.0,0.0,0.0,0.0005,0.0,0.0,0.0,0.0005,0.0,0.0,0.0,0.002,0.9975,0.04669518407547691,1891,0.0007319549347259591,9.342313729695014e-07,0.0001604024391723767,16,20,False,0.995,0.005,0.66,fixed,100,none,e7f9ddb3-8f5f-4b72-9bd9-db11716f47fd
1910,276900,48.08668327331543,0.99900075,0.999002,1.0,0.9960719999999998,0.0,0.0,0.0,0.0,0.0,0.0,0.0005,0.0,0.0,0.0,0.0005,0.0,0.0,0.0,0.002,0.9975,0.04669518407547691,1891,0.0007318285391711977,9.341906835817969e-07,0.00016037476345445573,16,20,False,0.995,0.005,0.66,fixed,100,none,e7f9ddb3-8f5f-4b72-9bd9-db11716f47fd
1911,277000,48.104740381240845,0.99900075,0.999002,1.0,0.9960719999999998,0.0,0.0,0.0,0.0,0.0,0.0,0.0005,0.0,0.0,0.0,0.0005,0.0,0.0,0.0,0.002,0.9975,0.04669518407547691,1891,0.0007305600029674177,9.313529311399049e-07,0.0001600965417064843,16,20,False,0.995,0.005,0.66,fixed,100,none,e7f9ddb3-8f5f-4b72-9bd9-db11716f47fd
1912,277100,48.12297773361206,0.99900075,0.999002,1.0,0.9960719999999998,0.0,0.0,0.0,0.0,0.0,0.0,0.0005,0.0,0.0,0.0,0.0005,0.0,0.0,0.0,0.002,0.9975,0.04669518407547691,1891,0.0007306017617620407,9.341373798763279e-07,0.0001601062117518872,16,20,False,0.995,0.005,0.66,fixed,100,none,e7f9ddb3-8f5f-4b72-9bd9-db11716f47fd
1913,277200,48.14101600646973,0.99900075,0.999002,1.0,0.9960719999999998,0.0,0.0,0.0,0.0,0.0,0.0,0.0005,0.0,0.0,0.0,0.0005,0.0,0.0,0.0,0.002,0.9975,0.04669518407547691,1891,0.0007313034208301869,9.361920605496437e-07,0.00016026019531123234,16,20,False,0.995,0.005,0.66,fixed,100,none,e7f9ddb3-8f5f-4b72-9bd9-db11716f47fd
1914,277500,48.158324003219604,0.99900075,0.999002,1.0,0.9960719999999998,0.0,0.0,0.0,0.0,0.0,0.0,0.0005,0.0,0.0,0.0,0.0005,0.0,0.0,0.0,0.002,0.9975,0.04669518407547691,1891,0.00073387966194065,9.414805586741104e-07,0.00016082513930495637,16,20,False,0.995,0.005,0.66,fixed,100,none,e7f9ddb3-8f5f-4b72-9bd9-db11716f47fd
1915,277600,48.17641043663025,0.99900075,0.999002,1.0,0.9960719999999998,0.0,0.0,0.0,0.0,0.0,0.0,0.0005,0.0,0.0,0.0,0.0005,0.0,0.0,0.0,0.002,0.9975,0.04669518407547691,1891,0.0007371968874825469,9.454858869640335e-07,0.0001615520409884527,16,20,False,0.995,0.005,0.66,fixed,100,none,e7f9ddb3-8f5f-4b72-9bd9-db11716f47fd
1916,277800,48.19451570510864,0.99900075,0.999002,1.0,0.9960719999999998,0.0,0.0,0.0,0.0,0.0,0.0,0.0005,0.0,0.0,0.0,0.0005,0.0,0.0,0.0,0.002,0.9975,0.04669518407547691,1891,0.0007364986524472442,9.454066268001877e-07,0.00016139918227979378,16,20,False,0.995,0.005,0.66,fixed,100,none,e7f9ddb3-8f5f-4b72-9bd9-db11716f47fd
1917,277900,48.21259140968323,0.99900075,0.999002,1.0,0.9960719999999998,0.0,0.0,0.0,0.0,0.0,0.0,0.0005,0.0,0.0,0.0,0.0005,0.0,0.0,0.0,0.002,0.9975,0.04669518407547691,1891,0.0007368277861635375,9.467511632387151e-07,0.00016147148511221375,16,20,False,0.995,0.005,0.66,fixed,100,none,e7f9ddb3-8f5f-4b72-9bd9-db11716f47fd
1918,278200,48.230661153793335,0.99900075,0.999002,1.0,0.9960719999999998,0.0,0.0,0.0,0.0,0.0,0.0,0.0005,0.0,0.0,0.0,0.0005,0.0,0.0,0.0,0.002,0.9975,0.04669518407547691,1891,0.0007379489336143953,9.499014917083783e-07,0.00016171750285161573,16,20,False,0.995,0.005,0.66,fixed,100,none,e7f9ddb3-8f5f-4b72-9bd9-db11716f47fd
1919,278300,48.24859929084778,0.99900075,0.999002,1.0,0.9960719999999998,0.0,0.0,0.0,0.0,0.0,0.0,0.0005,0.0,0.0,0.0,0.0005,0.0,0.0,0.0,0.002,0.9975,0.04669518407547691,1891,0.0007384403967186682,9.508019701915457e-07,0.00016182525521605287,16,20,False,0.995,0.005,0.66,fixed,100,none,e7f9ddb3-8f5f-4b72-9bd9-db11716f47fd
1920,278600,48.266663551330566,0.99900075,0.999002,1.0,0.9960719999999998,0.0,0.0,0.0,0.0,0.0,0.0,0.0005,0.0,0.0,0.0,0.0005,0.0,0.0,0.0,0.002,0.9975,0.047091412742382266,1890,0.0007396103128036913,9.527243974477109e-07,0.0001620817151082431,16,20,False,0.995,0.005,0.66,fixed,100,none,e7f9ddb3-8f5f-4b72-9bd9-db11716f47fd
1921,278700,48.28478503227234,0.99900075,0.999002,1.0,0.9960719999999998,0.0,0.0,0.0,0.0,0.0,0.0,0.0005,0.0,0.0,0.0,0.0005,0.0,0.0,0.0,0.002,0.9975,0.047091412742382266,1890,0.0007394367001416088,9.530022523725298e-07,0.00016204376408894894,16,20,False,0.995,0.005,0.66,fixed,100,none,e7f9ddb3-8f5f-4b72-9bd9-db11716f47fd
1922,278900,48.302895069122314,0.99900075,0.999002,1.0,0.9960719999999998,0.0,0.0,0.0,0.0,0.0,0.0,0.0005,0.0,0.0,0.0,0.0005,0.0,0.0,0.0,0.002,0.9975,0.047091412742382266,1890,0.0007389820332306361,9.527687712929593e-07,0.00016194419314073192,16,20,False,0.995,0.005,0.66,fixed,100,none,e7f9ddb3-8f5f-4b72-9bd9-db11716f47fd
1923,279000,48.32084679603577,0.99900075,0.999002,1.0,0.9960719999999998,0.0,0.0,0.0,0.0,0.0,0.0,0.0005,0.0,0.0,0.0,0.0005,0.0,0.0,0.0,0.002,0.9975,0.047091412742382266,1890,0.0007385706812837178,9.531995651015155e-07,0.00016185423005037514,16,20,False,0.995,0.005,0.66,fixed,100,none,e7f9ddb3-8f5f-4b72-9bd9-db11716f47fd
1924,279200,48.338834285736084,0.99900075,0.999002,1.0,0.9960719999999998,0.0,0.0,0.0,0.0,0.0,0.0,0.0005,0.0,0.0,0.0,0.0005,0.0,0.0,0.0,0.002,0.9975,0.047091412742382266,1890,0.000740237925327429,9.556460830734075e-07,0.00016221965460995816,16,20,False,0.995,0.005,0.66,fixed,100,none,e7f9ddb3-8f5f-4b72-9bd9-db11716f47fd
1925,279300,48.356988191604614,0.99900075,0.999002,1.0,0.9960719999999998,0.0,0.0,0.0,0.0,0.0,0.0,0.0005,0.0,0.0,0.0,0.0005,0.0,0.0,0.0,0.002,0.9975,0.047091412742382266,1890,0.0007378085549168734,9.518775154671721e-07,0.00016168714939924237,16,20,False,0.995,0.005,0.66,fixed,100,none,e7f9ddb3-8f5f-4b72-9bd9-db11716f47fd
1926,279400,48.375218629837036,0.99900075,0.999002,1.0,0.9960719999999998,0.0,0.0,0.0,0.0,0.0,0.0,0.0005,0.0,0.0,0.0,0.0005,0.0,0.0,0.0,0.002,0.9975,0.047091412742382266,1890,0.0007373092484252697,9.515925225843712e-07,0.00016157779705958258,16,20,False,0.995,0.005,0.66,fixed,100,none,e7f9ddb3-8f5f-4b72-9bd9-db11716f47fd
1927,279600,48.39338397979736,0.99900075,0.999002,1.0,0.9960719999999998,0.0,0.0,0.0,0.0,0.0,0.0,0.0005,0.0,0.0,0.0,0.0005,0.0,0.0,0.0,0.002,0.9975,0.047091412742382266,1890,0.0007368494482543356,9.515307034950087e-07,0.00016147713505653812,16,20,False,0.995,0.005,0.66,fixed,100,none,e7f9ddb3-8f5f-4b72-9bd9-db11716f47fd
1928,279700,48.41147470474243,0.99900075,0.999002,1.0,0.9960719999999998,0.0,0.0,0.0,0.0,0.0,0.0,0.0005,0.0,0.0,0.0,0.0005,0.0,0.0,0.0,0.002,0.9975,0.047091412742382266,1890,0.000738002768676159,9.536436365158345e-07,0.00016172999835414924,16,20,False,0.995,0.005,0.66,fixed,100,none,e7f9ddb3-8f5f-4b72-9bd9-db11716f47fd
1929,280000,48.42981696128845,0.99900075,0.999002,1.0,0.9960719999999998,0.0,0.0,0.0,0.0,0.0,0.0,0.0005,0.0,0.0,0.0,0.0005,0.0,0.0,0.0,0.002,0.9975,0.047091412742382266,1890,0.000736926189210645,9.531738597499005e-07,0.00016149424585156267,16,20,False,0.995,0.005,0.66,fixed,100,none,e7f9ddb3-8f5f-4b72-9bd9-db11716f47fd
1930,280100,48.44822812080383,0.99900075,0.999002,1.0,0.9960719999999998,0.0,0.0,0.0,0.0,0.0,0.0,0.0005,0.0,0.0,0.0,0.0005,0.0,0.0,0.0,0.002,0.9975,0.047091412742382266,1890,0.0007369922122274608,9.545415227320556e-07,0.00016150895814591028,16,20,False,0.995,0.005,0.66,fixed,100,none,e7f9ddb3-8f5f-4b72-9bd9-db11716f47fd
1931,280400,48.46646857261658,0.99900075,0.999002,1.0,0.9960719999999998,0.0,0.0,0.0,0.0,0.0,0.0,0.0005,0.0,0.0,0.0,0.0005,0.0,0.0,0.0,0.002,0.9975,0.047091412742382266,1890,0.0007391202206303863,9.588144149529945e-07,0.00016197559103483261,16,20,False,0.995,0.005,0.66,fixed,100,none,e7f9ddb3-8f5f-4b72-9bd9-db11716f47fd
1932,280500,48.48447370529175,0.99900075,0.999002,1.0,0.9960719999999998,0.0,0.0,0.0,0.0,0.0,0.0,0.0005,0.0,0.0,0.0,0.0005,0.0,0.0,0.0,0.002,0.9975,0.047091412742382266,1890,0.0007411552062499678,9.613992480567947e-07,0.00016242154050524876,16,20,False,0.995,0.005,0.66,fixed,100,none,e7f9ddb3-8f5f-4b72-9bd9-db11716f47fd
1933,280700,48.5024573802948,0.99900075,0.999002,1.0,0.9960719999999998,0.0,0.0,0.0,0.0,0.0,0.0,0.0005,0.0,0.0,0.0,0.0005,0.0,0.0,0.0,0.002,0.9975,0.047091412742382266,1890,0.0007411539598308563,9.6145426351454e-07,0.00016242127811704222,16,20,False,0.995,0.005,0.66,fixed,100,none,e7f9ddb3-8f5f-4b72-9bd9-db11716f47fd
1934,280800,48.520573139190674,0.99900075,0.999002,1.0,0.9960719999999998,0.0,0.0,0.0,0.0,0.0,0.0,0.0005,0.0,0.0,0.0,0.0005,0.0,0.0,0.0,0.002,0.9975,0.047091412742382266,1890,0.0007414229036033019,9.632886189742096e-07,0.0001624804984363679,16,20,False,0.995,0.005,0.66,fixed,100,none,e7f9ddb3-8f5f-4b72-9bd9-db11716f47fd
1935,281100,48.538814306259155,0.99900075,0.999002,1.0,0.9960719999999998,0.0,0.0,0.0,0.0,0.0,0.0,0.0005,0.0,0.0,0.0,0.0005,0.0,0.0,0.0,0.002,0.9975,0.047091412742382266,1890,0.0007410761096669628,9.637826425229921e-07,0.00016240467910817754,16,20,False,0.995,0.005,0.66,fixed,100,none,e7f9ddb3-8f5f-4b72-9bd9-db11716f47fd
1936,281200,48.556941509246826,0.99900075,0.999002,1.0,0.9960719999999998,0.0,0.0,0.0,0.0,0.0,0.0,0.0005,0.0,0.0,0.0,0.0005,0.0,0.0,0.0,0.002,0.9975,0.047091412742382266,1890,0.000740655599077695,9.633652339717477e-07,0.00016231255003256207,16,20,False,0.995,0.005,0.66,fixed,100,none,e7f9ddb3-8f5f-4b72-9bd9-db11716f47fd
1937,281400,48.57503604888916,0.99900075,0.999002,1.0,0.9960719999999998,0.0,0.0,0.0,0.0,0.0,0.0,0.0005,0.0,0.0,0.0,0.0005,0.0,0.0,0.0,0.002,0.9975,0.047091412742382266,1890,0.0007414807911930468,9.653170652453125e-07,0.00016249355543455457,16,20,False,0.995,0.005,0.66,fixed,100,none,e7f9ddb3-8f5f-4b72-9bd9-db11716f47fd
1938,281500,48.59310269355774,0.99900075,0.999002,1.0,0.9960719999999998,0.0,0.0,0.0,0.0,0.0,0.0,0.0005,0.0,0.0,0.0,0.0005,0.0,0.0,0.0,0.002,0.9975,0.047091412742382266,1890,0.0007421655178314291,9.663766537011653e-07,0.00016264364341750308,16,20,False,0.995,0.005,0.66,fixed,100,none,e7f9ddb3-8f5f-4b72-9bd9-db11716f47fd
1939,281600,48.611265897750854,0.99900075,0.999002,1.0,0.9960719999999998,0.0,0.0,0.0,0.0,0.0,0.0,0.0005,0.0,0.0,0.0,0.0005,0.0,0.0,0.0,0.002,0.9975,0.047091412742382266,1890,0.0007421655178314291,9.663766537011653e-07,0.00016264364341750308,16,20,False,0.995,0.005,0.66,fixed,100,none,e7f9ddb3-8f5f-4b72-9bd9-db11716f47fd
1940,281800,48.62984085083008,0.99900075,0.999002,1.0,0.9960719999999998,0.0,0.0,0.0,0.0,0.0,0.0,0.0005,0.0,0.0,0.0,0.0005,0.0,0.0,0.0,0.002,0.9975,0.047091412742382266,1890,0.000742848106881828,9.693513120926559e-07,0.00016279362734572975,16,20,False,0.995,0.005,0.66,fixed,100,none,e7f9ddb3-8f5f-4b72-9bd9-db11716f47fd
1941,281900,48.65410375595093,0.99900075,0.999002,1.0,0.9960719999999998,0.0,0.0,0.0,0.0,0.0,0.0,0.0005,0.0,0.0,0.0,0.0005,0.0,0.0,0.0,0.002,0.9975,0.047091412742382266,1890,0.0007431847519041976,9.682751745181026e-07,0.00016286711447498732,16,20,False,0.995,0.005,0.66,fixed,100,none,e7f9ddb3-8f5f-4b72-9bd9-db11716f47fd
1942,282200,48.67231822013855,0.99900075,0.999002,1.0,0.9960719999999998,0.0,0.0,0.0,0.0,0.0,0.0,0.0005,0.0,0.0,0.0,0.0005,0.0,0.0,0.0,0.002,0.9975,0.047091412742382266,1890,0.0007444424071433354,9.706697731094602e-07,0.00016314287018056694,16,20,False,0.995,0.005,0.66,fixed,100,none,e7f9ddb3-8f5f-4b72-9bd9-db11716f47fd
1943,282300,48.69038724899292,0.99900075,0.999002,1.0,0.9960719999999998,0.0,0.0,0.0,0.0,0.0,0.0,0.0005,0.0,0.0,0.0,0.0005,0.0,0.0,0.0,0.002,0.9975,0.047091412742382266,1890,0.0007445805206418398,9.696565339543257e-07,0.00016317291070995005,16,20,False,0.995,0.005,0.66,fixed,100,none,e7f9ddb3-8f5f-4b72-9bd9-db11716f47fd
1944,282500,48.70857882499695,0.99900075,0.999002,1.0,0.9960719999999998,0.0,0.0,0.0,0.0,0.0,0.0,0.0005,0.0,0.0,0.0,0.0005,0.0,0.0,0.0,0.002,0.9975,0.047091412742382266,1890,0.0007441475452210114,9.703510641289186e-07,0.0001630782643510639,16,20,False,0.995,0.005,0.66,fixed,100,none,e7f9ddb3-8f5f-4b72-9bd9-db11716f47fd
1945,282600,48.72671961784363,0.99900075,0.999002,1.0,0.9960719999999998,0.0,0.0,0.0,0.0,0.0,0.0,0.0005,0.0,0.0,0.0,0.0005,0.0,0.0,0.0,0.002,0.9975,0.047091412742382266,1890,0.0007433259855127886,9.689033129149918e-07,0.0001628981498582033,16,20,False,0.995,0.005,0.66,fixed,100,none,e7f9ddb3-8f5f-4b72-9bd9-db11716f47fd
1946,282900,48.74469494819641,0.99900075,0.999002,1.0,0.9960719999999998,0.0,0.0,0.0,0.0,0.0,0.0,0.0005,0.0,0.0,0.0,0.0005,0.0,0.0,0.0,0.002,0.9975,0.047091412742382266,1890,0.0007460747452900943,9.781313498229928e-07,0.00016350160670046803,16,20,False,0.995,0.005,0.66,fixed,100,none,e7f9ddb3-8f5f-4b72-9bd9-db11716f47fd
1947,283000,48.76274824142456,0.99900075,0.999002,1.0,0.9960719999999998,0.0,0.0,0.0,0.0,0.0,0.0,0.0005,0.0,0.0,0.0,0.0005,0.0,0.0,0.0,0.002,0.9975,0.047091412742382266,1890,0.0007455404925132314,9.782793356032883e-07,0.000163384686884911,16,20,False,0.995,0.005,0.66,fixed,100,none,e7f9ddb3-8f5f-4b72-9bd9-db11716f47fd
1948,283200,48.78105044364929,0.99900075,0.999002,1.0,0.9960719999999998,0.0,0.0,0.0,0.0,0.0,0.0,0.0005,0.0,0.0,0.0,0.0005,0.0,0.0,0.0,0.002,0.9975,0.047091412742382266,1890,0.00074554657974851,9.790713732392731e-07,0.0001633861698678643,16,20,False,0.995,0.005,0.66,fixed,100,none,e7f9ddb3-8f5f-4b72-9bd9-db11716f47fd
1949,283300,48.79944157600403,0.99900075,0.999002,1.0,0.9960719999999998,0.0,0.0,0.0,0.0,0.0,0.0,0.0005,0.0,0.0,0.0,0.0005,0.0,0.0,0.0,0.002,0.9975,0.04669518407547691,1891,0.0007448186444935359,9.80198436290376e-07,0.0001632270389825302,16,20,False,0.995,0.005,0.66,fixed,100,none,e7f9ddb3-8f5f-4b72-9bd9-db11716f47fd
1950,283600,48.817562103271484,0.99900075,0.999002,1.0,0.9960719999999998,0.0,0.0,0.0,0.0,0.0,0.0,0.0005,0.0,0.0,0.0,0.0005,0.0,0.0,0.0,0.002,0.9975,0.045899711685228106,1893,0.0007443566989995029,9.797699304585513e-07,0.0001631258376977783,16,20,False,0.995,0.005,0.66,fixed,100,none,e7f9ddb3-8f5f-4b72-9bd9-db11716f47fd
1951,283700,48.83557486534119,0.99900075,0.999002,1.0,0.9960719999999998,0.0,0.0,0.0,0.0,0.0,0.0,0.0005,0.0,0.0,0.0,0.0005,0.0,0.0,0.0,0.002,0.9975,0.045899711685228106,1893,0.0007441899379362041,9.797828131351485e-07,0.00016308933614873075,16,20,False,0.995,0.005,0.66,fixed,100,none,e7f9ddb3-8f5f-4b72-9bd9-db11716f47fd
1952,283800,48.85360097885132,0.99900075,0.999002,1.0,0.9960719999999998,0.0,0.0,0.0,0.0,0.0,0.0,0.0005,0.0,0.0,0.0,0.0005,0.0,0.0,0.0,0.002,0.9975,0.045899711685228106,1893,0.0007456755443645123,9.828101590612636e-07,0.0001634151105916134,16,20,False,0.995,0.005,0.66,fixed,100,none,e7f9ddb3-8f5f-4b72-9bd9-db11716f47fd
1953,283900,48.871779680252075,0.99900075,0.999002,1.0,0.9960719999999998,0.0,0.0,0.0,0.0,0.0,0.0,0.0005,0.0,0.0,0.0,0.0005,0.0,0.0,0.0,0.002,0.9975,0.045899711685228106,1893,0.0007441562793650816,9.798655072799912e-07,0.00016308198399939957,16,20,False,0.995,0.005,0.66,fixed,100,none,e7f9ddb3-8f5f-4b72-9bd9-db11716f47fd
1954,284000,48.89007329940796,0.99900075,0.999002,1.0,0.9960719999999998,0.0,0.0,0.0,0.0,0.0,0.0,0.0005,0.0,0.0,0.0,0.0005,0.0,0.0,0.0,0.002,0.9975,0.046297950389758855,1892,0.0007445821356382764,9.795517557835092e-07,0.00016317514432481758,16,20,False,0.995,0.005,0.66,fixed,100,none,e7f9ddb3-8f5f-4b72-9bd9-db11716f47fd
1955,284100,48.90820074081421,0.99900075,0.999002,1.0,0.9960719999999998,0.0,0.0,0.0,0.0,0.0,0.0,0.0005,0.0,0.0,0.0,0.0005,0.0,0.0,0.0,0.002,0.9975,0.046297950389758855,1892,0.0007451971789713066,9.812409388052576e-07,0.00016331009825519202,16,20,False,0.995,0.005,0.66,fixed,100,none,e7f9ddb3-8f5f-4b72-9bd9-db11716f47fd
1956,284300,48.92619609832764,0.99900075,0.999002,1.0,0.9960719999999998,0.0,0.0,0.0,0.0,0.0,0.0,0.0005,0.0,0.0,0.0,0.0005,0.0,0.0,0.0,0.002,0.9975,0.046297950389758855,1892,0.0007452586476541814,9.818807607512576e-07,0.00016332367531604307,16,20,False,0.995,0.005,0.66,fixed,100,none,e7f9ddb3-8f5f-4b72-9bd9-db11716f47fd
1957,284400,48.944368839263916,0.99900075,0.999002,1.0,0.9960719999999998,0.0,0.0,0.0,0.0,0.0,0.0,0.0005,0.0,0.0,0.0,0.0005,0.0,0.0,0.0,0.002,0.9975,0.04669518407547691,1891,0.0007443033099936849,9.806188431710687e-07,0.00016311431213782013,16,20,False,0.995,0.005,0.66,fixed,100,none,e7f9ddb3-8f5f-4b72-9bd9-db11716f47fd
1958,284700,48.96257185935974,0.99900075,0.999002,1.0,0.9960719999999998,0.0,0.0,0.0,0.0,0.0,0.0,0.0005,0.0,0.0,0.0,0.0005,0.0,0.0,0.0,0.002,0.9975,0.04669518407547691,1891,0.0007437644398160764,9.790631302387984e-07,0.00016299605787048452,16,20,False,0.995,0.005,0.66,fixed,100,none,e7f9ddb3-8f5f-4b72-9bd9-db11716f47fd
1959,284800,48.980587005615234,0.99900075,0.999002,1.0,0.9960719999999998,0.0,0.0,0.0,0.0,0.0,0.0,0.0005,0.0,0.0,0.0,0.0005,0.0,0.0,0.0,0.002,0.9975,0.04669518407547691,1891,0.000746100104794436,9.81846772165759e-07,0.00016350786382621354,16,20,False,0.995,0.005,0.66,fixed,100,none,e7f9ddb3-8f5f-4b72-9bd9-db11716f47fd
1960,285000,48.998514890670776,0.99900075,0.999002,1.0,0.9960719999999998,0.0,0.0,0.0,0.0,0.0,0.0,0.0005,0.0,0.0,0.0,0.0005,0.0,0.0,0.0,0.002,0.9975,0.045899711685228106,1893,0.0007464432392759576,9.844561499847939e-07,0.00016358347174600423,16,20,False,0.995,0.005,0.66,fixed,100,none,e7f9ddb3-8f5f-4b72-9bd9-db11716f47fd
1961,285100,49.01648020744324,0.99900075,0.999002,1.0,0.9960719999999998,0.0,0.0,0.0,0.0,0.0,0.0,0.0005,0.0,0.0,0.0,0.0005,0.0,0.0,0.0,0.002,0.9975,0.045899711685228106,1893,0.0007464432392759576,9.844561499847939e-07,0.00016358347174600423,16,20,False,0.995,0.005,0.66,fixed,100,none,e7f9ddb3-8f5f-4b72-9bd9-db11716f47fd
1962,285400,49.03474426269531,0.99900075,0.999002,1.0,0.9960719999999998,0.0,0.0,0.0,0.0,0.0,0.0,0.0005,0.0,0.0,0.0,0.0005,0.0,0.0,0.0,0.002,0.9975,0.045899711685228106,1893,0.0007462650740635442,9.865676576975305e-07,0.00016354487256747236,16,20,False,0.995,0.005,0.66,fixed,100,none,e7f9ddb3-8f5f-4b72-9bd9-db11716f47fd
1963,285500,49.052958250045776,0.99900075,0.999002,1.0,0.9960719999999998,0.0,0.0,0.0,0.0,0.0,0.0,0.0005,0.0,0.0,0.0,0.0005,0.0,0.0,0.0,0.002,0.9975,0.045899711685228106,1893,0.0007465520520424745,9.875320081885863e-07,0.00016360787527365352,16,20,False,0.995,0.005,0.66,fixed,100,none,e7f9ddb3-8f5f-4b72-9bd9-db11716f47fd
1964,285800,49.070990800857544,0.99900075,0.999002,1.0,0.9960719999999998,0.0,0.0,0.0,0.0,0.0,0.0,0.0005,0.0,0.0,0.0,0.0005,0.0,0.0,0.0,0.002,0.9975,0.045899711685228106,1893,0.0007460209155102228,9.91089526235793e-07,0.00016349228541517256,16,20,False,0.995,0.005,0.66,fixed,100,none,e7f9ddb3-8f5f-4b72-9bd9-db11716f47fd
1965,285900,49.08897137641907,0.99900075,0.999002,1.0,0.9960719999999998,0.0,0.0,0.0,0.0,0.0,0.0,0.0005,0.0,0.0,0.0,0.0005,0.0,0.0,0.0,0.002,0.9975,0.045899711685228106,1893,0.0007470284041840572,9.925316251607627e-07,0.00016371309868467066,16,20,False,0.995,0.005,0.66,fixed,100,none,e7f9ddb3-8f5f-4b72-9bd9-db11716f47fd
1966,286100,49.1070237159729,0.99900075,0.999002,1.0,0.9960719999999998,0.0,0.0,0.0,0.0,0.0,0.0,0.0005,0.0,0.0,0.0,0.0005,0.0,0.0,0.0,0.002,0.9975,0.045899711685228106,1893,0.000747719338390713,9.955658149914994e-07,0.00016386492067857545,16,20,False,0.995,0.005,0.66,fixed,100,none,e7f9ddb3-8f5f-4b72-9bd9-db11716f47fd
1967,286200,49.12521433830261,0.99900075,0.999002,1.0,0.9960719999999998,0.0,0.0,0.0,0.0,0.0,0.0,0.0005,0.0,0.0,0.0,0.0005,0.0,0.0,0.0,0.002,0.9975,0.045899711685228106,1893,0.0007486950499990423,9.965445483918719e-07,0.00016407868990898482,16,20,False,0.995,0.005,0.66,fixed,100,none,e7f9ddb3-8f5f-4b72-9bd9-db11716f47fd
1968,286500,49.143325090408325,0.99900075,0.999002,1.0,0.9960719999999998,0.0,0.0,0.0,0.0,0.0,0.0,0.0005,0.0,0.0,0.0,0.0005,0.0,0.0,0.0,0.002,0.9975,0.045899711685228106,1893,0.0007497568396924481,9.98091541377531e-07,0.00016431140960153863,16,20,False,0.995,0.005,0.66,fixed,100,none,e7f9ddb3-8f5f-4b72-9bd9-db11716f47fd
1969,286600,49.1613883972168,0.99900075,0.999002,1.0,0.9960719999999998,0.0,0.0,0.0,0.0,0.0,0.0,0.0005,0.0,0.0,0.0,0.0005,0.0,0.0,0.0,0.002,0.9975,0.045899711685228106,1893,0.0007506933269629104,9.98125463393581e-07,0.00016451641311022587,16,20,False,0.995,0.005,0.66,fixed,100,none,e7f9ddb3-8f5f-4b72-9bd9-db11716f47fd
1970,286800,49.17939305305481,0.99900075,0.999002,1.0,0.9960719999999998,0.0,0.0,0.0,0.0,0.0,0.0,0.0005,0.0,0.0,0.0,0.0005,0.0,0.0,0.0,0.002,0.9975,0.045899711685228106,1893,0.0007504729524064961,9.998822462460854e-07,0.00016446850690856875,16,20,False,0.995,0.005,0.66,fixed,100,none,e7f9ddb3-8f5f-4b72-9bd9-db11716f47fd
1971,286900,49.19746279716492,0.99900075,0.999002,1.0,0.9960719999999998,0.0,0.0,0.0,0.0,0.0,0.0,0.0005,0.0,0.0,0.0,0.0005,0.0,0.0,0.0,0.002,0.9975,0.046297950389758855,1892,0.0007502938291263576,1.0017862666852766e-06,0.0001644296585864299,16,20,False,0.995,0.005,0.66,fixed,100,none,e7f9ddb3-8f5f-4b72-9bd9-db11716f47fd
1972,287200,49.215648889541626,0.99900075,0.999002,1.0,0.9960719999999998,0.0,0.0,0.0,0.0,0.0,0.0,0.0005,0.0,0.0,0.0,0.0005,0.0,0.0,0.0,0.002,0.9975,0.046297950389758855,1892,0.0007476860374389363,9.954875166777058e-07,0.00016385761622355192,16,20,False,0.995,0.005,0.66,fixed,100,none,e7f9ddb3-8f5f-4b72-9bd9-db11716f47fd
1973,287300,49.23360633850098,0.99900075,0.999002,1.0,0.9960719999999998,0.0,0.0,0.0,0.0,0.0,0.0,0.0005,0.0,0.0,0.0,0.0005,0.0,0.0,0.0,0.002,0.9975,0.046297950389758855,1892,0.0007481000789126003,9.948260652631136e-07,0.0001639481242263682,16,20,False,0.995,0.005,0.66,fixed,100,none,e7f9ddb3-8f5f-4b72-9bd9-db11716f47fd
1974,287600,49.25152659416199,0.99900075,0.999002,1.0,0.9960719999999998,0.0,0.0,0.0,0.0,0.0,0.0,0.0005,0.0,0.0,0.0,0.0005,0.0,0.0,0.0,0.002,0.9975,0.04669518407547691,1891,0.0007488684845904455,9.978580136101596e-07,0.00016411690429943445,16,20,False,0.995,0.005,0.66,fixed,100,none,e7f9ddb3-8f5f-4b72-9bd9-db11716f47fd
1975,287700,49.269636154174805,0.99900075,0.999002,1.0,0.9960719999999998,0.0,0.0,0.0,0.0,0.0,0.0,0.0005,0.0,0.0,0.0,0.0005,0.0,0.0,0.0,0.002,0.9975,0.04669518407547691,1891,0.00074881375113307,9.981796605647858e-07,0.00016410498425853634,16,20,False,0.995,0.005,0.66,fixed,100,none,e7f9ddb3-8f5f-4b72-9bd9-db11716f47fd
1976,287900,49.28776526451111,0.99900075,0.999002,1.0,0.9960719999999998,0.0,0.0,0.0,0.0,0.0,0.0,0.0005,0.0,0.0,0.0,0.0005,0.0,0.0,0.0,0.002,0.9975,0.04629795038975885,1892,0.0007476965436231644,9.965840576151668e-07,0.0001638601243700576,16,20,False,0.995,0.005,0.66,fixed,100,none,e7f9ddb3-8f5f-4b72-9bd9-db11716f47fd
1977,288000,49.305872201919556,0.99900075,0.999002,1.0,0.9960719999999998,0.0,0.0,0.0,0.0,0.0,0.0,0.0005,0.0,0.0,0.0,0.0005,0.0,0.0,0.0,0.002,0.9975,0.04629795038975885,1892,0.0007479961447688579,9.979117269304204e-07,0.00016392595931801978,16,20,False,0.995,0.005,0.66,fixed,100,none,e7f9ddb3-8f5f-4b72-9bd9-db11716f47fd
1978,288300,49.32374334335327,0.99900075,0.999002,1.0,0.9960719999999998,0.0,0.0,0.0,0.0,0.0,0.0,0.0005,0.0,0.0,0.0,0.0005,0.0,0.0,0.0,0.002,0.9975,0.04629795038975885,1892,0.0007446683433418755,9.921906709761788e-07,0.000163196416585022,16,20,False,0.995,0.005,0.66,fixed,100,none,e7f9ddb3-8f5f-4b72-9bd9-db11716f47fd
1979,288400,49.341734409332275,0.99900075,0.999002,1.0,0.9960719999999998,0.0,0.0,0.0,0.0,0.0,0.0,0.0005,0.0,0.0,0.0,0.0005,0.0,0.0,0.0,0.002,0.9975,0.04629795038975885,1892,0.000745044497600805,9.927907262328236e-07,0.00016327887076280045,16,20,False,0.995,0.005,0.66,fixed,100,none,e7f9ddb3-8f5f-4b72-9bd9-db11716f47fd
1980,288500,49.35983395576477,0.99900075,0.999002,1.0,0.9960719999999998,0.0,0.0,0.0,0.0,0.0,0.0,0.0005,0.0,0.0,0.0,0.0005,0.0,0.0,0.0,0.002,0.9975,0.04629795038975885,1892,0.0007444878431286589,9.917386129265645e-07,0.00016315681919731946,16,20,False,0.995,0.005,0.66,fixed,100,none,e7f9ddb3-8f5f-4b72-9bd9-db11716f47fd
1981,288600,49.37811541557312,0.99900075,0.999002,1.0,0.9960719999999998,0.0,0.0,0.0,0.0,0.0,0.0,0.0005,0.0,0.0,0.0,0.0005,0.0,0.0,0.0,0.002,0.9975,0.04629795038975885,1892,0.0007441964305096938,9.916928248755576e-07,0.00016309302027529832,16,20,False,0.995,0.005,0.66,fixed,100,none,e7f9ddb3-8f5f-4b72-9bd9-db11716f47fd
1982,288700,49.396437883377075,0.99900075,0.999002,1.0,0.9960719999999998,0.0,0.0,0.0,0.0,0.0,0.0,0.0005,0.0,0.0,0.0,0.0005,0.0,0.0,0.0,0.002,0.9975,0.04629795038975885,1892,0.0007434767633228527,9.921224027386332e-07,0.0001629355667478928,16,20,False,0.995,0.005,0.66,fixed,100,none,e7f9ddb3-8f5f-4b72-9bd9-db11716f47fd
1983,289000,49.41446781158447,0.99900075,0.999002,1.0,0.9960719999999998,0.0,0.0,0.0,0.0,0.0,0.0,0.0005,0.0,0.0,0.0,0.0005,0.0,0.0,0.0,0.002,0.9975,0.04589971168522809,1893,0.0007464096681601036,9.966683492637485e-07,0.0001635784433466068,16,20,False,0.995,0.005,0.66,fixed,100,none,e7f9ddb3-8f5f-4b72-9bd9-db11716f47fd
1984,289100,49.43256330490112,0.99900075,0.999002,1.0,0.9960719999999998,0.0,0.0,0.0,0.0,0.0,0.0,0.0005,0.0,0.0,0.0,0.0005,0.0,0.0,0.0,0.002,0.9975,0.045500467961884665,1894,0.000746817534455172,9.965377512463084e-07,0.00016366770046497396,16,20,False,0.995,0.005,0.66,fixed,100,none,e7f9ddb3-8f5f-4b72-9bd9-db11716f47fd
1985,289400,49.450894355773926,0.99900075,0.999002,1.0,0.9960719999999998,0.0,0.0,0.0,0.0,0.0,0.0,0.0005,0.0,0.0,0.0,0.0005,0.0,0.0,0.0,0.002,0.9975,0.045500467961884665,1894,0.0007474401917632957,9.967308670830643e-07,0.00016380403684173122,16,20,False,0.995,0.005,0.66,fixed,100,none,e7f9ddb3-8f5f-4b72-9bd9-db11716f47fd
1986,289500,49.469184160232544,0.99900075,0.999002,1.0,0.9960719999999998,0.0,0.0,0.0,0.0,0.0,0.0,0.0005,0.0,0.0,0.0,0.0005,0.0,0.0,0.0,0.002,0.9975,0.045500467961884665,1894,0.0007478630272735314,9.973965017600466e-07,0.00016389672200551044,16,20,False,0.995,0.005,0.66,fixed,100,none,e7f9ddb3-8f5f-4b72-9bd9-db11716f47fd
1987,289700,49.48755383491516,0.99900075,0.999002,1.0,0.9960719999999998,0.0,0.0,0.0,0.0,0.0,0.0,0.0005,0.0,0.0,0.0,0.0005,0.0,0.0,0.0,0.002,0.9975,0.045500467961884665,1894,0.0007478805221330574,9.97037147537858e-07,0.0001639004833529585,16,20,False,0.995,0.005,0.66,fixed,100,none,e7f9ddb3-8f5f-4b72-9bd9-db11716f47fd
1988,289800,49.50586938858032,0.99900075,0.999002,1.0,0.9960719999999998,0.0,0.0,0.0,0.0,0.0,0.0,0.0005,0.0,0.0,0.0,0.0005,0.0,0.0,0.0,0.002,0.9975,0.045500467961884665,1894,0.0007486733086525383,9.970473552990698e-07,0.00016407402626154746,16,20,False,0.995,0.005,0.66,fixed,100,none,e7f9ddb3-8f5f-4b72-9bd9-db11716f47fd
1989,290100,49.524412393569946,0.99900075,0.999002,1.0,0.9960719999999998,0.0,0.0,0.0,0.0,0.0,0.0,0.0005,0.0,0.0,0.0,0.0005,0.0,0.0,0.0,0.002,0.9975,0.045500467961884665,1894,0.0007503565805300725,1.0026296825181125e-06,0.0001644435551177113,16,20,False,0.995,0.005,0.66,fixed,100,none,e7f9ddb3-8f5f-4b72-9bd9-db11716f47fd
1990,290200,49.542781352996826,0.99900075,0.999002,1.0,0.9960719999999998,0.0,0.0,0.0,0.0,0.0,0.0,0.0005,0.0,0.0,0.0,0.0005,0.0,0.0,0.0,0.002,0.9975,0.045500467961884665,1894,0.0007493446195790395,1.0001649758177759e-06,0.00016422156857125712,16,20,False,0.995,0.005,0.66,fixed,100,none,e7f9ddb3-8f5f-4b72-9bd9-db11716f47fd
1991,290500,49.56094408035278,0.99900075,0.999002,1.0,0.9960719999999998,0.0,0.0,0.0,0.0,0.0,0.0,0.0005,0.0,0.0,0.0,0.0005,0.0,0.0,0.0,0.002,0.9975,0.045899711685228106,1893,0.0007480602317148683,9.9729010130229e-07,0.00016393986984163212,16,20,False,0.995,0.005,0.66,fixed,100,none,e7f9ddb3-8f5f-4b72-9bd9-db11716f47fd
1992,290600,49.57890462875366,0.99900075,0.999002,1.0,0.9960719999999998,0.0,0.0,0.0,0.0,0.0,0.0,0.0005,0.0,0.0,0.0,0.0005,0.0,0.0,0.0,0.002,0.9975,0.045899711685228106,1893,0.0007473245730065011,9.95078393754354e-07,0.00016377841392593644,16,20,False,0.995,0.005,0.66,fixed,100,none,e7f9ddb3-8f5f-4b72-9bd9-db11716f47fd
1993,290800,49.59680128097534,0.99900075,0.999002,1.0,0.9960719999999998,0.0,0.0,0.0,0.0,0.0,0.0,0.0005,0.0,0.0,0.0,0.0005,0.0,0.0,0.0,0.002,0.9975,0.045899711685228106,1893,0.0007482500232893737,9.948131308317228e-07,0.00016398094459290193,16,20,False,0.995,0.005,0.66,fixed,100,none,e7f9ddb3-8f5f-4b72-9bd9-db11716f47fd
1994,290900,49.6148841381073,0.99900075,0.999002,1.0,0.9960719999999998,0.0,0.0,0.0,0.0,0.0,0.0,0.0005,0.0,0.0,0.0,0.0005,0.0,0.0,0.0,0.002,0.9975,0.045899711685228106,1893,0.0007480737310443297,9.949062045118015e-07,0.00016394237190446101,16,20,False,0.995,0.005,0.66,fixed,100,none,e7f9ddb3-8f5f-4b72-9bd9-db11716f47fd
1995,291000,49.633166551589966,0.99900075,0.999002,1.0,0.9960719999999998,0.0,0.0,0.0,0.0,0.0,0.0,0.0005,0.0,0.0,0.0,0.0005,0.0,0.0,0.0,0.002,0.9975,0.045899711685228106,1893,0.0007480737310443297,9.949062045118015e-07,0.00016394237190446101,16,20,False,0.995,0.005,0.66,fixed,100,none,e7f9ddb3-8f5f-4b72-9bd9-db11716f47fd
1996,291200,49.65138268470764,0.99900075,0.999002,1.0,0.9960719999999998,0.0,0.0,0.0,0.0,0.0,0.0,0.0005,0.0,0.0,0.0,0.0005,0.0,0.0,0.0,0.002,0.9975,0.045500467961884665,1894,0.0007462072101112715,9.93619610187821e-07,0.000163533546019293,16,20,False,0.995,0.005,0.66,fixed,100,none,e7f9ddb3-8f5f-4b72-9bd9-db11716f47fd
1997,291300,49.66944646835327,0.99900075,0.999002,1.0,0.9960719999999998,0.0,0.0,0.0,0.0,0.0,0.0,0.0005,0.0,0.0,0.0,0.0005,0.0,0.0,0.0,0.002,0.9975,0.045500467961884665,1894,0.0007454466764672381,9.920269341216478e-07,0.00016336676259616153,16,20,False,0.995,0.005,0.66,fixed,100,none,e7f9ddb3-8f5f-4b72-9bd9-db11716f47fd
1998,291500,49.6875,0.99900075,0.999002,1.0,0.9960719999999998,0.0,0.0,0.0,0.0,0.0,0.0,0.0005,0.0,0.0,0.0,0.0005,0.0,0.0,0.0,0.002,0.9975,0.045500467961884665,1894,0.0007452416431963009,9.954398725102423e-07,0.00016332252927144723,16,20,False,0.995,0.005,0.66,fixed,100,none,e7f9ddb3-8f5f-4b72-9bd9-db11716f47fd
1999,291600,49.70588302612305,0.99900075,0.999002,1.0,0.9960719999999998,0.0,0.0,0.0,0.0,0.0,0.0,0.0005,0.0,0.0,0.0,0.0005,0.0,0.0,0.0,0.002,0.9975,0.045500467961884665,1894,0.0007446101746370624,9.955569268886482e-07,0.00016318432304416182,16,20,False,0.995,0.005,0.66,fixed,100,none,e7f9ddb3-8f5f-4b72-9bd9-db11716f47fd
2000,291900,49.724339723587036,0.99900075,0.999002,1.0,0.9960719999999998,0.0,0.0,0.0,0.0,0.0,0.0,0.0005,0.0,0.0,0.0,0.0005,0.0,0.0,0.0,0.002,0.9975,0.0458997116852281,1893,0.0007437029124781595,9.94804584108158e-07,0.0001629855804124497,16,20,False,0.995,0.005,0.66,fixed,100,none,e7f9ddb3-8f5f-4b72-9bd9-db11716f47fd
2001,292000,49.74251842498779,0.99900075,0.999002,1.0,0.9960719999999998,0.0,0.0,0.0,0.0,0.0,0.0,0.0005,0.0,0.0,0.0,0.0005,0.0,0.0,0.0,0.002,0.9975,0.0458997116852281,1893,0.000744409809736599,9.96042579091266e-07,0.00016314055544136886,16,20,False,0.995,0.005,0.66,fixed,100,none,e7f9ddb3-8f5f-4b72-9bd9-db11716f47fd
2002,292300,49.760568380355835,0.99900075,0.999002,1.0,0.9960719999999998,0.0,0.0,0.0,0.0,0.0,0.0,0.0005,0.0,0.0,0.0,0.0005,0.0,0.0,0.0,0.002,0.9975,0.0458997116852281,1893,0.0007446932366744144,9.968405293897523e-07,0.00016320274920861335,16,20,False,0.995,0.005,0.66,fixed,100,none,e7f9ddb3-8f5f-4b72-9bd9-db11716f47fd
2003,292400,49.77868366241455,0.99900075,0.999002,1.0,0.9960719999999998,0.0,0.0,0.0,0.0,0.0,0.0,0.0005,0.0,0.0,0.0,0.0005,0.0,0.0,0.0,0.002,0.9975,0.0458997116852281,1893,0.0007441532767768018,9.966086530385854e-07,0.00016308450793051926,16,20,False,0.995,0.005,0.66,fixed,100,none,e7f9ddb3-8f5f-4b72-9bd9-db11716f47fd
2004,292600,49.79692006111145,0.99900075,0.999002,1.0,0.9960719999999998,0.0,0.0,0.0,0.0,0.0,0.0,0.0005,0.0,0.0,0.0,0.0005,0.0,0.0,0.0,0.002,0.9975,0.045500467961884665,1894,0.0007434374145382083,9.966663518019165e-07,0.0001629278166492562,16,20,False,0.995,0.005,0.66,fixed,100,none,e7f9ddb3-8f5f-4b72-9bd9-db11716f47fd
2005,292700,49.815054416656494,0.99900075,0.999002,1.0,0.9960719999999998,0.0,0.0,0.0,0.0,0.0,0.0,0.0005,0.0,0.0,0.0,0.0005,0.0,0.0,0.0,0.002,0.9975,0.045500467961884665,1894,0.0007439817111368467,9.992626495616627e-07,0.00016304745647127247,16,20,False,0.995,0.005,0.66,fixed,100,none,e7f9ddb3-8f5f-4b72-9bd9-db11716f47fd
2006,293000,49.83315324783325,0.99900075,0.999002,1.0,0.9960719999999998,0.0,0.0,0.0,0.0,0.0,0.0,0.0005,0.0,0.0,0.0,0.0005,0.0,0.0,0.0,0.002,0.9975,0.0458997116852281,1893,0.0007453671119491849,1.0033716566635132e-06,0.00016335150142044266,16,20,False,0.995,0.005,0.66,fixed,100,none,e7f9ddb3-8f5f-4b72-9bd9-db11716f47fd
2007,293100,49.85120630264282,0.99900075,0.999002,1.0,0.9960719999999998,0.0,0.0,0.0,0.0,0.0,0.0,0.0005,0.0,0.0,0.0,0.0005,0.0,0.0,0.0,0.002,0.9975,0.045500467961884665,1894,0.0007453258409138527,1.0037785165329068e-06,0.00016334254449418362,16,20,False,0.995,0.005,0.66,fixed,100,none,e7f9ddb3-8f5f-4b72-9bd9-db11716f47fd
2008,293300,49.869335412979126,0.99900075,0.999002,1.0,0.9960719999999998,0.0,0.0,0.0,0.0,0.0,0.0,0.0005,0.0,0.0,0.0,0.0005,0.0,0.0,0.0,0.002,0.9975,0.045500467961884665,1894,0.0007464781226373078,1.0043351566647723e-06,0.000163594884725073,16,20,False,0.995,0.005,0.66,fixed,100,none,e7f9ddb3-8f5f-4b72-9bd9-db11716f47fd
2009,293400,49.887720584869385,0.99900075,0.999002,1.0,0.9960719999999998,0.0,0.0,0.0,0.0,0.0,0.0,0.0005,0.0,0.0,0.0,0.0005,0.0,0.0,0.0,0.002,0.9975,0.045500467961884665,1894,0.0007469672194949413,1.0072818081106318e-06,0.0001637025078909837,16,20,False,0.995,0.005,0.66,fixed,100,none,e7f9ddb3-8f5f-4b72-9bd9-db11716f47fd
2010,293700,49.90578484535217,0.99900075,0.999002,1.0,0.9960719999999998,0.0,0.0,0.0,0.0,0.0,0.0,0.0005,0.0,0.0,0.0,0.0005,0.0,0.0,0.0,0.002,0.9975,0.045500467961884665,1894,0.0007475904036205536,1.0100263691297795e-06,0.00016383944436267384,16,20,False,0.995,0.005,0.66,fixed,100,none,e7f9ddb3-8f5f-4b72-9bd9-db11716f47fd
2011,293800,49.92374920845032,0.99900075,0.999002,1.0,0.9960719999999998,0.0,0.0,0.0,0.0,0.0,0.0,0.0005,0.0,0.0,0.0,0.0005,0.0,0.0,0.0,0.002,0.9975,0.045500467961884665,1894,0.00074729264756355,1.0079840761445713e-06,0.00016377387752612856,16,20,False,0.995,0.005,0.66,fixed,100,none,e7f9ddb3-8f5f-4b72-9bd9-db11716f47fd
2012,294100,49.94191575050354,0.99900075,0.999002,1.0,0.9960719999999998,0.0,0.0,0.0,0.0,0.0,0.0,0.0005,0.0,0.0,0.0,0.0005,0.0,0.0,0.0,0.002,0.9975,0.0458997116852281,1893,0.0007476523124398314,1.0075141066134624e-06,0.00016385251887333566,16,20,False,0.995,0.005,0.66,fixed,100,none,e7f9ddb3-8f5f-4b72-9bd9-db11716f47fd
2013,294200,49.96010708808899,0.99900075,0.999002,1.0,0.9960719999999998,0.0,0.0,0.0,0.0,0.0,0.0,0.0005,0.0,0.0,0.0,0.0005,0.0,0.0,0.0,0.002,0.9975,0.045500467961884665,1894,0.0007474471745451842,1.0078771299023424e-06,0.00016380768316262228,16,20,False,0.995,0.005,0.66,fixed,100,none,e7f9ddb3-8f5f-4b72-9bd9-db11716f47fd
2014,294400,49.97823786735535,0.99900075,0.999002,1.0,0.9960719999999998,0.0,0.0,0.0,0.0,0.0,0.0,0.0005,0.0,0.0,0.0,0.0005,0.0,0.0,0.0,0.002,0.9975,0.045500467961884665,1894,0.0007495926798044144,1.0140629382480316e-06,0.00016427850956745343,16,20,False,0.995,0.005,0.66,fixed,100,none,e7f9ddb3-8f5f-4b72-9bd9-db11716f47fd
2015,294500,49.996212005615234,0.99900075,0.999002,1.0,0.9960719999999998,0.0,0.0,0.0,0.0,0.0,0.0,0.0005,0.0,0.0,0.0,0.0005,0.0,0.0,0.0,0.002,0.9975,0.045500467961884665,1894,0.0007491016757853034,1.0117836952084989e-06,0.00016417059573149253,16,20,False,0.995,0.005,0.66,fixed,100,none,e7f9ddb3-8f5f-4b72-9bd9-db11716f47fd
2016,294800,50.01415991783142,0.99900075,0.999002,1.0,0.9960719999999998,0.0,0.0,0.0,0.0,0.0,0.0,0.0005,0.0,0.0,0.0,0.0005,0.0,0.0,0.0,0.002,0.9975,0.045500467961884665,1894,0.0007502454417418574,1.0103846107916787e-06,0.000164420700273343,16,20,False,0.995,0.005,0.66,fixed,100,none,e7f9ddb3-8f5f-4b72-9bd9-db11716f47fd
2017,294900,50.03246450424194,0.99900075,0.999002,1.0,0.9960719999999998,0.0,0.0,0.0,0.0,0.0,0.0,0.0005,0.0,0.0,0.0,0.0005,0.0,0.0,0.0,0.002,0.9975,0.045500467961884665,1894,0.000750712918868109,1.0142749504101884e-06,0.000164523770180807,16,20,False,0.995,0.005,0.66,fixed,100,none,e7f9ddb3-8f5f-4b72-9bd9-db11716f47fd
2018,295100,50.05067753791809,0.99900075,0.999002,1.0,0.9960719999999998,0.0,0.0,0.0,0.0,0.0,0.0,0.0005,0.0,0.0,0.0,0.0005,0.0,0.0,0.0,0.002,0.9975,0.045500467961884665,1894,0.0007511427844011234,1.0177904368189376e-06,0.00016461853568840152,16,20,False,0.995,0.005,0.66,fixed,100,none,e7f9ddb3-8f5f-4b72-9bd9-db11716f47fd
2019,295200,50.06880187988281,0.99900075,0.999002,1.0,0.9960719999999998,0.0,0.0,0.0,0.0,0.0,0.0,0.0005,0.0,0.0,0.0,0.0005,0.0,0.0,0.0,0.002,0.9975,0.045500467961884665,1894,0.0007521206310902876,1.0184166709253278e-06,0.00016483270531313977,16,20,False,0.995,0.005,0.66,fixed,100,none,e7f9ddb3-8f5f-4b72-9bd9-db11716f47fd
2020,295500,50.08684539794922,0.99900075,0.999002,1.0,0.9960719999999998,0.0,0.0,0.0,0.0,0.0,0.0,0.0005,0.0,0.0,0.0,0.0005,0.0,0.0,0.0,0.002,0.9975,0.045500467961884665,1894,0.0007529953836897865,1.0220776016639695e-06,0.00016502488423401045,16,20,False,0.995,0.005,0.66,fixed,100,none,e7f9ddb3-8f5f-4b72-9bd9-db11716f47fd
2021,295600,50.10502219200134,0.99900075,0.999002,1.0,0.9960719999999998,0.0,0.0,0.0,0.0,0.0,0.0,0.0005,0.0,0.0,0.0,0.0005,0.0,0.0,0.0,0.002,0.9975,0.045500467961884665,1894,0.0007538115059524396,1.0223687968479887e-06,0.00016520358872439014,16,20,False,0.995,0.005,0.66,fixed,100,none,e7f9ddb3-8f5f-4b72-9bd9-db11716f47fd
2022,295700,50.1231734752655,0.99900075,0.999002,1.0,0.9960719999999998,0.0,0.0,0.0,0.0,0.0,0.0,0.0005,0.0,0.0,0.0,0.0005,0.0,0.0,0.0,0.002,0.9975,0.045500467961884665,1894,0.0007539728653775029,1.0207397263657746e-06,0.0001652386007791449,16,20,False,0.995,0.005,0.66,fixed,100,none,e7f9ddb3-8f5f-4b72-9bd9-db11716f47fd
2023,295800,50.14142847061157,0.99900075,0.999002,1.0,0.9960719999999998,0.0,0.0,0.0,0.0,0.0,0.0,0.0005,0.0,0.0,0.0,0.0005,0.0,0.0,0.0,0.002,0.9975,0.045500467961884665,1894,0.0007537594536148572,1.0205121657722626e-06,0.00016519184170778897,16,20,False,0.995,0.005,0.66,fixed,100,none,e7f9ddb3-8f5f-4b72-9bd9-db11716f47fd
2024,295900,50.15941858291626,0.99900075,0.999002,1.0,0.9960719999999998,0.0,0.0,0.0,0.0,0.0,0.0,0.0005,0.0,0.0,0.0,0.0005,0.0,0.0,0.0,0.002,0.9975,0.045500467961884665,1894,0.0007535781212999446,1.0206372290476025e-06,0.00016515217182607692,16,20,False,0.995,0.005,0.66,fixed,100,none,e7f9ddb3-8f5f-4b72-9bd9-db11716f47fd
2025,296000,50.17739248275757,0.99900075,0.999002,1.0,0.9960719999999998,0.0,0.0,0.0,0.0,0.0,0.0,0.0005,0.0,0.0,0.0,0.0005,0.0,0.0,0.0,0.002,0.9975,0.045500467961884665,1894,0.0007542284864451214,1.022594146112907e-06,0.00016529490857059852,16,20,False,0.995,0.005,0.66,fixed,100,none,e7f9ddb3-8f5f-4b72-9bd9-db11716f47fd
2026,296200,50.195436239242554,0.99900075,0.999002,1.0,0.9960719999999998,0.0,0.0,0.0,0.0,0.0,0.0,0.0005,0.0,0.0,0.0,0.0005,0.0,0.0,0.0,0.002,0.9975,0.045500467961884665,1894,0.0007547376485654053,1.0233903012671045e-06,0.00016540651542820798,16,20,False,0.995,0.005,0.66,fixed,100,none,e7f9ddb3-8f5f-4b72-9bd9-db11716f47fd
2027,296300,50.213597536087036,0.99900075,0.999002,1.0,0.9960719999999998,0.0,0.0,0.0,0.0,0.0,0.0,0.0005,0.0,0.0,0.0,0.0005,0.0,0.0,0.0,0.002,0.9975,0.045500467961884665,1894,0.0007548713521980991,1.023684439305015e-06,0.00016543583903963184,16,20,False,0.995,0.005,0.66,fixed,100,none,e7f9ddb3-8f5f-4b72-9bd9-db11716f47fd
2028,296600,50.23165678977966,0.99900075,0.999002,1.0,0.9960719999999998,0.0,0.0,0.0,0.0,0.0,0.0,0.0005,0.0,0.0,0.0,0.0005,0.0,0.0,0.0,0.002,0.9975,0.045500467961884665,1894,0.0007535819869176167,1.023091451989212e-06,0.00016515348431214423,16,20,False,0.995,0.005,0.66,fixed,100,none,e7f9ddb3-8f5f-4b72-9bd9-db11716f47fd
2029,296700,50.249961614608765,0.99900075,0.999002,1.0,0.9960719999999998,0.0,0.0,0.0,0.0,0.0,0.0,0.0005,0.0,0.0,0.0,0.0005,0.0,0.0,0.0,0.002,0.9975,0.045500467961884665,1894,0.0007541313410694204,1.0248365847194955e-06,0.00016527406951119284,16,20,False,0.995,0.005,0.66,fixed,100,none,e7f9ddb3-8f5f-4b72-9bd9-db11716f47fd
2030,296900,50.268070936203,0.99900075,0.999002,1.0,0.9960719999999998,0.0,0.0,0.0,0.0,0.0,0.0,0.0005,0.0,0.0,0.0,0.0005,0.0,0.0,0.0,0.002,0.9975,0.045500467961884665,1894,0.0007541180985112444,1.0249602685739337e-06,0.00016527119421514048,16,20,False,0.995,0.005,0.66,fixed,100,none,e7f9ddb3-8f5f-4b72-9bd9-db11716f47fd
2031,297000,50.28650903701782,0.99900075,0.999002,1.0,0.9960719999999998,0.0,0.0,0.0,0.0,0.0,0.0,0.0005,0.0,0.0,0.0,0.0005,0.0,0.0,0.0,0.002,0.9975,0.045500467961884665,1894,0.0007541032395261196,1.0236332375063493e-06,0.00016526768944739382,16,20,False,0.995,0.005,0.66,fixed,100,none,e7f9ddb3-8f5f-4b72-9bd9-db11716f47fd
2032,297300,50.30472493171692,0.99900075,0.999002,1.0,0.9960719999999998,0.0,0.0,0.0,0.0,0.0,0.0,0.0005,0.0,0.0,0.0,0.0005,0.0,0.0,0.0,0.002,0.9975,0.045500467961884665,1894,0.0007527435347991586,1.0222506969591427e-06,0.00016496978739995806,16,20,False,0.995,0.005,0.66,fixed,100,none,e7f9ddb3-8f5f-4b72-9bd9-db11716f47fd
2033,297400,50.32279133796692,0.99900075,0.999002,1.0,0.9960719999999998,0.0,0.0,0.0,0.0,0.0,0.0,0.0005,0.0,0.0,0.0,0.0005,0.0,0.0,0.0,0.002,0.9975,0.045500467961884665,1894,0.0007528278919508853,1.0230495873110629e-06,0.0001649884049696379,16,20,False,0.995,0.005,0.66,fixed,100,none,e7f9ddb3-8f5f-4b72-9bd9-db11716f47fd
2034,297700,50.34070062637329,0.99900075,0.999002,1.0,0.9960719999999998,0.0,0.0,0.0,0.0,0.0,0.0,0.0005,0.0,0.0,0.0,0.0005,0.0,0.0,0.0,0.002,0.9975,0.045500467961884665,1894,0.0007516421054370155,1.020516134897623e-06,0.00016472835494579324,16,20,False,0.995,0.005,0.66,fixed,100,none,e7f9ddb3-8f5f-4b72-9bd9-db11716f47fd
2035,297800,50.358591079711914,0.99900075,0.999002,1.0,0.9960719999999998,0.0,0.0,0.0,0.0,0.0,0.0,0.0005,0.0,0.0,0.0,0.0005,0.0,0.0,0.0,0.002,0.9975,0.045500467961884665,1894,0.0007520779372503175,1.022113407147591e-06,0.00016482406201145252,16,20,False,0.995,0.005,0.66,fixed,100,none,e7f9ddb3-8f5f-4b72-9bd9-db11716f47fd
2036,298000,50.376675844192505,0.99900075,0.999002,1.0,0.9960719999999998,0.0,0.0,0.0,0.0,0.0,0.0,0.0005,0.0,0.0,0.0,0.0005,0.0,0.0,0.0,0.002,0.9975,0.045500467961884665,1894,0.0007525891568737973,1.0234965459407392e-06,0.00016493623078340296,16,20,False,0.995,0.005,0.66,fixed,100,none,e7f9ddb3-8f5f-4b72-9bd9-db11716f47fd
2037,298100,50.39486742019653,0.99900075,0.999002,1.0,0.9960719999999998,0.0,0.0,0.0,0.0,0.0,0.0,0.0005,0.0,0.0,0.0,0.0005,0.0,0.0,0.0,0.002,0.9975,0.045500467961884665,1894,0.0007521740514046274,1.0230555702381187e-06,0.00016484528041081818,16,20,False,0.995,0.005,0.66,fixed,100,none,e7f9ddb3-8f5f-4b72-9bd9-db11716f47fd
2038,298200,50.41284155845642,0.99900075,0.999002,1.0,0.9960719999999998,0.0,0.0,0.0,0.0,0.0,0.0,0.0005,0.0,0.0,0.0,0.0005,0.0,0.0,0.0,0.002,0.9975,0.045500467961884665,1894,0.0007515228977144817,1.0222109979500952e-06,0.00016470258239931055,16,20,False,0.995,0.005,0.66,fixed,100,none,e7f9ddb3-8f5f-4b72-9bd9-db11716f47fd
2039,298400,50.43072533607483,0.99900075,0.999002,1.0,0.9960719999999998,0.0,0.0,0.0,0.0,0.0,0.0,0.0005,0.0,0.0,0.0,0.0005,0.0,0.0,0.0,0.002,0.9975,0.045500467961884665,1894,0.0007539021230904695,1.0268052787584203e-06,0.0001652242677474679,16,20,False,0.995,0.005,0.66,fixed,100,none,e7f9ddb3-8f5f-4b72-9bd9-db11716f47fd
2040,298500,50.448724031448364,0.99900075,0.999002,1.0,0.9960719999999998,0.0,0.0,0.0,0.0,0.0,0.0,0.0005,0.0,0.0,0.0,0.0005,0.0,0.0,0.0,0.002,0.9975,0.045500467961884665,1894,0.0007529917002247872,1.0262557323636185e-06,0.000165024871768355,16,20,False,0.995,0.005,0.66,fixed,100,none,e7f9ddb3-8f5f-4b72-9bd9-db11716f47fd
2041,298700,50.46686029434204,0.99900075,0.999002,1.0,0.9960719999999998,0.0,0.0,0.0,0.0,0.0,0.0,0.0005,0.0,0.0,0.0,0.0005,0.0,0.0,0.0,0.002,0.9975,0.045500467961884665,1894,0.0007530324913470967,1.0281067032389542e-06,0.00016503415262949486,16,20,False,0.995,0.005,0.66,fixed,100,none,e7f9ddb3-8f5f-4b72-9bd9-db11716f47fd
2042,298800,50.484909772872925,0.99900075,0.999002,1.0,0.9960719999999998,0.0,0.0,0.0,0.0,0.0,0.0,0.0005,0.0,0.0,0.0,0.0005,0.0,0.0,0.0,0.002,0.9975,0.045500467961884665,1894,0.0007551397430653478,1.032667313136973e-06,0.00016549629654650068,16,20,False,0.995,0.005,0.66,fixed,100,none,e7f9ddb3-8f5f-4b72-9bd9-db11716f47fd
2043,299100,50.50131797790527,0.99900075,0.999002,1.0,0.9960719999999998,0.0,0.0,0.0,0.0,0.0,0.0,0.0005,0.0,0.0,0.0,0.0005,0.0,0.0,0.0,0.002,0.9975,0.045500467961884665,1894,0.0007558070507653794,1.038462995976696e-06,0.00016564347138177713,16,20,False,0.995,0.005,0.66,fixed,100,none,e7f9ddb3-8f5f-4b72-9bd9-db11716f47fd
2044,299200,50.519336223602295,0.99900075,0.999002,1.0,0.9960719999999998,0.0,0.0,0.0,0.0,0.0,0.0,0.0005,0.0,0.0,0.0,0.0005,0.0,0.0,0.0,0.002,0.9975,0.045500467961884665,1894,0.0007566505095239995,1.0404395447229876e-06,0.00016582848004830086,16,20,False,0.995,0.005,0.66,fixed,100,none,e7f9ddb3-8f5f-4b72-9bd9-db11716f47fd
2045,299500,50.53750276565552,0.99900075,0.999002,1.0,0.9960719999999998,0.0,0.0,0.0,0.0,0.0,0.0,0.0005,0.0,0.0,0.0,0.0005,0.0,0.0,0.0,0.002,0.9975,0.045500467961884665,1894,0.0007569817475702649,1.0402107283725354e-06,0.00016590094458152177,16,20,False,0.995,0.005,0.66,fixed,100,none,e7f9ddb3-8f5f-4b72-9bd9-db11716f47fd
2046,299600,50.555803298950195,0.99900075,0.999002,1.0,0.9960719999999998,0.0,0.0,0.0,0.0,0.0,0.0,0.0005,0.0,0.0,0.0,0.0005,0.0,0.0,0.0,0.002,0.9975,0.045500467961884665,1894,0.0007566704584538677,1.0397276432004779e-06,0.00016583271160775976,16,20,False,0.995,0.005,0.66,fixed,100,none,e7f9ddb3-8f5f-4b72-9bd9-db11716f47fd
2047,299800,50.573883295059204,0.99900075,0.999002,1.0,0.9960719999999998,0.0,0.0,0.0,0.0,0.0,0.0,0.0005,0.0,0.0,0.0,0.0005,0.0,0.0,0.0,0.002,0.9975,0.045500467961884665,1894,0.0007554991493790247,1.0385944143206934e-06,0.00016557609673778945,16,20,False,0.995,0.005,0.66,fixed,100,none,e7f9ddb3-8f5f-4b72-9bd9-db11716f47fd
2048,299900,50.59200382232666,0.99900075,0.999002,1.0,0.9960719999999998,0.0,0.0,0.0,0.0,0.0,0.0,0.0005,0.0,0.0,0.0,0.0005,0.0,0.0,0.0,0.002,0.9975,0.045500467961884665,1894,0.0007554971785123095,1.041198461462032e-06,0.00016557616008402233,16,20,False,0.995,0.005,0.66,fixed,100,none,e7f9ddb3-8f5f-4b72-9bd9-db11716f47fd
2049,300200,50.60988783836365,0.99900075,0.999002,1.0,0.9960719999999998,0.0,0.0,0.0,0.0,0.0,0.0,0.0005,0.0,0.0,0.0,0.0005,0.0,0.0,0.0,0.002,0.9975,0.045500467961884665,1894,0.0007578172346784838,1.0449898055892632e-06,0.00016608474073418207,16,20,False,0.995,0.005,0.66,fixed,100,none,e7f9ddb3-8f5f-4b72-9bd9-db11716f47fd
2050,300300,50.627917528152466,0.99900075,0.999002,1.0,0.9960719999999998,0.0,0.0,0.0,0.0,0.0,0.0,0.0005,0.0,0.0,0.0,0.0005,0.0,0.0,0.0,0.002,0.9975,0.045500467961884665,1894,0.0007578172921563933,1.0458047053644512e-06,0.00016608490814705375,16,20,False,0.995,0.005,0.66,fixed,100,none,e7f9ddb3-8f5f-4b72-9bd9-db11716f47fd
2051,300500,50.645944356918335,0.99900075,0.999002,1.0,0.9960719999999998,0.0,0.0,0.0,0.0,0.0,0.0,0.0005,0.0,0.0,0.0,0.0005,0.0,0.0,0.0,0.002,0.9975,0.045500467961884665,1894,0.0007564324195705156,1.0444431893207487e-06,0.00016578150084995682,16,20,False,0.995,0.005,0.66,fixed,100,none,e7f9ddb3-8f5f-4b72-9bd9-db11716f47fd
2052,300600,50.6639039516449,0.99900075,0.999002,1.0,0.9960719999999998,0.0,0.0,0.0,0.0,0.0,0.0,0.0005,0.0,0.0,0.0,0.0005,0.0,0.0,0.0,0.002,0.9975,0.045500467961884665,1894,0.0007570506790632248,1.045045925216366e-06,0.00016591695237273103,16,20,False,0.995,0.005,0.66,fixed,100,none,e7f9ddb3-8f5f-4b72-9bd9-db11716f47fd
2053,300700,50.682093143463135,0.99900075,0.999002,1.0,0.9960719999999998,0.0,0.0,0.0,0.0,0.0,0.0,0.0005,0.0,0.0,0.0,0.0005,0.0,0.0,0.0,0.002,0.9975,0.045500467961884665,1894,0.0007573901118505334,1.0461098423051565e-06,0.00016599145635411977,16,20,False,0.995,0.005,0.66,fixed,100,none,e7f9ddb3-8f5f-4b72-9bd9-db11716f47fd
2054,300900,50.70007586479187,0.99900075,0.999002,1.0,0.9960719999999998,0.0,0.0,0.0,0.0,0.0,0.0,0.0005,0.0,0.0,0.0,0.0005,0.0,0.0,0.0,0.002,0.9975,0.045500467961884665,1894,0.0007578872337765966,1.0454857114900712e-06,0.0001661001577588801,16,20,False,0.995,0.005,0.66,fixed,100,none,e7f9ddb3-8f5f-4b72-9bd9-db11716f47fd
2055,301000,50.71817326545715,0.99900075,0.999002,1.0,0.9960719999999998,0.0,0.0,0.0,0.0,0.0,0.0,0.0005,0.0,0.0,0.0,0.0005,0.0,0.0,0.0,0.002,0.9975,0.045500467961884665,1894,0.000759241876560804,1.048856561642675e-06,0.0001663973295258721,16,20,False,0.995,0.005,0.66,fixed,100,none,e7f9ddb3-8f5f-4b72-9bd9-db11716f47fd
2056,301300,50.7363121509552,0.99900075,0.999002,1.0,0.9960719999999998,0.0,0.0,0.0,0.0,0.0,0.0,0.0005,0.0,0.0,0.0,0.0005,0.0,0.0,0.0,0.002,0.9975,0.0458997116852281,1893,0.0007604923611321358,1.047748204777007e-06,0.00016667085001073216,16,20,False,0.995,0.005,0.66,fixed,100,none,e7f9ddb3-8f5f-4b72-9bd9-db11716f47fd
2057,301400,50.75412440299988,0.99900075,0.999002,1.0,0.9960719999999998,0.0,0.0,0.0,0.0,0.0,0.0,0.0005,0.0,0.0,0.0,0.0005,0.0,0.0,0.0,0.002,0.9975,0.0458997116852281,1893,0.0007613799347095815,1.0492947067987717e-06,0.00016686543370221917,16,20,False,0.995,0.005,0.66,fixed,100,none,e7f9ddb3-8f5f-4b72-9bd9-db11716f47fd
2058,301600,50.77205038070679,0.99900075,0.999002,1.0,0.9960719999999998,0.0,0.0,0.0,0.0,0.0,0.0,0.0005,0.0,0.0,0.0,0.0005,0.0,0.0,0.0,0.002,0.9975,0.0458997116852281,1893,0.0007607029129468951,1.0477298220542954e-06,0.00016671693631026567,16,20,False,0.995,0.005,0.66,fixed,100,none,e7f9ddb3-8f5f-4b72-9bd9-db11716f47fd
2059,301700,50.79001545906067,0.99900075,0.999002,1.0,0.9960719999999998,0.0,0.0,0.0,0.0,0.0,0.0,0.0005,0.0,0.0,0.0,0.0005,0.0,0.0,0.0,0.002,0.9975,0.0458997116852281,1893,0.0007609695229769625,1.0477112890481942e-06,0.00016677529372457627,16,20,False,0.995,0.005,0.66,fixed,100,none,e7f9ddb3-8f5f-4b72-9bd9-db11716f47fd
2060,302000,50.80804991722107,0.99900075,0.999002,1.0,0.9960719999999998,0.0,0.0,0.0,0.0,0.0,0.0,0.0005,0.0,0.0,0.0,0.0005,0.0,0.0,0.0,0.002,0.9975,0.0458997116852281,1893,0.0007629024856323083,1.051636685045249e-06,0.00016719916507507092,16,20,False,0.995,0.005,0.66,fixed,100,none,e7f9ddb3-8f5f-4b72-9bd9-db11716f47fd
2061,302100,50.82595086097717,0.99900075,0.999002,1.0,0.9960719999999998,0.0,0.0,0.0,0.0,0.0,0.0,0.0005,0.0,0.0,0.0,0.0005,0.0,0.0,0.0,0.002,0.9975,0.0458997116852281,1893,0.0007635270271386999,1.0509448158631194e-06,0.0001673357457556754,16,20,False,0.995,0.005,0.66,fixed,100,none,e7f9ddb3-8f5f-4b72-9bd9-db11716f47fd
2062,302300,50.8437762260437,0.99900075,0.999002,1.0,0.9960719999999998,0.0,0.0,0.0,0.0,0.0,0.0,0.0005,0.0,0.0,0.0,0.0005,0.0,0.0,0.0,0.002,0.9975,0.0458997116852281,1893,0.0007660377674314458,1.0550236553072527e-06,0.00016788612178525187,16,20,False,0.995,0.005,0.66,fixed,100,none,e7f9ddb3-8f5f-4b72-9bd9-db11716f47fd
2063,302400,50.86156344413757,0.99900075,0.999002,1.0,0.9960719999999998,0.0,0.0,0.0,0.0,0.0,0.0,0.0005,0.0,0.0,0.0,0.0005,0.0,0.0,0.0,0.002,0.9975,0.04629795038975885,1892,0.0007657942253845665,1.054835333733855e-06,0.00016783277465009104,16,20,False,0.995,0.005,0.66,fixed,100,none,e7f9ddb3-8f5f-4b72-9bd9-db11716f47fd
2064,302700,50.87954306602478,0.99900075,0.999002,1.0,0.9960719999999998,0.0,0.0,0.0,0.0,0.0,0.0,0.0005,0.0,0.0,0.0,0.0005,0.0,0.0,0.0,0.002,0.9975,0.045899711685228106,1893,0.0007684494719276294,1.0581457284619664e-06,0.00016841463709336586,16,20,False,0.995,0.005,0.66,fixed,100,none,e7f9ddb3-8f5f-4b72-9bd9-db11716f47fd
2065,302800,50.89752388000488,0.99900075,0.999002,1.0,0.9960719999999998,0.0,0.0,0.0,0.0,0.0,0.0,0.0005,0.0,0.0,0.0,0.0005,0.0,0.0,0.0,0.002,0.9975,0.04550046796188468,1894,0.0007695065613412402,1.0595866676782104e-06,0.00016864630774445633,16,20,False,0.995,0.005,0.66,fixed,100,none,e7f9ddb3-8f5f-4b72-9bd9-db11716f47fd
2066,303100,50.915361404418945,0.99900075,0.999002,1.0,0.9960719999999998,0.0,0.0,0.0,0.0,0.0,0.0,0.0005,0.0,0.0,0.0,0.0005,0.0,0.0,0.0,0.002,0.9975,0.045899711685228106,1893,0.0007700964551260383,1.0609554049678754e-06,0.00016877569555403366,16,20,False,0.995,0.005,0.66,fixed,100,none,e7f9ddb3-8f5f-4b72-9bd9-db11716f47fd
2067,303200,50.93316173553467,0.99900075,0.999002,1.0,0.9960719999999998,0.0,0.0,0.0,0.0,0.0,0.0,0.0005,0.0,0.0,0.0,0.0005,0.0,0.0,0.0,0.002,0.9975,0.045899711685228106,1893,0.0007704169899166008,1.0612655815652735e-06,0.00016884591955324135,16,20,False,0.995,0.005,0.66,fixed,100,none,e7f9ddb3-8f5f-4b72-9bd9-db11716f47fd
2068,303400,50.95106077194214,0.99900075,0.999002,1.0,0.9960719999999998,0.0,0.0,0.0,0.0,0.0,0.0,0.0005,0.0,0.0,0.0,0.0005,0.0,0.0,0.0,0.002,0.9975,0.045899711685228106,1893,0.0007713062829016125,1.0665519515082712e-06,0.00016904159019794958,16,20,False,0.995,0.005,0.66,fixed,100,none,e7f9ddb3-8f5f-4b72-9bd9-db11716f47fd
2069,303500,50.969053506851196,0.99900075,0.999002,1.0,0.9960719999999998,0.0,0.0,0.0,0.0,0.0,0.0,0.0005,0.0,0.0,0.0,0.0005,0.0,0.0,0.0,0.002,0.9975,0.045899711685228106,1893,0.0007717684571832388,1.0671765700477939e-06,0.00016914287882572007,16,20,False,0.995,0.005,0.66,fixed,100,none,e7f9ddb3-8f5f-4b72-9bd9-db11716f47fd
2070,303800,50.98697543144226,0.99900075,0.999002,1.0,0.9960719999999998,0.0,0.0,0.0,0.0,0.0,0.0,0.0005,0.0,0.0,0.0,0.0005,0.0,0.0,0.0,0.002,0.9975,0.04629795038975885,1892,0.0007707036512093909,1.0646076909434485e-06,0.00016890930471101493,16,20,False,0.995,0.005,0.66,fixed,100,none,e7f9ddb3-8f5f-4b72-9bd9-db11716f47fd
2071,303900,51.004812717437744,0.99900075,0.999002,1.0,0.9960719999999998,0.0,0.0,0.0,0.0,0.0,0.0,0.0005,0.0,0.0,0.0,0.0005,0.0,0.0,0.0,0.002,0.9975,0.04629795038975885,1892,0.0007722620192156715,1.0683964017204807e-06,0.0001692511513226374,16,20,False,0.995,0.005,0.66,fixed,100,none,e7f9ddb3-8f5f-4b72-9bd9-db11716f47fd
2072,304100,51.02270698547363,0.99900075,0.999002,1.0,0.9960719999999998,0.0,0.0,0.0,0.0,0.0,0.0,0.0005,0.0,0.0,0.0,0.0005,0.0,0.0,0.0,0.002,0.9975,0.0458997116852281,1893,0.0007715762053814952,1.0681640129723679e-06,0.00016910098252047404,16,20,False,0.995,0.005,0.66,fixed,100,none,e7f9ddb3-8f5f-4b72-9bd9-db11716f47fd
2073,304200,51.04060673713684,0.99900075,0.999002,1.0,0.9960719999999998,0.0,0.0,0.0,0.0,0.0,0.0,0.0005,0.0,0.0,0.0,0.0005,0.0,0.0,0.0,0.002,0.9975,0.0458997116852281,1893,0.0007726535052480306,1.069147250800269e-06,0.00016933699027644596,16,20,False,0.995,0.005,0.66,fixed,100,none,e7f9ddb3-8f5f-4b72-9bd9-db11716f47fd
2074,304500,51.058549880981445,0.99900075,0.999002,1.0,0.9960719999999998,0.0,0.0,0.0,0.0,0.0,0.0,0.0005,0.0,0.0,0.0,0.0005,0.0,0.0,0.0,0.002,0.9975,0.04550046796188468,1894,0.000774327696051959,1.074767896008486e-06,0.00016970453856601545,16,20,False,0.995,0.005,0.66,fixed,100,none,e7f9ddb3-8f5f-4b72-9bd9-db11716f47fd
2075,304600,51.076472997665405,0.99900075,0.999002,1.0,0.9960719999999998,0.0,0.0,0.0,0.0,0.0,0.0,0.0005,0.0,0.0,0.0,0.0005,0.0,0.0,0.0,0.002,0.9975,0.0458997116852281,1893,0.0007733277005228933,1.0733272998331196e-06,0.00016948536583142964,16,20,False,0.995,0.005,0.66,fixed,100,none,e7f9ddb3-8f5f-4b72-9bd9-db11716f47fd
2076,304900,51.09426307678223,0.99900075,0.999002,1.0,0.9960719999999998,0.0,0.0,0.0,0.0,0.0,0.0,0.0005,0.0,0.0,0.0,0.0005,0.0,0.0,0.0,0.002,0.9975,0.04629795038975885,1892,0.0007751801933937041,1.0802523717984789e-06,0.00016989219228452356,16,20,False,0.995,0.005,0.66,fixed,100,none,e7f9ddb3-8f5f-4b72-9bd9-db11716f47fd
2077,305000,51.11218881607056,0.99900075,0.999002,1.0,0.9960719999999998,0.0,0.0,0.0,0.0,0.0,0.0,0.0005,0.0,0.0,0.0,0.0005,0.0,0.0,0.0,0.002,0.9975,0.0458997116852281,1893,0.0007761843425082804,1.084025041656588e-06,0.00017011271733297735,16,20,False,0.995,0.005,0.66,fixed,100,none,e7f9ddb3-8f5f-4b72-9bd9-db11716f47fd
2078,305200,51.130106925964355,0.99900075,0.999002,1.0,0.9960719999999998,0.0,0.0,0.0,0.0,0.0,0.0,0.0005,0.0,0.0,0.0,0.0005,0.0,0.0,0.0,0.002,0.9975,0.04629795038975885,1892,0.0007776156793615274,1.0872018432919654e-06,0.0001704266405624638,16,20,False,0.995,0.005,0.66,fixed,100,none,e7f9ddb3-8f5f-4b72-9bd9-db11716f47fd
2079,305300,51.14821100234985,0.99900075,0.999002,1.0,0.9960719999999998,0.0,0.0,0.0,0.0,0.0,0.0,0.0005,0.0,0.0,0.0,0.0005,0.0,0.0,0.0,0.002,0.9975,0.04629795038975885,1892,0.0007779230720129153,1.0880360880795991e-06,0.00017049408732036227,16,20,False,0.995,0.005,0.66,fixed,100,none,e7f9ddb3-8f5f-4b72-9bd9-db11716f47fd
2080,305500,51.16610789299011,0.99900075,0.999002,1.0,0.9960719999999998,0.0,0.0,0.0,0.0,0.0,0.0,0.0005,0.0,0.0,0.0,0.0005,0.0,0.0,0.0,0.002,0.9975,0.04629795038975885,1892,0.0007798889671342767,1.091607700229465e-06,0.00017092510036873678,16,20,False,0.995,0.005,0.66,fixed,100,none,e7f9ddb3-8f5f-4b72-9bd9-db11716f47fd
2081,305600,51.18388628959656,0.99900075,0.999002,1.0,0.9960719999999998,0.0,0.0,0.0,0.0,0.0,0.0,0.0005,0.0,0.0,0.0,0.0005,0.0,0.0,0.0,0.002,0.9975,0.04629795038975885,1892,0.0007793604613836318,1.0929114859231225e-06,0.00017080965817920242,16,20,False,0.995,0.005,0.66,fixed,100,none,e7f9ddb3-8f5f-4b72-9bd9-db11716f47fd
2082,305700,51.201767921447754,0.99900075,0.999002,1.0,0.9960719999999998,0.0,0.0,0.0,0.0,0.0,0.0,0.0005,0.0,0.0,0.0,0.0005,0.0,0.0,0.0,0.002,0.9975,0.04629795038975885,1892,0.0007804778631810866,1.0946647325480911e-06,0.00017105459054952402,16,20,False,0.995,0.005,0.66,fixed,100,none,e7f9ddb3-8f5f-4b72-9bd9-db11716f47fd
2083,305900,51.2198224067688,0.99900075,0.999002,1.0,0.9960719999999998,0.0,0.0,0.0,0.0,0.0,0.0,0.0005,0.0,0.0,0.0,0.0005,0.0,0.0,0.0,0.002,0.9975,0.04629795038975885,1892,0.0007807026526672468,1.0961147541350473e-06,0.000171104072472146,16,20,False,0.995,0.005,0.66,fixed,100,none,e7f9ddb3-8f5f-4b72-9bd9-db11716f47fd
2084,306000,51.23778486251831,0.99900075,0.999002,1.0,0.9960719999999998,0.0,0.0,0.0,0.0,0.0,0.0,0.0005,0.0,0.0,0.0,0.0005,0.0,0.0,0.0,0.002,0.9975,0.04629795038975885,1892,0.0007807026526672468,1.0961147541350473e-06,0.000171104072472146,16,20,False,0.995,0.005,0.66,fixed,100,none,e7f9ddb3-8f5f-4b72-9bd9-db11716f47fd
2085,306300,51.25560736656189,0.99900075,0.999002,1.0,0.9960719999999998,0.0,0.0,0.0,0.0,0.0,0.0,0.0005,0.0,0.0,0.0,0.0005,0.0,0.0,0.0,0.002,0.9975,0.04629795038975885,1892,0.000782998632766557,1.0986274203873527e-06,0.0001716071399224729,16,20,False,0.995,0.005,0.66,fixed,100,none,e7f9ddb3-8f5f-4b72-9bd9-db11716f47fd
2086,306400,51.273438453674316,0.99900075,0.999002,1.0,0.9960719999999998,0.0,0.0,0.0,0.0,0.0,0.0,0.0005,0.0,0.0,0.0,0.0005,0.0,0.0,0.0,0.002,0.9975,0.04629795038975885,1892,0.0007827744455941979,1.0985112071102626e-06,0.0001715580432699209,16,20,False,0.995,0.005,0.66,fixed,100,none,e7f9ddb3-8f5f-4b72-9bd9-db11716f47fd
2087,306700,51.29134678840637,0.99900075,0.999002,1.0,0.9960719999999998,0.0,0.0,0.0,0.0,0.0,0.0,0.0005,0.0,0.0,0.0,0.0005,0.0,0.0,0.0,0.002,0.9975,0.04629795038975885,1892,0.0007830254991810538,1.0998076394922207e-06,0.00017161324522223622,16,20,False,0.995,0.005,0.66,fixed,100,none,e7f9ddb3-8f5f-4b72-9bd9-db11716f47fd
2088,306800,51.309329986572266,0.99900075,0.999002,1.0,0.9960719999999998,0.0,0.0,0.0,0.0,0.0,0.0,0.0005,0.0,0.0,0.0,0.0005,0.0,0.0,0.0,0.002,0.9975,0.04629795038975885,1892,0.000782316947200703,1.0988990832233998e-06,0.00017145797056804634,16,20,False,0.995,0.005,0.66,fixed,100,none,e7f9ddb3-8f5f-4b72-9bd9-db11716f47fd
2089,307000,51.327221393585205,0.99900075,0.999002,1.0,0.9960719999999998,0.0,0.0,0.0,0.0,0.0,0.0,0.0005,0.0,0.0,0.0,0.0005,0.0,0.0,0.0,0.002,0.9975,0.04669518407547691,1891,0.0007837690743197994,1.1006490997065758e-06,0.00017177617369754832,16,20,False,0.995,0.005,0.66,fixed,100,none,e7f9ddb3-8f5f-4b72-9bd9-db11716f47fd
2090,307100,51.34504222869873,0.99900075,0.999002,1.0,0.9960719999999998,0.0,0.0,0.0,0.0,0.0,0.0,0.0005,0.0,0.0,0.0,0.0005,0.0,0.0,0.0,0.002,0.9975,0.04669518407547691,1891,0.0007844520511869387,1.1010272041347961e-06,0.0001719257491736065,16,20,False,0.995,0.005,0.66,fixed,100,none,e7f9ddb3-8f5f-4b72-9bd9-db11716f47fd
2091,307400,51.36305809020996,0.99900075,0.999002,1.0,0.9960719999999998,0.0,0.0,0.0,0.0,0.0,0.0,0.0005,0.0,0.0,0.0,0.0005,0.0,0.0,0.0,0.002,0.9975,0.04629795038975885,1892,0.0007863273884735513,1.1065900991544616e-06,0.00017233731745569972,16,20,False,0.995,0.005,0.66,fixed,100,none,e7f9ddb3-8f5f-4b72-9bd9-db11716f47fd
2092,307500,51.38106608390808,0.99900075,0.999002,1.0,0.9960719999999998,0.0,0.0,0.0,0.0,0.0,0.0,0.0005,0.0,0.0,0.0,0.0005,0.0,0.0,0.0,0.002,0.9975,0.04629795038975885,1892,0.0007867755075452852,1.1082158796153025e-06,0.00017243571961878985,16,20,False,0.995,0.005,0.66,fixed,100,none,e7f9ddb3-8f5f-4b72-9bd9-db11716f47fd
2093,307700,51.39916014671326,0.99900075,0.999002,1.0,0.9960719999999998,0.0,0.0,0.0,0.0,0.0,0.0,0.0005,0.0,0.0,0.0,0.0005,0.0,0.0,0.0,0.002,0.9975,0.04629795038975885,1892,0.0007865439956274724,1.1080127260813762e-06,0.00017238500306080917,16,20,False,0.995,0.005,0.66,fixed,100,none,e7f9ddb3-8f5f-4b72-9bd9-db11716f47fd
2094,307800,51.4170458316803,0.99900075,0.999002,1.0,0.9960719999999998,0.0,0.0,0.0,0.0,0.0,0.0,0.0005,0.0,0.0,0.0,0.0005,0.0,0.0,0.0,0.002,0.9975,0.04629795038975885,1892,0.0007879291787951535,1.110439630066421e-06,0.00017268868076797172,16,20,False,0.995,0.005,0.66,fixed,100,none,e7f9ddb3-8f5f-4b72-9bd9-db11716f47fd
2095,308100,51.43495965003967,0.99900075,0.999002,1.0,0.9960719999999998,0.0,0.0,0.0,0.0,0.0,0.0,0.0005,0.0,0.0,0.0,0.0005,0.0,0.0,0.0,0.002,0.9975,0.0458997116852281,1893,0.0007898818522055172,1.1137407162723547e-06,0.00017311674818387948,16,20,False,0.995,0.005,0.66,fixed,100,none,e7f9ddb3-8f5f-4b72-9bd9-db11716f47fd
2096,308200,51.45289421081543,0.99900075,0.999002,1.0,0.9960719999999998,0.0,0.0,0.0,0.0,0.0,0.0,0.0005,0.0,0.0,0.0,0.0005,0.0,0.0,0.0,0.002,0.9975,0.0458997116852281,1893,0.0007898096069586886,1.1134002681661918e-06,0.00017310086901420853,16,20,False,0.995,0.005,0.66,fixed,100,none,e7f9ddb3-8f5f-4b72-9bd9-db11716f47fd
2097,308500,51.470876932144165,0.99900075,0.999002,1.0,0.9960719999999998,0.0,0.0,0.0,0.0,0.0,0.0,0.0005,0.0,0.0,0.0,0.0005,0.0,0.0,0.0,0.002,0.9975,0.04629795038975885,1892,0.0007891061047963515,1.1131386075282368e-06,0.00017294682267535172,16,20,False,0.995,0.005,0.66,fixed,100,none,e7f9ddb3-8f5f-4b72-9bd9-db11716f47fd
2098,308600,51.48876118659973,0.99900075,0.999002,1.0,0.9960719999999998,0.0,0.0,0.0,0.0,0.0,0.0,0.0005,0.0,0.0,0.0,0.0005,0.0,0.0,0.0,0.002,0.9975,0.0458997116852281,1893,0.0007893585011853389,1.1125786113817268e-06,0.00017300196584563323,16,20,False,0.995,0.005,0.66,fixed,100,none,e7f9ddb3-8f5f-4b72-9bd9-db11716f47fd
2099,308800,51.50659942626953,0.99900075,0.999002,1.0,0.9960719999999998,0.0,0.0,0.0,0.0,0.0,0.0,0.0005,0.0,0.0,0.0,0.0005,0.0,0.0,0.0,0.002,0.9975,0.0458997116852281,1893,0.0007901873324734582,1.1176651099657305e-06,0.0001731843634493335,16,20,False,0.995,0.005,0.66,fixed,100,none,e7f9ddb3-8f5f-4b72-9bd9-db11716f47fd
2100,308900,51.52442193031311,0.99900075,0.999002,1.0,0.9960719999999998,0.0,0.0,0.0,0.0,0.0,0.0,0.0005,0.0,0.0,0.0,0.0005,0.0,0.0,0.0,0.002,0.9975,0.0458997116852281,1893,0.0007892610976471816,1.1181978483753768e-06,0.00017298171186615937,16,20,False,0.995,0.005,0.66,fixed,100,none,e7f9ddb3-8f5f-4b72-9bd9-db11716f47fd
2101,309200,51.54236197471619,0.99900075,0.999002,1.0,0.9960719999999998,0.0,0.0,0.0,0.0,0.0,0.0,0.0005,0.0,0.0,0.0,0.0005,0.0,0.0,0.0,0.002,0.9975,0.0458997116852281,1893,0.0007921581429145389,1.1216184284133317e-06,0.0001736165249853911,16,20,False,0.995,0.005,0.66,fixed,100,none,e7f9ddb3-8f5f-4b72-9bd9-db11716f47fd
2102,309300,51.56037449836731,0.99900075,0.999002,1.0,0.9960719999999998,0.0,0.0,0.0,0.0,0.0,0.0,0.0005,0.0,0.0,0.0,0.0005,0.0,0.0,0.0,0.002,0.9975,0.0458997116852281,1893,0.0007931270260034212,1.1217189308176037e-06,0.00017382863258900424,16,20,False,0.995,0.005,0.66,fixed,100,none,e7f9ddb3-8f5f-4b72-9bd9-db11716f47fd
2103,309500,51.57833552360535,0.99900075,0.999002,1.0,0.9960719999999998,0.0,0.0,0.0,0.0,0.0,0.0,0.0005,0.0,0.0,0.0,0.0005,0.0,0.0,0.0,0.002,0.9975,0.0458997116852281,1893,0.0007937920016094956,1.123332049298033e-06,0.00017397450224168522,16,20,False,0.995,0.005,0.66,fixed,100,none,e7f9ddb3-8f5f-4b72-9bd9-db11716f47fd
2104,309600,51.59614014625549,0.99900075,0.999002,1.0,0.9960719999999998,0.0,0.0,0.0,0.0,0.0,0.0,0.0005,0.0,0.0,0.0,0.0005,0.0,0.0,0.0,0.002,0.9975,0.0458997116852281,1893,0.0007954430779255681,1.1254315926129527e-06,0.0001743363217605033,16,20,False,0.995,0.005,0.66,fixed,100,none,e7f9ddb3-8f5f-4b72-9bd9-db11716f47fd
2105,309900,51.61407923698425,0.99900075,0.999002,1.0,0.9960719999999998,0.0,0.0,0.0,0.0,0.0,0.0,0.0005,0.0,0.0,0.0,0.0005,0.0,0.0,0.0,0.002,0.9975,0.04629795038975885,1892,0.0007958722111169384,1.1275501424134834e-06,0.00017443066154055638,16,20,False,0.995,0.005,0.66,fixed,100,none,e7f9ddb3-8f5f-4b72-9bd9-db11716f47fd
2106,310000,51.6321074962616,0.99900075,0.999002,1.0,0.9960719999999998,0.0,0.0,0.0,0.0,0.0,0.0,0.0005,0.0,0.0,0.0,0.0005,0.0,0.0,0.0,0.002,0.9975,0.04629795038975885,1892,0.0007972347481282964,1.1303326451674651e-06,0.00017472944956786589,16,20,False,0.995,0.005,0.66,fixed,100,none,e7f9ddb3-8f5f-4b72-9bd9-db11716f47fd
2107,310300,51.650367975234985,0.99900075,0.999002,1.0,0.9960719999999998,0.0,0.0,0.0,0.0,0.0,0.0,0.0005,0.0,0.0,0.0,0.0005,0.0,0.0,0.0,0.002,0.9975,0.0458997116852281,1893,0.0007962402063606032,1.1277321388717753e-06,0.0001745112502787217,16,20,False,0.995,0.005,0.66,fixed,100,none,e7f9ddb3-8f5f-4b72-9bd9-db11716f47fd
2108,310400,51.66835927963257,0.99900075,0.999002,1.0,0.9960719999999998,0.0,0.0,0.0,0.0,0.0,0.0,0.0005,0.0,0.0,0.0,0.0005,0.0,0.0,0.0,0.002,0.9975,0.0458997116852281,1893,0.0007971322324740584,1.1287249467608805e-06,0.00017470670342845598,16,20,False,0.995,0.005,0.66,fixed,100,none,e7f9ddb3-8f5f-4b72-9bd9-db11716f47fd
2109,310600,51.68632388114929,0.99900075,0.999002,1.0,0.9960719999999998,0.0,0.0,0.0,0.0,0.0,0.0,0.0005,0.0,0.0,0.0,0.0005,0.0,0.0,0.0,0.002,0.9975,0.0458997116852281,1893,0.0007973761063496209,1.1290505029287857e-06,0.0001747601492754885,16,20,False,0.995,0.005,0.66,fixed,100,none,e7f9ddb3-8f5f-4b72-9bd9-db11716f47fd
2110,310700,51.705363035202026,0.99900075,0.999002,1.0,0.9960719999999998,0.0,0.0,0.0,0.0,0.0,0.0,0.0005,0.0,0.0,0.0,0.0005,0.0,0.0,0.0,0.002,0.9975,0.0458997116852281,1893,0.0007969848500103406,1.1276797703997806e-06,0.00017467424282363952,16,20,False,0.995,0.005,0.66,fixed,100,none,e7f9ddb3-8f5f-4b72-9bd9-db11716f47fd
2111,311000,51.72354221343994,0.99900075,0.999002,1.0,0.9960719999999998,0.0,0.0,0.0,0.0,0.0,0.0,0.0005,0.0,0.0,0.0,0.0005,0.0,0.0,0.0,0.002,0.9975,0.04629795038975885,1892,0.0007989120845874635,1.128028601630151e-06,0.00017509618075050548,16,20,False,0.995,0.005,0.66,fixed,100,none,e7f9ddb3-8f5f-4b72-9bd9-db11716f47fd
2112,311100,51.74157190322876,0.99900075,0.999002,1.0,0.9960719999999998,0.0,0.0,0.0,0.0,0.0,0.0,0.0005,0.0,0.0,0.0,0.0005,0.0,0.0,0.0,0.002,0.9975,0.0458997116852281,1893,0.0007994445630633773,1.1269804449031645e-06,0.00017521254113910494,16,20,False,0.995,0.005,0.66,fixed,100,none,e7f9ddb3-8f5f-4b72-9bd9-db11716f47fd
2113,311400,51.75960350036621,0.99900075,0.999002,1.0,0.9960719999999998,0.0,0.0,0.0,0.0,0.0,0.0,0.0005,0.0,0.0,0.0,0.0005,0.0,0.0,0.0,0.002,0.9975,0.0458997116852281,1893,0.00079899671445296,1.1292239388784913e-06,0.00017511493334213985,16,20,False,0.995,0.005,0.66,fixed,100,none,e7f9ddb3-8f5f-4b72-9bd9-db11716f47fd
2114,311500,51.777435302734375,0.99900075,0.999002,1.0,0.9960719999999998,0.0,0.0,0.0,0.0,0.0,0.0,0.0005,0.0,0.0,0.0,0.0005,0.0,0.0,0.0,0.002,0.9975,0.0458997116852281,1893,0.00079899671445296,1.1292239388784913e-06,0.00017511493334213985,16,20,False,0.995,0.005,0.66,fixed,100,none,e7f9ddb3-8f5f-4b72-9bd9-db11716f47fd
2115,311700,51.79538345336914,0.99900075,0.999002,1.0,0.9960719999999998,0.0,0.0,0.0,0.0,0.0,0.0,0.0005,0.0,0.0,0.0,0.0005,0.0,0.0,0.0,0.002,0.9975,0.04550046796188468,1894,0.0007977544120370196,1.1261329233785524e-06,0.00017484240605034553,16,20,False,0.995,0.005,0.66,fixed,100,none,e7f9ddb3-8f5f-4b72-9bd9-db11716f47fd
2116,311800,51.813294887542725,0.99900075,0.999002,1.0,0.9960719999999998,0.0,0.0,0.0,0.0,0.0,0.0,0.0005,0.0,0.0,0.0,0.0005,0.0,0.0,0.0,0.002,0.9975,0.04550046796188468,1894,0.0007990890793188838,1.1280264025058302e-06,0.0001751349244793798,16,20,False,0.995,0.005,0.66,fixed,100,none,e7f9ddb3-8f5f-4b72-9bd9-db11716f47fd
2117,312100,51.831353425979614,0.99900075,0.999002,1.0,0.9960719999999998,0.0,0.0,0.0,0.0,0.0,0.0,0.0005,0.0,0.0,0.0,0.0005,0.0,0.0,0.0,0.002,0.9975,0.04550046796188468,1894,0.0008010163120479727,1.1317887015751198e-06,0.0001755575105606005,16,20,False,0.995,0.005,0.66,fixed,100,none,e7f9ddb3-8f5f-4b72-9bd9-db11716f47fd
2118,312200,51.8492865562439,0.99900075,0.999002,1.0,0.9960719999999998,0.0,0.0,0.0,0.0,0.0,0.0,0.0005,0.0,0.0,0.0,0.0005,0.0,0.0,0.0,0.002,0.9975,0.04550046796188468,1894,0.0008014088123512666,1.1327918493440804e-06,0.00017564361947506766,16,20,False,0.995,0.005,0.66,fixed,100,none,e7f9ddb3-8f5f-4b72-9bd9-db11716f47fd
2119,312400,51.86726522445679,0.99900075,0.999002,1.0,0.9960719999999998,0.0,0.0,0.0,0.0,0.0,0.0,0.0005,0.0,0.0,0.0,0.0005,0.0,0.0,0.0,0.002,0.9975,0.04550046796188468,1894,0.0008013823934754992,1.1325693108978647e-06,0.00017563779410085736,16,20,False,0.995,0.005,0.66,fixed,100,none,e7f9ddb3-8f5f-4b72-9bd9-db11716f47fd
2120,312500,51.88526630401611,0.99900075,0.999002,1.0,0.9960719999999998,0.0,0.0,0.0,0.0,0.0,0.0,0.0005,0.0,0.0,0.0,0.0005,0.0,0.0,0.0,0.002,0.9975,0.04550046796188468,1894,0.0008018165261693685,1.1313824289929495e-06,0.00017573260023998343,16,20,False,0.995,0.005,0.66,fixed,100,none,e7f9ddb3-8f5f-4b72-9bd9-db11716f47fd
2121,312800,51.903403520584106,0.99900075,0.999002,1.0,0.9960719999999998,0.0,0.0,0.0,0.0,0.0,0.0,0.0005,0.0,0.0,0.0,0.0005,0.0,0.0,0.0,0.002,0.9975,0.04550046796188468,1894,0.0008030995256229709,1.1304787819597612e-06,0.0001760132771274407,16,20,False,0.995,0.005,0.66,fixed,100,none,e7f9ddb3-8f5f-4b72-9bd9-db11716f47fd
2122,312900,51.921262979507446,0.99900075,0.999002,1.0,0.9960719999999998,0.0,0.0,0.0,0.0,0.0,0.0,0.0005,0.0,0.0,0.0,0.0005,0.0,0.0,0.0,0.002,0.9975,0.04550046796188468,1894,0.0008035662402382232,1.1321714280235463e-06,0.00017611576255947153,16,20,False,0.995,0.005,0.66,fixed,100,none,e7f9ddb3-8f5f-4b72-9bd9-db11716f47fd
2123,313200,51.939152002334595,0.99900075,0.999002,1.0,0.9960719999999998,0.0,0.0,0.0,0.0,0.0,0.0,0.0005,0.0,0.0,0.0,0.0005,0.0,0.0,0.0,0.002,0.9975,0.04550046796188468,1894,0.0008054806511977583,1.1336541640496304e-06,0.00017653510883835873,16,20,False,0.995,0.005,0.66,fixed,100,none,e7f9ddb3-8f5f-4b72-9bd9-db11716f47fd
2124,313300,51.957045555114746,0.99900075,0.999002,1.0,0.9960719999999998,0.0,0.0,0.0,0.0,0.0,0.0,0.0005,0.0,0.0,0.0,0.0005,0.0,0.0,0.0,0.002,0.9975,0.04550046796188468,1894,0.0008059547129051089,1.1340335636722688e-06,0.00017663895303202606,16,20,False,0.995,0.005,0.66,fixed,100,none,e7f9ddb3-8f5f-4b72-9bd9-db11716f47fd
2125,313500,51.97509574890137,0.99900075,0.999002,1.0,0.9960719999999998,0.0,0.0,0.0,0.0,0.0,0.0,0.0005,0.0,0.0,0.0,0.0005,0.0,0.0,0.0,0.002,0.9975,0.04550046796188468,1894,0.0008051186073210555,1.1337429528479058e-06,0.00017645587430362017,16,20,False,0.995,0.005,0.66,fixed,100,none,e7f9ddb3-8f5f-4b72-9bd9-db11716f47fd
2126,313600,51.99312996864319,0.99900075,0.999002,1.0,0.9960719999999998,0.0,0.0,0.0,0.0,0.0,0.0,0.0005,0.0,0.0,0.0,0.0005,0.0,0.0,0.0,0.002,0.9975,0.04550046796188468,1894,0.0008064901748293241,1.1363824682644633e-06,0.00017675661193910928,16,20,False,0.995,0.005,0.66,fixed,100,none,e7f9ddb3-8f5f-4b72-9bd9-db11716f47fd
2127,313900,52.01211404800415,0.99900075,0.999002,1.0,0.9960719999999998,0.0,0.0,0.0,0.0,0.0,0.0,0.0005,0.0,0.0,0.0,0.0005,0.0,0.0,0.0,0.002,0.9975,0.04550046796188468,1894,0.0008072429322737594,1.1412583600656634e-06,0.00017692231696313842,16,20,False,0.995,0.005,0.66,fixed,100,none,e7f9ddb3-8f5f-4b72-9bd9-db11716f47fd
2128,314000,52.02998185157776,0.99900075,0.999002,1.0,0.9960719999999998,0.0,0.0,0.0,0.0,0.0,0.0,0.0005,0.0,0.0,0.0,0.0005,0.0,0.0,0.0,0.002,0.9975,0.04550046796188468,1894,0.0008064809884392897,1.1414024542149177e-06,0.00017675555483566134,16,20,False,0.995,0.005,0.66,fixed,100,none,e7f9ddb3-8f5f-4b72-9bd9-db11716f47fd
2129,314200,52.047943115234375,0.99900075,0.999002,1.0,0.9960719999999998,0.0,0.0,0.0,0.0,0.0,0.0,0.0005,0.0,0.0,0.0,0.0005,0.0,0.0,0.0,0.002,0.9975,0.04550046796188468,1894,0.0008064665587906152,1.1432852375663388e-06,0.00017675275391440328,16,20,False,0.995,0.005,0.66,fixed,100,none,e7f9ddb3-8f5f-4b72-9bd9-db11716f47fd
2130,314300,52.065871715545654,0.99900075,0.999002,1.0,0.9960719999999998,0.0,0.0,0.0,0.0,0.0,0.0,0.0005,0.0,0.0,0.0,0.0005,0.0,0.0,0.0,0.002,0.9975,0.045899711685228106,1893,0.0008067401195005691,1.1442573969869976e-06,0.0001768128210641021,16,20,False,0.995,0.005,0.66,fixed,100,none,e7f9ddb3-8f5f-4b72-9bd9-db11716f47fd
2131,314600,52.08388590812683,0.99900075,0.999002,1.0,0.9960719999999998,0.0,0.0,0.0,0.0,0.0,0.0,0.0005,0.0,0.0,0.0,0.0005,0.0,0.0,0.0,0.002,0.9975,0.045899711685228106,1893,0.0008061577064106495,1.143609343467356e-06,0.00017668520770854998,16,20,False,0.995,0.005,0.66,fixed,100,none,e7f9ddb3-8f5f-4b72-9bd9-db11716f47fd
2132,314700,52.10171389579773,0.99900075,0.999002,1.0,0.9960719999999998,0.0,0.0,0.0,0.0,0.0,0.0,0.0005,0.0,0.0,0.0,0.0005,0.0,0.0,0.0,0.002,0.9975,0.045899711685228106,1893,0.0008063783270328974,1.1440729500429214e-06,0.0001767335896480094,16,20,False,0.995,0.005,0.66,fixed,100,none,e7f9ddb3-8f5f-4b72-9bd9-db11716f47fd
2133,315000,52.11963224411011,0.99900075,0.999002,1.0,0.9960719999999998,0.0,0.0,0.0,0.0,0.0,0.0,0.0005,0.0,0.0,0.0,0.0005,0.0,0.0,0.0,0.002,0.9975,0.045899711685228106,1893,0.000805149925763301,1.1415889020299278e-06,0.0001764642206409723,16,20,False,0.995,0.005,0.66,fixed,100,none,e7f9ddb3-8f5f-4b72-9bd9-db11716f47fd
2134,315100,52.13756036758423,0.99900075,0.999002,1.0,0.9960719999999998,0.0,0.0,0.0,0.0,0.0,0.0,0.0005,0.0,0.0,0.0,0.0005,0.0,0.0,0.0,0.002,0.9975,0.04550046796188467,1894,0.0008045927370823009,1.1403395585278716e-06,0.00017634201466343598,16,20,False,0.995,0.005,0.66,fixed,100,none,e7f9ddb3-8f5f-4b72-9bd9-db11716f47fd
2135,315300,52.15581035614014,0.99900075,0.999002,1.0,0.9960719999999998,0.0,0.0,0.0,0.0,0.0,0.0,0.0005,0.0,0.0,0.0,0.0005,0.0,0.0,0.0,0.002,0.9975,0.045899711685228106,1893,0.000803054698322921,1.1408434211905771e-06,0.00017600543371291364,16,20,False,0.995,0.005,0.66,fixed,100,none,e7f9ddb3-8f5f-4b72-9bd9-db11716f47fd
2136,315400,52.17378616333008,0.99900075,0.999002,1.0,0.9960719999999998,0.0,0.0,0.0,0.0,0.0,0.0,0.0005,0.0,0.0,0.0,0.0005,0.0,0.0,0.0,0.002,0.9975,0.045899711685228106,1893,0.0008030198455573072,1.1401743565019173e-06,0.0001759976773202299,16,20,False,0.995,0.005,0.66,fixed,100,none,e7f9ddb3-8f5f-4b72-9bd9-db11716f47fd
2137,315700,52.19163799285889,0.99900075,0.999002,1.0,0.9960719999999998,0.0,0.0,0.0,0.0,0.0,0.0,0.0005,0.0,0.0,0.0,0.0005,0.0,0.0,0.0,0.002,0.9975,0.04629795038975885,1892,0.000804371894297082,1.1405055030770362e-06,0.0001762937037072159,16,20,False,0.995,0.005,0.66,fixed,100,none,e7f9ddb3-8f5f-4b72-9bd9-db11716f47fd
2138,315800,52.20951437950134,0.99900075,0.999002,1.0,0.9960719999999998,0.0,0.0,0.0,0.0,0.0,0.0,0.0005,0.0,0.0,0.0,0.0005,0.0,0.0,0.0,0.002,0.9975,0.04550046796188467,1894,0.0008062719531865942,1.1442337532744034e-06,0.00017671033496566762,16,20,False,0.995,0.005,0.66,fixed,100,none,e7f9ddb3-8f5f-4b72-9bd9-db11716f47fd
2139,316000,52.227561950683594,0.99900075,0.999002,1.0,0.9960719999999998,0.0,0.0,0.0,0.0,0.0,0.0,0.0005,0.0,0.0,0.0,0.0005,0.0,0.0,0.0,0.002,0.9975,0.04629795038975885,1892,0.0008066995635699681,1.1465405032400816e-06,0.00017680437716108163,16,20,False,0.995,0.005,0.66,fixed,100,none,e7f9ddb3-8f5f-4b72-9bd9-db11716f47fd
2140,316100,52.2455198764801,0.99900075,0.999002,1.0,0.9960719999999998,0.0,0.0,0.0,0.0,0.0,0.0,0.0005,0.0,0.0,0.0,0.0005,0.0,0.0,0.0,0.002,0.9975,0.04629795038975885,1892,0.0008065619651305233,1.1444013720177637e-06,0.00017677385042775493,16,20,False,0.995,0.005,0.66,fixed,100,none,e7f9ddb3-8f5f-4b72-9bd9-db11716f47fd
2141,316400,52.263551473617554,0.99900075,0.999002,1.0,0.9960719999999998,0.0,0.0,0.0,0.0,0.0,0.0,0.0005,0.0,0.0,0.0,0.0005,0.0,0.0,0.0,0.002,0.9975,0.04629795038975885,1892,0.0008056565972509831,1.1461695503447797e-06,0.00017657600135280574,16,20,False,0.995,0.005,0.66,fixed,100,none,e7f9ddb3-8f5f-4b72-9bd9-db11716f47fd
2142,316500,52.28158164024353,0.99900075,0.999002,1.0,0.9960719999999998,0.0,0.0,0.0,0.0,0.0,0.0,0.0005,0.0,0.0,0.0,0.0005,0.0,0.0,0.0,0.002,0.9975,0.04629795038975885,1892,0.0008054982550347819,1.1461125646736836e-06,0.00017654132941440176,16,20,False,0.995,0.005,0.66,fixed,100,none,e7f9ddb3-8f5f-4b72-9bd9-db11716f47fd
2143,316800,52.29966759681702,0.99900075,0.999002,1.0,0.9960719999999998,0.0,0.0,0.0,0.0,0.0,0.0,0.0005,0.0,0.0,0.0,0.0005,0.0,0.0,0.0,0.002,0.9975,0.04629795038975885,1892,0.0008099399560172803,1.1551007031375745e-06,0.0001775153255057788,16,20,False,0.995,0.005,0.66,fixed,100,none,e7f9ddb3-8f5f-4b72-9bd9-db11716f47fd
2144,316900,52.31777858734131,0.99900075,0.999002,1.0,0.9960719999999998,0.0,0.0,0.0,0.0,0.0,0.0,0.0005,0.0,0.0,0.0,0.0005,0.0,0.0,0.0,0.002,0.9975,0.04629795038975885,1892,0.0008099912700612065,1.1565423970995105e-06,0.00017752683207184703,16,20,False,0.995,0.005,0.66,fixed,100,none,e7f9ddb3-8f5f-4b72-9bd9-db11716f47fd
2145,317100,52.335806369781494,0.99900075,0.999002,1.0,0.9960719999999998,0.0,0.0,0.0,0.0,0.0,0.0,0.0005,0.0,0.0,0.0,0.0005,0.0,0.0,0.0,0.002,0.9975,0.04629795038975885,1892,0.0008109155846217072,1.160437131104654e-06,0.0001777299045286016,16,20,False,0.995,0.005,0.66,fixed,100,none,e7f9ddb3-8f5f-4b72-9bd9-db11716f47fd
2146,317200,52.353681802749634,0.99900075,0.999002,1.0,0.9960719999999998,0.0,0.0,0.0,0.0,0.0,0.0,0.0005,0.0,0.0,0.0,0.0005,0.0,0.0,0.0,0.002,0.9975,0.04629795038975885,1892,0.0008106669056914097,1.1611504197036864e-06,0.0001776756042355933,16,20,False,0.995,0.005,0.66,fixed,100,none,e7f9ddb3-8f5f-4b72-9bd9-db11716f47fd
2147,317500,52.3715283870697,0.99900075,0.999002,1.0,0.9960719999999998,0.0,0.0,0.0,0.0,0.0,0.0,0.0005,0.0,0.0,0.0,0.0005,0.0,0.0,0.0,0.002,0.9975,0.04629795038975885,1892,0.0008115853755749746,1.1663627824954195e-06,0.0001778776476420361,16,20,False,0.995,0.005,0.66,fixed,100,none,e7f9ddb3-8f5f-4b72-9bd9-db11716f47fd
2148,317600,52.389418601989746,0.99900075,0.999002,1.0,0.9960719999999998,0.0,0.0,0.0,0.0,0.0,0.0,0.0005,0.0,0.0,0.0,0.0005,0.0,0.0,0.0,0.002,0.9975,0.04629795038975885,1892,0.0008120584400979247,1.1677955967294296e-06,0.00017798147370081435,16,20,False,0.995,0.005,0.66,fixed,100,none,e7f9ddb3-8f5f-4b72-9bd9-db11716f47fd
2149,317800,52.40750455856323,0.99900075,0.999002,1.0,0.9960719999999998,0.0,0.0,0.0,0.0,0.0,0.0,0.0005,0.0,0.0,0.0,0.0005,0.0,0.0,0.0,0.002,0.9975,0.045899711685228106,1893,0.0008145656895042204,1.1723876864694475e-06,0.00017853118309290306,16,20,False,0.995,0.005,0.66,fixed,100,none,e7f9ddb3-8f5f-4b72-9bd9-db11716f47fd
2150,317900,52.42539858818054,0.99900075,0.999002,1.0,0.9960719999999998,0.0,0.0,0.0,0.0,0.0,0.0,0.0005,0.0,0.0,0.0,0.0005,0.0,0.0,0.0,0.002,0.9975,0.045899711685228106,1893,0.0008141110287575742,1.1697737398230684e-06,0.00017843116120559938,16,20,False,0.995,0.005,0.66,fixed,100,none,e7f9ddb3-8f5f-4b72-9bd9-db11716f47fd
2151,318200,52.443352937698364,0.99900075,0.999002,1.0,0.9960719999999998,0.0,0.0,0.0,0.0,0.0,0.0,0.0005,0.0,0.0,0.0,0.0005,0.0,0.0,0.0,0.002,0.9975,0.045899711685228106,1893,0.0008154370932905348,1.1720495034225674e-06,0.00017872186912694837,16,20,False,0.995,0.005,0.66,fixed,100,none,e7f9ddb3-8f5f-4b72-9bd9-db11716f47fd
2152,318300,52.46159768104553,0.99900075,0.999002,1.0,0.9960719999999998,0.0,0.0,0.0,0.0,0.0,0.0,0.0005,0.0,0.0,0.0,0.0005,0.0,0.0,0.0,0.002,0.9975,0.045899711685228106,1893,0.0008150473410294243,1.1727126369007377e-06,0.00017863667835235213,16,20,False,0.995,0.005,0.66,fixed,100,none,e7f9ddb3-8f5f-4b72-9bd9-db11716f47fd
2153,318400,52.479652404785156,0.99900075,0.999002,1.0,0.9960719999999998,0.0,0.0,0.0,0.0,0.0,0.0,0.0005,0.0,0.0,0.0,0.0005,0.0,0.0,0.0,0.002,0.9975,0.045899711685228106,1893,0.0008146033293109912,1.172302507378718e-06,0.00017853940626257796,16,20,False,0.995,0.005,0.66,fixed,100,none,e7f9ddb3-8f5f-4b72-9bd9-db11716f47fd
2154,318600,52.49755549430847,0.99900075,0.999002,1.0,0.9960719999999998,0.0,0.0,0.0,0.0,0.0,0.0,0.0005,0.0,0.0,0.0,0.0005,0.0,0.0,0.0,0.002,0.9975,0.045899711685228106,1893,0.0008162640091512642,1.1754327679762103e-06,0.00017890352382912721,16,20,False,0.995,0.005,0.66,fixed,100,none,e7f9ddb3-8f5f-4b72-9bd9-db11716f47fd
2155,318700,52.51546311378479,0.99900075,0.999002,1.0,0.9960719999999998,0.0,0.0,0.0,0.0,0.0,0.0,0.0005,0.0,0.0,0.0,0.0005,0.0,0.0,0.0,0.002,0.9975,0.045899711685228106,1893,0.0008152664298880201,1.174557405963488e-06,0.00017868498740962067,16,20,False,0.995,0.005,0.66,fixed,100,none,e7f9ddb3-8f5f-4b72-9bd9-db11716f47fd
2156,318900,52.53332304954529,0.99900075,0.999002,1.0,0.9960719999999998,0.0,0.0,0.0,0.0,0.0,0.0,0.0005,0.0,0.0,0.0,0.0005,0.0,0.0,0.0,0.002,0.9975,0.045899711685228106,1893,0.0008154895729614531,1.1753196333337498e-06,0.0001787339782515955,16,20,False,0.995,0.005,0.66,fixed,100,none,e7f9ddb3-8f5f-4b72-9bd9-db11716f47fd
2157,319000,52.551390171051025,0.99900075,0.999002,1.0,0.9960719999999998,0.0,0.0,0.0,0.0,0.0,0.0,0.0005,0.0,0.0,0.0,0.0005,0.0,0.0,0.0,0.002,0.9975,0.045899711685228106,1893,0.0008161496067860656,1.1763987785077015e-06,0.0001788786646933862,16,20,False,0.995,0.005,0.66,fixed,100,none,e7f9ddb3-8f5f-4b72-9bd9-db11716f47fd
2158,319300,52.56944441795349,0.99900075,0.999002,1.0,0.9960719999999998,0.0,0.0,0.0,0.0,0.0,0.0,0.0005,0.0,0.0,0.0,0.0005,0.0,0.0,0.0,0.002,0.9975,0.045899711685228106,1893,0.0008164057617273135,1.1742927834857104e-06,0.00017893433687097123,16,20,False,0.995,0.005,0.66,fixed,100,none,e7f9ddb3-8f5f-4b72-9bd9-db11716f47fd
2159,319400,52.58747601509094,0.99900075,0.999002,1.0,0.9960719999999998,0.0,0.0,0.0,0.0,0.0,0.0,0.0005,0.0,0.0,0.0,0.0005,0.0,0.0,0.0,0.002,0.9975,0.04629795038975884,1892,0.0008166460105057878,1.1749326178465385e-06,0.0001789870488971078,16,20,False,0.995,0.005,0.66,fixed,100,none,e7f9ddb3-8f5f-4b72-9bd9-db11716f47fd
2160,319600,52.605329751968384,0.99900075,0.999002,1.0,0.9960719999999998,0.0,0.0,0.0,0.0,0.0,0.0,0.0005,0.0,0.0,0.0,0.0005,0.0,0.0,0.0,0.002,0.9975,0.045899711685228106,1893,0.0008184314388351101,1.1764264045131418e-06,0.0001793781629778631,16,20,False,0.995,0.005,0.66,fixed,100,none,e7f9ddb3-8f5f-4b72-9bd9-db11716f47fd
2161,319700,52.62335777282715,0.99900075,0.999002,1.0,0.9960719999999998,0.0,0.0,0.0,0.0,0.0,0.0,0.0005,0.0,0.0,0.0,0.0005,0.0,0.0,0.0,0.002,0.9975,0.045899711685228106,1893,0.0008190265269252813,1.1785462742161964e-06,0.00017950883053604517,16,20,False,0.995,0.005,0.66,fixed,100,none,e7f9ddb3-8f5f-4b72-9bd9-db11716f47fd
2162,320000,52.64129972457886,0.99900075,0.999002,1.0,0.9960719999999998,0.0,0.0,0.0,0.0,0.0,0.0,0.0005,0.0,0.0,0.0,0.0005,0.0,0.0,0.0,0.002,0.9975,0.045899711685228106,1893,0.0008192374771865258,1.1806330761682202e-06,0.00017955540404060246,16,20,False,0.995,0.005,0.66,fixed,100,none,e7f9ddb3-8f5f-4b72-9bd9-db11716f47fd
2163,320100,52.659486055374146,0.99900075,0.999002,1.0,0.9960719999999998,0.0,0.0,0.0,0.0,0.0,0.0,0.0005,0.0,0.0,0.0,0.0005,0.0,0.0,0.0,0.002,0.9975,0.045899711685228106,1893,0.0008205479008517993,1.1841397593095943e-06,0.0001798429220507277,16,20,False,0.995,0.005,0.66,fixed,100,none,e7f9ddb3-8f5f-4b72-9bd9-db11716f47fd
2164,320400,52.677403926849365,0.99900075,0.999002,1.0,0.9960719999999998,0.0,0.0,0.0,0.0,0.0,0.0,0.0005,0.0,0.0,0.0,0.0005,0.0,0.0,0.0,0.002,0.9975,0.045899711685228106,1893,0.0008229314761820824,1.1867292088033863e-06,0.00018036517868593048,16,20,False,0.995,0.005,0.66,fixed,100,none,e7f9ddb3-8f5f-4b72-9bd9-db11716f47fd
2165,320500,52.695300817489624,0.99900075,0.999002,1.0,0.9960719999999998,0.0,0.0,0.0,0.0,0.0,0.0,0.0005,0.0,0.0,0.0,0.0005,0.0,0.0,0.0,0.002,0.9975,0.045899711685228106,1893,0.0008233884963618171,1.1883103744823375e-06,0.00018046552082475343,16,20,False,0.995,0.005,0.66,fixed,100,none,e7f9ddb3-8f5f-4b72-9bd9-db11716f47fd
2166,320700,52.713213205337524,0.99900075,0.999002,1.0,0.9960719999999998,0.0,0.0,0.0,0.0,0.0,0.0,0.0005,0.0,0.0,0.0,0.0005,0.0,0.0,0.0,0.002,0.9975,0.045899711685228106,1893,0.0008232409078517252,1.1877112840726726e-06,0.00018043309987271643,16,20,False,0.995,0.005,0.66,fixed,100,none,e7f9ddb3-8f5f-4b72-9bd9-db11716f47fd
2167,320800,52.731365442276,0.99900075,0.999002,1.0,0.9960719999999998,0.0,0.0,0.0,0.0,0.0,0.0,0.0005,0.0,0.0,0.0,0.0005,0.0,0.0,0.0,0.002,0.9975,0.045899711685228106,1893,0.0008216023406331032,1.1848531628626156e-06,0.0001800738744655302,16,20,False,0.995,0.005,0.66,fixed,100,none,e7f9ddb3-8f5f-4b72-9bd9-db11716f47fd
2168,321000,52.749470949172974,0.99900075,0.999002,1.0,0.9960719999999998,0.0,0.0,0.0,0.0,0.0,0.0,0.0005,0.0,0.0,0.0,0.0005,0.0,0.0,0.0,0.002,0.9975,0.045899711685228106,1893,0.0008212326224880324,1.1843984615445194e-06,0.0001799928567703238,16,20,False,0.995,0.005,0.66,fixed,100,none,e7f9ddb3-8f5f-4b72-9bd9-db11716f47fd
2169,321100,52.76743745803833,0.99900075,0.999002,1.0,0.9960719999999998,0.0,0.0,0.0,0.0,0.0,0.0,0.0005,0.0,0.0,0.0,0.0005,0.0,0.0,0.0,0.002,0.9975,0.045899711685228106,1893,0.0008228844594691715,1.18832066205006e-06,0.00018035518910359117,16,20,False,0.995,0.005,0.66,fixed,100,none,e7f9ddb3-8f5f-4b72-9bd9-db11716f47fd
2170,321200,52.785317182540894,0.99900075,0.999002,1.0,0.9960719999999998,0.0,0.0,0.0,0.0,0.0,0.0,0.0005,0.0,0.0,0.0,0.0005,0.0,0.0,0.0,0.002,0.9975,0.045899711685228106,1893,0.0008218938156165342,1.186929461874998e-06,0.0001801380728362156,16,20,False,0.995,0.005,0.66,fixed,100,none,e7f9ddb3-8f5f-4b72-9bd9-db11716f47fd
2171,321400,52.803210973739624,0.99900075,0.999002,1.0,0.9960719999999998,0.0,0.0,0.0,0.0,0.0,0.0,0.0005,0.0,0.0,0.0,0.0005,0.0,0.0,0.0,0.002,0.9975,0.045899711685228106,1893,0.0008238040278290859,1.1885943868736936e-06,0.0001805565346252929,16,20,False,0.995,0.005,0.66,fixed,100,none,e7f9ddb3-8f5f-4b72-9bd9-db11716f47fd
2172,321500,52.821250677108765,0.99900075,0.999002,1.0,0.9960719999999998,0.0,0.0,0.0,0.0,0.0,0.0,0.0005,0.0,0.0,0.0,0.0005,0.0,0.0,0.0,0.002,0.9975,0.045899711685228106,1893,0.0008254278440682881,1.1933450647398552e-06,0.00018091289062884886,16,20,False,0.995,0.005,0.66,fixed,100,none,e7f9ddb3-8f5f-4b72-9bd9-db11716f47fd
2173,321800,52.839332580566406,0.99900075,0.999002,1.0,0.9960719999999998,0.0,0.0,0.0,0.0,0.0,0.0,0.0005,0.0,0.0,0.0,0.0005,0.0,0.0,0.0,0.002,0.9975,0.045899711685228106,1893,0.0008253767117321978,1.1922643887716593e-06,0.0001809014924320447,16,20,False,0.995,0.005,0.66,fixed,100,none,e7f9ddb3-8f5f-4b72-9bd9-db11716f47fd
2174,321900,52.85720705986023,0.99900075,0.999002,1.0,0.9960719999999998,0.0,0.0,0.0,0.0,0.0,0.0,0.0005,0.0,0.0,0.0,0.0005,0.0,0.0,0.0,0.002,0.9975,0.04629795038975884,1892,0.0008264423392745921,1.195380495887582e-06,0.00018113535036142685,16,20,False,0.995,0.005,0.66,fixed,100,none,e7f9ddb3-8f5f-4b72-9bd9-db11716f47fd
2175,322200,52.87517261505127,0.99900075,0.999002,1.0,0.9960719999999998,0.0,0.0,0.0,0.0,0.0,0.0,0.0005,0.0,0.0,0.0,0.0005,0.0,0.0,0.0,0.002,0.9975,0.04629795038975884,1892,0.0008271141149316935,1.1959592266498638e-06,0.0001812825120116112,16,20,False,0.995,0.005,0.66,fixed,100,none,e7f9ddb3-8f5f-4b72-9bd9-db11716f47fd
2176,322300,52.89336609840393,0.99900075,0.999002,1.0,0.9960719999999998,0.0,0.0,0.0,0.0,0.0,0.0,0.0005,0.0,0.0,0.0,0.0005,0.0,0.0,0.0,0.002,0.9975,0.04629795038975884,1892,0.0008271434996449379,1.1959655024863522e-06,0.0001812889455177493,16,20,False,0.995,0.005,0.66,fixed,100,none,e7f9ddb3-8f5f-4b72-9bd9-db11716f47fd
2177,322500,52.91149282455444,0.99900075,0.999002,1.0,0.9960719999999998,0.0,0.0,0.0,0.0,0.0,0.0,0.0005,0.0,0.0,0.0,0.0005,0.0,0.0,0.0,0.002,0.9975,0.04629795038975884,1892,0.0008288294257621924,1.1999969799474696e-06,0.00018165876072553396,16,20,False,0.995,0.005,0.66,fixed,100,none,e7f9ddb3-8f5f-4b72-9bd9-db11716f47fd
2178,322600,52.929407835006714,0.99900075,0.999002,1.0,0.9960719999999998,0.0,0.0,0.0,0.0,0.0,0.0,0.0005,0.0,0.0,0.0,0.0005,0.0,0.0,0.0,0.002,0.9975,0.04629795038975884,1892,0.0008284364532554793,1.2009575952692316e-06,0.00018157292156072556,16,20,False,0.995,0.005,0.66,fixed,100,none,e7f9ddb3-8f5f-4b72-9bd9-db11716f47fd
2179,322900,52.947304010391235,0.99900075,0.999002,1.0,0.9960719999999998,0.0,0.0,0.0,0.0,0.0,0.0,0.0005,0.0,0.0,0.0,0.0005,0.0,0.0,0.0,0.002,0.9975,0.04629795038975884,1892,0.0008301915780929523,1.2036493035713676e-06,0.00018195762981222582,16,20,False,0.995,0.005,0.66,fixed,100,none,e7f9ddb3-8f5f-4b72-9bd9-db11716f47fd
2180,323000,52.96519374847412,0.99900075,0.999002,1.0,0.9960719999999998,0.0,0.0,0.0,0.0,0.0,0.0,0.0005,0.0,0.0,0.0,0.0005,0.0,0.0,0.0,0.002,0.9975,0.04629795038975884,1892,0.0008297764642179923,1.2018924010232332e-06,0.00018186642757351296,16,20,False,0.995,0.005,0.66,fixed,100,none,e7f9ddb3-8f5f-4b72-9bd9-db11716f47fd
2181,323200,52.98320817947388,0.99900075,0.999002,1.0,0.9960719999999998,0.0,0.0,0.0,0.0,0.0,0.0,0.0005,0.0,0.0,0.0,0.0005,0.0,0.0,0.0,0.002,0.9975,0.04629795038975884,1892,0.0008313141309741882,1.2048715939393998e-06,0.0001822035888730983,16,20,False,0.995,0.005,0.66,fixed,100,none,e7f9ddb3-8f5f-4b72-9bd9-db11716f47fd
2182,323300,53.00120496749878,0.99900075,0.999002,1.0,0.9960719999999998,0.0,0.0,0.0,0.0,0.0,0.0,0.0005,0.0,0.0,0.0,0.0005,0.0,0.0,0.0,0.002,0.9975,0.04629795038975884,1892,0.0008313141309741882,1.2048715939393998e-06,0.0001822035888730983,16,20,False,0.995,0.005,0.66,fixed,100,none,e7f9ddb3-8f5f-4b72-9bd9-db11716f47fd
2183,323600,53.01912784576416,0.99900075,0.999002,1.0,0.9960719999999998,0.0,0.0,0.0,0.0,0.0,0.0,0.0005,0.0,0.0,0.0,0.0005,0.0,0.0,0.0,0.002,0.9975,0.04629795038975885,1892,0.0008329028484493842,1.2070889305737133e-06,0.0001825517804223792,16,20,False,0.995,0.005,0.66,fixed,100,none,e7f9ddb3-8f5f-4b72-9bd9-db11716f47fd
2184,323700,53.03713870048523,0.99900075,0.999002,1.0,0.9960719999999998,0.0,0.0,0.0,0.0,0.0,0.0,0.0005,0.0,0.0,0.0,0.0005,0.0,0.0,0.0,0.002,0.9975,0.045899711685228106,1893,0.0008331158781382923,1.2078772267884057e-06,0.000182598562397562,16,20,False,0.995,0.005,0.66,fixed,100,none,e7f9ddb3-8f5f-4b72-9bd9-db11716f47fd
2185,324000,53.05510950088501,0.99900075,0.999002,1.0,0.9960719999999998,0.0,0.0,0.0,0.0,0.0,0.0,0.0005,0.0,0.0,0.0,0.0005,0.0,0.0,0.0,0.002,0.9975,0.04629795038975885,1892,0.0008334109667757716,1.2138800825612465e-06,0.00018266429784290304,16,20,False,0.995,0.005,0.66,fixed,100,none,e7f9ddb3-8f5f-4b72-9bd9-db11716f47fd
2186,324100,53.07321000099182,0.99900075,0.999002,1.0,0.9960719999999998,0.0,0.0,0.0,0.0,0.0,0.0,0.0005,0.0,0.0,0.0,0.0005,0.0,0.0,0.0,0.002,0.9975,0.045899711685228106,1893,0.0008354919468433659,1.2195613239615026e-06,0.00018312090381556552,16,20,False,0.995,0.005,0.66,fixed,100,none,e7f9ddb3-8f5f-4b72-9bd9-db11716f47fd
2187,324300,53.09131073951721,0.99900075,0.999002,1.0,0.9960719999999998,0.0,0.0,0.0,0.0,0.0,0.0,0.0005,0.0,0.0,0.0,0.0005,0.0,0.0,0.0,0.002,0.9975,0.045899711685228106,1893,0.0008350990757168049,1.2198095386861984e-06,0.00018303495148675895,16,20,False,0.995,0.005,0.66,fixed,100,none,e7f9ddb3-8f5f-4b72-9bd9-db11716f47fd
2188,324400,53.109384059906006,0.99900075,0.999002,1.0,0.9960719999999998,0.0,0.0,0.0,0.0,0.0,0.0,0.0005,0.0,0.0,0.0,0.0005,0.0,0.0,0.0,0.002,0.9975,0.04629795038975885,1892,0.000834679422371142,1.2190284606337742e-06,0.0001829429409645634,16,20,False,0.995,0.005,0.66,fixed,100,none,e7f9ddb3-8f5f-4b72-9bd9-db11716f47fd
2189,324700,53.12736225128174,0.99900075,0.999002,1.0,0.9960719999999998,0.0,0.0,0.0,0.0,0.0,0.0,0.0005,0.0,0.0,0.0,0.0005,0.0,0.0,0.0,0.002,0.9975,0.04629795038975885,1892,0.0008365056866639925,1.2252693732753496e-06,0.00018334389599167027,16,20,False,0.995,0.005,0.66,fixed,100,none,e7f9ddb3-8f5f-4b72-9bd9-db11716f47fd
2190,324800,53.14534664154053,0.99900075,0.999002,1.0,0.9960719999999998,0.0,0.0,0.0,0.0,0.0,0.0,0.0005,0.0,0.0,0.0,0.0005,0.0,0.0,0.0,0.002,0.9975,0.04629795038975885,1892,0.0008380171370344586,1.2277616287772102e-06,0.00018367522600631065,16,20,False,0.995,0.005,0.66,fixed,100,none,e7f9ddb3-8f5f-4b72-9bd9-db11716f47fd
2191,325000,53.16348886489868,0.99900075,0.999002,1.0,0.9960719999999998,0.0,0.0,0.0,0.0,0.0,0.0,0.0005,0.0,0.0,0.0,0.0005,0.0,0.0,0.0,0.002,0.9975,0.04669518407547692,1891,0.0008394789181204779,1.2319531787236162e-06,0.00018399600628053012,16,20,False,0.995,0.005,0.66,fixed,100,none,e7f9ddb3-8f5f-4b72-9bd9-db11716f47fd
2192,325100,53.18143844604492,0.99900075,0.999002,1.0,0.9960719999999998,0.0,0.0,0.0,0.0,0.0,0.0,0.0005,0.0,0.0,0.0,0.0005,0.0,0.0,0.0,0.002,0.9975,0.04669518407547692,1891,0.0008385855003330379,1.2315443716704064e-06,0.00018380035945351938,16,20,False,0.995,0.005,0.66,fixed,100,none,e7f9ddb3-8f5f-4b72-9bd9-db11716f47fd
2193,325400,53.19931101799011,0.99900075,0.999002,1.0,0.9960719999999998,0.0,0.0,0.0,0.0,0.0,0.0,0.0005,0.0,0.0,0.0,0.0005,0.0,0.0,0.0,0.002,0.9975,0.046297950389758855,1892,0.0008398156488520016,1.233745438750352e-06,0.00018407005716706572,16,20,False,0.995,0.005,0.66,fixed,100,none,e7f9ddb3-8f5f-4b72-9bd9-db11716f47fd
2194,325500,53.217162132263184,0.99900075,0.999002,1.0,0.9960719999999998,0.0,0.0,0.0,0.0,0.0,0.0,0.0005,0.0,0.0,0.0,0.0005,0.0,0.0,0.0,0.002,0.9975,0.046297950389758855,1892,0.0008418827769119918,1.2385790284834193e-06,0.00018452346988144687,16,20,False,0.995,0.005,0.66,fixed,100,none,e7f9ddb3-8f5f-4b72-9bd9-db11716f47fd
2195,325800,53.23523139953613,0.99900075,0.999002,1.0,0.9960719999999998,0.0,0.0,0.0,0.0,0.0,0.0,0.0005,0.0,0.0,0.0,0.0005,0.0,0.0,0.0,0.002,0.9975,0.046297950389758855,1892,0.0008423089555891456,1.2397391699840707e-06,0.00018461698082076098,16,20,False,0.995,0.005,0.66,fixed,100,none,e7f9ddb3-8f5f-4b72-9bd9-db11716f47fd
2196,325900,53.25332760810852,0.99900075,0.999002,1.0,0.9960719999999998,0.0,0.0,0.0,0.0,0.0,0.0,0.0005,0.0,0.0,0.0,0.0005,0.0,0.0,0.0,0.002,0.9975,0.046297950389758855,1892,0.00084279068620298,1.2418504706685085e-06,0.00018472283279925933,16,20,False,0.995,0.005,0.66,fixed,100,none,e7f9ddb3-8f5f-4b72-9bd9-db11716f47fd
2197,326100,53.27132487297058,0.99900075,0.999002,1.0,0.9960719999999998,0.0,0.0,0.0,0.0,0.0,0.0,0.0005,0.0,0.0,0.0,0.0005,0.0,0.0,0.0,0.002,0.9975,0.045899711685228106,1893,0.0008423228646872639,1.2417700834593959e-06,0.00018462041139589934,16,20,False,0.995,0.005,0.66,fixed,100,none,e7f9ddb3-8f5f-4b72-9bd9-db11716f47fd
2198,326200,53.28916835784912,0.99900075,0.999002,1.0,0.9960719999999998,0.0,0.0,0.0,0.0,0.0,0.0,0.0005,0.0,0.0,0.0,0.0005,0.0,0.0,0.0,0.002,0.9975,0.045899711685228106,1893,0.0008420433730064354,1.242345657315921e-06,0.00018455934002599875,16,20,False,0.995,0.005,0.66,fixed,100,none,e7f9ddb3-8f5f-4b72-9bd9-db11716f47fd
2199,326300,53.30715250968933,0.99900075,0.999002,1.0,0.9960719999999998,0.0,0.0,0.0,0.0,0.0,0.0,0.0005,0.0,0.0,0.0,0.0005,0.0,0.0,0.0,0.002,0.9975,0.045899711685228106,1893,0.0008406491747446129,1.241607428454993e-06,0.00018425400976300224,16,20,False,0.995,0.005,0.66,fixed,100,none,e7f9ddb3-8f5f-4b72-9bd9-db11716f47fd
2200,326400,53.32536768913269,0.99900075,0.999002,1.0,0.9960719999999998,0.0,0.0,0.0,0.0,0.0,0.0,0.0005,0.0,0.0,0.0,0.0005,0.0,0.0,0.0,0.002,0.9975,0.045899711685228106,1893,0.000840495414194661,1.2408141330746392e-06,0.00018422020085249546,16,20,False,0.995,0.005,0.66,fixed,100,none,e7f9ddb3-8f5f-4b72-9bd9-db11716f47fd
2201,326500,53.34344792366028,0.99900075,0.999002,1.0,0.9960719999999998,0.0,0.0,0.0,0.0,0.0,0.0,0.0005,0.0,0.0,0.0,0.0005,0.0,0.0,0.0,0.002,0.9975,0.045899711685228106,1893,0.000839430081736304,1.2399682306293662e-06,0.00018398683885589653,16,20,False,0.995,0.005,0.66,fixed,100,none,e7f9ddb3-8f5f-4b72-9bd9-db11716f47fd
2202,326600,53.36133050918579,0.99900075,0.999002,1.0,0.9960719999999998,0.0,0.0,0.0,0.0,0.0,0.0,0.0005,0.0,0.0,0.0,0.0005,0.0,0.0,0.0,0.002,0.9975,0.045899711685228106,1893,0.00084029341163877,1.2417219208550207e-06,0.0001841761549726892,16,20,False,0.995,0.005,0.66,fixed,100,none,e7f9ddb3-8f5f-4b72-9bd9-db11716f47fd
2203,326800,53.37918543815613,0.99900075,0.999002,1.0,0.9960719999999998,0.0,0.0,0.0,0.0,0.0,0.0,0.0005,0.0,0.0,0.0,0.0005,0.0,0.0,0.0,0.002,0.9975,0.045500467961884665,1894,0.000840282566089674,1.241913151851299e-06,0.00018417381721588138,16,20,False,0.995,0.005,0.66,fixed,100,none,e7f9ddb3-8f5f-4b72-9bd9-db11716f47fd
2204,326900,53.39716124534607,0.99900075,0.999002,1.0,0.9960719999999998,0.0,0.0,0.0,0.0,0.0,0.0,0.0005,0.0,0.0,0.0,0.0005,0.0,0.0,0.0,0.002,0.9975,0.04669518407547692,1891,0.0008412173483830895,1.244425968585736e-06,0.0001843789184950896,16,20,False,0.995,0.005,0.66,fixed,100,none,e7f9ddb3-8f5f-4b72-9bd9-db11716f47fd
2205,327200,53.41542363166809,0.99900075,0.999002,1.0,0.9960719999999998,0.0,0.0,0.0,0.0,0.0,0.0,0.0005,0.0,0.0,0.0,0.0005,0.0,0.0,0.0,0.002,0.9975,0.045899711685228106,1893,0.0008420017792411154,1.244612802334567e-06,0.00018455066590832375,16,20,False,0.995,0.005,0.66,fixed,100,none,e7f9ddb3-8f5f-4b72-9bd9-db11716f47fd
2206,327300,53.43369913101196,0.99900075,0.999002,1.0,0.9960719999999998,0.0,0.0,0.0,0.0,0.0,0.0,0.0005,0.0,0.0,0.0,0.0005,0.0,0.0,0.0,0.002,0.9975,0.04629795038975885,1892,0.0008419852819169605,1.2423355068113447e-06,0.00018454662195791684,16,20,False,0.995,0.005,0.66,fixed,100,none,e7f9ddb3-8f5f-4b72-9bd9-db11716f47fd
2207,327600,53.45186257362366,0.99900075,0.999002,1.0,0.9960719999999998,0.0,0.0,0.0,0.0,0.0,0.0,0.0005,0.0,0.0,0.0,0.0005,0.0,0.0,0.0,0.002,0.9975,0.04550046796188467,1894,0.0008426737327833875,1.243782246723564e-06,0.00018469759873316103,16,20,False,0.995,0.005,0.66,fixed,100,none,e7f9ddb3-8f5f-4b72-9bd9-db11716f47fd
2208,327700,53.46978998184204,0.99900075,0.999002,1.0,0.9960719999999998,0.0,0.0,0.0,0.0,0.0,0.0,0.0005,0.0,0.0,0.0,0.0005,0.0,0.0,0.0,0.002,0.9975,0.04550046796188467,1894,0.0008431861085826418,1.2456074002913928e-06,0.00018481010457479567,16,20,False,0.995,0.005,0.66,fixed,100,none,e7f9ddb3-8f5f-4b72-9bd9-db11716f47fd
2209,327900,53.48890542984009,0.99900075,0.999002,1.0,0.9960719999999998,0.0,0.0,0.0,0.0,0.0,0.0,0.0005,0.0,0.0,0.0,0.0005,0.0,0.0,0.0,0.002,0.9975,0.045899711685228106,1893,0.0008428757861004744,1.2437522584370962e-06,0.0001847418225064969,16,20,False,0.995,0.005,0.66,fixed,100,none,e7f9ddb3-8f5f-4b72-9bd9-db11716f47fd
2210,328000,53.50695466995239,0.99900075,0.999002,1.0,0.9960719999999998,0.0,0.0,0.0,0.0,0.0,0.0,0.0005,0.0,0.0,0.0,0.0005,0.0,0.0,0.0,0.002,0.9975,0.04550046796188467,1894,0.0008424798951963429,1.2429510716964176e-06,0.00018465500976210178,16,20,False,0.995,0.005,0.66,fixed,100,none,e7f9ddb3-8f5f-4b72-9bd9-db11716f47fd
2211,328300,53.52489376068115,0.99900075,0.999002,1.0,0.9960719999999998,0.0,0.0,0.0,0.0,0.0,0.0,0.0005,0.0,0.0,0.0,0.0005,0.0,0.0,0.0,0.002,0.9975,0.04550046796188467,1894,0.0008422281573553785,1.2426558019458623e-06,0.00018459984824746207,16,20,False,0.995,0.005,0.66,fixed,100,none,e7f9ddb3-8f5f-4b72-9bd9-db11716f47fd
2212,328400,53.5427565574646,0.99900075,0.999002,1.0,0.9960719999999998,0.0,0.0,0.0,0.0,0.0,0.0,0.0005,0.0,0.0,0.0,0.0005,0.0,0.0,0.0,0.002,0.9975,0.045899711685228106,1893,0.0008433593945844246,1.2437240237982437e-06,0.00018484767903905223,16,20,False,0.995,0.005,0.66,fixed,100,none,e7f9ddb3-8f5f-4b72-9bd9-db11716f47fd
2213,328600,53.560747385025024,0.99900075,0.999002,1.0,0.9960719999999998,0.0,0.0,0.0,0.0,0.0,0.0,0.0005,0.0,0.0,0.0,0.0005,0.0,0.0,0.0,0.002,0.9975,0.045899711685228106,1893,0.0008438738435226962,1.2444614953810662e-06,0.00018496043203124063,16,20,False,0.995,0.005,0.66,fixed,100,none,e7f9ddb3-8f5f-4b72-9bd9-db11716f47fd
2214,328700,53.57879567146301,0.99900075,0.999002,1.0,0.9960719999999998,0.0,0.0,0.0,0.0,0.0,0.0,0.0005,0.0,0.0,0.0,0.0005,0.0,0.0,0.0,0.002,0.9975,0.045899711685228106,1893,0.0008438907737203476,1.245538310023986e-06,0.00018496434264628865,16,20,False,0.995,0.005,0.66,fixed,100,none,e7f9ddb3-8f5f-4b72-9bd9-db11716f47fd
2215,329000,53.597036361694336,0.99900075,0.999002,1.0,0.9960719999999998,0.0,0.0,0.0,0.0,0.0,0.0,0.0005,0.0,0.0,0.0,0.0005,0.0,0.0,0.0,0.002,0.9975,0.04550046796188467,1894,0.0008444410118798895,1.2466787863717767e-06,0.00018508500646991847,16,20,False,0.995,0.005,0.66,fixed,100,none,e7f9ddb3-8f5f-4b72-9bd9-db11716f47fd
2216,329100,53.61491370201111,0.99900075,0.999002,1.0,0.9960719999999998,0.0,0.0,0.0,0.0,0.0,0.0,0.0005,0.0,0.0,0.0,0.0005,0.0,0.0,0.0,0.002,0.9975,0.04510021921972853,1895,0.0008445085739286693,1.2487170491273198e-06,0.00018510018307231992,16,20,False,0.995,0.005,0.66,fixed,100,none,e7f9ddb3-8f5f-4b72-9bd9-db11716f47fd
2217,329400,53.63282656669617,0.99900075,0.999002,1.0,0.9960719999999998,0.0,0.0,0.0,0.0,0.0,0.0,0.0005,0.0,0.0,0.0,0.0005,0.0,0.0,0.0,0.002,0.9975,0.04510021921972853,1895,0.000845178345422675,1.252116394365261e-06,0.00018524744192795296,16,20,False,0.995,0.005,0.66,fixed,100,none,e7f9ddb3-8f5f-4b72-9bd9-db11716f47fd
2218,329500,53.65094041824341,0.99900075,0.999002,1.0,0.9960719999999998,0.0,0.0,0.0,0.0,0.0,0.0,0.0005,0.0,0.0,0.0,0.0005,0.0,0.0,0.0,0.002,0.9975,0.04510021921972853,1895,0.0008450315343561035,1.2518763041517756e-06,0.0001852152593683399,16,20,False,0.995,0.005,0.66,fixed,100,none,e7f9ddb3-8f5f-4b72-9bd9-db11716f47fd
2219,329700,53.66938495635986,0.99900075,0.999002,1.0,0.9960719999999998,0.0,0.0,0.0,0.0,0.0,0.0,0.0005,0.0,0.0,0.0,0.0005,0.0,0.0,0.0,0.002,0.9975,0.04469896545875967,1896,0.00084605992503235,1.2523468444812061e-06,0.00018544046349003285,16,20,False,0.995,0.005,0.66,fixed,100,none,e7f9ddb3-8f5f-4b72-9bd9-db11716f47fd
2220,329800,53.68751072883606,0.99900075,0.999002,1.0,0.9960719999999998,0.0,0.0,0.0,0.0,0.0,0.0,0.0005,0.0,0.0,0.0,0.0005,0.0,0.0,0.0,0.002,0.9975,0.04469896545875967,1896,0.0008463140854898006,1.2548901203403315e-06,0.000185496582436582,16,20,False,0.995,0.005,0.66,fixed,100,none,e7f9ddb3-8f5f-4b72-9bd9-db11716f47fd
2221,330100,53.705585956573486,0.99900075,0.999002,1.0,0.9960719999999998,0.0,0.0,0.0,0.0,0.0,0.0,0.0005,0.0,0.0,0.0,0.0005,0.0,0.0,0.0,0.002,0.9975,0.04469896545875967,1896,0.0008466766384434153,1.2573812799217446e-06,0.00018557641859844875,16,20,False,0.995,0.005,0.66,fixed,100,none,e7f9ddb3-8f5f-4b72-9bd9-db11716f47fd
2222,330200,53.72379517555237,0.99900075,0.999002,1.0,0.9960719999999998,0.0,0.0,0.0,0.0,0.0,0.0,0.0005,0.0,0.0,0.0,0.0005,0.0,0.0,0.0,0.002,0.9975,0.045500467961884665,1894,0.0008451059637719735,1.255937187088339e-06,0.0001852323235352318,16,20,False,0.995,0.005,0.66,fixed,100,none,e7f9ddb3-8f5f-4b72-9bd9-db11716f47fd
2223,330500,53.742056131362915,0.99900075,0.999002,1.0,0.9960719999999998,0.0,0.0,0.0,0.0,0.0,0.0,0.0005,0.0,0.0,0.0,0.0005,0.0,0.0,0.0,0.002,0.9975,0.045100219219728524,1895,0.0008503400600550644,1.2656650940452498e-06,0.00018637991551392219,16,20,False,0.995,0.005,0.66,fixed,100,none,e7f9ddb3-8f5f-4b72-9bd9-db11716f47fd
2224,330600,53.76023888587952,0.99900075,0.999002,1.0,0.9960719999999998,0.0,0.0,0.0,0.0,0.0,0.0,0.0005,0.0,0.0,0.0,0.0005,0.0,0.0,0.0,0.002,0.9975,0.045100219219728524,1895,0.0008509556815042043,1.2673690707680945e-06,0.00018651499880471627,16,20,False,0.995,0.005,0.66,fixed,100,none,e7f9ddb3-8f5f-4b72-9bd9-db11716f47fd
2225,330800,53.778342962265015,0.99900075,0.999002,1.0,0.9960719999999998,0.0,0.0,0.0,0.0,0.0,0.0,0.0005,0.0,0.0,0.0,0.0005,0.0,0.0,0.0,0.002,0.9975,0.045100219219728524,1895,0.0008506739730861406,1.267654873389603e-06,0.00018645338713450018,16,20,False,0.995,0.005,0.66,fixed,100,none,e7f9ddb3-8f5f-4b72-9bd9-db11716f47fd
2226,330900,53.796353578567505,0.99900075,0.999002,1.0,0.9960719999999998,0.0,0.0,0.0,0.0,0.0,0.0,0.0005,0.0,0.0,0.0,0.0005,0.0,0.0,0.0,0.002,0.9975,0.045100219219728524,1895,0.0008513467141273414,1.2701168688509015e-06,0.00018660111792755671,16,20,False,0.995,0.005,0.66,fixed,100,none,e7f9ddb3-8f5f-4b72-9bd9-db11716f47fd
2227,331200,53.81451725959778,0.99900075,0.999002,1.0,0.9960719999999998,0.0,0.0,0.0,0.0,0.0,0.0,0.0005,0.0,0.0,0.0,0.0005,0.0,0.0,0.0,0.002,0.9975,0.045100219219728524,1895,0.000852341798955269,1.2701964579394206e-06,0.0001868189571183169,16,20,False,0.995,0.005,0.66,fixed,100,none,e7f9ddb3-8f5f-4b72-9bd9-db11716f47fd
2228,331300,53.832682847976685,0.99900075,0.999002,1.0,0.9960719999999998,0.0,0.0,0.0,0.0,0.0,0.0,0.0005,0.0,0.0,0.0,0.0005,0.0,0.0,0.0,0.002,0.9975,0.04469896545875967,1896,0.0008537973874611661,1.2742857195838988e-06,0.00018713836240197022,16,20,False,0.995,0.005,0.66,fixed,100,none,e7f9ddb3-8f5f-4b72-9bd9-db11716f47fd
2229,331500,53.85082387924194,0.99900075,0.999002,1.0,0.9960719999999998,0.0,0.0,0.0,0.0,0.0,0.0,0.0005,0.0,0.0,0.0,0.0005,0.0,0.0,0.0,0.002,0.9975,0.045100219219728524,1895,0.0008539567314442598,1.2738186708250727e-06,0.00018717315406060523,16,20,False,0.995,0.005,0.66,fixed,100,none,e7f9ddb3-8f5f-4b72-9bd9-db11716f47fd
2230,331600,53.868896484375,0.99900075,0.999002,1.0,0.9960719999999998,0.0,0.0,0.0,0.0,0.0,0.0,0.0005,0.0,0.0,0.0,0.0005,0.0,0.0,0.0,0.002,0.9975,0.045100219219728524,1895,0.0008539567314442598,1.2738186708250727e-06,0.00018717315406060523,16,20,False,0.995,0.005,0.66,fixed,100,none,e7f9ddb3-8f5f-4b72-9bd9-db11716f47fd
2231,331700,53.88745903968811,0.99900075,0.999002,1.0,0.9960719999999998,0.0,0.0,0.0,0.0,0.0,0.0,0.0005,0.0,0.0,0.0,0.0005,0.0,0.0,0.0,0.002,0.9975,0.045100219219728524,1895,0.0008528627600192275,1.2722094662146067e-06,0.00018693337796678967,16,20,False,0.995,0.005,0.66,fixed,100,none,e7f9ddb3-8f5f-4b72-9bd9-db11716f47fd
2232,331800,53.906001567840576,0.99900075,0.999002,1.0,0.9960719999999998,0.0,0.0,0.0,0.0,0.0,0.0,0.0005,0.0,0.0,0.0,0.0005,0.0,0.0,0.0,0.002,0.9975,0.045100219219728524,1895,0.0008523479939768495,1.2710269554002225e-06,0.00018682047100305842,16,20,False,0.995,0.005,0.66,fixed,100,none,e7f9ddb3-8f5f-4b72-9bd9-db11716f47fd
2233,331900,53.92429447174072,0.99900075,0.999002,1.0,0.9960719999999998,0.0,0.0,0.0,0.0,0.0,0.0,0.0005,0.0,0.0,0.0,0.0005,0.0,0.0,0.0,0.002,0.9975,0.045100219219728524,1895,0.0008524648064243902,1.272174814171763e-06,0.00018684625934099164,16,20,False,0.995,0.005,0.66,fixed,100,none,e7f9ddb3-8f5f-4b72-9bd9-db11716f47fd
2234,332000,53.94274044036865,0.99900075,0.999002,1.0,0.9960719999999998,0.0,0.0,0.0,0.0,0.0,0.0,0.0005,0.0,0.0,0.0,0.0005,0.0,0.0,0.0,0.002,0.9975,0.045100219219728524,1895,0.0008527892487862075,1.2707156410403408e-06,0.0001869170025310985,16,20,False,0.995,0.005,0.66,fixed,100,none,e7f9ddb3-8f5f-4b72-9bd9-db11716f47fd
2235,332300,53.96112418174744,0.99900075,0.999002,1.0,0.9960719999999998,0.0,0.0,0.0,0.0,0.0,0.0,0.0005,0.0,0.0,0.0,0.0005,0.0,0.0,0.0,0.002,0.9975,0.04510021921972853,1895,0.0008568335999621236,1.2797419794115006e-06,0.00018780402600779706,16,20,False,0.995,0.005,0.66,fixed,100,none,e7f9ddb3-8f5f-4b72-9bd9-db11716f47fd
2236,332400,53.979122161865234,0.99900075,0.999002,1.0,0.9960719999999998,0.0,0.0,0.0,0.0,0.0,0.0,0.0005,0.0,0.0,0.0,0.0005,0.0,0.0,0.0,0.002,0.9975,0.045100219219728524,1895,0.0008585670277788804,1.2837948519227329e-06,0.00018818424340266227,16,20,False,0.995,0.005,0.66,fixed,100,none,e7f9ddb3-8f5f-4b72-9bd9-db11716f47fd
2237,332600,53.99723792076111,0.99900075,0.999002,1.0,0.9960719999999998,0.0,0.0,0.0,0.0,0.0,0.0,0.0005,0.0,0.0,0.0,0.0005,0.0,0.0,0.0,0.002,0.9975,0.045100219219728524,1895,0.0008593635187466246,1.2860563840234317e-06,0.00018835902496660057,16,20,False,0.995,0.005,0.66,fixed,100,none,e7f9ddb3-8f5f-4b72-9bd9-db11716f47fd
2238,332700,54.01525616645813,0.99900075,0.999002,1.0,0.9960719999999998,0.0,0.0,0.0,0.0,0.0,0.0,0.0005,0.0,0.0,0.0,0.0005,0.0,0.0,0.0,0.002,0.9975,0.045100219219728524,1895,0.0008584252801483984,1.2867470853436103e-06,0.00018815377577069973,16,20,False,0.995,0.005,0.66,fixed,100,none,e7f9ddb3-8f5f-4b72-9bd9-db11716f47fd
2239,333000,54.033191442489624,0.99900075,0.999002,1.0,0.9960719999999998,0.0,0.0,0.0,0.0,0.0,0.0,0.0005,0.0,0.0,0.0,0.0005,0.0,0.0,0.0,0.002,0.9975,0.04510021921972853,1895,0.0008584898508195892,1.2874686349916747e-06,0.0001881680473850565,16,20,False,0.995,0.005,0.66,fixed,100,none,e7f9ddb3-8f5f-4b72-9bd9-db11716f47fd
2240,333100,54.05113625526428,0.99900075,0.999002,1.0,0.9960719999999998,0.0,0.0,0.0,0.0,0.0,0.0,0.0005,0.0,0.0,0.0,0.0005,0.0,0.0,0.0,0.002,0.9975,0.04550046796188467,1894,0.0008573318170215538,1.2872029692437507e-06,0.00018791450331017445,16,20,False,0.995,0.005,0.66,fixed,100,none,e7f9ddb3-8f5f-4b72-9bd9-db11716f47fd
2241,333300,54.06929302215576,0.99900075,0.999002,1.0,0.9960719999999998,0.0,0.0,0.0,0.0,0.0,0.0,0.0005,0.0,0.0,0.0,0.0005,0.0,0.0,0.0,0.002,0.9975,0.04550046796188467,1894,0.0008567526391610519,1.2874568268777799e-06,0.00018778776950946106,16,20,False,0.995,0.005,0.66,fixed,100,none,e7f9ddb3-8f5f-4b72-9bd9-db11716f47fd
2242,333400,54.08760738372803,0.99900075,0.999002,1.0,0.9960719999999998,0.0,0.0,0.0,0.0,0.0,0.0,0.0005,0.0,0.0,0.0,0.0005,0.0,0.0,0.0,0.002,0.9975,0.045100219219728524,1895,0.0008581627416060882,1.2897074014127962e-06,0.00018809686854384113,16,20,False,0.995,0.005,0.66,fixed,100,none,e7f9ddb3-8f5f-4b72-9bd9-db11716f47fd
2243,333700,54.105602502822876,0.99900075,0.999002,1.0,0.9960719999999998,0.0,0.0,0.0,0.0,0.0,0.0,0.0005,0.0,0.0,0.0,0.0005,0.0,0.0,0.0,0.002,0.9975,0.04550046796188467,1894,0.0008582502152019096,1.2898093811203614e-06,0.0001881160358901109,16,20,False,0.995,0.005,0.66,fixed,100,none,e7f9ddb3-8f5f-4b72-9bd9-db11716f47fd
2244,333800,54.12335181236267,0.99900075,0.999002,1.0,0.9960719999999998,0.0,0.0,0.0,0.0,0.0,0.0,0.0005,0.0,0.0,0.0,0.0005,0.0,0.0,0.0,0.002,0.9975,0.04550046796188467,1894,0.0008582502152019096,1.2898093811203614e-06,0.0001881160358901109,16,20,False,0.995,0.005,0.66,fixed,100,none,e7f9ddb3-8f5f-4b72-9bd9-db11716f47fd
2245,334100,54.14139652252197,0.99900075,0.999002,1.0,0.9960719999999998,0.0,0.0,0.0,0.0,0.0,0.0,0.0005,0.0,0.0,0.0,0.0005,0.0,0.0,0.0,0.002,0.9975,0.04550046796188467,1894,0.0008568373282883272,1.285842290733423e-06,0.0001878060011975542,16,20,False,0.995,0.005,0.66,fixed,100,none,e7f9ddb3-8f5f-4b72-9bd9-db11716f47fd
2246,334200,54.15948414802551,0.99900075,0.999002,1.0,0.9960719999999998,0.0,0.0,0.0,0.0,0.0,0.0,0.0005,0.0,0.0,0.0,0.0005,0.0,0.0,0.0,0.002,0.9975,0.04550046796188467,1894,0.0008563418690696234,1.284888251593658e-06,0.00018769736390714334,16,20,False,0.995,0.005,0.66,fixed,100,none,e7f9ddb3-8f5f-4b72-9bd9-db11716f47fd
2247,334400,54.1776921749115,0.99900075,0.999002,1.0,0.9960719999999998,0.0,0.0,0.0,0.0,0.0,0.0,0.0005,0.0,0.0,0.0,0.0005,0.0,0.0,0.0,0.002,0.9975,0.04550046796188467,1894,0.0008563007313065205,1.2848355799817133e-06,0.00018768834884319387,16,20,False,0.995,0.005,0.66,fixed,100,none,e7f9ddb3-8f5f-4b72-9bd9-db11716f47fd
2248,334500,54.19557023048401,0.99900075,0.999002,1.0,0.9960719999999998,0.0,0.0,0.0,0.0,0.0,0.0,0.0005,0.0,0.0,0.0,0.0005,0.0,0.0,0.0,0.002,0.9975,0.04510021921972853,1895,0.0008560331233425015,1.2845810009642662e-06,0.0001876297210898568,16,20,False,0.995,0.005,0.66,fixed,100,none,e7f9ddb3-8f5f-4b72-9bd9-db11716f47fd
2249,334800,54.213420152664185,0.99900075,0.999002,1.0,0.9960719999999998,0.0,0.0,0.0,0.0,0.0,0.0,0.0005,0.0,0.0,0.0,0.0005,0.0,0.0,0.0,0.002,0.9975,0.04550046796188467,1894,0.0008570527620641022,1.2863555237342772e-06,0.0001878532571653415,16,20,False,0.995,0.005,0.66,fixed,100,none,e7f9ddb3-8f5f-4b72-9bd9-db11716f47fd
2250,334900,54.23129653930664,0.99900075,0.999002,1.0,0.9960719999999998,0.0,0.0,0.0,0.0,0.0,0.0,0.0005,0.0,0.0,0.0,0.0005,0.0,0.0,0.0,0.002,0.9975,0.04510021921972853,1895,0.0008571254720379762,1.2869350842941761e-06,0.0001878692834951289,16,20,False,0.995,0.005,0.66,fixed,100,none,e7f9ddb3-8f5f-4b72-9bd9-db11716f47fd
2251,335100,54.24934959411621,0.99900075,0.999002,1.0,0.9960719999999998,0.0,0.0,0.0,0.0,0.0,0.0,0.0005,0.0,0.0,0.0,0.0005,0.0,0.0,0.0,0.002,0.9975,0.04550046796188467,1894,0.0008579465016003023,1.2900656557993985e-06,0.00018804960167490806,16,20,False,0.995,0.005,0.66,fixed,100,none,e7f9ddb3-8f5f-4b72-9bd9-db11716f47fd
2252,335200,54.2673556804657,0.99900075,0.999002,1.0,0.9960719999999998,0.0,0.0,0.0,0.0,0.0,0.0,0.0005,0.0,0.0,0.0,0.0005,0.0,0.0,0.0,0.002,0.9975,0.04550046796188467,1894,0.0008579465016003023,1.2900656557993985e-06,0.00018804960167490806,16,20,False,0.995,0.005,0.66,fixed,100,none,e7f9ddb3-8f5f-4b72-9bd9-db11716f47fd
2253,335500,54.2856011390686,0.99900075,0.999002,1.0,0.9960719999999998,0.0,0.0,0.0,0.0,0.0,0.0,0.0005,0.0,0.0,0.0,0.0005,0.0,0.0,0.0,0.002,0.9975,0.045899711685228106,1893,0.0008569304065960098,1.2891546047362859e-06,0.00018782700537876645,16,20,False,0.995,0.005,0.66,fixed,100,none,e7f9ddb3-8f5f-4b72-9bd9-db11716f47fd
2254,335600,54.30357766151428,0.99900075,0.999002,1.0,0.9960719999999998,0.0,0.0,0.0,0.0,0.0,0.0,0.0005,0.0,0.0,0.0,0.0005,0.0,0.0,0.0,0.002,0.9975,0.04550046796188467,1894,0.0008576140988488076,1.288963705989293e-06,0.00018797662934214198,16,20,False,0.995,0.005,0.66,fixed,100,none,e7f9ddb3-8f5f-4b72-9bd9-db11716f47fd
2255,335900,54.32165741920471,0.99900075,0.999002,1.0,0.9960719999999998,0.0,0.0,0.0,0.0,0.0,0.0,0.0005,0.0,0.0,0.0,0.0005,0.0,0.0,0.0,0.002,0.9975,0.046297950389758855,1892,0.0008568654679766329,1.2883773649136337e-06,0.00018781264263941852,16,20,False,0.995,0.005,0.66,fixed,100,none,e7f9ddb3-8f5f-4b72-9bd9-db11716f47fd
2256,336000,54.339770793914795,0.99900075,0.999002,1.0,0.9960719999999998,0.0,0.0,0.0,0.0,0.0,0.0,0.0005,0.0,0.0,0.0,0.0005,0.0,0.0,0.0,0.002,0.9975,0.04550046796188467,1894,0.000856471308525536,1.288336505595051e-06,0.0001877263533723029,16,20,False,0.995,0.005,0.66,fixed,100,none,e7f9ddb3-8f5f-4b72-9bd9-db11716f47fd
2257,336200,54.35769963264465,0.99900075,0.999002,1.0,0.9960719999999998,0.0,0.0,0.0,0.0,0.0,0.0,0.0005,0.0,0.0,0.0,0.0005,0.0,0.0,0.0,0.002,0.9975,0.0458997116852281,1893,0.0008572759704106475,1.2904355770633267e-06,0.00018790289268253278,16,20,False,0.995,0.005,0.66,fixed,100,none,e7f9ddb3-8f5f-4b72-9bd9-db11716f47fd
2258,336300,54.3754677772522,0.99900075,0.999002,1.0,0.9960719999999998,0.0,0.0,0.0,0.0,0.0,0.0,0.0005,0.0,0.0,0.0,0.0005,0.0,0.0,0.0,0.002,0.9975,0.04629795038975885,1892,0.0008573430621086882,1.2924209912906472e-06,0.00018791795628393708,16,20,False,0.995,0.005,0.66,fixed,100,none,e7f9ddb3-8f5f-4b72-9bd9-db11716f47fd
2259,336600,54.393418073654175,0.99900075,0.999002,1.0,0.9960719999999998,0.0,0.0,0.0,0.0,0.0,0.0,0.0005,0.0,0.0,0.0,0.0005,0.0,0.0,0.0,0.002,0.9975,0.04629795038975884,1892,0.0008600045426196149,1.295592326028229e-06,0.00018850115692137907,16,20,False,0.995,0.005,0.66,fixed,100,none,e7f9ddb3-8f5f-4b72-9bd9-db11716f47fd
2260,336700,54.41137194633484,0.99900075,0.999002,1.0,0.9960719999999998,0.0,0.0,0.0,0.0,0.0,0.0,0.0005,0.0,0.0,0.0,0.0005,0.0,0.0,0.0,0.002,0.9975,0.04669518407547691,1891,0.0008599313594814058,1.2934265555393756e-06,0.0001884847256360322,16,20,False,0.995,0.005,0.66,fixed,100,none,e7f9ddb3-8f5f-4b72-9bd9-db11716f47fd
2261,336900,54.42941069602966,0.99900075,0.999002,1.0,0.9960719999999998,0.0,0.0,0.0,0.0,0.0,0.0,0.0005,0.0,0.0,0.0,0.0005,0.0,0.0,0.0,0.002,0.9975,0.04629795038975884,1892,0.0008604716189576763,1.293172531152129e-06,0.00018860294017075427,16,20,False,0.995,0.005,0.66,fixed,100,none,e7f9ddb3-8f5f-4b72-9bd9-db11716f47fd
2262,337000,54.447192907333374,0.99900075,0.999002,1.0,0.9960719999999998,0.0,0.0,0.0,0.0,0.0,0.0,0.0005,0.0,0.0,0.0,0.0005,0.0,0.0,0.0,0.002,0.9975,0.04669518407547691,1891,0.0008608365711473424,1.2935342981132592e-06,0.0001886828969407948,16,20,False,0.995,0.005,0.66,fixed,100,none,e7f9ddb3-8f5f-4b72-9bd9-db11716f47fd
2263,337100,54.46506071090698,0.99900075,0.999002,1.0,0.9960719999999998,0.0,0.0,0.0,0.0,0.0,0.0,0.0005,0.0,0.0,0.0,0.0005,0.0,0.0,0.0,0.002,0.9975,0.04669518407547691,1891,0.0008608365711473424,1.2935342981132592e-06,0.0001886828969407948,16,20,False,0.995,0.005,0.66,fixed,100,none,e7f9ddb3-8f5f-4b72-9bd9-db11716f47fd
2264,337200,54.48294687271118,0.99900075,0.999002,1.0,0.9960719999999998,0.0,0.0,0.0,0.0,0.0,0.0,0.0005,0.0,0.0,0.0,0.0005,0.0,0.0,0.0,0.002,0.9975,0.04669518407547691,1891,0.0008608365711473424,1.2935342981132592e-06,0.0001886828969407948,16,20,False,0.995,0.005,0.66,fixed,100,none,e7f9ddb3-8f5f-4b72-9bd9-db11716f47fd
2265,337300,54.50101017951965,0.99900075,0.999002,1.0,0.9960719999999998,0.0,0.0,0.0,0.0,0.0,0.0,0.0005,0.0,0.0,0.0,0.0005,0.0,0.0,0.0,0.002,0.9975,0.04669518407547691,1891,0.000861233604757953,1.2920630907420185e-06,0.00018876952806875692,16,20,False,0.995,0.005,0.66,fixed,100,none,e7f9ddb3-8f5f-4b72-9bd9-db11716f47fd
2266,337400,54.51894211769104,0.99900075,0.999002,1.0,0.9960719999999998,0.0,0.0,0.0,0.0,0.0,0.0,0.0005,0.0,0.0,0.0,0.0005,0.0,0.0,0.0,0.002,0.9975,0.04669518407547691,1891,0.000861233604757953,1.2920630907420185e-06,0.00018876952806875692,16,20,False,0.995,0.005,0.66,fixed,100,none,e7f9ddb3-8f5f-4b72-9bd9-db11716f47fd
2267,337700,54.53677463531494,0.99900075,0.999002,1.0,0.9960719999999998,0.0,0.0,0.0,0.0,0.0,0.0,0.0005,0.0,0.0,0.0,0.0005,0.0,0.0,0.0,0.002,0.9975,0.04669518407547691,1891,0.0008617359614234988,1.294162561835504e-06,0.00018887989284235266,16,20,False,0.995,0.005,0.66,fixed,100,none,e7f9ddb3-8f5f-4b72-9bd9-db11716f47fd
2268,337800,54.5545699596405,0.99900075,0.999002,1.0,0.9960719999999998,0.0,0.0,0.0,0.0,0.0,0.0,0.0005,0.0,0.0,0.0,0.0005,0.0,0.0,0.0,0.002,0.9975,0.04669518407547691,1891,0.000861523009244276,1.2938680989752529e-06,0.00018883322166237732,16,20,False,0.995,0.005,0.66,fixed,100,none,e7f9ddb3-8f5f-4b72-9bd9-db11716f47fd
2269,338000,54.572569608688354,0.99900075,0.999002,1.0,0.9960719999999998,0.0,0.0,0.0,0.0,0.0,0.0,0.0005,0.0,0.0,0.0,0.0005,0.0,0.0,0.0,0.002,0.9975,0.04669518407547691,1891,0.0008622983376359198,1.2956868456415165e-06,0.00018900328660917474,16,20,False,0.995,0.005,0.66,fixed,100,none,e7f9ddb3-8f5f-4b72-9bd9-db11716f47fd
2270,338100,54.59056496620178,0.99900075,0.999002,1.0,0.9960719999999998,0.0,0.0,0.0,0.0,0.0,0.0,0.0005,0.0,0.0,0.0,0.0005,0.0,0.0,0.0,0.002,0.9975,0.04669518407547691,1891,0.0008624481084734571,1.2953982299560719e-06,0.00018903601660853143,16,20,False,0.995,0.005,0.66,fixed,100,none,e7f9ddb3-8f5f-4b72-9bd9-db11716f47fd
2271,338400,54.6085000038147,0.99900075,0.999002,1.0,0.9960719999999998,0.0,0.0,0.0,0.0,0.0,0.0,0.0005,0.0,0.0,0.0,0.0005,0.0,0.0,0.0,0.002,0.9975,0.04669518407547691,1891,0.0008649218147415781,1.300929510569568e-06,0.00018957856185393968,16,20,False,0.995,0.005,0.66,fixed,100,none,e7f9ddb3-8f5f-4b72-9bd9-db11716f47fd
2272,338500,54.62630343437195,0.99900075,0.999002,1.0,0.9960719999999998,0.0,0.0,0.0,0.0,0.0,0.0,0.0005,0.0,0.0,0.0,0.0005,0.0,0.0,0.0,0.002,0.9975,0.04669518407547691,1891,0.0008662301803541984,1.3033658663195643e-06,0.00018986542599413477,16,20,False,0.995,0.005,0.66,fixed,100,none,e7f9ddb3-8f5f-4b72-9bd9-db11716f47fd
2273,338700,54.644322633743286,0.99900075,0.999002,1.0,0.9960719999999998,0.0,0.0,0.0,0.0,0.0,0.0,0.0005,0.0,0.0,0.0,0.0005,0.0,0.0,0.0,0.002,0.9975,0.04669518407547691,1891,0.0008658606941883136,1.3049387022080537e-06,0.0001897848443112414,16,20,False,0.995,0.005,0.66,fixed,100,none,e7f9ddb3-8f5f-4b72-9bd9-db11716f47fd
2274,338800,54.66247534751892,0.99900075,0.999002,1.0,0.9960719999999998,0.0,0.0,0.0,0.0,0.0,0.0,0.0005,0.0,0.0,0.0,0.0005,0.0,0.0,0.0,0.002,0.9975,0.04669518407547691,1891,0.0008661268510228348,1.3053368013611088e-06,0.00018984318168115716,16,20,False,0.995,0.005,0.66,fixed,100,none,e7f9ddb3-8f5f-4b72-9bd9-db11716f47fd
2275,339100,54.680570125579834,0.99900075,0.999002,1.0,0.9960719999999998,0.0,0.0,0.0,0.0,0.0,0.0,0.0005,0.0,0.0,0.0,0.0005,0.0,0.0,0.0,0.002,0.9975,0.04669518407547691,1891,0.000867040310433927,1.3067472353265954e-06,0.00019004340592869868,16,20,False,0.995,0.005,0.66,fixed,100,none,e7f9ddb3-8f5f-4b72-9bd9-db11716f47fd
2276,339200,54.69848132133484,0.99900075,0.999002,1.0,0.9960719999999998,0.0,0.0,0.0,0.0,0.0,0.0,0.0005,0.0,0.0,0.0,0.0005,0.0,0.0,0.0,0.002,0.9975,0.04669518407547691,1891,0.0008675640648312552,1.306476609831028e-06,0.00019015800434742965,16,20,False,0.995,0.005,0.66,fixed,100,none,e7f9ddb3-8f5f-4b72-9bd9-db11716f47fd
2277,339500,54.71653890609741,0.99900075,0.999002,1.0,0.9960719999999998,0.0,0.0,0.0,0.0,0.0,0.0,0.0005,0.0,0.0,0.0,0.0005,0.0,0.0,0.0,0.002,0.9975,0.04669518407547691,1891,0.0008677717956375175,1.3087220728513497e-06,0.00019020390325889434,16,20,False,0.995,0.005,0.66,fixed,100,none,e7f9ddb3-8f5f-4b72-9bd9-db11716f47fd
2278,339600,54.734519958496094,0.99900075,0.999002,1.0,0.9960719999999998,0.0,0.0,0.0,0.0,0.0,0.0,0.0005,0.0,0.0,0.0,0.0005,0.0,0.0,0.0,0.002,0.9975,0.04669518407547691,1891,0.0008687719852104124,1.3099466797028577e-06,0.00019042307743170284,16,20,False,0.995,0.005,0.66,fixed,100,none,e7f9ddb3-8f5f-4b72-9bd9-db11716f47fd
2279,339800,54.75263833999634,0.99900075,0.999002,1.0,0.9960719999999998,0.0,0.0,0.0,0.0,0.0,0.0,0.0005,0.0,0.0,0.0,0.0005,0.0,0.0,0.0,0.002,0.9975,0.04629795038975884,1892,0.0008711437408375596,1.315997119684746e-06,0.0001909434043220819,16,20,False,0.995,0.005,0.66,fixed,100,none,e7f9ddb3-8f5f-4b72-9bd9-db11716f47fd
2280,339900,54.77070474624634,0.99900075,0.999002,1.0,0.9960719999999998,0.0,0.0,0.0,0.0,0.0,0.0,0.0005,0.0,0.0,0.0,0.0005,0.0,0.0,0.0,0.002,0.9975,0.04629795038975884,1892,0.0008694523170658356,1.31325453024322e-06,0.00019057263056645763,16,20,False,0.995,0.005,0.66,fixed,100,none,e7f9ddb3-8f5f-4b72-9bd9-db11716f47fd
2281,340000,54.78868365287781,0.99900075,0.999002,1.0,0.9960719999999998,0.0,0.0,0.0,0.0,0.0,0.0,0.0005,0.0,0.0,0.0,0.0005,0.0,0.0,0.0,0.002,0.9975,0.04629795038975884,1892,0.0008689737245963654,1.3141034107805628e-06,0.0001904680279621927,16,20,False,0.995,0.005,0.66,fixed,100,none,e7f9ddb3-8f5f-4b72-9bd9-db11716f47fd
2282,340200,54.80665159225464,0.99900075,0.999002,1.0,0.9960719999999998,0.0,0.0,0.0,0.0,0.0,0.0,0.0005,0.0,0.0,0.0,0.0005,0.0,0.0,0.0,0.002,0.9975,0.04629795038975884,1892,0.0008714600916831175,1.320183365494456e-06,0.00019101344890887838,16,20,False,0.995,0.005,0.66,fixed,100,none,e7f9ddb3-8f5f-4b72-9bd9-db11716f47fd
2283,340300,54.82470655441284,0.99900075,0.999002,1.0,0.9960719999999998,0.0,0.0,0.0,0.0,0.0,0.0,0.0005,0.0,0.0,0.0,0.0005,0.0,0.0,0.0,0.002,0.9975,0.04629795038975884,1892,0.0008710627393616377,1.318727086752759e-06,0.00019092619179274554,16,20,False,0.995,0.005,0.66,fixed,100,none,e7f9ddb3-8f5f-4b72-9bd9-db11716f47fd
2284,340500,54.84290623664856,0.99900075,0.999002,1.0,0.9960719999999998,0.0,0.0,0.0,0.0,0.0,0.0,0.0005,0.0,0.0,0.0,0.0005,0.0,0.0,0.0,0.002,0.9975,0.04629795038975884,1892,0.0008719984804640207,1.3230827588278345e-06,0.00019113185309775141,16,20,False,0.995,0.005,0.66,fixed,100,none,e7f9ddb3-8f5f-4b72-9bd9-db11716f47fd
2285,340600,54.86086845397949,0.99900075,0.999002,1.0,0.9960719999999998,0.0,0.0,0.0,0.0,0.0,0.0,0.0005,0.0,0.0,0.0,0.0005,0.0,0.0,0.0,0.002,0.9975,0.04629795038975884,1892,0.0008723616514890804,1.3217464116959933e-06,0.00019121109732918195,16,20,False,0.995,0.005,0.66,fixed,100,none,e7f9ddb3-8f5f-4b72-9bd9-db11716f47fd
2286,340900,54.87878346443176,0.99900075,0.999002,1.0,0.9960719999999998,0.0,0.0,0.0,0.0,0.0,0.0,0.0005,0.0,0.0,0.0,0.0005,0.0,0.0,0.0,0.002,0.9975,0.04669518407547691,1891,0.0008722363989771815,1.32520603236095e-06,0.0001911843368822536,16,20,False,0.995,0.005,0.66,fixed,100,none,e7f9ddb3-8f5f-4b72-9bd9-db11716f47fd
2287,341000,54.896665811538696,0.99900075,0.999002,1.0,0.9960719999999998,0.0,0.0,0.0,0.0,0.0,0.0,0.0005,0.0,0.0,0.0,0.0005,0.0,0.0,0.0,0.002,0.9975,0.04669518407547691,1891,0.0008726528667314293,1.3270432990572313e-06,0.00019127585075433075,16,20,False,0.995,0.005,0.66,fixed,100,none,e7f9ddb3-8f5f-4b72-9bd9-db11716f47fd
2288,341300,54.91471266746521,0.99900075,0.999002,1.0,0.9960719999999998,0.0,0.0,0.0,0.0,0.0,0.0,0.0005,0.0,0.0,0.0,0.0005,0.0,0.0,0.0,0.002,0.9975,0.04669518407547691,1891,0.0008749222540517643,1.330438992041182e-06,0.00019177326482041905,16,20,False,0.995,0.005,0.66,fixed,100,none,e7f9ddb3-8f5f-4b72-9bd9-db11716f47fd
2289,341400,54.93274402618408,0.99900075,0.999002,1.0,0.9960719999999998,0.0,0.0,0.0,0.0,0.0,0.0,0.0005,0.0,0.0,0.0,0.0005,0.0,0.0,0.0,0.002,0.9975,0.04669518407547691,1891,0.0008752170917011591,1.3308394498358812e-06,0.00019183788086885256,16,20,False,0.995,0.005,0.66,fixed,100,none,e7f9ddb3-8f5f-4b72-9bd9-db11716f47fd
2290,341600,54.95063900947571,0.99900075,0.999002,1.0,0.9960719999999998,0.0,0.0,0.0,0.0,0.0,0.0,0.0005,0.0,0.0,0.0,0.0005,0.0,0.0,0.0,0.002,0.9975,0.04629795038975884,1892,0.0008760595971539948,1.3299335080644772e-06,0.00019202213318354172,16,20,False,0.995,0.005,0.66,fixed,100,none,e7f9ddb3-8f5f-4b72-9bd9-db11716f47fd
2291,341700,54.96916937828064,0.99900075,0.999002,1.0,0.9960719999999998,0.0,0.0,0.0,0.0,0.0,0.0,0.0005,0.0,0.0,0.0,0.0005,0.0,0.0,0.0,0.002,0.9975,0.04629795038975884,1892,0.0008784777362137483,1.3339746264248098e-06,0.00019255223163621024,16,20,False,0.995,0.005,0.66,fixed,100,none,e7f9ddb3-8f5f-4b72-9bd9-db11716f47fd
2292,342000,54.98710513114929,0.99900075,0.999002,1.0,0.9960719999999998,0.0,0.0,0.0,0.0,0.0,0.0,0.0005,0.0,0.0,0.0,0.0005,0.0,0.0,0.0,0.002,0.9975,0.04629795038975884,1892,0.0008769201561315598,1.3335456738650618e-06,0.00019221119585523282,16,20,False,0.995,0.005,0.66,fixed,100,none,e7f9ddb3-8f5f-4b72-9bd9-db11716f47fd
2293,342100,55.00516748428345,0.99900075,0.999002,1.0,0.9960719999999998,0.0,0.0,0.0,0.0,0.0,0.0,0.0005,0.0,0.0,0.0,0.0005,0.0,0.0,0.0,0.002,0.9975,0.04629795038975884,1892,0.0008772938678605771,1.3341187502905174e-06,0.00019229311023723556,16,20,False,0.995,0.005,0.66,fixed,100,none,e7f9ddb3-8f5f-4b72-9bd9-db11716f47fd
2294,342300,55.0233108997345,0.99900075,0.999002,1.0,0.9960719999999998,0.0,0.0,0.0,0.0,0.0,0.0,0.0005,0.0,0.0,0.0,0.0005,0.0,0.0,0.0,0.002,0.9975,0.04629795038975884,1892,0.000875359366533435,1.333759329929942e-06,0.00019186957960685562,16,20,False,0.995,0.005,0.66,fixed,100,none,e7f9ddb3-8f5f-4b72-9bd9-db11716f47fd
2295,342400,55.04143047332764,0.99900075,0.999002,1.0,0.9960719999999998,0.0,0.0,0.0,0.0,0.0,0.0,0.0005,0.0,0.0,0.0,0.0005,0.0,0.0,0.0,0.002,0.9975,0.045899711685228106,1893,0.0008763579178417492,1.3359550823546488e-06,0.0001920885796812063,16,20,False,0.995,0.005,0.66,fixed,100,none,e7f9ddb3-8f5f-4b72-9bd9-db11716f47fd
2296,342700,55.05942153930664,0.99900075,0.999002,1.0,0.9960719999999998,0.0,0.0,0.0,0.0,0.0,0.0,0.0005,0.0,0.0,0.0,0.0005,0.0,0.0,0.0,0.002,0.9975,0.04669518407547691,1891,0.0008771386260763561,1.3355862530329934e-06,0.0001922594066361906,16,20,False,0.995,0.005,0.66,fixed,100,none,e7f9ddb3-8f5f-4b72-9bd9-db11716f47fd
2297,342800,55.07743215560913,0.99900075,0.999002,1.0,0.9960719999999998,0.0,0.0,0.0,0.0,0.0,0.0,0.0005,0.0,0.0,0.0,0.0005,0.0,0.0,0.0,0.002,0.9975,0.047091412742382266,1890,0.0008782478304983979,1.3386963718334555e-06,0.00019250280240674768,16,20,False,0.995,0.005,0.66,fixed,100,none,e7f9ddb3-8f5f-4b72-9bd9-db11716f47fd
2298,343100,55.09554600715637,0.99900075,0.999002,1.0,0.9960719999999998,0.0,0.0,0.0,0.0,0.0,0.0,0.0005,0.0,0.0,0.0,0.0005,0.0,0.0,0.0,0.002,0.9975,0.04669518407547691,1891,0.0008819933348861883,1.345398005634848e-06,0.00019332396662765725,16,20,False,0.995,0.005,0.66,fixed,100,none,e7f9ddb3-8f5f-4b72-9bd9-db11716f47fd
2299,343200,55.11593961715698,0.99900075,0.999002,1.0,0.9960719999999998,0.0,0.0,0.0,0.0,0.0,0.0,0.0005,0.0,0.0,0.0,0.0005,0.0,0.0,0.0,0.002,0.9975,0.04669518407547691,1891,0.0008818974115114302,1.3455609561254048e-06,0.0001933029999615159,16,20,False,0.995,0.005,0.66,fixed,100,none,e7f9ddb3-8f5f-4b72-9bd9-db11716f47fd
2300,343400,55.13381099700928,0.99900075,0.999002,1.0,0.9960719999999998,0.0,0.0,0.0,0.0,0.0,0.0,0.0005,0.0,0.0,0.0,0.0005,0.0,0.0,0.0,0.002,0.9975,0.04629795038975885,1892,0.000881693849320811,1.3433651249468175e-06,0.00019325802299006544,16,20,False,0.995,0.005,0.66,fixed,100,none,e7f9ddb3-8f5f-4b72-9bd9-db11716f47fd
2301,343500,55.151721239089966,0.99900075,0.999002,1.0,0.9960719999999998,0.0,0.0,0.0,0.0,0.0,0.0,0.0005,0.0,0.0,0.0,0.0005,0.0,0.0,0.0,0.002,0.9975,0.04669518407547691,1891,0.0008821084094428503,1.3439642437957078e-06,0.00019334888403336114,16,20,False,0.995,0.005,0.66,fixed,100,none,e7f9ddb3-8f5f-4b72-9bd9-db11716f47fd
2302,343800,55.173959493637085,0.99900075,0.999002,1.0,0.9960719999999998,0.0,0.0,0.0,0.0,0.0,0.0,0.0005,0.0,0.0,0.0,0.0005,0.0,0.0,0.0,0.002,0.9975,0.045899711685228106,1893,0.0008833464516529974,1.347608633049774e-06,0.00019362058390712058,16,20,False,0.995,0.005,0.66,fixed,100,none,e7f9ddb3-8f5f-4b72-9bd9-db11716f47fd
2303,343900,55.19199085235596,0.99900075,0.999002,1.0,0.9960719999999998,0.0,0.0,0.0,0.0,0.0,0.0,0.0005,0.0,0.0,0.0,0.0005,0.0,0.0,0.0,0.002,0.9975,0.045899711685228106,1893,0.0008839558937581747,1.349712136985324e-06,0.00019375439044969168,16,20,False,0.995,0.005,0.66,fixed,100,none,e7f9ddb3-8f5f-4b72-9bd9-db11716f47fd
2304,344100,55.20982766151428,0.99900075,0.999002,1.0,0.9960719999999998,0.0,0.0,0.0,0.0,0.0,0.0,0.0005,0.0,0.0,0.0,0.0005,0.0,0.0,0.0,0.002,0.9975,0.045899711685228106,1893,0.0008862486551892315,1.3547699565580988e-06,0.00019425723691266882,16,20,False,0.995,0.005,0.66,fixed,100,none,e7f9ddb3-8f5f-4b72-9bd9-db11716f47fd
2305,344200,55.22770667076111,0.99900075,0.999002,1.0,0.9960719999999998,0.0,0.0,0.0,0.0,0.0,0.0,0.0005,0.0,0.0,0.0,0.0005,0.0,0.0,0.0,0.002,0.9975,0.045899711685228106,1893,0.0008862991799796916,1.355133861269489e-06,0.0001942683659311957,16,20,False,0.995,0.005,0.66,fixed,100,none,e7f9ddb3-8f5f-4b72-9bd9-db11716f47fd
2306,344500,55.245673418045044,0.99900075,0.999002,1.0,0.9960719999999998,0.0,0.0,0.0,0.0,0.0,0.0,0.0005,0.0,0.0,0.0,0.0005,0.0,0.0,0.0,0.002,0.9975,0.045899711685228106,1893,0.0008876550435489839,1.357382842146866e-06,0.00019456559177288049,16,20,False,0.995,0.005,0.66,fixed,100,none,e7f9ddb3-8f5f-4b72-9bd9-db11716f47fd
2307,344600,55.26374793052673,0.99900075,0.999002,1.0,0.9960719999999998,0.0,0.0,0.0,0.0,0.0,0.0,0.0005,0.0,0.0,0.0,0.0005,0.0,0.0,0.0,0.002,0.9975,0.04629795038975885,1892,0.0008878724014347678,1.3563517892353034e-06,0.0001946129755140254,16,20,False,0.995,0.005,0.66,fixed,100,none,e7f9ddb3-8f5f-4b72-9bd9-db11716f47fd
2308,344900,55.281657457351685,0.99900075,0.999002,1.0,0.9960719999999998,0.0,0.0,0.0,0.0,0.0,0.0,0.0005,0.0,0.0,0.0,0.0005,0.0,0.0,0.0,0.002,0.9975,0.045899711685228106,1893,0.0008875127980096346,1.3542352352616715e-06,0.00019453385617900873,16,20,False,0.995,0.005,0.66,fixed,100,none,e7f9ddb3-8f5f-4b72-9bd9-db11716f47fd
2309,345000,55.29974579811096,0.99900075,0.999002,1.0,0.9960719999999998,0.0,0.0,0.0,0.0,0.0,0.0,0.0005,0.0,0.0,0.0,0.0005,0.0,0.0,0.0,0.002,0.9975,0.04550046796188467,1894,0.0008875527276258681,1.3565246917283947e-06,0.00019454303176873094,16,20,False,0.995,0.005,0.66,fixed,100,none,e7f9ddb3-8f5f-4b72-9bd9-db11716f47fd
2310,345200,55.32120966911316,0.99900075,0.999002,1.0,0.9960719999999998,0.0,0.0,0.0,0.0,0.0,0.0,0.0005,0.0,0.0,0.0,0.0005,0.0,0.0,0.0,0.002,0.9975,0.045899711685228106,1893,0.0008876948393932345,1.3534033049012712e-06,0.00019457354697111027,16,20,False,0.995,0.005,0.66,fixed,100,none,e7f9ddb3-8f5f-4b72-9bd9-db11716f47fd
2311,345300,55.33958339691162,0.99900075,0.999002,1.0,0.9960719999999998,0.0,0.0,0.0,0.0,0.0,0.0,0.0005,0.0,0.0,0.0,0.0005,0.0,0.0,0.0,0.002,0.9975,0.04550046796188467,1894,0.0008876420346185028,1.3537175636753124e-06,0.0001945620477150886,16,20,False,0.995,0.005,0.66,fixed,100,none,e7f9ddb3-8f5f-4b72-9bd9-db11716f47fd
2312,345500,55.35776686668396,0.99900075,0.999002,1.0,0.9960719999999998,0.0,0.0,0.0,0.0,0.0,0.0,0.0005,0.0,0.0,0.0,0.0005,0.0,0.0,0.0,0.002,0.9975,0.045899711685228106,1893,0.0008872641132035317,1.3521340802845407e-06,0.00019447901985550716,16,20,False,0.995,0.005,0.66,fixed,100,none,e7f9ddb3-8f5f-4b72-9bd9-db11716f47fd
2313,345600,55.375980377197266,0.99900075,0.999002,1.0,0.9960719999999998,0.0,0.0,0.0,0.0,0.0,0.0,0.0005,0.0,0.0,0.0,0.0005,0.0,0.0,0.0,0.002,0.9975,0.045899711685228106,1893,0.0008868160458389523,1.3531440156915508e-06,0.00019438112979712808,16,20,False,0.995,0.005,0.66,fixed,100,none,e7f9ddb3-8f5f-4b72-9bd9-db11716f47fd
2314,345700,55.39405417442322,0.99900075,0.999002,1.0,0.9960719999999998,0.0,0.0,0.0,0.0,0.0,0.0,0.0005,0.0,0.0,0.0,0.0005,0.0,0.0,0.0,0.002,0.9975,0.04550046796188467,1894,0.0008872582329515358,1.3536724764955528e-06,0.00019447802496362534,16,20,False,0.995,0.005,0.66,fixed,100,none,e7f9ddb3-8f5f-4b72-9bd9-db11716f47fd
2315,345900,55.41215181350708,0.99900075,0.999002,1.0,0.9960719999999998,0.0,0.0,0.0,0.0,0.0,0.0,0.0005,0.0,0.0,0.0,0.0005,0.0,0.0,0.0,0.002,0.9975,0.04550046796188467,1894,0.000887069430041629,1.3548449559655109e-06,0.00019443691877774606,16,20,False,0.995,0.005,0.66,fixed,100,none,e7f9ddb3-8f5f-4b72-9bd9-db11716f47fd
2316,346000,55.43035936355591,0.99900075,0.999002,1.0,0.9960719999999998,0.0,0.0,0.0,0.0,0.0,0.0,0.0005,0.0,0.0,0.0,0.0005,0.0,0.0,0.0,0.002,0.9975,0.04550046796188467,1894,0.0008880884356652372,1.3580296358047867e-06,0.0001946605841979233,16,20,False,0.995,0.005,0.66,fixed,100,none,e7f9ddb3-8f5f-4b72-9bd9-db11716f47fd
2317,346300,55.44835376739502,0.99900075,0.999002,1.0,0.9960719999999998,0.0,0.0,0.0,0.0,0.0,0.0,0.0005,0.0,0.0,0.0,0.0005,0.0,0.0,0.0,0.002,0.9975,0.045899711685228106,1893,0.0008882029793636545,1.3583288280999846e-06,0.00019468571466004297,16,20,False,0.995,0.005,0.66,fixed,100,none,e7f9ddb3-8f5f-4b72-9bd9-db11716f47fd
2318,346400,55.46626687049866,0.99900075,0.999002,1.0,0.9960719999999998,0.0,0.0,0.0,0.0,0.0,0.0,0.0005,0.0,0.0,0.0,0.0005,0.0,0.0,0.0,0.002,0.9975,0.045899711685228106,1893,0.0008879881484458575,1.3591804516142805e-06,0.00019463884998060496,16,20,False,0.995,0.005,0.66,fixed,100,none,e7f9ddb3-8f5f-4b72-9bd9-db11716f47fd
2319,346700,55.48425364494324,0.99900075,0.999002,1.0,0.9960719999999998,0.0,0.0,0.0,0.0,0.0,0.0,0.0005,0.0,0.0,0.0,0.0005,0.0,0.0,0.0,0.002,0.9975,0.045899711685228106,1893,0.0008903494695957117,1.3628571755221317e-06,0.00019515644175785053,16,20,False,0.995,0.005,0.66,fixed,100,none,e7f9ddb3-8f5f-4b72-9bd9-db11716f47fd
2320,346800,55.502570152282715,0.99900075,0.999002,1.0,0.9960719999999998,0.0,0.0,0.0,0.0,0.0,0.0,0.0005,0.0,0.0,0.0,0.0005,0.0,0.0,0.0,0.002,0.9975,0.045899711685228106,1893,0.0008903494695957117,1.3628571755221317e-06,0.00019515644175785053,16,20,False,0.995,0.005,0.66,fixed,100,none,e7f9ddb3-8f5f-4b72-9bd9-db11716f47fd
2321,347000,55.520726680755615,0.99900075,0.999002,1.0,0.9960719999999998,0.0,0.0,0.0,0.0,0.0,0.0,0.0005,0.0,0.0,0.0,0.0005,0.0,0.0,0.0,0.002,0.9975,0.045899711685228106,1893,0.0008914176165350439,1.3660752426065574e-06,0.00019539087055561638,16,20,False,0.995,0.005,0.66,fixed,100,none,e7f9ddb3-8f5f-4b72-9bd9-db11716f47fd
2322,347100,55.53865432739258,0.99900075,0.999002,1.0,0.9960719999999998,0.0,0.0,0.0,0.0,0.0,0.0,0.0005,0.0,0.0,0.0,0.0005,0.0,0.0,0.0,0.002,0.9975,0.045899711685228106,1893,0.0008913104925628947,1.3640925381218745e-06,0.00019536704440426084,16,20,False,0.995,0.005,0.66,fixed,100,none,e7f9ddb3-8f5f-4b72-9bd9-db11716f47fd
2323,347400,55.556565284729004,0.99900075,0.999002,1.0,0.9960719999999998,0.0,0.0,0.0,0.0,0.0,0.0,0.0005,0.0,0.0,0.0,0.0005,0.0,0.0,0.0,0.002,0.9975,0.045899711685228106,1893,0.0008897784986248568,1.3649139056915374e-06,0.00019503184699106257,16,20,False,0.995,0.005,0.66,fixed,100,none,e7f9ddb3-8f5f-4b72-9bd9-db11716f47fd
2324,347500,55.57450747489929,0.99900075,0.999002,1.0,0.9960719999999998,0.0,0.0,0.0,0.0,0.0,0.0,0.0005,0.0,0.0,0.0,0.0005,0.0,0.0,0.0,0.002,0.9975,0.045899711685228106,1893,0.0008908826501635075,1.36798075464272e-06,0.00019527412846417392,16,20,False,0.995,0.005,0.66,fixed,100,none,e7f9ddb3-8f5f-4b72-9bd9-db11716f47fd
2325,347700,55.59271192550659,0.99900075,0.999002,1.0,0.9960719999999998,0.0,0.0,0.0,0.0,0.0,0.0,0.0005,0.0,0.0,0.0,0.0005,0.0,0.0,0.0,0.002,0.9975,0.045899711685228106,1893,0.0008917167898879946,1.3689358981837114e-06,0.00019545690312713693,16,20,False,0.995,0.005,0.66,fixed,100,none,e7f9ddb3-8f5f-4b72-9bd9-db11716f47fd
2326,347800,55.61076378822327,0.99900075,0.999002,1.0,0.9960719999999998,0.0,0.0,0.0,0.0,0.0,0.0,0.0005,0.0,0.0,0.0,0.0005,0.0,0.0,0.0,0.002,0.9975,0.045899711685228106,1893,0.0008908423730763513,1.3686368482537626e-06,0.00019526543646758153,16,20,False,0.995,0.005,0.66,fixed,100,none,e7f9ddb3-8f5f-4b72-9bd9-db11716f47fd
2327,348100,55.62884259223938,0.99900075,0.999002,1.0,0.9960719999999998,0.0,0.0,0.0,0.0,0.0,0.0,0.0005,0.0,0.0,0.0,0.0005,0.0,0.0,0.0,0.002,0.9975,0.045899711685228106,1893,0.0008929230912660368,1.3754559553059324e-06,0.0001957222013096436,16,20,False,0.995,0.005,0.66,fixed,100,none,e7f9ddb3-8f5f-4b72-9bd9-db11716f47fd
2328,348200,55.64697289466858,0.99900075,0.999002,1.0,0.9960719999999998,0.0,0.0,0.0,0.0,0.0,0.0,0.0005,0.0,0.0,0.0,0.0005,0.0,0.0,0.0,0.002,0.9975,0.045899711685228106,1893,0.0008925640172840234,1.3744277630653403e-06,0.00019564340465845517,16,20,False,0.995,0.005,0.66,fixed,100,none,e7f9ddb3-8f5f-4b72-9bd9-db11716f47fd
2329,348400,55.66592335700989,0.99900075,0.999002,1.0,0.9960719999999998,0.0,0.0,0.0,0.0,0.0,0.0,0.0005,0.0,0.0,0.0,0.0005,0.0,0.0,0.0,0.002,0.9975,0.045899711685228106,1893,0.0008891927453709976,1.3682909941148198e-06,0.00019490426725059319,16,20,False,0.995,0.005,0.66,fixed,100,none,e7f9ddb3-8f5f-4b72-9bd9-db11716f47fd
2330,348500,55.68421411514282,0.99900075,0.999002,1.0,0.9960719999999998,0.0,0.0,0.0,0.0,0.0,0.0,0.0005,0.0,0.0,0.0,0.0005,0.0,0.0,0.0,0.002,0.9975,0.045899711685228106,1893,0.0008898014960430157,1.3687354534737395e-06,0.00019503760721997613,16,20,False,0.995,0.005,0.66,fixed,100,none,e7f9ddb3-8f5f-4b72-9bd9-db11716f47fd
2331,348600,55.70249271392822,0.99900075,0.999002,1.0,0.9960719999999998,0.0,0.0,0.0,0.0,0.0,0.0,0.0005,0.0,0.0,0.0,0.0005,0.0,0.0,0.0,0.002,0.9975,0.045899711685228106,1893,0.0008895342367546348,1.3691627844195353e-06,0.00019497918535462926,16,20,False,0.995,0.005,0.66,fixed,100,none,e7f9ddb3-8f5f-4b72-9bd9-db11716f47fd
2332,348800,55.72067594528198,0.99900075,0.999002,1.0,0.9960719999999998,0.0,0.0,0.0,0.0,0.0,0.0,0.0005,0.0,0.0,0.0,0.0005,0.0,0.0,0.0,0.002,0.9975,0.04550046796188467,1894,0.0008900095654045913,1.369932218354915e-06,0.00019508338098855248,16,20,False,0.995,0.005,0.66,fixed,100,none,e7f9ddb3-8f5f-4b72-9bd9-db11716f47fd
2333,348900,55.73874521255493,0.99900075,0.999002,1.0,0.9960719999999998,0.0,0.0,0.0,0.0,0.0,0.0,0.0005,0.0,0.0,0.0,0.0005,0.0,0.0,0.0,0.002,0.9975,0.04550046796188467,1894,0.0008903520018510799,1.3707077345577055e-06,0.00019515848767476737,16,20,False,0.995,0.005,0.66,fixed,100,none,e7f9ddb3-8f5f-4b72-9bd9-db11716f47fd
2334,349200,55.756927490234375,0.99900075,0.999002,1.0,0.9960719999999998,0.0,0.0,0.0,0.0,0.0,0.0,0.0005,0.0,0.0,0.0,0.0005,0.0,0.0,0.0,0.002,0.9975,0.04550046796188467,1894,0.0008922938160006321,1.3743520843323384e-06,0.00019558424321856153,16,20,False,0.995,0.005,0.66,fixed,100,none,e7f9ddb3-8f5f-4b72-9bd9-db11716f47fd
2335,349300,55.77507519721985,0.99900075,0.999002,1.0,0.9960719999999998,0.0,0.0,0.0,0.0,0.0,0.0,0.0005,0.0,0.0,0.0,0.0005,0.0,0.0,0.0,0.002,0.9975,0.045899711685228106,1893,0.0008929577491513591,1.3753630900870332e-06,0.00019572977027634903,16,20,False,0.995,0.005,0.66,fixed,100,none,e7f9ddb3-8f5f-4b72-9bd9-db11716f47fd
2336,349500,55.79296159744263,0.99900075,0.999002,1.0,0.9960719999999998,0.0,0.0,0.0,0.0,0.0,0.0,0.0005,0.0,0.0,0.0,0.0005,0.0,0.0,0.0,0.002,0.9975,0.045899711685228106,1893,0.0008921382673819453,1.3742460107620577e-06,0.00019555017347195263,16,20,False,0.995,0.005,0.66,fixed,100,none,e7f9ddb3-8f5f-4b72-9bd9-db11716f47fd
2337,349600,55.81085276603699,0.99900075,0.999002,1.0,0.9960719999999998,0.0,0.0,0.0,0.0,0.0,0.0,0.0005,0.0,0.0,0.0,0.0005,0.0,0.0,0.0,0.002,0.9975,0.045899711685228106,1893,0.0008919947138004689,1.374268812356014e-06,0.00019551875392527032,16,20,False,0.995,0.005,0.66,fixed,100,none,e7f9ddb3-8f5f-4b72-9bd9-db11716f47fd
2338,349900,55.82883048057556,0.99900075,0.999002,1.0,0.9960719999999998,0.0,0.0,0.0,0.0,0.0,0.0,0.0005,0.0,0.0,0.0,0.0005,0.0,0.0,0.0,0.002,0.9975,0.045899711685228106,1893,0.0008928140565300309,1.3762757132503801e-06,0.00019569848935994136,16,20,False,0.995,0.005,0.66,fixed,100,none,e7f9ddb3-8f5f-4b72-9bd9-db11716f47fd
2339,350000,55.84686803817749,0.99900075,0.999002,1.0,0.9960719999999998,0.0,0.0,0.0,0.0,0.0,0.0,0.0005,0.0,0.0,0.0,0.0005,0.0,0.0,0.0,0.002,0.9975,0.045899711685228106,1893,0.0008929853857917974,1.3782856792272397e-06,0.00019573637522887763,16,20,False,0.995,0.005,0.66,fixed,100,none,e7f9ddb3-8f5f-4b72-9bd9-db11716f47fd
2340,350300,55.86488676071167,0.99900075,0.999002,1.0,0.9960719999999998,0.0,0.0,0.0,0.0,0.0,0.0,0.0005,0.0,0.0,0.0,0.0005,0.0,0.0,0.0,0.002,0.9975,0.045899711685228106,1893,0.000892773236192577,1.3777270691431604e-06,0.0001956898295456923,16,20,False,0.995,0.005,0.66,fixed,100,none,e7f9ddb3-8f5f-4b72-9bd9-db11716f47fd
2341,350400,55.88296103477478,0.99900075,0.999002,1.0,0.9960719999999998,0.0,0.0,0.0,0.0,0.0,0.0,0.0005,0.0,0.0,0.0,0.0005,0.0,0.0,0.0,0.002,0.9975,0.045899711685228106,1893,0.0008923391715296074,1.3779607813127166e-06,0.00019559485719628048,16,20,False,0.995,0.005,0.66,fixed,100,none,e7f9ddb3-8f5f-4b72-9bd9-db11716f47fd
2342,350600,55.90092444419861,0.99900075,0.999002,1.0,0.9960719999999998,0.0,0.0,0.0,0.0,0.0,0.0,0.0005,0.0,0.0,0.0,0.0005,0.0,0.0,0.0,0.002,0.9975,0.045899711685228106,1893,0.0008912467470853142,1.3792527724304804e-06,0.0001953559709637371,16,20,False,0.995,0.005,0.66,fixed,100,none,e7f9ddb3-8f5f-4b72-9bd9-db11716f47fd
2343,350700,55.919028520584106,0.99900075,0.999002,1.0,0.9960719999999998,0.0,0.0,0.0,0.0,0.0,0.0,0.0005,0.0,0.0,0.0,0.0005,0.0,0.0,0.0,0.002,0.9975,0.045899711685228106,1893,0.000890820847247301,1.3776196386126416e-06,0.0001952624311937706,16,20,False,0.995,0.005,0.66,fixed,100,none,e7f9ddb3-8f5f-4b72-9bd9-db11716f47fd
2344,351000,55.937106132507324,0.99900075,0.999002,1.0,0.9960719999999998,0.0,0.0,0.0,0.0,0.0,0.0,0.0005,0.0,0.0,0.0,0.0005,0.0,0.0,0.0,0.002,0.9975,0.045899711685228106,1893,0.0008920449839045131,1.3796290863894329e-06,0.0001955307765031119,16,20,False,0.995,0.005,0.66,fixed,100,none,e7f9ddb3-8f5f-4b72-9bd9-db11716f47fd
2345,351100,55.955031394958496,0.99900075,0.999002,1.0,0.9960719999999998,0.0,0.0,0.0,0.0,0.0,0.0,0.0005,0.0,0.0,0.0,0.0005,0.0,0.0,0.0,0.002,0.9975,0.045899711685228106,1893,0.000892149448235948,1.3805424625018884e-06,0.00019555381728672438,16,20,False,0.995,0.005,0.66,fixed,100,none,e7f9ddb3-8f5f-4b72-9bd9-db11716f47fd
2346,351300,55.97297739982605,0.99900075,0.999002,1.0,0.9960719999999998,0.0,0.0,0.0,0.0,0.0,0.0,0.0005,0.0,0.0,0.0,0.0005,0.0,0.0,0.0,0.002,0.9975,0.045899711685228106,1893,0.0008926004646775185,1.3811507670187159e-06,0.00019565266036364237,16,20,False,0.995,0.005,0.66,fixed,100,none,e7f9ddb3-8f5f-4b72-9bd9-db11716f47fd
2347,351400,55.990952491760254,0.99900075,0.999002,1.0,0.9960719999999998,0.0,0.0,0.0,0.0,0.0,0.0,0.0005,0.0,0.0,0.0,0.0005,0.0,0.0,0.0,0.002,0.9975,0.045899711685228106,1893,0.0008922569050340469,1.3823200653448512e-06,0.0001955776773243684,16,20,False,0.995,0.005,0.66,fixed,100,none,e7f9ddb3-8f5f-4b72-9bd9-db11716f47fd
2348,351500,56.00898599624634,0.99900075,0.999002,1.0,0.9960719999999998,0.0,0.0,0.0,0.0,0.0,0.0,0.0005,0.0,0.0,0.0,0.0005,0.0,0.0,0.0,0.002,0.9975,0.045899711685228106,1893,0.000892095589642333,1.3815069372261526e-06,0.00019554221089077969,16,20,False,0.995,0.005,0.66,fixed,100,none,e7f9ddb3-8f5f-4b72-9bd9-db11716f47fd
2349,351700,56.02701711654663,0.99900075,0.999002,1.0,0.9960719999999998,0.0,0.0,0.0,0.0,0.0,0.0,0.0005,0.0,0.0,0.0,0.0005,0.0,0.0,0.0,0.002,0.9975,0.045899711685228106,1893,0.0008894893146858401,1.3778887185786983e-06,0.00019497100984126038,16,20,False,0.995,0.005,0.66,fixed,100,none,e7f9ddb3-8f5f-4b72-9bd9-db11716f47fd
2350,351800,56.044960260391235,0.99900075,0.999002,1.0,0.9960719999999998,0.0,0.0,0.0,0.0,0.0,0.0,0.0005,0.0,0.0,0.0,0.0005,0.0,0.0,0.0,0.002,0.9975,0.045899711685228106,1893,0.0008888517816884665,1.3764346908272138e-06,0.0001948311776028625,16,20,False,0.995,0.005,0.66,fixed,100,none,e7f9ddb3-8f5f-4b72-9bd9-db11716f47fd
2351,352100,56.06285858154297,0.99900075,0.999002,1.0,0.9960719999999998,0.0,0.0,0.0,0.0,0.0,0.0,0.0005,0.0,0.0,0.0,0.0005,0.0,0.0,0.0,0.002,0.9975,0.045899711685228106,1893,0.0008893072915894954,1.3792322447493823e-06,0.00019493142025544293,16,20,False,0.995,0.005,0.66,fixed,100,none,e7f9ddb3-8f5f-4b72-9bd9-db11716f47fd
2352,352200,56.08087348937988,0.99900075,0.999002,1.0,0.9960719999999998,0.0,0.0,0.0,0.0,0.0,0.0,0.0005,0.0,0.0,0.0,0.0005,0.0,0.0,0.0,0.002,0.9975,0.045899711685228106,1893,0.0008886697171543114,1.3772366102143897e-06,0.00019479147604101952,16,20,False,0.995,0.005,0.66,fixed,100,none,e7f9ddb3-8f5f-4b72-9bd9-db11716f47fd
2353,352400,56.09896755218506,0.99900075,0.999002,1.0,0.9960719999999998,0.0,0.0,0.0,0.0,0.0,0.0,0.0005,0.0,0.0,0.0,0.0005,0.0,0.0,0.0,0.002,0.9975,0.045899711685228106,1893,0.0008893814111816999,1.3791795944004373e-06,0.00019494763503061018,16,20,False,0.995,0.005,0.66,fixed,100,none,e7f9ddb3-8f5f-4b72-9bd9-db11716f47fd
2354,352500,56.116976261138916,0.99900075,0.999002,1.0,0.9960719999999998,0.0,0.0,0.0,0.0,0.0,0.0,0.0005,0.0,0.0,0.0,0.0005,0.0,0.0,0.0,0.002,0.9975,0.046297950389758855,1892,0.0008906267782664186,1.3823875706339767e-06,0.0001952208554009395,16,20,False,0.995,0.005,0.66,fixed,100,none,e7f9ddb3-8f5f-4b72-9bd9-db11716f47fd
2355,352800,56.13495087623596,0.99900075,0.999002,1.0,0.9960719999999998,0.0,0.0,0.0,0.0,0.0,0.0,0.0005,0.0,0.0,0.0,0.0005,0.0,0.0,0.0,0.002,0.9975,0.046297950389758855,1892,0.0008885102020657253,1.3807455173318328e-06,0.00019475722488048033,16,20,False,0.995,0.005,0.66,fixed,100,none,e7f9ddb3-8f5f-4b72-9bd9-db11716f47fd
2356,352900,56.152881383895874,0.99900075,0.999002,1.0,0.9960719999999998,0.0,0.0,0.0,0.0,0.0,0.0,0.0005,0.0,0.0,0.0,0.0005,0.0,0.0,0.0,0.002,0.9975,0.045899711685228106,1893,0.0008888716174990438,1.3821469071993323e-06,0.0001948366049829086,16,20,False,0.995,0.005,0.66,fixed,100,none,e7f9ddb3-8f5f-4b72-9bd9-db11716f47fd
2357,353200,56.17084884643555,0.99900075,0.999002,1.0,0.9960719999999998,0.0,0.0,0.0,0.0,0.0,0.0,0.0005,0.0,0.0,0.0,0.0005,0.0,0.0,0.0,0.002,0.9975,0.045899711685228106,1893,0.0008872209437544453,1.3802435951039102e-06,0.00019447491087091782,16,20,False,0.995,0.005,0.66,fixed,100,none,e7f9ddb3-8f5f-4b72-9bd9-db11716f47fd
2358,353300,56.18892455101013,0.99900075,0.999002,1.0,0.9960719999999998,0.0,0.0,0.0,0.0,0.0,0.0,0.0005,0.0,0.0,0.0,0.0005,0.0,0.0,0.0,0.002,0.9975,0.045899711685228106,1893,0.0008872209437544453,1.3802435951039102e-06,0.00019447491087091782,16,20,False,0.995,0.005,0.66,fixed,100,none,e7f9ddb3-8f5f-4b72-9bd9-db11716f47fd
2359,353500,56.2067813873291,0.99900075,0.999002,1.0,0.9960719999999998,0.0,0.0,0.0,0.0,0.0,0.0,0.0005,0.0,0.0,0.0,0.0005,0.0,0.0,0.0,0.002,0.9975,0.045899711685228106,1893,0.0008893302511563656,1.386160431300376e-06,0.0001949377624600755,16,20,False,0.995,0.005,0.66,fixed,100,none,e7f9ddb3-8f5f-4b72-9bd9-db11716f47fd
2360,353600,56.224639892578125,0.99900075,0.999002,1.0,0.9960719999999998,0.0,0.0,0.0,0.0,0.0,0.0,0.0005,0.0,0.0,0.0,0.0005,0.0,0.0,0.0,0.002,0.9975,0.046297950389758855,1892,0.0008910146492664842,1.3898793116638833e-06,0.00019530718379364955,16,20,False,0.995,0.005,0.66,fixed,100,none,e7f9ddb3-8f5f-4b72-9bd9-db11716f47fd
2361,353900,56.24249625205994,0.99900075,0.999002,1.0,0.9960719999999998,0.0,0.0,0.0,0.0,0.0,0.0,0.0005,0.0,0.0,0.0,0.0005,0.0,0.0,0.0,0.002,0.9975,0.046297950389758855,1892,0.0008927161388157732,1.3935718242288399e-06,0.00019568034143337625,16,20,False,0.995,0.005,0.66,fixed,100,none,e7f9ddb3-8f5f-4b72-9bd9-db11716f47fd
2362,354000,56.26054286956787,0.99900075,0.999002,1.0,0.9960719999999998,0.0,0.0,0.0,0.0,0.0,0.0,0.0005,0.0,0.0,0.0,0.0005,0.0,0.0,0.0,0.002,0.9975,0.046297950389758855,1892,0.000892514122905942,1.3953140942302796e-06,0.00019563645118201447,16,20,False,0.995,0.005,0.66,fixed,100,none,e7f9ddb3-8f5f-4b72-9bd9-db11716f47fd
2363,354100,56.278666734695435,0.99900075,0.999002,1.0,0.9960719999999998,0.0,0.0,0.0,0.0,0.0,0.0,0.0005,0.0,0.0,0.0,0.0005,0.0,0.0,0.0,0.002,0.9975,0.046297950389758855,1892,0.0008930725867710873,1.395892285628535e-06,0.00019575880877846044,16,20,False,0.995,0.005,0.66,fixed,100,none,e7f9ddb3-8f5f-4b72-9bd9-db11716f47fd
2364,354200,56.29655694961548,0.99900075,0.999002,1.0,0.9960719999999998,0.0,0.0,0.0,0.0,0.0,0.0,0.0005,0.0,0.0,0.0,0.0005,0.0,0.0,0.0,0.002,0.9975,0.046297950389758855,1892,0.0008936716004799294,1.3970088522922148e-06,0.0001958901450269921,16,20,False,0.995,0.005,0.66,fixed,100,none,e7f9ddb3-8f5f-4b72-9bd9-db11716f47fd
2365,354300,56.31445837020874,0.99900075,0.999002,1.0,0.9960719999999998,0.0,0.0,0.0,0.0,0.0,0.0,0.0005,0.0,0.0,0.0,0.0005,0.0,0.0,0.0,0.002,0.9975,0.046297950389758855,1892,0.000894668285239658,1.3995843481314331e-06,0.0001961088086651061,16,20,False,0.995,0.005,0.66,fixed,100,none,e7f9ddb3-8f5f-4b72-9bd9-db11716f47fd
2366,354600,56.33250546455383,0.99900075,0.999002,1.0,0.9960719999999998,0.0,0.0,0.0,0.0,0.0,0.0,0.0005,0.0,0.0,0.0,0.0005,0.0,0.0,0.0,0.002,0.9975,0.046297950389758855,1892,0.0008956861479705107,1.404761705790657e-06,0.00019633260251484503,16,20,False,0.995,0.005,0.66,fixed,100,none,e7f9ddb3-8f5f-4b72-9bd9-db11716f47fd
2367,354700,56.35056948661804,0.99900075,0.999002,1.0,0.9960719999999998,0.0,0.0,0.0,0.0,0.0,0.0,0.0005,0.0,0.0,0.0,0.0005,0.0,0.0,0.0,0.002,0.9975,0.046297950389758855,1892,0.0008955550266974891,1.4063207071778223e-06,0.00019630419627844416,16,20,False,0.995,0.005,0.66,fixed,100,none,e7f9ddb3-8f5f-4b72-9bd9-db11716f47fd
2368,355000,56.36957335472107,0.99900075,0.999002,1.0,0.9960719999999998,0.0,0.0,0.0,0.0,0.0,0.0,0.0005,0.0,0.0,0.0,0.0005,0.0,0.0,0.0,0.002,0.9975,0.045899711685228106,1893,0.0008958397017387709,1.4081840656684795e-06,0.00019636686568309399,16,20,False,0.995,0.005,0.66,fixed,100,none,e7f9ddb3-8f5f-4b72-9bd9-db11716f47fd
2369,355100,56.38743782043457,0.99900075,0.999002,1.0,0.9960719999999998,0.0,0.0,0.0,0.0,0.0,0.0,0.0005,0.0,0.0,0.0,0.0005,0.0,0.0,0.0,0.002,0.9975,0.045899711685228106,1893,0.0008949310132570716,1.4053523829649103e-06,0.00019616741575473632,16,20,False,0.995,0.005,0.66,fixed,100,none,e7f9ddb3-8f5f-4b72-9bd9-db11716f47fd
2370,355300,56.40535593032837,0.99900075,0.999002,1.0,0.9960719999999998,0.0,0.0,0.0,0.0,0.0,0.0,0.0005,0.0,0.0,0.0,0.0005,0.0,0.0,0.0,0.002,0.9975,0.045899711685228106,1893,0.0008955187326825709,1.4056621885607002e-06,0.00019629612640004128,16,20,False,0.995,0.005,0.66,fixed,100,none,e7f9ddb3-8f5f-4b72-9bd9-db11716f47fd
2371,355400,56.42336630821228,0.99900075,0.999002,1.0,0.9960719999999998,0.0,0.0,0.0,0.0,0.0,0.0,0.0005,0.0,0.0,0.0,0.0005,0.0,0.0,0.0,0.002,0.9975,0.04550046796188467,1894,0.000895055156104559,1.4026314109519354e-06,0.00019619407363936884,16,20,False,0.995,0.005,0.66,fixed,100,none,e7f9ddb3-8f5f-4b72-9bd9-db11716f47fd
2372,355700,56.44158315658569,0.99900075,0.999002,1.0,0.9960719999999998,0.0,0.0,0.0,0.0,0.0,0.0,0.0005,0.0,0.0,0.0,0.0005,0.0,0.0,0.0,0.002,0.9975,0.04550046796188467,1894,0.0008957969251829443,1.4017673771789006e-06,0.0001963562827242105,16,20,False,0.995,0.005,0.66,fixed,100,none,e7f9ddb3-8f5f-4b72-9bd9-db11716f47fd
2373,355800,56.45951008796692,0.99900075,0.999002,1.0,0.9960719999999998,0.0,0.0,0.0,0.0,0.0,0.0,0.0005,0.0,0.0,0.0,0.0005,0.0,0.0,0.0,0.002,0.9975,0.04550046796188467,1894,0.0008958919293883678,1.4012973195353377e-06,0.00019637698983382545,16,20,False,0.995,0.005,0.66,fixed,100,none,e7f9ddb3-8f5f-4b72-9bd9-db11716f47fd
2374,356000,56.47739815711975,0.99900075,0.999002,1.0,0.9960719999999998,0.0,0.0,0.0,0.0,0.0,0.0,0.0005,0.0,0.0,0.0,0.0005,0.0,0.0,0.0,0.002,0.9975,0.04550046796188467,1894,0.0008962340461523431,1.4003822721614509e-06,0.00019645170533445858,16,20,False,0.995,0.005,0.66,fixed,100,none,e7f9ddb3-8f5f-4b72-9bd9-db11716f47fd
2375,356100,56.49531626701355,0.99900075,0.999002,1.0,0.9960719999999998,0.0,0.0,0.0,0.0,0.0,0.0,0.0005,0.0,0.0,0.0,0.0005,0.0,0.0,0.0,0.002,0.9975,0.04550046796188467,1894,0.0008964105500801707,1.4005885750993745e-06,0.00019649038124181824,16,20,False,0.995,0.005,0.66,fixed,100,none,e7f9ddb3-8f5f-4b72-9bd9-db11716f47fd
2376,356400,56.51341772079468,0.99900075,0.999002,1.0,0.9960719999999998,0.0,0.0,0.0,0.0,0.0,0.0,0.0005,0.0,0.0,0.0,0.0005,0.0,0.0,0.0,0.002,0.9975,0.04550046796188467,1894,0.0008992763912062648,1.4084723894851517e-06,0.00019711921178905355,16,20,False,0.995,0.005,0.66,fixed,100,none,e7f9ddb3-8f5f-4b72-9bd9-db11716f47fd
2377,356500,56.53135108947754,0.99900075,0.999002,1.0,0.9960719999999998,0.0,0.0,0.0,0.0,0.0,0.0,0.0005,0.0,0.0,0.0,0.0005,0.0,0.0,0.0,0.002,0.9975,0.04550046796188467,1894,0.0008984614105655772,1.404351445982807e-06,0.0001969400295475416,16,20,False,0.995,0.005,0.66,fixed,100,none,e7f9ddb3-8f5f-4b72-9bd9-db11716f47fd
2378,356800,56.5493643283844,0.99900075,0.999002,1.0,0.9960719999999998,0.0,0.0,0.0,0.0,0.0,0.0,0.0005,0.0,0.0,0.0,0.0005,0.0,0.0,0.0,0.002,0.9975,0.045899711685228106,1893,0.0009025447372497757,1.4124322061608422e-06,0.00019783540510314647,16,20,False,0.995,0.005,0.66,fixed,100,none,e7f9ddb3-8f5f-4b72-9bd9-db11716f47fd
2379,356900,56.56725096702576,0.99900075,0.999002,1.0,0.9960719999999998,0.0,0.0,0.0,0.0,0.0,0.0,0.0005,0.0,0.0,0.0,0.0005,0.0,0.0,0.0,0.002,0.9975,0.045899711685228106,1893,0.0009034026554466558,1.4150964596590793e-06,0.0001980237096046082,16,20,False,0.995,0.005,0.66,fixed,100,none,e7f9ddb3-8f5f-4b72-9bd9-db11716f47fd
2380,357100,56.58526015281677,0.99900075,0.999002,1.0,0.9960719999999998,0.0,0.0,0.0,0.0,0.0,0.0,0.0005,0.0,0.0,0.0,0.0005,0.0,0.0,0.0,0.002,0.9975,0.045899711685228106,1893,0.0009030228884223654,1.414659199062873e-06,0.00019794049552347774,16,20,False,0.995,0.005,0.66,fixed,100,none,e7f9ddb3-8f5f-4b72-9bd9-db11716f47fd
2381,357200,56.603354692459106,0.99900075,0.999002,1.0,0.9960719999999998,0.0,0.0,0.0,0.0,0.0,0.0,0.0005,0.0,0.0,0.0,0.0005,0.0,0.0,0.0,0.002,0.9975,0.045899711685228106,1893,0.0009028999982182561,1.414522844526475e-06,0.0001979135689504363,16,20,False,0.995,0.005,0.66,fixed,100,none,e7f9ddb3-8f5f-4b72-9bd9-db11716f47fd
2382,357500,56.62139868736267,0.99900075,0.999002,1.0,0.9960719999999998,0.0,0.0,0.0,0.0,0.0,0.0,0.0005,0.0,0.0,0.0,0.0005,0.0,0.0,0.0,0.002,0.9975,0.045899711685228106,1893,0.0009036374686033119,1.415487328226503e-06,0.00019807518446962803,16,20,False,0.995,0.005,0.66,fixed,100,none,e7f9ddb3-8f5f-4b72-9bd9-db11716f47fd
2383,357600,56.63930535316467,0.99900075,0.999002,1.0,0.9960719999999998,0.0,0.0,0.0,0.0,0.0,0.0,0.0005,0.0,0.0,0.0,0.0005,0.0,0.0,0.0,0.002,0.9975,0.046297950389758855,1892,0.0009035622876340566,1.416224223289143e-06,0.00019805886736551994,16,20,False,0.995,0.005,0.66,fixed,100,none,e7f9ddb3-8f5f-4b72-9bd9-db11716f47fd
2384,357800,56.65768384933472,0.99900075,0.999002,1.0,0.9960719999999998,0.0,0.0,0.0,0.0,0.0,0.0,0.0005,0.0,0.0,0.0,0.0005,0.0,0.0,0.0,0.002,0.9975,0.04629795038975885,1892,0.0009032202618107569,1.4177624370705975e-06,0.00019798429017341812,16,20,False,0.995,0.005,0.66,fixed,100,none,e7f9ddb3-8f5f-4b72-9bd9-db11716f47fd
2385,357900,56.67574405670166,0.99900075,0.999002,1.0,0.9960719999999998,0.0,0.0,0.0,0.0,0.0,0.0,0.0005,0.0,0.0,0.0,0.0005,0.0,0.0,0.0,0.002,0.9975,0.046297950389758855,1892,0.0009037545183626772,1.4206658306160027e-06,0.0001981017905774071,16,20,False,0.995,0.005,0.66,fixed,100,none,e7f9ddb3-8f5f-4b72-9bd9-db11716f47fd
2386,358200,56.69382166862488,0.99900075,0.999002,1.0,0.9960719999999998,0.0,0.0,0.0,0.0,0.0,0.0,0.0005,0.0,0.0,0.0,0.0005,0.0,0.0,0.0,0.002,0.9975,0.045899711685228106,1893,0.0009037530631313446,1.423175211402265e-06,0.00019810194880961777,16,20,False,0.995,0.005,0.66,fixed,100,none,e7f9ddb3-8f5f-4b72-9bd9-db11716f47fd
2387,358300,56.71184277534485,0.99900075,0.999002,1.0,0.9960719999999998,0.0,0.0,0.0,0.0,0.0,0.0,0.0005,0.0,0.0,0.0,0.0005,0.0,0.0,0.0,0.002,0.9975,0.04550046796188467,1894,0.0009048450526854174,1.425386585403862e-06,0.0001983414054840646,16,20,False,0.995,0.005,0.66,fixed,100,none,e7f9ddb3-8f5f-4b72-9bd9-db11716f47fd
2388,358600,56.72976803779602,0.99900075,0.999002,1.0,0.9960719999999998,0.0,0.0,0.0,0.0,0.0,0.0,0.0005,0.0,0.0,0.0,0.0005,0.0,0.0,0.0,0.002,0.9975,0.045899711685228106,1893,0.0009045145308358199,1.4257867049038507e-06,0.00019826913027389272,16,20,False,0.995,0.005,0.66,fixed,100,none,e7f9ddb3-8f5f-4b72-9bd9-db11716f47fd
2389,358700,56.74773812294006,0.99900075,0.999002,1.0,0.9960719999999998,0.0,0.0,0.0,0.0,0.0,0.0,0.0005,0.0,0.0,0.0,0.0005,0.0,0.0,0.0,0.002,0.9975,0.045899711685228106,1893,0.0009043041765889741,1.4280658930009688e-06,0.00019822351677499663,16,20,False,0.995,0.005,0.66,fixed,100,none,e7f9ddb3-8f5f-4b72-9bd9-db11716f47fd
2390,358900,56.76595973968506,0.99900075,0.999002,1.0,0.9960719999999998,0.0,0.0,0.0,0.0,0.0,0.0,0.0005,0.0,0.0,0.0,0.0005,0.0,0.0,0.0,0.002,0.9975,0.04550046796188467,1894,0.00090424585041197,1.4314560296770023e-06,0.0001982113933008189,16,20,False,0.995,0.005,0.66,fixed,100,none,e7f9ddb3-8f5f-4b72-9bd9-db11716f47fd
2391,359000,56.78396248817444,0.99900075,0.999002,1.0,0.9960719999999998,0.0,0.0,0.0,0.0,0.0,0.0,0.0005,0.0,0.0,0.0,0.0005,0.0,0.0,0.0,0.002,0.9975,0.04550046796188467,1894,0.0009044815792051747,1.4309430390938247e-06,0.00019826289686544058,16,20,False,0.995,0.005,0.66,fixed,100,none,e7f9ddb3-8f5f-4b72-9bd9-db11716f47fd
2392,359300,56.80181121826172,0.99900075,0.999002,1.0,0.9960719999999998,0.0,0.0,0.0,0.0,0.0,0.0,0.0005,0.0,0.0,0.0,0.0005,0.0,0.0,0.0,0.002,0.9975,0.04550046796188467,1894,0.0009050485560607149,1.4329732429566068e-06,0.00019838739383785226,16,20,False,0.995,0.005,0.66,fixed,100,none,e7f9ddb3-8f5f-4b72-9bd9-db11716f47fd
2393,359400,56.81970477104187,0.99900075,0.999002,1.0,0.9960719999999998,0.0,0.0,0.0,0.0,0.0,0.0,0.0005,0.0,0.0,0.0,0.0005,0.0,0.0,0.0,0.002,0.9975,0.04550046796188467,1894,0.0009058124566641653,1.4341540684172376e-06,0.00019855483603678509,16,20,False,0.995,0.005,0.66,fixed,100,none,e7f9ddb3-8f5f-4b72-9bd9-db11716f47fd
2394,359600,56.83776903152466,0.99900075,0.999002,1.0,0.9960719999999998,0.0,0.0,0.0,0.0,0.0,0.0,0.0005,0.0,0.0,0.0,0.0005,0.0,0.0,0.0,0.002,0.9975,0.04550046796188467,1894,0.000904213982846075,1.4295545002621691e-06,0.00019820405620005562,16,20,False,0.995,0.005,0.66,fixed,100,none,e7f9ddb3-8f5f-4b72-9bd9-db11716f47fd
2395,359700,56.8558087348938,0.99900075,0.999002,1.0,0.9960719999999998,0.0,0.0,0.0,0.0,0.0,0.0,0.0005,0.0,0.0,0.0,0.0005,0.0,0.0,0.0,0.002,0.9975,0.04550046796188467,1894,0.000903827036955388,1.427144981491356e-06,0.00019811889593601782,16,20,False,0.995,0.005,0.66,fixed,100,none,e7f9ddb3-8f5f-4b72-9bd9-db11716f47fd
2396,360000,56.87485313415527,0.99900075,0.999002,1.0,0.9960719999999998,0.0,0.0,0.0,0.0,0.0,0.0,0.0005,0.0,0.0,0.0,0.0005,0.0,0.0,0.0,0.002,0.9975,0.04550046796188467,1894,0.0009035045735501992,1.426228330256808e-06,0.0001980481345328874,16,20,False,0.995,0.005,0.66,fixed,100,none,e7f9ddb3-8f5f-4b72-9bd9-db11716f47fd
