epoch,generation,walltime_sec,pure_train_chi2,test_chi2,blip_train_chi2,bitflip_chi2,test1_frac,test2_frac,test3_frac,test4_frac,test5_frac,test6_frac,test7_frac,test8_frac,train1_frac,train2_frac,train3_frac,s1_blip_match_frac,s2_blip_match_frac,s3_blip_match_frac,bitflip_frac,other_frac,other_chi2,other_n_classes,l1_loss,l2_loss,regularization_loss,v,seed,zero_init,l1_scale,l2_scale,blip_freq,blip_mode,num_epoch,schedule_mode,replicate_uid
0,0,12.340320348739624,1.0,1.0,1.0,0.9960959999999999,0.0,0.0,0.0,0.0,0.0,0.0,0.0,0.0,0.0,0.0,0.0,0.0,0.0,0.0,0.002,0.998,0.05402839747631537,1873,0.0,0.0,0.0,16,20,False,0.995,0.005,0.66,fixed,100,none,89088af6-702d-46f1-85f7-fa99660871db
1,100,12.363933086395264,1.0,1.0,1.0,0.9960959999999999,0.0,0.0,0.0,0.0,0.0,0.0,0.0,0.0,0.0,0.0,0.0,0.0,0.0,0.0,0.002,0.998,0.05402839747631537,1873,1.7040121537041606e-05,4.472483889572082e-10,3.7301675816523097e-06,16,20,False,0.995,0.005,0.66,fixed,100,none,89088af6-702d-46f1-85f7-fa99660871db
2,200,12.384092092514038,1.0,1.0,1.0,0.9960959999999999,0.0,0.0,0.0,0.0,0.0,0.0,0.0,0.0,0.0,0.0,0.0,0.0,0.0,0.0,0.002,0.998,0.053271372404126875,1875,2.0899997997681197e-05,6.900667803896082e-10,4.575140674380688e-06,16,20,False,0.995,0.005,0.66,fixed,100,none,89088af6-702d-46f1-85f7-fa99660871db
3,300,12.404581069946289,1.0,1.0,1.0,0.9960959999999999,0.0,0.0,0.0,0.0,0.0,0.0,0.0,0.0,0.0,0.0,0.0,0.0,0.0,0.0,0.002,0.998,0.053271372404126875,1875,2.31034050638558e-05,8.40092109020925e-10,5.057494985978749e-06,16,20,False,0.995,0.005,0.66,fixed,100,none,89088af6-702d-46f1-85f7-fa99660871db
4,400,12.424933433532715,1.0,1.0,1.0,0.9960959999999999,0.0,0.0,0.0,0.0,0.0,0.0,0.0,0.0,0.0,0.0,0.0,0.0,0.0,0.0,0.002,0.998,0.053271372404126875,1875,2.8717526935471043e-05,1.2968628368827966e-09,6.286513050113619e-06,16,20,False,0.995,0.005,0.66,fixed,100,none,89088af6-702d-46f1-85f7-fa99660871db
5,500,12.445255517959595,1.0,1.0,1.0,0.9960959999999999,0.0,0.0,0.0,0.0,0.0,0.0,0.0,0.0,0.0,0.0,0.0,0.0,0.0,0.0,0.002,0.998,0.05365038694623715,1874,3.44222410464906e-05,1.8139892804726127e-09,7.5353732230400814e-06,16,20,False,0.995,0.005,0.66,fixed,100,none,89088af6-702d-46f1-85f7-fa99660871db
6,600,12.465774297714233,1.0,1.0,1.0,0.9960959999999999,0.0,0.0,0.0,0.0,0.0,0.0,0.0,0.0,0.0,0.0,0.0,0.0,0.0,0.0,0.002,0.998,0.05289135384998454,1876,3.6611473569789346e-05,2.0921584055772465e-09,8.01464907452395e-06,16,20,False,0.995,0.005,0.66,fixed,100,none,89088af6-702d-46f1-85f7-fa99660871db
7,700,12.486320734024048,1.0,1.0,1.0,0.9960959999999999,0.0,0.0,0.0,0.0,0.0,0.0,0.0,0.0,0.0,0.0,0.0,0.0,0.0,0.0,0.002,0.998,0.053271372404126875,1875,4.0348118389398966e-05,2.5009132775051256e-09,8.83267828896216e-06,16,20,False,0.995,0.005,0.66,fixed,100,none,89088af6-702d-46f1-85f7-fa99660871db
8,800,12.506648778915405,1.0,1.0,1.0,0.9960959999999999,0.0,0.0,0.0,0.0,0.0,0.0,0.0,0.0,0.0,0.0,0.0,0.0,0.0,0.0,0.002,0.998,0.053271372404126875,1875,4.16680622210083e-05,2.675485576600415e-09,9.121647162438272e-06,16,20,False,0.995,0.005,0.66,fixed,100,none,89088af6-702d-46f1-85f7-fa99660871db
9,900,12.526986837387085,1.0,1.0,1.0,0.9960959999999999,0.0,0.0,0.0,0.0,0.0,0.0,0.0,0.0,0.0,0.0,0.0,0.0,0.0,0.0,0.002,0.998,0.053271372404126875,1875,4.428520885426774e-05,3.077961133745907e-09,9.69461703081462e-06,16,20,False,0.995,0.005,0.66,fixed,100,none,89088af6-702d-46f1-85f7-fa99660871db
10,1000,12.54740309715271,1.0,1.0,1.0,0.9960959999999999,0.0,0.0,0.0,0.0,0.0,0.0,0.0,0.0,0.0,0.0,0.0,0.0,0.0,0.0,0.002,0.998,0.053271372404126875,1875,4.825926115022705e-05,3.7075914549991062e-09,1.056465670816115e-05,16,20,False,0.995,0.005,0.66,fixed,100,none,89088af6-702d-46f1-85f7-fa99660871db
11,1100,12.567775249481201,1.0,1.0,1.0,0.9960959999999999,0.0,0.0,0.0,0.0,0.0,0.0,0.0,0.0,0.0,0.0,0.0,0.0,0.0,0.0,0.002,0.998,0.05289135384998454,1876,5.163632475091533e-05,4.1567998619110885e-09,1.130398127994913e-05,16,20,False,0.995,0.005,0.66,fixed,100,none,89088af6-702d-46f1-85f7-fa99660871db
12,1200,12.588189125061035,1.0,1.0,1.0,0.9960959999999999,0.0,0.0,0.0,0.0,0.0,0.0,0.0,0.0,0.0,0.0,0.0,0.0,0.0,0.0,0.002,0.998,0.05289135384998454,1876,5.23690242843917e-05,4.224417404646936e-09,1.1464382055160226e-05,16,20,False,0.995,0.005,0.66,fixed,100,none,89088af6-702d-46f1-85f7-fa99660871db
13,1300,12.608597755432129,1.0,1.0,1.0,0.9960959999999999,0.0,0.0,0.0,0.0,0.0,0.0,0.0,0.0,0.0,0.0,0.0,0.0,0.0,0.0,0.002,0.998,0.05289135384998455,1876,5.25727101736621e-05,4.324503485029851e-09,1.150898791267679e-05,16,20,False,0.995,0.005,0.66,fixed,100,none,89088af6-702d-46f1-85f7-fa99660871db
14,1400,12.63001036643982,1.0,1.0,1.0,0.9960959999999999,0.0,0.0,0.0,0.0,0.0,0.0,0.0,0.0,0.0,0.0,0.0,0.0,0.0,0.0,0.002,0.998,0.052891353849984536,1876,5.471854868789108e-05,4.85866423992795e-09,1.1978813453984945e-05,16,20,False,0.995,0.005,0.66,fixed,100,none,89088af6-702d-46f1-85f7-fa99660871db
15,1500,12.650408267974854,1.0,1.0,1.0,0.9960959999999999,0.0,0.0,0.0,0.0,0.0,0.0,0.0,0.0,0.0,0.0,0.0,0.0,0.0,0.0,0.002,0.998,0.052891353849984536,1876,5.512361480832215e-05,4.924712817100294e-09,1.2067494976976969e-05,16,20,False,0.995,0.005,0.66,fixed,100,none,89088af6-702d-46f1-85f7-fa99660871db
16,1600,12.670710325241089,1.0,1.0,1.0,0.9960959999999999,0.0,0.0,0.0,0.0,0.0,0.0,0.0,0.0,0.0,0.0,0.0,0.0,0.0,0.0,0.002,0.998,0.052891353849984536,1876,5.590356883621892e-05,4.9953247588690664e-09,1.2238240329952508e-05,16,20,False,0.995,0.005,0.66,fixed,100,none,89088af6-702d-46f1-85f7-fa99660871db
17,1700,12.691099882125854,1.0,1.0,1.0,0.9960959999999999,0.0,0.0,0.0,0.0,0.0,0.0,0.0,0.0,0.0,0.0,0.0,0.0,0.0,0.0,0.002,0.998,0.052891353849984536,1876,5.88532335077799e-05,5.46292668657537e-09,1.288401077092347e-05,16,20,False,0.995,0.005,0.66,fixed,100,none,89088af6-702d-46f1-85f7-fa99660871db
18,1800,12.711426734924316,1.0,1.0,1.0,0.9960959999999999,0.0,0.0,0.0,0.0,0.0,0.0,0.0,0.0,0.0,0.0,0.0,0.0,0.0,0.0,0.002,0.998,0.052891353849984536,1876,6.02347218179696e-05,5.65630715345715e-09,1.3186455304312704e-05,16,20,False,0.995,0.005,0.66,fixed,100,none,89088af6-702d-46f1-85f7-fa99660871db
19,1900,12.731779336929321,1.0,1.0,1.0,0.9960959999999999,0.0,0.0,0.0,0.0,0.0,0.0,0.0,0.0,0.0,0.0,0.0,0.0,0.0,0.0,0.002,0.998,0.053271372404126875,1875,6.0662947381319495e-05,5.745702101518485e-09,1.3280210865170126e-05,16,20,False,0.995,0.005,0.66,fixed,100,none,89088af6-702d-46f1-85f7-fa99660871db
20,2000,12.757822513580322,1.0,1.0,1.0,0.9960959999999999,0.0,0.0,0.0,0.0,0.0,0.0,0.0,0.0,0.0,0.0,0.0,0.0,0.0,0.0,0.002,0.998,0.053271372404126875,1875,6.23037460187599e-05,6.099758561194647e-09,1.363944895763317e-05,16,20,False,0.995,0.005,0.66,fixed,100,none,89088af6-702d-46f1-85f7-fa99660871db
21,2100,12.781423330307007,1.0,1.0,1.0,0.9960959999999999,0.0,0.0,0.0,0.0,0.0,0.0,0.0,0.0,0.0,0.0,0.0,0.0,0.0,0.0,0.002,0.998,0.053271372404126875,1875,6.273505756873159e-05,6.295839939809958e-09,1.373390031138391e-05,16,20,False,0.995,0.005,0.66,fixed,100,none,89088af6-702d-46f1-85f7-fa99660871db
22,2200,12.801916360855103,1.0,1.0,1.0,0.9960959999999999,0.0,0.0,0.0,0.0,0.0,0.0,0.0,0.0,0.0,0.0,0.0,0.0,0.0,0.0,0.002,0.998,0.053271372404126875,1875,6.291617884856212e-05,6.368803520856423e-09,1.3773561622619211e-05,16,20,False,0.995,0.005,0.66,fixed,100,none,89088af6-702d-46f1-85f7-fa99660871db
23,2300,12.822266578674316,1.0,1.0,1.0,0.9960959999999999,0.0,0.0,0.0,0.0,0.0,0.0,0.0,0.0,0.0,0.0,0.0,0.0,0.0,0.0,0.002,0.998,0.053271372404126875,1875,6.417370245713715e-05,6.619126507622076e-09,1.404888110190377e-05,16,20,False,0.995,0.005,0.66,fixed,100,none,89088af6-702d-46f1-85f7-fa99660871db
24,2400,12.842664003372192,1.0,1.0,1.0,0.9960959999999999,0.0,0.0,0.0,0.0,0.0,0.0,0.0,0.0,0.0,0.0,0.0,0.0,0.0,0.0,0.002,0.998,0.053271372404126875,1875,6.516441954793336e-05,6.818907706805439e-09,1.4265787031506904e-05,16,20,False,0.995,0.005,0.66,fixed,100,none,89088af6-702d-46f1-85f7-fa99660871db
25,2500,12.863032341003418,1.0,1.0,1.0,0.9960959999999999,0.0,0.0,0.0,0.0,0.0,0.0,0.0,0.0,0.0,0.0,0.0,0.0,0.0,0.0,0.002,0.998,0.053271372404126875,1875,6.602324052060861e-05,6.963467486530665e-09,1.4453810408783666e-05,16,20,False,0.995,0.005,0.66,fixed,100,none,89088af6-702d-46f1-85f7-fa99660871db
26,2600,12.883552551269531,1.0,1.0,1.0,0.9960959999999999,0.0,0.0,0.0,0.0,0.0,0.0,0.0,0.0,0.0,0.0,0.0,0.0,0.0,0.0,0.002,0.998,0.053271372404126875,1875,6.755953497887279e-05,7.277090608998628e-09,1.4790164854090964e-05,16,20,False,0.995,0.005,0.66,fixed,100,none,89088af6-702d-46f1-85f7-fa99660871db
27,2700,12.90393590927124,1.0,1.0,1.0,0.9960959999999999,0.0,0.0,0.0,0.0,0.0,0.0,0.0,0.0,0.0,0.0,0.0,0.0,0.0,0.0,0.002,0.998,0.053271372404126875,1875,6.913549927174892e-05,7.543259122181518e-09,1.5135194009819056e-05,16,20,False,0.995,0.005,0.66,fixed,100,none,89088af6-702d-46f1-85f7-fa99660871db
28,2800,12.924514293670654,1.0,1.0,1.0,0.9960959999999999,0.0,0.0,0.0,0.0,0.0,0.0,0.0,0.0,0.0,0.0,0.0,0.0,0.0,0.0,0.002,0.998,0.053271372404126875,1875,6.984662711826706e-05,7.692346419478962e-09,1.529088822200836e-05,16,20,False,0.995,0.005,0.66,fixed,100,none,89088af6-702d-46f1-85f7-fa99660871db
29,2900,12.948742151260376,1.0,1.0,1.0,0.9960959999999999,0.0,0.0,0.0,0.0,0.0,0.0,0.0,0.0,0.0,0.0,0.0,0.0,0.0,0.0,0.002,0.998,0.053271372404126875,1875,7.100714090443389e-05,7.99217187307736e-09,1.5544981656636467e-05,16,20,False,0.995,0.005,0.66,fixed,100,none,89088af6-702d-46f1-85f7-fa99660871db
30,3000,12.969245910644531,1.0,1.0,1.0,0.9960959999999999,0.0,0.0,0.0,0.0,0.0,0.0,0.0,0.0,0.0,0.0,0.0,0.0,0.0,0.0,0.002,0.998,0.053271372404126875,1875,7.202647964514364e-05,8.251890887919616e-09,1.5768164253590647e-05,16,20,False,0.995,0.005,0.66,fixed,100,none,89088af6-702d-46f1-85f7-fa99660871db
31,3100,12.989582061767578,1.0,1.0,1.0,0.9960959999999999,0.0,0.0,0.0,0.0,0.0,0.0,0.0,0.0,0.0,0.0,0.0,0.0,0.0,0.0,0.002,0.998,0.053271372404126875,1875,7.202647964514364e-05,8.251890887919616e-09,1.5768164253590647e-05,16,20,False,0.995,0.005,0.66,fixed,100,none,89088af6-702d-46f1-85f7-fa99660871db
32,3200,13.010042667388916,1.0,1.0,1.0,0.9960959999999999,0.0,0.0,0.0,0.0,0.0,0.0,0.0,0.0,0.0,0.0,0.0,0.0,0.0,0.0,0.002,0.998,0.053271372404126875,1875,7.411472283041187e-05,8.597370941658675e-09,1.6225346328056075e-05,16,20,False,0.995,0.005,0.66,fixed,100,none,89088af6-702d-46f1-85f7-fa99660871db
33,3300,13.030418157577515,1.0,1.0,1.0,0.9960959999999999,0.0,0.0,0.0,0.0,0.0,0.0,0.0,0.0,0.0,0.0,0.0,0.0,0.0,0.0,0.002,0.998,0.053271372404126875,1875,7.54433993623762e-05,8.81496092866e-09,1.6516234963000597e-05,16,20,False,0.995,0.005,0.66,fixed,100,none,89088af6-702d-46f1-85f7-fa99660871db
34,3400,13.05079460144043,1.0,1.0,1.0,0.9960959999999999,0.0,0.0,0.0,0.0,0.0,0.0,0.0,0.0,0.0,0.0,0.0,0.0,0.0,0.0,0.002,0.998,0.05289135384998455,1876,7.50730153424029e-05,8.931647915859513e-09,1.643518007155601e-05,16,20,False,0.995,0.005,0.66,fixed,100,none,89088af6-702d-46f1-85f7-fa99660871db
35,3500,13.071149110794067,1.0,1.0,1.0,0.9960959999999999,0.0,0.0,0.0,0.0,0.0,0.0,0.0,0.0,0.0,0.0,0.0,0.0,0.0,0.0,0.002,0.998,0.05251033128381009,1877,7.621474859100082e-05,9.13231840875732e-09,1.6685143607067742e-05,16,20,False,0.995,0.005,0.66,fixed,100,none,89088af6-702d-46f1-85f7-fa99660871db
36,3600,13.091809511184692,1.0,1.0,1.0,0.9960959999999999,0.0,0.0,0.0,0.0,0.0,0.0,0.0,0.0,0.0,0.0,0.0,0.0,0.0,0.0,0.002,0.998,0.053271372404126875,1875,7.720259793043856e-05,9.406489976627e-09,1.690143592006856e-05,16,20,False,0.995,0.005,0.66,fixed,100,none,89088af6-702d-46f1-85f7-fa99660871db
37,3700,13.112743616104126,1.0,1.0,1.0,0.9960959999999999,0.0,0.0,0.0,0.0,0.0,0.0,0.0,0.0,0.0,0.0,0.0,0.0,0.0,0.0,0.002,0.998,0.053271372404126875,1875,8.023366294437255e-05,1.0010601921026441e-08,1.7565050832888146e-05,16,20,False,0.995,0.005,0.66,fixed,100,none,89088af6-702d-46f1-85f7-fa99660871db
38,3800,13.133263349533081,1.0,1.0,1.0,0.9960959999999999,0.0,0.0,0.0,0.0,0.0,0.0,0.0,0.0,0.0,0.0,0.0,0.0,0.0,0.0,0.002,0.998,0.053271372404126875,1875,8.023366294437255e-05,1.0010601921026441e-08,1.7565050832888146e-05,16,20,False,0.995,0.005,0.66,fixed,100,none,89088af6-702d-46f1-85f7-fa99660871db
39,3900,13.1535964012146,1.0,1.0,1.0,0.9960959999999999,0.0,0.0,0.0,0.0,0.0,0.0,0.0,0.0,0.0,0.0,0.0,0.0,0.0,0.0,0.002,0.998,0.05289135384998454,1876,8.076652646730842e-05,1.0134460084948254e-08,1.7681718191109952e-05,16,20,False,0.995,0.005,0.66,fixed,100,none,89088af6-702d-46f1-85f7-fa99660871db
40,4000,13.174023866653442,1.0,1.0,1.0,0.9960959999999999,0.0,0.0,0.0,0.0,0.0,0.0,0.0,0.0,0.0,0.0,0.0,0.0,0.0,0.0,0.002,0.998,0.05289135384998454,1876,8.277007161980164e-05,1.0479148513001357e-08,1.8120359715792048e-05,16,20,False,0.995,0.005,0.66,fixed,100,none,89088af6-702d-46f1-85f7-fa99660871db
41,4100,13.194384336471558,1.0,1.0,1.0,0.9960959999999999,0.0,0.0,0.0,0.0,0.0,0.0,0.0,0.0,0.0,0.0,0.0,0.0,0.0,0.0,0.002,0.998,0.052510331283810094,1877,8.310381846248014e-05,1.0616973927741019e-08,1.8193443086483174e-05,16,20,False,0.995,0.005,0.66,fixed,100,none,89088af6-702d-46f1-85f7-fa99660871db
42,4200,13.214862585067749,1.0,1.0,1.0,0.9960959999999999,0.0,0.0,0.0,0.0,0.0,0.0,0.0,0.0,0.0,0.0,0.0,0.0,0.0,0.0,0.002,0.998,0.05289135384998454,1876,8.351571776886138e-05,1.0745407490850713e-08,1.8283632247027018e-05,16,20,False,0.995,0.005,0.66,fixed,100,none,89088af6-702d-46f1-85f7-fa99660871db
43,4300,13.235230922698975,1.0,1.0,1.0,0.9960959999999999,0.0,0.0,0.0,0.0,0.0,0.0,0.0,0.0,0.0,0.0,0.0,0.0,0.0,0.0,0.002,0.998,0.05289135384998454,1876,8.506577811930601e-05,1.1096471658938169e-08,1.8623007159931283e-05,16,20,False,0.995,0.005,0.66,fixed,100,none,89088af6-702d-46f1-85f7-fa99660871db
44,4400,13.255722284317017,1.0,1.0,1.0,0.9960959999999999,0.0,0.0,0.0,0.0,0.0,0.0,0.0,0.0,0.0,0.0,0.0,0.0,0.0,0.0,0.002,0.998,0.05289135384998454,1876,8.605302977790857e-05,1.1405275495842134e-08,1.8839175220728396e-05,16,20,False,0.995,0.005,0.66,fixed,100,none,89088af6-702d-46f1-85f7-fa99660871db
45,4500,13.276095151901245,1.0,1.0,1.0,0.9960959999999999,0.0,0.0,0.0,0.0,0.0,0.0,0.0,0.0,0.0,0.0,0.0,0.0,0.0,0.0,0.002,0.998,0.053271372404126875,1875,8.701939390467705e-05,1.1709573004647392e-08,1.905077014460469e-05,16,20,False,0.995,0.005,0.66,fixed,100,none,89088af6-702d-46f1-85f7-fa99660871db
46,4600,13.296499490737915,1.0,1.0,1.0,0.9960959999999999,0.0,0.0,0.0,0.0,0.0,0.0,0.0,0.0,0.0,0.0,0.0,0.0,0.0,0.0,0.002,0.998,0.053271372404126875,1875,8.861904107748637e-05,1.2071015468593766e-08,1.94010015848008e-05,16,20,False,0.995,0.005,0.66,fixed,100,none,89088af6-702d-46f1-85f7-fa99660871db
47,4700,13.31693410873413,1.0,1.0,1.0,0.9960959999999999,0.0,0.0,0.0,0.0,0.0,0.0,0.0,0.0,0.0,0.0,0.0,0.0,0.0,0.0,0.002,0.998,0.05289135384998454,1876,8.900961278387262e-05,1.2277386235859092e-08,1.948653694177453e-05,16,20,False,0.995,0.005,0.66,fixed,100,none,89088af6-702d-46f1-85f7-fa99660871db
48,4800,13.337480306625366,1.0,1.0,1.0,0.9960959999999999,0.0,0.0,0.0,0.0,0.0,0.0,0.0,0.0,0.0,0.0,0.0,0.0,0.0,0.0,0.002,0.998,0.05289135384998454,1876,8.989113950764995e-05,1.259760325473511e-08,1.9679563982842974e-05,16,20,False,0.995,0.005,0.66,fixed,100,none,89088af6-702d-46f1-85f7-fa99660871db
49,4900,13.357953548431396,1.0,1.0,1.0,0.9960959999999999,0.0,0.0,0.0,0.0,0.0,0.0,0.0,0.0,0.0,0.0,0.0,0.0,0.0,0.0,0.002,0.998,0.05289135384998454,1876,9.143889690791265e-05,1.3351514877642824e-08,2.001851132096883e-05,16,20,False,0.995,0.005,0.66,fixed,100,none,89088af6-702d-46f1-85f7-fa99660871db
50,5000,13.378515720367432,1.0,1.0,1.0,0.9960959999999999,0.0,0.0,0.0,0.0,0.0,0.0,0.0,0.0,0.0,0.0,0.0,0.0,0.0,0.0,0.002,0.998,0.05289135384998454,1876,9.128108207730327e-05,1.346387952210675e-08,1.9983987003830888e-05,16,20,False,0.995,0.005,0.66,fixed,100,none,89088af6-702d-46f1-85f7-fa99660871db
51,5100,13.399144649505615,1.0,1.0,1.0,0.9960959999999999,0.0,0.0,0.0,0.0,0.0,0.0,0.0,0.0,0.0,0.0,0.0,0.0,0.0,0.0,0.002,0.998,0.053271372404126875,1875,9.157898833603443e-05,1.3534422371822914e-08,2.0049212087008584e-05,16,20,False,0.995,0.005,0.66,fixed,100,none,89088af6-702d-46f1-85f7-fa99660871db
52,5200,13.41978144645691,1.0,1.0,1.0,0.9960959999999999,0.0,0.0,0.0,0.0,0.0,0.0,0.0,0.0,0.0,0.0,0.0,0.0,0.0,0.0,0.002,0.998,0.05289135384998454,1876,9.535935986435184e-05,1.43856096341474e-08,2.0876897140137107e-05,16,20,False,0.995,0.005,0.66,fixed,100,none,89088af6-702d-46f1-85f7-fa99660871db
53,5300,13.440414428710938,1.0,1.0,1.0,0.9960959999999999,0.0,0.0,0.0,0.0,0.0,0.0,0.0,0.0,0.0,0.0,0.0,0.0,0.0,0.0,0.002,0.998,0.053271372404126875,1875,9.667725639725946e-05,1.4557953007507763e-08,2.1165417436431523e-05,16,20,False,0.995,0.005,0.66,fixed,100,none,89088af6-702d-46f1-85f7-fa99660871db
54,5400,13.46096158027649,1.0,1.0,1.0,0.9960959999999999,0.0,0.0,0.0,0.0,0.0,0.0,0.0,0.0,0.0,0.0,0.0,0.0,0.0,0.0,0.002,0.998,0.053271372404126875,1875,9.677680227077981e-05,1.4774887432598719e-08,2.1187249245685898e-05,16,20,False,0.995,0.005,0.66,fixed,100,none,89088af6-702d-46f1-85f7-fa99660871db
55,5500,13.481455087661743,1.0,1.0,1.0,0.9960959999999999,0.0,0.0,0.0,0.0,0.0,0.0,0.0,0.0,0.0,0.0,0.0,0.0,0.0,0.0,0.002,0.998,0.053271372404126875,1875,9.896090303981614e-05,1.55045171696992e-08,2.1665487533677996e-05,16,20,False,0.995,0.005,0.66,fixed,100,none,89088af6-702d-46f1-85f7-fa99660871db
56,5600,13.501977920532227,1.0,1.0,1.0,0.9960959999999999,0.0,0.0,0.0,0.0,0.0,0.0,0.0,0.0,0.0,0.0,0.0,0.0,0.0,0.0,0.002,0.998,0.053271372404126875,1875,9.986576761163985e-05,1.6032536273678307e-08,2.1863662712079963e-05,16,20,False,0.995,0.005,0.66,fixed,100,none,89088af6-702d-46f1-85f7-fa99660871db
57,5700,13.526440143585205,1.0,1.0,1.0,0.9960959999999999,0.0,0.0,0.0,0.0,0.0,0.0,0.0,0.0,0.0,0.0,0.0,0.0,0.0,0.0,0.002,0.998,0.053271372404126875,1875,0.00010112388841418066,1.6544438299039178e-08,2.2139162617140964e-05,16,20,False,0.995,0.005,0.66,fixed,100,none,89088af6-702d-46f1-85f7-fa99660871db
58,5800,13.546982765197754,1.0,1.0,1.0,0.9960959999999999,0.0,0.0,0.0,0.0,0.0,0.0,0.0,0.0,0.0,0.0,0.0,0.0,0.0,0.0,0.002,0.998,0.053271372404126875,1875,0.00010313122933187455,1.7100210475908987e-08,2.2578675140737763e-05,16,20,False,0.995,0.005,0.66,fixed,100,none,89088af6-702d-46f1-85f7-fa99660871db
59,5900,13.567475318908691,1.0,1.0,1.0,0.9960959999999999,0.0,0.0,0.0,0.0,0.0,0.0,0.0,0.0,0.0,0.0,0.0,0.0,0.0,0.0,0.002,0.998,0.053271372404126875,1875,0.00010301366263124364,1.714828242344828e-08,2.255294892363969e-05,16,20,False,0.995,0.005,0.66,fixed,100,none,89088af6-702d-46f1-85f7-fa99660871db
60,6000,13.587887525558472,1.0,1.0,1.0,0.9960959999999999,0.0,0.0,0.0,0.0,0.0,0.0,0.0,0.0,0.0,0.0,0.0,0.0,0.0,0.0,0.002,0.998,0.053271372404126875,1875,0.00010486172514617501,1.7553161652803657e-08,2.2957566735211743e-05,16,20,False,0.995,0.005,0.66,fixed,100,none,89088af6-702d-46f1-85f7-fa99660871db
61,6100,13.608299970626831,1.0,1.0,1.0,0.9960959999999999,0.0,0.0,0.0,0.0,0.0,0.0,0.0,0.0,0.0,0.0,0.0,0.0,0.0,0.0,0.002,0.998,0.05289135384998454,1876,0.00010553971894872196,1.7667646938852873e-08,2.310600133079362e-05,16,20,False,0.995,0.005,0.66,fixed,100,none,89088af6-702d-46f1-85f7-fa99660871db
62,6200,13.628862142562866,1.0,1.0,1.0,0.9960959999999999,0.0,0.0,0.0,0.0,0.0,0.0,0.0,0.0,0.0,0.0,0.0,0.0,0.0,0.0,0.002,0.998,0.053271372404126875,1875,0.00010653168912117908,1.8036446747837286e-08,2.332321367350819e-05,16,20,False,0.995,0.005,0.66,fixed,100,none,89088af6-702d-46f1-85f7-fa99660871db
63,6300,13.649378776550293,1.0,1.0,1.0,0.9960959999999999,0.0,0.0,0.0,0.0,0.0,0.0,0.0,0.0,0.0,0.0,0.0,0.0,0.0,0.0,0.002,0.998,0.05289135384998455,1876,0.00010781455432674346,1.870282385639808e-08,2.360415947865686e-05,16,20,False,0.995,0.005,0.66,fixed,100,none,89088af6-702d-46f1-85f7-fa99660871db
64,6400,13.669743537902832,1.0,1.0,1.0,0.9960959999999999,0.0,0.0,0.0,0.0,0.0,0.0,0.0,0.0,0.0,0.0,0.0,0.0,0.0,0.0,0.002,0.998,0.05289135384998454,1876,0.0001080715338168511,1.8970007595911722e-08,2.366046305395193e-05,16,20,False,0.995,0.005,0.66,fixed,100,none,89088af6-702d-46f1-85f7-fa99660871db
65,6500,13.69016432762146,1.0,1.0,1.0,0.9960959999999999,0.0,0.0,0.0,0.0,0.0,0.0,0.0,0.0,0.0,0.0,0.0,0.0,0.0,0.0,0.002,0.998,0.053271372404126875,1875,0.00010955675588721487,1.9409196619330875e-08,2.398566161106901e-05,16,20,False,0.995,0.005,0.66,fixed,100,none,89088af6-702d-46f1-85f7-fa99660871db
66,6600,13.710549354553223,1.0,1.0,1.0,0.9960959999999999,0.0,0.0,0.0,0.0,0.0,0.0,0.0,0.0,0.0,0.0,0.0,0.0,0.0,0.0,0.002,0.998,0.053271372404126875,1875,0.00011027622091114136,1.9658847101459104e-08,2.4143199938398122e-05,16,20,False,0.995,0.005,0.66,fixed,100,none,89088af6-702d-46f1-85f7-fa99660871db
67,6700,13.730929374694824,1.0,1.0,1.0,0.9960959999999999,0.0,0.0,0.0,0.0,0.0,0.0,0.0,0.0,0.0,0.0,0.0,0.0,0.0,0.0,0.002,0.998,0.053271372404126875,1875,0.00011085024308098026,1.9835523452125686e-08,2.4268886959882482e-05,16,20,False,0.995,0.005,0.66,fixed,100,none,89088af6-702d-46f1-85f7-fa99660871db
68,6800,13.751481533050537,1.0,1.0,1.0,0.9960959999999999,0.0,0.0,0.0,0.0,0.0,0.0,0.0,0.0,0.0,0.0,0.0,0.0,0.0,0.0,0.002,0.998,0.05289135384998454,1876,0.00011156238974108463,2.0123240733398056e-08,2.4424830530062775e-05,16,20,False,0.995,0.005,0.66,fixed,100,none,89088af6-702d-46f1-85f7-fa99660871db
69,6900,13.771890878677368,1.0,1.0,1.0,0.9960959999999999,0.0,0.0,0.0,0.0,0.0,0.0,0.0,0.0,0.0,0.0,0.0,0.0,0.0,0.0,0.002,0.998,0.05251033128381009,1877,0.00011126882623509573,2.003374881939759e-08,2.436055247513814e-05,16,20,False,0.995,0.005,0.66,fixed,100,none,89088af6-702d-46f1-85f7-fa99660871db
70,7000,13.792346715927124,1.0,1.0,1.0,0.9960959999999999,0.0,0.0,0.0,0.0,0.0,0.0,0.0,0.0,0.0,0.0,0.0,0.0,0.0,0.0,0.002,0.998,0.05289135384998454,1876,0.00011263145986885635,2.0403783396712227e-08,2.4658903284138032e-05,16,20,False,0.995,0.005,0.66,fixed,100,none,89088af6-702d-46f1-85f7-fa99660871db
71,7100,13.812904596328735,1.0,1.0,1.0,0.9960959999999999,0.0,0.0,0.0,0.0,0.0,0.0,0.0,0.0,0.0,0.0,0.0,0.0,0.0,0.0,0.002,0.998,0.05289135384998454,1876,0.00011452993664671753,2.096857446554014e-08,2.507458716111492e-05,16,20,False,0.995,0.005,0.66,fixed,100,none,89088af6-702d-46f1-85f7-fa99660871db
72,7200,13.833409786224365,1.0,1.0,1.0,0.9960959999999999,0.0,0.0,0.0,0.0,0.0,0.0,0.0,0.0,0.0,0.0,0.0,0.0,0.0,0.0,0.002,0.998,0.05289135384998454,1876,0.00011544497678395898,2.1400719070345415e-08,2.5274971554631985e-05,16,20,False,0.995,0.005,0.66,fixed,100,none,89088af6-702d-46f1-85f7-fa99660871db
73,7300,13.853840112686157,1.0,1.0,1.0,0.9960959999999999,0.0,0.0,0.0,0.0,0.0,0.0,0.0,0.0,0.0,0.0,0.0,0.0,0.0,0.0,0.002,0.998,0.052510331283810094,1877,0.00011836623425225481,2.1969235606284355e-08,2.5914542832583774e-05,16,20,False,0.995,0.005,0.66,fixed,100,none,89088af6-702d-46f1-85f7-fa99660871db
74,7400,13.874373197555542,1.0,1.0,1.0,0.9960959999999999,0.0,0.0,0.0,0.0,0.0,0.0,0.0,0.0,0.0,0.0,0.0,0.0,0.0,0.0,0.002,0.998,0.052510331283810094,1877,0.00011880348139055481,2.2042250671857425e-08,2.6010270104020103e-05,16,20,False,0.995,0.005,0.66,fixed,100,none,89088af6-702d-46f1-85f7-fa99660871db
75,7500,13.89474630355835,1.0,1.0,1.0,0.9960959999999999,0.0,0.0,0.0,0.0,0.0,0.0,0.0,0.0,0.0,0.0,0.0,0.0,0.0,0.0,0.002,0.998,0.052128304705603576,1878,0.00011922993568709429,2.2255932814638813e-08,2.6103661549139722e-05,16,20,False,0.995,0.005,0.66,fixed,100,none,89088af6-702d-46f1-85f7-fa99660871db
76,7600,13.915157556533813,1.0,1.0,1.0,0.9960959999999999,0.0,0.0,0.0,0.0,0.0,0.0,0.0,0.0,0.0,0.0,0.0,0.0,0.0,0.0,0.002,0.998,0.052128304705603576,1878,0.00011962903617586935,2.261151386644088e-08,2.619109220653243e-05,16,20,False,0.995,0.005,0.66,fixed,100,none,89088af6-702d-46f1-85f7-fa99660871db
77,7700,13.935558080673218,1.0,1.0,1.0,0.9960959999999999,0.0,0.0,0.0,0.0,0.0,0.0,0.0,0.0,0.0,0.0,0.0,0.0,0.0,0.0,0.002,0.998,0.052128304705603576,1878,0.00012046971195560587,2.2951118334519128e-08,2.6375180659565684e-05,16,20,False,0.995,0.005,0.66,fixed,100,none,89088af6-702d-46f1-85f7-fa99660871db
78,7800,13.955947875976562,1.0,1.0,1.0,0.9960959999999999,0.0,0.0,0.0,0.0,0.0,0.0,0.0,0.0,0.0,0.0,0.0,0.0,0.0,0.0,0.002,0.998,0.052128304705603576,1878,0.00012065086031742066,2.2972358640180028e-08,2.641483807162502e-05,16,20,False,0.995,0.005,0.66,fixed,100,none,89088af6-702d-46f1-85f7-fa99660871db
79,7900,13.976414442062378,1.0,1.0,1.0,0.9960959999999999,0.0,0.0,0.0,0.0,0.0,0.0,0.0,0.0,0.0,0.0,0.0,0.0,0.0,0.0,0.002,0.998,0.05251033128381009,1877,0.0001215697469342344,2.3229484610393245e-08,2.6616031205979885e-05,16,20,False,0.995,0.005,0.66,fixed,100,none,89088af6-702d-46f1-85f7-fa99660871db
80,8000,13.99685263633728,1.0,1.0,1.0,0.9960959999999999,0.0,0.0,0.0,0.0,0.0,0.0,0.0,0.0,0.0,0.0,0.0,0.0,0.0,0.0,0.002,0.998,0.052128304705603576,1878,0.00012281957790846016,2.3534078815221923e-08,2.6889677079136823e-05,16,20,False,0.995,0.005,0.66,fixed,100,none,89088af6-702d-46f1-85f7-fa99660871db
81,8100,14.021113872528076,1.0,1.0,1.0,0.9960959999999999,0.0,0.0,0.0,0.0,0.0,0.0,0.0,0.0,0.0,0.0,0.0,0.0,0.0,0.0,0.002,0.998,0.052128304705603576,1878,0.00012381609053249492,2.3894075198922554e-08,2.7107882091850934e-05,16,20,False,0.995,0.005,0.66,fixed,100,none,89088af6-702d-46f1-85f7-fa99660871db
82,8200,14.041588068008423,1.0,1.0,1.0,0.9960959999999999,0.0,0.0,0.0,0.0,0.0,0.0,0.0,0.0,0.0,0.0,0.0,0.0,0.0,0.0,0.002,0.998,0.052128304705603576,1878,0.00012389457849421625,2.3928624900821228e-08,2.7125069671115094e-05,16,20,False,0.995,0.005,0.66,fixed,100,none,89088af6-702d-46f1-85f7-fa99660871db
83,8300,14.061912298202515,1.0,1.0,1.0,0.9960959999999999,0.0,0.0,0.0,0.0,0.0,0.0,0.0,0.0,0.0,0.0,0.0,0.0,0.0,0.0,0.002,0.998,0.052128304705603576,1878,0.0001237349526109362,2.373209491003864e-08,2.709009022456684e-05,16,20,False,0.995,0.005,0.66,fixed,100,none,89088af6-702d-46f1-85f7-fa99660871db
84,8400,14.082309484481812,1.0,1.0,1.0,0.9960959999999999,0.0,0.0,0.0,0.0,0.0,0.0,0.0,0.0,0.0,0.0,0.0,0.0,0.0,0.0,0.002,0.998,0.052128304705603576,1878,0.00012598805902455052,2.4275184561937423e-08,2.7583398405540878e-05,16,20,False,0.995,0.005,0.66,fixed,100,none,89088af6-702d-46f1-85f7-fa99660871db
85,8500,14.102643489837646,1.0,1.0,1.0,0.9960959999999999,0.0,0.0,0.0,0.0,0.0,0.0,0.0,0.0,0.0,0.0,0.0,0.0,0.0,0.0,0.002,0.998,0.052128304705603576,1878,0.00012614586505281817,2.4355976880514478e-08,2.7617957495669198e-05,16,20,False,0.995,0.005,0.66,fixed,100,none,89088af6-702d-46f1-85f7-fa99660871db
86,8600,14.12312912940979,1.0,1.0,1.0,0.9960959999999999,0.0,0.0,0.0,0.0,0.0,0.0,0.0,0.0,0.0,0.0,0.0,0.0,0.0,0.0,0.002,0.998,0.052510331283810094,1877,0.00012676136672231883,2.473522623505981e-08,2.7752762868500254e-05,16,20,False,0.995,0.005,0.66,fixed,100,none,89088af6-702d-46f1-85f7-fa99660871db
87,8700,14.143435001373291,1.0,1.0,1.0,0.9960959999999999,0.0,0.0,0.0,0.0,0.0,0.0,0.0,0.0,0.0,0.0,0.0,0.0,0.0,0.0,0.002,0.998,0.052128304705603576,1878,0.00012661035679597206,2.47953195902833e-08,2.771971821336044e-05,16,20,False,0.995,0.005,0.66,fixed,100,none,89088af6-702d-46f1-85f7-fa99660871db
88,8800,14.16389012336731,1.0,1.0,1.0,0.9960959999999999,0.0,0.0,0.0,0.0,0.0,0.0,0.0,0.0,0.0,0.0,0.0,0.0,0.0,0.0,0.002,0.998,0.052510331283810094,1877,0.00012758578419700463,2.513141995943208e-08,2.793330313051661e-05,16,20,False,0.995,0.005,0.66,fixed,100,none,89088af6-702d-46f1-85f7-fa99660871db
89,8900,14.184329986572266,1.0,1.0,1.0,0.9960959999999999,0.0,0.0,0.0,0.0,0.0,0.0,0.0,0.0,0.0,0.0,0.0,0.0,0.0,0.0,0.002,0.998,0.05251033128381009,1877,0.00012580248317909079,2.479797580304345e-08,2.7542875183305555e-05,16,20,False,0.995,0.005,0.66,fixed,100,none,89088af6-702d-46f1-85f7-fa99660871db
90,9000,14.204620599746704,1.0,1.0,1.0,0.9960959999999999,0.0,0.0,0.0,0.0,0.0,0.0,0.0,0.0,0.0,0.0,0.0,0.0,0.0,0.0,0.002,0.998,0.05212830470560358,1878,0.00012641008423153286,2.5181500049862844e-08,2.7675951923292018e-05,16,20,False,0.995,0.005,0.66,fixed,100,none,89088af6-702d-46f1-85f7-fa99660871db
91,9100,14.224910736083984,1.0,1.0,1.0,0.9960959999999999,0.0,0.0,0.0,0.0,0.0,0.0,0.0,0.0,0.0,0.0,0.0,0.0,0.0,0.0,0.002,0.998,0.052128304705603576,1878,0.00012635400493337276,2.5509581330615042e-08,2.7663738500368117e-05,16,20,False,0.995,0.005,0.66,fixed,100,none,89088af6-702d-46f1-85f7-fa99660871db
92,9200,14.24536681175232,1.0,1.0,1.0,0.9960959999999999,0.0,0.0,0.0,0.0,0.0,0.0,0.0,0.0,0.0,0.0,0.0,0.0,0.0,0.0,0.002,0.998,0.052128304705603576,1878,0.00012736386470360887,2.594181089933405e-08,2.7884878927690854e-05,16,20,False,0.995,0.005,0.66,fixed,100,none,89088af6-702d-46f1-85f7-fa99660871db
93,9300,14.265653371810913,1.0,1.0,1.0,0.9960959999999999,0.0,0.0,0.0,0.0,0.0,0.0,0.0,0.0,0.0,0.0,0.0,0.0,0.0,0.0,0.002,0.998,0.051745274115365,1879,0.00012719295896848308,2.5914918106644414e-08,2.784746255264121e-05,16,20,False,0.995,0.005,0.66,fixed,100,none,89088af6-702d-46f1-85f7-fa99660871db
94,9400,14.286057472229004,1.0,1.0,1.0,0.9960959999999999,0.0,0.0,0.0,0.0,0.0,0.0,0.0,0.0,0.0,0.0,0.0,0.0,0.0,0.0,0.002,0.998,0.051745274115365,1879,0.0001269660439298858,2.5889893985202852e-08,2.779778609610919e-05,16,20,False,0.995,0.005,0.66,fixed,100,none,89088af6-702d-46f1-85f7-fa99660871db
95,9500,14.306434154510498,1.0,1.0,1.0,0.9960959999999999,0.0,0.0,0.0,0.0,0.0,0.0,0.0,0.0,0.0,0.0,0.0,0.0,0.0,0.0,0.002,0.998,0.051745274115364996,1879,0.00012921383414137924,2.6553756148016753e-08,2.828995350721604e-05,16,20,False,0.995,0.005,0.66,fixed,100,none,89088af6-702d-46f1-85f7-fa99660871db
96,9600,14.326874256134033,1.0,1.0,1.0,0.9960959999999999,0.0,0.0,0.0,0.0,0.0,0.0,0.0,0.0,0.0,0.0,0.0,0.0,0.0,0.0,0.002,0.998,0.051745274115365,1879,0.0001293805402137099,2.6765407474415904e-08,2.832648568020124e-05,16,20,False,0.995,0.005,0.66,fixed,100,none,89088af6-702d-46f1-85f7-fa99660871db
97,9700,14.347177267074585,1.0,1.0,1.0,0.9960959999999999,0.0,0.0,0.0,0.0,0.0,0.0,0.0,0.0,0.0,0.0,0.0,0.0,0.0,0.0,0.002,0.998,0.05212830470560358,1878,0.00013125509313158108,2.7257516333978192e-08,2.8736918814606553e-05,16,20,False,0.995,0.005,0.66,fixed,100,none,89088af6-702d-46f1-85f7-fa99660871db
98,9800,14.367785453796387,1.0,1.0,1.0,0.9960959999999999,0.0,0.0,0.0,0.0,0.0,0.0,0.0,0.0,0.0,0.0,0.0,0.0,0.0,0.0,0.002,0.998,0.052128304705603576,1878,0.00013379432651679704,2.803126842728957e-08,2.929290401552806e-05,16,20,False,0.995,0.005,0.66,fixed,100,none,89088af6-702d-46f1-85f7-fa99660871db
99,9900,14.388112306594849,1.0,1.0,1.0,0.9960959999999999,0.0,0.0,0.0,0.0,0.0,0.0,0.0,0.0,0.0,0.0,0.0,0.0,0.0,0.0,0.002,0.998,0.052128304705603576,1878,0.00013411903750029904,2.8323240765339024e-08,2.9364038724560876e-05,16,20,False,0.995,0.005,0.66,fixed,100,none,89088af6-702d-46f1-85f7-fa99660871db
100,10000,14.408408164978027,1.0,1.0,1.0,0.9960959999999999,0.0,0.0,0.0,0.0,0.0,0.0,0.0,0.0,0.0,0.0,0.0,0.0,0.0,0.0,0.002,0.998,0.052128304705603576,1878,0.00013399793747016021,2.8305112595278123e-08,2.9337526483611177e-05,16,20,False,0.995,0.005,0.66,fixed,100,none,89088af6-702d-46f1-85f7-fa99660871db
101,10100,14.429029941558838,1.0,1.0,1.0,0.9960959999999999,0.0,0.0,0.0,0.0,0.0,0.0,0.0,0.0,0.0,0.0,0.0,0.0,0.0,0.0,0.002,0.998,0.05251033128381009,1877,0.00013488885095157602,2.8606926831674803e-08,2.9532604789398013e-05,16,20,False,0.995,0.005,0.66,fixed,100,none,89088af6-702d-46f1-85f7-fa99660871db
102,10200,14.449579000473022,1.0,1.0,1.0,0.9960959999999999,0.0,0.0,0.0,0.0,0.0,0.0,0.0,0.0,0.0,0.0,0.0,0.0,0.0,0.0,0.002,0.998,0.05251033128381009,1877,0.00013396806666405667,2.879300421512272e-08,2.933108046356288e-05,16,20,False,0.995,0.005,0.66,fixed,100,none,89088af6-702d-46f1-85f7-fa99660871db
103,10300,14.470060110092163,1.0,1.0,1.0,0.9960959999999999,0.0,0.0,0.0,0.0,0.0,0.0,0.0,0.0,0.0,0.0,0.0,0.0,0.0,0.0,0.002,0.998,0.052128304705603576,1878,0.00013456748857896772,2.8872226723829958e-08,2.9462308973013563e-05,16,20,False,0.995,0.005,0.66,fixed,100,none,89088af6-702d-46f1-85f7-fa99660871db
104,10400,14.490459203720093,1.0,1.0,1.0,0.9960959999999999,0.0,0.0,0.0,0.0,0.0,0.0,0.0,0.0,0.0,0.0,0.0,0.0,0.0,0.0,0.002,0.998,0.051745274115365,1879,0.0001371186855190161,2.9752488690699286e-08,3.002093323296386e-05,16,20,False,0.995,0.005,0.66,fixed,100,none,89088af6-702d-46f1-85f7-fa99660871db
105,10500,14.510818481445312,1.0,1.0,1.0,0.9960959999999999,0.0,0.0,0.0,0.0,0.0,0.0,0.0,0.0,0.0,0.0,0.0,0.0,0.0,0.0,0.002,0.998,0.0513612395130943,1880,0.00013665110338988032,2.9713832834674184e-08,2.9918572160283393e-05,16,20,False,0.995,0.005,0.66,fixed,100,none,89088af6-702d-46f1-85f7-fa99660871db
106,10600,14.533260345458984,1.0,1.0,1.0,0.9960959999999999,0.0,0.0,0.0,0.0,0.0,0.0,0.0,0.0,0.0,0.0,0.0,0.0,0.0,0.0,0.002,0.998,0.0513612395130943,1880,0.00013665110338988032,2.9713832834674184e-08,2.9918572160283393e-05,16,20,False,0.995,0.005,0.66,fixed,100,none,89088af6-702d-46f1-85f7-fa99660871db
107,10700,14.553668975830078,1.0,1.0,1.0,0.9960959999999999,0.0,0.0,0.0,0.0,0.0,0.0,0.0,0.0,0.0,0.0,0.0,0.0,0.0,0.0,0.002,0.998,0.051745274115365,1879,0.00013711980889457385,2.991403068165405e-08,3.0021209832851733e-05,16,20,False,0.995,0.005,0.66,fixed,100,none,89088af6-702d-46f1-85f7-fa99660871db
108,10800,14.574190855026245,1.0,1.0,1.0,0.9960959999999999,0.0,0.0,0.0,0.0,0.0,0.0,0.0,0.0,0.0,0.0,0.0,0.0,0.0,0.0,0.002,0.998,0.051745274115364996,1879,0.00013623000175195626,2.9784156179800244e-08,2.982640637317739e-05,16,20,False,0.995,0.005,0.66,fixed,100,none,89088af6-702d-46f1-85f7-fa99660871db
109,10900,14.594554662704468,1.0,1.0,1.0,0.9960959999999999,0.0,0.0,0.0,0.0,0.0,0.0,0.0,0.0,0.0,0.0,0.0,0.0,0.0,0.0,0.002,0.998,0.052128304705603576,1878,0.0001381398591101277,3.0734097519376413e-08,3.0244654637735635e-05,16,20,False,0.995,0.005,0.66,fixed,100,none,89088af6-702d-46f1-85f7-fa99660871db
110,11000,14.615232467651367,1.0,1.0,1.0,0.9960959999999999,0.0,0.0,0.0,0.0,0.0,0.0,0.0,0.0,0.0,0.0,0.0,0.0,0.0,0.0,0.002,0.998,0.051745274115365,1879,0.00013881018237683229,3.091527551383465e-08,3.039142282463622e-05,16,20,False,0.995,0.005,0.66,fixed,100,none,89088af6-702d-46f1-85f7-fa99660871db
111,11100,14.635590314865112,1.0,1.0,1.0,0.9960959999999999,0.0,0.0,0.0,0.0,0.0,0.0,0.0,0.0,0.0,0.0,0.0,0.0,0.0,0.0,0.002,0.998,0.052128304705603576,1878,0.00013978709842812207,3.125013832316424e-08,3.060533337219732e-05,16,20,False,0.995,0.005,0.66,fixed,100,none,89088af6-702d-46f1-85f7-fa99660871db
112,11200,14.656034469604492,1.0,1.0,1.0,0.9960959999999999,0.0,0.0,0.0,0.0,0.0,0.0,0.0,0.0,0.0,0.0,0.0,0.0,0.0,0.0,0.002,0.998,0.052128304705603576,1878,0.00014013888790036087,3.154489563378818e-08,3.0682396091559415e-05,16,20,False,0.995,0.005,0.66,fixed,100,none,89088af6-702d-46f1-85f7-fa99660871db
113,11300,14.676527976989746,1.0,1.0,1.0,0.9960959999999999,0.0,0.0,0.0,0.0,0.0,0.0,0.0,0.0,0.0,0.0,0.0,0.0,0.0,0.0,0.002,0.998,0.052128304705603576,1878,0.0001410003197852803,3.174908264195616e-08,3.087100232669983e-05,16,20,False,0.995,0.005,0.66,fixed,100,none,89088af6-702d-46f1-85f7-fa99660871db
114,11400,14.696889400482178,1.0,1.0,1.0,0.9960959999999999,0.0,0.0,0.0,0.0,0.0,0.0,0.0,0.0,0.0,0.0,0.0,0.0,0.0,0.0,0.002,0.998,0.052128304705603576,1878,0.0001410003197852803,3.174908264195616e-08,3.087100232669983e-05,16,20,False,0.995,0.005,0.66,fixed,100,none,89088af6-702d-46f1-85f7-fa99660871db
115,11500,14.71727204322815,1.0,1.0,1.0,0.9960959999999999,0.0,0.0,0.0,0.0,0.0,0.0,0.0,0.0,0.0,0.0,0.0,0.0,0.0,0.0,0.002,0.998,0.051361239513094306,1880,0.00013876502531584646,3.140588718132448e-08,3.0381631160203243e-05,16,20,False,0.995,0.005,0.66,fixed,100,none,89088af6-702d-46f1-85f7-fa99660871db
116,11600,14.737719058990479,1.0,1.0,1.0,0.9960959999999999,0.0,0.0,0.0,0.0,0.0,0.0,0.0,0.0,0.0,0.0,0.0,0.0,0.0,0.0,0.002,0.998,0.051745274115365,1879,0.00013999770805407652,3.207954526910088e-08,3.0651593406638486e-05,16,20,False,0.995,0.005,0.66,fixed,100,none,89088af6-702d-46f1-85f7-fa99660871db
117,11700,14.758269548416138,1.0,1.0,1.0,0.9960959999999999,0.0,0.0,0.0,0.0,0.0,0.0,0.0,0.0,0.0,0.0,0.0,0.0,0.0,0.0,0.002,0.998,0.052128304705603576,1878,0.0001398174667128053,3.216395461501111e-08,3.061215461480993e-05,16,20,False,0.995,0.005,0.66,fixed,100,none,89088af6-702d-46f1-85f7-fa99660871db
118,11800,14.7787446975708,1.0,1.0,1.0,0.9960959999999999,0.0,0.0,0.0,0.0,0.0,0.0,0.0,0.0,0.0,0.0,0.0,0.0,0.0,0.0,0.002,0.998,0.052128304705603576,1878,0.00014082363570924486,3.2522688134749395e-08,3.08324731674993e-05,16,20,False,0.995,0.005,0.66,fixed,100,none,89088af6-702d-46f1-85f7-fa99660871db
119,11900,14.799240350723267,1.0,1.0,1.0,0.9960959999999999,0.0,0.0,0.0,0.0,0.0,0.0,0.0,0.0,0.0,0.0,0.0,0.0,0.0,0.0,0.002,0.998,0.05289135384998455,1876,0.0001400554754355932,3.255374989505562e-08,3.0664328785331415e-05,16,20,False,0.995,0.005,0.66,fixed,100,none,89088af6-702d-46f1-85f7-fa99660871db
120,12000,14.819794178009033,1.0,1.0,1.0,0.9960959999999999,0.0,0.0,0.0,0.0,0.0,0.0,0.0,0.0,0.0,0.0,0.0,0.0,0.0,0.0,0.002,0.998,0.05289135384998455,1876,0.000140598940426274,3.2712229861004205e-08,3.078332338298497e-05,16,20,False,0.995,0.005,0.66,fixed,100,none,89088af6-702d-46f1-85f7-fa99660871db
121,12100,14.840305089950562,1.0,1.0,1.0,0.9960959999999999,0.0,0.0,0.0,0.0,0.0,0.0,0.0,0.0,0.0,0.0,0.0,0.0,0.0,0.0,0.002,0.998,0.05289135384998455,1876,0.000140598940426274,3.2712229861004205e-08,3.078332338298497e-05,16,20,False,0.995,0.005,0.66,fixed,100,none,89088af6-702d-46f1-85f7-fa99660871db
122,12200,14.860950946807861,1.0,1.0,1.0,0.9960959999999999,0.0,0.0,0.0,0.0,0.0,0.0,0.0,0.0,0.0,0.0,0.0,0.0,0.0,0.0,0.002,0.998,0.05251033128381009,1877,0.00014043495890703217,3.242342316417951e-08,3.0747372955150536e-05,16,20,False,0.995,0.005,0.66,fixed,100,none,89088af6-702d-46f1-85f7-fa99660871db
123,12300,14.881535530090332,1.0,1.0,1.0,0.9960959999999999,0.0,0.0,0.0,0.0,0.0,0.0,0.0,0.0,0.0,0.0,0.0,0.0,0.0,0.0,0.002,0.998,0.052510331283810094,1877,0.00014162521732898742,3.31363472399359e-08,3.100805597929093e-05,16,20,False,0.995,0.005,0.66,fixed,100,none,89088af6-702d-46f1-85f7-fa99660871db
124,12400,14.902146816253662,1.0,1.0,1.0,0.9960959999999999,0.0,0.0,0.0,0.0,0.0,0.0,0.0,0.0,0.0,0.0,0.0,0.0,0.0,0.0,0.002,0.998,0.052510331283810094,1877,0.00014189179997424703,3.320849605614594e-08,3.106642462861334e-05,16,20,False,0.995,0.005,0.66,fixed,100,none,89088af6-702d-46f1-85f7-fa99660871db
125,12500,14.922968864440918,1.0,1.0,1.0,0.9960959999999999,0.0,0.0,0.0,0.0,0.0,0.0,0.0,0.0,0.0,0.0,0.0,0.0,0.0,0.0,0.002,0.998,0.05251033128381009,1877,0.00014237991052326997,3.3402049722752597e-08,3.117330880299112e-05,16,20,False,0.995,0.005,0.66,fixed,100,none,89088af6-702d-46f1-85f7-fa99660871db
126,12600,14.943565368652344,1.0,1.0,1.0,0.9960959999999999,0.0,0.0,0.0,0.0,0.0,0.0,0.0,0.0,0.0,0.0,0.0,0.0,0.0,0.0,0.002,0.998,0.05251033128381009,1877,0.0001425369035519463,3.3401780183188616e-08,3.120767452575585e-05,16,20,False,0.995,0.005,0.66,fixed,100,none,89088af6-702d-46f1-85f7-fa99660871db
127,12700,14.964158058166504,1.0,1.0,1.0,0.9960959999999999,0.0,0.0,0.0,0.0,0.0,0.0,0.0,0.0,0.0,0.0,0.0,0.0,0.0,0.0,0.002,0.998,0.052128304705603576,1878,0.00014300985845115701,3.340256833289263e-08,3.1311204502941523e-05,16,20,False,0.995,0.005,0.66,fixed,100,none,89088af6-702d-46f1-85f7-fa99660871db
128,12800,14.984605550765991,1.0,1.0,1.0,0.9960959999999999,0.0,0.0,0.0,0.0,0.0,0.0,0.0,0.0,0.0,0.0,0.0,0.0,0.0,0.0,0.002,0.998,0.051745274115364996,1879,0.00014357821275637553,3.355467914421279e-08,3.1435646161408e-05,16,20,False,0.995,0.005,0.66,fixed,100,none,89088af6-702d-46f1-85f7-fa99660871db
129,12900,15.005056619644165,1.0,1.0,1.0,0.9960959999999999,0.0,0.0,0.0,0.0,0.0,0.0,0.0,0.0,0.0,0.0,0.0,0.0,0.0,0.0,0.002,0.998,0.051745274115364996,1879,0.00014423390986556802,3.3996941787990364e-08,3.157926228851256e-05,16,20,False,0.995,0.005,0.66,fixed,100,none,89088af6-702d-46f1-85f7-fa99660871db
130,13000,15.025485754013062,1.0,1.0,1.0,0.9960959999999999,0.0,0.0,0.0,0.0,0.0,0.0,0.0,0.0,0.0,0.0,0.0,0.0,0.0,0.0,0.002,0.998,0.05251033128381009,1877,0.00014565633165874572,3.427090827125055e-08,3.1890682472670975e-05,16,20,False,0.995,0.005,0.66,fixed,100,none,89088af6-702d-46f1-85f7-fa99660871db
131,13100,15.045992374420166,1.0,1.0,1.0,0.9960959999999999,0.0,0.0,0.0,0.0,0.0,0.0,0.0,0.0,0.0,0.0,0.0,0.0,0.0,0.0,0.002,0.998,0.052128304705603576,1878,0.00014614366608310648,3.459759004206806e-08,3.19974220477e-05,16,20,False,0.995,0.005,0.66,fixed,100,none,89088af6-702d-46f1-85f7-fa99660871db
132,13200,15.066425800323486,1.0,1.0,1.0,0.9960959999999999,0.0,0.0,0.0,0.0,0.0,0.0,0.0,0.0,0.0,0.0,0.0,0.0,0.0,0.0,0.002,0.998,0.05251033128381009,1877,0.0001455712987540424,3.4484562672793664e-08,3.187210936416772e-05,16,20,False,0.995,0.005,0.66,fixed,100,none,89088af6-702d-46f1-85f7-fa99660871db
133,13300,15.08686900138855,1.0,1.0,1.0,0.9960959999999999,0.0,0.0,0.0,0.0,0.0,0.0,0.0,0.0,0.0,0.0,0.0,0.0,0.0,0.0,0.002,0.998,0.052128304705603576,1878,0.00014579529145569985,3.440082392777571e-08,3.192112545619897e-05,16,20,False,0.995,0.005,0.66,fixed,100,none,89088af6-702d-46f1-85f7-fa99660871db
134,13400,15.107333660125732,1.0,1.0,1.0,0.9960959999999999,0.0,0.0,0.0,0.0,0.0,0.0,0.0,0.0,0.0,0.0,0.0,0.0,0.0,0.0,0.002,0.998,0.05251033128381009,1877,0.000146894044483418,3.536137160652637e-08,3.216182499802544e-05,16,20,False,0.995,0.005,0.66,fixed,100,none,89088af6-702d-46f1-85f7-fa99660871db
135,13500,15.127642631530762,1.0,1.0,1.0,0.9960959999999999,0.0,0.0,0.0,0.0,0.0,0.0,0.0,0.0,0.0,0.0,0.0,0.0,0.0,0.0,0.002,0.998,0.05251033128381009,1877,0.00014724038342378662,3.562989507419634e-08,3.223768961153099e-05,16,20,False,0.995,0.005,0.66,fixed,100,none,89088af6-702d-46f1-85f7-fa99660871db
136,13600,15.148014307022095,1.0,1.0,1.0,0.9960959999999999,0.0,0.0,0.0,0.0,0.0,0.0,0.0,0.0,0.0,0.0,0.0,0.0,0.0,0.0,0.002,0.998,0.051745274115364996,1879,0.00014722527884960244,3.5469520276530123e-08,3.2234352749030517e-05,16,20,False,0.995,0.005,0.66,fixed,100,none,89088af6-702d-46f1-85f7-fa99660871db
137,13700,15.168349266052246,1.0,1.0,1.0,0.9960959999999999,0.0,0.0,0.0,0.0,0.0,0.0,0.0,0.0,0.0,0.0,0.0,0.0,0.0,0.0,0.002,0.998,0.052128304705603576,1878,0.0001478610322198552,3.598399398239081e-08,3.237361691178296e-05,16,20,False,0.995,0.005,0.66,fixed,100,none,89088af6-702d-46f1-85f7-fa99660871db
138,13800,15.18871545791626,1.0,1.0,1.0,0.9960959999999999,0.0,0.0,0.0,0.0,0.0,0.0,0.0,0.0,0.0,0.0,0.0,0.0,0.0,0.0,0.002,0.998,0.052128304705603576,1878,0.00014759064660782361,3.5954232246391065e-08,3.2314423846579405e-05,16,20,False,0.995,0.005,0.66,fixed,100,none,89088af6-702d-46f1-85f7-fa99660871db
139,13900,15.209214687347412,1.0,1.0,1.0,0.9960959999999999,0.0,0.0,0.0,0.0,0.0,0.0,0.0,0.0,0.0,0.0,0.0,0.0,0.0,0.0,0.002,0.998,0.052128304705603576,1878,0.00014847232891288033,3.6259675081877785e-08,3.2507482137295066e-05,16,20,False,0.995,0.005,0.66,fixed,100,none,89088af6-702d-46f1-85f7-fa99660871db
140,14000,15.229600191116333,1.0,1.0,1.0,0.9960959999999999,0.0,0.0,0.0,0.0,0.0,0.0,0.0,0.0,0.0,0.0,0.0,0.0,0.0,0.0,0.002,0.998,0.051745274115364996,1879,0.00014916979104001604,3.6547207746681565e-08,3.266021122813138e-05,16,20,False,0.995,0.005,0.66,fixed,100,none,89088af6-702d-46f1-85f7-fa99660871db
141,14100,15.249780654907227,1.0,1.0,1.0,0.9960959999999999,0.0,0.0,0.0,0.0,0.0,0.0,0.0,0.0,0.0,0.0,0.0,0.0,0.0,0.0,0.002,0.998,0.051745274115364996,1879,0.00015253509329391649,3.802704775752717e-08,3.339715706111225e-05,16,20,False,0.995,0.005,0.66,fixed,100,none,89088af6-702d-46f1-85f7-fa99660871db
142,14200,15.269977331161499,1.0,1.0,1.0,0.9960959999999999,0.0,0.0,0.0,0.0,0.0,0.0,0.0,0.0,0.0,0.0,0.0,0.0,0.0,0.0,0.002,0.998,0.051745274115364996,1879,0.00015250732601594728,3.833267850357975e-08,3.339113687380654e-05,16,20,False,0.995,0.005,0.66,fixed,100,none,89088af6-702d-46f1-85f7-fa99660871db
143,14300,15.290105819702148,1.0,1.0,1.0,0.9960959999999999,0.0,0.0,0.0,0.0,0.0,0.0,0.0,0.0,0.0,0.0,0.0,0.0,0.0,0.0,0.002,0.998,0.052128304705603576,1878,0.00015405175285547153,3.892833939416848e-08,3.372932508454761e-05,16,20,False,0.995,0.005,0.66,fixed,100,none,89088af6-702d-46f1-85f7-fa99660871db
144,14400,15.310154914855957,1.0,1.0,1.0,0.9960959999999999,0.0,0.0,0.0,0.0,0.0,0.0,0.0,0.0,0.0,0.0,0.0,0.0,0.0,0.0,0.002,0.998,0.051745274115364996,1879,0.00015526451698523943,3.951299502517494e-08,3.39949102371237e-05,16,20,False,0.995,0.005,0.66,fixed,100,none,89088af6-702d-46f1-85f7-fa99660871db
145,14500,15.330334424972534,1.0,1.0,1.0,0.9960959999999999,0.0,0.0,0.0,0.0,0.0,0.0,0.0,0.0,0.0,0.0,0.0,0.0,0.0,0.0,0.002,0.998,0.052128304705603576,1878,0.00015553526311494186,3.971748424950252e-08,3.405421541786818e-05,16,20,False,0.995,0.005,0.66,fixed,100,none,89088af6-702d-46f1-85f7-fa99660871db
146,14600,15.35054636001587,1.0,1.0,1.0,0.9960959999999999,0.0,0.0,0.0,0.0,0.0,0.0,0.0,0.0,0.0,0.0,0.0,0.0,0.0,0.0,0.002,0.998,0.05136123951309429,1880,0.00015522990210793666,3.971303244091911e-08,3.398737104759111e-05,16,20,False,0.995,0.005,0.66,fixed,100,none,89088af6-702d-46f1-85f7-fa99660871db
147,14700,15.370630979537964,1.0,1.0,1.0,0.9960959999999999,0.0,0.0,0.0,0.0,0.0,0.0,0.0,0.0,0.0,0.0,0.0,0.0,0.0,0.0,0.002,0.998,0.05136123951309429,1880,0.00015581298543025654,4.0111275306705395e-08,3.411508365299143e-05,16,20,False,0.995,0.005,0.66,fixed,100,none,89088af6-702d-46f1-85f7-fa99660871db
148,14800,15.390757322311401,1.0,1.0,1.0,0.9960959999999999,0.0,0.0,0.0,0.0,0.0,0.0,0.0,0.0,0.0,0.0,0.0,0.0,0.0,0.0,0.002,0.998,0.05136123951309429,1880,0.0001570509961249256,4.03077210089253e-08,3.438612151873791e-05,16,20,False,0.995,0.005,0.66,fixed,100,none,89088af6-702d-46f1-85f7-fa99660871db
149,14900,15.410916090011597,1.0,1.0,1.0,0.9960959999999999,0.0,0.0,0.0,0.0,0.0,0.0,0.0,0.0,0.0,0.0,0.0,0.0,0.0,0.0,0.002,0.998,0.05136123951309429,1880,0.0001571632539178946,4.0300778234588144e-08,3.4410693430491695e-05,16,20,False,0.995,0.005,0.66,fixed,100,none,89088af6-702d-46f1-85f7-fa99660871db
150,15000,15.431111335754395,1.0,1.0,1.0,0.9960959999999999,0.0,0.0,0.0,0.0,0.0,0.0,0.0,0.0,0.0,0.0,0.0,0.0,0.0,0.0,0.002,0.998,0.05136123951309429,1880,0.00015593935393586723,3.990559100837424e-08,3.414270663885293e-05,16,20,False,0.995,0.005,0.66,fixed,100,none,89088af6-702d-46f1-85f7-fa99660871db
151,15100,15.45123553276062,1.0,1.0,1.0,0.9960959999999999,0.0,0.0,0.0,0.0,0.0,0.0,0.0,0.0,0.0,0.0,0.0,0.0,0.0,0.0,0.002,0.998,0.05136123951309429,1880,0.00015663550761554651,4.0587895308039534e-08,3.429522431715166e-05,16,20,False,0.995,0.005,0.66,fixed,100,none,89088af6-702d-46f1-85f7-fa99660871db
152,15200,15.471416234970093,1.0,1.0,1.0,0.9960959999999999,0.0,0.0,0.0,0.0,0.0,0.0,0.0,0.0,0.0,0.0,0.0,0.0,0.0,0.0,0.002,0.998,0.05136123951309429,1880,0.00015743690219277928,4.09067815860508e-08,3.447071017850073e-05,16,20,False,0.995,0.005,0.66,fixed,100,none,89088af6-702d-46f1-85f7-fa99660871db
153,15300,15.492480278015137,1.0,1.0,1.0,0.9960959999999999,0.0,0.0,0.0,0.0,0.0,0.0,0.0,0.0,0.0,0.0,0.0,0.0,0.0,0.0,0.002,0.998,0.05136123951309429,1880,0.00015838717215339203,4.136874951355345e-08,3.467881204678509e-05,16,20,False,0.995,0.005,0.66,fixed,100,none,89088af6-702d-46f1-85f7-fa99660871db
154,15400,15.512478113174438,1.0,1.0,1.0,0.9960959999999999,0.0,0.0,0.0,0.0,0.0,0.0,0.0,0.0,0.0,0.0,0.0,0.0,0.0,0.0,0.002,0.998,0.05136123951309429,1880,0.0001587872118257987,4.153771177824751e-08,3.47664128339052e-05,16,20,False,0.995,0.005,0.66,fixed,100,none,89088af6-702d-46f1-85f7-fa99660871db
155,15500,15.532315731048584,1.0,1.0,1.0,0.9960959999999999,0.0,0.0,0.0,0.0,0.0,0.0,0.0,0.0,0.0,0.0,0.0,0.0,0.0,0.0,0.002,0.998,0.05136123951309429,1880,0.0001586850786815721,4.150839664649947e-08,3.474405031875897e-05,16,20,False,0.995,0.005,0.66,fixed,100,none,89088af6-702d-46f1-85f7-fa99660871db
156,15600,15.552242279052734,1.0,1.0,1.0,0.9960959999999999,0.0,0.0,0.0,0.0,0.0,0.0,0.0,0.0,0.0,0.0,0.0,0.0,0.0,0.0,0.002,0.998,0.0513612395130943,1880,0.0001584237433082879,4.158394196922435e-08,3.4686858359158375e-05,16,20,False,0.995,0.005,0.66,fixed,100,none,89088af6-702d-46f1-85f7-fa99660871db
157,15700,15.572155475616455,1.0,1.0,1.0,0.9960959999999999,0.0,0.0,0.0,0.0,0.0,0.0,0.0,0.0,0.0,0.0,0.0,0.0,0.0,0.0,0.002,0.998,0.0513612395130943,1880,0.00015818002932615222,4.149350475733258e-08,3.463349218539862e-05,16,20,False,0.995,0.005,0.66,fixed,100,none,89088af6-702d-46f1-85f7-fa99660871db
158,15800,15.59223461151123,1.0,1.0,1.0,0.9960959999999999,0.0,0.0,0.0,0.0,0.0,0.0,0.0,0.0,0.0,0.0,0.0,0.0,0.0,0.0,0.002,0.998,0.0513612395130943,1880,0.0001589346927484512,4.177366450470617e-08,3.479874123889186e-05,16,20,False,0.995,0.005,0.66,fixed,100,none,89088af6-702d-46f1-85f7-fa99660871db
159,15900,15.612236261367798,1.0,1.0,1.0,0.9960959999999999,0.0,0.0,0.0,0.0,0.0,0.0,0.0,0.0,0.0,0.0,0.0,0.0,0.0,0.0,0.002,0.998,0.0513612395130943,1880,0.00015705325646563347,4.1337443260793676e-08,3.438681195454672e-05,16,20,False,0.995,0.005,0.66,fixed,100,none,89088af6-702d-46f1-85f7-fa99660871db
160,16000,15.632167339324951,1.0,1.0,1.0,0.9960959999999999,0.0,0.0,0.0,0.0,0.0,0.0,0.0,0.0,0.0,0.0,0.0,0.0,0.0,0.0,0.002,0.998,0.0513612395130943,1880,0.00015772615950424462,4.150627489276423e-08,3.453414250770878e-05,16,20,False,0.995,0.005,0.66,fixed,100,none,89088af6-702d-46f1-85f7-fa99660871db
161,16100,15.652245044708252,1.0,1.0,1.0,0.9960959999999999,0.0,0.0,0.0,0.0,0.0,0.0,0.0,0.0,0.0,0.0,0.0,0.0,0.0,0.0,0.002,0.998,0.0513612395130943,1880,0.0001586190275536822,4.190235914490079e-08,3.472966657973857e-05,16,20,False,0.995,0.005,0.66,fixed,100,none,89088af6-702d-46f1-85f7-fa99660871db
162,16200,15.672385215759277,1.0,1.0,1.0,0.9960959999999999,0.0,0.0,0.0,0.0,0.0,0.0,0.0,0.0,0.0,0.0,0.0,0.0,0.0,0.0,0.002,0.998,0.051745274115364996,1879,0.0001582815440206546,4.203027880381067e-08,3.465581573909402e-05,16,20,False,0.995,0.005,0.66,fixed,100,none,89088af6-702d-46f1-85f7-fa99660871db
163,16300,15.692557096481323,1.0,1.0,1.0,0.9960959999999999,0.0,0.0,0.0,0.0,0.0,0.0,0.0,0.0,0.0,0.0,0.0,0.0,0.0,0.0,0.002,0.998,0.0513612395130943,1880,0.00015865589205457195,4.223709662861461e-08,3.4737799819105236e-05,16,20,False,0.995,0.005,0.66,fixed,100,none,89088af6-702d-46f1-85f7-fa99660871db
164,16400,15.712865352630615,1.0,1.0,1.0,0.9960959999999999,0.0,0.0,0.0,0.0,0.0,0.0,0.0,0.0,0.0,0.0,0.0,0.0,0.0,0.0,0.002,0.998,0.0513612395130943,1880,0.00015832764551642516,4.215337868551785e-08,3.466593074549572e-05,16,20,False,0.995,0.005,0.66,fixed,100,none,89088af6-702d-46f1-85f7-fa99660871db
165,16500,15.733123540878296,1.0,1.0,1.0,0.9960959999999999,0.0,0.0,0.0,0.0,0.0,0.0,0.0,0.0,0.0,0.0,0.0,0.0,0.0,0.0,0.002,0.998,0.051745274115364996,1879,0.00015936208446290067,4.2382185607980005e-08,3.4892412904194475e-05,16,20,False,0.995,0.005,0.66,fixed,100,none,89088af6-702d-46f1-85f7-fa99660871db
166,16600,15.753429174423218,1.0,1.0,1.0,0.9960959999999999,0.0,0.0,0.0,0.0,0.0,0.0,0.0,0.0,0.0,0.0,0.0,0.0,0.0,0.0,0.002,0.998,0.0513612395130943,1880,0.00016041113628502868,4.2784157748135036e-08,3.5122126722764925e-05,16,20,False,0.995,0.005,0.66,fixed,100,none,89088af6-702d-46f1-85f7-fa99660871db
167,16700,15.773720026016235,1.0,1.0,1.0,0.9960959999999999,0.0,0.0,0.0,0.0,0.0,0.0,0.0,0.0,0.0,0.0,0.0,0.0,0.0,0.0,0.002,0.998,0.051745274115364996,1879,0.00016205766629094474,4.308031126749296e-08,3.548260841022863e-05,16,20,False,0.995,0.005,0.66,fixed,100,none,89088af6-702d-46f1-85f7-fa99660871db
168,16800,15.794008731842041,1.0,1.0,1.0,0.9960959999999999,0.0,0.0,0.0,0.0,0.0,0.0,0.0,0.0,0.0,0.0,0.0,0.0,0.0,0.0,0.002,0.998,0.051745274115364996,1879,0.0001619236549737249,4.314350059583468e-08,3.5453285338861596e-05,16,20,False,0.995,0.005,0.66,fixed,100,none,89088af6-702d-46f1-85f7-fa99660871db
169,16900,15.814188480377197,1.0,1.0,1.0,0.9960959999999999,0.0,0.0,0.0,0.0,0.0,0.0,0.0,0.0,0.0,0.0,0.0,0.0,0.0,0.0,0.002,0.998,0.051745274115364996,1879,0.00016098529178756662,4.272487089294347e-08,3.5247798097768e-05,16,20,False,0.995,0.005,0.66,fixed,100,none,89088af6-702d-46f1-85f7-fa99660871db
170,17000,15.834543943405151,1.0,1.0,1.0,0.9960959999999999,0.0,0.0,0.0,0.0,0.0,0.0,0.0,0.0,0.0,0.0,0.0,0.0,0.0,0.0,0.002,0.998,0.0513612395130943,1880,0.00016113109726883907,4.2851165732692903e-08,3.5279738913638086e-05,16,20,False,0.995,0.005,0.66,fixed,100,none,89088af6-702d-46f1-85f7-fa99660871db
171,17100,15.854598999023438,1.0,1.0,1.0,0.9960959999999999,0.0,0.0,0.0,0.0,0.0,0.0,0.0,0.0,0.0,0.0,0.0,0.0,0.0,0.0,0.002,0.998,0.0513612395130943,1880,0.00016119671990621817,4.262078063470189e-08,3.5294059935791754e-05,16,20,False,0.995,0.005,0.66,fixed,100,none,89088af6-702d-46f1-85f7-fa99660871db
172,17200,15.874671697616577,1.0,1.0,1.0,0.9960959999999999,0.0,0.0,0.0,0.0,0.0,0.0,0.0,0.0,0.0,0.0,0.0,0.0,0.0,0.0,0.002,0.998,0.052128304705603576,1878,0.00016269916594666923,4.323710790516585e-08,3.562306247622787e-05,16,20,False,0.995,0.005,0.66,fixed,100,none,89088af6-702d-46f1-85f7-fa99660871db
173,17300,15.894990682601929,1.0,1.0,1.0,0.9960959999999999,0.0,0.0,0.0,0.0,0.0,0.0,0.0,0.0,0.0,0.0,0.0,0.0,0.0,0.0,0.002,0.998,0.05251033128381009,1877,0.00016261906092073723,4.3552088131274285e-08,3.5605587332294326e-05,16,20,False,0.995,0.005,0.66,fixed,100,none,89088af6-702d-46f1-85f7-fa99660871db
174,17400,15.915509223937988,1.0,1.0,1.0,0.9960959999999999,0.0,0.0,0.0,0.0,0.0,0.0,0.0,0.0,0.0,0.0,0.0,0.0,0.0,0.0,0.002,0.998,0.052128304705603576,1878,0.000162761030993954,4.3801055003244855e-08,3.5636711885027146e-05,16,20,False,0.995,0.005,0.66,fixed,100,none,89088af6-702d-46f1-85f7-fa99660871db
175,17500,15.935837984085083,1.0,1.0,1.0,0.9960959999999999,0.0,0.0,0.0,0.0,0.0,0.0,0.0,0.0,0.0,0.0,0.0,0.0,0.0,0.0,0.002,0.998,0.05251033128381009,1877,0.0001627328371615718,4.355220179460859e-08,3.563049297300905e-05,16,20,False,0.995,0.005,0.66,fixed,100,none,89088af6-702d-46f1-85f7-fa99660871db
176,17600,15.956235885620117,1.0,1.0,1.0,0.9960959999999999,0.0,0.0,0.0,0.0,0.0,0.0,0.0,0.0,0.0,0.0,0.0,0.0,0.0,0.0,0.002,0.998,0.052128304705603576,1878,0.00016307106949218827,4.3746638946340855e-08,3.570456897323982e-05,16,20,False,0.995,0.005,0.66,fixed,100,none,89088af6-702d-46f1-85f7-fa99660871db
177,17700,15.976639986038208,1.0,1.0,1.0,0.9960959999999999,0.0,0.0,0.0,0.0,0.0,0.0,0.0,0.0,0.0,0.0,0.0,0.0,0.0,0.0,0.002,0.998,0.052510331283810094,1877,0.00016321306795651753,4.366144483634082e-08,3.573563625020059e-05,16,20,False,0.995,0.005,0.66,fixed,100,none,89088af6-702d-46f1-85f7-fa99660871db
178,17800,15.997007608413696,1.0,1.0,1.0,0.9960959999999999,0.0,0.0,0.0,0.0,0.0,0.0,0.0,0.0,0.0,0.0,0.0,0.0,0.0,0.0,0.002,0.998,0.052128304705603576,1878,0.00016377947180356672,4.3952031538738526e-08,3.585967726379311e-05,16,20,False,0.995,0.005,0.66,fixed,100,none,89088af6-702d-46f1-85f7-fa99660871db
179,17900,16.017431497573853,1.0,1.0,1.0,0.9960959999999999,0.0,0.0,0.0,0.0,0.0,0.0,0.0,0.0,0.0,0.0,0.0,0.0,0.0,0.0,0.002,0.998,0.052128304705603576,1878,0.00016458723129401926,4.441890468141106e-08,3.6036584522150285e-05,16,20,False,0.995,0.005,0.66,fixed,100,none,89088af6-702d-46f1-85f7-fa99660871db
180,18000,16.03791093826294,1.0,1.0,1.0,0.9960959999999999,0.0,0.0,0.0,0.0,0.0,0.0,0.0,0.0,0.0,0.0,0.0,0.0,0.0,0.0,0.002,0.998,0.051745274115365,1879,0.0001646064792591807,4.436306472297422e-08,3.604078729213203e-05,16,20,False,0.995,0.005,0.66,fixed,100,none,89088af6-702d-46f1-85f7-fa99660871db
181,18100,16.058430910110474,1.0,1.0,1.0,0.9960959999999999,0.0,0.0,0.0,0.0,0.0,0.0,0.0,0.0,0.0,0.0,0.0,0.0,0.0,0.0,0.002,0.998,0.051745274115365,1879,0.00016539436704372606,4.4814131508442246e-08,3.621334163085824e-05,16,20,False,0.995,0.005,0.66,fixed,100,none,89088af6-702d-46f1-85f7-fa99660871db
182,18200,16.07905125617981,1.0,1.0,1.0,0.9960959999999999,0.0,0.0,0.0,0.0,0.0,0.0,0.0,0.0,0.0,0.0,0.0,0.0,0.0,0.0,0.002,0.998,0.051745274115365,1879,0.00016532282516238064,4.492650936603714e-08,3.619770246482468e-05,16,20,False,0.995,0.005,0.66,fixed,100,none,89088af6-702d-46f1-85f7-fa99660871db
183,18300,16.099526405334473,1.0,1.0,1.0,0.9960959999999999,0.0,0.0,0.0,0.0,0.0,0.0,0.0,0.0,0.0,0.0,0.0,0.0,0.0,0.0,0.002,0.998,0.051745274115365,1879,0.00016532282516238064,4.492650936603714e-08,3.619770246482468e-05,16,20,False,0.995,0.005,0.66,fixed,100,none,89088af6-702d-46f1-85f7-fa99660871db
184,18400,16.119985818862915,1.0,1.0,1.0,0.9960959999999999,0.0,0.0,0.0,0.0,0.0,0.0,0.0,0.0,0.0,0.0,0.0,0.0,0.0,0.0,0.002,0.998,0.051745274115365,1879,0.000165876375940428,4.4524938522142545e-08,3.63187984316789e-05,16,20,False,0.995,0.005,0.66,fixed,100,none,89088af6-702d-46f1-85f7-fa99660871db
185,18500,16.140236139297485,1.0,1.0,1.0,0.9960959999999999,0.0,0.0,0.0,0.0,0.0,0.0,0.0,0.0,0.0,0.0,0.0,0.0,0.0,0.0,0.002,0.998,0.051745274115364996,1879,0.0001678967535805076,4.515278295718478e-08,3.676117838753498e-05,16,20,False,0.995,0.005,0.66,fixed,100,none,89088af6-702d-46f1-85f7-fa99660871db
186,18600,16.160428047180176,1.0,1.0,1.0,0.9960959999999999,0.0,0.0,0.0,0.0,0.0,0.0,0.0,0.0,0.0,0.0,0.0,0.0,0.0,0.0,0.002,0.998,0.051745274115364996,1879,0.0001685746469017028,4.541227809227024e-08,3.690961853962028e-05,16,20,False,0.995,0.005,0.66,fixed,100,none,89088af6-702d-46f1-85f7-fa99660871db
187,18700,16.18085765838623,1.0,1.0,1.0,0.9960959999999999,0.0,0.0,0.0,0.0,0.0,0.0,0.0,0.0,0.0,0.0,0.0,0.0,0.0,0.0,0.002,0.998,0.051745274115364996,1879,0.00017002337921096183,4.5892575101069274e-08,3.722683729854875e-05,16,20,False,0.995,0.005,0.66,fixed,100,none,89088af6-702d-46f1-85f7-fa99660871db
188,18800,16.201526165008545,1.0,1.0,1.0,0.9960959999999999,0.0,0.0,0.0,0.0,0.0,0.0,0.0,0.0,0.0,0.0,0.0,0.0,0.0,0.0,0.002,0.998,0.051745274115364996,1879,0.00017014739424717144,4.605799906508876e-08,3.72540156205282e-05,16,20,False,0.995,0.005,0.66,fixed,100,none,89088af6-702d-46f1-85f7-fa99660871db
189,18900,16.221892833709717,1.0,1.0,1.0,0.9960959999999999,0.0,0.0,0.0,0.0,0.0,0.0,0.0,0.0,0.0,0.0,0.0,0.0,0.0,0.0,0.002,0.998,0.051745274115364996,1879,0.00016960811564094505,4.5778451506277174e-08,3.713591441958907e-05,16,20,False,0.995,0.005,0.66,fixed,100,none,89088af6-702d-46f1-85f7-fa99660871db
190,19000,16.242380380630493,1.0,1.0,1.0,0.9960959999999999,0.0,0.0,0.0,0.0,0.0,0.0,0.0,0.0,0.0,0.0,0.0,0.0,0.0,0.0,0.002,0.998,0.051745274115364996,1879,0.00017030675923780452,4.582519224019172e-08,3.728885638368105e-05,16,20,False,0.995,0.005,0.66,fixed,100,none,89088af6-702d-46f1-85f7-fa99660871db
191,19100,16.262909650802612,1.0,1.0,1.0,0.9960959999999999,0.0,0.0,0.0,0.0,0.0,0.0,0.0,0.0,0.0,0.0,0.0,0.0,0.0,0.0,0.002,0.998,0.051745274115364996,1879,0.00017158617810514572,4.618216486776178e-08,3.7568988998541276e-05,16,20,False,0.995,0.005,0.66,fixed,100,none,89088af6-702d-46f1-85f7-fa99660871db
192,19200,16.283536195755005,1.0,1.0,1.0,0.9960959999999999,0.0,0.0,0.0,0.0,0.0,0.0,0.0,0.0,0.0,0.0,0.0,0.0,0.0,0.0,0.002,0.998,0.051745274115364996,1879,0.0001720777152926687,4.647823179518511e-08,3.7676642741606266e-05,16,20,False,0.995,0.005,0.66,fixed,100,none,89088af6-702d-46f1-85f7-fa99660871db
193,19300,16.304111003875732,1.0,1.0,1.0,0.9960959999999999,0.0,0.0,0.0,0.0,0.0,0.0,0.0,0.0,0.0,0.0,0.0,0.0,0.0,0.0,0.002,0.998,0.05212830470560358,1878,0.00017158747061682978,4.618213594198465e-08,3.756927192385302e-05,16,20,False,0.995,0.005,0.66,fixed,100,none,89088af6-702d-46f1-85f7-fa99660871db
194,19400,16.32489037513733,1.0,1.0,1.0,0.9960959999999999,0.0,0.0,0.0,0.0,0.0,0.0,0.0,0.0,0.0,0.0,0.0,0.0,0.0,0.0,0.002,0.998,0.05212830470560358,1878,0.00017317423723555065,4.697448339422986e-08,3.791676568270694e-05,16,20,False,0.995,0.005,0.66,fixed,100,none,89088af6-702d-46f1-85f7-fa99660871db
195,19500,16.345611333847046,1.0,1.0,1.0,0.9960959999999999,0.0,0.0,0.0,0.0,0.0,0.0,0.0,0.0,0.0,0.0,0.0,0.0,0.0,0.0,0.002,0.998,0.05212830470560358,1878,0.0001736825148324095,4.724822944861231e-08,3.802807966040967e-05,16,20,False,0.995,0.005,0.66,fixed,100,none,89088af6-702d-46f1-85f7-fa99660871db
196,19600,16.366372108459473,1.0,1.0,1.0,0.9960959999999999,0.0,0.0,0.0,0.0,0.0,0.0,0.0,0.0,0.0,0.0,0.0,0.0,0.0,0.0,0.002,0.998,0.051745274115364996,1879,0.0001742885576870695,4.762106640136603e-08,3.8160813280315774e-05,16,20,False,0.995,0.005,0.66,fixed,100,none,89088af6-702d-46f1-85f7-fa99660871db
197,19700,16.38714361190796,1.0,1.0,1.0,0.9960959999999999,0.0,0.0,0.0,0.0,0.0,0.0,0.0,0.0,0.0,0.0,0.0,0.0,0.0,0.0,0.002,0.998,0.051745274115364996,1879,0.0001740172132984294,4.7712793496723455e-08,3.810143342179057e-05,16,20,False,0.995,0.005,0.66,fixed,100,none,89088af6-702d-46f1-85f7-fa99660871db
198,19800,16.407582759857178,1.0,1.0,1.0,0.9960959999999999,0.0,0.0,0.0,0.0,0.0,0.0,0.0,0.0,0.0,0.0,0.0,0.0,0.0,0.0,0.002,0.998,0.052128304705603576,1878,0.00017336571257709074,4.791684348097045e-08,3.7958858683386546e-05,16,20,False,0.995,0.005,0.66,fixed,100,none,89088af6-702d-46f1-85f7-fa99660871db
199,19900,16.427962064743042,1.0,1.0,1.0,0.9960959999999999,0.0,0.0,0.0,0.0,0.0,0.0,0.0,0.0,0.0,0.0,0.0,0.0,0.0,0.0,0.002,0.998,0.052128304705603576,1878,0.00017482500732021172,4.8804643379053135e-08,3.827846698463637e-05,16,20,False,0.995,0.005,0.66,fixed,100,none,89088af6-702d-46f1-85f7-fa99660871db
200,20000,16.448394298553467,1.0,1.0,1.0,0.9960959999999999,0.0,0.0,0.0,0.0,0.0,0.0,0.0,0.0,0.0,0.0,0.0,0.0,0.0,0.0,0.002,0.998,0.052128304705603576,1878,0.00017504365272208298,4.90949397752241e-08,3.832638361942126e-05,16,20,False,0.995,0.005,0.66,fixed,100,none,89088af6-702d-46f1-85f7-fa99660871db
201,20100,16.46882653236389,1.0,1.0,1.0,0.9960959999999999,0.0,0.0,0.0,0.0,0.0,0.0,0.0,0.0,0.0,0.0,0.0,0.0,0.0,0.0,0.002,0.998,0.052128304705603576,1878,0.00017554998588793596,4.9371360028055883e-08,3.843727246927451e-05,16,20,False,0.995,0.005,0.66,fixed,100,none,89088af6-702d-46f1-85f7-fa99660871db
202,20200,16.48927068710327,1.0,1.0,1.0,0.9960959999999999,0.0,0.0,0.0,0.0,0.0,0.0,0.0,0.0,0.0,0.0,0.0,0.0,0.0,0.0,0.002,0.998,0.052128304705603576,1878,0.0001765318895764949,4.972718729043498e-08,3.865227879387992e-05,16,20,False,0.995,0.005,0.66,fixed,100,none,89088af6-702d-46f1-85f7-fa99660871db
203,20300,16.509658813476562,1.0,1.0,1.0,0.9960959999999999,0.0,0.0,0.0,0.0,0.0,0.0,0.0,0.0,0.0,0.0,0.0,0.0,0.0,0.0,0.002,0.998,0.052128304705603576,1878,0.00017643266746478897,4.9767814010220676e-08,3.863056679270425e-05,16,20,False,0.995,0.005,0.66,fixed,100,none,89088af6-702d-46f1-85f7-fa99660871db
204,20400,16.529927968978882,1.0,1.0,1.0,0.9960959999999999,0.0,0.0,0.0,0.0,0.0,0.0,0.0,0.0,0.0,0.0,0.0,0.0,0.0,0.0,0.002,0.998,0.052128304705603576,1878,0.00017581295336253935,4.945803178914178e-08,3.84948525170998e-05,16,20,False,0.995,0.005,0.66,fixed,100,none,89088af6-702d-46f1-85f7-fa99660871db
205,20500,16.5501651763916,1.0,1.0,1.0,0.9960959999999999,0.0,0.0,0.0,0.0,0.0,0.0,0.0,0.0,0.0,0.0,0.0,0.0,0.0,0.0,0.002,0.998,0.052128304705603576,1878,0.000175145954617165,4.9368586894407795e-08,3.834882949720736e-05,16,20,False,0.995,0.005,0.66,fixed,100,none,89088af6-702d-46f1-85f7-fa99660871db
206,20600,16.57061791419983,1.0,1.0,1.0,0.9960959999999999,0.0,0.0,0.0,0.0,0.0,0.0,0.0,0.0,0.0,0.0,0.0,0.0,0.0,0.0,0.002,0.998,0.052128304705603576,1878,0.00017575764853435105,5.0162745445923644e-08,3.8482880185804174e-05,16,20,False,0.995,0.005,0.66,fixed,100,none,89088af6-702d-46f1-85f7-fa99660871db
207,20700,16.591198921203613,1.0,1.0,1.0,0.9960959999999999,0.0,0.0,0.0,0.0,0.0,0.0,0.0,0.0,0.0,0.0,0.0,0.0,0.0,0.0,0.002,0.998,0.052128304705603576,1878,0.0001763185368900961,5.059051230945414e-08,3.8605739922580834e-05,16,20,False,0.995,0.005,0.66,fixed,100,none,89088af6-702d-46f1-85f7-fa99660871db
208,20800,16.611818313598633,1.0,1.0,1.0,0.9960959999999999,0.0,0.0,0.0,0.0,0.0,0.0,0.0,0.0,0.0,0.0,0.0,0.0,0.0,0.0,0.002,0.998,0.052128304705603576,1878,0.00017685562443209516,5.114719311973651e-08,3.872341415487838e-05,16,20,False,0.995,0.005,0.66,fixed,100,none,89088af6-702d-46f1-85f7-fa99660871db
209,20900,16.632654905319214,1.0,1.0,1.0,0.9960959999999999,0.0,0.0,0.0,0.0,0.0,0.0,0.0,0.0,0.0,0.0,0.0,0.0,0.0,0.0,0.002,0.998,0.052128304705603576,1878,0.00017738835764889192,5.137020631761917e-08,3.884007182854279e-05,16,20,False,0.995,0.005,0.66,fixed,100,none,89088af6-702d-46f1-85f7-fa99660871db
210,21000,16.65333318710327,1.0,1.0,1.0,0.9960959999999999,0.0,0.0,0.0,0.0,0.0,0.0,0.0,0.0,0.0,0.0,0.0,0.0,0.0,0.0,0.002,0.998,0.052128304705603576,1878,0.00017855724401310812,5.206380757584807e-08,3.909607283790878e-05,16,20,False,0.995,0.005,0.66,fixed,100,none,89088af6-702d-46f1-85f7-fa99660871db
211,21100,16.674155235290527,1.0,1.0,1.0,0.9960959999999999,0.0,0.0,0.0,0.0,0.0,0.0,0.0,0.0,0.0,0.0,0.0,0.0,0.0,0.0,0.002,0.998,0.052128304705603576,1878,0.0001788760814638639,5.2110377243105833e-08,3.9165875204116e-05,16,20,False,0.995,0.005,0.66,fixed,100,none,89088af6-702d-46f1-85f7-fa99660871db
212,21200,16.694727182388306,1.0,1.0,1.0,0.9960959999999999,0.0,0.0,0.0,0.0,0.0,0.0,0.0,0.0,0.0,0.0,0.0,0.0,0.0,0.0,0.002,0.998,0.052128304705603576,1878,0.00017960921898857695,5.271634868510475e-08,3.9326474142849666e-05,16,20,False,0.995,0.005,0.66,fixed,100,none,89088af6-702d-46f1-85f7-fa99660871db
213,21300,16.715462923049927,1.0,1.0,1.0,0.9960959999999999,0.0,0.0,0.0,0.0,0.0,0.0,0.0,0.0,0.0,0.0,0.0,0.0,0.0,0.0,0.002,0.998,0.052128304705603576,1878,0.00018078280481558957,5.287359154669996e-08,3.958340195652643e-05,16,20,False,0.995,0.005,0.66,fixed,100,none,89088af6-702d-46f1-85f7-fa99660871db
214,21400,16.73617649078369,1.0,1.0,1.0,0.9960959999999999,0.0,0.0,0.0,0.0,0.0,0.0,0.0,0.0,0.0,0.0,0.0,0.0,0.0,0.0,0.002,0.998,0.052128304705603576,1878,0.00018185960283667612,5.364431916172256e-08,3.9819259481589135e-05,16,20,False,0.995,0.005,0.66,fixed,100,none,89088af6-702d-46f1-85f7-fa99660871db
215,21500,16.75658941268921,1.0,1.0,1.0,0.9960959999999999,0.0,0.0,0.0,0.0,0.0,0.0,0.0,0.0,0.0,0.0,0.0,0.0,0.0,0.0,0.002,0.998,0.052128304705603576,1878,0.00018185960283667612,5.364431916172256e-08,3.9819259481589135e-05,16,20,False,0.995,0.005,0.66,fixed,100,none,89088af6-702d-46f1-85f7-fa99660871db
216,21600,16.77701497077942,1.0,1.0,1.0,0.9960959999999999,0.0,0.0,0.0,0.0,0.0,0.0,0.0,0.0,0.0,0.0,0.0,0.0,0.0,0.0,0.002,0.998,0.052128304705603576,1878,0.0001818553560000127,5.370435550703193e-08,3.9818341255949115e-05,16,20,False,0.995,0.005,0.66,fixed,100,none,89088af6-702d-46f1-85f7-fa99660871db
217,21700,16.79735541343689,1.0,1.0,1.0,0.9960959999999999,0.0,0.0,0.0,0.0,0.0,0.0,0.0,0.0,0.0,0.0,0.0,0.0,0.0,0.0,0.002,0.998,0.052128304705603576,1878,0.00018179693338743399,5.387275460673998e-08,3.9805584541884585e-05,16,20,False,0.995,0.005,0.66,fixed,100,none,89088af6-702d-46f1-85f7-fa99660871db
218,21800,16.81776189804077,1.0,1.0,1.0,0.9960959999999999,0.0,0.0,0.0,0.0,0.0,0.0,0.0,0.0,0.0,0.0,0.0,0.0,0.0,0.0,0.002,0.998,0.051745274115364996,1879,0.00018320211645167826,5.478891781856046e-08,4.01133531856579e-05,16,20,False,0.995,0.005,0.66,fixed,100,none,89088af6-702d-46f1-85f7-fa99660871db
219,21900,16.838114261627197,1.0,1.0,1.0,0.9960959999999999,0.0,0.0,0.0,0.0,0.0,0.0,0.0,0.0,0.0,0.0,0.0,0.0,0.0,0.0,0.002,0.998,0.052128304705603576,1878,0.0001837448371220569,5.503275767986075e-08,4.023220106997743e-05,16,20,False,0.995,0.005,0.66,fixed,100,none,89088af6-702d-46f1-85f7-fa99660871db
220,22000,16.85852026939392,1.0,1.0,1.0,0.9960959999999999,0.0,0.0,0.0,0.0,0.0,0.0,0.0,0.0,0.0,0.0,0.0,0.0,0.0,0.0,0.002,0.998,0.052128304705603576,1878,0.00018465601703507772,5.5301778108696055e-08,4.043170946681917e-05,16,20,False,0.995,0.005,0.66,fixed,100,none,89088af6-702d-46f1-85f7-fa99660871db
221,22100,16.87910032272339,1.0,1.0,1.0,0.9960959999999999,0.0,0.0,0.0,0.0,0.0,0.0,0.0,0.0,0.0,0.0,0.0,0.0,0.0,0.0,0.002,0.998,0.052128304705603576,1878,0.00018465984530919007,5.540876405859669e-08,4.043256780335284e-05,16,20,False,0.995,0.005,0.66,fixed,100,none,89088af6-702d-46f1-85f7-fa99660871db
222,22200,16.899515628814697,1.0,1.0,1.0,0.9960959999999999,0.0,0.0,0.0,0.0,0.0,0.0,0.0,0.0,0.0,0.0,0.0,0.0,0.0,0.0,0.002,0.998,0.052128304705603576,1878,0.00018447958182762558,5.548410119582906e-08,4.0393122441294446e-05,16,20,False,0.995,0.005,0.66,fixed,100,none,89088af6-702d-46f1-85f7-fa99660871db
223,22300,16.91970443725586,1.0,1.0,1.0,0.9960959999999999,0.0,0.0,0.0,0.0,0.0,0.0,0.0,0.0,0.0,0.0,0.0,0.0,0.0,0.0,0.002,0.998,0.052128304705603576,1878,0.0001827724010818796,5.531547105241171e-08,4.0019388536323406e-05,16,20,False,0.995,0.005,0.66,fixed,100,none,89088af6-702d-46f1-85f7-fa99660871db
224,22400,16.940261602401733,1.0,1.0,1.0,0.9960959999999999,0.0,0.0,0.0,0.0,0.0,0.0,0.0,0.0,0.0,0.0,0.0,0.0,0.0,0.0,0.002,0.998,0.052128304705603576,1878,0.00018366174169532116,5.6094170218169675e-08,4.0214213149447255e-05,16,20,False,0.995,0.005,0.66,fixed,100,none,89088af6-702d-46f1-85f7-fa99660871db
225,22500,16.96101951599121,1.0,1.0,1.0,0.9960959999999999,0.0,0.0,0.0,0.0,0.0,0.0,0.0,0.0,0.0,0.0,0.0,0.0,0.0,0.0,0.002,0.998,0.052128304705603576,1878,0.0001837408561850223,5.632807730108446e-08,4.023157575358859e-05,16,20,False,0.995,0.005,0.66,fixed,100,none,89088af6-702d-46f1-85f7-fa99660871db
226,22600,16.981515407562256,1.0,1.0,1.0,0.9960959999999999,0.0,0.0,0.0,0.0,0.0,0.0,0.0,0.0,0.0,0.0,0.0,0.0,0.0,0.0,0.002,0.998,0.052128304705603576,1878,0.00018228275486479418,5.573612863733913e-08,3.991228490434454e-05,16,20,False,0.995,0.005,0.66,fixed,100,none,89088af6-702d-46f1-85f7-fa99660871db
227,22700,17.001985549926758,1.0,1.0,1.0,0.9960959999999999,0.0,0.0,0.0,0.0,0.0,0.0,0.0,0.0,0.0,0.0,0.0,0.0,0.0,0.0,0.002,0.998,0.052128304705603576,1878,0.00018303402201624446,5.5867735730932946e-08,4.007676228914479e-05,16,20,False,0.995,0.005,0.66,fixed,100,none,89088af6-702d-46f1-85f7-fa99660871db
228,22800,17.022477388381958,1.0,1.0,1.0,0.9960959999999999,0.0,0.0,0.0,0.0,0.0,0.0,0.0,0.0,0.0,0.0,0.0,0.0,0.0,0.0,0.002,0.998,0.052128304705603576,1878,0.0001826979922609798,5.5792233978915295e-08,4.000319103038447e-05,16,20,False,0.995,0.005,0.66,fixed,100,none,89088af6-702d-46f1-85f7-fa99660871db
229,22900,17.043227910995483,1.0,1.0,1.0,0.9960959999999999,0.0,0.0,0.0,0.0,0.0,0.0,0.0,0.0,0.0,0.0,0.0,0.0,0.0,0.0,0.002,0.998,0.052128304705603576,1878,0.00018345510150429307,5.614769034715125e-08,4.0168989780455715e-05,16,20,False,0.995,0.005,0.66,fixed,100,none,89088af6-702d-46f1-85f7-fa99660871db
230,23000,17.063786506652832,1.0,1.0,1.0,0.9960959999999999,0.0,0.0,0.0,0.0,0.0,0.0,0.0,0.0,0.0,0.0,0.0,0.0,0.0,0.0,0.002,0.998,0.052128304705603576,1878,0.0001846734293172177,5.7078171370890404e-08,4.043585853009943e-05,16,20,False,0.995,0.005,0.66,fixed,100,none,89088af6-702d-46f1-85f7-fa99660871db
231,23100,17.08406138420105,1.0,1.0,1.0,0.9960959999999999,0.0,0.0,0.0,0.0,0.0,0.0,0.0,0.0,0.0,0.0,0.0,0.0,0.0,0.0,0.002,0.998,0.052128304705603576,1878,0.00018442781040315035,5.6672481807319395e-08,4.038201546879301e-05,16,20,False,0.995,0.005,0.66,fixed,100,none,89088af6-702d-46f1-85f7-fa99660871db
232,23200,17.10428810119629,1.0,1.0,1.0,0.9960959999999999,0.0,0.0,0.0,0.0,0.0,0.0,0.0,0.0,0.0,0.0,0.0,0.0,0.0,0.0,0.002,0.998,0.052128304705603576,1878,0.0001846804400364116,5.6882405586309456e-08,4.0437355981031896e-05,16,20,False,0.995,0.005,0.66,fixed,100,none,89088af6-702d-46f1-85f7-fa99660871db
233,23300,17.12451434135437,1.0,1.0,1.0,0.9960959999999999,0.0,0.0,0.0,0.0,0.0,0.0,0.0,0.0,0.0,0.0,0.0,0.0,0.0,0.0,0.002,0.998,0.052128304705603576,1878,0.00018468192412405426,5.662771992916471e-08,4.0437632457542026e-05,16,20,False,0.995,0.005,0.66,fixed,100,none,89088af6-702d-46f1-85f7-fa99660871db
234,23400,17.144537448883057,1.0,1.0,1.0,0.9960959999999999,0.0,0.0,0.0,0.0,0.0,0.0,0.0,0.0,0.0,0.0,0.0,0.0,0.0,0.0,0.002,0.998,0.052128304705603576,1878,0.00018587339368785597,5.760856792593745e-08,4.069863150617761e-05,16,20,False,0.995,0.005,0.66,fixed,100,none,89088af6-702d-46f1-85f7-fa99660871db
235,23500,17.164834022521973,1.0,1.0,1.0,0.9960959999999999,0.0,0.0,0.0,0.0,0.0,0.0,0.0,0.0,0.0,0.0,0.0,0.0,0.0,0.0,0.002,0.998,0.052128304705603576,1878,0.00018527327849629638,5.752627350890849e-08,4.056725065480597e-05,16,20,False,0.995,0.005,0.66,fixed,100,none,89088af6-702d-46f1-85f7-fa99660871db
236,23600,17.18516516685486,1.0,1.0,1.0,0.9960959999999999,0.0,0.0,0.0,0.0,0.0,0.0,0.0,0.0,0.0,0.0,0.0,0.0,0.0,0.0,0.002,0.998,0.052128304705603576,1878,0.00018756975317514403,5.808090327778301e-08,4.1070054341661804e-05,16,20,False,0.995,0.005,0.66,fixed,100,none,89088af6-702d-46f1-85f7-fa99660871db
237,23700,17.205349922180176,1.0,1.0,1.0,0.9960959999999999,0.0,0.0,0.0,0.0,0.0,0.0,0.0,0.0,0.0,0.0,0.0,0.0,0.0,0.0,0.002,0.998,0.052128304705603576,1878,0.00018741364828730631,5.798899060061013e-08,4.1035865518305466e-05,16,20,False,0.995,0.005,0.66,fixed,100,none,89088af6-702d-46f1-85f7-fa99660871db
238,23800,17.22540283203125,1.0,1.0,1.0,0.9960959999999999,0.0,0.0,0.0,0.0,0.0,0.0,0.0,0.0,0.0,0.0,0.0,0.0,0.0,0.0,0.002,0.998,0.052128304705603576,1878,0.00018824707215179526,5.869700757678734e-08,4.121843652546758e-05,16,20,False,0.995,0.005,0.66,fixed,100,none,89088af6-702d-46f1-85f7-fa99660871db
239,23900,17.24552321434021,1.0,1.0,1.0,0.9960959999999999,0.0,0.0,0.0,0.0,0.0,0.0,0.0,0.0,0.0,0.0,0.0,0.0,0.0,0.0,0.002,0.998,0.052128304705603576,1878,0.00018824094829679886,5.8793733599778836e-08,4.121711439155323e-05,16,20,False,0.995,0.005,0.66,fixed,100,none,89088af6-702d-46f1-85f7-fa99660871db
240,24000,17.26561450958252,1.0,1.0,1.0,0.9960959999999999,0.0,0.0,0.0,0.0,0.0,0.0,0.0,0.0,0.0,0.0,0.0,0.0,0.0,0.0,0.002,0.998,0.052128304705603576,1878,0.00018886039835545716,5.892055564570685e-08,4.135273610558226e-05,16,20,False,0.995,0.005,0.66,fixed,100,none,89088af6-702d-46f1-85f7-fa99660871db
241,24100,17.285762310028076,1.0,1.0,1.0,0.9960959999999999,0.0,0.0,0.0,0.0,0.0,0.0,0.0,0.0,0.0,0.0,0.0,0.0,0.0,0.0,0.002,0.998,0.052128304705603576,1878,0.0001884703530393445,5.856223004715568e-08,4.1267287104021475e-05,16,20,False,0.995,0.005,0.66,fixed,100,none,89088af6-702d-46f1-85f7-fa99660871db
242,24200,17.305910348892212,1.0,1.0,1.0,0.9960959999999999,0.0,0.0,0.0,0.0,0.0,0.0,0.0,0.0,0.0,0.0,0.0,0.0,0.0,0.0,0.002,0.998,0.052128304705603576,1878,0.00019005792636151965,5.926461750222404e-08,4.161494035786208e-05,16,20,False,0.995,0.005,0.66,fixed,100,none,89088af6-702d-46f1-85f7-fa99660871db
243,24300,17.325963735580444,1.0,1.0,1.0,0.9960959999999999,0.0,0.0,0.0,0.0,0.0,0.0,0.0,0.0,0.0,0.0,0.0,0.0,0.0,0.0,0.002,0.998,0.051745274115364996,1879,0.0001896166121733598,5.9208195781305185e-08,4.151832596194691e-05,16,20,False,0.995,0.005,0.66,fixed,100,none,89088af6-702d-46f1-85f7-fa99660871db
244,24400,17.34596848487854,1.0,1.0,1.0,0.9960959999999999,0.0,0.0,0.0,0.0,0.0,0.0,0.0,0.0,0.0,0.0,0.0,0.0,0.0,0.0,0.002,0.998,0.052128304705603576,1878,0.0001895000300267359,5.898779075292621e-08,4.1492764253095544e-05,16,20,False,0.995,0.005,0.66,fixed,100,none,89088af6-702d-46f1-85f7-fa99660871db
245,24500,17.366013526916504,1.0,1.0,1.0,0.9960959999999999,0.0,0.0,0.0,0.0,0.0,0.0,0.0,0.0,0.0,0.0,0.0,0.0,0.0,0.0,0.002,0.998,0.052128304705603576,1878,0.00018955830991766102,5.9285831311675396e-08,4.150557834892522e-05,16,20,False,0.995,0.005,0.66,fixed,100,none,89088af6-702d-46f1-85f7-fa99660871db
246,24600,17.38599705696106,1.0,1.0,1.0,0.9960959999999999,0.0,0.0,0.0,0.0,0.0,0.0,0.0,0.0,0.0,0.0,0.0,0.0,0.0,0.0,0.002,0.998,0.052128304705603576,1878,0.00018989987826074437,5.9545542565823305e-08,4.1580397004364453e-05,16,20,False,0.995,0.005,0.66,fixed,100,none,89088af6-702d-46f1-85f7-fa99660871db
247,24700,17.406118392944336,1.0,1.0,1.0,0.9960959999999999,0.0,0.0,0.0,0.0,0.0,0.0,0.0,0.0,0.0,0.0,0.0,0.0,0.0,0.0,0.002,0.998,0.052128304705603576,1878,0.0001920804361681424,6.065695355753825e-08,4.205793229838231e-05,16,20,False,0.995,0.005,0.66,fixed,100,none,89088af6-702d-46f1-85f7-fa99660871db
248,24800,17.42637014389038,1.0,1.0,1.0,0.9960959999999999,0.0,0.0,0.0,0.0,0.0,0.0,0.0,0.0,0.0,0.0,0.0,0.0,0.0,0.0,0.002,0.998,0.052128304705603576,1878,0.00019169605182718687,6.078166585642688e-08,4.197381426148393e-05,16,20,False,0.995,0.005,0.66,fixed,100,none,89088af6-702d-46f1-85f7-fa99660871db
249,24900,17.446735620498657,1.0,1.0,1.0,0.9960959999999999,0.0,0.0,0.0,0.0,0.0,0.0,0.0,0.0,0.0,0.0,0.0,0.0,0.0,0.0,0.002,0.998,0.052128304705603576,1878,0.00019283323162507305,6.114541809202918e-08,4.222281203216598e-05,16,20,False,0.995,0.005,0.66,fixed,100,none,89088af6-702d-46f1-85f7-fa99660871db
250,25000,17.466856241226196,1.0,1.0,1.0,0.9960959999999999,0.0,0.0,0.0,0.0,0.0,0.0,0.0,0.0,0.0,0.0,0.0,0.0,0.0,0.0,0.002,0.998,0.051745274115364996,1879,0.0001929461520108934,6.074182672199747e-08,4.2247453622261746e-05,16,20,False,0.995,0.005,0.66,fixed,100,none,89088af6-702d-46f1-85f7-fa99660871db
251,25100,17.486847162246704,1.0,1.0,1.0,0.9960959999999999,0.0,0.0,0.0,0.0,0.0,0.0,0.0,0.0,0.0,0.0,0.0,0.0,0.0,0.0,0.002,0.998,0.052128304705603576,1878,0.00019391851550721069,6.060174175106891e-08,4.2460277375461124e-05,16,20,False,0.995,0.005,0.66,fixed,100,none,89088af6-702d-46f1-85f7-fa99660871db
252,25200,17.506961345672607,1.0,1.0,1.0,0.9960959999999999,0.0,0.0,0.0,0.0,0.0,0.0,0.0,0.0,0.0,0.0,0.0,0.0,0.0,0.0,0.002,0.998,0.052128304705603576,1878,0.00019382582172111315,6.041416347482501e-08,4.2439951065811885e-05,16,20,False,0.995,0.005,0.66,fixed,100,none,89088af6-702d-46f1-85f7-fa99660871db
253,25300,17.527215719223022,1.0,1.0,1.0,0.9960959999999999,0.0,0.0,0.0,0.0,0.0,0.0,0.0,0.0,0.0,0.0,0.0,0.0,0.0,0.0,0.002,0.998,0.051745274115364996,1879,0.00019443588179464898,6.117962067114565e-08,4.2573638652776186e-05,16,20,False,0.995,0.005,0.66,fixed,100,none,89088af6-702d-46f1-85f7-fa99660871db
254,25400,17.547666788101196,1.0,1.0,1.0,0.9960959999999999,0.0,0.0,0.0,0.0,0.0,0.0,0.0,0.0,0.0,0.0,0.0,0.0,0.0,0.0,0.002,0.998,0.052128304705603576,1878,0.00019446035861858964,6.111019658839077e-08,4.257898343896106e-05,16,20,False,0.995,0.005,0.66,fixed,100,none,89088af6-702d-46f1-85f7-fa99660871db
255,25500,17.567948579788208,1.0,1.0,1.0,0.9960959999999999,0.0,0.0,0.0,0.0,0.0,0.0,0.0,0.0,0.0,0.0,0.0,0.0,0.0,0.0,0.002,0.998,0.052128304705603576,1878,0.00019484742877041436,6.135456478526174e-08,4.26637595251529e-05,16,20,False,0.995,0.005,0.66,fixed,100,none,89088af6-702d-46f1-85f7-fa99660871db
256,25600,17.588056325912476,1.0,1.0,1.0,0.9960959999999999,0.0,0.0,0.0,0.0,0.0,0.0,0.0,0.0,0.0,0.0,0.0,0.0,0.0,0.0,0.002,0.998,0.051745274115364996,1879,0.0001949578874993115,6.16563071107108e-08,4.268799627195033e-05,16,20,False,0.995,0.005,0.66,fixed,100,none,89088af6-702d-46f1-85f7-fa99660871db
257,25700,17.608031272888184,1.0,1.0,1.0,0.9960959999999999,0.0,0.0,0.0,0.0,0.0,0.0,0.0,0.0,0.0,0.0,0.0,0.0,0.0,0.0,0.002,0.998,0.051745274115364996,1879,0.0001949238599196396,6.17150972276143e-08,4.2680558804882356e-05,16,20,False,0.995,0.005,0.66,fixed,100,none,89088af6-702d-46f1-85f7-fa99660871db
258,25800,17.628010749816895,1.0,1.0,1.0,0.9960959999999999,0.0,0.0,0.0,0.0,0.0,0.0,0.0,0.0,0.0,0.0,0.0,0.0,0.0,0.0,0.002,0.998,0.051745274115364996,1879,0.0001949853758179047,6.245514109027014e-08,4.269416524334649e-05,16,20,False,0.995,0.005,0.66,fixed,100,none,89088af6-702d-46f1-85f7-fa99660871db
259,25900,17.648060083389282,1.0,1.0,1.0,0.9960959999999999,0.0,0.0,0.0,0.0,0.0,0.0,0.0,0.0,0.0,0.0,0.0,0.0,0.0,0.0,0.002,0.998,0.051745274115364996,1879,0.00019550715394035147,6.276580062056529e-08,4.2808441499660846e-05,16,20,False,0.995,0.005,0.66,fixed,100,none,89088af6-702d-46f1-85f7-fa99660871db
260,26000,17.668190717697144,1.0,1.0,1.0,0.9960959999999999,0.0,0.0,0.0,0.0,0.0,0.0,0.0,0.0,0.0,0.0,0.0,0.0,0.0,0.0,0.002,0.998,0.051745274115364996,1879,0.0001952666290064014,6.254739893929101e-08,4.275574909529973e-05,16,20,False,0.995,0.005,0.66,fixed,100,none,89088af6-702d-46f1-85f7-fa99660871db
261,26100,17.688256978988647,1.0,1.0,1.0,0.9960959999999999,0.0,0.0,0.0,0.0,0.0,0.0,0.0,0.0,0.0,0.0,0.0,0.0,0.0,0.0,0.002,0.998,0.051745274115364996,1879,0.0001952666290064014,6.254739893929101e-08,4.275574909529973e-05,16,20,False,0.995,0.005,0.66,fixed,100,none,89088af6-702d-46f1-85f7-fa99660871db
262,26300,17.70822024345398,1.0,1.0,1.0,0.9960959999999999,0.0,0.0,0.0,0.0,0.0,0.0,0.0,0.0,0.0,0.0,0.0,0.0,0.0,0.0,0.002,0.998,0.051745274115364996,1879,0.00019736618447927846,6.423008517599446e-08,4.32156614986975e-05,16,20,False,0.995,0.005,0.66,fixed,100,none,89088af6-702d-46f1-85f7-fa99660871db
263,26400,17.728191375732422,1.0,1.0,1.0,0.9960959999999999,0.0,0.0,0.0,0.0,0.0,0.0,0.0,0.0,0.0,0.0,0.0,0.0,0.0,0.0,0.002,0.998,0.051745274115364996,1879,0.0001968022615409545,6.447164727915495e-08,4.309226466429798e-05,16,20,False,0.995,0.005,0.66,fixed,100,none,89088af6-702d-46f1-85f7-fa99660871db
264,26500,17.748377084732056,1.0,1.0,1.0,0.9960959999999999,0.0,0.0,0.0,0.0,0.0,0.0,0.0,0.0,0.0,0.0,0.0,0.0,0.0,0.0,0.002,0.998,0.051745274115364996,1879,0.00019834196538822635,6.530417730667046e-08,4.342946401717102e-05,16,20,False,0.995,0.005,0.66,fixed,100,none,89088af6-702d-46f1-85f7-fa99660871db
265,26600,17.768718481063843,1.0,1.0,1.0,0.9960959999999999,0.0,0.0,0.0,0.0,0.0,0.0,0.0,0.0,0.0,0.0,0.0,0.0,0.0,0.0,0.002,0.998,0.051745274115364996,1879,0.00019802360883306794,6.528086545079852e-08,4.3359771337994225e-05,16,20,False,0.995,0.005,0.66,fixed,100,none,89088af6-702d-46f1-85f7-fa99660871db
266,26700,17.789041757583618,1.0,1.0,1.0,0.9960959999999999,0.0,0.0,0.0,0.0,0.0,0.0,0.0,0.0,0.0,0.0,0.0,0.0,0.0,0.0,0.002,0.998,0.051745274115364996,1879,0.00019867235460679784,6.587683963521678e-08,4.350189502295874e-05,16,20,False,0.995,0.005,0.66,fixed,100,none,89088af6-702d-46f1-85f7-fa99660871db
267,26800,17.80921721458435,1.0,1.0,1.0,0.9960959999999999,0.0,0.0,0.0,0.0,0.0,0.0,0.0,0.0,0.0,0.0,0.0,0.0,0.0,0.0,0.002,0.998,0.051745274115364996,1879,0.0001990152198575322,6.613328053985754e-08,4.357699695011637e-05,16,20,False,0.995,0.005,0.66,fixed,100,none,89088af6-702d-46f1-85f7-fa99660871db
268,26900,17.829188108444214,1.0,1.0,1.0,0.9960959999999999,0.0,0.0,0.0,0.0,0.0,0.0,0.0,0.0,0.0,0.0,0.0,0.0,0.0,0.0,0.002,0.998,0.051745274115364996,1879,0.0001987521149274097,6.664647282417051e-08,4.3519500787446574e-05,16,20,False,0.995,0.005,0.66,fixed,100,none,89088af6-702d-46f1-85f7-fa99660871db
269,27000,17.849202394485474,1.0,1.0,1.0,0.9960959999999999,0.0,0.0,0.0,0.0,0.0,0.0,0.0,0.0,0.0,0.0,0.0,0.0,0.0,0.0,0.002,0.998,0.051745274115364996,1879,0.0001989723510814902,6.678602973690624e-08,4.356773699738822e-05,16,20,False,0.995,0.005,0.66,fixed,100,none,89088af6-702d-46f1-85f7-fa99660871db
270,27100,17.880284309387207,1.0,1.0,1.0,0.9960959999999999,0.0,0.0,0.0,0.0,0.0,0.0,0.0,0.0,0.0,0.0,0.0,0.0,0.0,0.0,0.002,0.998,0.051745274115364996,1879,0.000199451484949185,6.7156798403718e-08,4.36726898470733e-05,16,20,False,0.995,0.005,0.66,fixed,100,none,89088af6-702d-46f1-85f7-fa99660871db
271,27200,17.928942680358887,1.0,1.0,1.0,0.9960959999999999,0.0,0.0,0.0,0.0,0.0,0.0,0.0,0.0,0.0,0.0,0.0,0.0,0.0,0.0,0.002,0.998,0.051745274115364996,1879,0.00020046324729937435,6.790313130021292e-08,4.3894306428780086e-05,16,20,False,0.995,0.005,0.66,fixed,100,none,89088af6-702d-46f1-85f7-fa99660871db
272,27400,17.94921565055847,1.0,1.0,1.0,0.9960959999999999,0.0,0.0,0.0,0.0,0.0,0.0,0.0,0.0,0.0,0.0,0.0,0.0,0.0,0.0,0.002,0.998,0.051745274115364996,1879,0.0002004435243784615,6.788889702455782e-08,4.3889986376879886e-05,16,20,False,0.995,0.005,0.66,fixed,100,none,89088af6-702d-46f1-85f7-fa99660871db
273,27500,17.96916961669922,1.0,1.0,1.0,0.9960959999999999,0.0,0.0,0.0,0.0,0.0,0.0,0.0,0.0,0.0,0.0,0.0,0.0,0.0,0.0,0.002,0.998,0.051745274115364996,1879,0.00020062351201011988,6.778666423869294e-08,4.39293662452206e-05,16,20,False,0.995,0.005,0.66,fixed,100,none,89088af6-702d-46f1-85f7-fa99660871db
274,27600,17.989040851593018,1.0,1.0,1.0,0.9960959999999999,0.0,0.0,0.0,0.0,0.0,0.0,0.0,0.0,0.0,0.0,0.0,0.0,0.0,0.0,0.002,0.998,0.051745274115364996,1879,0.00020022466367601872,6.787443503546362e-08,4.384207502133724e-05,16,20,False,0.995,0.005,0.66,fixed,100,none,89088af6-702d-46f1-85f7-fa99660871db
275,27700,18.009005546569824,1.0,1.0,1.0,0.9960959999999999,0.0,0.0,0.0,0.0,0.0,0.0,0.0,0.0,0.0,0.0,0.0,0.0,0.0,0.0,0.002,0.998,0.051745274115364996,1879,0.00020005212381845816,6.837619940489405e-08,4.380440138174743e-05,16,20,False,0.995,0.005,0.66,fixed,100,none,89088af6-702d-46f1-85f7-fa99660871db
276,27800,18.02899742126465,1.0,1.0,1.0,0.9960959999999999,0.0,0.0,0.0,0.0,0.0,0.0,0.0,0.0,0.0,0.0,0.0,0.0,0.0,0.0,0.002,0.998,0.0513612395130943,1880,0.0002001616141270584,6.844400076352871e-08,4.3828381692558156e-05,16,20,False,0.995,0.005,0.66,fixed,100,none,89088af6-702d-46f1-85f7-fa99660871db
277,27900,18.049059867858887,1.0,1.0,1.0,0.9960959999999999,0.0,0.0,0.0,0.0,0.0,0.0,0.0,0.0,0.0,0.0,0.0,0.0,0.0,0.0,0.002,0.998,0.0513612395130943,1880,0.0002007680797129115,6.891091442215346e-08,4.396122572289654e-05,16,20,False,0.995,0.005,0.66,fixed,100,none,89088af6-702d-46f1-85f7-fa99660871db
278,28000,18.068913459777832,1.0,1.0,1.0,0.9960959999999999,0.0,0.0,0.0,0.0,0.0,0.0,0.0,0.0,0.0,0.0,0.0,0.0,0.0,0.0,0.002,0.998,0.052128304705603576,1878,0.00020163089896047765,6.896137436667038e-08,4.4150106443578224e-05,16,20,False,0.995,0.005,0.66,fixed,100,none,89088af6-702d-46f1-85f7-fa99660871db
279,28100,18.088935136795044,1.0,1.0,1.0,0.9960959999999999,0.0,0.0,0.0,0.0,0.0,0.0,0.0,0.0,0.0,0.0,0.0,0.0,0.0,0.0,0.002,0.998,0.051745274115364996,1879,0.00020166163930411725,6.914777958868154e-08,4.4156870921793114e-05,16,20,False,0.995,0.005,0.66,fixed,100,none,89088af6-702d-46f1-85f7-fa99660871db
280,28200,18.109128713607788,1.0,1.0,1.0,0.9960959999999999,0.0,0.0,0.0,0.0,0.0,0.0,0.0,0.0,0.0,0.0,0.0,0.0,0.0,0.0,0.002,0.998,0.051745274115364996,1879,0.0002017560065882024,6.896429413251723e-08,4.417749305804269e-05,16,20,False,0.995,0.005,0.66,fixed,100,none,89088af6-702d-46f1-85f7-fa99660871db
281,28300,18.12898850440979,1.0,1.0,1.0,0.9960959999999999,0.0,0.0,0.0,0.0,0.0,0.0,0.0,0.0,0.0,0.0,0.0,0.0,0.0,0.0,0.002,0.998,0.051745274115364996,1879,0.00020283665279711462,6.95934101507477e-08,4.441416604521704e-05,16,20,False,0.995,0.005,0.66,fixed,100,none,89088af6-702d-46f1-85f7-fa99660871db
282,28400,18.148868322372437,1.0,1.0,1.0,0.9960959999999999,0.0,0.0,0.0,0.0,0.0,0.0,0.0,0.0,0.0,0.0,0.0,0.0,0.0,0.0,0.002,0.998,0.051745274115364996,1879,0.00020398012679026734,7.04123565472165e-08,4.4664628102133494e-05,16,20,False,0.995,0.005,0.66,fixed,100,none,89088af6-702d-46f1-85f7-fa99660871db
283,28500,18.168798446655273,1.0,1.0,1.0,0.9960959999999999,0.0,0.0,0.0,0.0,0.0,0.0,0.0,0.0,0.0,0.0,0.0,0.0,0.0,0.0,0.002,0.998,0.051745274115364996,1879,0.00020535780554107038,7.117039778879384e-08,4.496634600852018e-05,16,20,False,0.995,0.005,0.66,fixed,100,none,89088af6-702d-46f1-85f7-fa99660871db
284,28600,18.188801527023315,1.0,1.0,1.0,0.9960959999999999,0.0,0.0,0.0,0.0,0.0,0.0,0.0,0.0,0.0,0.0,0.0,0.0,0.0,0.0,0.002,0.998,0.051745274115364996,1879,0.00020674112252994212,7.154276778672905e-08,4.526922484768381e-05,16,20,False,0.995,0.005,0.66,fixed,100,none,89088af6-702d-46f1-85f7-fa99660871db
285,28700,18.20890522003174,1.0,1.0,1.0,0.9960959999999999,0.0,0.0,0.0,0.0,0.0,0.0,0.0,0.0,0.0,0.0,0.0,0.0,0.0,0.0,0.002,0.998,0.051745274115364996,1879,0.00020692359662380998,7.161968606397594e-08,4.530918304130416e-05,16,20,False,0.995,0.005,0.66,fixed,100,none,89088af6-702d-46f1-85f7-fa99660871db
286,28800,18.22875666618347,1.0,1.0,1.0,0.9960959999999999,0.0,0.0,0.0,0.0,0.0,0.0,0.0,0.0,0.0,0.0,0.0,0.0,0.0,0.0,0.002,0.998,0.052128304705603576,1878,0.00020680597883696646,7.179175374846768e-08,4.528346920062417e-05,16,20,False,0.995,0.005,0.66,fixed,100,none,89088af6-702d-46f1-85f7-fa99660871db
287,28900,18.24864673614502,1.0,1.0,1.0,0.9960959999999999,0.0,0.0,0.0,0.0,0.0,0.0,0.0,0.0,0.0,0.0,0.0,0.0,0.0,0.0,0.002,0.998,0.052128304705603576,1878,0.00020663528394942454,7.189140144174256e-08,4.5246123022802964e-05,16,20,False,0.995,0.005,0.66,fixed,100,none,89088af6-702d-46f1-85f7-fa99660871db
288,29000,18.268415212631226,1.0,1.0,1.0,0.9960959999999999,0.0,0.0,0.0,0.0,0.0,0.0,0.0,0.0,0.0,0.0,0.0,0.0,0.0,0.0,0.002,0.998,0.052128304705603576,1878,0.00020683790426076818,7.204781857958656e-08,4.5290506328212276e-05,16,20,False,0.995,0.005,0.66,fixed,100,none,89088af6-702d-46f1-85f7-fa99660871db
289,29100,18.288331985473633,1.0,1.0,1.0,0.9960959999999999,0.0,0.0,0.0,0.0,0.0,0.0,0.0,0.0,0.0,0.0,0.0,0.0,0.0,0.0,0.002,0.998,0.052128304705603576,1878,0.00020770395676767594,7.217973807128554e-08,4.548011028667781e-05,16,20,False,0.995,0.005,0.66,fixed,100,none,89088af6-702d-46f1-85f7-fa99660871db
290,29200,18.308194160461426,1.0,1.0,1.0,0.9960959999999999,0.0,0.0,0.0,0.0,0.0,0.0,0.0,0.0,0.0,0.0,0.0,0.0,0.0,0.0,0.002,0.998,0.052128304705603576,1878,0.00020822541162600686,7.238745359466984e-08,4.559429622111589e-05,16,20,False,0.995,0.005,0.66,fixed,100,none,89088af6-702d-46f1-85f7-fa99660871db
291,29300,18.328152894973755,1.0,1.0,1.0,0.9960959999999999,0.0,0.0,0.0,0.0,0.0,0.0,0.0,0.0,0.0,0.0,0.0,0.0,0.0,0.0,0.002,0.998,0.052128304705603576,1878,0.00020766496423892558,7.243931626607774e-08,4.547162414199137e-05,16,20,False,0.995,0.005,0.66,fixed,100,none,89088af6-702d-46f1-85f7-fa99660871db
292,29500,18.348011255264282,1.0,1.0,1.0,0.9960959999999999,0.0,0.0,0.0,0.0,0.0,0.0,0.0,0.0,0.0,0.0,0.0,0.0,0.0,0.0,0.002,0.998,0.051745274115364996,1879,0.00021123511318907586,7.421951305880049e-08,4.625346798456988e-05,16,20,False,0.995,0.005,0.66,fixed,100,none,89088af6-702d-46f1-85f7-fa99660871db
293,29600,18.368126392364502,1.0,1.0,1.0,0.9960959999999999,0.0,0.0,0.0,0.0,0.0,0.0,0.0,0.0,0.0,0.0,0.0,0.0,0.0,0.0,0.002,0.998,0.051745274115364996,1879,0.000210976338500354,7.45817493523935e-08,4.6196891030104446e-05,16,20,False,0.995,0.005,0.66,fixed,100,none,89088af6-702d-46f1-85f7-fa99660871db
294,29700,18.388293266296387,1.0,1.0,1.0,0.9960959999999999,0.0,0.0,0.0,0.0,0.0,0.0,0.0,0.0,0.0,0.0,0.0,0.0,0.0,0.0,0.002,0.998,0.051745274115364996,1879,0.00021180847766650156,7.478940699535833e-08,4.637908574852631e-05,16,20,False,0.995,0.005,0.66,fixed,100,none,89088af6-702d-46f1-85f7-fa99660871db
295,29800,18.408543825149536,1.0,1.0,1.0,0.9960959999999999,0.0,0.0,0.0,0.0,0.0,0.0,0.0,0.0,0.0,0.0,0.0,0.0,0.0,0.0,0.002,0.998,0.051745274115364996,1879,0.00021125472280134145,7.464633835120486e-08,4.625784162550037e-05,16,20,False,0.995,0.005,0.66,fixed,100,none,89088af6-702d-46f1-85f7-fa99660871db
296,29900,18.42853283882141,1.0,1.0,1.0,0.9960959999999999,0.0,0.0,0.0,0.0,0.0,0.0,0.0,0.0,0.0,0.0,0.0,0.0,0.0,0.0,0.002,0.998,0.051745274115364996,1879,0.00021110511229613927,7.476829431574537e-08,4.6225115057544884e-05,16,20,False,0.995,0.005,0.66,fixed,100,none,89088af6-702d-46f1-85f7-fa99660871db
297,30000,18.44861149787903,1.0,1.0,1.0,0.9960959999999999,0.0,0.0,0.0,0.0,0.0,0.0,0.0,0.0,0.0,0.0,0.0,0.0,0.0,0.0,0.002,0.998,0.051745274115364996,1879,0.00021034659920436617,7.445900854452239e-08,4.605901777745921e-05,16,20,False,0.995,0.005,0.66,fixed,100,none,89088af6-702d-46f1-85f7-fa99660871db
298,30200,18.46889853477478,1.0,1.0,1.0,0.9960959999999999,0.0,0.0,0.0,0.0,0.0,0.0,0.0,0.0,0.0,0.0,0.0,0.0,0.0,0.0,0.002,0.998,0.052128304705603576,1878,0.00021184728715759472,7.501615325772092e-08,4.6387624227916456e-05,16,20,False,0.995,0.005,0.66,fixed,100,none,89088af6-702d-46f1-85f7-fa99660871db
299,30300,18.488824605941772,1.0,1.0,1.0,0.9960959999999999,0.0,0.0,0.0,0.0,0.0,0.0,0.0,0.0,0.0,0.0,0.0,0.0,0.0,0.0,0.002,0.998,0.052128304705603576,1878,0.00021128665194334952,7.491704798055244e-08,4.626488234951552e-05,16,20,False,0.995,0.005,0.66,fixed,100,none,89088af6-702d-46f1-85f7-fa99660871db
300,30400,18.508697748184204,1.0,1.0,1.0,0.9960959999999999,0.0,0.0,0.0,0.0,0.0,0.0,0.0,0.0,0.0,0.0,0.0,0.0,0.0,0.0,0.002,0.998,0.052128304705603576,1878,0.00021236639728252648,7.58695973529187e-08,4.6501419588642105e-05,16,20,False,0.995,0.005,0.66,fixed,100,none,89088af6-702d-46f1-85f7-fa99660871db
301,30500,18.528577089309692,1.0,1.0,1.0,0.9960959999999999,0.0,0.0,0.0,0.0,0.0,0.0,0.0,0.0,0.0,0.0,0.0,0.0,0.0,0.0,0.002,0.998,0.052128304705603576,1878,0.00021337132783096362,7.674391566792551e-08,4.6721565006174844e-05,16,20,False,0.995,0.005,0.66,fixed,100,none,89088af6-702d-46f1-85f7-fa99660871db
302,30600,18.548357486724854,1.0,1.0,1.0,0.9960959999999999,0.0,0.0,0.0,0.0,0.0,0.0,0.0,0.0,0.0,0.0,0.0,0.0,0.0,0.0,0.002,0.998,0.052128304705603576,1878,0.0002138820747914227,7.716576158128025e-08,4.683344766654288e-05,16,20,False,0.995,0.005,0.66,fixed,100,none,89088af6-702d-46f1-85f7-fa99660871db
303,30700,18.56833291053772,1.0,1.0,1.0,0.9960959999999999,0.0,0.0,0.0,0.0,0.0,0.0,0.0,0.0,0.0,0.0,0.0,0.0,0.0,0.0,0.002,0.998,0.05251033128381009,1877,0.00021471048146210904,7.737234219801069e-08,4.701482513707329e-05,16,20,False,0.995,0.005,0.66,fixed,100,none,89088af6-702d-46f1-85f7-fa99660871db
304,30800,18.588244915008545,1.0,1.0,1.0,0.9960959999999999,0.0,0.0,0.0,0.0,0.0,0.0,0.0,0.0,0.0,0.0,0.0,0.0,0.0,0.0,0.002,0.998,0.052128304705603576,1878,0.00021621665044743602,7.792068616570783e-08,4.734462971331523e-05,16,20,False,0.995,0.005,0.66,fixed,100,none,89088af6-702d-46f1-85f7-fa99660871db
305,30900,18.608131408691406,1.0,1.0,1.0,0.9960959999999999,0.0,0.0,0.0,0.0,0.0,0.0,0.0,0.0,0.0,0.0,0.0,0.0,0.0,0.0,0.002,0.998,0.051745274115364996,1879,0.00021668272355582376,7.8613901487902e-08,4.744678482765252e-05,16,20,False,0.995,0.005,0.66,fixed,100,none,89088af6-702d-46f1-85f7-fa99660871db
306,31000,18.62802028656006,1.0,1.0,1.0,0.9960959999999999,0.0,0.0,0.0,0.0,0.0,0.0,0.0,0.0,0.0,0.0,0.0,0.0,0.0,0.0,0.002,0.998,0.051745274115364996,1879,0.00021915662492120547,8.013455508505113e-08,4.798861076071804e-05,16,20,False,0.995,0.005,0.66,fixed,100,none,89088af6-702d-46f1-85f7-fa99660871db
307,31100,18.647830486297607,1.0,1.0,1.0,0.9960959999999999,0.0,0.0,0.0,0.0,0.0,0.0,0.0,0.0,0.0,0.0,0.0,0.0,0.0,0.0,0.002,0.998,0.051745274115364996,1879,0.00021738936945977266,7.894314560135934e-08,4.760153217240849e-05,16,20,False,0.995,0.005,0.66,fixed,100,none,89088af6-702d-46f1-85f7-fa99660871db
308,31200,18.667782068252563,1.0,1.0,1.0,0.9960959999999999,0.0,0.0,0.0,0.0,0.0,0.0,0.0,0.0,0.0,0.0,0.0,0.0,0.0,0.0,0.002,0.998,0.051745274115364996,1879,0.00021751489670729376,7.909367177131909e-08,4.762903868686316e-05,16,20,False,0.995,0.005,0.66,fixed,100,none,89088af6-702d-46f1-85f7-fa99660871db
309,31300,18.687719583511353,1.0,1.0,1.0,0.9960959999999999,0.0,0.0,0.0,0.0,0.0,0.0,0.0,0.0,0.0,0.0,0.0,0.0,0.0,0.0,0.002,0.998,0.051745274115364996,1879,0.0002185319565805804,7.941692531931023e-08,4.7851734511299723e-05,16,20,False,0.995,0.005,0.66,fixed,100,none,89088af6-702d-46f1-85f7-fa99660871db
310,31400,18.70750856399536,1.0,1.0,1.0,0.9960959999999999,0.0,0.0,0.0,0.0,0.0,0.0,0.0,0.0,0.0,0.0,0.0,0.0,0.0,0.0,0.002,0.998,0.051745274115364996,1879,0.0002181730450815497,7.915830577598681e-08,4.777311964644867e-05,16,20,False,0.995,0.005,0.66,fixed,100,none,89088af6-702d-46f1-85f7-fa99660871db
311,31500,18.727300882339478,1.0,1.0,1.0,0.9960959999999999,0.0,0.0,0.0,0.0,0.0,0.0,0.0,0.0,0.0,0.0,0.0,0.0,0.0,0.0,0.002,0.998,0.051745274115364996,1879,0.0002180764949405704,7.926551882402776e-08,4.7752005191067424e-05,16,20,False,0.995,0.005,0.66,fixed,100,none,89088af6-702d-46f1-85f7-fa99660871db
312,31600,18.750991344451904,1.0,1.0,1.0,0.9960959999999999,0.0,0.0,0.0,0.0,0.0,0.0,0.0,0.0,0.0,0.0,0.0,0.0,0.0,0.0,0.002,0.998,0.051745274115364996,1879,0.0002180764949405704,7.926551882402776e-08,4.7752005191067424e-05,16,20,False,0.995,0.005,0.66,fixed,100,none,89088af6-702d-46f1-85f7-fa99660871db
313,31700,18.77115035057068,1.0,1.0,1.0,0.9960959999999999,0.0,0.0,0.0,0.0,0.0,0.0,0.0,0.0,0.0,0.0,0.0,0.0,0.0,0.0,0.002,0.998,0.051745274115364996,1879,0.00022006213515587156,8.053366999494588e-08,4.8186902782919326e-05,16,20,False,0.995,0.005,0.66,fixed,100,none,89088af6-702d-46f1-85f7-fa99660871db
314,31800,18.791330337524414,1.0,1.0,1.0,0.9960959999999999,0.0,0.0,0.0,0.0,0.0,0.0,0.0,0.0,0.0,0.0,0.0,0.0,0.0,0.0,0.002,0.998,0.051745274115364996,1879,0.00022055112390294163,8.095192880517192e-08,4.829402188882691e-05,16,20,False,0.995,0.005,0.66,fixed,100,none,89088af6-702d-46f1-85f7-fa99660871db
315,32000,18.811500787734985,1.0,1.0,1.0,0.9960959999999999,0.0,0.0,0.0,0.0,0.0,0.0,0.0,0.0,0.0,0.0,0.0,0.0,0.0,0.0,0.002,0.998,0.052128304705603576,1878,0.0002216127482371223,8.10500533851234e-08,4.852643009924925e-05,16,20,False,0.995,0.005,0.66,fixed,100,none,89088af6-702d-46f1-85f7-fa99660871db
316,32100,18.831486225128174,1.0,1.0,1.0,0.9960959999999999,0.0,0.0,0.0,0.0,0.0,0.0,0.0,0.0,0.0,0.0,0.0,0.0,0.0,0.0,0.002,0.998,0.052128304705603576,1878,0.0002224606194511466,8.151181850734546e-08,4.871211684337239e-05,16,20,False,0.995,0.005,0.66,fixed,100,none,89088af6-702d-46f1-85f7-fa99660871db
317,32200,18.85133934020996,1.0,1.0,1.0,0.9960959999999999,0.0,0.0,0.0,0.0,0.0,0.0,0.0,0.0,0.0,0.0,0.0,0.0,0.0,0.0,0.002,0.998,0.052128304705603576,1878,0.00022234645224657095,8.14266416571068e-08,4.8687109458689234e-05,16,20,False,0.995,0.005,0.66,fixed,100,none,89088af6-702d-46f1-85f7-fa99660871db
318,32300,18.871182918548584,1.0,1.0,1.0,0.9960959999999999,0.0,0.0,0.0,0.0,0.0,0.0,0.0,0.0,0.0,0.0,0.0,0.0,0.0,0.0,0.002,0.998,0.052128304705603576,1878,0.0002226683751964446,8.18552833684696e-08,4.8757659834341734e-05,16,20,False,0.995,0.005,0.66,fixed,100,none,89088af6-702d-46f1-85f7-fa99660871db
319,32400,18.891242027282715,1.0,1.0,1.0,0.9960959999999999,0.0,0.0,0.0,0.0,0.0,0.0,0.0,0.0,0.0,0.0,0.0,0.0,0.0,0.0,0.002,0.998,0.052128304705603576,1878,0.00022110469411668434,8.126774083292792e-08,4.8415258412900456e-05,16,20,False,0.995,0.005,0.66,fixed,100,none,89088af6-702d-46f1-85f7-fa99660871db
320,32500,18.91126537322998,1.0,1.0,1.0,0.9960959999999999,0.0,0.0,0.0,0.0,0.0,0.0,0.0,0.0,0.0,0.0,0.0,0.0,0.0,0.0,0.002,0.998,0.052510331283810094,1877,0.00022002108034544843,8.11717761108832e-08,4.817803712507973e-05,16,20,False,0.995,0.005,0.66,fixed,100,none,89088af6-702d-46f1-85f7-fa99660871db
321,32600,18.931251525878906,1.0,1.0,1.0,0.9960959999999999,0.0,0.0,0.0,0.0,0.0,0.0,0.0,0.0,0.0,0.0,0.0,0.0,0.0,0.0,0.002,0.998,0.052128304705603576,1878,0.00022018036988991036,8.133017015667072e-08,4.821293570123115e-05,16,20,False,0.995,0.005,0.66,fixed,100,none,89088af6-702d-46f1-85f7-fa99660871db
322,32800,18.951050996780396,1.0,1.0,1.0,0.9960959999999999,0.0,0.0,0.0,0.0,0.0,0.0,0.0,0.0,0.0,0.0,0.0,0.0,0.0,0.0,0.002,0.998,0.052510331283810094,1877,0.000219828887030445,8.139093996856093e-08,4.813600764955844e-05,16,20,False,0.995,0.005,0.66,fixed,100,none,89088af6-702d-46f1-85f7-fa99660871db
323,32900,18.971060752868652,1.0,1.0,1.0,0.9960959999999999,0.0,0.0,0.0,0.0,0.0,0.0,0.0,0.0,0.0,0.0,0.0,0.0,0.0,0.0,0.002,0.998,0.052510331283810094,1877,0.00022004999255170667,8.123580759787879e-08,4.8184378173012184e-05,16,20,False,0.995,0.005,0.66,fixed,100,none,89088af6-702d-46f1-85f7-fa99660871db
324,33000,18.990917205810547,1.0,1.0,1.0,0.9960959999999999,0.0,0.0,0.0,0.0,0.0,0.0,0.0,0.0,0.0,0.0,0.0,0.0,0.0,0.0,0.002,0.998,0.052128304705603576,1878,0.00021908423218118222,8.022382858610101e-08,4.7972780951892144e-05,16,20,False,0.995,0.005,0.66,fixed,100,none,89088af6-702d-46f1-85f7-fa99660871db
325,33100,19.010730028152466,1.0,1.0,1.0,0.9960959999999999,0.0,0.0,0.0,0.0,0.0,0.0,0.0,0.0,0.0,0.0,0.0,0.0,0.0,0.0,0.002,0.998,0.052128304705603576,1878,0.00021942359080651458,8.055093367710619e-08,4.8047128704944694e-05,16,20,False,0.995,0.005,0.66,fixed,100,none,89088af6-702d-46f1-85f7-fa99660871db
326,33200,19.030773878097534,1.0,1.0,1.0,0.9960959999999999,0.0,0.0,0.0,0.0,0.0,0.0,0.0,0.0,0.0,0.0,0.0,0.0,0.0,0.0,0.002,0.998,0.05251033128381009,1877,0.00021972693305734886,8.080501802912752e-08,4.81135785996792e-05,16,20,False,0.995,0.005,0.66,fixed,100,none,89088af6-702d-46f1-85f7-fa99660871db
327,33300,19.050729990005493,1.0,1.0,1.0,0.9960959999999999,0.0,0.0,0.0,0.0,0.0,0.0,0.0,0.0,0.0,0.0,0.0,0.0,0.0,0.0,0.002,0.998,0.05251033128381009,1877,0.00021975492567499202,8.062020860007386e-08,4.8119671069889766e-05,16,20,False,0.995,0.005,0.66,fixed,100,none,89088af6-702d-46f1-85f7-fa99660871db
328,33400,19.07079291343689,1.0,1.0,1.0,0.9960959999999999,0.0,0.0,0.0,0.0,0.0,0.0,0.0,0.0,0.0,0.0,0.0,0.0,0.0,0.0,0.002,0.998,0.05251033128381009,1877,0.0002194226414221241,8.053327703767402e-08,4.804691752994012e-05,16,20,False,0.995,0.005,0.66,fixed,100,none,89088af6-702d-46f1-85f7-fa99660871db
329,33500,19.090819835662842,1.0,1.0,1.0,0.9960959999999999,0.0,0.0,0.0,0.0,0.0,0.0,0.0,0.0,0.0,0.0,0.0,0.0,0.0,0.0,0.002,0.998,0.052128304705603576,1878,0.00021869344058004665,8.04586026722081e-08,4.788728127747993e-05,16,20,False,0.995,0.005,0.66,fixed,100,none,89088af6-702d-46f1-85f7-fa99660871db
330,33600,19.111092805862427,1.0,1.0,1.0,0.9960959999999999,0.0,0.0,0.0,0.0,0.0,0.0,0.0,0.0,0.0,0.0,0.0,0.0,0.0,0.0,0.002,0.998,0.052128304705603576,1878,0.00021869344058004665,8.04586026722081e-08,4.788728127747993e-05,16,20,False,0.995,0.005,0.66,fixed,100,none,89088af6-702d-46f1-85f7-fa99660871db
331,33700,19.131757736206055,1.0,1.0,1.0,0.9960959999999999,0.0,0.0,0.0,0.0,0.0,0.0,0.0,0.0,0.0,0.0,0.0,0.0,0.0,0.0,0.002,0.998,0.05251033128381009,1877,0.00021972750534789858,8.08556568850912e-08,4.811371349546317e-05,16,20,False,0.995,0.005,0.66,fixed,100,none,89088af6-702d-46f1-85f7-fa99660871db
332,33900,19.151880025863647,1.0,1.0,1.0,0.9960959999999999,0.0,0.0,0.0,0.0,0.0,0.0,0.0,0.0,0.0,0.0,0.0,0.0,0.0,0.0,0.002,0.998,0.052128304705603576,1878,0.00022532984441866316,8.41923258700523e-08,4.934069948516068e-05,16,20,False,0.995,0.005,0.66,fixed,100,none,89088af6-702d-46f1-85f7-fa99660871db
333,34000,19.172053337097168,1.0,1.0,1.0,0.9960959999999999,0.0,0.0,0.0,0.0,0.0,0.0,0.0,0.0,0.0,0.0,0.0,0.0,0.0,0.0,0.002,0.998,0.052128304705603576,1878,0.00022521114806721876,8.436212464702693e-08,4.9314749115597125e-05,16,20,False,0.995,0.005,0.66,fixed,100,none,89088af6-702d-46f1-85f7-fa99660871db
334,34200,19.19224452972412,1.0,1.0,1.0,0.9960959999999999,0.0,0.0,0.0,0.0,0.0,0.0,0.0,0.0,0.0,0.0,0.0,0.0,0.0,0.0,0.002,0.998,0.052128304705603576,1878,0.00022718197547328303,8.623391162725066e-08,4.9746518874310835e-05,16,20,False,0.995,0.005,0.66,fixed,100,none,89088af6-702d-46f1-85f7-fa99660871db
335,34300,19.21228003501892,1.0,1.0,1.0,0.9960959999999999,0.0,0.0,0.0,0.0,0.0,0.0,0.0,0.0,0.0,0.0,0.0,0.0,0.0,0.0,0.002,0.998,0.052128304705603576,1878,0.00022919612355605168,8.703269829003641e-08,5.0187567659094825e-05,16,20,False,0.995,0.005,0.66,fixed,100,none,89088af6-702d-46f1-85f7-fa99660871db
336,34400,19.23202919960022,1.0,1.0,1.0,0.9960959999999999,0.0,0.0,0.0,0.0,0.0,0.0,0.0,0.0,0.0,0.0,0.0,0.0,0.0,0.0,0.002,0.998,0.052128304705603576,1878,0.0002297785430850944,8.734067313950993e-08,5.0315117809223675e-05,16,20,False,0.995,0.005,0.66,fixed,100,none,89088af6-702d-46f1-85f7-fa99660871db
337,34500,19.25203013420105,1.0,1.0,1.0,0.9960959999999999,0.0,0.0,0.0,0.0,0.0,0.0,0.0,0.0,0.0,0.0,0.0,0.0,0.0,0.0,0.002,0.998,0.052128304705603576,1878,0.00022902359221649272,8.72659722470928e-08,5.01498448709172e-05,16,20,False,0.995,0.005,0.66,fixed,100,none,89088af6-702d-46f1-85f7-fa99660871db
338,34600,19.272037267684937,1.0,1.0,1.0,0.9960959999999999,0.0,0.0,0.0,0.0,0.0,0.0,0.0,0.0,0.0,0.0,0.0,0.0,0.0,0.0,0.002,0.998,0.052128304705603576,1878,0.0002286247133888377,8.682260511440066e-08,5.006244605578831e-05,16,20,False,0.995,0.005,0.66,fixed,100,none,89088af6-702d-46f1-85f7-fa99660871db
339,34700,19.291892290115356,1.0,1.0,1.0,0.9960959999999999,0.0,0.0,0.0,0.0,0.0,0.0,0.0,0.0,0.0,0.0,0.0,0.0,0.0,0.0,0.002,0.998,0.052128304705603576,1878,0.00022936007837366185,8.68470006124326e-08,5.0223422086110946e-05,16,20,False,0.995,0.005,0.66,fixed,100,none,89088af6-702d-46f1-85f7-fa99660871db
340,34800,19.31172204017639,1.0,1.0,1.0,0.9960959999999999,0.0,0.0,0.0,0.0,0.0,0.0,0.0,0.0,0.0,0.0,0.0,0.0,0.0,0.0,0.002,0.998,0.052128304705603576,1878,0.00022852644643213928,8.67233229421537e-08,5.00409165553543e-05,16,20,False,0.995,0.005,0.66,fixed,100,none,89088af6-702d-46f1-85f7-fa99660871db
341,35000,19.33169150352478,1.0,1.0,1.0,0.9960959999999999,0.0,0.0,0.0,0.0,0.0,0.0,0.0,0.0,0.0,0.0,0.0,0.0,0.0,0.0,0.002,0.998,0.052128304705603576,1878,0.000230473411221083,8.792771557553385e-08,5.0467335982254425e-05,16,20,False,0.995,0.005,0.66,fixed,100,none,89088af6-702d-46f1-85f7-fa99660871db
342,35100,19.3516583442688,1.0,1.0,1.0,0.9960959999999999,0.0,0.0,0.0,0.0,0.0,0.0,0.0,0.0,0.0,0.0,0.0,0.0,0.0,0.0,0.002,0.998,0.052128304705603576,1878,0.00022957006640120215,8.765129425008072e-08,5.0269541281130665e-05,16,20,False,0.995,0.005,0.66,fixed,100,none,89088af6-702d-46f1-85f7-fa99660871db
343,35300,19.371586799621582,1.0,1.0,1.0,0.9960959999999999,0.0,0.0,0.0,0.0,0.0,0.0,0.0,0.0,0.0,0.0,0.0,0.0,0.0,0.0,0.002,0.998,0.052128304705603576,1878,0.00022945682703559006,8.804798811605315e-08,5.024482855583271e-05,16,20,False,0.995,0.005,0.66,fixed,100,none,89088af6-702d-46f1-85f7-fa99660871db
344,35400,19.391494512557983,1.0,1.0,1.0,0.9960959999999999,0.0,0.0,0.0,0.0,0.0,0.0,0.0,0.0,0.0,0.0,0.0,0.0,0.0,0.0,0.002,0.998,0.052128304705603576,1878,0.00022990682711367252,8.846070677711443e-08,5.034341198947057e-05,16,20,False,0.995,0.005,0.66,fixed,100,none,89088af6-702d-46f1-85f7-fa99660871db
345,35600,19.411500215530396,1.0,1.0,1.0,0.9960959999999999,0.0,0.0,0.0,0.0,0.0,0.0,0.0,0.0,0.0,0.0,0.0,0.0,0.0,0.0,0.002,0.998,0.052128304705603576,1878,0.00023133660121821197,8.897984350545859e-08,5.065648817693264e-05,16,20,False,0.995,0.005,0.66,fixed,100,none,89088af6-702d-46f1-85f7-fa99660871db
346,35700,19.431502103805542,1.0,1.0,1.0,0.9960959999999999,0.0,0.0,0.0,0.0,0.0,0.0,0.0,0.0,0.0,0.0,0.0,0.0,0.0,0.0,0.002,0.998,0.052128304705603576,1878,0.00023203000175642371,8.934145994633383e-08,5.080834226187096e-05,16,20,False,0.995,0.005,0.66,fixed,100,none,89088af6-702d-46f1-85f7-fa99660871db
347,35800,19.451762914657593,1.0,1.0,1.0,0.9960959999999999,0.0,0.0,0.0,0.0,0.0,0.0,0.0,0.0,0.0,0.0,0.0,0.0,0.0,0.0,0.002,0.998,0.052128304705603576,1878,0.00023241541722309408,8.964260820144284e-08,5.089276692569357e-05,16,20,False,0.995,0.005,0.66,fixed,100,none,89088af6-702d-46f1-85f7-fa99660871db
348,35900,19.472043991088867,1.0,1.0,1.0,0.9960959999999999,0.0,0.0,0.0,0.0,0.0,0.0,0.0,0.0,0.0,0.0,0.0,0.0,0.0,0.0,0.002,0.998,0.052128304705603576,1878,0.00023252168025298422,8.977867582803185e-08,5.0916053755785574e-05,16,20,False,0.995,0.005,0.66,fixed,100,none,89088af6-702d-46f1-85f7-fa99660871db
349,36000,19.492257356643677,1.0,1.0,1.0,0.9960959999999999,0.0,0.0,0.0,0.0,0.0,0.0,0.0,0.0,0.0,0.0,0.0,0.0,0.0,0.0,0.002,0.998,0.052128304705603576,1878,0.0002340431745366066,9.05281539694404e-08,5.124925125531738e-05,16,20,False,0.995,0.005,0.66,fixed,100,none,89088af6-702d-46f1-85f7-fa99660871db
350,36100,19.5121648311615,1.0,1.0,1.0,0.9960959999999999,0.0,0.0,0.0,0.0,0.0,0.0,0.0,0.0,0.0,0.0,0.0,0.0,0.0,0.0,0.002,0.998,0.051745274115364996,1879,0.0002336135822850261,9.047487511136938e-08,5.115520338846338e-05,16,20,False,0.995,0.005,0.66,fixed,100,none,89088af6-702d-46f1-85f7-fa99660871db
351,36200,19.53205680847168,1.0,1.0,1.0,0.9960959999999999,0.0,0.0,0.0,0.0,0.0,0.0,0.0,0.0,0.0,0.0,0.0,0.0,0.0,0.0,0.002,0.998,0.051745274115364996,1879,0.0002336135822850261,9.047487511136938e-08,5.115520338846338e-05,16,20,False,0.995,0.005,0.66,fixed,100,none,89088af6-702d-46f1-85f7-fa99660871db
352,36300,19.55190682411194,1.0,1.0,1.0,0.9960959999999999,0.0,0.0,0.0,0.0,0.0,0.0,0.0,0.0,0.0,0.0,0.0,0.0,0.0,0.0,0.002,0.998,0.051745274115364996,1879,0.00023426773542368237,9.081901792463711e-08,5.129846289764976e-05,16,20,False,0.995,0.005,0.66,fixed,100,none,89088af6-702d-46f1-85f7-fa99660871db
353,36400,19.571845293045044,1.0,1.0,1.0,0.9960959999999999,0.0,0.0,0.0,0.0,0.0,0.0,0.0,0.0,0.0,0.0,0.0,0.0,0.0,0.0,0.002,0.998,0.05251033128381009,1877,0.00023554394658864368,9.136493903632163e-08,5.157792924667101e-05,16,20,False,0.995,0.005,0.66,fixed,100,none,89088af6-702d-46f1-85f7-fa99660871db
354,36500,19.59190821647644,1.0,1.0,1.0,0.9960959999999999,0.0,0.0,0.0,0.0,0.0,0.0,0.0,0.0,0.0,0.0,0.0,0.0,0.0,0.0,0.002,0.998,0.05251033128381009,1877,0.00023547680343344673,9.141820615857942e-08,5.156324173075162e-05,16,20,False,0.995,0.005,0.66,fixed,100,none,89088af6-702d-46f1-85f7-fa99660871db
355,36600,19.611980438232422,1.0,1.0,1.0,0.9960959999999999,0.0,0.0,0.0,0.0,0.0,0.0,0.0,0.0,0.0,0.0,0.0,0.0,0.0,0.0,0.002,0.998,0.05251033128381009,1877,0.00023509635884361394,9.173374419199966e-08,5.148002236226357e-05,16,20,False,0.995,0.005,0.66,fixed,100,none,89088af6-702d-46f1-85f7-fa99660871db
356,36800,19.631839275360107,1.0,1.0,1.0,0.9960959999999999,0.0,0.0,0.0,0.0,0.0,0.0,0.0,0.0,0.0,0.0,0.0,0.0,0.0,0.0,0.002,0.998,0.052128304705603576,1878,0.0002335374136111127,9.05524343222576e-08,5.11385448019938e-05,16,20,False,0.995,0.005,0.66,fixed,100,none,89088af6-702d-46f1-85f7-fa99660871db
357,36900,19.651659727096558,1.0,1.0,1.0,0.9960959999999999,0.0,0.0,0.0,0.0,0.0,0.0,0.0,0.0,0.0,0.0,0.0,0.0,0.0,0.0,0.002,0.998,0.05251033128381009,1877,0.0002329198531668406,9.027202173841026e-08,5.100330754235171e-05,16,20,False,0.995,0.005,0.66,fixed,100,none,89088af6-702d-46f1-85f7-fa99660871db
358,37100,19.67154097557068,1.0,1.0,1.0,0.9960959999999999,0.0,0.0,0.0,0.0,0.0,0.0,0.0,0.0,0.0,0.0,0.0,0.0,0.0,0.0,0.002,0.998,0.051745274115364996,1879,0.0002339616379227667,9.05967211937907e-08,5.123141591832045e-05,16,20,False,0.995,0.005,0.66,fixed,100,none,89088af6-702d-46f1-85f7-fa99660871db
359,37200,19.691380739212036,1.0,1.0,1.0,0.9960959999999999,0.0,0.0,0.0,0.0,0.0,0.0,0.0,0.0,0.0,0.0,0.0,0.0,0.0,0.0,0.002,0.998,0.051745274115364996,1879,0.00023269644333553065,9.052546749620536e-08,5.095445128497194e-05,16,20,False,0.995,0.005,0.66,fixed,100,none,89088af6-702d-46f1-85f7-fa99660871db
360,37400,19.711135387420654,1.0,1.0,1.0,0.9960959999999999,0.0,0.0,0.0,0.0,0.0,0.0,0.0,0.0,0.0,0.0,0.0,0.0,0.0,0.0,0.002,0.998,0.051745274115364996,1879,0.00023252708799777655,9.064073608615838e-08,5.091740130256966e-05,16,20,False,0.995,0.005,0.66,fixed,100,none,89088af6-702d-46f1-85f7-fa99660871db
361,37500,19.730836629867554,1.0,1.0,1.0,0.9960959999999999,0.0,0.0,0.0,0.0,0.0,0.0,0.0,0.0,0.0,0.0,0.0,0.0,0.0,0.0,0.002,0.998,0.051745274115364996,1879,0.00023401194033543255,9.177168766445182e-08,5.1242650360082433e-05,16,20,False,0.995,0.005,0.66,fixed,100,none,89088af6-702d-46f1-85f7-fa99660871db
362,37600,19.75067138671875,1.0,1.0,1.0,0.9960959999999999,0.0,0.0,0.0,0.0,0.0,0.0,0.0,0.0,0.0,0.0,0.0,0.0,0.0,0.0,0.002,0.998,0.052128304705603576,1878,0.00023421715009627934,9.129430960471951e-08,5.128748007490045e-05,16,20,False,0.995,0.005,0.66,fixed,100,none,89088af6-702d-46f1-85f7-fa99660871db
363,37700,19.77061939239502,1.0,1.0,1.0,0.9960959999999999,0.0,0.0,0.0,0.0,0.0,0.0,0.0,0.0,0.0,0.0,0.0,0.0,0.0,0.0,0.002,0.998,0.052128304705603576,1878,0.00023498025158324415,9.201883724179887e-08,5.145466065064809e-05,16,20,False,0.995,0.005,0.66,fixed,100,none,89088af6-702d-46f1-85f7-fa99660871db
364,37800,19.7906436920166,1.0,1.0,1.0,0.9960959999999999,0.0,0.0,0.0,0.0,0.0,0.0,0.0,0.0,0.0,0.0,0.0,0.0,0.0,0.0,0.002,0.998,0.052128304705603576,1878,0.0002327190024919681,9.075633591567845e-08,5.09594333493158e-05,16,20,False,0.995,0.005,0.66,fixed,100,none,89088af6-702d-46f1-85f7-fa99660871db
365,37900,19.8110089302063,1.0,1.0,1.0,0.9960959999999999,0.0,0.0,0.0,0.0,0.0,0.0,0.0,0.0,0.0,0.0,0.0,0.0,0.0,0.0,0.002,0.998,0.052128304705603576,1878,0.0002308839661451242,8.998070490739258e-08,5.055759652310009e-05,16,20,False,0.995,0.005,0.66,fixed,100,none,89088af6-702d-46f1-85f7-fa99660871db
366,38000,19.83116888999939,1.0,1.0,1.0,0.9960959999999999,0.0,0.0,0.0,0.0,0.0,0.0,0.0,0.0,0.0,0.0,0.0,0.0,0.0,0.0,0.002,0.998,0.051745274115364996,1879,0.00023050539808287563,8.929938565851148e-08,5.04745985236166e-05,16,20,False,0.995,0.005,0.66,fixed,100,none,89088af6-702d-46f1-85f7-fa99660871db
367,38100,19.851194858551025,1.0,1.0,1.0,0.9960959999999999,0.0,0.0,0.0,0.0,0.0,0.0,0.0,0.0,0.0,0.0,0.0,0.0,0.0,0.0,0.002,0.998,0.051745274115364996,1879,0.00023050539808287563,8.929938565851148e-08,5.04745985236166e-05,16,20,False,0.995,0.005,0.66,fixed,100,none,89088af6-702d-46f1-85f7-fa99660871db
368,38200,19.871246576309204,1.0,1.0,1.0,0.9960959999999999,0.0,0.0,0.0,0.0,0.0,0.0,0.0,0.0,0.0,0.0,0.0,0.0,0.0,0.0,0.002,0.998,0.051745274115364996,1879,0.00023033140465191914,8.966064500849843e-08,5.043658000085671e-05,16,20,False,0.995,0.005,0.66,fixed,100,none,89088af6-702d-46f1-85f7-fa99660871db
369,38300,19.891143798828125,1.0,1.0,1.0,0.9960959999999999,0.0,0.0,0.0,0.0,0.0,0.0,0.0,0.0,0.0,0.0,0.0,0.0,0.0,0.0,0.002,0.998,0.051745274115364996,1879,0.0002312243205343194,9.001957064498106e-08,5.0632107483385066e-05,16,20,False,0.995,0.005,0.66,fixed,100,none,89088af6-702d-46f1-85f7-fa99660871db
370,38400,19.911044359207153,1.0,1.0,1.0,0.9960959999999999,0.0,0.0,0.0,0.0,0.0,0.0,0.0,0.0,0.0,0.0,0.0,0.0,0.0,0.0,0.002,0.998,0.051745274115364996,1879,0.00023165326707870487,9.005754615556876e-08,5.0726011097298057e-05,16,20,False,0.995,0.005,0.66,fixed,100,none,89088af6-702d-46f1-85f7-fa99660871db
371,38600,19.930891275405884,1.0,1.0,1.0,0.9960959999999999,0.0,0.0,0.0,0.0,0.0,0.0,0.0,0.0,0.0,0.0,0.0,0.0,0.0,0.0,0.002,0.998,0.051745274115364996,1879,0.00023119524845401256,8.939747089500814e-08,5.06256254060534e-05,16,20,False,0.995,0.005,0.66,fixed,100,none,89088af6-702d-46f1-85f7-fa99660871db
372,38700,19.95069193840027,1.0,1.0,1.0,0.9960959999999999,0.0,0.0,0.0,0.0,0.0,0.0,0.0,0.0,0.0,0.0,0.0,0.0,0.0,0.0,0.002,0.998,0.052128304705603576,1878,0.0002316367089180112,9.015251955097003e-08,5.072240456086734e-05,16,20,False,0.995,0.005,0.66,fixed,100,none,89088af6-702d-46f1-85f7-fa99660871db
373,38900,19.9705331325531,1.0,1.0,1.0,0.9960959999999999,0.0,0.0,0.0,0.0,0.0,0.0,0.0,0.0,0.0,0.0,0.0,0.0,0.0,0.0,0.002,0.998,0.052128304705603576,1878,0.0002326835677190386,9.016273270766595e-08,5.095156389291201e-05,16,20,False,0.995,0.005,0.66,fixed,100,none,89088af6-702d-46f1-85f7-fa99660871db
374,39000,19.990299224853516,1.0,1.0,1.0,0.9960959999999999,0.0,0.0,0.0,0.0,0.0,0.0,0.0,0.0,0.0,0.0,0.0,0.0,0.0,0.0,0.002,0.998,0.052128304705603576,1878,0.0002326835677190386,9.016273270766595e-08,5.095156389291201e-05,16,20,False,0.995,0.005,0.66,fixed,100,none,89088af6-702d-46f1-85f7-fa99660871db
375,39100,20.009676694869995,1.0,1.0,1.0,0.9960959999999999,0.0,0.0,0.0,0.0,0.0,0.0,0.0,0.0,0.0,0.0,0.0,0.0,0.0,0.0,0.002,0.998,0.052128304705603576,1878,0.00023552292880733231,9.212706173940956e-08,5.157347325765553e-05,16,20,False,0.995,0.005,0.66,fixed,100,none,89088af6-702d-46f1-85f7-fa99660871db
376,39300,20.029427766799927,1.0,1.0,1.0,0.9960959999999999,0.0,0.0,0.0,0.0,0.0,0.0,0.0,0.0,0.0,0.0,0.0,0.0,0.0,0.0,0.002,0.998,0.052128304705603576,1878,0.00023530246608648682,9.23637998728565e-08,5.152525894830781e-05,16,20,False,0.995,0.005,0.66,fixed,100,none,89088af6-702d-46f1-85f7-fa99660871db
377,39400,20.049213886260986,1.0,1.0,1.0,0.9960959999999999,0.0,0.0,0.0,0.0,0.0,0.0,0.0,0.0,0.0,0.0,0.0,0.0,0.0,0.0,0.002,0.998,0.052128304705603576,1878,0.00023628665033959456,9.332005492416839e-08,5.1740878569772844e-05,16,20,False,0.995,0.005,0.66,fixed,100,none,89088af6-702d-46f1-85f7-fa99660871db
378,39600,20.069026708602905,1.0,1.0,1.0,0.9960959999999999,0.0,0.0,0.0,0.0,0.0,0.0,0.0,0.0,0.0,0.0,0.0,0.0,0.0,0.0,0.002,0.998,0.051745274115364996,1879,0.00023964041997078165,9.494501428436e-08,5.2475327484318134e-05,16,20,False,0.995,0.005,0.66,fixed,100,none,89088af6-702d-46f1-85f7-fa99660871db
379,39700,20.08905816078186,1.0,1.0,1.0,0.9960959999999999,0.0,0.0,0.0,0.0,0.0,0.0,0.0,0.0,0.0,0.0,0.0,0.0,0.0,0.0,0.002,0.998,0.051745274115364996,1879,0.00024147297783477976,9.598743934358378e-08,5.2876672461508576e-05,16,20,False,0.995,0.005,0.66,fixed,100,none,89088af6-702d-46f1-85f7-fa99660871db
380,39900,20.108903646469116,1.0,1.0,1.0,0.9960959999999999,0.0,0.0,0.0,0.0,0.0,0.0,0.0,0.0,0.0,0.0,0.0,0.0,0.0,0.0,0.002,0.998,0.051745274115364996,1879,0.000240420937329573,9.592600515247003e-08,5.26463691224225e-05,16,20,False,0.995,0.005,0.66,fixed,100,none,89088af6-702d-46f1-85f7-fa99660871db
381,40000,20.12885808944702,1.0,1.0,1.0,0.9960959999999999,0.0,0.0,0.0,0.0,0.0,0.0,0.0,0.0,0.0,0.0,0.0,0.0,0.0,0.0,0.002,0.998,0.051745274115364996,1879,0.000241014694602707,9.611568551085728e-08,5.277637862877963e-05,16,20,False,0.995,0.005,0.66,fixed,100,none,89088af6-702d-46f1-85f7-fa99660871db
382,40100,20.148768424987793,1.0,1.0,1.0,0.9960959999999999,0.0,0.0,0.0,0.0,0.0,0.0,0.0,0.0,0.0,0.0,0.0,0.0,0.0,0.0,0.002,0.998,0.051745274115364996,1879,0.00024084062914632792,9.614094315043009e-08,5.2738280499329766e-05,16,20,False,0.995,0.005,0.66,fixed,100,none,89088af6-702d-46f1-85f7-fa99660871db
383,40300,20.16913866996765,1.0,1.0,1.0,0.9960959999999999,0.0,0.0,0.0,0.0,0.0,0.0,0.0,0.0,0.0,0.0,0.0,0.0,0.0,0.0,0.002,0.998,0.051745274115364996,1879,0.00024148110015637586,9.664406364180809e-08,5.287857519632262e-05,16,20,False,0.995,0.005,0.66,fixed,100,none,89088af6-702d-46f1-85f7-fa99660871db
384,40400,20.189561367034912,1.0,1.0,1.0,0.9960959999999999,0.0,0.0,0.0,0.0,0.0,0.0,0.0,0.0,0.0,0.0,0.0,0.0,0.0,0.0,0.002,0.998,0.051745274115364996,1879,0.00024128142178132418,9.649548451747527e-08,5.2834837369990184e-05,16,20,False,0.995,0.005,0.66,fixed,100,none,89088af6-702d-46f1-85f7-fa99660871db
385,40500,20.209426403045654,1.0,1.0,1.0,0.9960959999999999,0.0,0.0,0.0,0.0,0.0,0.0,0.0,0.0,0.0,0.0,0.0,0.0,0.0,0.0,0.002,0.998,0.051745274115364996,1879,0.00024196769370664578,9.777408998128041e-08,5.2985305229481205e-05,16,20,False,0.995,0.005,0.66,fixed,100,none,89088af6-702d-46f1-85f7-fa99660871db
386,40600,20.22903275489807,1.0,1.0,1.0,0.9960959999999999,0.0,0.0,0.0,0.0,0.0,0.0,0.0,0.0,0.0,0.0,0.0,0.0,0.0,0.0,0.002,0.998,0.051745274115364996,1879,0.00024289194393055648,9.783326020782402e-08,5.3187634845838304e-05,16,20,False,0.995,0.005,0.66,fixed,100,none,89088af6-702d-46f1-85f7-fa99660871db
387,40700,20.248859882354736,1.0,1.0,1.0,0.9960959999999999,0.0,0.0,0.0,0.0,0.0,0.0,0.0,0.0,0.0,0.0,0.0,0.0,0.0,0.0,0.002,0.998,0.051745274115364996,1879,0.00024346590428472924,9.771937814750631e-08,5.331325312977526e-05,16,20,False,0.995,0.005,0.66,fixed,100,none,89088af6-702d-46f1-85f7-fa99660871db
388,40800,20.26852059364319,1.0,1.0,1.0,0.9960959999999999,0.0,0.0,0.0,0.0,0.0,0.0,0.0,0.0,0.0,0.0,0.0,0.0,0.0,0.0,0.002,0.998,0.051745274115364996,1879,0.00024441796232387936,9.804687118424331e-08,5.35217208582222e-05,16,20,False,0.995,0.005,0.66,fixed,100,none,89088af6-702d-46f1-85f7-fa99660871db
389,40900,20.288243770599365,1.0,1.0,1.0,0.9960959999999999,0.0,0.0,0.0,0.0,0.0,0.0,0.0,0.0,0.0,0.0,0.0,0.0,0.0,0.0,0.002,0.998,0.051745274115364996,1879,0.00024378156390424843,9.764604945704816e-08,5.3382337088036823e-05,16,20,False,0.995,0.005,0.66,fixed,100,none,89088af6-702d-46f1-85f7-fa99660871db
390,41000,20.307873249053955,1.0,1.0,1.0,0.9960959999999999,0.0,0.0,0.0,0.0,0.0,0.0,0.0,0.0,0.0,0.0,0.0,0.0,0.0,0.0,0.002,0.998,0.051745274115364996,1879,0.00024561112975495723,9.835358999951902e-08,5.378296348546005e-05,16,20,False,0.995,0.005,0.66,fixed,100,none,89088af6-702d-46f1-85f7-fa99660871db
391,41100,20.327531337738037,1.0,1.0,1.0,0.9960959999999999,0.0,0.0,0.0,0.0,0.0,0.0,0.0,0.0,0.0,0.0,0.0,0.0,0.0,0.0,0.002,0.998,0.051745274115364996,1879,0.00024563502817567703,9.873391231949636e-08,5.378826711099641e-05,16,20,False,0.995,0.005,0.66,fixed,100,none,89088af6-702d-46f1-85f7-fa99660871db
392,41200,20.34712290763855,1.0,1.0,1.0,0.9960959999999999,0.0,0.0,0.0,0.0,0.0,0.0,0.0,0.0,0.0,0.0,0.0,0.0,0.0,0.0,0.002,0.998,0.051745274115364996,1879,0.0002459635681421402,9.930499731600233e-08,5.3860293015804534e-05,16,20,False,0.995,0.005,0.66,fixed,100,none,89088af6-702d-46f1-85f7-fa99660871db
393,41300,20.36678385734558,1.0,1.0,1.0,0.9960959999999999,0.0,0.0,0.0,0.0,0.0,0.0,0.0,0.0,0.0,0.0,0.0,0.0,0.0,0.0,0.002,0.998,0.051745274115364996,1879,0.0002445669053786226,9.928403444468951e-08,5.355455955392498e-05,16,20,False,0.995,0.005,0.66,fixed,100,none,89088af6-702d-46f1-85f7-fa99660871db
394,41400,20.386400938034058,1.0,1.0,1.0,0.9960959999999999,0.0,0.0,0.0,0.0,0.0,0.0,0.0,0.0,0.0,0.0,0.0,0.0,0.0,0.0,0.002,0.998,0.051745274115364996,1879,0.0002453626656339974,9.988860433376087e-08,5.3728866342105454e-05,16,20,False,0.995,0.005,0.66,fixed,100,none,89088af6-702d-46f1-85f7-fa99660871db
395,41500,20.40602159500122,1.0,1.0,1.0,0.9960959999999999,0.0,0.0,0.0,0.0,0.0,0.0,0.0,0.0,0.0,0.0,0.0,0.0,0.0,0.0,0.002,0.998,0.051745274115364996,1879,0.00024473844972139986,9.978423590818885e-08,5.359220564883699e-05,16,20,False,0.995,0.005,0.66,fixed,100,none,89088af6-702d-46f1-85f7-fa99660871db
396,41600,20.425567865371704,1.0,1.0,1.0,0.9960959999999999,0.0,0.0,0.0,0.0,0.0,0.0,0.0,0.0,0.0,0.0,0.0,0.0,0.0,0.0,0.002,0.998,0.051745274115364996,1879,0.00024603059294910534,1.0083062907490174e-07,5.387525461608339e-05,16,20,False,0.995,0.005,0.66,fixed,100,none,89088af6-702d-46f1-85f7-fa99660871db
397,41700,20.445586442947388,1.0,1.0,1.0,0.9960959999999999,0.0,0.0,0.0,0.0,0.0,0.0,0.0,0.0,0.0,0.0,0.0,0.0,0.0,0.0,0.002,0.998,0.051745274115364996,1879,0.00024567406426273796,1.011585880601784e-07,5.379727279884478e-05,16,20,False,0.995,0.005,0.66,fixed,100,none,89088af6-702d-46f1-85f7-fa99660871db
398,41800,20.465227603912354,1.0,1.0,1.0,0.9960959999999999,0.0,0.0,0.0,0.0,0.0,0.0,0.0,0.0,0.0,0.0,0.0,0.0,0.0,0.0,0.002,0.998,0.051745274115364996,1879,0.0002460755676746655,1.0153762275592072e-07,5.3885233912307916e-05,16,20,False,0.995,0.005,0.66,fixed,100,none,89088af6-702d-46f1-85f7-fa99660871db
399,41900,20.48477005958557,1.0,1.0,1.0,0.9960959999999999,0.0,0.0,0.0,0.0,0.0,0.0,0.0,0.0,0.0,0.0,0.0,0.0,0.0,0.0,0.002,0.998,0.051745274115364996,1879,0.00024630612588081793,1.0178645656382889e-07,5.393575038205818e-05,16,20,False,0.995,0.005,0.66,fixed,100,none,89088af6-702d-46f1-85f7-fa99660871db
400,42000,20.504521131515503,1.0,1.0,1.0,0.9960959999999999,0.0,0.0,0.0,0.0,0.0,0.0,0.0,0.0,0.0,0.0,0.0,0.0,0.0,0.0,0.002,0.998,0.051745274115364996,1879,0.00024574301401109874,1.0166752720898813e-07,5.381246259719922e-05,16,20,False,0.995,0.005,0.66,fixed,100,none,89088af6-702d-46f1-85f7-fa99660871db
401,42200,20.52419924736023,1.0,1.0,1.0,0.9960959999999999,0.0,0.0,0.0,0.0,0.0,0.0,0.0,0.0,0.0,0.0,0.0,0.0,0.0,0.0,0.002,0.998,0.051745274115364996,1879,0.0002462560562057939,1.0201647757589667e-07,5.392483383418771e-05,16,20,False,0.995,0.005,0.66,fixed,100,none,89088af6-702d-46f1-85f7-fa99660871db
402,42300,20.54377007484436,1.0,1.0,1.0,0.9960959999999999,0.0,0.0,0.0,0.0,0.0,0.0,0.0,0.0,0.0,0.0,0.0,0.0,0.0,0.0,0.002,0.998,0.051745274115364996,1879,0.0002481980635844997,1.0295424664902085e-07,5.43501174255103e-05,16,20,False,0.995,0.005,0.66,fixed,100,none,89088af6-702d-46f1-85f7-fa99660871db
403,42400,20.5633602142334,1.0,1.0,1.0,0.9960959999999999,0.0,0.0,0.0,0.0,0.0,0.0,0.0,0.0,0.0,0.0,0.0,0.0,0.0,0.0,0.002,0.998,0.051745274115364996,1879,0.0002474149848608001,1.0307460909067691e-07,5.417872436175638e-05,16,20,False,0.995,0.005,0.66,fixed,100,none,89088af6-702d-46f1-85f7-fa99660871db
404,42500,20.58296298980713,1.0,1.0,1.0,0.9960959999999999,0.0,0.0,0.0,0.0,0.0,0.0,0.0,0.0,0.0,0.0,0.0,0.0,0.0,0.0,0.002,0.998,0.051745274115364996,1879,0.0002471397061715124,1.0333398706453853e-07,5.4118515138486324e-05,16,20,False,0.995,0.005,0.66,fixed,100,none,89088af6-702d-46f1-85f7-fa99660871db
405,42600,20.602678298950195,1.0,1.0,1.0,0.9960959999999999,0.0,0.0,0.0,0.0,0.0,0.0,0.0,0.0,0.0,0.0,0.0,0.0,0.0,0.0,0.002,0.998,0.051745274115364996,1879,0.00024663985618217534,1.0315290452370362e-07,5.400906357013769e-05,16,20,False,0.995,0.005,0.66,fixed,100,none,89088af6-702d-46f1-85f7-fa99660871db
406,42700,20.622291564941406,1.0,1.0,1.0,0.9960959999999999,0.0,0.0,0.0,0.0,0.0,0.0,0.0,0.0,0.0,0.0,0.0,0.0,0.0,0.0,0.002,0.998,0.051745274115365,1879,0.0002477552571488225,1.0307587676371073e-07,5.425321020646235e-05,16,20,False,0.995,0.005,0.66,fixed,100,none,89088af6-702d-46f1-85f7-fa99660871db
407,42900,20.641773462295532,1.0,1.0,1.0,0.9960959999999999,0.0,0.0,0.0,0.0,0.0,0.0,0.0,0.0,0.0,0.0,0.0,0.0,0.0,0.0,0.002,0.998,0.0513612395130943,1880,0.00025070310316606506,1.04878516127289e-07,5.4898836201115826e-05,16,20,False,0.995,0.005,0.66,fixed,100,none,89088af6-702d-46f1-85f7-fa99660871db
408,43000,20.661456823349,1.0,1.0,1.0,0.9960959999999999,0.0,0.0,0.0,0.0,0.0,0.0,0.0,0.0,0.0,0.0,0.0,0.0,0.0,0.0,0.002,0.998,0.0513612395130943,1880,0.0002521334756470253,1.0545426832483312e-07,5.5212054130115564e-05,16,20,False,0.995,0.005,0.66,fixed,100,none,89088af6-702d-46f1-85f7-fa99660871db
409,43100,20.68124556541443,1.0,1.0,1.0,0.9960959999999999,0.0,0.0,0.0,0.0,0.0,0.0,0.0,0.0,0.0,0.0,0.0,0.0,0.0,0.0,0.002,0.998,0.0513612395130943,1880,0.00025296062187100217,1.0573382022827942e-07,5.539316955340575e-05,16,20,False,0.995,0.005,0.66,fixed,100,none,89088af6-702d-46f1-85f7-fa99660871db
410,43200,20.70119881629944,1.0,1.0,1.0,0.9960959999999999,0.0,0.0,0.0,0.0,0.0,0.0,0.0,0.0,0.0,0.0,0.0,0.0,0.0,0.0,0.002,0.998,0.0513612395130943,1880,0.00025210020358448456,1.0532310910041726e-07,5.520474595537276e-05,16,20,False,0.995,0.005,0.66,fixed,100,none,89088af6-702d-46f1-85f7-fa99660871db
411,43300,20.72112727165222,1.0,1.0,1.0,0.9960959999999999,0.0,0.0,0.0,0.0,0.0,0.0,0.0,0.0,0.0,0.0,0.0,0.0,0.0,0.0,0.002,0.998,0.0513612395130943,1880,0.0002524208487450013,1.0583509718731754e-07,5.5275032458746386e-05,16,20,False,0.995,0.005,0.66,fixed,100,none,89088af6-702d-46f1-85f7-fa99660871db
412,43400,20.74136519432068,1.0,1.0,1.0,0.9960959999999999,0.0,0.0,0.0,0.0,0.0,0.0,0.0,0.0,0.0,0.0,0.0,0.0,0.0,0.0,0.002,0.998,0.0513612395130943,1880,0.0002534552819261323,1.0612942517438409e-07,5.55015258044135e-05,16,20,False,0.995,0.005,0.66,fixed,100,none,89088af6-702d-46f1-85f7-fa99660871db
413,43600,20.761524438858032,1.0,1.0,1.0,0.9960959999999999,0.0,0.0,0.0,0.0,0.0,0.0,0.0,0.0,0.0,0.0,0.0,0.0,0.0,0.0,0.002,0.998,0.0513612395130943,1880,0.00025399263299494474,1.0651603507546095e-07,5.5619225409257744e-05,16,20,False,0.995,0.005,0.66,fixed,100,none,89088af6-702d-46f1-85f7-fa99660871db
414,43700,20.78192949295044,1.0,1.0,1.0,0.9960959999999999,0.0,0.0,0.0,0.0,0.0,0.0,0.0,0.0,0.0,0.0,0.0,0.0,0.0,0.0,0.002,0.998,0.0513612395130943,1880,0.0002547414369181423,1.0722097945691023e-07,5.578327252747817e-05,16,20,False,0.995,0.005,0.66,fixed,100,none,89088af6-702d-46f1-85f7-fa99660871db
415,43800,20.802154541015625,1.0,1.0,1.0,0.9960959999999999,0.0,0.0,0.0,0.0,0.0,0.0,0.0,0.0,0.0,0.0,0.0,0.0,0.0,0.0,0.002,0.998,0.0513612395130943,1880,0.0002543715899087778,1.0692575128352896e-07,5.570225692377533e-05,16,20,False,0.995,0.005,0.66,fixed,100,none,89088af6-702d-46f1-85f7-fa99660871db
416,44000,20.822144031524658,1.0,1.0,1.0,0.9960959999999999,0.0,0.0,0.0,0.0,0.0,0.0,0.0,0.0,0.0,0.0,0.0,0.0,0.0,0.0,0.002,0.998,0.0513612395130943,1880,0.0002540808131621709,1.0693758059828826e-07,5.5638608141512895e-05,16,20,False,0.995,0.005,0.66,fixed,100,none,89088af6-702d-46f1-85f7-fa99660871db
417,44100,20.842227458953857,1.0,1.0,1.0,0.9960959999999999,0.0,0.0,0.0,0.0,0.0,0.0,0.0,0.0,0.0,0.0,0.0,0.0,0.0,0.0,0.002,0.998,0.0513612395130943,1880,0.0002540808131621709,1.0693758059828826e-07,5.5638608141512895e-05,16,20,False,0.995,0.005,0.66,fixed,100,none,89088af6-702d-46f1-85f7-fa99660871db
418,44200,20.862303018569946,1.0,1.0,1.0,0.9960959999999999,0.0,0.0,0.0,0.0,0.0,0.0,0.0,0.0,0.0,0.0,0.0,0.0,0.0,0.0,0.002,0.998,0.0513612395130943,1880,0.00025471296811437457,1.0746686343022078e-07,5.5777087424288334e-05,16,20,False,0.995,0.005,0.66,fixed,100,none,89088af6-702d-46f1-85f7-fa99660871db
419,44300,20.882131814956665,1.0,1.0,1.0,0.9960959999999999,0.0,0.0,0.0,0.0,0.0,0.0,0.0,0.0,0.0,0.0,0.0,0.0,0.0,0.0,0.002,0.998,0.0513612395130943,1880,0.0002543046055423265,1.0748666292805613e-07,5.568770061917161e-05,16,20,False,0.995,0.005,0.66,fixed,100,none,89088af6-702d-46f1-85f7-fa99660871db
420,44400,20.902055978775024,1.0,1.0,1.0,0.9960959999999999,0.0,0.0,0.0,0.0,0.0,0.0,0.0,0.0,0.0,0.0,0.0,0.0,0.0,0.0,0.002,0.998,0.0513612395130943,1880,0.00025462461611738574,1.0801554859309434e-07,5.575785142232843e-05,16,20,False,0.995,0.005,0.66,fixed,100,none,89088af6-702d-46f1-85f7-fa99660871db
421,44500,20.92229652404785,1.0,1.0,1.0,0.9960959999999999,0.0,0.0,0.0,0.0,0.0,0.0,0.0,0.0,0.0,0.0,0.0,0.0,0.0,0.0,0.002,0.998,0.0513612395130943,1880,0.00025437003082096727,1.0754384814570901e-07,5.5702033077857425e-05,16,20,False,0.995,0.005,0.66,fixed,100,none,89088af6-702d-46f1-85f7-fa99660871db
422,44700,20.94271492958069,1.0,1.0,1.0,0.9960959999999999,0.0,0.0,0.0,0.0,0.0,0.0,0.0,0.0,0.0,0.0,0.0,0.0,0.0,0.0,0.002,0.998,0.0513612395130943,1880,0.0002557945891995448,1.0868351317398069e-07,5.601408544328341e-05,16,20,False,0.995,0.005,0.66,fixed,100,none,89088af6-702d-46f1-85f7-fa99660871db
423,44800,20.96321749687195,1.0,1.0,1.0,0.9960959999999999,0.0,0.0,0.0,0.0,0.0,0.0,0.0,0.0,0.0,0.0,0.0,0.0,0.0,0.0,0.002,0.998,0.0513612395130943,1880,0.00025555271180958456,1.0866510311302989e-07,5.5961134984709535e-05,16,20,False,0.995,0.005,0.66,fixed,100,none,89088af6-702d-46f1-85f7-fa99660871db
424,44900,20.98344659805298,1.0,1.0,1.0,0.9960959999999999,0.0,0.0,0.0,0.0,0.0,0.0,0.0,0.0,0.0,0.0,0.0,0.0,0.0,0.0,0.002,0.998,0.0513612395130943,1880,0.0002571954814988795,1.1021044442390574e-07,5.6321030884545265e-05,16,20,False,0.995,0.005,0.66,fixed,100,none,89088af6-702d-46f1-85f7-fa99660871db
425,45000,21.002740144729614,1.0,1.0,1.0,0.9960959999999999,0.0,0.0,0.0,0.0,0.0,0.0,0.0,0.0,0.0,0.0,0.0,0.0,0.0,0.0,0.002,0.998,0.0513612395130943,1880,0.0002571954814988795,1.1021044442390574e-07,5.6321030884545265e-05,16,20,False,0.995,0.005,0.66,fixed,100,none,89088af6-702d-46f1-85f7-fa99660871db
426,45100,21.02290964126587,1.0,1.0,1.0,0.9960959999999999,0.0,0.0,0.0,0.0,0.0,0.0,0.0,0.0,0.0,0.0,0.0,0.0,0.0,0.0,0.002,0.998,0.0513612395130943,1880,0.0002579592212400822,1.1046725917094741e-07,5.648826230869647e-05,16,20,False,0.995,0.005,0.66,fixed,100,none,89088af6-702d-46f1-85f7-fa99660871db
427,45200,21.043298482894897,1.0,1.0,1.0,0.9960959999999999,0.0,0.0,0.0,0.0,0.0,0.0,0.0,0.0,0.0,0.0,0.0,0.0,0.0,0.0,0.002,0.998,0.0513612395130943,1880,0.00025921827397473106,1.1154518420566046e-07,5.676407375806771e-05,16,20,False,0.995,0.005,0.66,fixed,100,none,89088af6-702d-46f1-85f7-fa99660871db
428,45300,21.06354808807373,1.0,1.0,1.0,0.9960959999999999,0.0,0.0,0.0,0.0,0.0,0.0,0.0,0.0,0.0,0.0,0.0,0.0,0.0,0.0,0.002,0.998,0.0513612395130943,1880,0.00026096841780958336,1.1295938618044783e-07,5.7147448941892085e-05,16,20,False,0.995,0.005,0.66,fixed,100,none,89088af6-702d-46f1-85f7-fa99660871db
429,45400,21.08372950553894,1.0,1.0,1.0,0.9960959999999999,0.0,0.0,0.0,0.0,0.0,0.0,0.0,0.0,0.0,0.0,0.0,0.0,0.0,0.0,0.002,0.998,0.0513612395130943,1880,0.00026290346024153346,1.1407348392689861e-07,5.757124140881779e-05,16,20,False,0.995,0.005,0.66,fixed,100,none,89088af6-702d-46f1-85f7-fa99660871db
430,45500,21.103870153427124,1.0,1.0,1.0,0.9960959999999999,0.0,0.0,0.0,0.0,0.0,0.0,0.0,0.0,0.0,0.0,0.0,0.0,0.0,0.0,0.002,0.998,0.0513612395130943,1880,0.00026167448839002736,1.125933466935231e-07,5.730193824444876e-05,16,20,False,0.995,0.005,0.66,fixed,100,none,89088af6-702d-46f1-85f7-fa99660871db
431,45600,21.12412977218628,1.0,1.0,1.0,0.9960959999999999,0.0,0.0,0.0,0.0,0.0,0.0,0.0,0.0,0.0,0.0,0.0,0.0,0.0,0.0,0.002,0.998,0.0513612395130943,1880,0.0002620648141321176,1.1246643274895807e-07,5.7387356435742844e-05,16,20,False,0.995,0.005,0.66,fixed,100,none,89088af6-702d-46f1-85f7-fa99660871db
432,45800,21.144304990768433,1.0,1.0,1.0,0.9960959999999999,0.0,0.0,0.0,0.0,0.0,0.0,0.0,0.0,0.0,0.0,0.0,0.0,0.0,0.0,0.002,0.998,0.0513612395130943,1880,0.00026239860363325303,1.1283204611396918e-07,5.746049242408075e-05,16,20,False,0.995,0.005,0.66,fixed,100,none,89088af6-702d-46f1-85f7-fa99660871db
433,45900,21.164549827575684,1.0,1.0,1.0,0.9960959999999999,0.0,0.0,0.0,0.0,0.0,0.0,0.0,0.0,0.0,0.0,0.0,0.0,0.0,0.0,0.002,0.998,0.0513612395130943,1880,0.00026387082293356757,1.140994625355688e-07,5.7783002038039705e-05,16,20,False,0.995,0.005,0.66,fixed,100,none,89088af6-702d-46f1-85f7-fa99660871db
434,46000,21.184770107269287,1.0,1.0,1.0,0.9960959999999999,0.0,0.0,0.0,0.0,0.0,0.0,0.0,0.0,0.0,0.0,0.0,0.0,0.0,0.0,0.002,0.998,0.0513612395130943,1880,0.0002662547085258064,1.1616811585371355e-07,5.830522763831123e-05,16,20,False,0.995,0.005,0.66,fixed,100,none,89088af6-702d-46f1-85f7-fa99660871db
435,46100,21.204942226409912,1.0,1.0,1.0,0.9960959999999999,0.0,0.0,0.0,0.0,0.0,0.0,0.0,0.0,0.0,0.0,0.0,0.0,0.0,0.0,0.002,0.998,0.0513612395130943,1880,0.0002671295398316245,1.1662614626309839e-07,5.84968152369326e-05,16,20,False,0.995,0.005,0.66,fixed,100,none,89088af6-702d-46f1-85f7-fa99660871db
436,46200,21.225271463394165,1.0,1.0,1.0,0.9960959999999999,0.0,0.0,0.0,0.0,0.0,0.0,0.0,0.0,0.0,0.0,0.0,0.0,0.0,0.0,0.002,0.998,0.0513612395130943,1880,0.0002687262640781422,1.1754583738606817e-07,5.884651291580869e-05,16,20,False,0.995,0.005,0.66,fixed,100,none,89088af6-702d-46f1-85f7-fa99660871db
437,46300,21.245471000671387,1.0,1.0,1.0,0.9960959999999999,0.0,0.0,0.0,0.0,0.0,0.0,0.0,0.0,0.0,0.0,0.0,0.0,0.0,0.0,0.002,0.998,0.0513612395130943,1880,0.0002687262640781422,1.1754583738606817e-07,5.884651291580869e-05,16,20,False,0.995,0.005,0.66,fixed,100,none,89088af6-702d-46f1-85f7-fa99660871db
438,46400,21.26563262939453,1.0,1.0,1.0,0.9960959999999999,0.0,0.0,0.0,0.0,0.0,0.0,0.0,0.0,0.0,0.0,0.0,0.0,0.0,0.0,0.002,0.998,0.0513612395130943,1880,0.00026906304611462004,1.1731312359200178e-07,5.892019028797281e-05,16,20,False,0.995,0.005,0.66,fixed,100,none,89088af6-702d-46f1-85f7-fa99660871db
439,46500,21.28565549850464,1.0,1.0,1.0,0.9960959999999999,0.0,0.0,0.0,0.0,0.0,0.0,0.0,0.0,0.0,0.0,0.0,0.0,0.0,0.0,0.002,0.998,0.0513612395130943,1880,0.00026956818485539985,1.1832759371525259e-07,5.903095790765293e-05,16,20,False,0.995,0.005,0.66,fixed,100,none,89088af6-702d-46f1-85f7-fa99660871db
440,46600,21.305542469024658,1.0,1.0,1.0,0.9960959999999999,0.0,0.0,0.0,0.0,0.0,0.0,0.0,0.0,0.0,0.0,0.0,0.0,0.0,0.0,0.002,0.998,0.0513612395130943,1880,0.0002711319461438308,1.198845232396579e-07,5.93735610703001e-05,16,20,False,0.995,0.005,0.66,fixed,100,none,89088af6-702d-46f1-85f7-fa99660871db
441,46700,21.325530767440796,1.0,1.0,1.0,0.9960959999999999,0.0,0.0,0.0,0.0,0.0,0.0,0.0,0.0,0.0,0.0,0.0,0.0,0.0,0.0,0.002,0.998,0.0513612395130943,1880,0.0002711319461438308,1.198845232396579e-07,5.93735610703001e-05,16,20,False,0.995,0.005,0.66,fixed,100,none,89088af6-702d-46f1-85f7-fa99660871db
442,46800,21.345510959625244,1.0,1.0,1.0,0.9960959999999999,0.0,0.0,0.0,0.0,0.0,0.0,0.0,0.0,0.0,0.0,0.0,0.0,0.0,0.0,0.002,0.998,0.0513612395130943,1880,0.0002710514356682131,1.199706287853829e-07,5.935595368724107e-05,16,20,False,0.995,0.005,0.66,fixed,100,none,89088af6-702d-46f1-85f7-fa99660871db
443,46900,21.36568856239319,1.0,1.0,1.0,0.9960959999999999,0.0,0.0,0.0,0.0,0.0,0.0,0.0,0.0,0.0,0.0,0.0,0.0,0.0,0.0,0.002,0.998,0.0513612395130943,1880,0.0002717811556673292,1.1992982464345463e-07,5.951568164226062e-05,16,20,False,0.995,0.005,0.66,fixed,100,none,89088af6-702d-46f1-85f7-fa99660871db
444,47100,21.38595938682556,1.0,1.0,1.0,0.9960959999999999,0.0,0.0,0.0,0.0,0.0,0.0,0.0,0.0,0.0,0.0,0.0,0.0,0.0,0.0,0.002,0.998,0.0513612395130943,1880,0.0002724665435674281,1.1992408307012273e-07,5.966571196269334e-05,16,20,False,0.995,0.005,0.66,fixed,100,none,89088af6-702d-46f1-85f7-fa99660871db
445,47200,21.406402349472046,1.0,1.0,1.0,0.9960959999999999,0.0,0.0,0.0,0.0,0.0,0.0,0.0,0.0,0.0,0.0,0.0,0.0,0.0,0.0,0.002,0.998,0.0513612395130943,1880,0.0002723161323750238,1.200728493135341e-07,5.963281521826229e-05,16,20,False,0.995,0.005,0.66,fixed,100,none,89088af6-702d-46f1-85f7-fa99660871db
446,47300,21.426693201065063,1.0,1.0,1.0,0.9960959999999999,0.0,0.0,0.0,0.0,0.0,0.0,0.0,0.0,0.0,0.0,0.0,0.0,0.0,0.0,0.002,0.998,0.0513612395130943,1880,0.0002720130578020664,1.2002281515440548e-07,5.956646268775167e-05,16,20,False,0.995,0.005,0.66,fixed,100,none,89088af6-702d-46f1-85f7-fa99660871db
447,47400,21.447409868240356,1.0,1.0,1.0,0.9960959999999999,0.0,0.0,0.0,0.0,0.0,0.0,0.0,0.0,0.0,0.0,0.0,0.0,0.0,0.0,0.002,0.998,0.0513612395130943,1880,0.00027240161046679774,1.2045942544594888e-07,5.9651599822016765e-05,16,20,False,0.995,0.005,0.66,fixed,100,none,89088af6-702d-46f1-85f7-fa99660871db
448,47500,21.46769881248474,1.0,1.0,1.0,0.9960959999999999,0.0,0.0,0.0,0.0,0.0,0.0,0.0,0.0,0.0,0.0,0.0,0.0,0.0,0.0,0.002,0.998,0.0513612395130943,1880,0.00027321520466834666,1.2145437538912205e-07,5.9829884633225024e-05,16,20,False,0.995,0.005,0.66,fixed,100,none,89088af6-702d-46f1-85f7-fa99660871db
449,47600,21.487983226776123,1.0,1.0,1.0,0.9960959999999999,0.0,0.0,0.0,0.0,0.0,0.0,0.0,0.0,0.0,0.0,0.0,0.0,0.0,0.0,0.002,0.998,0.0513612395130943,1880,0.0002728710508273603,1.2127512937611354e-07,5.975451530069063e-05,16,20,False,0.995,0.005,0.66,fixed,100,none,89088af6-702d-46f1-85f7-fa99660871db
450,47700,21.50817060470581,1.0,1.0,1.0,0.9960959999999999,0.0,0.0,0.0,0.0,0.0,0.0,0.0,0.0,0.0,0.0,0.0,0.0,0.0,0.0,0.002,0.998,0.0513612395130943,1880,0.00027518527605584735,1.233844751230673e-07,6.0261499978898375e-05,16,20,False,0.995,0.005,0.66,fixed,100,none,89088af6-702d-46f1-85f7-fa99660871db
451,47800,21.532268047332764,1.0,1.0,1.0,0.9960959999999999,0.0,0.0,0.0,0.0,0.0,0.0,0.0,0.0,0.0,0.0,0.0,0.0,0.0,0.0,0.002,0.998,0.0513612395130943,1880,0.00027516326784485343,1.2308754880496574e-07,6.025662596551136e-05,16,20,False,0.995,0.005,0.66,fixed,100,none,89088af6-702d-46f1-85f7-fa99660871db
452,47900,21.552438259124756,1.0,1.0,1.0,0.9960959999999999,0.0,0.0,0.0,0.0,0.0,0.0,0.0,0.0,0.0,0.0,0.0,0.0,0.0,0.0,0.002,0.998,0.0513612395130943,1880,0.00027597455007184193,1.23496663682712e-07,6.0434293376825916e-05,16,20,False,0.995,0.005,0.66,fixed,100,none,89088af6-702d-46f1-85f7-fa99660871db
453,48000,21.572462797164917,1.0,1.0,1.0,0.9960959999999999,0.0,0.0,0.0,0.0,0.0,0.0,0.0,0.0,0.0,0.0,0.0,0.0,0.0,0.0,0.002,0.998,0.0513612395130943,1880,0.00027628434608254816,1.233403343246584e-07,6.050207802099148e-05,16,20,False,0.995,0.005,0.66,fixed,100,none,89088af6-702d-46f1-85f7-fa99660871db
454,48200,21.592514514923096,1.0,1.0,1.0,0.9960959999999999,0.0,0.0,0.0,0.0,0.0,0.0,0.0,0.0,0.0,0.0,0.0,0.0,0.0,0.0,0.002,0.998,0.05097620089879156,1881,0.00027775934093433137,1.2360131304975516e-07,6.0825003980004593e-05,16,20,False,0.995,0.005,0.66,fixed,100,none,89088af6-702d-46f1-85f7-fa99660871db
455,48300,21.612565994262695,1.0,1.0,1.0,0.9960959999999999,0.0,0.0,0.0,0.0,0.0,0.0,0.0,0.0,0.0,0.0,0.0,0.0,0.0,0.0,0.002,0.998,0.05097620089879156,1881,0.0002782744776598902,1.2387491950711173e-07,6.093781939445633e-05,16,20,False,0.995,0.005,0.66,fixed,100,none,89088af6-702d-46f1-85f7-fa99660871db
456,48400,21.632684230804443,1.0,1.0,1.0,0.9960959999999999,0.0,0.0,0.0,0.0,0.0,0.0,0.0,0.0,0.0,0.0,0.0,0.0,0.0,0.0,0.002,0.998,0.05097620089879156,1881,0.0002799181283513182,1.2509515969249403e-07,6.129784637644515e-05,16,20,False,0.995,0.005,0.66,fixed,100,none,89088af6-702d-46f1-85f7-fa99660871db
457,48600,21.65290069580078,1.0,1.0,1.0,0.9960959999999999,0.0,0.0,0.0,0.0,0.0,0.0,0.0,0.0,0.0,0.0,0.0,0.0,0.0,0.0,0.002,0.998,0.05097620089879156,1881,0.000282395743296937,1.268754155433804e-07,6.184053453665274e-05,16,20,False,0.995,0.005,0.66,fixed,100,none,89088af6-702d-46f1-85f7-fa99660871db
458,48700,21.67296314239502,1.0,1.0,1.0,0.9960959999999999,0.0,0.0,0.0,0.0,0.0,0.0,0.0,0.0,0.0,0.0,0.0,0.0,0.0,0.0,0.002,0.998,0.05097620089879156,1881,0.0002829842367369648,1.2752022638772384e-07,6.196947826473526e-05,16,20,False,0.995,0.005,0.66,fixed,100,none,89088af6-702d-46f1-85f7-fa99660871db
459,49000,21.692999839782715,1.0,1.0,1.0,0.9960959999999999,0.0,0.0,0.0,0.0,0.0,0.0,0.0,0.0,0.0,0.0,0.0,0.0,0.0,0.0,0.002,0.998,0.05097620089879156,1881,0.0002841676844805044,1.2908467872908085e-07,6.222883222174094e-05,16,20,False,0.995,0.005,0.66,fixed,100,none,89088af6-702d-46f1-85f7-fa99660871db
460,49100,21.713016510009766,1.0,1.0,1.0,0.9960959999999999,0.0,0.0,0.0,0.0,0.0,0.0,0.0,0.0,0.0,0.0,0.0,0.0,0.0,0.0,0.002,0.998,0.05097620089879156,1881,0.00028434942661404524,1.2954619210782562e-07,6.2268703262315e-05,16,20,False,0.995,0.005,0.66,fixed,100,none,89088af6-702d-46f1-85f7-fa99660871db
461,49400,21.733261823654175,1.0,1.0,1.0,0.9960959999999999,0.0,0.0,0.0,0.0,0.0,0.0,0.0,0.0,0.0,0.0,0.0,0.0,0.0,0.0,0.002,0.998,0.0513612395130943,1880,0.0002844421350351241,1.3010418335132186e-07,6.228910315402543e-05,16,20,False,0.995,0.005,0.66,fixed,100,none,89088af6-702d-46f1-85f7-fa99660871db
462,49500,21.753470420837402,1.0,1.0,1.0,0.9960959999999999,0.0,0.0,0.0,0.0,0.0,0.0,0.0,0.0,0.0,0.0,0.0,0.0,0.0,0.0,0.002,0.998,0.0513612395130943,1880,0.000283995728321781,1.2931356561968097e-07,6.21912345071056e-05,16,20,False,0.995,0.005,0.66,fixed,100,none,89088af6-702d-46f1-85f7-fa99660871db
463,49700,21.773532390594482,1.0,1.0,1.0,0.9960959999999999,0.0,0.0,0.0,0.0,0.0,0.0,0.0,0.0,0.0,0.0,0.0,0.0,0.0,0.0,0.002,0.998,0.0513612395130943,1880,0.00028558630384374183,1.3091460431435094e-07,6.253971568621482e-05,16,20,False,0.995,0.005,0.66,fixed,100,none,89088af6-702d-46f1-85f7-fa99660871db
464,49800,21.79343056678772,1.0,1.0,1.0,0.9960959999999999,0.0,0.0,0.0,0.0,0.0,0.0,0.0,0.0,0.0,0.0,0.0,0.0,0.0,0.0,0.002,0.998,0.0513612395130943,1880,0.000287193091240456,1.3250350953945858e-07,6.28917433393483e-05,16,20,False,0.995,0.005,0.66,fixed,100,none,89088af6-702d-46f1-85f7-fa99660871db
465,49900,21.813485383987427,1.0,1.0,1.0,0.9960959999999999,0.0,0.0,0.0,0.0,0.0,0.0,0.0,0.0,0.0,0.0,0.0,0.0,0.0,0.0,0.002,0.998,0.05097620089879156,1881,0.00028763892092586763,1.3266196404870418e-07,6.298936556384168e-05,16,20,False,0.995,0.005,0.66,fixed,100,none,89088af6-702d-46f1-85f7-fa99660871db
466,50100,21.833552837371826,1.0,1.0,1.0,0.9960959999999999,0.0,0.0,0.0,0.0,0.0,0.0,0.0,0.0,0.0,0.0,0.0,0.0,0.0,0.0,0.002,0.998,0.05097620089879156,1881,0.0002877413755406152,1.3298932698096828e-07,6.301185507796705e-05,16,20,False,0.995,0.005,0.66,fixed,100,none,89088af6-702d-46f1-85f7-fa99660871db
467,50200,21.85416078567505,1.0,1.0,1.0,0.9960959999999999,0.0,0.0,0.0,0.0,0.0,0.0,0.0,0.0,0.0,0.0,0.0,0.0,0.0,0.0,0.002,0.998,0.0513612395130943,1880,0.00028767102279509424,1.3304839041320374e-07,6.299646608402464e-05,16,20,False,0.995,0.005,0.66,fixed,100,none,89088af6-702d-46f1-85f7-fa99660871db
468,50300,21.874488592147827,1.0,1.0,1.0,0.9960959999999999,0.0,0.0,0.0,0.0,0.0,0.0,0.0,0.0,0.0,0.0,0.0,0.0,0.0,0.0,0.002,0.998,0.05097620089879156,1881,0.00028703038776950105,1.3334123135228235e-07,6.285628671670071e-05,16,20,False,0.995,0.005,0.66,fixed,100,none,89088af6-702d-46f1-85f7-fa99660871db
469,50400,21.894776821136475,1.0,1.0,1.0,0.9960959999999999,0.0,0.0,0.0,0.0,0.0,0.0,0.0,0.0,0.0,0.0,0.0,0.0,0.0,0.0,0.002,0.998,0.0513612395130943,1880,0.0002885518683108436,1.3477336066263763e-07,6.318961091176957e-05,16,20,False,0.995,0.005,0.66,fixed,100,none,89088af6-702d-46f1-85f7-fa99660871db
470,50500,21.914989948272705,1.0,1.0,1.0,0.9960959999999999,0.0,0.0,0.0,0.0,0.0,0.0,0.0,0.0,0.0,0.0,0.0,0.0,0.0,0.0,0.002,0.998,0.0513612395130943,1880,0.00028909481787001227,1.3490391080966767e-07,6.330848737479953e-05,16,20,False,0.995,0.005,0.66,fixed,100,none,89088af6-702d-46f1-85f7-fa99660871db
471,50600,21.9350368976593,1.0,1.0,1.0,0.9960959999999999,0.0,0.0,0.0,0.0,0.0,0.0,0.0,0.0,0.0,0.0,0.0,0.0,0.0,0.0,0.002,0.998,0.05097620089879156,1881,0.0002874572435974108,1.3412545931666712e-07,6.29498744607434e-05,16,20,False,0.995,0.005,0.66,fixed,100,none,89088af6-702d-46f1-85f7-fa99660871db
472,50700,21.954721450805664,1.0,1.0,1.0,0.9960959999999999,0.0,0.0,0.0,0.0,0.0,0.0,0.0,0.0,0.0,0.0,0.0,0.0,0.0,0.0,0.002,0.998,0.05097620089879156,1881,0.0002879510073079507,1.346996325734257e-07,6.305806842989937e-05,16,20,False,0.995,0.005,0.66,fixed,100,none,89088af6-702d-46f1-85f7-fa99660871db
473,50800,21.97498655319214,1.0,1.0,1.0,0.9960959999999999,0.0,0.0,0.0,0.0,0.0,0.0,0.0,0.0,0.0,0.0,0.0,0.0,0.0,0.0,0.002,0.998,0.05097620089879156,1881,0.00028885256042493463,1.3505623523609568e-07,6.325548616171305e-05,16,20,False,0.995,0.005,0.66,fixed,100,none,89088af6-702d-46f1-85f7-fa99660871db
474,50900,21.995187997817993,1.0,1.0,1.0,0.9960959999999999,0.0,0.0,0.0,0.0,0.0,0.0,0.0,0.0,0.0,0.0,0.0,0.0,0.0,0.0,0.002,0.998,0.05097620089879156,1881,0.0002894967020700421,1.3653469989536088e-07,6.339676967611234e-05,16,20,False,0.995,0.005,0.66,fixed,100,none,89088af6-702d-46f1-85f7-fa99660871db
475,51100,22.015462160110474,1.0,1.0,1.0,0.9960959999999999,0.0,0.0,0.0,0.0,0.0,0.0,0.0,0.0,0.0,0.0,0.0,0.0,0.0,0.0,0.002,0.998,0.05097620089879156,1881,0.0002905238934730458,1.3670623995722574e-07,6.362165446684161e-05,16,20,False,0.995,0.005,0.66,fixed,100,none,89088af6-702d-46f1-85f7-fa99660871db
476,51200,22.03585195541382,1.0,1.0,1.0,0.9960959999999999,0.0,0.0,0.0,0.0,0.0,0.0,0.0,0.0,0.0,0.0,0.0,0.0,0.0,0.0,0.002,0.998,0.0513612395130943,1880,0.0002910613109928619,1.368966715835461e-07,6.373933134393835e-05,16,20,False,0.995,0.005,0.66,fixed,100,none,89088af6-702d-46f1-85f7-fa99660871db
477,51300,22.06011724472046,1.0,1.0,1.0,0.9960959999999999,0.0,0.0,0.0,0.0,0.0,0.0,0.0,0.0,0.0,0.0,0.0,0.0,0.0,0.0,0.002,0.998,0.0513612395130943,1880,0.0002910613109928619,1.368966715835461e-07,6.373933134393835e-05,16,20,False,0.995,0.005,0.66,fixed,100,none,89088af6-702d-46f1-85f7-fa99660871db
478,51500,22.080490827560425,1.0,1.0,1.0,0.9960959999999999,0.0,0.0,0.0,0.0,0.0,0.0,0.0,0.0,0.0,0.0,0.0,0.0,0.0,0.0,0.002,0.998,0.0513612395130943,1880,0.0002935605421894859,1.38900955247721e-07,6.428679386677554e-05,16,20,False,0.995,0.005,0.66,fixed,100,none,89088af6-702d-46f1-85f7-fa99660871db
479,51600,22.100722551345825,1.0,1.0,1.0,0.9960959999999999,0.0,0.0,0.0,0.0,0.0,0.0,0.0,0.0,0.0,0.0,0.0,0.0,0.0,0.0,0.002,0.998,0.0513612395130943,1880,0.0002943948213434379,1.3968816222807665e-07,6.446956714290189e-05,16,20,False,0.995,0.005,0.66,fixed,100,none,89088af6-702d-46f1-85f7-fa99660871db
480,51900,22.120845794677734,1.0,1.0,1.0,0.9960959999999999,0.0,0.0,0.0,0.0,0.0,0.0,0.0,0.0,0.0,0.0,0.0,0.0,0.0,0.0,0.002,0.998,0.05097620089879156,1881,0.0002974437619791116,1.4156598426814933e-07,6.513733703423847e-05,16,20,False,0.995,0.005,0.66,fixed,100,none,89088af6-702d-46f1-85f7-fa99660871db
481,52000,22.141270637512207,1.0,1.0,1.0,0.9960959999999999,0.0,0.0,0.0,0.0,0.0,0.0,0.0,0.0,0.0,0.0,0.0,0.0,0.0,0.0,0.002,0.998,0.05097620089879156,1881,0.0002981378410909374,1.421190938456417e-07,6.528937604263688e-05,16,20,False,0.995,0.005,0.66,fixed,100,none,89088af6-702d-46f1-85f7-fa99660871db
482,52300,22.161359548568726,1.0,1.0,1.0,0.9960959999999999,0.0,0.0,0.0,0.0,0.0,0.0,0.0,0.0,0.0,0.0,0.0,0.0,0.0,0.0,0.002,0.998,0.05097620089879156,1881,0.00029960754107422635,1.419325781634796e-07,6.561105793099922e-05,16,20,False,0.995,0.005,0.66,fixed,100,none,89088af6-702d-46f1-85f7-fa99660871db
483,52400,22.181305646896362,1.0,1.0,1.0,0.9960959999999999,0.0,0.0,0.0,0.0,0.0,0.0,0.0,0.0,0.0,0.0,0.0,0.0,0.0,0.0,0.002,0.998,0.05097620089879156,1881,0.00030006761491620677,1.4198957852574284e-07,6.571177892507756e-05,16,20,False,0.995,0.005,0.66,fixed,100,none,89088af6-702d-46f1-85f7-fa99660871db
484,52500,22.20135521888733,1.0,1.0,1.0,0.9960959999999999,0.0,0.0,0.0,0.0,0.0,0.0,0.0,0.0,0.0,0.0,0.0,0.0,0.0,0.0,0.002,0.998,0.05097620089879156,1881,0.000300463840461143,1.4258930245896466e-07,6.57986266444114e-05,16,20,False,0.995,0.005,0.66,fixed,100,none,89088af6-702d-46f1-85f7-fa99660871db
485,52600,22.22169828414917,1.0,1.0,1.0,0.9960959999999999,0.0,0.0,0.0,0.0,0.0,0.0,0.0,0.0,0.0,0.0,0.0,0.0,0.0,0.0,0.002,0.998,0.05097620089879156,1881,0.0002984757229201766,1.4214258965975338e-07,6.536334283926202e-05,16,20,False,0.995,0.005,0.66,fixed,100,none,89088af6-702d-46f1-85f7-fa99660871db
486,52700,22.241971015930176,1.0,1.0,1.0,0.9960959999999999,0.0,0.0,0.0,0.0,0.0,0.0,0.0,0.0,0.0,0.0,0.0,0.0,0.0,0.0,0.002,0.998,0.05097620089879156,1881,0.00029703833745042433,1.4176957334280974e-07,6.504862828683302e-05,16,20,False,0.995,0.005,0.66,fixed,100,none,89088af6-702d-46f1-85f7-fa99660871db
487,52800,22.262051105499268,1.0,1.0,1.0,0.9960959999999999,0.0,0.0,0.0,0.0,0.0,0.0,0.0,0.0,0.0,0.0,0.0,0.0,0.0,0.0,0.002,0.998,0.05097620089879156,1881,0.00029829898224994345,1.4169603531532373e-07,6.532456946122253e-05,16,20,False,0.995,0.005,0.66,fixed,100,none,89088af6-702d-46f1-85f7-fa99660871db
488,52900,22.282431602478027,1.0,1.0,1.0,0.9960959999999999,0.0,0.0,0.0,0.0,0.0,0.0,0.0,0.0,0.0,0.0,0.0,0.0,0.0,0.0,0.002,0.998,0.05097620089879156,1881,0.00029790242864579,1.414281893789822e-07,6.523771298654543e-05,16,20,False,0.995,0.005,0.66,fixed,100,none,89088af6-702d-46f1-85f7-fa99660871db
489,53000,22.302878618240356,1.0,1.0,1.0,0.9960959999999999,0.0,0.0,0.0,0.0,0.0,0.0,0.0,0.0,0.0,0.0,0.0,0.0,0.0,0.0,0.002,0.998,0.05097620089879156,1881,0.00029683862258369695,1.4099225200728878e-07,6.500476301145265e-05,16,20,False,0.995,0.005,0.66,fixed,100,none,89088af6-702d-46f1-85f7-fa99660871db
490,53100,22.323224544525146,1.0,1.0,1.0,0.9960959999999999,0.0,0.0,0.0,0.0,0.0,0.0,0.0,0.0,0.0,0.0,0.0,0.0,0.0,0.0,0.002,0.998,0.05097620089879156,1881,0.0002973482102553115,1.4116777704931166e-07,6.511634510252706e-05,16,20,False,0.995,0.005,0.66,fixed,100,none,89088af6-702d-46f1-85f7-fa99660871db
491,53200,22.343363761901855,1.0,1.0,1.0,0.9960959999999999,0.0,0.0,0.0,0.0,0.0,0.0,0.0,0.0,0.0,0.0,0.0,0.0,0.0,0.0,0.002,0.998,0.05097620089879156,1881,0.0002964786841841844,1.411281056846978e-07,6.492599830799807e-05,16,20,False,0.995,0.005,0.66,fixed,100,none,89088af6-702d-46f1-85f7-fa99660871db
492,53300,22.363453149795532,1.0,1.0,1.0,0.9960959999999999,0.0,0.0,0.0,0.0,0.0,0.0,0.0,0.0,0.0,0.0,0.0,0.0,0.0,0.0,0.002,0.998,0.05097620089879156,1881,0.0002972777259161413,1.4171950049675228e-07,6.510102090813771e-05,16,20,False,0.995,0.005,0.66,fixed,100,none,89088af6-702d-46f1-85f7-fa99660871db
493,53400,22.38335871696472,1.0,1.0,1.0,0.9960959999999999,0.0,0.0,0.0,0.0,0.0,0.0,0.0,0.0,0.0,0.0,0.0,0.0,0.0,0.0,0.002,0.998,0.05097620089879156,1881,0.0002972777259161413,1.4171950049675228e-07,6.510102090813771e-05,16,20,False,0.995,0.005,0.66,fixed,100,none,89088af6-702d-46f1-85f7-fa99660871db
494,53700,22.403351068496704,1.0,1.0,1.0,0.9960959999999999,0.0,0.0,0.0,0.0,0.0,0.0,0.0,0.0,0.0,0.0,0.0,0.0,0.0,0.0,0.002,0.998,0.05097620089879156,1881,0.0002969054434953702,1.4197263863760003e-07,6.501957638247768e-05,16,20,False,0.995,0.005,0.66,fixed,100,none,89088af6-702d-46f1-85f7-fa99660871db
495,53800,22.423638582229614,1.0,1.0,1.0,0.9960959999999999,0.0,0.0,0.0,0.0,0.0,0.0,0.0,0.0,0.0,0.0,0.0,0.0,0.0,0.0,0.002,0.998,0.05097620089879156,1881,0.0002962852321187237,1.421021742819123e-07,6.488383672390218e-05,16,20,False,0.995,0.005,0.66,fixed,100,none,89088af6-702d-46f1-85f7-fa99660871db
496,54100,22.4439857006073,1.0,1.0,1.0,0.9960959999999999,0.0,0.0,0.0,0.0,0.0,0.0,0.0,0.0,0.0,0.0,0.0,0.0,0.0,0.0,0.002,0.998,0.05097620089879156,1881,0.000296525808736253,1.4130111751929115e-07,6.493634674469446e-05,16,20,False,0.995,0.005,0.66,fixed,100,none,89088af6-702d-46f1-85f7-fa99660871db
497,54200,22.46428680419922,1.0,1.0,1.0,0.9960959999999999,0.0,0.0,0.0,0.0,0.0,0.0,0.0,0.0,0.0,0.0,0.0,0.0,0.0,0.0,0.002,0.998,0.05097620089879156,1881,0.00029610104188431384,1.406853201547272e-07,6.48432482793057e-05,16,20,False,0.995,0.005,0.66,fixed,100,none,89088af6-702d-46f1-85f7-fa99660871db
498,54400,22.484329223632812,1.0,1.0,1.0,0.9960959999999999,0.0,0.0,0.0,0.0,0.0,0.0,0.0,0.0,0.0,0.0,0.0,0.0,0.0,0.0,0.002,0.998,0.05097620089879156,1881,0.0002972231050623077,1.4203228954232724e-07,6.50891238331522e-05,16,20,False,0.995,0.005,0.66,fixed,100,none,89088af6-702d-46f1-85f7-fa99660871db
499,54500,22.504393815994263,1.0,1.0,1.0,0.9960959999999999,0.0,0.0,0.0,0.0,0.0,0.0,0.0,0.0,0.0,0.0,0.0,0.0,0.0,0.0,0.002,0.998,0.05097620089879156,1881,0.00029670473692411365,1.419217912265046e-07,6.497563205302151e-05,16,20,False,0.995,0.005,0.66,fixed,100,none,89088af6-702d-46f1-85f7-fa99660871db
500,54600,22.52446436882019,1.0,1.0,1.0,0.9960959999999999,0.0,0.0,0.0,0.0,0.0,0.0,0.0,0.0,0.0,0.0,0.0,0.0,0.0,0.0,0.002,0.998,0.05097620089879156,1881,0.00029625632690900833,1.4149199354159788e-07,6.487739343915483e-05,16,20,False,0.995,0.005,0.66,fixed,100,none,89088af6-702d-46f1-85f7-fa99660871db
501,54700,22.544150590896606,1.0,1.0,1.0,0.9960959999999999,0.0,0.0,0.0,0.0,0.0,0.0,0.0,0.0,0.0,0.0,0.0,0.0,0.0,0.0,0.002,0.998,0.05097620089879156,1881,0.00029689465832849347,1.4180940061843825e-07,6.501718449422473e-05,16,20,False,0.995,0.005,0.66,fixed,100,none,89088af6-702d-46f1-85f7-fa99660871db
502,54800,22.564211130142212,1.0,1.0,1.0,0.9960959999999999,0.0,0.0,0.0,0.0,0.0,0.0,0.0,0.0,0.0,0.0,0.0,0.0,0.0,0.0,0.002,0.998,0.05136123951309429,1880,0.00029919847905464283,1.4298146341550573e-07,6.552171354311027e-05,16,20,False,0.995,0.005,0.66,fixed,100,none,89088af6-702d-46f1-85f7-fa99660871db
503,54900,22.58441472053528,1.0,1.0,1.0,0.9960959999999999,0.0,0.0,0.0,0.0,0.0,0.0,0.0,0.0,0.0,0.0,0.0,0.0,0.0,0.0,0.002,0.998,0.05136123951309429,1880,0.00029739238889793203,1.419168015230184e-07,6.512615812204669e-05,16,20,False,0.995,0.005,0.66,fixed,100,none,89088af6-702d-46f1-85f7-fa99660871db
504,55000,22.604610204696655,1.0,1.0,1.0,0.9960959999999999,0.0,0.0,0.0,0.0,0.0,0.0,0.0,0.0,0.0,0.0,0.0,0.0,0.0,0.0,0.002,0.998,0.05136123951309429,1880,0.0002968248743267585,1.418626423273566e-07,6.500191889216964e-05,16,20,False,0.995,0.005,0.66,fixed,100,none,89088af6-702d-46f1-85f7-fa99660871db
505,55100,22.62484335899353,1.0,1.0,1.0,0.9960959999999999,0.0,0.0,0.0,0.0,0.0,0.0,0.0,0.0,0.0,0.0,0.0,0.0,0.0,0.0,0.002,0.998,0.05136123951309429,1880,0.00029595546838946966,1.4140342261486633e-07,6.481151868075174e-05,16,20,False,0.995,0.005,0.66,fixed,100,none,89088af6-702d-46f1-85f7-fa99660871db
506,55200,22.64530920982361,1.0,1.0,1.0,0.9960959999999999,0.0,0.0,0.0,0.0,0.0,0.0,0.0,0.0,0.0,0.0,0.0,0.0,0.0,0.0,0.002,0.998,0.05136123951309429,1880,0.00029572800409158773,1.415810478372863e-07,6.476176049473764e-05,16,20,False,0.995,0.005,0.66,fixed,100,none,89088af6-702d-46f1-85f7-fa99660871db
507,55500,22.665833711624146,1.0,1.0,1.0,0.9960959999999999,0.0,0.0,0.0,0.0,0.0,0.0,0.0,0.0,0.0,0.0,0.0,0.0,0.0,0.0,0.002,0.998,0.05136123951309429,1880,0.0002949156045706533,1.411361128450004e-07,6.458384170195656e-05,16,20,False,0.995,0.005,0.66,fixed,100,none,89088af6-702d-46f1-85f7-fa99660871db
508,55600,22.68591022491455,1.0,1.0,1.0,0.9960959999999999,0.0,0.0,0.0,0.0,0.0,0.0,0.0,0.0,0.0,0.0,0.0,0.0,0.0,0.0,0.002,0.998,0.05136123951309429,1880,0.0002939384119908202,1.4027279109302024e-07,6.436977021509821e-05,16,20,False,0.995,0.005,0.66,fixed,100,none,89088af6-702d-46f1-85f7-fa99660871db
509,55900,22.705978870391846,1.0,1.0,1.0,0.9960959999999999,0.0,0.0,0.0,0.0,0.0,0.0,0.0,0.0,0.0,0.0,0.0,0.0,0.0,0.0,0.002,0.998,0.05136123951309429,1880,0.00029683370375301456,1.4298466680568153e-07,6.500406483822797e-05,16,20,False,0.995,0.005,0.66,fixed,100,none,89088af6-702d-46f1-85f7-fa99660871db
510,56000,22.725987195968628,1.0,1.0,1.0,0.9960959999999999,0.0,0.0,0.0,0.0,0.0,0.0,0.0,0.0,0.0,0.0,0.0,0.0,0.0,0.0,0.002,0.998,0.05136123951309429,1880,0.0002965109523232616,1.4318079674459074e-07,6.493345181494343e-05,16,20,False,0.995,0.005,0.66,fixed,100,none,89088af6-702d-46f1-85f7-fa99660871db
511,56200,22.745779514312744,1.0,1.0,1.0,0.9960959999999999,0.0,0.0,0.0,0.0,0.0,0.0,0.0,0.0,0.0,0.0,0.0,0.0,0.0,0.0,0.002,0.998,0.0513612395130943,1880,0.00029784798769184596,1.435985084882053e-07,6.522620822235784e-05,16,20,False,0.995,0.005,0.66,fixed,100,none,89088af6-702d-46f1-85f7-fa99660871db
512,56300,22.76574683189392,1.0,1.0,1.0,0.9960959999999999,0.0,0.0,0.0,0.0,0.0,0.0,0.0,0.0,0.0,0.0,0.0,0.0,0.0,0.0,0.002,0.998,0.05097620089879156,1881,0.0002983614456182948,1.4474231682685458e-07,6.533882148604183e-05,16,20,False,0.995,0.005,0.66,fixed,100,none,89088af6-702d-46f1-85f7-fa99660871db
513,56400,22.785646677017212,1.0,1.0,1.0,0.9960959999999999,0.0,0.0,0.0,0.0,0.0,0.0,0.0,0.0,0.0,0.0,0.0,0.0,0.0,0.0,0.002,0.998,0.05097620089879156,1881,0.0002978972804034042,1.4443151548454575e-07,6.523715666824725e-05,16,20,False,0.995,0.005,0.66,fixed,100,none,89088af6-702d-46f1-85f7-fa99660871db
514,56500,22.80538511276245,1.0,1.0,1.0,0.9960959999999999,0.0,0.0,0.0,0.0,0.0,0.0,0.0,0.0,0.0,0.0,0.0,0.0,0.0,0.0,0.002,0.998,0.05097620089879156,1881,0.00029728706044935914,1.4422005773896846e-07,6.510353934333512e-05,16,20,False,0.995,0.005,0.66,fixed,100,none,89088af6-702d-46f1-85f7-fa99660871db
515,56600,22.825164794921875,1.0,1.0,1.0,0.9960959999999999,0.0,0.0,0.0,0.0,0.0,0.0,0.0,0.0,0.0,0.0,0.0,0.0,0.0,0.0,0.002,0.998,0.05097620089879156,1881,0.00029800391948922594,1.4516397132561465e-07,6.526063913074343e-05,16,20,False,0.995,0.005,0.66,fixed,100,none,89088af6-702d-46f1-85f7-fa99660871db
516,56700,22.84481167793274,1.0,1.0,1.0,0.9960959999999999,0.0,0.0,0.0,0.0,0.0,0.0,0.0,0.0,0.0,0.0,0.0,0.0,0.0,0.0,0.002,0.998,0.05097620089879156,1881,0.0002981179244980153,1.4526407588723393e-07,6.528561384703413e-05,16,20,False,0.995,0.005,0.66,fixed,100,none,89088af6-702d-46f1-85f7-fa99660871db
517,56800,22.864401817321777,1.0,1.0,1.0,0.9960959999999999,0.0,0.0,0.0,0.0,0.0,0.0,0.0,0.0,0.0,0.0,0.0,0.0,0.0,0.0,0.002,0.998,0.05097620089879156,1881,0.0003006314439622026,1.46856566175089e-07,6.583612583089941e-05,16,20,False,0.995,0.005,0.66,fixed,100,none,89088af6-702d-46f1-85f7-fa99660871db
518,56900,22.884010076522827,1.0,1.0,1.0,0.9960959999999999,0.0,0.0,0.0,0.0,0.0,0.0,0.0,0.0,0.0,0.0,0.0,0.0,0.0,0.0,0.002,0.998,0.05097620089879156,1881,0.0003005231954386045,1.4715550575457316e-07,6.58124870276039e-05,16,20,False,0.995,0.005,0.66,fixed,100,none,89088af6-702d-46f1-85f7-fa99660871db
519,57000,22.903589010238647,1.0,1.0,1.0,0.9960959999999999,0.0,0.0,0.0,0.0,0.0,0.0,0.0,0.0,0.0,0.0,0.0,0.0,0.0,0.0,0.002,0.998,0.0513612395130943,1880,0.00029851661903996856,1.4627237062757562e-07,6.537307965826836e-05,16,20,False,0.995,0.005,0.66,fixed,100,none,89088af6-702d-46f1-85f7-fa99660871db
520,57300,22.923320055007935,1.0,1.0,1.0,0.9960959999999999,0.0,0.0,0.0,0.0,0.0,0.0,0.0,0.0,0.0,0.0,0.0,0.0,0.0,0.0,0.002,0.998,0.0513612395130943,1880,0.000300793358272929,1.4784359002768787e-07,6.587175640804942e-05,16,20,False,0.995,0.005,0.66,fixed,100,none,89088af6-702d-46f1-85f7-fa99660871db
521,57400,22.94301700592041,1.0,1.0,1.0,0.9960959999999999,0.0,0.0,0.0,0.0,0.0,0.0,0.0,0.0,0.0,0.0,0.0,0.0,0.0,0.0,0.002,0.998,0.05097620089879156,1881,0.0003036478519298977,1.4961575728416825e-07,6.64969417813386e-05,16,20,False,0.995,0.005,0.66,fixed,100,none,89088af6-702d-46f1-85f7-fa99660871db
522,57700,22.96270751953125,1.0,1.0,1.0,0.9960959999999999,0.0,0.0,0.0,0.0,0.0,0.0,0.0,0.0,0.0,0.0,0.0,0.0,0.0,0.0,0.002,0.998,0.05097620089879156,1881,0.0003033638963692965,1.5017145363020782e-07,6.643488949142875e-05,16,20,False,0.995,0.005,0.66,fixed,100,none,89088af6-702d-46f1-85f7-fa99660871db
523,57800,22.98582625389099,1.0,1.0,1.0,0.9960959999999999,0.0,0.0,0.0,0.0,0.0,0.0,0.0,0.0,0.0,0.0,0.0,0.0,0.0,0.0,0.002,0.998,0.05136123951309429,1880,0.0003046588833213417,1.5129203212872417e-07,6.671857504514617e-05,16,20,False,0.995,0.005,0.66,fixed,100,none,89088af6-702d-46f1-85f7-fa99660871db
524,57900,23.068341970443726,1.0,1.0,1.0,0.9960959999999999,0.0,0.0,0.0,0.0,0.0,0.0,0.0,0.0,0.0,0.0,0.0,0.0,0.0,0.0,0.002,0.998,0.05136123951309429,1880,0.00030446000017498253,1.5103778857563084e-07,6.667499121813304e-05,16,20,False,0.995,0.005,0.66,fixed,100,none,89088af6-702d-46f1-85f7-fa99660871db
525,58000,23.093663692474365,1.0,1.0,1.0,0.9960959999999999,0.0,0.0,0.0,0.0,0.0,0.0,0.0,0.0,0.0,0.0,0.0,0.0,0.0,0.0,0.002,0.998,0.05136123951309429,1880,0.0003049034368465924,1.513396757724769e-07,6.677211686411585e-05,16,20,False,0.995,0.005,0.66,fixed,100,none,89088af6-702d-46f1-85f7-fa99660871db
526,58100,23.114402055740356,1.0,1.0,1.0,0.9960959999999999,0.0,0.0,0.0,0.0,0.0,0.0,0.0,0.0,0.0,0.0,0.0,0.0,0.0,0.0,0.002,0.998,0.05136123951309429,1880,0.00030422130646343007,1.516192486192283e-07,6.662285164208251e-05,16,20,False,0.995,0.005,0.66,fixed,100,none,89088af6-702d-46f1-85f7-fa99660871db
527,58300,23.134547472000122,1.0,1.0,1.0,0.9960959999999999,0.0,0.0,0.0,0.0,0.0,0.0,0.0,0.0,0.0,0.0,0.0,0.0,0.0,0.0,0.002,0.998,0.05136123951309429,1880,0.0003052329822455822,1.517458232104733e-07,6.684433151996794e-05,16,20,False,0.995,0.005,0.66,fixed,100,none,89088af6-702d-46f1-85f7-fa99660871db
528,58400,23.155040502548218,1.0,1.0,1.0,0.9960959999999999,0.0,0.0,0.0,0.0,0.0,0.0,0.0,0.0,0.0,0.0,0.0,0.0,0.0,0.0,0.002,0.998,0.05136123951309429,1880,0.0003045770536005856,1.5122467577865406e-07,6.670064972156613e-05,16,20,False,0.995,0.005,0.66,fixed,100,none,89088af6-702d-46f1-85f7-fa99660871db
529,58500,23.1762113571167,1.0,1.0,1.0,0.9960959999999999,0.0,0.0,0.0,0.0,0.0,0.0,0.0,0.0,0.0,0.0,0.0,0.0,0.0,0.0,0.002,0.998,0.05136123951309429,1880,0.0003057750456809598,1.5248942499044588e-07,6.696313049031029e-05,16,20,False,0.995,0.005,0.66,fixed,100,none,89088af6-702d-46f1-85f7-fa99660871db
530,58700,23.1977219581604,1.0,1.0,1.0,0.9960959999999999,0.0,0.0,0.0,0.0,0.0,0.0,0.0,0.0,0.0,0.0,0.0,0.0,0.0,0.0,0.002,0.998,0.05136123951309429,1880,0.00030553058293069274,1.5291399229199945e-07,6.690969826206413e-05,16,20,False,0.995,0.005,0.66,fixed,100,none,89088af6-702d-46f1-85f7-fa99660871db
531,58800,23.22136354446411,1.0,1.0,1.0,0.9960959999999999,0.0,0.0,0.0,0.0,0.0,0.0,0.0,0.0,0.0,0.0,0.0,0.0,0.0,0.0,0.002,0.998,0.05097620089879156,1881,0.000306152595094289,1.538421044625426e-07,6.704603306598775e-05,16,20,False,0.995,0.005,0.66,fixed,100,none,89088af6-702d-46f1-85f7-fa99660871db
532,59100,23.259686708450317,1.0,1.0,1.0,0.9960959999999999,0.0,0.0,0.0,0.0,0.0,0.0,0.0,0.0,0.0,0.0,0.0,0.0,0.0,0.0,0.002,0.998,0.05136123951309429,1880,0.00031003618339355796,1.5772071052115523e-07,6.789688747984886e-05,16,20,False,0.995,0.005,0.66,fixed,100,none,89088af6-702d-46f1-85f7-fa99660871db
533,59200,23.3116557598114,1.0,1.0,1.0,0.9960959999999999,0.0,0.0,0.0,0.0,0.0,0.0,0.0,0.0,0.0,0.0,0.0,0.0,0.0,0.0,0.002,0.998,0.05136123951309429,1880,0.00031137376258508323,1.5918720681989503e-07,6.818996219917051e-05,16,20,False,0.995,0.005,0.66,fixed,100,none,89088af6-702d-46f1-85f7-fa99660871db
534,59300,23.337687492370605,1.0,1.0,1.0,0.9960959999999999,0.0,0.0,0.0,0.0,0.0,0.0,0.0,0.0,0.0,0.0,0.0,0.0,0.0,0.0,0.002,0.998,0.05136123951309429,1880,0.00030996100187442605,1.5809707307460856e-07,6.788050175419603e-05,16,20,False,0.995,0.005,0.66,fixed,100,none,89088af6-702d-46f1-85f7-fa99660871db
535,59500,23.380115747451782,1.0,1.0,1.0,0.9960959999999999,0.0,0.0,0.0,0.0,0.0,0.0,0.0,0.0,0.0,0.0,0.0,0.0,0.0,0.0,0.002,0.998,0.05136123951309429,1880,0.0003107717610512049,1.5938247791675549e-07,6.805822116491294e-05,16,20,False,0.995,0.005,0.66,fixed,100,none,89088af6-702d-46f1-85f7-fa99660871db
536,59600,23.405962467193604,1.0,1.0,1.0,0.9960959999999999,0.0,0.0,0.0,0.0,0.0,0.0,0.0,0.0,0.0,0.0,0.0,0.0,0.0,0.0,0.002,0.998,0.05136123951309429,1880,0.00031216310143748966,1.6090015406505874e-07,6.836307393393886e-05,16,20,False,0.995,0.005,0.66,fixed,100,none,89088af6-702d-46f1-85f7-fa99660871db
537,59700,23.433715343475342,1.0,1.0,1.0,0.9960959999999999,0.0,0.0,0.0,0.0,0.0,0.0,0.0,0.0,0.0,0.0,0.0,0.0,0.0,0.0,0.002,0.998,0.05136123951309429,1880,0.0003114621084467627,1.6080796394859222e-07,6.820960905214659e-05,16,20,False,0.995,0.005,0.66,fixed,100,none,89088af6-702d-46f1-85f7-fa99660871db
538,59800,23.45470380783081,1.0,1.0,1.0,0.9960959999999999,0.0,0.0,0.0,0.0,0.0,0.0,0.0,0.0,0.0,0.0,0.0,0.0,0.0,0.0,0.002,0.998,0.05136123951309429,1880,0.00031198622979338424,1.609957071210727e-07,6.832437488612482e-05,16,20,False,0.995,0.005,0.66,fixed,100,none,89088af6-702d-46f1-85f7-fa99660871db
539,59900,23.474363803863525,1.0,1.0,1.0,0.9960959999999999,0.0,0.0,0.0,0.0,0.0,0.0,0.0,0.0,0.0,0.0,0.0,0.0,0.0,0.0,0.002,0.998,0.05136123951309429,1880,0.0003120351679981496,1.6061370525346355e-07,6.83350148787931e-05,16,20,False,0.995,0.005,0.66,fixed,100,none,89088af6-702d-46f1-85f7-fa99660871db
540,60200,23.501582145690918,1.0,1.0,1.0,0.9960959999999999,0.0,0.0,0.0,0.0,0.0,0.0,0.0,0.0,0.0,0.0,0.0,0.0,0.0,0.0,0.002,0.998,0.05136123951309429,1880,0.0003120071839997641,1.5992091731399142e-07,6.832875755183802e-05,16,20,False,0.995,0.005,0.66,fixed,100,none,89088af6-702d-46f1-85f7-fa99660871db
541,60300,23.53069829940796,1.0,1.0,1.0,0.9960959999999999,0.0,0.0,0.0,0.0,0.0,0.0,0.0,0.0,0.0,0.0,0.0,0.0,0.0,0.0,0.002,0.998,0.05136123951309429,1880,0.00031052288531642795,1.5999493868361222e-07,6.800385863411596e-05,16,20,False,0.995,0.005,0.66,fixed,100,none,89088af6-702d-46f1-85f7-fa99660871db
542,60500,23.550506353378296,1.0,1.0,1.0,0.9960959999999999,0.0,0.0,0.0,0.0,0.0,0.0,0.0,0.0,0.0,0.0,0.0,0.0,0.0,0.0,0.002,0.998,0.05136123951309429,1880,0.0003091095327850452,1.5938655092415048e-07,6.769436017132199e-05,16,20,False,0.995,0.005,0.66,fixed,100,none,89088af6-702d-46f1-85f7-fa99660871db
543,60600,23.577881336212158,1.0,1.0,1.0,0.9960959999999999,0.0,0.0,0.0,0.0,0.0,0.0,0.0,0.0,0.0,0.0,0.0,0.0,0.0,0.0,0.002,0.998,0.05136123951309429,1880,0.00030879628108291163,1.589299685216043e-07,6.762570262306845e-05,16,20,False,0.995,0.005,0.66,fixed,100,none,89088af6-702d-46f1-85f7-fa99660871db
544,60700,23.59753656387329,1.0,1.0,1.0,0.9960959999999999,0.0,0.0,0.0,0.0,0.0,0.0,0.0,0.0,0.0,0.0,0.0,0.0,0.0,0.0,0.002,0.998,0.05136123951309429,1880,0.0003084132004228667,1.5946705701000749e-07,6.754194831339742e-05,16,20,False,0.995,0.005,0.66,fixed,100,none,89088af6-702d-46f1-85f7-fa99660871db
545,60800,23.62645149230957,1.0,1.0,1.0,0.9960959999999999,0.0,0.0,0.0,0.0,0.0,0.0,0.0,0.0,0.0,0.0,0.0,0.0,0.0,0.0,0.002,0.998,0.05136123951309429,1880,0.00030851622092700683,1.5992490694763193e-07,6.756458649324185e-05,16,20,False,0.995,0.005,0.66,fixed,100,none,89088af6-702d-46f1-85f7-fa99660871db
546,60900,23.646711826324463,1.0,1.0,1.0,0.9960959999999999,0.0,0.0,0.0,0.0,0.0,0.0,0.0,0.0,0.0,0.0,0.0,0.0,0.0,0.0,0.002,0.998,0.05136123951309429,1880,0.00030881368675718493,1.601693041699386e-07,6.762974819894007e-05,16,20,False,0.995,0.005,0.66,fixed,100,none,89088af6-702d-46f1-85f7-fa99660871db
547,61000,23.67482089996338,1.0,1.0,1.0,0.9960959999999999,0.0,0.0,0.0,0.0,0.0,0.0,0.0,0.0,0.0,0.0,0.0,0.0,0.0,0.0,0.002,0.998,0.051745274115364996,1879,0.0003096990570396407,1.605402969366333e-07,6.78236262423953e-05,16,20,False,0.995,0.005,0.66,fixed,100,none,89088af6-702d-46f1-85f7-fa99660871db
548,61200,23.694664001464844,1.0,1.0,1.0,0.9960959999999999,0.0,0.0,0.0,0.0,0.0,0.0,0.0,0.0,0.0,0.0,0.0,0.0,0.0,0.0,0.002,0.998,0.051745274115364996,1879,0.00030888035645134065,1.597371124673316e-07,6.764426007856726e-05,16,20,False,0.995,0.005,0.66,fixed,100,none,89088af6-702d-46f1-85f7-fa99660871db
549,61300,23.72249174118042,1.0,1.0,1.0,0.9960959999999999,0.0,0.0,0.0,0.0,0.0,0.0,0.0,0.0,0.0,0.0,0.0,0.0,0.0,0.0,0.002,0.998,0.051745274115364996,1879,0.000308099558052417,1.5869205138576319e-07,6.747314474743737e-05,16,20,False,0.995,0.005,0.66,fixed,100,none,89088af6-702d-46f1-85f7-fa99660871db
550,61400,23.742483615875244,1.0,1.0,1.0,0.9960959999999999,0.0,0.0,0.0,0.0,0.0,0.0,0.0,0.0,0.0,0.0,0.0,0.0,0.0,0.0,0.002,0.998,0.051745274115364996,1879,0.0003082313549312704,1.5890756990550772e-07,6.750203603273714e-05,16,20,False,0.995,0.005,0.66,fixed,100,none,89088af6-702d-46f1-85f7-fa99660871db
551,61600,23.77277970314026,1.0,1.0,1.0,0.9960959999999999,0.0,0.0,0.0,0.0,0.0,0.0,0.0,0.0,0.0,0.0,0.0,0.0,0.0,0.0,0.002,0.998,0.051745274115364996,1879,0.00030786765579964996,1.587918645520634e-07,6.742240030880827e-05,16,20,False,0.995,0.005,0.66,fixed,100,none,89088af6-702d-46f1-85f7-fa99660871db
552,61700,23.792820692062378,1.0,1.0,1.0,0.9960959999999999,0.0,0.0,0.0,0.0,0.0,0.0,0.0,0.0,0.0,0.0,0.0,0.0,0.0,0.0,0.002,0.998,0.05136123951309429,1880,0.0003089562064768897,1.5998506266549383e-07,6.766091075969761e-05,16,20,False,0.995,0.005,0.66,fixed,100,none,89088af6-702d-46f1-85f7-fa99660871db
553,61800,23.81265926361084,1.0,1.0,1.0,0.9960959999999999,0.0,0.0,0.0,0.0,0.0,0.0,0.0,0.0,0.0,0.0,0.0,0.0,0.0,0.0,0.002,0.998,0.051745274115364996,1879,0.00030903295734048753,1.6029383929353436e-07,6.76777701912985e-05,16,20,False,0.995,0.005,0.66,fixed,100,none,89088af6-702d-46f1-85f7-fa99660871db
554,62000,23.8392014503479,1.0,1.0,1.0,0.9960959999999999,0.0,0.0,0.0,0.0,0.0,0.0,0.0,0.0,0.0,0.0,0.0,0.0,0.0,0.0,0.002,0.998,0.052128304705603576,1878,0.00030847892380877833,1.5967360547672187e-07,6.755637440678215e-05,16,20,False,0.995,0.005,0.66,fixed,100,none,89088af6-702d-46f1-85f7-fa99660871db
555,62100,23.862839460372925,1.0,1.0,1.0,0.9960959999999999,0.0,0.0,0.0,0.0,0.0,0.0,0.0,0.0,0.0,0.0,0.0,0.0,0.0,0.0,0.002,0.998,0.052128304705603576,1878,0.0003091022667556017,1.6023317602498523e-07,6.769293049624596e-05,16,20,False,0.995,0.005,0.66,fixed,100,none,89088af6-702d-46f1-85f7-fa99660871db
556,62200,23.889622449874878,1.0,1.0,1.0,0.9960959999999999,0.0,0.0,0.0,0.0,0.0,0.0,0.0,0.0,0.0,0.0,0.0,0.0,0.0,0.0,0.002,0.998,0.051745274115364996,1879,0.0003102622718311964,1.6183569223665533e-07,6.794716008537386e-05,16,20,False,0.995,0.005,0.66,fixed,100,none,89088af6-702d-46f1-85f7-fa99660871db
557,62300,23.911141872406006,1.0,1.0,1.0,0.9960959999999999,0.0,0.0,0.0,0.0,0.0,0.0,0.0,0.0,0.0,0.0,0.0,0.0,0.0,0.0,0.002,0.998,0.051745274115364996,1879,0.0003102622718311964,1.6183569223665533e-07,6.794716008537386e-05,16,20,False,0.995,0.005,0.66,fixed,100,none,89088af6-702d-46f1-85f7-fa99660871db
558,62400,23.9413480758667,1.0,1.0,1.0,0.9960959999999999,0.0,0.0,0.0,0.0,0.0,0.0,0.0,0.0,0.0,0.0,0.0,0.0,0.0,0.0,0.002,0.998,0.051745274115364996,1879,0.0003113761315105365,1.6311212196001012e-07,6.819122649082884e-05,16,20,False,0.995,0.005,0.66,fixed,100,none,89088af6-702d-46f1-85f7-fa99660871db
559,62700,23.973851919174194,1.0,1.0,1.0,0.9960959999999999,0.0,0.0,0.0,0.0,0.0,0.0,0.0,0.0,0.0,0.0,0.0,0.0,0.0,0.0,0.002,0.998,0.051745274115364996,1879,0.00031011062805977096,1.631751673635813e-07,6.791421976408295e-05,16,20,False,0.995,0.005,0.66,fixed,100,none,89088af6-702d-46f1-85f7-fa99660871db
560,62800,23.994980573654175,1.0,1.0,1.0,0.9960959999999999,0.0,0.0,0.0,0.0,0.0,0.0,0.0,0.0,0.0,0.0,0.0,0.0,0.0,0.0,0.002,0.998,0.051745274115364996,1879,0.00030905836148869355,1.6163308824631626e-07,6.768358561664183e-05,16,20,False,0.995,0.005,0.66,fixed,100,none,89088af6-702d-46f1-85f7-fa99660871db
561,63100,24.025243759155273,1.0,1.0,1.0,0.9960959999999999,0.0,0.0,0.0,0.0,0.0,0.0,0.0,0.0,0.0,0.0,0.0,0.0,0.0,0.0,0.002,0.998,0.051745274115364996,1879,0.0003109569215284961,1.635277304161471e-07,6.809954039136687e-05,16,20,False,0.995,0.005,0.66,fixed,100,none,89088af6-702d-46f1-85f7-fa99660871db
562,63200,24.04524064064026,1.0,1.0,1.0,0.9960959999999999,0.0,0.0,0.0,0.0,0.0,0.0,0.0,0.0,0.0,0.0,0.0,0.0,0.0,0.0,0.002,0.998,0.051745274115364996,1879,0.00031023291904454475,1.6302346146050145e-07,6.794096043652835e-05,16,20,False,0.995,0.005,0.66,fixed,100,none,89088af6-702d-46f1-85f7-fa99660871db
563,63300,24.07273030281067,1.0,1.0,1.0,0.9960959999999999,0.0,0.0,0.0,0.0,0.0,0.0,0.0,0.0,0.0,0.0,0.0,0.0,0.0,0.0,0.002,0.998,0.051745274115364996,1879,0.00030963082481417624,1.6267040022793496e-07,6.780909492786649e-05,16,20,False,0.995,0.005,0.66,fixed,100,none,89088af6-702d-46f1-85f7-fa99660871db
564,63400,24.103251934051514,1.0,1.0,1.0,0.9960959999999999,0.0,0.0,0.0,0.0,0.0,0.0,0.0,0.0,0.0,0.0,0.0,0.0,0.0,0.0,0.002,0.998,0.051745274115364996,1879,0.0003104660380828064,1.6348234801638887e-07,6.799207738244944e-05,16,20,False,0.995,0.005,0.66,fixed,100,none,89088af6-702d-46f1-85f7-fa99660871db
565,63500,24.130398750305176,1.0,1.0,1.0,0.9960959999999999,0.0,0.0,0.0,0.0,0.0,0.0,0.0,0.0,0.0,0.0,0.0,0.0,0.0,0.0,0.002,0.998,0.051745274115364996,1879,0.00030991559226000673,1.632955032867904e-07,6.787154929133997e-05,16,20,False,0.995,0.005,0.66,fixed,100,none,89088af6-702d-46f1-85f7-fa99660871db
566,63800,24.160760641098022,1.0,1.0,1.0,0.9960959999999999,0.0,0.0,0.0,0.0,0.0,0.0,0.0,0.0,0.0,0.0,0.0,0.0,0.0,0.0,0.002,0.998,0.051745274115364996,1879,0.00031320584777264716,1.6492174853273892e-07,6.859209520965369e-05,16,20,False,0.995,0.005,0.66,fixed,100,none,89088af6-702d-46f1-85f7-fa99660871db
567,63900,24.19156813621521,1.0,1.0,1.0,0.9960959999999999,0.0,0.0,0.0,0.0,0.0,0.0,0.0,0.0,0.0,0.0,0.0,0.0,0.0,0.0,0.002,0.998,0.05136123951309429,1880,0.00031283495947113054,1.6471219620363272e-07,6.851086794550917e-05,16,20,False,0.995,0.005,0.66,fixed,100,none,89088af6-702d-46f1-85f7-fa99660871db
568,64100,24.21509861946106,1.0,1.0,1.0,0.9960959999999999,0.0,0.0,0.0,0.0,0.0,0.0,0.0,0.0,0.0,0.0,0.0,0.0,0.0,0.0,0.002,0.998,0.051745274115364996,1879,0.00031475304513020456,1.6581795953797677e-07,6.8930946991314e-05,16,20,False,0.995,0.005,0.66,fixed,100,none,89088af6-702d-46f1-85f7-fa99660871db
569,64200,24.236039638519287,1.0,1.0,1.0,0.9960959999999999,0.0,0.0,0.0,0.0,0.0,0.0,0.0,0.0,0.0,0.0,0.0,0.0,0.0,0.0,0.002,0.998,0.051745274115364996,1879,0.00031642879808962683,1.6562564622658792e-07,6.929773277460236e-05,16,20,False,0.995,0.005,0.66,fixed,100,none,89088af6-702d-46f1-85f7-fa99660871db
570,64300,24.261356115341187,1.0,1.0,1.0,0.9960959999999999,0.0,0.0,0.0,0.0,0.0,0.0,0.0,0.0,0.0,0.0,0.0,0.0,0.0,0.0,0.002,0.998,0.051745274115364996,1879,0.00031642879808962683,1.6562564622658792e-07,6.929773277460236e-05,16,20,False,0.995,0.005,0.66,fixed,100,none,89088af6-702d-46f1-85f7-fa99660871db
571,64400,24.287288904190063,1.0,1.0,1.0,0.9960959999999999,0.0,0.0,0.0,0.0,0.0,0.0,0.0,0.0,0.0,0.0,0.0,0.0,0.0,0.0,0.002,0.998,0.051361239513094306,1880,0.00031735782988248623,1.6720008873630466e-07,6.950139697813614e-05,16,20,False,0.995,0.005,0.66,fixed,100,none,89088af6-702d-46f1-85f7-fa99660871db
572,64500,24.32446265220642,1.0,1.0,1.0,0.9960959999999999,0.0,0.0,0.0,0.0,0.0,0.0,0.0,0.0,0.0,0.0,0.0,0.0,0.0,0.0,0.002,0.998,0.051361239513094306,1880,0.00031812842817780375,1.6716254854372662e-07,6.967007381234454e-05,16,20,False,0.995,0.005,0.66,fixed,100,none,89088af6-702d-46f1-85f7-fa99660871db
573,64600,24.34439516067505,1.0,1.0,1.0,0.9960959999999999,0.0,0.0,0.0,0.0,0.0,0.0,0.0,0.0,0.0,0.0,0.0,0.0,0.0,0.0,0.002,0.998,0.051361239513094306,1880,0.00031777347367750215,1.6619991409205977e-07,6.959219137168272e-05,16,20,False,0.995,0.005,0.66,fixed,100,none,89088af6-702d-46f1-85f7-fa99660871db
574,64800,24.363992929458618,1.0,1.0,1.0,0.9960959999999999,0.0,0.0,0.0,0.0,0.0,0.0,0.0,0.0,0.0,0.0,0.0,0.0,0.0,0.0,0.002,0.998,0.051745274115364996,1879,0.00031977803300986757,1.6864085610909942e-07,7.003145318852075e-05,16,20,False,0.995,0.005,0.66,fixed,100,none,89088af6-702d-46f1-85f7-fa99660871db
575,64900,24.383535146713257,1.0,1.0,1.0,0.9960959999999999,0.0,0.0,0.0,0.0,0.0,0.0,0.0,0.0,0.0,0.0,0.0,0.0,0.0,0.0,0.002,0.998,0.051745274115364996,1879,0.0003199180412247153,1.7021532570202978e-07,7.006240013597357e-05,16,20,False,0.995,0.005,0.66,fixed,100,none,89088af6-702d-46f1-85f7-fa99660871db
576,65000,24.402935028076172,1.0,1.0,1.0,0.9960959999999999,0.0,0.0,0.0,0.0,0.0,0.0,0.0,0.0,0.0,0.0,0.0,0.0,0.0,0.0,0.002,0.998,0.051745274115364996,1879,0.0003202807708440095,1.6994225974289296e-07,7.014174976710484e-05,16,20,False,0.995,0.005,0.66,fixed,100,none,89088af6-702d-46f1-85f7-fa99660871db
577,65200,24.422472953796387,1.0,1.0,1.0,0.9960959999999999,0.0,0.0,0.0,0.0,0.0,0.0,0.0,0.0,0.0,0.0,0.0,0.0,0.0,0.0,0.002,0.998,0.0513612395130943,1880,0.0003199224206560216,1.699282290839876e-07,7.006330424512909e-05,16,20,False,0.995,0.005,0.66,fixed,100,none,89088af6-702d-46f1-85f7-fa99660871db
578,65300,24.442021369934082,1.0,1.0,1.0,0.9960959999999999,0.0,0.0,0.0,0.0,0.0,0.0,0.0,0.0,0.0,0.0,0.0,0.0,0.0,0.0,0.002,0.998,0.051745274115364996,1879,0.0003201570918194803,1.6990066397426932e-07,7.011466852543935e-05,16,20,False,0.995,0.005,0.66,fixed,100,none,89088af6-702d-46f1-85f7-fa99660871db
579,65400,24.462347745895386,1.0,1.0,1.0,0.9960959999999999,0.0,0.0,0.0,0.0,0.0,0.0,0.0,0.0,0.0,0.0,0.0,0.0,0.0,0.0,0.002,0.998,0.05097620089879157,1881,0.00032101282777878966,1.7107106561869288e-07,7.030221150324461e-05,16,20,False,0.995,0.005,0.66,fixed,100,none,89088af6-702d-46f1-85f7-fa99660871db
580,65500,24.48226499557495,1.0,1.0,1.0,0.9960959999999999,0.0,0.0,0.0,0.0,0.0,0.0,0.0,0.0,0.0,0.0,0.0,0.0,0.0,0.0,0.002,0.998,0.05097620089879156,1881,0.0003211381800773983,1.7138688881698907e-07,7.032971112781772e-05,16,20,False,0.995,0.005,0.66,fixed,100,none,89088af6-702d-46f1-85f7-fa99660871db
581,65600,24.501920700073242,1.0,1.0,1.0,0.9960959999999999,0.0,0.0,0.0,0.0,0.0,0.0,0.0,0.0,0.0,0.0,0.0,0.0,0.0,0.0,0.002,0.998,0.05097620089879157,1881,0.00032274695296086425,1.7223400678574752e-07,7.068203246442248e-05,16,20,False,0.995,0.005,0.66,fixed,100,none,89088af6-702d-46f1-85f7-fa99660871db
582,65700,24.521524667739868,1.0,1.0,1.0,0.9960959999999999,0.0,0.0,0.0,0.0,0.0,0.0,0.0,0.0,0.0,0.0,0.0,0.0,0.0,0.0,0.002,0.998,0.0513612395130943,1880,0.0003248887456641135,1.7419364203139062e-07,7.115124321786041e-05,16,20,False,0.995,0.005,0.66,fixed,100,none,89088af6-702d-46f1-85f7-fa99660871db
583,65900,24.54130721092224,1.0,1.0,1.0,0.9960959999999999,0.0,0.0,0.0,0.0,0.0,0.0,0.0,0.0,0.0,0.0,0.0,0.0,0.0,0.0,0.002,0.998,0.05097620089879156,1881,0.0003245806766251868,1.7440856297099856e-07,7.108384774021788e-05,16,20,False,0.995,0.005,0.66,fixed,100,none,89088af6-702d-46f1-85f7-fa99660871db
584,66000,24.57177472114563,1.0,1.0,1.0,0.9960959999999999,0.0,0.0,0.0,0.0,0.0,0.0,0.0,0.0,0.0,0.0,0.0,0.0,0.0,0.0,0.002,0.998,0.05097620089879156,1881,0.0003249358187323247,1.7509065308887589e-07,7.116171794459277e-05,16,20,False,0.995,0.005,0.66,fixed,100,none,89088af6-702d-46f1-85f7-fa99660871db
585,66300,24.591780424118042,1.0,1.0,1.0,0.9960959999999999,0.0,0.0,0.0,0.0,0.0,0.0,0.0,0.0,0.0,0.0,0.0,0.0,0.0,0.0,0.002,0.998,0.05097620089879157,1881,0.0003262359304931871,1.7523608234572997e-07,7.144634004060434e-05,16,20,False,0.995,0.005,0.66,fixed,100,none,89088af6-702d-46f1-85f7-fa99660871db
586,66400,24.611518144607544,1.0,1.0,1.0,0.9960959999999999,0.0,0.0,0.0,0.0,0.0,0.0,0.0,0.0,0.0,0.0,0.0,0.0,0.0,0.0,0.002,0.998,0.05097620089879157,1881,0.0003257878017175788,1.7532832694320444e-07,7.134826217809722e-05,16,20,False,0.995,0.005,0.66,fixed,100,none,89088af6-702d-46f1-85f7-fa99660871db
587,66500,24.632188081741333,1.0,1.0,1.0,0.9960959999999999,0.0,0.0,0.0,0.0,0.0,0.0,0.0,0.0,0.0,0.0,0.0,0.0,0.0,0.0,0.002,0.998,0.05097620089879156,1881,0.0003268800389934621,1.757840773824977e-07,7.158743951037153e-05,16,20,False,0.995,0.005,0.66,fixed,100,none,89088af6-702d-46f1-85f7-fa99660871db
588,66700,24.651649951934814,1.0,1.0,1.0,0.9960959999999999,0.0,0.0,0.0,0.0,0.0,0.0,0.0,0.0,0.0,0.0,0.0,0.0,0.0,0.0,0.002,0.998,0.050590158272456734,1882,0.0003271869657179493,1.7594996300627957e-07,7.165465728863029e-05,16,20,False,0.995,0.005,0.66,fixed,100,none,89088af6-702d-46f1-85f7-fa99660871db
589,66800,24.671172857284546,1.0,1.0,1.0,0.9960959999999999,0.0,0.0,0.0,0.0,0.0,0.0,0.0,0.0,0.0,0.0,0.0,0.0,0.0,0.0,0.002,0.998,0.050590158272456734,1882,0.0003275275755588539,1.765144625655818e-07,7.172932403772058e-05,16,20,False,0.995,0.005,0.66,fixed,100,none,89088af6-702d-46f1-85f7-fa99660871db
590,67000,24.693394899368286,1.0,1.0,1.0,0.9960959999999999,0.0,0.0,0.0,0.0,0.0,0.0,0.0,0.0,0.0,0.0,0.0,0.0,0.0,0.0,0.002,0.998,0.05097620089879156,1881,0.0003261602665123555,1.750853648889793e-07,7.142974855888354e-05,16,20,False,0.995,0.005,0.66,fixed,100,none,89088af6-702d-46f1-85f7-fa99660871db
591,67100,24.713260412216187,1.0,1.0,1.0,0.9960959999999999,0.0,0.0,0.0,0.0,0.0,0.0,0.0,0.0,0.0,0.0,0.0,0.0,0.0,0.0,0.002,0.998,0.050590158272456734,1882,0.00032652562935428443,1.7587315382527585e-07,7.150987616487967e-05,16,20,False,0.995,0.005,0.66,fixed,100,none,89088af6-702d-46f1-85f7-fa99660871db
592,67400,24.732827186584473,1.0,1.0,1.0,0.9960959999999999,0.0,0.0,0.0,0.0,0.0,0.0,0.0,0.0,0.0,0.0,0.0,0.0,0.0,0.0,0.002,0.998,0.050590158272456734,1882,0.0003273390173212401,1.7764748917503878e-07,7.168826391456271e-05,16,20,False,0.995,0.005,0.66,fixed,100,none,89088af6-702d-46f1-85f7-fa99660871db
593,67500,24.752739429473877,1.0,1.0,1.0,0.9960959999999999,0.0,0.0,0.0,0.0,0.0,0.0,0.0,0.0,0.0,0.0,0.0,0.0,0.0,0.0,0.002,0.998,0.050590158272456734,1882,0.0003274992327467676,1.795323408931502e-07,7.172369319303713e-05,16,20,False,0.995,0.005,0.66,fixed,100,none,89088af6-702d-46f1-85f7-fa99660871db
594,67600,24.772902965545654,1.0,1.0,1.0,0.9960959999999999,0.0,0.0,0.0,0.0,0.0,0.0,0.0,0.0,0.0,0.0,0.0,0.0,0.0,0.0,0.002,0.998,0.050590158272456734,1882,0.0003281732180504724,1.7965486789924292e-07,7.187125185614926e-05,16,20,False,0.995,0.005,0.66,fixed,100,none,89088af6-702d-46f1-85f7-fa99660871db
595,67700,24.79256010055542,1.0,1.0,1.0,0.9960959999999999,0.0,0.0,0.0,0.0,0.0,0.0,0.0,0.0,0.0,0.0,0.0,0.0,0.0,0.0,0.002,0.998,0.050590158272456734,1882,0.0003281732180504724,1.7965486789924292e-07,7.187125185614926e-05,16,20,False,0.995,0.005,0.66,fixed,100,none,89088af6-702d-46f1-85f7-fa99660871db
596,67800,24.812236070632935,1.0,1.0,1.0,0.9960959999999999,0.0,0.0,0.0,0.0,0.0,0.0,0.0,0.0,0.0,0.0,0.0,0.0,0.0,0.0,0.002,0.998,0.050590158272456734,1882,0.0003289402193286032,1.7990139477957206e-07,7.203919527603936e-05,16,20,False,0.995,0.005,0.66,fixed,100,none,89088af6-702d-46f1-85f7-fa99660871db
597,68100,24.832823514938354,1.0,1.0,1.0,0.9960959999999999,0.0,0.0,0.0,0.0,0.0,0.0,0.0,0.0,0.0,0.0,0.0,0.0,0.0,0.0,0.002,0.998,0.050590158272456734,1882,0.0003289241112176264,1.7966816628264146e-07,7.203562489713212e-05,16,20,False,0.995,0.005,0.66,fixed,100,none,89088af6-702d-46f1-85f7-fa99660871db
598,68200,24.852399110794067,1.0,1.0,1.0,0.9960959999999999,0.0,0.0,0.0,0.0,0.0,0.0,0.0,0.0,0.0,0.0,0.0,0.0,0.0,0.0,0.002,0.998,0.050590158272456734,1882,0.0003313595258297344,1.8258385587765403e-07,7.256929113674561e-05,16,20,False,0.995,0.005,0.66,fixed,100,none,89088af6-702d-46f1-85f7-fa99660871db
599,68500,24.8721706867218,1.0,1.0,1.0,0.9960959999999999,0.0,0.0,0.0,0.0,0.0,0.0,0.0,0.0,0.0,0.0,0.0,0.0,0.0,0.0,0.002,0.998,0.050590158272456734,1882,0.00033152511473403065,1.8231989198819976e-07,7.260548839475706e-05,16,20,False,0.995,0.005,0.66,fixed,100,none,89088af6-702d-46f1-85f7-fa99660871db
600,68600,24.89175295829773,1.0,1.0,1.0,0.9960959999999999,0.0,0.0,0.0,0.0,0.0,0.0,0.0,0.0,0.0,0.0,0.0,0.0,0.0,0.0,0.002,0.998,0.05059015827245674,1882,0.0003313042733815912,1.8187949525644998e-07,7.255706254732905e-05,16,20,False,0.995,0.005,0.66,fixed,100,none,89088af6-702d-46f1-85f7-fa99660871db
601,68700,24.920659065246582,1.0,1.0,1.0,0.9960959999999999,0.0,0.0,0.0,0.0,0.0,0.0,0.0,0.0,0.0,0.0,0.0,0.0,0.0,0.0,0.002,0.998,0.05059015827245674,1882,0.00033144175073171765,1.8227742475747829e-07,7.258723194587692e-05,16,20,False,0.995,0.005,0.66,fixed,100,none,89088af6-702d-46f1-85f7-fa99660871db
602,68800,24.940216302871704,1.0,1.0,1.0,0.9960959999999999,0.0,0.0,0.0,0.0,0.0,0.0,0.0,0.0,0.0,0.0,0.0,0.0,0.0,0.0,0.002,0.998,0.05059015827245674,1882,0.0003328503036468161,1.835999230103794e-07,7.289581545366003e-05,16,20,False,0.995,0.005,0.66,fixed,100,none,89088af6-702d-46f1-85f7-fa99660871db
603,68900,24.959939002990723,1.0,1.0,1.0,0.9960959999999999,0.0,0.0,0.0,0.0,0.0,0.0,0.0,0.0,0.0,0.0,0.0,0.0,0.0,0.0,0.002,0.998,0.050590158272456734,1882,0.00033318397333439954,1.835734723496592e-07,7.29688507226465e-05,16,20,False,0.995,0.005,0.66,fixed,100,none,89088af6-702d-46f1-85f7-fa99660871db
604,69200,24.97966241836548,1.0,1.0,1.0,0.9960959999999999,0.0,0.0,0.0,0.0,0.0,0.0,0.0,0.0,0.0,0.0,0.0,0.0,0.0,0.0,0.002,0.998,0.050590158272456734,1882,0.0003331769537223906,1.8377994018054263e-07,7.296735335846561e-05,16,20,False,0.995,0.005,0.66,fixed,100,none,89088af6-702d-46f1-85f7-fa99660871db
605,69300,24.99936866760254,1.0,1.0,1.0,0.9960959999999999,0.0,0.0,0.0,0.0,0.0,0.0,0.0,0.0,0.0,0.0,0.0,0.0,0.0,0.0,0.002,0.998,0.050590158272456734,1882,0.00033457338058680617,1.856758598774377e-07,7.327339142382859e-05,16,20,False,0.995,0.005,0.66,fixed,100,none,89088af6-702d-46f1-85f7-fa99660871db
606,69500,25.01899218559265,1.0,1.0,1.0,0.9960959999999999,0.0,0.0,0.0,0.0,0.0,0.0,0.0,0.0,0.0,0.0,0.0,0.0,0.0,0.0,0.002,0.998,0.050590158272456734,1882,0.00033799755246759515,1.8847463584590809e-07,7.40234744159673e-05,16,20,False,0.995,0.005,0.66,fixed,100,none,89088af6-702d-46f1-85f7-fa99660871db
607,69600,25.038673877716064,1.0,1.0,1.0,0.9960959999999999,0.0,0.0,0.0,0.0,0.0,0.0,0.0,0.0,0.0,0.0,0.0,0.0,0.0,0.0,0.002,0.998,0.050590158272456734,1882,0.00034028104685757154,1.9042710209214947e-07,7.452370230651992e-05,16,20,False,0.995,0.005,0.66,fixed,100,none,89088af6-702d-46f1-85f7-fa99660871db
608,69800,25.058364629745483,1.0,1.0,1.0,0.9960959999999999,0.0,0.0,0.0,0.0,0.0,0.0,0.0,0.0,0.0,0.0,0.0,0.0,0.0,0.0,0.002,0.998,0.050590158272456734,1882,0.0003408958008701623,1.9034781350486662e-07,7.465825689504446e-05,16,20,False,0.995,0.005,0.66,fixed,100,none,89088af6-702d-46f1-85f7-fa99660871db
609,69900,25.078109979629517,1.0,1.0,1.0,0.9960959999999999,0.0,0.0,0.0,0.0,0.0,0.0,0.0,0.0,0.0,0.0,0.0,0.0,0.0,0.0,0.002,0.998,0.050590158272456734,1882,0.000340313906795716,1.903431142723968e-07,7.4530879389294e-05,16,20,False,0.995,0.005,0.66,fixed,100,none,89088af6-702d-46f1-85f7-fa99660871db
610,70000,25.097793579101562,1.0,1.0,1.0,0.9960959999999999,0.0,0.0,0.0,0.0,0.0,0.0,0.0,0.0,0.0,0.0,0.0,0.0,0.0,0.0,0.002,0.998,0.050590158272456734,1882,0.00034198601037004837,1.910724786433332e-07,7.489704144094583e-05,16,20,False,0.995,0.005,0.66,fixed,100,none,89088af6-702d-46f1-85f7-fa99660871db
611,70300,25.117300271987915,1.0,1.0,1.0,0.9960959999999999,0.0,0.0,0.0,0.0,0.0,0.0,0.0,0.0,0.0,0.0,0.0,0.0,0.0,0.0,0.002,0.998,0.05097620089879156,1881,0.00034126457903646215,1.909559945486539e-07,7.473909799004582e-05,16,20,False,0.995,0.005,0.66,fixed,100,none,89088af6-702d-46f1-85f7-fa99660871db
612,70400,25.13719916343689,1.0,1.0,1.0,0.9960959999999999,0.0,0.0,0.0,0.0,0.0,0.0,0.0,0.0,0.0,0.0,0.0,0.0,0.0,0.0,0.002,0.998,0.05097620089879156,1881,0.00034157399509363024,1.9163574736873127e-07,7.480695831799572e-05,16,20,False,0.995,0.005,0.66,fixed,100,none,89088af6-702d-46f1-85f7-fa99660871db
613,70500,25.157236576080322,1.0,1.0,1.0,0.9960959999999999,0.0,0.0,0.0,0.0,0.0,0.0,0.0,0.0,0.0,0.0,0.0,0.0,0.0,0.0,0.002,0.998,0.05097620089879156,1881,0.00034157399509363024,1.9163574736873127e-07,7.480695831799572e-05,16,20,False,0.995,0.005,0.66,fixed,100,none,89088af6-702d-46f1-85f7-fa99660871db
614,70600,25.17698383331299,1.0,1.0,1.0,0.9960959999999999,0.0,0.0,0.0,0.0,0.0,0.0,0.0,0.0,0.0,0.0,0.0,0.0,0.0,0.0,0.002,0.998,0.05097620089879156,1881,0.0003422241165954557,1.9189545926000585e-07,7.494931926000465e-05,16,20,False,0.995,0.005,0.66,fixed,100,none,89088af6-702d-46f1-85f7-fa99660871db
615,70700,25.196601390838623,1.0,1.0,1.0,0.9960959999999999,0.0,0.0,0.0,0.0,0.0,0.0,0.0,0.0,0.0,0.0,0.0,0.0,0.0,0.0,0.002,0.998,0.05097620089879156,1881,0.00034359056949167686,1.929907355696652e-07,7.52486439014863e-05,16,20,False,0.995,0.005,0.66,fixed,100,none,89088af6-702d-46f1-85f7-fa99660871db
616,70900,25.216248750686646,1.0,1.0,1.0,0.9960959999999999,0.0,0.0,0.0,0.0,0.0,0.0,0.0,0.0,0.0,0.0,0.0,0.0,0.0,0.0,0.002,0.998,0.05097620089879156,1881,0.0003440973702966282,1.9308768251730968e-07,7.53596010176102e-05,16,20,False,0.995,0.005,0.66,fixed,100,none,89088af6-702d-46f1-85f7-fa99660871db
617,71000,25.235783576965332,1.0,1.0,1.0,0.9960959999999999,0.0,0.0,0.0,0.0,0.0,0.0,0.0,0.0,0.0,0.0,0.0,0.0,0.0,0.0,0.002,0.998,0.05097620089879156,1881,0.00034463777620324736,1.9350091625528027e-07,7.547797438497935e-05,16,20,False,0.995,0.005,0.66,fixed,100,none,89088af6-702d-46f1-85f7-fa99660871db
618,71100,25.255574703216553,1.0,1.0,1.0,0.9960959999999999,0.0,0.0,0.0,0.0,0.0,0.0,0.0,0.0,0.0,0.0,0.0,0.0,0.0,0.0,0.002,0.998,0.05097620089879156,1881,0.00034417949224378784,1.938017170866855e-07,7.537771317841164e-05,16,20,False,0.995,0.005,0.66,fixed,100,none,89088af6-702d-46f1-85f7-fa99660871db
619,71400,25.275221824645996,1.0,1.0,1.0,0.9960959999999999,0.0,0.0,0.0,0.0,0.0,0.0,0.0,0.0,0.0,0.0,0.0,0.0,0.0,0.0,0.002,0.998,0.05059015827245674,1882,0.00034723168697080607,1.9663001860989919e-07,7.604637598144533e-05,16,20,False,0.995,0.005,0.66,fixed,100,none,89088af6-702d-46f1-85f7-fa99660871db
620,71500,25.29475998878479,1.0,1.0,1.0,0.9960959999999999,0.0,0.0,0.0,0.0,0.0,0.0,0.0,0.0,0.0,0.0,0.0,0.0,0.0,0.0,0.002,0.998,0.05059015827245674,1882,0.00034710310980154966,1.9701128939798548e-07,7.601830288054485e-05,16,20,False,0.995,0.005,0.66,fixed,100,none,89088af6-702d-46f1-85f7-fa99660871db
621,71600,25.314335346221924,1.0,1.0,1.0,0.9960959999999999,0.0,0.0,0.0,0.0,0.0,0.0,0.0,0.0,0.0,0.0,0.0,0.0,0.0,0.0,0.002,0.998,0.05059015827245674,1882,0.0003462935813054967,1.962138747113489e-07,7.584094558396838e-05,16,20,False,0.995,0.005,0.66,fixed,100,none,89088af6-702d-46f1-85f7-fa99660871db
622,71700,25.333942890167236,1.0,1.0,1.0,0.9960959999999999,0.0,0.0,0.0,0.0,0.0,0.0,0.0,0.0,0.0,0.0,0.0,0.0,0.0,0.0,0.002,0.998,0.05097620089879156,1881,0.00034733957760873005,1.976054983720281e-07,7.60701785832417e-05,16,20,False,0.995,0.005,0.66,fixed,100,none,89088af6-702d-46f1-85f7-fa99660871db
623,71800,25.35355567932129,1.0,1.0,1.0,0.9960959999999999,0.0,0.0,0.0,0.0,0.0,0.0,0.0,0.0,0.0,0.0,0.0,0.0,0.0,0.0,0.002,0.998,0.05097620089879156,1881,0.00034705561799212457,1.9745432177542334e-07,7.600799109961341e-05,16,20,False,0.995,0.005,0.66,fixed,100,none,89088af6-702d-46f1-85f7-fa99660871db
624,72100,25.373133897781372,1.0,1.0,1.0,0.9960959999999999,0.0,0.0,0.0,0.0,0.0,0.0,0.0,0.0,0.0,0.0,0.0,0.0,0.0,0.0,0.002,0.998,0.05097620089879156,1881,0.00034683871421705835,1.9880293791041774e-07,7.596076710031706e-05,16,20,False,0.995,0.005,0.66,fixed,100,none,89088af6-702d-46f1-85f7-fa99660871db
625,72200,25.39270043373108,1.0,1.0,1.0,0.9960959999999999,0.0,0.0,0.0,0.0,0.0,0.0,0.0,0.0,0.0,0.0,0.0,0.0,0.0,0.0,0.002,0.998,0.05097620089879156,1881,0.0003471745472359745,1.9880765361442619e-07,7.603428184414156e-05,16,20,False,0.995,0.005,0.66,fixed,100,none,89088af6-702d-46f1-85f7-fa99660871db
626,72400,25.41231942176819,1.0,1.0,1.0,0.9960959999999999,0.0,0.0,0.0,0.0,0.0,0.0,0.0,0.0,0.0,0.0,0.0,0.0,0.0,0.0,0.002,0.998,0.05097620089879156,1881,0.0003494084401682805,2.0053339591466746e-07,7.652360889806039e-05,16,20,False,0.995,0.005,0.66,fixed,100,none,89088af6-702d-46f1-85f7-fa99660871db
627,72500,25.43198585510254,1.0,1.0,1.0,0.9960959999999999,0.0,0.0,0.0,0.0,0.0,0.0,0.0,0.0,0.0,0.0,0.0,0.0,0.0,0.0,0.002,0.998,0.05097620089879156,1881,0.0003489885578730188,2.0069452732211288e-07,7.643172727859501e-05,16,20,False,0.995,0.005,0.66,fixed,100,none,89088af6-702d-46f1-85f7-fa99660871db
628,72700,25.452062845230103,1.0,1.0,1.0,0.9960959999999999,0.0,0.0,0.0,0.0,0.0,0.0,0.0,0.0,0.0,0.0,0.0,0.0,0.0,0.0,0.002,0.998,0.05097620089879156,1881,0.0003491722479245289,2.0131606447217766e-07,7.64720551229291e-05,16,20,False,0.995,0.005,0.66,fixed,100,none,89088af6-702d-46f1-85f7-fa99660871db
629,72800,25.471753120422363,1.0,1.0,1.0,0.9960959999999999,0.0,0.0,0.0,0.0,0.0,0.0,0.0,0.0,0.0,0.0,0.0,0.0,0.0,0.0,0.002,0.998,0.05097620089879156,1881,0.00034929019589812366,2.013743988105692e-07,7.649788501787327e-05,16,20,False,0.995,0.005,0.66,fixed,100,none,89088af6-702d-46f1-85f7-fa99660871db
630,72900,25.4913809299469,1.0,1.0,1.0,0.9960959999999999,0.0,0.0,0.0,0.0,0.0,0.0,0.0,0.0,0.0,0.0,0.0,0.0,0.0,0.0,0.002,0.998,0.05097620089879156,1881,0.0003495625423609607,2.008940356385119e-07,7.655741038958562e-05,16,20,False,0.995,0.005,0.66,fixed,100,none,89088af6-702d-46f1-85f7-fa99660871db
631,73200,25.51092505455017,1.0,1.0,1.0,0.9960959999999999,0.0,0.0,0.0,0.0,0.0,0.0,0.0,0.0,0.0,0.0,0.0,0.0,0.0,0.0,0.002,0.998,0.05097620089879156,1881,0.00035043478281765217,2.0199220408330495e-07,7.67485524775599e-05,16,20,False,0.995,0.005,0.66,fixed,100,none,89088af6-702d-46f1-85f7-fa99660871db
632,73300,25.53042244911194,1.0,1.0,1.0,0.9960959999999999,0.0,0.0,0.0,0.0,0.0,0.0,0.0,0.0,0.0,0.0,0.0,0.0,0.0,0.0,0.002,0.998,0.05097620089879156,1881,0.00035043478281765217,2.0199220408330495e-07,7.67485524775599e-05,16,20,False,0.995,0.005,0.66,fixed,100,none,89088af6-702d-46f1-85f7-fa99660871db
633,73400,25.549949884414673,1.0,1.0,1.0,0.9960959999999999,0.0,0.0,0.0,0.0,0.0,0.0,0.0,0.0,0.0,0.0,0.0,0.0,0.0,0.0,0.002,0.998,0.0513612395130943,1880,0.0003511431459472156,2.0262305994202788e-07,7.69037330292345e-05,16,20,False,0.995,0.005,0.66,fixed,100,none,89088af6-702d-46f1-85f7-fa99660871db
634,73500,25.568979501724243,1.0,1.0,1.0,0.9960959999999999,0.0,0.0,0.0,0.0,0.0,0.0,0.0,0.0,0.0,0.0,0.0,0.0,0.0,0.0,0.002,0.998,0.0513612395130943,1880,0.00034982652750969193,2.0179153502716468e-07,7.661536726352673e-05,16,20,False,0.995,0.005,0.66,fixed,100,none,89088af6-702d-46f1-85f7-fa99660871db
635,73600,25.588526964187622,1.0,1.0,1.0,0.9960959999999999,0.0,0.0,0.0,0.0,0.0,0.0,0.0,0.0,0.0,0.0,0.0,0.0,0.0,0.0,0.002,0.998,0.0513612395130943,1880,0.00034982652750969193,2.0179153502716468e-07,7.661536726352673e-05,16,20,False,0.995,0.005,0.66,fixed,100,none,89088af6-702d-46f1-85f7-fa99660871db
636,73900,25.60844397544861,1.0,1.0,1.0,0.9960959999999999,0.0,0.0,0.0,0.0,0.0,0.0,0.0,0.0,0.0,0.0,0.0,0.0,0.0,0.0,0.002,0.998,0.051745274115365,1879,0.0003498226068473228,2.0188482602559079e-07,7.661452675582382e-05,16,20,False,0.995,0.005,0.66,fixed,100,none,89088af6-702d-46f1-85f7-fa99660871db
637,74000,25.62809109687805,1.0,1.0,1.0,0.9960959999999999,0.0,0.0,0.0,0.0,0.0,0.0,0.0,0.0,0.0,0.0,0.0,0.0,0.0,0.0,0.002,0.998,0.051745274115365,1879,0.00034998276564954635,2.02212366234993e-07,7.664964775027035e-05,16,20,False,0.995,0.005,0.66,fixed,100,none,89088af6-702d-46f1-85f7-fa99660871db
638,74200,25.647748470306396,1.0,1.0,1.0,0.9960959999999999,0.0,0.0,0.0,0.0,0.0,0.0,0.0,0.0,0.0,0.0,0.0,0.0,0.0,0.0,0.002,0.998,0.051745274115365,1879,0.000350459452800835,2.026178816581003e-07,7.675407161561782e-05,16,20,False,0.995,0.005,0.66,fixed,100,none,89088af6-702d-46f1-85f7-fa99660871db
639,74300,25.66737985610962,1.0,1.0,1.0,0.9960959999999999,0.0,0.0,0.0,0.0,0.0,0.0,0.0,0.0,0.0,0.0,0.0,0.0,0.0,0.0,0.002,0.998,0.051745274115365,1879,0.00035161460514978693,2.031470617301845e-07,7.70070350090171e-05,16,20,False,0.995,0.005,0.66,fixed,100,none,89088af6-702d-46f1-85f7-fa99660871db
640,74500,25.68697953224182,1.0,1.0,1.0,0.9960959999999999,0.0,0.0,0.0,0.0,0.0,0.0,0.0,0.0,0.0,0.0,0.0,0.0,0.0,0.0,0.002,0.998,0.051745274115365,1879,0.0003505162963713572,2.0237382043699175e-07,7.676646830157311e-05,16,20,False,0.995,0.005,0.66,fixed,100,none,89088af6-702d-46f1-85f7-fa99660871db
641,74600,25.70657467842102,1.0,1.0,1.0,0.9960959999999999,0.0,0.0,0.0,0.0,0.0,0.0,0.0,0.0,0.0,0.0,0.0,0.0,0.0,0.0,0.002,0.998,0.051745274115365,1879,0.0003507197192927569,2.0202733628107892e-07,7.68109317470779e-05,16,20,False,0.995,0.005,0.66,fixed,100,none,89088af6-702d-46f1-85f7-fa99660871db
642,74700,25.726279973983765,1.0,1.0,1.0,0.9960959999999999,0.0,0.0,0.0,0.0,0.0,0.0,0.0,0.0,0.0,0.0,0.0,0.0,0.0,0.0,0.002,0.998,0.051745274115365,1879,0.00035118404893445565,2.019986317974122e-07,7.691256805179386e-05,16,20,False,0.995,0.005,0.66,fixed,100,none,89088af6-702d-46f1-85f7-fa99660871db
643,75000,25.746166467666626,1.0,1.0,1.0,0.9960959999999999,0.0,0.0,0.0,0.0,0.0,0.0,0.0,0.0,0.0,0.0,0.0,0.0,0.0,0.0,0.002,0.998,0.051745274115365,1879,0.0003532438332210408,2.0385095019110804e-07,7.736380677262215e-05,16,20,False,0.995,0.005,0.66,fixed,100,none,89088af6-702d-46f1-85f7-fa99660871db
644,75100,25.765754222869873,1.0,1.0,1.0,0.9960959999999999,0.0,0.0,0.0,0.0,0.0,0.0,0.0,0.0,0.0,0.0,0.0,0.0,0.0,0.0,0.002,0.998,0.051745274115365,1879,0.0003542140584811046,2.0640209942626228e-07,7.757667380040478e-05,16,20,False,0.995,0.005,0.66,fixed,100,none,89088af6-702d-46f1-85f7-fa99660871db
645,75200,25.7855007648468,1.0,1.0,1.0,0.9960959999999999,0.0,0.0,0.0,0.0,0.0,0.0,0.0,0.0,0.0,0.0,0.0,0.0,0.0,0.0,0.002,0.998,0.051745274115365,1879,0.00035535927341176607,2.072041519377983e-07,7.782751373870378e-05,16,20,False,0.995,0.005,0.66,fixed,100,none,89088af6-702d-46f1-85f7-fa99660871db
646,75300,25.805044174194336,1.0,1.0,1.0,0.9960959999999999,0.0,0.0,0.0,0.0,0.0,0.0,0.0,0.0,0.0,0.0,0.0,0.0,0.0,0.0,0.002,0.998,0.051745274115365,1879,0.0003555821990318759,2.0702193827052766e-07,7.787627753634904e-05,16,20,False,0.995,0.005,0.66,fixed,100,none,89088af6-702d-46f1-85f7-fa99660871db
647,75400,25.82468008995056,1.0,1.0,1.0,0.9960959999999999,0.0,0.0,0.0,0.0,0.0,0.0,0.0,0.0,0.0,0.0,0.0,0.0,0.0,0.0,0.002,0.998,0.0513612395130943,1880,0.00035660368766348273,2.0793336402187757e-07,7.810005456870054e-05,16,20,False,0.995,0.005,0.66,fixed,100,none,89088af6-702d-46f1-85f7-fa99660871db
648,75700,25.84426999092102,1.0,1.0,1.0,0.9960959999999999,0.0,0.0,0.0,0.0,0.0,0.0,0.0,0.0,0.0,0.0,0.0,0.0,0.0,0.0,0.002,0.998,0.0513612395130943,1880,0.00035490855239692234,2.075111826814823e-07,7.772890924439578e-05,16,20,False,0.995,0.005,0.66,fixed,100,none,89088af6-702d-46f1-85f7-fa99660871db
649,75800,25.863821983337402,1.0,1.0,1.0,0.9960959999999999,0.0,0.0,0.0,0.0,0.0,0.0,0.0,0.0,0.0,0.0,0.0,0.0,0.0,0.0,0.002,0.998,0.0513612395130943,1880,0.00035398757942839,2.0742253027635904e-07,7.752729141762708e-05,16,20,False,0.995,0.005,0.66,fixed,100,none,89088af6-702d-46f1-85f7-fa99660871db
650,75900,25.885528326034546,1.0,1.0,1.0,0.9960959999999999,0.0,0.0,0.0,0.0,0.0,0.0,0.0,0.0,0.0,0.0,0.0,0.0,0.0,0.0,0.002,0.998,0.0513612395130943,1880,0.0003545584455795805,2.0846469256129226e-07,7.765245202895682e-05,16,20,False,0.995,0.005,0.66,fixed,100,none,89088af6-702d-46f1-85f7-fa99660871db
651,76000,25.905340909957886,1.0,1.0,1.0,0.9960959999999999,0.0,0.0,0.0,0.0,0.0,0.0,0.0,0.0,0.0,0.0,0.0,0.0,0.0,0.0,0.002,0.998,0.0513612395130943,1880,0.00035477857760185907,2.0857420770230809e-07,7.77006597365104e-05,16,20,False,0.995,0.005,0.66,fixed,100,none,89088af6-702d-46f1-85f7-fa99660871db
652,76100,25.924967527389526,1.0,1.0,1.0,0.9960959999999999,0.0,0.0,0.0,0.0,0.0,0.0,0.0,0.0,0.0,0.0,0.0,0.0,0.0,0.0,0.002,0.998,0.0513612395130943,1880,0.00035471609859441056,2.0836771395650904e-07,7.768694384796822e-05,16,20,False,0.995,0.005,0.66,fixed,100,none,89088af6-702d-46f1-85f7-fa99660871db
653,76400,25.944572925567627,1.0,1.0,1.0,0.9960959999999999,0.0,0.0,0.0,0.0,0.0,0.0,0.0,0.0,0.0,0.0,0.0,0.0,0.0,0.0,0.002,0.998,0.0513612395130943,1880,0.00035783328623584465,2.10978009867719e-07,7.836979217890126e-05,16,20,False,0.995,0.005,0.66,fixed,100,none,89088af6-702d-46f1-85f7-fa99660871db
654,76500,25.964191198349,1.0,1.0,1.0,0.9960959999999999,0.0,0.0,0.0,0.0,0.0,0.0,0.0,0.0,0.0,0.0,0.0,0.0,0.0,0.0,0.002,0.998,0.0513612395130943,1880,0.0003569352399278102,2.1106140773852568e-07,7.817322568766797e-05,16,20,False,0.995,0.005,0.66,fixed,100,none,89088af6-702d-46f1-85f7-fa99660871db
655,76800,25.98396110534668,1.0,1.0,1.0,0.9960959999999999,0.0,0.0,0.0,0.0,0.0,0.0,0.0,0.0,0.0,0.0,0.0,0.0,0.0,0.0,0.002,0.998,0.05097620089879156,1881,0.0003582435705088258,2.121259853206751e-07,7.845982152159289e-05,16,20,False,0.995,0.005,0.66,fixed,100,none,89088af6-702d-46f1-85f7-fa99660871db
656,76900,26.003563165664673,1.0,1.0,1.0,0.9960959999999999,0.0,0.0,0.0,0.0,0.0,0.0,0.0,0.0,0.0,0.0,0.0,0.0,0.0,0.0,0.002,0.998,0.05097620089879156,1881,0.0003582435705088258,2.121259853206751e-07,7.845982152159289e-05,16,20,False,0.995,0.005,0.66,fixed,100,none,89088af6-702d-46f1-85f7-fa99660871db
657,77000,26.023271322250366,1.0,1.0,1.0,0.9960959999999999,0.0,0.0,0.0,0.0,0.0,0.0,0.0,0.0,0.0,0.0,0.0,0.0,0.0,0.0,0.002,0.998,0.0513612395130943,1880,0.00035998409281041825,2.1311154428898667e-07,7.884100910961546e-05,16,20,False,0.995,0.005,0.66,fixed,100,none,89088af6-702d-46f1-85f7-fa99660871db
658,77100,26.043020009994507,1.0,1.0,1.0,0.9960959999999999,0.0,0.0,0.0,0.0,0.0,0.0,0.0,0.0,0.0,0.0,0.0,0.0,0.0,0.0,0.002,0.998,0.05097620089879156,1881,0.00035914728434883596,2.12333735387314e-07,7.865768395368378e-05,16,20,False,0.995,0.005,0.66,fixed,100,none,89088af6-702d-46f1-85f7-fa99660871db
659,77200,26.06263780593872,1.0,1.0,1.0,0.9960959999999999,0.0,0.0,0.0,0.0,0.0,0.0,0.0,0.0,0.0,0.0,0.0,0.0,0.0,0.0,0.002,0.998,0.05097620089879156,1881,0.0003596184524471103,2.129106591176173e-07,7.87609322659048e-05,16,20,False,0.995,0.005,0.66,fixed,100,none,89088af6-702d-46f1-85f7-fa99660871db
660,77500,26.082283973693848,1.0,1.0,1.0,0.9960959999999999,0.0,0.0,0.0,0.0,0.0,0.0,0.0,0.0,0.0,0.0,0.0,0.0,0.0,0.0,0.002,0.998,0.0513612395130943,1880,0.00036025949760850473,2.1189030275354466e-07,7.890106318402488e-05,16,20,False,0.995,0.005,0.66,fixed,100,none,89088af6-702d-46f1-85f7-fa99660871db
661,77600,26.1019070148468,1.0,1.0,1.0,0.9960959999999999,0.0,0.0,0.0,0.0,0.0,0.0,0.0,0.0,0.0,0.0,0.0,0.0,0.0,0.0,0.002,0.998,0.0513612395130943,1880,0.00035985503583634243,2.1185166040845193e-07,7.881251916005296e-05,16,20,False,0.995,0.005,0.66,fixed,100,none,89088af6-702d-46f1-85f7-fa99660871db
662,77700,26.12157440185547,1.0,1.0,1.0,0.9960959999999999,0.0,0.0,0.0,0.0,0.0,0.0,0.0,0.0,0.0,0.0,0.0,0.0,0.0,0.0,0.002,0.998,0.0513612395130943,1880,0.0003588574725128195,2.107615374758238e-07,7.859394542517661e-05,16,20,False,0.995,0.005,0.66,fixed,100,none,89088af6-702d-46f1-85f7-fa99660871db
663,77800,26.141174793243408,1.0,1.0,1.0,0.9960959999999999,0.0,0.0,0.0,0.0,0.0,0.0,0.0,0.0,0.0,0.0,0.0,0.0,0.0,0.0,0.002,0.998,0.05097620089879156,1881,0.000358964631034247,2.1142022764935266e-07,7.861752757665005e-05,16,20,False,0.995,0.005,0.66,fixed,100,none,89088af6-702d-46f1-85f7-fa99660871db
664,77900,26.160752058029175,1.0,1.0,1.0,0.9960959999999999,0.0,0.0,0.0,0.0,0.0,0.0,0.0,0.0,0.0,0.0,0.0,0.0,0.0,0.0,0.002,0.998,0.05097620089879156,1881,0.0003596016497454083,2.1142266820237045e-07,7.875697143622834e-05,16,20,False,0.995,0.005,0.66,fixed,100,none,89088af6-702d-46f1-85f7-fa99660871db
665,78200,26.180384159088135,1.0,1.0,1.0,0.9960959999999999,0.0,0.0,0.0,0.0,0.0,0.0,0.0,0.0,0.0,0.0,0.0,0.0,0.0,0.0,0.002,0.998,0.05097620089879156,1881,0.00035980712296114123,2.1279004981386426e-07,7.880220932565846e-05,16,20,False,0.995,0.005,0.66,fixed,100,none,89088af6-702d-46f1-85f7-fa99660871db
666,78300,26.199896812438965,1.0,1.0,1.0,0.9960959999999999,0.0,0.0,0.0,0.0,0.0,0.0,0.0,0.0,0.0,0.0,0.0,0.0,0.0,0.0,0.002,0.998,0.05097620089879156,1881,0.00036092080129809996,2.1293881663833882e-07,7.904602177931536e-05,16,20,False,0.995,0.005,0.66,fixed,100,none,89088af6-702d-46f1-85f7-fa99660871db
667,78400,26.219353675842285,1.0,1.0,1.0,0.9960959999999999,0.0,0.0,0.0,0.0,0.0,0.0,0.0,0.0,0.0,0.0,0.0,0.0,0.0,0.0,0.002,0.998,0.05097620089879156,1881,0.0003607869727887323,2.122774126284162e-07,7.90166010518529e-05,16,20,False,0.995,0.005,0.66,fixed,100,none,89088af6-702d-46f1-85f7-fa99660871db
668,78600,26.23978090286255,1.0,1.0,1.0,0.9960959999999999,0.0,0.0,0.0,0.0,0.0,0.0,0.0,0.0,0.0,0.0,0.0,0.0,0.0,0.0,0.002,0.998,0.050590158272456734,1882,0.0003628458004390603,2.1334876433730973e-07,7.946748198133439e-05,16,20,False,0.995,0.005,0.66,fixed,100,none,89088af6-702d-46f1-85f7-fa99660871db
669,78700,26.25937247276306,1.0,1.0,1.0,0.9960959999999999,0.0,0.0,0.0,0.0,0.0,0.0,0.0,0.0,0.0,0.0,0.0,0.0,0.0,0.0,0.002,0.998,0.050590158272456734,1882,0.00036272119683998885,2.1332575188104377e-07,7.944020188113096e-05,16,20,False,0.995,0.005,0.66,fixed,100,none,89088af6-702d-46f1-85f7-fa99660871db
670,78900,26.278932571411133,1.0,1.0,1.0,0.9960959999999999,0.0,0.0,0.0,0.0,0.0,0.0,0.0,0.0,0.0,0.0,0.0,0.0,0.0,0.0,0.002,0.998,0.05097620089879156,1881,0.00036341797445190604,2.149337840104232e-07,7.959303202648422e-05,16,20,False,0.995,0.005,0.66,fixed,100,none,89088af6-702d-46f1-85f7-fa99660871db
671,79000,26.298683881759644,1.0,1.0,1.0,0.9960959999999999,0.0,0.0,0.0,0.0,0.0,0.0,0.0,0.0,0.0,0.0,0.0,0.0,0.0,0.0,0.002,0.998,0.05097620089879156,1881,0.00036296491949565303,2.1464892232844956e-07,7.949380417284086e-05,16,20,False,0.995,0.005,0.66,fixed,100,none,89088af6-702d-46f1-85f7-fa99660871db
672,79300,26.318419694900513,1.0,1.0,1.0,0.9960959999999999,0.0,0.0,0.0,0.0,0.0,0.0,0.0,0.0,0.0,0.0,0.0,0.0,0.0,0.0,0.002,0.998,0.0513612395130943,1880,0.00036422194947306063,2.1557312755331112e-07,7.97691436338881e-05,16,20,False,0.995,0.005,0.66,fixed,100,none,89088af6-702d-46f1-85f7-fa99660871db
673,79400,26.338254928588867,1.0,1.0,1.0,0.9960959999999999,0.0,0.0,0.0,0.0,0.0,0.0,0.0,0.0,0.0,0.0,0.0,0.0,0.0,0.0,0.002,0.998,0.0513612395130943,1880,0.00036460111585086546,2.1573064798651948e-07,7.98521730828719e-05,16,20,False,0.995,0.005,0.66,fixed,100,none,89088af6-702d-46f1-85f7-fa99660871db
674,79600,26.357855319976807,1.0,1.0,1.0,0.9960959999999999,0.0,0.0,0.0,0.0,0.0,0.0,0.0,0.0,0.0,0.0,0.0,0.0,0.0,0.0,0.002,0.998,0.0513612395130943,1880,0.00036551406952725065,2.1615947809323541e-07,8.005210012035288e-05,16,20,False,0.995,0.005,0.66,fixed,100,none,89088af6-702d-46f1-85f7-fa99660871db
675,79700,26.37748694419861,1.0,1.0,1.0,0.9960959999999999,0.0,0.0,0.0,0.0,0.0,0.0,0.0,0.0,0.0,0.0,0.0,0.0,0.0,0.0,0.002,0.998,0.0513612395130943,1880,0.0003651074849042969,2.158496940874543e-07,7.99630398874272e-05,16,20,False,0.995,0.005,0.66,fixed,100,none,89088af6-702d-46f1-85f7-fa99660871db
676,80000,26.39732575416565,1.0,1.0,1.0,0.9960959999999999,0.0,0.0,0.0,0.0,0.0,0.0,0.0,0.0,0.0,0.0,0.0,0.0,0.0,0.0,0.002,0.998,0.0513612395130943,1880,0.0003654129667789646,2.1590616835797688e-07,8.002992059990336e-05,16,20,False,0.995,0.005,0.66,fixed,100,none,89088af6-702d-46f1-85f7-fa99660871db
677,80100,26.41706371307373,1.0,1.0,1.0,0.9960959999999999,0.0,0.0,0.0,0.0,0.0,0.0,0.0,0.0,0.0,0.0,0.0,0.0,0.0,0.0,0.002,0.998,0.0513612395130943,1880,0.0003669893731768358,2.1655773754751024e-07,8.037511975854339e-05,16,20,False,0.995,0.005,0.66,fixed,100,none,89088af6-702d-46f1-85f7-fa99660871db
678,80200,26.43688654899597,1.0,1.0,1.0,0.9960959999999999,0.0,0.0,0.0,0.0,0.0,0.0,0.0,0.0,0.0,0.0,0.0,0.0,0.0,0.0,0.002,0.998,0.0513612395130943,1880,0.00036700593605649105,2.1612313280875205e-07,8.037866279799956e-05,16,20,False,0.995,0.005,0.66,fixed,100,none,89088af6-702d-46f1-85f7-fa99660871db
679,80300,26.456679582595825,1.0,1.0,1.0,0.9960959999999999,0.0,0.0,0.0,0.0,0.0,0.0,0.0,0.0,0.0,0.0,0.0,0.0,0.0,0.0,0.002,0.998,0.0513612395130943,1880,0.00036707684262254274,2.160468900538189e-07,8.039416975918483e-05,16,20,False,0.995,0.005,0.66,fixed,100,none,89088af6-702d-46f1-85f7-fa99660871db
680,80400,26.47635054588318,1.0,1.0,1.0,0.9960959999999999,0.0,0.0,0.0,0.0,0.0,0.0,0.0,0.0,0.0,0.0,0.0,0.0,0.0,0.0,0.002,0.998,0.0513612395130943,1880,0.00036841482175331786,2.1779123909788693e-07,8.068738481722988e-05,16,20,False,0.995,0.005,0.66,fixed,100,none,89088af6-702d-46f1-85f7-fa99660871db
681,80500,26.49589204788208,1.0,1.0,1.0,0.9960959999999999,0.0,0.0,0.0,0.0,0.0,0.0,0.0,0.0,0.0,0.0,0.0,0.0,0.0,0.0,0.002,0.998,0.0513612395130943,1880,0.00036889391718846495,2.1841579165852494e-07,8.07923774729701e-05,16,20,False,0.995,0.005,0.66,fixed,100,none,89088af6-702d-46f1-85f7-fa99660871db
682,80700,26.51547122001648,1.0,1.0,1.0,0.9960959999999999,0.0,0.0,0.0,0.0,0.0,0.0,0.0,0.0,0.0,0.0,0.0,0.0,0.0,0.0,0.002,0.998,0.0513612395130943,1880,0.0003664221571394043,2.1566924197246092e-07,8.025078735379037e-05,16,20,False,0.995,0.005,0.66,fixed,100,none,89088af6-702d-46f1-85f7-fa99660871db
683,80800,26.53518795967102,1.0,1.0,1.0,0.9960959999999999,0.0,0.0,0.0,0.0,0.0,0.0,0.0,0.0,0.0,0.0,0.0,0.0,0.0,0.0,0.002,0.998,0.05097620089879156,1881,0.00036635963180766616,2.1729696719228233e-07,8.023740982646466e-05,16,20,False,0.995,0.005,0.66,fixed,100,none,89088af6-702d-46f1-85f7-fa99660871db
684,80900,26.554935932159424,1.0,1.0,1.0,0.9960959999999999,0.0,0.0,0.0,0.0,0.0,0.0,0.0,0.0,0.0,0.0,0.0,0.0,0.0,0.0,0.002,0.998,0.05097620089879156,1881,0.00036635963180766616,2.1729696719228233e-07,8.023740982646466e-05,16,20,False,0.995,0.005,0.66,fixed,100,none,89088af6-702d-46f1-85f7-fa99660871db
685,81000,26.57475996017456,1.0,1.0,1.0,0.9960959999999999,0.0,0.0,0.0,0.0,0.0,0.0,0.0,0.0,0.0,0.0,0.0,0.0,0.0,0.0,0.002,0.998,0.05097620089879156,1881,0.00036607393983350146,2.1740791019689734e-07,8.017489293249088e-05,16,20,False,0.995,0.005,0.66,fixed,100,none,89088af6-702d-46f1-85f7-fa99660871db
686,81100,26.594300746917725,1.0,1.0,1.0,0.9960959999999999,0.0,0.0,0.0,0.0,0.0,0.0,0.0,0.0,0.0,0.0,0.0,0.0,0.0,0.0,0.002,0.998,0.05097620089879156,1881,0.00036607393983350146,2.1740791019689734e-07,8.017489293249088e-05,16,20,False,0.995,0.005,0.66,fixed,100,none,89088af6-702d-46f1-85f7-fa99660871db
687,81200,26.613802671432495,1.0,1.0,1.0,0.9960959999999999,0.0,0.0,0.0,0.0,0.0,0.0,0.0,0.0,0.0,0.0,0.0,0.0,0.0,0.0,0.002,0.998,0.05097620089879156,1881,0.0003675656412801647,2.1896390059834535e-07,8.050172201734174e-05,16,20,False,0.995,0.005,0.66,fixed,100,none,89088af6-702d-46f1-85f7-fa99660871db
688,81400,26.63341975212097,1.0,1.0,1.0,0.9960959999999999,0.0,0.0,0.0,0.0,0.0,0.0,0.0,0.0,0.0,0.0,0.0,0.0,0.0,0.0,0.002,0.998,0.05097620089879156,1881,0.0003694847388708824,2.1961770173766088e-07,8.09219367021663e-05,16,20,False,0.995,0.005,0.66,fixed,100,none,89088af6-702d-46f1-85f7-fa99660871db
689,81500,26.653038024902344,1.0,1.0,1.0,0.9960959999999999,0.0,0.0,0.0,0.0,0.0,0.0,0.0,0.0,0.0,0.0,0.0,0.0,0.0,0.0,0.002,0.998,0.05097620089879156,1881,0.00037109970093852636,2.2151116157777087e-07,8.12758116561432e-05,16,20,False,0.995,0.005,0.66,fixed,100,none,89088af6-702d-46f1-85f7-fa99660871db
690,81600,26.672563552856445,1.0,1.0,1.0,0.9960959999999999,0.0,0.0,0.0,0.0,0.0,0.0,0.0,0.0,0.0,0.0,0.0,0.0,0.0,0.0,0.002,0.998,0.05097620089879156,1881,0.0003703332899334314,2.2079246670300837e-07,8.110790773510172e-05,16,20,False,0.995,0.005,0.66,fixed,100,none,89088af6-702d-46f1-85f7-fa99660871db
691,81700,26.69213604927063,1.0,1.0,1.0,0.9960959999999999,0.0,0.0,0.0,0.0,0.0,0.0,0.0,0.0,0.0,0.0,0.0,0.0,0.0,0.0,0.002,0.998,0.0513612395130943,1880,0.0003706125326510301,2.2030260865012925e-07,8.116894089295401e-05,16,20,False,0.995,0.005,0.66,fixed,100,none,89088af6-702d-46f1-85f7-fa99660871db
692,81800,26.711665868759155,1.0,1.0,1.0,0.9960959999999999,0.0,0.0,0.0,0.0,0.0,0.0,0.0,0.0,0.0,0.0,0.0,0.0,0.0,0.0,0.002,0.998,0.05097620089879156,1881,0.00037140588257919256,2.2096084274992234e-07,8.134273025670773e-05,16,20,False,0.995,0.005,0.66,fixed,100,none,89088af6-702d-46f1-85f7-fa99660871db
693,81900,26.731448650360107,1.0,1.0,1.0,0.9960959999999999,0.0,0.0,0.0,0.0,0.0,0.0,0.0,0.0,0.0,0.0,0.0,0.0,0.0,0.0,0.002,0.998,0.05097620089879156,1881,0.0003705569910921824,2.2050875832980922e-07,8.115682201416139e-05,16,20,False,0.995,0.005,0.66,fixed,100,none,89088af6-702d-46f1-85f7-fa99660871db
694,82200,26.750642776489258,1.0,1.0,1.0,0.9960959999999999,0.0,0.0,0.0,0.0,0.0,0.0,0.0,0.0,0.0,0.0,0.0,0.0,0.0,0.0,0.002,0.998,0.0513612395130943,1880,0.0003709731085563783,2.2246398703764644e-07,8.124828162052836e-05,16,20,False,0.995,0.005,0.66,fixed,100,none,89088af6-702d-46f1-85f7-fa99660871db
695,82300,26.7702476978302,1.0,1.0,1.0,0.9960959999999999,0.0,0.0,0.0,0.0,0.0,0.0,0.0,0.0,0.0,0.0,0.0,0.0,0.0,0.0,0.002,0.998,0.0513612395130943,1880,0.0003710069269199532,2.2262097954381182e-07,8.125571428889108e-05,16,20,False,0.995,0.005,0.66,fixed,100,none,89088af6-702d-46f1-85f7-fa99660871db
696,82500,26.790369510650635,1.0,1.0,1.0,0.9960959999999999,0.0,0.0,0.0,0.0,0.0,0.0,0.0,0.0,0.0,0.0,0.0,0.0,0.0,0.0,0.002,0.998,0.05097620089879156,1881,0.00037044736525139265,2.236699048060431e-07,8.113342553544301e-05,16,20,False,0.995,0.005,0.66,fixed,100,none,89088af6-702d-46f1-85f7-fa99660871db
697,82600,26.8102810382843,1.0,1.0,1.0,0.9960959999999999,0.0,0.0,0.0,0.0,0.0,0.0,0.0,0.0,0.0,0.0,0.0,0.0,0.0,0.0,0.002,0.998,0.05097620089879156,1881,0.00037044736525139265,2.236699048060431e-07,8.113342553544301e-05,16,20,False,0.995,0.005,0.66,fixed,100,none,89088af6-702d-46f1-85f7-fa99660871db
698,82900,26.82995891571045,1.0,1.0,1.0,0.9960959999999999,0.0,0.0,0.0,0.0,0.0,0.0,0.0,0.0,0.0,0.0,0.0,0.0,0.0,0.0,0.002,0.998,0.050590158272456734,1882,0.0003709596346609639,2.2352039232300527e-07,8.124553290182637e-05,16,20,False,0.995,0.005,0.66,fixed,100,none,89088af6-702d-46f1-85f7-fa99660871db
699,83000,26.849620819091797,1.0,1.0,1.0,0.9960959999999999,0.0,0.0,0.0,0.0,0.0,0.0,0.0,0.0,0.0,0.0,0.0,0.0,0.0,0.0,0.002,0.998,0.050590158272456734,1882,0.0003712948671521801,2.2365854822292166e-07,8.13189415437746e-05,16,20,False,0.995,0.005,0.66,fixed,100,none,89088af6-702d-46f1-85f7-fa99660871db
700,83200,26.86935067176819,1.0,1.0,1.0,0.9960959999999999,0.0,0.0,0.0,0.0,0.0,0.0,0.0,0.0,0.0,0.0,0.0,0.0,0.0,0.0,0.002,0.998,0.050590158272456734,1882,0.00037420412645513835,2.259391083825643e-07,8.195621171162248e-05,16,20,False,0.995,0.005,0.66,fixed,100,none,89088af6-702d-46f1-85f7-fa99660871db
701,83300,26.88899254798889,1.0,1.0,1.0,0.9960959999999999,0.0,0.0,0.0,0.0,0.0,0.0,0.0,0.0,0.0,0.0,0.0,0.0,0.0,0.0,0.002,0.998,0.050590158272456734,1882,0.0003741540663369513,2.2571319745226073e-07,8.194521062867458e-05,16,20,False,0.995,0.005,0.66,fixed,100,none,89088af6-702d-46f1-85f7-fa99660871db
702,83600,26.908490419387817,1.0,1.0,1.0,0.9960959999999999,0.0,0.0,0.0,0.0,0.0,0.0,0.0,0.0,0.0,0.0,0.0,0.0,0.0,0.0,0.002,0.998,0.050590158272456734,1882,0.00037558867840827676,2.2698967740189296e-07,8.225948974227814e-05,16,20,False,0.995,0.005,0.66,fixed,100,none,89088af6-702d-46f1-85f7-fa99660871db
703,83700,26.92813491821289,1.0,1.0,1.0,0.9960959999999999,0.0,0.0,0.0,0.0,0.0,0.0,0.0,0.0,0.0,0.0,0.0,0.0,0.0,0.0,0.002,0.998,0.050590158272456734,1882,0.00037630215216855593,2.2740827799507304e-07,8.241574868251597e-05,16,20,False,0.995,0.005,0.66,fixed,100,none,89088af6-702d-46f1-85f7-fa99660871db
704,84000,26.947959661483765,1.0,1.0,1.0,0.9960959999999999,0.0,0.0,0.0,0.0,0.0,0.0,0.0,0.0,0.0,0.0,0.0,0.0,0.0,0.0,0.002,0.998,0.05097620089879156,1881,0.00037574707908160157,2.2786266932280894e-07,8.229432951813392e-05,16,20,False,0.995,0.005,0.66,fixed,100,none,89088af6-702d-46f1-85f7-fa99660871db
705,84100,26.96769118309021,1.0,1.0,1.0,0.9960959999999999,0.0,0.0,0.0,0.0,0.0,0.0,0.0,0.0,0.0,0.0,0.0,0.0,0.0,0.0,0.002,0.998,0.050590158272456734,1882,0.0003770278826748129,2.2996332553588963e-07,8.257509654936837e-05,16,20,False,0.995,0.005,0.66,fixed,100,none,89088af6-702d-46f1-85f7-fa99660871db
706,84300,26.987616062164307,1.0,1.0,1.0,0.9960959999999999,0.0,0.0,0.0,0.0,0.0,0.0,0.0,0.0,0.0,0.0,0.0,0.0,0.0,0.0,0.002,0.998,0.050590158272456734,1882,0.0003770295123513897,2.29389439283794e-07,8.257534424718313e-05,16,20,False,0.995,0.005,0.66,fixed,100,none,89088af6-702d-46f1-85f7-fa99660871db
707,84400,27.007255792617798,1.0,1.0,1.0,0.9960959999999999,0.0,0.0,0.0,0.0,0.0,0.0,0.0,0.0,0.0,0.0,0.0,0.0,0.0,0.0,0.002,0.998,0.050590158272456734,1882,0.0003774879761638263,2.301230263767871e-07,8.267584135727316e-05,16,20,False,0.995,0.005,0.66,fixed,100,none,89088af6-702d-46f1-85f7-fa99660871db
708,84700,27.026891231536865,1.0,1.0,1.0,0.9960959999999999,0.0,0.0,0.0,0.0,0.0,0.0,0.0,0.0,0.0,0.0,0.0,0.0,0.0,0.0,0.002,0.998,0.050590158272456734,1882,0.00037773631306313573,2.3052605063742186e-07,8.273027887914153e-05,16,20,False,0.995,0.005,0.66,fixed,100,none,89088af6-702d-46f1-85f7-fa99660871db
709,84800,27.046370029449463,1.0,1.0,1.0,0.9960959999999999,0.0,0.0,0.0,0.0,0.0,0.0,0.0,0.0,0.0,0.0,0.0,0.0,0.0,0.0,0.002,0.998,0.05097620089879156,1881,0.00037720838351920595,2.3008939291678808e-07,8.261463213700838e-05,16,20,False,0.995,0.005,0.66,fixed,100,none,89088af6-702d-46f1-85f7-fa99660871db
710,85000,27.065356016159058,1.0,1.0,1.0,0.9960959999999999,0.0,0.0,0.0,0.0,0.0,0.0,0.0,0.0,0.0,0.0,0.0,0.0,0.0,0.0,0.002,0.998,0.05059015827245674,1882,0.0003768359944369479,2.3050476349698626e-07,8.253319508731233e-05,16,20,False,0.995,0.005,0.66,fixed,100,none,89088af6-702d-46f1-85f7-fa99660871db
711,85100,27.084850072860718,1.0,1.0,1.0,0.9960959999999999,0.0,0.0,0.0,0.0,0.0,0.0,0.0,0.0,0.0,0.0,0.0,0.0,0.0,0.0,0.002,0.998,0.05059015827245674,1882,0.00037693570396466245,2.2994028781882213e-07,8.25549142525502e-05,16,20,False,0.995,0.005,0.66,fixed,100,none,89088af6-702d-46f1-85f7-fa99660871db
712,85400,27.10436773300171,1.0,1.0,1.0,0.9960959999999999,0.0,0.0,0.0,0.0,0.0,0.0,0.0,0.0,0.0,0.0,0.0,0.0,0.0,0.0,0.002,0.998,0.05097620089879156,1881,0.00037776068904770934,2.3126983302604553e-07,8.273575610081852e-05,16,20,False,0.995,0.005,0.66,fixed,100,none,89088af6-702d-46f1-85f7-fa99660871db
713,85500,27.12379765510559,1.0,1.0,1.0,0.9960959999999999,0.0,0.0,0.0,0.0,0.0,0.0,0.0,0.0,0.0,0.0,0.0,0.0,0.0,0.0,0.002,0.998,0.050590158272456734,1882,0.0003784892656665012,2.3190103357298173e-07,8.289536145077599e-05,16,20,False,0.995,0.005,0.66,fixed,100,none,89088af6-702d-46f1-85f7-fa99660871db
714,85700,27.14323902130127,1.0,1.0,1.0,0.9960959999999999,0.0,0.0,0.0,0.0,0.0,0.0,0.0,0.0,0.0,0.0,0.0,0.0,0.0,0.0,0.002,0.998,0.050590158272456734,1882,0.00038199505492833916,2.354774569382725e-07,8.366345824063172e-05,16,20,False,0.995,0.005,0.66,fixed,100,none,89088af6-702d-46f1-85f7-fa99660871db
715,85800,27.168760538101196,1.0,1.0,1.0,0.9960959999999999,0.0,0.0,0.0,0.0,0.0,0.0,0.0,0.0,0.0,0.0,0.0,0.0,0.0,0.0,0.002,0.998,0.050590158272456734,1882,0.00038317214214338645,2.3649475942638283e-07,8.39213159194783e-05,16,20,False,0.995,0.005,0.66,fixed,100,none,89088af6-702d-46f1-85f7-fa99660871db
716,85900,27.18899154663086,1.0,1.0,1.0,0.9960959999999999,0.0,0.0,0.0,0.0,0.0,0.0,0.0,0.0,0.0,0.0,0.0,0.0,0.0,0.0,0.002,0.998,0.050590158272456734,1882,0.000382886221311102,2.3616057799735506e-07,8.385866435481974e-05,16,20,False,0.995,0.005,0.66,fixed,100,none,89088af6-702d-46f1-85f7-fa99660871db
717,86100,27.208950519561768,1.0,1.0,1.0,0.9960959999999999,0.0,0.0,0.0,0.0,0.0,0.0,0.0,0.0,0.0,0.0,0.0,0.0,0.0,0.0,0.002,0.998,0.04981506098369082,1884,0.0003837817932979344,2.3873932616757686e-07,8.405519502488969e-05,16,20,False,0.995,0.005,0.66,fixed,100,none,89088af6-702d-46f1-85f7-fa99660871db
718,86200,27.22865128517151,1.0,1.0,1.0,0.9960959999999999,0.0,0.0,0.0,0.0,0.0,0.0,0.0,0.0,0.0,0.0,0.0,0.0,0.0,0.0,0.002,0.998,0.04981506098369082,1884,0.0003837817932979344,2.3873932616757686e-07,8.405519502488969e-05,16,20,False,0.995,0.005,0.66,fixed,100,none,89088af6-702d-46f1-85f7-fa99660871db
719,86400,27.248257398605347,1.0,1.0,1.0,0.9960959999999999,0.0,0.0,0.0,0.0,0.0,0.0,0.0,0.0,0.0,0.0,0.0,0.0,0.0,0.0,0.002,0.998,0.05020311163408981,1883,0.00038570801083604513,2.405363938408131e-07,8.447718548684004e-05,16,20,False,0.995,0.005,0.66,fixed,100,none,89088af6-702d-46f1-85f7-fa99660871db
720,86500,27.26793122291565,1.0,1.0,1.0,0.9960959999999999,0.0,0.0,0.0,0.0,0.0,0.0,0.0,0.0,0.0,0.0,0.0,0.0,0.0,0.0,0.002,0.998,0.05020311163408981,1883,0.0003857915408477284,2.4062187460129833e-07,8.4495486447742e-05,16,20,False,0.995,0.005,0.66,fixed,100,none,89088af6-702d-46f1-85f7-fa99660871db
721,86600,27.287700653076172,1.0,1.0,1.0,0.9960959999999999,0.0,0.0,0.0,0.0,0.0,0.0,0.0,0.0,0.0,0.0,0.0,0.0,0.0,0.0,0.002,0.998,0.050590158272456734,1882,0.0003864742831623047,2.416042862905156e-07,8.46451253986237e-05,16,20,False,0.995,0.005,0.66,fixed,100,none,89088af6-702d-46f1-85f7-fa99660871db
722,86800,27.307318449020386,1.0,1.0,1.0,0.9960959999999999,0.0,0.0,0.0,0.0,0.0,0.0,0.0,0.0,0.0,0.0,0.0,0.0,0.0,0.0,0.002,0.998,0.050590158272456734,1882,0.0003867706013228444,2.4262875574907177e-07,8.471018409316298e-05,16,20,False,0.995,0.005,0.66,fixed,100,none,89088af6-702d-46f1-85f7-fa99660871db
723,86900,27.327301025390625,1.0,1.0,1.0,0.9960959999999999,0.0,0.0,0.0,0.0,0.0,0.0,0.0,0.0,0.0,0.0,0.0,0.0,0.0,0.0,0.002,0.998,0.050590158272456734,1882,0.0003871086381924353,2.4298069724821026e-07,8.478424723280125e-05,16,20,False,0.995,0.005,0.66,fixed,100,none,89088af6-702d-46f1-85f7-fa99660871db
724,87100,27.347290515899658,1.0,1.0,1.0,0.9960959999999999,0.0,0.0,0.0,0.0,0.0,0.0,0.0,0.0,0.0,0.0,0.0,0.0,0.0,0.0,0.002,0.998,0.050590158272456734,1882,0.00038959562990433633,2.4506744180426556e-07,8.532904620000203e-05,16,20,False,0.995,0.005,0.66,fixed,100,none,89088af6-702d-46f1-85f7-fa99660871db
725,87200,27.366904497146606,1.0,1.0,1.0,0.9960959999999999,0.0,0.0,0.0,0.0,0.0,0.0,0.0,0.0,0.0,0.0,0.0,0.0,0.0,0.0,0.002,0.998,0.05020311163408981,1883,0.0003903270357687317,2.449118856514785e-07,8.548912138804916e-05,16,20,False,0.995,0.005,0.66,fixed,100,none,89088af6-702d-46f1-85f7-fa99660871db
726,87300,27.386659622192383,1.0,1.0,1.0,0.9960959999999999,0.0,0.0,0.0,0.0,0.0,0.0,0.0,0.0,0.0,0.0,0.0,0.0,0.0,0.0,0.002,0.998,0.05020311163408981,1883,0.00039064866017909385,2.4492593587518497e-07,8.555952764101995e-05,16,20,False,0.995,0.005,0.66,fixed,100,none,89088af6-702d-46f1-85f7-fa99660871db
727,87600,27.410330057144165,1.0,1.0,1.0,0.9960959999999999,0.0,0.0,0.0,0.0,0.0,0.0,0.0,0.0,0.0,0.0,0.0,0.0,0.0,0.0,0.002,0.998,0.05020311163408981,1883,0.00039061235178029145,2.4513065305819493e-07,8.555161862878686e-05,16,20,False,0.995,0.005,0.66,fixed,100,none,89088af6-702d-46f1-85f7-fa99660871db
728,87700,27.43030858039856,1.0,1.0,1.0,0.9960959999999999,0.0,0.0,0.0,0.0,0.0,0.0,0.0,0.0,0.0,0.0,0.0,0.0,0.0,0.0,0.002,0.998,0.05097620089879156,1881,0.0003909593087332279,2.4471571973050124e-07,8.562748866845238e-05,16,20,False,0.995,0.005,0.66,fixed,100,none,89088af6-702d-46f1-85f7-fa99660871db
729,87800,27.450107097625732,1.0,1.0,1.0,0.9960959999999999,0.0,0.0,0.0,0.0,0.0,0.0,0.0,0.0,0.0,0.0,0.0,0.0,0.0,0.0,0.002,0.998,0.05097620089879156,1881,0.0003925746052609045,2.462811037328549e-07,8.598137450132125e-05,16,20,False,0.995,0.005,0.66,fixed,100,none,89088af6-702d-46f1-85f7-fa99660871db
730,87900,27.469931840896606,1.0,1.0,1.0,0.9960959999999999,0.0,0.0,0.0,0.0,0.0,0.0,0.0,0.0,0.0,0.0,0.0,0.0,0.0,0.0,0.002,0.998,0.05097620089879156,1881,0.00039311587155766423,2.45923458918462e-07,8.609978974116721e-05,16,20,False,0.995,0.005,0.66,fixed,100,none,89088af6-702d-46f1-85f7-fa99660871db
731,88000,27.49018168449402,1.0,1.0,1.0,0.9960959999999999,0.0,0.0,0.0,0.0,0.0,0.0,0.0,0.0,0.0,0.0,0.0,0.0,0.0,0.0,0.002,0.998,0.050590158272456734,1882,0.0003940739815872151,2.471863521662236e-07,8.630975997635297e-05,16,20,False,0.995,0.005,0.66,fixed,100,none,89088af6-702d-46f1-85f7-fa99660871db
732,88300,27.509886026382446,1.0,1.0,1.0,0.9960959999999999,0.0,0.0,0.0,0.0,0.0,0.0,0.0,0.0,0.0,0.0,0.0,0.0,0.0,0.0,0.002,0.998,0.050590158272456734,1882,0.0003951011605610274,2.4727267328552027e-07,8.653462585473315e-05,16,20,False,0.995,0.005,0.66,fixed,100,none,89088af6-702d-46f1-85f7-fa99660871db
733,88400,27.53041672706604,1.0,1.0,1.0,0.9960959999999999,0.0,0.0,0.0,0.0,0.0,0.0,0.0,0.0,0.0,0.0,0.0,0.0,0.0,0.0,0.002,0.998,0.050590158272456734,1882,0.00039506833285796357,2.4678605670425436e-07,8.652734741338203e-05,16,20,False,0.995,0.005,0.66,fixed,100,none,89088af6-702d-46f1-85f7-fa99660871db
734,88500,27.550257205963135,1.0,1.0,1.0,0.9960959999999999,0.0,0.0,0.0,0.0,0.0,0.0,0.0,0.0,0.0,0.0,0.0,0.0,0.0,0.0,0.002,0.998,0.050590158272456734,1882,0.00039538955898137085,2.470609868471005e-07,8.659771604852304e-05,16,20,False,0.995,0.005,0.66,fixed,100,none,89088af6-702d-46f1-85f7-fa99660871db
735,88600,27.57016134262085,1.0,1.0,1.0,0.9960959999999999,0.0,0.0,0.0,0.0,0.0,0.0,0.0,0.0,0.0,0.0,0.0,0.0,0.0,0.0,0.002,0.998,0.050590158272456734,1882,0.00039458419389010397,2.469951752190565e-07,8.642140912583537e-05,16,20,False,0.995,0.005,0.66,fixed,100,none,89088af6-702d-46f1-85f7-fa99660871db
736,88700,27.589879989624023,1.0,1.0,1.0,0.9960959999999999,0.0,0.0,0.0,0.0,0.0,0.0,0.0,0.0,0.0,0.0,0.0,0.0,0.0,0.0,0.002,0.998,0.050590158272456734,1882,0.00039458419389010397,2.469951752190565e-07,8.642140912583537e-05,16,20,False,0.995,0.005,0.66,fixed,100,none,89088af6-702d-46f1-85f7-fa99660871db
737,89000,27.609706163406372,1.0,1.0,1.0,0.9960959999999999,0.0,0.0,0.0,0.0,0.0,0.0,0.0,0.0,0.0,0.0,0.0,0.0,0.0,0.0,0.002,0.998,0.05020311163408982,1883,0.0003978817090303674,2.52128193662038e-07,8.714421046354322e-05,16,20,False,0.995,0.005,0.66,fixed,100,none,89088af6-702d-46f1-85f7-fa99660871db
738,89100,27.629513263702393,1.0,1.0,1.0,0.9960959999999999,0.0,0.0,0.0,0.0,0.0,0.0,0.0,0.0,0.0,0.0,0.0,0.0,0.0,0.0,0.002,0.998,0.05020311163408982,1883,0.00039740796260884627,2.519763979188329e-07,8.704047853068103e-05,16,20,False,0.995,0.005,0.66,fixed,100,none,89088af6-702d-46f1-85f7-fa99660871db
739,89300,27.64934277534485,1.0,1.0,1.0,0.9960959999999999,0.0,0.0,0.0,0.0,0.0,0.0,0.0,0.0,0.0,0.0,0.0,0.0,0.0,0.0,0.002,0.998,0.050590158272456734,1882,0.0003990105109479472,2.5246298659817234e-07,8.739136881395929e-05,16,20,False,0.995,0.005,0.66,fixed,100,none,89088af6-702d-46f1-85f7-fa99660871db
740,89400,27.669033765792847,1.0,1.0,1.0,0.9960959999999999,0.0,0.0,0.0,0.0,0.0,0.0,0.0,0.0,0.0,0.0,0.0,0.0,0.0,0.0,0.002,0.998,0.050590158272456734,1882,0.000399957886320642,2.5418576567861926e-07,8.759907661106748e-05,16,20,False,0.995,0.005,0.66,fixed,100,none,89088af6-702d-46f1-85f7-fa99660871db
741,89500,27.68879723548889,1.0,1.0,1.0,0.9960959999999999,0.0,0.0,0.0,0.0,0.0,0.0,0.0,0.0,0.0,0.0,0.0,0.0,0.0,0.0,0.002,0.998,0.05020311163408982,1883,0.0003999181235563736,2.544282707549539e-07,8.759041861793363e-05,16,20,False,0.995,0.005,0.66,fixed,100,none,89088af6-702d-46f1-85f7-fa99660871db
742,89700,27.7083477973938,1.0,1.0,1.0,0.9960959999999999,0.0,0.0,0.0,0.0,0.0,0.0,0.0,0.0,0.0,0.0,0.0,0.0,0.0,0.0,0.002,0.998,0.050590158272456734,1882,0.0004008585511847426,2.554960658763428e-07,8.779648110685668e-05,16,20,False,0.995,0.005,0.66,fixed,100,none,89088af6-702d-46f1-85f7-fa99660871db
743,89800,27.727834939956665,1.0,1.0,1.0,0.9960959999999999,0.0,0.0,0.0,0.0,0.0,0.0,0.0,0.0,0.0,0.0,0.0,0.0,0.0,0.0,0.002,0.998,0.05059015827245674,1882,0.00040204426764732764,2.565098866758734e-07,8.805622706646844e-05,16,20,False,0.995,0.005,0.66,fixed,100,none,89088af6-702d-46f1-85f7-fa99660871db
744,90000,27.747612714767456,1.0,1.0,1.0,0.9960959999999999,0.0,0.0,0.0,0.0,0.0,0.0,0.0,0.0,0.0,0.0,0.0,0.0,0.0,0.0,0.002,0.998,0.05020311163408981,1883,0.0004025344114027891,2.565812786707429e-07,8.816353309901798e-05,16,20,False,0.995,0.005,0.66,fixed,100,none,89088af6-702d-46f1-85f7-fa99660871db
745,90100,27.767285585403442,1.0,1.0,1.0,0.9960959999999999,0.0,0.0,0.0,0.0,0.0,0.0,0.0,0.0,0.0,0.0,0.0,0.0,0.0,0.0,0.002,0.998,0.05020311163408981,1883,0.00040209914766219405,2.5689073000082614e-07,8.806831266195444e-05,16,20,False,0.995,0.005,0.66,fixed,100,none,89088af6-702d-46f1-85f7-fa99660871db
746,90200,27.787244081497192,1.0,1.0,1.0,0.9960959999999999,0.0,0.0,0.0,0.0,0.0,0.0,0.0,0.0,0.0,0.0,0.0,0.0,0.0,0.0,0.002,0.998,0.05020311163408981,1883,0.00040102551337120254,2.558420777692185e-07,8.783309487173239e-05,16,20,False,0.995,0.005,0.66,fixed,100,none,89088af6-702d-46f1-85f7-fa99660871db
747,90500,27.806890726089478,1.0,1.0,1.0,0.9960959999999999,0.0,0.0,0.0,0.0,0.0,0.0,0.0,0.0,0.0,0.0,0.0,0.0,0.0,0.0,0.002,0.998,0.05020311163408981,1883,0.0004000942970682851,2.5576220052920993e-07,8.762923644634816e-05,16,20,False,0.995,0.005,0.66,fixed,100,none,89088af6-702d-46f1-85f7-fa99660871db
748,90600,27.826861143112183,1.0,1.0,1.0,0.9960959999999999,0.0,0.0,0.0,0.0,0.0,0.0,0.0,0.0,0.0,0.0,0.0,0.0,0.0,0.0,0.002,0.998,0.05020311163408981,1883,0.00040084544267983635,2.5720885279177726e-07,8.779393708464662e-05,16,20,False,0.995,0.005,0.66,fixed,100,none,89088af6-702d-46f1-85f7-fa99660871db
749,90800,27.84637451171875,1.0,1.0,1.0,0.9960959999999999,0.0,0.0,0.0,0.0,0.0,0.0,0.0,0.0,0.0,0.0,0.0,0.0,0.0,0.0,0.002,0.998,0.04981506098369082,1884,0.0004020358339386376,2.5768154609809765e-07,8.805460354292642e-05,16,20,False,0.995,0.005,0.66,fixed,100,none,89088af6-702d-46f1-85f7-fa99660871db
750,90900,27.86596441268921,1.0,1.0,1.0,0.9960959999999999,0.0,0.0,0.0,0.0,0.0,0.0,0.0,0.0,0.0,0.0,0.0,0.0,0.0,0.0,0.002,0.998,0.04981506098369082,1884,0.0004028558024071309,2.5781438286816474e-07,8.823411987966591e-05,16,20,False,0.995,0.005,0.66,fixed,100,none,89088af6-702d-46f1-85f7-fa99660871db
751,91200,27.88569188117981,1.0,1.0,1.0,0.9960959999999999,0.0,0.0,0.0,0.0,0.0,0.0,0.0,0.0,0.0,0.0,0.0,0.0,0.0,0.0,0.002,0.998,0.05020311163408982,1883,0.0004003328326359962,2.568569372611369e-07,8.768165988209919e-05,16,20,False,0.995,0.005,0.66,fixed,100,none,89088af6-702d-46f1-85f7-fa99660871db
752,91300,27.905264854431152,1.0,1.0,1.0,0.9960959999999999,0.0,0.0,0.0,0.0,0.0,0.0,0.0,0.0,0.0,0.0,0.0,0.0,0.0,0.0,0.002,0.998,0.05020311163408982,1883,0.0004002580346624713,2.5711160899026607e-07,8.766533499332313e-05,16,20,False,0.995,0.005,0.66,fixed,100,none,89088af6-702d-46f1-85f7-fa99660871db
753,91500,27.924684762954712,1.0,1.0,1.0,0.9960959999999999,0.0,0.0,0.0,0.0,0.0,0.0,0.0,0.0,0.0,0.0,0.0,0.0,0.0,0.0,0.002,0.998,0.05020311163408982,1883,0.00040279549300539677,2.6030368885904896e-07,8.822139111976457e-05,16,20,False,0.995,0.005,0.66,fixed,100,none,89088af6-702d-46f1-85f7-fa99660871db
754,91600,27.94412398338318,1.0,1.0,1.0,0.9960959999999999,0.0,0.0,0.0,0.0,0.0,0.0,0.0,0.0,0.0,0.0,0.0,0.0,0.0,0.0,0.002,0.998,0.05020311163408982,1883,0.00040237237101004665,2.608807184361172e-07,8.812887935060208e-05,16,20,False,0.995,0.005,0.66,fixed,100,none,89088af6-702d-46f1-85f7-fa99660871db
755,91900,27.963528871536255,1.0,1.0,1.0,0.9960959999999999,0.0,0.0,0.0,0.0,0.0,0.0,0.0,0.0,0.0,0.0,0.0,0.0,0.0,0.0,0.002,0.998,0.05020311163408981,1883,0.0004035991165726234,2.6239403332809305e-07,8.83977014840796e-05,16,20,False,0.995,0.005,0.66,fixed,100,none,89088af6-702d-46f1-85f7-fa99660871db
756,92000,27.982969760894775,1.0,1.0,1.0,0.9960959999999999,0.0,0.0,0.0,0.0,0.0,0.0,0.0,0.0,0.0,0.0,0.0,0.0,0.0,0.0,0.002,0.998,0.05020311163408981,1883,0.00040413833966126614,2.624110358022755e-07,8.85157406486536e-05,16,20,False,0.995,0.005,0.66,fixed,100,none,89088af6-702d-46f1-85f7-fa99660871db
757,92300,28.00237774848938,1.0,1.0,1.0,0.9960959999999999,0.0,0.0,0.0,0.0,0.0,0.0,0.0,0.0,0.0,0.0,0.0,0.0,0.0,0.0,0.002,0.998,0.05020311163408981,1883,0.0004031892830038073,2.6156373423678866e-07,8.830783115903842e-05,16,20,False,0.995,0.005,0.66,fixed,100,none,89088af6-702d-46f1-85f7-fa99660871db
758,92400,28.021714210510254,1.0,1.0,1.0,0.9960959999999999,0.0,0.0,0.0,0.0,0.0,0.0,0.0,0.0,0.0,0.0,0.0,0.0,0.0,0.0,0.002,0.998,0.05020311163408981,1883,0.00040261426049776705,2.6058894329175564e-07,8.818177352218664e-05,16,20,False,0.995,0.005,0.66,fixed,100,none,89088af6-702d-46f1-85f7-fa99660871db
759,92600,28.041937112808228,1.0,1.0,1.0,0.9960959999999999,0.0,0.0,0.0,0.0,0.0,0.0,0.0,0.0,0.0,0.0,0.0,0.0,0.0,0.0,0.002,0.998,0.05020311163408981,1883,0.00040303153512439503,2.6111846886944057e-07,8.827321554781527e-05,16,20,False,0.995,0.005,0.66,fixed,100,none,89088af6-702d-46f1-85f7-fa99660871db
760,92700,28.061314582824707,1.0,1.0,1.0,0.9960959999999999,0.0,0.0,0.0,0.0,0.0,0.0,0.0,0.0,0.0,0.0,0.0,0.0,0.0,0.0,0.002,0.998,0.04981506098369082,1884,0.00040241855040126464,2.610282437430764e-07,8.813901604914802e-05,16,20,False,0.995,0.005,0.66,fixed,100,none,89088af6-702d-46f1-85f7-fa99660871db
761,93000,28.08077096939087,1.0,1.0,1.0,0.9960959999999999,0.0,0.0,0.0,0.0,0.0,0.0,0.0,0.0,0.0,0.0,0.0,0.0,0.0,0.0,0.002,0.998,0.04981506098369082,1884,0.00040428842325605617,2.6280506823529306e-07,8.854866881371541e-05,16,20,False,0.995,0.005,0.66,fixed,100,none,89088af6-702d-46f1-85f7-fa99660871db
762,93100,28.10024619102478,1.0,1.0,1.0,0.9960959999999999,0.0,0.0,0.0,0.0,0.0,0.0,0.0,0.0,0.0,0.0,0.0,0.0,0.0,0.0,0.002,0.998,0.04981506098369082,1884,0.00040289568445324637,2.616062966025868e-07,8.824357052317012e-05,16,20,False,0.995,0.005,0.66,fixed,100,none,89088af6-702d-46f1-85f7-fa99660871db
763,93300,28.119629859924316,1.0,1.0,1.0,0.9960959999999999,0.0,0.0,0.0,0.0,0.0,0.0,0.0,0.0,0.0,0.0,0.0,0.0,0.0,0.0,0.002,0.998,0.04981506098369082,1884,0.00040339964261826224,2.6067310315980817e-07,8.835370965873797e-05,16,20,False,0.995,0.005,0.66,fixed,100,none,89088af6-702d-46f1-85f7-fa99660871db
764,93400,28.139033317565918,1.0,1.0,1.0,0.9960959999999999,0.0,0.0,0.0,0.0,0.0,0.0,0.0,0.0,0.0,0.0,0.0,0.0,0.0,0.0,0.002,0.998,0.04981506098369082,1884,0.00040390412641118687,2.613932092542088e-07,8.846427798116711e-05,16,20,False,0.995,0.005,0.66,fixed,100,none,89088af6-702d-46f1-85f7-fa99660871db
765,93700,28.159091234207153,1.0,1.0,1.0,0.9960959999999999,0.0,0.0,0.0,0.0,0.0,0.0,0.0,0.0,0.0,0.0,0.0,0.0,0.0,0.0,0.002,0.998,0.04981506098369082,1884,0.0004052174689587157,2.6199112827421145e-07,8.875188226943496e-05,16,20,False,0.995,0.005,0.66,fixed,100,none,89088af6-702d-46f1-85f7-fa99660871db
766,93800,28.179062604904175,1.0,1.0,1.0,0.9960959999999999,0.0,0.0,0.0,0.0,0.0,0.0,0.0,0.0,0.0,0.0,0.0,0.0,0.0,0.0,0.002,0.998,0.05020311163408982,1883,0.00040751237297496483,2.6463757173814956e-07,8.925473958285006e-05,16,20,False,0.995,0.005,0.66,fixed,100,none,89088af6-702d-46f1-85f7-fa99660871db
767,93900,28.198792219161987,1.0,1.0,1.0,0.9960959999999999,0.0,0.0,0.0,0.0,0.0,0.0,0.0,0.0,0.0,0.0,0.0,0.0,0.0,0.0,0.002,0.998,0.050203111634089824,1883,0.0004080419925129177,2.6526953490728007e-07,8.937079337271008e-05,16,20,False,0.995,0.005,0.66,fixed,100,none,89088af6-702d-46f1-85f7-fa99660871db
768,94100,28.218562841415405,1.0,1.0,1.0,0.9960959999999999,0.0,0.0,0.0,0.0,0.0,0.0,0.0,0.0,0.0,0.0,0.0,0.0,0.0,0.0,0.002,0.998,0.04981506098369082,1884,0.00040816302742845313,2.65561047512526e-07,8.939734330311576e-05,16,20,False,0.995,0.005,0.66,fixed,100,none,89088af6-702d-46f1-85f7-fa99660871db
769,94200,28.238565683364868,1.0,1.0,1.0,0.9960959999999999,0.0,0.0,0.0,0.0,0.0,0.0,0.0,0.0,0.0,0.0,0.0,0.0,0.0,0.0,0.002,0.998,0.04942600632125975,1885,0.0004080832339244755,2.662054344391414e-07,8.937999893861112e-05,16,20,False,0.995,0.005,0.66,fixed,100,none,89088af6-702d-46f1-85f7-fa99660871db
770,94400,28.258302927017212,1.0,1.0,1.0,0.9960959999999999,0.0,0.0,0.0,0.0,0.0,0.0,0.0,0.0,0.0,0.0,0.0,0.0,0.0,0.0,0.002,0.998,0.05059015827245674,1882,0.00040799893650175496,2.6689229517773175e-07,8.936167673631793e-05,16,20,False,0.995,0.005,0.66,fixed,100,none,89088af6-702d-46f1-85f7-fa99660871db
771,94500,28.277891874313354,1.0,1.0,1.0,0.9960959999999999,0.0,0.0,0.0,0.0,0.0,0.0,0.0,0.0,0.0,0.0,0.0,0.0,0.0,0.0,0.002,0.998,0.05020311163408981,1883,0.00040674025218864535,2.6547288356535546e-07,8.908588105197189e-05,16,20,False,0.995,0.005,0.66,fixed,100,none,89088af6-702d-46f1-85f7-fa99660871db
772,94600,28.29733943939209,1.0,1.0,1.0,0.9960959999999999,0.0,0.0,0.0,0.0,0.0,0.0,0.0,0.0,0.0,0.0,0.0,0.0,0.0,0.0,0.002,0.998,0.05020311163408981,1883,0.0004055413921274979,2.644880300898128e-07,8.882326346242635e-05,16,20,False,0.995,0.005,0.66,fixed,100,none,89088af6-702d-46f1-85f7-fa99660871db
773,94700,28.316701412200928,1.0,1.0,1.0,0.9960959999999999,0.0,0.0,0.0,0.0,0.0,0.0,0.0,0.0,0.0,0.0,0.0,0.0,0.0,0.0,0.002,0.998,0.04981506098369082,1884,0.0004066896325553204,2.646966299095559e-07,8.907465292604245e-05,16,20,False,0.995,0.005,0.66,fixed,100,none,89088af6-702d-46f1-85f7-fa99660871db
774,94800,28.336089849472046,1.0,1.0,1.0,0.9960959999999999,0.0,0.0,0.0,0.0,0.0,0.0,0.0,0.0,0.0,0.0,0.0,0.0,0.0,0.0,0.002,0.998,0.04981506098369082,1884,0.00040680156592615065,2.652163426119273e-07,8.909925388633066e-05,16,20,False,0.995,0.005,0.66,fixed,100,none,89088af6-702d-46f1-85f7-fa99660871db
775,94900,28.355445623397827,1.0,1.0,1.0,0.9960959999999999,0.0,0.0,0.0,0.0,0.0,0.0,0.0,0.0,0.0,0.0,0.0,0.0,0.0,0.0,0.002,0.998,0.04981506098369082,1884,0.00040684036718913825,2.645046963949561e-07,8.910761227001741e-05,16,20,False,0.995,0.005,0.66,fixed,100,none,89088af6-702d-46f1-85f7-fa99660871db
776,95100,28.37486720085144,1.0,1.0,1.0,0.9960959999999999,0.0,0.0,0.0,0.0,0.0,0.0,0.0,0.0,0.0,0.0,0.0,0.0,0.0,0.0,0.002,0.998,0.04981506098369082,1884,0.00040742812861718834,2.657945355225134e-07,8.92365183160518e-05,16,20,False,0.995,0.005,0.66,fixed,100,none,89088af6-702d-46f1-85f7-fa99660871db
777,95200,28.39484167098999,1.0,1.0,1.0,0.9960959999999999,0.0,0.0,0.0,0.0,0.0,0.0,0.0,0.0,0.0,0.0,0.0,0.0,0.0,0.0,0.002,0.998,0.04981506098369082,1884,0.0004067304270547574,2.651515944542175e-07,8.90836692852327e-05,16,20,False,0.995,0.005,0.66,fixed,100,none,89088af6-702d-46f1-85f7-fa99660871db
778,95300,28.414456605911255,1.0,1.0,1.0,0.9960959999999999,0.0,0.0,0.0,0.0,0.0,0.0,0.0,0.0,0.0,0.0,0.0,0.0,0.0,0.0,0.002,0.998,0.04981506098369082,1884,0.00040696486902586017,2.661544474523062e-07,8.913517917477675e-05,16,20,False,0.995,0.005,0.66,fixed,100,none,89088af6-702d-46f1-85f7-fa99660871db
779,95400,28.434025764465332,1.0,1.0,1.0,0.9960959999999999,0.0,0.0,0.0,0.0,0.0,0.0,0.0,0.0,0.0,0.0,0.0,0.0,0.0,0.0,0.002,0.998,0.04981506098369082,1884,0.00040670925992927466,2.660788390743736e-07,8.907921197794235e-05,16,20,False,0.995,0.005,0.66,fixed,100,none,89088af6-702d-46f1-85f7-fa99660871db
780,95500,28.453568696975708,1.0,1.0,1.0,0.9960959999999999,0.0,0.0,0.0,0.0,0.0,0.0,0.0,0.0,0.0,0.0,0.0,0.0,0.0,0.0,0.002,0.998,0.04981506098369082,1884,0.0004061566990276594,2.663087345336917e-07,8.895830007671605e-05,16,20,False,0.995,0.005,0.66,fixed,100,none,89088af6-702d-46f1-85f7-fa99660871db
781,95600,28.473387241363525,1.0,1.0,1.0,0.9960959999999999,0.0,0.0,0.0,0.0,0.0,0.0,0.0,0.0,0.0,0.0,0.0,0.0,0.0,0.0,0.002,0.998,0.04981506098369082,1884,0.0004060791520806076,2.6575899636011053e-07,8.894122059975343e-05,16,20,False,0.995,0.005,0.66,fixed,100,none,89088af6-702d-46f1-85f7-fa99660871db
782,95900,28.49324107170105,1.0,1.0,1.0,0.9960959999999999,0.0,0.0,0.0,0.0,0.0,0.0,0.0,0.0,0.0,0.0,0.0,0.0,0.0,0.0,0.002,0.998,0.04981506098369082,1884,0.0004049664283826081,2.648425705500478e-07,8.869747126135743e-05,16,20,False,0.995,0.005,0.66,fixed,100,none,89088af6-702d-46f1-85f7-fa99660871db
783,96000,28.512983798980713,1.0,1.0,1.0,0.9960959999999999,0.0,0.0,0.0,0.0,0.0,0.0,0.0,0.0,0.0,0.0,0.0,0.0,0.0,0.0,0.002,0.998,0.04981506098369082,1884,0.00040439657943557597,2.643351544684205e-07,8.857263491779658e-05,16,20,False,0.995,0.005,0.66,fixed,100,none,89088af6-702d-46f1-85f7-fa99660871db
784,96100,28.53282594680786,1.0,1.0,1.0,0.9960959999999999,0.0,0.0,0.0,0.0,0.0,0.0,0.0,0.0,0.0,0.0,0.0,0.0,0.0,0.0,0.002,0.998,0.04981506098369082,1884,0.0004043742592927079,2.645779979846812e-07,8.856779517879085e-05,16,20,False,0.995,0.005,0.66,fixed,100,none,89088af6-702d-46f1-85f7-fa99660871db
785,96200,28.55239200592041,1.0,1.0,1.0,0.9960959999999999,0.0,0.0,0.0,0.0,0.0,0.0,0.0,0.0,0.0,0.0,0.0,0.0,0.0,0.0,0.002,0.998,0.04981506098369082,1884,0.0004037624190975775,2.638499005910654e-07,8.843372502157203e-05,16,20,False,0.995,0.005,0.66,fixed,100,none,89088af6-702d-46f1-85f7-fa99660871db
786,96300,28.571941137313843,1.0,1.0,1.0,0.9960959999999999,0.0,0.0,0.0,0.0,0.0,0.0,0.0,0.0,0.0,0.0,0.0,0.0,0.0,0.0,0.002,0.998,0.04981506098369082,1884,0.0004035098357301107,2.6471878288726884e-07,8.837859961006981e-05,16,20,False,0.995,0.005,0.66,fixed,100,none,89088af6-702d-46f1-85f7-fa99660871db
787,96600,28.591576099395752,1.0,1.0,1.0,0.9960959999999999,0.0,0.0,0.0,0.0,0.0,0.0,0.0,0.0,0.0,0.0,0.0,0.0,0.0,0.0,0.002,0.998,0.04981506098369082,1884,0.0004052751765402378,2.6634601864450346e-07,8.876534188820051e-05,16,20,False,0.995,0.005,0.66,fixed,100,none,89088af6-702d-46f1-85f7-fa99660871db
788,96700,28.61130452156067,1.0,1.0,1.0,0.9960959999999999,0.0,0.0,0.0,0.0,0.0,0.0,0.0,0.0,0.0,0.0,0.0,0.0,0.0,0.0,0.002,0.998,0.04981506098369082,1884,0.0004052751765402378,2.6634601864450346e-07,8.876534188820051e-05,16,20,False,0.995,0.005,0.66,fixed,100,none,89088af6-702d-46f1-85f7-fa99660871db
789,96900,28.631120204925537,1.0,1.0,1.0,0.9960959999999999,0.0,0.0,0.0,0.0,0.0,0.0,0.0,0.0,0.0,0.0,0.0,0.0,0.0,0.0,0.002,0.998,0.04981506098369082,1884,0.0004053607342959283,2.6759910241458976e-07,8.878430856683748e-05,16,20,False,0.995,0.005,0.66,fixed,100,none,89088af6-702d-46f1-85f7-fa99660871db
790,97000,28.651245832443237,1.0,1.0,1.0,0.9960959999999999,0.0,0.0,0.0,0.0,0.0,0.0,0.0,0.0,0.0,0.0,0.0,0.0,0.0,0.0,0.002,0.998,0.04981506098369082,1884,0.0004044466764726166,2.6763482769125137e-07,8.858422809711711e-05,16,20,False,0.995,0.005,0.66,fixed,100,none,89088af6-702d-46f1-85f7-fa99660871db
791,97300,28.670997858047485,1.0,1.0,1.0,0.9960959999999999,0.0,0.0,0.0,0.0,0.0,0.0,0.0,0.0,0.0,0.0,0.0,0.0,0.0,0.0,0.002,0.998,0.04981506098369082,1884,0.0004054122627273099,2.685233003578267e-07,8.879576373807614e-05,16,20,False,0.995,0.005,0.66,fixed,100,none,89088af6-702d-46f1-85f7-fa99660871db
792,97400,28.6905038356781,1.0,1.0,1.0,0.9960959999999999,0.0,0.0,0.0,0.0,0.0,0.0,0.0,0.0,0.0,0.0,0.0,0.0,0.0,0.0,0.002,0.998,0.05020311163408982,1883,0.0004051711963233316,2.6789027784943375e-07,8.874287402796868e-05,16,20,False,0.995,0.005,0.66,fixed,100,none,89088af6-702d-46f1-85f7-fa99660871db
793,97700,28.709893703460693,1.0,1.0,1.0,0.9960959999999999,0.0,0.0,0.0,0.0,0.0,0.0,0.0,0.0,0.0,0.0,0.0,0.0,0.0,0.0,0.002,0.998,0.04981506098369082,1884,0.00040794390393053944,2.695154409644614e-07,8.935012850417833e-05,16,20,False,0.995,0.005,0.66,fixed,100,none,89088af6-702d-46f1-85f7-fa99660871db
794,97800,28.72926092147827,1.0,1.0,1.0,0.9960959999999999,0.0,0.0,0.0,0.0,0.0,0.0,0.0,0.0,0.0,0.0,0.0,0.0,0.0,0.0,0.002,0.998,0.04981506098369082,1884,0.0004071923590973701,2.6867082074933976e-07,8.91854548623567e-05,16,20,False,0.995,0.005,0.66,fixed,100,none,89088af6-702d-46f1-85f7-fa99660871db
795,98000,28.74859595298767,1.0,1.0,1.0,0.9960959999999999,0.0,0.0,0.0,0.0,0.0,0.0,0.0,0.0,0.0,0.0,0.0,0.0,0.0,0.0,0.002,0.998,0.04981506098369082,1884,0.0004092499684920652,2.702185738832141e-07,8.963615963195088e-05,16,20,False,0.995,0.005,0.66,fixed,100,none,89088af6-702d-46f1-85f7-fa99660871db
796,98100,28.767992734909058,1.0,1.0,1.0,0.9960959999999999,0.0,0.0,0.0,0.0,0.0,0.0,0.0,0.0,0.0,0.0,0.0,0.0,0.0,0.0,0.002,0.998,0.04942600632125975,1885,0.00041142869964883944,2.7188200074109673e-07,9.011339993327177e-05,16,20,False,0.995,0.005,0.66,fixed,100,none,89088af6-702d-46f1-85f7-fa99660871db
797,98400,28.787801504135132,1.0,1.0,1.0,0.9960959999999999,0.0,0.0,0.0,0.0,0.0,0.0,0.0,0.0,0.0,0.0,0.0,0.0,0.0,0.0,0.002,0.998,0.04981506098369082,1884,0.000413519390315556,2.74175008638253e-07,9.057148779171648e-05,16,20,False,0.995,0.005,0.66,fixed,100,none,89088af6-702d-46f1-85f7-fa99660871db
798,98500,28.807265520095825,1.0,1.0,1.0,0.9960959999999999,0.0,0.0,0.0,0.0,0.0,0.0,0.0,0.0,0.0,0.0,0.0,0.0,0.0,0.0,0.002,0.998,0.04942600632125975,1885,0.000413641586828334,2.7460387692149526e-07,9.05983180933374e-05,16,20,False,0.995,0.005,0.66,fixed,100,none,89088af6-702d-46f1-85f7-fa99660871db
799,98600,28.82664918899536,1.0,1.0,1.0,0.9960959999999999,0.0,0.0,0.0,0.0,0.0,0.0,0.0,0.0,0.0,0.0,0.0,0.0,0.0,0.0,0.002,0.998,0.04942600632125975,1885,0.0004142568104831243,2.7463341099863517e-07,9.073299616284565e-05,16,20,False,0.995,0.005,0.66,fixed,100,none,89088af6-702d-46f1-85f7-fa99660871db
800,98700,28.846296072006226,1.0,1.0,1.0,0.9960959999999999,0.0,0.0,0.0,0.0,0.0,0.0,0.0,0.0,0.0,0.0,0.0,0.0,0.0,0.0,0.002,0.998,0.04942600632125975,1885,0.0004148840321036516,2.7592090071749644e-07,9.087053959862567e-05,16,20,False,0.995,0.005,0.66,fixed,100,none,89088af6-702d-46f1-85f7-fa99660871db
801,98800,28.865747451782227,1.0,1.0,1.0,0.9960959999999999,0.0,0.0,0.0,0.0,0.0,0.0,0.0,0.0,0.0,0.0,0.0,0.0,0.0,0.0,0.002,0.998,0.04942600632125975,1885,0.0004151929294995789,2.7605078107867063e-07,9.093818191586277e-05,16,20,False,0.995,0.005,0.66,fixed,100,none,89088af6-702d-46f1-85f7-fa99660871db
802,99100,28.885254859924316,1.0,1.0,1.0,0.9960959999999999,0.0,0.0,0.0,0.0,0.0,0.0,0.0,0.0,0.0,0.0,0.0,0.0,0.0,0.0,0.002,0.998,0.04942600632125975,1885,0.0004153989870579067,2.776929453365133e-07,9.098359992658972e-05,16,20,False,0.995,0.005,0.66,fixed,100,none,89088af6-702d-46f1-85f7-fa99660871db
803,99200,28.904730319976807,1.0,1.0,1.0,0.9960959999999999,0.0,0.0,0.0,0.0,0.0,0.0,0.0,0.0,0.0,0.0,0.0,0.0,0.0,0.0,0.002,0.998,0.04981506098369082,1884,0.0004167286615135826,2.794182838676547e-07,9.12749934792581e-05,16,20,False,0.995,0.005,0.66,fixed,100,none,89088af6-702d-46f1-85f7-fa99660871db
804,99300,28.924202919006348,1.0,1.0,1.0,0.9960959999999999,0.0,0.0,0.0,0.0,0.0,0.0,0.0,0.0,0.0,0.0,0.0,0.0,0.0,0.0,0.002,0.998,0.04981506098369082,1884,0.00041609928736062137,2.789605896490944e-07,9.113713651527335e-05,16,20,False,0.995,0.005,0.66,fixed,100,none,89088af6-702d-46f1-85f7-fa99660871db
805,99400,28.94364094734192,1.0,1.0,1.0,0.9960959999999999,0.0,0.0,0.0,0.0,0.0,0.0,0.0,0.0,0.0,0.0,0.0,0.0,0.0,0.0,0.002,0.998,0.04981506098369082,1884,0.00041706708947505505,2.803132361254794e-07,9.134924540095339e-05,16,20,False,0.995,0.005,0.66,fixed,100,none,89088af6-702d-46f1-85f7-fa99660871db
806,99500,28.963145971298218,1.0,1.0,1.0,0.9960959999999999,0.0,0.0,0.0,0.0,0.0,0.0,0.0,0.0,0.0,0.0,0.0,0.0,0.0,0.0,0.002,0.998,0.04981506098369082,1884,0.00041706537763378984,2.8094871327186187e-07,9.134899141955826e-05,16,20,False,0.995,0.005,0.66,fixed,100,none,89088af6-702d-46f1-85f7-fa99660871db
807,99600,28.982518672943115,1.0,1.0,1.0,0.9960959999999999,0.0,0.0,0.0,0.0,0.0,0.0,0.0,0.0,0.0,0.0,0.0,0.0,0.0,0.0,0.002,0.998,0.04981506098369082,1884,0.0004174519074338396,2.814405028470792e-07,9.143369623280844e-05,16,20,False,0.995,0.005,0.66,fixed,100,none,89088af6-702d-46f1-85f7-fa99660871db
808,99800,29.002143383026123,1.0,1.0,1.0,0.9960959999999999,0.0,0.0,0.0,0.0,0.0,0.0,0.0,0.0,0.0,0.0,0.0,0.0,0.0,0.0,0.002,0.998,0.04981506098369082,1884,0.00041576513657463524,2.7958753403024657e-07,9.10641100276534e-05,16,20,False,0.995,0.005,0.66,fixed,100,none,89088af6-702d-46f1-85f7-fa99660871db
809,99900,29.021687746047974,1.0,1.0,1.0,0.9960959999999999,0.0,0.0,0.0,0.0,0.0,0.0,0.0,0.0,0.0,0.0,0.0,0.0,0.0,0.0,0.002,0.998,0.04981506098369082,1884,0.00041546271939761197,2.793560882000651e-07,9.099786693289527e-05,16,20,False,0.995,0.005,0.66,fixed,100,none,89088af6-702d-46f1-85f7-fa99660871db
810,100100,29.041273593902588,1.0,1.0,1.0,0.9960959999999999,0.0,0.0,0.0,0.0,0.0,0.0,0.0,0.0,0.0,0.0,0.0,0.0,0.0,0.0,0.002,0.998,0.04981506098369082,1884,0.0004147938462625617,2.784602197709569e-07,9.085128038863125e-05,16,20,False,0.995,0.005,0.66,fixed,100,none,89088af6-702d-46f1-85f7-fa99660871db
811,100200,29.06092643737793,1.0,1.0,1.0,0.9960959999999999,0.0,0.0,0.0,0.0,0.0,0.0,0.0,0.0,0.0,0.0,0.0,0.0,0.0,0.0,0.002,0.998,0.04942600632125975,1885,0.0004149686208003045,2.785918868829887e-07,9.088956355169442e-05,16,20,False,0.995,0.005,0.66,fixed,100,none,89088af6-702d-46f1-85f7-fa99660871db
812,100300,29.080660343170166,1.0,1.0,1.0,0.9960959999999999,0.0,0.0,0.0,0.0,0.0,0.0,0.0,0.0,0.0,0.0,0.0,0.0,0.0,0.0,0.002,0.998,0.04942600632125975,1885,0.00041667639199087915,2.8042117450255125e-07,9.126374222995893e-05,16,20,False,0.995,0.005,0.66,fixed,100,none,89088af6-702d-46f1-85f7-fa99660871db
813,100500,29.100417375564575,1.0,1.0,1.0,0.9960959999999999,0.0,0.0,0.0,0.0,0.0,0.0,0.0,0.0,0.0,0.0,0.0,0.0,0.0,0.0,0.002,0.998,0.04942600632125975,1885,0.00041602704692378855,2.7950194706657007e-07,9.112142594155997e-05,16,20,False,0.995,0.005,0.66,fixed,100,none,89088af6-702d-46f1-85f7-fa99660871db
814,100600,29.120099306106567,1.0,1.0,1.0,0.9960959999999999,0.0,0.0,0.0,0.0,0.0,0.0,0.0,0.0,0.0,0.0,0.0,0.0,0.0,0.0,0.002,0.998,0.04942600632125975,1885,0.0004158412315349462,2.7840498675961733e-07,9.108054253048404e-05,16,20,False,0.995,0.005,0.66,fixed,100,none,89088af6-702d-46f1-85f7-fa99660871db
815,100900,29.139928340911865,1.0,1.0,1.0,0.9960959999999999,0.0,0.0,0.0,0.0,0.0,0.0,0.0,0.0,0.0,0.0,0.0,0.0,0.0,0.0,0.002,0.998,0.04981506098369082,1884,0.0004171874809378096,2.8075440625964246e-07,9.137568291447586e-05,16,20,False,0.995,0.005,0.66,fixed,100,none,89088af6-702d-46f1-85f7-fa99660871db
816,101000,29.159639835357666,1.0,1.0,1.0,0.9960959999999999,0.0,0.0,0.0,0.0,0.0,0.0,0.0,0.0,0.0,0.0,0.0,0.0,0.0,0.0,0.002,0.998,0.04942600632125975,1885,0.00041878534979935834,2.823794181309596e-07,9.172576516052443e-05,16,20,False,0.995,0.005,0.66,fixed,100,none,89088af6-702d-46f1-85f7-fa99660871db
817,101100,29.17935276031494,1.0,1.0,1.0,0.9960959999999999,0.0,0.0,0.0,0.0,0.0,0.0,0.0,0.0,0.0,0.0,0.0,0.0,0.0,0.0,0.002,0.998,0.04942600632125975,1885,0.0004195463591780028,2.827286504367598e-07,9.18924164676478e-05,16,20,False,0.995,0.005,0.66,fixed,100,none,89088af6-702d-46f1-85f7-fa99660871db
818,101300,29.198881149291992,1.0,1.0,1.0,0.9951079999999999,0.0,0.0,0.0,0.0,0.0,0.0,0.0,0.0,0.0,0.0,0.0,0.0,0.0,0.0,0.0025,0.9975,0.04944767934874782,1884,0.0004213245432138564,2.847868973008748e-07,9.228205202000034e-05,16,20,False,0.995,0.005,0.66,fixed,100,none,89088af6-702d-46f1-85f7-fa99660871db
819,101400,29.218400955200195,1.0,1.0,1.0,0.9951079999999999,0.0,0.0,0.0,0.0,0.0,0.0,0.0,0.0,0.0,0.0,0.0,0.0,0.0,0.0,0.0025,0.9975,0.049836872883964295,1883,0.00042048576766234483,2.844589835666514e-07,9.209838174816495e-05,16,20,False,0.995,0.005,0.66,fixed,100,none,89088af6-702d-46f1-85f7-fa99660871db
820,101600,29.2380530834198,1.0,1.0,1.0,0.9951079999999999,0.0,0.0,0.0,0.0,0.0,0.0,0.0,0.0,0.0,0.0,0.0,0.0,0.0,0.0,0.0025,0.9975,0.049836872883964295,1883,0.00042227833904376436,2.8680604697251057e-07,9.24912215656048e-05,16,20,False,0.995,0.005,0.66,fixed,100,none,89088af6-702d-46f1-85f7-fa99660871db
821,101700,29.257773399353027,1.0,1.0,1.0,0.9951079999999999,0.0,0.0,0.0,0.0,0.0,0.0,0.0,0.0,0.0,0.0,0.0,0.0,0.0,0.0,0.0025,0.9975,0.04944767934874782,1884,0.0004220927099491324,2.873247108363988e-07,9.2450685902924e-05,16,20,False,0.995,0.005,0.66,fixed,100,none,89088af6-702d-46f1-85f7-fa99660871db
822,101800,29.27736258506775,1.0,1.0,1.0,0.9951079999999999,0.0,0.0,0.0,0.0,0.0,0.0,0.0,0.0,0.0,0.0,0.0,0.0,0.0,0.0,0.0025,0.9975,0.049057480794718625,1885,0.000422222140180831,2.878206705397873e-07,9.247911241298648e-05,16,20,False,0.995,0.005,0.66,fixed,100,none,89088af6-702d-46f1-85f7-fa99660871db
823,101900,29.296714782714844,1.0,1.0,1.0,0.9951079999999999,0.0,0.0,0.0,0.0,0.0,0.0,0.0,0.0,0.0,0.0,0.0,0.0,0.0,0.0,0.0025,0.9975,0.049057480794718625,1885,0.00042206084268225555,2.8783295263942466e-07,9.244380672414724e-05,16,20,False,0.995,0.005,0.66,fixed,100,none,89088af6-702d-46f1-85f7-fa99660871db
824,102000,29.31609344482422,1.0,1.0,1.0,0.9951079999999999,0.0,0.0,0.0,0.0,0.0,0.0,0.0,0.0,0.0,0.0,0.0,0.0,0.0,0.0,0.0025,0.9975,0.049447679348747824,1884,0.0004212320875439996,2.8817336264116793e-07,9.226245690228333e-05,16,20,False,0.995,0.005,0.66,fixed,100,none,89088af6-702d-46f1-85f7-fa99660871db
825,102100,29.335308074951172,1.0,1.0,1.0,0.9951079999999999,0.0,0.0,0.0,0.0,0.0,0.0,0.0,0.0,0.0,0.0,0.0,0.0,0.0,0.0,0.0025,0.9975,0.049836872883964295,1883,0.00042081086229903185,2.88553493494964e-07,9.217032292102212e-05,16,20,False,0.995,0.005,0.66,fixed,100,none,89088af6-702d-46f1-85f7-fa99660871db
826,102300,29.35448455810547,1.0,1.0,1.0,0.9951079999999999,0.0,0.0,0.0,0.0,0.0,0.0,0.0,0.0,0.0,0.0,0.0,0.0,0.0,0.0,0.0025,0.9975,0.049836872883964295,1883,0.00042146876333117955,2.892579839260372e-07,9.231447131014115e-05,16,20,False,0.995,0.005,0.66,fixed,100,none,89088af6-702d-46f1-85f7-fa99660871db
827,102400,29.373712062835693,1.0,1.0,1.0,0.9951079999999999,0.0,0.0,0.0,0.0,0.0,0.0,0.0,0.0,0.0,0.0,0.0,0.0,0.0,0.0,0.0025,0.9975,0.05022506140036809,1882,0.0004216137602557797,2.903096989246993e-07,9.234641096278587e-05,16,20,False,0.995,0.005,0.66,fixed,100,none,89088af6-702d-46f1-85f7-fa99660871db
828,102600,29.392971992492676,1.0,1.0,1.0,0.9951079999999999,0.0,0.0,0.0,0.0,0.0,0.0,0.0,0.0,0.0,0.0,0.0,0.0,0.0,0.0,0.0025,0.9975,0.04944767934874782,1884,0.0004200209957576267,2.887626486949796e-07,9.199746087459654e-05,16,20,False,0.995,0.005,0.66,fixed,100,none,89088af6-702d-46f1-85f7-fa99660871db
829,102700,29.41220712661743,1.0,1.0,1.0,0.9951079999999999,0.0,0.0,0.0,0.0,0.0,0.0,0.0,0.0,0.0,0.0,0.0,0.0,0.0,0.0,0.0025,0.9975,0.04944767934874782,1884,0.00042033108709588375,2.8930013230496434e-07,9.20654419904269e-05,16,20,False,0.995,0.005,0.66,fixed,100,none,89088af6-702d-46f1-85f7-fa99660871db
830,102800,29.431430101394653,1.0,1.0,1.0,0.9951079999999999,0.0,0.0,0.0,0.0,0.0,0.0,0.0,0.0,0.0,0.0,0.0,0.0,0.0,0.0,0.0025,0.9975,0.04944767934874782,1884,0.00042149185000182063,2.9007099138330454e-07,9.231967945376137e-05,16,20,False,0.995,0.005,0.66,fixed,100,none,89088af6-702d-46f1-85f7-fa99660871db
831,103100,29.450653791427612,1.0,1.0,1.0,0.9951079999999999,0.0,0.0,0.0,0.0,0.0,0.0,0.0,0.0,0.0,0.0,0.0,0.0,0.0,0.0,0.0025,0.9975,0.049836872883964295,1883,0.0004191764604527068,2.8753055096983014e-07,9.181235799778179e-05,16,20,False,0.995,0.005,0.66,fixed,100,none,89088af6-702d-46f1-85f7-fa99660871db
832,103200,29.473843097686768,1.0,1.0,1.0,0.9951079999999999,0.0,0.0,0.0,0.0,0.0,0.0,0.0,0.0,0.0,0.0,0.0,0.0,0.0,0.0,0.0025,0.9975,0.049836872883964295,1883,0.0004191764604527068,2.8753055096983014e-07,9.181235799778179e-05,16,20,False,0.995,0.005,0.66,fixed,100,none,89088af6-702d-46f1-85f7-fa99660871db
833,103400,29.493061065673828,1.0,1.0,1.0,0.9951079999999999,0.0,0.0,0.0,0.0,0.0,0.0,0.0,0.0,0.0,0.0,0.0,0.0,0.0,0.0,0.0025,0.9975,0.049836872883964295,1883,0.00041890061390196625,2.874565367592849e-07,9.175196112512467e-05,16,20,False,0.995,0.005,0.66,fixed,100,none,89088af6-702d-46f1-85f7-fa99660871db
834,103500,29.512287855148315,1.0,1.0,1.0,0.9951079999999999,0.0,0.0,0.0,0.0,0.0,0.0,0.0,0.0,0.0,0.0,0.0,0.0,0.0,0.0,0.0025,0.9975,0.04944767934874782,1884,0.00042068131186501266,2.892692418352612e-07,9.214210032319998e-05,16,20,False,0.995,0.005,0.66,fixed,100,none,89088af6-702d-46f1-85f7-fa99660871db
835,103600,29.531421184539795,1.0,1.0,1.0,0.9951079999999999,0.0,0.0,0.0,0.0,0.0,0.0,0.0,0.0,0.0,0.0,0.0,0.0,0.0,0.0,0.0025,0.9975,0.04944767934874782,1884,0.00042412521436867886,2.938060346994428e-07,9.28968325718967e-05,16,20,False,0.995,0.005,0.66,fixed,100,none,89088af6-702d-46f1-85f7-fa99660871db
836,103800,29.55058217048645,1.0,1.0,1.0,0.9951079999999999,0.0,0.0,0.0,0.0,0.0,0.0,0.0,0.0,0.0,0.0,0.0,0.0,0.0,0.0,0.0025,0.9975,0.04944767934874782,1884,0.00042191682573880057,2.919154548434201e-07,9.241305709064369e-05,16,20,False,0.995,0.005,0.66,fixed,100,none,89088af6-702d-46f1-85f7-fa99660871db
837,103900,29.569736003875732,1.0,1.0,1.0,0.9951079999999999,0.0,0.0,0.0,0.0,0.0,0.0,0.0,0.0,0.0,0.0,0.0,0.0,0.0,0.0,0.0025,0.9975,0.04944767934874782,1884,0.00042259732376702267,2.92528331147695e-07,9.256213455551933e-05,16,20,False,0.995,0.005,0.66,fixed,100,none,89088af6-702d-46f1-85f7-fa99660871db
838,104100,29.589027404785156,1.0,1.0,1.0,0.9951079999999999,0.0,0.0,0.0,0.0,0.0,0.0,0.0,0.0,0.0,0.0,0.0,0.0,0.0,0.0,0.0025,0.9975,0.04944767934874782,1884,0.0004219427586235769,2.9176191479722775e-07,9.241870462651246e-05,16,20,False,0.995,0.005,0.66,fixed,100,none,89088af6-702d-46f1-85f7-fa99660871db
839,104200,29.608238697052002,1.0,1.0,1.0,0.9951079999999999,0.0,0.0,0.0,0.0,0.0,0.0,0.0,0.0,0.0,0.0,0.0,0.0,0.0,0.0,0.0025,0.9975,0.04944767934874782,1884,0.0004227265019970223,2.932169869644295e-07,9.259054251467143e-05,16,20,False,0.995,0.005,0.66,fixed,100,none,89088af6-702d-46f1-85f7-fa99660871db
840,104300,29.62745499610901,1.0,1.0,1.0,0.9951079999999999,0.0,0.0,0.0,0.0,0.0,0.0,0.0,0.0,0.0,0.0,0.0,0.0,0.0,0.0,0.0025,0.9975,0.049057480794718625,1885,0.0004235759219177779,2.9508221372399707e-07,9.277683492840913e-05,16,20,False,0.995,0.005,0.66,fixed,100,none,89088af6-702d-46f1-85f7-fa99660871db
841,104400,29.64673900604248,1.0,1.0,1.0,0.9951079999999999,0.0,0.0,0.0,0.0,0.0,0.0,0.0,0.0,0.0,0.0,0.0,0.0,0.0,0.0,0.0025,0.9975,0.04944767934874782,1884,0.000424202057978503,2.963101217910003e-07,9.29141294146346e-05,16,20,False,0.995,0.005,0.66,fixed,100,none,89088af6-702d-46f1-85f7-fa99660871db
842,104500,29.665950775146484,1.0,1.0,1.0,0.9951079999999999,0.0,0.0,0.0,0.0,0.0,0.0,0.0,0.0,0.0,0.0,0.0,0.0,0.0,0.0,0.0025,0.9975,0.04944767934874782,1884,0.0004238670222041729,2.961433611557762e-07,9.284075839911304e-05,16,20,False,0.995,0.005,0.66,fixed,100,none,89088af6-702d-46f1-85f7-fa99660871db
843,104600,29.685155153274536,1.0,1.0,1.0,0.9951079999999999,0.0,0.0,0.0,0.0,0.0,0.0,0.0,0.0,0.0,0.0,0.0,0.0,0.0,0.0,0.0025,0.9975,0.04944767934874782,1884,0.0004237440947406146,2.959748350106796e-07,9.281381755737256e-05,16,20,False,0.995,0.005,0.66,fixed,100,none,89088af6-702d-46f1-85f7-fa99660871db
844,104900,29.704325914382935,1.0,1.0,1.0,0.9951079999999999,0.0,0.0,0.0,0.0,0.0,0.0,0.0,0.0,0.0,0.0,0.0,0.0,0.0,0.0,0.0025,0.9975,0.04944767934874782,1884,0.000425929682461226,2.9814627847930027e-07,9.329265528367345e-05,16,20,False,0.995,0.005,0.66,fixed,100,none,89088af6-702d-46f1-85f7-fa99660871db
845,105000,29.72358775138855,1.0,1.0,1.0,0.9951079999999999,0.0,0.0,0.0,0.0,0.0,0.0,0.0,0.0,0.0,0.0,0.0,0.0,0.0,0.0,0.0025,0.9975,0.04944767934874782,1884,0.0004269394846862153,2.9958576806818695e-07,9.351397449374549e-05,16,20,False,0.995,0.005,0.66,fixed,100,none,89088af6-702d-46f1-85f7-fa99660871db
846,105200,29.74297022819519,1.0,1.0,1.0,0.9951079999999999,0.0,0.0,0.0,0.0,0.0,0.0,0.0,0.0,0.0,0.0,0.0,0.0,0.0,0.0,0.0025,0.9975,0.04944767934874782,1884,0.00042699105467436003,3.0137334852262565e-07,9.352560280443672e-05,16,20,False,0.995,0.005,0.66,fixed,100,none,89088af6-702d-46f1-85f7-fa99660871db
847,105300,29.762243032455444,1.0,1.0,1.0,0.9951079999999999,0.0,0.0,0.0,0.0,0.0,0.0,0.0,0.0,0.0,0.0,0.0,0.0,0.0,0.0,0.0025,0.9975,0.04944767934874782,1884,0.0004271708069110403,3.0212886617888625e-07,9.356509411740071e-05,16,20,False,0.995,0.005,0.66,fixed,100,none,89088af6-702d-46f1-85f7-fa99660871db
848,105600,29.781614065170288,1.0,1.0,1.0,0.9951079999999999,0.0,0.0,0.0,0.0,0.0,0.0,0.0,0.0,0.0,0.0,0.0,0.0,0.0,0.0,0.0025,0.9975,0.04944767934874782,1884,0.00042831809065302747,3.037631655885526e-07,9.381654504540955e-05,16,20,False,0.995,0.005,0.66,fixed,100,none,89088af6-702d-46f1-85f7-fa99660871db
849,105700,29.800863027572632,1.0,1.0,1.0,0.9951079999999999,0.0,0.0,0.0,0.0,0.0,0.0,0.0,0.0,0.0,0.0,0.0,0.0,0.0,0.0,0.0025,0.9975,0.04944767934874782,1884,0.00042750491925405395,3.0306178295304946e-07,9.363840856347349e-05,16,20,False,0.995,0.005,0.66,fixed,100,none,89088af6-702d-46f1-85f7-fa99660871db
850,105900,29.82012963294983,1.0,1.0,1.0,0.9951079999999999,0.0,0.0,0.0,0.0,0.0,0.0,0.0,0.0,0.0,0.0,0.0,0.0,0.0,0.0,0.0025,0.9975,0.04944767934874782,1884,0.00042706456736805136,3.0229050037156615e-07,9.354186899193705e-05,16,20,False,0.995,0.005,0.66,fixed,100,none,89088af6-702d-46f1-85f7-fa99660871db
851,106000,29.839344024658203,1.0,1.0,1.0,0.9951079999999999,0.0,0.0,0.0,0.0,0.0,0.0,0.0,0.0,0.0,0.0,0.0,0.0,0.0,0.0,0.0025,0.9975,0.04944767934874782,1884,0.00042706456736805136,3.0229050037156615e-07,9.354186899193705e-05,16,20,False,0.995,0.005,0.66,fixed,100,none,89088af6-702d-46f1-85f7-fa99660871db
852,106100,29.858567476272583,1.0,1.0,1.0,0.9951079999999999,0.0,0.0,0.0,0.0,0.0,0.0,0.0,0.0,0.0,0.0,0.0,0.0,0.0,0.0,0.0025,0.9975,0.04944767934874782,1884,0.00042673486290190706,3.0184631022011345e-07,9.346961228816927e-05,16,20,False,0.995,0.005,0.66,fixed,100,none,89088af6-702d-46f1-85f7-fa99660871db
853,106200,29.877904891967773,1.0,1.0,1.0,0.9951079999999999,0.0,0.0,0.0,0.0,0.0,0.0,0.0,0.0,0.0,0.0,0.0,0.0,0.0,0.0,0.0025,0.9975,0.049836872883964295,1883,0.0004264690221452985,3.0142425256936467e-07,9.341133955559403e-05,16,20,False,0.995,0.005,0.66,fixed,100,none,89088af6-702d-46f1-85f7-fa99660871db
854,106300,29.897249460220337,1.0,1.0,1.0,0.9951079999999999,0.0,0.0,0.0,0.0,0.0,0.0,0.0,0.0,0.0,0.0,0.0,0.0,0.0,0.0,0.0025,0.9975,0.04944767934874782,1884,0.00042680970424979455,3.020991739075767e-07,9.348604310332247e-05,16,20,False,0.995,0.005,0.66,fixed,100,none,89088af6-702d-46f1-85f7-fa99660871db
855,106400,29.916428327560425,1.0,1.0,1.0,0.9951079999999999,0.0,0.0,0.0,0.0,0.0,0.0,0.0,0.0,0.0,0.0,0.0,0.0,0.0,0.0,0.0025,0.9975,0.04905748079471863,1885,0.0004261628718166554,3.007099163669098e-07,9.334418752477558e-05,16,20,False,0.995,0.005,0.66,fixed,100,none,89088af6-702d-46f1-85f7-fa99660871db
856,106700,29.93570303916931,1.0,1.0,1.0,0.9951079999999999,0.0,0.0,0.0,0.0,0.0,0.0,0.0,0.0,0.0,0.0,0.0,0.0,0.0,0.0,0.0025,0.9975,0.04866627722187674,1886,0.0004237429442295841,2.986370557319027e-07,9.281407153244504e-05,16,20,False,0.995,0.005,0.66,fixed,100,none,89088af6-702d-46f1-85f7-fa99660871db
857,106800,29.95499300956726,1.0,1.0,1.0,0.9951079999999999,0.0,0.0,0.0,0.0,0.0,0.0,0.0,0.0,0.0,0.0,0.0,0.0,0.0,0.0,0.0025,0.9975,0.04866627722187674,1886,0.0004242809339613314,2.993982081149694e-07,9.29319821036773e-05,16,20,False,0.995,0.005,0.66,fixed,100,none,89088af6-702d-46f1-85f7-fa99660871db
858,106900,29.974211931228638,1.0,1.0,1.0,0.9951079999999999,0.0,0.0,0.0,0.0,0.0,0.0,0.0,0.0,0.0,0.0,0.0,0.0,0.0,0.0,0.0025,0.9975,0.04866627722187674,1886,0.00042633133423279,3.0116421256257087e-07,9.338115026394463e-05,16,20,False,0.995,0.005,0.66,fixed,100,none,89088af6-702d-46f1-85f7-fa99660871db
859,107000,29.99346423149109,1.0,1.0,1.0,0.9951079999999999,0.0,0.0,0.0,0.0,0.0,0.0,0.0,0.0,0.0,0.0,0.0,0.0,0.0,0.0,0.0025,0.9975,0.04866627722187674,1886,0.00042614923196580037,3.0047904285286707e-07,9.334115789545574e-05,16,20,False,0.995,0.005,0.66,fixed,100,none,89088af6-702d-46f1-85f7-fa99660871db
860,107100,30.012874603271484,1.0,1.0,1.0,0.9951079999999999,0.0,0.0,0.0,0.0,0.0,0.0,0.0,0.0,0.0,0.0,0.0,0.0,0.0,0.0,0.0025,0.9975,0.04866627722187674,1886,0.00042678179277619755,3.0173948035857326e-07,9.347986493997779e-05,16,20,False,0.995,0.005,0.66,fixed,100,none,89088af6-702d-46f1-85f7-fa99660871db
861,107400,30.03242588043213,1.0,1.0,1.0,0.9951079999999999,0.0,0.0,0.0,0.0,0.0,0.0,0.0,0.0,0.0,0.0,0.0,0.0,0.0,0.0,0.0025,0.9975,0.04866627722187674,1886,0.000427218925169914,3.025273797241745e-07,9.357570292184177e-05,16,20,False,0.995,0.005,0.66,fixed,100,none,89088af6-702d-46f1-85f7-fa99660871db
862,107500,30.051997661590576,1.0,1.0,1.0,0.9951079999999999,0.0,0.0,0.0,0.0,0.0,0.0,0.0,0.0,0.0,0.0,0.0,0.0,0.0,0.0,0.0025,0.9975,0.04866627722187674,1886,0.00042731737131611824,3.034046869118986e-07,9.359741947161154e-05,16,20,False,0.995,0.005,0.66,fixed,100,none,89088af6-702d-46f1-85f7-fa99660871db
863,107700,30.071608543395996,1.0,1.0,1.0,0.9951079999999999,0.0,0.0,0.0,0.0,0.0,0.0,0.0,0.0,0.0,0.0,0.0,0.0,0.0,0.0,0.0025,0.9975,0.04905748079471863,1885,0.00042659722077772425,3.029826861680593e-07,9.343969833861579e-05,16,20,False,0.995,0.005,0.66,fixed,100,none,89088af6-702d-46f1-85f7-fa99660871db
864,107800,30.091202974319458,1.0,1.0,1.0,0.9951079999999999,0.0,0.0,0.0,0.0,0.0,0.0,0.0,0.0,0.0,0.0,0.0,0.0,0.0,0.0,0.0025,0.9975,0.04905748079471863,1885,0.00042665759558247173,3.027989032767701e-07,9.345287946462565e-05,16,20,False,0.995,0.005,0.66,fixed,100,none,89088af6-702d-46f1-85f7-fa99660871db
865,107900,30.111408233642578,1.0,1.0,1.0,0.9951079999999999,0.0,0.0,0.0,0.0,0.0,0.0,0.0,0.0,0.0,0.0,0.0,0.0,0.0,0.0,0.0025,0.9975,0.04905748079471863,1885,0.00042693578334722425,3.0323180066248047e-07,9.351385701683326e-05,16,20,False,0.995,0.005,0.66,fixed,100,none,89088af6-702d-46f1-85f7-fa99660871db
866,108100,30.130926609039307,1.0,1.0,1.0,0.9951079999999999,0.0,0.0,0.0,0.0,0.0,0.0,0.0,0.0,0.0,0.0,0.0,0.0,0.0,0.0,0.0025,0.9975,0.04866627722187674,1886,0.00042890369570542703,3.064273823033426e-07,9.394524019255562e-05,16,20,False,0.995,0.005,0.66,fixed,100,none,89088af6-702d-46f1-85f7-fa99660871db
867,108200,30.15068769454956,1.0,1.0,1.0,0.9951079999999999,0.0,0.0,0.0,0.0,0.0,0.0,0.0,0.0,0.0,0.0,0.0,0.0,0.0,0.0,0.0025,0.9975,0.04866627722187674,1886,0.000429652105707643,3.079054333633809e-07,9.41093479717421e-05,16,20,False,0.995,0.005,0.66,fixed,100,none,89088af6-702d-46f1-85f7-fa99660871db
868,108500,30.170165300369263,1.0,1.0,1.0,0.9951079999999999,0.0,0.0,0.0,0.0,0.0,0.0,0.0,0.0,0.0,0.0,0.0,0.0,0.0,0.0,0.0025,0.9975,0.04866627722187674,1886,0.00042802655630345195,3.0673411585761974e-07,9.375329265683859e-05,16,20,False,0.995,0.005,0.66,fixed,100,none,89088af6-702d-46f1-85f7-fa99660871db
869,108600,30.189876317977905,1.0,1.0,1.0,0.9951079999999999,0.0,0.0,0.0,0.0,0.0,0.0,0.0,0.0,0.0,0.0,0.0,0.0,0.0,0.0,0.0025,0.9975,0.04866627722187674,1886,0.0004279070104844081,3.060187392600946e-07,9.372698815549636e-05,16,20,False,0.995,0.005,0.66,fixed,100,none,89088af6-702d-46f1-85f7-fa99660871db
870,108700,30.209615468978882,1.0,1.0,1.0,0.9951079999999999,0.0,0.0,0.0,0.0,0.0,0.0,0.0,0.0,0.0,0.0,0.0,0.0,0.0,0.0,0.0025,0.9975,0.04866627722187674,1886,0.00042785032320157864,3.0576696512985906e-07,9.371453147220024e-05,16,20,False,0.995,0.005,0.66,fixed,100,none,89088af6-702d-46f1-85f7-fa99660871db
871,108800,30.22926902770996,1.0,1.0,1.0,0.9951079999999999,0.0,0.0,0.0,0.0,0.0,0.0,0.0,0.0,0.0,0.0,0.0,0.0,0.0,0.0,0.0025,0.9975,0.04866627722187674,1886,0.0004287517407239712,3.0843897181653823e-07,9.391235944912245e-05,16,20,False,0.995,0.005,0.66,fixed,100,none,89088af6-702d-46f1-85f7-fa99660871db
872,108900,30.248912572860718,1.0,1.0,1.0,0.9951079999999999,0.0,0.0,0.0,0.0,0.0,0.0,0.0,0.0,0.0,0.0,0.0,0.0,0.0,0.0,0.0025,0.9975,0.04866627722187674,1886,0.0004288019596238634,3.089788924466696e-07,9.392345495122857e-05,16,20,False,0.995,0.005,0.66,fixed,100,none,89088af6-702d-46f1-85f7-fa99660871db
873,109200,30.268457174301147,1.0,1.0,1.0,0.9951079999999999,0.0,0.0,0.0,0.0,0.0,0.0,0.0,0.0,0.0,0.0,0.0,0.0,0.0,0.0,0.0025,0.9975,0.048274068630222176,1887,0.00042895817162720806,3.0994835099833086e-07,9.395783395588553e-05,16,20,False,0.995,0.005,0.66,fixed,100,none,89088af6-702d-46f1-85f7-fa99660871db
874,109300,30.28808903694153,1.0,1.0,1.0,0.9951079999999999,0.0,0.0,0.0,0.0,0.0,0.0,0.0,0.0,0.0,0.0,0.0,0.0,0.0,0.0,0.0025,0.9975,0.04866627722187674,1886,0.0004296672812320122,3.0968782020560274e-07,9.411300854752654e-05,16,20,False,0.995,0.005,0.66,fixed,100,none,89088af6-702d-46f1-85f7-fa99660871db
875,109500,30.307582139968872,1.0,1.0,1.0,0.9951079999999999,0.0,0.0,0.0,0.0,0.0,0.0,0.0,0.0,0.0,0.0,0.0,0.0,0.0,0.0,0.0025,0.9975,0.04905748079471863,1885,0.00042921918150022934,3.0926263420204693e-07,9.40148387308986e-05,16,20,False,0.995,0.005,0.66,fixed,100,none,89088af6-702d-46f1-85f7-fa99660871db
876,109600,30.32713508605957,1.0,1.0,1.0,0.9951079999999999,0.0,0.0,0.0,0.0,0.0,0.0,0.0,0.0,0.0,0.0,0.0,0.0,0.0,0.0,0.0025,0.9975,0.04944767934874782,1884,0.0004292858003798578,3.0959387864878054e-07,9.402948454009414e-05,16,20,False,0.995,0.005,0.66,fixed,100,none,89088af6-702d-46f1-85f7-fa99660871db
877,109700,30.346656322479248,1.0,1.0,1.0,0.9951079999999999,0.0,0.0,0.0,0.0,0.0,0.0,0.0,0.0,0.0,0.0,0.0,0.0,0.0,0.0,0.0025,0.9975,0.04944767934874782,1884,0.0004292858003798578,3.0959387864878054e-07,9.402948454009414e-05,16,20,False,0.995,0.005,0.66,fixed,100,none,89088af6-702d-46f1-85f7-fa99660871db
878,109900,30.366308212280273,1.0,1.0,1.0,0.9951079999999999,0.0,0.0,0.0,0.0,0.0,0.0,0.0,0.0,0.0,0.0,0.0,0.0,0.0,0.0,0.0025,0.9975,0.04944767934874782,1884,0.0004298491456263703,3.101522028101612e-07,9.41529068961464e-05,16,20,False,0.995,0.005,0.66,fixed,100,none,89088af6-702d-46f1-85f7-fa99660871db
879,110000,30.385955810546875,1.0,1.0,1.0,0.9951079999999999,0.0,0.0,0.0,0.0,0.0,0.0,0.0,0.0,0.0,0.0,0.0,0.0,0.0,0.0,0.0025,0.9975,0.04944767934874782,1884,0.00042976359962531847,3.0997633219607495e-07,9.413414746109947e-05,16,20,False,0.995,0.005,0.66,fixed,100,none,89088af6-702d-46f1-85f7-fa99660871db
880,110300,30.405532121658325,1.0,1.0,1.0,0.9951079999999999,0.0,0.0,0.0,0.0,0.0,0.0,0.0,0.0,0.0,0.0,0.0,0.0,0.0,0.0,0.0025,0.9975,0.04944767934874782,1884,0.000430816862656081,3.1259001019553867e-07,9.436520333735328e-05,16,20,False,0.995,0.005,0.66,fixed,100,none,89088af6-702d-46f1-85f7-fa99660871db
881,110400,30.42510485649109,1.0,1.0,1.0,0.9951079999999999,0.0,0.0,0.0,0.0,0.0,0.0,0.0,0.0,0.0,0.0,0.0,0.0,0.0,0.0,0.0025,0.9975,0.04944767934874782,1884,0.0004304948455187716,3.126743736610791e-07,9.42947298150547e-05,16,20,False,0.995,0.005,0.66,fixed,100,none,89088af6-702d-46f1-85f7-fa99660871db
882,110500,30.444610357284546,1.0,1.0,1.0,0.9951079999999999,0.0,0.0,0.0,0.0,0.0,0.0,0.0,0.0,0.0,0.0,0.0,0.0,0.0,0.0,0.0025,0.9975,0.04944767934874782,1884,0.0004305521467144448,3.132781906944211e-07,9.430738777202391e-05,16,20,False,0.995,0.005,0.66,fixed,100,none,89088af6-702d-46f1-85f7-fa99660871db
883,110600,30.46440315246582,1.0,1.0,1.0,0.9951079999999999,0.0,0.0,0.0,0.0,0.0,0.0,0.0,0.0,0.0,0.0,0.0,0.0,0.0,0.0,0.0025,0.9975,0.04944767934874782,1884,0.0004293842127032986,3.135449452156325e-07,9.405177770034305e-05,16,20,False,0.995,0.005,0.66,fixed,100,none,89088af6-702d-46f1-85f7-fa99660871db
884,110700,30.48415517807007,1.0,1.0,1.0,0.9951079999999999,0.0,0.0,0.0,0.0,0.0,0.0,0.0,0.0,0.0,0.0,0.0,0.0,0.0,0.0,0.0025,0.9975,0.04944767934874782,1884,0.0004290701416840422,3.1292439670614525e-07,9.3982909650011e-05,16,20,False,0.995,0.005,0.66,fixed,100,none,89088af6-702d-46f1-85f7-fa99660871db
885,111000,30.503828525543213,1.0,1.0,1.0,0.9951079999999999,0.0,0.0,0.0,0.0,0.0,0.0,0.0,0.0,0.0,0.0,0.0,0.0,0.0,0.0,0.0025,0.9975,0.04944767934874782,1884,0.0004301414652191781,3.1392785889717647e-07,9.421761302966856e-05,16,20,False,0.995,0.005,0.66,fixed,100,none,89088af6-702d-46f1-85f7-fa99660871db
886,111100,30.523385763168335,1.0,1.0,1.0,0.9951079999999999,0.0,0.0,0.0,0.0,0.0,0.0,0.0,0.0,0.0,0.0,0.0,0.0,0.0,0.0,0.0025,0.9975,0.04944767934874782,1884,0.0004296800112131903,3.133071695461942e-07,9.411648281678114e-05,16,20,False,0.995,0.005,0.66,fixed,100,none,89088af6-702d-46f1-85f7-fa99660871db
887,111400,30.542913913726807,1.0,1.0,1.0,0.9951079999999999,0.0,0.0,0.0,0.0,0.0,0.0,0.0,0.0,0.0,0.0,0.0,0.0,0.0,0.0,0.0025,0.9975,0.04944767934874782,1884,0.00042957417272601183,3.138596083778874e-07,9.409341973531578e-05,16,20,False,0.995,0.005,0.66,fixed,100,none,89088af6-702d-46f1-85f7-fa99660871db
888,111500,30.56250524520874,1.0,1.0,1.0,0.9951079999999999,0.0,0.0,0.0,0.0,0.0,0.0,0.0,0.0,0.0,0.0,0.0,0.0,0.0,0.0,0.0025,0.9975,0.04944767934874782,1884,0.00043051232099498176,3.143448076953783e-07,9.429887257926364e-05,16,20,False,0.995,0.005,0.66,fixed,100,none,89088af6-702d-46f1-85f7-fa99660871db
889,111700,30.582054615020752,1.0,1.0,1.0,0.9951079999999999,0.0,0.0,0.0,0.0,0.0,0.0,0.0,0.0,0.0,0.0,0.0,0.0,0.0,0.0,0.0025,0.9975,0.04944767934874782,1884,0.00043273034434118045,3.158151379350119e-07,9.478467725249206e-05,16,20,False,0.995,0.005,0.66,fixed,100,none,89088af6-702d-46f1-85f7-fa99660871db
890,111800,30.601653814315796,1.0,1.0,1.0,0.9951079999999999,0.0,0.0,0.0,0.0,0.0,0.0,0.0,0.0,0.0,0.0,0.0,0.0,0.0,0.0,0.0025,0.9975,0.04944767934874782,1884,0.0004330898696308736,3.158431897930277e-07,9.486338266825891e-05,16,20,False,0.995,0.005,0.66,fixed,100,none,89088af6-702d-46f1-85f7-fa99660871db
891,112100,30.621108293533325,1.0,1.0,1.0,0.9951079999999999,0.0,0.0,0.0,0.0,0.0,0.0,0.0,0.0,0.0,0.0,0.0,0.0,0.0,0.0,0.0025,0.9975,0.04944767934874782,1884,0.0004336409788869204,3.1580219881069316e-07,9.498401269612091e-05,16,20,False,0.995,0.005,0.66,fixed,100,none,89088af6-702d-46f1-85f7-fa99660871db
892,112200,30.640820741653442,1.0,1.0,1.0,0.9951079999999999,0.0,0.0,0.0,0.0,0.0,0.0,0.0,0.0,0.0,0.0,0.0,0.0,0.0,0.0,0.0025,0.9975,0.04944767934874782,1884,0.0004336409788869204,3.1580219881069316e-07,9.498401269612091e-05,16,20,False,0.995,0.005,0.66,fixed,100,none,89088af6-702d-46f1-85f7-fa99660871db
893,112300,30.660580158233643,1.0,1.0,1.0,0.9951079999999999,0.0,0.0,0.0,0.0,0.0,0.0,0.0,0.0,0.0,0.0,0.0,0.0,0.0,0.0,0.0025,0.9975,0.04905748079471863,1885,0.0004345031173429407,3.173066725988025e-07,9.51730206541635e-05,16,20,False,0.995,0.005,0.66,fixed,100,none,89088af6-702d-46f1-85f7-fa99660871db
894,112400,30.680253267288208,1.0,1.0,1.0,0.9951079999999999,0.0,0.0,0.0,0.0,0.0,0.0,0.0,0.0,0.0,0.0,0.0,0.0,0.0,0.0,0.0025,0.9975,0.04944767934874782,1884,0.00043472557463669376,3.169530759061228e-07,9.522164937239444e-05,16,20,False,0.995,0.005,0.66,fixed,100,none,89088af6-702d-46f1-85f7-fa99660871db
895,112500,30.69977045059204,1.0,1.0,1.0,0.9951079999999999,0.0,0.0,0.0,0.0,0.0,0.0,0.0,0.0,0.0,0.0,0.0,0.0,0.0,0.0,0.0025,0.9975,0.04944767934874782,1884,0.0004348906742670269,3.174647741264321e-07,9.525788690413622e-05,16,20,False,0.995,0.005,0.66,fixed,100,none,89088af6-702d-46f1-85f7-fa99660871db
896,112800,30.71925187110901,1.0,1.0,1.0,0.9951079999999999,0.0,0.0,0.0,0.0,0.0,0.0,0.0,0.0,0.0,0.0,0.0,0.0,0.0,0.0,0.0025,0.9975,0.04944767934874782,1884,0.00043541614926610137,3.180841363313e-07,9.537303106025254e-05,16,20,False,0.995,0.005,0.66,fixed,100,none,89088af6-702d-46f1-85f7-fa99660871db
897,112900,30.738746881484985,1.0,1.0,1.0,0.9951079999999999,0.0,0.0,0.0,0.0,0.0,0.0,0.0,0.0,0.0,0.0,0.0,0.0,0.0,0.0,0.0025,0.9975,0.04944767934874782,1884,0.00043589638540982674,3.186899673495714e-07,9.547826986000749e-05,16,20,False,0.995,0.005,0.66,fixed,100,none,89088af6-702d-46f1-85f7-fa99660871db
898,113200,30.758410453796387,1.0,1.0,1.0,0.9951079999999999,0.0,0.0,0.0,0.0,0.0,0.0,0.0,0.0,0.0,0.0,0.0,0.0,0.0,0.0,0.0025,0.9975,0.04944767934874782,1884,0.0004338173800283069,3.1654026481625167e-07,9.502276713851147e-05,16,20,False,0.995,0.005,0.66,fixed,100,none,89088af6-702d-46f1-85f7-fa99660871db
899,113300,30.778189420700073,1.0,1.0,1.0,0.9951079999999999,0.0,0.0,0.0,0.0,0.0,0.0,0.0,0.0,0.0,0.0,0.0,0.0,0.0,0.0,0.0025,0.9975,0.04944767934874782,1884,0.0004322910689101365,3.155154427864058e-07,9.46884629185583e-05,16,20,False,0.995,0.005,0.66,fixed,100,none,89088af6-702d-46f1-85f7-fa99660871db
900,113400,30.79781413078308,1.0,1.0,1.0,0.9951079999999999,0.0,0.0,0.0,0.0,0.0,0.0,0.0,0.0,0.0,0.0,0.0,0.0,0.0,0.0,0.0025,0.9975,0.04905748079471862,1885,0.0004323831419929521,3.155669258774655e-07,9.470862749817395e-05,16,20,False,0.995,0.005,0.66,fixed,100,none,89088af6-702d-46f1-85f7-fa99660871db
901,113500,30.817530870437622,1.0,1.0,1.0,0.9951079999999999,0.0,0.0,0.0,0.0,0.0,0.0,0.0,0.0,0.0,0.0,0.0,0.0,0.0,0.0,0.0025,0.9975,0.04905748079471862,1885,0.00043347643731833294,3.1569529825993323e-07,9.494797423565248e-05,16,20,False,0.995,0.005,0.66,fixed,100,none,89088af6-702d-46f1-85f7-fa99660871db
902,113600,30.836974143981934,1.0,1.0,1.0,0.9951079999999999,0.0,0.0,0.0,0.0,0.0,0.0,0.0,0.0,0.0,0.0,0.0,0.0,0.0,0.0,0.0025,0.9975,0.04905748079471862,1885,0.00043280528314593533,3.151381092700756e-07,9.480095272140655e-05,16,20,False,0.995,0.005,0.66,fixed,100,none,89088af6-702d-46f1-85f7-fa99660871db
903,113900,30.8564612865448,1.0,1.0,1.0,0.9951079999999999,0.0,0.0,0.0,0.0,0.0,0.0,0.0,0.0,0.0,0.0,0.0,0.0,0.0,0.0,0.0025,0.9975,0.049057480794718625,1885,0.0004330383380343938,3.166894330228976e-07,9.485226318800315e-05,16,20,False,0.995,0.005,0.66,fixed,100,none,89088af6-702d-46f1-85f7-fa99660871db
904,114000,30.875826120376587,1.0,1.0,1.0,0.9951079999999999,0.0,0.0,0.0,0.0,0.0,0.0,0.0,0.0,0.0,0.0,0.0,0.0,0.0,0.0,0.0025,0.9975,0.049057480794718625,1885,0.00043291543480063,3.1685249226049256e-07,9.48253906513874e-05,16,20,False,0.995,0.005,0.66,fixed,100,none,89088af6-702d-46f1-85f7-fa99660871db
905,114200,30.895254135131836,1.0,1.0,1.0,0.9951079999999999,0.0,0.0,0.0,0.0,0.0,0.0,0.0,0.0,0.0,0.0,0.0,0.0,0.0,0.0,0.0025,0.9975,0.04944767934874782,1884,0.00043406597779261215,3.1716920312752266e-07,9.507730468739703e-05,16,20,False,0.995,0.005,0.66,fixed,100,none,89088af6-702d-46f1-85f7-fa99660871db
906,114300,30.914547204971313,1.0,1.0,1.0,0.9951079999999999,0.0,0.0,0.0,0.0,0.0,0.0,0.0,0.0,0.0,0.0,0.0,0.0,0.0,0.0,0.0025,0.9975,0.04944767934874782,1884,0.0004335881863929297,3.1627050023069093e-07,9.497254539645614e-05,16,20,False,0.995,0.005,0.66,fixed,100,none,89088af6-702d-46f1-85f7-fa99660871db
907,114600,30.93384885787964,1.0,1.0,1.0,0.9951079999999999,0.0,0.0,0.0,0.0,0.0,0.0,0.0,0.0,0.0,0.0,0.0,0.0,0.0,0.0,0.0025,0.9975,0.049057480794718625,1885,0.0004338028534681434,3.149988051862547e-07,9.501929439716198e-05,16,20,False,0.995,0.005,0.66,fixed,100,none,89088af6-702d-46f1-85f7-fa99660871db
908,114700,30.953261852264404,1.0,1.0,1.0,0.9951079999999999,0.0,0.0,0.0,0.0,0.0,0.0,0.0,0.0,0.0,0.0,0.0,0.0,0.0,0.0,0.0025,0.9975,0.049057480794718625,1885,0.0004338028534681434,3.149988051862547e-07,9.501929439716198e-05,16,20,False,0.995,0.005,0.66,fixed,100,none,89088af6-702d-46f1-85f7-fa99660871db
909,115000,30.97251534461975,1.0,1.0,1.0,0.9951079999999999,0.0,0.0,0.0,0.0,0.0,0.0,0.0,0.0,0.0,0.0,0.0,0.0,0.0,0.0,0.0025,0.9975,0.04944767934874782,1884,0.00043470351061556805,3.166855944712534e-07,9.521676873669739e-05,16,20,False,0.995,0.005,0.66,fixed,100,none,89088af6-702d-46f1-85f7-fa99660871db
910,115100,30.991371154785156,1.0,1.0,1.0,0.9951079999999999,0.0,0.0,0.0,0.0,0.0,0.0,0.0,0.0,0.0,0.0,0.0,0.0,0.0,0.0,0.0025,0.9975,0.04944767934874782,1884,0.000434718730310128,3.1776953365834515e-07,9.522030627628211e-05,16,20,False,0.995,0.005,0.66,fixed,100,none,89088af6-702d-46f1-85f7-fa99660871db
911,115200,31.01080298423767,1.0,1.0,1.0,0.9951079999999999,0.0,0.0,0.0,0.0,0.0,0.0,0.0,0.0,0.0,0.0,0.0,0.0,0.0,0.0,0.0025,0.9975,0.049057480794718625,1885,0.00043533018743993596,3.178760667051682e-07,9.535417448327597e-05,16,20,False,0.995,0.005,0.66,fixed,100,none,89088af6-702d-46f1-85f7-fa99660871db
912,115300,31.030052185058594,1.0,1.0,1.0,0.9951079999999999,0.0,0.0,0.0,0.0,0.0,0.0,0.0,0.0,0.0,0.0,0.0,0.0,0.0,0.0,0.0025,0.9975,0.04944767934874782,1884,0.00043424257787286197,3.1599447011020923e-07,9.511573924569043e-05,16,20,False,0.995,0.005,0.66,fixed,100,none,89088af6-702d-46f1-85f7-fa99660871db
913,115400,31.049501180648804,1.0,1.0,1.0,0.9951079999999999,0.0,0.0,0.0,0.0,0.0,0.0,0.0,0.0,0.0,0.0,0.0,0.0,0.0,0.0,0.0025,0.9975,0.04944767934874782,1884,0.0004342329411404643,3.1604672466001787e-07,9.511363969333304e-05,16,20,False,0.995,0.005,0.66,fixed,100,none,89088af6-702d-46f1-85f7-fa99660871db
914,115700,31.068804502487183,1.0,1.0,1.0,0.9951079999999999,0.0,0.0,0.0,0.0,0.0,0.0,0.0,0.0,0.0,0.0,0.0,0.0,0.0,0.0,0.0025,0.9975,0.04944767934874782,1884,0.0004355380663387347,3.17570322235119e-07,9.53996210827737e-05,16,20,False,0.995,0.005,0.66,fixed,100,none,89088af6-702d-46f1-85f7-fa99660871db
915,115800,31.08821678161621,1.0,1.0,1.0,0.9951079999999999,0.0,0.0,0.0,0.0,0.0,0.0,0.0,0.0,0.0,0.0,0.0,0.0,0.0,0.0,0.0025,0.9975,0.04944767934874782,1884,0.0004357768748830564,3.181715571446783e-07,9.545201050775853e-05,16,20,False,0.995,0.005,0.66,fixed,100,none,89088af6-702d-46f1-85f7-fa99660871db
916,116000,31.107685089111328,1.0,1.0,1.0,0.9951079999999999,0.0,0.0,0.0,0.0,0.0,0.0,0.0,0.0,0.0,0.0,0.0,0.0,0.0,0.0,0.0025,0.9975,0.049057480794718625,1885,0.0004384089098201406,3.207487679870479e-07,9.602865262554632e-05,16,20,False,0.995,0.005,0.66,fixed,100,none,89088af6-702d-46f1-85f7-fa99660871db
917,116100,31.12683129310608,1.0,1.0,1.0,0.9951079999999999,0.0,0.0,0.0,0.0,0.0,0.0,0.0,0.0,0.0,0.0,0.0,0.0,0.0,0.0,0.0025,0.9975,0.049057480794718625,1885,0.0004388796065899319,3.2104969746140033e-07,9.613174532505376e-05,16,20,False,0.995,0.005,0.66,fixed,100,none,89088af6-702d-46f1-85f7-fa99660871db
918,116200,31.147454261779785,1.0,1.0,1.0,0.9951079999999999,0.0,0.0,0.0,0.0,0.0,0.0,0.0,0.0,0.0,0.0,0.0,0.0,0.0,0.0,0.0025,0.9975,0.049057480794718625,1885,0.0004388796065899319,3.2104969746140033e-07,9.613174532505376e-05,16,20,False,0.995,0.005,0.66,fixed,100,none,89088af6-702d-46f1-85f7-fa99660871db
919,116400,31.169246435165405,1.0,1.0,1.0,0.9951079999999999,0.0,0.0,0.0,0.0,0.0,0.0,0.0,0.0,0.0,0.0,0.0,0.0,0.0,0.0,0.0025,0.9975,0.04866627722187674,1886,0.000441707045096557,3.2420235935101616e-07,9.675127061991303e-05,16,20,False,0.995,0.005,0.66,fixed,100,none,89088af6-702d-46f1-85f7-fa99660871db
920,116500,31.18896794319153,1.0,1.0,1.0,0.9951079999999999,0.0,0.0,0.0,0.0,0.0,0.0,0.0,0.0,0.0,0.0,0.0,0.0,0.0,0.0,0.0025,0.9975,0.049057480794718625,1885,0.0004415979487726545,3.2396947028955995e-07,9.67273451856891e-05,16,20,False,0.995,0.005,0.66,fixed,100,none,89088af6-702d-46f1-85f7-fa99660871db
921,116800,31.20852017402649,1.0,1.0,1.0,0.9951079999999999,0.0,0.0,0.0,0.0,0.0,0.0,0.0,0.0,0.0,0.0,0.0,0.0,0.0,0.0,0.0025,0.9975,0.04866627722187673,1886,0.000442729139861976,3.255481831206293e-07,9.697526287057947e-05,16,20,False,0.995,0.005,0.66,fixed,100,none,89088af6-702d-46f1-85f7-fa99660871db
922,116900,31.22804856300354,1.0,1.0,1.0,0.9951079999999999,0.0,0.0,0.0,0.0,0.0,0.0,0.0,0.0,0.0,0.0,0.0,0.0,0.0,0.0,0.0025,0.9975,0.04866627722187673,1886,0.0004437615422076621,3.265872798581138e-07,9.720145317243028e-05,16,20,False,0.995,0.005,0.66,fixed,100,none,89088af6-702d-46f1-85f7-fa99660871db
923,117000,31.247659921646118,1.0,1.0,1.0,0.9951079999999999,0.0,0.0,0.0,0.0,0.0,0.0,0.0,0.0,0.0,0.0,0.0,0.0,0.0,0.0,0.0025,0.9975,0.04866627722187673,1886,0.0004429737266754325,3.2603761982029637e-07,9.702889591701803e-05,16,20,False,0.995,0.005,0.66,fixed,100,none,89088af6-702d-46f1-85f7-fa99660871db
924,117100,31.26765203475952,1.0,1.0,1.0,0.9951079999999999,0.0,0.0,0.0,0.0,0.0,0.0,0.0,0.0,0.0,0.0,0.0,0.0,0.0,0.0,0.0025,0.9975,0.04827406863022217,1887,0.0004426424458669795,3.2582930971687165e-07,9.695633896912802e-05,16,20,False,0.995,0.005,0.66,fixed,100,none,89088af6-702d-46f1-85f7-fa99660871db
925,117200,31.288095712661743,1.0,1.0,1.0,0.9951079999999999,0.0,0.0,0.0,0.0,0.0,0.0,0.0,0.0,0.0,0.0,0.0,0.0,0.0,0.0,0.0025,0.9975,0.04827406863022217,1887,0.0004436784879789938,3.270878529333915e-07,9.718336771065909e-05,16,20,False,0.995,0.005,0.66,fixed,100,none,89088af6-702d-46f1-85f7-fa99660871db
926,117500,31.308346033096313,1.0,1.0,1.0,0.9951079999999999,0.0,0.0,0.0,0.0,0.0,0.0,0.0,0.0,0.0,0.0,0.0,0.0,0.0,0.0,0.0025,0.9975,0.04866627722187674,1886,0.0004459395056884048,3.3227382721848183e-07,9.767928982236332e-05,16,20,False,0.995,0.005,0.66,fixed,100,none,89088af6-702d-46f1-85f7-fa99660871db
927,117600,31.328316926956177,1.0,1.0,1.0,0.9951079999999999,0.0,0.0,0.0,0.0,0.0,0.0,0.0,0.0,0.0,0.0,0.0,0.0,0.0,0.0,0.0025,0.9975,0.049057480794718625,1885,0.00044432147190863437,3.3206156795663095e-07,9.732506189871183e-05,16,20,False,0.995,0.005,0.66,fixed,100,none,89088af6-702d-46f1-85f7-fa99660871db
928,117800,31.347914934158325,1.0,1.0,1.0,0.9951079999999999,0.0,0.0,0.0,0.0,0.0,0.0,0.0,0.0,0.0,0.0,0.0,0.0,0.0,0.0,0.0025,0.9975,0.049057480794718625,1885,0.00044630571711647924,3.3524521984037697e-07,9.776001806856699e-05,16,20,False,0.995,0.005,0.66,fixed,100,none,89088af6-702d-46f1-85f7-fa99660871db
929,117900,31.371464014053345,1.0,1.0,1.0,0.9951079999999999,0.0,0.0,0.0,0.0,0.0,0.0,0.0,0.0,0.0,0.0,0.0,0.0,0.0,0.0,0.0025,0.9975,0.049057480794718625,1885,0.00044561275937242005,3.3411882775238137e-07,9.760811560389571e-05,16,20,False,0.995,0.005,0.66,fixed,100,none,89088af6-702d-46f1-85f7-fa99660871db
930,118000,31.391310453414917,1.0,1.0,1.0,0.9951079999999999,0.0,0.0,0.0,0.0,0.0,0.0,0.0,0.0,0.0,0.0,0.0,0.0,0.0,0.0,0.0025,0.9975,0.049057480794718625,1885,0.0004454683313820011,3.341160377528749e-07,9.757649978669309e-05,16,20,False,0.995,0.005,0.66,fixed,100,none,89088af6-702d-46f1-85f7-fa99660871db
931,118100,31.411006212234497,1.0,1.0,1.0,0.9951079999999999,0.0,0.0,0.0,0.0,0.0,0.0,0.0,0.0,0.0,0.0,0.0,0.0,0.0,0.0,0.0025,0.9975,0.049057480794718625,1885,0.0004456524235449125,3.3467793209400895e-07,9.761690432107921e-05,16,20,False,0.995,0.005,0.66,fixed,100,none,89088af6-702d-46f1-85f7-fa99660871db
932,118200,31.430700540542603,1.0,1.0,1.0,0.9951079999999999,0.0,0.0,0.0,0.0,0.0,0.0,0.0,0.0,0.0,0.0,0.0,0.0,0.0,0.0,0.0025,0.9975,0.049057480794718625,1885,0.00044548061597754046,3.355651465805513e-07,9.75794642153339e-05,16,20,False,0.995,0.005,0.66,fixed,100,none,89088af6-702d-46f1-85f7-fa99660871db
933,118300,31.45047903060913,1.0,1.0,1.0,0.9951079999999999,0.0,0.0,0.0,0.0,0.0,0.0,0.0,0.0,0.0,0.0,0.0,0.0,0.0,0.0,0.0025,0.9975,0.04866627722187674,1886,0.00044551042178497883,3.356775550470379e-07,9.75860100641908e-05,16,20,False,0.995,0.005,0.66,fixed,100,none,89088af6-702d-46f1-85f7-fa99660871db
934,118600,31.47028684616089,1.0,1.0,1.0,0.9951079999999999,0.0,0.0,0.0,0.0,0.0,0.0,0.0,0.0,0.0,0.0,0.0,0.0,0.0,0.0,0.0025,0.9975,0.049057480794718625,1885,0.00044404738919237406,3.3418413968160283e-07,9.726546848075019e-05,16,20,False,0.995,0.005,0.66,fixed,100,none,89088af6-702d-46f1-85f7-fa99660871db
935,118700,31.48988699913025,1.0,1.0,1.0,0.9951079999999999,0.0,0.0,0.0,0.0,0.0,0.0,0.0,0.0,0.0,0.0,0.0,0.0,0.0,0.0,0.0025,0.9975,0.049057480794718625,1885,0.0004443185790724859,3.341779398545789e-07,9.732483076753954e-05,16,20,False,0.995,0.005,0.66,fixed,100,none,89088af6-702d-46f1-85f7-fa99660871db
936,118900,31.509697198867798,1.0,1.0,1.0,0.9951079999999999,0.0,0.0,0.0,0.0,0.0,0.0,0.0,0.0,0.0,0.0,0.0,0.0,0.0,0.0,0.0025,0.9975,0.049057480794718625,1885,0.00044349888570516596,3.3241031681857235e-07,9.714506404105637e-05,16,20,False,0.995,0.005,0.66,fixed,100,none,89088af6-702d-46f1-85f7-fa99660871db
937,119000,31.529499292373657,1.0,1.0,1.0,0.9951079999999999,0.0,0.0,0.0,0.0,0.0,0.0,0.0,0.0,0.0,0.0,0.0,0.0,0.0,0.0,0.0025,0.9975,0.049057480794718625,1885,0.0004416965794058067,3.312862813366126e-07,9.675032562538505e-05,16,20,False,0.995,0.005,0.66,fixed,100,none,89088af6-702d-46f1-85f7-fa99660871db
938,119100,31.54932165145874,1.0,1.0,1.0,0.9951079999999999,0.0,0.0,0.0,0.0,0.0,0.0,0.0,0.0,0.0,0.0,0.0,0.0,0.0,0.0,0.0025,0.9975,0.04866627722187673,1886,0.0004412485915146197,3.3046256322295727e-07,9.665210456956263e-05,16,20,False,0.995,0.005,0.66,fixed,100,none,89088af6-702d-46f1-85f7-fa99660871db
939,119300,31.56920886039734,1.0,1.0,1.0,0.9951079999999999,0.0,0.0,0.0,0.0,0.0,0.0,0.0,0.0,0.0,0.0,0.0,0.0,0.0,0.0,0.0025,0.9975,0.049447679348747824,1884,0.000440237615056377,3.2972480965174044e-07,9.643066164967476e-05,16,20,False,0.995,0.005,0.66,fixed,100,none,89088af6-702d-46f1-85f7-fa99660871db
940,119400,31.588918209075928,1.0,1.0,1.0,0.9951079999999999,0.0,0.0,0.0,0.0,0.0,0.0,0.0,0.0,0.0,0.0,0.0,0.0,0.0,0.0,0.0025,0.9975,0.049447679348747824,1884,0.0004400616959319383,3.2950508711687155e-07,9.639211120605352e-05,16,20,False,0.995,0.005,0.66,fixed,100,none,89088af6-702d-46f1-85f7-fa99660871db
941,119600,31.608646869659424,1.0,1.0,1.0,0.9951079999999999,0.0,0.0,0.0,0.0,0.0,0.0,0.0,0.0,0.0,0.0,0.0,0.0,0.0,0.0,0.0025,0.9975,0.049447679348747824,1884,0.0004406220450559378,3.279131173338846e-07,9.651446915503824e-05,16,20,False,0.995,0.005,0.66,fixed,100,none,89088af6-702d-46f1-85f7-fa99660871db
942,119700,31.628295421600342,1.0,1.0,1.0,0.9951079999999999,0.0,0.0,0.0,0.0,0.0,0.0,0.0,0.0,0.0,0.0,0.0,0.0,0.0,0.0,0.0025,0.9975,0.049057480794718625,1885,0.0004393056514384334,3.2669720925686006e-07,9.622607956963187e-05,16,20,False,0.995,0.005,0.66,fixed,100,none,89088af6-702d-46f1-85f7-fa99660871db
943,120000,31.647971868515015,1.0,1.0,1.0,0.9951079999999999,0.0,0.0,0.0,0.0,0.0,0.0,0.0,0.0,0.0,0.0,0.0,0.0,0.0,0.0,0.0025,0.9975,0.04866627722187673,1886,0.00043968981486597157,3.2813469944742336e-07,9.63104460670562e-05,16,20,False,0.995,0.005,0.66,fixed,100,none,89088af6-702d-46f1-85f7-fa99660871db
944,120100,31.667762517929077,1.0,1.0,1.0,0.9951079999999999,0.0,0.0,0.0,0.0,0.0,0.0,0.0,0.0,0.0,0.0,0.0,0.0,0.0,0.0,0.0025,0.9975,0.04866627722187673,1886,0.00044021927520388046,3.2656760558563714e-07,9.642604718719071e-05,16,20,False,0.995,0.005,0.66,fixed,100,none,89088af6-702d-46f1-85f7-fa99660871db
945,120400,31.687440156936646,1.0,1.0,1.0,0.9951079999999999,0.0,0.0,0.0,0.0,0.0,0.0,0.0,0.0,0.0,0.0,0.0,0.0,0.0,0.0,0.0025,0.9975,0.04866627722187673,1886,0.00044153886692920274,3.2895549214975247e-07,9.671535951431094e-05,16,20,False,0.995,0.005,0.66,fixed,100,none,89088af6-702d-46f1-85f7-fa99660871db
946,120500,31.706997394561768,1.0,1.0,1.0,0.9951079999999999,0.0,0.0,0.0,0.0,0.0,0.0,0.0,0.0,0.0,0.0,0.0,0.0,0.0,0.0,0.0025,0.9975,0.04866627722187673,1886,0.0004409780423599618,3.287980933682561e-07,9.659256511033561e-05,16,20,False,0.995,0.005,0.66,fixed,100,none,89088af6-702d-46f1-85f7-fa99660871db
947,120700,31.726654291152954,1.0,1.0,1.0,0.9951079999999999,0.0,0.0,0.0,0.0,0.0,0.0,0.0,0.0,0.0,0.0,0.0,0.0,0.0,0.0,0.0025,0.9975,0.04866627722187673,1886,0.0004390129227209071,3.260651528343692e-07,9.616188116264509e-05,16,20,False,0.995,0.005,0.66,fixed,100,none,89088af6-702d-46f1-85f7-fa99660871db
948,120800,31.746331930160522,1.0,1.0,1.0,0.9951079999999999,0.0,0.0,0.0,0.0,0.0,0.0,0.0,0.0,0.0,0.0,0.0,0.0,0.0,0.0,0.0025,0.9975,0.04866627722187673,1886,0.00043942478005112753,3.2611739339035405e-07,9.625204665793598e-05,16,20,False,0.995,0.005,0.66,fixed,100,none,89088af6-702d-46f1-85f7-fa99660871db
949,120900,31.765912532806396,1.0,1.0,1.0,0.9951079999999999,0.0,0.0,0.0,0.0,0.0,0.0,0.0,0.0,0.0,0.0,0.0,0.0,0.0,0.0,0.0025,0.9975,0.04866627722187673,1886,0.00043947166752977135,3.266368552104889e-07,9.626240902475694e-05,16,20,False,0.995,0.005,0.66,fixed,100,none,89088af6-702d-46f1-85f7-fa99660871db
950,121000,31.785815954208374,1.0,1.0,1.0,0.9951079999999999,0.0,0.0,0.0,0.0,0.0,0.0,0.0,0.0,0.0,0.0,0.0,0.0,0.0,0.0,0.0025,0.9975,0.04866627722187673,1886,0.00043964581547686904,3.259098363158682e-07,9.630039187678666e-05,16,20,False,0.995,0.005,0.66,fixed,100,none,89088af6-702d-46f1-85f7-fa99660871db
951,121100,31.80564260482788,1.0,1.0,1.0,0.9951079999999999,0.0,0.0,0.0,0.0,0.0,0.0,0.0,0.0,0.0,0.0,0.0,0.0,0.0,0.0,0.0025,0.9975,0.04866627722187673,1886,0.00043842985905142575,3.2501164300827874e-07,9.603404835852868e-05,16,20,False,0.995,0.005,0.66,fixed,100,none,89088af6-702d-46f1-85f7-fa99660871db
952,121200,31.82550072669983,1.0,1.0,1.0,0.9951079999999999,0.0,0.0,0.0,0.0,0.0,0.0,0.0,0.0,0.0,0.0,0.0,0.0,0.0,0.0,0.0025,0.9975,0.049057480794718625,1885,0.0004393029270930061,3.271862032607111e-07,9.622557611927857e-05,16,20,False,0.995,0.005,0.66,fixed,100,none,89088af6-702d-46f1-85f7-fa99660871db
953,121400,31.845401525497437,1.0,1.0,1.0,0.9951079999999999,0.0,0.0,0.0,0.0,0.0,0.0,0.0,0.0,0.0,0.0,0.0,0.0,0.0,0.0,0.0025,0.9975,0.04866627722187673,1886,0.00044160746723786483,3.283121181444184e-07,9.673025388081606e-05,16,20,False,0.995,0.005,0.66,fixed,100,none,89088af6-702d-46f1-85f7-fa99660871db
954,121500,31.865347623825073,1.0,1.0,1.0,0.9951079999999999,0.0,0.0,0.0,0.0,0.0,0.0,0.0,0.0,0.0,0.0,0.0,0.0,0.0,0.0,0.0025,0.9975,0.04866627722187673,1886,0.00044160746723786483,3.283121181444184e-07,9.673025388081606e-05,16,20,False,0.995,0.005,0.66,fixed,100,none,89088af6-702d-46f1-85f7-fa99660871db
955,121800,31.88504147529602,1.0,1.0,1.0,0.9951079999999999,0.0,0.0,0.0,0.0,0.0,0.0,0.0,0.0,0.0,0.0,0.0,0.0,0.0,0.0,0.0025,0.9975,0.049057480794718625,1885,0.0004437101438497409,3.291699638947217e-07,9.71906927818483e-05,16,20,False,0.995,0.005,0.66,fixed,100,none,89088af6-702d-46f1-85f7-fa99660871db
956,121900,31.904823303222656,1.0,1.0,1.0,0.9951079999999999,0.0,0.0,0.0,0.0,0.0,0.0,0.0,0.0,0.0,0.0,0.0,0.0,0.0,0.0,0.0025,0.9975,0.049447679348747824,1884,0.00044345531461916166,3.2948544305754134e-07,9.713497060431542e-05,16,20,False,0.995,0.005,0.66,fixed,100,none,89088af6-702d-46f1-85f7-fa99660871db
957,122000,31.924524068832397,1.0,1.0,1.0,0.9951079999999999,0.0,0.0,0.0,0.0,0.0,0.0,0.0,0.0,0.0,0.0,0.0,0.0,0.0,0.0,0.0025,0.9975,0.049447679348747824,1884,0.00044408816049591753,3.3024186822723016e-07,9.727364428751954e-05,16,20,False,0.995,0.005,0.66,fixed,100,none,89088af6-702d-46f1-85f7-fa99660871db
958,122200,31.944217205047607,1.0,1.0,1.0,0.9951079999999999,0.0,0.0,0.0,0.0,0.0,0.0,0.0,0.0,0.0,0.0,0.0,0.0,0.0,0.0,0.0025,0.9975,0.049447679348747824,1884,0.00044420343733501304,3.324442541236935e-07,9.729929684091786e-05,16,20,False,0.995,0.005,0.66,fixed,100,none,89088af6-702d-46f1-85f7-fa99660871db
959,122300,31.964039087295532,1.0,1.0,1.0,0.9951079999999999,0.0,0.0,0.0,0.0,0.0,0.0,0.0,0.0,0.0,0.0,0.0,0.0,0.0,0.0,0.0025,0.9975,0.04866627722187673,1886,0.0004442943256806551,3.3307758930728286e-07,9.731931263346379e-05,16,20,False,0.995,0.005,0.66,fixed,100,none,89088af6-702d-46f1-85f7-fa99660871db
960,122500,31.983946323394775,1.0,1.0,1.0,0.9951079999999999,0.0,0.0,0.0,0.0,0.0,0.0,0.0,0.0,0.0,0.0,0.0,0.0,0.0,0.0,0.0025,0.9975,0.049057480794718625,1885,0.00044379668780098115,3.3371722715321767e-07,9.721050123279389e-05,16,20,False,0.995,0.005,0.66,fixed,100,none,89088af6-702d-46f1-85f7-fa99660871db
961,122600,32.0037260055542,1.0,1.0,1.0,0.9951079999999999,0.0,0.0,0.0,0.0,0.0,0.0,0.0,0.0,0.0,0.0,0.0,0.0,0.0,0.0,0.0025,0.9975,0.04866627722187673,1886,0.00044317400467251927,3.337064793520061e-07,9.707419385389135e-05,16,20,False,0.995,0.005,0.66,fixed,100,none,89088af6-702d-46f1-85f7-fa99660871db
962,122900,32.026620864868164,1.0,1.0,1.0,0.9951079999999999,0.0,0.0,0.0,0.0,0.0,0.0,0.0,0.0,0.0,0.0,0.0,0.0,0.0,0.0,0.0025,0.9975,0.04866627722187673,1886,0.00044403347271793124,3.361242294005657e-07,9.726279078154126e-05,16,20,False,0.995,0.005,0.66,fixed,100,none,89088af6-702d-46f1-85f7-fa99660871db
963,123000,32.04657316207886,1.0,1.0,1.0,0.9951079999999999,0.0,0.0,0.0,0.0,0.0,0.0,0.0,0.0,0.0,0.0,0.0,0.0,0.0,0.0,0.0025,0.9975,0.048274068630222176,1887,0.0004442938951409009,3.380540247196555e-07,9.732016391103994e-05,16,20,False,0.995,0.005,0.66,fixed,100,none,89088af6-702d-46f1-85f7-fa99660871db
964,123200,32.06619167327881,1.0,1.0,1.0,0.9951079999999999,0.0,0.0,0.0,0.0,0.0,0.0,0.0,0.0,0.0,0.0,0.0,0.0,0.0,0.0,0.0025,0.9975,0.04866627722187673,1886,0.00044424531877590824,3.3783360018613876e-07,9.730948866408169e-05,16,20,False,0.995,0.005,0.66,fixed,100,none,89088af6-702d-46f1-85f7-fa99660871db
965,123300,32.08590531349182,1.0,1.0,1.0,0.9951079999999999,0.0,0.0,0.0,0.0,0.0,0.0,0.0,0.0,0.0,0.0,0.0,0.0,0.0,0.0,0.0025,0.9975,0.04866627722187675,1886,0.000443863905490357,3.3725045535409835e-07,9.722588649835643e-05,16,20,False,0.995,0.005,0.66,fixed,100,none,89088af6-702d-46f1-85f7-fa99660871db
966,123600,32.105424642562866,1.0,1.0,1.0,0.9951079999999999,0.0,0.0,0.0,0.0,0.0,0.0,0.0,0.0,0.0,0.0,0.0,0.0,0.0,0.0,0.0025,0.9975,0.048274068630222176,1887,0.0004447757136146629,3.391947415522101e-07,9.742585071114465e-05,16,20,False,0.995,0.005,0.66,fixed,100,none,89088af6-702d-46f1-85f7-fa99660871db
967,123700,32.12481904029846,1.0,1.0,1.0,0.9951079999999999,0.0,0.0,0.0,0.0,0.0,0.0,0.0,0.0,0.0,0.0,0.0,0.0,0.0,0.0,0.0025,0.9975,0.048274068630222176,1887,0.0004442230838164849,3.395638513050147e-07,9.73049501791765e-05,16,20,False,0.995,0.005,0.66,fixed,100,none,89088af6-702d-46f1-85f7-fa99660871db
968,124000,32.144278049468994,1.0,1.0,1.0,0.9951079999999999,0.0,0.0,0.0,0.0,0.0,0.0,0.0,0.0,0.0,0.0,0.0,0.0,0.0,0.0,0.0025,0.9975,0.04866627722187673,1886,0.0004441547162710768,3.400545071335307e-07,9.729007774809408e-05,16,20,False,0.995,0.005,0.66,fixed,100,none,89088af6-702d-46f1-85f7-fa99660871db
969,124100,32.1637077331543,1.0,1.0,1.0,0.9951079999999999,0.0,0.0,0.0,0.0,0.0,0.0,0.0,0.0,0.0,0.0,0.0,0.0,0.0,0.0,0.0025,0.9975,0.04866627722187673,1886,0.0004441547162710768,3.400545071335307e-07,9.729007774809408e-05,16,20,False,0.995,0.005,0.66,fixed,100,none,89088af6-702d-46f1-85f7-fa99660871db
970,124300,32.18327307701111,1.0,1.0,1.0,0.9951079999999999,0.0,0.0,0.0,0.0,0.0,0.0,0.0,0.0,0.0,0.0,0.0,0.0,0.0,0.0,0.0025,0.9975,0.048274068630222176,1887,0.00044581146978689917,3.418540239997937e-07,9.76530830009122e-05,16,20,False,0.995,0.005,0.66,fixed,100,none,89088af6-702d-46f1-85f7-fa99660871db
971,124400,32.20290207862854,1.0,1.0,1.0,0.9951079999999999,0.0,0.0,0.0,0.0,0.0,0.0,0.0,0.0,0.0,0.0,0.0,0.0,0.0,0.0,0.0025,0.9975,0.047880855019754906,1888,0.00044485869889364615,3.405222068476576e-07,9.744426840712019e-05,16,20,False,0.995,0.005,0.66,fixed,100,none,89088af6-702d-46f1-85f7-fa99660871db
972,124700,32.22253084182739,1.0,1.0,1.0,0.9951079999999999,0.0,0.0,0.0,0.0,0.0,0.0,0.0,0.0,0.0,0.0,0.0,0.0,0.0,0.0,0.0025,0.9975,0.04866627722187673,1886,0.00044569632914795833,3.4009119763964246e-07,9.762754377803962e-05,16,20,False,0.995,0.005,0.66,fixed,100,none,89088af6-702d-46f1-85f7-fa99660871db
973,124800,32.242260694503784,1.0,1.0,1.0,0.9951079999999999,0.0,0.0,0.0,0.0,0.0,0.0,0.0,0.0,0.0,0.0,0.0,0.0,0.0,0.0,0.0025,0.9975,0.04866627722187673,1886,0.00044513540536575066,3.4017702788744794e-07,9.750477386986144e-05,16,20,False,0.995,0.005,0.66,fixed,100,none,89088af6-702d-46f1-85f7-fa99660871db
974,125000,32.262032985687256,1.0,1.0,1.0,0.9951079999999999,0.0,0.0,0.0,0.0,0.0,0.0,0.0,0.0,0.0,0.0,0.0,0.0,0.0,0.0,0.0025,0.9975,0.04866627722187673,1886,0.00044523683646963336,3.4100216921171295e-07,9.752713391535297e-05,16,20,False,0.995,0.005,0.66,fixed,100,none,89088af6-702d-46f1-85f7-fa99660871db
975,125100,32.28172469139099,1.0,1.0,1.0,0.9951079999999999,0.0,0.0,0.0,0.0,0.0,0.0,0.0,0.0,0.0,0.0,0.0,0.0,0.0,0.0,0.0025,0.9975,0.04866627722187673,1886,0.0004455329937766307,3.4153451422299866e-07,9.759206389540684e-05,16,20,False,0.995,0.005,0.66,fixed,100,none,89088af6-702d-46f1-85f7-fa99660871db
976,125400,32.30139684677124,1.0,1.0,1.0,0.9951079999999999,0.0,0.0,0.0,0.0,0.0,0.0,0.0,0.0,0.0,0.0,0.0,0.0,0.0,0.0,0.0025,0.9975,0.049057480794718625,1885,0.00044442198703344106,3.401162911502709e-07,9.734859505693881e-05,16,20,False,0.995,0.005,0.66,fixed,100,none,89088af6-702d-46f1-85f7-fa99660871db
977,125500,32.32116937637329,1.0,1.0,1.0,0.9951079999999999,0.0,0.0,0.0,0.0,0.0,0.0,0.0,0.0,0.0,0.0,0.0,0.0,0.0,0.0,0.0025,0.9975,0.04866627722187673,1886,0.00044308670190448547,3.386065493400821e-07,9.705601429126648e-05,16,20,False,0.995,0.005,0.66,fixed,100,none,89088af6-702d-46f1-85f7-fa99660871db
978,125800,32.34129762649536,1.0,1.0,1.0,0.9951079999999999,0.0,0.0,0.0,0.0,0.0,0.0,0.0,0.0,0.0,0.0,0.0,0.0,0.0,0.0,0.0025,0.9975,0.049057480794718625,1885,0.0004445968235573513,3.3976462181967156e-07,9.738679995484994e-05,16,20,False,0.995,0.005,0.66,fixed,100,none,89088af6-702d-46f1-85f7-fa99660871db
979,125900,32.36139392852783,1.0,1.0,1.0,0.9951079999999999,0.0,0.0,0.0,0.0,0.0,0.0,0.0,0.0,0.0,0.0,0.0,0.0,0.0,0.0,0.0025,0.9975,0.04866627722187673,1886,0.00044472177736008757,3.4017108475603373e-07,9.741422957022683e-05,16,20,False,0.995,0.005,0.66,fixed,100,none,89088af6-702d-46f1-85f7-fa99660871db
980,126000,32.38115215301514,1.0,1.0,1.0,0.9951079999999999,0.0,0.0,0.0,0.0,0.0,0.0,0.0,0.0,0.0,0.0,0.0,0.0,0.0,0.0,0.0025,0.9975,0.04866627722187673,1886,0.0004443816111114257,3.4020106572368614e-07,9.733977287477859e-05,16,20,False,0.995,0.005,0.66,fixed,100,none,89088af6-702d-46f1-85f7-fa99660871db
981,126100,32.40096664428711,1.0,1.0,1.0,0.9951079999999999,0.0,0.0,0.0,0.0,0.0,0.0,0.0,0.0,0.0,0.0,0.0,0.0,0.0,0.0,0.0025,0.9975,0.049057480794718625,1885,0.00044441130779714023,3.3979231985474677e-07,9.73461958175664e-05,16,20,False,0.995,0.005,0.66,fixed,100,none,89088af6-702d-46f1-85f7-fa99660871db
982,126200,32.42064332962036,1.0,1.0,1.0,0.9951079999999999,0.0,0.0,0.0,0.0,0.0,0.0,0.0,0.0,0.0,0.0,0.0,0.0,0.0,0.0,0.0025,0.9975,0.049057480794718625,1885,0.00044468694301219314,3.4029177756564286e-07,9.740662726310655e-05,16,20,False,0.995,0.005,0.66,fixed,100,none,89088af6-702d-46f1-85f7-fa99660871db
983,126500,32.440332889556885,1.0,1.0,1.0,0.9951079999999999,0.0,0.0,0.0,0.0,0.0,0.0,0.0,0.0,0.0,0.0,0.0,0.0,0.0,0.0,0.0025,0.9975,0.04866627722187673,1886,0.0004432406158840742,3.402807617412951e-07,9.709002416175469e-05,16,20,False,0.995,0.005,0.66,fixed,100,none,89088af6-702d-46f1-85f7-fa99660871db
984,126600,32.45997977256775,1.0,1.0,1.0,0.9951079999999999,0.0,0.0,0.0,0.0,0.0,0.0,0.0,0.0,0.0,0.0,0.0,0.0,0.0,0.0,0.0025,0.9975,0.04866627722187673,1886,0.00044281660894416724,3.3927800291474286e-07,9.699701851843202e-05,16,20,False,0.995,0.005,0.66,fixed,100,none,89088af6-702d-46f1-85f7-fa99660871db
985,126800,32.48040580749512,1.0,1.0,1.0,0.9951079999999999,0.0,0.0,0.0,0.0,0.0,0.0,0.0,0.0,0.0,0.0,0.0,0.0,0.0,0.0,0.0025,0.9975,0.04866627722187673,1886,0.00044421847092403877,3.4246589778970895e-07,9.730449180585214e-05,16,20,False,0.995,0.005,0.66,fixed,100,none,89088af6-702d-46f1-85f7-fa99660871db
986,126900,32.500038623809814,1.0,1.0,1.0,0.9951079999999999,0.0,0.0,0.0,0.0,0.0,0.0,0.0,0.0,0.0,0.0,0.0,0.0,0.0,0.0,0.0025,0.9975,0.04866627722187673,1886,0.0004425474283275304,3.41539539311565e-07,9.693852457336561e-05,16,20,False,0.995,0.005,0.66,fixed,100,none,89088af6-702d-46f1-85f7-fa99660871db
987,127000,32.519699573516846,1.0,1.0,1.0,0.9951079999999999,0.0,0.0,0.0,0.0,0.0,0.0,0.0,0.0,0.0,0.0,0.0,0.0,0.0,0.0,0.0025,0.9975,0.04866627722187673,1886,0.00044420032610302025,3.4413248511968196e-07,9.730083655612387e-05,16,20,False,0.995,0.005,0.66,fixed,100,none,89088af6-702d-46f1-85f7-fa99660871db
988,127100,32.539281606674194,1.0,1.0,1.0,0.9951079999999999,0.0,0.0,0.0,0.0,0.0,0.0,0.0,0.0,0.0,0.0,0.0,0.0,0.0,0.0,0.0025,0.9975,0.04866627722187673,1886,0.00044421947095279953,3.448711404130091e-07,9.730516770824629e-05,16,20,False,0.995,0.005,0.66,fixed,100,none,89088af6-702d-46f1-85f7-fa99660871db
989,127200,32.55886673927307,1.0,1.0,1.0,0.9951079999999999,0.0,0.0,0.0,0.0,0.0,0.0,0.0,0.0,0.0,0.0,0.0,0.0,0.0,0.0,0.0025,0.9975,0.04866627722187673,1886,0.00044377279665447225,3.448640859668104e-07,9.720738936399767e-05,16,20,False,0.995,0.005,0.66,fixed,100,none,89088af6-702d-46f1-85f7-fa99660871db
990,127300,32.57847356796265,1.0,1.0,1.0,0.9951079999999999,0.0,0.0,0.0,0.0,0.0,0.0,0.0,0.0,0.0,0.0,0.0,0.0,0.0,0.0,0.0025,0.9975,0.04827406863022217,1887,0.00044351319437866354,3.446504856754796e-07,9.71505218417678e-05,16,20,False,0.995,0.005,0.66,fixed,100,none,89088af6-702d-46f1-85f7-fa99660871db
991,127600,32.598052978515625,1.0,1.0,1.0,0.9951079999999999,0.0,0.0,0.0,0.0,0.0,0.0,0.0,0.0,0.0,0.0,0.0,0.0,0.0,0.0,0.0025,0.9975,0.04827406863022217,1887,0.00044220149890627434,3.4396302512631557e-07,9.686326108535746e-05,16,20,False,0.995,0.005,0.66,fixed,100,none,89088af6-702d-46f1-85f7-fa99660871db
992,127700,32.6176381111145,1.0,1.0,1.0,0.9951079999999999,0.0,0.0,0.0,0.0,0.0,0.0,0.0,0.0,0.0,0.0,0.0,0.0,0.0,0.0,0.0025,0.9975,0.04827406863022217,1887,0.00044251429495797176,3.4457045798472497e-07,9.693184755331712e-05,16,20,False,0.995,0.005,0.66,fixed,100,none,89088af6-702d-46f1-85f7-fa99660871db
993,127900,32.637588024139404,1.0,1.0,1.0,0.9951079999999999,0.0,0.0,0.0,0.0,0.0,0.0,0.0,0.0,0.0,0.0,0.0,0.0,0.0,0.0,0.0025,0.9975,0.04827406863022217,1887,0.0004422259158610806,3.436942629350345e-07,9.68685548919482e-05,16,20,False,0.995,0.005,0.66,fixed,100,none,89088af6-702d-46f1-85f7-fa99660871db
994,128000,32.65733003616333,1.0,1.0,1.0,0.9951079999999999,0.0,0.0,0.0,0.0,0.0,0.0,0.0,0.0,0.0,0.0,0.0,0.0,0.0,0.0,0.0025,0.9975,0.04827406863022217,1887,0.00044390681850587407,3.4532723681516536e-07,9.723681474593072e-05,16,20,False,0.995,0.005,0.66,fixed,100,none,89088af6-702d-46f1-85f7-fa99660871db
995,128100,32.68097448348999,1.0,1.0,1.0,0.9951079999999999,0.0,0.0,0.0,0.0,0.0,0.0,0.0,0.0,0.0,0.0,0.0,0.0,0.0,0.0,0.0025,0.9975,0.04866627722187674,1886,0.0004454101149252541,3.475355635084086e-07,9.756630591420473e-05,16,20,False,0.995,0.005,0.66,fixed,100,none,89088af6-702d-46f1-85f7-fa99660871db
996,128200,32.70058012008667,1.0,1.0,1.0,0.9951079999999999,0.0,0.0,0.0,0.0,0.0,0.0,0.0,0.0,0.0,0.0,0.0,0.0,0.0,0.0,0.0025,0.9975,0.04866627722187674,1886,0.0004454223287874337,3.476405738042366e-07,9.756899948059204e-05,16,20,False,0.995,0.005,0.66,fixed,100,none,89088af6-702d-46f1-85f7-fa99660871db
997,128300,32.720277547836304,1.0,1.0,1.0,0.9951079999999999,0.0,0.0,0.0,0.0,0.0,0.0,0.0,0.0,0.0,0.0,0.0,0.0,0.0,0.0,0.0025,0.9975,0.04866627722187674,1886,0.0004466158244529121,3.481463672779707e-07,9.783035178252529e-05,16,20,False,0.995,0.005,0.66,fixed,100,none,89088af6-702d-46f1-85f7-fa99660871db
998,128400,32.740012645721436,1.0,1.0,1.0,0.9951079999999999,0.0,0.0,0.0,0.0,0.0,0.0,0.0,0.0,0.0,0.0,0.0,0.0,0.0,0.0,0.0025,0.9975,0.04866627722187674,1886,0.000448382681934317,3.498112126662393e-07,9.821743320582859e-05,16,20,False,0.995,0.005,0.66,fixed,100,none,89088af6-702d-46f1-85f7-fa99660871db
999,128600,32.759695529937744,1.0,1.0,1.0,0.9951079999999999,0.0,0.0,0.0,0.0,0.0,0.0,0.0,0.0,0.0,0.0,0.0,0.0,0.0,0.0,0.0025,0.9975,0.04866627722187674,1886,0.00044829372832433796,3.496059857174145e-07,9.81979222674839e-05,16,20,False,0.995,0.005,0.66,fixed,100,none,89088af6-702d-46f1-85f7-fa99660871db
1000,128700,32.77956795692444,1.0,1.0,1.0,0.9951079999999999,0.0,0.0,0.0,0.0,0.0,0.0,0.0,0.0,0.0,0.0,0.0,0.0,0.0,0.0,0.0025,0.9975,0.049057480794718625,1885,0.00044854689720730533,3.4955836444120714e-07,9.825333188792297e-05,16,20,False,0.995,0.005,0.66,fixed,100,none,89088af6-702d-46f1-85f7-fa99660871db
1001,129000,32.79929876327515,1.0,1.0,1.0,0.9951079999999999,0.0,0.0,0.0,0.0,0.0,0.0,0.0,0.0,0.0,0.0,0.0,0.0,0.0,0.0,0.0025,0.9975,0.049057480794718625,1885,0.0004483281415381013,3.502600562728332e-07,9.820557959338221e-05,16,20,False,0.995,0.005,0.66,fixed,100,none,89088af6-702d-46f1-85f7-fa99660871db
1002,129100,32.81905198097229,1.0,1.0,1.0,0.9951079999999999,0.0,0.0,0.0,0.0,0.0,0.0,0.0,0.0,0.0,0.0,0.0,0.0,0.0,0.0,0.0025,0.9975,0.049057480794718625,1885,0.0004479131517859454,3.5000986009095897e-07,9.811469079936072e-05,16,20,False,0.995,0.005,0.66,fixed,100,none,89088af6-702d-46f1-85f7-fa99660871db
1003,129200,32.83866786956787,1.0,1.0,1.0,0.9951079999999999,0.0,0.0,0.0,0.0,0.0,0.0,0.0,0.0,0.0,0.0,0.0,0.0,0.0,0.0,0.0025,0.9975,0.049057480794718625,1885,0.0004479131517859454,3.5000986009095897e-07,9.811469079936072e-05,16,20,False,0.995,0.005,0.66,fixed,100,none,89088af6-702d-46f1-85f7-fa99660871db
1004,129400,32.858516216278076,1.0,1.0,1.0,0.9951079999999999,0.0,0.0,0.0,0.0,0.0,0.0,0.0,0.0,0.0,0.0,0.0,0.0,0.0,0.0,0.0025,0.9975,0.049057480794718625,1885,0.0004469353653065611,3.4938194511685935e-07,9.790053403517845e-05,16,20,False,0.995,0.005,0.66,fixed,100,none,89088af6-702d-46f1-85f7-fa99660871db
1005,129500,32.87839460372925,1.0,1.0,1.0,0.9951079999999999,0.0,0.0,0.0,0.0,0.0,0.0,0.0,0.0,0.0,0.0,0.0,0.0,0.0,0.0,0.0025,0.9975,0.049057480794718625,1885,0.00044753447145008473,3.501775955498407e-07,9.803182954357803e-05,16,20,False,0.995,0.005,0.66,fixed,100,none,89088af6-702d-46f1-85f7-fa99660871db
1006,129700,32.898168087005615,1.0,1.0,1.0,0.9951079999999999,0.0,0.0,0.0,0.0,0.0,0.0,0.0,0.0,0.0,0.0,0.0,0.0,0.0,0.0,0.0025,0.9975,0.049057480794718625,1885,0.0004469485529475514,3.4947172883006686e-07,9.790343786869672e-05,16,20,False,0.995,0.005,0.66,fixed,100,none,89088af6-702d-46f1-85f7-fa99660871db
1007,129800,32.91786336898804,1.0,1.0,1.0,0.9951079999999999,0.0,0.0,0.0,0.0,0.0,0.0,0.0,0.0,0.0,0.0,0.0,0.0,0.0,0.0,0.0025,0.9975,0.049057480794718625,1885,0.0004459988174436191,3.4923717027983875e-07,9.76954962007614e-05,16,20,False,0.995,0.005,0.66,fixed,100,none,89088af6-702d-46f1-85f7-fa99660871db
1008,130100,32.93839383125305,1.0,1.0,1.0,0.9951079999999999,0.0,0.0,0.0,0.0,0.0,0.0,0.0,0.0,0.0,0.0,0.0,0.0,0.0,0.0,0.0025,0.9975,0.049057480794718625,1885,0.00044908394624489035,3.516466562751657e-07,9.837128869769879e-05,16,20,False,0.995,0.005,0.66,fixed,100,none,89088af6-702d-46f1-85f7-fa99660871db
1009,130200,32.95817828178406,1.0,1.0,1.0,0.9951079999999999,0.0,0.0,0.0,0.0,0.0,0.0,0.0,0.0,0.0,0.0,0.0,0.0,0.0,0.0,0.0025,0.9975,0.049057480794718625,1885,0.0004483118570112146,3.514033047569659e-07,9.820223212765871e-05,16,20,False,0.995,0.005,0.66,fixed,100,none,89088af6-702d-46f1-85f7-fa99660871db
1010,130300,32.97791647911072,1.0,1.0,1.0,0.9951079999999999,0.0,0.0,0.0,0.0,0.0,0.0,0.0,0.0,0.0,0.0,0.0,0.0,0.0,0.0,0.0025,0.9975,0.049057480794718625,1885,0.00044864456175803933,3.518644388935335e-07,9.827514881222458e-05,16,20,False,0.995,0.005,0.66,fixed,100,none,89088af6-702d-46f1-85f7-fa99660871db
1011,130500,32.9977011680603,1.0,1.0,1.0,0.9951079999999999,0.0,0.0,0.0,0.0,0.0,0.0,0.0,0.0,0.0,0.0,0.0,0.0,0.0,0.0,0.0025,0.9975,0.049057480794718625,1885,0.00045226943294900547,3.552921577322065e-07,9.906928438250642e-05,16,20,False,0.995,0.005,0.66,fixed,100,none,89088af6-702d-46f1-85f7-fa99660871db
1012,130600,33.01741027832031,1.0,1.0,1.0,0.9951079999999999,0.0,0.0,0.0,0.0,0.0,0.0,0.0,0.0,0.0,0.0,0.0,0.0,0.0,0.0,0.0025,0.9975,0.049057480794718625,1885,0.00045252472609124875,3.5498636565530617e-07,9.912510995084886e-05,16,20,False,0.995,0.005,0.66,fixed,100,none,89088af6-702d-46f1-85f7-fa99660871db
1013,130800,33.03699588775635,1.0,1.0,1.0,0.9951079999999999,0.0,0.0,0.0,0.0,0.0,0.0,0.0,0.0,0.0,0.0,0.0,0.0,0.0,0.0,0.0025,0.9975,0.049057480794718625,1885,0.00045356309202487934,3.5643757263161454e-07,9.93526839830461e-05,16,20,False,0.995,0.005,0.66,fixed,100,none,89088af6-702d-46f1-85f7-fa99660871db
1014,130900,33.056496381759644,1.0,1.0,1.0,0.9951079999999999,0.0,0.0,0.0,0.0,0.0,0.0,0.0,0.0,0.0,0.0,0.0,0.0,0.0,0.0,0.0025,0.9975,0.049057480794718625,1885,0.00045462716960748077,3.573129193397769e-07,9.95857768817521e-05,16,20,False,0.995,0.005,0.66,fixed,100,none,89088af6-702d-46f1-85f7-fa99660871db
1015,131200,33.07602405548096,1.0,1.0,1.0,0.9951079999999999,0.0,0.0,0.0,0.0,0.0,0.0,0.0,0.0,0.0,0.0,0.0,0.0,0.0,0.0,0.0025,0.9975,0.04866627722187673,1886,0.00045486815420265584,3.568770556690133e-07,9.963844559553848e-05,16,20,False,0.995,0.005,0.66,fixed,100,none,89088af6-702d-46f1-85f7-fa99660871db
1016,131300,33.09546113014221,1.0,1.0,1.0,0.9951079999999999,0.0,0.0,0.0,0.0,0.0,0.0,0.0,0.0,0.0,0.0,0.0,0.0,0.0,0.0,0.0025,0.9975,0.049057480794718625,1885,0.0004555840267266468,3.5745490657057523e-07,9.97952598827114e-05,16,20,False,0.995,0.005,0.66,fixed,100,none,89088af6-702d-46f1-85f7-fa99660871db
1017,131400,33.11496329307556,1.0,1.0,1.0,0.9951079999999999,0.0,0.0,0.0,0.0,0.0,0.0,0.0,0.0,0.0,0.0,0.0,0.0,0.0,0.0,0.0025,0.9975,0.04866627722187675,1886,0.00045618051196563806,3.589539196820723e-07,9.992611531401777e-05,16,20,False,0.995,0.005,0.66,fixed,100,none,89088af6-702d-46f1-85f7-fa99660871db
1018,131500,33.134419202804565,1.0,1.0,1.0,0.9951079999999999,0.0,0.0,0.0,0.0,0.0,0.0,0.0,0.0,0.0,0.0,0.0,0.0,0.0,0.0,0.0025,0.9975,0.04866627722187675,1886,0.00045660392099509636,3.5935028191220537e-07,0.00010001887485938992,16,20,False,0.995,0.005,0.66,fixed,100,none,89088af6-702d-46f1-85f7-fa99660871db
1019,131600,33.15395712852478,1.0,1.0,1.0,0.9951079999999999,0.0,0.0,0.0,0.0,0.0,0.0,0.0,0.0,0.0,0.0,0.0,0.0,0.0,0.0,0.0025,0.9975,0.04866627722187675,1886,0.00045844462724410937,3.602288164559256e-07,0.00010042197237886218,16,20,False,0.995,0.005,0.66,fixed,100,none,89088af6-702d-46f1-85f7-fa99660871db
1020,131900,33.1734733581543,1.0,1.0,1.0,0.9951079999999999,0.0,0.0,0.0,0.0,0.0,0.0,0.0,0.0,0.0,0.0,0.0,0.0,0.0,0.0,0.0025,0.9975,0.04866627722187675,1886,0.0004581819003551455,3.587765491954674e-07,0.0001003641855320885,16,20,False,0.995,0.005,0.66,fixed,100,none,89088af6-702d-46f1-85f7-fa99660871db
1021,132000,33.19301080703735,1.0,1.0,1.0,0.9951079999999999,0.0,0.0,0.0,0.0,0.0,0.0,0.0,0.0,0.0,0.0,0.0,0.0,0.0,0.0,0.0025,0.9975,0.04866627722187673,1886,0.0004589043895885765,3.603080211641833e-07,0.0001005226294049606,16,20,False,0.995,0.005,0.66,fixed,100,none,89088af6-702d-46f1-85f7-fa99660871db
1022,132300,33.21246552467346,1.0,1.0,1.0,0.9951079999999999,0.0,0.0,0.0,0.0,0.0,0.0,0.0,0.0,0.0,0.0,0.0,0.0,0.0,0.0,0.0025,0.9975,0.04866627722187673,1886,0.00045817215836948513,3.5977336463674344e-07,0.00010036224240636127,16,20,False,0.995,0.005,0.66,fixed,100,none,89088af6-702d-46f1-85f7-fa99660871db
1023,132400,33.23215103149414,1.0,1.0,1.0,0.9951079999999999,0.0,0.0,0.0,0.0,0.0,0.0,0.0,0.0,0.0,0.0,0.0,0.0,0.0,0.0,0.0025,0.9975,0.04866627722187673,1886,0.00045812050448119647,3.604331730089346e-07,0.00010035106073380561,16,20,False,0.995,0.005,0.66,fixed,100,none,89088af6-702d-46f1-85f7-fa99660871db
1024,132500,33.25173234939575,1.0,1.0,1.0,0.9951079999999999,0.0,0.0,0.0,0.0,0.0,0.0,0.0,0.0,0.0,0.0,0.0,0.0,0.0,0.0,0.0025,0.9975,0.04866627722187673,1886,0.0004582613625211536,3.6000778631107324e-07,0.00010038181373527964,16,20,False,0.995,0.005,0.66,fixed,100,none,89088af6-702d-46f1-85f7-fa99660871db
1025,132600,33.27155900001526,1.0,1.0,1.0,0.9951079999999999,0.0,0.0,0.0,0.0,0.0,0.0,0.0,0.0,0.0,0.0,0.0,0.0,0.0,0.0,0.0025,0.9975,0.04866627722187673,1886,0.00045817146796606575,3.6028012226336225e-07,0.00010036218756100183,16,20,False,0.995,0.005,0.66,fixed,100,none,89088af6-702d-46f1-85f7-fa99660871db
1026,132700,33.2913179397583,1.0,1.0,1.0,0.9951079999999999,0.0,0.0,0.0,0.0,0.0,0.0,0.0,0.0,0.0,0.0,0.0,0.0,0.0,0.0,0.0025,0.9975,0.04866627722187673,1886,0.00045817146796606575,3.6028012226336225e-07,0.00010036218756100183,16,20,False,0.995,0.005,0.66,fixed,100,none,89088af6-702d-46f1-85f7-fa99660871db
1027,133000,33.31111788749695,1.0,1.0,1.0,0.9951079999999999,0.0,0.0,0.0,0.0,0.0,0.0,0.0,0.0,0.0,0.0,0.0,0.0,0.0,0.0,0.0025,0.9975,0.04866627722187673,1886,0.0004590405912272076,3.6126807135265036e-07,0.00010055262635319275,16,20,False,0.995,0.005,0.66,fixed,100,none,89088af6-702d-46f1-85f7-fa99660871db
1028,133100,33.33091592788696,1.0,1.0,1.0,0.9951079999999999,0.0,0.0,0.0,0.0,0.0,0.0,0.0,0.0,0.0,0.0,0.0,0.0,0.0,0.0,0.0025,0.9975,0.049057480794718625,1885,0.0004599483007678421,3.618506797664505e-07,0.00010075143466723627,16,20,False,0.995,0.005,0.66,fixed,100,none,89088af6-702d-46f1-85f7-fa99660871db
1029,133300,33.35166645050049,1.0,1.0,1.0,0.9951079999999999,0.0,0.0,0.0,0.0,0.0,0.0,0.0,0.0,0.0,0.0,0.0,0.0,0.0,0.0,0.0025,0.9975,0.04866627722187673,1886,0.00046050180658011963,3.6216902192812583e-07,0.00010087265757455455,16,20,False,0.995,0.005,0.66,fixed,100,none,89088af6-702d-46f1-85f7-fa99660871db
1030,133400,33.37138652801514,1.0,1.0,1.0,0.9951079999999999,0.0,0.0,0.0,0.0,0.0,0.0,0.0,0.0,0.0,0.0,0.0,0.0,0.0,0.0,0.0025,0.9975,0.04866627722187673,1886,0.000460950028916141,3.6275766137079395e-07,0.00010097088528540372,16,20,False,0.995,0.005,0.66,fixed,100,none,89088af6-702d-46f1-85f7-fa99660871db
1031,133500,33.39109945297241,1.0,1.0,1.0,0.9951079999999999,0.0,0.0,0.0,0.0,0.0,0.0,0.0,0.0,0.0,0.0,0.0,0.0,0.0,0.0,0.0025,0.9975,0.04866627722187673,1886,0.0004601555834297896,3.624052118962926e-07,0.00010079691420304123,16,20,False,0.995,0.005,0.66,fixed,100,none,89088af6-702d-46f1-85f7-fa99660871db
1032,133600,33.410897731781006,1.0,1.0,1.0,0.9951079999999999,0.0,0.0,0.0,0.0,0.0,0.0,0.0,0.0,0.0,0.0,0.0,0.0,0.0,0.0,0.0025,0.9975,0.04866627722187673,1886,0.00046054383073342454,3.6283026238763915e-07,0.00010088198229740029,16,20,False,0.995,0.005,0.66,fixed,100,none,89088af6-702d-46f1-85f7-fa99660871db
1033,133700,33.43061113357544,1.0,1.0,1.0,0.9951079999999999,0.0,0.0,0.0,0.0,0.0,0.0,0.0,0.0,0.0,0.0,0.0,0.0,0.0,0.0,0.0025,0.9975,0.04866627722187673,1886,0.0004604594810984008,3.631310263353458e-07,0.00010086357530744365,16,20,False,0.995,0.005,0.66,fixed,100,none,89088af6-702d-46f1-85f7-fa99660871db
1034,133800,33.45035529136658,1.0,1.0,1.0,0.9951079999999999,0.0,0.0,0.0,0.0,0.0,0.0,0.0,0.0,0.0,0.0,0.0,0.0,0.0,0.0,0.0025,0.9975,0.04866627722187673,1886,0.00046039897076588016,3.6355507703774034e-07,0.00010085041016528834,16,20,False,0.995,0.005,0.66,fixed,100,none,89088af6-702d-46f1-85f7-fa99660871db
1035,134100,33.47103524208069,1.0,1.0,1.0,0.9951079999999999,0.0,0.0,0.0,0.0,0.0,0.0,0.0,0.0,0.0,0.0,0.0,0.0,0.0,0.0,0.0025,0.9975,0.04866627722187673,1886,0.0004604298271526963,3.635483860964856e-07,0.00010085716335708356,16,20,False,0.995,0.005,0.66,fixed,100,none,89088af6-702d-46f1-85f7-fa99660871db
1036,134200,33.49074625968933,1.0,1.0,1.0,0.9951079999999999,0.0,0.0,0.0,0.0,0.0,0.0,0.0,0.0,0.0,0.0,0.0,0.0,0.0,0.0,0.0025,0.9975,0.04866627722187673,1886,0.00046175785847331964,3.6370949830317675e-07,0.00010114790002448728,16,20,False,0.995,0.005,0.66,fixed,100,none,89088af6-702d-46f1-85f7-fa99660871db
1037,134400,33.51042032241821,1.0,1.0,1.0,0.9951079999999999,0.0,0.0,0.0,0.0,0.0,0.0,0.0,0.0,0.0,0.0,0.0,0.0,0.0,0.0,0.0025,0.9975,0.049057480794718625,1885,0.0004632888823190977,3.666632073728821e-07,0.00010148360234905132,16,20,False,0.995,0.005,0.66,fixed,100,none,89088af6-702d-46f1-85f7-fa99660871db
1038,134500,33.53006315231323,1.0,1.0,1.0,0.9951079999999999,0.0,0.0,0.0,0.0,0.0,0.0,0.0,0.0,0.0,0.0,0.0,0.0,0.0,0.0,0.0025,0.9975,0.04866627722187673,1886,0.0004634267898794314,3.6686713325143927e-07,0.00010151382905992531,16,20,False,0.995,0.005,0.66,fixed,100,none,89088af6-702d-46f1-85f7-fa99660871db
1039,134600,33.54982542991638,1.0,1.0,1.0,0.9951079999999999,0.0,0.0,0.0,0.0,0.0,0.0,0.0,0.0,0.0,0.0,0.0,0.0,0.0,0.0,0.0025,0.9975,0.04866627722187673,1886,0.00046519261197837977,3.6934773019055354e-07,0.00010190083883080353,16,20,False,0.995,0.005,0.66,fixed,100,none,89088af6-702d-46f1-85f7-fa99660871db
1040,134700,33.56962180137634,1.0,1.0,1.0,0.9951079999999999,0.0,0.0,0.0,0.0,0.0,0.0,0.0,0.0,0.0,0.0,0.0,0.0,0.0,0.0,0.0025,0.9975,0.04866627722187673,1886,0.00046622024561488617,3.708081063605653e-07,0.0001021260653053071,16,20,False,0.995,0.005,0.66,fixed,100,none,89088af6-702d-46f1-85f7-fa99660871db
1041,134800,33.58930993080139,1.0,1.0,1.0,0.9951079999999999,0.0,0.0,0.0,0.0,0.0,0.0,0.0,0.0,0.0,0.0,0.0,0.0,0.0,0.0,0.0025,0.9975,0.04866627722187673,1886,0.00046807405541564496,3.727682642459671e-07,0.00010253223670069142,16,20,False,0.995,0.005,0.66,fixed,100,none,89088af6-702d-46f1-85f7-fa99660871db
1042,134900,33.608925104141235,1.0,1.0,1.0,0.9951079999999999,0.0,0.0,0.0,0.0,0.0,0.0,0.0,0.0,0.0,0.0,0.0,0.0,0.0,0.0,0.0025,0.9975,0.04866627722187673,1886,0.0004676215973093506,3.7280904565498627e-07,0.00010243320136969131,16,20,False,0.995,0.005,0.66,fixed,100,none,89088af6-702d-46f1-85f7-fa99660871db
1043,135100,33.62864542007446,1.0,1.0,1.0,0.9951079999999999,0.0,0.0,0.0,0.0,0.0,0.0,0.0,0.0,0.0,0.0,0.0,0.0,0.0,0.0,0.0025,0.9975,0.04866627722187673,1886,0.00046840030299408886,3.736359854202723e-07,0.0001026038171626359,16,20,False,0.995,0.005,0.66,fixed,100,none,89088af6-702d-46f1-85f7-fa99660871db
1044,135200,33.64893436431885,1.0,1.0,1.0,0.9951079999999999,0.0,0.0,0.0,0.0,0.0,0.0,0.0,0.0,0.0,0.0,0.0,0.0,0.0,0.0,0.0025,0.9975,0.04866627722187673,1886,0.00046942602896847687,3.7518258111475914e-07,0.0001028286424316114,16,20,False,0.995,0.005,0.66,fixed,100,none,89088af6-702d-46f1-85f7-fa99660871db
1045,135500,33.66879057884216,1.0,1.0,1.0,0.9951079999999999,0.0,0.0,0.0,0.0,0.0,0.0,0.0,0.0,0.0,0.0,0.0,0.0,0.0,0.0,0.0025,0.9975,0.04866627722187673,1886,0.0004693583242424217,3.756905101415221e-07,0.00010281391837359301,16,20,False,0.995,0.005,0.66,fixed,100,none,89088af6-702d-46f1-85f7-fa99660871db
1046,135600,33.68845558166504,1.0,1.0,1.0,0.9951079999999999,0.0,0.0,0.0,0.0,0.0,0.0,0.0,0.0,0.0,0.0,0.0,0.0,0.0,0.0,0.0025,0.9975,0.04866627722187673,1886,0.0004698043811022666,3.7590755242013167e-07,0.00010291160145824599,16,20,False,0.995,0.005,0.66,fixed,100,none,89088af6-702d-46f1-85f7-fa99660871db
1047,135700,33.70811653137207,1.0,1.0,1.0,0.9951079999999999,0.0,0.0,0.0,0.0,0.0,0.0,0.0,0.0,0.0,0.0,0.0,0.0,0.0,0.0,0.0025,0.9975,0.04866627722187673,1886,0.00047038435711804967,3.7794530889987996e-07,0.00010303894538183206,16,20,False,0.995,0.005,0.66,fixed,100,none,89088af6-702d-46f1-85f7-fa99660871db
1048,135800,33.72762060165405,1.0,1.0,1.0,0.9951079999999999,0.0,0.0,0.0,0.0,0.0,0.0,0.0,0.0,0.0,0.0,0.0,0.0,0.0,0.0,0.0025,0.9975,0.04866627722187673,1886,0.0004717720565797772,3.8095770751617403e-07,0.0001033432851497413,16,20,False,0.995,0.005,0.66,fixed,100,none,89088af6-702d-46f1-85f7-fa99660871db
1049,135900,33.747376680374146,1.0,1.0,1.0,0.9951079999999999,0.0,0.0,0.0,0.0,0.0,0.0,0.0,0.0,0.0,0.0,0.0,0.0,0.0,0.0,0.0025,0.9975,0.04866627722187673,1886,0.000471218691497204,3.8145988909176156e-07,0.0001032222489476654,16,20,False,0.995,0.005,0.66,fixed,100,none,89088af6-702d-46f1-85f7-fa99660871db
1050,136000,33.766995906829834,1.0,1.0,1.0,0.9951079999999999,0.0,0.0,0.0,0.0,0.0,0.0,0.0,0.0,0.0,0.0,0.0,0.0,0.0,0.0,0.0025,0.9975,0.04866627722187673,1886,0.00047059214816567177,3.812909507575974e-07,0.00010308506651410951,16,20,False,0.995,0.005,0.66,fixed,100,none,89088af6-702d-46f1-85f7-fa99660871db
1051,136200,33.78670382499695,1.0,1.0,1.0,0.9951079999999999,0.0,0.0,0.0,0.0,0.0,0.0,0.0,0.0,0.0,0.0,0.0,0.0,0.0,0.0,0.0025,0.9975,0.04866627722187673,1886,0.000470790569433338,3.8130229987756397e-07,0.00010312850308593442,16,20,False,0.995,0.005,0.66,fixed,100,none,89088af6-702d-46f1-85f7-fa99660871db
1052,136300,33.80648469924927,1.0,1.0,1.0,0.9951079999999999,0.0,0.0,0.0,0.0,0.0,0.0,0.0,0.0,0.0,0.0,0.0,0.0,0.0,0.0,0.0025,0.9975,0.04866627722187673,1886,0.00047100824704622096,3.8184435639766964e-07,0.00010317625570613333,16,20,False,0.995,0.005,0.66,fixed,100,none,89088af6-702d-46f1-85f7-fa99660871db
1053,136600,33.82613563537598,1.0,1.0,1.0,0.9951079999999999,0.0,0.0,0.0,0.0,0.0,0.0,0.0,0.0,0.0,0.0,0.0,0.0,0.0,0.0,0.0025,0.9975,0.04866627722187673,1886,0.0004708488206100344,3.828251429622919e-07,0.00010314154360869938,16,20,False,0.995,0.005,0.66,fixed,100,none,89088af6-702d-46f1-85f7-fa99660871db
1054,136700,33.84583783149719,1.0,1.0,1.0,0.9951079999999999,0.0,0.0,0.0,0.0,0.0,0.0,0.0,0.0,0.0,0.0,0.0,0.0,0.0,0.0,0.0025,0.9975,0.04866627722187673,1886,0.00047073075327005873,3.8315168484532025e-07,0.00010311576071093648,16,20,False,0.995,0.005,0.66,fixed,100,none,89088af6-702d-46f1-85f7-fa99660871db
1055,136800,33.86560130119324,1.0,1.0,1.0,0.9951079999999999,0.0,0.0,0.0,0.0,0.0,0.0,0.0,0.0,0.0,0.0,0.0,0.0,0.0,0.0,0.0025,0.9975,0.04866627722187673,1886,0.00047107806732740455,3.8324809784909846e-07,0.00010319180607656019,16,20,False,0.995,0.005,0.66,fixed,100,none,89088af6-702d-46f1-85f7-fa99660871db
1056,136900,33.88538956642151,1.0,1.0,1.0,0.9951079999999999,0.0,0.0,0.0,0.0,0.0,0.0,0.0,0.0,0.0,0.0,0.0,0.0,0.0,0.0,0.0025,0.9975,0.04866627722187673,1886,0.0004716488823944838,3.8400835935991127e-07,0.0001033169019444309,16,20,False,0.995,0.005,0.66,fixed,100,none,89088af6-702d-46f1-85f7-fa99660871db
1057,137000,33.90531301498413,1.0,1.0,1.0,0.9951079999999999,0.0,0.0,0.0,0.0,0.0,0.0,0.0,0.0,0.0,0.0,0.0,0.0,0.0,0.0,0.0025,0.9975,0.04866627722187673,1886,0.00047269196392348803,3.849132529419315e-07,0.0001035454044209105,16,20,False,0.995,0.005,0.66,fixed,100,none,89088af6-702d-46f1-85f7-fa99660871db
1058,137300,33.926329374313354,1.0,1.0,1.0,0.9951079999999999,0.0,0.0,0.0,0.0,0.0,0.0,0.0,0.0,0.0,0.0,0.0,0.0,0.0,0.0,0.0025,0.9975,0.04788085501975489,1888,0.00047407443584238486,3.840916932521201e-07,0.00010384787142761595,16,20,False,0.995,0.005,0.66,fixed,100,none,89088af6-702d-46f1-85f7-fa99660871db
1059,137400,33.94694256782532,1.0,1.0,1.0,0.9951079999999999,0.0,0.0,0.0,0.0,0.0,0.0,0.0,0.0,0.0,0.0,0.0,0.0,0.0,0.0,0.0025,0.9975,0.04788085501975489,1888,0.00047343687567020593,3.8355012097290186e-07,0.00010370820660719293,16,20,False,0.995,0.005,0.66,fixed,100,none,89088af6-702d-46f1-85f7-fa99660871db
1060,137700,33.96776509284973,1.0,1.0,1.0,0.9951079999999999,0.0,0.0,0.0,0.0,0.0,0.0,0.0,0.0,0.0,0.0,0.0,0.0,0.0,0.0,0.0025,0.9975,0.04788085501975489,1888,0.00047296786921131027,3.8319283620216077e-07,0.00010360547320923423,16,20,False,0.995,0.005,0.66,fixed,100,none,89088af6-702d-46f1-85f7-fa99660871db
1061,137800,33.98784518241882,1.0,1.0,1.0,0.9951079999999999,0.0,0.0,0.0,0.0,0.0,0.0,0.0,0.0,0.0,0.0,0.0,0.0,0.0,0.0,0.0025,0.9975,0.047486636390474915,1889,0.00047330224544575486,3.8343553626882576e-07,0.00010367871427996683,16,20,False,0.995,0.005,0.66,fixed,100,none,89088af6-702d-46f1-85f7-fa99660871db
1062,137900,34.00861310958862,1.0,1.0,1.0,0.9951079999999999,0.0,0.0,0.0,0.0,0.0,0.0,0.0,0.0,0.0,0.0,0.0,0.0,0.0,0.0,0.0025,0.9975,0.04788085501975489,1888,0.0004738177785268205,3.843413876372618e-07,0.0001037917365831721,16,20,False,0.995,0.005,0.66,fixed,100,none,89088af6-702d-46f1-85f7-fa99660871db
1063,138000,34.029266595840454,1.0,1.0,1.0,0.9951079999999999,0.0,0.0,0.0,0.0,0.0,0.0,0.0,0.0,0.0,0.0,0.0,0.0,0.0,0.0,0.0025,0.9975,0.04788085501975489,1888,0.0004729781457417498,3.8227994951163154e-07,0.00010360754929327624,16,20,False,0.995,0.005,0.66,fixed,100,none,89088af6-702d-46f1-85f7-fa99660871db
1064,138100,34.04902386665344,1.0,1.0,1.0,0.9951079999999999,0.0,0.0,0.0,0.0,0.0,0.0,0.0,0.0,0.0,0.0,0.0,0.0,0.0,0.0,0.0025,0.9975,0.04788085501975489,1888,0.0004718270822442239,3.8121323559795517e-07,0.00010335537881802423,16,20,False,0.995,0.005,0.66,fixed,100,none,89088af6-702d-46f1-85f7-fa99660871db
1065,138400,34.06961393356323,1.0,1.0,1.0,0.9951079999999999,0.0,0.0,0.0,0.0,0.0,0.0,0.0,0.0,0.0,0.0,0.0,0.0,0.0,0.0,0.0025,0.9975,0.048274068630222176,1887,0.0004711404015355216,3.8152344690864903e-07,0.00010320512335103833,16,20,False,0.995,0.005,0.66,fixed,100,none,89088af6-702d-46f1-85f7-fa99660871db
1066,138500,34.08918046951294,1.0,1.0,1.0,0.9951079999999999,0.0,0.0,0.0,0.0,0.0,0.0,0.0,0.0,0.0,0.0,0.0,0.0,0.0,0.0,0.0025,0.9975,0.04788085501975489,1888,0.00047127802816255144,3.8240337524513906e-07,0.00010323541700607909,16,20,False,0.995,0.005,0.66,fixed,100,none,89088af6-702d-46f1-85f7-fa99660871db
1067,138700,34.10876989364624,1.0,1.0,1.0,0.9951079999999999,0.0,0.0,0.0,0.0,0.0,0.0,0.0,0.0,0.0,0.0,0.0,0.0,0.0,0.0,0.0025,0.9975,0.04788085501975489,1888,0.00047169594411317214,3.831685556364054e-07,0.0001033270441919443,16,20,False,0.995,0.005,0.66,fixed,100,none,89088af6-702d-46f1-85f7-fa99660871db
1068,138800,34.1284065246582,1.0,1.0,1.0,0.9951079999999999,0.0,0.0,0.0,0.0,0.0,0.0,0.0,0.0,0.0,0.0,0.0,0.0,0.0,0.0,0.0025,0.9975,0.047486636390474915,1889,0.00047217509919530727,3.829615552329573e-07,0.00010343189190934703,16,20,False,0.995,0.005,0.66,fixed,100,none,89088af6-702d-46f1-85f7-fa99660871db
1069,139000,34.14802551269531,1.0,1.0,1.0,0.9951079999999999,0.0,0.0,0.0,0.0,0.0,0.0,0.0,0.0,0.0,0.0,0.0,0.0,0.0,0.0,0.0025,0.9975,0.047486636390474915,1889,0.0004730609412193878,3.8178925452874166e-07,0.00010362557999128445,16,20,False,0.995,0.005,0.66,fixed,100,none,89088af6-702d-46f1-85f7-fa99660871db
1070,139100,34.17173218727112,1.0,1.0,1.0,0.9951079999999999,0.0,0.0,0.0,0.0,0.0,0.0,0.0,0.0,0.0,0.0,0.0,0.0,0.0,0.0,0.0025,0.9975,0.04788085501975489,1888,0.000473178641843096,3.8208416152278164e-07,0.00010365140069014305,16,20,False,0.995,0.005,0.66,fixed,100,none,89088af6-702d-46f1-85f7-fa99660871db
1071,139200,34.19168019294739,1.0,1.0,1.0,0.9951079999999999,0.0,0.0,0.0,0.0,0.0,0.0,0.0,0.0,0.0,0.0,0.0,0.0,0.0,0.0,0.0025,0.9975,0.04788085501975489,1888,0.0004726761536927506,3.8189979624612e-07,0.00010354137100462987,16,20,False,0.995,0.005,0.66,fixed,100,none,89088af6-702d-46f1-85f7-fa99660871db
1072,139500,34.211801290512085,1.0,1.0,1.0,0.9951079999999999,0.0,0.0,0.0,0.0,0.0,0.0,0.0,0.0,0.0,0.0,0.0,0.0,0.0,0.0,0.0025,0.9975,0.04866627722187673,1886,0.00047491387897117773,3.8594368345409383e-07,0.00010403197740664708,16,20,False,0.995,0.005,0.66,fixed,100,none,89088af6-702d-46f1-85f7-fa99660871db
1073,139600,34.23181176185608,1.0,1.0,1.0,0.9951079999999999,0.0,0.0,0.0,0.0,0.0,0.0,0.0,0.0,0.0,0.0,0.0,0.0,0.0,0.0,0.0025,0.9975,0.048274068630222176,1887,0.00047482710914875133,3.857757199301298e-07,0.0001040129515794484,16,20,False,0.995,0.005,0.66,fixed,100,none,89088af6-702d-46f1-85f7-fa99660871db
1074,139800,34.25163912773132,1.0,1.0,1.0,0.9951079999999999,0.0,0.0,0.0,0.0,0.0,0.0,0.0,0.0,0.0,0.0,0.0,0.0,0.0,0.0,0.0025,0.9975,0.048274068630222176,1887,0.0004768652619333973,3.8752272905640156e-07,0.0001044594351557414,16,20,False,0.995,0.005,0.66,fixed,100,none,89088af6-702d-46f1-85f7-fa99660871db
1075,139900,34.27132749557495,1.0,1.0,1.0,0.9951079999999999,0.0,0.0,0.0,0.0,0.0,0.0,0.0,0.0,0.0,0.0,0.0,0.0,0.0,0.0,0.0025,0.9975,0.048274068630222176,1887,0.00047616174777012957,3.86994457356422e-07,0.00010430533553377908,16,20,False,0.995,0.005,0.66,fixed,100,none,89088af6-702d-46f1-85f7-fa99660871db
1076,140200,34.291096210479736,1.0,1.0,1.0,0.9951079999999999,0.0,0.0,0.0,0.0,0.0,0.0,0.0,0.0,0.0,0.0,0.0,0.0,0.0,0.0,0.0025,0.9975,0.047486636390474915,1889,0.00047761991791694957,3.8775906130994165e-07,0.00010462467425366915,16,20,False,0.995,0.005,0.66,fixed,100,none,89088af6-702d-46f1-85f7-fa99660871db
1077,140300,34.31078743934631,1.0,1.0,1.0,0.9951079999999999,0.0,0.0,0.0,0.0,0.0,0.0,0.0,0.0,0.0,0.0,0.0,0.0,0.0,0.0,0.0025,0.9975,0.047486636390474915,1889,0.00047553379375364754,3.863173775483107e-07,0.00010416774775440764,16,20,False,0.995,0.005,0.66,fixed,100,none,89088af6-702d-46f1-85f7-fa99660871db
1078,140500,34.330493211746216,1.0,1.0,1.0,0.9951079999999999,0.0,0.0,0.0,0.0,0.0,0.0,0.0,0.0,0.0,0.0,0.0,0.0,0.0,0.0,0.0025,0.9975,0.04788085501975489,1888,0.0004763735847645378,3.8752558555208745e-07,0.00010435180756621222,16,20,False,0.995,0.005,0.66,fixed,100,none,89088af6-702d-46f1-85f7-fa99660871db
1079,140600,34.35002517700195,1.0,1.0,1.0,0.9951079999999999,0.0,0.0,0.0,0.0,0.0,0.0,0.0,0.0,0.0,0.0,0.0,0.0,0.0,0.0,0.0025,0.9975,0.047486636390474915,1889,0.00047668850108144117,3.8811103687782095e-07,0.00010442085398373427,16,20,False,0.995,0.005,0.66,fixed,100,none,89088af6-702d-46f1-85f7-fa99660871db
1080,140900,34.3696014881134,1.0,1.0,1.0,0.9951079999999999,0.0,0.0,0.0,0.0,0.0,0.0,0.0,0.0,0.0,0.0,0.0,0.0,0.0,0.0,0.0025,0.9975,0.047486636390474915,1889,0.0004774586531201319,3.8933559177710785e-07,0.00010458967293043453,16,20,False,0.995,0.005,0.66,fixed,100,none,89088af6-702d-46f1-85f7-fa99660871db
1081,141000,34.38932824134827,1.0,1.0,1.0,0.9951079999999999,0.0,0.0,0.0,0.0,0.0,0.0,0.0,0.0,0.0,0.0,0.0,0.0,0.0,0.0,0.0025,0.9975,0.047486636390474915,1889,0.0004778834732580754,3.8985863303020344e-07,0.00010468276543646844,16,20,False,0.995,0.005,0.66,fixed,100,none,89088af6-702d-46f1-85f7-fa99660871db
1082,141300,34.40902853012085,1.0,1.0,1.0,0.9951079999999999,0.0,0.0,0.0,0.0,0.0,0.0,0.0,0.0,0.0,0.0,0.0,0.0,0.0,0.0,0.0025,0.9975,0.047486636390474915,1889,0.000477527744767463,3.898239497109103e-07,0.00010460488988004272,16,20,False,0.995,0.005,0.66,fixed,100,none,89088af6-702d-46f1-85f7-fa99660871db
1083,141400,34.42871403694153,1.0,1.0,1.0,0.9951079999999999,0.0,0.0,0.0,0.0,0.0,0.0,0.0,0.0,0.0,0.0,0.0,0.0,0.0,0.0,0.0025,0.9975,0.04788085501975489,1888,0.0004774620508169795,3.893782777040134e-07,0.00010459042479660056,16,20,False,0.995,0.005,0.66,fixed,100,none,89088af6-702d-46f1-85f7-fa99660871db
1084,141600,34.44844055175781,1.0,1.0,1.0,0.9951079999999999,0.0,0.0,0.0,0.0,0.0,0.0,0.0,0.0,0.0,0.0,0.0,0.0,0.0,0.0,0.0025,0.9975,0.04788085501975489,1888,0.00047951895118749694,3.9141210610258485e-07,0.00010504106671510259,16,20,False,0.995,0.005,0.66,fixed,100,none,89088af6-702d-46f1-85f7-fa99660871db
1085,141700,34.468982219696045,1.0,1.0,1.0,0.9951079999999999,0.0,0.0,0.0,0.0,0.0,0.0,0.0,0.0,0.0,0.0,0.0,0.0,0.0,0.0,0.0025,0.9975,0.04788085501975489,1888,0.0004791502370922074,3.917501454999328e-07,0.00010496041942712919,16,20,False,0.995,0.005,0.66,fixed,100,none,89088af6-702d-46f1-85f7-fa99660871db
1086,142000,34.48877716064453,1.0,1.0,1.0,0.9951079999999999,0.0,0.0,0.0,0.0,0.0,0.0,0.0,0.0,0.0,0.0,0.0,0.0,0.0,0.0,0.0025,0.9975,0.0478808550197549,1888,0.00048192893967603665,3.937813491872925e-07,0.00010556906335143001,16,20,False,0.995,0.005,0.66,fixed,100,none,89088af6-702d-46f1-85f7-fa99660871db
1087,142100,34.50848197937012,1.0,1.0,1.0,0.9951079999999999,0.0,0.0,0.0,0.0,0.0,0.0,0.0,0.0,0.0,0.0,0.0,0.0,0.0,0.0,0.0025,0.9975,0.0478808550197549,1888,0.0004819844863911794,3.9328972479563356e-07,0.00010558112911874035,16,20,False,0.995,0.005,0.66,fixed,100,none,89088af6-702d-46f1-85f7-fa99660871db
1088,142300,34.528212547302246,1.0,1.0,1.0,0.9951079999999999,0.0,0.0,0.0,0.0,0.0,0.0,0.0,0.0,0.0,0.0,0.0,0.0,0.0,0.0,0.0025,0.9975,0.0478808550197549,1888,0.00048380289299530235,3.9652576787154525e-07,0.00010597979317256728,16,20,False,0.995,0.005,0.66,fixed,100,none,89088af6-702d-46f1-85f7-fa99660871db
1089,142400,34.54816937446594,1.0,1.0,1.0,0.9951079999999999,0.0,0.0,0.0,0.0,0.0,0.0,0.0,0.0,0.0,0.0,0.0,0.0,0.0,0.0,0.0025,0.9975,0.0478808550197549,1888,0.00048413529584808823,3.966444963153217e-07,0.00010605257871544642,16,20,False,0.995,0.005,0.66,fixed,100,none,89088af6-702d-46f1-85f7-fa99660871db
1090,142500,34.56787919998169,1.0,1.0,1.0,0.9951079999999999,0.0,0.0,0.0,0.0,0.0,0.0,0.0,0.0,0.0,0.0,0.0,0.0,0.0,0.0,0.0025,0.9975,0.0478808550197549,1888,0.00048434216947026813,3.971955018254862e-07,0.00010609796804238854,16,20,False,0.995,0.005,0.66,fixed,100,none,89088af6-702d-46f1-85f7-fa99660871db
1091,142600,34.587743520736694,1.0,1.0,1.0,0.9951079999999999,0.0,0.0,0.0,0.0,0.0,0.0,0.0,0.0,0.0,0.0,0.0,0.0,0.0,0.0,0.0025,0.9975,0.0478808550197549,1888,0.0004847700707990364,3.9804076477892695e-07,0.00010619179624321706,16,20,False,0.995,0.005,0.66,fixed,100,none,89088af6-702d-46f1-85f7-fa99660871db
1092,142700,34.60765743255615,1.0,1.0,1.0,0.9951079999999999,0.0,0.0,0.0,0.0,0.0,0.0,0.0,0.0,0.0,0.0,0.0,0.0,0.0,0.0,0.0025,0.9975,0.04788085501975489,1888,0.0004843059682966701,3.988102051247434e-07,0.00010609035039911479,16,20,False,0.995,0.005,0.66,fixed,100,none,89088af6-702d-46f1-85f7-fa99660871db
1093,142800,34.62752819061279,1.0,1.0,1.0,0.9951079999999999,0.0,0.0,0.0,0.0,0.0,0.0,0.0,0.0,0.0,0.0,0.0,0.0,0.0,0.0,0.0025,0.9975,0.04788085501975489,1888,0.00048452762518685417,3.996493685310447e-07,0.00010613903053342328,16,20,False,0.995,0.005,0.66,fixed,100,none,89088af6-702d-46f1-85f7-fa99660871db
1094,143100,34.64766454696655,1.0,1.0,1.0,0.9951079999999999,0.0,0.0,0.0,0.0,0.0,0.0,0.0,0.0,0.0,0.0,0.0,0.0,0.0,0.0,0.0025,0.9975,0.04788085501975489,1888,0.00048718742650769,4.0386894142380663e-07,0.00010672206276140386,16,20,False,0.995,0.005,0.66,fixed,100,none,89088af6-702d-46f1-85f7-fa99660871db
1095,143200,34.667726278305054,1.0,1.0,1.0,0.9951079999999999,0.0,0.0,0.0,0.0,0.0,0.0,0.0,0.0,0.0,0.0,0.0,0.0,0.0,0.0,0.0025,0.9975,0.04788085501975489,1888,0.0004880861564103268,4.0491267586863886e-07,0.00010691899304663559,16,20,False,0.995,0.005,0.66,fixed,100,none,89088af6-702d-46f1-85f7-fa99660871db
1096,143400,34.6875422000885,1.0,1.0,1.0,0.9951079999999999,0.0,0.0,0.0,0.0,0.0,0.0,0.0,0.0,0.0,0.0,0.0,0.0,0.0,0.0,0.0025,0.9975,0.04788085501975489,1888,0.0004880420823709001,4.053103248231297e-07,0.00010690942079270643,16,20,False,0.995,0.005,0.66,fixed,100,none,89088af6-702d-46f1-85f7-fa99660871db
1097,143500,34.70730543136597,1.0,1.0,1.0,0.9951079999999999,0.0,0.0,0.0,0.0,0.0,0.0,0.0,0.0,0.0,0.0,0.0,0.0,0.0,0.0,0.0025,0.9975,0.0478808550197549,1888,0.0004912162980268101,4.077143637976766e-07,0.00010760471336719029,16,20,False,0.995,0.005,0.66,fixed,100,none,89088af6-702d-46f1-85f7-fa99660871db
1098,143700,34.727226972579956,1.0,1.0,1.0,0.9951079999999999,0.0,0.0,0.0,0.0,0.0,0.0,0.0,0.0,0.0,0.0,0.0,0.0,0.0,0.0,0.0025,0.9975,0.0478808550197549,1888,0.0004913526111481873,4.0855555143339707e-07,0.00010763471213511056,16,20,False,0.995,0.005,0.66,fixed,100,none,89088af6-702d-46f1-85f7-fa99660871db
1099,143800,34.74703598022461,1.0,1.0,1.0,0.9951079999999999,0.0,0.0,0.0,0.0,0.0,0.0,0.0,0.0,0.0,0.0,0.0,0.0,0.0,0.0,0.0025,0.9975,0.0478808550197549,1888,0.0004913256045129384,4.090521216120827e-07,0.00010762889473098852,16,20,False,0.995,0.005,0.66,fixed,100,none,89088af6-702d-46f1-85f7-fa99660871db
1100,143900,34.76665282249451,1.0,1.0,1.0,0.9951079999999999,0.0,0.0,0.0,0.0,0.0,0.0,0.0,0.0,0.0,0.0,0.0,0.0,0.0,0.0,0.0025,0.9975,0.0478808550197549,1888,0.0004906130496348183,4.0826595908494215e-07,0.00010747276709728786,16,20,False,0.995,0.005,0.66,fixed,100,none,89088af6-702d-46f1-85f7-fa99660871db
1101,144100,34.78625726699829,1.0,1.0,1.0,0.9951079999999999,0.0,0.0,0.0,0.0,0.0,0.0,0.0,0.0,0.0,0.0,0.0,0.0,0.0,0.0,0.0025,0.9975,0.0478808550197549,1888,0.0004921750126911038,4.084418558512316e-07,0.00010781471423069436,16,20,False,0.995,0.005,0.66,fixed,100,none,89088af6-702d-46f1-85f7-fa99660871db
1102,144200,34.80586552619934,1.0,1.0,1.0,0.9951079999999999,0.0,0.0,0.0,0.0,0.0,0.0,0.0,0.0,0.0,0.0,0.0,0.0,0.0,0.0,0.0025,0.9975,0.0478808550197549,1888,0.0004921750126911038,4.084418558512316e-07,0.00010781471423069436,16,20,False,0.995,0.005,0.66,fixed,100,none,89088af6-702d-46f1-85f7-fa99660871db
1103,144500,34.82545828819275,1.0,1.0,1.0,0.9951079999999999,0.0,0.0,0.0,0.0,0.0,0.0,0.0,0.0,0.0,0.0,0.0,0.0,0.0,0.0,0.0025,0.9975,0.0478808550197549,1888,0.0004936782344033668,4.092201906086768e-07,0.00010814391734711264,16,20,False,0.995,0.005,0.66,fixed,100,none,89088af6-702d-46f1-85f7-fa99660871db
1104,144600,34.84502649307251,1.0,1.0,1.0,0.9951079999999999,0.0,0.0,0.0,0.0,0.0,0.0,0.0,0.0,0.0,0.0,0.0,0.0,0.0,0.0,0.0025,0.9975,0.0478808550197549,1888,0.000492676892682523,4.0728775474446493e-07,0.00010792435648160573,16,20,False,0.995,0.005,0.66,fixed,100,none,89088af6-702d-46f1-85f7-fa99660871db
1105,144900,34.86459541320801,1.0,1.0,1.0,0.9951079999999999,0.0,0.0,0.0,0.0,0.0,0.0,0.0,0.0,0.0,0.0,0.0,0.0,0.0,0.0,0.0025,0.9975,0.0478808550197549,1888,0.0004926679219662832,4.0763905327774027e-07,0.00010792245953854216,16,20,False,0.995,0.005,0.66,fixed,100,none,89088af6-702d-46f1-85f7-fa99660871db
1106,145000,34.884451150894165,1.0,1.0,1.0,0.9951079999999999,0.0,0.0,0.0,0.0,0.0,0.0,0.0,0.0,0.0,0.0,0.0,0.0,0.0,0.0,0.0025,0.9975,0.0478808550197549,1888,0.0004930814326143652,4.0908809545608223e-07,0.0001080132523374212,16,20,False,0.995,0.005,0.66,fixed,100,none,89088af6-702d-46f1-85f7-fa99660871db
1107,145200,34.906346797943115,1.0,1.0,1.0,0.9951079999999999,0.0,0.0,0.0,0.0,0.0,0.0,0.0,0.0,0.0,0.0,0.0,0.0,0.0,0.0,0.0025,0.9975,0.0478808550197549,1888,0.0004931439930781573,4.101872146171342e-07,0.00010802715565558589,16,20,False,0.995,0.005,0.66,fixed,100,none,89088af6-702d-46f1-85f7-fa99660871db
1108,145300,34.926090240478516,1.0,1.0,1.0,0.9951079999999999,0.0,0.0,0.0,0.0,0.0,0.0,0.0,0.0,0.0,0.0,0.0,0.0,0.0,0.0,0.0025,0.9975,0.0478808550197549,1888,0.0004932377268356468,4.1067191318889413e-07,0.00010804776606782898,16,20,False,0.995,0.005,0.66,fixed,100,none,89088af6-702d-46f1-85f7-fa99660871db
1109,145600,34.94580554962158,1.0,1.0,1.0,0.9951079999999999,0.0,0.0,0.0,0.0,0.0,0.0,0.0,0.0,0.0,0.0,0.0,0.0,0.0,0.0,0.0025,0.9975,0.04827406863022217,1887,0.0004939287200037535,4.124526763979531e-07,0.00010819936281733725,16,20,False,0.995,0.005,0.66,fixed,100,none,89088af6-702d-46f1-85f7-fa99660871db
1110,145700,34.9655065536499,1.0,1.0,1.0,0.9951079999999999,0.0,0.0,0.0,0.0,0.0,0.0,0.0,0.0,0.0,0.0,0.0,0.0,0.0,0.0,0.0025,0.9975,0.04827406863022217,1887,0.0004937410919353837,4.121519869496817e-07,0.00010815823390217594,16,20,False,0.995,0.005,0.66,fixed,100,none,89088af6-702d-46f1-85f7-fa99660871db
1111,145900,34.985326051712036,1.0,1.0,1.0,0.9951079999999999,0.0,0.0,0.0,0.0,0.0,0.0,0.0,0.0,0.0,0.0,0.0,0.0,0.0,0.0,0.0025,0.9975,0.04827406863022217,1887,0.0004939524005834603,4.134252187958016e-07,0.00010820473127929066,16,20,False,0.995,0.005,0.66,fixed,100,none,89088af6-702d-46f1-85f7-fa99660871db
1112,146000,35.005380630493164,1.0,1.0,1.0,0.9951079999999999,0.0,0.0,0.0,0.0,0.0,0.0,0.0,0.0,0.0,0.0,0.0,0.0,0.0,0.0,0.0025,0.9975,0.04827406863022218,1887,0.000493539938363358,4.1322190064405145e-07,0.00010811440466886145,16,20,False,0.995,0.005,0.66,fixed,100,none,89088af6-702d-46f1-85f7-fa99660871db
1113,146100,35.025415897369385,1.0,1.0,1.0,0.9951079999999999,0.0,0.0,0.0,0.0,0.0,0.0,0.0,0.0,0.0,0.0,0.0,0.0,0.0,0.0,0.0025,0.9975,0.047880855019754906,1888,0.0004949049719895987,4.161341547462147e-07,0.00010841376385792494,16,20,False,0.995,0.005,0.66,fixed,100,none,89088af6-702d-46f1-85f7-fa99660871db
1114,146200,35.04516315460205,1.0,1.0,1.0,0.9951079999999999,0.0,0.0,0.0,0.0,0.0,0.0,0.0,0.0,0.0,0.0,0.0,0.0,0.0,0.0,0.0025,0.9975,0.047880855019754906,1888,0.0004949049719895987,4.161341547462147e-07,0.00010841376385792494,16,20,False,0.995,0.005,0.66,fixed,100,none,89088af6-702d-46f1-85f7-fa99660871db
1115,146300,35.064915895462036,1.0,1.0,1.0,0.9951079999999999,0.0,0.0,0.0,0.0,0.0,0.0,0.0,0.0,0.0,0.0,0.0,0.0,0.0,0.0,0.0025,0.9975,0.047880855019754906,1888,0.0004956220106300994,4.1731892784132787e-07,0.00010857094872321861,16,20,False,0.995,0.005,0.66,fixed,100,none,89088af6-702d-46f1-85f7-fa99660871db
1116,146400,35.084787130355835,1.0,1.0,1.0,0.9951079999999999,0.0,0.0,0.0,0.0,0.0,0.0,0.0,0.0,0.0,0.0,0.0,0.0,0.0,0.0,0.0025,0.9975,0.047880855019754906,1888,0.0004951672474788011,4.17023350485914e-07,0.0001084713449097019,16,20,False,0.995,0.005,0.66,fixed,100,none,89088af6-702d-46f1-85f7-fa99660871db
1117,146700,35.104650020599365,1.0,1.0,1.0,0.9951079999999999,0.0,0.0,0.0,0.0,0.0,0.0,0.0,0.0,0.0,0.0,0.0,0.0,0.0,0.0,0.0025,0.9975,0.04788085501975489,1888,0.0004969342043858357,4.2159748439976297e-07,0.0001088590008620954,16,20,False,0.995,0.005,0.66,fixed,100,none,89088af6-702d-46f1-85f7-fa99660871db
1118,146800,35.12463140487671,1.0,1.0,1.0,0.9951079999999999,0.0,0.0,0.0,0.0,0.0,0.0,0.0,0.0,0.0,0.0,0.0,0.0,0.0,0.0,0.0025,0.9975,0.04788085501975489,1888,0.0004974048130974083,4.235823087071194e-07,0.00010896239422567704,16,20,False,0.995,0.005,0.66,fixed,100,none,89088af6-702d-46f1-85f7-fa99660871db
1119,147000,35.144649028778076,1.0,1.0,1.0,0.9951079999999999,0.0,0.0,0.0,0.0,0.0,0.0,0.0,0.0,0.0,0.0,0.0,0.0,0.0,0.0,0.0025,0.9975,0.04827406863022218,1887,0.0004973049925845677,4.248487636474137e-07,0.00010894078414185487,16,20,False,0.995,0.005,0.66,fixed,100,none,89088af6-702d-46f1-85f7-fa99660871db
1120,147100,35.16534447669983,1.0,1.0,1.0,0.9951079999999999,0.0,0.0,0.0,0.0,0.0,0.0,0.0,0.0,0.0,0.0,0.0,0.0,0.0,0.0,0.0025,0.9975,0.04827406863022218,1887,0.0004973049925845677,4.248487636474137e-07,0.00010894078414185487,16,20,False,0.995,0.005,0.66,fixed,100,none,89088af6-702d-46f1-85f7-fa99660871db
1121,147300,35.18522834777832,1.0,1.0,1.0,0.9951079999999999,0.0,0.0,0.0,0.0,0.0,0.0,0.0,0.0,0.0,0.0,0.0,0.0,0.0,0.0,0.0025,0.9975,0.04866627722187673,1886,0.0004976740288762286,4.253108739112009e-07,0.00010902165398704957,16,20,False,0.995,0.005,0.66,fixed,100,none,89088af6-702d-46f1-85f7-fa99660871db
1122,147400,35.2050940990448,1.0,1.0,1.0,0.9951079999999999,0.0,0.0,0.0,0.0,0.0,0.0,0.0,0.0,0.0,0.0,0.0,0.0,0.0,0.0,0.0025,0.9975,0.04827406863022218,1887,0.000497568704912453,4.249100050562286e-07,0.00010899852240629665,16,20,False,0.995,0.005,0.66,fixed,100,none,89088af6-702d-46f1-85f7-fa99660871db
1123,147500,35.22501754760742,1.0,1.0,1.0,0.9951079999999999,0.0,0.0,0.0,0.0,0.0,0.0,0.0,0.0,0.0,0.0,0.0,0.0,0.0,0.0,0.0025,0.9975,0.04866627722187673,1886,0.0004982524294501311,4.262603970444607e-07,0.00010914844628207215,16,20,False,0.995,0.005,0.66,fixed,100,none,89088af6-702d-46f1-85f7-fa99660871db
1124,147700,35.2455472946167,1.0,1.0,1.0,0.9951079999999999,0.0,0.0,0.0,0.0,0.0,0.0,0.0,0.0,0.0,0.0,0.0,0.0,0.0,0.0,0.0025,0.9975,0.04866627722187673,1886,0.0004976730136429,4.2551279973136694e-07,0.00010902147011837977,16,20,False,0.995,0.005,0.66,fixed,100,none,89088af6-702d-46f1-85f7-fa99660871db
1125,147800,35.26511359214783,1.0,1.0,1.0,0.9951079999999999,0.0,0.0,0.0,0.0,0.0,0.0,0.0,0.0,0.0,0.0,0.0,0.0,0.0,0.0,0.0025,0.9975,0.04866627722187673,1886,0.0005017979407750522,4.299867242307493e-07,0.00010992526671326276,16,20,False,0.995,0.005,0.66,fixed,100,none,89088af6-702d-46f1-85f7-fa99660871db
1126,148100,35.2856764793396,1.0,1.0,1.0,0.9951079999999999,0.0,0.0,0.0,0.0,0.0,0.0,0.0,0.0,0.0,0.0,0.0,0.0,0.0,0.0,0.0025,0.9975,0.04866627722187673,1886,0.000501635748899964,4.2946240012823465e-07,0.00010988966329022649,16,20,False,0.995,0.005,0.66,fixed,100,none,89088af6-702d-46f1-85f7-fa99660871db
1127,148200,35.305580615997314,1.0,1.0,1.0,0.9951079999999999,0.0,0.0,0.0,0.0,0.0,0.0,0.0,0.0,0.0,0.0,0.0,0.0,0.0,0.0,0.0025,0.9975,0.04827406863022217,1887,0.0005022681006779886,4.3142867017312743e-07,0.0001100284586857446,16,20,False,0.995,0.005,0.66,fixed,100,none,89088af6-702d-46f1-85f7-fa99660871db
1128,148500,35.32554888725281,1.0,1.0,1.0,0.9951079999999999,0.0,0.0,0.0,0.0,0.0,0.0,0.0,0.0,0.0,0.0,0.0,0.0,0.0,0.0,0.0025,0.9975,0.04827406863022217,1887,0.0005009285395429609,4.3023885478081307e-07,0.00010973500268836249,16,20,False,0.995,0.005,0.66,fixed,100,none,89088af6-702d-46f1-85f7-fa99660871db
1129,148600,35.345277547836304,1.0,1.0,1.0,0.9951079999999999,0.0,0.0,0.0,0.0,0.0,0.0,0.0,0.0,0.0,0.0,0.0,0.0,0.0,0.0,0.0025,0.9975,0.048274068630222176,1887,0.0005003192445109937,4.2973317373283114e-07,0.00010960153192646577,16,20,False,0.995,0.005,0.66,fixed,100,none,89088af6-702d-46f1-85f7-fa99660871db
1130,148800,35.364970684051514,1.0,1.0,1.0,0.9951079999999999,0.0,0.0,0.0,0.0,0.0,0.0,0.0,0.0,0.0,0.0,0.0,0.0,0.0,0.0,0.0025,0.9975,0.04866627722187674,1886,0.0005006790378887424,4.306034731333469e-07,0.00010968045605374104,16,20,False,0.995,0.005,0.66,fixed,100,none,89088af6-702d-46f1-85f7-fa99660871db
1131,148900,35.384692668914795,1.0,1.0,1.0,0.9951079999999999,0.0,0.0,0.0,0.0,0.0,0.0,0.0,0.0,0.0,0.0,0.0,0.0,0.0,0.0,0.0025,0.9975,0.04866627722187674,1886,0.000499892675390995,4.312177194640045e-07,0.00010950843800978698,16,20,False,0.995,0.005,0.66,fixed,100,none,89088af6-702d-46f1-85f7-fa99660871db
1132,149200,35.405007123947144,1.0,1.0,1.0,0.9951079999999999,0.0,0.0,0.0,0.0,0.0,0.0,0.0,0.0,0.0,0.0,0.0,0.0,0.0,0.0,0.0025,0.9975,0.04866627722187674,1886,0.0005029081961811405,4.3574345600031404e-07,0.00011016939540069172,16,20,False,0.995,0.005,0.66,fixed,100,none,89088af6-702d-46f1-85f7-fa99660871db
1133,149300,35.42554044723511,1.0,1.0,1.0,0.9951079999999999,0.0,0.0,0.0,0.0,0.0,0.0,0.0,0.0,0.0,0.0,0.0,0.0,0.0,0.0,0.0025,0.9975,0.04866627722187674,1886,0.0005030320036870543,4.35703754975527e-07,0.00011019648932054154,16,20,False,0.995,0.005,0.66,fixed,100,none,89088af6-702d-46f1-85f7-fa99660871db
1134,149500,35.446308851242065,1.0,1.0,1.0,0.9951079999999999,0.0,0.0,0.0,0.0,0.0,0.0,0.0,0.0,0.0,0.0,0.0,0.0,0.0,0.0,0.0025,0.9975,0.04866627722187674,1886,0.0005020281093708692,4.3462895534823805e-07,0.00010997653264279945,16,20,False,0.995,0.005,0.66,fixed,100,none,89088af6-702d-46f1-85f7-fa99660871db
1135,149600,35.46755313873291,1.0,1.0,1.0,0.9951079999999999,0.0,0.0,0.0,0.0,0.0,0.0,0.0,0.0,0.0,0.0,0.0,0.0,0.0,0.0,0.0025,0.9975,0.04866627722187674,1886,0.0005017868779890056,4.349987284639703e-07,0.00010992379735020149,16,20,False,0.995,0.005,0.66,fixed,100,none,89088af6-702d-46f1-85f7-fa99660871db
1136,149700,35.48786234855652,1.0,1.0,1.0,0.9951079999999999,0.0,0.0,0.0,0.0,0.0,0.0,0.0,0.0,0.0,0.0,0.0,0.0,0.0,0.0,0.0025,0.9975,0.04866627722187674,1886,0.0005033818066642643,4.383858650076637e-07,0.0001102735707931589,16,20,False,0.995,0.005,0.66,fixed,100,none,89088af6-702d-46f1-85f7-fa99660871db
1137,149800,35.50773358345032,1.0,1.0,1.0,0.9951079999999999,0.0,0.0,0.0,0.0,0.0,0.0,0.0,0.0,0.0,0.0,0.0,0.0,0.0,0.0,0.0025,0.9975,0.04866627722187674,1886,0.0005033818066642643,4.383858650076637e-07,0.0001102735707931589,16,20,False,0.995,0.005,0.66,fixed,100,none,89088af6-702d-46f1-85f7-fa99660871db
1138,149900,35.52774715423584,1.0,1.0,1.0,0.9951079999999999,0.0,0.0,0.0,0.0,0.0,0.0,0.0,0.0,0.0,0.0,0.0,0.0,0.0,0.0,0.0025,0.9975,0.04827406863022217,1887,0.000503220904264056,4.3846425537411137e-07,0.00011023836415192293,16,20,False,0.995,0.005,0.66,fixed,100,none,89088af6-702d-46f1-85f7-fa99660871db
1139,150000,35.54816126823425,1.0,1.0,1.0,0.9951079999999999,0.0,0.0,0.0,0.0,0.0,0.0,0.0,0.0,0.0,0.0,0.0,0.0,0.0,0.0,0.0025,0.9975,0.04827406863022217,1887,0.000503865400616164,4.393228120791818e-07,0.00011037960752917335,16,20,False,0.995,0.005,0.66,fixed,100,none,89088af6-702d-46f1-85f7-fa99660871db
1140,150300,35.56856989860535,1.0,1.0,1.0,0.9951079999999999,0.0,0.0,0.0,0.0,0.0,0.0,0.0,0.0,0.0,0.0,0.0,0.0,0.0,0.0,0.0025,0.9975,0.04827406863022217,1887,0.0005055133517392099,4.4252152993623013e-07,0.00011074095178640093,16,20,False,0.995,0.005,0.66,fixed,100,none,89088af6-702d-46f1-85f7-fa99660871db
1141,150400,35.58943724632263,1.0,1.0,1.0,0.9951079999999999,0.0,0.0,0.0,0.0,0.0,0.0,0.0,0.0,0.0,0.0,0.0,0.0,0.0,0.0,0.0025,0.9975,0.04827406863022217,1887,0.0005048537169289723,4.41121413454703e-07,0.00011059629170430844,16,20,False,0.995,0.005,0.66,fixed,100,none,89088af6-702d-46f1-85f7-fa99660871db
1142,150600,35.60965013504028,1.0,1.0,1.0,0.9951079999999999,0.0,0.0,0.0,0.0,0.0,0.0,0.0,0.0,0.0,0.0,0.0,0.0,0.0,0.0,0.0025,0.9975,0.04827406863022217,1887,0.0005017437242742022,4.3829181415099607e-07,0.00010991497668831154,16,20,False,0.995,0.005,0.66,fixed,100,none,89088af6-702d-46f1-85f7-fa99660871db
1143,150700,35.629366636276245,1.0,1.0,1.0,0.9951079999999999,0.0,0.0,0.0,0.0,0.0,0.0,0.0,0.0,0.0,0.0,0.0,0.0,0.0,0.0,0.0025,0.9975,0.04827406863022217,1887,0.0005023554013343217,4.3803101473511526e-07,0.00011004882324488269,16,20,False,0.995,0.005,0.66,fixed,100,none,89088af6-702d-46f1-85f7-fa99660871db
1144,150900,35.64899921417236,1.0,1.0,1.0,0.9951079999999999,0.0,0.0,0.0,0.0,0.0,0.0,0.0,0.0,0.0,0.0,0.0,0.0,0.0,0.0,0.0025,0.9975,0.04827406863022217,1887,0.0005025978265755717,4.3755383343745655e-07,0.00011010179946574576,16,20,False,0.995,0.005,0.66,fixed,100,none,89088af6-702d-46f1-85f7-fa99660871db
1145,151000,35.66864538192749,1.0,1.0,1.0,0.9951079999999999,0.0,0.0,0.0,0.0,0.0,0.0,0.0,0.0,0.0,0.0,0.0,0.0,0.0,0.0,0.0025,0.9975,0.04827406863022217,1887,0.0005028166886507602,4.3880525234953294e-07,0.00011014994614359783,16,20,False,0.995,0.005,0.66,fixed,100,none,89088af6-702d-46f1-85f7-fa99660871db
1146,151100,35.68820548057556,1.0,1.0,1.0,0.9951079999999999,0.0,0.0,0.0,0.0,0.0,0.0,0.0,0.0,0.0,0.0,0.0,0.0,0.0,0.0,0.0025,0.9975,0.04827406863022217,1887,0.0005023815430899815,4.3906207998167184e-07,0.00011005474157759347,16,20,False,0.995,0.005,0.66,fixed,100,none,89088af6-702d-46f1-85f7-fa99660871db
1147,151400,35.70773935317993,1.0,1.0,1.0,0.9951079999999999,0.0,0.0,0.0,0.0,0.0,0.0,0.0,0.0,0.0,0.0,0.0,0.0,0.0,0.0,0.0025,0.9975,0.04827406863022217,1887,0.0005047414475037546,4.414117426553927e-07,0.00011057177108967641,16,20,False,0.995,0.005,0.66,fixed,100,none,89088af6-702d-46f1-85f7-fa99660871db
1148,151500,35.72737646102905,1.0,1.0,1.0,0.9951079999999999,0.0,0.0,0.0,0.0,0.0,0.0,0.0,0.0,0.0,0.0,0.0,0.0,0.0,0.0,0.0025,0.9975,0.04827406863022217,1887,0.000506099870680728,4.4287643859980796e-07,0.00011086940821534533,16,20,False,0.995,0.005,0.66,fixed,100,none,89088af6-702d-46f1-85f7-fa99660871db
1149,151700,35.74689960479736,1.0,1.0,1.0,0.9951079999999999,0.0,0.0,0.0,0.0,0.0,0.0,0.0,0.0,0.0,0.0,0.0,0.0,0.0,0.0,0.0025,0.9975,0.04827406863022217,1887,0.0005067543455948249,4.454407019937825e-07,0.000111013159984086,16,20,False,0.995,0.005,0.66,fixed,100,none,89088af6-702d-46f1-85f7-fa99660871db
1150,151800,35.766507387161255,1.0,1.0,1.0,0.9951079999999999,0.0,0.0,0.0,0.0,0.0,0.0,0.0,0.0,0.0,0.0,0.0,0.0,0.0,0.0,0.0025,0.9975,0.04827406863022217,1887,0.0005083922549405411,4.46210740411061e-07,0.00011137184464716256,16,20,False,0.995,0.005,0.66,fixed,100,none,89088af6-702d-46f1-85f7-fa99660871db
1151,152100,35.786848306655884,1.0,1.0,1.0,0.9951079999999999,0.0,0.0,0.0,0.0,0.0,0.0,0.0,0.0,0.0,0.0,0.0,0.0,0.0,0.0,0.0025,0.9975,0.04827406863022217,1887,0.000507364955375277,4.459379219481478e-07,0.00011114691693681829,16,20,False,0.995,0.005,0.66,fixed,100,none,89088af6-702d-46f1-85f7-fa99660871db
1152,152200,35.80718398094177,1.0,1.0,1.0,0.9951079999999999,0.0,0.0,0.0,0.0,0.0,0.0,0.0,0.0,0.0,0.0,0.0,0.0,0.0,0.0,0.0025,0.9975,0.04827406863022217,1887,0.0005077318217431143,4.4689011938579773e-07,0.00011122740490225102,16,20,False,0.995,0.005,0.66,fixed,100,none,89088af6-702d-46f1-85f7-fa99660871db
1153,152300,35.82750368118286,1.0,1.0,1.0,0.9951079999999999,0.0,0.0,0.0,0.0,0.0,0.0,0.0,0.0,0.0,0.0,0.0,0.0,0.0,0.0,0.0025,0.9975,0.047880855019754906,1888,0.0005083441545301636,4.4768422741113357e-07,0.00011136159542986093,16,20,False,0.995,0.005,0.66,fixed,100,none,89088af6-702d-46f1-85f7-fa99660871db
1154,152400,35.8478684425354,1.0,1.0,1.0,0.9951079999999999,0.0,0.0,0.0,0.0,0.0,0.0,0.0,0.0,0.0,0.0,0.0,0.0,0.0,0.0,0.0025,0.9975,0.047880855019754906,1888,0.0005087155465604247,4.483020544350995e-07,0.00011144301053241965,16,20,False,0.995,0.005,0.66,fixed,100,none,89088af6-702d-46f1-85f7-fa99660871db
1155,152500,35.86824417114258,1.0,1.0,1.0,0.9951079999999999,0.0,0.0,0.0,0.0,0.0,0.0,0.0,0.0,0.0,0.0,0.0,0.0,0.0,0.0,0.0025,0.9975,0.04827406863022217,1887,0.0005079127289839496,4.478770248836117e-07,0.00011126719300931445,16,20,False,0.995,0.005,0.66,fixed,100,none,89088af6-702d-46f1-85f7-fa99660871db
1156,152800,35.88868737220764,1.0,1.0,1.0,0.9951079999999999,0.0,0.0,0.0,0.0,0.0,0.0,0.0,0.0,0.0,0.0,0.0,0.0,0.0,0.0,0.0025,0.9975,0.047880855019754906,1888,0.0005081701465974033,4.4997923956598286e-07,0.00011132394114568914,16,20,False,0.995,0.005,0.66,fixed,100,none,89088af6-702d-46f1-85f7-fa99660871db
1157,152900,35.90897798538208,1.0,1.0,1.0,0.9951079999999999,0.0,0.0,0.0,0.0,0.0,0.0,0.0,0.0,0.0,0.0,0.0,0.0,0.0,0.0,0.0025,0.9975,0.04748663639047491,1889,0.0005073027130014069,4.495194532743677e-07,0.00011113397257213011,16,20,False,0.995,0.005,0.66,fixed,100,none,89088af6-702d-46f1-85f7-fa99660871db
1158,153200,35.928675413131714,1.0,1.0,1.0,0.9951079999999999,0.0,0.0,0.0,0.0,0.0,0.0,0.0,0.0,0.0,0.0,0.0,0.0,0.0,0.0,0.0025,0.9975,0.047880855019754906,1888,0.0005051695974810011,4.471167873648205e-07,0.00011066657707819045,16,20,False,0.995,0.005,0.66,fixed,100,none,89088af6-702d-46f1-85f7-fa99660871db
1159,153300,35.94851875305176,1.0,1.0,1.0,0.9951079999999999,0.0,0.0,0.0,0.0,0.0,0.0,0.0,0.0,0.0,0.0,0.0,0.0,0.0,0.0,0.0025,0.9975,0.047880855019754906,1888,0.0005055630385711709,4.4806649833126857e-07,0.00011075288177791226,16,20,False,0.995,0.005,0.66,fixed,100,none,89088af6-702d-46f1-85f7-fa99660871db
1160,153400,35.96895790100098,1.0,1.0,1.0,0.9951079999999999,0.0,0.0,0.0,0.0,0.0,0.0,0.0,0.0,0.0,0.0,0.0,0.0,0.0,0.0,0.0025,0.9975,0.04748663639047491,1889,0.000506521764579384,4.494679671354465e-07,0.00011096301318018288,16,20,False,0.995,0.005,0.66,fixed,100,none,89088af6-702d-46f1-85f7-fa99660871db
1161,153500,35.989381551742554,1.0,1.0,1.0,0.9951079999999999,0.0,0.0,0.0,0.0,0.0,0.0,0.0,0.0,0.0,0.0,0.0,0.0,0.0,0.0,0.0025,0.9975,0.047880855019754906,1888,0.0005076458170617689,4.520185922157722e-07,0.0001112095528873422,16,20,False,0.995,0.005,0.66,fixed,100,none,89088af6-702d-46f1-85f7-fa99660871db
1162,153600,36.00984501838684,1.0,1.0,1.0,0.9951079999999999,0.0,0.0,0.0,0.0,0.0,0.0,0.0,0.0,0.0,0.0,0.0,0.0,0.0,0.0,0.0025,0.9975,0.047880855019754906,1888,0.0005067581730258596,4.521370743413454e-07,0.00011101527011948554,16,20,False,0.995,0.005,0.66,fixed,100,none,89088af6-702d-46f1-85f7-fa99660871db
1163,153900,36.03034830093384,1.0,1.0,1.0,0.9951079999999999,0.0,0.0,0.0,0.0,0.0,0.0,0.0,0.0,0.0,0.0,0.0,0.0,0.0,0.0,0.0025,0.9975,0.047880855019754906,1888,0.0005054537916466667,4.531010555648349e-07,0.00011072992419201266,16,20,False,0.995,0.005,0.66,fixed,100,none,89088af6-702d-46f1-85f7-fa99660871db
1164,154000,36.05041456222534,1.0,1.0,1.0,0.9951079999999999,0.0,0.0,0.0,0.0,0.0,0.0,0.0,0.0,0.0,0.0,0.0,0.0,0.0,0.0,0.0025,0.9975,0.047880855019754906,1888,0.0005059473621024731,4.5486713351741704e-07,0.00011083830231959968,16,20,False,0.995,0.005,0.66,fixed,100,none,89088af6-702d-46f1-85f7-fa99660871db
1165,154200,36.07020306587219,1.0,1.0,1.0,0.9951079999999999,0.0,0.0,0.0,0.0,0.0,0.0,0.0,0.0,0.0,0.0,0.0,0.0,0.0,0.0,0.0025,0.9975,0.04748663639047491,1889,0.0005048802129492426,4.5301966185160576e-07,0.00011060435235034103,16,20,False,0.995,0.005,0.66,fixed,100,none,89088af6-702d-46f1-85f7-fa99660871db
1166,154300,36.08989977836609,1.0,1.0,1.0,0.9951079999999999,0.0,0.0,0.0,0.0,0.0,0.0,0.0,0.0,0.0,0.0,0.0,0.0,0.0,0.0,0.0025,0.9975,0.04748663639047491,1889,0.0005048802129492426,4.5301966185160576e-07,0.00011060435235034103,16,20,False,0.995,0.005,0.66,fixed,100,none,89088af6-702d-46f1-85f7-fa99660871db
1167,154600,36.109572887420654,1.0,1.0,1.0,0.9951079999999999,0.0,0.0,0.0,0.0,0.0,0.0,0.0,0.0,0.0,0.0,0.0,0.0,0.0,0.0,0.0025,0.9975,0.047486636390474915,1889,0.0005072375754309074,4.577651884540029e-07,0.00011112128064763189,16,20,False,0.995,0.005,0.66,fixed,100,none,89088af6-702d-46f1-85f7-fa99660871db
1168,154700,36.12922430038452,1.0,1.0,1.0,0.9951079999999999,0.0,0.0,0.0,0.0,0.0,0.0,0.0,0.0,0.0,0.0,0.0,0.0,0.0,0.0,0.0025,0.9975,0.047486636390474915,1889,0.000506691781673824,4.5790876571105104e-07,0.00011100183367388518,16,20,False,0.995,0.005,0.66,fixed,100,none,89088af6-702d-46f1-85f7-fa99660871db
1169,154800,36.148873805999756,1.0,1.0,1.0,0.9951079999999999,0.0,0.0,0.0,0.0,0.0,0.0,0.0,0.0,0.0,0.0,0.0,0.0,0.0,0.0,0.0025,0.9975,0.0478808550197549,1888,0.0005080079726236987,4.5893208032015344e-07,0.00011129014230258848,16,20,False,0.995,0.005,0.66,fixed,100,none,89088af6-702d-46f1-85f7-fa99660871db
1170,155000,36.16888236999512,1.0,1.0,1.0,0.9951079999999999,0.0,0.0,0.0,0.0,0.0,0.0,0.0,0.0,0.0,0.0,0.0,0.0,0.0,0.0,0.0025,0.9975,0.0478808550197549,1888,0.0005072828373892065,4.595718921863606e-07,0.00011113153176401272,16,20,False,0.995,0.005,0.66,fixed,100,none,89088af6-702d-46f1-85f7-fa99660871db
1171,155100,36.188594341278076,1.0,1.0,1.0,0.9951079999999999,0.0,0.0,0.0,0.0,0.0,0.0,0.0,0.0,0.0,0.0,0.0,0.0,0.0,0.0,0.0025,0.9975,0.0478808550197549,1888,0.0005078730945943345,4.584806173740503e-07,0.00011126053172400089,16,20,False,0.995,0.005,0.66,fixed,100,none,89088af6-702d-46f1-85f7-fa99660871db
1172,155300,36.20843029022217,1.0,1.0,1.0,0.9951079999999999,0.0,0.0,0.0,0.0,0.0,0.0,0.0,0.0,0.0,0.0,0.0,0.0,0.0,0.0,0.0025,0.9975,0.047880855019754906,1888,0.0005062527261419663,4.5612187946902117e-07,0.00011090538490957555,16,20,False,0.995,0.005,0.66,fixed,100,none,89088af6-702d-46f1-85f7-fa99660871db
1173,155400,36.22802209854126,1.0,1.0,1.0,0.9951079999999999,0.0,0.0,0.0,0.0,0.0,0.0,0.0,0.0,0.0,0.0,0.0,0.0,0.0,0.0,0.0025,0.9975,0.047880855019754906,1888,0.0005077030300931985,4.5788908912021283e-07,0.00011122319221433401,16,20,False,0.995,0.005,0.66,fixed,100,none,89088af6-702d-46f1-85f7-fa99660871db
1174,155700,36.247568130493164,1.0,1.0,1.0,0.9951079999999999,0.0,0.0,0.0,0.0,0.0,0.0,0.0,0.0,0.0,0.0,0.0,0.0,0.0,0.0,0.0025,0.9975,0.047486636390474915,1889,0.0005074676106881378,4.593749496414833e-07,0.00011117194122006525,16,20,False,0.995,0.005,0.66,fixed,100,none,89088af6-702d-46f1-85f7-fa99660871db
1175,155800,36.26704955101013,1.0,1.0,1.0,0.9951079999999999,0.0,0.0,0.0,0.0,0.0,0.0,0.0,0.0,0.0,0.0,0.0,0.0,0.0,0.0,0.0025,0.9975,0.047486636390474915,1889,0.000507972316936118,4.595173989797534e-07,0.00011128244848312238,16,20,False,0.995,0.005,0.66,fixed,100,none,89088af6-702d-46f1-85f7-fa99660871db
1176,156000,36.28660011291504,1.0,1.0,1.0,0.9951079999999999,0.0,0.0,0.0,0.0,0.0,0.0,0.0,0.0,0.0,0.0,0.0,0.0,0.0,0.0,0.0025,0.9975,0.047486636390474915,1889,0.0005087028834497657,4.605949611263635e-07,0.00011144257422976772,16,20,False,0.995,0.005,0.66,fixed,100,none,89088af6-702d-46f1-85f7-fa99660871db
1177,156100,36.3062744140625,1.0,1.0,1.0,0.9951079999999999,0.0,0.0,0.0,0.0,0.0,0.0,0.0,0.0,0.0,0.0,0.0,0.0,0.0,0.0,0.0025,0.9975,0.047880855019754906,1888,0.0005092355001148348,4.613569401463942e-07,0.00011155930879376516,16,20,False,0.995,0.005,0.66,fixed,100,none,89088af6-702d-46f1-85f7-fa99660871db
1178,156400,36.32598543167114,1.0,1.0,1.0,0.9951079999999999,0.0,0.0,0.0,0.0,0.0,0.0,0.0,0.0,0.0,0.0,0.0,0.0,0.0,0.0,0.0025,0.9975,0.047486636390474915,1889,0.0005096348831220986,4.609297539178254e-07,0.00011164665256867177,16,20,False,0.995,0.005,0.66,fixed,100,none,89088af6-702d-46f1-85f7-fa99660871db
1179,156500,36.34546732902527,1.0,1.0,1.0,0.9951079999999999,0.0,0.0,0.0,0.0,0.0,0.0,0.0,0.0,0.0,0.0,0.0,0.0,0.0,0.0,0.0025,0.9975,0.047486636390474915,1889,0.0005096348831220986,4.609297539178254e-07,0.00011164665256867177,16,20,False,0.995,0.005,0.66,fixed,100,none,89088af6-702d-46f1-85f7-fa99660871db
1180,156800,36.36497378349304,1.0,1.0,1.0,0.9951079999999999,0.0,0.0,0.0,0.0,0.0,0.0,0.0,0.0,0.0,0.0,0.0,0.0,0.0,0.0,0.0025,0.9975,0.047486636390474915,1889,0.0005127686300156405,4.6516537204064395e-07,0.00011233343453111143,16,20,False,0.995,0.005,0.66,fixed,100,none,89088af6-702d-46f1-85f7-fa99660871db
1181,156900,36.38482451438904,1.0,1.0,1.0,0.9951079999999999,0.0,0.0,0.0,0.0,0.0,0.0,0.0,0.0,0.0,0.0,0.0,0.0,0.0,0.0,0.0025,0.9975,0.047486636390474915,1889,0.0005118809272757517,4.645995939350032e-07,0.0001121390089035097,16,20,False,0.995,0.005,0.66,fixed,100,none,89088af6-702d-46f1-85f7-fa99660871db
1182,157100,36.40493154525757,1.0,1.0,1.0,0.9951079999999999,0.0,0.0,0.0,0.0,0.0,0.0,0.0,0.0,0.0,0.0,0.0,0.0,0.0,0.0,0.0025,0.9975,0.047486636390474915,1889,0.0005124359743273449,4.6627665260332113e-07,0.00011226082734425044,16,20,False,0.995,0.005,0.66,fixed,100,none,89088af6-702d-46f1-85f7-fa99660871db
1183,157200,36.424524545669556,1.0,1.0,1.0,0.9951079999999999,0.0,0.0,0.0,0.0,0.0,0.0,0.0,0.0,0.0,0.0,0.0,0.0,0.0,0.0,0.0025,0.9975,0.047486636390474915,1889,0.0005114599804972057,4.659155459665721e-07,0.00011204711368457198,16,20,False,0.995,0.005,0.66,fixed,100,none,89088af6-702d-46f1-85f7-fa99660871db
1184,157300,36.44422245025635,1.0,1.0,1.0,0.9951079999999999,0.0,0.0,0.0,0.0,0.0,0.0,0.0,0.0,0.0,0.0,0.0,0.0,0.0,0.0,0.0025,0.9975,0.047486636390474915,1889,0.000510999320042545,4.651851389439497e-07,0.00011194613633371247,16,20,False,0.995,0.005,0.66,fixed,100,none,89088af6-702d-46f1-85f7-fa99660871db
1185,157500,36.46533751487732,1.0,1.0,1.0,0.9951079999999999,0.0,0.0,0.0,0.0,0.0,0.0,0.0,0.0,0.0,0.0,0.0,0.0,0.0,0.0,0.0025,0.9975,0.047880855019754906,1888,0.0005121989260532287,4.666934768961535e-07,0.00011220901667366204,16,20,False,0.995,0.005,0.66,fixed,100,none,89088af6-702d-46f1-85f7-fa99660871db
1186,157600,36.48583984375,1.0,1.0,1.0,0.9951079999999999,0.0,0.0,0.0,0.0,0.0,0.0,0.0,0.0,0.0,0.0,0.0,0.0,0.0,0.0,0.0025,0.9975,0.047486636390474915,1889,0.000512412757663187,4.6682926062293346e-07,0.00011225585021199,16,20,False,0.995,0.005,0.66,fixed,100,none,89088af6-702d-46f1-85f7-fa99660871db
1187,157800,36.50559639930725,1.0,1.0,1.0,0.9951079999999999,0.0,0.0,0.0,0.0,0.0,0.0,0.0,0.0,0.0,0.0,0.0,0.0,0.0,0.0,0.0025,0.9975,0.047091412742382266,1890,0.0005128743321602825,4.681780496776305e-07,0.0001123571451393246,16,20,False,0.995,0.005,0.66,fixed,100,none,89088af6-702d-46f1-85f7-fa99660871db
1188,157900,36.52529191970825,1.0,1.0,1.0,0.9951079999999999,0.0,0.0,0.0,0.0,0.0,0.0,0.0,0.0,0.0,0.0,0.0,0.0,0.0,0.0,0.0025,0.9975,0.0474866363904749,1889,0.0005124969595980119,4.669651100163838e-07,0.00011227430782690793,16,20,False,0.995,0.005,0.66,fixed,100,none,89088af6-702d-46f1-85f7-fa99660871db
1189,158200,36.54487347602844,1.0,1.0,1.0,0.9951079999999999,0.0,0.0,0.0,0.0,0.0,0.0,0.0,0.0,0.0,0.0,0.0,0.0,0.0,0.0,0.0025,0.9975,0.0474866363904749,1889,0.0005135146154483413,4.6881781534865316e-07,0.00011249742470655816,16,20,False,0.995,0.005,0.66,fixed,100,none,89088af6-702d-46f1-85f7-fa99660871db
1190,158300,36.564427852630615,1.0,1.0,1.0,0.9951079999999999,0.0,0.0,0.0,0.0,0.0,0.0,0.0,0.0,0.0,0.0,0.0,0.0,0.0,0.0,0.0025,0.9975,0.0474866363904749,1889,0.0005138482845346434,4.688625385200672e-07,0.00011257047336695225,16,20,False,0.995,0.005,0.66,fixed,100,none,89088af6-702d-46f1-85f7-fa99660871db
1191,158500,36.583999156951904,1.0,1.0,1.0,0.9951079999999999,0.0,0.0,0.0,0.0,0.0,0.0,0.0,0.0,0.0,0.0,0.0,0.0,0.0,0.0,0.0025,0.9975,0.047880855019754906,1888,0.0005144668739334277,4.679588657703222e-07,0.00011270571088852368,16,20,False,0.995,0.005,0.66,fixed,100,none,89088af6-702d-46f1-85f7-fa99660871db
1192,158600,36.603596448898315,1.0,1.0,1.0,0.9951079999999999,0.0,0.0,0.0,0.0,0.0,0.0,0.0,0.0,0.0,0.0,0.0,0.0,0.0,0.0,0.0025,0.9975,0.047880855019754906,1888,0.0005145104292309289,4.676003040845949e-07,0.00011271517701642641,16,20,False,0.995,0.005,0.66,fixed,100,none,89088af6-702d-46f1-85f7-fa99660871db
1193,158700,36.62303566932678,1.0,1.0,1.0,0.9951079999999999,0.0,0.0,0.0,0.0,0.0,0.0,0.0,0.0,0.0,0.0,0.0,0.0,0.0,0.0,0.0025,0.9975,0.047880855019754906,1888,0.000514312817733729,4.669448324383493e-07,0.00011267179532007657,16,20,False,0.995,0.005,0.66,fixed,100,none,89088af6-702d-46f1-85f7-fa99660871db
1194,158900,36.64256286621094,1.0,1.0,1.0,0.9951079999999999,0.0,0.0,0.0,0.0,0.0,0.0,0.0,0.0,0.0,0.0,0.0,0.0,0.0,0.0,0.0025,0.9975,0.0474866363904749,1889,0.0005145249362404998,4.673166190716148e-07,0.00011271829870066902,16,20,False,0.995,0.005,0.66,fixed,100,none,89088af6-702d-46f1-85f7-fa99660871db
1195,159000,36.662176847457886,1.0,1.0,1.0,0.9951079999999999,0.0,0.0,0.0,0.0,0.0,0.0,0.0,0.0,0.0,0.0,0.0,0.0,0.0,0.0,0.0025,0.9975,0.047880855019754906,1888,0.0005143396181544349,4.67381892520052e-07,0.00011267774497358463,16,20,False,0.995,0.005,0.66,fixed,100,none,89088af6-702d-46f1-85f7-fa99660871db
1196,159300,36.68168115615845,1.0,1.0,1.0,0.9951079999999999,0.0,0.0,0.0,0.0,0.0,0.0,0.0,0.0,0.0,0.0,0.0,0.0,0.0,0.0,0.0025,0.9975,0.0474866363904749,1889,0.0005139185655507134,4.679014484126862e-07,0.00011258567527424958,16,20,False,0.995,0.005,0.66,fixed,100,none,89088af6-702d-46f1-85f7-fa99660871db
1197,159400,36.70115923881531,1.0,1.0,1.0,0.9951079999999999,0.0,0.0,0.0,0.0,0.0,0.0,0.0,0.0,0.0,0.0,0.0,0.0,0.0,0.0,0.0025,0.9975,0.0474866363904749,1889,0.0005146207567047569,4.695108463722269e-07,0.00011273969070348202,16,20,False,0.995,0.005,0.66,fixed,100,none,89088af6-702d-46f1-85f7-fa99660871db
1198,159600,36.7205753326416,1.0,1.0,1.0,0.9951079999999999,0.0,0.0,0.0,0.0,0.0,0.0,0.0,0.0,0.0,0.0,0.0,0.0,0.0,0.0,0.0025,0.9975,0.047880855019754906,1888,0.0005146408108120174,4.719037497553792e-07,0.00011274453519920413,16,20,False,0.995,0.005,0.66,fixed,100,none,89088af6-702d-46f1-85f7-fa99660871db
1199,159700,36.73993492126465,1.0,1.0,1.0,0.9951079999999999,0.0,0.0,0.0,0.0,0.0,0.0,0.0,0.0,0.0,0.0,0.0,0.0,0.0,0.0,0.0025,0.9975,0.047880855019754906,1888,0.0005162679743389647,4.7292832637388733e-07,0.00011310091596481041,16,20,False,0.995,0.005,0.66,fixed,100,none,89088af6-702d-46f1-85f7-fa99660871db
1200,159900,36.75933122634888,1.0,1.0,1.0,0.9951079999999999,0.0,0.0,0.0,0.0,0.0,0.0,0.0,0.0,0.0,0.0,0.0,0.0,0.0,0.0,0.0025,0.9975,0.047880855019754906,1888,0.0005175863990048324,4.766614534748207e-07,0.00011339022841831804,16,20,False,0.995,0.005,0.66,fixed,100,none,89088af6-702d-46f1-85f7-fa99660871db
1201,160000,36.7826464176178,1.0,1.0,1.0,0.9951079999999999,0.0,0.0,0.0,0.0,0.0,0.0,0.0,0.0,0.0,0.0,0.0,0.0,0.0,0.0,0.0025,0.9975,0.047880855019754906,1888,0.0005168462040872449,4.7449095511459173e-07,0.00011322778735616969,16,20,False,0.995,0.005,0.66,fixed,100,none,89088af6-702d-46f1-85f7-fa99660871db
1202,160100,36.802459955215454,1.0,1.0,1.0,0.9951079999999999,0.0,0.0,0.0,0.0,0.0,0.0,0.0,0.0,0.0,0.0,0.0,0.0,0.0,0.0,0.0025,0.9975,0.047880855019754906,1888,0.0005165782549230121,4.736745960185787e-07,0.00011316897817589088,16,20,False,0.995,0.005,0.66,fixed,100,none,89088af6-702d-46f1-85f7-fa99660871db
1203,160400,36.82244825363159,1.0,1.0,1.0,0.9951079999999999,0.0,0.0,0.0,0.0,0.0,0.0,0.0,0.0,0.0,0.0,0.0,0.0,0.0,0.0,0.0025,0.9975,0.047880855019754906,1888,0.0005181512829509772,4.7600605529760076e-07,0.00011351375698847545,16,20,False,0.995,0.005,0.66,fixed,100,none,89088af6-702d-46f1-85f7-fa99660871db
1204,160500,36.84224843978882,1.0,1.0,1.0,0.9951079999999999,0.0,0.0,0.0,0.0,0.0,0.0,0.0,0.0,0.0,0.0,0.0,0.0,0.0,0.0,0.0025,0.9975,0.047880855019754906,1888,0.0005190058573534852,4.761509717113201e-07,0.00011370085085930306,16,20,False,0.995,0.005,0.66,fixed,100,none,89088af6-702d-46f1-85f7-fa99660871db
1205,160700,36.86195611953735,1.0,1.0,1.0,0.9951079999999999,0.0,0.0,0.0,0.0,0.0,0.0,0.0,0.0,0.0,0.0,0.0,0.0,0.0,0.0,0.0025,0.9975,0.04827406863022217,1887,0.0005174456300568958,4.7368575020303527e-07,0.00011335884871199307,16,20,False,0.995,0.005,0.66,fixed,100,none,89088af6-702d-46f1-85f7-fa99660871db
1206,160800,36.88163781166077,1.0,1.0,1.0,0.9951079999999999,0.0,0.0,0.0,0.0,0.0,0.0,0.0,0.0,0.0,0.0,0.0,0.0,0.0,0.0,0.0025,0.9975,0.04827406863022217,1887,0.0005182404493695508,4.7496018455363057e-07,0.00011353307680205987,16,20,False,0.995,0.005,0.66,fixed,100,none,89088af6-702d-46f1-85f7-fa99660871db
1207,161100,36.901411294937134,1.0,1.0,1.0,0.9951079999999999,0.0,0.0,0.0,0.0,0.0,0.0,0.0,0.0,0.0,0.0,0.0,0.0,0.0,0.0,0.0025,0.9975,0.04827406863022217,1887,0.0005187066332230756,4.7666789633219863e-07,0.00011363544891283437,16,20,False,0.995,0.005,0.66,fixed,100,none,89088af6-702d-46f1-85f7-fa99660871db
1208,161200,36.92105293273926,1.0,1.0,1.0,0.9951079999999999,0.0,0.0,0.0,0.0,0.0,0.0,0.0,0.0,0.0,0.0,0.0,0.0,0.0,0.0,0.0025,0.9975,0.04827406863022217,1887,0.0005200050256683361,4.77824330148249e-07,0.00011391988674152695,16,20,False,0.995,0.005,0.66,fixed,100,none,89088af6-702d-46f1-85f7-fa99660871db
1209,161300,36.940770387649536,1.0,1.0,1.0,0.9951079999999999,0.0,0.0,0.0,0.0,0.0,0.0,0.0,0.0,0.0,0.0,0.0,0.0,0.0,0.0,0.0025,0.9975,0.04827406863022217,1887,0.0005213832661732271,4.78572044102296e-07,0.00011422172565369885,16,20,False,0.995,0.005,0.66,fixed,100,none,89088af6-702d-46f1-85f7-fa99660871db
1210,161400,36.960530042648315,1.0,1.0,1.0,0.9951079999999999,0.0,0.0,0.0,0.0,0.0,0.0,0.0,0.0,0.0,0.0,0.0,0.0,0.0,0.0,0.0025,0.9975,0.04827406863022217,1887,0.0005202875583340423,4.782501510589325e-07,0.00011398181404802307,16,20,False,0.995,0.005,0.66,fixed,100,none,89088af6-702d-46f1-85f7-fa99660871db
1211,161500,36.9802188873291,1.0,1.0,1.0,0.9951079999999999,0.0,0.0,0.0,0.0,0.0,0.0,0.0,0.0,0.0,0.0,0.0,0.0,0.0,0.0,0.0025,0.9975,0.04827406863022217,1887,0.0005210320585660892,4.786268186255468e-07,0.00011414485671565578,16,20,False,0.995,0.005,0.66,fixed,100,none,89088af6-702d-46f1-85f7-fa99660871db
1212,161800,36.999836921691895,1.0,1.0,1.0,0.9951079999999999,0.0,0.0,0.0,0.0,0.0,0.0,0.0,0.0,0.0,0.0,0.0,0.0,0.0,0.0,0.0025,0.9975,0.04788085501975489,1888,0.0005217980649329895,4.79626512801563e-07,0.0001143127254512637,16,20,False,0.995,0.005,0.66,fixed,100,none,89088af6-702d-46f1-85f7-fa99660871db
1213,161900,37.01954627037048,1.0,1.0,1.0,0.9951079999999999,0.0,0.0,0.0,0.0,0.0,0.0,0.0,0.0,0.0,0.0,0.0,0.0,0.0,0.0,0.0025,0.9975,0.04788085501975489,1888,0.000521431171056383,4.796937581111918e-07,0.00011423242515828336,16,20,False,0.995,0.005,0.66,fixed,100,none,89088af6-702d-46f1-85f7-fa99660871db
1214,162200,37.03913426399231,1.0,1.0,1.0,0.9951079999999999,0.0,0.0,0.0,0.0,0.0,0.0,0.0,0.0,0.0,0.0,0.0,0.0,0.0,0.0,0.0025,0.9975,0.048274068630222176,1887,0.0005218892567934468,4.793610582654783e-07,0.00011433263691315597,16,20,False,0.995,0.005,0.66,fixed,100,none,89088af6-702d-46f1-85f7-fa99660871db
1215,162300,37.0586576461792,1.0,1.0,1.0,0.9951079999999999,0.0,0.0,0.0,0.0,0.0,0.0,0.0,0.0,0.0,0.0,0.0,0.0,0.0,0.0,0.0025,0.9975,0.048274068630222176,1887,0.0005234932174375506,4.811103054589283e-07,0.00011468407625511702,16,20,False,0.995,0.005,0.66,fixed,100,none,89088af6-702d-46f1-85f7-fa99660871db
1216,162500,37.07818365097046,1.0,1.0,1.0,0.9951079999999999,0.0,0.0,0.0,0.0,0.0,0.0,0.0,0.0,0.0,0.0,0.0,0.0,0.0,0.0,0.0025,0.9975,0.047880855019754906,1888,0.0005227366503116279,4.809828800767097e-07,0.00011451843950042992,16,20,False,0.995,0.005,0.66,fixed,100,none,89088af6-702d-46f1-85f7-fa99660871db
1217,162600,37.09773826599121,1.0,1.0,1.0,0.9951079999999999,0.0,0.0,0.0,0.0,0.0,0.0,0.0,0.0,0.0,0.0,0.0,0.0,0.0,0.0,0.0025,0.9975,0.047486636390474915,1889,0.0005226939517094149,4.80543642262388e-07,0.0001145090093212208,16,20,False,0.995,0.005,0.66,fixed,100,none,89088af6-702d-46f1-85f7-fa99660871db
1218,162900,37.1175057888031,1.0,1.0,1.0,0.9951079999999999,0.0,0.0,0.0,0.0,0.0,0.0,0.0,0.0,0.0,0.0,0.0,0.0,0.0,0.0,0.0025,0.9975,0.047486636390474915,1889,0.0005224834569561583,4.807295053266094e-07,0.0001144629673337151,16,20,False,0.995,0.005,0.66,fixed,100,none,89088af6-702d-46f1-85f7-fa99660871db
1219,163000,37.13835096359253,1.0,1.0,1.0,0.9951079999999999,0.0,0.0,0.0,0.0,0.0,0.0,0.0,0.0,0.0,0.0,0.0,0.0,0.0,0.0,0.0025,0.9975,0.047486636390474915,1889,0.0005225612799557131,4.812324936373265e-07,0.00011448009835609668,16,20,False,0.995,0.005,0.66,fixed,100,none,89088af6-702d-46f1-85f7-fa99660871db
1220,163200,37.15820074081421,1.0,1.0,1.0,0.9951079999999999,0.0,0.0,0.0,0.0,0.0,0.0,0.0,0.0,0.0,0.0,0.0,0.0,0.0,0.0,0.0025,0.9975,0.047880855019754906,1888,0.0005198942789262908,4.7679428446495084e-07,0.00011389544857101342,16,20,False,0.995,0.005,0.66,fixed,100,none,89088af6-702d-46f1-85f7-fa99660871db
1221,163300,37.17792987823486,1.0,1.0,1.0,0.9951079999999999,0.0,0.0,0.0,0.0,0.0,0.0,0.0,0.0,0.0,0.0,0.0,0.0,0.0,0.0,0.0025,0.9975,0.047880855019754906,1888,0.000519614859625219,4.765036549405299e-07,0.00011383422846639915,16,20,False,0.995,0.005,0.66,fixed,100,none,89088af6-702d-46f1-85f7-fa99660871db
1222,163600,37.19771480560303,1.0,1.0,1.0,0.9951079999999999,0.0,0.0,0.0,0.0,0.0,0.0,0.0,0.0,0.0,0.0,0.0,0.0,0.0,0.0,0.0025,0.9975,0.047486636390474915,1889,0.00052027129780165,4.783959928261988e-07,0.00011397828232741816,16,20,False,0.995,0.005,0.66,fixed,100,none,89088af6-702d-46f1-85f7-fa99660871db
1223,163700,37.217405557632446,1.0,1.0,1.0,0.9951079999999999,0.0,0.0,0.0,0.0,0.0,0.0,0.0,0.0,0.0,0.0,0.0,0.0,0.0,0.0,0.0025,0.9975,0.047880855019754906,1888,0.0005201136720805326,4.786987285504683e-07,0.00011394383557685318,16,20,False,0.995,0.005,0.66,fixed,100,none,89088af6-702d-46f1-85f7-fa99660871db
1224,163800,37.23718738555908,1.0,1.0,1.0,0.9951079999999999,0.0,0.0,0.0,0.0,0.0,0.0,0.0,0.0,0.0,0.0,0.0,0.0,0.0,0.0,0.0025,0.9975,0.047880855019754906,1888,0.0005198623355462339,4.776524482033041e-07,0.00011388861921622923,16,20,False,0.995,0.005,0.66,fixed,100,none,89088af6-702d-46f1-85f7-fa99660871db
1225,163900,37.257325172424316,1.0,1.0,1.0,0.9951079999999999,0.0,0.0,0.0,0.0,0.0,0.0,0.0,0.0,0.0,0.0,0.0,0.0,0.0,0.0,0.0025,0.9975,0.047486636390474915,1889,0.0005203090325287004,4.78286400546006e-07,0.00011398652163663626,16,20,False,0.995,0.005,0.66,fixed,100,none,89088af6-702d-46f1-85f7-fa99660871db
1226,164000,37.27704358100891,1.0,1.0,1.0,0.9951079999999999,0.0,0.0,0.0,0.0,0.0,0.0,0.0,0.0,0.0,0.0,0.0,0.0,0.0,0.0,0.0025,0.9975,0.047880855019754906,1888,0.0005207477285798204,4.778809151774731e-07,0.00011408247516000642,16,20,False,0.995,0.005,0.66,fixed,100,none,89088af6-702d-46f1-85f7-fa99660871db
1227,164100,37.29662251472473,1.0,1.0,1.0,0.9951079999999999,0.0,0.0,0.0,0.0,0.0,0.0,0.0,0.0,0.0,0.0,0.0,0.0,0.0,0.0,0.0025,0.9975,0.047880855019754906,1888,0.0005210866493068723,4.781424864206175e-07,0.00011415671460569428,16,20,False,0.995,0.005,0.66,fixed,100,none,89088af6-702d-46f1-85f7-fa99660871db
1228,164300,37.316235065460205,1.0,1.0,1.0,0.9951079999999999,0.0,0.0,0.0,0.0,0.0,0.0,0.0,0.0,0.0,0.0,0.0,0.0,0.0,0.0,0.0025,0.9975,0.04788085501975489,1888,0.0005205808769073516,4.778835432468362e-07,0.00011404595182823618,16,20,False,0.995,0.005,0.66,fixed,100,none,89088af6-702d-46f1-85f7-fa99660871db
1229,164400,37.33580303192139,1.0,1.0,1.0,0.9951079999999999,0.0,0.0,0.0,0.0,0.0,0.0,0.0,0.0,0.0,0.0,0.0,0.0,0.0,0.0,0.0025,0.9975,0.04788085501975489,1888,0.0005215426880453186,4.791111133978579e-07,0.00011425672552466583,16,20,False,0.995,0.005,0.66,fixed,100,none,89088af6-702d-46f1-85f7-fa99660871db
1230,164700,37.355525732040405,1.0,1.0,1.0,0.9951079999999999,0.0,0.0,0.0,0.0,0.0,0.0,0.0,0.0,0.0,0.0,0.0,0.0,0.0,0.0,0.0025,0.9975,0.047486636390474915,1889,0.0005216494338438587,4.791093756089492e-07,0.00011428009184978639,16,20,False,0.995,0.005,0.66,fixed,100,none,89088af6-702d-46f1-85f7-fa99660871db
1231,164800,37.3751757144928,1.0,1.0,1.0,0.9951079999999999,0.0,0.0,0.0,0.0,0.0,0.0,0.0,0.0,0.0,0.0,0.0,0.0,0.0,0.0,0.0025,0.9975,0.047486636390474915,1889,0.0005213033879956994,4.789064770673012e-07,0.00011420430386290139,16,20,False,0.995,0.005,0.66,fixed,100,none,89088af6-702d-46f1-85f7-fa99660871db
1232,165000,37.3947217464447,1.0,1.0,1.0,0.9951079999999999,0.0,0.0,0.0,0.0,0.0,0.0,0.0,0.0,0.0,0.0,0.0,0.0,0.0,0.0,0.0025,0.9975,0.047486636390474915,1889,0.0005225753992120516,4.788664892694767e-07,0.00011448273952047931,16,20,False,0.995,0.005,0.66,fixed,100,none,89088af6-702d-46f1-85f7-fa99660871db
1233,165100,37.414358615875244,1.0,1.0,1.0,0.9951079999999999,0.0,0.0,0.0,0.0,0.0,0.0,0.0,0.0,0.0,0.0,0.0,0.0,0.0,0.0,0.0025,0.9975,0.047486636390474915,1889,0.0005226792153130308,4.7907449360748e-07,0.00011450550438580788,16,20,False,0.995,0.005,0.66,fixed,100,none,89088af6-702d-46f1-85f7-fa99660871db
1234,165200,37.433889627456665,1.0,1.0,1.0,0.9951079999999999,0.0,0.0,0.0,0.0,0.0,0.0,0.0,0.0,0.0,0.0,0.0,0.0,0.0,0.0,0.0025,0.9975,0.047486636390474915,1889,0.0005242829939865781,4.80694235700153e-07,0.00011485687928844498,16,20,False,0.995,0.005,0.66,fixed,100,none,89088af6-702d-46f1-85f7-fa99660871db
1235,165300,37.45352125167847,1.0,1.0,1.0,0.9951079999999999,0.0,0.0,0.0,0.0,0.0,0.0,0.0,0.0,0.0,0.0,0.0,0.0,0.0,0.0,0.0025,0.9975,0.047486636390474915,1889,0.0005252137179917079,4.818938610590315e-07,0.00011506084270198609,16,20,False,0.995,0.005,0.66,fixed,100,none,89088af6-702d-46f1-85f7-fa99660871db
1236,165400,37.47384452819824,1.0,1.0,1.0,0.9951079999999999,0.0,0.0,0.0,0.0,0.0,0.0,0.0,0.0,0.0,0.0,0.0,0.0,0.0,0.0,0.0025,0.9975,0.047486636390474915,1889,0.000527139243585334,4.835231161519778e-07,0.0001154826498128985,16,20,False,0.995,0.005,0.66,fixed,100,none,89088af6-702d-46f1-85f7-fa99660871db
1237,165500,37.49347448348999,1.0,1.0,1.0,0.9951079999999999,0.0,0.0,0.0,0.0,0.0,0.0,0.0,0.0,0.0,0.0,0.0,0.0,0.0,0.0,0.0025,0.9975,0.047486636390474915,1889,0.0005271697648275672,4.823943072821074e-07,0.00011548911643913808,16,20,False,0.995,0.005,0.66,fixed,100,none,89088af6-702d-46f1-85f7-fa99660871db
1238,165800,37.51303505897522,1.0,1.0,1.0,0.9951079999999999,0.0,0.0,0.0,0.0,0.0,0.0,0.0,0.0,0.0,0.0,0.0,0.0,0.0,0.0,0.0025,0.9975,0.047880855019754906,1888,0.0005278203689552378,4.834577665214964e-07,0.00011563173573994066,16,20,False,0.995,0.005,0.66,fixed,100,none,89088af6-702d-46f1-85f7-fa99660871db
1239,165900,37.53274941444397,1.0,1.0,1.0,0.9951079999999999,0.0,0.0,0.0,0.0,0.0,0.0,0.0,0.0,0.0,0.0,0.0,0.0,0.0,0.0,0.0025,0.9975,0.047091412742382266,1890,0.0005289320024241821,4.837959458397597e-07,0.00011587513656036303,16,20,False,0.995,0.005,0.66,fixed,100,none,89088af6-702d-46f1-85f7-fa99660871db
1240,166100,37.55255317687988,1.0,1.0,1.0,0.9951079999999999,0.0,0.0,0.0,0.0,0.0,0.0,0.0,0.0,0.0,0.0,0.0,0.0,0.0,0.0,0.0025,0.9975,0.047091412742382266,1890,0.0005286368043189458,4.866080935998241e-07,0.00011581105200320122,16,20,False,0.995,0.005,0.66,fixed,100,none,89088af6-702d-46f1-85f7-fa99660871db
1241,166200,37.57214641571045,1.0,1.0,1.0,0.9951079999999999,0.0,0.0,0.0,0.0,0.0,0.0,0.0,0.0,0.0,0.0,0.0,0.0,0.0,0.0,0.0025,0.9975,0.04788085501975489,1888,0.000527585741840009,4.864953696947732e-07,0.00011558095300901998,16,20,False,0.995,0.005,0.66,fixed,100,none,89088af6-702d-46f1-85f7-fa99660871db
1242,166500,37.59196591377258,1.0,1.0,1.0,0.9951079999999999,0.0,0.0,0.0,0.0,0.0,0.0,0.0,0.0,0.0,0.0,0.0,0.0,0.0,0.0,0.0025,0.9975,0.04788085501975489,1888,0.0005277296448727781,4.888269673407586e-07,0.00011561289638644588,16,20,False,0.995,0.005,0.66,fixed,100,none,89088af6-702d-46f1-85f7-fa99660871db
1243,166600,37.61272931098938,1.0,1.0,1.0,0.9951079999999999,0.0,0.0,0.0,0.0,0.0,0.0,0.0,0.0,0.0,0.0,0.0,0.0,0.0,0.0,0.0025,0.9975,0.04788085501975489,1888,0.0005283060620224936,4.898192845864717e-07,0.00011573926264079527,16,20,False,0.995,0.005,0.66,fixed,100,none,89088af6-702d-46f1-85f7-fa99660871db
1244,166800,37.63276290893555,1.0,1.0,1.0,0.9951079999999999,0.0,0.0,0.0,0.0,0.0,0.0,0.0,0.0,0.0,0.0,0.0,0.0,0.0,0.0,0.0025,0.9975,0.047486636390474915,1889,0.0005294147318579378,4.906653187447541e-07,0.00011598211121426409,16,20,False,0.995,0.005,0.66,fixed,100,none,89088af6-702d-46f1-85f7-fa99660871db
1245,166900,37.65269160270691,1.0,1.0,1.0,0.9951079999999999,0.0,0.0,0.0,0.0,0.0,0.0,0.0,0.0,0.0,0.0,0.0,0.0,0.0,0.0,0.0025,0.9975,0.04788085501975489,1888,0.0005307211473155832,4.921982390988954e-07,0.00011626837681280996,16,20,False,0.995,0.005,0.66,fixed,100,none,89088af6-702d-46f1-85f7-fa99660871db
1246,167200,37.67252278327942,1.0,1.0,1.0,0.9951079999999999,0.0,0.0,0.0,0.0,0.0,0.0,0.0,0.0,0.0,0.0,0.0,0.0,0.0,0.0,0.0025,0.9975,0.04788085501975489,1888,0.0005344244468141484,4.985001754115463e-07,0.00011708022644094528,16,20,False,0.995,0.005,0.66,fixed,100,none,89088af6-702d-46f1-85f7-fa99660871db
1247,167300,37.69219613075256,1.0,1.0,1.0,0.9951079999999999,0.0,0.0,0.0,0.0,0.0,0.0,0.0,0.0,0.0,0.0,0.0,0.0,0.0,0.0,0.0025,0.9975,0.04788085501975489,1888,0.0005348515663531192,4.997940839949129e-07,0.00011717396875065683,16,20,False,0.995,0.005,0.66,fixed,100,none,89088af6-702d-46f1-85f7-fa99660871db
1248,167600,37.71189880371094,1.0,1.0,1.0,0.9951079999999999,0.0,0.0,0.0,0.0,0.0,0.0,0.0,0.0,0.0,0.0,0.0,0.0,0.0,0.0,0.0025,0.9975,0.04788085501975489,1888,0.0005363784860900908,5.004991141421356e-07,0.0001175083454368079,16,20,False,0.995,0.005,0.66,fixed,100,none,89088af6-702d-46f1-85f7-fa99660871db
1249,167700,37.73141813278198,1.0,1.0,1.0,0.9951079999999999,0.0,0.0,0.0,0.0,0.0,0.0,0.0,0.0,0.0,0.0,0.0,0.0,0.0,0.0,0.0025,0.9975,0.04788085501975489,1888,0.0005369443734005894,5.017109580448454e-07,0.00011763244841941755,16,20,False,0.995,0.005,0.66,fixed,100,none,89088af6-702d-46f1-85f7-fa99660871db
1250,167900,37.75101137161255,1.0,1.0,1.0,0.9951079999999999,0.0,0.0,0.0,0.0,0.0,0.0,0.0,0.0,0.0,0.0,0.0,0.0,0.0,0.0,0.0025,0.9975,0.04788085501975489,1888,0.0005353972582799862,4.999376836783392e-07,0.00011729344799738787,16,20,False,0.995,0.005,0.66,fixed,100,none,89088af6-702d-46f1-85f7-fa99660871db
1251,168000,37.77056002616882,1.0,1.0,1.0,0.9951079999999999,0.0,0.0,0.0,0.0,0.0,0.0,0.0,0.0,0.0,0.0,0.0,0.0,0.0,0.0,0.0025,0.9975,0.047880855019754906,1888,0.000535907904606809,5.022533383781987e-07,0.00011740566845272237,16,20,False,0.995,0.005,0.66,fixed,100,none,89088af6-702d-46f1-85f7-fa99660871db
1252,168300,37.79001832008362,1.0,1.0,1.0,0.9951079999999999,0.0,0.0,0.0,0.0,0.0,0.0,0.0,0.0,0.0,0.0,0.0,0.0,0.0,0.0,0.0025,0.9975,0.047880855019754906,1888,0.0005366656682292561,5.035416094368434e-07,0.00011757178768117716,16,20,False,0.995,0.005,0.66,fixed,100,none,89088af6-702d-46f1-85f7-fa99660871db
1253,168400,37.80955648422241,1.0,1.0,1.0,0.9951079999999999,0.0,0.0,0.0,0.0,0.0,0.0,0.0,0.0,0.0,0.0,0.0,0.0,0.0,0.0,0.0025,0.9975,0.047880855019754906,1888,0.000537547388705905,5.061675687033884e-07,0.00011776529522577625,16,20,False,0.995,0.005,0.66,fixed,100,none,89088af6-702d-46f1-85f7-fa99660871db
1254,168600,37.829493284225464,1.0,1.0,1.0,0.9951079999999999,0.0,0.0,0.0,0.0,0.0,0.0,0.0,0.0,0.0,0.0,0.0,0.0,0.0,0.0,0.0025,0.9975,0.047880855019754906,1888,0.0005388140199492646,5.08198389941589e-07,0.00011804294666098291,16,20,False,0.995,0.005,0.66,fixed,100,none,89088af6-702d-46f1-85f7-fa99660871db
1255,168700,37.84944486618042,1.0,1.0,1.0,0.9951079999999999,0.0,0.0,0.0,0.0,0.0,0.0,0.0,0.0,0.0,0.0,0.0,0.0,0.0,0.0,0.0025,0.9975,0.047880855019754906,1888,0.0005415983184017598,5.115432022328288e-07,0.00011865306510656946,16,20,False,0.995,0.005,0.66,fixed,100,none,89088af6-702d-46f1-85f7-fa99660871db
1256,169000,37.869309425354004,1.0,1.0,1.0,0.9951079999999999,0.0,0.0,0.0,0.0,0.0,0.0,0.0,0.0,0.0,0.0,0.0,0.0,0.0,0.0,0.0025,0.9975,0.047880855019754906,1888,0.0005426528604703948,5.135251037396444e-07,0.00011888428092667997,16,20,False,0.995,0.005,0.66,fixed,100,none,89088af6-702d-46f1-85f7-fa99660871db
1257,169100,37.88932490348816,1.0,1.0,1.0,0.9951079999999999,0.0,0.0,0.0,0.0,0.0,0.0,0.0,0.0,0.0,0.0,0.0,0.0,0.0,0.0,0.0025,0.9975,0.047880855019754906,1888,0.0005423668562786429,5.136520181736881e-07,0.00011882169872284794,16,20,False,0.995,0.005,0.66,fixed,100,none,89088af6-702d-46f1-85f7-fa99660871db
1258,169300,37.909334897994995,1.0,1.0,1.0,0.9951079999999999,0.0,0.0,0.0,0.0,0.0,0.0,0.0,0.0,0.0,0.0,0.0,0.0,0.0,0.0,0.0025,0.9975,0.047880855019754906,1888,0.0005425460834793563,5.14415520506228e-07,0.00011886107662252729,16,20,False,0.995,0.005,0.66,fixed,100,none,89088af6-702d-46f1-85f7-fa99660871db
1259,169400,37.92923951148987,1.0,1.0,1.0,0.9951079999999999,0.0,0.0,0.0,0.0,0.0,0.0,0.0,0.0,0.0,0.0,0.0,0.0,0.0,0.0,0.0025,0.9975,0.047880855019754906,1888,0.0005437849459377069,5.158272819637293e-07,0.00011913253184933716,16,20,False,0.995,0.005,0.66,fixed,100,none,89088af6-702d-46f1-85f7-fa99660871db
1260,169500,37.94925618171692,1.0,1.0,1.0,0.9951079999999999,0.0,0.0,0.0,0.0,0.0,0.0,0.0,0.0,0.0,0.0,0.0,0.0,0.0,0.0,0.0025,0.9975,0.047880855019754906,1888,0.0005437550671432899,5.158665519682982e-07,0.00011912599884254014,16,20,False,0.995,0.005,0.66,fixed,100,none,89088af6-702d-46f1-85f7-fa99660871db
1261,169700,37.969390630722046,1.0,1.0,1.0,0.9951079999999999,0.0,0.0,0.0,0.0,0.0,0.0,0.0,0.0,0.0,0.0,0.0,0.0,0.0,0.0,0.0025,0.9975,0.047880855019754906,1888,0.0005451250329948858,5.185593781627361e-07,0.00011942639600443143,16,20,False,0.995,0.005,0.66,fixed,100,none,89088af6-702d-46f1-85f7-fa99660871db
1262,169800,37.98946142196655,1.0,1.0,1.0,0.9951079999999999,0.0,0.0,0.0,0.0,0.0,0.0,0.0,0.0,0.0,0.0,0.0,0.0,0.0,0.0,0.0025,0.9975,0.047880855019754906,1888,0.0005450452186904378,5.178996048039139e-07,0.00011940879929624958,16,20,False,0.995,0.005,0.66,fixed,100,none,89088af6-702d-46f1-85f7-fa99660871db
1263,170100,38.00928997993469,1.0,1.0,1.0,0.9951079999999999,0.0,0.0,0.0,0.0,0.0,0.0,0.0,0.0,0.0,0.0,0.0,0.0,0.0,0.0,0.0025,0.9975,0.047880855019754906,1888,0.0005474433446853242,5.210012893929459e-07,0.00011993433839660213,16,20,False,0.995,0.005,0.66,fixed,100,none,89088af6-702d-46f1-85f7-fa99660871db
1264,170200,38.029215574264526,1.0,1.0,1.0,0.9951079999999999,0.0,0.0,0.0,0.0,0.0,0.0,0.0,0.0,0.0,0.0,0.0,0.0,0.0,0.0,0.0025,0.9975,0.047880855019754906,1888,0.0005482313011966584,5.239609441424051e-07,0.00012010738441133559,16,20,False,0.995,0.005,0.66,fixed,100,none,89088af6-702d-46f1-85f7-fa99660871db
1265,170500,38.05587720870972,1.0,1.0,1.0,0.9951079999999999,0.0,0.0,0.0,0.0,0.0,0.0,0.0,0.0,0.0,0.0,0.0,0.0,0.0,0.0,0.0025,0.9975,0.047880855019754906,1888,0.0005489925346586214,5.243405254316564e-07,0.00012027409053660425,16,20,False,0.995,0.005,0.66,fixed,100,none,89088af6-702d-46f1-85f7-fa99660871db
1266,170600,38.075615644454956,1.0,1.0,1.0,0.9951079999999999,0.0,0.0,0.0,0.0,0.0,0.0,0.0,0.0,0.0,0.0,0.0,0.0,0.0,0.0,0.0025,0.9975,0.047880855019754906,1888,0.0005496762061329076,5.248248639515395e-07,0.00012042383824664428,16,20,False,0.995,0.005,0.66,fixed,100,none,89088af6-702d-46f1-85f7-fa99660871db
1267,170700,38.09526085853577,1.0,1.0,1.0,0.9951079999999999,0.0,0.0,0.0,0.0,0.0,0.0,0.0,0.0,0.0,0.0,0.0,0.0,0.0,0.0,0.0025,0.9975,0.047880855019754906,1888,0.0005502375858064276,5.242954895863247e-07,0.00012054662367604841,16,20,False,0.995,0.005,0.66,fixed,100,none,89088af6-702d-46f1-85f7-fa99660871db
1268,170800,38.113176107406616,1.0,1.0,1.0,0.9951079999999999,0.0,0.0,0.0,0.0,0.0,0.0,0.0,0.0,0.0,0.0,0.0,0.0,0.0,0.0,0.0025,0.9975,0.04788085501975489,1888,0.0005490558788196146,5.236687650009575e-07,0.00012028782893896384,16,20,False,0.995,0.005,0.66,fixed,100,none,89088af6-702d-46f1-85f7-fa99660871db
1269,170900,38.13279128074646,1.0,1.0,1.0,0.9951079999999999,0.0,0.0,0.0,0.0,0.0,0.0,0.0,0.0,0.0,0.0,0.0,0.0,0.0,0.0,0.0025,0.9975,0.04827406863022217,1887,0.0005487473714640995,5.231690926364066e-07,0.00012022020174109231,16,20,False,0.995,0.005,0.66,fixed,100,none,89088af6-702d-46f1-85f7-fa99660871db
1270,171200,38.15256857872009,1.0,1.0,1.0,0.9951079999999999,0.0,0.0,0.0,0.0,0.0,0.0,0.0,0.0,0.0,0.0,0.0,0.0,0.0,0.0,0.0025,0.9975,0.04748663639047492,1889,0.0005488362899939681,5.238210228560141e-07,0.00012023978987402227,16,20,False,0.995,0.005,0.66,fixed,100,none,89088af6-702d-46f1-85f7-fa99660871db
1271,171300,38.17237043380737,1.0,1.0,1.0,0.9951079999999999,0.0,0.0,0.0,0.0,0.0,0.0,0.0,0.0,0.0,0.0,0.0,0.0,0.0,0.0,0.0025,0.9975,0.047880855019754906,1888,0.0005472710536700553,5.225835335405693e-07,0.00011989692451974782,16,20,False,0.995,0.005,0.66,fixed,100,none,89088af6-702d-46f1-85f7-fa99660871db
1272,171500,38.19199585914612,1.0,1.0,1.0,0.9951079999999999,0.0,0.0,0.0,0.0,0.0,0.0,0.0,0.0,0.0,0.0,0.0,0.0,0.0,0.0,0.0025,0.9975,0.047880855019754906,1888,0.0005472871825813004,5.242576317691393e-07,0.0001199007732170828,16,20,False,0.995,0.005,0.66,fixed,100,none,89088af6-702d-46f1-85f7-fa99660871db
1273,171600,38.21176886558533,1.0,1.0,1.0,0.9951079999999999,0.0,0.0,0.0,0.0,0.0,0.0,0.0,0.0,0.0,0.0,0.0,0.0,0.0,0.0,0.0025,0.9975,0.04788085501975489,1888,0.0005468738004011288,5.225455844587023e-07,0.00011980995856885425,16,20,False,0.995,0.005,0.66,fixed,100,none,89088af6-702d-46f1-85f7-fa99660871db
1274,171900,38.231529712677,1.0,1.0,1.0,0.9951079999999999,0.0,0.0,0.0,0.0,0.0,0.0,0.0,0.0,0.0,0.0,0.0,0.0,0.0,0.0,0.0025,0.9975,0.04788085501975489,1888,0.000545594843205045,5.176310766138549e-07,0.00011952906108214099,16,20,False,0.995,0.005,0.66,fixed,100,none,89088af6-702d-46f1-85f7-fa99660871db
1275,172000,38.25128650665283,0.99900075,0.999002,1.0,0.9960719999999998,0.0,0.0,0.0,0.0,0.0,0.0,0.0005,0.0,0.0,0.0,0.0005,0.0,0.0,0.0,0.002,0.9975,0.04788085501975489,1888,0.0005453214626048788,5.177199179558395e-07,0.00011946923494861958,16,20,False,0.995,0.005,0.66,fixed,100,none,89088af6-702d-46f1-85f7-fa99660871db
1276,172100,38.27092170715332,1.0,1.0,1.0,0.9951079999999999,0.0,0.0,0.0,0.0,0.0,0.0,0.0,0.0,0.0,0.0,0.0,0.0,0.0,0.0,0.0025,0.9975,0.04788085501975489,1888,0.0005464859750646903,5.187544112270994e-07,0.00011972434327979387,16,20,False,0.995,0.005,0.66,fixed,100,none,89088af6-702d-46f1-85f7-fa99660871db
1277,172200,38.29059815406799,1.0,1.0,1.0,0.9951079999999999,0.0,0.0,0.0,0.0,0.0,0.0,0.0,0.0,0.0,0.0,0.0,0.0,0.0,0.0,0.0025,0.9975,0.04788085501975489,1888,0.0005467267478779394,5.205204496728772e-07,0.00011977738399591878,16,20,False,0.995,0.005,0.66,fixed,100,none,89088af6-702d-46f1-85f7-fa99660871db
1278,172300,38.31033372879028,1.0,1.0,1.0,0.9951079999999999,0.0,0.0,0.0,0.0,0.0,0.0,0.0,0.0,0.0,0.0,0.0,0.0,0.0,0.0,0.0025,0.9975,0.04788085501975489,1888,0.0005475552246909137,5.216134021970674e-07,0.00011995894523125845,16,20,False,0.995,0.005,0.66,fixed,100,none,89088af6-702d-46f1-85f7-fa99660871db
1279,172400,38.33027386665344,1.0,1.0,1.0,0.9951079999999999,0.0,0.0,0.0,0.0,0.0,0.0,0.0,0.0,0.0,0.0,0.0,0.0,0.0,0.0,0.0025,0.9975,0.04788085501975489,1888,0.0005475552246909137,5.216134021970674e-07,0.00011995894523125845,16,20,False,0.995,0.005,0.66,fixed,100,none,89088af6-702d-46f1-85f7-fa99660871db
1280,172600,38.34993886947632,1.0,1.0,1.0,0.9951079999999999,0.0,0.0,0.0,0.0,0.0,0.0,0.0,0.0,0.0,0.0,0.0,0.0,0.0,0.0,0.0025,0.9975,0.047880855019754906,1888,0.0005480147678559275,5.202942879283637e-07,0.00012005928859836893,16,20,False,0.995,0.005,0.66,fixed,100,none,89088af6-702d-46f1-85f7-fa99660871db
1281,172700,38.36963891983032,1.0,1.0,1.0,0.9951079999999999,0.0,0.0,0.0,0.0,0.0,0.0,0.0,0.0,0.0,0.0,0.0,0.0,0.0,0.0,0.0025,0.9975,0.047880855019754906,1888,0.000547911442021882,5.20616956350296e-07,0.00012003673188029653,16,20,False,0.995,0.005,0.66,fixed,100,none,89088af6-702d-46f1-85f7-fa99660871db
1282,173000,38.38930821418762,1.0,1.0,1.0,0.9951079999999999,0.0,0.0,0.0,0.0,0.0,0.0,0.0,0.0,0.0,0.0,0.0,0.0,0.0,0.0,0.0025,0.9975,0.04748663639047491,1889,0.0005470460366416424,5.165299420673495e-07,0.00011984651810984834,16,20,False,0.995,0.005,0.66,fixed,100,none,89088af6-702d-46f1-85f7-fa99660871db
1283,173100,38.40898513793945,1.0,1.0,1.0,0.9951079999999999,0.0,0.0,0.0,0.0,0.0,0.0,0.0,0.0,0.0,0.0,0.0,0.0,0.0,0.0,0.0025,0.9975,0.047486636390474915,1889,0.0005469332849376611,5.164879758712346e-07,0.00011982182878826956,16,20,False,0.995,0.005,0.66,fixed,100,none,89088af6-702d-46f1-85f7-fa99660871db
1284,173300,38.42864799499512,1.0,1.0,1.0,0.9951079999999999,0.0,0.0,0.0,0.0,0.0,0.0,0.0,0.0,0.0,0.0,0.0,0.0,0.0,0.0,0.0025,0.9975,0.047880855019754906,1888,0.0005471707345467577,5.170144194253809e-07,0.00011987390653197608,16,20,False,0.995,0.005,0.66,fixed,100,none,89088af6-702d-46f1-85f7-fa99660871db
1285,173400,38.44853091239929,1.0,1.0,1.0,0.9951079999999999,0.0,0.0,0.0,0.0,0.0,0.0,0.0,0.0,0.0,0.0,0.0,0.0,0.0,0.0,0.0025,0.9975,0.047880855019754906,1888,0.0005485128371671062,5.189529630698748e-07,0.00012016806111886282,16,20,False,0.995,0.005,0.66,fixed,100,none,89088af6-702d-46f1-85f7-fa99660871db
1286,173500,38.46829628944397,0.99900075,0.999002,1.0,0.9960719999999998,0.0,0.0,0.0,0.0,0.0,0.0,0.0005,0.0,0.0,0.0,0.0005,0.0,0.0,0.0,0.002,0.9975,0.047880855019754906,1888,0.0005494168810495551,5.202340692894042e-07,0.0001203661997349126,16,20,False,0.995,0.005,0.66,fixed,100,none,89088af6-702d-46f1-85f7-fa99660871db
1287,173600,38.48915362358093,0.99900075,0.999002,1.0,0.9960719999999998,0.0,0.0,0.0,0.0,0.0,0.0,0.0005,0.0,0.0,0.0,0.0005,0.0,0.0,0.0,0.002,0.9975,0.047880855019754906,1888,0.0005497706091997657,5.210684705668631e-07,0.00012044378936323642,16,20,False,0.995,0.005,0.66,fixed,100,none,89088af6-702d-46f1-85f7-fa99660871db
1288,173700,38.50885009765625,0.99900075,0.999002,1.0,0.9960719999999998,0.0,0.0,0.0,0.0,0.0,0.0,0.0005,0.0,0.0,0.0,0.0005,0.0,0.0,0.0,0.002,0.9975,0.047880855019754906,1888,0.0005493233167315259,5.204044408094161e-07,0.0001203457508762848,16,20,False,0.995,0.005,0.66,fixed,100,none,89088af6-702d-46f1-85f7-fa99660871db
1289,173800,38.52852773666382,0.99900075,0.999002,1.0,0.9960719999999998,0.0,0.0,0.0,0.0,0.0,0.0,0.0005,0.0,0.0,0.0,0.0005,0.0,0.0,0.0,0.002,0.9975,0.047880855019754906,1888,0.0005495096785227178,5.217476231729996e-07,0.0001203868006770258,16,20,False,0.995,0.005,0.66,fixed,100,none,89088af6-702d-46f1-85f7-fa99660871db
1290,174100,38.548195362091064,0.99900075,0.999002,1.0,0.9960719999999998,0.0,0.0,0.0,0.0,0.0,0.0,0.0005,0.0,0.0,0.0,0.0005,0.0,0.0,0.0,0.002,0.9975,0.04827406863022218,1887,0.0005491074841289242,5.227509445703597e-07,0.00012029895095528987,16,20,False,0.995,0.005,0.66,fixed,100,none,89088af6-702d-46f1-85f7-fa99660871db
1291,174200,38.56781482696533,0.99900075,0.999002,1.0,0.9960719999999998,0.0,0.0,0.0,0.0,0.0,0.0,0.0005,0.0,0.0,0.0,0.0005,0.0,0.0,0.0,0.002,0.9975,0.048274068630222176,1887,0.0005500554725028252,5.242948104401528e-07,0.00012050675894485207,16,20,False,0.995,0.005,0.66,fixed,100,none,89088af6-702d-46f1-85f7-fa99660871db
1292,174400,38.58750247955322,0.99900075,0.999002,1.0,0.9960719999999998,0.0,0.0,0.0,0.0,0.0,0.0,0.0005,0.0,0.0,0.0,0.0005,0.0,0.0,0.0,0.002,0.9975,0.048274068630222176,1887,0.0005478722912233856,5.209807974382665e-07,0.00012002823090031239,16,20,False,0.995,0.005,0.66,fixed,100,none,89088af6-702d-46f1-85f7-fa99660871db
1293,174500,38.60717797279358,1.0,1.0,1.0,0.9951079999999999,0.0,0.0,0.0,0.0,0.0,0.0,0.0,0.0,0.0,0.0,0.0,0.0,0.0,0.0,0.0025,0.9975,0.04827406863022218,1887,0.0005478910604027001,5.200204988826679e-07,0.00012003215701693876,16,20,False,0.995,0.005,0.66,fixed,100,none,89088af6-702d-46f1-85f7-fa99660871db
1294,174800,38.62684726715088,0.99900075,0.999002,1.0,0.9960719999999998,0.0,0.0,0.0,0.0,0.0,0.0,0.0005,0.0,0.0,0.0,0.0005,0.0,0.0,0.0,0.002,0.9975,0.0478808550197549,1888,0.000548854357100188,5.225296331985862e-07,0.00012024349939953887,16,20,False,0.995,0.005,0.66,fixed,100,none,89088af6-702d-46f1-85f7-fa99660871db
1295,174900,38.646514892578125,1.0,1.0,1.0,0.9951079999999999,0.0,0.0,0.0,0.0,0.0,0.0,0.0,0.0,0.0,0.0,0.0,0.0,0.0,0.0,0.0025,0.9975,0.047880855019754906,1888,0.0005491864983968017,5.214499063438437e-07,0.00012031599998126522,16,20,False,0.995,0.005,0.66,fixed,100,none,89088af6-702d-46f1-85f7-fa99660871db
1296,175000,38.666245222091675,1.0,1.0,1.0,0.9951079999999999,0.0,0.0,0.0,0.0,0.0,0.0,0.0,0.0,0.0,0.0,0.0,0.0,0.0,0.0,0.0025,0.9975,0.048274068630222176,1887,0.0005503958885959974,5.215615166216699e-07,0.00012058075670182196,16,20,False,0.995,0.005,0.66,fixed,100,none,89088af6-702d-46f1-85f7-fa99660871db
1297,175100,38.68587684631348,1.0,1.0,1.0,0.9951079999999999,0.0,0.0,0.0,0.0,0.0,0.0,0.0,0.0,0.0,0.0,0.0,0.0,0.0,0.0,0.0025,0.9975,0.048274068630222176,1887,0.0005509325793934243,5.232069311638972e-07,0.00012069855094614171,16,20,False,0.995,0.005,0.66,fixed,100,none,89088af6-702d-46f1-85f7-fa99660871db
1298,175200,38.7055139541626,1.0,1.0,1.0,0.9951079999999999,0.0,0.0,0.0,0.0,0.0,0.0,0.0,0.0,0.0,0.0,0.0,0.0,0.0,0.0,0.0025,0.9975,0.048274068630222176,1887,0.0005512521402232747,5.235887334966796e-07,0.0001207685753542392,16,20,False,0.995,0.005,0.66,fixed,100,none,89088af6-702d-46f1-85f7-fa99660871db
1299,175500,38.725162744522095,1.0,1.0,1.0,0.9951079999999999,0.0,0.0,0.0,0.0,0.0,0.0,0.0,0.0,0.0,0.0,0.0,0.0,0.0,0.0,0.0025,0.9975,0.048274068630222176,1887,0.0005516869986969775,5.233484750513204e-07,0.00012086372022502812,16,20,False,0.995,0.005,0.66,fixed,100,none,89088af6-702d-46f1-85f7-fa99660871db
1300,175600,38.74487519264221,1.0,1.0,1.0,0.9951079999999999,0.0,0.0,0.0,0.0,0.0,0.0,0.0,0.0,0.0,0.0,0.0,0.0,0.0,0.0,0.0025,0.9975,0.048274068630222176,1887,0.0005521610614406477,5.231018655675886e-07,0.00012096744570381563,16,20,False,0.995,0.005,0.66,fixed,100,none,89088af6-702d-46f1-85f7-fa99660871db
1301,175900,38.7646210193634,1.0,1.0,1.0,0.9951079999999999,0.0,0.0,0.0,0.0,0.0,0.0,0.0,0.0,0.0,0.0,0.0,0.0,0.0,0.0,0.0025,0.9975,0.04827406863022218,1887,0.0005502827194670667,5.22264988776219e-07,0.00012055611763920838,16,20,False,0.995,0.005,0.66,fixed,100,none,89088af6-702d-46f1-85f7-fa99660871db
1302,176000,38.78450107574463,1.0,1.0,1.0,0.9951079999999999,0.0,0.0,0.0,0.0,0.0,0.0,0.0,0.0,0.0,0.0,0.0,0.0,0.0,0.0,0.0025,0.9975,0.048274068630222176,1887,0.0005510208438556925,5.242646130941083e-07,0.00012071807299649899,16,20,False,0.995,0.005,0.66,fixed,100,none,89088af6-702d-46f1-85f7-fa99660871db
1303,176200,38.80446410179138,1.0,1.0,1.0,0.9951079999999999,0.0,0.0,0.0,0.0,0.0,0.0,0.0,0.0,0.0,0.0,0.0,0.0,0.0,0.0,0.0025,0.9975,0.04827406863022218,1887,0.0005519195977254756,5.269468700207332e-07,0.00012091531984741054,16,20,False,0.995,0.005,0.66,fixed,100,none,89088af6-702d-46f1-85f7-fa99660871db
1304,176300,38.82421660423279,1.0,1.0,1.0,0.9951079999999999,0.0,0.0,0.0,0.0,0.0,0.0,0.0,0.0,0.0,0.0,0.0,0.0,0.0,0.0,0.0025,0.9975,0.0478808550197549,1888,0.0005517657105129117,5.274422043953605e-07,0.00012088172805011149,16,20,False,0.995,0.005,0.66,fixed,100,none,89088af6-702d-46f1-85f7-fa99660871db
1305,176400,38.8439257144928,1.0,1.0,1.0,0.9951079999999999,0.0,0.0,0.0,0.0,0.0,0.0,0.0,0.0,0.0,0.0,0.0,0.0,0.0,0.0,0.0025,0.9975,0.0478808550197549,1888,0.0005533558656691929,5.300932794695787e-07,0.00012123031671808554,16,20,False,0.995,0.005,0.66,fixed,100,none,89088af6-702d-46f1-85f7-fa99660871db
1306,176500,38.86358666419983,1.0,1.0,1.0,0.9951079999999999,0.0,0.0,0.0,0.0,0.0,0.0,0.0,0.0,0.0,0.0,0.0,0.0,0.0,0.0,0.0025,0.9975,0.0478808550197549,1888,0.0005539514053089714,5.31773193694484e-07,0.00012136099952893579,16,20,False,0.995,0.005,0.66,fixed,100,none,89088af6-702d-46f1-85f7-fa99660871db
1307,176600,38.883315563201904,1.0,1.0,1.0,0.9951079999999999,0.0,0.0,0.0,0.0,0.0,0.0,0.0,0.0,0.0,0.0,0.0,0.0,0.0,0.0,0.0025,0.9975,0.0478808550197549,1888,0.0005535494189468867,5.306942748449624e-07,0.00012127279971969405,16,20,False,0.995,0.005,0.66,fixed,100,none,89088af6-702d-46f1-85f7-fa99660871db
1308,176700,38.90300631523132,1.0,1.0,1.0,0.9951079999999999,0.0,0.0,0.0,0.0,0.0,0.0,0.0,0.0,0.0,0.0,0.0,0.0,0.0,0.0,0.0025,0.9975,0.0478808550197549,1888,0.0005545207924315969,5.330081012245748e-07,0.00012148587300250924,16,20,False,0.995,0.005,0.66,fixed,100,none,89088af6-702d-46f1-85f7-fa99660871db
1309,176900,38.92222619056702,1.0,1.0,1.0,0.9951079999999999,0.0,0.0,0.0,0.0,0.0,0.0,0.0,0.0,0.0,0.0,0.0,0.0,0.0,0.0,0.0025,0.9975,0.0478808550197549,1888,0.0005553593781967777,5.356632965183205e-07,0.00012166994391361311,16,20,False,0.995,0.005,0.66,fixed,100,none,89088af6-702d-46f1-85f7-fa99660871db
1310,177000,38.94189143180847,1.0,1.0,1.0,0.9951079999999999,0.0,0.0,0.0,0.0,0.0,0.0,0.0,0.0,0.0,0.0,0.0,0.0,0.0,0.0,0.0025,0.9975,0.0478808550197549,1888,0.0005552115572938911,5.346790760944699e-07,0.0001216373989160907,16,20,False,0.995,0.005,0.66,fixed,100,none,89088af6-702d-46f1-85f7-fa99660871db
1311,177300,38.96159076690674,1.0,1.0,1.0,0.9951079999999999,0.0,0.0,0.0,0.0,0.0,0.0,0.0,0.0,0.0,0.0,0.0,0.0,0.0,0.0,0.0025,0.9975,0.0478808550197549,1888,0.0005567430793131735,5.388581095849589e-07,0.00012197344310247483,16,20,False,0.995,0.005,0.66,fixed,100,none,89088af6-702d-46f1-85f7-fa99660871db
1312,177400,38.98127269744873,1.0,1.0,1.0,0.9951079999999999,0.0,0.0,0.0,0.0,0.0,0.0,0.0,0.0,0.0,0.0,0.0,0.0,0.0,0.0,0.0025,0.9975,0.0478808550197549,1888,0.0005583017146879525,5.411118629184806e-07,0.0001223150565991473,16,20,False,0.995,0.005,0.66,fixed,100,none,89088af6-702d-46f1-85f7-fa99660871db
1313,177700,39.00087761878967,1.0,1.0,1.0,0.9951079999999999,0.0,0.0,0.0,0.0,0.0,0.0,0.0,0.0,0.0,0.0,0.0,0.0,0.0,0.0,0.0025,0.9975,0.0478808550197549,1888,0.0005590115760528746,5.454159309719418e-07,0.00012247126302485892,16,20,False,0.995,0.005,0.66,fixed,100,none,89088af6-702d-46f1-85f7-fa99660871db
1314,177800,39.02056694030762,1.0,1.0,1.0,0.9951079999999999,0.0,0.0,0.0,0.0,0.0,0.0,0.0,0.0,0.0,0.0,0.0,0.0,0.0,0.0,0.0025,0.9975,0.0478808550197549,1888,0.0005600040224593886,5.458932664934313e-07,0.00012268860023699393,16,20,False,0.995,0.005,0.66,fixed,100,none,89088af6-702d-46f1-85f7-fa99660871db
1315,177900,39.04034948348999,1.0,1.0,1.0,0.9951079999999999,0.0,0.0,0.0,0.0,0.0,0.0,0.0,0.0,0.0,0.0,0.0,0.0,0.0,0.0,0.0025,0.9975,0.04827406863022218,1887,0.0005614105570253787,5.467340153455555e-07,0.00012299665039577104,16,20,False,0.995,0.005,0.66,fixed,100,none,89088af6-702d-46f1-85f7-fa99660871db
1316,178000,39.06010866165161,1.0,1.0,1.0,0.9951079999999999,0.0,0.0,0.0,0.0,0.0,0.0,0.0,0.0,0.0,0.0,0.0,0.0,0.0,0.0,0.0025,0.9975,0.0478808550197549,1888,0.0005613532858410232,5.472083891383715e-07,0.00012298420386453628,16,20,False,0.995,0.005,0.66,fixed,100,none,89088af6-702d-46f1-85f7-fa99660871db
1317,178100,39.079957008361816,1.0,1.0,1.0,0.9951079999999999,0.0,0.0,0.0,0.0,0.0,0.0,0.0,0.0,0.0,0.0,0.0,0.0,0.0,0.0,0.0025,0.9975,0.0478808550197549,1888,0.0005618569382609892,5.46771371046871e-07,0.00012309437034582947,16,20,False,0.995,0.005,0.66,fixed,100,none,89088af6-702d-46f1-85f7-fa99660871db
1318,178400,39.09985828399658,1.0,1.0,1.0,0.9951079999999999,0.0,0.0,0.0,0.0,0.0,0.0,0.0,0.0,0.0,0.0,0.0,0.0,0.0,0.0,0.0025,0.9975,0.047486636390474915,1889,0.0005648544844335872,5.516258922633175e-07,0.00012375145556204226,16,20,False,0.995,0.005,0.66,fixed,100,none,89088af6-702d-46f1-85f7-fa99660871db
1319,178500,39.11978721618652,1.0,1.0,1.0,0.9951079999999999,0.0,0.0,0.0,0.0,0.0,0.0,0.0,0.0,0.0,0.0,0.0,0.0,0.0,0.0,0.0025,0.9975,0.0478808550197549,1888,0.0005658786154465541,5.536047615937978e-07,0.00012397601382595352,16,20,False,0.995,0.005,0.66,fixed,100,none,89088af6-702d-46f1-85f7-fa99660871db
1320,178700,39.13970685005188,1.0,1.0,1.0,0.9951079999999999,0.0,0.0,0.0,0.0,0.0,0.0,0.0,0.0,0.0,0.0,0.0,0.0,0.0,0.0,0.0025,0.9975,0.047486636390474915,1889,0.0005671321706053454,5.548299736801961e-07,0.00012425064984050938,16,20,False,0.995,0.005,0.66,fixed,100,none,89088af6-702d-46f1-85f7-fa99660871db
1321,178800,39.159690618515015,1.0,1.0,1.0,0.9951079999999999,0.0,0.0,0.0,0.0,0.0,0.0,0.0,0.0,0.0,0.0,0.0,0.0,0.0,0.0,0.0025,0.9975,0.047486636390474915,1889,0.0005669104222675086,5.551175464579282e-07,0.00012420216376818463,16,20,False,0.995,0.005,0.66,fixed,100,none,89088af6-702d-46f1-85f7-fa99660871db
1322,179100,39.179466009140015,1.0,1.0,1.0,0.9951079999999999,0.0,0.0,0.0,0.0,0.0,0.0,0.0,0.0,0.0,0.0,0.0,0.0,0.0,0.0,0.0025,0.9975,0.047486636390474915,1889,0.0005675011273872162,5.544494993313697e-07,0.0001243313421899346,16,20,False,0.995,0.005,0.66,fixed,100,none,89088af6-702d-46f1-85f7-fa99660871db
1323,179200,39.19905734062195,1.0,1.0,1.0,0.9951079999999999,0.0,0.0,0.0,0.0,0.0,0.0,0.0,0.0,0.0,0.0,0.0,0.0,0.0,0.0,0.0025,0.9975,0.047486636390474915,1889,0.0005685729987057182,5.540800918926942e-07,0.00012456590463414134,16,20,False,0.995,0.005,0.66,fixed,100,none,89088af6-702d-46f1-85f7-fa99660871db
1324,179300,39.21876907348633,1.0,1.0,1.0,0.9951079999999999,0.0,0.0,0.0,0.0,0.0,0.0,0.0,0.0,0.0,0.0,0.0,0.0,0.0,0.0,0.0025,0.9975,0.047486636390474915,1889,0.0005677918557881469,5.539173704088092e-07,0.00012439488153240304,16,20,False,0.995,0.005,0.66,fixed,100,none,89088af6-702d-46f1-85f7-fa99660871db
1325,179400,39.238388776779175,1.0,1.0,1.0,0.9951079999999999,0.0,0.0,0.0,0.0,0.0,0.0,0.0,0.0,0.0,0.0,0.0,0.0,0.0,0.0,0.0025,0.9975,0.047486636390474915,1889,0.0005696803787979573,5.555105918168714e-07,0.0001248085819313181,16,20,False,0.995,0.005,0.66,fixed,100,none,89088af6-702d-46f1-85f7-fa99660871db
1326,179500,39.25801968574524,1.0,1.0,1.0,0.9951079999999999,0.0,0.0,0.0,0.0,0.0,0.0,0.0,0.0,0.0,0.0,0.0,0.0,0.0,0.0,0.0025,0.9975,0.04827406863022218,1887,0.0005702894426260889,5.567307072792843e-07,0.0001249421378252339,16,20,False,0.995,0.005,0.66,fixed,100,none,89088af6-702d-46f1-85f7-fa99660871db
1327,179600,39.27773308753967,1.0,1.0,1.0,0.9951079999999999,0.0,0.0,0.0,0.0,0.0,0.0,0.0,0.0,0.0,0.0,0.0,0.0,0.0,0.0,0.0025,0.9975,0.04827406863022218,1887,0.0005691068517281988,5.554759322746038e-07,0.0001246830302704349,16,20,False,0.995,0.005,0.66,fixed,100,none,89088af6-702d-46f1-85f7-fa99660871db
1328,179800,39.29766821861267,1.0,1.0,1.0,0.9951079999999999,0.0,0.0,0.0,0.0,0.0,0.0,0.0,0.0,0.0,0.0,0.0,0.0,0.0,0.0,0.0025,0.9975,0.04827406863022218,1887,0.000570360608676249,5.564677901257422e-07,0.0001249576661193548,16,20,False,0.995,0.005,0.66,fixed,100,none,89088af6-702d-46f1-85f7-fa99660871db
1329,179900,39.31742072105408,1.0,1.0,1.0,0.9951079999999999,0.0,0.0,0.0,0.0,0.0,0.0,0.0,0.0,0.0,0.0,0.0,0.0,0.0,0.0,0.0025,0.9975,0.04827406863022218,1887,0.000570125087196063,5.555824688702948e-07,0.00012490594225630355,16,20,False,0.995,0.005,0.66,fixed,100,none,89088af6-702d-46f1-85f7-fa99660871db
1330,180200,39.33724284172058,1.0,1.0,1.0,0.9951079999999999,0.0,0.0,0.0,0.0,0.0,0.0,0.0,0.0,0.0,0.0,0.0,0.0,0.0,0.0,0.0025,0.9975,0.0478808550197549,1888,0.0005720741384293896,5.609705654354663e-07,0.0001253336133096261,16,20,False,0.995,0.005,0.66,fixed,100,none,89088af6-702d-46f1-85f7-fa99660871db
1331,180300,39.357173681259155,1.0,1.0,1.0,0.9951079999999999,0.0,0.0,0.0,0.0,0.0,0.0,0.0,0.0,0.0,0.0,0.0,0.0,0.0,0.0,0.0025,0.9975,0.0478808550197549,1888,0.0005711444656134015,5.604196561828889e-07,0.00012513000325744834,16,20,False,0.995,0.005,0.66,fixed,100,none,89088af6-702d-46f1-85f7-fa99660871db
1332,180500,39.376951932907104,1.0,1.0,1.0,0.9951079999999999,0.0,0.0,0.0,0.0,0.0,0.0,0.0,0.0,0.0,0.0,0.0,0.0,0.0,0.0,0.0025,0.9975,0.0478808550197549,1888,0.0005699139660216849,5.581550565423115e-07,0.00012486021662288987,16,20,False,0.995,0.005,0.66,fixed,100,none,89088af6-702d-46f1-85f7-fa99660871db
1333,180600,39.39653539657593,0.99900075,0.999002,1.0,0.9960719999999998,0.0,0.0,0.0,0.0,0.0,0.0,0.0005,0.0,0.0,0.0,0.0005,0.0,0.0,0.0,0.002,0.9975,0.04827406863022218,1887,0.0005704109813695194,5.593028413070265e-07,0.00012496923136163615,16,20,False,0.995,0.005,0.66,fixed,100,none,89088af6-702d-46f1-85f7-fa99660871db
1334,180800,39.41626524925232,0.99900075,0.999002,1.0,0.9960719999999998,0.0,0.0,0.0,0.0,0.0,0.0,0.0005,0.0,0.0,0.0,0.0005,0.0,0.0,0.0,0.002,0.9975,0.04827406863022218,1887,0.0005698375848283297,5.595326712876604e-07,0.00012484375852646603,16,20,False,0.995,0.005,0.66,fixed,100,none,89088af6-702d-46f1-85f7-fa99660871db
1335,180900,39.43626689910889,0.99900075,0.999002,1.0,0.9960719999999998,0.0,0.0,0.0,0.0,0.0,0.0,0.0005,0.0,0.0,0.0,0.0005,0.0,0.0,0.0,0.002,0.9975,0.04827406863022218,1887,0.0005716864720932994,5.615915141469391e-07,0.00012524887112891117,16,20,False,0.995,0.005,0.66,fixed,100,none,89088af6-702d-46f1-85f7-fa99660871db
1336,181000,39.46028709411621,0.99900075,0.999002,1.0,0.9960719999999998,0.0,0.0,0.0,0.0,0.0,0.0,0.0005,0.0,0.0,0.0,0.0005,0.0,0.0,0.0,0.002,0.9975,0.04827406863022218,1887,0.0005738295944130136,5.651434383974826e-07,0.0001257186754703042,16,20,False,0.995,0.005,0.66,fixed,100,none,89088af6-702d-46f1-85f7-fa99660871db
1337,181300,39.48127293586731,0.99900075,0.999002,1.0,0.9960719999999998,0.0,0.0,0.0,0.0,0.0,0.0,0.0005,0.0,0.0,0.0,0.0005,0.0,0.0,0.0,0.002,0.9975,0.04827406863022218,1887,0.000574897808141344,5.681866066438838e-07,0.00012595308565740252,16,20,False,0.995,0.005,0.66,fixed,100,none,89088af6-702d-46f1-85f7-fa99660871db
1338,181400,39.50151705741882,1.0,1.0,1.0,0.9951079999999999,0.0,0.0,0.0,0.0,0.0,0.0,0.0,0.0,0.0,0.0,0.0,0.0,0.0,0.0,0.0025,0.9975,0.0478808550197549,1888,0.000575390165122216,5.680221672122518e-07,0.00012606083135702342,16,20,False,0.995,0.005,0.66,fixed,100,none,89088af6-702d-46f1-85f7-fa99660871db
1339,181600,39.52155113220215,1.0,1.0,1.0,0.9951079999999999,0.0,0.0,0.0,0.0,0.0,0.0,0.0,0.0,0.0,0.0,0.0,0.0,0.0,0.0,0.0025,0.9975,0.0478808550197549,1888,0.000574488783492042,5.665670471985313e-07,0.00012586324244537572,16,20,False,0.995,0.005,0.66,fixed,100,none,89088af6-702d-46f1-85f7-fa99660871db
1340,181700,39.54153060913086,1.0,1.0,1.0,0.9951079999999999,0.0,0.0,0.0,0.0,0.0,0.0,0.0,0.0,0.0,0.0,0.0,0.0,0.0,0.0,0.0025,0.9975,0.0478808550197549,1888,0.0005750860349458984,5.673869507045379e-07,0.00012599413657029103,16,20,False,0.995,0.005,0.66,fixed,100,none,89088af6-702d-46f1-85f7-fa99660871db
1341,182000,39.561636447906494,1.0,1.0,1.0,0.9951079999999999,0.0,0.0,0.0,0.0,0.0,0.0,0.0,0.0,0.0,0.0,0.0,0.0,0.0,0.0,0.0025,0.9975,0.04827406863022218,1887,0.0005747933988759259,5.691288805043198e-07,0.00012593040950123602,16,20,False,0.995,0.005,0.66,fixed,100,none,89088af6-702d-46f1-85f7-fa99660871db
1342,182100,39.5823929309845,1.0,1.0,1.0,0.9951079999999999,0.0,0.0,0.0,0.0,0.0,0.0,0.0,0.0,0.0,0.0,0.0,0.0,0.0,0.0,0.0025,0.9975,0.04827406863022218,1887,0.0005747933988759259,5.691288805043198e-07,0.00012593040950123602,16,20,False,0.995,0.005,0.66,fixed,100,none,89088af6-702d-46f1-85f7-fa99660871db
1343,182300,39.60298013687134,1.0,1.0,1.0,0.9951079999999999,0.0,0.0,0.0,0.0,0.0,0.0,0.0,0.0,0.0,0.0,0.0,0.0,0.0,0.0,0.0025,0.9975,0.04827406863022218,1887,0.0005738648752629427,5.678461153401831e-07,0.00012572691195697282,16,20,False,0.995,0.005,0.66,fixed,100,none,89088af6-702d-46f1-85f7-fa99660871db
1344,182400,39.623626708984375,1.0,1.0,1.0,0.9951079999999999,0.0,0.0,0.0,0.0,0.0,0.0,0.0,0.0,0.0,0.0,0.0,0.0,0.0,0.0,0.0025,0.9975,0.04827406863022218,1887,0.0005756410884881773,5.692953819929592e-07,0.00012611600039264068,16,20,False,0.995,0.005,0.66,fixed,100,none,89088af6-702d-46f1-85f7-fa99660871db
1345,182700,39.644206047058105,1.0,1.0,1.0,0.9951079999999999,0.0,0.0,0.0,0.0,0.0,0.0,0.0,0.0,0.0,0.0,0.0,0.0,0.0,0.0,0.0025,0.9975,0.04827406863022218,1887,0.0005744062230319718,5.662127137659583e-07,0.00012584510263731415,16,20,False,0.995,0.005,0.66,fixed,100,none,89088af6-702d-46f1-85f7-fa99660871db
1346,182800,39.664894580841064,1.0,1.0,1.0,0.9951079999999999,0.0,0.0,0.0,0.0,0.0,0.0,0.0,0.0,0.0,0.0,0.0,0.0,0.0,0.0,0.0025,0.9975,0.04827406863022218,1887,0.0005750496288348121,5.655143350831057e-07,0.00012598581147560617,16,20,False,0.995,0.005,0.66,fixed,100,none,89088af6-702d-46f1-85f7-fa99660871db
1347,183100,39.685288190841675,1.0,1.0,1.0,0.9951079999999999,0.0,0.0,0.0,0.0,0.0,0.0,0.0,0.0,0.0,0.0,0.0,0.0,0.0,0.0,0.0025,0.9975,0.04827406863022218,1887,0.000574610182936746,5.658751361079018e-07,0.0001258896853207142,16,20,False,0.995,0.005,0.66,fixed,100,none,89088af6-702d-46f1-85f7-fa99660871db
1348,183200,39.70590114593506,1.0,1.0,1.0,0.9951079999999999,0.0,0.0,0.0,0.0,0.0,0.0,0.0,0.0,0.0,0.0,0.0,0.0,0.0,0.0,0.0025,0.9975,0.04827406863022218,1887,0.0005753109599949067,5.6652975670544e-07,0.00012604320979665913,16,20,False,0.995,0.005,0.66,fixed,100,none,89088af6-702d-46f1-85f7-fa99660871db
1349,183400,39.72642111778259,1.0,1.0,1.0,0.9951079999999999,0.0,0.0,0.0,0.0,0.0,0.0,0.0,0.0,0.0,0.0,0.0,0.0,0.0,0.0,0.0025,0.9975,0.04827406863022218,1887,0.0005742513749169417,5.658088117333254e-07,0.00012581112964354788,16,20,False,0.995,0.005,0.66,fixed,100,none,89088af6-702d-46f1-85f7-fa99660871db
1350,183500,39.74688768386841,1.0,1.0,1.0,0.9951079999999999,0.0,0.0,0.0,0.0,0.0,0.0,0.0,0.0,0.0,0.0,0.0,0.0,0.0,0.0,0.0025,0.9975,0.04827406863022218,1887,0.0005740771291225007,5.66810858602176e-07,0.0001257731776280498,16,20,False,0.995,0.005,0.66,fixed,100,none,89088af6-702d-46f1-85f7-fa99660871db
1351,183800,39.767115354537964,1.0,1.0,1.0,0.9951079999999999,0.0,0.0,0.0,0.0,0.0,0.0,0.0,0.0,0.0,0.0,0.0,0.0,0.0,0.0,0.0025,0.9975,0.04827406863022218,1887,0.0005756380698312691,5.692798223901523e-07,0.00012611533665231894,16,20,False,0.995,0.005,0.66,fixed,100,none,89088af6-702d-46f1-85f7-fa99660871db
1352,183900,39.78752589225769,1.0,1.0,1.0,0.9951079999999999,0.0,0.0,0.0,0.0,0.0,0.0,0.0,0.0,0.0,0.0,0.0,0.0,0.0,0.0,0.0025,0.9975,0.04827406863022218,1887,0.0005771145458015671,5.694912505637438e-07,0.00012643857741357015,16,20,False,0.995,0.005,0.66,fixed,100,none,89088af6-702d-46f1-85f7-fa99660871db
1353,184100,39.80761456489563,1.0,1.0,1.0,0.9951079999999999,0.0,0.0,0.0,0.0,0.0,0.0,0.0,0.0,0.0,0.0,0.0,0.0,0.0,0.0,0.0025,0.9975,0.04827406863022218,1887,0.0005768229917822188,5.704525644462386e-07,0.0001263749388883725,16,20,False,0.995,0.005,0.66,fixed,100,none,89088af6-702d-46f1-85f7-fa99660871db
1354,184200,39.827747106552124,1.0,1.0,1.0,0.9951079999999999,0.0,0.0,0.0,0.0,0.0,0.0,0.0,0.0,0.0,0.0,0.0,0.0,0.0,0.0,0.0025,0.9975,0.04827406863022218,1887,0.0005775111247499739,5.710888363578196e-07,0.00012652569208667727,16,20,False,0.995,0.005,0.66,fixed,100,none,89088af6-702d-46f1-85f7-fa99660871db
1355,184500,39.84791588783264,1.0,1.0,1.0,0.9951079999999999,0.0,0.0,0.0,0.0,0.0,0.0,0.0,0.0,0.0,0.0,0.0,0.0,0.0,0.0,0.0025,0.9975,0.04827406863022218,1887,0.0005764471253367009,5.688399950745742e-07,0.000126292355335268,16,20,False,0.995,0.005,0.66,fixed,100,none,89088af6-702d-46f1-85f7-fa99660871db
1356,184600,39.86782479286194,1.0,1.0,1.0,0.9951079999999999,0.0,0.0,0.0,0.0,0.0,0.0,0.0,0.0,0.0,0.0,0.0,0.0,0.0,0.0,0.0025,0.9975,0.04827406863022218,1887,0.0005777032355899878,5.722352777820087e-07,0.0001265679629734269,16,20,False,0.995,0.005,0.66,fixed,100,none,89088af6-702d-46f1-85f7-fa99660871db
1357,184900,39.8877432346344,1.0,1.0,1.0,0.9951079999999999,0.0,0.0,0.0,0.0,0.0,0.0,0.0,0.0,0.0,0.0,0.0,0.0,0.0,0.0,0.0025,0.9975,0.04827406863022218,1887,0.0005787528960428875,5.76217913677113e-07,0.00012679849034738676,16,20,False,0.995,0.005,0.66,fixed,100,none,89088af6-702d-46f1-85f7-fa99660871db
1358,185000,39.907830476760864,1.0,1.0,1.0,0.9951079999999999,0.0,0.0,0.0,0.0,0.0,0.0,0.0,0.0,0.0,0.0,0.0,0.0,0.0,0.0,0.0025,0.9975,0.04827406863022218,1887,0.0005789433835006863,5.764930239773586e-07,0.00012684024032285596,16,20,False,0.995,0.005,0.66,fixed,100,none,89088af6-702d-46f1-85f7-fa99660871db
1359,185200,39.927984952926636,1.0,1.0,1.0,0.9951079999999999,0.0,0.0,0.0,0.0,0.0,0.0,0.0,0.0,0.0,0.0,0.0,0.0,0.0,0.0,0.0025,0.9975,0.04827406863022218,1887,0.000580563812121429,5.77668461429894e-07,0.0001271951754810525,16,20,False,0.995,0.005,0.66,fixed,100,none,89088af6-702d-46f1-85f7-fa99660871db
1360,185300,39.947964906692505,1.0,1.0,1.0,0.9951079999999999,0.0,0.0,0.0,0.0,0.0,0.0,0.0,0.0,0.0,0.0,0.0,0.0,0.0,0.0,0.0025,0.9975,0.047880855019754906,1888,0.0005808188548690961,5.772237042554763e-07,0.00012725091983465368,16,20,False,0.995,0.005,0.66,fixed,100,none,89088af6-702d-46f1-85f7-fa99660871db
1361,185400,39.967883348464966,1.0,1.0,1.0,0.9951079999999999,0.0,0.0,0.0,0.0,0.0,0.0,0.0,0.0,0.0,0.0,0.0,0.0,0.0,0.0,0.0025,0.9975,0.047880855019754906,1888,0.0005802023934611426,5.7856252398274e-07,0.00012711623080820085,16,20,False,0.995,0.005,0.66,fixed,100,none,89088af6-702d-46f1-85f7-fa99660871db
1362,185600,39.98781681060791,1.0,1.0,1.0,0.9951079999999999,0.0,0.0,0.0,0.0,0.0,0.0,0.0,0.0,0.0,0.0,0.0,0.0,0.0,0.0,0.0025,0.9975,0.04827406863022218,1887,0.0005807160452739531,5.796490845042469e-07,0.00012722887563652415,16,20,False,0.995,0.005,0.66,fixed,100,none,89088af6-702d-46f1-85f7-fa99660871db
1363,185700,40.007802963256836,1.0,1.0,1.0,0.9951079999999999,0.0,0.0,0.0,0.0,0.0,0.0,0.0,0.0,0.0,0.0,0.0,0.0,0.0,0.0,0.0025,0.9975,0.047880855019754906,1888,0.0005800662655660624,5.805781641868863e-07,0.00012708681538360658,16,20,False,0.995,0.005,0.66,fixed,100,none,89088af6-702d-46f1-85f7-fa99660871db
1364,185900,40.02743363380432,1.0,1.0,1.0,0.9951079999999999,0.0,0.0,0.0,0.0,0.0,0.0,0.0,0.0,0.0,0.0,0.0,0.0,0.0,0.0,0.0025,0.9975,0.047880855019754906,1888,0.0005800615074070939,5.80563464825317e-07,0.00012708577102972968,16,20,False,0.995,0.005,0.66,fixed,100,none,89088af6-702d-46f1-85f7-fa99660871db
1365,186000,40.04727625846863,1.0,1.0,1.0,0.9951079999999999,0.0,0.0,0.0,0.0,0.0,0.0,0.0,0.0,0.0,0.0,0.0,0.0,0.0,0.0,0.0025,0.9975,0.04827406863022218,1887,0.0005804072046509114,5.795549563841478e-07,0.0001271612525397975,16,20,False,0.995,0.005,0.66,fixed,100,none,89088af6-702d-46f1-85f7-fa99660871db
1366,186300,40.06717538833618,1.0,1.0,1.0,0.9951079999999999,0.0,0.0,0.0,0.0,0.0,0.0,0.0,0.0,0.0,0.0,0.0,0.0,0.0,0.0,0.0025,0.9975,0.047880855019754906,1888,0.0005816086392547243,5.809588914814481e-07,0.00012742451332224065,16,20,False,0.995,0.005,0.66,fixed,100,none,89088af6-702d-46f1-85f7-fa99660871db
1367,186400,40.087361335754395,1.0,1.0,1.0,0.9951079999999999,0.0,0.0,0.0,0.0,0.0,0.0,0.0,0.0,0.0,0.0,0.0,0.0,0.0,0.0,0.0025,0.9975,0.047880855019754906,1888,0.0005821618039019007,5.812870003211012e-07,0.00012754566340418707,16,20,False,0.995,0.005,0.66,fixed,100,none,89088af6-702d-46f1-85f7-fa99660871db
1368,186700,40.10723829269409,1.0,1.0,1.0,0.9951079999999999,0.0,0.0,0.0,0.0,0.0,0.0,0.0,0.0,0.0,0.0,0.0,0.0,0.0,0.0,0.0025,0.9975,0.047880855019754906,1888,0.0005822990385296117,5.81333671231754e-07,0.00012757571293166604,16,20,False,0.995,0.005,0.66,fixed,100,none,89088af6-702d-46f1-85f7-fa99660871db
1369,186800,40.126948595047,1.0,1.0,1.0,0.9951079999999999,0.0,0.0,0.0,0.0,0.0,0.0,0.0,0.0,0.0,0.0,0.0,0.0,0.0,0.0,0.0025,0.9975,0.047880855019754906,1888,0.0005819683618359531,5.805819585144702e-07,0.00012750318497800788,16,20,False,0.995,0.005,0.66,fixed,100,none,89088af6-702d-46f1-85f7-fa99660871db
1370,186900,40.14697480201721,1.0,1.0,1.0,0.9951079999999999,0.0,0.0,0.0,0.0,0.0,0.0,0.0,0.0,0.0,0.0,0.0,0.0,0.0,0.0,0.0025,0.9975,0.047880855019754906,1888,0.000581588720027965,5.806274818402367e-07,0.00012742009003567116,16,20,False,0.995,0.005,0.66,fixed,100,none,89088af6-702d-46f1-85f7-fa99660871db
1371,187000,40.16693711280823,1.0,1.0,1.0,0.9951079999999999,0.0,0.0,0.0,0.0,0.0,0.0,0.0,0.0,0.0,0.0,0.0,0.0,0.0,0.0,0.0025,0.9975,0.047880855019754906,1888,0.000581588720027965,5.806274818402367e-07,0.00012742009003567116,16,20,False,0.995,0.005,0.66,fixed,100,none,89088af6-702d-46f1-85f7-fa99660871db
1372,187100,40.18695902824402,1.0,1.0,1.0,0.9951079999999999,0.0,0.0,0.0,0.0,0.0,0.0,0.0,0.0,0.0,0.0,0.0,0.0,0.0,0.0,0.0025,0.9975,0.047880855019754906,1888,0.0005822325547276234,5.826832354143371e-07,0.0001275614160446055,16,20,False,0.995,0.005,0.66,fixed,100,none,89088af6-702d-46f1-85f7-fa99660871db
1373,187400,40.20694375038147,1.0,1.0,1.0,0.9951079999999999,0.0,0.0,0.0,0.0,0.0,0.0,0.0,0.0,0.0,0.0,0.0,0.0,0.0,0.0,0.0025,0.9975,0.047880855019754906,1888,0.0005831235799770785,5.834059181145954e-07,0.00012775659878142427,16,20,False,0.995,0.005,0.66,fixed,100,none,89088af6-702d-46f1-85f7-fa99660871db
1374,187500,40.22699785232544,1.0,1.0,1.0,0.9951079999999999,0.0,0.0,0.0,0.0,0.0,0.0,0.0,0.0,0.0,0.0,0.0,0.0,0.0,0.0,0.0025,0.9975,0.047880855019754906,1888,0.000583807523622375,5.84889969135114e-07,0.0001279065960150736,16,20,False,0.995,0.005,0.66,fixed,100,none,89088af6-702d-46f1-85f7-fa99660871db
1375,187700,40.24697232246399,1.0,1.0,1.0,0.9951079999999999,0.0,0.0,0.0,0.0,0.0,0.0,0.0,0.0,0.0,0.0,0.0,0.0,0.0,0.0,0.0025,0.9975,0.047880855019754906,1888,0.0005855672568421603,5.890000668513155e-07,0.00012829258253545066,16,20,False,0.995,0.005,0.66,fixed,100,none,89088af6-702d-46f1-85f7-fa99660871db
1376,187800,40.26697134971619,1.0,1.0,1.0,0.9951079999999999,0.0,0.0,0.0,0.0,0.0,0.0,0.0,0.0,0.0,0.0,0.0,0.0,0.0,0.0,0.0025,0.9975,0.047880855019754906,1888,0.0005851390210286716,5.892074124274136e-07,0.00012819888111153743,16,20,False,0.995,0.005,0.66,fixed,100,none,89088af6-702d-46f1-85f7-fa99660871db
1377,188100,40.28696537017822,0.99900075,0.999002,1.0,0.9960719999999998,0.0,0.0,0.0,0.0,0.0,0.0,0.0005,0.0,0.0,0.0,0.0005,0.0,0.0,0.0,0.002,0.9975,0.047880855019754906,1888,0.0005830384643190603,5.870207987506605e-07,0.00012773865379120492,16,20,False,0.995,0.005,0.66,fixed,100,none,89088af6-702d-46f1-85f7-fa99660871db
1378,188200,40.306992292404175,0.99900075,0.999002,1.0,0.9960719999999998,0.0,0.0,0.0,0.0,0.0,0.0,0.0005,0.0,0.0,0.0,0.0005,0.0,0.0,0.0,0.002,0.9975,0.047880855019754906,1888,0.0005844381584538101,5.859839177006279e-07,0.00012804484982990218,16,20,False,0.995,0.005,0.66,fixed,100,none,89088af6-702d-46f1-85f7-fa99660871db
1379,188300,40.326932191848755,0.99900075,0.999002,1.0,0.9960719999999998,0.0,0.0,0.0,0.0,0.0,0.0,0.0005,0.0,0.0,0.0,0.0005,0.0,0.0,0.0,0.002,0.9975,0.047880855019754906,1888,0.0005843140079352044,5.866531801439973e-07,0.00012801780044124363,16,20,False,0.995,0.005,0.66,fixed,100,none,89088af6-702d-46f1-85f7-fa99660871db
1380,188400,40.34683394432068,0.99900075,0.999002,1.0,0.9960719999999998,0.0,0.0,0.0,0.0,0.0,0.0,0.0005,0.0,0.0,0.0,0.0005,0.0,0.0,0.0,0.002,0.9975,0.047880855019754906,1888,0.0005839438055811602,5.861027125560804e-07,0.00012793665855710164,16,20,False,0.995,0.005,0.66,fixed,100,none,89088af6-702d-46f1-85f7-fa99660871db
1381,188500,40.36674642562866,0.99900075,0.999002,1.0,0.9960719999999998,0.0,0.0,0.0,0.0,0.0,0.0,0.0005,0.0,0.0,0.0,0.0005,0.0,0.0,0.0,0.002,0.9975,0.047880855019754906,1888,0.0005850799511975905,5.869860434247143e-07,0.00012818552866540326,16,20,False,0.995,0.005,0.66,fixed,100,none,89088af6-702d-46f1-85f7-fa99660871db
1382,188600,40.3867404460907,0.99900075,0.999002,1.0,0.9960719999999998,0.0,0.0,0.0,0.0,0.0,0.0,0.0005,0.0,0.0,0.0,0.0005,0.0,0.0,0.0,0.002,0.9975,0.047880855019754906,1888,0.0005853086383755579,5.869014890382512e-07,0.00012823557222332692,16,20,False,0.995,0.005,0.66,fixed,100,none,89088af6-702d-46f1-85f7-fa99660871db
1383,188800,40.40686249732971,0.99900075,0.999002,1.0,0.9960719999999998,0.0,0.0,0.0,0.0,0.0,0.0,0.0005,0.0,0.0,0.0,0.0005,0.0,0.0,0.0,0.002,0.9975,0.047880855019754906,1888,0.0005847804648514712,5.873759457317858e-07,0.00012812004518567612,16,20,False,0.995,0.005,0.66,fixed,100,none,89088af6-702d-46f1-85f7-fa99660871db
1384,188900,40.42688012123108,0.99900075,0.999002,1.0,0.9960719999999998,0.0,0.0,0.0,0.0,0.0,0.0,0.0005,0.0,0.0,0.0,0.0005,0.0,0.0,0.0,0.002,0.9975,0.047880855019754906,1888,0.0005847282142901729,5.886735014573196e-07,0.00012810885407339576,16,20,False,0.995,0.005,0.66,fixed,100,none,89088af6-702d-46f1-85f7-fa99660871db
1385,189200,40.44682192802429,1.0,1.0,1.0,0.9951079999999999,0.0,0.0,0.0,0.0,0.0,0.0,0.0,0.0,0.0,0.0,0.0,0.0,0.0,0.0,0.0025,0.9975,0.047880855019754906,1888,0.000587645131797355,5.911777844453825e-07,0.00012874784312948563,16,20,False,0.995,0.005,0.66,fixed,100,none,89088af6-702d-46f1-85f7-fa99660871db
1386,189300,40.46669816970825,0.99900075,0.999002,1.0,0.9960719999999998,0.0,0.0,0.0,0.0,0.0,0.0,0.0005,0.0,0.0,0.0,0.0005,0.0,0.0,0.0,0.002,0.9975,0.047880855019754906,1888,0.0005885019739054421,5.933387704206685e-07,0.00012893581645428122,16,20,False,0.995,0.005,0.66,fixed,100,none,89088af6-702d-46f1-85f7-fa99660871db
1387,189500,40.487282514572144,1.0,1.0,1.0,0.9951079999999999,0.0,0.0,0.0,0.0,0.0,0.0,0.0,0.0,0.0,0.0,0.0,0.0,0.0,0.0,0.0025,0.9975,0.047486636390474915,1889,0.000590322311357498,5.948441929567846e-07,0.0001293345743528181,16,20,False,0.995,0.005,0.66,fixed,100,none,89088af6-702d-46f1-85f7-fa99660871db
1388,189600,40.50705647468567,1.0,1.0,1.0,0.9951079999999999,0.0,0.0,0.0,0.0,0.0,0.0,0.0,0.0,0.0,0.0,0.0,0.0,0.0,0.0,0.0025,0.9975,0.047486636390474915,1889,0.0005912617486252018,5.971116806104904e-07,0.00012954064799337267,16,20,False,0.995,0.005,0.66,fixed,100,none,89088af6-702d-46f1-85f7-fa99660871db
1389,189900,40.52679991722107,0.99900075,0.999002,1.0,0.9960719999999998,0.0,0.0,0.0,0.0,0.0,0.0,0.0005,0.0,0.0,0.0,0.0005,0.0,0.0,0.0,0.002,0.9975,0.047880855019754906,1888,0.0005908509830340668,5.993430690195844e-07,0.00012945115536927093,16,20,False,0.995,0.005,0.66,fixed,100,none,89088af6-702d-46f1-85f7-fa99660871db
1390,190000,40.546568632125854,0.99900075,0.999002,1.0,0.9960719999999998,0.0,0.0,0.0,0.0,0.0,0.0,0.0005,0.0,0.0,0.0,0.0005,0.0,0.0,0.0,0.002,0.9975,0.047880855019754906,1888,0.0005911259838002401,6.023874016240898e-07,0.00012951193146018116,16,20,False,0.995,0.005,0.66,fixed,100,none,89088af6-702d-46f1-85f7-fa99660871db
1391,190300,40.566394090652466,0.99900075,0.999002,1.0,0.9960719999999998,0.0,0.0,0.0,0.0,0.0,0.0,0.0005,0.0,0.0,0.0,0.0005,0.0,0.0,0.0,0.002,0.9975,0.047880855019754906,1888,0.000594458911118601,6.07681008777052e-07,0.0001302425150355294,16,20,False,0.995,0.005,0.66,fixed,100,none,89088af6-702d-46f1-85f7-fa99660871db
1392,190400,40.58832287788391,0.99900075,0.999002,1.0,0.9960719999999998,0.0,0.0,0.0,0.0,0.0,0.0,0.0005,0.0,0.0,0.0,0.0005,0.0,0.0,0.0,0.002,0.9975,0.047880855019754906,1888,0.000594458911118601,6.07681008777052e-07,0.0001302425150355294,16,20,False,0.995,0.005,0.66,fixed,100,none,89088af6-702d-46f1-85f7-fa99660871db
1393,190600,40.608463764190674,0.99900075,0.999002,1.0,0.9960719999999998,0.0,0.0,0.0,0.0,0.0,0.0,0.0005,0.0,0.0,0.0,0.0005,0.0,0.0,0.0,0.002,0.9975,0.047880855019754906,1888,0.0005944856890748786,6.07753378610683e-07,0.00013024839048042695,16,20,False,0.995,0.005,0.66,fixed,100,none,89088af6-702d-46f1-85f7-fa99660871db
1394,190700,40.62894797325134,0.99900075,0.999002,1.0,0.9960719999999998,0.0,0.0,0.0,0.0,0.0,0.0,0.0005,0.0,0.0,0.0,0.0005,0.0,0.0,0.0,0.002,0.9975,0.047880855019754906,1888,0.0005945122319158228,6.070250421471887e-07,0.00013025406232438155,16,20,False,0.995,0.005,0.66,fixed,100,none,89088af6-702d-46f1-85f7-fa99660871db
1395,191000,40.649171113967896,0.99900075,0.999002,1.0,0.9960719999999998,0.0,0.0,0.0,0.0,0.0,0.0,0.0005,0.0,0.0,0.0,0.0005,0.0,0.0,0.0,0.002,0.9975,0.047880855019754906,1888,0.0005960633961302484,6.104428353485796e-07,0.00013059426155162762,16,20,False,0.995,0.005,0.66,fixed,100,none,89088af6-702d-46f1-85f7-fa99660871db
1396,191100,40.669368267059326,0.99900075,0.999002,1.0,0.9960719999999998,0.0,0.0,0.0,0.0,0.0,0.0,0.0005,0.0,0.0,0.0,0.0005,0.0,0.0,0.0,0.002,0.9975,0.047880855019754906,1888,0.0005981713896059114,6.133288116722422e-07,0.00013105624965895174,16,20,False,0.995,0.005,0.66,fixed,100,none,89088af6-702d-46f1-85f7-fa99660871db
1397,191400,40.689395904541016,0.99900075,0.999002,1.0,0.9960719999999998,0.0,0.0,0.0,0.0,0.0,0.0,0.0005,0.0,0.0,0.0,0.0005,0.0,0.0,0.0,0.002,0.9975,0.047880855019754906,1888,0.0006015008534583342,6.1830287237647e-07,0.0001317860143677809,16,20,False,0.995,0.005,0.66,fixed,100,none,89088af6-702d-46f1-85f7-fa99660871db
1398,191500,40.7093939781189,0.99900075,0.999002,1.0,0.9960719999999998,0.0,0.0,0.0,0.0,0.0,0.0,0.0005,0.0,0.0,0.0,0.0005,0.0,0.0,0.0,0.002,0.9975,0.047880855019754906,1888,0.0006013993110979721,6.162032689568256e-07,0.0001317633878204479,16,20,False,0.995,0.005,0.66,fixed,100,none,89088af6-702d-46f1-85f7-fa99660871db
1399,191600,40.7294487953186,0.99900075,0.999002,1.0,0.9960719999999998,0.0,0.0,0.0,0.0,0.0,0.0,0.0005,0.0,0.0,0.0,0.0005,0.0,0.0,0.0,0.002,0.9975,0.047880855019754906,1888,0.0006024764584750931,6.174709657418672e-07,0.00013199941624368884,16,20,False,0.995,0.005,0.66,fixed,100,none,89088af6-702d-46f1-85f7-fa99660871db
1400,191700,40.74951887130737,0.99900075,0.999002,1.0,0.9960719999999998,0.0,0.0,0.0,0.0,0.0,0.0,0.0005,0.0,0.0,0.0,0.0005,0.0,0.0,0.0,0.002,0.9975,0.04827406863022217,1887,0.0006031718234682905,6.180214157601414e-07,0.00013215173622620324,16,20,False,0.995,0.005,0.66,fixed,100,none,89088af6-702d-46f1-85f7-fa99660871db
1401,191800,40.76971459388733,0.99900075,0.999002,1.0,0.9960719999999998,0.0,0.0,0.0,0.0,0.0,0.0,0.0005,0.0,0.0,0.0,0.0005,0.0,0.0,0.0,0.002,0.9975,0.04827406863022217,1887,0.0006029028173215007,6.17266706066327e-07,0.0001320927073858291,16,20,False,0.995,0.005,0.66,fixed,100,none,89088af6-702d-46f1-85f7-fa99660871db
1402,192100,40.789990186691284,0.99900075,0.999002,1.0,0.9960719999999998,0.0,0.0,0.0,0.0,0.0,0.0,0.0005,0.0,0.0,0.0,0.0005,0.0,0.0,0.0,0.002,0.9975,0.04827406863022217,1887,0.0006044008796387042,6.204621874761795e-07,0.00013242124036853283,16,20,False,0.995,0.005,0.66,fixed,100,none,89088af6-702d-46f1-85f7-fa99660871db
1403,192200,40.810269594192505,0.99900075,0.999002,1.0,0.9960719999999998,0.0,0.0,0.0,0.0,0.0,0.0,0.0005,0.0,0.0,0.0,0.0005,0.0,0.0,0.0,0.002,0.9975,0.04827406863022217,1887,0.0006059586009483095,6.2179377559484e-07,0.00013276247856494798,16,20,False,0.995,0.005,0.66,fixed,100,none,89088af6-702d-46f1-85f7-fa99660871db
1404,192400,40.830464601516724,0.99900075,0.999002,1.0,0.9960719999999998,0.0,0.0,0.0,0.0,0.0,0.0,0.0005,0.0,0.0,0.0,0.0005,0.0,0.0,0.0,0.002,0.9975,0.04827406863022217,1887,0.0006047196347885402,6.196313388794203e-07,0.00013249085800959854,16,20,False,0.995,0.005,0.66,fixed,100,none,89088af6-702d-46f1-85f7-fa99660871db
1405,192500,40.85072660446167,0.99900075,0.999002,1.0,0.9960719999999998,0.0,0.0,0.0,0.0,0.0,0.0,0.0005,0.0,0.0,0.0,0.0005,0.0,0.0,0.0,0.002,0.9975,0.04827406863022217,1887,0.0006049015194162098,6.192670229299171e-07,0.000132530603334565,16,20,False,0.995,0.005,0.66,fixed,100,none,89088af6-702d-46f1-85f7-fa99660871db
1406,192800,40.87089204788208,0.99900075,0.999002,1.0,0.9960719999999998,0.0,0.0,0.0,0.0,0.0,0.0,0.0005,0.0,0.0,0.0,0.0005,0.0,0.0,0.0,0.002,0.9975,0.04827406863022217,1887,0.0006018719314351883,6.152043765426228e-07,0.00013186665462270583,16,20,False,0.995,0.005,0.66,fixed,100,none,89088af6-702d-46f1-85f7-fa99660871db
1407,192900,40.8908417224884,0.99900075,0.999002,1.0,0.9960719999999998,0.0,0.0,0.0,0.0,0.0,0.0,0.0005,0.0,0.0,0.0,0.0005,0.0,0.0,0.0,0.002,0.9975,0.04827406863022217,1887,0.0006044411236708417,6.187414810261945e-07,0.00013242972285294226,16,20,False,0.995,0.005,0.66,fixed,100,none,89088af6-702d-46f1-85f7-fa99660871db
1408,193000,40.91090679168701,0.99900075,0.999002,1.0,0.9960719999999998,0.0,0.0,0.0,0.0,0.0,0.0,0.0005,0.0,0.0,0.0,0.0005,0.0,0.0,0.0,0.002,0.9975,0.04827406863022217,1887,0.0006052237818118882,6.205640623044096e-07,0.00013260139301046018,16,20,False,0.995,0.005,0.66,fixed,100,none,89088af6-702d-46f1-85f7-fa99660871db
1409,193100,40.931045055389404,0.99900075,0.999002,1.0,0.9960719999999998,0.0,0.0,0.0,0.0,0.0,0.0,0.0005,0.0,0.0,0.0,0.0005,0.0,0.0,0.0,0.002,0.9975,0.04788085501975489,1888,0.0006070893142026552,6.238676686584435e-07,0.00013301038573600634,16,20,False,0.995,0.005,0.66,fixed,100,none,89088af6-702d-46f1-85f7-fa99660871db
1410,193200,40.951292991638184,0.99900075,0.999002,1.0,0.9960719999999998,0.0,0.0,0.0,0.0,0.0,0.0,0.0005,0.0,0.0,0.0,0.0005,0.0,0.0,0.0,0.002,0.9975,0.047486636390474915,1889,0.0006063549057977915,6.227598515920697e-07,0.00013284941325093907,16,20,False,0.995,0.005,0.66,fixed,100,none,89088af6-702d-46f1-85f7-fa99660871db
1411,193300,40.97147059440613,0.99900075,0.999002,1.0,0.9960719999999998,0.0,0.0,0.0,0.0,0.0,0.0,0.0005,0.0,0.0,0.0,0.0005,0.0,0.0,0.0,0.002,0.9975,0.04788085501975489,1888,0.0006068107539384353,6.238049579786742e-07,0.00013294939697913944,16,20,False,0.995,0.005,0.66,fixed,100,none,89088af6-702d-46f1-85f7-fa99660871db
1412,193500,40.99246859550476,0.99900075,0.999002,1.0,0.9960719999999998,0.0,0.0,0.0,0.0,0.0,0.0,0.0005,0.0,0.0,0.0,0.0005,0.0,0.0,0.0,0.002,0.9975,0.04788085501975489,1888,0.0006074451371920063,6.234399267113124e-07,0.00013308819411740535,16,20,False,0.995,0.005,0.66,fixed,100,none,89088af6-702d-46f1-85f7-fa99660871db
1413,193600,41.012694120407104,0.99900075,0.999002,1.0,0.9960719999999998,0.0,0.0,0.0,0.0,0.0,0.0,0.0005,0.0,0.0,0.0,0.0005,0.0,0.0,0.0,0.002,0.9975,0.04788085501975489,1888,0.0006074451371920063,6.234399267113124e-07,0.00013308819411740535,16,20,False,0.995,0.005,0.66,fixed,100,none,89088af6-702d-46f1-85f7-fa99660871db
1414,193900,41.03276205062866,0.99900075,0.999002,1.0,0.9960719999999998,0.0,0.0,0.0,0.0,0.0,0.0,0.0005,0.0,0.0,0.0,0.0005,0.0,0.0,0.0,0.002,0.9975,0.04788085501975489,1888,0.0006076621910012678,6.239732874355257e-07,0.00013313580853479027,16,20,False,0.995,0.005,0.66,fixed,100,none,89088af6-702d-46f1-85f7-fa99660871db
1415,194000,41.052977561950684,0.99900075,0.999002,1.0,0.9960719999999998,0.0,0.0,0.0,0.0,0.0,0.0,0.0005,0.0,0.0,0.0,0.0005,0.0,0.0,0.0,0.002,0.9975,0.04788085501975489,1888,0.0006091078699586087,6.250253440497174e-07,0.00013345246754930892,16,20,False,0.995,0.005,0.66,fixed,100,none,89088af6-702d-46f1-85f7-fa99660871db
1416,194200,41.073102712631226,0.99900075,0.999002,1.0,0.9960719999999998,0.0,0.0,0.0,0.0,0.0,0.0,0.0005,0.0,0.0,0.0,0.0005,0.0,0.0,0.0,0.002,0.9975,0.04788085501975489,1888,0.0006092182645204137,6.235561398193444e-07,0.00013347635377008424,16,20,False,0.995,0.005,0.66,fixed,100,none,89088af6-702d-46f1-85f7-fa99660871db
1417,194300,41.09335017204285,0.99900075,0.999002,1.0,0.9960719999999998,0.0,0.0,0.0,0.0,0.0,0.0,0.0005,0.0,0.0,0.0,0.0005,0.0,0.0,0.0,0.002,0.9975,0.04788085501975489,1888,0.0006093922810392889,6.238065301064135e-07,0.00013351449356022058,16,20,False,0.995,0.005,0.66,fixed,100,none,89088af6-702d-46f1-85f7-fa99660871db
1418,194600,41.113672971725464,0.99900075,0.999002,1.0,0.9960719999999998,0.0,0.0,0.0,0.0,0.0,0.0,0.0005,0.0,0.0,0.0,0.0005,0.0,0.0,0.0,0.002,0.9975,0.04788085501975489,1888,0.0006081783792138508,6.242519869809572e-07,0.0001332488550874383,16,20,False,0.995,0.005,0.66,fixed,100,none,89088af6-702d-46f1-85f7-fa99660871db
1419,194700,41.13405394554138,0.99900075,0.999002,1.0,0.9960719999999998,0.0,0.0,0.0,0.0,0.0,0.0,0.0005,0.0,0.0,0.0,0.0005,0.0,0.0,0.0,0.002,0.9975,0.04788085501975489,1888,0.0006078785007369699,6.243511575466188e-07,0.00013318323053125656,16,20,False,0.995,0.005,0.66,fixed,100,none,89088af6-702d-46f1-85f7-fa99660871db
1420,195000,41.15436124801636,0.99900075,0.999002,1.0,0.9960719999999998,0.0,0.0,0.0,0.0,0.0,0.0,0.0005,0.0,0.0,0.0,0.0005,0.0,0.0,0.0,0.002,0.9975,0.04788085501975489,1888,0.0006073283017235362,6.256087484290161e-07,0.0001330630309094836,16,20,False,0.995,0.005,0.66,fixed,100,none,89088af6-702d-46f1-85f7-fa99660871db
1421,195100,41.17448711395264,0.99900075,0.999002,1.0,0.9960719999999998,0.0,0.0,0.0,0.0,0.0,0.0,0.0005,0.0,0.0,0.0,0.0005,0.0,0.0,0.0,0.002,0.9975,0.04788085501975489,1888,0.0006076125420572682,6.256320857761181e-07,0.00013312525555263347,16,20,False,0.995,0.005,0.66,fixed,100,none,89088af6-702d-46f1-85f7-fa99660871db
1422,195300,41.19463062286377,0.99900075,0.999002,1.0,0.9960719999999998,0.0,0.0,0.0,0.0,0.0,0.0,0.0005,0.0,0.0,0.0,0.0005,0.0,0.0,0.0,0.002,0.9975,0.04788085501975489,1888,0.0006081299944302881,6.274603100641162e-07,0.00013323887323970227,16,20,False,0.995,0.005,0.66,fixed,100,none,89088af6-702d-46f1-85f7-fa99660871db
1423,195400,41.21480846405029,0.99900075,0.999002,1.0,0.9960719999999998,0.0,0.0,0.0,0.0,0.0,0.0,0.0005,0.0,0.0,0.0,0.0005,0.0,0.0,0.0,0.002,0.9975,0.04788085501975489,1888,0.000607512550881499,6.267130589755412e-07,0.0001331035728691655,16,20,False,0.995,0.005,0.66,fixed,100,none,89088af6-702d-46f1-85f7-fa99660871db
1424,195700,41.23513197898865,0.99900075,0.999002,1.0,0.9960719999999998,0.0,0.0,0.0,0.0,0.0,0.0,0.0005,0.0,0.0,0.0,0.0005,0.0,0.0,0.0,0.002,0.9975,0.047486636390474915,1889,0.0006059621439128987,6.261711740904012e-07,0.0001327640858256107,16,20,False,0.995,0.005,0.66,fixed,100,none,89088af6-702d-46f1-85f7-fa99660871db
1425,195800,41.25660705566406,0.99900075,0.999002,1.0,0.9960719999999998,0.0,0.0,0.0,0.0,0.0,0.0,0.0005,0.0,0.0,0.0,0.0005,0.0,0.0,0.0,0.002,0.9975,0.047486636390474915,1889,0.0006059253200314629,6.263056736541973e-07,0.00013275605063288153,16,20,False,0.995,0.005,0.66,fixed,100,none,89088af6-702d-46f1-85f7-fa99660871db
1426,196000,41.27699255943298,0.99900075,0.999002,1.0,0.9960719999999998,0.0,0.0,0.0,0.0,0.0,0.0,0.0005,0.0,0.0,0.0,0.0005,0.0,0.0,0.0,0.002,0.9975,0.047486636390474915,1889,0.0006062868557209069,6.252261268533558e-07,0.00013283498568140867,16,20,False,0.995,0.005,0.66,fixed,100,none,89088af6-702d-46f1-85f7-fa99660871db
1427,196100,41.29745674133301,0.99900075,0.999002,1.0,0.9960719999999998,0.0,0.0,0.0,0.0,0.0,0.0,0.0005,0.0,0.0,0.0,0.0005,0.0,0.0,0.0,0.002,0.9975,0.047486636390474915,1889,0.0006064918711701418,6.257590208616434e-07,0.00013287996481310777,16,20,False,0.995,0.005,0.66,fixed,100,none,89088af6-702d-46f1-85f7-fa99660871db
1428,196200,41.31769037246704,0.99900075,0.999002,1.0,0.9960719999999998,0.0,0.0,0.0,0.0,0.0,0.0,0.0005,0.0,0.0,0.0,0.0005,0.0,0.0,0.0,0.002,0.9975,0.047486636390474915,1889,0.0006078497069957118,6.271909107724775e-07,0.0001331774671344081,16,20,False,0.995,0.005,0.66,fixed,100,none,89088af6-702d-46f1-85f7-fa99660871db
1429,196300,41.338035106658936,0.99900075,0.999002,1.0,0.9960719999999998,0.0,0.0,0.0,0.0,0.0,0.0,0.0005,0.0,0.0,0.0,0.0005,0.0,0.0,0.0,0.002,0.9975,0.047486636390474915,1889,0.0006072635019460994,6.274470938331197e-07,0.00013304919552382946,16,20,False,0.995,0.005,0.66,fixed,100,none,89088af6-702d-46f1-85f7-fa99660871db
1430,196400,41.358318567276,0.99900075,0.999002,1.0,0.9960719999999998,0.0,0.0,0.0,0.0,0.0,0.0,0.0005,0.0,0.0,0.0,0.0005,0.0,0.0,0.0,0.002,0.9975,0.047486636390474915,1889,0.0006073596948826307,6.271406699710347e-07,0.00013307019393710238,16,20,False,0.995,0.005,0.66,fixed,100,none,89088af6-702d-46f1-85f7-fa99660871db
1431,196500,41.378509521484375,0.99900075,0.999002,1.0,0.9960719999999998,0.0,0.0,0.0,0.0,0.0,0.0,0.0005,0.0,0.0,0.0,0.0005,0.0,0.0,0.0,0.002,0.9975,0.047486636390474915,1889,0.0006081260729596875,6.293478848315399e-07,0.0001332383734689936,16,20,False,0.995,0.005,0.66,fixed,100,none,89088af6-702d-46f1-85f7-fa99660871db
1432,196800,41.39884090423584,0.99900075,0.999002,1.0,0.9960719999999998,0.0,0.0,0.0,0.0,0.0,0.0,0.0005,0.0,0.0,0.0,0.0005,0.0,0.0,0.0,0.002,0.9975,0.047486636390474915,1889,0.0006092782393819432,6.316919535222726e-07,0.0001334910280718766,16,20,False,0.995,0.005,0.66,fixed,100,none,89088af6-702d-46f1-85f7-fa99660871db
1433,196900,41.41922092437744,0.99900075,0.999002,1.0,0.9960719999999998,0.0,0.0,0.0,0.0,0.0,0.0,0.0005,0.0,0.0,0.0,0.0005,0.0,0.0,0.0,0.002,0.9975,0.047486636390474915,1889,0.0006094757657230009,6.304028445722767e-07,0.00013353402165723364,16,20,False,0.995,0.005,0.66,fixed,100,none,89088af6-702d-46f1-85f7-fa99660871db
1434,197100,41.43959832191467,0.99900075,0.999002,1.0,0.9960719999999998,0.0,0.0,0.0,0.0,0.0,0.0,0.0005,0.0,0.0,0.0,0.0005,0.0,0.0,0.0,0.002,0.9975,0.047486636390474915,1889,0.0006096657793266423,6.307456843139165e-07,0.00013357568077462166,16,20,False,0.995,0.005,0.66,fixed,100,none,89088af6-702d-46f1-85f7-fa99660871db
1435,197200,41.45984172821045,0.99900075,0.999002,1.0,0.9960719999999998,0.0,0.0,0.0,0.0,0.0,0.0,0.0005,0.0,0.0,0.0,0.0005,0.0,0.0,0.0,0.002,0.9975,0.047486636390474915,1889,0.0006103476954482198,6.31214191676784e-07,0.0001337250412300339,16,20,False,0.995,0.005,0.66,fixed,100,none,89088af6-702d-46f1-85f7-fa99660871db
1436,197500,41.4810950756073,0.99900075,0.999002,1.0,0.9960719999999998,0.0,0.0,0.0,0.0,0.0,0.0,0.0005,0.0,0.0,0.0,0.0005,0.0,0.0,0.0,0.002,0.9975,0.047486636390474915,1889,0.0006118742727249655,6.34299896198092e-07,0.0001340597952797726,16,20,False,0.995,0.005,0.66,fixed,100,none,89088af6-702d-46f1-85f7-fa99660871db
1437,197600,41.501399755477905,0.99900075,0.999002,1.0,0.9960719999999998,0.0,0.0,0.0,0.0,0.0,0.0,0.0005,0.0,0.0,0.0,0.0005,0.0,0.0,0.0,0.002,0.9975,0.047486636390474915,1889,0.0006112631424828705,6.341884665236166e-07,0.00013392599769813986,16,20,False,0.995,0.005,0.66,fixed,100,none,89088af6-702d-46f1-85f7-fa99660871db
1438,197800,41.52171564102173,0.99900075,0.999002,1.0,0.9960719999999998,0.0,0.0,0.0,0.0,0.0,0.0,0.0005,0.0,0.0,0.0,0.0005,0.0,0.0,0.0,0.002,0.9975,0.047486636390474915,1889,0.000610790130524853,6.343109975708357e-07,0.0001338224786614288,16,20,False,0.995,0.005,0.66,fixed,100,none,89088af6-702d-46f1-85f7-fa99660871db
1439,197900,41.542298793792725,0.99900075,0.999002,1.0,0.9960719999999998,0.0,0.0,0.0,0.0,0.0,0.0,0.0005,0.0,0.0,0.0,0.0005,0.0,0.0,0.0,0.002,0.9975,0.047486636390474915,1889,0.0006111041979845734,6.337152412394295e-07,0.00013389111483465862,16,20,False,0.995,0.005,0.66,fixed,100,none,89088af6-702d-46f1-85f7-fa99660871db
1440,198200,41.56271028518677,0.99900075,0.999002,1.0,0.9960719999999998,0.0,0.0,0.0,0.0,0.0,0.0,0.0005,0.0,0.0,0.0,0.0005,0.0,0.0,0.0,0.002,0.9975,0.047486636390474915,1889,0.000611917007502486,6.362708824972091e-07,0.00013406952440996864,16,20,False,0.995,0.005,0.66,fixed,100,none,89088af6-702d-46f1-85f7-fa99660871db
1441,198300,41.58323001861572,0.99900075,0.999002,1.0,0.9960719999999998,0.0,0.0,0.0,0.0,0.0,0.0,0.0005,0.0,0.0,0.0,0.0005,0.0,0.0,0.0,0.002,0.9975,0.047486636390474915,1889,0.0006123909039947191,6.362710216280377e-07,0.00013417326037855334,16,20,False,0.995,0.005,0.66,fixed,100,none,89088af6-702d-46f1-85f7-fa99660871db
1442,198600,41.60377860069275,0.99900075,0.999002,1.0,0.9960719999999998,0.0,0.0,0.0,0.0,0.0,0.0,0.0005,0.0,0.0,0.0,0.0005,0.0,0.0,0.0,0.002,0.9975,0.047486636390474915,1889,0.0006123884124441926,6.360644500183706e-07,0.00013417267572953724,16,20,False,0.995,0.005,0.66,fixed,100,none,89088af6-702d-46f1-85f7-fa99660871db
1443,198700,41.62435960769653,0.99900075,0.999002,1.0,0.9960719999999998,0.0,0.0,0.0,0.0,0.0,0.0,0.0005,0.0,0.0,0.0,0.0005,0.0,0.0,0.0,0.002,0.9975,0.047486636390474915,1889,0.0006123884124441926,6.360644500183706e-07,0.00013417267572953724,16,20,False,0.995,0.005,0.66,fixed,100,none,89088af6-702d-46f1-85f7-fa99660871db
1444,198900,41.6447811126709,0.99900075,0.999002,1.0,0.9960719999999998,0.0,0.0,0.0,0.0,0.0,0.0,0.0005,0.0,0.0,0.0,0.0005,0.0,0.0,0.0,0.002,0.9975,0.047486636390474915,1889,0.0006104985624110844,6.362135271950862e-07,0.00013375901588195344,16,20,False,0.995,0.005,0.66,fixed,100,none,89088af6-702d-46f1-85f7-fa99660871db
1445,199000,41.665316343307495,0.99900075,0.999002,1.0,0.9960719999999998,0.0,0.0,0.0,0.0,0.0,0.0,0.0005,0.0,0.0,0.0,0.0005,0.0,0.0,0.0,0.002,0.9975,0.047486636390474915,1889,0.0006105193597636726,6.354875898857375e-07,0.00013376343049434624,16,20,False,0.995,0.005,0.66,fixed,100,none,89088af6-702d-46f1-85f7-fa99660871db
1446,199300,41.68572473526001,0.99900075,0.999002,1.0,0.9960719999999998,0.0,0.0,0.0,0.0,0.0,0.0,0.0005,0.0,0.0,0.0,0.0005,0.0,0.0,0.0,0.002,0.9975,0.047486636390474915,1889,0.0006102065746229734,6.341052006858867e-07,0.0001336946991730992,16,20,False,0.995,0.005,0.66,fixed,100,none,89088af6-702d-46f1-85f7-fa99660871db
1447,199400,41.70994210243225,0.99900075,0.999002,1.0,0.9960719999999998,0.0,0.0,0.0,0.0,0.0,0.0,0.0005,0.0,0.0,0.0,0.0005,0.0,0.0,0.0,0.002,0.9975,0.047091412742382266,1890,0.0006104572037760975,6.35195928992543e-07,0.0001337497691330963,16,20,False,0.995,0.005,0.66,fixed,100,none,89088af6-702d-46f1-85f7-fa99660871db
1448,199500,41.730244874954224,0.99900075,0.999002,1.0,0.9960719999999998,0.0,0.0,0.0,0.0,0.0,0.0,0.0005,0.0,0.0,0.0,0.0005,0.0,0.0,0.0,0.002,0.9975,0.047091412742382266,1890,0.0006104572037760975,6.35195928992543e-07,0.0001337497691330963,16,20,False,0.995,0.005,0.66,fixed,100,none,89088af6-702d-46f1-85f7-fa99660871db
1449,199600,41.75046181678772,0.99900075,0.999002,1.0,0.9960719999999998,0.0,0.0,0.0,0.0,0.0,0.0,0.0005,0.0,0.0,0.0,0.0005,0.0,0.0,0.0,0.002,0.9975,0.047091412742382266,1890,0.0006104572037760975,6.35195928992543e-07,0.0001337497691330963,16,20,False,0.995,0.005,0.66,fixed,100,none,89088af6-702d-46f1-85f7-fa99660871db
1450,199700,41.77065348625183,0.99900075,0.999002,1.0,0.9960719999999998,0.0,0.0,0.0,0.0,0.0,0.0,0.0005,0.0,0.0,0.0,0.0005,0.0,0.0,0.0,0.002,0.9975,0.047091412742382266,1890,0.0006096284352266542,6.322862148368236e-07,0.0001335677988519336,16,20,False,0.995,0.005,0.66,fixed,100,none,89088af6-702d-46f1-85f7-fa99660871db
1451,200000,41.7911114692688,0.99900075,0.999002,1.0,0.9960719999999998,0.0,0.0,0.0,0.0,0.0,0.0,0.0005,0.0,0.0,0.0,0.0005,0.0,0.0,0.0,0.002,0.9975,0.047091412742382266,1890,0.0006100961943168871,6.330083631377993e-07,0.00013367032852496278,16,20,False,0.995,0.005,0.66,fixed,100,none,89088af6-702d-46f1-85f7-fa99660871db
1452,200100,41.81127619743347,0.99900075,0.999002,1.0,0.9960719999999998,0.0,0.0,0.0,0.0,0.0,0.0,0.0005,0.0,0.0,0.0,0.0005,0.0,0.0,0.0,0.002,0.9975,0.047091412742382266,1890,0.0006093616127446225,6.321067508816997e-07,0.0001335093573124654,16,20,False,0.995,0.005,0.66,fixed,100,none,89088af6-702d-46f1-85f7-fa99660871db
1453,200400,41.83142447471619,0.99900075,0.999002,1.0,0.9960719999999998,0.0,0.0,0.0,0.0,0.0,0.0,0.0005,0.0,0.0,0.0,0.0005,0.0,0.0,0.0,0.002,0.9975,0.047091412742382266,1890,0.0006100281120205653,6.328637888071413e-07,0.00013365539784117512,16,20,False,0.995,0.005,0.66,fixed,100,none,89088af6-702d-46f1-85f7-fa99660871db
1454,200500,41.85163974761963,0.99900075,0.999002,1.0,0.9960719999999998,0.0,0.0,0.0,0.0,0.0,0.0,0.0005,0.0,0.0,0.0,0.0005,0.0,0.0,0.0,0.002,0.9975,0.04669518407547692,1891,0.000610731038039895,6.350826596360375e-07,0.00013380968993226389,16,20,False,0.995,0.005,0.66,fixed,100,none,89088af6-702d-46f1-85f7-fa99660871db
1455,200700,41.87210750579834,0.99900075,0.999002,1.0,0.9960719999999998,0.0,0.0,0.0,0.0,0.0,0.0,0.0005,0.0,0.0,0.0,0.0005,0.0,0.0,0.0,0.002,0.9975,0.047091412742382266,1890,0.0006114782897042522,6.363135250267459e-07,0.0001339734971860159,16,20,False,0.995,0.005,0.66,fixed,100,none,89088af6-702d-46f1-85f7-fa99660871db
1456,200800,41.892390727996826,0.99900075,0.999002,1.0,0.9960719999999998,0.0,0.0,0.0,0.0,0.0,0.0,0.0005,0.0,0.0,0.0,0.0005,0.0,0.0,0.0,0.002,0.9975,0.047091412742382266,1890,0.0006111152011440485,6.351860538599895e-07,0.00013389380288066562,16,20,False,0.995,0.005,0.66,fixed,100,none,89088af6-702d-46f1-85f7-fa99660871db
1457,201100,41.91272687911987,0.99900075,0.999002,1.0,0.9960719999999998,0.0,0.0,0.0,0.0,0.0,0.0,0.0005,0.0,0.0,0.0,0.0005,0.0,0.0,0.0,0.002,0.9975,0.04669518407547692,1891,0.0006125295320732052,6.392777743244232e-07,0.00013420417734794627,16,20,False,0.995,0.005,0.66,fixed,100,none,89088af6-702d-46f1-85f7-fa99660871db
1458,201200,41.93301844596863,0.99900075,0.999002,1.0,0.9960719999999998,0.0,0.0,0.0,0.0,0.0,0.0,0.0005,0.0,0.0,0.0,0.0005,0.0,0.0,0.0,0.002,0.9975,0.046695184075476924,1891,0.0006137923898926818,6.415683476894305e-07,0.00013448105213356902,16,20,False,0.995,0.005,0.66,fixed,100,none,89088af6-702d-46f1-85f7-fa99660871db
1459,201400,41.95332622528076,0.99900075,0.999002,1.0,0.9960719999999998,0.0,0.0,0.0,0.0,0.0,0.0,0.0005,0.0,0.0,0.0,0.0005,0.0,0.0,0.0,0.002,0.9975,0.046695184075476924,1891,0.0006133457234272638,6.412466499838513e-07,0.00013438321572172498,16,20,False,0.995,0.005,0.66,fixed,100,none,89088af6-702d-46f1-85f7-fa99660871db
1460,201500,41.973673582077026,0.99900075,0.999002,1.0,0.9960719999999998,0.0,0.0,0.0,0.0,0.0,0.0,0.0005,0.0,0.0,0.0,0.0005,0.0,0.0,0.0,0.002,0.9975,0.047091412742382266,1890,0.0006154745866965724,6.441792358107029e-07,0.00013484978108268373,16,20,False,0.995,0.005,0.66,fixed,100,none,89088af6-702d-46f1-85f7-fa99660871db
1461,201800,41.99406385421753,0.99900075,0.999002,1.0,0.9960719999999998,0.0,0.0,0.0,0.0,0.0,0.0,0.0005,0.0,0.0,0.0,0.0005,0.0,0.0,0.0,0.002,0.9975,0.047091412742382266,1890,0.000616365521487855,6.482607653006932e-07,0.0001350455821990986,16,20,False,0.995,0.005,0.66,fixed,100,none,89088af6-702d-46f1-85f7-fa99660871db
1462,201900,42.0144145488739,0.99900075,0.999002,1.0,0.9960719999999998,0.0,0.0,0.0,0.0,0.0,0.0,0.0005,0.0,0.0,0.0,0.0005,0.0,0.0,0.0,0.002,0.9975,0.047091412742382266,1890,0.0006158697352376624,6.489917398046112e-07,0.0001349371934740872,16,20,False,0.995,0.005,0.66,fixed,100,none,89088af6-702d-46f1-85f7-fa99660871db
1463,202200,42.03472185134888,0.99900075,0.999002,1.0,0.9960719999999998,0.0,0.0,0.0,0.0,0.0,0.0,0.0005,0.0,0.0,0.0,0.0005,0.0,0.0,0.0,0.002,0.9975,0.047486636390474915,1889,0.0006167256215478632,6.48504326189798e-07,0.00013512445437880333,16,20,False,0.995,0.005,0.66,fixed,100,none,89088af6-702d-46f1-85f7-fa99660871db
1464,202300,42.055025577545166,0.99900075,0.999002,1.0,0.9960719999999998,0.0,0.0,0.0,0.0,0.0,0.0,0.0005,0.0,0.0,0.0,0.0005,0.0,0.0,0.0,0.002,0.9975,0.047486636390474915,1889,0.000616812436965898,6.482421701438515e-07,0.0001351434084641624,16,20,False,0.995,0.005,0.66,fixed,100,none,89088af6-702d-46f1-85f7-fa99660871db
1465,202500,42.0753059387207,0.99900075,0.999002,1.0,0.9960719999999998,0.0,0.0,0.0,0.0,0.0,0.0,0.0005,0.0,0.0,0.0,0.0005,0.0,0.0,0.0,0.002,0.9975,0.047486636390474915,1889,0.0006159664652882247,6.495458896368006e-07,0.0001349584729706234,16,20,False,0.995,0.005,0.66,fixed,100,none,89088af6-702d-46f1-85f7-fa99660871db
1466,202600,42.09567642211914,0.99900075,0.999002,1.0,0.9960719999999998,0.0,0.0,0.0,0.0,0.0,0.0,0.0005,0.0,0.0,0.0,0.0005,0.0,0.0,0.0,0.002,0.9975,0.047486636390474915,1889,0.0006164088318112082,6.520155763335212e-07,0.00013505577624297685,16,20,False,0.995,0.005,0.66,fixed,100,none,89088af6-702d-46f1-85f7-fa99660871db
1467,202800,42.116023540496826,0.99900075,0.999002,1.0,0.9960719999999998,0.0,0.0,0.0,0.0,0.0,0.0,0.0005,0.0,0.0,0.0,0.0005,0.0,0.0,0.0,0.002,0.9975,0.047486636390474915,1889,0.0006161498188232175,6.516892250636078e-07,0.0001349990162931644,16,20,False,0.995,0.005,0.66,fixed,100,none,89088af6-702d-46f1-85f7-fa99660871db
1468,202900,42.13637328147888,0.99900075,0.999002,1.0,0.9960719999999998,0.0,0.0,0.0,0.0,0.0,0.0,0.0005,0.0,0.0,0.0,0.0005,0.0,0.0,0.0,0.002,0.9975,0.047486636390474915,1889,0.0006160347913903416,6.503582585060372e-07,0.00013497358390446193,16,20,False,0.995,0.005,0.66,fixed,100,none,89088af6-702d-46f1-85f7-fa99660871db
1469,203000,42.15670037269592,0.99900075,0.999002,1.0,0.9960719999999998,0.0,0.0,0.0,0.0,0.0,0.0,0.0005,0.0,0.0,0.0,0.0005,0.0,0.0,0.0,0.002,0.9975,0.047486636390474915,1889,0.0006155707709344537,6.492513193976955e-07,0.00013487179950823748,16,20,False,0.995,0.005,0.66,fixed,100,none,89088af6-702d-46f1-85f7-fa99660871db
1470,203200,42.17706060409546,0.99900075,0.999002,1.0,0.9960719999999998,0.0,0.0,0.0,0.0,0.0,0.0,0.0005,0.0,0.0,0.0,0.0005,0.0,0.0,0.0,0.002,0.9975,0.047486636390474915,1889,0.0006161841194560826,6.515501101167533e-07,0.00013500649826985868,16,20,False,0.995,0.005,0.66,fixed,100,none,89088af6-702d-46f1-85f7-fa99660871db
1471,203300,42.19746160507202,0.99900075,0.999002,1.0,0.9960719999999998,0.0,0.0,0.0,0.0,0.0,0.0,0.0005,0.0,0.0,0.0,0.0005,0.0,0.0,0.0,0.002,0.9975,0.047486636390474915,1889,0.0006161841194560826,6.515501101167533e-07,0.00013500649826985868,16,20,False,0.995,0.005,0.66,fixed,100,none,89088af6-702d-46f1-85f7-fa99660871db
1472,203600,42.21771764755249,0.99900075,0.999002,1.0,0.9960719999999998,0.0,0.0,0.0,0.0,0.0,0.0,0.0005,0.0,0.0,0.0,0.0005,0.0,0.0,0.0,0.002,0.9975,0.047091412742382266,1890,0.000612928628082718,6.474739841378065e-07,0.00013429309674429317,16,20,False,0.995,0.005,0.66,fixed,100,none,89088af6-702d-46f1-85f7-fa99660871db
1473,203700,42.238097190856934,0.99900075,0.999002,1.0,0.9960719999999998,0.0,0.0,0.0,0.0,0.0,0.0,0.0005,0.0,0.0,0.0,0.0005,0.0,0.0,0.0,0.002,0.9975,0.04669518407547691,1891,0.0006121800079679879,6.456270200569716e-07,0.00013412887287800337,16,20,False,0.995,0.005,0.66,fixed,100,none,89088af6-702d-46f1-85f7-fa99660871db
1474,204000,42.258540868759155,0.99900075,0.999002,1.0,0.9960719999999998,0.0,0.0,0.0,0.0,0.0,0.0,0.0005,0.0,0.0,0.0,0.0005,0.0,0.0,0.0,0.002,0.9975,0.047091412742382266,1890,0.0006096748676794447,6.422074649611494e-07,0.00013357984795337306,16,20,False,0.995,0.005,0.66,fixed,100,none,89088af6-702d-46f1-85f7-fa99660871db
1475,204100,42.27883052825928,0.99900075,0.999002,1.0,0.9960719999999998,0.0,0.0,0.0,0.0,0.0,0.0,0.0005,0.0,0.0,0.0,0.0005,0.0,0.0,0.0,0.002,0.9975,0.047091412742382266,1890,0.0006098017227319032,6.42022013175761e-07,0.00013360758128851702,16,20,False,0.995,0.005,0.66,fixed,100,none,89088af6-702d-46f1-85f7-fa99660871db
1476,204300,42.29920268058777,0.99900075,0.999002,1.0,0.9960719999999998,0.0,0.0,0.0,0.0,0.0,0.0,0.0005,0.0,0.0,0.0,0.0005,0.0,0.0,0.0,0.002,0.9975,0.047091412742382266,1890,0.000608753363116795,6.405995503106406e-07,0.00013337782510082543,16,20,False,0.995,0.005,0.66,fixed,100,none,89088af6-702d-46f1-85f7-fa99660871db
1477,204400,42.31962490081787,0.99900075,0.999002,1.0,0.9960719999999998,0.0,0.0,0.0,0.0,0.0,0.0,0.0005,0.0,0.0,0.0,0.0005,0.0,0.0,0.0,0.002,0.9975,0.047091412742382266,1890,0.0006084552157603819,6.395448425904153e-07,0.0001333123602500398,16,20,False,0.995,0.005,0.66,fixed,100,none,89088af6-702d-46f1-85f7-fa99660871db
1478,204500,42.34255838394165,0.99900075,0.999002,1.0,0.9960719999999998,0.0,0.0,0.0,0.0,0.0,0.0,0.0005,0.0,0.0,0.0,0.0005,0.0,0.0,0.0,0.002,0.9975,0.047091412742382266,1890,0.0006086651278009736,6.401199453743229e-07,0.00013335841926525425,16,20,False,0.995,0.005,0.66,fixed,100,none,89088af6-702d-46f1-85f7-fa99660871db
1479,204700,42.36278033256531,0.99900075,0.999002,1.0,0.9960719999999998,0.0,0.0,0.0,0.0,0.0,0.0,0.0005,0.0,0.0,0.0,0.0005,0.0,0.0,0.0,0.002,0.9975,0.047091412742382266,1890,0.0006103766610744972,6.416930804842655e-07,0.00013373337279449943,16,20,False,0.995,0.005,0.66,fixed,100,none,89088af6-702d-46f1-85f7-fa99660871db
1480,204800,42.38317918777466,0.99900075,0.999002,1.0,0.9960719999999998,0.0,0.0,0.0,0.0,0.0,0.0,0.0005,0.0,0.0,0.0,0.0005,0.0,0.0,0.0,0.002,0.9975,0.047091412742382266,1890,0.0006103766610744972,6.416930804842655e-07,0.00013373337279449943,16,20,False,0.995,0.005,0.66,fixed,100,none,89088af6-702d-46f1-85f7-fa99660871db
1481,205000,42.40355157852173,0.99900075,0.999002,1.0,0.9960719999999998,0.0,0.0,0.0,0.0,0.0,0.0,0.0005,0.0,0.0,0.0,0.0005,0.0,0.0,0.0,0.002,0.9975,0.047091412742382266,1890,0.0006105418370852833,6.437747117642197e-07,0.0001337699253332037,16,20,False,0.995,0.005,0.66,fixed,100,none,89088af6-702d-46f1-85f7-fa99660871db
1482,205100,42.42392420768738,0.99900075,0.999002,1.0,0.9960719999999998,0.0,0.0,0.0,0.0,0.0,0.0,0.0005,0.0,0.0,0.0,0.0005,0.0,0.0,0.0,0.002,0.9975,0.047091412742382266,1890,0.0006105418370852833,6.437747117642197e-07,0.0001337699253332037,16,20,False,0.995,0.005,0.66,fixed,100,none,89088af6-702d-46f1-85f7-fa99660871db
1483,205400,42.44429564476013,0.99900075,0.999002,1.0,0.9960719999999998,0.0,0.0,0.0,0.0,0.0,0.0,0.0005,0.0,0.0,0.0,0.0005,0.0,0.0,0.0,0.002,0.9975,0.04669518407547691,1891,0.0006125912025033662,6.458028020007499e-07,0.000134218916760367,16,20,False,0.995,0.005,0.66,fixed,100,none,89088af6-702d-46f1-85f7-fa99660871db
1484,205500,42.4650604724884,0.99900075,0.999002,1.0,0.9960719999999998,0.0,0.0,0.0,0.0,0.0,0.0,0.0005,0.0,0.0,0.0,0.0005,0.0,0.0,0.0,0.002,0.9975,0.04669518407547691,1891,0.0006128324485947797,6.467208858171764e-07,0.00013427189996570254,16,20,False,0.995,0.005,0.66,fixed,100,none,89088af6-702d-46f1-85f7-fa99660871db
1485,205800,42.48636984825134,0.99900075,0.999002,1.0,0.9960719999999998,0.0,0.0,0.0,0.0,0.0,0.0,0.0005,0.0,0.0,0.0,0.0005,0.0,0.0,0.0,0.002,0.9975,0.047091412742382266,1890,0.0006131505414785441,6.469712201019648e-07,0.0001343415780614727,16,20,False,0.995,0.005,0.66,fixed,100,none,89088af6-702d-46f1-85f7-fa99660871db
1486,205900,42.506752490997314,0.99900075,0.999002,1.0,0.9960719999999998,0.0,0.0,0.0,0.0,0.0,0.0,0.0005,0.0,0.0,0.0,0.0005,0.0,0.0,0.0,0.002,0.9975,0.04669518407547691,1891,0.0006132666398271025,6.481102277093504e-07,0.00013436720840141752,16,20,False,0.995,0.005,0.66,fixed,100,none,89088af6-702d-46f1-85f7-fa99660871db
1487,206100,42.52716588973999,0.99900075,0.999002,1.0,0.9960719999999998,0.0,0.0,0.0,0.0,0.0,0.0,0.0005,0.0,0.0,0.0,0.0005,0.0,0.0,0.0,0.002,0.9975,0.04669518407547691,1891,0.0006140160149224168,6.495286769297874e-07,0.0001345315161151337,16,20,False,0.995,0.005,0.66,fixed,100,none,89088af6-702d-46f1-85f7-fa99660871db
1488,206200,42.54751896858215,0.99900075,0.999002,1.0,0.9960719999999998,0.0,0.0,0.0,0.0,0.0,0.0,0.0005,0.0,0.0,0.0,0.0005,0.0,0.0,0.0,0.002,0.9975,0.04669518407547691,1891,0.0006142942855973635,6.503704276841804e-07,0.0001345925894985229,16,20,False,0.995,0.005,0.66,fixed,100,none,89088af6-702d-46f1-85f7-fa99660871db
1489,206500,42.567811012268066,0.99900075,0.999002,1.0,0.9960719999999998,0.0,0.0,0.0,0.0,0.0,0.0,0.0005,0.0,0.0,0.0,0.0005,0.0,0.0,0.0,0.002,0.9975,0.04669518407547691,1891,0.0006136079540061635,6.512559848056832e-07,0.0001344425197690623,16,20,False,0.995,0.005,0.66,fixed,100,none,89088af6-702d-46f1-85f7-fa99660871db
1490,206600,42.5881564617157,0.99900075,0.999002,1.0,0.9960719999999998,0.0,0.0,0.0,0.0,0.0,0.0,0.0005,0.0,0.0,0.0,0.0005,0.0,0.0,0.0,0.002,0.9975,0.047091412742382266,1890,0.0006130276811270308,6.515512810615434e-07,0.00013431555414210872,16,20,False,0.995,0.005,0.66,fixed,100,none,89088af6-702d-46f1-85f7-fa99660871db
1491,206800,42.608428716659546,0.99900075,0.999002,1.0,0.9960719999999998,0.0,0.0,0.0,0.0,0.0,0.0,0.0005,0.0,0.0,0.0,0.0005,0.0,0.0,0.0,0.002,0.9975,0.047091412742382266,1890,0.0006125343623093325,6.515488605346984e-07,0.00013420756619301447,16,20,False,0.995,0.005,0.66,fixed,100,none,89088af6-702d-46f1-85f7-fa99660871db
1492,206900,42.62866687774658,0.99900075,0.999002,1.0,0.9960719999999998,0.0,0.0,0.0,0.0,0.0,0.0,0.0005,0.0,0.0,0.0,0.0005,0.0,0.0,0.0,0.002,0.9975,0.047091412742382266,1890,0.0006125343623093325,6.515488605346984e-07,0.00013420756619301447,16,20,False,0.995,0.005,0.66,fixed,100,none,89088af6-702d-46f1-85f7-fa99660871db
1493,207200,42.6488835811615,0.99900075,0.999002,1.0,0.9960719999999998,0.0,0.0,0.0,0.0,0.0,0.0,0.0005,0.0,0.0,0.0,0.0005,0.0,0.0,0.0,0.002,0.9975,0.04669518407547691,1891,0.0006155982710439162,6.578388436229126e-07,0.00013487945091180162,16,20,False,0.995,0.005,0.66,fixed,100,none,89088af6-702d-46f1-85f7-fa99660871db
1494,207300,42.673136711120605,0.99900075,0.999002,1.0,0.9960719999999998,0.0,0.0,0.0,0.0,0.0,0.0,0.0005,0.0,0.0,0.0,0.0005,0.0,0.0,0.0,0.002,0.9975,0.047091412742382266,1890,0.0006141045617526508,6.57288064962098e-07,0.00013455237329999806,16,20,False,0.995,0.005,0.66,fixed,100,none,89088af6-702d-46f1-85f7-fa99660871db
1495,207600,42.69330430030823,0.99900075,0.999002,1.0,0.9960719999999998,0.0,0.0,0.0,0.0,0.0,0.0,0.0005,0.0,0.0,0.0,0.0005,0.0,0.0,0.0,0.002,0.9975,0.047091412742382266,1890,0.0006127286826069794,6.566347428251617e-07,0.00013425106922380458,16,20,False,0.995,0.005,0.66,fixed,100,none,89088af6-702d-46f1-85f7-fa99660871db
1496,207700,42.71383571624756,0.99900075,0.999002,1.0,0.9960719999999998,0.0,0.0,0.0,0.0,0.0,0.0,0.0005,0.0,0.0,0.0,0.0005,0.0,0.0,0.0,0.002,0.9975,0.047091412742382266,1890,0.0006126779939287903,6.551680783719919e-07,0.0001342396948059029,16,20,False,0.995,0.005,0.66,fixed,100,none,89088af6-702d-46f1-85f7-fa99660871db
1497,207800,42.733768701553345,0.99900075,0.999002,1.0,0.9960719999999998,0.0,0.0,0.0,0.0,0.0,0.0,0.0005,0.0,0.0,0.0,0.0005,0.0,0.0,0.0,0.002,0.9975,0.047091412742382266,1890,0.000611677972932164,6.542806124825983e-07,0.0001340206215912224,16,20,False,0.995,0.005,0.66,fixed,100,none,89088af6-702d-46f1-85f7-fa99660871db
1498,207900,42.753936529159546,0.99900075,0.999002,1.0,0.9960719999999998,0.0,0.0,0.0,0.0,0.0,0.0,0.0005,0.0,0.0,0.0,0.0005,0.0,0.0,0.0,0.002,0.9975,0.047091412742382266,1890,0.0006109633498657293,6.538370431287022e-07,0.0001338641063238026,16,20,False,0.995,0.005,0.66,fixed,100,none,89088af6-702d-46f1-85f7-fa99660871db
1499,208000,42.774028062820435,0.99900075,0.999002,1.0,0.9960719999999998,0.0,0.0,0.0,0.0,0.0,0.0,0.0005,0.0,0.0,0.0,0.0005,0.0,0.0,0.0,0.002,0.9975,0.047091412742382266,1890,0.000611210518775785,6.532153942096564e-07,0.00013391809348491917,16,20,False,0.995,0.005,0.66,fixed,100,none,89088af6-702d-46f1-85f7-fa99660871db
1500,208300,42.794455766677856,0.99900075,0.999002,1.0,0.9960719999999998,0.0,0.0,0.0,0.0,0.0,0.0,0.0005,0.0,0.0,0.0,0.0005,0.0,0.0,0.0,0.002,0.9975,0.04669518407547691,1891,0.000612380510887644,6.552955591238401e-07,0.0001341745999895388,16,20,False,0.995,0.005,0.66,fixed,100,none,89088af6-702d-46f1-85f7-fa99660871db
1501,208400,42.81470799446106,0.99900075,0.999002,1.0,0.9960719999999998,0.0,0.0,0.0,0.0,0.0,0.0,0.0005,0.0,0.0,0.0,0.0005,0.0,0.0,0.0,0.002,0.9975,0.04669518407547691,1891,0.0006127850067890726,6.555300732531325e-07,0.0001342631887000461,16,20,False,0.995,0.005,0.66,fixed,100,none,89088af6-702d-46f1-85f7-fa99660871db
1502,208600,42.83500909805298,0.99900075,0.999002,1.0,0.9960719999999998,0.0,0.0,0.0,0.0,0.0,0.0,0.0005,0.0,0.0,0.0,0.0005,0.0,0.0,0.0,0.002,0.9975,0.047091412742382266,1890,0.0006135592668735198,6.553646694766928e-07,0.00013443264280581403,16,20,False,0.995,0.005,0.66,fixed,100,none,89088af6-702d-46f1-85f7-fa99660871db
1503,208700,42.85541534423828,0.99900075,0.999002,1.0,0.9960719999999998,0.0,0.0,0.0,0.0,0.0,0.0,0.0005,0.0,0.0,0.0,0.0005,0.0,0.0,0.0,0.002,0.9975,0.04629795038975885,1892,0.0006174729553634087,6.602158148559171e-07,0.0001352902709338728,16,20,False,0.995,0.005,0.66,fixed,100,none,89088af6-702d-46f1-85f7-fa99660871db
1504,209000,42.875795125961304,0.99900075,0.999002,1.0,0.9960719999999998,0.0,0.0,0.0,0.0,0.0,0.0,0.0005,0.0,0.0,0.0,0.0005,0.0,0.0,0.0,0.002,0.9975,0.045899711685228106,1893,0.0006161884733952106,6.560558921212675e-07,0.00013500830744571463,16,20,False,0.995,0.005,0.66,fixed,100,none,89088af6-702d-46f1-85f7-fa99660871db
1505,209100,42.896005392074585,0.99900075,0.999002,1.0,0.9960719999999998,0.0,0.0,0.0,0.0,0.0,0.0,0.0005,0.0,0.0,0.0,0.0005,0.0,0.0,0.0,0.002,0.9975,0.045899711685228106,1893,0.0006161456262017474,6.56287011425871e-07,0.00013499897210773342,16,20,False,0.995,0.005,0.66,fixed,100,none,89088af6-702d-46f1-85f7-fa99660871db
1506,209400,42.9162380695343,0.99900075,0.999002,1.0,0.9960719999999998,0.0,0.0,0.0,0.0,0.0,0.0,0.0005,0.0,0.0,0.0,0.0005,0.0,0.0,0.0,0.002,0.9975,0.04629795038975885,1892,0.0006171408460703891,6.576714353446821e-07,0.00013521708877752367,16,20,False,0.995,0.005,0.66,fixed,100,none,89088af6-702d-46f1-85f7-fa99660871db
1507,209500,42.93660235404968,0.99900075,0.999002,1.0,0.9960719999999998,0.0,0.0,0.0,0.0,0.0,0.0,0.0005,0.0,0.0,0.0,0.0005,0.0,0.0,0.0,0.002,0.9975,0.04629795038975885,1892,0.0006187598703504137,6.607238917854376e-07,0.0001355720731591448,16,20,False,0.995,0.005,0.66,fixed,100,none,89088af6-702d-46f1-85f7-fa99660871db
1508,209600,42.956920862197876,0.99900075,0.999002,1.0,0.9960719999999998,0.0,0.0,0.0,0.0,0.0,0.0,0.0005,0.0,0.0,0.0,0.0005,0.0,0.0,0.0,0.002,0.9975,0.04669518407547692,1891,0.0006209928170499484,6.627868414657394e-07,0.00013606125715211222,16,20,False,0.995,0.005,0.66,fixed,100,none,89088af6-702d-46f1-85f7-fa99660871db
1509,209700,42.977434396743774,0.99900075,0.999002,1.0,0.9960719999999998,0.0,0.0,0.0,0.0,0.0,0.0,0.0005,0.0,0.0,0.0,0.0005,0.0,0.0,0.0,0.002,0.9975,0.04669518407547691,1891,0.0006202496102162529,6.606774866294111e-07,0.00013589816839879734,16,20,False,0.995,0.005,0.66,fixed,100,none,89088af6-702d-46f1-85f7-fa99660871db
1510,209800,42.99788546562195,0.99900075,0.999002,1.0,0.9960719999999998,0.0,0.0,0.0,0.0,0.0,0.0,0.0005,0.0,0.0,0.0,0.0005,0.0,0.0,0.0,0.002,0.9975,0.047091412742382266,1890,0.0006227951979988398,6.628228519347888e-07,0.00013645580518381365,16,20,False,0.995,0.005,0.66,fixed,100,none,89088af6-702d-46f1-85f7-fa99660871db
1511,210100,43.018412828445435,0.99900075,0.999002,1.0,0.9960719999999998,0.0,0.0,0.0,0.0,0.0,0.0,0.0005,0.0,0.0,0.0,0.0005,0.0,0.0,0.0,0.002,0.9975,0.04669518407547691,1891,0.0006237630446200768,6.657198817391284e-07,0.00013666821724486524,16,20,False,0.995,0.005,0.66,fixed,100,none,89088af6-702d-46f1-85f7-fa99660871db
1512,210200,43.038970947265625,0.99900075,0.999002,1.0,0.9960719999999998,0.0,0.0,0.0,0.0,0.0,0.0,0.0005,0.0,0.0,0.0,0.0005,0.0,0.0,0.0,0.002,0.9975,0.04669518407547692,1891,0.0006235890225522494,6.659707720086916e-07,0.00013663017148336906,16,20,False,0.995,0.005,0.66,fixed,100,none,89088af6-702d-46f1-85f7-fa99660871db
1513,210500,43.05935978889465,0.99900075,0.999002,1.0,0.9960719999999998,0.0,0.0,0.0,0.0,0.0,0.0,0.0005,0.0,0.0,0.0,0.0005,0.0,0.0,0.0,0.002,0.9975,0.046297950389758855,1892,0.0006244081928490936,6.670286302839106e-07,0.00013680968885442052,16,20,False,0.995,0.005,0.66,fixed,100,none,89088af6-702d-46f1-85f7-fa99660871db
1514,210600,43.07978796958923,0.99900075,0.999002,1.0,0.9960719999999998,0.0,0.0,0.0,0.0,0.0,0.0,0.0005,0.0,0.0,0.0,0.0005,0.0,0.0,0.0,0.002,0.9975,0.046297950389758855,1892,0.0006239259169904706,6.685454942041392e-07,0.0001367044068731128,16,20,False,0.995,0.005,0.66,fixed,100,none,89088af6-702d-46f1-85f7-fa99660871db
1515,210800,43.10018467903137,0.99900075,0.999002,1.0,0.9960719999999998,0.0,0.0,0.0,0.0,0.0,0.0,0.0005,0.0,0.0,0.0,0.0005,0.0,0.0,0.0,0.002,0.9975,0.046297950389758855,1892,0.0006241684024965851,6.683151057516306e-07,0.0001367574431765953,16,20,False,0.995,0.005,0.66,fixed,100,none,89088af6-702d-46f1-85f7-fa99660871db
1516,210900,43.12041926383972,0.99900075,0.999002,1.0,0.9960719999999998,0.0,0.0,0.0,0.0,0.0,0.0,0.0005,0.0,0.0,0.0,0.0005,0.0,0.0,0.0,0.002,0.9975,0.046297950389758855,1892,0.0006250881041766853,6.69428357396917e-07,0.00013695897739218182,16,20,False,0.995,0.005,0.66,fixed,100,none,89088af6-702d-46f1-85f7-fa99660871db
1517,211200,43.140615463256836,0.99900075,0.999002,1.0,0.9960719999999998,0.0,0.0,0.0,0.0,0.0,0.0,0.0005,0.0,0.0,0.0,0.0005,0.0,0.0,0.0,0.002,0.9975,0.04669518407547692,1891,0.00062596208179009,6.70519780440975e-07,0.0001371504984621345,16,20,False,0.995,0.005,0.66,fixed,100,none,89088af6-702d-46f1-85f7-fa99660871db
1518,211300,43.16179180145264,0.99900075,0.999002,1.0,0.9960719999999998,0.0,0.0,0.0,0.0,0.0,0.0,0.0005,0.0,0.0,0.0,0.0005,0.0,0.0,0.0,0.002,0.9975,0.046297950389758855,1892,0.0006263799794117702,6.711521336101623e-07,0.00013724209639862244,16,20,False,0.995,0.005,0.66,fixed,100,none,89088af6-702d-46f1-85f7-fa99660871db
1519,211400,43.18193531036377,0.99900075,0.999002,1.0,0.9960719999999998,0.0,0.0,0.0,0.0,0.0,0.0,0.0005,0.0,0.0,0.0,0.0005,0.0,0.0,0.0,0.002,0.9975,0.046297950389758855,1892,0.000626250505430267,6.714247324250162e-07,0.0001372138063378462,16,20,False,0.995,0.005,0.66,fixed,100,none,89088af6-702d-46f1-85f7-fa99660871db
1520,211500,43.203028440475464,0.99900075,0.999002,1.0,0.9960719999999998,0.0,0.0,0.0,0.0,0.0,0.0,0.0005,0.0,0.0,0.0,0.0005,0.0,0.0,0.0,0.002,0.9975,0.046297950389758855,1892,0.0006271462842343762,6.727421180033738e-07,0.0001374101426213256,16,20,False,0.995,0.005,0.66,fixed,100,none,89088af6-702d-46f1-85f7-fa99660871db
1521,211600,43.223427057266235,0.99900075,0.999002,1.0,0.9960719999999998,0.0,0.0,0.0,0.0,0.0,0.0,0.0005,0.0,0.0,0.0,0.0005,0.0,0.0,0.0,0.002,0.9975,0.046297950389758855,1892,0.0006267385632400847,6.733749127000403e-07,0.00013732101272666757,16,20,False,0.995,0.005,0.66,fixed,100,none,89088af6-702d-46f1-85f7-fa99660871db
1522,211900,43.24379897117615,0.99900075,0.999002,1.0,0.9960719999999998,0.0,0.0,0.0,0.0,0.0,0.0,0.0005,0.0,0.0,0.0,0.0005,0.0,0.0,0.0,0.002,0.9975,0.045899711685228106,1893,0.0006248441964834871,6.70197623461609e-07,0.00013690573215869304,16,20,False,0.995,0.005,0.66,fixed,100,none,89088af6-702d-46f1-85f7-fa99660871db
1523,212000,43.263915061950684,0.99900075,0.999002,1.0,0.9960719999999998,0.0,0.0,0.0,0.0,0.0,0.0,0.0005,0.0,0.0,0.0,0.0005,0.0,0.0,0.0,0.002,0.9975,0.045899711685228106,1893,0.0006250757766869843,6.687268687075755e-07,0.0001369561456218353,16,20,False,0.995,0.005,0.66,fixed,100,none,89088af6-702d-46f1-85f7-fa99660871db
1524,212300,43.283719062805176,0.99900075,0.999002,1.0,0.9960719999999998,0.0,0.0,0.0,0.0,0.0,0.0,0.0005,0.0,0.0,0.0,0.0005,0.0,0.0,0.0,0.002,0.9975,0.045899711685228106,1893,0.0006278109962371443,6.725726212576685e-07,0.00013755561587434984,16,20,False,0.995,0.005,0.66,fixed,100,none,89088af6-702d-46f1-85f7-fa99660871db
1525,212400,43.30344772338867,0.99900075,0.999002,1.0,0.9960719999999998,0.0,0.0,0.0,0.0,0.0,0.0,0.0005,0.0,0.0,0.0,0.0005,0.0,0.0,0.0,0.002,0.9975,0.045899711685228106,1893,0.0006276082652642439,6.734192852743514e-07,0.0001375113989305451,16,20,False,0.995,0.005,0.66,fixed,100,none,89088af6-702d-46f1-85f7-fa99660871db
1526,212600,43.32332229614258,0.99900075,0.999002,1.0,0.9960719999999998,0.0,0.0,0.0,0.0,0.0,0.0,0.0005,0.0,0.0,0.0,0.0005,0.0,0.0,0.0,0.002,0.9975,0.04589971168522809,1893,0.0006269470016630227,6.722378513470892e-07,0.00013736642385579162,16,20,False,0.995,0.005,0.66,fixed,100,none,89088af6-702d-46f1-85f7-fa99660871db
1527,212700,43.3431396484375,0.99900075,0.999002,1.0,0.9960719999999998,0.0,0.0,0.0,0.0,0.0,0.0,0.0005,0.0,0.0,0.0,0.0005,0.0,0.0,0.0,0.002,0.9975,0.04589971168522809,1893,0.0006269470016630227,6.722378513470892e-07,0.00013736642385579162,16,20,False,0.995,0.005,0.66,fixed,100,none,89088af6-702d-46f1-85f7-fa99660871db
1528,213000,43.362818241119385,0.99900075,0.999002,1.0,0.9960719999999998,0.0,0.0,0.0,0.0,0.0,0.0,0.0005,0.0,0.0,0.0,0.0005,0.0,0.0,0.0,0.002,0.9975,0.04550046796188467,1894,0.0006283080243304039,6.768756279210393e-07,0.00013766523289523042,16,20,False,0.995,0.005,0.66,fixed,100,none,89088af6-702d-46f1-85f7-fa99660871db
1529,213100,43.38244318962097,0.99900075,0.999002,1.0,0.9960719999999998,0.0,0.0,0.0,0.0,0.0,0.0,0.0005,0.0,0.0,0.0,0.0005,0.0,0.0,0.0,0.002,0.9975,0.04550046796188467,1894,0.0006282365193780303,6.764565142302118e-07,0.00013764950082955456,16,20,False,0.995,0.005,0.66,fixed,100,none,89088af6-702d-46f1-85f7-fa99660871db
1530,213300,43.40200209617615,0.99900075,0.999002,1.0,0.9960719999999998,0.0,0.0,0.0,0.0,0.0,0.0,0.0005,0.0,0.0,0.0,0.0005,0.0,0.0,0.0,0.002,0.9975,0.04629795038975885,1892,0.0006263988162284547,6.756591299160728e-07,0.0001372470761070928,16,20,False,0.995,0.005,0.66,fixed,100,none,89088af6-702d-46f1-85f7-fa99660871db
1531,213400,43.421531200408936,0.99900075,0.999002,1.0,0.9960719999999998,0.0,0.0,0.0,0.0,0.0,0.0,0.0005,0.0,0.0,0.0,0.0005,0.0,0.0,0.0,0.002,0.9975,0.04629795038975885,1892,0.0006263988162284547,6.756591299160728e-07,0.0001372470761070928,16,20,False,0.995,0.005,0.66,fixed,100,none,89088af6-702d-46f1-85f7-fa99660871db
1532,213700,43.441301107406616,0.99900075,0.999002,1.0,0.9960719999999998,0.0,0.0,0.0,0.0,0.0,0.0,0.0005,0.0,0.0,0.0,0.0005,0.0,0.0,0.0,0.002,0.9975,0.04629795038975885,1892,0.000625901493529297,6.766865863845918e-07,0.0001371384073849762,16,20,False,0.995,0.005,0.66,fixed,100,none,89088af6-702d-46f1-85f7-fa99660871db
1533,213800,43.461663007736206,0.99900075,0.999002,1.0,0.9960719999999998,0.0,0.0,0.0,0.0,0.0,0.0,0.0005,0.0,0.0,0.0,0.0005,0.0,0.0,0.0,0.002,0.9975,0.04629795038975885,1892,0.000625901493529297,6.766865863845918e-07,0.0001371384073849762,16,20,False,0.995,0.005,0.66,fixed,100,none,89088af6-702d-46f1-85f7-fa99660871db
1534,214100,43.48291349411011,0.99900075,0.999002,1.0,0.9960719999999998,0.0,0.0,0.0,0.0,0.0,0.0,0.0005,0.0,0.0,0.0,0.0005,0.0,0.0,0.0,0.002,0.9975,0.04629795038975885,1892,0.0006265115058679896,6.820748272537628e-07,0.00013727296285168117,16,20,False,0.995,0.005,0.66,fixed,100,none,89088af6-702d-46f1-85f7-fa99660871db
1535,214200,43.50327706336975,0.99900075,0.999002,1.0,0.9960719999999998,0.0,0.0,0.0,0.0,0.0,0.0,0.0005,0.0,0.0,0.0,0.0005,0.0,0.0,0.0,0.002,0.9975,0.04629795038975885,1892,0.0006265274489086737,6.816233252805513e-07,0.00013727636699791196,16,20,False,0.995,0.005,0.66,fixed,100,none,89088af6-702d-46f1-85f7-fa99660871db
1536,214400,43.52346873283386,0.99900075,0.999002,1.0,0.9960719999999998,0.0,0.0,0.0,0.0,0.0,0.0,0.0005,0.0,0.0,0.0,0.0005,0.0,0.0,0.0,0.002,0.9975,0.04629795038975885,1892,0.0006261276302651908,6.799880486722565e-07,0.00013718853599429802,16,20,False,0.995,0.005,0.66,fixed,100,none,89088af6-702d-46f1-85f7-fa99660871db
1537,214500,43.54374384880066,0.99900075,0.999002,1.0,0.9960719999999998,0.0,0.0,0.0,0.0,0.0,0.0,0.0005,0.0,0.0,0.0,0.0005,0.0,0.0,0.0,0.002,0.9975,0.04629795038975885,1892,0.0006262969043835664,6.8094545307204e-07,0.00013722577200564638,16,20,False,0.995,0.005,0.66,fixed,100,none,89088af6-702d-46f1-85f7-fa99660871db
1538,214800,43.56403946876526,0.99900075,0.999002,1.0,0.9960719999999998,0.0,0.0,0.0,0.0,0.0,0.0,0.0005,0.0,0.0,0.0,0.0005,0.0,0.0,0.0,0.002,0.9975,0.04629795038975885,1892,0.0006263911693429202,6.793976571326459e-07,0.00013724611252402045,16,20,False,0.995,0.005,0.66,fixed,100,none,89088af6-702d-46f1-85f7-fa99660871db
1539,214900,43.585427045822144,0.99900075,0.999002,1.0,0.9960719999999998,0.0,0.0,0.0,0.0,0.0,0.0,0.0005,0.0,0.0,0.0,0.0005,0.0,0.0,0.0,0.002,0.9975,0.045899711685228106,1893,0.0006269729604315003,6.809192552246182e-07,0.00013737375569694812,16,20,False,0.995,0.005,0.66,fixed,100,none,89088af6-702d-46f1-85f7-fa99660871db
1540,215100,43.60576057434082,0.99900075,0.999002,1.0,0.9960719999999998,0.0,0.0,0.0,0.0,0.0,0.0,0.0005,0.0,0.0,0.0,0.0005,0.0,0.0,0.0,0.002,0.9975,0.045899711685228106,1893,0.0006259945085235652,6.793186751172238e-07,0.0001371592684640807,16,20,False,0.995,0.005,0.66,fixed,100,none,89088af6-702d-46f1-85f7-fa99660871db
1541,215200,43.626442670822144,0.99900075,0.999002,1.0,0.9960719999999998,0.0,0.0,0.0,0.0,0.0,0.0,0.0005,0.0,0.0,0.0,0.0005,0.0,0.0,0.0,0.002,0.9975,0.04629795038975885,1892,0.0006262242141434778,6.789860447156505e-07,0.00013720948782450327,16,20,False,0.995,0.005,0.66,fixed,100,none,89088af6-702d-46f1-85f7-fa99660871db
1542,215500,43.64674115180969,0.99900075,0.999002,1.0,0.9960719999999998,0.0,0.0,0.0,0.0,0.0,0.0,0.0005,0.0,0.0,0.0,0.0005,0.0,0.0,0.0,0.002,0.9975,0.045899711685228106,1893,0.0006268401230659663,6.798310076927592e-07,0.00013734447083060166,16,20,False,0.995,0.005,0.66,fixed,100,none,89088af6-702d-46f1-85f7-fa99660871db
1543,215600,43.666738748550415,0.99900075,0.999002,1.0,0.9960719999999998,0.0,0.0,0.0,0.0,0.0,0.0,0.0005,0.0,0.0,0.0,0.0005,0.0,0.0,0.0,0.002,0.9975,0.04669518407547691,1891,0.0006269416962865161,6.795987576905699e-07,0.0001373666610810796,16,20,False,0.995,0.005,0.66,fixed,100,none,89088af6-702d-46f1-85f7-fa99660871db
1544,215900,43.68643498420715,0.99900075,0.999002,1.0,0.9960719999999998,0.0,0.0,0.0,0.0,0.0,0.0,0.0005,0.0,0.0,0.0,0.0005,0.0,0.0,0.0,0.002,0.9975,0.047091412742382266,1890,0.0006259352254933886,6.814393687503888e-07,0.00013714669434056534,16,20,False,0.995,0.005,0.66,fixed,100,none,89088af6-702d-46f1-85f7-fa99660871db
1545,216000,43.705981731414795,0.99900075,0.999002,1.0,0.9960719999999998,0.0,0.0,0.0,0.0,0.0,0.0,0.0005,0.0,0.0,0.0,0.0005,0.0,0.0,0.0,0.002,0.9975,0.047091412742382266,1890,0.000625907034687823,6.811520973995628e-07,0.0001371404687916704,16,20,False,0.995,0.005,0.66,fixed,100,none,89088af6-702d-46f1-85f7-fa99660871db
1546,216200,43.725651264190674,0.99900075,0.999002,1.0,0.9960719999999998,0.0,0.0,0.0,0.0,0.0,0.0,0.0005,0.0,0.0,0.0,0.0005,0.0,0.0,0.0,0.002,0.9975,0.047091412742382266,1890,0.0006259630596236034,6.82117856326155e-07,0.00013715291614430875,16,20,False,0.995,0.005,0.66,fixed,100,none,89088af6-702d-46f1-85f7-fa99660871db
1547,216300,43.7452666759491,0.99900075,0.999002,1.0,0.9960719999999998,0.0,0.0,0.0,0.0,0.0,0.0,0.0005,0.0,0.0,0.0,0.0005,0.0,0.0,0.0,0.002,0.9975,0.047091412742382266,1890,0.0006256261000210443,6.83792328826474e-07,0.00013707947383708363,16,20,False,0.995,0.005,0.66,fixed,100,none,89088af6-702d-46f1-85f7-fa99660871db
1548,216500,43.76493048667908,0.99900075,0.999002,1.0,0.9960719999999998,0.0,0.0,0.0,0.0,0.0,0.0,0.0005,0.0,0.0,0.0,0.0005,0.0,0.0,0.0,0.002,0.9975,0.04669518407547691,1891,0.0006248087077244299,6.826129663353182e-07,0.00013690032258448142,16,20,False,0.995,0.005,0.66,fixed,100,none,89088af6-702d-46f1-85f7-fa99660871db
1549,216600,43.7846839427948,0.99900075,0.999002,1.0,0.9960719999999998,0.0,0.0,0.0,0.0,0.0,0.0,0.0005,0.0,0.0,0.0,0.0005,0.0,0.0,0.0,0.002,0.9975,0.04669518407547691,1891,0.0006251260909919434,6.825435097518229e-07,0.00013696978458498926,16,20,False,0.995,0.005,0.66,fixed,100,none,89088af6-702d-46f1-85f7-fa99660871db
1550,216700,43.804718255996704,0.99900075,0.999002,1.0,0.9960719999999998,0.0,0.0,0.0,0.0,0.0,0.0,0.0005,0.0,0.0,0.0,0.0005,0.0,0.0,0.0,0.002,0.9975,0.04669518407547691,1891,0.0006250602582838537,6.842757059829409e-07,0.00013695570292247234,16,20,False,0.995,0.005,0.66,fixed,100,none,89088af6-702d-46f1-85f7-fa99660871db
1551,216900,43.824524879455566,0.99900075,0.999002,1.0,0.9960719999999998,0.0,0.0,0.0,0.0,0.0,0.0,0.0005,0.0,0.0,0.0,0.0005,0.0,0.0,0.0,0.002,0.9975,0.04669518407547691,1891,0.0006244665088268409,6.841501368263236e-07,0.00013682570730819246,16,20,False,0.995,0.005,0.66,fixed,100,none,89088af6-702d-46f1-85f7-fa99660871db
1552,217000,43.84417939186096,0.99900075,0.999002,1.0,0.9960719999999998,0.0,0.0,0.0,0.0,0.0,0.0,0.0005,0.0,0.0,0.0,0.0005,0.0,0.0,0.0,0.002,0.9975,0.04669518407547691,1891,0.0006247390611799468,6.842202318683162e-07,0.00013688538233634534,16,20,False,0.995,0.005,0.66,fixed,100,none,89088af6-702d-46f1-85f7-fa99660871db
1553,217300,43.86372494697571,0.99900075,0.999002,1.0,0.9960719999999998,0.0,0.0,0.0,0.0,0.0,0.0,0.0005,0.0,0.0,0.0,0.0005,0.0,0.0,0.0,0.002,0.9975,0.04669518407547691,1891,0.0006248613440131191,6.843596298092787e-07,0.00013691217653413556,16,20,False,0.995,0.005,0.66,fixed,100,none,89088af6-702d-46f1-85f7-fa99660871db
1554,217400,43.88326120376587,0.99900075,0.999002,1.0,0.9960719999999998,0.0,0.0,0.0,0.0,0.0,0.0,0.0005,0.0,0.0,0.0,0.0005,0.0,0.0,0.0,0.002,0.9975,0.04669518407547691,1891,0.0006248613440131191,6.843596298092787e-07,0.00013691217653413556,16,20,False,0.995,0.005,0.66,fixed,100,none,89088af6-702d-46f1-85f7-fa99660871db
1555,217700,43.903005599975586,0.99900075,0.999002,1.0,0.9960719999999998,0.0,0.0,0.0,0.0,0.0,0.0,0.0005,0.0,0.0,0.0,0.0005,0.0,0.0,0.0,0.002,0.9975,0.04669518407547691,1891,0.0006254767848558818,6.844606659841059e-07,0.0001370469157314895,16,20,False,0.995,0.005,0.66,fixed,100,none,89088af6-702d-46f1-85f7-fa99660871db
1556,217800,43.92334485054016,0.99900075,0.999002,1.0,0.9960719999999998,0.0,0.0,0.0,0.0,0.0,0.0,0.0005,0.0,0.0,0.0,0.0005,0.0,0.0,0.0,0.002,0.9975,0.04669518407547691,1891,0.0006267588891839281,6.861932492032278e-07,0.00013732789755971047,16,20,False,0.995,0.005,0.66,fixed,100,none,89088af6-702d-46f1-85f7-fa99660871db
1557,218000,43.94358038902283,0.99900075,0.999002,1.0,0.9960719999999998,0.0,0.0,0.0,0.0,0.0,0.0,0.0005,0.0,0.0,0.0,0.0005,0.0,0.0,0.0,0.002,0.9975,0.047091412742382266,1890,0.0006256064602762007,6.8532387612568e-07,0.00013707546569092423,16,20,False,0.995,0.005,0.66,fixed,100,none,89088af6-702d-46f1-85f7-fa99660871db
1558,218100,43.96351361274719,0.99900075,0.999002,1.0,0.9960719999999998,0.0,0.0,0.0,0.0,0.0,0.0,0.0005,0.0,0.0,0.0,0.0005,0.0,0.0,0.0,0.002,0.9975,0.04669518407547691,1891,0.0006264525650356613,6.865230125459891e-07,0.00013726090585869,16,20,False,0.995,0.005,0.66,fixed,100,none,89088af6-702d-46f1-85f7-fa99660871db
1559,218300,43.98319888114929,0.99900075,0.999002,1.0,0.9960719999999998,0.0,0.0,0.0,0.0,0.0,0.0,0.0005,0.0,0.0,0.0,0.0005,0.0,0.0,0.0,0.002,0.9975,0.047091412742382266,1890,0.0006278397653067428,6.891927195308623e-07,0.00013756507124235688,16,20,False,0.995,0.005,0.66,fixed,100,none,89088af6-702d-46f1-85f7-fa99660871db
1560,218400,44.00339865684509,0.99900075,0.999002,1.0,0.9960719999999998,0.0,0.0,0.0,0.0,0.0,0.0,0.0005,0.0,0.0,0.0,0.0005,0.0,0.0,0.0,0.002,0.9975,0.04669518407547691,1891,0.0006274707892089823,6.892373444158554e-07,0.00013748431085328525,16,20,False,0.995,0.005,0.66,fixed,100,none,89088af6-702d-46f1-85f7-fa99660871db
1561,218500,44.02299761772156,0.99900075,0.999002,1.0,0.9960719999999998,0.0,0.0,0.0,0.0,0.0,0.0,0.0005,0.0,0.0,0.0,0.0005,0.0,0.0,0.0,0.002,0.9975,0.04669518407547691,1891,0.0006272528338994566,6.885378654072792e-07,0.00013743646753501843,16,20,False,0.995,0.005,0.66,fixed,100,none,89088af6-702d-46f1-85f7-fa99660871db
1562,218700,44.04266428947449,0.99900075,0.999002,1.0,0.9960719999999998,0.0,0.0,0.0,0.0,0.0,0.0,0.0005,0.0,0.0,0.0,0.0005,0.0,0.0,0.0,0.002,0.9975,0.04669518407547691,1891,0.0006291548701252411,6.919687936247133e-07,0.00013785347514120398,16,20,False,0.995,0.005,0.66,fixed,100,none,89088af6-702d-46f1-85f7-fa99660871db
1563,218800,44.06233048439026,0.99900075,0.999002,1.0,0.9960719999999998,0.0,0.0,0.0,0.0,0.0,0.0,0.0005,0.0,0.0,0.0,0.0005,0.0,0.0,0.0,0.002,0.9975,0.04669518407547691,1891,0.0006291489571820119,6.908808548799855e-07,0.00013785197408956962,16,20,False,0.995,0.005,0.66,fixed,100,none,89088af6-702d-46f1-85f7-fa99660871db
1564,219100,44.08195757865906,0.99900075,0.999002,1.0,0.9960719999999998,0.0,0.0,0.0,0.0,0.0,0.0,0.0005,0.0,0.0,0.0,0.0005,0.0,0.0,0.0,0.002,0.9975,0.047091412742382266,1890,0.0006273672156658293,6.886071932349532e-07,0.00013746151887596467,16,20,False,0.995,0.005,0.66,fixed,100,none,89088af6-702d-46f1-85f7-fa99660871db
1565,219200,44.101582527160645,0.99900075,0.999002,1.0,0.9960719999999998,0.0,0.0,0.0,0.0,0.0,0.0,0.0005,0.0,0.0,0.0,0.0005,0.0,0.0,0.0,0.002,0.9975,0.047091412742382266,1890,0.0006270056223904396,6.875468027328132e-07,0.00013738216463378647,16,20,False,0.995,0.005,0.66,fixed,100,none,89088af6-702d-46f1-85f7-fa99660871db
1566,219500,44.12117552757263,0.99900075,0.999002,1.0,0.9960719999999998,0.0,0.0,0.0,0.0,0.0,0.0,0.0005,0.0,0.0,0.0,0.0005,0.0,0.0,0.0,0.002,0.9975,0.047091412742382266,1890,0.0006272474170487631,6.866493814782726e-07,0.0001374349229744551,16,20,False,0.995,0.005,0.66,fixed,100,none,89088af6-702d-46f1-85f7-fa99660871db
1567,219600,44.14075565338135,0.99900075,0.999002,1.0,0.9960719999999998,0.0,0.0,0.0,0.0,0.0,0.0,0.0005,0.0,0.0,0.0,0.0005,0.0,0.0,0.0,0.002,0.9975,0.047091412742382266,1890,0.0006256998725016987,6.858878059514642e-07,0.00013709602077375264,16,20,False,0.995,0.005,0.66,fixed,100,none,89088af6-702d-46f1-85f7-fa99660871db
1568,219800,44.16029071807861,0.99900075,0.999002,1.0,0.9960719999999998,0.0,0.0,0.0,0.0,0.0,0.0,0.0005,0.0,0.0,0.0,0.0005,0.0,0.0,0.0,0.002,0.9975,0.047091412742382266,1890,0.0006254234139097047,6.863976755872184e-07,0.00013703560086319596,16,20,False,0.995,0.005,0.66,fixed,100,none,89088af6-702d-46f1-85f7-fa99660871db
1569,219900,44.179967641830444,0.99900075,0.999002,1.0,0.9960719999999998,0.0,0.0,0.0,0.0,0.0,0.0,0.0005,0.0,0.0,0.0,0.0005,0.0,0.0,0.0,0.002,0.9975,0.047091412742382266,1890,0.0006262872714757873,6.865727319794549e-07,0.00013722473254512593,16,20,False,0.995,0.005,0.66,fixed,100,none,89088af6-702d-46f1-85f7-fa99660871db
1570,220100,44.199745893478394,0.99900075,0.999002,1.0,0.9960719999999998,0.0,0.0,0.0,0.0,0.0,0.0,0.0005,0.0,0.0,0.0,0.0005,0.0,0.0,0.0,0.002,0.9975,0.047091412742382266,1890,0.0006264482869737732,6.873494970361281e-07,0.00013726012642299582,16,20,False,0.995,0.005,0.66,fixed,100,none,89088af6-702d-46f1-85f7-fa99660871db
1571,220200,44.21945905685425,0.99900075,0.999002,1.0,0.9960719999999998,0.0,0.0,0.0,0.0,0.0,0.0,0.0005,0.0,0.0,0.0,0.0005,0.0,0.0,0.0,0.002,0.9975,0.047091412742382266,1890,0.0006250018824477563,6.857939412852506e-07,0.00013694321291665807,16,20,False,0.995,0.005,0.66,fixed,100,none,89088af6-702d-46f1-85f7-fa99660871db
1572,220300,44.23905944824219,0.99900075,0.999002,1.0,0.9960719999999998,0.0,0.0,0.0,0.0,0.0,0.0,0.0005,0.0,0.0,0.0,0.0005,0.0,0.0,0.0,0.002,0.9975,0.047091412742382266,1890,0.0006267425139318742,6.877317168818178e-07,0.00013732460532589483,16,20,False,0.995,0.005,0.66,fixed,100,none,89088af6-702d-46f1-85f7-fa99660871db
1573,220500,44.25877618789673,0.99900075,0.999002,1.0,0.9960719999999998,0.0,0.0,0.0,0.0,0.0,0.0,0.0005,0.0,0.0,0.0,0.0005,0.0,0.0,0.0,0.002,0.9975,0.047091412742382266,1890,0.0006255302129016767,6.859950375986928e-07,0.00013705890266132079,16,20,False,0.995,0.005,0.66,fixed,100,none,89088af6-702d-46f1-85f7-fa99660871db
1574,220600,44.278544664382935,0.99900075,0.999002,1.0,0.9960719999999998,0.0,0.0,0.0,0.0,0.0,0.0,0.0005,0.0,0.0,0.0,0.0005,0.0,0.0,0.0,0.002,0.9975,0.047091412742382266,1890,0.0006264336997437289,6.87035686023756e-07,0.00013725687365424678,16,20,False,0.995,0.005,0.66,fixed,100,none,89088af6-702d-46f1-85f7-fa99660871db
1575,220900,44.29823660850525,0.99900075,0.999002,1.0,0.9960719999999998,0.0,0.0,0.0,0.0,0.0,0.0,0.0005,0.0,0.0,0.0,0.0005,0.0,0.0,0.0,0.002,0.9975,0.047091412742382266,1890,0.0006270182828905508,6.88380226834568e-07,0.00013738509436784013,16,20,False,0.995,0.005,0.66,fixed,100,none,89088af6-702d-46f1-85f7-fa99660871db
1576,221000,44.31785798072815,0.99900075,0.999002,1.0,0.9960719999999998,0.0,0.0,0.0,0.0,0.0,0.0,0.0005,0.0,0.0,0.0,0.0005,0.0,0.0,0.0,0.002,0.9975,0.047091412742382266,1890,0.0006270182828905508,6.88380226834568e-07,0.00013738509436784013,16,20,False,0.995,0.005,0.66,fixed,100,none,89088af6-702d-46f1-85f7-fa99660871db
1577,221300,44.33749222755432,0.99900075,0.999002,1.0,0.9960719999999998,0.0,0.0,0.0,0.0,0.0,0.0,0.0005,0.0,0.0,0.0,0.0005,0.0,0.0,0.0,0.002,0.9975,0.047091412742382266,1890,0.0006275591703266776,6.8734778761619e-07,0.00013750329846415682,16,20,False,0.995,0.005,0.66,fixed,100,none,89088af6-702d-46f1-85f7-fa99660871db
1578,221400,44.357048988342285,0.99900075,0.999002,1.0,0.9960719999999998,0.0,0.0,0.0,0.0,0.0,0.0,0.0005,0.0,0.0,0.0,0.0005,0.0,0.0,0.0,0.002,0.9975,0.047091412742382266,1890,0.0006279070580823136,6.884546500819737e-07,0.00013757966139773403,16,20,False,0.995,0.005,0.66,fixed,100,none,89088af6-702d-46f1-85f7-fa99660871db
1579,221600,44.37664222717285,0.99900075,0.999002,1.0,0.9960719999999998,0.0,0.0,0.0,0.0,0.0,0.0,0.0005,0.0,0.0,0.0,0.0005,0.0,0.0,0.0,0.002,0.9975,0.047091412742382266,1890,0.0006279717440510936,6.902285682127313e-07,0.00013759415820074482,16,20,False,0.995,0.005,0.66,fixed,100,none,89088af6-702d-46f1-85f7-fa99660871db
1580,221700,44.39631104469299,0.99900075,0.999002,1.0,0.9960719999999998,0.0,0.0,0.0,0.0,0.0,0.0,0.0005,0.0,0.0,0.0,0.0005,0.0,0.0,0.0,0.002,0.9975,0.047091412742382266,1890,0.0006279851555232174,6.901738984153427e-07,0.0001375970835847312,16,20,False,0.995,0.005,0.66,fixed,100,none,89088af6-702d-46f1-85f7-fa99660871db
1581,221900,44.41596579551697,0.99900075,0.999002,1.0,0.9960719999999998,0.0,0.0,0.0,0.0,0.0,0.0,0.0005,0.0,0.0,0.0,0.0005,0.0,0.0,0.0,0.002,0.9975,0.047091412742382266,1890,0.0006314493458915646,6.963341532649745e-07,0.00013835656530478385,16,20,False,0.995,0.005,0.66,fixed,100,none,89088af6-702d-46f1-85f7-fa99660871db
1582,222000,44.43584489822388,0.99900075,0.999002,1.0,0.9960719999999998,0.0,0.0,0.0,0.0,0.0,0.0,0.0005,0.0,0.0,0.0,0.0005,0.0,0.0,0.0,0.002,0.9975,0.04669518407547691,1891,0.0006318313168197331,6.962805998728693e-07,0.00013844016856581545,16,20,False,0.995,0.005,0.66,fixed,100,none,89088af6-702d-46f1-85f7-fa99660871db
1583,222100,44.45574975013733,0.99900075,0.999002,1.0,0.9960719999999998,0.0,0.0,0.0,0.0,0.0,0.0,0.0005,0.0,0.0,0.0,0.0005,0.0,0.0,0.0,0.002,0.9975,0.047091412742382266,1890,0.0006327374570739525,6.990489973688605e-07,0.00013863904866298832,16,20,False,0.995,0.005,0.66,fixed,100,none,89088af6-702d-46f1-85f7-fa99660871db
1584,222300,44.47555208206177,0.99900075,0.999002,1.0,0.9960719999999998,0.0,0.0,0.0,0.0,0.0,0.0,0.0005,0.0,0.0,0.0,0.0005,0.0,0.0,0.0,0.002,0.9975,0.047091412742382266,1890,0.0006323498433541773,6.987884040650386e-07,0.0001385541505070018,16,20,False,0.995,0.005,0.66,fixed,100,none,89088af6-702d-46f1-85f7-fa99660871db
1585,222400,44.49601697921753,0.99900075,0.999002,1.0,0.9960719999999998,0.0,0.0,0.0,0.0,0.0,0.0,0.0005,0.0,0.0,0.0,0.0005,0.0,0.0,0.0,0.002,0.9975,0.04669518407547691,1891,0.0006331235529355903,7.005330182509895e-07,0.00013872384701106843,16,20,False,0.995,0.005,0.66,fixed,100,none,89088af6-702d-46f1-85f7-fa99660871db
1586,222700,44.51563835144043,0.99900075,0.999002,1.0,0.9960719999999998,0.0,0.0,0.0,0.0,0.0,0.0,0.0005,0.0,0.0,0.0,0.0005,0.0,0.0,0.0,0.002,0.9975,0.047091412742382266,1890,0.0006322156726880734,6.993206156160327e-07,0.0001385248816683863,16,20,False,0.995,0.005,0.66,fixed,100,none,89088af6-702d-46f1-85f7-fa99660871db
1587,222800,44.535216331481934,0.99900075,0.999002,1.0,0.9960719999999998,0.0,0.0,0.0,0.0,0.0,0.0,0.0005,0.0,0.0,0.0,0.0005,0.0,0.0,0.0,0.002,0.9975,0.04669518407547691,1891,0.0006329645030903666,7.013429204766454e-07,0.00013868918488137182,16,20,False,0.995,0.005,0.66,fixed,100,none,89088af6-702d-46f1-85f7-fa99660871db
1588,223100,44.55491757392883,0.99900075,0.999002,1.0,0.9960719999999998,0.0,0.0,0.0,0.0,0.0,0.0,0.0005,0.0,0.0,0.0,0.0005,0.0,0.0,0.0,0.002,0.9975,0.04669518407547691,1891,0.0006329429591700099,7.033509243234707e-07,0.00013868485043793663,16,20,False,0.995,0.005,0.66,fixed,100,none,89088af6-702d-46f1-85f7-fa99660871db
1589,223200,44.57462501525879,0.99900075,0.999002,1.0,0.9960719999999998,0.0,0.0,0.0,0.0,0.0,0.0,0.0005,0.0,0.0,0.0,0.0005,0.0,0.0,0.0,0.002,0.9975,0.04669518407547691,1891,0.0006349842652064459,7.068555422862052e-07,0.00013913235820672539,16,20,False,0.995,0.005,0.66,fixed,100,none,89088af6-702d-46f1-85f7-fa99660871db
1590,223400,44.59436368942261,0.99900075,0.999002,1.0,0.9960719999999998,0.0,0.0,0.0,0.0,0.0,0.0,0.0005,0.0,0.0,0.0,0.0005,0.0,0.0,0.0,0.002,0.9975,0.04669518407547691,1891,0.0006356267732371136,7.086712520060894e-07,0.00013927334819948534,16,20,False,0.995,0.005,0.66,fixed,100,none,89088af6-702d-46f1-85f7-fa99660871db
1591,223500,44.61395716667175,0.99900075,0.999002,1.0,0.9960719999999998,0.0,0.0,0.0,0.0,0.0,0.0,0.0005,0.0,0.0,0.0,0.0005,0.0,0.0,0.0,0.002,0.9975,0.04669518407547691,1891,0.0006367536633635515,7.100700226463586e-07,0.00013952029021458424,16,20,False,0.995,0.005,0.66,fixed,100,none,89088af6-702d-46f1-85f7-fa99660871db
1592,223700,44.63353252410889,0.99900075,0.999002,1.0,0.9960719999999998,0.0,0.0,0.0,0.0,0.0,0.0,0.0005,0.0,0.0,0.0,0.0005,0.0,0.0,0.0,0.002,0.9975,0.04669518407547691,1891,0.0006387156554616929,7.130639832646691e-07,0.00013995033913738488,16,20,False,0.995,0.005,0.66,fixed,100,none,89088af6-702d-46f1-85f7-fa99660871db
1593,223800,44.6531286239624,0.99900075,0.999002,1.0,0.9960719999999998,0.0,0.0,0.0,0.0,0.0,0.0,0.0005,0.0,0.0,0.0,0.0005,0.0,0.0,0.0,0.002,0.9975,0.04669518407547691,1891,0.000636870813737052,7.111834838052777e-07,0.0001395461459889637,16,20,False,0.995,0.005,0.66,fixed,100,none,89088af6-702d-46f1-85f7-fa99660871db
1594,223900,44.672728538513184,0.99900075,0.999002,1.0,0.9960719999999998,0.0,0.0,0.0,0.0,0.0,0.0,0.0005,0.0,0.0,0.0,0.0005,0.0,0.0,0.0,0.002,0.9975,0.04669518407547691,1891,0.0006363224820489526,7.105670038611592e-07,0.00013942599905124935,16,20,False,0.995,0.005,0.66,fixed,100,none,89088af6-702d-46f1-85f7-fa99660871db
1595,224100,44.692307472229004,0.99900075,0.999002,1.0,0.9960719999999998,0.0,0.0,0.0,0.0,0.0,0.0,0.0005,0.0,0.0,0.0,0.0005,0.0,0.0,0.0,0.002,0.9975,0.04669518407547691,1891,0.0006363030645898256,7.109818300820915e-07,0.00013942182738642842,16,20,False,0.995,0.005,0.66,fixed,100,none,89088af6-702d-46f1-85f7-fa99660871db
1596,224200,44.71191954612732,0.99900075,0.999002,1.0,0.9960719999999998,0.0,0.0,0.0,0.0,0.0,0.0,0.0005,0.0,0.0,0.0,0.0005,0.0,0.0,0.0,0.002,0.9975,0.04669518407547691,1891,0.0006361473186730633,7.099228767648865e-07,0.00013938753340411887,16,20,False,0.995,0.005,0.66,fixed,100,none,89088af6-702d-46f1-85f7-fa99660871db
1597,224500,44.731518268585205,0.99900075,0.999002,1.0,0.9960719999999998,0.0,0.0,0.0,0.0,0.0,0.0,0.0005,0.0,0.0,0.0,0.0005,0.0,0.0,0.0,0.002,0.9975,0.04669518407547691,1891,0.0006363793719020214,7.11701090718079e-07,0.00013943866771658892,16,20,False,0.995,0.005,0.66,fixed,100,none,89088af6-702d-46f1-85f7-fa99660871db
1598,224600,44.75114631652832,0.99900075,0.999002,1.0,0.9960719999999998,0.0,0.0,0.0,0.0,0.0,0.0,0.0005,0.0,0.0,0.0,0.0005,0.0,0.0,0.0,0.002,0.9975,0.04629795038975885,1892,0.000636366103752855,7.103530236531861e-07,0.00013943550718599409,16,20,False,0.995,0.005,0.66,fixed,100,none,89088af6-702d-46f1-85f7-fa99660871db
1599,224900,44.77087163925171,0.99900075,0.999002,1.0,0.9960719999999998,0.0,0.0,0.0,0.0,0.0,0.0,0.0005,0.0,0.0,0.0,0.0005,0.0,0.0,0.0,0.002,0.9975,0.04669518407547691,1891,0.0006358803359240101,7.102117195786265e-07,0.00013932914576048576,16,20,False,0.995,0.005,0.66,fixed,100,none,89088af6-702d-46f1-85f7-fa99660871db
1600,225000,44.790729999542236,0.99900075,0.999002,1.0,0.9960719999999998,0.0,0.0,0.0,0.0,0.0,0.0,0.0005,0.0,0.0,0.0,0.0005,0.0,0.0,0.0,0.002,0.9975,0.04669518407547691,1891,0.0006349793584680229,7.080514430856866e-07,0.0001391315113428365,16,20,False,0.995,0.005,0.66,fixed,100,none,89088af6-702d-46f1-85f7-fa99660871db
1601,225200,44.810450077056885,0.99900075,0.999002,1.0,0.9960719999999998,0.0,0.0,0.0,0.0,0.0,0.0,0.0005,0.0,0.0,0.0,0.0005,0.0,0.0,0.0,0.002,0.9975,0.04748663639047491,1889,0.0006354596454005276,7.080161391250636e-07,0.00013923663944460926,16,20,False,0.995,0.005,0.66,fixed,100,none,89088af6-702d-46f1-85f7-fa99660871db
1602,225300,44.83014535903931,0.99900075,0.999002,1.0,0.9960719999999998,0.0,0.0,0.0,0.0,0.0,0.0,0.0005,0.0,0.0,0.0,0.0005,0.0,0.0,0.0,0.002,0.9975,0.047091412742382266,1890,0.0006353727844155718,7.083511011230395e-07,0.00013921768921778207,16,20,False,0.995,0.005,0.66,fixed,100,none,89088af6-702d-46f1-85f7-fa99660871db
1603,225600,44.8497850894928,0.99900075,0.999002,1.0,0.9960719999999998,0.0,0.0,0.0,0.0,0.0,0.0,0.0005,0.0,0.0,0.0,0.0005,0.0,0.0,0.0,0.002,0.9975,0.04748663639047491,1889,0.0006379461034930708,7.124502918626766e-07,0.00013978176761008713,16,20,False,0.995,0.005,0.66,fixed,100,none,89088af6-702d-46f1-85f7-fa99660871db
1604,225700,44.86938166618347,0.99900075,0.999002,1.0,0.9960719999999998,0.0,0.0,0.0,0.0,0.0,0.0,0.0005,0.0,0.0,0.0,0.0005,0.0,0.0,0.0,0.002,0.9975,0.04748663639047491,1889,0.0006378590646645428,7.131200497003926e-07,0.0001397628420645115,16,20,False,0.995,0.005,0.66,fixed,100,none,89088af6-702d-46f1-85f7-fa99660871db
1605,225900,44.88890218734741,0.99900075,0.999002,1.0,0.9960719999999998,0.0,0.0,0.0,0.0,0.0,0.0,0.0005,0.0,0.0,0.0,0.0005,0.0,0.0,0.0,0.002,0.9975,0.04669518407547691,1891,0.0006389248781585758,7.150132828913003e-07,0.00013999650835266162,16,20,False,0.995,0.005,0.66,fixed,100,none,89088af6-702d-46f1-85f7-fa99660871db
1606,226000,44.90874195098877,0.99900075,0.999002,1.0,0.9960719999999998,0.0,0.0,0.0,0.0,0.0,0.0,0.0005,0.0,0.0,0.0,0.0005,0.0,0.0,0.0,0.002,0.9975,0.047091412742382266,1890,0.0006390597627982942,7.161432079406002e-07,0.00014002624928605533,16,20,False,0.995,0.005,0.66,fixed,100,none,89088af6-702d-46f1-85f7-fa99660871db
1607,226300,44.928385972976685,0.99900075,0.999002,1.0,0.9960719999999998,0.0,0.0,0.0,0.0,0.0,0.0,0.0005,0.0,0.0,0.0,0.0005,0.0,0.0,0.0,0.002,0.9975,0.047091412742382266,1890,0.000639026616750821,7.190140366088976e-07,0.0001400195390737104,16,20,False,0.995,0.005,0.66,fixed,100,none,89088af6-702d-46f1-85f7-fa99660871db
1608,226400,44.94805097579956,0.99900075,0.999002,1.0,0.9960719999999998,0.0,0.0,0.0,0.0,0.0,0.0,0.0005,0.0,0.0,0.0,0.0005,0.0,0.0,0.0,0.002,0.9975,0.047091412742382266,1890,0.000639484554970079,7.196427884731325e-07,0.0001401199012127602,16,20,False,0.995,0.005,0.66,fixed,100,none,89088af6-702d-46f1-85f7-fa99660871db
1609,226700,44.96766185760498,0.99900075,0.999002,1.0,0.9960719999999998,0.0,0.0,0.0,0.0,0.0,0.0,0.0005,0.0,0.0,0.0,0.0005,0.0,0.0,0.0,0.002,0.9975,0.047091412742382266,1890,0.0006390105253254051,7.201693577482053e-07,0.00014001623617170334,16,20,False,0.995,0.005,0.66,fixed,100,none,89088af6-702d-46f1-85f7-fa99660871db
1610,226800,44.987282276153564,0.99900075,0.999002,1.0,0.9960719999999998,0.0,0.0,0.0,0.0,0.0,0.0,0.0005,0.0,0.0,0.0,0.0005,0.0,0.0,0.0,0.002,0.9975,0.047091412742382266,1890,0.0006390701183749566,7.205226904867495e-07,0.0001400293482234705,16,20,False,0.995,0.005,0.66,fixed,100,none,89088af6-702d-46f1-85f7-fa99660871db
1611,227000,45.0068621635437,0.99900075,0.999002,1.0,0.9960719999999998,0.0,0.0,0.0,0.0,0.0,0.0,0.0005,0.0,0.0,0.0,0.0005,0.0,0.0,0.0,0.002,0.9975,0.047091412742382266,1890,0.0006387106308347734,7.200055700685984e-07,0.00013995055814804494,16,20,False,0.995,0.005,0.66,fixed,100,none,89088af6-702d-46f1-85f7-fa99660871db
1612,227100,45.02645707130432,0.99900075,0.999002,1.0,0.9960719999999998,0.0,0.0,0.0,0.0,0.0,0.0,0.0005,0.0,0.0,0.0,0.0005,0.0,0.0,0.0,0.002,0.9975,0.047091412742382266,1890,0.0006391403466343057,7.209773183150975e-07,0.0001400448075687294,16,20,False,0.995,0.005,0.66,fixed,100,none,89088af6-702d-46f1-85f7-fa99660871db
1613,227400,45.046329975128174,0.99900075,0.999002,1.0,0.9960719999999998,0.0,0.0,0.0,0.0,0.0,0.0,0.0005,0.0,0.0,0.0,0.0005,0.0,0.0,0.0,0.002,0.9975,0.047091412742382266,1890,0.0006389526796955969,7.211474782795378e-07,0.0001400037596062393,16,20,False,0.995,0.005,0.66,fixed,100,none,89088af6-702d-46f1-85f7-fa99660871db
1614,227500,45.06606435775757,0.99900075,0.999002,1.0,0.9960719999999998,0.0,0.0,0.0,0.0,0.0,0.0,0.0005,0.0,0.0,0.0,0.0005,0.0,0.0,0.0,0.002,0.9975,0.047091412742382266,1890,0.000637576172427417,7.193205295455853e-07,0.00013970209504497524,16,20,False,0.995,0.005,0.66,fixed,100,none,89088af6-702d-46f1-85f7-fa99660871db
1615,227700,45.085726499557495,0.99900075,0.999002,1.0,0.9960719999999998,0.0,0.0,0.0,0.0,0.0,0.0,0.0005,0.0,0.0,0.0,0.0005,0.0,0.0,0.0,0.002,0.9975,0.047091412742382266,1890,0.00063871094984017,7.217052676016515e-07,0.0001399509509208575,16,20,False,0.995,0.005,0.66,fixed,100,none,89088af6-702d-46f1-85f7-fa99660871db
1616,227800,45.105348348617554,0.99900075,0.999002,1.0,0.9960719999999998,0.0,0.0,0.0,0.0,0.0,0.0,0.0005,0.0,0.0,0.0,0.0005,0.0,0.0,0.0,0.002,0.9975,0.047091412742382266,1890,0.0006375352650202161,7.184370031634586e-07,0.0001396929725435264,16,20,False,0.995,0.005,0.66,fixed,100,none,89088af6-702d-46f1-85f7-fa99660871db
1617,228100,45.12486982345581,0.99900075,0.999002,1.0,0.9960719999999998,0.0,0.0,0.0,0.0,0.0,0.0,0.0005,0.0,0.0,0.0,0.0005,0.0,0.0,0.0,0.002,0.9975,0.04669518407547691,1891,0.0006380715781550927,7.214109679498929e-07,0.0001398109365420603,16,20,False,0.995,0.005,0.66,fixed,100,none,89088af6-702d-46f1-85f7-fa99660871db
1618,228200,45.14442276954651,0.99900075,0.999002,1.0,0.9960719999999998,0.0,0.0,0.0,0.0,0.0,0.0,0.0005,0.0,0.0,0.0,0.0005,0.0,0.0,0.0,0.002,0.9975,0.04669518407547691,1891,0.0006383768089933262,7.214546253924862e-07,0.00013987775986746366,16,20,False,0.995,0.005,0.66,fixed,100,none,89088af6-702d-46f1-85f7-fa99660871db
1619,228500,45.16401648521423,0.99900075,0.999002,1.0,0.9960719999999998,0.0,0.0,0.0,0.0,0.0,0.0,0.0005,0.0,0.0,0.0,0.0005,0.0,0.0,0.0,0.002,0.9975,0.04629795038975885,1892,0.0006394507909311686,7.233769067464111e-07,0.00014011321974711463,16,20,False,0.995,0.005,0.66,fixed,100,none,89088af6-702d-46f1-85f7-fa99660871db
1620,228600,45.18358063697815,0.99900075,0.999002,1.0,0.9960719999999998,0.0,0.0,0.0,0.0,0.0,0.0,0.0005,0.0,0.0,0.0,0.0005,0.0,0.0,0.0,0.002,0.9975,0.04629795038975885,1892,0.00063949695810557,7.236090025956581e-07,0.00014012336983980245,16,20,False,0.995,0.005,0.66,fixed,100,none,89088af6-702d-46f1-85f7-fa99660871db
1621,228800,45.20708870887756,0.99900075,0.999002,1.0,0.9960719999999998,0.0,0.0,0.0,0.0,0.0,0.0,0.0005,0.0,0.0,0.0,0.0005,0.0,0.0,0.0,0.002,0.9975,0.04629795038975885,1892,0.000639739227157028,7.246383835450908e-07,0.000140176598117547,16,20,False,0.995,0.005,0.66,fixed,100,none,89088af6-702d-46f1-85f7-fa99660871db
1622,228900,45.22677540779114,0.99900075,0.999002,1.0,0.9960719999999998,0.0,0.0,0.0,0.0,0.0,0.0,0.0005,0.0,0.0,0.0,0.0005,0.0,0.0,0.0,0.002,0.9975,0.04669518407547691,1891,0.0006402467328533396,7.257654120776005e-07,0.00014028790524989076,16,20,False,0.995,0.005,0.66,fixed,100,none,89088af6-702d-46f1-85f7-fa99660871db
1623,229200,45.246746301651,0.99900075,0.999002,1.0,0.9960719999999998,0.0,0.0,0.0,0.0,0.0,0.0,0.0005,0.0,0.0,0.0,0.0005,0.0,0.0,0.0,0.002,0.9975,0.04669518407547691,1891,0.0006416677401299959,7.253795156149884e-07,0.00014059889042242294,16,20,False,0.995,0.005,0.66,fixed,100,none,89088af6-702d-46f1-85f7-fa99660871db
1624,229300,45.266435384750366,0.99900075,0.999002,1.0,0.9960719999999998,0.0,0.0,0.0,0.0,0.0,0.0,0.0005,0.0,0.0,0.0,0.0005,0.0,0.0,0.0,0.002,0.9975,0.04669518407547691,1891,0.0006409587768844407,7.250558872359073e-07,0.0001404436368785789,16,20,False,0.995,0.005,0.66,fixed,100,none,89088af6-702d-46f1-85f7-fa99660871db
1625,229400,45.2872416973114,0.99900075,0.999002,1.0,0.9960719999999998,0.0,0.0,0.0,0.0,0.0,0.0,0.0005,0.0,0.0,0.0,0.0005,0.0,0.0,0.0,0.002,0.9975,0.04629795038975885,1892,0.0006412033464468559,7.253660677374139e-07,0.00014049723209008687,16,20,False,0.995,0.005,0.66,fixed,100,none,89088af6-702d-46f1-85f7-fa99660871db
1626,229500,45.30709743499756,0.99900075,0.999002,1.0,0.9960719999999998,0.0,0.0,0.0,0.0,0.0,0.0,0.0005,0.0,0.0,0.0,0.0005,0.0,0.0,0.0,0.002,0.9975,0.04629795038975885,1892,0.0006414456309000874,7.252763992035457e-07,0.00014055025111987782,16,20,False,0.995,0.005,0.66,fixed,100,none,89088af6-702d-46f1-85f7-fa99660871db
1627,229600,45.32668614387512,0.99900075,0.999002,1.0,0.9960719999999998,0.0,0.0,0.0,0.0,0.0,0.0,0.0005,0.0,0.0,0.0,0.0005,0.0,0.0,0.0,0.002,0.9975,0.04629795038975885,1892,0.000641514316077991,7.257714615589684e-07,0.00014056538036716845,16,20,False,0.995,0.005,0.66,fixed,100,none,89088af6-702d-46f1-85f7-fa99660871db
1628,229900,45.34647583961487,0.99900075,0.999002,1.0,0.9960719999999998,0.0,0.0,0.0,0.0,0.0,0.0,0.0005,0.0,0.0,0.0,0.0005,0.0,0.0,0.0,0.002,0.9975,0.04669518407547691,1891,0.0006436600879518306,7.290200950179199e-07,0.00014103570707070913,16,20,False,0.995,0.005,0.66,fixed,100,none,89088af6-702d-46f1-85f7-fa99660871db
1629,230000,45.36620259284973,0.99900075,0.999002,1.0,0.9960719999999998,0.0,0.0,0.0,0.0,0.0,0.0,0.0005,0.0,0.0,0.0,0.0005,0.0,0.0,0.0,0.002,0.9975,0.047091412742382266,1890,0.0006444155947340367,7.300748205188054e-07,0.00014120128790317922,16,20,False,0.995,0.005,0.66,fixed,100,none,89088af6-702d-46f1-85f7-fa99660871db
1630,230300,45.38579988479614,0.99900075,0.999002,1.0,0.9960719999999998,0.0,0.0,0.0,0.0,0.0,0.0,0.0005,0.0,0.0,0.0,0.0005,0.0,0.0,0.0,0.002,0.9975,0.04748663639047491,1889,0.00064422131844715,7.296586848516135e-07,0.00014115868175820296,16,20,False,0.995,0.005,0.66,fixed,100,none,89088af6-702d-46f1-85f7-fa99660871db
1631,230400,45.40549612045288,0.99900075,0.999002,1.0,0.9960719999999998,0.0,0.0,0.0,0.0,0.0,0.0,0.0005,0.0,0.0,0.0,0.0005,0.0,0.0,0.0,0.002,0.9975,0.04748663639047491,1889,0.0006442104737162425,7.301427904766469e-07,0.00014115639982667606,16,20,False,0.995,0.005,0.66,fixed,100,none,89088af6-702d-46f1-85f7-fa99660871db
1632,230600,45.425204038619995,0.99900075,0.999002,1.0,0.9960719999999998,0.0,0.0,0.0,0.0,0.0,0.0,0.0005,0.0,0.0,0.0,0.0005,0.0,0.0,0.0,0.002,0.9975,0.047091412742382266,1890,0.0006441944455388818,7.283555324864333e-07,0.00014115255167963364,16,20,False,0.995,0.005,0.66,fixed,100,none,89088af6-702d-46f1-85f7-fa99660871db
1633,230700,45.44477391242981,0.99900075,0.999002,1.0,0.9960719999999998,0.0,0.0,0.0,0.0,0.0,0.0,0.0005,0.0,0.0,0.0,0.0005,0.0,0.0,0.0,0.002,0.9975,0.047091412742382266,1890,0.0006447297371422388,7.284832839570227e-07,0.0001412697512843879,16,20,False,0.995,0.005,0.66,fixed,100,none,89088af6-702d-46f1-85f7-fa99660871db
1634,231000,45.464476585388184,0.99900075,0.999002,1.0,0.9960719999999998,0.0,0.0,0.0,0.0,0.0,0.0,0.0005,0.0,0.0,0.0,0.0005,0.0,0.0,0.0,0.002,0.9975,0.047091412742382266,1890,0.0006463463666633757,7.287914575201175e-07,0.00014162369003954176,16,20,False,0.995,0.005,0.66,fixed,100,none,89088af6-702d-46f1-85f7-fa99660871db
1635,231100,45.4850594997406,0.99900075,0.999002,1.0,0.9960719999999998,0.0,0.0,0.0,0.0,0.0,0.0,0.0005,0.0,0.0,0.0,0.0005,0.0,0.0,0.0,0.002,0.9975,0.047091412742382266,1890,0.0006470274430243249,7.293556672623215e-07,0.00014177288485480458,16,20,False,0.995,0.005,0.66,fixed,100,none,89088af6-702d-46f1-85f7-fa99660871db
1636,231200,45.504698038101196,0.99900075,0.999002,1.0,0.9960719999999998,0.0,0.0,0.0,0.0,0.0,0.0,0.0005,0.0,0.0,0.0,0.0005,0.0,0.0,0.0,0.002,0.9975,0.047091412742382266,1890,0.0006479128646628838,7.30325295715675e-07,0.00014196688788089125,16,20,False,0.995,0.005,0.66,fixed,100,none,89088af6-702d-46f1-85f7-fa99660871db
1637,231300,45.52440404891968,0.99900075,0.999002,1.0,0.9960719999999998,0.0,0.0,0.0,0.0,0.0,0.0,0.0005,0.0,0.0,0.0,0.0005,0.0,0.0,0.0,0.002,0.9975,0.04669518407547691,1891,0.000647169073160062,7.288332394488564e-07,0.00014180378843023286,16,20,False,0.995,0.005,0.66,fixed,100,none,89088af6-702d-46f1-85f7-fa99660871db
1638,231400,45.544180154800415,0.99900075,0.999002,1.0,0.9960719999999998,0.0,0.0,0.0,0.0,0.0,0.0,0.0005,0.0,0.0,0.0,0.0005,0.0,0.0,0.0,0.002,0.9975,0.04669518407547691,1891,0.0006474182471367583,7.281290929083932e-07,0.000141858198825889,16,20,False,0.995,0.005,0.66,fixed,100,none,89088af6-702d-46f1-85f7-fa99660871db
1639,231500,45.563814640045166,0.99900075,0.999002,1.0,0.9960719999999998,0.0,0.0,0.0,0.0,0.0,0.0,0.0005,0.0,0.0,0.0,0.0005,0.0,0.0,0.0,0.002,0.9975,0.04669518407547691,1891,0.0006469956674844657,7.273233222793202e-07,0.00014176554304358262,16,20,False,0.995,0.005,0.66,fixed,100,none,89088af6-702d-46f1-85f7-fa99660871db
1640,231700,45.583492279052734,0.99900075,0.999002,1.0,0.9960719999999998,0.0,0.0,0.0,0.0,0.0,0.0,0.0005,0.0,0.0,0.0,0.0005,0.0,0.0,0.0,0.002,0.9975,0.047091412742382266,1890,0.0006480519133743078,7.298336541789328e-07,0.00014199723223192996,16,20,False,0.995,0.005,0.66,fixed,100,none,89088af6-702d-46f1-85f7-fa99660871db
1641,231800,45.60318660736084,0.99900075,0.999002,1.0,0.9960719999999998,0.0,0.0,0.0,0.0,0.0,0.0,0.0005,0.0,0.0,0.0,0.0005,0.0,0.0,0.0,0.002,0.9975,0.04669518407547691,1891,0.0006494831504550229,7.331767069642996e-07,0.00014231116520892773,16,20,False,0.995,0.005,0.66,fixed,100,none,89088af6-702d-46f1-85f7-fa99660871db
1642,232100,45.62279176712036,0.99900075,0.999002,1.0,0.9960719999999998,0.0,0.0,0.0,0.0,0.0,0.0,0.0005,0.0,0.0,0.0,0.0005,0.0,0.0,0.0,0.002,0.9975,0.047091412742382266,1890,0.0006489794983773989,7.320326187278306e-07,0.00014220069839237089,16,20,False,0.995,0.005,0.66,fixed,100,none,89088af6-702d-46f1-85f7-fa99660871db
1643,232200,45.64237689971924,0.99900075,0.999002,1.0,0.9960719999999998,0.0,0.0,0.0,0.0,0.0,0.0,0.0005,0.0,0.0,0.0,0.0005,0.0,0.0,0.0,0.002,0.9975,0.04669518407547691,1891,0.0006499788644494151,7.314494170168632e-07,0.00014241934881721016,16,20,False,0.995,0.005,0.66,fixed,100,none,89088af6-702d-46f1-85f7-fa99660871db
1644,232400,45.662024974823,0.99900075,0.999002,1.0,0.9960719999999998,0.0,0.0,0.0,0.0,0.0,0.0,0.0005,0.0,0.0,0.0,0.0005,0.0,0.0,0.0,0.002,0.9975,0.04669518407547691,1891,0.0006499971312862046,7.315155120260794e-07,0.00014242335998583517,16,20,False,0.995,0.005,0.66,fixed,100,none,89088af6-702d-46f1-85f7-fa99660871db
1645,232500,45.68165445327759,0.99900075,0.999002,1.0,0.9960719999999998,0.0,0.0,0.0,0.0,0.0,0.0,0.0005,0.0,0.0,0.0,0.0005,0.0,0.0,0.0,0.002,0.9975,0.04669518407547691,1891,0.0006496430709813288,7.293792092728625e-07,0.00014234545028757472,16,20,False,0.995,0.005,0.66,fixed,100,none,89088af6-702d-46f1-85f7-fa99660871db
1646,232800,45.70115280151367,0.99900075,0.999002,1.0,0.9960719999999998,0.0,0.0,0.0,0.0,0.0,0.0,0.0005,0.0,0.0,0.0,0.0005,0.0,0.0,0.0,0.002,0.9975,0.04669518407547691,1891,0.0006495984308578064,7.29049242227114e-07,0.00014233561587079696,16,20,False,0.995,0.005,0.66,fixed,100,none,89088af6-702d-46f1-85f7-fa99660871db
1647,232900,45.720656394958496,0.99900075,0.999002,1.0,0.9960719999999998,0.0,0.0,0.0,0.0,0.0,0.0,0.0005,0.0,0.0,0.0,0.0005,0.0,0.0,0.0,0.002,0.9975,0.04669518407547691,1891,0.0006493332128288017,7.30260731764073e-07,0.00014227778982725986,16,20,False,0.995,0.005,0.66,fixed,100,none,89088af6-702d-46f1-85f7-fa99660871db
1648,233100,45.74019384384155,0.99900075,0.999002,1.0,0.9960719999999998,0.0,0.0,0.0,0.0,0.0,0.0,0.0005,0.0,0.0,0.0,0.0005,0.0,0.0,0.0,0.002,0.9975,0.04669518407547691,1891,0.0006489165167292886,7.30501507502904e-07,0.00014218662079846684,16,20,False,0.995,0.005,0.66,fixed,100,none,89088af6-702d-46f1-85f7-fa99660871db
1649,233200,45.75975775718689,0.99900075,0.999002,1.0,0.9960719999999998,0.0,0.0,0.0,0.0,0.0,0.0,0.0005,0.0,0.0,0.0,0.0005,0.0,0.0,0.0,0.002,0.9975,0.04669518407547691,1891,0.0006486097840846567,7.292822398383839e-07,0.00014211924536170064,16,20,False,0.995,0.005,0.66,fixed,100,none,89088af6-702d-46f1-85f7-fa99660871db
1650,233300,45.77926254272461,0.99900075,0.999002,1.0,0.9960719999999998,0.0,0.0,0.0,0.0,0.0,0.0,0.0005,0.0,0.0,0.0,0.0005,0.0,0.0,0.0,0.002,0.9975,0.04669518407547691,1891,0.0006486508069692297,7.286786726722987e-07,0.0001421281105933721,16,20,False,0.995,0.005,0.66,fixed,100,none,89088af6-702d-46f1-85f7-fa99660871db
1651,233500,45.798919439315796,0.99900075,0.999002,1.0,0.9960719999999998,0.0,0.0,0.0,0.0,0.0,0.0,0.0005,0.0,0.0,0.0,0.0005,0.0,0.0,0.0,0.002,0.9975,0.04669518407547691,1891,0.0006497832317080916,7.287154823248335e-07,0.00014237600536254298,16,20,False,0.995,0.005,0.66,fixed,100,none,89088af6-702d-46f1-85f7-fa99660871db
1652,233600,45.8184609413147,0.99900075,0.999002,1.0,0.9960719999999998,0.0,0.0,0.0,0.0,0.0,0.0,0.0005,0.0,0.0,0.0,0.0005,0.0,0.0,0.0,0.002,0.9975,0.04669518407547691,1891,0.0006491222345505095,7.279751777846371e-07,0.0001422311724268856,16,20,False,0.995,0.005,0.66,fixed,100,none,89088af6-702d-46f1-85f7-fa99660871db
1653,233900,45.838013648986816,0.99900075,0.999002,1.0,0.9960719999999998,0.0,0.0,0.0,0.0,0.0,0.0,0.0005,0.0,0.0,0.0,0.0005,0.0,0.0,0.0,0.002,0.9975,0.04669518407547691,1891,0.0006487699613377623,7.279420741722295e-07,0.0001421540535309289,16,20,False,0.995,0.005,0.66,fixed,100,none,89088af6-702d-46f1-85f7-fa99660871db
1654,234000,45.85758352279663,0.99900075,0.999002,1.0,0.9960719999999998,0.0,0.0,0.0,0.0,0.0,0.0,0.0005,0.0,0.0,0.0,0.0005,0.0,0.0,0.0,0.002,0.9975,0.04669518407547691,1891,0.0006493169707513642,7.278285596873794e-07,0.00014227377232381422,16,20,False,0.995,0.005,0.66,fixed,100,none,89088af6-702d-46f1-85f7-fa99660871db
1655,234200,45.8772554397583,0.99900075,0.999002,1.0,0.9960719999999998,0.0,0.0,0.0,0.0,0.0,0.0,0.0005,0.0,0.0,0.0,0.0005,0.0,0.0,0.0,0.002,0.9975,0.04669518407547691,1891,0.0006526638831687496,7.333654689222455e-07,0.0001430074634647345,16,20,False,0.995,0.005,0.66,fixed,100,none,89088af6-702d-46f1-85f7-fa99660871db
1656,234300,45.896828174591064,0.99900075,0.999002,1.0,0.9960719999999998,0.0,0.0,0.0,0.0,0.0,0.0,0.0005,0.0,0.0,0.0,0.0005,0.0,0.0,0.0,0.002,0.9975,0.04669518407547691,1891,0.000652692185310996,7.336956308245029e-07,0.00014301372153443368,16,20,False,0.995,0.005,0.66,fixed,100,none,89088af6-702d-46f1-85f7-fa99660871db
1657,234600,45.91642379760742,0.99900075,0.999002,1.0,0.9960719999999998,0.0,0.0,0.0,0.0,0.0,0.0,0.0005,0.0,0.0,0.0,0.0005,0.0,0.0,0.0,0.002,0.9975,0.04669518407547691,1891,0.0006539852939256281,7.351660280522378e-07,0.00014329706238564994,16,20,False,0.995,0.005,0.66,fixed,100,none,89088af6-702d-46f1-85f7-fa99660871db
1658,234700,45.93605923652649,0.99900075,0.999002,1.0,0.9960719999999998,0.0,0.0,0.0,0.0,0.0,0.0,0.0005,0.0,0.0,0.0,0.0005,0.0,0.0,0.0,0.002,0.9975,0.047091412742382266,1890,0.0006545101122875898,7.353644311137202e-07,0.000143411982821665,16,20,False,0.995,0.005,0.66,fixed,100,none,89088af6-702d-46f1-85f7-fa99660871db
1659,235000,45.9556086063385,0.99900075,0.999002,1.0,0.9960719999999998,0.0,0.0,0.0,0.0,0.0,0.0,0.0005,0.0,0.0,0.0,0.0005,0.0,0.0,0.0,0.002,0.9975,0.047091412742382266,1890,0.0006547919466272738,7.333004632648334e-07,0.00014347328420473055,16,20,False,0.995,0.005,0.66,fixed,100,none,89088af6-702d-46f1-85f7-fa99660871db
1660,235100,45.97521734237671,0.99900075,0.999002,1.0,0.9960719999999998,0.0,0.0,0.0,0.0,0.0,0.0,0.0005,0.0,0.0,0.0,0.0005,0.0,0.0,0.0,0.002,0.9975,0.047091412742382266,1890,0.0006532270888775203,7.300458936375139e-07,0.00014313011847508033,16,20,False,0.995,0.005,0.66,fixed,100,none,89088af6-702d-46f1-85f7-fa99660871db
1661,235300,45.99481272697449,0.99900075,0.999002,1.0,0.9960719999999998,0.0,0.0,0.0,0.0,0.0,0.0,0.0005,0.0,0.0,0.0,0.0005,0.0,0.0,0.0,0.002,0.9975,0.047091412742382266,1890,0.0006537433266980865,7.301591459538827e-07,0.00014324314445194236,16,20,False,0.995,0.005,0.66,fixed,100,none,89088af6-702d-46f1-85f7-fa99660871db
1662,235400,46.01448655128479,0.99900075,0.999002,1.0,0.9960719999999998,0.0,0.0,0.0,0.0,0.0,0.0,0.0005,0.0,0.0,0.0,0.0005,0.0,0.0,0.0,0.002,0.9975,0.047091412742382266,1890,0.000653691973685366,7.309919701372345e-07,0.0001432320615140527,16,20,False,0.995,0.005,0.66,fixed,100,none,89088af6-702d-46f1-85f7-fa99660871db
1663,235700,46.03414440155029,0.99900075,0.999002,1.0,0.9960719999999998,0.0,0.0,0.0,0.0,0.0,0.0,0.0005,0.0,0.0,0.0,0.0005,0.0,0.0,0.0,0.002,0.9975,0.04669518407547691,1891,0.0006527506632309345,7.292575672100223e-07,0.00014302567911902148,16,20,False,0.995,0.005,0.66,fixed,100,none,89088af6-702d-46f1-85f7-fa99660871db
1664,235800,46.05371284484863,0.99900075,0.999002,1.0,0.9960719999999998,0.0,0.0,0.0,0.0,0.0,0.0,0.0005,0.0,0.0,0.0,0.0005,0.0,0.0,0.0,0.002,0.9975,0.04669518407547691,1891,0.0006523612189973893,7.295382700493116e-07,0.0001429404831098379,16,20,False,0.995,0.005,0.66,fixed,100,none,89088af6-702d-46f1-85f7-fa99660871db
1665,236000,46.07340359687805,0.99900075,0.999002,1.0,0.9960719999999998,0.0,0.0,0.0,0.0,0.0,0.0,0.0005,0.0,0.0,0.0,0.0005,0.0,0.0,0.0,0.002,0.9975,0.04669518407547691,1891,0.0006540265788263498,7.313270115132697e-07,0.0001433053702372755,16,20,False,0.995,0.005,0.66,fixed,100,none,89088af6-702d-46f1-85f7-fa99660871db
1666,236100,46.09297966957092,0.99900075,0.999002,1.0,0.9960719999999998,0.0,0.0,0.0,0.0,0.0,0.0,0.0005,0.0,0.0,0.0,0.0005,0.0,0.0,0.0,0.002,0.9975,0.04669518407547691,1891,0.0006541797365776663,7.332558238644226e-07,0.0001433392629433854,16,20,False,0.995,0.005,0.66,fixed,100,none,89088af6-702d-46f1-85f7-fa99660871db
1667,236400,46.11259913444519,0.99900075,0.999002,1.0,0.9960719999999998,0.0,0.0,0.0,0.0,0.0,0.0,0.0005,0.0,0.0,0.0,0.0005,0.0,0.0,0.0,0.002,0.9975,0.04669518407547691,1891,0.0006534291261996081,7.313905930832809e-07,0.00014317459993778005,16,20,False,0.995,0.005,0.66,fixed,100,none,89088af6-702d-46f1-85f7-fa99660871db
1668,236500,46.13212180137634,0.99900075,0.999002,1.0,0.9960719999999998,0.0,0.0,0.0,0.0,0.0,0.0,0.0005,0.0,0.0,0.0,0.0005,0.0,0.0,0.0,0.002,0.9975,0.04669518407547691,1891,0.0006538949836261702,7.320641043723157e-07,0.0001432767040955994,16,20,False,0.995,0.005,0.66,fixed,100,none,89088af6-702d-46f1-85f7-fa99660871db
1669,236800,46.15164494514465,0.99900075,0.999002,1.0,0.9960719999999998,0.0,0.0,0.0,0.0,0.0,0.0,0.0005,0.0,0.0,0.0,0.0005,0.0,0.0,0.0,0.002,0.9975,0.04669518407547691,1891,0.000654794772417336,7.33651786828051e-07,0.0001434739695216522,16,20,False,0.995,0.005,0.66,fixed,100,none,89088af6-702d-46f1-85f7-fa99660871db
1670,236900,46.171217918395996,0.99900075,0.999002,1.0,0.9960719999999998,0.0,0.0,0.0,0.0,0.0,0.0,0.0005,0.0,0.0,0.0,0.0005,0.0,0.0,0.0,0.002,0.9975,0.04669518407547691,1891,0.0006554357574764919,7.344544990167769e-07,0.00014361443366641728,16,20,False,0.995,0.005,0.66,fixed,100,none,89088af6-702d-46f1-85f7-fa99660871db
1671,237000,46.190807580947876,0.99900075,0.999002,1.0,0.9960719999999998,0.0,0.0,0.0,0.0,0.0,0.0,0.0005,0.0,0.0,0.0,0.0005,0.0,0.0,0.0,0.002,0.9975,0.04669518407547691,1891,0.000656356365523763,7.357480401436229e-07,0.00014381620054077903,16,20,False,0.995,0.005,0.66,fixed,100,none,89088af6-702d-46f1-85f7-fa99660871db
1672,237100,46.210386753082275,0.99900075,0.999002,1.0,0.9960719999999998,0.0,0.0,0.0,0.0,0.0,0.0,0.0005,0.0,0.0,0.0,0.0005,0.0,0.0,0.0,0.002,0.9975,0.04669518407547691,1891,0.0006570492555519447,7.365572322143316e-07,0.00014396802791444142,16,20,False,0.995,0.005,0.66,fixed,100,none,89088af6-702d-46f1-85f7-fa99660871db
1673,237200,46.22994685173035,0.99900075,0.999002,1.0,0.9960719999999998,0.0,0.0,0.0,0.0,0.0,0.0,0.0005,0.0,0.0,0.0,0.0005,0.0,0.0,0.0,0.002,0.9975,0.04669518407547691,1891,0.0006569497032360673,7.368191832874591e-07,0.00014394628568319975,16,20,False,0.995,0.005,0.66,fixed,100,none,89088af6-702d-46f1-85f7-fa99660871db
1674,237500,46.249470233917236,0.99900075,0.999002,1.0,0.9960719999999998,0.0,0.0,0.0,0.0,0.0,0.0,0.0005,0.0,0.0,0.0,0.0005,0.0,0.0,0.0,0.002,0.9975,0.04669518407547691,1891,0.0006559811408572584,7.345980748689312e-07,0.00014373384536787897,16,20,False,0.995,0.005,0.66,fixed,100,none,89088af6-702d-46f1-85f7-fa99660871db
1675,237600,46.2690224647522,0.99900075,0.999002,1.0,0.9960719999999998,0.0,0.0,0.0,0.0,0.0,0.0,0.0005,0.0,0.0,0.0,0.0005,0.0,0.0,0.0,0.002,0.9975,0.047091412742382266,1890,0.0006556022121429442,7.368520653341973e-07,0.000143651326130504,16,20,False,0.995,0.005,0.66,fixed,100,none,89088af6-702d-46f1-85f7-fa99660871db
1676,237800,46.28865718841553,0.99900075,0.999002,1.0,0.9960719999999998,0.0,0.0,0.0,0.0,0.0,0.0,0.0005,0.0,0.0,0.0,0.0005,0.0,0.0,0.0,0.002,0.9975,0.04669518407547691,1891,0.0006563504545307121,7.405674480549459e-07,0.00014381582231190332,16,20,False,0.995,0.005,0.66,fixed,100,none,89088af6-702d-46f1-85f7-fa99660871db
1677,237900,46.30828642845154,0.99900075,0.999002,1.0,0.9960719999999998,0.0,0.0,0.0,0.0,0.0,0.0,0.0005,0.0,0.0,0.0,0.0005,0.0,0.0,0.0,0.002,0.9975,0.04669518407547691,1891,0.0006577833165186371,7.426875818647953e-07,0.000144129878626484,16,20,False,0.995,0.005,0.66,fixed,100,none,89088af6-702d-46f1-85f7-fa99660871db
1678,238200,46.32795453071594,0.99900075,0.999002,1.0,0.9960719999999998,0.0,0.0,0.0,0.0,0.0,0.0,0.0005,0.0,0.0,0.0,0.0005,0.0,0.0,0.0,0.002,0.9975,0.047091412742382266,1890,0.0006588817863165616,7.465825252571071e-07,0.00014437107370449419,16,20,False,0.995,0.005,0.66,fixed,100,none,89088af6-702d-46f1-85f7-fa99660871db
1679,238300,46.347604513168335,0.99900075,0.999002,1.0,0.9960719999999998,0.0,0.0,0.0,0.0,0.0,0.0,0.0005,0.0,0.0,0.0,0.0005,0.0,0.0,0.0,0.002,0.9975,0.047091412742382266,1890,0.000659639759882363,7.481274634851179e-07,0.00014453728765631145,16,20,False,0.995,0.005,0.66,fixed,100,none,89088af6-702d-46f1-85f7-fa99660871db
1680,238600,46.36721920967102,0.99900075,0.999002,1.0,0.9960719999999998,0.0,0.0,0.0,0.0,0.0,0.0,0.0005,0.0,0.0,0.0,0.0005,0.0,0.0,0.0,0.002,0.9975,0.047091412742382266,1890,0.0006616775021003308,7.526968858747453e-07,0.00014498421761807863,16,20,False,0.995,0.005,0.66,fixed,100,none,89088af6-702d-46f1-85f7-fa99660871db
1681,238700,46.387155055999756,0.99900075,0.999002,1.0,0.9960719999999998,0.0,0.0,0.0,0.0,0.0,0.0,0.0005,0.0,0.0,0.0,0.0005,0.0,0.0,0.0,0.002,0.9975,0.047091412742382266,1890,0.0006617553706034126,7.527661566919295e-07,0.00014500127619485848,16,20,False,0.995,0.005,0.66,fixed,100,none,89088af6-702d-46f1-85f7-fa99660871db
1682,238900,46.40677356719971,0.99900075,0.999002,1.0,0.9960719999999998,0.0,0.0,0.0,0.0,0.0,0.0,0.0005,0.0,0.0,0.0,0.0005,0.0,0.0,0.0,0.002,0.9975,0.047091412742382266,1890,0.0006616289379680644,7.523724784493597e-07,0.00014497352529211467,16,20,False,0.995,0.005,0.66,fixed,100,none,89088af6-702d-46f1-85f7-fa99660871db
1683,239000,46.426379680633545,0.99900075,0.999002,1.0,0.9960719999999998,0.0,0.0,0.0,0.0,0.0,0.0,0.0005,0.0,0.0,0.0,0.0005,0.0,0.0,0.0,0.002,0.9975,0.047091412742382266,1890,0.0006628725725645132,7.532982931302294e-07,0.0001452459328100667,16,20,False,0.995,0.005,0.66,fixed,100,none,89088af6-702d-46f1-85f7-fa99660871db
1684,239300,46.445961713790894,0.99900075,0.999002,1.0,0.9960719999999998,0.0,0.0,0.0,0.0,0.0,0.0,0.0005,0.0,0.0,0.0,0.0005,0.0,0.0,0.0,0.002,0.9975,0.047091412742382266,1890,0.0006618200702614406,7.519354803901272e-07,0.00014501528112150346,16,20,False,0.995,0.005,0.66,fixed,100,none,89088af6-702d-46f1-85f7-fa99660871db
1685,239400,46.46578502655029,0.99900075,0.999002,1.0,0.9960719999999998,0.0,0.0,0.0,0.0,0.0,0.0,0.0005,0.0,0.0,0.0,0.0005,0.0,0.0,0.0,0.002,0.9975,0.047091412742382266,1890,0.0006628497983367027,7.518923730598052e-07,0.00014524068040678559,16,20,False,0.995,0.005,0.66,fixed,100,none,89088af6-702d-46f1-85f7-fa99660871db
1686,239600,46.48634433746338,0.99900075,0.999002,1.0,0.9960719999999998,0.0,0.0,0.0,0.0,0.0,0.0,0.0005,0.0,0.0,0.0,0.0005,0.0,0.0,0.0,0.002,0.9975,0.047091412742382266,1890,0.0006601720543070079,7.495825911748276e-07,0.00014465408338012727,16,20,False,0.995,0.005,0.66,fixed,100,none,89088af6-702d-46f1-85f7-fa99660871db
1687,239700,46.50600576400757,0.99900075,0.999002,1.0,0.9960719999999998,0.0,0.0,0.0,0.0,0.0,0.0,0.0005,0.0,0.0,0.0,0.0005,0.0,0.0,0.0,0.002,0.9975,0.047091412742382266,1890,0.0006607760724718562,7.508813984079626e-07,0.00014478654972978686,16,20,False,0.995,0.005,0.66,fixed,100,none,89088af6-702d-46f1-85f7-fa99660871db
1688,240000,46.52558350563049,0.99900075,0.999002,1.0,0.9960719999999998,0.0,0.0,0.0,0.0,0.0,0.0,0.0005,0.0,0.0,0.0,0.0005,0.0,0.0,0.0,0.002,0.9975,0.047091412742382266,1890,0.000662593365045666,7.535279001520413e-07,0.00014518485790952518,16,20,False,0.995,0.005,0.66,fixed,100,none,89088af6-702d-46f1-85f7-fa99660871db
1689,240100,46.54517912864685,0.99900075,0.999002,1.0,0.9960719999999998,0.0,0.0,0.0,0.0,0.0,0.0,0.0005,0.0,0.0,0.0,0.0005,0.0,0.0,0.0,0.002,0.9975,0.04669518407547691,1891,0.0006641646178104183,7.589385875310086e-07,0.00014552983317033148,16,20,False,0.995,0.005,0.66,fixed,100,none,89088af6-702d-46f1-85f7-fa99660871db
1690,240400,46.56471037864685,0.99900075,0.999002,1.0,0.9960719999999998,0.0,0.0,0.0,0.0,0.0,0.0,0.0005,0.0,0.0,0.0,0.0005,0.0,0.0,0.0,0.002,0.9975,0.04669518407547691,1891,0.0006649200734872429,7.594032936999101e-07,0.00014569529071216045,16,20,False,0.995,0.005,0.66,fixed,100,none,89088af6-702d-46f1-85f7-fa99660871db
1691,240500,46.584266662597656,0.99900075,0.999002,1.0,0.9960719999999998,0.0,0.0,0.0,0.0,0.0,0.0,0.0005,0.0,0.0,0.0,0.0005,0.0,0.0,0.0,0.002,0.9975,0.047091412742382266,1890,0.0006639241853028829,7.588468085993888e-07,0.00014547718505643497,16,20,False,0.995,0.005,0.66,fixed,100,none,89088af6-702d-46f1-85f7-fa99660871db
1692,240700,46.603984117507935,0.99900075,0.999002,1.0,0.9960719999999998,0.0,0.0,0.0,0.0,0.0,0.0,0.0005,0.0,0.0,0.0,0.0005,0.0,0.0,0.0,0.002,0.9975,0.047091412742382266,1890,0.0006655181080636734,7.61274444200011e-07,0.00014582655599953612,16,20,False,0.995,0.005,0.66,fixed,100,none,89088af6-702d-46f1-85f7-fa99660871db
1693,240800,46.6235625743866,0.99900075,0.999002,1.0,0.9960719999999998,0.0,0.0,0.0,0.0,0.0,0.0,0.0005,0.0,0.0,0.0,0.0005,0.0,0.0,0.0,0.002,0.9975,0.047091412742382266,1890,0.000666760836523895,7.64186608531189e-07,0.00014609914257070157,16,20,False,0.995,0.005,0.66,fixed,100,none,89088af6-702d-46f1-85f7-fa99660871db
1694,240900,46.643226623535156,0.99900075,0.999002,1.0,0.9960719999999998,0.0,0.0,0.0,0.0,0.0,0.0,0.0005,0.0,0.0,0.0,0.0005,0.0,0.0,0.0,0.002,0.9975,0.047091412742382266,1890,0.0006670854764454676,7.636995281001331e-07,0.0001461701137042519,16,20,False,0.995,0.005,0.66,fixed,100,none,89088af6-702d-46f1-85f7-fa99660871db
1695,241000,46.6628577709198,0.99900075,0.999002,1.0,0.9960719999999998,0.0,0.0,0.0,0.0,0.0,0.0,0.0005,0.0,0.0,0.0,0.0005,0.0,0.0,0.0,0.002,0.9975,0.04669518407547691,1891,0.0006673565332062182,7.647214225991467e-07,0.000146229642189135,16,20,False,0.995,0.005,0.66,fixed,100,none,89088af6-702d-46f1-85f7-fa99660871db
1696,241100,46.682446241378784,0.99900075,0.999002,1.0,0.9960719999999998,0.0,0.0,0.0,0.0,0.0,0.0,0.0005,0.0,0.0,0.0,0.0005,0.0,0.0,0.0,0.002,0.9975,0.04669518407547691,1891,0.0006675012704472128,7.644158512353473e-07,0.0001462612671126296,16,20,False,0.995,0.005,0.66,fixed,100,none,89088af6-702d-46f1-85f7-fa99660871db
1697,241200,46.702131271362305,0.99900075,0.999002,1.0,0.9960719999999998,0.0,0.0,0.0,0.0,0.0,0.0,0.0005,0.0,0.0,0.0,0.0005,0.0,0.0,0.0,0.002,0.9975,0.046297950389758855,1892,0.0006668430254803734,7.652320018743232e-07,0.00014611733235800987,16,20,False,0.995,0.005,0.66,fixed,100,none,89088af6-702d-46f1-85f7-fa99660871db
1698,241400,46.721673250198364,0.99900075,0.999002,1.0,0.9960719999999998,0.0,0.0,0.0,0.0,0.0,0.0,0.0005,0.0,0.0,0.0,0.0005,0.0,0.0,0.0,0.002,0.9975,0.04669518407547691,1891,0.0006687573052830348,7.706365640558821e-07,0.00014653739507362694,16,20,False,0.995,0.005,0.66,fixed,100,none,89088af6-702d-46f1-85f7-fa99660871db
1699,241500,46.74124240875244,0.99900075,0.999002,1.0,0.9960719999999998,0.0,0.0,0.0,0.0,0.0,0.0,0.0005,0.0,0.0,0.0,0.0005,0.0,0.0,0.0,0.002,0.9975,0.047091412742382266,1890,0.0006696196115665586,7.722519683242397e-07,0.00014672646084590128,16,20,False,0.995,0.005,0.66,fixed,100,none,89088af6-702d-46f1-85f7-fa99660871db
1700,241800,46.760939598083496,0.99900075,0.999002,1.0,0.9960719999999998,0.0,0.0,0.0,0.0,0.0,0.0,0.0005,0.0,0.0,0.0,0.0005,0.0,0.0,0.0,0.002,0.9975,0.04669518407547691,1891,0.0006719423404940197,7.767478522200533e-07,0.00014723576042606276,16,20,False,0.995,0.005,0.66,fixed,100,none,89088af6-702d-46f1-85f7-fa99660871db
1701,241900,46.78052473068237,0.99900075,0.999002,1.0,0.9960719999999998,0.0,0.0,0.0,0.0,0.0,0.0,0.0005,0.0,0.0,0.0,0.0005,0.0,0.0,0.0,0.002,0.9975,0.04669518407547691,1891,0.0006719423404940197,7.767478522200533e-07,0.00014723576042606276,16,20,False,0.995,0.005,0.66,fixed,100,none,89088af6-702d-46f1-85f7-fa99660871db
1702,242200,46.80028963088989,0.99900075,0.999002,1.0,0.9960719999999998,0.0,0.0,0.0,0.0,0.0,0.0,0.0005,0.0,0.0,0.0,0.0005,0.0,0.0,0.0,0.002,0.9975,0.047091412742382266,1890,0.000672738048491287,7.776454080880618e-07,0.00014741011144227945,16,20,False,0.995,0.005,0.66,fixed,100,none,89088af6-702d-46f1-85f7-fa99660871db
1703,242300,46.81988167762756,0.99900075,0.999002,1.0,0.9960719999999998,0.0,0.0,0.0,0.0,0.0,0.0,0.0005,0.0,0.0,0.0,0.0005,0.0,0.0,0.0,0.002,0.9975,0.047091412742382266,1890,0.0006738155389735569,7.809769410002763e-07,0.00014764660710010167,16,20,False,0.995,0.005,0.66,fixed,100,none,89088af6-702d-46f1-85f7-fa99660871db
1704,242500,46.83948850631714,0.99900075,0.999002,1.0,0.9960719999999998,0.0,0.0,0.0,0.0,0.0,0.0,0.0005,0.0,0.0,0.0,0.0005,0.0,0.0,0.0,0.002,0.9975,0.04669518407547691,1891,0.0006764468931660219,7.856050740228053e-07,0.0001482234898781065,16,20,False,0.995,0.005,0.66,fixed,100,none,89088af6-702d-46f1-85f7-fa99660871db
1705,242600,46.85912299156189,0.99900075,0.999002,1.0,0.9960719999999998,0.0,0.0,0.0,0.0,0.0,0.0,0.0005,0.0,0.0,0.0,0.0005,0.0,0.0,0.0,0.002,0.9975,0.04629795038975885,1892,0.0006772058162420231,7.872358328308414e-07,0.00014838992798361673,16,20,False,0.995,0.005,0.66,fixed,100,none,89088af6-702d-46f1-85f7-fa99660871db
1706,242900,46.87870240211487,0.99900075,0.999002,1.0,0.9960719999999998,0.0,0.0,0.0,0.0,0.0,0.0,0.0005,0.0,0.0,0.0,0.0005,0.0,0.0,0.0,0.002,0.9975,0.045899711685228106,1893,0.0006791109562055022,7.890171534597978e-07,0.0001488073015725418,16,20,False,0.995,0.005,0.66,fixed,100,none,89088af6-702d-46f1-85f7-fa99660871db
1707,243000,46.89839029312134,0.99900075,0.999002,1.0,0.9960719999999998,0.0,0.0,0.0,0.0,0.0,0.0,0.0005,0.0,0.0,0.0,0.0005,0.0,0.0,0.0,0.002,0.9975,0.045899711685228106,1893,0.0006791265847739412,7.897382258857589e-07,0.00014881085966993404,16,20,False,0.995,0.005,0.66,fixed,100,none,89088af6-702d-46f1-85f7-fa99660871db
1708,243200,46.91812515258789,0.99900075,0.999002,1.0,0.9960719999999998,0.0,0.0,0.0,0.0,0.0,0.0,0.0005,0.0,0.0,0.0,0.0005,0.0,0.0,0.0,0.002,0.9975,0.04629795038975885,1892,0.0006802086800397028,7.921393481824125e-07,0.0001490481865368456,16,20,False,0.995,0.005,0.66,fixed,100,none,89088af6-702d-46f1-85f7-fa99660871db
1709,243300,46.93771266937256,0.99900075,0.999002,1.0,0.9960719999999998,0.0,0.0,0.0,0.0,0.0,0.0,0.0005,0.0,0.0,0.0,0.0005,0.0,0.0,0.0,0.002,0.9975,0.04629795038975885,1892,0.0006811055502676399,7.936522728969767e-07,0.0001492447988854368,16,20,False,0.995,0.005,0.66,fixed,100,none,89088af6-702d-46f1-85f7-fa99660871db
1710,243600,46.95729851722717,0.99900075,0.999002,1.0,0.9960719999999998,0.0,0.0,0.0,0.0,0.0,0.0,0.0005,0.0,0.0,0.0,0.0005,0.0,0.0,0.0,0.002,0.9975,0.047091412742382266,1890,0.0006814243518239993,7.961087274842182e-07,0.00014931505127249546,16,20,False,0.995,0.005,0.66,fixed,100,none,89088af6-702d-46f1-85f7-fa99660871db
1711,243700,46.976824045181274,0.99900075,0.999002,1.0,0.9960719999999998,0.0,0.0,0.0,0.0,0.0,0.0,0.0005,0.0,0.0,0.0,0.0005,0.0,0.0,0.0,0.002,0.9975,0.047091412742382266,1890,0.0006808658513455857,7.956828926587233e-07,0.0001491927146091539,16,20,False,0.995,0.005,0.66,fixed,100,none,89088af6-702d-46f1-85f7-fa99660871db
1712,244000,46.99646234512329,0.99900075,0.999002,1.0,0.9960719999999998,0.0,0.0,0.0,0.0,0.0,0.0,0.0005,0.0,0.0,0.0,0.0005,0.0,0.0,0.0,0.002,0.9975,0.04669518407547691,1891,0.0006833356455841672,8.002381750074428e-07,0.0001497342180716256,16,20,False,0.995,0.005,0.66,fixed,100,none,89088af6-702d-46f1-85f7-fa99660871db
1713,244100,47.016093015670776,0.99900075,0.999002,1.0,0.9960719999999998,0.0,0.0,0.0,0.0,0.0,0.0,0.0005,0.0,0.0,0.0,0.0005,0.0,0.0,0.0,0.002,0.9975,0.04669518407547691,1891,0.0006832811879393295,8.013921865916319e-07,0.00014972251655537164,16,20,False,0.995,0.005,0.66,fixed,100,none,89088af6-702d-46f1-85f7-fa99660871db
1714,244300,47.03573155403137,0.99900075,0.999002,1.0,0.9960719999999998,0.0,0.0,0.0,0.0,0.0,0.0,0.0005,0.0,0.0,0.0,0.0005,0.0,0.0,0.0,0.002,0.9975,0.04669518407547691,1891,0.0006841981718766281,8.016794067006352e-07,0.00014992329891106703,16,20,False,0.995,0.005,0.66,fixed,100,none,89088af6-702d-46f1-85f7-fa99660871db
1715,244400,47.05590510368347,0.99900075,0.999002,1.0,0.9960719999999998,0.0,0.0,0.0,0.0,0.0,0.0,0.0005,0.0,0.0,0.0,0.0005,0.0,0.0,0.0,0.002,0.9975,0.04669518407547691,1891,0.0006841459064202102,8.011983491075309e-07,0.00014991176660171445,16,20,False,0.995,0.005,0.66,fixed,100,none,89088af6-702d-46f1-85f7-fa99660871db
1716,244700,47.07551956176758,0.99900075,0.999002,1.0,0.9960719999999998,0.0,0.0,0.0,0.0,0.0,0.0,0.0005,0.0,0.0,0.0,0.0005,0.0,0.0,0.0,0.002,0.9975,0.04629795038975885,1892,0.0006838851109002655,7.989965408206928e-07,0.00014985426011882404,16,20,False,0.995,0.005,0.66,fixed,100,none,89088af6-702d-46f1-85f7-fa99660871db
1717,244800,47.09511590003967,0.99900075,0.999002,1.0,0.9960719999999998,0.0,0.0,0.0,0.0,0.0,0.0,0.0005,0.0,0.0,0.0,0.0005,0.0,0.0,0.0,0.002,0.9975,0.04629795038975885,1892,0.0006850123905741446,8.003040447569147e-07,0.00015010127006518406,16,20,False,0.995,0.005,0.66,fixed,100,none,89088af6-702d-46f1-85f7-fa99660871db
1718,244900,47.11469841003418,0.99900075,0.999002,1.0,0.9960719999999998,0.0,0.0,0.0,0.0,0.0,0.0,0.0005,0.0,0.0,0.0,0.0005,0.0,0.0,0.0,0.002,0.9975,0.045899711685228106,1893,0.0006842553501191146,7.995394229191726e-07,0.00014993540863142885,16,20,False,0.995,0.005,0.66,fixed,100,none,89088af6-702d-46f1-85f7-fa99660871db
1719,245000,47.134259939193726,0.99900075,0.999002,1.0,0.9960719999999998,0.0,0.0,0.0,0.0,0.0,0.0,0.0005,0.0,0.0,0.0,0.0005,0.0,0.0,0.0,0.002,0.9975,0.045899711685228106,1893,0.0006841243252308073,7.98823264857449e-07,0.00014990659121334664,16,20,False,0.995,0.005,0.66,fixed,100,none,89088af6-702d-46f1-85f7-fa99660871db
1720,245100,47.156405210494995,0.99900075,0.999002,1.0,0.9960719999999998,0.0,0.0,0.0,0.0,0.0,0.0,0.0005,0.0,0.0,0.0,0.0005,0.0,0.0,0.0,0.002,0.9975,0.045899711685228106,1893,0.0006828375829457832,7.972088141892436e-07,0.00014962461658152792,16,20,False,0.995,0.005,0.66,fixed,100,none,89088af6-702d-46f1-85f7-fa99660871db
1721,245400,47.17596125602722,0.99900075,0.999002,1.0,0.9960719999999998,0.0,0.0,0.0,0.0,0.0,0.0,0.0005,0.0,0.0,0.0,0.0005,0.0,0.0,0.0,0.002,0.9975,0.045899711685228106,1893,0.0006823508215564223,7.960305260712075e-07,0.00014951784063865436,16,20,False,0.995,0.005,0.66,fixed,100,none,89088af6-702d-46f1-85f7-fa99660871db
1722,245500,47.195483684539795,0.99900075,0.999002,1.0,0.9960719999999998,0.0,0.0,0.0,0.0,0.0,0.0,0.0005,0.0,0.0,0.0,0.0005,0.0,0.0,0.0,0.002,0.9975,0.046297950389758855,1892,0.0006839599416771851,7.987466868899474e-07,0.0001498705931036449,16,20,False,0.995,0.005,0.66,fixed,100,none,89088af6-702d-46f1-85f7-fa99660871db
1723,245800,47.21501898765564,0.99900075,0.999002,1.0,0.9960719999999998,0.0,0.0,0.0,0.0,0.0,0.0,0.0005,0.0,0.0,0.0,0.0005,0.0,0.0,0.0,0.002,0.9975,0.04669518407547691,1891,0.0006870996099828699,8.01553835097715e-07,0.0001505583998539188,16,20,False,0.995,0.005,0.66,fixed,100,none,89088af6-702d-46f1-85f7-fa99660871db
1724,245900,47.234538078308105,0.99900075,0.999002,1.0,0.9960719999999998,0.0,0.0,0.0,0.0,0.0,0.0,0.0005,0.0,0.0,0.0,0.0005,0.0,0.0,0.0,0.002,0.9975,0.045899711685228106,1893,0.0006881510270303154,8.022320615315753e-07,0.00015078868390862706,16,20,False,0.995,0.005,0.66,fixed,100,none,89088af6-702d-46f1-85f7-fa99660871db
1725,246100,47.254151582717896,0.99900075,0.999002,1.0,0.9960719999999998,0.0,0.0,0.0,0.0,0.0,0.0,0.0005,0.0,0.0,0.0,0.0005,0.0,0.0,0.0,0.002,0.9975,0.045899711685228106,1893,0.0006861032321882367,7.988772117000535e-07,0.00015033978419622804,16,20,False,0.995,0.005,0.66,fixed,100,none,89088af6-702d-46f1-85f7-fa99660871db
1726,246200,47.27373909950256,0.99900075,0.999002,1.0,0.9960719999999998,0.0,0.0,0.0,0.0,0.0,0.0,0.0005,0.0,0.0,0.0,0.0005,0.0,0.0,0.0,0.002,0.9975,0.0458997116852281,1893,0.0006873520645552429,8.022554638025636e-07,0.00015061379546926515,16,20,False,0.995,0.005,0.66,fixed,100,none,89088af6-702d-46f1-85f7-fa99660871db
1727,246500,47.29355788230896,0.99900075,0.999002,1.0,0.9960719999999998,0.0,0.0,0.0,0.0,0.0,0.0,0.0005,0.0,0.0,0.0,0.0005,0.0,0.0,0.0,0.002,0.9975,0.0458997116852281,1893,0.0006855180882495941,7.982487259847144e-07,0.00015021157677577328,16,20,False,0.995,0.005,0.66,fixed,100,none,89088af6-702d-46f1-85f7-fa99660871db
1728,246600,47.31330895423889,0.99900075,0.999002,1.0,0.9960719999999998,0.0,0.0,0.0,0.0,0.0,0.0,0.0005,0.0,0.0,0.0,0.0005,0.0,0.0,0.0,0.002,0.9975,0.0458997116852281,1893,0.0006845786957666514,7.974052272423165e-07,0.00015000578349649602,16,20,False,0.995,0.005,0.66,fixed,100,none,89088af6-702d-46f1-85f7-fa99660871db
1729,246800,47.33323264122009,0.99900075,0.999002,1.0,0.9960719999999998,0.0,0.0,0.0,0.0,0.0,0.0,0.0005,0.0,0.0,0.0,0.0005,0.0,0.0,0.0,0.002,0.9975,0.0458997116852281,1893,0.0006859219818919377,8.0023535719281e-07,0.0001503003665540118,16,20,False,0.995,0.005,0.66,fixed,100,none,89088af6-702d-46f1-85f7-fa99660871db
1730,246900,47.35317301750183,0.99900075,0.999002,1.0,0.9960719999999998,0.0,0.0,0.0,0.0,0.0,0.0,0.0005,0.0,0.0,0.0,0.0005,0.0,0.0,0.0,0.002,0.9975,0.0458997116852281,1893,0.0006874313591399437,8.017253860586625e-07,0.00015063105233908484,16,20,False,0.995,0.005,0.66,fixed,100,none,89088af6-702d-46f1-85f7-fa99660871db
1731,247000,47.37302231788635,0.99900075,0.999002,1.0,0.9960719999999998,0.0,0.0,0.0,0.0,0.0,0.0,0.0005,0.0,0.0,0.0,0.0005,0.0,0.0,0.0,0.002,0.9975,0.0458997116852281,1893,0.0006865304415728726,8.025048050922916e-07,0.00015043398957326938,16,20,False,0.995,0.005,0.66,fixed,100,none,89088af6-702d-46f1-85f7-fa99660871db
1732,247200,47.39284348487854,0.99900075,0.999002,1.0,0.9960719999999998,0.0,0.0,0.0,0.0,0.0,0.0,0.0005,0.0,0.0,0.0,0.0005,0.0,0.0,0.0,0.002,0.9975,0.046297950389758855,1892,0.0006863620889356577,8.026038461547285e-07,0.00015039715599878488,16,20,False,0.995,0.005,0.66,fixed,100,none,89088af6-702d-46f1-85f7-fa99660871db
1733,247300,47.41288757324219,0.99900075,0.999002,1.0,0.9960719999999998,0.0,0.0,0.0,0.0,0.0,0.0,0.0005,0.0,0.0,0.0,0.0005,0.0,0.0,0.0,0.002,0.9975,0.046297950389758855,1892,0.0006875537098977089,8.017686641256811e-07,0.00015065784314279238,16,20,False,0.995,0.005,0.66,fixed,100,none,89088af6-702d-46f1-85f7-fa99660871db
1734,247600,47.4329297542572,0.99900075,0.999002,1.0,0.9960719999999998,0.0,0.0,0.0,0.0,0.0,0.0,0.0005,0.0,0.0,0.0,0.0005,0.0,0.0,0.0,0.002,0.9975,0.045899711685228106,1893,0.0006880486459532404,8.027648937392856e-07,0.0001507663739289748,16,20,False,0.995,0.005,0.66,fixed,100,none,89088af6-702d-46f1-85f7-fa99660871db
1735,247700,47.452747106552124,0.99900075,0.999002,1.0,0.9960719999999998,0.0,0.0,0.0,0.0,0.0,0.0,0.0005,0.0,0.0,0.0,0.0005,0.0,0.0,0.0,0.002,0.9975,0.045899711685228106,1893,0.0006867599492550232,8.015455730226524e-07,0.00015048404655079888,16,20,False,0.995,0.005,0.66,fixed,100,none,89088af6-702d-46f1-85f7-fa99660871db
1736,247900,47.47228670120239,0.99900075,0.999002,1.0,0.9960719999999998,0.0,0.0,0.0,0.0,0.0,0.0,0.0005,0.0,0.0,0.0,0.0005,0.0,0.0,0.0,0.002,0.9975,0.046297950389758855,1892,0.0006871532075860245,8.004399092501847e-07,0.00015056992072333828,16,20,False,0.995,0.005,0.66,fixed,100,none,89088af6-702d-46f1-85f7-fa99660871db
1737,248000,47.49260473251343,0.99900075,0.999002,1.0,0.9960719999999998,0.0,0.0,0.0,0.0,0.0,0.0,0.0005,0.0,0.0,0.0,0.0005,0.0,0.0,0.0,0.002,0.9975,0.046297950389758855,1892,0.0006878996656132564,8.011588247348427e-07,0.00015073345697944144,16,20,False,0.995,0.005,0.66,fixed,100,none,89088af6-702d-46f1-85f7-fa99660871db
1738,248300,47.5122652053833,0.99900075,0.999002,1.0,0.9960719999999998,0.0,0.0,0.0,0.0,0.0,0.0,0.0005,0.0,0.0,0.0,0.0005,0.0,0.0,0.0,0.002,0.9975,0.04669518407547692,1891,0.000688971512128362,8.036434598475994e-07,0.00015096855626226948,16,20,False,0.995,0.005,0.66,fixed,100,none,89088af6-702d-46f1-85f7-fa99660871db
1739,248400,47.53175377845764,0.99900075,0.999002,1.0,0.9960719999999998,0.0,0.0,0.0,0.0,0.0,0.0,0.0005,0.0,0.0,0.0,0.0005,0.0,0.0,0.0,0.002,0.9975,0.046297950389758855,1892,0.0006876198994599767,8.024840795605184e-07,0.0001506724679669054,16,20,False,0.995,0.005,0.66,fixed,100,none,89088af6-702d-46f1-85f7-fa99660871db
1740,248600,47.551379919052124,0.99900075,0.999002,1.0,0.9960719999999998,0.0,0.0,0.0,0.0,0.0,0.0,0.0005,0.0,0.0,0.0,0.0005,0.0,0.0,0.0,0.002,0.9975,0.04669518407547692,1891,0.0006867151503153971,8.024231596357183e-07,0.00015047440680437125,16,20,False,0.995,0.005,0.66,fixed,100,none,89088af6-702d-46f1-85f7-fa99660871db
1741,248700,47.57117700576782,0.99900075,0.999002,1.0,0.9960719999999998,0.0,0.0,0.0,0.0,0.0,0.0,0.0005,0.0,0.0,0.0,0.0005,0.0,0.0,0.0,0.002,0.9975,0.04669518407547692,1891,0.0006857583114490359,7.999902179789959e-07,0.00015026449251760997,16,20,False,0.995,0.005,0.66,fixed,100,none,89088af6-702d-46f1-85f7-fa99660871db
1742,248900,47.59109020233154,0.99900075,0.999002,1.0,0.9960719999999998,0.0,0.0,0.0,0.0,0.0,0.0,0.0005,0.0,0.0,0.0,0.0005,0.0,0.0,0.0,0.002,0.9975,0.046297950389758855,1892,0.0006845824496513638,7.990906679030031e-07,0.0001500069254555851,16,20,False,0.995,0.005,0.66,fixed,100,none,89088af6-702d-46f1-85f7-fa99660871db
1743,249000,47.611130237579346,0.99900075,0.999002,1.0,0.9960719999999998,0.0,0.0,0.0,0.0,0.0,0.0,0.0005,0.0,0.0,0.0,0.0005,0.0,0.0,0.0,0.002,0.9975,0.046297950389758855,1892,0.0006849918205338965,7.99245289168633e-07,0.00015009656611981198,16,20,False,0.995,0.005,0.66,fixed,100,none,89088af6-702d-46f1-85f7-fa99660871db
1744,249100,47.63130450248718,0.99900075,0.999002,1.0,0.9960719999999998,0.0,0.0,0.0,0.0,0.0,0.0,0.0005,0.0,0.0,0.0,0.0005,0.0,0.0,0.0,0.002,0.9975,0.046297950389758855,1892,0.000685337352750692,7.99017470730935e-07,0.00015017215983656538,16,20,False,0.995,0.005,0.66,fixed,100,none,89088af6-702d-46f1-85f7-fa99660871db
1745,249400,47.65116858482361,0.99900075,0.999002,1.0,0.9960719999999998,0.0,0.0,0.0,0.0,0.0,0.0,0.0005,0.0,0.0,0.0,0.0005,0.0,0.0,0.0,0.002,0.9975,0.046297950389758855,1892,0.0006841750257982957,7.978386837504567e-07,0.0001499175024971595,16,20,False,0.995,0.005,0.66,fixed,100,none,89088af6-702d-46f1-85f7-fa99660871db
1746,249500,47.671059131622314,0.99900075,0.999002,1.0,0.9960719999999998,0.0,0.0,0.0,0.0,0.0,0.0,0.0005,0.0,0.0,0.0,0.0005,0.0,0.0,0.0,0.002,0.9975,0.04669518407547692,1891,0.0006834245997917343,7.964240230215718e-07,0.00014975296545878474,16,20,False,0.995,0.005,0.66,fixed,100,none,89088af6-702d-46f1-85f7-fa99660871db
1747,249700,47.6909613609314,0.99900075,0.999002,1.0,0.9960719999999998,0.0,0.0,0.0,0.0,0.0,0.0,0.0005,0.0,0.0,0.0,0.0005,0.0,0.0,0.0,0.002,0.9975,0.045899711685228106,1893,0.0006840161992604353,7.95462354007923e-07,0.0001498822838653708,16,20,False,0.995,0.005,0.66,fixed,100,none,89088af6-702d-46f1-85f7-fa99660871db
1748,249800,47.710787773132324,0.99900075,0.999002,1.0,0.9960719999999998,0.0,0.0,0.0,0.0,0.0,0.0,0.0005,0.0,0.0,0.0,0.0005,0.0,0.0,0.0,0.002,0.9975,0.045899711685228106,1893,0.0006839004306869559,7.952547578702685e-07,0.00014985690268137,16,20,False,0.995,0.005,0.66,fixed,100,none,89088af6-702d-46f1-85f7-fa99660871db
1749,250100,47.73063611984253,0.99900075,0.999002,1.0,0.9960719999999998,0.0,0.0,0.0,0.0,0.0,0.0,0.0005,0.0,0.0,0.0,0.0005,0.0,0.0,0.0,0.002,0.9975,0.046297950389758855,1892,0.0006815383746186937,7.937064996033545e-07,0.0001493395544389567,16,20,False,0.995,0.005,0.66,fixed,100,none,89088af6-702d-46f1-85f7-fa99660871db
1750,250200,47.75038814544678,0.99900075,0.999002,1.0,0.9960719999999998,0.0,0.0,0.0,0.0,0.0,0.0,0.0005,0.0,0.0,0.0,0.0005,0.0,0.0,0.0,0.002,0.9975,0.04629795038975885,1892,0.0006810429844129676,7.915877687409989e-07,0.00014923071096405941,16,20,False,0.995,0.005,0.66,fixed,100,none,89088af6-702d-46f1-85f7-fa99660871db
1751,250500,47.77024459838867,0.99900075,0.999002,1.0,0.9960719999999998,0.0,0.0,0.0,0.0,0.0,0.0,0.0005,0.0,0.0,0.0,0.0005,0.0,0.0,0.0,0.002,0.9975,0.04629795038975885,1892,0.0006806050669970173,7.911871648257403e-07,0.000149134774726964,16,20,False,0.995,0.005,0.66,fixed,100,none,89088af6-702d-46f1-85f7-fa99660871db
1752,250600,47.79086923599243,0.99900075,0.999002,1.0,0.9960719999999998,0.0,0.0,0.0,0.0,0.0,0.0,0.0005,0.0,0.0,0.0,0.0005,0.0,0.0,0.0,0.002,0.9975,0.04629795038975885,1892,0.0006805412591785689,7.91069915704414e-07,0.0001491207849181726,16,20,False,0.995,0.005,0.66,fixed,100,none,89088af6-702d-46f1-85f7-fa99660871db
1753,250800,47.81164026260376,0.99900075,0.999002,1.0,0.9960719999999998,0.0,0.0,0.0,0.0,0.0,0.0,0.0005,0.0,0.0,0.0,0.0005,0.0,0.0,0.0,0.002,0.9975,0.04629795038975885,1892,0.0006815739972770717,7.937901000570752e-07,0.00014934736812296183,16,20,False,0.995,0.005,0.66,fixed,100,none,89088af6-702d-46f1-85f7-fa99660871db
1754,250900,47.832220792770386,0.99900075,0.999002,1.0,0.9960719999999998,0.0,0.0,0.0,0.0,0.0,0.0,0.0005,0.0,0.0,0.0,0.0005,0.0,0.0,0.0,0.002,0.9975,0.047091412742382266,1890,0.0006813183855769688,7.937795226385476e-07,0.0001492914127120998,16,20,False,0.995,0.005,0.66,fixed,100,none,89088af6-702d-46f1-85f7-fa99660871db
1755,251000,47.852680683135986,0.99900075,0.999002,1.0,0.9960719999999998,0.0,0.0,0.0,0.0,0.0,0.0,0.0005,0.0,0.0,0.0,0.0005,0.0,0.0,0.0,0.002,0.9975,0.04669518407547691,1891,0.000679875520393632,7.930060338612051e-07,0.00014897542256059966,16,20,False,0.995,0.005,0.66,fixed,100,none,89088af6-702d-46f1-85f7-fa99660871db
1756,251100,47.8731791973114,0.99900075,0.999002,1.0,0.9960719999999998,0.0,0.0,0.0,0.0,0.0,0.0,0.0005,0.0,0.0,0.0,0.0005,0.0,0.0,0.0,0.002,0.9975,0.04669518407547691,1891,0.000679875520393632,7.930060338612051e-07,0.00014897542256059966,16,20,False,0.995,0.005,0.66,fixed,100,none,89088af6-702d-46f1-85f7-fa99660871db
1757,251200,47.89366841316223,0.99900075,0.999002,1.0,0.9960719999999998,0.0,0.0,0.0,0.0,0.0,0.0,0.0005,0.0,0.0,0.0,0.0005,0.0,0.0,0.0,0.002,0.9975,0.046297950389758855,1892,0.0006808662596402366,7.947731202141629e-07,0.00014919263112808852,16,20,False,0.995,0.005,0.66,fixed,100,none,89088af6-702d-46f1-85f7-fa99660871db
1758,251300,47.91429615020752,0.99900075,0.999002,1.0,0.9960719999999998,0.0,0.0,0.0,0.0,0.0,0.0,0.0005,0.0,0.0,0.0,0.0005,0.0,0.0,0.0,0.002,0.9975,0.046297950389758855,1892,0.0006806622147824984,7.952908874181958e-07,0.00014914806408449838,16,20,False,0.995,0.005,0.66,fixed,100,none,89088af6-702d-46f1-85f7-fa99660871db
1759,251500,47.934711933135986,0.99900075,0.999002,1.0,0.9960719999999998,0.0,0.0,0.0,0.0,0.0,0.0,0.0005,0.0,0.0,0.0,0.0005,0.0,0.0,0.0,0.002,0.9975,0.04669518407547691,1891,0.0006822424907500359,7.960866313473639e-07,0.00014949413768513886,16,20,False,0.995,0.005,0.66,fixed,100,none,89088af6-702d-46f1-85f7-fa99660871db
1760,251600,47.95515203475952,0.99900075,0.999002,1.0,0.9960719999999998,0.0,0.0,0.0,0.0,0.0,0.0,0.0005,0.0,0.0,0.0,0.0005,0.0,0.0,0.0,0.002,0.9975,0.04669518407547691,1891,0.0006851376610829349,8.016436184732675e-07,0.00015012894629856438,16,20,False,0.995,0.005,0.66,fixed,100,none,89088af6-702d-46f1-85f7-fa99660871db
1761,251900,47.97561597824097,0.99900075,0.999002,1.0,0.9960719999999998,0.0,0.0,0.0,0.0,0.0,0.0,0.0005,0.0,0.0,0.0,0.0005,0.0,0.0,0.0,0.002,0.9975,0.04669518407547691,1891,0.00068775249234952,8.061214026708862e-07,0.00015070218364181742,16,20,False,0.995,0.005,0.66,fixed,100,none,89088af6-702d-46f1-85f7-fa99660871db
1762,252000,47.99620056152344,0.99900075,0.999002,1.0,0.9960719999999998,0.0,0.0,0.0,0.0,0.0,0.0,0.0005,0.0,0.0,0.0,0.0005,0.0,0.0,0.0,0.002,0.9975,0.04669518407547691,1891,0.000687665232737964,8.059568040002122e-07,0.00015068305123910037,16,20,False,0.995,0.005,0.66,fixed,100,none,89088af6-702d-46f1-85f7-fa99660871db
1763,252300,48.01658296585083,0.99900075,0.999002,1.0,0.9960719999999998,0.0,0.0,0.0,0.0,0.0,0.0,0.0005,0.0,0.0,0.0,0.0005,0.0,0.0,0.0,0.002,0.9975,0.04629795038975885,1892,0.0006888692089849976,8.09643101605099e-07,0.00015094730203612096,16,20,False,0.995,0.005,0.66,fixed,100,none,89088af6-702d-46f1-85f7-fa99660871db
1764,252400,48.03703808784485,0.99900075,0.999002,1.0,0.9960719999999998,0.0,0.0,0.0,0.0,0.0,0.0,0.0005,0.0,0.0,0.0,0.0005,0.0,0.0,0.0,0.002,0.9975,0.04629795038975885,1892,0.0006882594965607506,8.093119620190955e-07,0.00015081377306993196,16,20,False,0.995,0.005,0.66,fixed,100,none,89088af6-702d-46f1-85f7-fa99660871db
1765,252600,48.060720443725586,0.99900075,0.999002,1.0,0.9960719999999998,0.0,0.0,0.0,0.0,0.0,0.0,0.0005,0.0,0.0,0.0,0.0005,0.0,0.0,0.0,0.002,0.9975,0.04629795038975885,1892,0.0006893779198319501,8.133012394535299e-07,0.00015105935388671005,16,20,False,0.995,0.005,0.66,fixed,100,none,89088af6-702d-46f1-85f7-fa99660871db
1766,252700,48.080655097961426,0.99900075,0.999002,1.0,0.9960719999999998,0.0,0.0,0.0,0.0,0.0,0.0,0.0005,0.0,0.0,0.0,0.0005,0.0,0.0,0.0,0.002,0.9975,0.04629795038975885,1892,0.0006892749694750915,8.132712031365758e-07,0.0001510368123466935,16,20,False,0.995,0.005,0.66,fixed,100,none,89088af6-702d-46f1-85f7-fa99660871db
1767,253000,48.10052251815796,0.99900075,0.999002,1.0,0.9960719999999998,0.0,0.0,0.0,0.0,0.0,0.0,0.0005,0.0,0.0,0.0,0.0005,0.0,0.0,0.0,0.002,0.9975,0.04669518407547691,1891,0.0006890708671426856,8.136645175796831e-07,0.000150992209075874,16,20,False,0.995,0.005,0.66,fixed,100,none,89088af6-702d-46f1-85f7-fa99660871db
1768,253100,48.120213985443115,0.99900075,0.999002,1.0,0.9960719999999998,0.0,0.0,0.0,0.0,0.0,0.0,0.0005,0.0,0.0,0.0,0.0005,0.0,0.0,0.0,0.002,0.9975,0.04669518407547691,1891,0.0006877888205362065,8.112216545996895e-07,0.00015071110492974956,16,20,False,0.995,0.005,0.66,fixed,100,none,89088af6-702d-46f1-85f7-fa99660871db
1769,253300,48.139833211898804,0.99900075,0.999002,1.0,0.9960719999999998,0.0,0.0,0.0,0.0,0.0,0.0,0.0005,0.0,0.0,0.0,0.0005,0.0,0.0,0.0,0.002,0.9975,0.045899711685228106,1893,0.0006870366822339013,8.109611261106752e-07,0.00015054641235496204,16,20,False,0.995,0.005,0.66,fixed,100,none,89088af6-702d-46f1-85f7-fa99660871db
1770,253400,48.15942978858948,0.99900075,0.999002,1.0,0.9960719999999998,0.0,0.0,0.0,0.0,0.0,0.0,0.0005,0.0,0.0,0.0,0.0005,0.0,0.0,0.0,0.002,0.9975,0.04629795038975885,1892,0.0006870782369586072,8.108370443023378e-07,0.00015055548510865656,16,20,False,0.995,0.005,0.66,fixed,100,none,89088af6-702d-46f1-85f7-fa99660871db
1771,253700,48.17896842956543,0.99900075,0.999002,1.0,0.9960719999999998,0.0,0.0,0.0,0.0,0.0,0.0,0.0005,0.0,0.0,0.0,0.0005,0.0,0.0,0.0,0.002,0.9975,0.045899711685228106,1893,0.0006888606057966,8.128837551323706e-07,0.00015094603452235088,16,20,False,0.995,0.005,0.66,fixed,100,none,89088af6-702d-46f1-85f7-fa99660871db
1772,253800,48.198535442352295,0.99900075,0.999002,1.0,0.9960719999999998,0.0,0.0,0.0,0.0,0.0,0.0,0.0005,0.0,0.0,0.0,0.0005,0.0,0.0,0.0,0.002,0.9975,0.04629795038975885,1892,0.0006883585400866707,8.126693783896007e-07,0.00015083609160686628,16,20,False,0.995,0.005,0.66,fixed,100,none,89088af6-702d-46f1-85f7-fa99660871db
1773,254100,48.21802282333374,0.99900075,0.999002,1.0,0.9960719999999998,0.0,0.0,0.0,0.0,0.0,0.0,0.0005,0.0,0.0,0.0,0.0005,0.0,0.0,0.0,0.002,0.9975,0.04629795038975885,1892,0.00068740137446653,8.114127868218186e-07,0.00015062632930021956,16,20,False,0.995,0.005,0.66,fixed,100,none,89088af6-702d-46f1-85f7-fa99660871db
1774,254200,48.237672567367554,0.99900075,0.999002,1.0,0.9960719999999998,0.0,0.0,0.0,0.0,0.0,0.0,0.0005,0.0,0.0,0.0,0.0005,0.0,0.0,0.0,0.002,0.9975,0.04669518407547691,1891,0.0006879548167191773,8.118947972426819e-07,0.00015074756939130403,16,20,False,0.995,0.005,0.66,fixed,100,none,89088af6-702d-46f1-85f7-fa99660871db
1775,254400,48.25720286369324,0.99900075,0.999002,1.0,0.9960719999999998,0.0,0.0,0.0,0.0,0.0,0.0,0.0005,0.0,0.0,0.0,0.0005,0.0,0.0,0.0,0.002,0.9975,0.04629795038975885,1892,0.0006868579228335441,8.088547099733092e-07,0.00015050688170315774,16,20,False,0.995,0.005,0.66,fixed,100,none,89088af6-702d-46f1-85f7-fa99660871db
1776,254500,48.276697397232056,0.99900075,0.999002,1.0,0.9960719999999998,0.0,0.0,0.0,0.0,0.0,0.0,0.0005,0.0,0.0,0.0,0.0005,0.0,0.0,0.0,0.002,0.9975,0.04629795038975885,1892,0.0006881216394352497,8.113630393956934e-07,0.00015078398584986136,16,20,False,0.995,0.005,0.66,fixed,100,none,89088af6-702d-46f1-85f7-fa99660871db
1777,254800,48.29611587524414,0.99900075,0.999002,1.0,0.9960719999999998,0.0,0.0,0.0,0.0,0.0,0.0,0.0005,0.0,0.0,0.0,0.0005,0.0,0.0,0.0,0.002,0.9975,0.04629795038975885,1892,0.0006876622530506311,8.088468815017587e-07,0.0001506829481002685,16,20,False,0.995,0.005,0.66,fixed,100,none,89088af6-702d-46f1-85f7-fa99660871db
1778,254900,48.315494775772095,0.99900075,0.999002,1.0,0.9960719999999998,0.0,0.0,0.0,0.0,0.0,0.0,0.0005,0.0,0.0,0.0,0.0005,0.0,0.0,0.0,0.002,0.9975,0.04629795038975885,1892,0.000687434603174188,8.087059915760631e-07,0.00015063308877322923,16,20,False,0.995,0.005,0.66,fixed,100,none,89088af6-702d-46f1-85f7-fa99660871db
1779,255100,48.33491659164429,0.99900075,0.999002,1.0,0.9960719999999998,0.0,0.0,0.0,0.0,0.0,0.0,0.0005,0.0,0.0,0.0,0.0005,0.0,0.0,0.0,0.002,0.9975,0.045899711685228106,1893,0.0006875771076009605,8.084461325062873e-07,0.00015066423361902645,16,20,False,0.995,0.005,0.66,fixed,100,none,89088af6-702d-46f1-85f7-fa99660871db
1780,255200,48.35433292388916,0.99900075,0.999002,1.0,0.9960719999999998,0.0,0.0,0.0,0.0,0.0,0.0,0.0005,0.0,0.0,0.0,0.0005,0.0,0.0,0.0,0.002,0.9975,0.045899711685228106,1893,0.0006878533121006277,8.092479006333043e-07,0.00015072484711994773,16,20,False,0.995,0.005,0.66,fixed,100,none,89088af6-702d-46f1-85f7-fa99660871db
1781,255500,48.373990058898926,0.99900075,0.999002,1.0,0.9960719999999998,0.0,0.0,0.0,0.0,0.0,0.0,0.0005,0.0,0.0,0.0,0.0005,0.0,0.0,0.0,0.002,0.9975,0.045899711685228106,1893,0.0006886043290175209,8.093666623545204e-07,0.0001508892672877827,16,20,False,0.995,0.005,0.66,fixed,100,none,89088af6-702d-46f1-85f7-fa99660871db
1782,255600,48.39357542991638,0.99900075,0.999002,1.0,0.9960719999999998,0.0,0.0,0.0,0.0,0.0,0.0,0.0005,0.0,0.0,0.0,0.0005,0.0,0.0,0.0,0.002,0.9975,0.045899711685228106,1893,0.0006893654993907348,8.1035589263208e-07,0.00015105607543623194,16,20,False,0.995,0.005,0.66,fixed,100,none,89088af6-702d-46f1-85f7-fa99660871db
1783,255900,48.412994623184204,0.99900075,0.999002,1.0,0.9960719999999998,0.0,0.0,0.0,0.0,0.0,0.0,0.0005,0.0,0.0,0.0,0.0005,0.0,0.0,0.0,0.002,0.9975,0.046297950389758855,1892,0.0006881033706754437,8.081498153869809e-07,0.00015077937630577818,16,20,False,0.995,0.005,0.66,fixed,100,none,89088af6-702d-46f1-85f7-fa99660871db
1784,256000,48.4323673248291,0.99900075,0.999002,1.0,0.9960719999999998,0.0,0.0,0.0,0.0,0.0,0.0,0.0005,0.0,0.0,0.0,0.0005,0.0,0.0,0.0,0.002,0.9975,0.046297950389758855,1892,0.0006881033706754437,8.081498153869809e-07,0.00015077937630577818,16,20,False,0.995,0.005,0.66,fixed,100,none,89088af6-702d-46f1-85f7-fa99660871db
1785,256200,48.45566391944885,0.99900075,0.999002,1.0,0.9960719999999998,0.0,0.0,0.0,0.0,0.0,0.0,0.0005,0.0,0.0,0.0,0.0005,0.0,0.0,0.0,0.002,0.9975,0.045899711685228106,1893,0.0006893104391122209,8.135696888144888e-07,0.00015104463336253993,16,20,False,0.995,0.005,0.66,fixed,100,none,89088af6-702d-46f1-85f7-fa99660871db
1786,256300,48.47514533996582,0.99900075,0.999002,1.0,0.9960719999999998,0.0,0.0,0.0,0.0,0.0,0.0,0.0005,0.0,0.0,0.0,0.0005,0.0,0.0,0.0,0.002,0.9975,0.045899711685228106,1893,0.0006890337968875446,8.139814785820339e-07,0.0001509841546196141,16,20,False,0.995,0.005,0.66,fixed,100,none,89088af6-702d-46f1-85f7-fa99660871db
1787,256600,48.495466232299805,0.99900075,0.999002,1.0,0.9960719999999998,0.0,0.0,0.0,0.0,0.0,0.0,0.0005,0.0,0.0,0.0,0.0005,0.0,0.0,0.0,0.002,0.9975,0.045899711685228106,1893,0.0006900842490215952,8.15091686829585e-07,0.0001512143095313248,16,20,False,0.995,0.005,0.66,fixed,100,none,89088af6-702d-46f1-85f7-fa99660871db
1788,256700,48.51532745361328,0.99900075,0.999002,1.0,0.9960719999999998,0.0,0.0,0.0,0.0,0.0,0.0,0.0005,0.0,0.0,0.0,0.0005,0.0,0.0,0.0,0.002,0.9975,0.04550046796188468,1894,0.0006902150554421365,8.151787006051867e-07,0.0001512429595893987,16,20,False,0.995,0.005,0.66,fixed,100,none,89088af6-702d-46f1-85f7-fa99660871db
1789,256900,48.53512144088745,0.99900075,0.999002,1.0,0.9960719999999998,0.0,0.0,0.0,0.0,0.0,0.0,0.0005,0.0,0.0,0.0,0.0005,0.0,0.0,0.0,0.002,0.9975,0.045899711685228106,1893,0.0006903202397833424,8.137650063509373e-07,0.00015126571583978034,16,20,False,0.995,0.005,0.66,fixed,100,none,89088af6-702d-46f1-85f7-fa99660871db
1790,257000,48.55462169647217,0.99900075,0.999002,1.0,0.9960719999999998,0.0,0.0,0.0,0.0,0.0,0.0,0.0005,0.0,0.0,0.0,0.0005,0.0,0.0,0.0,0.002,0.9975,0.045899711685228106,1893,0.0006903582158195705,8.14616655193174e-07,0.0001512741906073907,16,20,False,0.995,0.005,0.66,fixed,100,none,89088af6-702d-46f1-85f7-fa99660871db
1791,257200,48.57414269447327,0.99900075,0.999002,1.0,0.9960719999999998,0.0,0.0,0.0,0.0,0.0,0.0,0.0005,0.0,0.0,0.0,0.0005,0.0,0.0,0.0,0.002,0.9975,0.045899711685228106,1893,0.0006919527297874502,8.167101299650267e-07,0.0001516236274751662,16,20,False,0.995,0.005,0.66,fixed,100,none,89088af6-702d-46f1-85f7-fa99660871db
1792,257300,48.593684673309326,0.99900075,0.999002,1.0,0.9960719999999998,0.0,0.0,0.0,0.0,0.0,0.0,0.0005,0.0,0.0,0.0,0.0005,0.0,0.0,0.0,0.002,0.9975,0.045899711685228106,1893,0.000691839845113882,8.168551789748762e-07,0.000151598944579434,16,20,False,0.995,0.005,0.66,fixed,100,none,89088af6-702d-46f1-85f7-fa99660871db
1793,257400,48.613311767578125,0.99900075,0.999002,1.0,0.9960719999999998,0.0,0.0,0.0,0.0,0.0,0.0,0.0005,0.0,0.0,0.0,0.0005,0.0,0.0,0.0,0.002,0.9975,0.045899711685228106,1893,0.0006930402663126999,8.185705207716666e-07,0.00015186204269479662,16,20,False,0.995,0.005,0.66,fixed,100,none,89088af6-702d-46f1-85f7-fa99660871db
1794,257700,48.6328284740448,0.99900075,0.999002,1.0,0.9960719999999998,0.0,0.0,0.0,0.0,0.0,0.0,0.0005,0.0,0.0,0.0,0.0005,0.0,0.0,0.0,0.002,0.9975,0.045899711685228106,1893,0.0006930485094192749,8.177872873727718e-07,0.00015186369829648012,16,20,False,0.995,0.005,0.66,fixed,100,none,89088af6-702d-46f1-85f7-fa99660871db
1795,257800,48.652445554733276,0.99900075,0.999002,1.0,0.9960719999999998,0.0,0.0,0.0,0.0,0.0,0.0,0.0005,0.0,0.0,0.0,0.0005,0.0,0.0,0.0,0.002,0.9975,0.045899711685228106,1893,0.0006918895157266103,8.170287330716066e-07,0.00015160985045183862,16,20,False,0.995,0.005,0.66,fixed,100,none,89088af6-702d-46f1-85f7-fa99660871db
1796,258000,48.672346115112305,0.99900075,0.999002,1.0,0.9960719999999998,0.0,0.0,0.0,0.0,0.0,0.0,0.0005,0.0,0.0,0.0,0.0005,0.0,0.0,0.0,0.002,0.9975,0.045899711685228106,1893,0.0006902450876590545,8.143683544910994e-07,0.00015124937967592037,16,20,False,0.995,0.005,0.66,fixed,100,none,89088af6-702d-46f1-85f7-fa99660871db
1797,258100,48.69199228286743,0.99900075,0.999002,1.0,0.9960719999999998,0.0,0.0,0.0,0.0,0.0,0.0,0.0005,0.0,0.0,0.0,0.0005,0.0,0.0,0.0,0.002,0.9975,0.04629795038975885,1892,0.0006891292937938211,8.129832639944642e-07,0.0001510048692316264,16,20,False,0.995,0.005,0.66,fixed,100,none,89088af6-702d-46f1-85f7-fa99660871db
1798,258400,48.71150612831116,0.99900075,0.999002,1.0,0.9960719999999998,0.0,0.0,0.0,0.0,0.0,0.0,0.0005,0.0,0.0,0.0,0.0005,0.0,0.0,0.0,0.002,0.9975,0.045899711685228106,1893,0.0006907748812820902,8.151213234766568e-07,0.0001513654945641101,16,20,False,0.995,0.005,0.66,fixed,100,none,89088af6-702d-46f1-85f7-fa99660871db
1799,258500,48.73119354248047,0.99900075,0.999002,1.0,0.9960719999999998,0.0,0.0,0.0,0.0,0.0,0.0,0.0005,0.0,0.0,0.0,0.0005,0.0,0.0,0.0,0.002,0.9975,0.045899711685228106,1893,0.0006907833065603742,8.180759766788835e-07,0.00015136790024163492,16,20,False,0.995,0.005,0.66,fixed,100,none,89088af6-702d-46f1-85f7-fa99660871db
1800,258700,48.75073027610779,0.99900075,0.999002,1.0,0.9960719999999998,0.0,0.0,0.0,0.0,0.0,0.0,0.0005,0.0,0.0,0.0,0.0005,0.0,0.0,0.0,0.002,0.9975,0.045899711685228106,1893,0.0006905773497461742,8.176055182041443e-07,0.00015132272690789636,16,20,False,0.995,0.005,0.66,fixed,100,none,89088af6-702d-46f1-85f7-fa99660871db
1801,258800,48.77050447463989,0.99900075,0.999002,1.0,0.9960719999999998,0.0,0.0,0.0,0.0,0.0,0.0,0.0005,0.0,0.0,0.0,0.0005,0.0,0.0,0.0,0.002,0.9975,0.045899711685228106,1893,0.000690646983741832,8.173075323601114e-07,0.00015133791317223545,16,20,False,0.995,0.005,0.66,fixed,100,none,89088af6-702d-46f1-85f7-fa99660871db
1802,259100,48.79037833213806,0.99900075,0.999002,1.0,0.9960719999999998,0.0,0.0,0.0,0.0,0.0,0.0,0.0005,0.0,0.0,0.0,0.0005,0.0,0.0,0.0,0.002,0.9975,0.04629795038975885,1892,0.0006897554852255445,8.183743727205648e-07,0.00015114296684668862,16,20,False,0.995,0.005,0.66,fixed,100,none,89088af6-702d-46f1-85f7-fa99660871db
1803,259200,48.81008815765381,0.99900075,0.999002,1.0,0.9960719999999998,0.0,0.0,0.0,0.0,0.0,0.0,0.0005,0.0,0.0,0.0,0.0005,0.0,0.0,0.0,0.002,0.9975,0.04669518407547691,1891,0.0006894343903184022,8.162260840683607e-07,0.00015107227099667124,16,20,False,0.995,0.005,0.66,fixed,100,none,89088af6-702d-46f1-85f7-fa99660871db
1804,259300,48.82979989051819,0.99900075,0.999002,1.0,0.9960719999999998,0.0,0.0,0.0,0.0,0.0,0.0,0.0005,0.0,0.0,0.0,0.0005,0.0,0.0,0.0,0.002,0.9975,0.04669518407547691,1891,0.0006902076603111476,8.175682985203182e-07,0.00015124179481882906,16,20,False,0.995,0.005,0.66,fixed,100,none,89088af6-702d-46f1-85f7-fa99660871db
1805,259400,48.84975743293762,0.99900075,0.999002,1.0,0.9960719999999998,0.0,0.0,0.0,0.0,0.0,0.0,0.0005,0.0,0.0,0.0,0.0005,0.0,0.0,0.0,0.002,0.9975,0.04669518407547691,1891,0.0006906473228056716,8.176705394733834e-07,0.00015133805636466144,16,20,False,0.995,0.005,0.66,fixed,100,none,89088af6-702d-46f1-85f7-fa99660871db
1806,259500,48.870035886764526,0.99900075,0.999002,1.0,0.9960719999999998,0.0,0.0,0.0,0.0,0.0,0.0,0.0005,0.0,0.0,0.0,0.0005,0.0,0.0,0.0,0.002,0.9975,0.04669518407547691,1891,0.000692097454638992,8.207006911009882e-07,0.00015165606595178452,16,20,False,0.995,0.005,0.66,fixed,100,none,89088af6-702d-46f1-85f7-fa99660871db
1807,259600,48.89042639732361,0.99900075,0.999002,1.0,0.9960719999999998,0.0,0.0,0.0,0.0,0.0,0.0,0.0005,0.0,0.0,0.0,0.0005,0.0,0.0,0.0,0.002,0.9975,0.04669518407547691,1891,0.000692013349475843,8.183086322388798e-07,0.00015163720084038744,16,20,False,0.995,0.005,0.66,fixed,100,none,89088af6-702d-46f1-85f7-fa99660871db
1808,259800,48.91066336631775,0.99900075,0.999002,1.0,0.9960719999999998,0.0,0.0,0.0,0.0,0.0,0.0,0.0005,0.0,0.0,0.0,0.0005,0.0,0.0,0.0,0.002,0.9975,0.04669518407547691,1891,0.0006925626400373773,8.190318214083313e-07,0.0001517575779502495,16,20,False,0.995,0.005,0.66,fixed,100,none,89088af6-702d-46f1-85f7-fa99660871db
1809,259900,48.93059277534485,0.99900075,0.999002,1.0,0.9960719999999998,0.0,0.0,0.0,0.0,0.0,0.0,0.0005,0.0,0.0,0.0,0.0005,0.0,0.0,0.0,0.002,0.9975,0.045899711685228106,1893,0.0006928233524535714,8.211269737028427e-07,0.00015181504597709032,16,20,False,0.995,0.005,0.66,fixed,100,none,89088af6-702d-46f1-85f7-fa99660871db
1810,260200,48.95028495788574,0.99900075,0.999002,1.0,0.9960719999999998,0.0,0.0,0.0,0.0,0.0,0.0,0.0005,0.0,0.0,0.0,0.0005,0.0,0.0,0.0,0.002,0.9975,0.04550046796188467,1894,0.00069466497700782,8.234243947684784e-07,0.0001522186141020178,16,20,False,0.995,0.005,0.66,fixed,100,none,89088af6-702d-46f1-85f7-fa99660871db
1811,260300,48.970134258270264,0.99900075,0.999002,1.0,0.9960719999999998,0.0,0.0,0.0,0.0,0.0,0.0,0.0005,0.0,0.0,0.0,0.0005,0.0,0.0,0.0,0.002,0.9975,0.045899711685228106,1893,0.0006946987089868058,8.214423471475185e-07,0.00015222562144316982,16,20,False,0.995,0.005,0.66,fixed,100,none,89088af6-702d-46f1-85f7-fa99660871db
1812,260500,48.99055624008179,0.99900075,0.999002,1.0,0.9960719999999998,0.0,0.0,0.0,0.0,0.0,0.0,0.0005,0.0,0.0,0.0,0.0005,0.0,0.0,0.0,0.002,0.9975,0.045899711685228106,1893,0.0006925893541636781,8.183382025401285e-07,0.00015176329388491176,16,20,False,0.995,0.005,0.66,fixed,100,none,89088af6-702d-46f1-85f7-fa99660871db
1813,260600,49.01084589958191,0.99900075,0.999002,1.0,0.9960719999999998,0.0,0.0,0.0,0.0,0.0,0.0,0.0005,0.0,0.0,0.0,0.0005,0.0,0.0,0.0,0.002,0.9975,0.045899711685228106,1893,0.0006922671398120231,8.184940883192712e-07,0.00015169279078163254,16,20,False,0.995,0.005,0.66,fixed,100,none,89088af6-702d-46f1-85f7-fa99660871db
1814,260900,49.0309739112854,0.99900075,0.999002,1.0,0.9960719999999998,0.0,0.0,0.0,0.0,0.0,0.0,0.0005,0.0,0.0,0.0,0.0005,0.0,0.0,0.0,0.002,0.9975,0.046297950389758855,1892,0.0006936287314259498,8.205932098679357e-07,0.00015199124201901534,16,20,False,0.995,0.005,0.66,fixed,100,none,89088af6-702d-46f1-85f7-fa99660871db
1815,261000,49.051105260849,0.99900075,0.999002,1.0,0.9960719999999998,0.0,0.0,0.0,0.0,0.0,0.0,0.0005,0.0,0.0,0.0,0.0005,0.0,0.0,0.0,0.002,0.9975,0.046297950389758855,1892,0.0006951985075206241,8.227042922921058e-07,0.00015233526711180012,16,20,False,0.995,0.005,0.66,fixed,100,none,89088af6-702d-46f1-85f7-fa99660871db
1816,261300,49.07095408439636,0.99900075,0.999002,1.0,0.9960719999999998,0.0,0.0,0.0,0.0,0.0,0.0,0.0005,0.0,0.0,0.0,0.0005,0.0,0.0,0.0,0.002,0.9975,0.046297950389758855,1892,0.0006956597944102012,8.22537625384768e-07,0.00015243621114521615,16,20,False,0.995,0.005,0.66,fixed,100,none,89088af6-702d-46f1-85f7-fa99660871db
1817,261400,49.09090805053711,0.99900075,0.999002,1.0,0.9960719999999998,0.0,0.0,0.0,0.0,0.0,0.0,0.0005,0.0,0.0,0.0,0.0005,0.0,0.0,0.0,0.002,0.9975,0.045899711685228106,1893,0.0006950144497161499,8.219416043974461e-07,0.00015229483194770073,16,20,False,0.995,0.005,0.66,fixed,100,none,89088af6-702d-46f1-85f7-fa99660871db
1818,261500,49.11118245124817,0.99900075,0.999002,1.0,0.9960719999999998,0.0,0.0,0.0,0.0,0.0,0.0,0.0005,0.0,0.0,0.0,0.0005,0.0,0.0,0.0,0.002,0.9975,0.045899711685228106,1893,0.000696883274409708,8.253509054308497e-07,0.00015270456544031694,16,20,False,0.995,0.005,0.66,fixed,100,none,89088af6-702d-46f1-85f7-fa99660871db
1819,261600,49.13153266906738,0.99900075,0.999002,1.0,0.9960719999999998,0.0,0.0,0.0,0.0,0.0,0.0,0.0005,0.0,0.0,0.0,0.0005,0.0,0.0,0.0,0.002,0.9975,0.045899711685228106,1893,0.0006963915340372284,8.247079141479485e-07,0.0001525968013044374,16,20,False,0.995,0.005,0.66,fixed,100,none,89088af6-702d-46f1-85f7-fa99660871db
1820,261700,49.15177774429321,0.99900075,0.999002,1.0,0.9960719999999998,0.0,0.0,0.0,0.0,0.0,0.0,0.0005,0.0,0.0,0.0,0.0005,0.0,0.0,0.0,0.002,0.9975,0.045899711685228106,1893,0.0006962299421739894,8.24847612060509e-07,0.00015256145538817777,16,20,False,0.995,0.005,0.66,fixed,100,none,89088af6-702d-46f1-85f7-fa99660871db
1821,262000,49.17210268974304,0.99900075,0.999002,1.0,0.9960719999999998,0.0,0.0,0.0,0.0,0.0,0.0,0.0005,0.0,0.0,0.0,0.0005,0.0,0.0,0.0,0.002,0.9975,0.045899711685228106,1893,0.0006972208135359151,8.276683417788192e-07,0.00015277889306794979,16,20,False,0.995,0.005,0.66,fixed,100,none,89088af6-702d-46f1-85f7-fa99660871db
1822,262100,49.19264030456543,0.99900075,0.999002,1.0,0.9960719999999998,0.0,0.0,0.0,0.0,0.0,0.0,0.0005,0.0,0.0,0.0,0.0005,0.0,0.0,0.0,0.002,0.9975,0.046297950389758855,1892,0.000697294853708757,8.286613126572551e-07,0.0001527952891262518,16,20,False,0.995,0.005,0.66,fixed,100,none,89088af6-702d-46f1-85f7-fa99660871db
1823,262300,49.21305513381958,0.99900075,0.999002,1.0,0.9960719999999998,0.0,0.0,0.0,0.0,0.0,0.0,0.0005,0.0,0.0,0.0,0.0005,0.0,0.0,0.0,0.002,0.9975,0.04669518407547691,1891,0.0007009979269025586,8.337383571680924e-07,0.00015360685648683204,16,20,False,0.995,0.005,0.66,fixed,100,none,89088af6-702d-46f1-85f7-fa99660871db
1824,262400,49.23355269432068,0.99900075,0.999002,1.0,0.9960719999999998,0.0,0.0,0.0,0.0,0.0,0.0,0.0005,0.0,0.0,0.0,0.0005,0.0,0.0,0.0,0.002,0.9975,0.045899711685228106,1893,0.000700309029484724,8.330740092121295e-07,0.00015345593061595638,16,20,False,0.995,0.005,0.66,fixed,100,none,89088af6-702d-46f1-85f7-fa99660871db
1825,262700,49.25360441207886,0.99900075,0.999002,1.0,0.9960719999999998,0.0,0.0,0.0,0.0,0.0,0.0,0.0005,0.0,0.0,0.0,0.0005,0.0,0.0,0.0,0.002,0.9975,0.04629795038975885,1892,0.0007036721855724293,8.397837182444235e-07,0.00015419340032827122,16,20,False,0.995,0.005,0.66,fixed,100,none,89088af6-702d-46f1-85f7-fa99660871db
1826,262800,49.27330231666565,0.99900075,0.999002,1.0,0.9960719999999998,0.0,0.0,0.0,0.0,0.0,0.0,0.0005,0.0,0.0,0.0,0.0005,0.0,0.0,0.0,0.002,0.9975,0.04629795038975885,1892,0.0007048545624841582,8.431053702889539e-07,0.00015445285374813712,16,20,False,0.995,0.005,0.66,fixed,100,none,89088af6-702d-46f1-85f7-fa99660871db
1827,263100,49.29295587539673,0.99900075,0.999002,1.0,0.9960719999999998,0.0,0.0,0.0,0.0,0.0,0.0,0.0005,0.0,0.0,0.0,0.0005,0.0,0.0,0.0,0.002,0.9975,0.04629795038975885,1892,0.0007062168525763817,8.477952602079541e-07,0.0001547519501284095,16,20,False,0.995,0.005,0.66,fixed,100,none,89088af6-702d-46f1-85f7-fa99660871db
1828,263200,49.31263589859009,0.99900075,0.999002,1.0,0.9960719999999998,0.0,0.0,0.0,0.0,0.0,0.0,0.0005,0.0,0.0,0.0,0.0005,0.0,0.0,0.0,0.002,0.9975,0.04629795038975885,1892,0.0007080745745841323,8.504998432195611e-07,0.0001551591193466783,16,20,False,0.995,0.005,0.66,fixed,100,none,89088af6-702d-46f1-85f7-fa99660871db
1829,263400,49.332239389419556,0.99900075,0.999002,1.0,0.9960719999999998,0.0,0.0,0.0,0.0,0.0,0.0,0.0005,0.0,0.0,0.0,0.0005,0.0,0.0,0.0,0.002,0.9975,0.04629795038975885,1892,0.0007077810718088718,8.506214127652095e-07,0.00015509489468738742,16,20,False,0.995,0.005,0.66,fixed,100,none,89088af6-702d-46f1-85f7-fa99660871db
1830,263500,49.35180044174194,0.99900075,0.999002,1.0,0.9960719999999998,0.0,0.0,0.0,0.0,0.0,0.0,0.0005,0.0,0.0,0.0,0.0005,0.0,0.0,0.0,0.002,0.9975,0.04629795038975885,1892,0.0007081987871166413,8.519908502852026e-07,0.000155186592761387,16,20,False,0.995,0.005,0.66,fixed,100,none,89088af6-702d-46f1-85f7-fa99660871db
1831,263600,49.3715295791626,0.99900075,0.999002,1.0,0.9960719999999998,0.0,0.0,0.0,0.0,0.0,0.0,0.0005,0.0,0.0,0.0,0.0005,0.0,0.0,0.0,0.002,0.9975,0.04629795038975885,1892,0.0007081987871166413,8.519908502852026e-07,0.000155186592761387,16,20,False,0.995,0.005,0.66,fixed,100,none,89088af6-702d-46f1-85f7-fa99660871db
1832,263700,49.39177107810974,0.99900075,0.999002,1.0,0.9960719999999998,0.0,0.0,0.0,0.0,0.0,0.0,0.0005,0.0,0.0,0.0,0.0005,0.0,0.0,0.0,0.002,0.9975,0.04669518407547691,1891,0.0007070180213916744,8.503519564658854e-07,0.00015492781175436605,16,20,False,0.995,0.005,0.66,fixed,100,none,89088af6-702d-46f1-85f7-fa99660871db
1833,263800,49.41209292411804,0.99900075,0.999002,1.0,0.9960719999999998,0.0,0.0,0.0,0.0,0.0,0.0,0.0005,0.0,0.0,0.0,0.0005,0.0,0.0,0.0,0.002,0.9975,0.04669518407547691,1891,0.0007063825285015999,8.500981350443413e-07,0.00015478865413465863,16,20,False,0.995,0.005,0.66,fixed,100,none,89088af6-702d-46f1-85f7-fa99660871db
1834,263900,49.43232440948486,0.99900075,0.999002,1.0,0.9960719999999998,0.0,0.0,0.0,0.0,0.0,0.0,0.0005,0.0,0.0,0.0,0.0005,0.0,0.0,0.0,0.002,0.9975,0.04669518407547691,1891,0.0007066112098634776,8.517135574803018e-07,0.0001548390194150365,16,20,False,0.995,0.005,0.66,fixed,100,none,89088af6-702d-46f1-85f7-fa99660871db
1835,264100,49.45222091674805,0.99900075,0.999002,1.0,0.9960719999999998,0.0,0.0,0.0,0.0,0.0,0.0,0.0005,0.0,0.0,0.0,0.0005,0.0,0.0,0.0,0.002,0.9975,0.04669518407547691,1891,0.0007057034497165475,8.507761622148222e-07,0.00015464013261377307,16,20,False,0.995,0.005,0.66,fixed,100,none,89088af6-702d-46f1-85f7-fa99660871db
1836,264200,49.47205424308777,0.99900075,0.999002,1.0,0.9960719999999998,0.0,0.0,0.0,0.0,0.0,0.0,0.0005,0.0,0.0,0.0,0.0005,0.0,0.0,0.0,0.002,0.9975,0.046297950389758855,1892,0.0007057357257186679,8.506803388377555e-07,0.00015464717962419556,16,20,False,0.995,0.005,0.66,fixed,100,none,89088af6-702d-46f1-85f7-fa99660871db
1837,264500,49.49211239814758,0.99900075,0.999002,1.0,0.9960719999999998,0.0,0.0,0.0,0.0,0.0,0.0,0.0005,0.0,0.0,0.0,0.0005,0.0,0.0,0.0,0.002,0.9975,0.046297950389758855,1892,0.0007062387503138897,8.525768911756365e-07,0.00015475765205303382,16,20,False,0.995,0.005,0.66,fixed,100,none,89088af6-702d-46f1-85f7-fa99660871db
1838,264600,49.512136936187744,0.99900075,0.999002,1.0,0.9960719999999998,0.0,0.0,0.0,0.0,0.0,0.0,0.0005,0.0,0.0,0.0,0.0005,0.0,0.0,0.0,0.002,0.9975,0.046297950389758855,1892,0.0007056895024050962,8.531115691875381e-07,0.0001546375232746212,16,20,False,0.995,0.005,0.66,fixed,100,none,89088af6-702d-46f1-85f7-fa99660871db
1839,264900,49.532171964645386,0.99900075,0.999002,1.0,0.9960719999999998,0.0,0.0,0.0,0.0,0.0,0.0,0.0005,0.0,0.0,0.0,0.0005,0.0,0.0,0.0,0.002,0.9975,0.04669518407547691,1891,0.0007048792007057951,8.526711258780262e-07,0.0001544600645484154,16,20,False,0.995,0.005,0.66,fixed,100,none,89088af6-702d-46f1-85f7-fa99660871db
1840,265000,49.55221343040466,0.99900075,0.999002,1.0,0.9960719999999998,0.0,0.0,0.0,0.0,0.0,0.0,0.0005,0.0,0.0,0.0,0.0005,0.0,0.0,0.0,0.002,0.9975,0.04669518407547691,1891,0.0007042383838500182,8.520913683125159e-07,0.00015431967958474838,16,20,False,0.995,0.005,0.66,fixed,100,none,89088af6-702d-46f1-85f7-fa99660871db
1841,265200,49.57232642173767,0.99900075,0.999002,1.0,0.9960719999999998,0.0,0.0,0.0,0.0,0.0,0.0,0.0005,0.0,0.0,0.0,0.0005,0.0,0.0,0.0,0.002,0.9975,0.04669518407547691,1891,0.0007065516025238178,8.58119342387303e-07,0.0001548271884675173,16,20,False,0.995,0.005,0.66,fixed,100,none,89088af6-702d-46f1-85f7-fa99660871db
1842,265300,49.59242033958435,0.99900075,0.999002,1.0,0.9960719999999998,0.0,0.0,0.0,0.0,0.0,0.0,0.0005,0.0,0.0,0.0,0.0005,0.0,0.0,0.0,0.002,0.9975,0.04669518407547691,1891,0.0007079421341698161,8.60174867848461e-07,0.00015513196639466395,16,20,False,0.995,0.005,0.66,fixed,100,none,89088af6-702d-46f1-85f7-fa99660871db
1843,265600,49.61248445510864,0.99900075,0.999002,1.0,0.9960719999999998,0.0,0.0,0.0,0.0,0.0,0.0,0.0005,0.0,0.0,0.0,0.0005,0.0,0.0,0.0,0.002,0.9975,0.04669518407547691,1891,0.0007077972220483457,8.575696285662387e-07,0.00015509975013581047,16,20,False,0.995,0.005,0.66,fixed,100,none,89088af6-702d-46f1-85f7-fa99660871db
1844,265700,49.63233995437622,0.99900075,0.999002,1.0,0.9960719999999998,0.0,0.0,0.0,0.0,0.0,0.0,0.0005,0.0,0.0,0.0,0.0005,0.0,0.0,0.0,0.002,0.9975,0.04669518407547691,1891,0.0007078614908175053,8.591843084451584e-07,0.0001551141253585565,16,20,False,0.995,0.005,0.66,fixed,100,none,89088af6-702d-46f1-85f7-fa99660871db
1845,265800,49.65225887298584,0.99900075,0.999002,1.0,0.9960719999999998,0.0,0.0,0.0,0.0,0.0,0.0,0.0005,0.0,0.0,0.0,0.0005,0.0,0.0,0.0,0.002,0.9975,0.04669518407547691,1891,0.0007084315550106336,8.615038509484932e-07,0.00015523935312350794,16,20,False,0.995,0.005,0.66,fixed,100,none,89088af6-702d-46f1-85f7-fa99660871db
1846,265900,49.672142028808594,0.99900075,0.999002,1.0,0.9960719999999998,0.0,0.0,0.0,0.0,0.0,0.0,0.0005,0.0,0.0,0.0,0.0005,0.0,0.0,0.0,0.002,0.9975,0.04669518407547691,1891,0.0007084020874091072,8.607132230546286e-07,0.00015523275244623398,16,20,False,0.995,0.005,0.66,fixed,100,none,89088af6-702d-46f1-85f7-fa99660871db
1847,266000,49.691811323165894,0.99900075,0.999002,1.0,0.9960719999999998,0.0,0.0,0.0,0.0,0.0,0.0,0.0005,0.0,0.0,0.0,0.0005,0.0,0.0,0.0,0.002,0.9975,0.04669518407547691,1891,0.0007092464925769972,8.610632946439505e-07,0.00015541765925108705,16,20,False,0.995,0.005,0.66,fixed,100,none,89088af6-702d-46f1-85f7-fa99660871db
1848,266300,49.7116003036499,0.99900075,0.999002,1.0,0.9960719999999998,0.0,0.0,0.0,0.0,0.0,0.0,0.0005,0.0,0.0,0.0,0.0005,0.0,0.0,0.0,0.002,0.9975,0.04669518407547691,1891,0.0007094805452520944,8.6494901419378e-07,0.0001554696316683803,16,20,False,0.995,0.005,0.66,fixed,100,none,89088af6-702d-46f1-85f7-fa99660871db
1849,266400,49.731420278549194,0.99900075,0.999002,1.0,0.9960719999999998,0.0,0.0,0.0,0.0,0.0,0.0,0.0005,0.0,0.0,0.0,0.0005,0.0,0.0,0.0,0.002,0.9975,0.04669518407547691,1891,0.0007091884251598418,8.652671340958765e-07,0.00015540574702296758,16,20,False,0.995,0.005,0.66,fixed,100,none,89088af6-702d-46f1-85f7-fa99660871db
1850,266700,49.75125503540039,0.99900075,0.999002,1.0,0.9960719999999998,0.0,0.0,0.0,0.0,0.0,0.0,0.0005,0.0,0.0,0.0,0.0005,0.0,0.0,0.0,0.002,0.9975,0.04669518407547691,1891,0.0007130650491586578,8.703489214231923e-07,0.0001562553055559006,16,20,False,0.995,0.005,0.66,fixed,100,none,89088af6-702d-46f1-85f7-fa99660871db
1851,266800,49.771331548690796,0.99900075,0.999002,1.0,0.9960719999999998,0.0,0.0,0.0,0.0,0.0,0.0,0.0005,0.0,0.0,0.0,0.0005,0.0,0.0,0.0,0.002,0.9975,0.04669518407547691,1891,0.0007131614956199399,8.716671071384765e-07,0.00015627666814156115,16,20,False,0.995,0.005,0.66,fixed,100,none,89088af6-702d-46f1-85f7-fa99660871db
1852,267000,49.7914879322052,0.99900075,0.999002,1.0,0.9960719999999998,0.0,0.0,0.0,0.0,0.0,0.0,0.0005,0.0,0.0,0.0,0.0005,0.0,0.0,0.0,0.002,0.9975,0.04669518407547691,1891,0.0007108987235153078,8.694428217837426e-07,0.0001557809247136398,16,20,False,0.995,0.005,0.66,fixed,100,none,89088af6-702d-46f1-85f7-fa99660871db
1853,267100,49.81148910522461,0.99900075,0.999002,1.0,0.9960719999999998,0.0,0.0,0.0,0.0,0.0,0.0,0.0005,0.0,0.0,0.0,0.0005,0.0,0.0,0.0,0.002,0.9975,0.04669518407547691,1891,0.0007110484806783609,8.694226410389168e-07,0.0001558137027222906,16,20,False,0.995,0.005,0.66,fixed,100,none,89088af6-702d-46f1-85f7-fa99660871db
1854,267400,49.83124566078186,0.99900075,0.999002,1.0,0.9960719999999998,0.0,0.0,0.0,0.0,0.0,0.0,0.0005,0.0,0.0,0.0,0.0005,0.0,0.0,0.0,0.002,0.9975,0.04669518407547691,1891,0.0007098955630767288,8.691993464540608e-07,0.00015556128663332222,16,20,False,0.995,0.005,0.66,fixed,100,none,89088af6-702d-46f1-85f7-fa99660871db
1855,267500,49.85086011886597,0.99900075,0.999002,1.0,0.9960719999999998,0.0,0.0,0.0,0.0,0.0,0.0,0.0005,0.0,0.0,0.0,0.0005,0.0,0.0,0.0,0.002,0.9975,0.04669518407547691,1891,0.0007119731556324254,8.723800539778759e-07,0.00015601667597819373,16,20,False,0.995,0.005,0.66,fixed,100,none,89088af6-702d-46f1-85f7-fa99660871db
1856,267700,49.870553970336914,0.99900075,0.999002,1.0,0.9960719999999998,0.0,0.0,0.0,0.0,0.0,0.0,0.0005,0.0,0.0,0.0,0.0005,0.0,0.0,0.0,0.002,0.9975,0.04629795038975885,1892,0.0007145551219503146,8.781968106438215e-07,0.0001565829735889462,16,20,False,0.995,0.005,0.66,fixed,100,none,89088af6-702d-46f1-85f7-fa99660871db
1857,267800,49.89033341407776,0.99900075,0.999002,1.0,0.9960719999999998,0.0,0.0,0.0,0.0,0.0,0.0,0.0005,0.0,0.0,0.0,0.0005,0.0,0.0,0.0,0.002,0.9975,0.04629795038975885,1892,0.0007159638642609201,8.815088348914983e-07,0.00015689197656534482,16,20,False,0.995,0.005,0.66,fixed,100,none,89088af6-702d-46f1-85f7-fa99660871db
1858,268000,49.91004705429077,0.99900075,0.999002,1.0,0.9960719999999998,0.0,0.0,0.0,0.0,0.0,0.0,0.0005,0.0,0.0,0.0,0.0005,0.0,0.0,0.0,0.002,0.9975,0.04669518407547691,1891,0.0007153406303791747,8.78990388928681e-07,0.0001567550721638978,16,20,False,0.995,0.005,0.66,fixed,100,none,89088af6-702d-46f1-85f7-fa99660871db
1859,268100,49.9298312664032,0.99900075,0.999002,1.0,0.9960719999999998,0.0,0.0,0.0,0.0,0.0,0.0,0.0005,0.0,0.0,0.0,0.0005,0.0,0.0,0.0,0.002,0.9975,0.04669518407547691,1891,0.000715225396968292,8.792764250917215e-07,0.00015672990191712655,16,20,False,0.995,0.005,0.66,fixed,100,none,89088af6-702d-46f1-85f7-fa99660871db
1860,268200,49.94996094703674,0.99900075,0.999002,1.0,0.9960719999999998,0.0,0.0,0.0,0.0,0.0,0.0,0.0005,0.0,0.0,0.0,0.0005,0.0,0.0,0.0,0.002,0.9975,0.04669518407547691,1891,0.000714721124408213,8.792428373164958e-07,0.00015661951027204796,16,20,False,0.995,0.005,0.66,fixed,100,none,89088af6-702d-46f1-85f7-fa99660871db
1861,268500,49.97026300430298,0.99900075,0.999002,1.0,0.9960719999999998,0.0,0.0,0.0,0.0,0.0,0.0,0.0005,0.0,0.0,0.0,0.0005,0.0,0.0,0.0,0.002,0.9975,0.04669518407547691,1891,0.0007133516445492988,8.799498444528725e-07,0.00015631986546228756,16,20,False,0.995,0.005,0.66,fixed,100,none,89088af6-702d-46f1-85f7-fa99660871db
1862,268600,49.99093699455261,0.99900075,0.999002,1.0,0.9960719999999998,0.0,0.0,0.0,0.0,0.0,0.0,0.0005,0.0,0.0,0.0,0.0005,0.0,0.0,0.0,0.002,0.9975,0.04669518407547691,1891,0.0007135679833145044,8.784563417256113e-07,0.00015636693825247288,16,20,False,0.995,0.005,0.66,fixed,100,none,89088af6-702d-46f1-85f7-fa99660871db
1863,268800,50.01150965690613,0.99900075,0.999002,1.0,0.9960719999999998,0.0,0.0,0.0,0.0,0.0,0.0,0.0005,0.0,0.0,0.0,0.0005,0.0,0.0,0.0,0.002,0.9975,0.04669518407547691,1891,0.0007133590039365576,8.783120709533624e-07,0.0001563211652551936,16,20,False,0.995,0.005,0.66,fixed,100,none,89088af6-702d-46f1-85f7-fa99660871db
1864,268900,50.03210496902466,0.99900075,0.999002,1.0,0.9960719999999998,0.0,0.0,0.0,0.0,0.0,0.0,0.0005,0.0,0.0,0.0,0.0005,0.0,0.0,0.0,0.002,0.9975,0.04669518407547691,1891,0.0007154797893849614,8.821340554356163e-07,0.0001567861313669008,16,20,False,0.995,0.005,0.66,fixed,100,none,89088af6-702d-46f1-85f7-fa99660871db
1865,269200,50.05264639854431,0.99900075,0.999002,1.0,0.9960719999999998,0.0,0.0,0.0,0.0,0.0,0.0,0.0005,0.0,0.0,0.0,0.0005,0.0,0.0,0.0,0.002,0.9975,0.04669518407547691,1891,0.0007132414913150634,8.802083500401944e-07,0.00015629580203537502,16,20,False,0.995,0.005,0.66,fixed,100,none,89088af6-702d-46f1-85f7-fa99660871db
1866,269300,50.073265075683594,0.99900075,0.999002,1.0,0.9960719999999998,0.0,0.0,0.0,0.0,0.0,0.0,0.0005,0.0,0.0,0.0,0.0005,0.0,0.0,0.0,0.002,0.9975,0.04669518407547691,1891,0.0007128257149707163,8.786698443556082e-07,0.00015620449627751736,16,20,False,0.995,0.005,0.66,fixed,100,none,89088af6-702d-46f1-85f7-fa99660871db
1867,269500,50.09393668174744,0.99900075,0.999002,1.0,0.9960719999999998,0.0,0.0,0.0,0.0,0.0,0.0,0.0005,0.0,0.0,0.0,0.0005,0.0,0.0,0.0,0.002,0.9975,0.04669518407547691,1891,0.0007142091320995525,8.7808337141469e-07,0.00015650721485716083,16,20,False,0.995,0.005,0.66,fixed,100,none,89088af6-702d-46f1-85f7-fa99660871db
1868,269600,50.11453032493591,0.99900075,0.999002,1.0,0.9960719999999998,0.0,0.0,0.0,0.0,0.0,0.0,0.0005,0.0,0.0,0.0,0.0005,0.0,0.0,0.0,0.002,0.9975,0.04669518407547691,1891,0.000716104018368543,8.826027767648081e-07,0.00015692286414845937,16,20,False,0.995,0.005,0.66,fixed,100,none,89088af6-702d-46f1-85f7-fa99660871db
1869,269900,50.13896083831787,0.99900075,0.999002,1.0,0.9960719999999998,0.0,0.0,0.0,0.0,0.0,0.0,0.0005,0.0,0.0,0.0,0.0005,0.0,0.0,0.0,0.002,0.9975,0.04669518407547691,1891,0.0007155724760958147,8.787030628328576e-07,0.0001568057685993121,16,20,False,0.995,0.005,0.66,fixed,100,none,89088af6-702d-46f1-85f7-fa99660871db
1870,270000,50.15946960449219,0.99900075,0.999002,1.0,0.9960719999999998,0.0,0.0,0.0,0.0,0.0,0.0,0.0005,0.0,0.0,0.0,0.0005,0.0,0.0,0.0,0.002,0.9975,0.04669518407547691,1891,0.0007169996452612141,8.817032074503786e-07,0.00015711874595709534,16,20,False,0.995,0.005,0.66,fixed,100,none,89088af6-702d-46f1-85f7-fa99660871db
1871,270200,50.17986822128296,0.99900075,0.999002,1.0,0.9960719999999998,0.0,0.0,0.0,0.0,0.0,0.0,0.0005,0.0,0.0,0.0,0.0005,0.0,0.0,0.0,0.002,0.9975,0.04669518407547691,1891,0.0007159941682607192,8.793444749498399e-07,0.0001568981988825119,16,20,False,0.995,0.005,0.66,fixed,100,none,89088af6-702d-46f1-85f7-fa99660871db
1872,270300,50.20028638839722,0.99900075,0.999002,1.0,0.9960719999999998,0.0,0.0,0.0,0.0,0.0,0.0,0.0005,0.0,0.0,0.0,0.0005,0.0,0.0,0.0,0.002,0.9975,0.04669518407547691,1891,0.0007173832777066761,8.825059325170092e-07,0.00015720287561716962,16,20,False,0.995,0.005,0.66,fixed,100,none,89088af6-702d-46f1-85f7-fa99660871db
1873,270400,50.22041296958923,0.99900075,0.999002,1.0,0.9960719999999998,0.0,0.0,0.0,0.0,0.0,0.0,0.0005,0.0,0.0,0.0,0.0005,0.0,0.0,0.0,0.002,0.9975,0.04669518407547691,1891,0.0007168545838936455,8.834387587155412e-07,0.00015708732177847497,16,20,False,0.995,0.005,0.66,fixed,100,none,89088af6-702d-46f1-85f7-fa99660871db
1874,270600,50.24023962020874,0.99900075,0.999002,1.0,0.9960719999999998,0.0,0.0,0.0,0.0,0.0,0.0,0.0005,0.0,0.0,0.0,0.0005,0.0,0.0,0.0,0.002,0.9975,0.04669518407547691,1891,0.0007176286148918676,8.846634966825078e-07,0.0001572569898641995,16,20,False,0.995,0.005,0.66,fixed,100,none,89088af6-702d-46f1-85f7-fa99660871db
1875,270700,50.2600531578064,0.99900075,0.999002,1.0,0.9960719999999998,0.0,0.0,0.0,0.0,0.0,0.0,0.0005,0.0,0.0,0.0,0.0005,0.0,0.0,0.0,0.002,0.9975,0.04669518407547691,1891,0.0007180146146914547,8.851428799178897e-07,0.00015734157630314385,16,20,False,0.995,0.005,0.66,fixed,100,none,89088af6-702d-46f1-85f7-fa99660871db
1876,271000,50.279919147491455,0.99900075,0.999002,1.0,0.9960719999999998,0.0,0.0,0.0,0.0,0.0,0.0,0.0005,0.0,0.0,0.0,0.0005,0.0,0.0,0.0,0.002,0.9975,0.04669518407547691,1891,0.0007200996656469882,8.893522884962069e-07,0.00015779879374494,16,20,False,0.995,0.005,0.66,fixed,100,none,89088af6-702d-46f1-85f7-fa99660871db
1877,271100,50.29970860481262,0.99900075,0.999002,1.0,0.9960719999999998,0.0,0.0,0.0,0.0,0.0,0.0,0.0005,0.0,0.0,0.0,0.0005,0.0,0.0,0.0,0.002,0.9975,0.04669518407547691,1891,0.0007213716767680122,8.919523963192621e-07,0.00015807773099981855,16,20,False,0.995,0.005,0.66,fixed,100,none,89088af6-702d-46f1-85f7-fa99660871db
1878,271400,50.31950116157532,0.99900075,0.999002,1.0,0.9960719999999998,0.0,0.0,0.0,0.0,0.0,0.0,0.0005,0.0,0.0,0.0,0.0005,0.0,0.0,0.0,0.002,0.9975,0.04669518407547691,1891,0.0007224340147141638,8.927137003534921e-07,0.00015831042142399763,16,20,False,0.995,0.005,0.66,fixed,100,none,89088af6-702d-46f1-85f7-fa99660871db
1879,271500,50.339335918426514,0.99900075,0.999002,1.0,0.9960719999999998,0.0,0.0,0.0,0.0,0.0,0.0,0.0005,0.0,0.0,0.0,0.0005,0.0,0.0,0.0,0.002,0.9975,0.04669518407547691,1891,0.0007236731025805881,8.927728905004259e-07,0.00015858166900408583,16,20,False,0.995,0.005,0.66,fixed,100,none,89088af6-702d-46f1-85f7-fa99660871db
1880,271700,50.359029054641724,0.99900075,0.999002,1.0,0.9960719999999998,0.0,0.0,0.0,0.0,0.0,0.0,0.0005,0.0,0.0,0.0,0.0005,0.0,0.0,0.0,0.002,0.9975,0.04669518407547691,1891,0.000723726939751535,8.964331632511069e-07,0.00015859414941262872,16,20,False,0.995,0.005,0.66,fixed,100,none,89088af6-702d-46f1-85f7-fa99660871db
1881,271800,50.378748178482056,0.99900075,0.999002,1.0,0.9960719999999998,0.0,0.0,0.0,0.0,0.0,0.0,0.0005,0.0,0.0,0.0,0.0005,0.0,0.0,0.0,0.002,0.9975,0.04669518407547691,1891,0.000724182734160835,8.959108127147211e-07,0.00015869382356222258,16,20,False,0.995,0.005,0.66,fixed,100,none,89088af6-702d-46f1-85f7-fa99660871db
1882,272100,50.398590326309204,0.99900075,0.999002,1.0,0.9960719999999998,0.0,0.0,0.0,0.0,0.0,0.0,0.0005,0.0,0.0,0.0,0.0005,0.0,0.0,0.0,0.002,0.9975,0.04669518407547691,1891,0.0007229514328541929,8.97873419099611e-07,0.00015842466460141175,16,20,False,0.995,0.005,0.66,fixed,100,none,89088af6-702d-46f1-85f7-fa99660871db
1883,272200,50.418726205825806,0.99900075,0.999002,1.0,0.9960719999999998,0.0,0.0,0.0,0.0,0.0,0.0,0.0005,0.0,0.0,0.0,0.0005,0.0,0.0,0.0,0.002,0.9975,0.04669518407547691,1891,0.0007232875649111638,8.996676892315601e-07,0.00015849858482000777,16,20,False,0.995,0.005,0.66,fixed,100,none,89088af6-702d-46f1-85f7-fa99660871db
1884,272400,50.43874907493591,0.99900075,0.999002,1.0,0.9960719999999998,0.0,0.0,0.0,0.0,0.0,0.0,0.0005,0.0,0.0,0.0,0.0005,0.0,0.0,0.0,0.002,0.9975,0.04669518407547691,1891,0.0007243970989894814,9.006632610247913e-07,0.00015874165098839218,16,20,False,0.995,0.005,0.66,fixed,100,none,89088af6-702d-46f1-85f7-fa99660871db
1885,272500,50.4588348865509,0.99900075,0.999002,1.0,0.9960719999999998,0.0,0.0,0.0,0.0,0.0,0.0,0.0005,0.0,0.0,0.0,0.0005,0.0,0.0,0.0,0.002,0.9975,0.04669518407547691,1891,0.0007252102677514798,9.029807749364326e-07,0.00015892009395803686,16,20,False,0.995,0.005,0.66,fixed,100,none,89088af6-702d-46f1-85f7-fa99660871db
1886,272800,50.47898292541504,0.99900075,0.999002,1.0,0.9960719999999998,0.0,0.0,0.0,0.0,0.0,0.0,0.0005,0.0,0.0,0.0,0.0005,0.0,0.0,0.0,0.002,0.9975,0.04629795038975885,1892,0.0007252330698787914,9.06381489279448e-07,0.00015892573147943055,16,20,False,0.995,0.005,0.66,fixed,100,none,89088af6-702d-46f1-85f7-fa99660871db
1887,272900,50.49890661239624,0.99900075,0.999002,1.0,0.9960719999999998,0.0,0.0,0.0,0.0,0.0,0.0,0.0005,0.0,0.0,0.0,0.0005,0.0,0.0,0.0,0.002,0.9975,0.04629795038975885,1892,0.0007243507459046323,9.04208697315966e-07,0.00015873217793101408,16,20,False,0.995,0.005,0.66,fixed,100,none,89088af6-702d-46f1-85f7-fa99660871db
1888,273200,50.518669843673706,0.99900075,0.999002,1.0,0.9960719999999998,0.0,0.0,0.0,0.0,0.0,0.0,0.0005,0.0,0.0,0.0,0.0005,0.0,0.0,0.0,0.002,0.9975,0.04669518407547691,1891,0.0007257935443804715,9.081349354648269e-07,0.00015904875250262354,16,20,False,0.995,0.005,0.66,fixed,100,none,89088af6-702d-46f1-85f7-fa99660871db
1889,273300,50.538323640823364,0.99900075,0.999002,1.0,0.9960719999999998,0.0,0.0,0.0,0.0,0.0,0.0,0.0005,0.0,0.0,0.0,0.0005,0.0,0.0,0.0,0.002,0.9975,0.04669518407547691,1891,0.0007248114882110323,9.075482480594421e-07,0.00015883366893652625,16,20,False,0.995,0.005,0.66,fixed,100,none,89088af6-702d-46f1-85f7-fa99660871db
1890,273500,50.55810356140137,0.99900075,0.999002,1.0,0.9960719999999998,0.0,0.0,0.0,0.0,0.0,0.0,0.0005,0.0,0.0,0.0,0.0005,0.0,0.0,0.0,0.002,0.9975,0.04669518407547691,1891,0.000724738710568327,9.102829403364078e-07,0.00015881825750207072,16,20,False,0.995,0.005,0.66,fixed,100,none,89088af6-702d-46f1-85f7-fa99660871db
1891,273600,50.577712535858154,0.99900075,0.999002,1.0,0.9960719999999998,0.0,0.0,0.0,0.0,0.0,0.0,0.0005,0.0,0.0,0.0,0.0005,0.0,0.0,0.0,0.002,0.9975,0.04669518407547691,1891,0.000724738710568327,9.102829403364078e-07,0.00015881825750207072,16,20,False,0.995,0.005,0.66,fixed,100,none,89088af6-702d-46f1-85f7-fa99660871db
1892,273900,50.597492933273315,0.99900075,0.999002,1.0,0.9960719999999998,0.0,0.0,0.0,0.0,0.0,0.0,0.0005,0.0,0.0,0.0,0.0005,0.0,0.0,0.0,0.002,0.9975,0.04669518407547691,1891,0.0007250503117398436,9.083378152789473e-07,0.00015888609742475477,16,20,False,0.995,0.005,0.66,fixed,100,none,89088af6-702d-46f1-85f7-fa99660871db
1893,274000,50.61716341972351,0.99900075,0.999002,1.0,0.9960719999999998,0.0,0.0,0.0,0.0,0.0,0.0,0.0005,0.0,0.0,0.0,0.0005,0.0,0.0,0.0,0.002,0.9975,0.04669518407547691,1891,0.0007234263583452788,9.064353756262608e-07,0.00015853025256315053,16,20,False,0.995,0.005,0.66,fixed,100,none,89088af6-702d-46f1-85f7-fa99660871db
1894,274200,50.63671660423279,0.99900075,0.999002,1.0,0.9960719999999998,0.0,0.0,0.0,0.0,0.0,0.0,0.0005,0.0,0.0,0.0,0.0005,0.0,0.0,0.0,0.002,0.9975,0.04669518407547691,1891,0.0007251944021370204,9.083468280878004e-07,0.00015891764052513045,16,20,False,0.995,0.005,0.66,fixed,100,none,89088af6-702d-46f1-85f7-fa99660871db
1895,274300,50.6562864780426,0.99900075,0.999002,1.0,0.9960719999999998,0.0,0.0,0.0,0.0,0.0,0.0,0.0005,0.0,0.0,0.0,0.0005,0.0,0.0,0.0,0.002,0.9975,0.04669518407547691,1891,0.0007247912020760354,9.079729210165835e-07,0.00015882930898943731,16,20,False,0.995,0.005,0.66,fixed,100,none,89088af6-702d-46f1-85f7-fa99660871db
1896,274600,50.675787925720215,0.99900075,0.999002,1.0,0.9960719999999998,0.0,0.0,0.0,0.0,0.0,0.0,0.0005,0.0,0.0,0.0,0.0005,0.0,0.0,0.0,0.002,0.9975,0.04669518407547691,1891,0.0007234751745952065,9.072191247493838e-07,0.0001585410873525931,16,20,False,0.995,0.005,0.66,fixed,100,none,89088af6-702d-46f1-85f7-fa99660871db
1897,274700,50.69530439376831,0.99900075,0.999002,1.0,0.9960719999999998,0.0,0.0,0.0,0.0,0.0,0.0,0.0005,0.0,0.0,0.0,0.0005,0.0,0.0,0.0,0.002,0.9975,0.04669518407547691,1891,0.0007235503835779638,9.085985704299335e-07,0.00015855781269359797,16,20,False,0.995,0.005,0.66,fixed,100,none,89088af6-702d-46f1-85f7-fa99660871db
1898,274800,50.714725971221924,0.99900075,0.999002,1.0,0.9960719999999998,0.0,0.0,0.0,0.0,0.0,0.0,0.0005,0.0,0.0,0.0,0.0005,0.0,0.0,0.0,0.002,0.9975,0.04669518407547691,1891,0.0007240452530390798,9.113311160879169e-07,0.00015866665880231128,16,20,False,0.995,0.005,0.66,fixed,100,none,89088af6-702d-46f1-85f7-fa99660871db
1899,275000,50.73404049873352,0.99900075,0.999002,1.0,0.9960719999999998,0.0,0.0,0.0,0.0,0.0,0.0,0.0005,0.0,0.0,0.0,0.0005,0.0,0.0,0.0,0.002,0.9975,0.04669518407547691,1891,0.0007255346692646872,9.147943912255387e-07,0.0001589933500363729,16,20,False,0.995,0.005,0.66,fixed,100,none,89088af6-702d-46f1-85f7-fa99660871db
1900,275100,50.7534441947937,0.99900075,0.999002,1.0,0.9960719999999998,0.0,0.0,0.0,0.0,0.0,0.0,0.0005,0.0,0.0,0.0,0.0005,0.0,0.0,0.0,0.002,0.9975,0.04669518407547691,1891,0.0007253027429601909,9.141157550136092e-07,0.0001589424524274384,16,20,False,0.995,0.005,0.66,fixed,100,none,89088af6-702d-46f1-85f7-fa99660871db
1901,275300,50.772789478302,0.99900075,0.999002,1.0,0.9960719999999998,0.0,0.0,0.0,0.0,0.0,0.0,0.0005,0.0,0.0,0.0,0.0005,0.0,0.0,0.0,0.002,0.9975,0.04669518407547691,1891,0.0007248273588144193,9.121978025434996e-07,0.00015883802642695967,16,20,False,0.995,0.005,0.66,fixed,100,none,89088af6-702d-46f1-85f7-fa99660871db
1902,275400,50.79216003417969,0.99900075,0.999002,1.0,0.9960719999999998,0.0,0.0,0.0,0.0,0.0,0.0,0.0005,0.0,0.0,0.0,0.0005,0.0,0.0,0.0,0.002,0.9975,0.04669518407547691,1891,0.0007259217292046319,9.141023095606044e-07,0.00015907794596171045,16,20,False,0.995,0.005,0.66,fixed,100,none,89088af6-702d-46f1-85f7-fa99660871db
1903,275700,50.81194829940796,0.99900075,0.999002,1.0,0.9960719999999998,0.0,0.0,0.0,0.0,0.0,0.0,0.0005,0.0,0.0,0.0,0.0005,0.0,0.0,0.0,0.002,0.9975,0.04669518407547691,1891,0.0007248073945895421,9.165132854437049e-07,0.00015883447619988506,16,20,False,0.995,0.005,0.66,fixed,100,none,89088af6-702d-46f1-85f7-fa99660871db
1904,275800,50.83151841163635,0.99900075,0.999002,1.0,0.9960719999999998,0.0,0.0,0.0,0.0,0.0,0.0,0.0005,0.0,0.0,0.0,0.0005,0.0,0.0,0.0,0.002,0.9975,0.04669518407547691,1891,0.0007274142944500284,9.210380053360999e-07,0.00015940598627612508,16,20,False,0.995,0.005,0.66,fixed,100,none,89088af6-702d-46f1-85f7-fa99660871db
1905,276000,50.85128831863403,0.99900075,0.999002,1.0,0.9960719999999998,0.0,0.0,0.0,0.0,0.0,0.0,0.0005,0.0,0.0,0.0,0.0005,0.0,0.0,0.0,0.002,0.9975,0.04669518407547691,1891,0.0007273515275398597,9.209366074759093e-07,0.00015939222733389572,16,20,False,0.995,0.005,0.66,fixed,100,none,89088af6-702d-46f1-85f7-fa99660871db
1906,276100,50.870851039886475,0.99900075,0.999002,1.0,0.9960719999999998,0.0,0.0,0.0,0.0,0.0,0.0,0.0005,0.0,0.0,0.0,0.0005,0.0,0.0,0.0,0.002,0.9975,0.04669518407547691,1891,0.0007277828926242874,9.221269800809309e-07,0.0001594868793216719,16,20,False,0.995,0.005,0.66,fixed,100,none,89088af6-702d-46f1-85f7-fa99660871db
1907,276400,50.89025402069092,0.99900075,0.999002,1.0,0.9960719999999998,0.0,0.0,0.0,0.0,0.0,0.0,0.0005,0.0,0.0,0.0,0.0005,0.0,0.0,0.0,0.002,0.9975,0.04669518407547691,1891,0.0007285426272156162,9.263628905331753e-07,0.0001596539900466997,16,20,False,0.995,0.005,0.66,fixed,100,none,89088af6-702d-46f1-85f7-fa99660871db
1908,276500,50.90985035896301,0.99900075,0.999002,1.0,0.9960719999999998,0.0,0.0,0.0,0.0,0.0,0.0,0.0005,0.0,0.0,0.0,0.0005,0.0,0.0,0.0,0.002,0.9975,0.04669518407547691,1891,0.0007302335731961779,9.285441349482148e-07,0.0001600245525582835,16,20,False,0.995,0.005,0.66,fixed,100,none,89088af6-702d-46f1-85f7-fa99660871db
1909,276800,50.929500102996826,0.99900075,0.999002,1.0,0.9960719999999998,0.0,0.0,0.0,0.0,0.0,0.0,0.0005,0.0,0.0,0.0,0.0005,0.0,0.0,0.0,0.002,0.9975,0.04669518407547691,1891,0.0007319549347259591,9.342313729695014e-07,0.0001604024391723767,16,20,False,0.995,0.005,0.66,fixed,100,none,89088af6-702d-46f1-85f7-fa99660871db
1910,276900,50.94919991493225,0.99900075,0.999002,1.0,0.9960719999999998,0.0,0.0,0.0,0.0,0.0,0.0,0.0005,0.0,0.0,0.0,0.0005,0.0,0.0,0.0,0.002,0.9975,0.04669518407547691,1891,0.0007318285391711977,9.341906835817969e-07,0.00016037476345445573,16,20,False,0.995,0.005,0.66,fixed,100,none,89088af6-702d-46f1-85f7-fa99660871db
1911,277000,50.969279050827026,0.99900075,0.999002,1.0,0.9960719999999998,0.0,0.0,0.0,0.0,0.0,0.0,0.0005,0.0,0.0,0.0,0.0005,0.0,0.0,0.0,0.002,0.9975,0.04669518407547691,1891,0.0007305600029674177,9.313529311399049e-07,0.0001600965417064843,16,20,False,0.995,0.005,0.66,fixed,100,none,89088af6-702d-46f1-85f7-fa99660871db
1912,277100,50.98923397064209,0.99900075,0.999002,1.0,0.9960719999999998,0.0,0.0,0.0,0.0,0.0,0.0,0.0005,0.0,0.0,0.0,0.0005,0.0,0.0,0.0,0.002,0.9975,0.04669518407547691,1891,0.0007306017617620407,9.341373798763279e-07,0.0001601062117518872,16,20,False,0.995,0.005,0.66,fixed,100,none,89088af6-702d-46f1-85f7-fa99660871db
1913,277200,51.00923824310303,0.99900075,0.999002,1.0,0.9960719999999998,0.0,0.0,0.0,0.0,0.0,0.0,0.0005,0.0,0.0,0.0,0.0005,0.0,0.0,0.0,0.002,0.9975,0.04669518407547691,1891,0.0007313034208301869,9.361920605496437e-07,0.00016026019531123234,16,20,False,0.995,0.005,0.66,fixed,100,none,89088af6-702d-46f1-85f7-fa99660871db
1914,277500,51.02916121482849,0.99900075,0.999002,1.0,0.9960719999999998,0.0,0.0,0.0,0.0,0.0,0.0,0.0005,0.0,0.0,0.0,0.0005,0.0,0.0,0.0,0.002,0.9975,0.04669518407547691,1891,0.00073387966194065,9.414805586741104e-07,0.00016082513930495637,16,20,False,0.995,0.005,0.66,fixed,100,none,89088af6-702d-46f1-85f7-fa99660871db
1915,277600,51.04922914505005,0.99900075,0.999002,1.0,0.9960719999999998,0.0,0.0,0.0,0.0,0.0,0.0,0.0005,0.0,0.0,0.0,0.0005,0.0,0.0,0.0,0.002,0.9975,0.04669518407547691,1891,0.0007371968874825469,9.454858869640335e-07,0.0001615520409884527,16,20,False,0.995,0.005,0.66,fixed,100,none,89088af6-702d-46f1-85f7-fa99660871db
1916,277800,51.06887173652649,0.99900075,0.999002,1.0,0.9960719999999998,0.0,0.0,0.0,0.0,0.0,0.0,0.0005,0.0,0.0,0.0,0.0005,0.0,0.0,0.0,0.002,0.9975,0.04669518407547691,1891,0.0007364986524472442,9.454066268001877e-07,0.00016139918227979378,16,20,False,0.995,0.005,0.66,fixed,100,none,89088af6-702d-46f1-85f7-fa99660871db
1917,277900,51.088364362716675,0.99900075,0.999002,1.0,0.9960719999999998,0.0,0.0,0.0,0.0,0.0,0.0,0.0005,0.0,0.0,0.0,0.0005,0.0,0.0,0.0,0.002,0.9975,0.04669518407547691,1891,0.0007368277861635375,9.467511632387151e-07,0.00016147148511221375,16,20,False,0.995,0.005,0.66,fixed,100,none,89088af6-702d-46f1-85f7-fa99660871db
1918,278200,51.1076819896698,0.99900075,0.999002,1.0,0.9960719999999998,0.0,0.0,0.0,0.0,0.0,0.0,0.0005,0.0,0.0,0.0,0.0005,0.0,0.0,0.0,0.002,0.9975,0.04669518407547691,1891,0.0007379489336143953,9.499014917083783e-07,0.00016171750285161573,16,20,False,0.995,0.005,0.66,fixed,100,none,89088af6-702d-46f1-85f7-fa99660871db
1919,278300,51.126909017562866,0.99900075,0.999002,1.0,0.9960719999999998,0.0,0.0,0.0,0.0,0.0,0.0,0.0005,0.0,0.0,0.0,0.0005,0.0,0.0,0.0,0.002,0.9975,0.04669518407547691,1891,0.0007384403967186682,9.508019701915457e-07,0.00016182525521605287,16,20,False,0.995,0.005,0.66,fixed,100,none,89088af6-702d-46f1-85f7-fa99660871db
1920,278600,51.146143674850464,0.99900075,0.999002,1.0,0.9960719999999998,0.0,0.0,0.0,0.0,0.0,0.0,0.0005,0.0,0.0,0.0,0.0005,0.0,0.0,0.0,0.002,0.9975,0.047091412742382266,1890,0.0007396103128036913,9.527243974477109e-07,0.0001620817151082431,16,20,False,0.995,0.005,0.66,fixed,100,none,89088af6-702d-46f1-85f7-fa99660871db
1921,278700,51.16532588005066,0.99900075,0.999002,1.0,0.9960719999999998,0.0,0.0,0.0,0.0,0.0,0.0,0.0005,0.0,0.0,0.0,0.0005,0.0,0.0,0.0,0.002,0.9975,0.047091412742382266,1890,0.0007394367001416088,9.530022523725298e-07,0.00016204376408894894,16,20,False,0.995,0.005,0.66,fixed,100,none,89088af6-702d-46f1-85f7-fa99660871db
1922,278900,51.18459677696228,0.99900075,0.999002,1.0,0.9960719999999998,0.0,0.0,0.0,0.0,0.0,0.0,0.0005,0.0,0.0,0.0,0.0005,0.0,0.0,0.0,0.002,0.9975,0.047091412742382266,1890,0.0007389820332306361,9.527687712929593e-07,0.00016194419314073192,16,20,False,0.995,0.005,0.66,fixed,100,none,89088af6-702d-46f1-85f7-fa99660871db
1923,279000,51.203853130340576,0.99900075,0.999002,1.0,0.9960719999999998,0.0,0.0,0.0,0.0,0.0,0.0,0.0005,0.0,0.0,0.0,0.0005,0.0,0.0,0.0,0.002,0.9975,0.047091412742382266,1890,0.0007385706812837178,9.531995651015155e-07,0.00016185423005037514,16,20,False,0.995,0.005,0.66,fixed,100,none,89088af6-702d-46f1-85f7-fa99660871db
1924,279200,51.2231330871582,0.99900075,0.999002,1.0,0.9960719999999998,0.0,0.0,0.0,0.0,0.0,0.0,0.0005,0.0,0.0,0.0,0.0005,0.0,0.0,0.0,0.002,0.9975,0.047091412742382266,1890,0.000740237925327429,9.556460830734075e-07,0.00016221965460995816,16,20,False,0.995,0.005,0.66,fixed,100,none,89088af6-702d-46f1-85f7-fa99660871db
1925,279300,51.24238634109497,0.99900075,0.999002,1.0,0.9960719999999998,0.0,0.0,0.0,0.0,0.0,0.0,0.0005,0.0,0.0,0.0,0.0005,0.0,0.0,0.0,0.002,0.9975,0.047091412742382266,1890,0.0007378085549168734,9.518775154671721e-07,0.00016168714939924237,16,20,False,0.995,0.005,0.66,fixed,100,none,89088af6-702d-46f1-85f7-fa99660871db
1926,279400,51.26163411140442,0.99900075,0.999002,1.0,0.9960719999999998,0.0,0.0,0.0,0.0,0.0,0.0,0.0005,0.0,0.0,0.0,0.0005,0.0,0.0,0.0,0.002,0.9975,0.047091412742382266,1890,0.0007373092484252697,9.515925225843712e-07,0.00016157779705958258,16,20,False,0.995,0.005,0.66,fixed,100,none,89088af6-702d-46f1-85f7-fa99660871db
1927,279600,51.28089761734009,0.99900075,0.999002,1.0,0.9960719999999998,0.0,0.0,0.0,0.0,0.0,0.0,0.0005,0.0,0.0,0.0,0.0005,0.0,0.0,0.0,0.002,0.9975,0.047091412742382266,1890,0.0007368494482543356,9.515307034950087e-07,0.00016147713505653812,16,20,False,0.995,0.005,0.66,fixed,100,none,89088af6-702d-46f1-85f7-fa99660871db
1928,279700,51.300132751464844,0.99900075,0.999002,1.0,0.9960719999999998,0.0,0.0,0.0,0.0,0.0,0.0,0.0005,0.0,0.0,0.0,0.0005,0.0,0.0,0.0,0.002,0.9975,0.047091412742382266,1890,0.000738002768676159,9.536436365158345e-07,0.00016172999835414924,16,20,False,0.995,0.005,0.66,fixed,100,none,89088af6-702d-46f1-85f7-fa99660871db
1929,280000,51.319329261779785,0.99900075,0.999002,1.0,0.9960719999999998,0.0,0.0,0.0,0.0,0.0,0.0,0.0005,0.0,0.0,0.0,0.0005,0.0,0.0,0.0,0.002,0.9975,0.047091412742382266,1890,0.000736926189210645,9.531738597499005e-07,0.00016149424585156267,16,20,False,0.995,0.005,0.66,fixed,100,none,89088af6-702d-46f1-85f7-fa99660871db
1930,280100,51.33801245689392,0.99900075,0.999002,1.0,0.9960719999999998,0.0,0.0,0.0,0.0,0.0,0.0,0.0005,0.0,0.0,0.0,0.0005,0.0,0.0,0.0,0.002,0.9975,0.047091412742382266,1890,0.0007369922122274608,9.545415227320556e-07,0.00016150895814591028,16,20,False,0.995,0.005,0.66,fixed,100,none,89088af6-702d-46f1-85f7-fa99660871db
1931,280400,51.35726881027222,0.99900075,0.999002,1.0,0.9960719999999998,0.0,0.0,0.0,0.0,0.0,0.0,0.0005,0.0,0.0,0.0,0.0005,0.0,0.0,0.0,0.002,0.9975,0.047091412742382266,1890,0.0007391202206303863,9.588144149529945e-07,0.00016197559103483261,16,20,False,0.995,0.005,0.66,fixed,100,none,89088af6-702d-46f1-85f7-fa99660871db
1932,280500,51.37649631500244,0.99900075,0.999002,1.0,0.9960719999999998,0.0,0.0,0.0,0.0,0.0,0.0,0.0005,0.0,0.0,0.0,0.0005,0.0,0.0,0.0,0.002,0.9975,0.047091412742382266,1890,0.0007411552062499678,9.613992480567947e-07,0.00016242154050524876,16,20,False,0.995,0.005,0.66,fixed,100,none,89088af6-702d-46f1-85f7-fa99660871db
1933,280700,51.39569354057312,0.99900075,0.999002,1.0,0.9960719999999998,0.0,0.0,0.0,0.0,0.0,0.0,0.0005,0.0,0.0,0.0,0.0005,0.0,0.0,0.0,0.002,0.9975,0.047091412742382266,1890,0.0007411539598308563,9.6145426351454e-07,0.00016242127811704222,16,20,False,0.995,0.005,0.66,fixed,100,none,89088af6-702d-46f1-85f7-fa99660871db
1934,280800,51.4149386882782,0.99900075,0.999002,1.0,0.9960719999999998,0.0,0.0,0.0,0.0,0.0,0.0,0.0005,0.0,0.0,0.0,0.0005,0.0,0.0,0.0,0.002,0.9975,0.047091412742382266,1890,0.0007414229036033019,9.632886189742096e-07,0.0001624804984363679,16,20,False,0.995,0.005,0.66,fixed,100,none,89088af6-702d-46f1-85f7-fa99660871db
1935,281100,51.434266090393066,0.99900075,0.999002,1.0,0.9960719999999998,0.0,0.0,0.0,0.0,0.0,0.0,0.0005,0.0,0.0,0.0,0.0005,0.0,0.0,0.0,0.002,0.9975,0.047091412742382266,1890,0.0007410761096669628,9.637826425229921e-07,0.00016240467910817754,16,20,False,0.995,0.005,0.66,fixed,100,none,89088af6-702d-46f1-85f7-fa99660871db
1936,281200,51.45348787307739,0.99900075,0.999002,1.0,0.9960719999999998,0.0,0.0,0.0,0.0,0.0,0.0,0.0005,0.0,0.0,0.0,0.0005,0.0,0.0,0.0,0.002,0.9975,0.047091412742382266,1890,0.000740655599077695,9.633652339717477e-07,0.00016231255003256207,16,20,False,0.995,0.005,0.66,fixed,100,none,89088af6-702d-46f1-85f7-fa99660871db
1937,281400,51.47274160385132,0.99900075,0.999002,1.0,0.9960719999999998,0.0,0.0,0.0,0.0,0.0,0.0,0.0005,0.0,0.0,0.0,0.0005,0.0,0.0,0.0,0.002,0.9975,0.047091412742382266,1890,0.0007414807911930468,9.653170652453125e-07,0.00016249355543455457,16,20,False,0.995,0.005,0.66,fixed,100,none,89088af6-702d-46f1-85f7-fa99660871db
1938,281500,51.49219870567322,0.99900075,0.999002,1.0,0.9960719999999998,0.0,0.0,0.0,0.0,0.0,0.0,0.0005,0.0,0.0,0.0,0.0005,0.0,0.0,0.0,0.002,0.9975,0.047091412742382266,1890,0.0007421655178314291,9.663766537011653e-07,0.00016264364341750308,16,20,False,0.995,0.005,0.66,fixed,100,none,89088af6-702d-46f1-85f7-fa99660871db
1939,281600,51.51145005226135,0.99900075,0.999002,1.0,0.9960719999999998,0.0,0.0,0.0,0.0,0.0,0.0,0.0005,0.0,0.0,0.0,0.0005,0.0,0.0,0.0,0.002,0.9975,0.047091412742382266,1890,0.0007421655178314291,9.663766537011653e-07,0.00016264364341750308,16,20,False,0.995,0.005,0.66,fixed,100,none,89088af6-702d-46f1-85f7-fa99660871db
1940,281800,51.530696630477905,0.99900075,0.999002,1.0,0.9960719999999998,0.0,0.0,0.0,0.0,0.0,0.0,0.0005,0.0,0.0,0.0,0.0005,0.0,0.0,0.0,0.002,0.9975,0.047091412742382266,1890,0.000742848106881828,9.693513120926559e-07,0.00016279362734572975,16,20,False,0.995,0.005,0.66,fixed,100,none,89088af6-702d-46f1-85f7-fa99660871db
1941,281900,51.54992604255676,0.99900075,0.999002,1.0,0.9960719999999998,0.0,0.0,0.0,0.0,0.0,0.0,0.0005,0.0,0.0,0.0,0.0005,0.0,0.0,0.0,0.002,0.9975,0.047091412742382266,1890,0.0007431847519041976,9.682751745181026e-07,0.00016286711447498732,16,20,False,0.995,0.005,0.66,fixed,100,none,89088af6-702d-46f1-85f7-fa99660871db
1942,282200,51.56913948059082,0.99900075,0.999002,1.0,0.9960719999999998,0.0,0.0,0.0,0.0,0.0,0.0,0.0005,0.0,0.0,0.0,0.0005,0.0,0.0,0.0,0.002,0.9975,0.047091412742382266,1890,0.0007444424071433354,9.706697731094602e-07,0.00016314287018056694,16,20,False,0.995,0.005,0.66,fixed,100,none,89088af6-702d-46f1-85f7-fa99660871db
1943,282300,51.588380336761475,0.99900075,0.999002,1.0,0.9960719999999998,0.0,0.0,0.0,0.0,0.0,0.0,0.0005,0.0,0.0,0.0,0.0005,0.0,0.0,0.0,0.002,0.9975,0.047091412742382266,1890,0.0007445805206418398,9.696565339543257e-07,0.00016317291070995005,16,20,False,0.995,0.005,0.66,fixed,100,none,89088af6-702d-46f1-85f7-fa99660871db
1944,282500,51.607593059539795,0.99900075,0.999002,1.0,0.9960719999999998,0.0,0.0,0.0,0.0,0.0,0.0,0.0005,0.0,0.0,0.0,0.0005,0.0,0.0,0.0,0.002,0.9975,0.047091412742382266,1890,0.0007441475452210114,9.703510641289186e-07,0.0001630782643510639,16,20,False,0.995,0.005,0.66,fixed,100,none,89088af6-702d-46f1-85f7-fa99660871db
1945,282600,51.6268036365509,0.99900075,0.999002,1.0,0.9960719999999998,0.0,0.0,0.0,0.0,0.0,0.0,0.0005,0.0,0.0,0.0,0.0005,0.0,0.0,0.0,0.002,0.9975,0.047091412742382266,1890,0.0007433259855127886,9.689033129149918e-07,0.0001628981498582033,16,20,False,0.995,0.005,0.66,fixed,100,none,89088af6-702d-46f1-85f7-fa99660871db
1946,282900,51.64604902267456,0.99900075,0.999002,1.0,0.9960719999999998,0.0,0.0,0.0,0.0,0.0,0.0,0.0005,0.0,0.0,0.0,0.0005,0.0,0.0,0.0,0.002,0.9975,0.047091412742382266,1890,0.0007460747452900943,9.781313498229928e-07,0.00016350160670046803,16,20,False,0.995,0.005,0.66,fixed,100,none,89088af6-702d-46f1-85f7-fa99660871db
1947,283000,51.6653254032135,0.99900075,0.999002,1.0,0.9960719999999998,0.0,0.0,0.0,0.0,0.0,0.0,0.0005,0.0,0.0,0.0,0.0005,0.0,0.0,0.0,0.002,0.9975,0.047091412742382266,1890,0.0007455404925132314,9.782793356032883e-07,0.000163384686884911,16,20,False,0.995,0.005,0.66,fixed,100,none,89088af6-702d-46f1-85f7-fa99660871db
1948,283200,51.68457746505737,0.99900075,0.999002,1.0,0.9960719999999998,0.0,0.0,0.0,0.0,0.0,0.0,0.0005,0.0,0.0,0.0,0.0005,0.0,0.0,0.0,0.002,0.9975,0.047091412742382266,1890,0.00074554657974851,9.790713732392731e-07,0.0001633861698678643,16,20,False,0.995,0.005,0.66,fixed,100,none,89088af6-702d-46f1-85f7-fa99660871db
1949,283300,51.70381164550781,0.99900075,0.999002,1.0,0.9960719999999998,0.0,0.0,0.0,0.0,0.0,0.0,0.0005,0.0,0.0,0.0,0.0005,0.0,0.0,0.0,0.002,0.9975,0.04669518407547691,1891,0.0007448186444935359,9.80198436290376e-07,0.0001632270389825302,16,20,False,0.995,0.005,0.66,fixed,100,none,89088af6-702d-46f1-85f7-fa99660871db
1950,283600,51.72300934791565,0.99900075,0.999002,1.0,0.9960719999999998,0.0,0.0,0.0,0.0,0.0,0.0,0.0005,0.0,0.0,0.0,0.0005,0.0,0.0,0.0,0.002,0.9975,0.045899711685228106,1893,0.0007443566989995029,9.797699304585513e-07,0.0001631258376977783,16,20,False,0.995,0.005,0.66,fixed,100,none,89088af6-702d-46f1-85f7-fa99660871db
1951,283700,51.74223184585571,0.99900075,0.999002,1.0,0.9960719999999998,0.0,0.0,0.0,0.0,0.0,0.0,0.0005,0.0,0.0,0.0,0.0005,0.0,0.0,0.0,0.002,0.9975,0.045899711685228106,1893,0.0007441899379362041,9.797828131351485e-07,0.00016308933614873075,16,20,False,0.995,0.005,0.66,fixed,100,none,89088af6-702d-46f1-85f7-fa99660871db
1952,283800,51.761446475982666,0.99900075,0.999002,1.0,0.9960719999999998,0.0,0.0,0.0,0.0,0.0,0.0,0.0005,0.0,0.0,0.0,0.0005,0.0,0.0,0.0,0.002,0.9975,0.045899711685228106,1893,0.0007456755443645123,9.828101590612636e-07,0.0001634151105916134,16,20,False,0.995,0.005,0.66,fixed,100,none,89088af6-702d-46f1-85f7-fa99660871db
1953,283900,51.78063893318176,0.99900075,0.999002,1.0,0.9960719999999998,0.0,0.0,0.0,0.0,0.0,0.0,0.0005,0.0,0.0,0.0,0.0005,0.0,0.0,0.0,0.002,0.9975,0.045899711685228106,1893,0.0007441562793650816,9.798655072799912e-07,0.00016308198399939957,16,20,False,0.995,0.005,0.66,fixed,100,none,89088af6-702d-46f1-85f7-fa99660871db
1954,284000,51.79987287521362,0.99900075,0.999002,1.0,0.9960719999999998,0.0,0.0,0.0,0.0,0.0,0.0,0.0005,0.0,0.0,0.0,0.0005,0.0,0.0,0.0,0.002,0.9975,0.046297950389758855,1892,0.0007445821356382764,9.795517557835092e-07,0.00016317514432481758,16,20,False,0.995,0.005,0.66,fixed,100,none,89088af6-702d-46f1-85f7-fa99660871db
1955,284100,51.81909704208374,0.99900075,0.999002,1.0,0.9960719999999998,0.0,0.0,0.0,0.0,0.0,0.0,0.0005,0.0,0.0,0.0,0.0005,0.0,0.0,0.0,0.002,0.9975,0.046297950389758855,1892,0.0007451971789713066,9.812409388052576e-07,0.00016331009825519202,16,20,False,0.995,0.005,0.66,fixed,100,none,89088af6-702d-46f1-85f7-fa99660871db
1956,284300,51.83831524848938,0.99900075,0.999002,1.0,0.9960719999999998,0.0,0.0,0.0,0.0,0.0,0.0,0.0005,0.0,0.0,0.0,0.0005,0.0,0.0,0.0,0.002,0.9975,0.046297950389758855,1892,0.0007452586476541814,9.818807607512576e-07,0.00016332367531604307,16,20,False,0.995,0.005,0.66,fixed,100,none,89088af6-702d-46f1-85f7-fa99660871db
1957,284400,51.857529640197754,0.99900075,0.999002,1.0,0.9960719999999998,0.0,0.0,0.0,0.0,0.0,0.0,0.0005,0.0,0.0,0.0,0.0005,0.0,0.0,0.0,0.002,0.9975,0.04669518407547691,1891,0.0007443033099936849,9.806188431710687e-07,0.00016311431213782013,16,20,False,0.995,0.005,0.66,fixed,100,none,89088af6-702d-46f1-85f7-fa99660871db
1958,284700,51.876713037490845,0.99900075,0.999002,1.0,0.9960719999999998,0.0,0.0,0.0,0.0,0.0,0.0,0.0005,0.0,0.0,0.0,0.0005,0.0,0.0,0.0,0.002,0.9975,0.04669518407547691,1891,0.0007437644398160764,9.790631302387984e-07,0.00016299605787048452,16,20,False,0.995,0.005,0.66,fixed,100,none,89088af6-702d-46f1-85f7-fa99660871db
1959,284800,51.895928621292114,0.99900075,0.999002,1.0,0.9960719999999998,0.0,0.0,0.0,0.0,0.0,0.0,0.0005,0.0,0.0,0.0,0.0005,0.0,0.0,0.0,0.002,0.9975,0.04669518407547691,1891,0.000746100104794436,9.81846772165759e-07,0.00016350786382621354,16,20,False,0.995,0.005,0.66,fixed,100,none,89088af6-702d-46f1-85f7-fa99660871db
1960,285000,51.91523098945618,0.99900075,0.999002,1.0,0.9960719999999998,0.0,0.0,0.0,0.0,0.0,0.0,0.0005,0.0,0.0,0.0,0.0005,0.0,0.0,0.0,0.002,0.9975,0.045899711685228106,1893,0.0007464432392759576,9.844561499847939e-07,0.00016358347174600423,16,20,False,0.995,0.005,0.66,fixed,100,none,89088af6-702d-46f1-85f7-fa99660871db
1961,285100,51.934529542922974,0.99900075,0.999002,1.0,0.9960719999999998,0.0,0.0,0.0,0.0,0.0,0.0,0.0005,0.0,0.0,0.0,0.0005,0.0,0.0,0.0,0.002,0.9975,0.045899711685228106,1893,0.0007464432392759576,9.844561499847939e-07,0.00016358347174600423,16,20,False,0.995,0.005,0.66,fixed,100,none,89088af6-702d-46f1-85f7-fa99660871db
1962,285400,51.95374774932861,0.99900075,0.999002,1.0,0.9960719999999998,0.0,0.0,0.0,0.0,0.0,0.0,0.0005,0.0,0.0,0.0,0.0005,0.0,0.0,0.0,0.002,0.9975,0.045899711685228106,1893,0.0007462650740635442,9.865676576975305e-07,0.00016354487256747236,16,20,False,0.995,0.005,0.66,fixed,100,none,89088af6-702d-46f1-85f7-fa99660871db
1963,285500,51.97299933433533,0.99900075,0.999002,1.0,0.9960719999999998,0.0,0.0,0.0,0.0,0.0,0.0,0.0005,0.0,0.0,0.0,0.0005,0.0,0.0,0.0,0.002,0.9975,0.045899711685228106,1893,0.0007465520520424745,9.875320081885863e-07,0.00016360787527365352,16,20,False,0.995,0.005,0.66,fixed,100,none,89088af6-702d-46f1-85f7-fa99660871db
1964,285800,51.99227547645569,0.99900075,0.999002,1.0,0.9960719999999998,0.0,0.0,0.0,0.0,0.0,0.0,0.0005,0.0,0.0,0.0,0.0005,0.0,0.0,0.0,0.002,0.9975,0.045899711685228106,1893,0.0007460209155102228,9.91089526235793e-07,0.00016349228541517256,16,20,False,0.995,0.005,0.66,fixed,100,none,89088af6-702d-46f1-85f7-fa99660871db
1965,285900,52.011446475982666,0.99900075,0.999002,1.0,0.9960719999999998,0.0,0.0,0.0,0.0,0.0,0.0,0.0005,0.0,0.0,0.0,0.0005,0.0,0.0,0.0,0.002,0.9975,0.045899711685228106,1893,0.0007470284041840572,9.925316251607627e-07,0.00016371309868467066,16,20,False,0.995,0.005,0.66,fixed,100,none,89088af6-702d-46f1-85f7-fa99660871db
1966,286100,52.03064942359924,0.99900075,0.999002,1.0,0.9960719999999998,0.0,0.0,0.0,0.0,0.0,0.0,0.0005,0.0,0.0,0.0,0.0005,0.0,0.0,0.0,0.002,0.9975,0.045899711685228106,1893,0.000747719338390713,9.955658149914994e-07,0.00016386492067857545,16,20,False,0.995,0.005,0.66,fixed,100,none,89088af6-702d-46f1-85f7-fa99660871db
1967,286200,52.04986333847046,0.99900075,0.999002,1.0,0.9960719999999998,0.0,0.0,0.0,0.0,0.0,0.0,0.0005,0.0,0.0,0.0,0.0005,0.0,0.0,0.0,0.002,0.9975,0.045899711685228106,1893,0.0007486950499990423,9.965445483918719e-07,0.00016407868990898482,16,20,False,0.995,0.005,0.66,fixed,100,none,89088af6-702d-46f1-85f7-fa99660871db
1968,286500,52.06910467147827,0.99900075,0.999002,1.0,0.9960719999999998,0.0,0.0,0.0,0.0,0.0,0.0,0.0005,0.0,0.0,0.0,0.0005,0.0,0.0,0.0,0.002,0.9975,0.045899711685228106,1893,0.0007497568396924481,9.98091541377531e-07,0.00016431140960153863,16,20,False,0.995,0.005,0.66,fixed,100,none,89088af6-702d-46f1-85f7-fa99660871db
1969,286600,52.08832287788391,0.99900075,0.999002,1.0,0.9960719999999998,0.0,0.0,0.0,0.0,0.0,0.0,0.0005,0.0,0.0,0.0,0.0005,0.0,0.0,0.0,0.002,0.9975,0.045899711685228106,1893,0.0007506933269629104,9.98125463393581e-07,0.00016451641311022587,16,20,False,0.995,0.005,0.66,fixed,100,none,89088af6-702d-46f1-85f7-fa99660871db
1970,286800,52.10753893852234,0.99900075,0.999002,1.0,0.9960719999999998,0.0,0.0,0.0,0.0,0.0,0.0,0.0005,0.0,0.0,0.0,0.0005,0.0,0.0,0.0,0.002,0.9975,0.045899711685228106,1893,0.0007504729524064961,9.998822462460854e-07,0.00016446850690856875,16,20,False,0.995,0.005,0.66,fixed,100,none,89088af6-702d-46f1-85f7-fa99660871db
1971,286900,52.126879930496216,0.99900075,0.999002,1.0,0.9960719999999998,0.0,0.0,0.0,0.0,0.0,0.0,0.0005,0.0,0.0,0.0,0.0005,0.0,0.0,0.0,0.002,0.9975,0.046297950389758855,1892,0.0007502938291263576,1.0017862666852766e-06,0.0001644296585864299,16,20,False,0.995,0.005,0.66,fixed,100,none,89088af6-702d-46f1-85f7-fa99660871db
1972,287200,52.14618754386902,0.99900075,0.999002,1.0,0.9960719999999998,0.0,0.0,0.0,0.0,0.0,0.0,0.0005,0.0,0.0,0.0,0.0005,0.0,0.0,0.0,0.002,0.9975,0.046297950389758855,1892,0.0007476860374389363,9.954875166777058e-07,0.00016385761622355192,16,20,False,0.995,0.005,0.66,fixed,100,none,89088af6-702d-46f1-85f7-fa99660871db
1973,287300,52.1654896736145,0.99900075,0.999002,1.0,0.9960719999999998,0.0,0.0,0.0,0.0,0.0,0.0,0.0005,0.0,0.0,0.0,0.0005,0.0,0.0,0.0,0.002,0.9975,0.046297950389758855,1892,0.0007481000789126003,9.948260652631136e-07,0.0001639481242263682,16,20,False,0.995,0.005,0.66,fixed,100,none,89088af6-702d-46f1-85f7-fa99660871db
1974,287600,52.18480205535889,0.99900075,0.999002,1.0,0.9960719999999998,0.0,0.0,0.0,0.0,0.0,0.0,0.0005,0.0,0.0,0.0,0.0005,0.0,0.0,0.0,0.002,0.9975,0.04669518407547691,1891,0.0007488684845904455,9.978580136101596e-07,0.00016411690429943445,16,20,False,0.995,0.005,0.66,fixed,100,none,89088af6-702d-46f1-85f7-fa99660871db
1975,287700,52.20432424545288,0.99900075,0.999002,1.0,0.9960719999999998,0.0,0.0,0.0,0.0,0.0,0.0,0.0005,0.0,0.0,0.0,0.0005,0.0,0.0,0.0,0.002,0.9975,0.04669518407547691,1891,0.00074881375113307,9.981796605647858e-07,0.00016410498425853634,16,20,False,0.995,0.005,0.66,fixed,100,none,89088af6-702d-46f1-85f7-fa99660871db
1976,287900,52.22380089759827,0.99900075,0.999002,1.0,0.9960719999999998,0.0,0.0,0.0,0.0,0.0,0.0,0.0005,0.0,0.0,0.0,0.0005,0.0,0.0,0.0,0.002,0.9975,0.04629795038975885,1892,0.0007476965436231644,9.965840576151668e-07,0.0001638601243700576,16,20,False,0.995,0.005,0.66,fixed,100,none,89088af6-702d-46f1-85f7-fa99660871db
1977,288000,52.24324560165405,0.99900075,0.999002,1.0,0.9960719999999998,0.0,0.0,0.0,0.0,0.0,0.0,0.0005,0.0,0.0,0.0,0.0005,0.0,0.0,0.0,0.002,0.9975,0.04629795038975885,1892,0.0007479961447688579,9.979117269304204e-07,0.00016392595931801978,16,20,False,0.995,0.005,0.66,fixed,100,none,89088af6-702d-46f1-85f7-fa99660871db
1978,288300,52.2625994682312,0.99900075,0.999002,1.0,0.9960719999999998,0.0,0.0,0.0,0.0,0.0,0.0,0.0005,0.0,0.0,0.0,0.0005,0.0,0.0,0.0,0.002,0.9975,0.04629795038975885,1892,0.0007446683433418755,9.921906709761788e-07,0.000163196416585022,16,20,False,0.995,0.005,0.66,fixed,100,none,89088af6-702d-46f1-85f7-fa99660871db
1979,288400,52.281845569610596,0.99900075,0.999002,1.0,0.9960719999999998,0.0,0.0,0.0,0.0,0.0,0.0,0.0005,0.0,0.0,0.0,0.0005,0.0,0.0,0.0,0.002,0.9975,0.04629795038975885,1892,0.000745044497600805,9.927907262328236e-07,0.00016327887076280045,16,20,False,0.995,0.005,0.66,fixed,100,none,89088af6-702d-46f1-85f7-fa99660871db
1980,288500,52.30128335952759,0.99900075,0.999002,1.0,0.9960719999999998,0.0,0.0,0.0,0.0,0.0,0.0,0.0005,0.0,0.0,0.0,0.0005,0.0,0.0,0.0,0.002,0.9975,0.04629795038975885,1892,0.0007444878431286589,9.917386129265645e-07,0.00016315681919731946,16,20,False,0.995,0.005,0.66,fixed,100,none,89088af6-702d-46f1-85f7-fa99660871db
1981,288600,52.321101665496826,0.99900075,0.999002,1.0,0.9960719999999998,0.0,0.0,0.0,0.0,0.0,0.0,0.0005,0.0,0.0,0.0,0.0005,0.0,0.0,0.0,0.002,0.9975,0.04629795038975885,1892,0.0007441964305096938,9.916928248755576e-07,0.00016309302027529832,16,20,False,0.995,0.005,0.66,fixed,100,none,89088af6-702d-46f1-85f7-fa99660871db
1982,288700,52.34054660797119,0.99900075,0.999002,1.0,0.9960719999999998,0.0,0.0,0.0,0.0,0.0,0.0,0.0005,0.0,0.0,0.0,0.0005,0.0,0.0,0.0,0.002,0.9975,0.04629795038975885,1892,0.0007434767633228527,9.921224027386332e-07,0.0001629355667478928,16,20,False,0.995,0.005,0.66,fixed,100,none,89088af6-702d-46f1-85f7-fa99660871db
1983,289000,52.35988163948059,0.99900075,0.999002,1.0,0.9960719999999998,0.0,0.0,0.0,0.0,0.0,0.0,0.0005,0.0,0.0,0.0,0.0005,0.0,0.0,0.0,0.002,0.9975,0.04589971168522809,1893,0.0007464096681601036,9.966683492637485e-07,0.0001635784433466068,16,20,False,0.995,0.005,0.66,fixed,100,none,89088af6-702d-46f1-85f7-fa99660871db
1984,289100,52.37918281555176,0.99900075,0.999002,1.0,0.9960719999999998,0.0,0.0,0.0,0.0,0.0,0.0,0.0005,0.0,0.0,0.0,0.0005,0.0,0.0,0.0,0.002,0.9975,0.045500467961884665,1894,0.000746817534455172,9.965377512463084e-07,0.00016366770046497396,16,20,False,0.995,0.005,0.66,fixed,100,none,89088af6-702d-46f1-85f7-fa99660871db
1985,289400,52.3984580039978,0.99900075,0.999002,1.0,0.9960719999999998,0.0,0.0,0.0,0.0,0.0,0.0,0.0005,0.0,0.0,0.0,0.0005,0.0,0.0,0.0,0.002,0.9975,0.045500467961884665,1894,0.0007474401917632957,9.967308670830643e-07,0.00016380403684173122,16,20,False,0.995,0.005,0.66,fixed,100,none,89088af6-702d-46f1-85f7-fa99660871db
1986,289500,52.42204284667969,0.99900075,0.999002,1.0,0.9960719999999998,0.0,0.0,0.0,0.0,0.0,0.0,0.0005,0.0,0.0,0.0,0.0005,0.0,0.0,0.0,0.002,0.9975,0.045500467961884665,1894,0.0007478630272735314,9.973965017600466e-07,0.00016389672200551044,16,20,False,0.995,0.005,0.66,fixed,100,none,89088af6-702d-46f1-85f7-fa99660871db
1987,289700,52.441460371017456,0.99900075,0.999002,1.0,0.9960719999999998,0.0,0.0,0.0,0.0,0.0,0.0,0.0005,0.0,0.0,0.0,0.0005,0.0,0.0,0.0,0.002,0.9975,0.045500467961884665,1894,0.0007478805221330574,9.97037147537858e-07,0.0001639004833529585,16,20,False,0.995,0.005,0.66,fixed,100,none,89088af6-702d-46f1-85f7-fa99660871db
1988,289800,52.460676193237305,0.99900075,0.999002,1.0,0.9960719999999998,0.0,0.0,0.0,0.0,0.0,0.0,0.0005,0.0,0.0,0.0,0.0005,0.0,0.0,0.0,0.002,0.9975,0.045500467961884665,1894,0.0007486733086525383,9.970473552990698e-07,0.00016407402626154746,16,20,False,0.995,0.005,0.66,fixed,100,none,89088af6-702d-46f1-85f7-fa99660871db
1989,290100,52.47993206977844,0.99900075,0.999002,1.0,0.9960719999999998,0.0,0.0,0.0,0.0,0.0,0.0,0.0005,0.0,0.0,0.0,0.0005,0.0,0.0,0.0,0.002,0.9975,0.045500467961884665,1894,0.0007503565805300725,1.0026296825181125e-06,0.0001644435551177113,16,20,False,0.995,0.005,0.66,fixed,100,none,89088af6-702d-46f1-85f7-fa99660871db
1990,290200,52.49936652183533,0.99900075,0.999002,1.0,0.9960719999999998,0.0,0.0,0.0,0.0,0.0,0.0,0.0005,0.0,0.0,0.0,0.0005,0.0,0.0,0.0,0.002,0.9975,0.045500467961884665,1894,0.0007493446195790395,1.0001649758177759e-06,0.00016422156857125712,16,20,False,0.995,0.005,0.66,fixed,100,none,89088af6-702d-46f1-85f7-fa99660871db
1991,290500,52.51877188682556,0.99900075,0.999002,1.0,0.9960719999999998,0.0,0.0,0.0,0.0,0.0,0.0,0.0005,0.0,0.0,0.0,0.0005,0.0,0.0,0.0,0.002,0.9975,0.045899711685228106,1893,0.0007480602317148683,9.9729010130229e-07,0.00016393986984163212,16,20,False,0.995,0.005,0.66,fixed,100,none,89088af6-702d-46f1-85f7-fa99660871db
1992,290600,52.53814888000488,0.99900075,0.999002,1.0,0.9960719999999998,0.0,0.0,0.0,0.0,0.0,0.0,0.0005,0.0,0.0,0.0,0.0005,0.0,0.0,0.0,0.002,0.9975,0.045899711685228106,1893,0.0007473245730065011,9.95078393754354e-07,0.00016377841392593644,16,20,False,0.995,0.005,0.66,fixed,100,none,89088af6-702d-46f1-85f7-fa99660871db
1993,290800,52.557650089263916,0.99900075,0.999002,1.0,0.9960719999999998,0.0,0.0,0.0,0.0,0.0,0.0,0.0005,0.0,0.0,0.0,0.0005,0.0,0.0,0.0,0.002,0.9975,0.045899711685228106,1893,0.0007482500232893737,9.948131308317228e-07,0.00016398094459290193,16,20,False,0.995,0.005,0.66,fixed,100,none,89088af6-702d-46f1-85f7-fa99660871db
1994,290900,52.57706332206726,0.99900075,0.999002,1.0,0.9960719999999998,0.0,0.0,0.0,0.0,0.0,0.0,0.0005,0.0,0.0,0.0,0.0005,0.0,0.0,0.0,0.002,0.9975,0.045899711685228106,1893,0.0007480737310443297,9.949062045118015e-07,0.00016394237190446101,16,20,False,0.995,0.005,0.66,fixed,100,none,89088af6-702d-46f1-85f7-fa99660871db
1995,291000,52.596410512924194,0.99900075,0.999002,1.0,0.9960719999999998,0.0,0.0,0.0,0.0,0.0,0.0,0.0005,0.0,0.0,0.0,0.0005,0.0,0.0,0.0,0.002,0.9975,0.045899711685228106,1893,0.0007480737310443297,9.949062045118015e-07,0.00016394237190446101,16,20,False,0.995,0.005,0.66,fixed,100,none,89088af6-702d-46f1-85f7-fa99660871db
1996,291200,52.615638256073,0.99900075,0.999002,1.0,0.9960719999999998,0.0,0.0,0.0,0.0,0.0,0.0,0.0005,0.0,0.0,0.0,0.0005,0.0,0.0,0.0,0.002,0.9975,0.045500467961884665,1894,0.0007462072101112715,9.93619610187821e-07,0.000163533546019293,16,20,False,0.995,0.005,0.66,fixed,100,none,89088af6-702d-46f1-85f7-fa99660871db
1997,291300,52.63875365257263,0.99900075,0.999002,1.0,0.9960719999999998,0.0,0.0,0.0,0.0,0.0,0.0,0.0005,0.0,0.0,0.0,0.0005,0.0,0.0,0.0,0.002,0.9975,0.045500467961884665,1894,0.0007454466764672381,9.920269341216478e-07,0.00016336676259616153,16,20,False,0.995,0.005,0.66,fixed,100,none,89088af6-702d-46f1-85f7-fa99660871db
1998,291500,52.65813755989075,0.99900075,0.999002,1.0,0.9960719999999998,0.0,0.0,0.0,0.0,0.0,0.0,0.0005,0.0,0.0,0.0,0.0005,0.0,0.0,0.0,0.002,0.9975,0.045500467961884665,1894,0.0007452416431963009,9.954398725102423e-07,0.00016332252927144723,16,20,False,0.995,0.005,0.66,fixed,100,none,89088af6-702d-46f1-85f7-fa99660871db
1999,291600,52.677934885025024,0.99900075,0.999002,1.0,0.9960719999999998,0.0,0.0,0.0,0.0,0.0,0.0,0.0005,0.0,0.0,0.0,0.0005,0.0,0.0,0.0,0.002,0.9975,0.045500467961884665,1894,0.0007446101746370624,9.955569268886482e-07,0.00016318432304416182,16,20,False,0.995,0.005,0.66,fixed,100,none,89088af6-702d-46f1-85f7-fa99660871db
2000,291900,52.69756269454956,0.99900075,0.999002,1.0,0.9960719999999998,0.0,0.0,0.0,0.0,0.0,0.0,0.0005,0.0,0.0,0.0,0.0005,0.0,0.0,0.0,0.002,0.9975,0.0458997116852281,1893,0.0007437029124781595,9.94804584108158e-07,0.0001629855804124497,16,20,False,0.995,0.005,0.66,fixed,100,none,89088af6-702d-46f1-85f7-fa99660871db
2001,292000,52.71689581871033,0.99900075,0.999002,1.0,0.9960719999999998,0.0,0.0,0.0,0.0,0.0,0.0,0.0005,0.0,0.0,0.0,0.0005,0.0,0.0,0.0,0.002,0.9975,0.0458997116852281,1893,0.000744409809736599,9.96042579091266e-07,0.00016314055544136886,16,20,False,0.995,0.005,0.66,fixed,100,none,89088af6-702d-46f1-85f7-fa99660871db
2002,292300,52.7362425327301,0.99900075,0.999002,1.0,0.9960719999999998,0.0,0.0,0.0,0.0,0.0,0.0,0.0005,0.0,0.0,0.0,0.0005,0.0,0.0,0.0,0.002,0.9975,0.0458997116852281,1893,0.0007446932366744144,9.968405293897523e-07,0.00016320274920861335,16,20,False,0.995,0.005,0.66,fixed,100,none,89088af6-702d-46f1-85f7-fa99660871db
2003,292400,52.75558686256409,0.99900075,0.999002,1.0,0.9960719999999998,0.0,0.0,0.0,0.0,0.0,0.0,0.0005,0.0,0.0,0.0,0.0005,0.0,0.0,0.0,0.002,0.9975,0.0458997116852281,1893,0.0007441532767768018,9.966086530385854e-07,0.00016308450793051926,16,20,False,0.995,0.005,0.66,fixed,100,none,89088af6-702d-46f1-85f7-fa99660871db
2004,292600,52.774885177612305,0.99900075,0.999002,1.0,0.9960719999999998,0.0,0.0,0.0,0.0,0.0,0.0,0.0005,0.0,0.0,0.0,0.0005,0.0,0.0,0.0,0.002,0.9975,0.045500467961884665,1894,0.0007434374145382083,9.966663518019165e-07,0.0001629278166492562,16,20,False,0.995,0.005,0.66,fixed,100,none,89088af6-702d-46f1-85f7-fa99660871db
2005,292700,52.79420781135559,0.99900075,0.999002,1.0,0.9960719999999998,0.0,0.0,0.0,0.0,0.0,0.0,0.0005,0.0,0.0,0.0,0.0005,0.0,0.0,0.0,0.002,0.9975,0.045500467961884665,1894,0.0007439817111368467,9.992626495616627e-07,0.00016304745647127247,16,20,False,0.995,0.005,0.66,fixed,100,none,89088af6-702d-46f1-85f7-fa99660871db
2006,293000,52.813485622406006,0.99900075,0.999002,1.0,0.9960719999999998,0.0,0.0,0.0,0.0,0.0,0.0,0.0005,0.0,0.0,0.0,0.0005,0.0,0.0,0.0,0.002,0.9975,0.0458997116852281,1893,0.0007453671119491849,1.0033716566635132e-06,0.00016335150142044266,16,20,False,0.995,0.005,0.66,fixed,100,none,89088af6-702d-46f1-85f7-fa99660871db
2007,293100,52.83284568786621,0.99900075,0.999002,1.0,0.9960719999999998,0.0,0.0,0.0,0.0,0.0,0.0,0.0005,0.0,0.0,0.0,0.0005,0.0,0.0,0.0,0.002,0.9975,0.045500467961884665,1894,0.0007453258409138527,1.0037785165329068e-06,0.00016334254449418362,16,20,False,0.995,0.005,0.66,fixed,100,none,89088af6-702d-46f1-85f7-fa99660871db
2008,293300,52.852243423461914,0.99900075,0.999002,1.0,0.9960719999999998,0.0,0.0,0.0,0.0,0.0,0.0,0.0005,0.0,0.0,0.0,0.0005,0.0,0.0,0.0,0.002,0.9975,0.045500467961884665,1894,0.0007464781226373078,1.0043351566647723e-06,0.000163594884725073,16,20,False,0.995,0.005,0.66,fixed,100,none,89088af6-702d-46f1-85f7-fa99660871db
2009,293400,52.87151575088501,0.99900075,0.999002,1.0,0.9960719999999998,0.0,0.0,0.0,0.0,0.0,0.0,0.0005,0.0,0.0,0.0,0.0005,0.0,0.0,0.0,0.002,0.9975,0.045500467961884665,1894,0.0007469672194949413,1.0072818081106318e-06,0.0001637025078909837,16,20,False,0.995,0.005,0.66,fixed,100,none,89088af6-702d-46f1-85f7-fa99660871db
2010,293700,52.89077043533325,0.99900075,0.999002,1.0,0.9960719999999998,0.0,0.0,0.0,0.0,0.0,0.0,0.0005,0.0,0.0,0.0,0.0005,0.0,0.0,0.0,0.002,0.9975,0.045500467961884665,1894,0.0007475904036205536,1.0100263691297795e-06,0.00016383944436267384,16,20,False,0.995,0.005,0.66,fixed,100,none,89088af6-702d-46f1-85f7-fa99660871db
2011,293800,52.90996718406677,0.99900075,0.999002,1.0,0.9960719999999998,0.0,0.0,0.0,0.0,0.0,0.0,0.0005,0.0,0.0,0.0,0.0005,0.0,0.0,0.0,0.002,0.9975,0.045500467961884665,1894,0.00074729264756355,1.0079840761445713e-06,0.00016377387752612856,16,20,False,0.995,0.005,0.66,fixed,100,none,89088af6-702d-46f1-85f7-fa99660871db
2012,294100,52.92931079864502,0.99900075,0.999002,1.0,0.9960719999999998,0.0,0.0,0.0,0.0,0.0,0.0,0.0005,0.0,0.0,0.0,0.0005,0.0,0.0,0.0,0.002,0.9975,0.0458997116852281,1893,0.0007476523124398314,1.0075141066134624e-06,0.00016385251887333566,16,20,False,0.995,0.005,0.66,fixed,100,none,89088af6-702d-46f1-85f7-fa99660871db
2013,294200,52.94864797592163,0.99900075,0.999002,1.0,0.9960719999999998,0.0,0.0,0.0,0.0,0.0,0.0,0.0005,0.0,0.0,0.0,0.0005,0.0,0.0,0.0,0.002,0.9975,0.045500467961884665,1894,0.0007474471745451842,1.0078771299023424e-06,0.00016380768316262228,16,20,False,0.995,0.005,0.66,fixed,100,none,89088af6-702d-46f1-85f7-fa99660871db
2014,294400,52.96789479255676,0.99900075,0.999002,1.0,0.9960719999999998,0.0,0.0,0.0,0.0,0.0,0.0,0.0005,0.0,0.0,0.0,0.0005,0.0,0.0,0.0,0.002,0.9975,0.045500467961884665,1894,0.0007495926798044144,1.0140629382480316e-06,0.00016427850956745343,16,20,False,0.995,0.005,0.66,fixed,100,none,89088af6-702d-46f1-85f7-fa99660871db
2015,294500,52.98722052574158,0.99900075,0.999002,1.0,0.9960719999999998,0.0,0.0,0.0,0.0,0.0,0.0,0.0005,0.0,0.0,0.0,0.0005,0.0,0.0,0.0,0.002,0.9975,0.045500467961884665,1894,0.0007491016757853034,1.0117836952084989e-06,0.00016417059573149253,16,20,False,0.995,0.005,0.66,fixed,100,none,89088af6-702d-46f1-85f7-fa99660871db
2016,294800,53.006492614746094,0.99900075,0.999002,1.0,0.9960719999999998,0.0,0.0,0.0,0.0,0.0,0.0,0.0005,0.0,0.0,0.0,0.0005,0.0,0.0,0.0,0.002,0.9975,0.045500467961884665,1894,0.0007502454417418574,1.0103846107916787e-06,0.000164420700273343,16,20,False,0.995,0.005,0.66,fixed,100,none,89088af6-702d-46f1-85f7-fa99660871db
2017,294900,53.02573800086975,0.99900075,0.999002,1.0,0.9960719999999998,0.0,0.0,0.0,0.0,0.0,0.0,0.0005,0.0,0.0,0.0,0.0005,0.0,0.0,0.0,0.002,0.9975,0.045500467961884665,1894,0.000750712918868109,1.0142749504101884e-06,0.000164523770180807,16,20,False,0.995,0.005,0.66,fixed,100,none,89088af6-702d-46f1-85f7-fa99660871db
2018,295100,53.04495453834534,0.99900075,0.999002,1.0,0.9960719999999998,0.0,0.0,0.0,0.0,0.0,0.0,0.0005,0.0,0.0,0.0,0.0005,0.0,0.0,0.0,0.002,0.9975,0.045500467961884665,1894,0.0007511427844011234,1.0177904368189376e-06,0.00016461853568840152,16,20,False,0.995,0.005,0.66,fixed,100,none,89088af6-702d-46f1-85f7-fa99660871db
2019,295200,53.064244985580444,0.99900075,0.999002,1.0,0.9960719999999998,0.0,0.0,0.0,0.0,0.0,0.0,0.0005,0.0,0.0,0.0,0.0005,0.0,0.0,0.0,0.002,0.9975,0.045500467961884665,1894,0.0007521206310902876,1.0184166709253278e-06,0.00016483270531313977,16,20,False,0.995,0.005,0.66,fixed,100,none,89088af6-702d-46f1-85f7-fa99660871db
2020,295500,53.08348226547241,0.99900075,0.999002,1.0,0.9960719999999998,0.0,0.0,0.0,0.0,0.0,0.0,0.0005,0.0,0.0,0.0,0.0005,0.0,0.0,0.0,0.002,0.9975,0.045500467961884665,1894,0.0007529953836897865,1.0220776016639695e-06,0.00016502488423401045,16,20,False,0.995,0.005,0.66,fixed,100,none,89088af6-702d-46f1-85f7-fa99660871db
2021,295600,53.10280466079712,0.99900075,0.999002,1.0,0.9960719999999998,0.0,0.0,0.0,0.0,0.0,0.0,0.0005,0.0,0.0,0.0,0.0005,0.0,0.0,0.0,0.002,0.9975,0.045500467961884665,1894,0.0007538115059524396,1.0223687968479887e-06,0.00016520358872439014,16,20,False,0.995,0.005,0.66,fixed,100,none,89088af6-702d-46f1-85f7-fa99660871db
2022,295700,53.122148275375366,0.99900075,0.999002,1.0,0.9960719999999998,0.0,0.0,0.0,0.0,0.0,0.0,0.0005,0.0,0.0,0.0,0.0005,0.0,0.0,0.0,0.002,0.9975,0.045500467961884665,1894,0.0007539728653775029,1.0207397263657746e-06,0.0001652386007791449,16,20,False,0.995,0.005,0.66,fixed,100,none,89088af6-702d-46f1-85f7-fa99660871db
2023,295800,53.14145040512085,0.99900075,0.999002,1.0,0.9960719999999998,0.0,0.0,0.0,0.0,0.0,0.0,0.0005,0.0,0.0,0.0,0.0005,0.0,0.0,0.0,0.002,0.9975,0.045500467961884665,1894,0.0007537594536148572,1.0205121657722626e-06,0.00016519184170778897,16,20,False,0.995,0.005,0.66,fixed,100,none,89088af6-702d-46f1-85f7-fa99660871db
2024,295900,53.16069149971008,0.99900075,0.999002,1.0,0.9960719999999998,0.0,0.0,0.0,0.0,0.0,0.0,0.0005,0.0,0.0,0.0,0.0005,0.0,0.0,0.0,0.002,0.9975,0.045500467961884665,1894,0.0007535781212999446,1.0206372290476025e-06,0.00016515217182607692,16,20,False,0.995,0.005,0.66,fixed,100,none,89088af6-702d-46f1-85f7-fa99660871db
2025,296000,53.179938316345215,0.99900075,0.999002,1.0,0.9960719999999998,0.0,0.0,0.0,0.0,0.0,0.0,0.0005,0.0,0.0,0.0,0.0005,0.0,0.0,0.0,0.002,0.9975,0.045500467961884665,1894,0.0007542284864451214,1.022594146112907e-06,0.00016529490857059852,16,20,False,0.995,0.005,0.66,fixed,100,none,89088af6-702d-46f1-85f7-fa99660871db
2026,296200,53.19917345046997,0.99900075,0.999002,1.0,0.9960719999999998,0.0,0.0,0.0,0.0,0.0,0.0,0.0005,0.0,0.0,0.0,0.0005,0.0,0.0,0.0,0.002,0.9975,0.045500467961884665,1894,0.0007547376485654053,1.0233903012671045e-06,0.00016540651542820798,16,20,False,0.995,0.005,0.66,fixed,100,none,89088af6-702d-46f1-85f7-fa99660871db
2027,296300,53.218392848968506,0.99900075,0.999002,1.0,0.9960719999999998,0.0,0.0,0.0,0.0,0.0,0.0,0.0005,0.0,0.0,0.0,0.0005,0.0,0.0,0.0,0.002,0.9975,0.045500467961884665,1894,0.0007548713521980991,1.023684439305015e-06,0.00016543583903963184,16,20,False,0.995,0.005,0.66,fixed,100,none,89088af6-702d-46f1-85f7-fa99660871db
2028,296600,53.237794399261475,0.99900075,0.999002,1.0,0.9960719999999998,0.0,0.0,0.0,0.0,0.0,0.0,0.0005,0.0,0.0,0.0,0.0005,0.0,0.0,0.0,0.002,0.9975,0.045500467961884665,1894,0.0007535819869176167,1.023091451989212e-06,0.00016515348431214423,16,20,False,0.995,0.005,0.66,fixed,100,none,89088af6-702d-46f1-85f7-fa99660871db
2029,296700,53.25734090805054,0.99900075,0.999002,1.0,0.9960719999999998,0.0,0.0,0.0,0.0,0.0,0.0,0.0005,0.0,0.0,0.0,0.0005,0.0,0.0,0.0,0.002,0.9975,0.045500467961884665,1894,0.0007541313410694204,1.0248365847194955e-06,0.00016527406951119284,16,20,False,0.995,0.005,0.66,fixed,100,none,89088af6-702d-46f1-85f7-fa99660871db
2030,296900,53.27730107307434,0.99900075,0.999002,1.0,0.9960719999999998,0.0,0.0,0.0,0.0,0.0,0.0,0.0005,0.0,0.0,0.0,0.0005,0.0,0.0,0.0,0.002,0.9975,0.045500467961884665,1894,0.0007541180985112444,1.0249602685739337e-06,0.00016527119421514048,16,20,False,0.995,0.005,0.66,fixed,100,none,89088af6-702d-46f1-85f7-fa99660871db
2031,297000,53.29671025276184,0.99900075,0.999002,1.0,0.9960719999999998,0.0,0.0,0.0,0.0,0.0,0.0,0.0005,0.0,0.0,0.0,0.0005,0.0,0.0,0.0,0.002,0.9975,0.045500467961884665,1894,0.0007541032395261196,1.0236332375063493e-06,0.00016526768944739382,16,20,False,0.995,0.005,0.66,fixed,100,none,89088af6-702d-46f1-85f7-fa99660871db
2032,297300,53.31598472595215,0.99900075,0.999002,1.0,0.9960719999999998,0.0,0.0,0.0,0.0,0.0,0.0,0.0005,0.0,0.0,0.0,0.0005,0.0,0.0,0.0,0.002,0.9975,0.045500467961884665,1894,0.0007527435347991586,1.0222506969591427e-06,0.00016496978739995806,16,20,False,0.995,0.005,0.66,fixed,100,none,89088af6-702d-46f1-85f7-fa99660871db
2033,297400,53.33533072471619,0.99900075,0.999002,1.0,0.9960719999999998,0.0,0.0,0.0,0.0,0.0,0.0,0.0005,0.0,0.0,0.0,0.0005,0.0,0.0,0.0,0.002,0.9975,0.045500467961884665,1894,0.0007528278919508853,1.0230495873110629e-06,0.0001649884049696379,16,20,False,0.995,0.005,0.66,fixed,100,none,89088af6-702d-46f1-85f7-fa99660871db
2034,297700,53.3545196056366,0.99900075,0.999002,1.0,0.9960719999999998,0.0,0.0,0.0,0.0,0.0,0.0,0.0005,0.0,0.0,0.0,0.0005,0.0,0.0,0.0,0.002,0.9975,0.045500467961884665,1894,0.0007516421054370155,1.020516134897623e-06,0.00016472835494579324,16,20,False,0.995,0.005,0.66,fixed,100,none,89088af6-702d-46f1-85f7-fa99660871db
2035,297800,53.37360644340515,0.99900075,0.999002,1.0,0.9960719999999998,0.0,0.0,0.0,0.0,0.0,0.0,0.0005,0.0,0.0,0.0,0.0005,0.0,0.0,0.0,0.002,0.9975,0.045500467961884665,1894,0.0007520779372503175,1.022113407147591e-06,0.00016482406201145252,16,20,False,0.995,0.005,0.66,fixed,100,none,89088af6-702d-46f1-85f7-fa99660871db
2036,298000,53.39284157752991,0.99900075,0.999002,1.0,0.9960719999999998,0.0,0.0,0.0,0.0,0.0,0.0,0.0005,0.0,0.0,0.0,0.0005,0.0,0.0,0.0,0.002,0.9975,0.045500467961884665,1894,0.0007525891568737973,1.0234965459407392e-06,0.00016493623078340296,16,20,False,0.995,0.005,0.66,fixed,100,none,89088af6-702d-46f1-85f7-fa99660871db
2037,298100,53.411991596221924,0.99900075,0.999002,1.0,0.9960719999999998,0.0,0.0,0.0,0.0,0.0,0.0,0.0005,0.0,0.0,0.0,0.0005,0.0,0.0,0.0,0.002,0.9975,0.045500467961884665,1894,0.0007521740514046274,1.0230555702381187e-06,0.00016484528041081818,16,20,False,0.995,0.005,0.66,fixed,100,none,89088af6-702d-46f1-85f7-fa99660871db
2038,298200,53.431169271469116,0.99900075,0.999002,1.0,0.9960719999999998,0.0,0.0,0.0,0.0,0.0,0.0,0.0005,0.0,0.0,0.0,0.0005,0.0,0.0,0.0,0.002,0.9975,0.045500467961884665,1894,0.0007515228977144817,1.0222109979500952e-06,0.00016470258239931055,16,20,False,0.995,0.005,0.66,fixed,100,none,89088af6-702d-46f1-85f7-fa99660871db
2039,298400,53.45031666755676,0.99900075,0.999002,1.0,0.9960719999999998,0.0,0.0,0.0,0.0,0.0,0.0,0.0005,0.0,0.0,0.0,0.0005,0.0,0.0,0.0,0.002,0.9975,0.045500467961884665,1894,0.0007539021230904695,1.0268052787584203e-06,0.0001652242677474679,16,20,False,0.995,0.005,0.66,fixed,100,none,89088af6-702d-46f1-85f7-fa99660871db
2040,298500,53.46951651573181,0.99900075,0.999002,1.0,0.9960719999999998,0.0,0.0,0.0,0.0,0.0,0.0,0.0005,0.0,0.0,0.0,0.0005,0.0,0.0,0.0,0.002,0.9975,0.045500467961884665,1894,0.0007529917002247872,1.0262557323636185e-06,0.000165024871768355,16,20,False,0.995,0.005,0.66,fixed,100,none,89088af6-702d-46f1-85f7-fa99660871db
2041,298700,53.4887375831604,0.99900075,0.999002,1.0,0.9960719999999998,0.0,0.0,0.0,0.0,0.0,0.0,0.0005,0.0,0.0,0.0,0.0005,0.0,0.0,0.0,0.002,0.9975,0.045500467961884665,1894,0.0007530324913470967,1.0281067032389542e-06,0.00016503415262949486,16,20,False,0.995,0.005,0.66,fixed,100,none,89088af6-702d-46f1-85f7-fa99660871db
2042,298800,53.508036613464355,0.99900075,0.999002,1.0,0.9960719999999998,0.0,0.0,0.0,0.0,0.0,0.0,0.0005,0.0,0.0,0.0,0.0005,0.0,0.0,0.0,0.002,0.9975,0.045500467961884665,1894,0.0007551397430653478,1.032667313136973e-06,0.00016549629654650068,16,20,False,0.995,0.005,0.66,fixed,100,none,89088af6-702d-46f1-85f7-fa99660871db
2043,299100,53.52720665931702,0.99900075,0.999002,1.0,0.9960719999999998,0.0,0.0,0.0,0.0,0.0,0.0,0.0005,0.0,0.0,0.0,0.0005,0.0,0.0,0.0,0.002,0.9975,0.045500467961884665,1894,0.0007558070507653794,1.038462995976696e-06,0.00016564347138177713,16,20,False,0.995,0.005,0.66,fixed,100,none,89088af6-702d-46f1-85f7-fa99660871db
2044,299200,53.546435832977295,0.99900075,0.999002,1.0,0.9960719999999998,0.0,0.0,0.0,0.0,0.0,0.0,0.0005,0.0,0.0,0.0,0.0005,0.0,0.0,0.0,0.002,0.9975,0.045500467961884665,1894,0.0007566505095239995,1.0404395447229876e-06,0.00016582848004830086,16,20,False,0.995,0.005,0.66,fixed,100,none,89088af6-702d-46f1-85f7-fa99660871db
2045,299500,53.56554317474365,0.99900075,0.999002,1.0,0.9960719999999998,0.0,0.0,0.0,0.0,0.0,0.0,0.0005,0.0,0.0,0.0,0.0005,0.0,0.0,0.0,0.002,0.9975,0.045500467961884665,1894,0.0007569817475702649,1.0402107283725354e-06,0.00016590094458152177,16,20,False,0.995,0.005,0.66,fixed,100,none,89088af6-702d-46f1-85f7-fa99660871db
2046,299600,53.584604263305664,0.99900075,0.999002,1.0,0.9960719999999998,0.0,0.0,0.0,0.0,0.0,0.0,0.0005,0.0,0.0,0.0,0.0005,0.0,0.0,0.0,0.002,0.9975,0.045500467961884665,1894,0.0007566704584538677,1.0397276432004779e-06,0.00016583271160775976,16,20,False,0.995,0.005,0.66,fixed,100,none,89088af6-702d-46f1-85f7-fa99660871db
2047,299800,53.60366940498352,0.99900075,0.999002,1.0,0.9960719999999998,0.0,0.0,0.0,0.0,0.0,0.0,0.0005,0.0,0.0,0.0,0.0005,0.0,0.0,0.0,0.002,0.9975,0.045500467961884665,1894,0.0007554991493790247,1.0385944143206934e-06,0.00016557609673778945,16,20,False,0.995,0.005,0.66,fixed,100,none,89088af6-702d-46f1-85f7-fa99660871db
2048,299900,53.622726917266846,0.99900075,0.999002,1.0,0.9960719999999998,0.0,0.0,0.0,0.0,0.0,0.0,0.0005,0.0,0.0,0.0,0.0005,0.0,0.0,0.0,0.002,0.9975,0.045500467961884665,1894,0.0007554971785123095,1.041198461462032e-06,0.00016557616008402233,16,20,False,0.995,0.005,0.66,fixed,100,none,89088af6-702d-46f1-85f7-fa99660871db
2049,300200,53.641802072525024,0.99900075,0.999002,1.0,0.9960719999999998,0.0,0.0,0.0,0.0,0.0,0.0,0.0005,0.0,0.0,0.0,0.0005,0.0,0.0,0.0,0.002,0.9975,0.045500467961884665,1894,0.0007578172346784838,1.0449898055892632e-06,0.00016608474073418207,16,20,False,0.995,0.005,0.66,fixed,100,none,89088af6-702d-46f1-85f7-fa99660871db
2050,300300,53.660889863967896,0.99900075,0.999002,1.0,0.9960719999999998,0.0,0.0,0.0,0.0,0.0,0.0,0.0005,0.0,0.0,0.0,0.0005,0.0,0.0,0.0,0.002,0.9975,0.045500467961884665,1894,0.0007578172921563933,1.0458047053644512e-06,0.00016608490814705375,16,20,False,0.995,0.005,0.66,fixed,100,none,89088af6-702d-46f1-85f7-fa99660871db
2051,300500,53.68008995056152,0.99900075,0.999002,1.0,0.9960719999999998,0.0,0.0,0.0,0.0,0.0,0.0,0.0005,0.0,0.0,0.0,0.0005,0.0,0.0,0.0,0.002,0.9975,0.045500467961884665,1894,0.0007564324195705156,1.0444431893207487e-06,0.00016578150084995682,16,20,False,0.995,0.005,0.66,fixed,100,none,89088af6-702d-46f1-85f7-fa99660871db
2052,300600,53.69920349121094,0.99900075,0.999002,1.0,0.9960719999999998,0.0,0.0,0.0,0.0,0.0,0.0,0.0005,0.0,0.0,0.0,0.0005,0.0,0.0,0.0,0.002,0.9975,0.045500467961884665,1894,0.0007570506790632248,1.045045925216366e-06,0.00016591695237273103,16,20,False,0.995,0.005,0.66,fixed,100,none,89088af6-702d-46f1-85f7-fa99660871db
2053,300700,53.71831035614014,0.99900075,0.999002,1.0,0.9960719999999998,0.0,0.0,0.0,0.0,0.0,0.0,0.0005,0.0,0.0,0.0,0.0005,0.0,0.0,0.0,0.002,0.9975,0.045500467961884665,1894,0.0007573901118505334,1.0461098423051565e-06,0.00016599145635411977,16,20,False,0.995,0.005,0.66,fixed,100,none,89088af6-702d-46f1-85f7-fa99660871db
2054,300900,53.7374210357666,0.99900075,0.999002,1.0,0.9960719999999998,0.0,0.0,0.0,0.0,0.0,0.0,0.0005,0.0,0.0,0.0,0.0005,0.0,0.0,0.0,0.002,0.9975,0.045500467961884665,1894,0.0007578872337765966,1.0454857114900712e-06,0.0001661001577588801,16,20,False,0.995,0.005,0.66,fixed,100,none,89088af6-702d-46f1-85f7-fa99660871db
2055,301000,53.75666284561157,0.99900075,0.999002,1.0,0.9960719999999998,0.0,0.0,0.0,0.0,0.0,0.0,0.0005,0.0,0.0,0.0,0.0005,0.0,0.0,0.0,0.002,0.9975,0.045500467961884665,1894,0.000759241876560804,1.048856561642675e-06,0.0001663973295258721,16,20,False,0.995,0.005,0.66,fixed,100,none,89088af6-702d-46f1-85f7-fa99660871db
2056,301300,53.776066064834595,0.99900075,0.999002,1.0,0.9960719999999998,0.0,0.0,0.0,0.0,0.0,0.0,0.0005,0.0,0.0,0.0,0.0005,0.0,0.0,0.0,0.002,0.9975,0.0458997116852281,1893,0.0007604923611321358,1.047748204777007e-06,0.00016667085001073216,16,20,False,0.995,0.005,0.66,fixed,100,none,89088af6-702d-46f1-85f7-fa99660871db
2057,301400,53.79543352127075,0.99900075,0.999002,1.0,0.9960719999999998,0.0,0.0,0.0,0.0,0.0,0.0,0.0005,0.0,0.0,0.0,0.0005,0.0,0.0,0.0,0.002,0.9975,0.0458997116852281,1893,0.0007613799347095815,1.0492947067987717e-06,0.00016686543370221917,16,20,False,0.995,0.005,0.66,fixed,100,none,89088af6-702d-46f1-85f7-fa99660871db
2058,301600,53.81464099884033,0.99900075,0.999002,1.0,0.9960719999999998,0.0,0.0,0.0,0.0,0.0,0.0,0.0005,0.0,0.0,0.0,0.0005,0.0,0.0,0.0,0.002,0.9975,0.0458997116852281,1893,0.0007607029129468951,1.0477298220542954e-06,0.00016671693631026567,16,20,False,0.995,0.005,0.66,fixed,100,none,89088af6-702d-46f1-85f7-fa99660871db
2059,301700,53.833927631378174,0.99900075,0.999002,1.0,0.9960719999999998,0.0,0.0,0.0,0.0,0.0,0.0,0.0005,0.0,0.0,0.0,0.0005,0.0,0.0,0.0,0.002,0.9975,0.0458997116852281,1893,0.0007609695229769625,1.0477112890481942e-06,0.00016677529372457627,16,20,False,0.995,0.005,0.66,fixed,100,none,89088af6-702d-46f1-85f7-fa99660871db
2060,302000,53.8536057472229,0.99900075,0.999002,1.0,0.9960719999999998,0.0,0.0,0.0,0.0,0.0,0.0,0.0005,0.0,0.0,0.0,0.0005,0.0,0.0,0.0,0.002,0.9975,0.0458997116852281,1893,0.0007629024856323083,1.051636685045249e-06,0.00016719916507507092,16,20,False,0.995,0.005,0.66,fixed,100,none,89088af6-702d-46f1-85f7-fa99660871db
2061,302100,53.872950315475464,0.99900075,0.999002,1.0,0.9960719999999998,0.0,0.0,0.0,0.0,0.0,0.0,0.0005,0.0,0.0,0.0,0.0005,0.0,0.0,0.0,0.002,0.9975,0.0458997116852281,1893,0.0007635270271386999,1.0509448158631194e-06,0.0001673357457556754,16,20,False,0.995,0.005,0.66,fixed,100,none,89088af6-702d-46f1-85f7-fa99660871db
2062,302300,53.89216160774231,0.99900075,0.999002,1.0,0.9960719999999998,0.0,0.0,0.0,0.0,0.0,0.0,0.0005,0.0,0.0,0.0,0.0005,0.0,0.0,0.0,0.002,0.9975,0.0458997116852281,1893,0.0007660377674314458,1.0550236553072527e-06,0.00016788612178525187,16,20,False,0.995,0.005,0.66,fixed,100,none,89088af6-702d-46f1-85f7-fa99660871db
2063,302400,53.91127157211304,0.99900075,0.999002,1.0,0.9960719999999998,0.0,0.0,0.0,0.0,0.0,0.0,0.0005,0.0,0.0,0.0,0.0005,0.0,0.0,0.0,0.002,0.9975,0.04629795038975885,1892,0.0007657942253845665,1.054835333733855e-06,0.00016783277465009104,16,20,False,0.995,0.005,0.66,fixed,100,none,89088af6-702d-46f1-85f7-fa99660871db
2064,302700,53.93044066429138,0.99900075,0.999002,1.0,0.9960719999999998,0.0,0.0,0.0,0.0,0.0,0.0,0.0005,0.0,0.0,0.0,0.0005,0.0,0.0,0.0,0.002,0.9975,0.045899711685228106,1893,0.0007684494719276294,1.0581457284619664e-06,0.00016841463709336586,16,20,False,0.995,0.005,0.66,fixed,100,none,89088af6-702d-46f1-85f7-fa99660871db
2065,302800,53.949562072753906,0.99900075,0.999002,1.0,0.9960719999999998,0.0,0.0,0.0,0.0,0.0,0.0,0.0005,0.0,0.0,0.0,0.0005,0.0,0.0,0.0,0.002,0.9975,0.04550046796188468,1894,0.0007695065613412402,1.0595866676782104e-06,0.00016864630774445633,16,20,False,0.995,0.005,0.66,fixed,100,none,89088af6-702d-46f1-85f7-fa99660871db
2066,303100,53.968663454055786,0.99900075,0.999002,1.0,0.9960719999999998,0.0,0.0,0.0,0.0,0.0,0.0,0.0005,0.0,0.0,0.0,0.0005,0.0,0.0,0.0,0.002,0.9975,0.045899711685228106,1893,0.0007700964551260383,1.0609554049678754e-06,0.00016877569555403366,16,20,False,0.995,0.005,0.66,fixed,100,none,89088af6-702d-46f1-85f7-fa99660871db
2067,303200,53.98774194717407,0.99900075,0.999002,1.0,0.9960719999999998,0.0,0.0,0.0,0.0,0.0,0.0,0.0005,0.0,0.0,0.0,0.0005,0.0,0.0,0.0,0.002,0.9975,0.045899711685228106,1893,0.0007704169899166008,1.0612655815652735e-06,0.00016884591955324135,16,20,False,0.995,0.005,0.66,fixed,100,none,89088af6-702d-46f1-85f7-fa99660871db
2068,303400,54.00688076019287,0.99900075,0.999002,1.0,0.9960719999999998,0.0,0.0,0.0,0.0,0.0,0.0,0.0005,0.0,0.0,0.0,0.0005,0.0,0.0,0.0,0.002,0.9975,0.045899711685228106,1893,0.0007713062829016125,1.0665519515082712e-06,0.00016904159019794958,16,20,False,0.995,0.005,0.66,fixed,100,none,89088af6-702d-46f1-85f7-fa99660871db
2069,303500,54.026124715805054,0.99900075,0.999002,1.0,0.9960719999999998,0.0,0.0,0.0,0.0,0.0,0.0,0.0005,0.0,0.0,0.0,0.0005,0.0,0.0,0.0,0.002,0.9975,0.045899711685228106,1893,0.0007717684571832388,1.0671765700477939e-06,0.00016914287882572007,16,20,False,0.995,0.005,0.66,fixed,100,none,89088af6-702d-46f1-85f7-fa99660871db
2070,303800,54.0456748008728,0.99900075,0.999002,1.0,0.9960719999999998,0.0,0.0,0.0,0.0,0.0,0.0,0.0005,0.0,0.0,0.0,0.0005,0.0,0.0,0.0,0.002,0.9975,0.04629795038975885,1892,0.0007707036512093909,1.0646076909434485e-06,0.00016890930471101493,16,20,False,0.995,0.005,0.66,fixed,100,none,89088af6-702d-46f1-85f7-fa99660871db
2071,303900,54.06479287147522,0.99900075,0.999002,1.0,0.9960719999999998,0.0,0.0,0.0,0.0,0.0,0.0,0.0005,0.0,0.0,0.0,0.0005,0.0,0.0,0.0,0.002,0.9975,0.04629795038975885,1892,0.0007722620192156715,1.0683964017204807e-06,0.0001692511513226374,16,20,False,0.995,0.005,0.66,fixed,100,none,89088af6-702d-46f1-85f7-fa99660871db
2072,304100,54.083919525146484,0.99900075,0.999002,1.0,0.9960719999999998,0.0,0.0,0.0,0.0,0.0,0.0,0.0005,0.0,0.0,0.0,0.0005,0.0,0.0,0.0,0.002,0.9975,0.0458997116852281,1893,0.0007715762053814952,1.0681640129723679e-06,0.00016910098252047404,16,20,False,0.995,0.005,0.66,fixed,100,none,89088af6-702d-46f1-85f7-fa99660871db
2073,304200,54.10299873352051,0.99900075,0.999002,1.0,0.9960719999999998,0.0,0.0,0.0,0.0,0.0,0.0,0.0005,0.0,0.0,0.0,0.0005,0.0,0.0,0.0,0.002,0.9975,0.0458997116852281,1893,0.0007726535052480306,1.069147250800269e-06,0.00016933699027644596,16,20,False,0.995,0.005,0.66,fixed,100,none,89088af6-702d-46f1-85f7-fa99660871db
2074,304500,54.122137784957886,0.99900075,0.999002,1.0,0.9960719999999998,0.0,0.0,0.0,0.0,0.0,0.0,0.0005,0.0,0.0,0.0,0.0005,0.0,0.0,0.0,0.002,0.9975,0.04550046796188468,1894,0.000774327696051959,1.074767896008486e-06,0.00016970453856601545,16,20,False,0.995,0.005,0.66,fixed,100,none,89088af6-702d-46f1-85f7-fa99660871db
2075,304600,54.141178607940674,0.99900075,0.999002,1.0,0.9960719999999998,0.0,0.0,0.0,0.0,0.0,0.0,0.0005,0.0,0.0,0.0,0.0005,0.0,0.0,0.0,0.002,0.9975,0.0458997116852281,1893,0.0007733277005228933,1.0733272998331196e-06,0.00016948536583142964,16,20,False,0.995,0.005,0.66,fixed,100,none,89088af6-702d-46f1-85f7-fa99660871db
2076,304900,54.16025352478027,0.99900075,0.999002,1.0,0.9960719999999998,0.0,0.0,0.0,0.0,0.0,0.0,0.0005,0.0,0.0,0.0,0.0005,0.0,0.0,0.0,0.002,0.9975,0.04629795038975885,1892,0.0007751801933937041,1.0802523717984789e-06,0.00016989219228452356,16,20,False,0.995,0.005,0.66,fixed,100,none,89088af6-702d-46f1-85f7-fa99660871db
2077,305000,54.17958474159241,0.99900075,0.999002,1.0,0.9960719999999998,0.0,0.0,0.0,0.0,0.0,0.0,0.0005,0.0,0.0,0.0,0.0005,0.0,0.0,0.0,0.002,0.9975,0.0458997116852281,1893,0.0007761843425082804,1.084025041656588e-06,0.00017011271733297735,16,20,False,0.995,0.005,0.66,fixed,100,none,89088af6-702d-46f1-85f7-fa99660871db
2078,305200,54.19899296760559,0.99900075,0.999002,1.0,0.9960719999999998,0.0,0.0,0.0,0.0,0.0,0.0,0.0005,0.0,0.0,0.0,0.0005,0.0,0.0,0.0,0.002,0.9975,0.04629795038975885,1892,0.0007776156793615274,1.0872018432919654e-06,0.0001704266405624638,16,20,False,0.995,0.005,0.66,fixed,100,none,89088af6-702d-46f1-85f7-fa99660871db
2079,305300,54.21827054023743,0.99900075,0.999002,1.0,0.9960719999999998,0.0,0.0,0.0,0.0,0.0,0.0,0.0005,0.0,0.0,0.0,0.0005,0.0,0.0,0.0,0.002,0.9975,0.04629795038975885,1892,0.0007779230720129153,1.0880360880795991e-06,0.00017049408732036227,16,20,False,0.995,0.005,0.66,fixed,100,none,89088af6-702d-46f1-85f7-fa99660871db
2080,305500,54.23748993873596,0.99900075,0.999002,1.0,0.9960719999999998,0.0,0.0,0.0,0.0,0.0,0.0,0.0005,0.0,0.0,0.0,0.0005,0.0,0.0,0.0,0.002,0.9975,0.04629795038975885,1892,0.0007798889671342767,1.091607700229465e-06,0.00017092510036873678,16,20,False,0.995,0.005,0.66,fixed,100,none,89088af6-702d-46f1-85f7-fa99660871db
2081,305600,54.25680708885193,0.99900075,0.999002,1.0,0.9960719999999998,0.0,0.0,0.0,0.0,0.0,0.0,0.0005,0.0,0.0,0.0,0.0005,0.0,0.0,0.0,0.002,0.9975,0.04629795038975885,1892,0.0007793604613836318,1.0929114859231225e-06,0.00017080965817920242,16,20,False,0.995,0.005,0.66,fixed,100,none,89088af6-702d-46f1-85f7-fa99660871db
2082,305700,54.27546215057373,0.99900075,0.999002,1.0,0.9960719999999998,0.0,0.0,0.0,0.0,0.0,0.0,0.0005,0.0,0.0,0.0,0.0005,0.0,0.0,0.0,0.002,0.9975,0.04629795038975885,1892,0.0007804778631810866,1.0946647325480911e-06,0.00017105459054952402,16,20,False,0.995,0.005,0.66,fixed,100,none,89088af6-702d-46f1-85f7-fa99660871db
2083,305900,54.2947461605072,0.99900075,0.999002,1.0,0.9960719999999998,0.0,0.0,0.0,0.0,0.0,0.0,0.0005,0.0,0.0,0.0,0.0005,0.0,0.0,0.0,0.002,0.9975,0.04629795038975885,1892,0.0007807026526672468,1.0961147541350473e-06,0.000171104072472146,16,20,False,0.995,0.005,0.66,fixed,100,none,89088af6-702d-46f1-85f7-fa99660871db
2084,306000,54.31394553184509,0.99900075,0.999002,1.0,0.9960719999999998,0.0,0.0,0.0,0.0,0.0,0.0,0.0005,0.0,0.0,0.0,0.0005,0.0,0.0,0.0,0.002,0.9975,0.04629795038975885,1892,0.0007807026526672468,1.0961147541350473e-06,0.000171104072472146,16,20,False,0.995,0.005,0.66,fixed,100,none,89088af6-702d-46f1-85f7-fa99660871db
2085,306300,54.33329486846924,0.99900075,0.999002,1.0,0.9960719999999998,0.0,0.0,0.0,0.0,0.0,0.0,0.0005,0.0,0.0,0.0,0.0005,0.0,0.0,0.0,0.002,0.9975,0.04629795038975885,1892,0.000782998632766557,1.0986274203873527e-06,0.0001716071399224729,16,20,False,0.995,0.005,0.66,fixed,100,none,89088af6-702d-46f1-85f7-fa99660871db
2086,306400,54.35255551338196,0.99900075,0.999002,1.0,0.9960719999999998,0.0,0.0,0.0,0.0,0.0,0.0,0.0005,0.0,0.0,0.0,0.0005,0.0,0.0,0.0,0.002,0.9975,0.04629795038975885,1892,0.0007827744455941979,1.0985112071102626e-06,0.0001715580432699209,16,20,False,0.995,0.005,0.66,fixed,100,none,89088af6-702d-46f1-85f7-fa99660871db
2087,306700,54.37181329727173,0.99900075,0.999002,1.0,0.9960719999999998,0.0,0.0,0.0,0.0,0.0,0.0,0.0005,0.0,0.0,0.0,0.0005,0.0,0.0,0.0,0.002,0.9975,0.04629795038975885,1892,0.0007830254991810538,1.0998076394922207e-06,0.00017161324522223622,16,20,False,0.995,0.005,0.66,fixed,100,none,89088af6-702d-46f1-85f7-fa99660871db
2088,306800,54.39093804359436,0.99900075,0.999002,1.0,0.9960719999999998,0.0,0.0,0.0,0.0,0.0,0.0,0.0005,0.0,0.0,0.0,0.0005,0.0,0.0,0.0,0.002,0.9975,0.04629795038975885,1892,0.000782316947200703,1.0988990832233998e-06,0.00017145797056804634,16,20,False,0.995,0.005,0.66,fixed,100,none,89088af6-702d-46f1-85f7-fa99660871db
2089,307000,54.410194873809814,0.99900075,0.999002,1.0,0.9960719999999998,0.0,0.0,0.0,0.0,0.0,0.0,0.0005,0.0,0.0,0.0,0.0005,0.0,0.0,0.0,0.002,0.9975,0.04669518407547691,1891,0.0007837690743197994,1.1006490997065758e-06,0.00017177617369754832,16,20,False,0.995,0.005,0.66,fixed,100,none,89088af6-702d-46f1-85f7-fa99660871db
2090,307100,54.42941641807556,0.99900075,0.999002,1.0,0.9960719999999998,0.0,0.0,0.0,0.0,0.0,0.0,0.0005,0.0,0.0,0.0,0.0005,0.0,0.0,0.0,0.002,0.9975,0.04669518407547691,1891,0.0007844520511869387,1.1010272041347961e-06,0.0001719257491736065,16,20,False,0.995,0.005,0.66,fixed,100,none,89088af6-702d-46f1-85f7-fa99660871db
2091,307400,54.44863724708557,0.99900075,0.999002,1.0,0.9960719999999998,0.0,0.0,0.0,0.0,0.0,0.0,0.0005,0.0,0.0,0.0,0.0005,0.0,0.0,0.0,0.002,0.9975,0.04629795038975885,1892,0.0007863273884735513,1.1065900991544616e-06,0.00017233731745569972,16,20,False,0.995,0.005,0.66,fixed,100,none,89088af6-702d-46f1-85f7-fa99660871db
2092,307500,54.46783185005188,0.99900075,0.999002,1.0,0.9960719999999998,0.0,0.0,0.0,0.0,0.0,0.0,0.0005,0.0,0.0,0.0,0.0005,0.0,0.0,0.0,0.002,0.9975,0.04629795038975885,1892,0.0007867755075452852,1.1082158796153025e-06,0.00017243571961878985,16,20,False,0.995,0.005,0.66,fixed,100,none,89088af6-702d-46f1-85f7-fa99660871db
2093,307700,54.48710298538208,0.99900075,0.999002,1.0,0.9960719999999998,0.0,0.0,0.0,0.0,0.0,0.0,0.0005,0.0,0.0,0.0,0.0005,0.0,0.0,0.0,0.002,0.9975,0.04629795038975885,1892,0.0007865439956274724,1.1080127260813762e-06,0.00017238500306080917,16,20,False,0.995,0.005,0.66,fixed,100,none,89088af6-702d-46f1-85f7-fa99660871db
2094,307800,54.50718140602112,0.99900075,0.999002,1.0,0.9960719999999998,0.0,0.0,0.0,0.0,0.0,0.0,0.0005,0.0,0.0,0.0,0.0005,0.0,0.0,0.0,0.002,0.9975,0.04629795038975885,1892,0.0007879291787951535,1.110439630066421e-06,0.00017268868076797172,16,20,False,0.995,0.005,0.66,fixed,100,none,89088af6-702d-46f1-85f7-fa99660871db
2095,308100,54.526384592056274,0.99900075,0.999002,1.0,0.9960719999999998,0.0,0.0,0.0,0.0,0.0,0.0,0.0005,0.0,0.0,0.0,0.0005,0.0,0.0,0.0,0.002,0.9975,0.0458997116852281,1893,0.0007898818522055172,1.1137407162723547e-06,0.00017311674818387948,16,20,False,0.995,0.005,0.66,fixed,100,none,89088af6-702d-46f1-85f7-fa99660871db
2096,308200,54.5455539226532,0.99900075,0.999002,1.0,0.9960719999999998,0.0,0.0,0.0,0.0,0.0,0.0,0.0005,0.0,0.0,0.0,0.0005,0.0,0.0,0.0,0.002,0.9975,0.0458997116852281,1893,0.0007898096069586886,1.1134002681661918e-06,0.00017310086901420853,16,20,False,0.995,0.005,0.66,fixed,100,none,89088af6-702d-46f1-85f7-fa99660871db
2097,308500,54.564714670181274,0.99900075,0.999002,1.0,0.9960719999999998,0.0,0.0,0.0,0.0,0.0,0.0,0.0005,0.0,0.0,0.0,0.0005,0.0,0.0,0.0,0.002,0.9975,0.04629795038975885,1892,0.0007891061047963515,1.1131386075282368e-06,0.00017294682267535172,16,20,False,0.995,0.005,0.66,fixed,100,none,89088af6-702d-46f1-85f7-fa99660871db
2098,308600,54.58379864692688,0.99900075,0.999002,1.0,0.9960719999999998,0.0,0.0,0.0,0.0,0.0,0.0,0.0005,0.0,0.0,0.0,0.0005,0.0,0.0,0.0,0.002,0.9975,0.0458997116852281,1893,0.0007893585011853389,1.1125786113817268e-06,0.00017300196584563323,16,20,False,0.995,0.005,0.66,fixed,100,none,89088af6-702d-46f1-85f7-fa99660871db
2099,308800,54.602946281433105,0.99900075,0.999002,1.0,0.9960719999999998,0.0,0.0,0.0,0.0,0.0,0.0,0.0005,0.0,0.0,0.0,0.0005,0.0,0.0,0.0,0.002,0.9975,0.0458997116852281,1893,0.0007901873324734582,1.1176651099657305e-06,0.0001731843634493335,16,20,False,0.995,0.005,0.66,fixed,100,none,89088af6-702d-46f1-85f7-fa99660871db
2100,308900,54.62218642234802,0.99900075,0.999002,1.0,0.9960719999999998,0.0,0.0,0.0,0.0,0.0,0.0,0.0005,0.0,0.0,0.0,0.0005,0.0,0.0,0.0,0.002,0.9975,0.0458997116852281,1893,0.0007892610976471816,1.1181978483753768e-06,0.00017298171186615937,16,20,False,0.995,0.005,0.66,fixed,100,none,89088af6-702d-46f1-85f7-fa99660871db
2101,309200,54.64124345779419,0.99900075,0.999002,1.0,0.9960719999999998,0.0,0.0,0.0,0.0,0.0,0.0,0.0005,0.0,0.0,0.0,0.0005,0.0,0.0,0.0,0.002,0.9975,0.0458997116852281,1893,0.0007921581429145389,1.1216184284133317e-06,0.0001736165249853911,16,20,False,0.995,0.005,0.66,fixed,100,none,89088af6-702d-46f1-85f7-fa99660871db
2102,309300,54.66031742095947,0.99900075,0.999002,1.0,0.9960719999999998,0.0,0.0,0.0,0.0,0.0,0.0,0.0005,0.0,0.0,0.0,0.0005,0.0,0.0,0.0,0.002,0.9975,0.0458997116852281,1893,0.0007931270260034212,1.1217189308176037e-06,0.00017382863258900424,16,20,False,0.995,0.005,0.66,fixed,100,none,89088af6-702d-46f1-85f7-fa99660871db
2103,309500,54.678795337677,0.99900075,0.999002,1.0,0.9960719999999998,0.0,0.0,0.0,0.0,0.0,0.0,0.0005,0.0,0.0,0.0,0.0005,0.0,0.0,0.0,0.002,0.9975,0.0458997116852281,1893,0.0007937920016094956,1.123332049298033e-06,0.00017397450224168522,16,20,False,0.995,0.005,0.66,fixed,100,none,89088af6-702d-46f1-85f7-fa99660871db
2104,309600,54.69825077056885,0.99900075,0.999002,1.0,0.9960719999999998,0.0,0.0,0.0,0.0,0.0,0.0,0.0005,0.0,0.0,0.0,0.0005,0.0,0.0,0.0,0.002,0.9975,0.0458997116852281,1893,0.0007954430779255681,1.1254315926129527e-06,0.0001743363217605033,16,20,False,0.995,0.005,0.66,fixed,100,none,89088af6-702d-46f1-85f7-fa99660871db
2105,309900,54.71757793426514,0.99900075,0.999002,1.0,0.9960719999999998,0.0,0.0,0.0,0.0,0.0,0.0,0.0005,0.0,0.0,0.0,0.0005,0.0,0.0,0.0,0.002,0.9975,0.04629795038975885,1892,0.0007958722111169384,1.1275501424134834e-06,0.00017443066154055638,16,20,False,0.995,0.005,0.66,fixed,100,none,89088af6-702d-46f1-85f7-fa99660871db
2106,310000,54.73682427406311,0.99900075,0.999002,1.0,0.9960719999999998,0.0,0.0,0.0,0.0,0.0,0.0,0.0005,0.0,0.0,0.0,0.0005,0.0,0.0,0.0,0.002,0.9975,0.04629795038975885,1892,0.0007972347481282964,1.1303326451674651e-06,0.00017472944956786589,16,20,False,0.995,0.005,0.66,fixed,100,none,89088af6-702d-46f1-85f7-fa99660871db
2107,310300,54.75600719451904,0.99900075,0.999002,1.0,0.9960719999999998,0.0,0.0,0.0,0.0,0.0,0.0,0.0005,0.0,0.0,0.0,0.0005,0.0,0.0,0.0,0.002,0.9975,0.0458997116852281,1893,0.0007962402063606032,1.1277321388717753e-06,0.0001745112502787217,16,20,False,0.995,0.005,0.66,fixed,100,none,89088af6-702d-46f1-85f7-fa99660871db
2108,310400,54.775367736816406,0.99900075,0.999002,1.0,0.9960719999999998,0.0,0.0,0.0,0.0,0.0,0.0,0.0005,0.0,0.0,0.0,0.0005,0.0,0.0,0.0,0.002,0.9975,0.0458997116852281,1893,0.0007971322324740584,1.1287249467608805e-06,0.00017470670342845598,16,20,False,0.995,0.005,0.66,fixed,100,none,89088af6-702d-46f1-85f7-fa99660871db
2109,310600,54.794780254364014,0.99900075,0.999002,1.0,0.9960719999999998,0.0,0.0,0.0,0.0,0.0,0.0,0.0005,0.0,0.0,0.0,0.0005,0.0,0.0,0.0,0.002,0.9975,0.0458997116852281,1893,0.0007973761063496209,1.1290505029287857e-06,0.0001747601492754885,16,20,False,0.995,0.005,0.66,fixed,100,none,89088af6-702d-46f1-85f7-fa99660871db
2110,310700,54.81416988372803,0.99900075,0.999002,1.0,0.9960719999999998,0.0,0.0,0.0,0.0,0.0,0.0,0.0005,0.0,0.0,0.0,0.0005,0.0,0.0,0.0,0.002,0.9975,0.0458997116852281,1893,0.0007969848500103406,1.1276797703997806e-06,0.00017467424282363952,16,20,False,0.995,0.005,0.66,fixed,100,none,89088af6-702d-46f1-85f7-fa99660871db
2111,311000,54.833354473114014,0.99900075,0.999002,1.0,0.9960719999999998,0.0,0.0,0.0,0.0,0.0,0.0,0.0005,0.0,0.0,0.0,0.0005,0.0,0.0,0.0,0.002,0.9975,0.04629795038975885,1892,0.0007989120845874635,1.128028601630151e-06,0.00017509618075050548,16,20,False,0.995,0.005,0.66,fixed,100,none,89088af6-702d-46f1-85f7-fa99660871db
2112,311100,54.852449893951416,0.99900075,0.999002,1.0,0.9960719999999998,0.0,0.0,0.0,0.0,0.0,0.0,0.0005,0.0,0.0,0.0,0.0005,0.0,0.0,0.0,0.002,0.9975,0.0458997116852281,1893,0.0007994445630633773,1.1269804449031645e-06,0.00017521254113910494,16,20,False,0.995,0.005,0.66,fixed,100,none,89088af6-702d-46f1-85f7-fa99660871db
2113,311400,54.871543407440186,0.99900075,0.999002,1.0,0.9960719999999998,0.0,0.0,0.0,0.0,0.0,0.0,0.0005,0.0,0.0,0.0,0.0005,0.0,0.0,0.0,0.002,0.9975,0.0458997116852281,1893,0.00079899671445296,1.1292239388784913e-06,0.00017511493334213985,16,20,False,0.995,0.005,0.66,fixed,100,none,89088af6-702d-46f1-85f7-fa99660871db
2114,311500,54.890586614608765,0.99900075,0.999002,1.0,0.9960719999999998,0.0,0.0,0.0,0.0,0.0,0.0,0.0005,0.0,0.0,0.0,0.0005,0.0,0.0,0.0,0.002,0.9975,0.0458997116852281,1893,0.00079899671445296,1.1292239388784913e-06,0.00017511493334213985,16,20,False,0.995,0.005,0.66,fixed,100,none,89088af6-702d-46f1-85f7-fa99660871db
2115,311700,54.909908294677734,0.99900075,0.999002,1.0,0.9960719999999998,0.0,0.0,0.0,0.0,0.0,0.0,0.0005,0.0,0.0,0.0,0.0005,0.0,0.0,0.0,0.002,0.9975,0.04550046796188468,1894,0.0007977544120370196,1.1261329233785524e-06,0.00017484240605034553,16,20,False,0.995,0.005,0.66,fixed,100,none,89088af6-702d-46f1-85f7-fa99660871db
2116,311800,54.928929805755615,0.99900075,0.999002,1.0,0.9960719999999998,0.0,0.0,0.0,0.0,0.0,0.0,0.0005,0.0,0.0,0.0,0.0005,0.0,0.0,0.0,0.002,0.9975,0.04550046796188468,1894,0.0007990890793188838,1.1280264025058302e-06,0.0001751349244793798,16,20,False,0.995,0.005,0.66,fixed,100,none,89088af6-702d-46f1-85f7-fa99660871db
2117,312100,54.951819896698,0.99900075,0.999002,1.0,0.9960719999999998,0.0,0.0,0.0,0.0,0.0,0.0,0.0005,0.0,0.0,0.0,0.0005,0.0,0.0,0.0,0.002,0.9975,0.04550046796188468,1894,0.0008010163120479727,1.1317887015751198e-06,0.0001755575105606005,16,20,False,0.995,0.005,0.66,fixed,100,none,89088af6-702d-46f1-85f7-fa99660871db
2118,312200,54.97090816497803,0.99900075,0.999002,1.0,0.9960719999999998,0.0,0.0,0.0,0.0,0.0,0.0,0.0005,0.0,0.0,0.0,0.0005,0.0,0.0,0.0,0.002,0.9975,0.04550046796188468,1894,0.0008014088123512666,1.1327918493440804e-06,0.00017564361947506766,16,20,False,0.995,0.005,0.66,fixed,100,none,89088af6-702d-46f1-85f7-fa99660871db
2119,312400,54.98991632461548,0.99900075,0.999002,1.0,0.9960719999999998,0.0,0.0,0.0,0.0,0.0,0.0,0.0005,0.0,0.0,0.0,0.0005,0.0,0.0,0.0,0.002,0.9975,0.04550046796188468,1894,0.0008013823934754992,1.1325693108978647e-06,0.00017563779410085736,16,20,False,0.995,0.005,0.66,fixed,100,none,89088af6-702d-46f1-85f7-fa99660871db
2120,312500,55.009029150009155,0.99900075,0.999002,1.0,0.9960719999999998,0.0,0.0,0.0,0.0,0.0,0.0,0.0005,0.0,0.0,0.0,0.0005,0.0,0.0,0.0,0.002,0.9975,0.04550046796188468,1894,0.0008018165261693685,1.1313824289929495e-06,0.00017573260023998343,16,20,False,0.995,0.005,0.66,fixed,100,none,89088af6-702d-46f1-85f7-fa99660871db
2121,312800,55.02686905860901,0.99900075,0.999002,1.0,0.9960719999999998,0.0,0.0,0.0,0.0,0.0,0.0,0.0005,0.0,0.0,0.0,0.0005,0.0,0.0,0.0,0.002,0.9975,0.04550046796188468,1894,0.0008030995256229709,1.1304787819597612e-06,0.0001760132771274407,16,20,False,0.995,0.005,0.66,fixed,100,none,89088af6-702d-46f1-85f7-fa99660871db
2122,312900,55.04600143432617,0.99900075,0.999002,1.0,0.9960719999999998,0.0,0.0,0.0,0.0,0.0,0.0,0.0005,0.0,0.0,0.0,0.0005,0.0,0.0,0.0,0.002,0.9975,0.04550046796188468,1894,0.0008035662402382232,1.1321714280235463e-06,0.00017611576255947153,16,20,False,0.995,0.005,0.66,fixed,100,none,89088af6-702d-46f1-85f7-fa99660871db
2123,313200,55.065041303634644,0.99900075,0.999002,1.0,0.9960719999999998,0.0,0.0,0.0,0.0,0.0,0.0,0.0005,0.0,0.0,0.0,0.0005,0.0,0.0,0.0,0.002,0.9975,0.04550046796188468,1894,0.0008054806511977583,1.1336541640496304e-06,0.00017653510883835873,16,20,False,0.995,0.005,0.66,fixed,100,none,89088af6-702d-46f1-85f7-fa99660871db
2124,313300,55.08410406112671,0.99900075,0.999002,1.0,0.9960719999999998,0.0,0.0,0.0,0.0,0.0,0.0,0.0005,0.0,0.0,0.0,0.0005,0.0,0.0,0.0,0.002,0.9975,0.04550046796188468,1894,0.0008059547129051089,1.1340335636722688e-06,0.00017663895303202606,16,20,False,0.995,0.005,0.66,fixed,100,none,89088af6-702d-46f1-85f7-fa99660871db
2125,313500,55.103177547454834,0.99900075,0.999002,1.0,0.9960719999999998,0.0,0.0,0.0,0.0,0.0,0.0,0.0005,0.0,0.0,0.0,0.0005,0.0,0.0,0.0,0.002,0.9975,0.04550046796188468,1894,0.0008051186073210555,1.1337429528479058e-06,0.00017645587430362017,16,20,False,0.995,0.005,0.66,fixed,100,none,89088af6-702d-46f1-85f7-fa99660871db
2126,313600,55.12223529815674,0.99900075,0.999002,1.0,0.9960719999999998,0.0,0.0,0.0,0.0,0.0,0.0,0.0005,0.0,0.0,0.0,0.0005,0.0,0.0,0.0,0.002,0.9975,0.04550046796188468,1894,0.0008064901748293241,1.1363824682644633e-06,0.00017675661193910928,16,20,False,0.995,0.005,0.66,fixed,100,none,89088af6-702d-46f1-85f7-fa99660871db
2127,313900,55.141311168670654,0.99900075,0.999002,1.0,0.9960719999999998,0.0,0.0,0.0,0.0,0.0,0.0,0.0005,0.0,0.0,0.0,0.0005,0.0,0.0,0.0,0.002,0.9975,0.04550046796188468,1894,0.0008072429322737594,1.1412583600656634e-06,0.00017692231696313842,16,20,False,0.995,0.005,0.66,fixed,100,none,89088af6-702d-46f1-85f7-fa99660871db
2128,314000,55.16040635108948,0.99900075,0.999002,1.0,0.9960719999999998,0.0,0.0,0.0,0.0,0.0,0.0,0.0005,0.0,0.0,0.0,0.0005,0.0,0.0,0.0,0.002,0.9975,0.04550046796188468,1894,0.0008064809884392897,1.1414024542149177e-06,0.00017675555483566134,16,20,False,0.995,0.005,0.66,fixed,100,none,89088af6-702d-46f1-85f7-fa99660871db
2129,314200,55.179445028305054,0.99900075,0.999002,1.0,0.9960719999999998,0.0,0.0,0.0,0.0,0.0,0.0,0.0005,0.0,0.0,0.0,0.0005,0.0,0.0,0.0,0.002,0.9975,0.04550046796188468,1894,0.0008064665587906152,1.1432852375663388e-06,0.00017675275391440328,16,20,False,0.995,0.005,0.66,fixed,100,none,89088af6-702d-46f1-85f7-fa99660871db
2130,314300,55.198471784591675,0.99900075,0.999002,1.0,0.9960719999999998,0.0,0.0,0.0,0.0,0.0,0.0,0.0005,0.0,0.0,0.0,0.0005,0.0,0.0,0.0,0.002,0.9975,0.045899711685228106,1893,0.0008067401195005691,1.1442573969869976e-06,0.0001768128210641021,16,20,False,0.995,0.005,0.66,fixed,100,none,89088af6-702d-46f1-85f7-fa99660871db
2131,314600,55.2175350189209,0.99900075,0.999002,1.0,0.9960719999999998,0.0,0.0,0.0,0.0,0.0,0.0,0.0005,0.0,0.0,0.0,0.0005,0.0,0.0,0.0,0.002,0.9975,0.045899711685228106,1893,0.0008061577064106495,1.143609343467356e-06,0.00017668520770854998,16,20,False,0.995,0.005,0.66,fixed,100,none,89088af6-702d-46f1-85f7-fa99660871db
2132,314700,55.237462282180786,0.99900075,0.999002,1.0,0.9960719999999998,0.0,0.0,0.0,0.0,0.0,0.0,0.0005,0.0,0.0,0.0,0.0005,0.0,0.0,0.0,0.002,0.9975,0.045899711685228106,1893,0.0008063783270328974,1.1440729500429214e-06,0.0001767335896480094,16,20,False,0.995,0.005,0.66,fixed,100,none,89088af6-702d-46f1-85f7-fa99660871db
2133,315000,55.25667667388916,0.99900075,0.999002,1.0,0.9960719999999998,0.0,0.0,0.0,0.0,0.0,0.0,0.0005,0.0,0.0,0.0,0.0005,0.0,0.0,0.0,0.002,0.9975,0.045899711685228106,1893,0.000805149925763301,1.1415889020299278e-06,0.0001764642206409723,16,20,False,0.995,0.005,0.66,fixed,100,none,89088af6-702d-46f1-85f7-fa99660871db
2134,315100,55.275726556777954,0.99900075,0.999002,1.0,0.9960719999999998,0.0,0.0,0.0,0.0,0.0,0.0,0.0005,0.0,0.0,0.0,0.0005,0.0,0.0,0.0,0.002,0.9975,0.04550046796188467,1894,0.0008045927370823009,1.1403395585278716e-06,0.00017634201466343598,16,20,False,0.995,0.005,0.66,fixed,100,none,89088af6-702d-46f1-85f7-fa99660871db
2135,315300,55.294718503952026,0.99900075,0.999002,1.0,0.9960719999999998,0.0,0.0,0.0,0.0,0.0,0.0,0.0005,0.0,0.0,0.0,0.0005,0.0,0.0,0.0,0.002,0.9975,0.045899711685228106,1893,0.000803054698322921,1.1408434211905771e-06,0.00017600543371291364,16,20,False,0.995,0.005,0.66,fixed,100,none,89088af6-702d-46f1-85f7-fa99660871db
2136,315400,55.313926219940186,0.99900075,0.999002,1.0,0.9960719999999998,0.0,0.0,0.0,0.0,0.0,0.0,0.0005,0.0,0.0,0.0,0.0005,0.0,0.0,0.0,0.002,0.9975,0.045899711685228106,1893,0.0008030198455573072,1.1401743565019173e-06,0.0001759976773202299,16,20,False,0.995,0.005,0.66,fixed,100,none,89088af6-702d-46f1-85f7-fa99660871db
2137,315700,55.33301115036011,0.99900075,0.999002,1.0,0.9960719999999998,0.0,0.0,0.0,0.0,0.0,0.0,0.0005,0.0,0.0,0.0,0.0005,0.0,0.0,0.0,0.002,0.9975,0.04629795038975885,1892,0.000804371894297082,1.1405055030770362e-06,0.0001762937037072159,16,20,False,0.995,0.005,0.66,fixed,100,none,89088af6-702d-46f1-85f7-fa99660871db
2138,315800,55.35209655761719,0.99900075,0.999002,1.0,0.9960719999999998,0.0,0.0,0.0,0.0,0.0,0.0,0.0005,0.0,0.0,0.0,0.0005,0.0,0.0,0.0,0.002,0.9975,0.04550046796188467,1894,0.0008062719531865942,1.1442337532744034e-06,0.00017671033496566762,16,20,False,0.995,0.005,0.66,fixed,100,none,89088af6-702d-46f1-85f7-fa99660871db
2139,316000,55.37109136581421,0.99900075,0.999002,1.0,0.9960719999999998,0.0,0.0,0.0,0.0,0.0,0.0,0.0005,0.0,0.0,0.0,0.0005,0.0,0.0,0.0,0.002,0.9975,0.04629795038975885,1892,0.0008066995635699681,1.1465405032400816e-06,0.00017680437716108163,16,20,False,0.995,0.005,0.66,fixed,100,none,89088af6-702d-46f1-85f7-fa99660871db
2140,316100,55.39016771316528,0.99900075,0.999002,1.0,0.9960719999999998,0.0,0.0,0.0,0.0,0.0,0.0,0.0005,0.0,0.0,0.0,0.0005,0.0,0.0,0.0,0.002,0.9975,0.04629795038975885,1892,0.0008065619651305233,1.1444013720177637e-06,0.00017677385042775493,16,20,False,0.995,0.005,0.66,fixed,100,none,89088af6-702d-46f1-85f7-fa99660871db
2141,316400,55.40919613838196,0.99900075,0.999002,1.0,0.9960719999999998,0.0,0.0,0.0,0.0,0.0,0.0,0.0005,0.0,0.0,0.0,0.0005,0.0,0.0,0.0,0.002,0.9975,0.04629795038975885,1892,0.0008056565972509831,1.1461695503447797e-06,0.00017657600135280574,16,20,False,0.995,0.005,0.66,fixed,100,none,89088af6-702d-46f1-85f7-fa99660871db
2142,316500,55.42821431159973,0.99900075,0.999002,1.0,0.9960719999999998,0.0,0.0,0.0,0.0,0.0,0.0,0.0005,0.0,0.0,0.0,0.0005,0.0,0.0,0.0,0.002,0.9975,0.04629795038975885,1892,0.0008054982550347819,1.1461125646736836e-06,0.00017654132941440176,16,20,False,0.995,0.005,0.66,fixed,100,none,89088af6-702d-46f1-85f7-fa99660871db
2143,316800,55.44730257987976,0.99900075,0.999002,1.0,0.9960719999999998,0.0,0.0,0.0,0.0,0.0,0.0,0.0005,0.0,0.0,0.0,0.0005,0.0,0.0,0.0,0.002,0.9975,0.04629795038975885,1892,0.0008099399560172803,1.1551007031375745e-06,0.0001775153255057788,16,20,False,0.995,0.005,0.66,fixed,100,none,89088af6-702d-46f1-85f7-fa99660871db
2144,316900,55.46633291244507,0.99900075,0.999002,1.0,0.9960719999999998,0.0,0.0,0.0,0.0,0.0,0.0,0.0005,0.0,0.0,0.0,0.0005,0.0,0.0,0.0,0.002,0.9975,0.04629795038975885,1892,0.0008099912700612065,1.1565423970995105e-06,0.00017752683207184703,16,20,False,0.995,0.005,0.66,fixed,100,none,89088af6-702d-46f1-85f7-fa99660871db
2145,317100,55.48537087440491,0.99900075,0.999002,1.0,0.9960719999999998,0.0,0.0,0.0,0.0,0.0,0.0,0.0005,0.0,0.0,0.0,0.0005,0.0,0.0,0.0,0.002,0.9975,0.04629795038975885,1892,0.0008109155846217072,1.160437131104654e-06,0.0001777299045286016,16,20,False,0.995,0.005,0.66,fixed,100,none,89088af6-702d-46f1-85f7-fa99660871db
2146,317200,55.50525736808777,0.99900075,0.999002,1.0,0.9960719999999998,0.0,0.0,0.0,0.0,0.0,0.0,0.0005,0.0,0.0,0.0,0.0005,0.0,0.0,0.0,0.002,0.9975,0.04629795038975885,1892,0.0008106669056914097,1.1611504197036864e-06,0.0001776756042355933,16,20,False,0.995,0.005,0.66,fixed,100,none,89088af6-702d-46f1-85f7-fa99660871db
2147,317500,55.52432441711426,0.99900075,0.999002,1.0,0.9960719999999998,0.0,0.0,0.0,0.0,0.0,0.0,0.0005,0.0,0.0,0.0,0.0005,0.0,0.0,0.0,0.002,0.9975,0.04629795038975885,1892,0.0008115853755749746,1.1663627824954195e-06,0.0001778776476420361,16,20,False,0.995,0.005,0.66,fixed,100,none,89088af6-702d-46f1-85f7-fa99660871db
2148,317600,55.543330669403076,0.99900075,0.999002,1.0,0.9960719999999998,0.0,0.0,0.0,0.0,0.0,0.0,0.0005,0.0,0.0,0.0,0.0005,0.0,0.0,0.0,0.002,0.9975,0.04629795038975885,1892,0.0008120584400979247,1.1677955967294296e-06,0.00017798147370081435,16,20,False,0.995,0.005,0.66,fixed,100,none,89088af6-702d-46f1-85f7-fa99660871db
2149,317800,55.562451124191284,0.99900075,0.999002,1.0,0.9960719999999998,0.0,0.0,0.0,0.0,0.0,0.0,0.0005,0.0,0.0,0.0,0.0005,0.0,0.0,0.0,0.002,0.9975,0.045899711685228106,1893,0.0008145656895042204,1.1723876864694475e-06,0.00017853118309290306,16,20,False,0.995,0.005,0.66,fixed,100,none,89088af6-702d-46f1-85f7-fa99660871db
2150,317900,55.58164739608765,0.99900075,0.999002,1.0,0.9960719999999998,0.0,0.0,0.0,0.0,0.0,0.0,0.0005,0.0,0.0,0.0,0.0005,0.0,0.0,0.0,0.002,0.9975,0.045899711685228106,1893,0.0008141110287575742,1.1697737398230684e-06,0.00017843116120559938,16,20,False,0.995,0.005,0.66,fixed,100,none,89088af6-702d-46f1-85f7-fa99660871db
2151,318200,55.600751638412476,0.99900075,0.999002,1.0,0.9960719999999998,0.0,0.0,0.0,0.0,0.0,0.0,0.0005,0.0,0.0,0.0,0.0005,0.0,0.0,0.0,0.002,0.9975,0.045899711685228106,1893,0.0008154370932905348,1.1720495034225674e-06,0.00017872186912694837,16,20,False,0.995,0.005,0.66,fixed,100,none,89088af6-702d-46f1-85f7-fa99660871db
2152,318300,55.61979150772095,0.99900075,0.999002,1.0,0.9960719999999998,0.0,0.0,0.0,0.0,0.0,0.0,0.0005,0.0,0.0,0.0,0.0005,0.0,0.0,0.0,0.002,0.9975,0.045899711685228106,1893,0.0008150473410294243,1.1727126369007377e-06,0.00017863667835235213,16,20,False,0.995,0.005,0.66,fixed,100,none,89088af6-702d-46f1-85f7-fa99660871db
2153,318400,55.638938426971436,0.99900075,0.999002,1.0,0.9960719999999998,0.0,0.0,0.0,0.0,0.0,0.0,0.0005,0.0,0.0,0.0,0.0005,0.0,0.0,0.0,0.002,0.9975,0.045899711685228106,1893,0.0008146033293109912,1.172302507378718e-06,0.00017853940626257796,16,20,False,0.995,0.005,0.66,fixed,100,none,89088af6-702d-46f1-85f7-fa99660871db
2154,318600,55.65897512435913,0.99900075,0.999002,1.0,0.9960719999999998,0.0,0.0,0.0,0.0,0.0,0.0,0.0005,0.0,0.0,0.0,0.0005,0.0,0.0,0.0,0.002,0.9975,0.045899711685228106,1893,0.0008162640091512642,1.1754327679762103e-06,0.00017890352382912721,16,20,False,0.995,0.005,0.66,fixed,100,none,89088af6-702d-46f1-85f7-fa99660871db
2155,318700,55.67803716659546,0.99900075,0.999002,1.0,0.9960719999999998,0.0,0.0,0.0,0.0,0.0,0.0,0.0005,0.0,0.0,0.0,0.0005,0.0,0.0,0.0,0.002,0.9975,0.045899711685228106,1893,0.0008152664298880201,1.174557405963488e-06,0.00017868498740962067,16,20,False,0.995,0.005,0.66,fixed,100,none,89088af6-702d-46f1-85f7-fa99660871db
2156,318900,55.697025537490845,0.99900075,0.999002,1.0,0.9960719999999998,0.0,0.0,0.0,0.0,0.0,0.0,0.0005,0.0,0.0,0.0,0.0005,0.0,0.0,0.0,0.002,0.9975,0.045899711685228106,1893,0.0008154895729614531,1.1753196333337498e-06,0.0001787339782515955,16,20,False,0.995,0.005,0.66,fixed,100,none,89088af6-702d-46f1-85f7-fa99660871db
2157,319000,55.7161180973053,0.99900075,0.999002,1.0,0.9960719999999998,0.0,0.0,0.0,0.0,0.0,0.0,0.0005,0.0,0.0,0.0,0.0005,0.0,0.0,0.0,0.002,0.9975,0.045899711685228106,1893,0.0008161496067860656,1.1763987785077015e-06,0.0001788786646933862,16,20,False,0.995,0.005,0.66,fixed,100,none,89088af6-702d-46f1-85f7-fa99660871db
2158,319300,55.73512887954712,0.99900075,0.999002,1.0,0.9960719999999998,0.0,0.0,0.0,0.0,0.0,0.0,0.0005,0.0,0.0,0.0,0.0005,0.0,0.0,0.0,0.002,0.9975,0.045899711685228106,1893,0.0008164057617273135,1.1742927834857104e-06,0.00017893433687097123,16,20,False,0.995,0.005,0.66,fixed,100,none,89088af6-702d-46f1-85f7-fa99660871db
2159,319400,55.75431799888611,0.99900075,0.999002,1.0,0.9960719999999998,0.0,0.0,0.0,0.0,0.0,0.0,0.0005,0.0,0.0,0.0,0.0005,0.0,0.0,0.0,0.002,0.9975,0.04629795038975884,1892,0.0008166460105057878,1.1749326178465385e-06,0.0001789870488971078,16,20,False,0.995,0.005,0.66,fixed,100,none,89088af6-702d-46f1-85f7-fa99660871db
2160,319600,55.77337622642517,0.99900075,0.999002,1.0,0.9960719999999998,0.0,0.0,0.0,0.0,0.0,0.0,0.0005,0.0,0.0,0.0,0.0005,0.0,0.0,0.0,0.002,0.9975,0.045899711685228106,1893,0.0008184314388351101,1.1764264045131418e-06,0.0001793781629778631,16,20,False,0.995,0.005,0.66,fixed,100,none,89088af6-702d-46f1-85f7-fa99660871db
2161,319700,55.79248356819153,0.99900075,0.999002,1.0,0.9960719999999998,0.0,0.0,0.0,0.0,0.0,0.0,0.0005,0.0,0.0,0.0,0.0005,0.0,0.0,0.0,0.002,0.9975,0.045899711685228106,1893,0.0008190265269252813,1.1785462742161964e-06,0.00017950883053604517,16,20,False,0.995,0.005,0.66,fixed,100,none,89088af6-702d-46f1-85f7-fa99660871db
2162,320000,55.81170630455017,0.99900075,0.999002,1.0,0.9960719999999998,0.0,0.0,0.0,0.0,0.0,0.0,0.0005,0.0,0.0,0.0,0.0005,0.0,0.0,0.0,0.002,0.9975,0.045899711685228106,1893,0.0008192374771865258,1.1806330761682202e-06,0.00017955540404060246,16,20,False,0.995,0.005,0.66,fixed,100,none,89088af6-702d-46f1-85f7-fa99660871db
2163,320100,55.83094549179077,0.99900075,0.999002,1.0,0.9960719999999998,0.0,0.0,0.0,0.0,0.0,0.0,0.0005,0.0,0.0,0.0,0.0005,0.0,0.0,0.0,0.002,0.9975,0.045899711685228106,1893,0.0008205479008517993,1.1841397593095943e-06,0.0001798429220507277,16,20,False,0.995,0.005,0.66,fixed,100,none,89088af6-702d-46f1-85f7-fa99660871db
2164,320400,55.85037016868591,0.99900075,0.999002,1.0,0.9960719999999998,0.0,0.0,0.0,0.0,0.0,0.0,0.0005,0.0,0.0,0.0,0.0005,0.0,0.0,0.0,0.002,0.9975,0.045899711685228106,1893,0.0008229314761820824,1.1867292088033863e-06,0.00018036517868593048,16,20,False,0.995,0.005,0.66,fixed,100,none,89088af6-702d-46f1-85f7-fa99660871db
2165,320500,55.86947560310364,0.99900075,0.999002,1.0,0.9960719999999998,0.0,0.0,0.0,0.0,0.0,0.0,0.0005,0.0,0.0,0.0,0.0005,0.0,0.0,0.0,0.002,0.9975,0.045899711685228106,1893,0.0008233884963618171,1.1883103744823375e-06,0.00018046552082475343,16,20,False,0.995,0.005,0.66,fixed,100,none,89088af6-702d-46f1-85f7-fa99660871db
2166,320700,55.88851714134216,0.99900075,0.999002,1.0,0.9960719999999998,0.0,0.0,0.0,0.0,0.0,0.0,0.0005,0.0,0.0,0.0,0.0005,0.0,0.0,0.0,0.002,0.9975,0.045899711685228106,1893,0.0008232409078517252,1.1877112840726726e-06,0.00018043309987271643,16,20,False,0.995,0.005,0.66,fixed,100,none,89088af6-702d-46f1-85f7-fa99660871db
2167,320800,55.90755772590637,0.99900075,0.999002,1.0,0.9960719999999998,0.0,0.0,0.0,0.0,0.0,0.0,0.0005,0.0,0.0,0.0,0.0005,0.0,0.0,0.0,0.002,0.9975,0.045899711685228106,1893,0.0008216023406331032,1.1848531628626156e-06,0.0001800738744655302,16,20,False,0.995,0.005,0.66,fixed,100,none,89088af6-702d-46f1-85f7-fa99660871db
2168,321000,55.9267635345459,0.99900075,0.999002,1.0,0.9960719999999998,0.0,0.0,0.0,0.0,0.0,0.0,0.0005,0.0,0.0,0.0,0.0005,0.0,0.0,0.0,0.002,0.9975,0.045899711685228106,1893,0.0008212326224880324,1.1843984615445194e-06,0.0001799928567703238,16,20,False,0.995,0.005,0.66,fixed,100,none,89088af6-702d-46f1-85f7-fa99660871db
2169,321100,55.94619631767273,0.99900075,0.999002,1.0,0.9960719999999998,0.0,0.0,0.0,0.0,0.0,0.0,0.0005,0.0,0.0,0.0,0.0005,0.0,0.0,0.0,0.002,0.9975,0.045899711685228106,1893,0.0008228844594691715,1.18832066205006e-06,0.00018035518910359117,16,20,False,0.995,0.005,0.66,fixed,100,none,89088af6-702d-46f1-85f7-fa99660871db
2170,321200,55.965577125549316,0.99900075,0.999002,1.0,0.9960719999999998,0.0,0.0,0.0,0.0,0.0,0.0,0.0005,0.0,0.0,0.0,0.0005,0.0,0.0,0.0,0.002,0.9975,0.045899711685228106,1893,0.0008218938156165342,1.186929461874998e-06,0.0001801380728362156,16,20,False,0.995,0.005,0.66,fixed,100,none,89088af6-702d-46f1-85f7-fa99660871db
2171,321400,55.984617710113525,0.99900075,0.999002,1.0,0.9960719999999998,0.0,0.0,0.0,0.0,0.0,0.0,0.0005,0.0,0.0,0.0,0.0005,0.0,0.0,0.0,0.002,0.9975,0.045899711685228106,1893,0.0008238040278290859,1.1885943868736936e-06,0.0001805565346252929,16,20,False,0.995,0.005,0.66,fixed,100,none,89088af6-702d-46f1-85f7-fa99660871db
2172,321500,56.00374412536621,0.99900075,0.999002,1.0,0.9960719999999998,0.0,0.0,0.0,0.0,0.0,0.0,0.0005,0.0,0.0,0.0,0.0005,0.0,0.0,0.0,0.002,0.9975,0.045899711685228106,1893,0.0008254278440682881,1.1933450647398552e-06,0.00018091289062884886,16,20,False,0.995,0.005,0.66,fixed,100,none,89088af6-702d-46f1-85f7-fa99660871db
2173,321800,56.02286338806152,0.99900075,0.999002,1.0,0.9960719999999998,0.0,0.0,0.0,0.0,0.0,0.0,0.0005,0.0,0.0,0.0,0.0005,0.0,0.0,0.0,0.002,0.9975,0.045899711685228106,1893,0.0008253767117321978,1.1922643887716593e-06,0.0001809014924320447,16,20,False,0.995,0.005,0.66,fixed,100,none,89088af6-702d-46f1-85f7-fa99660871db
2174,321900,56.04197549819946,0.99900075,0.999002,1.0,0.9960719999999998,0.0,0.0,0.0,0.0,0.0,0.0,0.0005,0.0,0.0,0.0,0.0005,0.0,0.0,0.0,0.002,0.9975,0.04629795038975884,1892,0.0008264423392745921,1.195380495887582e-06,0.00018113535036142685,16,20,False,0.995,0.005,0.66,fixed,100,none,89088af6-702d-46f1-85f7-fa99660871db
2175,322200,56.06122374534607,0.99900075,0.999002,1.0,0.9960719999999998,0.0,0.0,0.0,0.0,0.0,0.0,0.0005,0.0,0.0,0.0,0.0005,0.0,0.0,0.0,0.002,0.9975,0.04629795038975884,1892,0.0008271141149316935,1.1959592266498638e-06,0.0001812825120116112,16,20,False,0.995,0.005,0.66,fixed,100,none,89088af6-702d-46f1-85f7-fa99660871db
2176,322300,56.08022904396057,0.99900075,0.999002,1.0,0.9960719999999998,0.0,0.0,0.0,0.0,0.0,0.0,0.0005,0.0,0.0,0.0,0.0005,0.0,0.0,0.0,0.002,0.9975,0.04629795038975884,1892,0.0008271434996449379,1.1959655024863522e-06,0.0001812889455177493,16,20,False,0.995,0.005,0.66,fixed,100,none,89088af6-702d-46f1-85f7-fa99660871db
2177,322500,56.09925651550293,0.99900075,0.999002,1.0,0.9960719999999998,0.0,0.0,0.0,0.0,0.0,0.0,0.0005,0.0,0.0,0.0,0.0005,0.0,0.0,0.0,0.002,0.9975,0.04629795038975884,1892,0.0008288294257621924,1.1999969799474696e-06,0.00018165876072553396,16,20,False,0.995,0.005,0.66,fixed,100,none,89088af6-702d-46f1-85f7-fa99660871db
2178,322600,56.11823797225952,0.99900075,0.999002,1.0,0.9960719999999998,0.0,0.0,0.0,0.0,0.0,0.0,0.0005,0.0,0.0,0.0,0.0005,0.0,0.0,0.0,0.002,0.9975,0.04629795038975884,1892,0.0008284364532554793,1.2009575952692316e-06,0.00018157292156072556,16,20,False,0.995,0.005,0.66,fixed,100,none,89088af6-702d-46f1-85f7-fa99660871db
2179,322900,56.137293577194214,0.99900075,0.999002,1.0,0.9960719999999998,0.0,0.0,0.0,0.0,0.0,0.0,0.0005,0.0,0.0,0.0,0.0005,0.0,0.0,0.0,0.002,0.9975,0.04629795038975884,1892,0.0008301915780929523,1.2036493035713676e-06,0.00018195762981222582,16,20,False,0.995,0.005,0.66,fixed,100,none,89088af6-702d-46f1-85f7-fa99660871db
2180,323000,56.15633153915405,0.99900075,0.999002,1.0,0.9960719999999998,0.0,0.0,0.0,0.0,0.0,0.0,0.0005,0.0,0.0,0.0,0.0005,0.0,0.0,0.0,0.002,0.9975,0.04629795038975884,1892,0.0008297764642179923,1.2018924010232332e-06,0.00018186642757351296,16,20,False,0.995,0.005,0.66,fixed,100,none,89088af6-702d-46f1-85f7-fa99660871db
2181,323200,56.175323486328125,0.99900075,0.999002,1.0,0.9960719999999998,0.0,0.0,0.0,0.0,0.0,0.0,0.0005,0.0,0.0,0.0,0.0005,0.0,0.0,0.0,0.002,0.9975,0.04629795038975884,1892,0.0008313141309741882,1.2048715939393998e-06,0.0001822035888730983,16,20,False,0.995,0.005,0.66,fixed,100,none,89088af6-702d-46f1-85f7-fa99660871db
2182,323300,56.19433569908142,0.99900075,0.999002,1.0,0.9960719999999998,0.0,0.0,0.0,0.0,0.0,0.0,0.0005,0.0,0.0,0.0,0.0005,0.0,0.0,0.0,0.002,0.9975,0.04629795038975884,1892,0.0008313141309741882,1.2048715939393998e-06,0.0001822035888730983,16,20,False,0.995,0.005,0.66,fixed,100,none,89088af6-702d-46f1-85f7-fa99660871db
2183,323600,56.21338677406311,0.99900075,0.999002,1.0,0.9960719999999998,0.0,0.0,0.0,0.0,0.0,0.0,0.0005,0.0,0.0,0.0,0.0005,0.0,0.0,0.0,0.002,0.9975,0.04629795038975885,1892,0.0008329028484493842,1.2070889305737133e-06,0.0001825517804223792,16,20,False,0.995,0.005,0.66,fixed,100,none,89088af6-702d-46f1-85f7-fa99660871db
2184,323700,56.23239350318909,0.99900075,0.999002,1.0,0.9960719999999998,0.0,0.0,0.0,0.0,0.0,0.0,0.0005,0.0,0.0,0.0,0.0005,0.0,0.0,0.0,0.002,0.9975,0.045899711685228106,1893,0.0008331158781382923,1.2078772267884057e-06,0.000182598562397562,16,20,False,0.995,0.005,0.66,fixed,100,none,89088af6-702d-46f1-85f7-fa99660871db
2185,324000,56.25163292884827,0.99900075,0.999002,1.0,0.9960719999999998,0.0,0.0,0.0,0.0,0.0,0.0,0.0005,0.0,0.0,0.0,0.0005,0.0,0.0,0.0,0.002,0.9975,0.04629795038975885,1892,0.0008334109667757716,1.2138800825612465e-06,0.00018266429784290304,16,20,False,0.995,0.005,0.66,fixed,100,none,89088af6-702d-46f1-85f7-fa99660871db
2186,324100,56.27080941200256,0.99900075,0.999002,1.0,0.9960719999999998,0.0,0.0,0.0,0.0,0.0,0.0,0.0005,0.0,0.0,0.0,0.0005,0.0,0.0,0.0,0.002,0.9975,0.045899711685228106,1893,0.0008354919468433659,1.2195613239615026e-06,0.00018312090381556552,16,20,False,0.995,0.005,0.66,fixed,100,none,89088af6-702d-46f1-85f7-fa99660871db
2187,324300,56.2898633480072,0.99900075,0.999002,1.0,0.9960719999999998,0.0,0.0,0.0,0.0,0.0,0.0,0.0005,0.0,0.0,0.0,0.0005,0.0,0.0,0.0,0.002,0.9975,0.045899711685228106,1893,0.0008350990757168049,1.2198095386861984e-06,0.00018303495148675895,16,20,False,0.995,0.005,0.66,fixed,100,none,89088af6-702d-46f1-85f7-fa99660871db
2188,324400,56.308892488479614,0.99900075,0.999002,1.0,0.9960719999999998,0.0,0.0,0.0,0.0,0.0,0.0,0.0005,0.0,0.0,0.0,0.0005,0.0,0.0,0.0,0.002,0.9975,0.04629795038975885,1892,0.000834679422371142,1.2190284606337742e-06,0.0001829429409645634,16,20,False,0.995,0.005,0.66,fixed,100,none,89088af6-702d-46f1-85f7-fa99660871db
2189,324700,56.32797956466675,0.99900075,0.999002,1.0,0.9960719999999998,0.0,0.0,0.0,0.0,0.0,0.0,0.0005,0.0,0.0,0.0,0.0005,0.0,0.0,0.0,0.002,0.9975,0.04629795038975885,1892,0.0008365056866639925,1.2252693732753496e-06,0.00018334389599167027,16,20,False,0.995,0.005,0.66,fixed,100,none,89088af6-702d-46f1-85f7-fa99660871db
2190,324800,56.34794020652771,0.99900075,0.999002,1.0,0.9960719999999998,0.0,0.0,0.0,0.0,0.0,0.0,0.0005,0.0,0.0,0.0,0.0005,0.0,0.0,0.0,0.002,0.9975,0.04629795038975885,1892,0.0008380171370344586,1.2277616287772102e-06,0.00018367522600631065,16,20,False,0.995,0.005,0.66,fixed,100,none,89088af6-702d-46f1-85f7-fa99660871db
2191,325000,56.36824679374695,0.99900075,0.999002,1.0,0.9960719999999998,0.0,0.0,0.0,0.0,0.0,0.0,0.0005,0.0,0.0,0.0,0.0005,0.0,0.0,0.0,0.002,0.9975,0.04669518407547692,1891,0.0008394789181204779,1.2319531787236162e-06,0.00018399600628053012,16,20,False,0.995,0.005,0.66,fixed,100,none,89088af6-702d-46f1-85f7-fa99660871db
2192,325100,56.38772702217102,0.99900075,0.999002,1.0,0.9960719999999998,0.0,0.0,0.0,0.0,0.0,0.0,0.0005,0.0,0.0,0.0,0.0005,0.0,0.0,0.0,0.002,0.9975,0.04669518407547692,1891,0.0008385855003330379,1.2315443716704064e-06,0.00018380035945351938,16,20,False,0.995,0.005,0.66,fixed,100,none,89088af6-702d-46f1-85f7-fa99660871db
2193,325400,56.408271074295044,0.99900075,0.999002,1.0,0.9960719999999998,0.0,0.0,0.0,0.0,0.0,0.0,0.0005,0.0,0.0,0.0,0.0005,0.0,0.0,0.0,0.002,0.9975,0.046297950389758855,1892,0.0008398156488520016,1.233745438750352e-06,0.00018407005716706572,16,20,False,0.995,0.005,0.66,fixed,100,none,89088af6-702d-46f1-85f7-fa99660871db
2194,325500,56.42988204956055,0.99900075,0.999002,1.0,0.9960719999999998,0.0,0.0,0.0,0.0,0.0,0.0,0.0005,0.0,0.0,0.0,0.0005,0.0,0.0,0.0,0.002,0.9975,0.046297950389758855,1892,0.0008418827769119918,1.2385790284834193e-06,0.00018452346988144687,16,20,False,0.995,0.005,0.66,fixed,100,none,89088af6-702d-46f1-85f7-fa99660871db
2195,325800,56.449047565460205,0.99900075,0.999002,1.0,0.9960719999999998,0.0,0.0,0.0,0.0,0.0,0.0,0.0005,0.0,0.0,0.0,0.0005,0.0,0.0,0.0,0.002,0.9975,0.046297950389758855,1892,0.0008423089555891456,1.2397391699840707e-06,0.00018461698082076098,16,20,False,0.995,0.005,0.66,fixed,100,none,89088af6-702d-46f1-85f7-fa99660871db
2196,325900,56.46822237968445,0.99900075,0.999002,1.0,0.9960719999999998,0.0,0.0,0.0,0.0,0.0,0.0,0.0005,0.0,0.0,0.0,0.0005,0.0,0.0,0.0,0.002,0.9975,0.046297950389758855,1892,0.00084279068620298,1.2418504706685085e-06,0.00018472283279925933,16,20,False,0.995,0.005,0.66,fixed,100,none,89088af6-702d-46f1-85f7-fa99660871db
2197,326100,56.48751974105835,0.99900075,0.999002,1.0,0.9960719999999998,0.0,0.0,0.0,0.0,0.0,0.0,0.0005,0.0,0.0,0.0,0.0005,0.0,0.0,0.0,0.002,0.9975,0.045899711685228106,1893,0.0008423228646872639,1.2417700834593959e-06,0.00018462041139589934,16,20,False,0.995,0.005,0.66,fixed,100,none,89088af6-702d-46f1-85f7-fa99660871db
2198,326200,56.50732445716858,0.99900075,0.999002,1.0,0.9960719999999998,0.0,0.0,0.0,0.0,0.0,0.0,0.0005,0.0,0.0,0.0,0.0005,0.0,0.0,0.0,0.002,0.9975,0.045899711685228106,1893,0.0008420433730064354,1.242345657315921e-06,0.00018455934002599875,16,20,False,0.995,0.005,0.66,fixed,100,none,89088af6-702d-46f1-85f7-fa99660871db
2199,326300,56.52639102935791,0.99900075,0.999002,1.0,0.9960719999999998,0.0,0.0,0.0,0.0,0.0,0.0,0.0005,0.0,0.0,0.0,0.0005,0.0,0.0,0.0,0.002,0.9975,0.045899711685228106,1893,0.0008406491747446129,1.241607428454993e-06,0.00018425400976300224,16,20,False,0.995,0.005,0.66,fixed,100,none,89088af6-702d-46f1-85f7-fa99660871db
2200,326400,56.545530557632446,0.99900075,0.999002,1.0,0.9960719999999998,0.0,0.0,0.0,0.0,0.0,0.0,0.0005,0.0,0.0,0.0,0.0005,0.0,0.0,0.0,0.002,0.9975,0.045899711685228106,1893,0.000840495414194661,1.2408141330746392e-06,0.00018422020085249546,16,20,False,0.995,0.005,0.66,fixed,100,none,89088af6-702d-46f1-85f7-fa99660871db
2201,326500,56.5645809173584,0.99900075,0.999002,1.0,0.9960719999999998,0.0,0.0,0.0,0.0,0.0,0.0,0.0005,0.0,0.0,0.0,0.0005,0.0,0.0,0.0,0.002,0.9975,0.045899711685228106,1893,0.000839430081736304,1.2399682306293662e-06,0.00018398683885589653,16,20,False,0.995,0.005,0.66,fixed,100,none,89088af6-702d-46f1-85f7-fa99660871db
2202,326600,56.58365821838379,0.99900075,0.999002,1.0,0.9960719999999998,0.0,0.0,0.0,0.0,0.0,0.0,0.0005,0.0,0.0,0.0,0.0005,0.0,0.0,0.0,0.002,0.9975,0.045899711685228106,1893,0.00084029341163877,1.2417219208550207e-06,0.0001841761549726892,16,20,False,0.995,0.005,0.66,fixed,100,none,89088af6-702d-46f1-85f7-fa99660871db
2203,326800,56.602712869644165,0.99900075,0.999002,1.0,0.9960719999999998,0.0,0.0,0.0,0.0,0.0,0.0,0.0005,0.0,0.0,0.0,0.0005,0.0,0.0,0.0,0.002,0.9975,0.045500467961884665,1894,0.000840282566089674,1.241913151851299e-06,0.00018417381721588138,16,20,False,0.995,0.005,0.66,fixed,100,none,89088af6-702d-46f1-85f7-fa99660871db
2204,326900,56.62183165550232,0.99900075,0.999002,1.0,0.9960719999999998,0.0,0.0,0.0,0.0,0.0,0.0,0.0005,0.0,0.0,0.0,0.0005,0.0,0.0,0.0,0.002,0.9975,0.04669518407547692,1891,0.0008412173483830895,1.244425968585736e-06,0.0001843789184950896,16,20,False,0.995,0.005,0.66,fixed,100,none,89088af6-702d-46f1-85f7-fa99660871db
2205,327200,56.64090657234192,0.99900075,0.999002,1.0,0.9960719999999998,0.0,0.0,0.0,0.0,0.0,0.0,0.0005,0.0,0.0,0.0,0.0005,0.0,0.0,0.0,0.002,0.9975,0.045899711685228106,1893,0.0008420017792411154,1.244612802334567e-06,0.00018455066590832375,16,20,False,0.995,0.005,0.66,fixed,100,none,89088af6-702d-46f1-85f7-fa99660871db
2206,327300,56.65995454788208,0.99900075,0.999002,1.0,0.9960719999999998,0.0,0.0,0.0,0.0,0.0,0.0,0.0005,0.0,0.0,0.0,0.0005,0.0,0.0,0.0,0.002,0.9975,0.04629795038975885,1892,0.0008419852819169605,1.2423355068113447e-06,0.00018454662195791684,16,20,False,0.995,0.005,0.66,fixed,100,none,89088af6-702d-46f1-85f7-fa99660871db
2207,327600,56.67914128303528,0.99900075,0.999002,1.0,0.9960719999999998,0.0,0.0,0.0,0.0,0.0,0.0,0.0005,0.0,0.0,0.0,0.0005,0.0,0.0,0.0,0.002,0.9975,0.04550046796188467,1894,0.0008426737327833875,1.243782246723564e-06,0.00018469759873316103,16,20,False,0.995,0.005,0.66,fixed,100,none,89088af6-702d-46f1-85f7-fa99660871db
2208,327700,56.69821834564209,0.99900075,0.999002,1.0,0.9960719999999998,0.0,0.0,0.0,0.0,0.0,0.0,0.0005,0.0,0.0,0.0,0.0005,0.0,0.0,0.0,0.002,0.9975,0.04550046796188467,1894,0.0008431861085826418,1.2456074002913928e-06,0.00018481010457479567,16,20,False,0.995,0.005,0.66,fixed,100,none,89088af6-702d-46f1-85f7-fa99660871db
2209,327900,56.717257499694824,0.99900075,0.999002,1.0,0.9960719999999998,0.0,0.0,0.0,0.0,0.0,0.0,0.0005,0.0,0.0,0.0,0.0005,0.0,0.0,0.0,0.002,0.9975,0.045899711685228106,1893,0.0008428757861004744,1.2437522584370962e-06,0.0001847418225064969,16,20,False,0.995,0.005,0.66,fixed,100,none,89088af6-702d-46f1-85f7-fa99660871db
2210,328000,56.73628830909729,0.99900075,0.999002,1.0,0.9960719999999998,0.0,0.0,0.0,0.0,0.0,0.0,0.0005,0.0,0.0,0.0,0.0005,0.0,0.0,0.0,0.002,0.9975,0.04550046796188467,1894,0.0008424798951963429,1.2429510716964176e-06,0.00018465500976210178,16,20,False,0.995,0.005,0.66,fixed,100,none,89088af6-702d-46f1-85f7-fa99660871db
2211,328300,56.755483865737915,0.99900075,0.999002,1.0,0.9960719999999998,0.0,0.0,0.0,0.0,0.0,0.0,0.0005,0.0,0.0,0.0,0.0005,0.0,0.0,0.0,0.002,0.9975,0.04550046796188467,1894,0.0008422281573553785,1.2426558019458623e-06,0.00018459984824746207,16,20,False,0.995,0.005,0.66,fixed,100,none,89088af6-702d-46f1-85f7-fa99660871db
2212,328400,56.7745680809021,0.99900075,0.999002,1.0,0.9960719999999998,0.0,0.0,0.0,0.0,0.0,0.0,0.0005,0.0,0.0,0.0,0.0005,0.0,0.0,0.0,0.002,0.9975,0.045899711685228106,1893,0.0008433593945844246,1.2437240237982437e-06,0.00018484767903905223,16,20,False,0.995,0.005,0.66,fixed,100,none,89088af6-702d-46f1-85f7-fa99660871db
2213,328600,56.79366397857666,0.99900075,0.999002,1.0,0.9960719999999998,0.0,0.0,0.0,0.0,0.0,0.0,0.0005,0.0,0.0,0.0,0.0005,0.0,0.0,0.0,0.002,0.9975,0.045899711685228106,1893,0.0008438738435226962,1.2444614953810662e-06,0.00018496043203124063,16,20,False,0.995,0.005,0.66,fixed,100,none,89088af6-702d-46f1-85f7-fa99660871db
2214,328700,56.81309533119202,0.99900075,0.999002,1.0,0.9960719999999998,0.0,0.0,0.0,0.0,0.0,0.0,0.0005,0.0,0.0,0.0,0.0005,0.0,0.0,0.0,0.002,0.9975,0.045899711685228106,1893,0.0008438907737203476,1.245538310023986e-06,0.00018496434264628865,16,20,False,0.995,0.005,0.66,fixed,100,none,89088af6-702d-46f1-85f7-fa99660871db
2215,329000,56.832643032073975,0.99900075,0.999002,1.0,0.9960719999999998,0.0,0.0,0.0,0.0,0.0,0.0,0.0005,0.0,0.0,0.0,0.0005,0.0,0.0,0.0,0.002,0.9975,0.04550046796188467,1894,0.0008444410118798895,1.2466787863717767e-06,0.00018508500646991847,16,20,False,0.995,0.005,0.66,fixed,100,none,89088af6-702d-46f1-85f7-fa99660871db
2216,329100,56.85204601287842,0.99900075,0.999002,1.0,0.9960719999999998,0.0,0.0,0.0,0.0,0.0,0.0,0.0005,0.0,0.0,0.0,0.0005,0.0,0.0,0.0,0.002,0.9975,0.04510021921972853,1895,0.0008445085739286693,1.2487170491273198e-06,0.00018510018307231992,16,20,False,0.995,0.005,0.66,fixed,100,none,89088af6-702d-46f1-85f7-fa99660871db
2217,329400,56.8714075088501,0.99900075,0.999002,1.0,0.9960719999999998,0.0,0.0,0.0,0.0,0.0,0.0,0.0005,0.0,0.0,0.0,0.0005,0.0,0.0,0.0,0.002,0.9975,0.04510021921972853,1895,0.000845178345422675,1.252116394365261e-06,0.00018524744192795296,16,20,False,0.995,0.005,0.66,fixed,100,none,89088af6-702d-46f1-85f7-fa99660871db
2218,329500,56.89092421531677,0.99900075,0.999002,1.0,0.9960719999999998,0.0,0.0,0.0,0.0,0.0,0.0,0.0005,0.0,0.0,0.0,0.0005,0.0,0.0,0.0,0.002,0.9975,0.04510021921972853,1895,0.0008450315343561035,1.2518763041517756e-06,0.0001852152593683399,16,20,False,0.995,0.005,0.66,fixed,100,none,89088af6-702d-46f1-85f7-fa99660871db
2219,329700,56.910449743270874,0.99900075,0.999002,1.0,0.9960719999999998,0.0,0.0,0.0,0.0,0.0,0.0,0.0005,0.0,0.0,0.0,0.0005,0.0,0.0,0.0,0.002,0.9975,0.04469896545875967,1896,0.00084605992503235,1.2523468444812061e-06,0.00018544046349003285,16,20,False,0.995,0.005,0.66,fixed,100,none,89088af6-702d-46f1-85f7-fa99660871db
2220,329800,56.929792404174805,0.99900075,0.999002,1.0,0.9960719999999998,0.0,0.0,0.0,0.0,0.0,0.0,0.0005,0.0,0.0,0.0,0.0005,0.0,0.0,0.0,0.002,0.9975,0.04469896545875967,1896,0.0008463140854898006,1.2548901203403315e-06,0.000185496582436582,16,20,False,0.995,0.005,0.66,fixed,100,none,89088af6-702d-46f1-85f7-fa99660871db
2221,330100,56.94922614097595,0.99900075,0.999002,1.0,0.9960719999999998,0.0,0.0,0.0,0.0,0.0,0.0,0.0005,0.0,0.0,0.0,0.0005,0.0,0.0,0.0,0.002,0.9975,0.04469896545875967,1896,0.0008466766384434153,1.2573812799217446e-06,0.00018557641859844875,16,20,False,0.995,0.005,0.66,fixed,100,none,89088af6-702d-46f1-85f7-fa99660871db
2222,330200,56.96854758262634,0.99900075,0.999002,1.0,0.9960719999999998,0.0,0.0,0.0,0.0,0.0,0.0,0.0005,0.0,0.0,0.0,0.0005,0.0,0.0,0.0,0.002,0.9975,0.045500467961884665,1894,0.0008451059637719735,1.255937187088339e-06,0.0001852323235352318,16,20,False,0.995,0.005,0.66,fixed,100,none,89088af6-702d-46f1-85f7-fa99660871db
2223,330500,56.987915992736816,0.99900075,0.999002,1.0,0.9960719999999998,0.0,0.0,0.0,0.0,0.0,0.0,0.0005,0.0,0.0,0.0,0.0005,0.0,0.0,0.0,0.002,0.9975,0.045100219219728524,1895,0.0008503400600550644,1.2656650940452498e-06,0.00018637991551392219,16,20,False,0.995,0.005,0.66,fixed,100,none,89088af6-702d-46f1-85f7-fa99660871db
2224,330600,57.00711274147034,0.99900075,0.999002,1.0,0.9960719999999998,0.0,0.0,0.0,0.0,0.0,0.0,0.0005,0.0,0.0,0.0,0.0005,0.0,0.0,0.0,0.002,0.9975,0.045100219219728524,1895,0.0008509556815042043,1.2673690707680945e-06,0.00018651499880471627,16,20,False,0.995,0.005,0.66,fixed,100,none,89088af6-702d-46f1-85f7-fa99660871db
2225,330800,57.029274702072144,0.99900075,0.999002,1.0,0.9960719999999998,0.0,0.0,0.0,0.0,0.0,0.0,0.0005,0.0,0.0,0.0,0.0005,0.0,0.0,0.0,0.002,0.9975,0.045100219219728524,1895,0.0008506739730861406,1.267654873389603e-06,0.00018645338713450018,16,20,False,0.995,0.005,0.66,fixed,100,none,89088af6-702d-46f1-85f7-fa99660871db
2226,330900,57.048470973968506,0.99900075,0.999002,1.0,0.9960719999999998,0.0,0.0,0.0,0.0,0.0,0.0,0.0005,0.0,0.0,0.0,0.0005,0.0,0.0,0.0,0.002,0.9975,0.045100219219728524,1895,0.0008513467141273414,1.2701168688509015e-06,0.00018660111792755671,16,20,False,0.995,0.005,0.66,fixed,100,none,89088af6-702d-46f1-85f7-fa99660871db
2227,331200,57.06771540641785,0.99900075,0.999002,1.0,0.9960719999999998,0.0,0.0,0.0,0.0,0.0,0.0,0.0005,0.0,0.0,0.0,0.0005,0.0,0.0,0.0,0.002,0.9975,0.045100219219728524,1895,0.000852341798955269,1.2701964579394206e-06,0.0001868189571183169,16,20,False,0.995,0.005,0.66,fixed,100,none,89088af6-702d-46f1-85f7-fa99660871db
2228,331300,57.086949825286865,0.99900075,0.999002,1.0,0.9960719999999998,0.0,0.0,0.0,0.0,0.0,0.0,0.0005,0.0,0.0,0.0,0.0005,0.0,0.0,0.0,0.002,0.9975,0.04469896545875967,1896,0.0008537973874611661,1.2742857195838988e-06,0.00018713836240197022,16,20,False,0.995,0.005,0.66,fixed,100,none,89088af6-702d-46f1-85f7-fa99660871db
2229,331500,57.10650563240051,0.99900075,0.999002,1.0,0.9960719999999998,0.0,0.0,0.0,0.0,0.0,0.0,0.0005,0.0,0.0,0.0,0.0005,0.0,0.0,0.0,0.002,0.9975,0.045100219219728524,1895,0.0008539567314442598,1.2738186708250727e-06,0.00018717315406060523,16,20,False,0.995,0.005,0.66,fixed,100,none,89088af6-702d-46f1-85f7-fa99660871db
2230,331600,57.12602210044861,0.99900075,0.999002,1.0,0.9960719999999998,0.0,0.0,0.0,0.0,0.0,0.0,0.0005,0.0,0.0,0.0,0.0005,0.0,0.0,0.0,0.002,0.9975,0.045100219219728524,1895,0.0008539567314442598,1.2738186708250727e-06,0.00018717315406060523,16,20,False,0.995,0.005,0.66,fixed,100,none,89088af6-702d-46f1-85f7-fa99660871db
2231,331700,57.145301818847656,0.99900075,0.999002,1.0,0.9960719999999998,0.0,0.0,0.0,0.0,0.0,0.0,0.0005,0.0,0.0,0.0,0.0005,0.0,0.0,0.0,0.002,0.9975,0.045100219219728524,1895,0.0008528627600192275,1.2722094662146067e-06,0.00018693337796678967,16,20,False,0.995,0.005,0.66,fixed,100,none,89088af6-702d-46f1-85f7-fa99660871db
2232,331800,57.16460037231445,0.99900075,0.999002,1.0,0.9960719999999998,0.0,0.0,0.0,0.0,0.0,0.0,0.0005,0.0,0.0,0.0,0.0005,0.0,0.0,0.0,0.002,0.9975,0.045100219219728524,1895,0.0008523479939768495,1.2710269554002225e-06,0.00018682047100305842,16,20,False,0.995,0.005,0.66,fixed,100,none,89088af6-702d-46f1-85f7-fa99660871db
2233,331900,57.18381333351135,0.99900075,0.999002,1.0,0.9960719999999998,0.0,0.0,0.0,0.0,0.0,0.0,0.0005,0.0,0.0,0.0,0.0005,0.0,0.0,0.0,0.002,0.9975,0.045100219219728524,1895,0.0008524648064243902,1.272174814171763e-06,0.00018684625934099164,16,20,False,0.995,0.005,0.66,fixed,100,none,89088af6-702d-46f1-85f7-fa99660871db
2234,332000,57.20299935340881,0.99900075,0.999002,1.0,0.9960719999999998,0.0,0.0,0.0,0.0,0.0,0.0,0.0005,0.0,0.0,0.0,0.0005,0.0,0.0,0.0,0.002,0.9975,0.045100219219728524,1895,0.0008527892487862075,1.2707156410403408e-06,0.0001869170025310985,16,20,False,0.995,0.005,0.66,fixed,100,none,89088af6-702d-46f1-85f7-fa99660871db
2235,332300,57.222214221954346,0.99900075,0.999002,1.0,0.9960719999999998,0.0,0.0,0.0,0.0,0.0,0.0,0.0005,0.0,0.0,0.0,0.0005,0.0,0.0,0.0,0.002,0.9975,0.04510021921972853,1895,0.0008568335999621236,1.2797419794115006e-06,0.00018780402600779706,16,20,False,0.995,0.005,0.66,fixed,100,none,89088af6-702d-46f1-85f7-fa99660871db
2236,332400,57.24147582054138,0.99900075,0.999002,1.0,0.9960719999999998,0.0,0.0,0.0,0.0,0.0,0.0,0.0005,0.0,0.0,0.0,0.0005,0.0,0.0,0.0,0.002,0.9975,0.045100219219728524,1895,0.0008585670277788804,1.2837948519227329e-06,0.00018818424340266227,16,20,False,0.995,0.005,0.66,fixed,100,none,89088af6-702d-46f1-85f7-fa99660871db
2237,332600,57.263309717178345,0.99900075,0.999002,1.0,0.9960719999999998,0.0,0.0,0.0,0.0,0.0,0.0,0.0005,0.0,0.0,0.0,0.0005,0.0,0.0,0.0,0.002,0.9975,0.045100219219728524,1895,0.0008593635187466246,1.2860563840234317e-06,0.00018835902496660057,16,20,False,0.995,0.005,0.66,fixed,100,none,89088af6-702d-46f1-85f7-fa99660871db
2238,332700,57.28265166282654,0.99900075,0.999002,1.0,0.9960719999999998,0.0,0.0,0.0,0.0,0.0,0.0,0.0005,0.0,0.0,0.0,0.0005,0.0,0.0,0.0,0.002,0.9975,0.045100219219728524,1895,0.0008584252801483984,1.2867470853436103e-06,0.00018815377577069973,16,20,False,0.995,0.005,0.66,fixed,100,none,89088af6-702d-46f1-85f7-fa99660871db
2239,333000,57.30514645576477,0.99900075,0.999002,1.0,0.9960719999999998,0.0,0.0,0.0,0.0,0.0,0.0,0.0005,0.0,0.0,0.0,0.0005,0.0,0.0,0.0,0.002,0.9975,0.04510021921972853,1895,0.0008584898508195892,1.2874686349916747e-06,0.0001881680473850565,16,20,False,0.995,0.005,0.66,fixed,100,none,89088af6-702d-46f1-85f7-fa99660871db
2240,333100,57.32469987869263,0.99900075,0.999002,1.0,0.9960719999999998,0.0,0.0,0.0,0.0,0.0,0.0,0.0005,0.0,0.0,0.0,0.0005,0.0,0.0,0.0,0.002,0.9975,0.04550046796188467,1894,0.0008573318170215538,1.2872029692437507e-06,0.00018791450331017445,16,20,False,0.995,0.005,0.66,fixed,100,none,89088af6-702d-46f1-85f7-fa99660871db
2241,333300,57.34417510032654,0.99900075,0.999002,1.0,0.9960719999999998,0.0,0.0,0.0,0.0,0.0,0.0,0.0005,0.0,0.0,0.0,0.0005,0.0,0.0,0.0,0.002,0.9975,0.04550046796188467,1894,0.0008567526391610519,1.2874568268777799e-06,0.00018778776950946106,16,20,False,0.995,0.005,0.66,fixed,100,none,89088af6-702d-46f1-85f7-fa99660871db
2242,333400,57.36347413063049,0.99900075,0.999002,1.0,0.9960719999999998,0.0,0.0,0.0,0.0,0.0,0.0,0.0005,0.0,0.0,0.0,0.0005,0.0,0.0,0.0,0.002,0.9975,0.045100219219728524,1895,0.0008581627416060882,1.2897074014127962e-06,0.00018809686854384113,16,20,False,0.995,0.005,0.66,fixed,100,none,89088af6-702d-46f1-85f7-fa99660871db
2243,333700,57.38269233703613,0.99900075,0.999002,1.0,0.9960719999999998,0.0,0.0,0.0,0.0,0.0,0.0,0.0005,0.0,0.0,0.0,0.0005,0.0,0.0,0.0,0.002,0.9975,0.04550046796188467,1894,0.0008582502152019096,1.2898093811203614e-06,0.0001881160358901109,16,20,False,0.995,0.005,0.66,fixed,100,none,89088af6-702d-46f1-85f7-fa99660871db
2244,333800,57.401862144470215,0.99900075,0.999002,1.0,0.9960719999999998,0.0,0.0,0.0,0.0,0.0,0.0,0.0005,0.0,0.0,0.0,0.0005,0.0,0.0,0.0,0.002,0.9975,0.04550046796188467,1894,0.0008582502152019096,1.2898093811203614e-06,0.0001881160358901109,16,20,False,0.995,0.005,0.66,fixed,100,none,89088af6-702d-46f1-85f7-fa99660871db
2245,334100,57.42505359649658,0.99900075,0.999002,1.0,0.9960719999999998,0.0,0.0,0.0,0.0,0.0,0.0,0.0005,0.0,0.0,0.0,0.0005,0.0,0.0,0.0,0.002,0.9975,0.04550046796188467,1894,0.0008568373282883272,1.285842290733423e-06,0.0001878060011975542,16,20,False,0.995,0.005,0.66,fixed,100,none,89088af6-702d-46f1-85f7-fa99660871db
2246,334200,57.44421148300171,0.99900075,0.999002,1.0,0.9960719999999998,0.0,0.0,0.0,0.0,0.0,0.0,0.0005,0.0,0.0,0.0,0.0005,0.0,0.0,0.0,0.002,0.9975,0.04550046796188467,1894,0.0008563418690696234,1.284888251593658e-06,0.00018769736390714334,16,20,False,0.995,0.005,0.66,fixed,100,none,89088af6-702d-46f1-85f7-fa99660871db
2247,334400,57.46328663825989,0.99900075,0.999002,1.0,0.9960719999999998,0.0,0.0,0.0,0.0,0.0,0.0,0.0005,0.0,0.0,0.0,0.0005,0.0,0.0,0.0,0.002,0.9975,0.04550046796188467,1894,0.0008563007313065205,1.2848355799817133e-06,0.00018768834884319387,16,20,False,0.995,0.005,0.66,fixed,100,none,89088af6-702d-46f1-85f7-fa99660871db
2248,334500,57.48244833946228,0.99900075,0.999002,1.0,0.9960719999999998,0.0,0.0,0.0,0.0,0.0,0.0,0.0005,0.0,0.0,0.0,0.0005,0.0,0.0,0.0,0.002,0.9975,0.04510021921972853,1895,0.0008560331233425015,1.2845810009642662e-06,0.0001876297210898568,16,20,False,0.995,0.005,0.66,fixed,100,none,89088af6-702d-46f1-85f7-fa99660871db
2249,334800,57.50231385231018,0.99900075,0.999002,1.0,0.9960719999999998,0.0,0.0,0.0,0.0,0.0,0.0,0.0005,0.0,0.0,0.0,0.0005,0.0,0.0,0.0,0.002,0.9975,0.04550046796188467,1894,0.0008570527620641022,1.2863555237342772e-06,0.0001878532571653415,16,20,False,0.995,0.005,0.66,fixed,100,none,89088af6-702d-46f1-85f7-fa99660871db
2250,334900,57.52140665054321,0.99900075,0.999002,1.0,0.9960719999999998,0.0,0.0,0.0,0.0,0.0,0.0,0.0005,0.0,0.0,0.0,0.0005,0.0,0.0,0.0,0.002,0.9975,0.04510021921972853,1895,0.0008571254720379762,1.2869350842941761e-06,0.0001878692834951289,16,20,False,0.995,0.005,0.66,fixed,100,none,89088af6-702d-46f1-85f7-fa99660871db
2251,335100,57.54047751426697,0.99900075,0.999002,1.0,0.9960719999999998,0.0,0.0,0.0,0.0,0.0,0.0,0.0005,0.0,0.0,0.0,0.0005,0.0,0.0,0.0,0.002,0.9975,0.04550046796188467,1894,0.0008579465016003023,1.2900656557993985e-06,0.00018804960167490806,16,20,False,0.995,0.005,0.66,fixed,100,none,89088af6-702d-46f1-85f7-fa99660871db
2252,335200,57.55962777137756,0.99900075,0.999002,1.0,0.9960719999999998,0.0,0.0,0.0,0.0,0.0,0.0,0.0005,0.0,0.0,0.0,0.0005,0.0,0.0,0.0,0.002,0.9975,0.04550046796188467,1894,0.0008579465016003023,1.2900656557993985e-06,0.00018804960167490806,16,20,False,0.995,0.005,0.66,fixed,100,none,89088af6-702d-46f1-85f7-fa99660871db
2253,335500,57.57872223854065,0.99900075,0.999002,1.0,0.9960719999999998,0.0,0.0,0.0,0.0,0.0,0.0,0.0005,0.0,0.0,0.0,0.0005,0.0,0.0,0.0,0.002,0.9975,0.045899711685228106,1893,0.0008569304065960098,1.2891546047362859e-06,0.00018782700537876645,16,20,False,0.995,0.005,0.66,fixed,100,none,89088af6-702d-46f1-85f7-fa99660871db
2254,335600,57.59779357910156,0.99900075,0.999002,1.0,0.9960719999999998,0.0,0.0,0.0,0.0,0.0,0.0,0.0005,0.0,0.0,0.0,0.0005,0.0,0.0,0.0,0.002,0.9975,0.04550046796188467,1894,0.0008576140988488076,1.288963705989293e-06,0.00018797662934214198,16,20,False,0.995,0.005,0.66,fixed,100,none,89088af6-702d-46f1-85f7-fa99660871db
2255,335900,57.61696124076843,0.99900075,0.999002,1.0,0.9960719999999998,0.0,0.0,0.0,0.0,0.0,0.0,0.0005,0.0,0.0,0.0,0.0005,0.0,0.0,0.0,0.002,0.9975,0.046297950389758855,1892,0.0008568654679766329,1.2883773649136337e-06,0.00018781264263941852,16,20,False,0.995,0.005,0.66,fixed,100,none,89088af6-702d-46f1-85f7-fa99660871db
2256,336000,57.63616895675659,0.99900075,0.999002,1.0,0.9960719999999998,0.0,0.0,0.0,0.0,0.0,0.0,0.0005,0.0,0.0,0.0,0.0005,0.0,0.0,0.0,0.002,0.9975,0.04550046796188467,1894,0.000856471308525536,1.288336505595051e-06,0.0001877263533723029,16,20,False,0.995,0.005,0.66,fixed,100,none,89088af6-702d-46f1-85f7-fa99660871db
2257,336200,57.65525937080383,0.99900075,0.999002,1.0,0.9960719999999998,0.0,0.0,0.0,0.0,0.0,0.0,0.0005,0.0,0.0,0.0,0.0005,0.0,0.0,0.0,0.002,0.9975,0.0458997116852281,1893,0.0008572759704106475,1.2904355770633267e-06,0.00018790289268253278,16,20,False,0.995,0.005,0.66,fixed,100,none,89088af6-702d-46f1-85f7-fa99660871db
2258,336300,57.67434239387512,0.99900075,0.999002,1.0,0.9960719999999998,0.0,0.0,0.0,0.0,0.0,0.0,0.0005,0.0,0.0,0.0,0.0005,0.0,0.0,0.0,0.002,0.9975,0.04629795038975885,1892,0.0008573430621086882,1.2924209912906472e-06,0.00018791795628393708,16,20,False,0.995,0.005,0.66,fixed,100,none,89088af6-702d-46f1-85f7-fa99660871db
2259,336600,57.693511962890625,0.99900075,0.999002,1.0,0.9960719999999998,0.0,0.0,0.0,0.0,0.0,0.0,0.0005,0.0,0.0,0.0,0.0005,0.0,0.0,0.0,0.002,0.9975,0.04629795038975884,1892,0.0008600045426196149,1.295592326028229e-06,0.00018850115692137907,16,20,False,0.995,0.005,0.66,fixed,100,none,89088af6-702d-46f1-85f7-fa99660871db
2260,336700,57.71258521080017,0.99900075,0.999002,1.0,0.9960719999999998,0.0,0.0,0.0,0.0,0.0,0.0,0.0005,0.0,0.0,0.0,0.0005,0.0,0.0,0.0,0.002,0.9975,0.04669518407547691,1891,0.0008599313594814058,1.2934265555393756e-06,0.0001884847256360322,16,20,False,0.995,0.005,0.66,fixed,100,none,89088af6-702d-46f1-85f7-fa99660871db
2261,336900,57.73164391517639,0.99900075,0.999002,1.0,0.9960719999999998,0.0,0.0,0.0,0.0,0.0,0.0,0.0005,0.0,0.0,0.0,0.0005,0.0,0.0,0.0,0.002,0.9975,0.04629795038975884,1892,0.0008604716189576763,1.293172531152129e-06,0.00018860294017075427,16,20,False,0.995,0.005,0.66,fixed,100,none,89088af6-702d-46f1-85f7-fa99660871db
2262,337000,57.75064992904663,0.99900075,0.999002,1.0,0.9960719999999998,0.0,0.0,0.0,0.0,0.0,0.0,0.0005,0.0,0.0,0.0,0.0005,0.0,0.0,0.0,0.002,0.9975,0.04669518407547691,1891,0.0008608365711473424,1.2935342981132592e-06,0.0001886828969407948,16,20,False,0.995,0.005,0.66,fixed,100,none,89088af6-702d-46f1-85f7-fa99660871db
2263,337100,57.76970314979553,0.99900075,0.999002,1.0,0.9960719999999998,0.0,0.0,0.0,0.0,0.0,0.0,0.0005,0.0,0.0,0.0,0.0005,0.0,0.0,0.0,0.002,0.9975,0.04669518407547691,1891,0.0008608365711473424,1.2935342981132592e-06,0.0001886828969407948,16,20,False,0.995,0.005,0.66,fixed,100,none,89088af6-702d-46f1-85f7-fa99660871db
2264,337200,57.78877854347229,0.99900075,0.999002,1.0,0.9960719999999998,0.0,0.0,0.0,0.0,0.0,0.0,0.0005,0.0,0.0,0.0,0.0005,0.0,0.0,0.0,0.002,0.9975,0.04669518407547691,1891,0.0008608365711473424,1.2935342981132592e-06,0.0001886828969407948,16,20,False,0.995,0.005,0.66,fixed,100,none,89088af6-702d-46f1-85f7-fa99660871db
2265,337300,57.8079879283905,0.99900075,0.999002,1.0,0.9960719999999998,0.0,0.0,0.0,0.0,0.0,0.0,0.0005,0.0,0.0,0.0,0.0005,0.0,0.0,0.0,0.002,0.9975,0.04669518407547691,1891,0.000861233604757953,1.2920630907420185e-06,0.00018876952806875692,16,20,False,0.995,0.005,0.66,fixed,100,none,89088af6-702d-46f1-85f7-fa99660871db
2266,337400,57.82703113555908,0.99900075,0.999002,1.0,0.9960719999999998,0.0,0.0,0.0,0.0,0.0,0.0,0.0005,0.0,0.0,0.0,0.0005,0.0,0.0,0.0,0.002,0.9975,0.04669518407547691,1891,0.000861233604757953,1.2920630907420185e-06,0.00018876952806875692,16,20,False,0.995,0.005,0.66,fixed,100,none,89088af6-702d-46f1-85f7-fa99660871db
2267,337700,57.84612035751343,0.99900075,0.999002,1.0,0.9960719999999998,0.0,0.0,0.0,0.0,0.0,0.0,0.0005,0.0,0.0,0.0,0.0005,0.0,0.0,0.0,0.002,0.9975,0.04669518407547691,1891,0.0008617359614234988,1.294162561835504e-06,0.00018887989284235266,16,20,False,0.995,0.005,0.66,fixed,100,none,89088af6-702d-46f1-85f7-fa99660871db
2268,337800,57.865182638168335,0.99900075,0.999002,1.0,0.9960719999999998,0.0,0.0,0.0,0.0,0.0,0.0,0.0005,0.0,0.0,0.0,0.0005,0.0,0.0,0.0,0.002,0.9975,0.04669518407547691,1891,0.000861523009244276,1.2938680989752529e-06,0.00018883322166237732,16,20,False,0.995,0.005,0.66,fixed,100,none,89088af6-702d-46f1-85f7-fa99660871db
2269,338000,57.884281635284424,0.99900075,0.999002,1.0,0.9960719999999998,0.0,0.0,0.0,0.0,0.0,0.0,0.0005,0.0,0.0,0.0,0.0005,0.0,0.0,0.0,0.002,0.9975,0.04669518407547691,1891,0.0008622983376359198,1.2956868456415165e-06,0.00018900328660917474,16,20,False,0.995,0.005,0.66,fixed,100,none,89088af6-702d-46f1-85f7-fa99660871db
2270,338100,57.90334725379944,0.99900075,0.999002,1.0,0.9960719999999998,0.0,0.0,0.0,0.0,0.0,0.0,0.0005,0.0,0.0,0.0,0.0005,0.0,0.0,0.0,0.002,0.9975,0.04669518407547691,1891,0.0008624481084734571,1.2953982299560719e-06,0.00018903601660853143,16,20,False,0.995,0.005,0.66,fixed,100,none,89088af6-702d-46f1-85f7-fa99660871db
2271,338400,57.922401905059814,0.99900075,0.999002,1.0,0.9960719999999998,0.0,0.0,0.0,0.0,0.0,0.0,0.0005,0.0,0.0,0.0,0.0005,0.0,0.0,0.0,0.002,0.9975,0.04669518407547691,1891,0.0008649218147415781,1.300929510569568e-06,0.00018957856185393968,16,20,False,0.995,0.005,0.66,fixed,100,none,89088af6-702d-46f1-85f7-fa99660871db
2272,338500,57.9414165019989,0.99900075,0.999002,1.0,0.9960719999999998,0.0,0.0,0.0,0.0,0.0,0.0,0.0005,0.0,0.0,0.0,0.0005,0.0,0.0,0.0,0.002,0.9975,0.04669518407547691,1891,0.0008662301803541984,1.3033658663195643e-06,0.00018986542599413477,16,20,False,0.995,0.005,0.66,fixed,100,none,89088af6-702d-46f1-85f7-fa99660871db
2273,338700,57.960652112960815,0.99900075,0.999002,1.0,0.9960719999999998,0.0,0.0,0.0,0.0,0.0,0.0,0.0005,0.0,0.0,0.0,0.0005,0.0,0.0,0.0,0.002,0.9975,0.04669518407547691,1891,0.0008658606941883136,1.3049387022080537e-06,0.0001897848443112414,16,20,False,0.995,0.005,0.66,fixed,100,none,89088af6-702d-46f1-85f7-fa99660871db
2274,338800,57.97984266281128,0.99900075,0.999002,1.0,0.9960719999999998,0.0,0.0,0.0,0.0,0.0,0.0,0.0005,0.0,0.0,0.0,0.0005,0.0,0.0,0.0,0.002,0.9975,0.04669518407547691,1891,0.0008661268510228348,1.3053368013611088e-06,0.00018984318168115716,16,20,False,0.995,0.005,0.66,fixed,100,none,89088af6-702d-46f1-85f7-fa99660871db
2275,339100,57.99937105178833,0.99900075,0.999002,1.0,0.9960719999999998,0.0,0.0,0.0,0.0,0.0,0.0,0.0005,0.0,0.0,0.0,0.0005,0.0,0.0,0.0,0.002,0.9975,0.04669518407547691,1891,0.000867040310433927,1.3067472353265954e-06,0.00019004340592869868,16,20,False,0.995,0.005,0.66,fixed,100,none,89088af6-702d-46f1-85f7-fa99660871db
2276,339200,58.01955795288086,0.99900075,0.999002,1.0,0.9960719999999998,0.0,0.0,0.0,0.0,0.0,0.0,0.0005,0.0,0.0,0.0,0.0005,0.0,0.0,0.0,0.002,0.9975,0.04669518407547691,1891,0.0008675640648312552,1.306476609831028e-06,0.00019015800434742965,16,20,False,0.995,0.005,0.66,fixed,100,none,89088af6-702d-46f1-85f7-fa99660871db
2277,339500,58.041860580444336,0.99900075,0.999002,1.0,0.9960719999999998,0.0,0.0,0.0,0.0,0.0,0.0,0.0005,0.0,0.0,0.0,0.0005,0.0,0.0,0.0,0.002,0.9975,0.04669518407547691,1891,0.0008677717956375175,1.3087220728513497e-06,0.00019020390325889434,16,20,False,0.995,0.005,0.66,fixed,100,none,89088af6-702d-46f1-85f7-fa99660871db
2278,339600,58.06337237358093,0.99900075,0.999002,1.0,0.9960719999999998,0.0,0.0,0.0,0.0,0.0,0.0,0.0005,0.0,0.0,0.0,0.0005,0.0,0.0,0.0,0.002,0.9975,0.04669518407547691,1891,0.0008687719852104124,1.3099466797028577e-06,0.00019042307743170284,16,20,False,0.995,0.005,0.66,fixed,100,none,89088af6-702d-46f1-85f7-fa99660871db
2279,339800,58.0836615562439,0.99900075,0.999002,1.0,0.9960719999999998,0.0,0.0,0.0,0.0,0.0,0.0,0.0005,0.0,0.0,0.0,0.0005,0.0,0.0,0.0,0.002,0.9975,0.04629795038975884,1892,0.0008711437408375596,1.315997119684746e-06,0.0001909434043220819,16,20,False,0.995,0.005,0.66,fixed,100,none,89088af6-702d-46f1-85f7-fa99660871db
2280,339900,58.10320496559143,0.99900075,0.999002,1.0,0.9960719999999998,0.0,0.0,0.0,0.0,0.0,0.0,0.0005,0.0,0.0,0.0,0.0005,0.0,0.0,0.0,0.002,0.9975,0.04629795038975884,1892,0.0008694523170658356,1.31325453024322e-06,0.00019057263056645763,16,20,False,0.995,0.005,0.66,fixed,100,none,89088af6-702d-46f1-85f7-fa99660871db
2281,340000,58.12251949310303,0.99900075,0.999002,1.0,0.9960719999999998,0.0,0.0,0.0,0.0,0.0,0.0,0.0005,0.0,0.0,0.0,0.0005,0.0,0.0,0.0,0.002,0.9975,0.04629795038975884,1892,0.0008689737245963654,1.3141034107805628e-06,0.0001904680279621927,16,20,False,0.995,0.005,0.66,fixed,100,none,89088af6-702d-46f1-85f7-fa99660871db
2282,340200,58.14177227020264,0.99900075,0.999002,1.0,0.9960719999999998,0.0,0.0,0.0,0.0,0.0,0.0,0.0005,0.0,0.0,0.0,0.0005,0.0,0.0,0.0,0.002,0.9975,0.04629795038975884,1892,0.0008714600916831175,1.320183365494456e-06,0.00019101344890887838,16,20,False,0.995,0.005,0.66,fixed,100,none,89088af6-702d-46f1-85f7-fa99660871db
2283,340300,58.16044306755066,0.99900075,0.999002,1.0,0.9960719999999998,0.0,0.0,0.0,0.0,0.0,0.0,0.0005,0.0,0.0,0.0,0.0005,0.0,0.0,0.0,0.002,0.9975,0.04629795038975884,1892,0.0008710627393616377,1.318727086752759e-06,0.00019092619179274554,16,20,False,0.995,0.005,0.66,fixed,100,none,89088af6-702d-46f1-85f7-fa99660871db
2284,340500,58.1797890663147,0.99900075,0.999002,1.0,0.9960719999999998,0.0,0.0,0.0,0.0,0.0,0.0,0.0005,0.0,0.0,0.0,0.0005,0.0,0.0,0.0,0.002,0.9975,0.04629795038975884,1892,0.0008719984804640207,1.3230827588278345e-06,0.00019113185309775141,16,20,False,0.995,0.005,0.66,fixed,100,none,89088af6-702d-46f1-85f7-fa99660871db
2285,340600,58.199134826660156,0.99900075,0.999002,1.0,0.9960719999999998,0.0,0.0,0.0,0.0,0.0,0.0,0.0005,0.0,0.0,0.0,0.0005,0.0,0.0,0.0,0.002,0.9975,0.04629795038975884,1892,0.0008723616514890804,1.3217464116959933e-06,0.00019121109732918195,16,20,False,0.995,0.005,0.66,fixed,100,none,89088af6-702d-46f1-85f7-fa99660871db
2286,340900,58.21855878829956,0.99900075,0.999002,1.0,0.9960719999999998,0.0,0.0,0.0,0.0,0.0,0.0,0.0005,0.0,0.0,0.0,0.0005,0.0,0.0,0.0,0.002,0.9975,0.04669518407547691,1891,0.0008722363989771815,1.32520603236095e-06,0.0001911843368822536,16,20,False,0.995,0.005,0.66,fixed,100,none,89088af6-702d-46f1-85f7-fa99660871db
2287,341000,58.237796783447266,0.99900075,0.999002,1.0,0.9960719999999998,0.0,0.0,0.0,0.0,0.0,0.0,0.0005,0.0,0.0,0.0,0.0005,0.0,0.0,0.0,0.002,0.9975,0.04669518407547691,1891,0.0008726528667314293,1.3270432990572313e-06,0.00019127585075433075,16,20,False,0.995,0.005,0.66,fixed,100,none,89088af6-702d-46f1-85f7-fa99660871db
2288,341300,58.25726890563965,0.99900075,0.999002,1.0,0.9960719999999998,0.0,0.0,0.0,0.0,0.0,0.0,0.0005,0.0,0.0,0.0,0.0005,0.0,0.0,0.0,0.002,0.9975,0.04669518407547691,1891,0.0008749222540517643,1.330438992041182e-06,0.00019177326482041905,16,20,False,0.995,0.005,0.66,fixed,100,none,89088af6-702d-46f1-85f7-fa99660871db
2289,341400,58.2764790058136,0.99900075,0.999002,1.0,0.9960719999999998,0.0,0.0,0.0,0.0,0.0,0.0,0.0005,0.0,0.0,0.0,0.0005,0.0,0.0,0.0,0.002,0.9975,0.04669518407547691,1891,0.0008752170917011591,1.3308394498358812e-06,0.00019183788086885256,16,20,False,0.995,0.005,0.66,fixed,100,none,89088af6-702d-46f1-85f7-fa99660871db
2290,341600,58.29615306854248,0.99900075,0.999002,1.0,0.9960719999999998,0.0,0.0,0.0,0.0,0.0,0.0,0.0005,0.0,0.0,0.0,0.0005,0.0,0.0,0.0,0.002,0.9975,0.04629795038975884,1892,0.0008760595971539948,1.3299335080644772e-06,0.00019202213318354172,16,20,False,0.995,0.005,0.66,fixed,100,none,89088af6-702d-46f1-85f7-fa99660871db
2291,341700,58.31575298309326,0.99900075,0.999002,1.0,0.9960719999999998,0.0,0.0,0.0,0.0,0.0,0.0,0.0005,0.0,0.0,0.0,0.0005,0.0,0.0,0.0,0.002,0.9975,0.04629795038975884,1892,0.0008784777362137483,1.3339746264248098e-06,0.00019255223163621024,16,20,False,0.995,0.005,0.66,fixed,100,none,89088af6-702d-46f1-85f7-fa99660871db
2292,342000,58.33515119552612,0.99900075,0.999002,1.0,0.9960719999999998,0.0,0.0,0.0,0.0,0.0,0.0,0.0005,0.0,0.0,0.0,0.0005,0.0,0.0,0.0,0.002,0.9975,0.04629795038975884,1892,0.0008769201561315598,1.3335456738650618e-06,0.00019221119585523282,16,20,False,0.995,0.005,0.66,fixed,100,none,89088af6-702d-46f1-85f7-fa99660871db
2293,342100,58.3547248840332,0.99900075,0.999002,1.0,0.9960719999999998,0.0,0.0,0.0,0.0,0.0,0.0,0.0005,0.0,0.0,0.0,0.0005,0.0,0.0,0.0,0.002,0.9975,0.04629795038975884,1892,0.0008772938678605771,1.3341187502905174e-06,0.00019229311023723556,16,20,False,0.995,0.005,0.66,fixed,100,none,89088af6-702d-46f1-85f7-fa99660871db
2294,342300,58.37400937080383,0.99900075,0.999002,1.0,0.9960719999999998,0.0,0.0,0.0,0.0,0.0,0.0,0.0005,0.0,0.0,0.0,0.0005,0.0,0.0,0.0,0.002,0.9975,0.04629795038975884,1892,0.000875359366533435,1.333759329929942e-06,0.00019186957960685562,16,20,False,0.995,0.005,0.66,fixed,100,none,89088af6-702d-46f1-85f7-fa99660871db
2295,342400,58.393393993377686,0.99900075,0.999002,1.0,0.9960719999999998,0.0,0.0,0.0,0.0,0.0,0.0,0.0005,0.0,0.0,0.0,0.0005,0.0,0.0,0.0,0.002,0.9975,0.045899711685228106,1893,0.0008763579178417492,1.3359550823546488e-06,0.0001920885796812063,16,20,False,0.995,0.005,0.66,fixed,100,none,89088af6-702d-46f1-85f7-fa99660871db
2296,342700,58.412986040115356,0.99900075,0.999002,1.0,0.9960719999999998,0.0,0.0,0.0,0.0,0.0,0.0,0.0005,0.0,0.0,0.0,0.0005,0.0,0.0,0.0,0.002,0.9975,0.04669518407547691,1891,0.0008771386260763561,1.3355862530329934e-06,0.0001922594066361906,16,20,False,0.995,0.005,0.66,fixed,100,none,89088af6-702d-46f1-85f7-fa99660871db
2297,342800,58.43244457244873,0.99900075,0.999002,1.0,0.9960719999999998,0.0,0.0,0.0,0.0,0.0,0.0,0.0005,0.0,0.0,0.0,0.0005,0.0,0.0,0.0,0.002,0.9975,0.047091412742382266,1890,0.0008782478304983979,1.3386963718334555e-06,0.00019250280240674768,16,20,False,0.995,0.005,0.66,fixed,100,none,89088af6-702d-46f1-85f7-fa99660871db
2298,343100,58.451754093170166,0.99900075,0.999002,1.0,0.9960719999999998,0.0,0.0,0.0,0.0,0.0,0.0,0.0005,0.0,0.0,0.0,0.0005,0.0,0.0,0.0,0.002,0.9975,0.04669518407547691,1891,0.0008819933348861883,1.345398005634848e-06,0.00019332396662765725,16,20,False,0.995,0.005,0.66,fixed,100,none,89088af6-702d-46f1-85f7-fa99660871db
2299,343200,58.47118306159973,0.99900075,0.999002,1.0,0.9960719999999998,0.0,0.0,0.0,0.0,0.0,0.0,0.0005,0.0,0.0,0.0,0.0005,0.0,0.0,0.0,0.002,0.9975,0.04669518407547691,1891,0.0008818974115114302,1.3455609561254048e-06,0.0001933029999615159,16,20,False,0.995,0.005,0.66,fixed,100,none,89088af6-702d-46f1-85f7-fa99660871db
2300,343400,58.4910044670105,0.99900075,0.999002,1.0,0.9960719999999998,0.0,0.0,0.0,0.0,0.0,0.0,0.0005,0.0,0.0,0.0,0.0005,0.0,0.0,0.0,0.002,0.9975,0.04629795038975885,1892,0.000881693849320811,1.3433651249468175e-06,0.00019325802299006544,16,20,False,0.995,0.005,0.66,fixed,100,none,89088af6-702d-46f1-85f7-fa99660871db
2301,343500,58.510868072509766,0.99900075,0.999002,1.0,0.9960719999999998,0.0,0.0,0.0,0.0,0.0,0.0,0.0005,0.0,0.0,0.0,0.0005,0.0,0.0,0.0,0.002,0.9975,0.04669518407547691,1891,0.0008821084094428503,1.3439642437957078e-06,0.00019334888403336114,16,20,False,0.995,0.005,0.66,fixed,100,none,89088af6-702d-46f1-85f7-fa99660871db
2302,343800,58.530314207077026,0.99900075,0.999002,1.0,0.9960719999999998,0.0,0.0,0.0,0.0,0.0,0.0,0.0005,0.0,0.0,0.0,0.0005,0.0,0.0,0.0,0.002,0.9975,0.045899711685228106,1893,0.0008833464516529974,1.347608633049774e-06,0.00019362058390712058,16,20,False,0.995,0.005,0.66,fixed,100,none,89088af6-702d-46f1-85f7-fa99660871db
2303,343900,58.549715518951416,0.99900075,0.999002,1.0,0.9960719999999998,0.0,0.0,0.0,0.0,0.0,0.0,0.0005,0.0,0.0,0.0,0.0005,0.0,0.0,0.0,0.002,0.9975,0.045899711685228106,1893,0.0008839558937581747,1.349712136985324e-06,0.00019375439044969168,16,20,False,0.995,0.005,0.66,fixed,100,none,89088af6-702d-46f1-85f7-fa99660871db
2304,344100,58.56896615028381,0.99900075,0.999002,1.0,0.9960719999999998,0.0,0.0,0.0,0.0,0.0,0.0,0.0005,0.0,0.0,0.0,0.0005,0.0,0.0,0.0,0.002,0.9975,0.045899711685228106,1893,0.0008862486551892315,1.3547699565580988e-06,0.00019425723691266882,16,20,False,0.995,0.005,0.66,fixed,100,none,89088af6-702d-46f1-85f7-fa99660871db
2305,344200,58.588255167007446,0.99900075,0.999002,1.0,0.9960719999999998,0.0,0.0,0.0,0.0,0.0,0.0,0.0005,0.0,0.0,0.0,0.0005,0.0,0.0,0.0,0.002,0.9975,0.045899711685228106,1893,0.0008862991799796916,1.355133861269489e-06,0.0001942683659311957,16,20,False,0.995,0.005,0.66,fixed,100,none,89088af6-702d-46f1-85f7-fa99660871db
2306,344500,58.60746169090271,0.99900075,0.999002,1.0,0.9960719999999998,0.0,0.0,0.0,0.0,0.0,0.0,0.0005,0.0,0.0,0.0,0.0005,0.0,0.0,0.0,0.002,0.9975,0.045899711685228106,1893,0.0008876550435489839,1.357382842146866e-06,0.00019456559177288049,16,20,False,0.995,0.005,0.66,fixed,100,none,89088af6-702d-46f1-85f7-fa99660871db
2307,344600,58.62665343284607,0.99900075,0.999002,1.0,0.9960719999999998,0.0,0.0,0.0,0.0,0.0,0.0,0.0005,0.0,0.0,0.0,0.0005,0.0,0.0,0.0,0.002,0.9975,0.04629795038975885,1892,0.0008878724014347678,1.3563517892353034e-06,0.0001946129755140254,16,20,False,0.995,0.005,0.66,fixed,100,none,89088af6-702d-46f1-85f7-fa99660871db
2308,344900,58.64600157737732,0.99900075,0.999002,1.0,0.9960719999999998,0.0,0.0,0.0,0.0,0.0,0.0,0.0005,0.0,0.0,0.0,0.0005,0.0,0.0,0.0,0.002,0.9975,0.045899711685228106,1893,0.0008875127980096346,1.3542352352616715e-06,0.00019453385617900873,16,20,False,0.995,0.005,0.66,fixed,100,none,89088af6-702d-46f1-85f7-fa99660871db
2309,345000,58.66527247428894,0.99900075,0.999002,1.0,0.9960719999999998,0.0,0.0,0.0,0.0,0.0,0.0,0.0005,0.0,0.0,0.0,0.0005,0.0,0.0,0.0,0.002,0.9975,0.04550046796188467,1894,0.0008875527276258681,1.3565246917283947e-06,0.00019454303176873094,16,20,False,0.995,0.005,0.66,fixed,100,none,89088af6-702d-46f1-85f7-fa99660871db
2310,345200,58.68438386917114,0.99900075,0.999002,1.0,0.9960719999999998,0.0,0.0,0.0,0.0,0.0,0.0,0.0005,0.0,0.0,0.0,0.0005,0.0,0.0,0.0,0.002,0.9975,0.045899711685228106,1893,0.0008876948393932345,1.3534033049012712e-06,0.00019457354697111027,16,20,False,0.995,0.005,0.66,fixed,100,none,89088af6-702d-46f1-85f7-fa99660871db
2311,345300,58.70339035987854,0.99900075,0.999002,1.0,0.9960719999999998,0.0,0.0,0.0,0.0,0.0,0.0,0.0005,0.0,0.0,0.0,0.0005,0.0,0.0,0.0,0.002,0.9975,0.04550046796188467,1894,0.0008876420346185028,1.3537175636753124e-06,0.0001945620477150886,16,20,False,0.995,0.005,0.66,fixed,100,none,89088af6-702d-46f1-85f7-fa99660871db
2312,345500,58.722450256347656,0.99900075,0.999002,1.0,0.9960719999999998,0.0,0.0,0.0,0.0,0.0,0.0,0.0005,0.0,0.0,0.0,0.0005,0.0,0.0,0.0,0.002,0.9975,0.045899711685228106,1893,0.0008872641132035317,1.3521340802845407e-06,0.00019447901985550716,16,20,False,0.995,0.005,0.66,fixed,100,none,89088af6-702d-46f1-85f7-fa99660871db
2313,345600,58.74144983291626,0.99900075,0.999002,1.0,0.9960719999999998,0.0,0.0,0.0,0.0,0.0,0.0,0.0005,0.0,0.0,0.0,0.0005,0.0,0.0,0.0,0.002,0.9975,0.045899711685228106,1893,0.0008868160458389523,1.3531440156915508e-06,0.00019438112979712808,16,20,False,0.995,0.005,0.66,fixed,100,none,89088af6-702d-46f1-85f7-fa99660871db
2314,345700,58.76068711280823,0.99900075,0.999002,1.0,0.9960719999999998,0.0,0.0,0.0,0.0,0.0,0.0,0.0005,0.0,0.0,0.0,0.0005,0.0,0.0,0.0,0.002,0.9975,0.04550046796188467,1894,0.0008872582329515358,1.3536724764955528e-06,0.00019447802496362534,16,20,False,0.995,0.005,0.66,fixed,100,none,89088af6-702d-46f1-85f7-fa99660871db
2315,345900,58.78020358085632,0.99900075,0.999002,1.0,0.9960719999999998,0.0,0.0,0.0,0.0,0.0,0.0,0.0005,0.0,0.0,0.0,0.0005,0.0,0.0,0.0,0.002,0.9975,0.04550046796188467,1894,0.000887069430041629,1.3548449559655109e-06,0.00019443691877774606,16,20,False,0.995,0.005,0.66,fixed,100,none,89088af6-702d-46f1-85f7-fa99660871db
2316,346000,58.799675703048706,0.99900075,0.999002,1.0,0.9960719999999998,0.0,0.0,0.0,0.0,0.0,0.0,0.0005,0.0,0.0,0.0,0.0005,0.0,0.0,0.0,0.002,0.9975,0.04550046796188467,1894,0.0008880884356652372,1.3580296358047867e-06,0.0001946605841979233,16,20,False,0.995,0.005,0.66,fixed,100,none,89088af6-702d-46f1-85f7-fa99660871db
2317,346300,58.818849086761475,0.99900075,0.999002,1.0,0.9960719999999998,0.0,0.0,0.0,0.0,0.0,0.0,0.0005,0.0,0.0,0.0,0.0005,0.0,0.0,0.0,0.002,0.9975,0.045899711685228106,1893,0.0008882029793636545,1.3583288280999846e-06,0.00019468571466004297,16,20,False,0.995,0.005,0.66,fixed,100,none,89088af6-702d-46f1-85f7-fa99660871db
2318,346400,58.83798933029175,0.99900075,0.999002,1.0,0.9960719999999998,0.0,0.0,0.0,0.0,0.0,0.0,0.0005,0.0,0.0,0.0,0.0005,0.0,0.0,0.0,0.002,0.9975,0.045899711685228106,1893,0.0008879881484458575,1.3591804516142805e-06,0.00019463884998060496,16,20,False,0.995,0.005,0.66,fixed,100,none,89088af6-702d-46f1-85f7-fa99660871db
2319,346700,58.85819053649902,0.99900075,0.999002,1.0,0.9960719999999998,0.0,0.0,0.0,0.0,0.0,0.0,0.0005,0.0,0.0,0.0,0.0005,0.0,0.0,0.0,0.002,0.9975,0.045899711685228106,1893,0.0008903494695957117,1.3628571755221317e-06,0.00019515644175785053,16,20,False,0.995,0.005,0.66,fixed,100,none,89088af6-702d-46f1-85f7-fa99660871db
2320,346800,58.877235889434814,0.99900075,0.999002,1.0,0.9960719999999998,0.0,0.0,0.0,0.0,0.0,0.0,0.0005,0.0,0.0,0.0,0.0005,0.0,0.0,0.0,0.002,0.9975,0.045899711685228106,1893,0.0008903494695957117,1.3628571755221317e-06,0.00019515644175785053,16,20,False,0.995,0.005,0.66,fixed,100,none,89088af6-702d-46f1-85f7-fa99660871db
2321,347000,58.896361112594604,0.99900075,0.999002,1.0,0.9960719999999998,0.0,0.0,0.0,0.0,0.0,0.0,0.0005,0.0,0.0,0.0,0.0005,0.0,0.0,0.0,0.002,0.9975,0.045899711685228106,1893,0.0008914176165350439,1.3660752426065574e-06,0.00019539087055561638,16,20,False,0.995,0.005,0.66,fixed,100,none,89088af6-702d-46f1-85f7-fa99660871db
2322,347100,58.91542911529541,0.99900075,0.999002,1.0,0.9960719999999998,0.0,0.0,0.0,0.0,0.0,0.0,0.0005,0.0,0.0,0.0,0.0005,0.0,0.0,0.0,0.002,0.9975,0.045899711685228106,1893,0.0008913104925628947,1.3640925381218745e-06,0.00019536704440426084,16,20,False,0.995,0.005,0.66,fixed,100,none,89088af6-702d-46f1-85f7-fa99660871db
2323,347400,58.93490934371948,0.99900075,0.999002,1.0,0.9960719999999998,0.0,0.0,0.0,0.0,0.0,0.0,0.0005,0.0,0.0,0.0,0.0005,0.0,0.0,0.0,0.002,0.9975,0.045899711685228106,1893,0.0008897784986248568,1.3649139056915374e-06,0.00019503184699106257,16,20,False,0.995,0.005,0.66,fixed,100,none,89088af6-702d-46f1-85f7-fa99660871db
2324,347500,58.9539430141449,0.99900075,0.999002,1.0,0.9960719999999998,0.0,0.0,0.0,0.0,0.0,0.0,0.0005,0.0,0.0,0.0,0.0005,0.0,0.0,0.0,0.002,0.9975,0.045899711685228106,1893,0.0008908826501635075,1.36798075464272e-06,0.00019527412846417392,16,20,False,0.995,0.005,0.66,fixed,100,none,89088af6-702d-46f1-85f7-fa99660871db
2325,347700,58.97683143615723,0.99900075,0.999002,1.0,0.9960719999999998,0.0,0.0,0.0,0.0,0.0,0.0,0.0005,0.0,0.0,0.0,0.0005,0.0,0.0,0.0,0.002,0.9975,0.045899711685228106,1893,0.0008917167898879946,1.3689358981837114e-06,0.00019545690312713693,16,20,False,0.995,0.005,0.66,fixed,100,none,89088af6-702d-46f1-85f7-fa99660871db
2326,347800,58.995790243148804,0.99900075,0.999002,1.0,0.9960719999999998,0.0,0.0,0.0,0.0,0.0,0.0,0.0005,0.0,0.0,0.0,0.0005,0.0,0.0,0.0,0.002,0.9975,0.045899711685228106,1893,0.0008908423730763513,1.3686368482537626e-06,0.00019526543646758153,16,20,False,0.995,0.005,0.66,fixed,100,none,89088af6-702d-46f1-85f7-fa99660871db
2327,348100,59.014854431152344,0.99900075,0.999002,1.0,0.9960719999999998,0.0,0.0,0.0,0.0,0.0,0.0,0.0005,0.0,0.0,0.0,0.0005,0.0,0.0,0.0,0.002,0.9975,0.045899711685228106,1893,0.0008929230912660368,1.3754559553059324e-06,0.0001957222013096436,16,20,False,0.995,0.005,0.66,fixed,100,none,89088af6-702d-46f1-85f7-fa99660871db
2328,348200,59.033899784088135,0.99900075,0.999002,1.0,0.9960719999999998,0.0,0.0,0.0,0.0,0.0,0.0,0.0005,0.0,0.0,0.0,0.0005,0.0,0.0,0.0,0.002,0.9975,0.045899711685228106,1893,0.0008925640172840234,1.3744277630653403e-06,0.00019564340465845517,16,20,False,0.995,0.005,0.66,fixed,100,none,89088af6-702d-46f1-85f7-fa99660871db
2329,348400,59.052987813949585,0.99900075,0.999002,1.0,0.9960719999999998,0.0,0.0,0.0,0.0,0.0,0.0,0.0005,0.0,0.0,0.0,0.0005,0.0,0.0,0.0,0.002,0.9975,0.045899711685228106,1893,0.0008891927453709976,1.3682909941148198e-06,0.00019490426725059319,16,20,False,0.995,0.005,0.66,fixed,100,none,89088af6-702d-46f1-85f7-fa99660871db
2330,348500,59.072129249572754,0.99900075,0.999002,1.0,0.9960719999999998,0.0,0.0,0.0,0.0,0.0,0.0,0.0005,0.0,0.0,0.0,0.0005,0.0,0.0,0.0,0.002,0.9975,0.045899711685228106,1893,0.0008898014960430157,1.3687354534737395e-06,0.00019503760721997613,16,20,False,0.995,0.005,0.66,fixed,100,none,89088af6-702d-46f1-85f7-fa99660871db
2331,348600,59.09118366241455,0.99900075,0.999002,1.0,0.9960719999999998,0.0,0.0,0.0,0.0,0.0,0.0,0.0005,0.0,0.0,0.0,0.0005,0.0,0.0,0.0,0.002,0.9975,0.045899711685228106,1893,0.0008895342367546348,1.3691627844195353e-06,0.00019497918535462926,16,20,False,0.995,0.005,0.66,fixed,100,none,89088af6-702d-46f1-85f7-fa99660871db
2332,348800,59.11021399497986,0.99900075,0.999002,1.0,0.9960719999999998,0.0,0.0,0.0,0.0,0.0,0.0,0.0005,0.0,0.0,0.0,0.0005,0.0,0.0,0.0,0.002,0.9975,0.04550046796188467,1894,0.0008900095654045913,1.369932218354915e-06,0.00019508338098855248,16,20,False,0.995,0.005,0.66,fixed,100,none,89088af6-702d-46f1-85f7-fa99660871db
2333,348900,59.12931942939758,0.99900075,0.999002,1.0,0.9960719999999998,0.0,0.0,0.0,0.0,0.0,0.0,0.0005,0.0,0.0,0.0,0.0005,0.0,0.0,0.0,0.002,0.9975,0.04550046796188467,1894,0.0008903520018510799,1.3707077345577055e-06,0.00019515848767476737,16,20,False,0.995,0.005,0.66,fixed,100,none,89088af6-702d-46f1-85f7-fa99660871db
2334,349200,59.14845848083496,0.99900075,0.999002,1.0,0.9960719999999998,0.0,0.0,0.0,0.0,0.0,0.0,0.0005,0.0,0.0,0.0,0.0005,0.0,0.0,0.0,0.002,0.9975,0.04550046796188467,1894,0.0008922938160006321,1.3743520843323384e-06,0.00019558424321856153,16,20,False,0.995,0.005,0.66,fixed,100,none,89088af6-702d-46f1-85f7-fa99660871db
2335,349300,59.16752600669861,0.99900075,0.999002,1.0,0.9960719999999998,0.0,0.0,0.0,0.0,0.0,0.0,0.0005,0.0,0.0,0.0,0.0005,0.0,0.0,0.0,0.002,0.9975,0.045899711685228106,1893,0.0008929577491513591,1.3753630900870332e-06,0.00019572977027634903,16,20,False,0.995,0.005,0.66,fixed,100,none,89088af6-702d-46f1-85f7-fa99660871db
2336,349500,59.186689615249634,0.99900075,0.999002,1.0,0.9960719999999998,0.0,0.0,0.0,0.0,0.0,0.0,0.0005,0.0,0.0,0.0,0.0005,0.0,0.0,0.0,0.002,0.9975,0.045899711685228106,1893,0.0008921382673819453,1.3742460107620577e-06,0.00019555017347195263,16,20,False,0.995,0.005,0.66,fixed,100,none,89088af6-702d-46f1-85f7-fa99660871db
2337,349600,59.205822229385376,0.99900075,0.999002,1.0,0.9960719999999998,0.0,0.0,0.0,0.0,0.0,0.0,0.0005,0.0,0.0,0.0,0.0005,0.0,0.0,0.0,0.002,0.9975,0.045899711685228106,1893,0.0008919947138004689,1.374268812356014e-06,0.00019551875392527032,16,20,False,0.995,0.005,0.66,fixed,100,none,89088af6-702d-46f1-85f7-fa99660871db
2338,349900,59.22493386268616,0.99900075,0.999002,1.0,0.9960719999999998,0.0,0.0,0.0,0.0,0.0,0.0,0.0005,0.0,0.0,0.0,0.0005,0.0,0.0,0.0,0.002,0.9975,0.045899711685228106,1893,0.0008928140565300309,1.3762757132503801e-06,0.00019569848935994136,16,20,False,0.995,0.005,0.66,fixed,100,none,89088af6-702d-46f1-85f7-fa99660871db
2339,350000,59.24395132064819,0.99900075,0.999002,1.0,0.9960719999999998,0.0,0.0,0.0,0.0,0.0,0.0,0.0005,0.0,0.0,0.0,0.0005,0.0,0.0,0.0,0.002,0.9975,0.045899711685228106,1893,0.0008929853857917974,1.3782856792272397e-06,0.00019573637522887763,16,20,False,0.995,0.005,0.66,fixed,100,none,89088af6-702d-46f1-85f7-fa99660871db
2340,350300,59.26300621032715,0.99900075,0.999002,1.0,0.9960719999999998,0.0,0.0,0.0,0.0,0.0,0.0,0.0005,0.0,0.0,0.0,0.0005,0.0,0.0,0.0,0.002,0.9975,0.045899711685228106,1893,0.000892773236192577,1.3777270691431604e-06,0.0001956898295456923,16,20,False,0.995,0.005,0.66,fixed,100,none,89088af6-702d-46f1-85f7-fa99660871db
2341,350400,59.282222747802734,0.99900075,0.999002,1.0,0.9960719999999998,0.0,0.0,0.0,0.0,0.0,0.0,0.0005,0.0,0.0,0.0,0.0005,0.0,0.0,0.0,0.002,0.9975,0.045899711685228106,1893,0.0008923391715296074,1.3779607813127166e-06,0.00019559485719628048,16,20,False,0.995,0.005,0.66,fixed,100,none,89088af6-702d-46f1-85f7-fa99660871db
2342,350600,59.301307916641235,0.99900075,0.999002,1.0,0.9960719999999998,0.0,0.0,0.0,0.0,0.0,0.0,0.0005,0.0,0.0,0.0,0.0005,0.0,0.0,0.0,0.002,0.9975,0.045899711685228106,1893,0.0008912467470853142,1.3792527724304804e-06,0.0001953559709637371,16,20,False,0.995,0.005,0.66,fixed,100,none,89088af6-702d-46f1-85f7-fa99660871db
2343,350700,59.32048559188843,0.99900075,0.999002,1.0,0.9960719999999998,0.0,0.0,0.0,0.0,0.0,0.0,0.0005,0.0,0.0,0.0,0.0005,0.0,0.0,0.0,0.002,0.9975,0.045899711685228106,1893,0.000890820847247301,1.3776196386126416e-06,0.0001952624311937706,16,20,False,0.995,0.005,0.66,fixed,100,none,89088af6-702d-46f1-85f7-fa99660871db
2344,351000,59.3396315574646,0.99900075,0.999002,1.0,0.9960719999999998,0.0,0.0,0.0,0.0,0.0,0.0,0.0005,0.0,0.0,0.0,0.0005,0.0,0.0,0.0,0.002,0.9975,0.045899711685228106,1893,0.0008920449839045131,1.3796290863894329e-06,0.0001955307765031119,16,20,False,0.995,0.005,0.66,fixed,100,none,89088af6-702d-46f1-85f7-fa99660871db
2345,351100,59.35866093635559,0.99900075,0.999002,1.0,0.9960719999999998,0.0,0.0,0.0,0.0,0.0,0.0,0.0005,0.0,0.0,0.0,0.0005,0.0,0.0,0.0,0.002,0.9975,0.045899711685228106,1893,0.000892149448235948,1.3805424625018884e-06,0.00019555381728672438,16,20,False,0.995,0.005,0.66,fixed,100,none,89088af6-702d-46f1-85f7-fa99660871db
2346,351300,59.377700090408325,0.99900075,0.999002,1.0,0.9960719999999998,0.0,0.0,0.0,0.0,0.0,0.0,0.0005,0.0,0.0,0.0,0.0005,0.0,0.0,0.0,0.002,0.9975,0.045899711685228106,1893,0.0008926004646775185,1.3811507670187159e-06,0.00019565266036364237,16,20,False,0.995,0.005,0.66,fixed,100,none,89088af6-702d-46f1-85f7-fa99660871db
2347,351400,59.39675426483154,0.99900075,0.999002,1.0,0.9960719999999998,0.0,0.0,0.0,0.0,0.0,0.0,0.0005,0.0,0.0,0.0,0.0005,0.0,0.0,0.0,0.002,0.9975,0.045899711685228106,1893,0.0008922569050340469,1.3823200653448512e-06,0.0001955776773243684,16,20,False,0.995,0.005,0.66,fixed,100,none,89088af6-702d-46f1-85f7-fa99660871db
2348,351500,59.416574001312256,0.99900075,0.999002,1.0,0.9960719999999998,0.0,0.0,0.0,0.0,0.0,0.0,0.0005,0.0,0.0,0.0,0.0005,0.0,0.0,0.0,0.002,0.9975,0.045899711685228106,1893,0.000892095589642333,1.3815069372261526e-06,0.00019554221089077969,16,20,False,0.995,0.005,0.66,fixed,100,none,89088af6-702d-46f1-85f7-fa99660871db
2349,351700,59.436978578567505,0.99900075,0.999002,1.0,0.9960719999999998,0.0,0.0,0.0,0.0,0.0,0.0,0.0005,0.0,0.0,0.0,0.0005,0.0,0.0,0.0,0.002,0.9975,0.045899711685228106,1893,0.0008894893146858401,1.3778887185786983e-06,0.00019497100984126038,16,20,False,0.995,0.005,0.66,fixed,100,none,89088af6-702d-46f1-85f7-fa99660871db
2350,351800,59.45711541175842,0.99900075,0.999002,1.0,0.9960719999999998,0.0,0.0,0.0,0.0,0.0,0.0,0.0005,0.0,0.0,0.0,0.0005,0.0,0.0,0.0,0.002,0.9975,0.045899711685228106,1893,0.0008888517816884665,1.3764346908272138e-06,0.0001948311776028625,16,20,False,0.995,0.005,0.66,fixed,100,none,89088af6-702d-46f1-85f7-fa99660871db
2351,352100,59.477046489715576,0.99900075,0.999002,1.0,0.9960719999999998,0.0,0.0,0.0,0.0,0.0,0.0,0.0005,0.0,0.0,0.0,0.0005,0.0,0.0,0.0,0.002,0.9975,0.045899711685228106,1893,0.0008893072915894954,1.3792322447493823e-06,0.00019493142025544293,16,20,False,0.995,0.005,0.66,fixed,100,none,89088af6-702d-46f1-85f7-fa99660871db
2352,352200,59.49693155288696,0.99900075,0.999002,1.0,0.9960719999999998,0.0,0.0,0.0,0.0,0.0,0.0,0.0005,0.0,0.0,0.0,0.0005,0.0,0.0,0.0,0.002,0.9975,0.045899711685228106,1893,0.0008886697171543114,1.3772366102143897e-06,0.00019479147604101952,16,20,False,0.995,0.005,0.66,fixed,100,none,89088af6-702d-46f1-85f7-fa99660871db
2353,352400,59.51664614677429,0.99900075,0.999002,1.0,0.9960719999999998,0.0,0.0,0.0,0.0,0.0,0.0,0.0005,0.0,0.0,0.0,0.0005,0.0,0.0,0.0,0.002,0.9975,0.045899711685228106,1893,0.0008893814111816999,1.3791795944004373e-06,0.00019494763503061018,16,20,False,0.995,0.005,0.66,fixed,100,none,89088af6-702d-46f1-85f7-fa99660871db
2354,352500,59.53616428375244,0.99900075,0.999002,1.0,0.9960719999999998,0.0,0.0,0.0,0.0,0.0,0.0,0.0005,0.0,0.0,0.0,0.0005,0.0,0.0,0.0,0.002,0.9975,0.046297950389758855,1892,0.0008906267782664186,1.3823875706339767e-06,0.0001952208554009395,16,20,False,0.995,0.005,0.66,fixed,100,none,89088af6-702d-46f1-85f7-fa99660871db
2355,352800,59.55567455291748,0.99900075,0.999002,1.0,0.9960719999999998,0.0,0.0,0.0,0.0,0.0,0.0,0.0005,0.0,0.0,0.0,0.0005,0.0,0.0,0.0,0.002,0.9975,0.046297950389758855,1892,0.0008885102020657253,1.3807455173318328e-06,0.00019475722488048033,16,20,False,0.995,0.005,0.66,fixed,100,none,89088af6-702d-46f1-85f7-fa99660871db
2356,352900,59.57503032684326,0.99900075,0.999002,1.0,0.9960719999999998,0.0,0.0,0.0,0.0,0.0,0.0,0.0005,0.0,0.0,0.0,0.0005,0.0,0.0,0.0,0.002,0.9975,0.045899711685228106,1893,0.0008888716174990438,1.3821469071993323e-06,0.0001948366049829086,16,20,False,0.995,0.005,0.66,fixed,100,none,89088af6-702d-46f1-85f7-fa99660871db
2357,353200,59.594298124313354,0.99900075,0.999002,1.0,0.9960719999999998,0.0,0.0,0.0,0.0,0.0,0.0,0.0005,0.0,0.0,0.0,0.0005,0.0,0.0,0.0,0.002,0.9975,0.045899711685228106,1893,0.0008872209437544453,1.3802435951039102e-06,0.00019447491087091782,16,20,False,0.995,0.005,0.66,fixed,100,none,89088af6-702d-46f1-85f7-fa99660871db
2358,353300,59.61242485046387,0.99900075,0.999002,1.0,0.9960719999999998,0.0,0.0,0.0,0.0,0.0,0.0,0.0005,0.0,0.0,0.0,0.0005,0.0,0.0,0.0,0.002,0.9975,0.045899711685228106,1893,0.0008872209437544453,1.3802435951039102e-06,0.00019447491087091782,16,20,False,0.995,0.005,0.66,fixed,100,none,89088af6-702d-46f1-85f7-fa99660871db
2359,353500,59.63167595863342,0.99900075,0.999002,1.0,0.9960719999999998,0.0,0.0,0.0,0.0,0.0,0.0,0.0005,0.0,0.0,0.0,0.0005,0.0,0.0,0.0,0.002,0.9975,0.045899711685228106,1893,0.0008893302511563656,1.386160431300376e-06,0.0001949377624600755,16,20,False,0.995,0.005,0.66,fixed,100,none,89088af6-702d-46f1-85f7-fa99660871db
2360,353600,59.6510226726532,0.99900075,0.999002,1.0,0.9960719999999998,0.0,0.0,0.0,0.0,0.0,0.0,0.0005,0.0,0.0,0.0,0.0005,0.0,0.0,0.0,0.002,0.9975,0.046297950389758855,1892,0.0008910146492664842,1.3898793116638833e-06,0.00019530718379364955,16,20,False,0.995,0.005,0.66,fixed,100,none,89088af6-702d-46f1-85f7-fa99660871db
2361,353900,59.670591592788696,0.99900075,0.999002,1.0,0.9960719999999998,0.0,0.0,0.0,0.0,0.0,0.0,0.0005,0.0,0.0,0.0,0.0005,0.0,0.0,0.0,0.002,0.9975,0.046297950389758855,1892,0.0008927161388157732,1.3935718242288399e-06,0.00019568034143337625,16,20,False,0.995,0.005,0.66,fixed,100,none,89088af6-702d-46f1-85f7-fa99660871db
2362,354000,59.69035530090332,0.99900075,0.999002,1.0,0.9960719999999998,0.0,0.0,0.0,0.0,0.0,0.0,0.0005,0.0,0.0,0.0,0.0005,0.0,0.0,0.0,0.002,0.9975,0.046297950389758855,1892,0.000892514122905942,1.3953140942302796e-06,0.00019563645118201447,16,20,False,0.995,0.005,0.66,fixed,100,none,89088af6-702d-46f1-85f7-fa99660871db
2363,354100,59.70978760719299,0.99900075,0.999002,1.0,0.9960719999999998,0.0,0.0,0.0,0.0,0.0,0.0,0.0005,0.0,0.0,0.0,0.0005,0.0,0.0,0.0,0.002,0.9975,0.046297950389758855,1892,0.0008930725867710873,1.395892285628535e-06,0.00019575880877846044,16,20,False,0.995,0.005,0.66,fixed,100,none,89088af6-702d-46f1-85f7-fa99660871db
2364,354200,59.72929787635803,0.99900075,0.999002,1.0,0.9960719999999998,0.0,0.0,0.0,0.0,0.0,0.0,0.0005,0.0,0.0,0.0,0.0005,0.0,0.0,0.0,0.002,0.9975,0.046297950389758855,1892,0.0008936716004799294,1.3970088522922148e-06,0.0001958901450269921,16,20,False,0.995,0.005,0.66,fixed,100,none,89088af6-702d-46f1-85f7-fa99660871db
2365,354300,59.748542070388794,0.99900075,0.999002,1.0,0.9960719999999998,0.0,0.0,0.0,0.0,0.0,0.0,0.0005,0.0,0.0,0.0,0.0005,0.0,0.0,0.0,0.002,0.9975,0.046297950389758855,1892,0.000894668285239658,1.3995843481314331e-06,0.0001961088086651061,16,20,False,0.995,0.005,0.66,fixed,100,none,89088af6-702d-46f1-85f7-fa99660871db
2366,354600,59.76793551445007,0.99900075,0.999002,1.0,0.9960719999999998,0.0,0.0,0.0,0.0,0.0,0.0,0.0005,0.0,0.0,0.0,0.0005,0.0,0.0,0.0,0.002,0.9975,0.046297950389758855,1892,0.0008956861479705107,1.404761705790657e-06,0.00019633260251484503,16,20,False,0.995,0.005,0.66,fixed,100,none,89088af6-702d-46f1-85f7-fa99660871db
2367,354700,59.787660121917725,0.99900075,0.999002,1.0,0.9960719999999998,0.0,0.0,0.0,0.0,0.0,0.0,0.0005,0.0,0.0,0.0,0.0005,0.0,0.0,0.0,0.002,0.9975,0.046297950389758855,1892,0.0008955550266974891,1.4063207071778223e-06,0.00019630419627844416,16,20,False,0.995,0.005,0.66,fixed,100,none,89088af6-702d-46f1-85f7-fa99660871db
2368,355000,59.80747747421265,0.99900075,0.999002,1.0,0.9960719999999998,0.0,0.0,0.0,0.0,0.0,0.0,0.0005,0.0,0.0,0.0,0.0005,0.0,0.0,0.0,0.002,0.9975,0.045899711685228106,1893,0.0008958397017387709,1.4081840656684795e-06,0.00019636686568309399,16,20,False,0.995,0.005,0.66,fixed,100,none,89088af6-702d-46f1-85f7-fa99660871db
2369,355100,59.82690668106079,0.99900075,0.999002,1.0,0.9960719999999998,0.0,0.0,0.0,0.0,0.0,0.0,0.0005,0.0,0.0,0.0,0.0005,0.0,0.0,0.0,0.002,0.9975,0.045899711685228106,1893,0.0008949310132570716,1.4053523829649103e-06,0.00019616741575473632,16,20,False,0.995,0.005,0.66,fixed,100,none,89088af6-702d-46f1-85f7-fa99660871db
2370,355300,59.84601950645447,0.99900075,0.999002,1.0,0.9960719999999998,0.0,0.0,0.0,0.0,0.0,0.0,0.0005,0.0,0.0,0.0,0.0005,0.0,0.0,0.0,0.002,0.9975,0.045899711685228106,1893,0.0008955187326825709,1.4056621885607002e-06,0.00019629612640004128,16,20,False,0.995,0.005,0.66,fixed,100,none,89088af6-702d-46f1-85f7-fa99660871db
2371,355400,59.86502981185913,0.99900075,0.999002,1.0,0.9960719999999998,0.0,0.0,0.0,0.0,0.0,0.0,0.0005,0.0,0.0,0.0,0.0005,0.0,0.0,0.0,0.002,0.9975,0.04550046796188467,1894,0.000895055156104559,1.4026314109519354e-06,0.00019619407363936884,16,20,False,0.995,0.005,0.66,fixed,100,none,89088af6-702d-46f1-85f7-fa99660871db
2372,355700,59.884055614471436,0.99900075,0.999002,1.0,0.9960719999999998,0.0,0.0,0.0,0.0,0.0,0.0,0.0005,0.0,0.0,0.0,0.0005,0.0,0.0,0.0,0.002,0.9975,0.04550046796188467,1894,0.0008957969251829443,1.4017673771789006e-06,0.0001963562827242105,16,20,False,0.995,0.005,0.66,fixed,100,none,89088af6-702d-46f1-85f7-fa99660871db
2373,355800,59.90309548377991,0.99900075,0.999002,1.0,0.9960719999999998,0.0,0.0,0.0,0.0,0.0,0.0,0.0005,0.0,0.0,0.0,0.0005,0.0,0.0,0.0,0.002,0.9975,0.04550046796188467,1894,0.0008958919293883678,1.4012973195353377e-06,0.00019637698983382545,16,20,False,0.995,0.005,0.66,fixed,100,none,89088af6-702d-46f1-85f7-fa99660871db
2374,356000,59.9222776889801,0.99900075,0.999002,1.0,0.9960719999999998,0.0,0.0,0.0,0.0,0.0,0.0,0.0005,0.0,0.0,0.0,0.0005,0.0,0.0,0.0,0.002,0.9975,0.04550046796188467,1894,0.0008962340461523431,1.4003822721614509e-06,0.00019645170533445858,16,20,False,0.995,0.005,0.66,fixed,100,none,89088af6-702d-46f1-85f7-fa99660871db
2375,356100,59.941407442092896,0.99900075,0.999002,1.0,0.9960719999999998,0.0,0.0,0.0,0.0,0.0,0.0,0.0005,0.0,0.0,0.0,0.0005,0.0,0.0,0.0,0.002,0.9975,0.04550046796188467,1894,0.0008964105500801707,1.4005885750993745e-06,0.00019649038124181824,16,20,False,0.995,0.005,0.66,fixed,100,none,89088af6-702d-46f1-85f7-fa99660871db
2376,356400,59.9604856967926,0.99900075,0.999002,1.0,0.9960719999999998,0.0,0.0,0.0,0.0,0.0,0.0,0.0005,0.0,0.0,0.0,0.0005,0.0,0.0,0.0,0.002,0.9975,0.04550046796188467,1894,0.0008992763912062648,1.4084723894851517e-06,0.00019711921178905355,16,20,False,0.995,0.005,0.66,fixed,100,none,89088af6-702d-46f1-85f7-fa99660871db
2377,356500,59.97958827018738,0.99900075,0.999002,1.0,0.9960719999999998,0.0,0.0,0.0,0.0,0.0,0.0,0.0005,0.0,0.0,0.0,0.0005,0.0,0.0,0.0,0.002,0.9975,0.04550046796188467,1894,0.0008984614105655772,1.404351445982807e-06,0.0001969400295475416,16,20,False,0.995,0.005,0.66,fixed,100,none,89088af6-702d-46f1-85f7-fa99660871db
2378,356800,59.99871802330017,0.99900075,0.999002,1.0,0.9960719999999998,0.0,0.0,0.0,0.0,0.0,0.0,0.0005,0.0,0.0,0.0,0.0005,0.0,0.0,0.0,0.002,0.9975,0.045899711685228106,1893,0.0009025447372497757,1.4124322061608422e-06,0.00019783540510314647,16,20,False,0.995,0.005,0.66,fixed,100,none,89088af6-702d-46f1-85f7-fa99660871db
2379,356900,60.01784801483154,0.99900075,0.999002,1.0,0.9960719999999998,0.0,0.0,0.0,0.0,0.0,0.0,0.0005,0.0,0.0,0.0,0.0005,0.0,0.0,0.0,0.002,0.9975,0.045899711685228106,1893,0.0009034026554466558,1.4150964596590793e-06,0.0001980237096046082,16,20,False,0.995,0.005,0.66,fixed,100,none,89088af6-702d-46f1-85f7-fa99660871db
2380,357100,60.03705835342407,0.99900075,0.999002,1.0,0.9960719999999998,0.0,0.0,0.0,0.0,0.0,0.0,0.0005,0.0,0.0,0.0,0.0005,0.0,0.0,0.0,0.002,0.9975,0.045899711685228106,1893,0.0009030228884223654,1.414659199062873e-06,0.00019794049552347774,16,20,False,0.995,0.005,0.66,fixed,100,none,89088af6-702d-46f1-85f7-fa99660871db
2381,357200,60.05626106262207,0.99900075,0.999002,1.0,0.9960719999999998,0.0,0.0,0.0,0.0,0.0,0.0,0.0005,0.0,0.0,0.0,0.0005,0.0,0.0,0.0,0.002,0.9975,0.045899711685228106,1893,0.0009028999982182561,1.414522844526475e-06,0.0001979135689504363,16,20,False,0.995,0.005,0.66,fixed,100,none,89088af6-702d-46f1-85f7-fa99660871db
2382,357500,60.075576305389404,0.99900075,0.999002,1.0,0.9960719999999998,0.0,0.0,0.0,0.0,0.0,0.0,0.0005,0.0,0.0,0.0,0.0005,0.0,0.0,0.0,0.002,0.9975,0.045899711685228106,1893,0.0009036374686033119,1.415487328226503e-06,0.00019807518446962803,16,20,False,0.995,0.005,0.66,fixed,100,none,89088af6-702d-46f1-85f7-fa99660871db
2383,357600,60.09499263763428,0.99900075,0.999002,1.0,0.9960719999999998,0.0,0.0,0.0,0.0,0.0,0.0,0.0005,0.0,0.0,0.0,0.0005,0.0,0.0,0.0,0.002,0.9975,0.046297950389758855,1892,0.0009035622876340566,1.416224223289143e-06,0.00019805886736551994,16,20,False,0.995,0.005,0.66,fixed,100,none,89088af6-702d-46f1-85f7-fa99660871db
2384,357800,60.11417078971863,0.99900075,0.999002,1.0,0.9960719999999998,0.0,0.0,0.0,0.0,0.0,0.0,0.0005,0.0,0.0,0.0,0.0005,0.0,0.0,0.0,0.002,0.9975,0.04629795038975885,1892,0.0009032202618107569,1.4177624370705975e-06,0.00019798429017341812,16,20,False,0.995,0.005,0.66,fixed,100,none,89088af6-702d-46f1-85f7-fa99660871db
2385,357900,60.13326668739319,0.99900075,0.999002,1.0,0.9960719999999998,0.0,0.0,0.0,0.0,0.0,0.0,0.0005,0.0,0.0,0.0,0.0005,0.0,0.0,0.0,0.002,0.9975,0.046297950389758855,1892,0.0009037545183626772,1.4206658306160027e-06,0.0001981017905774071,16,20,False,0.995,0.005,0.66,fixed,100,none,89088af6-702d-46f1-85f7-fa99660871db
2386,358200,60.153926849365234,0.99900075,0.999002,1.0,0.9960719999999998,0.0,0.0,0.0,0.0,0.0,0.0,0.0005,0.0,0.0,0.0,0.0005,0.0,0.0,0.0,0.002,0.9975,0.045899711685228106,1893,0.0009037530631313446,1.423175211402265e-06,0.00019810194880961777,16,20,False,0.995,0.005,0.66,fixed,100,none,89088af6-702d-46f1-85f7-fa99660871db
2387,358300,60.17324233055115,0.99900075,0.999002,1.0,0.9960719999999998,0.0,0.0,0.0,0.0,0.0,0.0,0.0005,0.0,0.0,0.0,0.0005,0.0,0.0,0.0,0.002,0.9975,0.04550046796188467,1894,0.0009048450526854174,1.425386585403862e-06,0.0001983414054840646,16,20,False,0.995,0.005,0.66,fixed,100,none,89088af6-702d-46f1-85f7-fa99660871db
2388,358600,60.19236707687378,0.99900075,0.999002,1.0,0.9960719999999998,0.0,0.0,0.0,0.0,0.0,0.0,0.0005,0.0,0.0,0.0,0.0005,0.0,0.0,0.0,0.002,0.9975,0.045899711685228106,1893,0.0009045145308358199,1.4257867049038507e-06,0.00019826913027389272,16,20,False,0.995,0.005,0.66,fixed,100,none,89088af6-702d-46f1-85f7-fa99660871db
2389,358700,60.211482524871826,0.99900075,0.999002,1.0,0.9960719999999998,0.0,0.0,0.0,0.0,0.0,0.0,0.0005,0.0,0.0,0.0,0.0005,0.0,0.0,0.0,0.002,0.9975,0.045899711685228106,1893,0.0009043041765889741,1.4280658930009688e-06,0.00019822351677499663,16,20,False,0.995,0.005,0.66,fixed,100,none,89088af6-702d-46f1-85f7-fa99660871db
2390,358900,60.23054122924805,0.99900075,0.999002,1.0,0.9960719999999998,0.0,0.0,0.0,0.0,0.0,0.0,0.0005,0.0,0.0,0.0,0.0005,0.0,0.0,0.0,0.002,0.9975,0.04550046796188467,1894,0.00090424585041197,1.4314560296770023e-06,0.0001982113933008189,16,20,False,0.995,0.005,0.66,fixed,100,none,89088af6-702d-46f1-85f7-fa99660871db
2391,359000,60.24963712692261,0.99900075,0.999002,1.0,0.9960719999999998,0.0,0.0,0.0,0.0,0.0,0.0,0.0005,0.0,0.0,0.0,0.0005,0.0,0.0,0.0,0.002,0.9975,0.04550046796188467,1894,0.0009044815792051747,1.4309430390938247e-06,0.00019826289686544058,16,20,False,0.995,0.005,0.66,fixed,100,none,89088af6-702d-46f1-85f7-fa99660871db
2392,359300,60.268715381622314,0.99900075,0.999002,1.0,0.9960719999999998,0.0,0.0,0.0,0.0,0.0,0.0,0.0005,0.0,0.0,0.0,0.0005,0.0,0.0,0.0,0.002,0.9975,0.04550046796188467,1894,0.0009050485560607149,1.4329732429566068e-06,0.00019838739383785226,16,20,False,0.995,0.005,0.66,fixed,100,none,89088af6-702d-46f1-85f7-fa99660871db
2393,359400,60.28772497177124,0.99900075,0.999002,1.0,0.9960719999999998,0.0,0.0,0.0,0.0,0.0,0.0,0.0005,0.0,0.0,0.0,0.0005,0.0,0.0,0.0,0.002,0.9975,0.04550046796188467,1894,0.0009058124566641653,1.4341540684172376e-06,0.00019855483603678509,16,20,False,0.995,0.005,0.66,fixed,100,none,89088af6-702d-46f1-85f7-fa99660871db
2394,359600,60.30715370178223,0.99900075,0.999002,1.0,0.9960719999999998,0.0,0.0,0.0,0.0,0.0,0.0,0.0005,0.0,0.0,0.0,0.0005,0.0,0.0,0.0,0.002,0.9975,0.04550046796188467,1894,0.000904213982846075,1.4295545002621691e-06,0.00019820405620005562,16,20,False,0.995,0.005,0.66,fixed,100,none,89088af6-702d-46f1-85f7-fa99660871db
2395,359700,60.32697367668152,0.99900075,0.999002,1.0,0.9960719999999998,0.0,0.0,0.0,0.0,0.0,0.0,0.0005,0.0,0.0,0.0,0.0005,0.0,0.0,0.0,0.002,0.9975,0.04550046796188467,1894,0.000903827036955388,1.427144981491356e-06,0.00019811889593601782,16,20,False,0.995,0.005,0.66,fixed,100,none,89088af6-702d-46f1-85f7-fa99660871db
2396,360000,60.34623980522156,0.99900075,0.999002,1.0,0.9960719999999998,0.0,0.0,0.0,0.0,0.0,0.0,0.0005,0.0,0.0,0.0,0.0005,0.0,0.0,0.0,0.002,0.9975,0.04550046796188467,1894,0.0009035045735501992,1.426228330256808e-06,0.0001980481345328874,16,20,False,0.995,0.005,0.66,fixed,100,none,89088af6-702d-46f1-85f7-fa99660871db
