epoch,generation,walltime_sec,pure_train_chi2,test_chi2,blip_train_chi2,bitflip_chi2,test1_frac,test2_frac,test3_frac,test4_frac,test5_frac,test6_frac,test7_frac,test8_frac,train1_frac,train2_frac,train3_frac,s1_blip_match_frac,s2_blip_match_frac,s3_blip_match_frac,bitflip_frac,other_frac,other_chi2,other_n_classes,l1_loss,l2_loss,regularization_loss,v,seed,zero_init,l1_scale,l2_scale,blip_freq,blip_mode,num_epoch,schedule_mode,replicate_uid
0,0,8.27597165107727,1.0,1.0,1.0,0.9960959999999999,0.0,0.0,0.0,0.0,0.0,0.0,0.0,0.0,0.0,0.0,0.0,0.0,0.0,0.0,0.002,0.998,0.05402839747631537,1873,0.0,0.0,0.0,16,20,False,0.995,0.005,0.66,fixed,100,none,b05428b4-9e4c-4c24-8ea0-156090d31ad0
1,100,8.29053783416748,1.0,1.0,1.0,0.9960959999999999,0.0,0.0,0.0,0.0,0.0,0.0,0.0,0.0,0.0,0.0,0.0,0.0,0.0,0.0,0.002,0.998,0.05402839747631537,1873,1.7040121537041606e-05,4.4724838895720803e-10,3.7301675816523097e-06,16,20,False,0.995,0.005,0.66,fixed,100,none,b05428b4-9e4c-4c24-8ea0-156090d31ad0
2,200,8.302093744277954,1.0,1.0,1.0,0.9960959999999999,0.0,0.0,0.0,0.0,0.0,0.0,0.0,0.0,0.0,0.0,0.0,0.0,0.0,0.0,0.002,0.998,0.053271372404126875,1875,2.0899997997681214e-05,6.900667803896081e-10,4.575140674380692e-06,16,20,False,0.995,0.005,0.66,fixed,100,none,b05428b4-9e4c-4c24-8ea0-156090d31ad0
3,300,8.313514471054077,1.0,1.0,1.0,0.9960959999999999,0.0,0.0,0.0,0.0,0.0,0.0,0.0,0.0,0.0,0.0,0.0,0.0,0.0,0.0,0.002,0.998,0.053271372404126875,1875,2.3103405063855808e-05,8.400921090209245e-10,5.057494985978751e-06,16,20,False,0.995,0.005,0.66,fixed,100,none,b05428b4-9e4c-4c24-8ea0-156090d31ad0
4,400,8.325046062469482,1.0,1.0,1.0,0.9960959999999999,0.0,0.0,0.0,0.0,0.0,0.0,0.0,0.0,0.0,0.0,0.0,0.0,0.0,0.0,0.002,0.998,0.053271372404126875,1875,2.8717526935471046e-05,1.2968628368827974e-09,6.28651305011362e-06,16,20,False,0.995,0.005,0.66,fixed,100,none,b05428b4-9e4c-4c24-8ea0-156090d31ad0
5,500,8.336810111999512,1.0,1.0,1.0,0.9960959999999999,0.0,0.0,0.0,0.0,0.0,0.0,0.0,0.0,0.0,0.0,0.0,0.0,0.0,0.0,0.002,0.998,0.05365038694623715,1874,3.4422241046490585e-05,1.8139892804726123e-09,7.535373223040079e-06,16,20,False,0.995,0.005,0.66,fixed,100,none,b05428b4-9e4c-4c24-8ea0-156090d31ad0
6,600,8.348242998123169,1.0,1.0,1.0,0.9960959999999999,0.0,0.0,0.0,0.0,0.0,0.0,0.0,0.0,0.0,0.0,0.0,0.0,0.0,0.0,0.002,0.998,0.05289135384998454,1876,3.6611473569789346e-05,2.092158405577247e-09,8.01464907452395e-06,16,20,False,0.995,0.005,0.66,fixed,100,none,b05428b4-9e4c-4c24-8ea0-156090d31ad0
7,700,8.359562158584595,1.0,1.0,1.0,0.9960959999999999,0.0,0.0,0.0,0.0,0.0,0.0,0.0,0.0,0.0,0.0,0.0,0.0,0.0,0.0,0.002,0.998,0.053271372404126875,1875,4.0348118389398966e-05,2.5009132775051248e-09,8.83267828896216e-06,16,20,False,0.995,0.005,0.66,fixed,100,none,b05428b4-9e4c-4c24-8ea0-156090d31ad0
8,800,8.370902061462402,1.0,1.0,1.0,0.9960959999999999,0.0,0.0,0.0,0.0,0.0,0.0,0.0,0.0,0.0,0.0,0.0,0.0,0.0,0.0,0.002,0.998,0.053271372404126875,1875,4.166806222100831e-05,2.675485576600416e-09,9.121647162438272e-06,16,20,False,0.995,0.005,0.66,fixed,100,none,b05428b4-9e4c-4c24-8ea0-156090d31ad0
9,900,8.382076263427734,1.0,1.0,1.0,0.9960959999999999,0.0,0.0,0.0,0.0,0.0,0.0,0.0,0.0,0.0,0.0,0.0,0.0,0.0,0.0,0.002,0.998,0.053271372404126875,1875,4.4285208854267736e-05,3.0779611337459083e-09,9.694617030814618e-06,16,20,False,0.995,0.005,0.66,fixed,100,none,b05428b4-9e4c-4c24-8ea0-156090d31ad0
10,1000,8.393425226211548,1.0,1.0,1.0,0.9960959999999999,0.0,0.0,0.0,0.0,0.0,0.0,0.0,0.0,0.0,0.0,0.0,0.0,0.0,0.0,0.002,0.998,0.053271372404126875,1875,4.8259261150227026e-05,3.7075914549991095e-09,1.0564656708161145e-05,16,20,False,0.995,0.005,0.66,fixed,100,none,b05428b4-9e4c-4c24-8ea0-156090d31ad0
11,1100,8.405129671096802,1.0,1.0,1.0,0.9960959999999999,0.0,0.0,0.0,0.0,0.0,0.0,0.0,0.0,0.0,0.0,0.0,0.0,0.0,0.0,0.002,0.998,0.05289135384998454,1876,5.163632475091533e-05,4.1567998619110885e-09,1.130398127994913e-05,16,20,False,0.995,0.005,0.66,fixed,100,none,b05428b4-9e4c-4c24-8ea0-156090d31ad0
12,1200,8.416631937026978,1.0,1.0,1.0,0.9960959999999999,0.0,0.0,0.0,0.0,0.0,0.0,0.0,0.0,0.0,0.0,0.0,0.0,0.0,0.0,0.002,0.998,0.05289135384998454,1876,5.23690242843917e-05,4.224417404646937e-09,1.1464382055160226e-05,16,20,False,0.995,0.005,0.66,fixed,100,none,b05428b4-9e4c-4c24-8ea0-156090d31ad0
13,1300,8.428144216537476,1.0,1.0,1.0,0.9960959999999999,0.0,0.0,0.0,0.0,0.0,0.0,0.0,0.0,0.0,0.0,0.0,0.0,0.0,0.0,0.002,0.998,0.05289135384998455,1876,5.257271017366209e-05,4.3245034850298495e-09,1.1508987912676788e-05,16,20,False,0.995,0.005,0.66,fixed,100,none,b05428b4-9e4c-4c24-8ea0-156090d31ad0
14,1400,8.439452409744263,1.0,1.0,1.0,0.9960959999999999,0.0,0.0,0.0,0.0,0.0,0.0,0.0,0.0,0.0,0.0,0.0,0.0,0.0,0.0,0.002,0.998,0.052891353849984536,1876,5.4718548687891075e-05,4.858664239927947e-09,1.1978813453984943e-05,16,20,False,0.995,0.005,0.66,fixed,100,none,b05428b4-9e4c-4c24-8ea0-156090d31ad0
15,1500,8.450706720352173,1.0,1.0,1.0,0.9960959999999999,0.0,0.0,0.0,0.0,0.0,0.0,0.0,0.0,0.0,0.0,0.0,0.0,0.0,0.0,0.002,0.998,0.052891353849984536,1876,5.512361480832219e-05,4.924712817100289e-09,1.2067494976976978e-05,16,20,False,0.995,0.005,0.66,fixed,100,none,b05428b4-9e4c-4c24-8ea0-156090d31ad0
16,1600,8.461885929107666,1.0,1.0,1.0,0.9960959999999999,0.0,0.0,0.0,0.0,0.0,0.0,0.0,0.0,0.0,0.0,0.0,0.0,0.0,0.0,0.002,0.998,0.052891353849984536,1876,5.590356883621893e-05,4.9953247588690664e-09,1.223824032995251e-05,16,20,False,0.995,0.005,0.66,fixed,100,none,b05428b4-9e4c-4c24-8ea0-156090d31ad0
17,1700,8.47303581237793,1.0,1.0,1.0,0.9960959999999999,0.0,0.0,0.0,0.0,0.0,0.0,0.0,0.0,0.0,0.0,0.0,0.0,0.0,0.0,0.002,0.998,0.052891353849984536,1876,5.885323350777988e-05,5.462926686575372e-09,1.2884010770923466e-05,16,20,False,0.995,0.005,0.66,fixed,100,none,b05428b4-9e4c-4c24-8ea0-156090d31ad0
18,1800,8.484134912490845,1.0,1.0,1.0,0.9960959999999999,0.0,0.0,0.0,0.0,0.0,0.0,0.0,0.0,0.0,0.0,0.0,0.0,0.0,0.0,0.002,0.998,0.052891353849984536,1876,6.02347218179696e-05,5.656307153457147e-09,1.3186455304312704e-05,16,20,False,0.995,0.005,0.66,fixed,100,none,b05428b4-9e4c-4c24-8ea0-156090d31ad0
19,1900,8.495288133621216,1.0,1.0,1.0,0.9960959999999999,0.0,0.0,0.0,0.0,0.0,0.0,0.0,0.0,0.0,0.0,0.0,0.0,0.0,0.0,0.002,0.998,0.053271372404126875,1875,6.066294738131947e-05,5.7457021015184835e-09,1.3280210865170121e-05,16,20,False,0.995,0.005,0.66,fixed,100,none,b05428b4-9e4c-4c24-8ea0-156090d31ad0
20,2000,8.506508588790894,1.0,1.0,1.0,0.9960959999999999,0.0,0.0,0.0,0.0,0.0,0.0,0.0,0.0,0.0,0.0,0.0,0.0,0.0,0.0,0.002,0.998,0.053271372404126875,1875,6.230374601875993e-05,6.099758561194646e-09,1.3639448957633176e-05,16,20,False,0.995,0.005,0.66,fixed,100,none,b05428b4-9e4c-4c24-8ea0-156090d31ad0
21,2100,8.517731428146362,1.0,1.0,1.0,0.9960959999999999,0.0,0.0,0.0,0.0,0.0,0.0,0.0,0.0,0.0,0.0,0.0,0.0,0.0,0.0,0.002,0.998,0.053271372404126875,1875,6.273505756873159e-05,6.2958399398099554e-09,1.373390031138391e-05,16,20,False,0.995,0.005,0.66,fixed,100,none,b05428b4-9e4c-4c24-8ea0-156090d31ad0
22,2200,8.528775930404663,1.0,1.0,1.0,0.9960959999999999,0.0,0.0,0.0,0.0,0.0,0.0,0.0,0.0,0.0,0.0,0.0,0.0,0.0,0.0,0.002,0.998,0.053271372404126875,1875,6.291617884856213e-05,6.368803520856425e-09,1.3773561622619213e-05,16,20,False,0.995,0.005,0.66,fixed,100,none,b05428b4-9e4c-4c24-8ea0-156090d31ad0
23,2300,8.539769172668457,1.0,1.0,1.0,0.9960959999999999,0.0,0.0,0.0,0.0,0.0,0.0,0.0,0.0,0.0,0.0,0.0,0.0,0.0,0.0,0.002,0.998,0.053271372404126875,1875,6.417370245713713e-05,6.619126507622075e-09,1.4048881101903767e-05,16,20,False,0.995,0.005,0.66,fixed,100,none,b05428b4-9e4c-4c24-8ea0-156090d31ad0
24,2400,8.550795793533325,1.0,1.0,1.0,0.9960959999999999,0.0,0.0,0.0,0.0,0.0,0.0,0.0,0.0,0.0,0.0,0.0,0.0,0.0,0.0,0.002,0.998,0.053271372404126875,1875,6.516441954793332e-05,6.8189077068054424e-09,1.4265787031506896e-05,16,20,False,0.995,0.005,0.66,fixed,100,none,b05428b4-9e4c-4c24-8ea0-156090d31ad0
25,2500,8.561971187591553,1.0,1.0,1.0,0.9960959999999999,0.0,0.0,0.0,0.0,0.0,0.0,0.0,0.0,0.0,0.0,0.0,0.0,0.0,0.0,0.002,0.998,0.053271372404126875,1875,6.602324052060859e-05,6.963467486530664e-09,1.4453810408783661e-05,16,20,False,0.995,0.005,0.66,fixed,100,none,b05428b4-9e4c-4c24-8ea0-156090d31ad0
26,2600,8.573045253753662,1.0,1.0,1.0,0.9960959999999999,0.0,0.0,0.0,0.0,0.0,0.0,0.0,0.0,0.0,0.0,0.0,0.0,0.0,0.0,0.002,0.998,0.053271372404126875,1875,6.755953497887279e-05,7.277090608998628e-09,1.4790164854090964e-05,16,20,False,0.995,0.005,0.66,fixed,100,none,b05428b4-9e4c-4c24-8ea0-156090d31ad0
27,2700,8.584112167358398,1.0,1.0,1.0,0.9960959999999999,0.0,0.0,0.0,0.0,0.0,0.0,0.0,0.0,0.0,0.0,0.0,0.0,0.0,0.0,0.002,0.998,0.053271372404126875,1875,6.913549927174891e-05,7.54325912218152e-09,1.5135194009819052e-05,16,20,False,0.995,0.005,0.66,fixed,100,none,b05428b4-9e4c-4c24-8ea0-156090d31ad0
28,2800,8.595049619674683,1.0,1.0,1.0,0.9960959999999999,0.0,0.0,0.0,0.0,0.0,0.0,0.0,0.0,0.0,0.0,0.0,0.0,0.0,0.0,0.002,0.998,0.053271372404126875,1875,6.984662711826702e-05,7.692346419478963e-09,1.5290888222008352e-05,16,20,False,0.995,0.005,0.66,fixed,100,none,b05428b4-9e4c-4c24-8ea0-156090d31ad0
29,2900,8.605883598327637,1.0,1.0,1.0,0.9960959999999999,0.0,0.0,0.0,0.0,0.0,0.0,0.0,0.0,0.0,0.0,0.0,0.0,0.0,0.0,0.002,0.998,0.053271372404126875,1875,7.100714090443389e-05,7.992171873077359e-09,1.5544981656636467e-05,16,20,False,0.995,0.005,0.66,fixed,100,none,b05428b4-9e4c-4c24-8ea0-156090d31ad0
30,3000,8.616638422012329,1.0,1.0,1.0,0.9960959999999999,0.0,0.0,0.0,0.0,0.0,0.0,0.0,0.0,0.0,0.0,0.0,0.0,0.0,0.0,0.002,0.998,0.053271372404126875,1875,7.202647964514364e-05,8.251890887919616e-09,1.5768164253590647e-05,16,20,False,0.995,0.005,0.66,fixed,100,none,b05428b4-9e4c-4c24-8ea0-156090d31ad0
31,3100,8.62743067741394,1.0,1.0,1.0,0.9960959999999999,0.0,0.0,0.0,0.0,0.0,0.0,0.0,0.0,0.0,0.0,0.0,0.0,0.0,0.0,0.002,0.998,0.053271372404126875,1875,7.202647964514364e-05,8.251890887919616e-09,1.5768164253590647e-05,16,20,False,0.995,0.005,0.66,fixed,100,none,b05428b4-9e4c-4c24-8ea0-156090d31ad0
32,3200,8.638230085372925,1.0,1.0,1.0,0.9960959999999999,0.0,0.0,0.0,0.0,0.0,0.0,0.0,0.0,0.0,0.0,0.0,0.0,0.0,0.0,0.002,0.998,0.053271372404126875,1875,7.411472283041189e-05,8.597370941658675e-09,1.622534632805608e-05,16,20,False,0.995,0.005,0.66,fixed,100,none,b05428b4-9e4c-4c24-8ea0-156090d31ad0
33,3300,8.649026155471802,1.0,1.0,1.0,0.9960959999999999,0.0,0.0,0.0,0.0,0.0,0.0,0.0,0.0,0.0,0.0,0.0,0.0,0.0,0.0,0.002,0.998,0.053271372404126875,1875,7.544339936237625e-05,8.814960928659999e-09,1.6516234963000607e-05,16,20,False,0.995,0.005,0.66,fixed,100,none,b05428b4-9e4c-4c24-8ea0-156090d31ad0
34,3400,8.660058498382568,1.0,1.0,1.0,0.9960959999999999,0.0,0.0,0.0,0.0,0.0,0.0,0.0,0.0,0.0,0.0,0.0,0.0,0.0,0.0,0.002,0.998,0.05289135384998455,1876,7.507301534240292e-05,8.93164791585951e-09,1.6435180071556012e-05,16,20,False,0.995,0.005,0.66,fixed,100,none,b05428b4-9e4c-4c24-8ea0-156090d31ad0
35,3500,8.671200037002563,1.0,1.0,1.0,0.9960959999999999,0.0,0.0,0.0,0.0,0.0,0.0,0.0,0.0,0.0,0.0,0.0,0.0,0.0,0.0,0.002,0.998,0.05251033128381009,1877,7.621474859100083e-05,9.132318408757317e-09,1.6685143607067746e-05,16,20,False,0.995,0.005,0.66,fixed,100,none,b05428b4-9e4c-4c24-8ea0-156090d31ad0
36,3600,8.682332038879395,1.0,1.0,1.0,0.9960959999999999,0.0,0.0,0.0,0.0,0.0,0.0,0.0,0.0,0.0,0.0,0.0,0.0,0.0,0.0,0.002,0.998,0.053271372404126875,1875,7.720259793043856e-05,9.406489976627e-09,1.690143592006856e-05,16,20,False,0.995,0.005,0.66,fixed,100,none,b05428b4-9e4c-4c24-8ea0-156090d31ad0
37,3700,8.693607091903687,1.0,1.0,1.0,0.9960959999999999,0.0,0.0,0.0,0.0,0.0,0.0,0.0,0.0,0.0,0.0,0.0,0.0,0.0,0.0,0.002,0.998,0.053271372404126875,1875,8.023366294437256e-05,1.0010601921026441e-08,1.756505083288815e-05,16,20,False,0.995,0.005,0.66,fixed,100,none,b05428b4-9e4c-4c24-8ea0-156090d31ad0
38,3800,8.704949140548706,1.0,1.0,1.0,0.9960959999999999,0.0,0.0,0.0,0.0,0.0,0.0,0.0,0.0,0.0,0.0,0.0,0.0,0.0,0.0,0.002,0.998,0.053271372404126875,1875,8.023366294437256e-05,1.0010601921026441e-08,1.756505083288815e-05,16,20,False,0.995,0.005,0.66,fixed,100,none,b05428b4-9e4c-4c24-8ea0-156090d31ad0
39,3900,8.71625542640686,1.0,1.0,1.0,0.9960959999999999,0.0,0.0,0.0,0.0,0.0,0.0,0.0,0.0,0.0,0.0,0.0,0.0,0.0,0.0,0.002,0.998,0.05289135384998454,1876,8.076652646730845e-05,1.0134460084948254e-08,1.768171819110996e-05,16,20,False,0.995,0.005,0.66,fixed,100,none,b05428b4-9e4c-4c24-8ea0-156090d31ad0
40,4000,8.727558851242065,1.0,1.0,1.0,0.9960959999999999,0.0,0.0,0.0,0.0,0.0,0.0,0.0,0.0,0.0,0.0,0.0,0.0,0.0,0.0,0.002,0.998,0.05289135384998454,1876,8.277007161980164e-05,1.047914851300136e-08,1.8120359715792048e-05,16,20,False,0.995,0.005,0.66,fixed,100,none,b05428b4-9e4c-4c24-8ea0-156090d31ad0
41,4100,8.73872995376587,1.0,1.0,1.0,0.9960959999999999,0.0,0.0,0.0,0.0,0.0,0.0,0.0,0.0,0.0,0.0,0.0,0.0,0.0,0.0,0.002,0.998,0.052510331283810094,1877,8.31038184624802e-05,1.0616973927741022e-08,1.8193443086483187e-05,16,20,False,0.995,0.005,0.66,fixed,100,none,b05428b4-9e4c-4c24-8ea0-156090d31ad0
42,4200,8.749734163284302,1.0,1.0,1.0,0.9960959999999999,0.0,0.0,0.0,0.0,0.0,0.0,0.0,0.0,0.0,0.0,0.0,0.0,0.0,0.0,0.002,0.998,0.05289135384998454,1876,8.351571776886143e-05,1.0745407490850713e-08,1.828363224702703e-05,16,20,False,0.995,0.005,0.66,fixed,100,none,b05428b4-9e4c-4c24-8ea0-156090d31ad0
43,4300,8.760624885559082,1.0,1.0,1.0,0.9960959999999999,0.0,0.0,0.0,0.0,0.0,0.0,0.0,0.0,0.0,0.0,0.0,0.0,0.0,0.0,0.002,0.998,0.05289135384998454,1876,8.506577811930597e-05,1.109647165893817e-08,1.8623007159931273e-05,16,20,False,0.995,0.005,0.66,fixed,100,none,b05428b4-9e4c-4c24-8ea0-156090d31ad0
44,4400,8.771407127380371,1.0,1.0,1.0,0.9960959999999999,0.0,0.0,0.0,0.0,0.0,0.0,0.0,0.0,0.0,0.0,0.0,0.0,0.0,0.0,0.002,0.998,0.05289135384998454,1876,8.60530297779086e-05,1.1405275495842134e-08,1.8839175220728403e-05,16,20,False,0.995,0.005,0.66,fixed,100,none,b05428b4-9e4c-4c24-8ea0-156090d31ad0
45,4500,8.78217101097107,1.0,1.0,1.0,0.9960959999999999,0.0,0.0,0.0,0.0,0.0,0.0,0.0,0.0,0.0,0.0,0.0,0.0,0.0,0.0,0.002,0.998,0.053271372404126875,1875,8.701939390467704e-05,1.1709573004647398e-08,1.905077014460469e-05,16,20,False,0.995,0.005,0.66,fixed,100,none,b05428b4-9e4c-4c24-8ea0-156090d31ad0
46,4600,8.793039083480835,1.0,1.0,1.0,0.9960959999999999,0.0,0.0,0.0,0.0,0.0,0.0,0.0,0.0,0.0,0.0,0.0,0.0,0.0,0.0,0.002,0.998,0.053271372404126875,1875,8.861904107748638e-05,1.207101546859377e-08,1.9401001584800802e-05,16,20,False,0.995,0.005,0.66,fixed,100,none,b05428b4-9e4c-4c24-8ea0-156090d31ad0
47,4700,8.804110050201416,1.0,1.0,1.0,0.9960959999999999,0.0,0.0,0.0,0.0,0.0,0.0,0.0,0.0,0.0,0.0,0.0,0.0,0.0,0.0,0.002,0.998,0.05289135384998454,1876,8.90096127838726e-05,1.2277386235859092e-08,1.9486536941774523e-05,16,20,False,0.995,0.005,0.66,fixed,100,none,b05428b4-9e4c-4c24-8ea0-156090d31ad0
48,4800,8.815287113189697,1.0,1.0,1.0,0.9960959999999999,0.0,0.0,0.0,0.0,0.0,0.0,0.0,0.0,0.0,0.0,0.0,0.0,0.0,0.0,0.002,0.998,0.05289135384998454,1876,8.989113950764991e-05,1.2597603254735113e-08,1.9679563982842967e-05,16,20,False,0.995,0.005,0.66,fixed,100,none,b05428b4-9e4c-4c24-8ea0-156090d31ad0
49,4900,8.826572179794312,1.0,1.0,1.0,0.9960959999999999,0.0,0.0,0.0,0.0,0.0,0.0,0.0,0.0,0.0,0.0,0.0,0.0,0.0,0.0,0.002,0.998,0.05289135384998454,1876,9.143889690791265e-05,1.3351514877642827e-08,2.001851132096883e-05,16,20,False,0.995,0.005,0.66,fixed,100,none,b05428b4-9e4c-4c24-8ea0-156090d31ad0
50,5000,8.83774995803833,1.0,1.0,1.0,0.9960959999999999,0.0,0.0,0.0,0.0,0.0,0.0,0.0,0.0,0.0,0.0,0.0,0.0,0.0,0.0,0.002,0.998,0.05289135384998454,1876,9.128108207730324e-05,1.3463879522106753e-08,1.998398700383088e-05,16,20,False,0.995,0.005,0.66,fixed,100,none,b05428b4-9e4c-4c24-8ea0-156090d31ad0
51,5100,8.848823070526123,1.0,1.0,1.0,0.9960959999999999,0.0,0.0,0.0,0.0,0.0,0.0,0.0,0.0,0.0,0.0,0.0,0.0,0.0,0.0,0.002,0.998,0.053271372404126875,1875,9.157898833603443e-05,1.3534422371822911e-08,2.0049212087008584e-05,16,20,False,0.995,0.005,0.66,fixed,100,none,b05428b4-9e4c-4c24-8ea0-156090d31ad0
52,5200,8.860023260116577,1.0,1.0,1.0,0.9960959999999999,0.0,0.0,0.0,0.0,0.0,0.0,0.0,0.0,0.0,0.0,0.0,0.0,0.0,0.0,0.002,0.998,0.05289135384998454,1876,9.53593598643519e-05,1.43856096341474e-08,2.087689714013712e-05,16,20,False,0.995,0.005,0.66,fixed,100,none,b05428b4-9e4c-4c24-8ea0-156090d31ad0
53,5300,8.871082782745361,1.0,1.0,1.0,0.9960959999999999,0.0,0.0,0.0,0.0,0.0,0.0,0.0,0.0,0.0,0.0,0.0,0.0,0.0,0.0,0.002,0.998,0.053271372404126875,1875,9.667725639725944e-05,1.4557953007507761e-08,2.116541743643152e-05,16,20,False,0.995,0.005,0.66,fixed,100,none,b05428b4-9e4c-4c24-8ea0-156090d31ad0
54,5400,8.882081031799316,1.0,1.0,1.0,0.9960959999999999,0.0,0.0,0.0,0.0,0.0,0.0,0.0,0.0,0.0,0.0,0.0,0.0,0.0,0.0,0.002,0.998,0.053271372404126875,1875,9.677680227077975e-05,1.477488743259871e-08,2.1187249245685884e-05,16,20,False,0.995,0.005,0.66,fixed,100,none,b05428b4-9e4c-4c24-8ea0-156090d31ad0
55,5500,8.893035411834717,1.0,1.0,1.0,0.9960959999999999,0.0,0.0,0.0,0.0,0.0,0.0,0.0,0.0,0.0,0.0,0.0,0.0,0.0,0.0,0.002,0.998,0.053271372404126875,1875,9.89609030398161e-05,1.5504517169699203e-08,2.166548753367799e-05,16,20,False,0.995,0.005,0.66,fixed,100,none,b05428b4-9e4c-4c24-8ea0-156090d31ad0
56,5600,8.904029130935669,1.0,1.0,1.0,0.9960959999999999,0.0,0.0,0.0,0.0,0.0,0.0,0.0,0.0,0.0,0.0,0.0,0.0,0.0,0.0,0.002,0.998,0.053271372404126875,1875,9.986576761163981e-05,1.60325362736783e-08,2.1863662712079956e-05,16,20,False,0.995,0.005,0.66,fixed,100,none,b05428b4-9e4c-4c24-8ea0-156090d31ad0
57,5700,8.915113925933838,1.0,1.0,1.0,0.9960959999999999,0.0,0.0,0.0,0.0,0.0,0.0,0.0,0.0,0.0,0.0,0.0,0.0,0.0,0.0,0.002,0.998,0.053271372404126875,1875,0.00010112388841418067,1.6544438299039188e-08,2.2139162617140967e-05,16,20,False,0.995,0.005,0.66,fixed,100,none,b05428b4-9e4c-4c24-8ea0-156090d31ad0
58,5800,8.926395177841187,1.0,1.0,1.0,0.9960959999999999,0.0,0.0,0.0,0.0,0.0,0.0,0.0,0.0,0.0,0.0,0.0,0.0,0.0,0.0,0.002,0.998,0.053271372404126875,1875,0.00010313122933187459,1.710021047590898e-08,2.257867514073777e-05,16,20,False,0.995,0.005,0.66,fixed,100,none,b05428b4-9e4c-4c24-8ea0-156090d31ad0
59,5900,8.937653303146362,1.0,1.0,1.0,0.9960959999999999,0.0,0.0,0.0,0.0,0.0,0.0,0.0,0.0,0.0,0.0,0.0,0.0,0.0,0.0,0.002,0.998,0.053271372404126875,1875,0.00010301366263124371,1.7148282423448277e-08,2.2552948923639705e-05,16,20,False,0.995,0.005,0.66,fixed,100,none,b05428b4-9e4c-4c24-8ea0-156090d31ad0
60,6000,8.948801040649414,1.0,1.0,1.0,0.9960959999999999,0.0,0.0,0.0,0.0,0.0,0.0,0.0,0.0,0.0,0.0,0.0,0.0,0.0,0.0,0.002,0.998,0.053271372404126875,1875,0.00010486172514617501,1.7553161652803654e-08,2.2957566735211743e-05,16,20,False,0.995,0.005,0.66,fixed,100,none,b05428b4-9e4c-4c24-8ea0-156090d31ad0
61,6100,8.959917306900024,1.0,1.0,1.0,0.9960959999999999,0.0,0.0,0.0,0.0,0.0,0.0,0.0,0.0,0.0,0.0,0.0,0.0,0.0,0.0,0.002,0.998,0.05289135384998454,1876,0.0001055397189487219,1.7667646938852867e-08,2.310600133079361e-05,16,20,False,0.995,0.005,0.66,fixed,100,none,b05428b4-9e4c-4c24-8ea0-156090d31ad0
62,6200,8.970988988876343,1.0,1.0,1.0,0.9960959999999999,0.0,0.0,0.0,0.0,0.0,0.0,0.0,0.0,0.0,0.0,0.0,0.0,0.0,0.0,0.002,0.998,0.053271372404126875,1875,0.00010653168912117908,1.803644674783728e-08,2.332321367350819e-05,16,20,False,0.995,0.005,0.66,fixed,100,none,b05428b4-9e4c-4c24-8ea0-156090d31ad0
63,6300,8.982153415679932,1.0,1.0,1.0,0.9960959999999999,0.0,0.0,0.0,0.0,0.0,0.0,0.0,0.0,0.0,0.0,0.0,0.0,0.0,0.0,0.002,0.998,0.05289135384998455,1876,0.00010781455432674344,1.870282385639809e-08,2.3604159478656853e-05,16,20,False,0.995,0.005,0.66,fixed,100,none,b05428b4-9e4c-4c24-8ea0-156090d31ad0
64,6400,8.993544816970825,1.0,1.0,1.0,0.9960959999999999,0.0,0.0,0.0,0.0,0.0,0.0,0.0,0.0,0.0,0.0,0.0,0.0,0.0,0.0,0.002,0.998,0.05289135384998454,1876,0.00010807153381685108,1.897000759591173e-08,2.3660463053951923e-05,16,20,False,0.995,0.005,0.66,fixed,100,none,b05428b4-9e4c-4c24-8ea0-156090d31ad0
65,6500,9.004812002182007,1.0,1.0,1.0,0.9960959999999999,0.0,0.0,0.0,0.0,0.0,0.0,0.0,0.0,0.0,0.0,0.0,0.0,0.0,0.0,0.002,0.998,0.053271372404126875,1875,0.00010955675588721486,1.9409196619330882e-08,2.398566161106901e-05,16,20,False,0.995,0.005,0.66,fixed,100,none,b05428b4-9e4c-4c24-8ea0-156090d31ad0
66,6600,9.015835523605347,1.0,1.0,1.0,0.9960959999999999,0.0,0.0,0.0,0.0,0.0,0.0,0.0,0.0,0.0,0.0,0.0,0.0,0.0,0.0,0.002,0.998,0.053271372404126875,1875,0.00011027622091114135,1.9658847101459094e-08,2.414319993839812e-05,16,20,False,0.995,0.005,0.66,fixed,100,none,b05428b4-9e4c-4c24-8ea0-156090d31ad0
67,6700,9.026860475540161,1.0,1.0,1.0,0.9960959999999999,0.0,0.0,0.0,0.0,0.0,0.0,0.0,0.0,0.0,0.0,0.0,0.0,0.0,0.0,0.002,0.998,0.053271372404126875,1875,0.00011085024308098028,1.9835523452125686e-08,2.426888695988249e-05,16,20,False,0.995,0.005,0.66,fixed,100,none,b05428b4-9e4c-4c24-8ea0-156090d31ad0
68,6800,9.037823677062988,1.0,1.0,1.0,0.9960959999999999,0.0,0.0,0.0,0.0,0.0,0.0,0.0,0.0,0.0,0.0,0.0,0.0,0.0,0.0,0.002,0.998,0.05289135384998454,1876,0.00011156238974108466,2.0123240733398066e-08,2.4424830530062782e-05,16,20,False,0.995,0.005,0.66,fixed,100,none,b05428b4-9e4c-4c24-8ea0-156090d31ad0
69,6900,9.048916816711426,1.0,1.0,1.0,0.9960959999999999,0.0,0.0,0.0,0.0,0.0,0.0,0.0,0.0,0.0,0.0,0.0,0.0,0.0,0.0,0.002,0.998,0.05251033128381009,1877,0.00011126882623509565,2.0033748819397586e-08,2.4360552475138125e-05,16,20,False,0.995,0.005,0.66,fixed,100,none,b05428b4-9e4c-4c24-8ea0-156090d31ad0
70,7000,9.060099124908447,1.0,1.0,1.0,0.9960959999999999,0.0,0.0,0.0,0.0,0.0,0.0,0.0,0.0,0.0,0.0,0.0,0.0,0.0,0.0,0.002,0.998,0.05289135384998454,1876,0.00011263145986885628,2.040378339671223e-08,2.4658903284138016e-05,16,20,False,0.995,0.005,0.66,fixed,100,none,b05428b4-9e4c-4c24-8ea0-156090d31ad0
71,7100,9.071072578430176,1.0,1.0,1.0,0.9960959999999999,0.0,0.0,0.0,0.0,0.0,0.0,0.0,0.0,0.0,0.0,0.0,0.0,0.0,0.0,0.002,0.998,0.05289135384998454,1876,0.00011452993664671752,2.0968574465540148e-08,2.5074587161114916e-05,16,20,False,0.995,0.005,0.66,fixed,100,none,b05428b4-9e4c-4c24-8ea0-156090d31ad0
72,7200,9.08200454711914,1.0,1.0,1.0,0.9960959999999999,0.0,0.0,0.0,0.0,0.0,0.0,0.0,0.0,0.0,0.0,0.0,0.0,0.0,0.0,0.002,0.998,0.05289135384998454,1876,0.00011544497678395899,2.1400719070345402e-08,2.527497155463199e-05,16,20,False,0.995,0.005,0.66,fixed,100,none,b05428b4-9e4c-4c24-8ea0-156090d31ad0
73,7300,9.092978239059448,1.0,1.0,1.0,0.9960959999999999,0.0,0.0,0.0,0.0,0.0,0.0,0.0,0.0,0.0,0.0,0.0,0.0,0.0,0.0,0.002,0.998,0.052510331283810094,1877,0.00011836623425225488,2.1969235606284358e-08,2.5914542832583787e-05,16,20,False,0.995,0.005,0.66,fixed,100,none,b05428b4-9e4c-4c24-8ea0-156090d31ad0
74,7400,9.103906631469727,1.0,1.0,1.0,0.9960959999999999,0.0,0.0,0.0,0.0,0.0,0.0,0.0,0.0,0.0,0.0,0.0,0.0,0.0,0.0,0.002,0.998,0.052510331283810094,1877,0.00011880348139055488,2.2042250671857425e-08,2.6010270104020117e-05,16,20,False,0.995,0.005,0.66,fixed,100,none,b05428b4-9e4c-4c24-8ea0-156090d31ad0
75,7500,9.114835977554321,1.0,1.0,1.0,0.9960959999999999,0.0,0.0,0.0,0.0,0.0,0.0,0.0,0.0,0.0,0.0,0.0,0.0,0.0,0.0,0.002,0.998,0.052128304705603576,1878,0.00011922993568709431,2.225593281463882e-08,2.610366154913973e-05,16,20,False,0.995,0.005,0.66,fixed,100,none,b05428b4-9e4c-4c24-8ea0-156090d31ad0
76,7600,9.125891923904419,1.0,1.0,1.0,0.9960959999999999,0.0,0.0,0.0,0.0,0.0,0.0,0.0,0.0,0.0,0.0,0.0,0.0,0.0,0.0,0.002,0.998,0.052128304705603576,1878,0.00011962903617586935,2.2611513866440882e-08,2.619109220653243e-05,16,20,False,0.995,0.005,0.66,fixed,100,none,b05428b4-9e4c-4c24-8ea0-156090d31ad0
77,7700,9.137317657470703,1.0,1.0,1.0,0.9960959999999999,0.0,0.0,0.0,0.0,0.0,0.0,0.0,0.0,0.0,0.0,0.0,0.0,0.0,0.0,0.002,0.998,0.052128304705603576,1878,0.00012046971195560596,2.2951118334519135e-08,2.6375180659565704e-05,16,20,False,0.995,0.005,0.66,fixed,100,none,b05428b4-9e4c-4c24-8ea0-156090d31ad0
78,7800,9.14874005317688,1.0,1.0,1.0,0.9960959999999999,0.0,0.0,0.0,0.0,0.0,0.0,0.0,0.0,0.0,0.0,0.0,0.0,0.0,0.0,0.002,0.998,0.052128304705603576,1878,0.00012065086031742063,2.2972358640180028e-08,2.6414838071625012e-05,16,20,False,0.995,0.005,0.66,fixed,100,none,b05428b4-9e4c-4c24-8ea0-156090d31ad0
79,7900,9.160215139389038,1.0,1.0,1.0,0.9960959999999999,0.0,0.0,0.0,0.0,0.0,0.0,0.0,0.0,0.0,0.0,0.0,0.0,0.0,0.0,0.002,0.998,0.05251033128381009,1877,0.00012156974693423433,2.3229484610393248e-08,2.6616031205979868e-05,16,20,False,0.995,0.005,0.66,fixed,100,none,b05428b4-9e4c-4c24-8ea0-156090d31ad0
80,8000,9.171429634094238,1.0,1.0,1.0,0.9960959999999999,0.0,0.0,0.0,0.0,0.0,0.0,0.0,0.0,0.0,0.0,0.0,0.0,0.0,0.0,0.002,0.998,0.052128304705603576,1878,0.00012281957790846019,2.3534078815221946e-08,2.6889677079136826e-05,16,20,False,0.995,0.005,0.66,fixed,100,none,b05428b4-9e4c-4c24-8ea0-156090d31ad0
81,8100,9.182571411132812,1.0,1.0,1.0,0.9960959999999999,0.0,0.0,0.0,0.0,0.0,0.0,0.0,0.0,0.0,0.0,0.0,0.0,0.0,0.0,0.002,0.998,0.052128304705603576,1878,0.0001238160905324949,2.3894075198922554e-08,2.7107882091850927e-05,16,20,False,0.995,0.005,0.66,fixed,100,none,b05428b4-9e4c-4c24-8ea0-156090d31ad0
82,8200,9.193685054779053,1.0,1.0,1.0,0.9960959999999999,0.0,0.0,0.0,0.0,0.0,0.0,0.0,0.0,0.0,0.0,0.0,0.0,0.0,0.0,0.002,0.998,0.052128304705603576,1878,0.00012389457849421622,2.3928624900821238e-08,2.7125069671115088e-05,16,20,False,0.995,0.005,0.66,fixed,100,none,b05428b4-9e4c-4c24-8ea0-156090d31ad0
83,8300,9.204676866531372,1.0,1.0,1.0,0.9960959999999999,0.0,0.0,0.0,0.0,0.0,0.0,0.0,0.0,0.0,0.0,0.0,0.0,0.0,0.0,0.002,0.998,0.052128304705603576,1878,0.0001237349526109362,2.373209491003863e-08,2.709009022456684e-05,16,20,False,0.995,0.005,0.66,fixed,100,none,b05428b4-9e4c-4c24-8ea0-156090d31ad0
84,8400,9.215526103973389,1.0,1.0,1.0,0.9960959999999999,0.0,0.0,0.0,0.0,0.0,0.0,0.0,0.0,0.0,0.0,0.0,0.0,0.0,0.0,0.002,0.998,0.052128304705603576,1878,0.00012598805902455055,2.427518456193742e-08,2.7583398405540885e-05,16,20,False,0.995,0.005,0.66,fixed,100,none,b05428b4-9e4c-4c24-8ea0-156090d31ad0
85,8500,9.226366996765137,1.0,1.0,1.0,0.9960959999999999,0.0,0.0,0.0,0.0,0.0,0.0,0.0,0.0,0.0,0.0,0.0,0.0,0.0,0.0,0.002,0.998,0.052128304705603576,1878,0.0001261458650528181,2.4355976880514468e-08,2.7617957495669177e-05,16,20,False,0.995,0.005,0.66,fixed,100,none,b05428b4-9e4c-4c24-8ea0-156090d31ad0
86,8600,9.237208127975464,1.0,1.0,1.0,0.9960959999999999,0.0,0.0,0.0,0.0,0.0,0.0,0.0,0.0,0.0,0.0,0.0,0.0,0.0,0.0,0.002,0.998,0.052510331283810094,1877,0.00012676136672231888,2.4735226235059808e-08,2.7752762868500268e-05,16,20,False,0.995,0.005,0.66,fixed,100,none,b05428b4-9e4c-4c24-8ea0-156090d31ad0
87,8700,9.248072624206543,1.0,1.0,1.0,0.9960959999999999,0.0,0.0,0.0,0.0,0.0,0.0,0.0,0.0,0.0,0.0,0.0,0.0,0.0,0.0,0.002,0.998,0.052128304705603576,1878,0.00012661035679597204,2.47953195902833e-08,2.7719718213360434e-05,16,20,False,0.995,0.005,0.66,fixed,100,none,b05428b4-9e4c-4c24-8ea0-156090d31ad0
88,8800,9.259082078933716,1.0,1.0,1.0,0.9960959999999999,0.0,0.0,0.0,0.0,0.0,0.0,0.0,0.0,0.0,0.0,0.0,0.0,0.0,0.0,0.002,0.998,0.052510331283810094,1877,0.0001275857841970047,2.5131419959432065e-08,2.793330313051662e-05,16,20,False,0.995,0.005,0.66,fixed,100,none,b05428b4-9e4c-4c24-8ea0-156090d31ad0
89,8900,9.269999027252197,1.0,1.0,1.0,0.9960959999999999,0.0,0.0,0.0,0.0,0.0,0.0,0.0,0.0,0.0,0.0,0.0,0.0,0.0,0.0,0.002,0.998,0.05251033128381009,1877,0.00012580248317909076,2.4797975803043463e-08,2.7542875183305548e-05,16,20,False,0.995,0.005,0.66,fixed,100,none,b05428b4-9e4c-4c24-8ea0-156090d31ad0
90,9000,9.280922651290894,1.0,1.0,1.0,0.9960959999999999,0.0,0.0,0.0,0.0,0.0,0.0,0.0,0.0,0.0,0.0,0.0,0.0,0.0,0.0,0.002,0.998,0.05212830470560358,1878,0.00012641008423153289,2.5181500049862837e-08,2.7675951923292025e-05,16,20,False,0.995,0.005,0.66,fixed,100,none,b05428b4-9e4c-4c24-8ea0-156090d31ad0
91,9100,9.292138576507568,1.0,1.0,1.0,0.9960959999999999,0.0,0.0,0.0,0.0,0.0,0.0,0.0,0.0,0.0,0.0,0.0,0.0,0.0,0.0,0.002,0.998,0.052128304705603576,1878,0.00012635400493337282,2.550958133061504e-08,2.7663738500368127e-05,16,20,False,0.995,0.005,0.66,fixed,100,none,b05428b4-9e4c-4c24-8ea0-156090d31ad0
92,9200,9.303303956985474,1.0,1.0,1.0,0.9960959999999999,0.0,0.0,0.0,0.0,0.0,0.0,0.0,0.0,0.0,0.0,0.0,0.0,0.0,0.0,0.002,0.998,0.052128304705603576,1878,0.00012736386470360887,2.5941810899334063e-08,2.7884878927690854e-05,16,20,False,0.995,0.005,0.66,fixed,100,none,b05428b4-9e4c-4c24-8ea0-156090d31ad0
93,9300,9.314374923706055,1.0,1.0,1.0,0.9960959999999999,0.0,0.0,0.0,0.0,0.0,0.0,0.0,0.0,0.0,0.0,0.0,0.0,0.0,0.0,0.002,0.998,0.051745274115365,1879,0.00012719295896848303,2.5914918106644424e-08,2.78474625526412e-05,16,20,False,0.995,0.005,0.66,fixed,100,none,b05428b4-9e4c-4c24-8ea0-156090d31ad0
94,9400,9.32556700706482,1.0,1.0,1.0,0.9960959999999999,0.0,0.0,0.0,0.0,0.0,0.0,0.0,0.0,0.0,0.0,0.0,0.0,0.0,0.0,0.002,0.998,0.051745274115365,1879,0.00012696604392988575,2.588989398520285e-08,2.7797786096109178e-05,16,20,False,0.995,0.005,0.66,fixed,100,none,b05428b4-9e4c-4c24-8ea0-156090d31ad0
95,9500,9.336545944213867,1.0,1.0,1.0,0.9960959999999999,0.0,0.0,0.0,0.0,0.0,0.0,0.0,0.0,0.0,0.0,0.0,0.0,0.0,0.0,0.002,0.998,0.051745274115364996,1879,0.00012921383414137924,2.6553756148016747e-08,2.828995350721604e-05,16,20,False,0.995,0.005,0.66,fixed,100,none,b05428b4-9e4c-4c24-8ea0-156090d31ad0
96,9600,9.347479581832886,1.0,1.0,1.0,0.9960959999999999,0.0,0.0,0.0,0.0,0.0,0.0,0.0,0.0,0.0,0.0,0.0,0.0,0.0,0.0,0.002,0.998,0.051745274115365,1879,0.00012938054021370993,2.6765407474415907e-08,2.8326485680201246e-05,16,20,False,0.995,0.005,0.66,fixed,100,none,b05428b4-9e4c-4c24-8ea0-156090d31ad0
97,9700,9.358364343643188,1.0,1.0,1.0,0.9960959999999999,0.0,0.0,0.0,0.0,0.0,0.0,0.0,0.0,0.0,0.0,0.0,0.0,0.0,0.0,0.002,0.998,0.05212830470560358,1878,0.00013125509313158113,2.725751633397819e-08,2.8736918814606566e-05,16,20,False,0.995,0.005,0.66,fixed,100,none,b05428b4-9e4c-4c24-8ea0-156090d31ad0
98,9800,9.369216918945312,1.0,1.0,1.0,0.9960959999999999,0.0,0.0,0.0,0.0,0.0,0.0,0.0,0.0,0.0,0.0,0.0,0.0,0.0,0.0,0.002,0.998,0.052128304705603576,1878,0.00013379432651679704,2.8031268427289566e-08,2.929290401552806e-05,16,20,False,0.995,0.005,0.66,fixed,100,none,b05428b4-9e4c-4c24-8ea0-156090d31ad0
99,9900,9.380001783370972,1.0,1.0,1.0,0.9960959999999999,0.0,0.0,0.0,0.0,0.0,0.0,0.0,0.0,0.0,0.0,0.0,0.0,0.0,0.0,0.002,0.998,0.052128304705603576,1878,0.00013411903750029902,2.8323240765339027e-08,2.936403872456087e-05,16,20,False,0.995,0.005,0.66,fixed,100,none,b05428b4-9e4c-4c24-8ea0-156090d31ad0
100,10000,9.390768766403198,1.0,1.0,1.0,0.9960959999999999,0.0,0.0,0.0,0.0,0.0,0.0,0.0,0.0,0.0,0.0,0.0,0.0,0.0,0.0,0.002,0.998,0.052128304705603576,1878,0.00013399793747016024,2.8305112595278116e-08,2.933752648361118e-05,16,20,False,0.995,0.005,0.66,fixed,100,none,b05428b4-9e4c-4c24-8ea0-156090d31ad0
101,10100,9.401576042175293,1.0,1.0,1.0,0.9960959999999999,0.0,0.0,0.0,0.0,0.0,0.0,0.0,0.0,0.0,0.0,0.0,0.0,0.0,0.0,0.002,0.998,0.05251033128381009,1877,0.00013488885095157608,2.860692683167481e-08,2.9532604789398024e-05,16,20,False,0.995,0.005,0.66,fixed,100,none,b05428b4-9e4c-4c24-8ea0-156090d31ad0
102,10200,9.412484169006348,1.0,1.0,1.0,0.9960959999999999,0.0,0.0,0.0,0.0,0.0,0.0,0.0,0.0,0.0,0.0,0.0,0.0,0.0,0.0,0.002,0.998,0.05251033128381009,1877,0.0001339680666640566,2.879300421512271e-08,2.9331080463562863e-05,16,20,False,0.995,0.005,0.66,fixed,100,none,b05428b4-9e4c-4c24-8ea0-156090d31ad0
103,10300,9.423322439193726,1.0,1.0,1.0,0.9960959999999999,0.0,0.0,0.0,0.0,0.0,0.0,0.0,0.0,0.0,0.0,0.0,0.0,0.0,0.0,0.002,0.998,0.052128304705603576,1878,0.0001345674885789677,2.8872226723829955e-08,2.9462308973013556e-05,16,20,False,0.995,0.005,0.66,fixed,100,none,b05428b4-9e4c-4c24-8ea0-156090d31ad0
104,10400,9.434098243713379,1.0,1.0,1.0,0.9960959999999999,0.0,0.0,0.0,0.0,0.0,0.0,0.0,0.0,0.0,0.0,0.0,0.0,0.0,0.0,0.002,0.998,0.051745274115365,1879,0.00013711868551901608,2.9752488690699293e-08,3.0020933232963852e-05,16,20,False,0.995,0.005,0.66,fixed,100,none,b05428b4-9e4c-4c24-8ea0-156090d31ad0
105,10500,9.444882154464722,1.0,1.0,1.0,0.9960959999999999,0.0,0.0,0.0,0.0,0.0,0.0,0.0,0.0,0.0,0.0,0.0,0.0,0.0,0.0,0.002,0.998,0.0513612395130943,1880,0.00013665110338988032,2.971383283467417e-08,2.9918572160283393e-05,16,20,False,0.995,0.005,0.66,fixed,100,none,b05428b4-9e4c-4c24-8ea0-156090d31ad0
106,10600,9.455792427062988,1.0,1.0,1.0,0.9960959999999999,0.0,0.0,0.0,0.0,0.0,0.0,0.0,0.0,0.0,0.0,0.0,0.0,0.0,0.0,0.002,0.998,0.0513612395130943,1880,0.00013665110338988032,2.971383283467417e-08,2.9918572160283393e-05,16,20,False,0.995,0.005,0.66,fixed,100,none,b05428b4-9e4c-4c24-8ea0-156090d31ad0
107,10700,9.466845035552979,1.0,1.0,1.0,0.9960959999999999,0.0,0.0,0.0,0.0,0.0,0.0,0.0,0.0,0.0,0.0,0.0,0.0,0.0,0.0,0.002,0.998,0.051745274115365,1879,0.0001371198088945739,2.991403068165407e-08,3.0021209832851747e-05,16,20,False,0.995,0.005,0.66,fixed,100,none,b05428b4-9e4c-4c24-8ea0-156090d31ad0
108,10800,9.47793698310852,1.0,1.0,1.0,0.9960959999999999,0.0,0.0,0.0,0.0,0.0,0.0,0.0,0.0,0.0,0.0,0.0,0.0,0.0,0.0,0.002,0.998,0.051745274115364996,1879,0.00013623000175195626,2.9784156179800247e-08,2.982640637317739e-05,16,20,False,0.995,0.005,0.66,fixed,100,none,b05428b4-9e4c-4c24-8ea0-156090d31ad0
109,10900,9.489014148712158,1.0,1.0,1.0,0.9960959999999999,0.0,0.0,0.0,0.0,0.0,0.0,0.0,0.0,0.0,0.0,0.0,0.0,0.0,0.0,0.002,0.998,0.052128304705603576,1878,0.00013813985911012778,3.073409751937641e-08,3.0244654637735652e-05,16,20,False,0.995,0.005,0.66,fixed,100,none,b05428b4-9e4c-4c24-8ea0-156090d31ad0
110,11000,9.499948978424072,1.0,1.0,1.0,0.9960959999999999,0.0,0.0,0.0,0.0,0.0,0.0,0.0,0.0,0.0,0.0,0.0,0.0,0.0,0.0,0.002,0.998,0.051745274115365,1879,0.00013881018237683229,3.091527551383465e-08,3.039142282463622e-05,16,20,False,0.995,0.005,0.66,fixed,100,none,b05428b4-9e4c-4c24-8ea0-156090d31ad0
111,11100,9.510972023010254,1.0,1.0,1.0,0.9960959999999999,0.0,0.0,0.0,0.0,0.0,0.0,0.0,0.0,0.0,0.0,0.0,0.0,0.0,0.0,0.002,0.998,0.052128304705603576,1878,0.00013978709842812207,3.125013832316425e-08,3.060533337219732e-05,16,20,False,0.995,0.005,0.66,fixed,100,none,b05428b4-9e4c-4c24-8ea0-156090d31ad0
112,11200,9.522236108779907,1.0,1.0,1.0,0.9960959999999999,0.0,0.0,0.0,0.0,0.0,0.0,0.0,0.0,0.0,0.0,0.0,0.0,0.0,0.0,0.002,0.998,0.052128304705603576,1878,0.00014013888790036087,3.1544895633788166e-08,3.0682396091559415e-05,16,20,False,0.995,0.005,0.66,fixed,100,none,b05428b4-9e4c-4c24-8ea0-156090d31ad0
113,11300,9.53340744972229,1.0,1.0,1.0,0.9960959999999999,0.0,0.0,0.0,0.0,0.0,0.0,0.0,0.0,0.0,0.0,0.0,0.0,0.0,0.0,0.002,0.998,0.052128304705603576,1878,0.0001410003197852803,3.1749082641956194e-08,3.087100232669983e-05,16,20,False,0.995,0.005,0.66,fixed,100,none,b05428b4-9e4c-4c24-8ea0-156090d31ad0
114,11400,9.544540405273438,1.0,1.0,1.0,0.9960959999999999,0.0,0.0,0.0,0.0,0.0,0.0,0.0,0.0,0.0,0.0,0.0,0.0,0.0,0.0,0.002,0.998,0.052128304705603576,1878,0.0001410003197852803,3.1749082641956194e-08,3.087100232669983e-05,16,20,False,0.995,0.005,0.66,fixed,100,none,b05428b4-9e4c-4c24-8ea0-156090d31ad0
115,11500,9.555654764175415,1.0,1.0,1.0,0.9960959999999999,0.0,0.0,0.0,0.0,0.0,0.0,0.0,0.0,0.0,0.0,0.0,0.0,0.0,0.0,0.002,0.998,0.051361239513094306,1880,0.00013876502531584648,3.1405887181324466e-08,3.038163116020325e-05,16,20,False,0.995,0.005,0.66,fixed,100,none,b05428b4-9e4c-4c24-8ea0-156090d31ad0
116,11600,9.566741466522217,1.0,1.0,1.0,0.9960959999999999,0.0,0.0,0.0,0.0,0.0,0.0,0.0,0.0,0.0,0.0,0.0,0.0,0.0,0.0,0.002,0.998,0.051745274115365,1879,0.0001399977080540765,3.207954526910088e-08,3.065159340663848e-05,16,20,False,0.995,0.005,0.66,fixed,100,none,b05428b4-9e4c-4c24-8ea0-156090d31ad0
117,11700,9.577914237976074,1.0,1.0,1.0,0.9960959999999999,0.0,0.0,0.0,0.0,0.0,0.0,0.0,0.0,0.0,0.0,0.0,0.0,0.0,0.0,0.002,0.998,0.052128304705603576,1878,0.0001398174667128052,3.216395461501112e-08,3.061215461480991e-05,16,20,False,0.995,0.005,0.66,fixed,100,none,b05428b4-9e4c-4c24-8ea0-156090d31ad0
118,11800,9.589003801345825,1.0,1.0,1.0,0.9960959999999999,0.0,0.0,0.0,0.0,0.0,0.0,0.0,0.0,0.0,0.0,0.0,0.0,0.0,0.0,0.002,0.998,0.052128304705603576,1878,0.00014082363570924486,3.25226881347494e-08,3.08324731674993e-05,16,20,False,0.995,0.005,0.66,fixed,100,none,b05428b4-9e4c-4c24-8ea0-156090d31ad0
119,11900,9.600253820419312,1.0,1.0,1.0,0.9960959999999999,0.0,0.0,0.0,0.0,0.0,0.0,0.0,0.0,0.0,0.0,0.0,0.0,0.0,0.0,0.002,0.998,0.05289135384998455,1876,0.00014005547543559328,3.255374989505561e-08,3.0664328785331436e-05,16,20,False,0.995,0.005,0.66,fixed,100,none,b05428b4-9e4c-4c24-8ea0-156090d31ad0
120,12000,9.611605644226074,1.0,1.0,1.0,0.9960959999999999,0.0,0.0,0.0,0.0,0.0,0.0,0.0,0.0,0.0,0.0,0.0,0.0,0.0,0.0,0.002,0.998,0.05289135384998455,1876,0.00014059894042627393,3.27122298610042e-08,3.0783323382984954e-05,16,20,False,0.995,0.005,0.66,fixed,100,none,b05428b4-9e4c-4c24-8ea0-156090d31ad0
121,12100,9.622923612594604,1.0,1.0,1.0,0.9960959999999999,0.0,0.0,0.0,0.0,0.0,0.0,0.0,0.0,0.0,0.0,0.0,0.0,0.0,0.0,0.002,0.998,0.05289135384998455,1876,0.00014059894042627393,3.27122298610042e-08,3.0783323382984954e-05,16,20,False,0.995,0.005,0.66,fixed,100,none,b05428b4-9e4c-4c24-8ea0-156090d31ad0
122,12200,9.634126901626587,1.0,1.0,1.0,0.9960959999999999,0.0,0.0,0.0,0.0,0.0,0.0,0.0,0.0,0.0,0.0,0.0,0.0,0.0,0.0,0.002,0.998,0.05251033128381009,1877,0.00014043495890703217,3.2423423164179514e-08,3.0747372955150536e-05,16,20,False,0.995,0.005,0.66,fixed,100,none,b05428b4-9e4c-4c24-8ea0-156090d31ad0
123,12300,9.645278215408325,1.0,1.0,1.0,0.9960959999999999,0.0,0.0,0.0,0.0,0.0,0.0,0.0,0.0,0.0,0.0,0.0,0.0,0.0,0.0,0.002,0.998,0.052510331283810094,1877,0.0001416252173289874,3.313634723993591e-08,3.1008055979290924e-05,16,20,False,0.995,0.005,0.66,fixed,100,none,b05428b4-9e4c-4c24-8ea0-156090d31ad0
124,12400,9.656471490859985,1.0,1.0,1.0,0.9960959999999999,0.0,0.0,0.0,0.0,0.0,0.0,0.0,0.0,0.0,0.0,0.0,0.0,0.0,0.0,0.002,0.998,0.052510331283810094,1877,0.00014189179997424708,3.3208496056145944e-08,3.1066424628613356e-05,16,20,False,0.995,0.005,0.66,fixed,100,none,b05428b4-9e4c-4c24-8ea0-156090d31ad0
125,12500,9.66756272315979,1.0,1.0,1.0,0.9960959999999999,0.0,0.0,0.0,0.0,0.0,0.0,0.0,0.0,0.0,0.0,0.0,0.0,0.0,0.0,0.002,0.998,0.05251033128381009,1877,0.00014237991052327,3.3402049722752597e-08,3.117330880299113e-05,16,20,False,0.995,0.005,0.66,fixed,100,none,b05428b4-9e4c-4c24-8ea0-156090d31ad0
126,12600,9.678571224212646,1.0,1.0,1.0,0.9960959999999999,0.0,0.0,0.0,0.0,0.0,0.0,0.0,0.0,0.0,0.0,0.0,0.0,0.0,0.0,0.002,0.998,0.05251033128381009,1877,0.00014253690355194634,3.340178018318862e-08,3.1207674525755856e-05,16,20,False,0.995,0.005,0.66,fixed,100,none,b05428b4-9e4c-4c24-8ea0-156090d31ad0
127,12700,9.689536571502686,1.0,1.0,1.0,0.9960959999999999,0.0,0.0,0.0,0.0,0.0,0.0,0.0,0.0,0.0,0.0,0.0,0.0,0.0,0.0,0.002,0.998,0.052128304705603576,1878,0.00014300985845115701,3.340256833289262e-08,3.1311204502941523e-05,16,20,False,0.995,0.005,0.66,fixed,100,none,b05428b4-9e4c-4c24-8ea0-156090d31ad0
128,12800,9.70047116279602,1.0,1.0,1.0,0.9960959999999999,0.0,0.0,0.0,0.0,0.0,0.0,0.0,0.0,0.0,0.0,0.0,0.0,0.0,0.0,0.002,0.998,0.051745274115364996,1879,0.00014357821275637548,3.355467914421279e-08,3.1435646161407997e-05,16,20,False,0.995,0.005,0.66,fixed,100,none,b05428b4-9e4c-4c24-8ea0-156090d31ad0
129,12900,9.711382865905762,1.0,1.0,1.0,0.9960959999999999,0.0,0.0,0.0,0.0,0.0,0.0,0.0,0.0,0.0,0.0,0.0,0.0,0.0,0.0,0.002,0.998,0.051745274115364996,1879,0.00014423390986556797,3.399694178799038e-08,3.157926228851255e-05,16,20,False,0.995,0.005,0.66,fixed,100,none,b05428b4-9e4c-4c24-8ea0-156090d31ad0
130,13000,9.722299337387085,1.0,1.0,1.0,0.9960959999999999,0.0,0.0,0.0,0.0,0.0,0.0,0.0,0.0,0.0,0.0,0.0,0.0,0.0,0.0,0.002,0.998,0.05251033128381009,1877,0.00014565633165874572,3.427090827125055e-08,3.1890682472670975e-05,16,20,False,0.995,0.005,0.66,fixed,100,none,b05428b4-9e4c-4c24-8ea0-156090d31ad0
131,13100,9.733358144760132,1.0,1.0,1.0,0.9960959999999999,0.0,0.0,0.0,0.0,0.0,0.0,0.0,0.0,0.0,0.0,0.0,0.0,0.0,0.0,0.002,0.998,0.052128304705603576,1878,0.00014614366608310645,3.459759004206806e-08,3.1997422047699996e-05,16,20,False,0.995,0.005,0.66,fixed,100,none,b05428b4-9e4c-4c24-8ea0-156090d31ad0
132,13200,9.744693994522095,1.0,1.0,1.0,0.9960959999999999,0.0,0.0,0.0,0.0,0.0,0.0,0.0,0.0,0.0,0.0,0.0,0.0,0.0,0.0,0.002,0.998,0.05251033128381009,1877,0.00014557129875404247,3.4484562672793664e-08,3.187210936416773e-05,16,20,False,0.995,0.005,0.66,fixed,100,none,b05428b4-9e4c-4c24-8ea0-156090d31ad0
133,13300,9.755967855453491,1.0,1.0,1.0,0.9960959999999999,0.0,0.0,0.0,0.0,0.0,0.0,0.0,0.0,0.0,0.0,0.0,0.0,0.0,0.0,0.002,0.998,0.052128304705603576,1878,0.00014579529145569985,3.4400823927775706e-08,3.192112545619897e-05,16,20,False,0.995,0.005,0.66,fixed,100,none,b05428b4-9e4c-4c24-8ea0-156090d31ad0
134,13400,9.76738977432251,1.0,1.0,1.0,0.9960959999999999,0.0,0.0,0.0,0.0,0.0,0.0,0.0,0.0,0.0,0.0,0.0,0.0,0.0,0.0,0.002,0.998,0.05251033128381009,1877,0.00014689404448341807,3.536137160652638e-08,3.216182499802546e-05,16,20,False,0.995,0.005,0.66,fixed,100,none,b05428b4-9e4c-4c24-8ea0-156090d31ad0
135,13500,9.778854131698608,1.0,1.0,1.0,0.9960959999999999,0.0,0.0,0.0,0.0,0.0,0.0,0.0,0.0,0.0,0.0,0.0,0.0,0.0,0.0,0.002,0.998,0.05251033128381009,1877,0.00014724038342378668,3.5629895074196346e-08,3.2237689611531e-05,16,20,False,0.995,0.005,0.66,fixed,100,none,b05428b4-9e4c-4c24-8ea0-156090d31ad0
136,13600,9.790052890777588,1.0,1.0,1.0,0.9960959999999999,0.0,0.0,0.0,0.0,0.0,0.0,0.0,0.0,0.0,0.0,0.0,0.0,0.0,0.0,0.002,0.998,0.051745274115364996,1879,0.0001472252788496025,3.546952027653013e-08,3.223435274903053e-05,16,20,False,0.995,0.005,0.66,fixed,100,none,b05428b4-9e4c-4c24-8ea0-156090d31ad0
137,13700,9.80127739906311,1.0,1.0,1.0,0.9960959999999999,0.0,0.0,0.0,0.0,0.0,0.0,0.0,0.0,0.0,0.0,0.0,0.0,0.0,0.0,0.002,0.998,0.052128304705603576,1878,0.0001478610322198552,3.5983993982390805e-08,3.237361691178296e-05,16,20,False,0.995,0.005,0.66,fixed,100,none,b05428b4-9e4c-4c24-8ea0-156090d31ad0
138,13800,9.81255054473877,1.0,1.0,1.0,0.9960959999999999,0.0,0.0,0.0,0.0,0.0,0.0,0.0,0.0,0.0,0.0,0.0,0.0,0.0,0.0,0.002,0.998,0.052128304705603576,1878,0.0001475906466078236,3.595423224639105e-08,3.23144238465794e-05,16,20,False,0.995,0.005,0.66,fixed,100,none,b05428b4-9e4c-4c24-8ea0-156090d31ad0
139,13900,9.82352352142334,1.0,1.0,1.0,0.9960959999999999,0.0,0.0,0.0,0.0,0.0,0.0,0.0,0.0,0.0,0.0,0.0,0.0,0.0,0.0,0.002,0.998,0.052128304705603576,1878,0.00014847232891288033,3.625967508187777e-08,3.2507482137295066e-05,16,20,False,0.995,0.005,0.66,fixed,100,none,b05428b4-9e4c-4c24-8ea0-156090d31ad0
140,14000,9.834510564804077,1.0,1.0,1.0,0.9960959999999999,0.0,0.0,0.0,0.0,0.0,0.0,0.0,0.0,0.0,0.0,0.0,0.0,0.0,0.0,0.002,0.998,0.051745274115364996,1879,0.00014916979104001604,3.654720774668157e-08,3.266021122813138e-05,16,20,False,0.995,0.005,0.66,fixed,100,none,b05428b4-9e4c-4c24-8ea0-156090d31ad0
141,14100,9.845432043075562,1.0,1.0,1.0,0.9960959999999999,0.0,0.0,0.0,0.0,0.0,0.0,0.0,0.0,0.0,0.0,0.0,0.0,0.0,0.0,0.002,0.998,0.051745274115364996,1879,0.0001525350932939164,3.802704775752717e-08,3.339715706111223e-05,16,20,False,0.995,0.005,0.66,fixed,100,none,b05428b4-9e4c-4c24-8ea0-156090d31ad0
142,14200,9.856307983398438,1.0,1.0,1.0,0.9960959999999999,0.0,0.0,0.0,0.0,0.0,0.0,0.0,0.0,0.0,0.0,0.0,0.0,0.0,0.0,0.002,0.998,0.051745274115364996,1879,0.00015250732601594725,3.833267850357977e-08,3.339113687380653e-05,16,20,False,0.995,0.005,0.66,fixed,100,none,b05428b4-9e4c-4c24-8ea0-156090d31ad0
143,14300,9.867154121398926,1.0,1.0,1.0,0.9960959999999999,0.0,0.0,0.0,0.0,0.0,0.0,0.0,0.0,0.0,0.0,0.0,0.0,0.0,0.0,0.002,0.998,0.052128304705603576,1878,0.0001540517528554716,3.8928339394168484e-08,3.372932508454762e-05,16,20,False,0.995,0.005,0.66,fixed,100,none,b05428b4-9e4c-4c24-8ea0-156090d31ad0
144,14400,9.877947330474854,1.0,1.0,1.0,0.9960959999999999,0.0,0.0,0.0,0.0,0.0,0.0,0.0,0.0,0.0,0.0,0.0,0.0,0.0,0.0,0.002,0.998,0.051745274115364996,1879,0.00015526451698523938,3.951299502517494e-08,3.3994910237123685e-05,16,20,False,0.995,0.005,0.66,fixed,100,none,b05428b4-9e4c-4c24-8ea0-156090d31ad0
145,14500,9.888739585876465,1.0,1.0,1.0,0.9960959999999999,0.0,0.0,0.0,0.0,0.0,0.0,0.0,0.0,0.0,0.0,0.0,0.0,0.0,0.0,0.002,0.998,0.052128304705603576,1878,0.00015553526311494186,3.9717484249502534e-08,3.405421541786818e-05,16,20,False,0.995,0.005,0.66,fixed,100,none,b05428b4-9e4c-4c24-8ea0-156090d31ad0
146,14600,9.899778842926025,1.0,1.0,1.0,0.9960959999999999,0.0,0.0,0.0,0.0,0.0,0.0,0.0,0.0,0.0,0.0,0.0,0.0,0.0,0.0,0.002,0.998,0.05136123951309429,1880,0.00015522990210793666,3.9713032440919126e-08,3.398737104759111e-05,16,20,False,0.995,0.005,0.66,fixed,100,none,b05428b4-9e4c-4c24-8ea0-156090d31ad0
147,14700,9.911027908325195,1.0,1.0,1.0,0.9960959999999999,0.0,0.0,0.0,0.0,0.0,0.0,0.0,0.0,0.0,0.0,0.0,0.0,0.0,0.0,0.002,0.998,0.05136123951309429,1880,0.00015581298543025656,4.0111275306705395e-08,3.4115083652991436e-05,16,20,False,0.995,0.005,0.66,fixed,100,none,b05428b4-9e4c-4c24-8ea0-156090d31ad0
148,14800,9.92221999168396,1.0,1.0,1.0,0.9960959999999999,0.0,0.0,0.0,0.0,0.0,0.0,0.0,0.0,0.0,0.0,0.0,0.0,0.0,0.0,0.002,0.998,0.05136123951309429,1880,0.00015705099612492557,4.030772100892532e-08,3.43861215187379e-05,16,20,False,0.995,0.005,0.66,fixed,100,none,b05428b4-9e4c-4c24-8ea0-156090d31ad0
149,14900,9.93334150314331,1.0,1.0,1.0,0.9960959999999999,0.0,0.0,0.0,0.0,0.0,0.0,0.0,0.0,0.0,0.0,0.0,0.0,0.0,0.0,0.002,0.998,0.05136123951309429,1880,0.0001571632539178946,4.030077823458817e-08,3.4410693430491695e-05,16,20,False,0.995,0.005,0.66,fixed,100,none,b05428b4-9e4c-4c24-8ea0-156090d31ad0
150,15000,9.944472074508667,1.0,1.0,1.0,0.9960959999999999,0.0,0.0,0.0,0.0,0.0,0.0,0.0,0.0,0.0,0.0,0.0,0.0,0.0,0.0,0.002,0.998,0.05136123951309429,1880,0.00015593935393586723,3.990559100837423e-08,3.414270663885293e-05,16,20,False,0.995,0.005,0.66,fixed,100,none,b05428b4-9e4c-4c24-8ea0-156090d31ad0
151,15100,9.955477714538574,1.0,1.0,1.0,0.9960959999999999,0.0,0.0,0.0,0.0,0.0,0.0,0.0,0.0,0.0,0.0,0.0,0.0,0.0,0.0,0.002,0.998,0.05136123951309429,1880,0.00015663550761554654,4.0587895308039554e-08,3.429522431715167e-05,16,20,False,0.995,0.005,0.66,fixed,100,none,b05428b4-9e4c-4c24-8ea0-156090d31ad0
152,15200,9.966517448425293,1.0,1.0,1.0,0.9960959999999999,0.0,0.0,0.0,0.0,0.0,0.0,0.0,0.0,0.0,0.0,0.0,0.0,0.0,0.0,0.002,0.998,0.05136123951309429,1880,0.00015743690219277928,4.090678158605079e-08,3.447071017850073e-05,16,20,False,0.995,0.005,0.66,fixed,100,none,b05428b4-9e4c-4c24-8ea0-156090d31ad0
153,15300,9.977555513381958,1.0,1.0,1.0,0.9960959999999999,0.0,0.0,0.0,0.0,0.0,0.0,0.0,0.0,0.0,0.0,0.0,0.0,0.0,0.0,0.002,0.998,0.05136123951309429,1880,0.00015838717215339203,4.136874951355344e-08,3.467881204678509e-05,16,20,False,0.995,0.005,0.66,fixed,100,none,b05428b4-9e4c-4c24-8ea0-156090d31ad0
154,15400,9.98870301246643,1.0,1.0,1.0,0.9960959999999999,0.0,0.0,0.0,0.0,0.0,0.0,0.0,0.0,0.0,0.0,0.0,0.0,0.0,0.0,0.002,0.998,0.05136123951309429,1880,0.00015878721182579865,4.153771177824751e-08,3.4766412833905196e-05,16,20,False,0.995,0.005,0.66,fixed,100,none,b05428b4-9e4c-4c24-8ea0-156090d31ad0
155,15500,9.999809265136719,1.0,1.0,1.0,0.9960959999999999,0.0,0.0,0.0,0.0,0.0,0.0,0.0,0.0,0.0,0.0,0.0,0.0,0.0,0.0,0.002,0.998,0.05136123951309429,1880,0.00015868507868157207,4.1508396646499456e-08,3.4744050318758964e-05,16,20,False,0.995,0.005,0.66,fixed,100,none,b05428b4-9e4c-4c24-8ea0-156090d31ad0
156,15600,10.01102900505066,1.0,1.0,1.0,0.9960959999999999,0.0,0.0,0.0,0.0,0.0,0.0,0.0,0.0,0.0,0.0,0.0,0.0,0.0,0.0,0.002,0.998,0.0513612395130943,1880,0.00015842374330828795,4.1583941969224347e-08,3.468685835915839e-05,16,20,False,0.995,0.005,0.66,fixed,100,none,b05428b4-9e4c-4c24-8ea0-156090d31ad0
157,15700,10.022198915481567,1.0,1.0,1.0,0.9960959999999999,0.0,0.0,0.0,0.0,0.0,0.0,0.0,0.0,0.0,0.0,0.0,0.0,0.0,0.0,0.002,0.998,0.0513612395130943,1880,0.0001581800293261522,4.149350475733258e-08,3.463349218539861e-05,16,20,False,0.995,0.005,0.66,fixed,100,none,b05428b4-9e4c-4c24-8ea0-156090d31ad0
158,15800,10.033392190933228,1.0,1.0,1.0,0.9960959999999999,0.0,0.0,0.0,0.0,0.0,0.0,0.0,0.0,0.0,0.0,0.0,0.0,0.0,0.0,0.002,0.998,0.0513612395130943,1880,0.0001589346927484512,4.177366450470617e-08,3.479874123889186e-05,16,20,False,0.995,0.005,0.66,fixed,100,none,b05428b4-9e4c-4c24-8ea0-156090d31ad0
159,15900,10.044600248336792,1.0,1.0,1.0,0.9960959999999999,0.0,0.0,0.0,0.0,0.0,0.0,0.0,0.0,0.0,0.0,0.0,0.0,0.0,0.0,0.002,0.998,0.0513612395130943,1880,0.00015705325646563347,4.1337443260793676e-08,3.438681195454672e-05,16,20,False,0.995,0.005,0.66,fixed,100,none,b05428b4-9e4c-4c24-8ea0-156090d31ad0
160,16000,10.05578064918518,1.0,1.0,1.0,0.9960959999999999,0.0,0.0,0.0,0.0,0.0,0.0,0.0,0.0,0.0,0.0,0.0,0.0,0.0,0.0,0.002,0.998,0.0513612395130943,1880,0.00015772615950424462,4.150627489276423e-08,3.453414250770878e-05,16,20,False,0.995,0.005,0.66,fixed,100,none,b05428b4-9e4c-4c24-8ea0-156090d31ad0
161,16100,10.066932439804077,1.0,1.0,1.0,0.9960959999999999,0.0,0.0,0.0,0.0,0.0,0.0,0.0,0.0,0.0,0.0,0.0,0.0,0.0,0.0,0.002,0.998,0.0513612395130943,1880,0.0001586190275536822,4.190235914490079e-08,3.472966657973857e-05,16,20,False,0.995,0.005,0.66,fixed,100,none,b05428b4-9e4c-4c24-8ea0-156090d31ad0
162,16200,10.07820749282837,1.0,1.0,1.0,0.9960959999999999,0.0,0.0,0.0,0.0,0.0,0.0,0.0,0.0,0.0,0.0,0.0,0.0,0.0,0.0,0.002,0.998,0.051745274115364996,1879,0.00015828154402065459,4.203027880381067e-08,3.4655815739094016e-05,16,20,False,0.995,0.005,0.66,fixed,100,none,b05428b4-9e4c-4c24-8ea0-156090d31ad0
163,16300,10.089423894882202,1.0,1.0,1.0,0.9960959999999999,0.0,0.0,0.0,0.0,0.0,0.0,0.0,0.0,0.0,0.0,0.0,0.0,0.0,0.0,0.002,0.998,0.0513612395130943,1880,0.00015865589205457198,4.2237096628614603e-08,3.473779981910524e-05,16,20,False,0.995,0.005,0.66,fixed,100,none,b05428b4-9e4c-4c24-8ea0-156090d31ad0
164,16400,10.100540161132812,1.0,1.0,1.0,0.9960959999999999,0.0,0.0,0.0,0.0,0.0,0.0,0.0,0.0,0.0,0.0,0.0,0.0,0.0,0.0,0.002,0.998,0.0513612395130943,1880,0.00015832764551642522,4.215337868551786e-08,3.466593074549573e-05,16,20,False,0.995,0.005,0.66,fixed,100,none,b05428b4-9e4c-4c24-8ea0-156090d31ad0
165,16500,10.11301875114441,1.0,1.0,1.0,0.9960959999999999,0.0,0.0,0.0,0.0,0.0,0.0,0.0,0.0,0.0,0.0,0.0,0.0,0.0,0.0,0.002,0.998,0.051745274115364996,1879,0.00015936208446290075,4.2382185607980005e-08,3.489241290419449e-05,16,20,False,0.995,0.005,0.66,fixed,100,none,b05428b4-9e4c-4c24-8ea0-156090d31ad0
166,16600,10.124289751052856,1.0,1.0,1.0,0.9960959999999999,0.0,0.0,0.0,0.0,0.0,0.0,0.0,0.0,0.0,0.0,0.0,0.0,0.0,0.0,0.002,0.998,0.0513612395130943,1880,0.00016041113628502862,4.278415774813504e-08,3.512212672276491e-05,16,20,False,0.995,0.005,0.66,fixed,100,none,b05428b4-9e4c-4c24-8ea0-156090d31ad0
167,16700,10.13551640510559,1.0,1.0,1.0,0.9960959999999999,0.0,0.0,0.0,0.0,0.0,0.0,0.0,0.0,0.0,0.0,0.0,0.0,0.0,0.0,0.002,0.998,0.051745274115364996,1879,0.00016205766629094474,4.308031126749299e-08,3.548260841022863e-05,16,20,False,0.995,0.005,0.66,fixed,100,none,b05428b4-9e4c-4c24-8ea0-156090d31ad0
168,16800,10.146878004074097,1.0,1.0,1.0,0.9960959999999999,0.0,0.0,0.0,0.0,0.0,0.0,0.0,0.0,0.0,0.0,0.0,0.0,0.0,0.0,0.002,0.998,0.051745274115364996,1879,0.0001619236549737249,4.314350059583465e-08,3.5453285338861596e-05,16,20,False,0.995,0.005,0.66,fixed,100,none,b05428b4-9e4c-4c24-8ea0-156090d31ad0
169,16900,10.158215999603271,1.0,1.0,1.0,0.9960959999999999,0.0,0.0,0.0,0.0,0.0,0.0,0.0,0.0,0.0,0.0,0.0,0.0,0.0,0.0,0.002,0.998,0.051745274115364996,1879,0.0001609852917875666,4.2724870892943435e-08,3.524779809776799e-05,16,20,False,0.995,0.005,0.66,fixed,100,none,b05428b4-9e4c-4c24-8ea0-156090d31ad0
170,17000,10.169651508331299,1.0,1.0,1.0,0.9960959999999999,0.0,0.0,0.0,0.0,0.0,0.0,0.0,0.0,0.0,0.0,0.0,0.0,0.0,0.0,0.002,0.998,0.0513612395130943,1880,0.00016113109726883905,4.285116573269288e-08,3.527973891363808e-05,16,20,False,0.995,0.005,0.66,fixed,100,none,b05428b4-9e4c-4c24-8ea0-156090d31ad0
171,17100,10.181070327758789,1.0,1.0,1.0,0.9960959999999999,0.0,0.0,0.0,0.0,0.0,0.0,0.0,0.0,0.0,0.0,0.0,0.0,0.0,0.0,0.002,0.998,0.0513612395130943,1880,0.00016119671990621817,4.262078063470189e-08,3.5294059935791754e-05,16,20,False,0.995,0.005,0.66,fixed,100,none,b05428b4-9e4c-4c24-8ea0-156090d31ad0
172,17200,10.19271183013916,1.0,1.0,1.0,0.9960959999999999,0.0,0.0,0.0,0.0,0.0,0.0,0.0,0.0,0.0,0.0,0.0,0.0,0.0,0.0,0.002,0.998,0.052128304705603576,1878,0.00016269916594666923,4.3237107905165854e-08,3.562306247622787e-05,16,20,False,0.995,0.005,0.66,fixed,100,none,b05428b4-9e4c-4c24-8ea0-156090d31ad0
173,17300,10.204302310943604,1.0,1.0,1.0,0.9960959999999999,0.0,0.0,0.0,0.0,0.0,0.0,0.0,0.0,0.0,0.0,0.0,0.0,0.0,0.0,0.002,0.998,0.05251033128381009,1877,0.0001626190609207372,4.355208813127431e-08,3.560558733229432e-05,16,20,False,0.995,0.005,0.66,fixed,100,none,b05428b4-9e4c-4c24-8ea0-156090d31ad0
174,17400,10.215827465057373,1.0,1.0,1.0,0.9960959999999999,0.0,0.0,0.0,0.0,0.0,0.0,0.0,0.0,0.0,0.0,0.0,0.0,0.0,0.0,0.002,0.998,0.052128304705603576,1878,0.00016276103099395394,4.3801055003244875e-08,3.563671188502713e-05,16,20,False,0.995,0.005,0.66,fixed,100,none,b05428b4-9e4c-4c24-8ea0-156090d31ad0
175,17500,10.227341890335083,1.0,1.0,1.0,0.9960959999999999,0.0,0.0,0.0,0.0,0.0,0.0,0.0,0.0,0.0,0.0,0.0,0.0,0.0,0.0,0.002,0.998,0.05251033128381009,1877,0.00016273283716157185,4.355220179460859e-08,3.5630492973009056e-05,16,20,False,0.995,0.005,0.66,fixed,100,none,b05428b4-9e4c-4c24-8ea0-156090d31ad0
176,17600,10.238846063613892,1.0,1.0,1.0,0.9960959999999999,0.0,0.0,0.0,0.0,0.0,0.0,0.0,0.0,0.0,0.0,0.0,0.0,0.0,0.0,0.002,0.998,0.052128304705603576,1878,0.0001630710694921883,4.374663894634087e-08,3.570456897323983e-05,16,20,False,0.995,0.005,0.66,fixed,100,none,b05428b4-9e4c-4c24-8ea0-156090d31ad0
177,17700,10.250401496887207,1.0,1.0,1.0,0.9960959999999999,0.0,0.0,0.0,0.0,0.0,0.0,0.0,0.0,0.0,0.0,0.0,0.0,0.0,0.0,0.002,0.998,0.052510331283810094,1877,0.0001632130679565176,4.3661444836340836e-08,3.573563625020061e-05,16,20,False,0.995,0.005,0.66,fixed,100,none,b05428b4-9e4c-4c24-8ea0-156090d31ad0
178,17800,10.26214051246643,1.0,1.0,1.0,0.9960959999999999,0.0,0.0,0.0,0.0,0.0,0.0,0.0,0.0,0.0,0.0,0.0,0.0,0.0,0.0,0.002,0.998,0.052128304705603576,1878,0.00016377947180356675,4.3952031538738526e-08,3.585967726379312e-05,16,20,False,0.995,0.005,0.66,fixed,100,none,b05428b4-9e4c-4c24-8ea0-156090d31ad0
179,17900,10.27376651763916,1.0,1.0,1.0,0.9960959999999999,0.0,0.0,0.0,0.0,0.0,0.0,0.0,0.0,0.0,0.0,0.0,0.0,0.0,0.0,0.002,0.998,0.052128304705603576,1878,0.00016458723129401928,4.4418904681411065e-08,3.603658452215029e-05,16,20,False,0.995,0.005,0.66,fixed,100,none,b05428b4-9e4c-4c24-8ea0-156090d31ad0
180,18000,10.285143852233887,1.0,1.0,1.0,0.9960959999999999,0.0,0.0,0.0,0.0,0.0,0.0,0.0,0.0,0.0,0.0,0.0,0.0,0.0,0.0,0.002,0.998,0.051745274115365,1879,0.0001646064792591808,4.436306472297424e-08,3.604078729213205e-05,16,20,False,0.995,0.005,0.66,fixed,100,none,b05428b4-9e4c-4c24-8ea0-156090d31ad0
181,18100,10.296497583389282,1.0,1.0,1.0,0.9960959999999999,0.0,0.0,0.0,0.0,0.0,0.0,0.0,0.0,0.0,0.0,0.0,0.0,0.0,0.0,0.002,0.998,0.051745274115365,1879,0.000165394367043726,4.481413150844223e-08,3.6213341630858226e-05,16,20,False,0.995,0.005,0.66,fixed,100,none,b05428b4-9e4c-4c24-8ea0-156090d31ad0
182,18200,10.307843446731567,1.0,1.0,1.0,0.9960959999999999,0.0,0.0,0.0,0.0,0.0,0.0,0.0,0.0,0.0,0.0,0.0,0.0,0.0,0.0,0.002,0.998,0.051745274115365,1879,0.00016532282516238064,4.4926509366037163e-08,3.619770246482468e-05,16,20,False,0.995,0.005,0.66,fixed,100,none,b05428b4-9e4c-4c24-8ea0-156090d31ad0
183,18300,10.319148540496826,1.0,1.0,1.0,0.9960959999999999,0.0,0.0,0.0,0.0,0.0,0.0,0.0,0.0,0.0,0.0,0.0,0.0,0.0,0.0,0.002,0.998,0.051745274115365,1879,0.00016532282516238064,4.4926509366037163e-08,3.619770246482468e-05,16,20,False,0.995,0.005,0.66,fixed,100,none,b05428b4-9e4c-4c24-8ea0-156090d31ad0
184,18400,10.33056640625,1.0,1.0,1.0,0.9960959999999999,0.0,0.0,0.0,0.0,0.0,0.0,0.0,0.0,0.0,0.0,0.0,0.0,0.0,0.0,0.002,0.998,0.051745274115365,1879,0.000165876375940428,4.452493852214256e-08,3.63187984316789e-05,16,20,False,0.995,0.005,0.66,fixed,100,none,b05428b4-9e4c-4c24-8ea0-156090d31ad0
185,18500,10.342188119888306,1.0,1.0,1.0,0.9960959999999999,0.0,0.0,0.0,0.0,0.0,0.0,0.0,0.0,0.0,0.0,0.0,0.0,0.0,0.0,0.002,0.998,0.051745274115364996,1879,0.00016789675358050757,4.5152782957184775e-08,3.676117838753498e-05,16,20,False,0.995,0.005,0.66,fixed,100,none,b05428b4-9e4c-4c24-8ea0-156090d31ad0
186,18600,10.353687524795532,1.0,1.0,1.0,0.9960959999999999,0.0,0.0,0.0,0.0,0.0,0.0,0.0,0.0,0.0,0.0,0.0,0.0,0.0,0.0,0.002,0.998,0.051745274115364996,1879,0.0001685746469017028,4.541227809227023e-08,3.690961853962028e-05,16,20,False,0.995,0.005,0.66,fixed,100,none,b05428b4-9e4c-4c24-8ea0-156090d31ad0
187,18700,10.365070104598999,1.0,1.0,1.0,0.9960959999999999,0.0,0.0,0.0,0.0,0.0,0.0,0.0,0.0,0.0,0.0,0.0,0.0,0.0,0.0,0.002,0.998,0.051745274115364996,1879,0.0001700233792109617,4.589257510106927e-08,3.7226837298548724e-05,16,20,False,0.995,0.005,0.66,fixed,100,none,b05428b4-9e4c-4c24-8ea0-156090d31ad0
188,18800,10.376356601715088,1.0,1.0,1.0,0.9960959999999999,0.0,0.0,0.0,0.0,0.0,0.0,0.0,0.0,0.0,0.0,0.0,0.0,0.0,0.0,0.002,0.998,0.051745274115364996,1879,0.00017014739424717144,4.60579990650888e-08,3.72540156205282e-05,16,20,False,0.995,0.005,0.66,fixed,100,none,b05428b4-9e4c-4c24-8ea0-156090d31ad0
189,18900,10.387829542160034,1.0,1.0,1.0,0.9960959999999999,0.0,0.0,0.0,0.0,0.0,0.0,0.0,0.0,0.0,0.0,0.0,0.0,0.0,0.0,0.002,0.998,0.051745274115364996,1879,0.00016960811564094505,4.5778451506277174e-08,3.713591441958907e-05,16,20,False,0.995,0.005,0.66,fixed,100,none,b05428b4-9e4c-4c24-8ea0-156090d31ad0
190,19000,10.399107933044434,1.0,1.0,1.0,0.9960959999999999,0.0,0.0,0.0,0.0,0.0,0.0,0.0,0.0,0.0,0.0,0.0,0.0,0.0,0.0,0.002,0.998,0.051745274115364996,1879,0.0001703067592378045,4.582519224019171e-08,3.7288856383681044e-05,16,20,False,0.995,0.005,0.66,fixed,100,none,b05428b4-9e4c-4c24-8ea0-156090d31ad0
191,19100,10.410333633422852,1.0,1.0,1.0,0.9960959999999999,0.0,0.0,0.0,0.0,0.0,0.0,0.0,0.0,0.0,0.0,0.0,0.0,0.0,0.0,0.002,0.998,0.051745274115364996,1879,0.00017158617810514567,4.618216486776177e-08,3.756898899854126e-05,16,20,False,0.995,0.005,0.66,fixed,100,none,b05428b4-9e4c-4c24-8ea0-156090d31ad0
192,19200,10.421514749526978,1.0,1.0,1.0,0.9960959999999999,0.0,0.0,0.0,0.0,0.0,0.0,0.0,0.0,0.0,0.0,0.0,0.0,0.0,0.0,0.002,0.998,0.051745274115364996,1879,0.00017207771529266874,4.647823179518511e-08,3.767664274160627e-05,16,20,False,0.995,0.005,0.66,fixed,100,none,b05428b4-9e4c-4c24-8ea0-156090d31ad0
193,19300,10.432835578918457,1.0,1.0,1.0,0.9960959999999999,0.0,0.0,0.0,0.0,0.0,0.0,0.0,0.0,0.0,0.0,0.0,0.0,0.0,0.0,0.002,0.998,0.05212830470560358,1878,0.00017158747061682972,4.618213594198462e-08,3.756927192385301e-05,16,20,False,0.995,0.005,0.66,fixed,100,none,b05428b4-9e4c-4c24-8ea0-156090d31ad0
194,19400,10.44395136833191,1.0,1.0,1.0,0.9960959999999999,0.0,0.0,0.0,0.0,0.0,0.0,0.0,0.0,0.0,0.0,0.0,0.0,0.0,0.0,0.002,0.998,0.05212830470560358,1878,0.00017317423723555063,4.697448339422987e-08,3.7916765682706936e-05,16,20,False,0.995,0.005,0.66,fixed,100,none,b05428b4-9e4c-4c24-8ea0-156090d31ad0
195,19500,10.455175638198853,1.0,1.0,1.0,0.9960959999999999,0.0,0.0,0.0,0.0,0.0,0.0,0.0,0.0,0.0,0.0,0.0,0.0,0.0,0.0,0.002,0.998,0.05212830470560358,1878,0.0001736825148324095,4.724822944861231e-08,3.802807966040967e-05,16,20,False,0.995,0.005,0.66,fixed,100,none,b05428b4-9e4c-4c24-8ea0-156090d31ad0
196,19600,10.46633005142212,1.0,1.0,1.0,0.9960959999999999,0.0,0.0,0.0,0.0,0.0,0.0,0.0,0.0,0.0,0.0,0.0,0.0,0.0,0.0,0.002,0.998,0.051745274115364996,1879,0.0001742885576870695,4.762106640136602e-08,3.8160813280315774e-05,16,20,False,0.995,0.005,0.66,fixed,100,none,b05428b4-9e4c-4c24-8ea0-156090d31ad0
197,19700,10.477513790130615,1.0,1.0,1.0,0.9960959999999999,0.0,0.0,0.0,0.0,0.0,0.0,0.0,0.0,0.0,0.0,0.0,0.0,0.0,0.0,0.002,0.998,0.051745274115364996,1879,0.00017401721329842937,4.771279349672347e-08,3.810143342179057e-05,16,20,False,0.995,0.005,0.66,fixed,100,none,b05428b4-9e4c-4c24-8ea0-156090d31ad0
198,19800,10.488699197769165,1.0,1.0,1.0,0.9960959999999999,0.0,0.0,0.0,0.0,0.0,0.0,0.0,0.0,0.0,0.0,0.0,0.0,0.0,0.0,0.002,0.998,0.052128304705603576,1878,0.00017336571257709074,4.791684348097046e-08,3.7958858683386546e-05,16,20,False,0.995,0.005,0.66,fixed,100,none,b05428b4-9e4c-4c24-8ea0-156090d31ad0
199,19900,10.49960446357727,1.0,1.0,1.0,0.9960959999999999,0.0,0.0,0.0,0.0,0.0,0.0,0.0,0.0,0.0,0.0,0.0,0.0,0.0,0.0,0.002,0.998,0.052128304705603576,1878,0.00017482500732021164,4.88046433790531e-08,3.827846698463635e-05,16,20,False,0.995,0.005,0.66,fixed,100,none,b05428b4-9e4c-4c24-8ea0-156090d31ad0
200,20000,10.510531902313232,1.0,1.0,1.0,0.9960959999999999,0.0,0.0,0.0,0.0,0.0,0.0,0.0,0.0,0.0,0.0,0.0,0.0,0.0,0.0,0.002,0.998,0.052128304705603576,1878,0.00017504365272208287,4.90949397752241e-08,3.8326383619421235e-05,16,20,False,0.995,0.005,0.66,fixed,100,none,b05428b4-9e4c-4c24-8ea0-156090d31ad0
201,20100,10.521409749984741,1.0,1.0,1.0,0.9960959999999999,0.0,0.0,0.0,0.0,0.0,0.0,0.0,0.0,0.0,0.0,0.0,0.0,0.0,0.0,0.002,0.998,0.052128304705603576,1878,0.00017554998588793596,4.9371360028055883e-08,3.843727246927451e-05,16,20,False,0.995,0.005,0.66,fixed,100,none,b05428b4-9e4c-4c24-8ea0-156090d31ad0
202,20200,10.532306432723999,1.0,1.0,1.0,0.9960959999999999,0.0,0.0,0.0,0.0,0.0,0.0,0.0,0.0,0.0,0.0,0.0,0.0,0.0,0.0,0.002,0.998,0.052128304705603576,1878,0.0001765318895764949,4.972718729043498e-08,3.865227879387992e-05,16,20,False,0.995,0.005,0.66,fixed,100,none,b05428b4-9e4c-4c24-8ea0-156090d31ad0
203,20300,10.543641805648804,1.0,1.0,1.0,0.9960959999999999,0.0,0.0,0.0,0.0,0.0,0.0,0.0,0.0,0.0,0.0,0.0,0.0,0.0,0.0,0.002,0.998,0.052128304705603576,1878,0.00017643266746478897,4.976781401022067e-08,3.863056679270425e-05,16,20,False,0.995,0.005,0.66,fixed,100,none,b05428b4-9e4c-4c24-8ea0-156090d31ad0
204,20400,10.554810762405396,1.0,1.0,1.0,0.9960959999999999,0.0,0.0,0.0,0.0,0.0,0.0,0.0,0.0,0.0,0.0,0.0,0.0,0.0,0.0,0.002,0.998,0.052128304705603576,1878,0.00017581295336253932,4.9458031789141784e-08,3.8494852517099796e-05,16,20,False,0.995,0.005,0.66,fixed,100,none,b05428b4-9e4c-4c24-8ea0-156090d31ad0
205,20500,10.565968990325928,1.0,1.0,1.0,0.9960959999999999,0.0,0.0,0.0,0.0,0.0,0.0,0.0,0.0,0.0,0.0,0.0,0.0,0.0,0.0,0.002,0.998,0.052128304705603576,1878,0.00017514595461716492,4.9368586894407815e-08,3.834882949720734e-05,16,20,False,0.995,0.005,0.66,fixed,100,none,b05428b4-9e4c-4c24-8ea0-156090d31ad0
206,20600,10.577243566513062,1.0,1.0,1.0,0.9960959999999999,0.0,0.0,0.0,0.0,0.0,0.0,0.0,0.0,0.0,0.0,0.0,0.0,0.0,0.0,0.002,0.998,0.052128304705603576,1878,0.00017575764853435108,5.0162745445923644e-08,3.848288018580418e-05,16,20,False,0.995,0.005,0.66,fixed,100,none,b05428b4-9e4c-4c24-8ea0-156090d31ad0
207,20700,10.588575839996338,1.0,1.0,1.0,0.9960959999999999,0.0,0.0,0.0,0.0,0.0,0.0,0.0,0.0,0.0,0.0,0.0,0.0,0.0,0.0,0.002,0.998,0.052128304705603576,1878,0.00017631853689009612,5.0590512309454107e-08,3.8605739922580834e-05,16,20,False,0.995,0.005,0.66,fixed,100,none,b05428b4-9e4c-4c24-8ea0-156090d31ad0
208,20800,10.599881649017334,1.0,1.0,1.0,0.9960959999999999,0.0,0.0,0.0,0.0,0.0,0.0,0.0,0.0,0.0,0.0,0.0,0.0,0.0,0.0,0.002,0.998,0.052128304705603576,1878,0.00017685562443209516,5.1147193119736524e-08,3.872341415487838e-05,16,20,False,0.995,0.005,0.66,fixed,100,none,b05428b4-9e4c-4c24-8ea0-156090d31ad0
209,20900,10.610990762710571,1.0,1.0,1.0,0.9960959999999999,0.0,0.0,0.0,0.0,0.0,0.0,0.0,0.0,0.0,0.0,0.0,0.0,0.0,0.0,0.002,0.998,0.052128304705603576,1878,0.00017738835764889187,5.1370206317619226e-08,3.8840071828542775e-05,16,20,False,0.995,0.005,0.66,fixed,100,none,b05428b4-9e4c-4c24-8ea0-156090d31ad0
210,21000,10.621984004974365,1.0,1.0,1.0,0.9960959999999999,0.0,0.0,0.0,0.0,0.0,0.0,0.0,0.0,0.0,0.0,0.0,0.0,0.0,0.0,0.002,0.998,0.052128304705603576,1878,0.00017855724401310812,5.206380757584809e-08,3.909607283790878e-05,16,20,False,0.995,0.005,0.66,fixed,100,none,b05428b4-9e4c-4c24-8ea0-156090d31ad0
211,21100,10.633002281188965,1.0,1.0,1.0,0.9960959999999999,0.0,0.0,0.0,0.0,0.0,0.0,0.0,0.0,0.0,0.0,0.0,0.0,0.0,0.0,0.002,0.998,0.052128304705603576,1878,0.00017887608146386377,5.211037724310579e-08,3.9165875204115976e-05,16,20,False,0.995,0.005,0.66,fixed,100,none,b05428b4-9e4c-4c24-8ea0-156090d31ad0
212,21200,10.644260883331299,1.0,1.0,1.0,0.9960959999999999,0.0,0.0,0.0,0.0,0.0,0.0,0.0,0.0,0.0,0.0,0.0,0.0,0.0,0.0,0.002,0.998,0.052128304705603576,1878,0.00017960921898857698,5.271634868510473e-08,3.932647414284967e-05,16,20,False,0.995,0.005,0.66,fixed,100,none,b05428b4-9e4c-4c24-8ea0-156090d31ad0
213,21300,10.655402183532715,1.0,1.0,1.0,0.9960959999999999,0.0,0.0,0.0,0.0,0.0,0.0,0.0,0.0,0.0,0.0,0.0,0.0,0.0,0.0,0.002,0.998,0.052128304705603576,1878,0.00018078280481558957,5.2873591546699965e-08,3.958340195652643e-05,16,20,False,0.995,0.005,0.66,fixed,100,none,b05428b4-9e4c-4c24-8ea0-156090d31ad0
214,21400,10.666412830352783,1.0,1.0,1.0,0.9960959999999999,0.0,0.0,0.0,0.0,0.0,0.0,0.0,0.0,0.0,0.0,0.0,0.0,0.0,0.0,0.002,0.998,0.052128304705603576,1878,0.00018185960283667618,5.364431916172255e-08,3.981925948158915e-05,16,20,False,0.995,0.005,0.66,fixed,100,none,b05428b4-9e4c-4c24-8ea0-156090d31ad0
215,21500,10.677405834197998,1.0,1.0,1.0,0.9960959999999999,0.0,0.0,0.0,0.0,0.0,0.0,0.0,0.0,0.0,0.0,0.0,0.0,0.0,0.0,0.002,0.998,0.052128304705603576,1878,0.00018185960283667618,5.364431916172255e-08,3.981925948158915e-05,16,20,False,0.995,0.005,0.66,fixed,100,none,b05428b4-9e4c-4c24-8ea0-156090d31ad0
216,21600,10.688409805297852,1.0,1.0,1.0,0.9960959999999999,0.0,0.0,0.0,0.0,0.0,0.0,0.0,0.0,0.0,0.0,0.0,0.0,0.0,0.0,0.002,0.998,0.052128304705603576,1878,0.00018185535600001267,5.3704355507031937e-08,3.981834125594911e-05,16,20,False,0.995,0.005,0.66,fixed,100,none,b05428b4-9e4c-4c24-8ea0-156090d31ad0
217,21700,10.699383735656738,1.0,1.0,1.0,0.9960959999999999,0.0,0.0,0.0,0.0,0.0,0.0,0.0,0.0,0.0,0.0,0.0,0.0,0.0,0.0,0.002,0.998,0.052128304705603576,1878,0.000181796933387434,5.387275460673998e-08,3.980558454188459e-05,16,20,False,0.995,0.005,0.66,fixed,100,none,b05428b4-9e4c-4c24-8ea0-156090d31ad0
218,21800,10.710615634918213,1.0,1.0,1.0,0.9960959999999999,0.0,0.0,0.0,0.0,0.0,0.0,0.0,0.0,0.0,0.0,0.0,0.0,0.0,0.0,0.002,0.998,0.051745274115364996,1879,0.0001832021164516783,5.4788917818560476e-08,4.011335318565791e-05,16,20,False,0.995,0.005,0.66,fixed,100,none,b05428b4-9e4c-4c24-8ea0-156090d31ad0
219,21900,10.722050666809082,1.0,1.0,1.0,0.9960959999999999,0.0,0.0,0.0,0.0,0.0,0.0,0.0,0.0,0.0,0.0,0.0,0.0,0.0,0.0,0.002,0.998,0.052128304705603576,1878,0.0001837448371220569,5.503275767986074e-08,4.023220106997743e-05,16,20,False,0.995,0.005,0.66,fixed,100,none,b05428b4-9e4c-4c24-8ea0-156090d31ad0
220,22000,10.733277797698975,1.0,1.0,1.0,0.9960959999999999,0.0,0.0,0.0,0.0,0.0,0.0,0.0,0.0,0.0,0.0,0.0,0.0,0.0,0.0,0.002,0.998,0.052128304705603576,1878,0.00018465601703507764,5.530177810869606e-08,4.043170946681915e-05,16,20,False,0.995,0.005,0.66,fixed,100,none,b05428b4-9e4c-4c24-8ea0-156090d31ad0
221,22100,10.74451732635498,1.0,1.0,1.0,0.9960959999999999,0.0,0.0,0.0,0.0,0.0,0.0,0.0,0.0,0.0,0.0,0.0,0.0,0.0,0.0,0.002,0.998,0.052128304705603576,1878,0.00018465984530919013,5.5408764058596715e-08,4.0432567803352854e-05,16,20,False,0.995,0.005,0.66,fixed,100,none,b05428b4-9e4c-4c24-8ea0-156090d31ad0
222,22200,10.755705833435059,1.0,1.0,1.0,0.9960959999999999,0.0,0.0,0.0,0.0,0.0,0.0,0.0,0.0,0.0,0.0,0.0,0.0,0.0,0.0,0.002,0.998,0.052128304705603576,1878,0.00018447958182762556,5.548410119582907e-08,4.039312244129444e-05,16,20,False,0.995,0.005,0.66,fixed,100,none,b05428b4-9e4c-4c24-8ea0-156090d31ad0
223,22300,10.766940593719482,1.0,1.0,1.0,0.9960959999999999,0.0,0.0,0.0,0.0,0.0,0.0,0.0,0.0,0.0,0.0,0.0,0.0,0.0,0.0,0.002,0.998,0.052128304705603576,1878,0.00018277240108187959,5.531547105241173e-08,4.00193885363234e-05,16,20,False,0.995,0.005,0.66,fixed,100,none,b05428b4-9e4c-4c24-8ea0-156090d31ad0
224,22400,10.778041362762451,1.0,1.0,1.0,0.9960959999999999,0.0,0.0,0.0,0.0,0.0,0.0,0.0,0.0,0.0,0.0,0.0,0.0,0.0,0.0,0.002,0.998,0.052128304705603576,1878,0.00018366174169532116,5.609417021816968e-08,4.0214213149447255e-05,16,20,False,0.995,0.005,0.66,fixed,100,none,b05428b4-9e4c-4c24-8ea0-156090d31ad0
225,22500,10.789210319519043,1.0,1.0,1.0,0.9960959999999999,0.0,0.0,0.0,0.0,0.0,0.0,0.0,0.0,0.0,0.0,0.0,0.0,0.0,0.0,0.002,0.998,0.052128304705603576,1878,0.0001837408561850222,5.6328077301084433e-08,4.023157575358857e-05,16,20,False,0.995,0.005,0.66,fixed,100,none,b05428b4-9e4c-4c24-8ea0-156090d31ad0
226,22600,10.800421714782715,1.0,1.0,1.0,0.9960959999999999,0.0,0.0,0.0,0.0,0.0,0.0,0.0,0.0,0.0,0.0,0.0,0.0,0.0,0.0,0.002,0.998,0.052128304705603576,1878,0.0001822827548647942,5.5736128637339126e-08,3.991228490434455e-05,16,20,False,0.995,0.005,0.66,fixed,100,none,b05428b4-9e4c-4c24-8ea0-156090d31ad0
227,22700,10.811702251434326,1.0,1.0,1.0,0.9960959999999999,0.0,0.0,0.0,0.0,0.0,0.0,0.0,0.0,0.0,0.0,0.0,0.0,0.0,0.0,0.002,0.998,0.052128304705603576,1878,0.00018303402201624432,5.586773573093296e-08,4.007676228914476e-05,16,20,False,0.995,0.005,0.66,fixed,100,none,b05428b4-9e4c-4c24-8ea0-156090d31ad0
228,22800,10.822938680648804,1.0,1.0,1.0,0.9960959999999999,0.0,0.0,0.0,0.0,0.0,0.0,0.0,0.0,0.0,0.0,0.0,0.0,0.0,0.0,0.002,0.998,0.052128304705603576,1878,0.0001826979922609799,5.579223397891531e-08,4.00031910303845e-05,16,20,False,0.995,0.005,0.66,fixed,100,none,b05428b4-9e4c-4c24-8ea0-156090d31ad0
229,22900,10.834100723266602,1.0,1.0,1.0,0.9960959999999999,0.0,0.0,0.0,0.0,0.0,0.0,0.0,0.0,0.0,0.0,0.0,0.0,0.0,0.0,0.002,0.998,0.052128304705603576,1878,0.00018345510150429313,5.614769034715123e-08,4.016898978045573e-05,16,20,False,0.995,0.005,0.66,fixed,100,none,b05428b4-9e4c-4c24-8ea0-156090d31ad0
230,23000,10.845243453979492,1.0,1.0,1.0,0.9960959999999999,0.0,0.0,0.0,0.0,0.0,0.0,0.0,0.0,0.0,0.0,0.0,0.0,0.0,0.0,0.002,0.998,0.052128304705603576,1878,0.00018467342931721776,5.707817137089039e-08,4.043585853009944e-05,16,20,False,0.995,0.005,0.66,fixed,100,none,b05428b4-9e4c-4c24-8ea0-156090d31ad0
231,23100,10.856084823608398,1.0,1.0,1.0,0.9960959999999999,0.0,0.0,0.0,0.0,0.0,0.0,0.0,0.0,0.0,0.0,0.0,0.0,0.0,0.0,0.002,0.998,0.052128304705603576,1878,0.00018442781040315048,5.667248180731939e-08,4.0382015468793036e-05,16,20,False,0.995,0.005,0.66,fixed,100,none,b05428b4-9e4c-4c24-8ea0-156090d31ad0
232,23200,10.866870641708374,1.0,1.0,1.0,0.9960959999999999,0.0,0.0,0.0,0.0,0.0,0.0,0.0,0.0,0.0,0.0,0.0,0.0,0.0,0.0,0.002,0.998,0.052128304705603576,1878,0.0001846804400364116,5.6882405586309436e-08,4.0437355981031896e-05,16,20,False,0.995,0.005,0.66,fixed,100,none,b05428b4-9e4c-4c24-8ea0-156090d31ad0
233,23300,10.877706050872803,1.0,1.0,1.0,0.9960959999999999,0.0,0.0,0.0,0.0,0.0,0.0,0.0,0.0,0.0,0.0,0.0,0.0,0.0,0.0,0.002,0.998,0.052128304705603576,1878,0.00018468192412405423,5.662771992916471e-08,4.043763245754202e-05,16,20,False,0.995,0.005,0.66,fixed,100,none,b05428b4-9e4c-4c24-8ea0-156090d31ad0
234,23400,10.888725996017456,1.0,1.0,1.0,0.9960959999999999,0.0,0.0,0.0,0.0,0.0,0.0,0.0,0.0,0.0,0.0,0.0,0.0,0.0,0.0,0.002,0.998,0.052128304705603576,1878,0.00018587339368785605,5.7608567925937455e-08,4.069863150617762e-05,16,20,False,0.995,0.005,0.66,fixed,100,none,b05428b4-9e4c-4c24-8ea0-156090d31ad0
235,23500,10.899683713912964,1.0,1.0,1.0,0.9960959999999999,0.0,0.0,0.0,0.0,0.0,0.0,0.0,0.0,0.0,0.0,0.0,0.0,0.0,0.0,0.002,0.998,0.052128304705603576,1878,0.00018527327849629638,5.752627350890852e-08,4.056725065480597e-05,16,20,False,0.995,0.005,0.66,fixed,100,none,b05428b4-9e4c-4c24-8ea0-156090d31ad0
236,23600,10.910473346710205,1.0,1.0,1.0,0.9960959999999999,0.0,0.0,0.0,0.0,0.0,0.0,0.0,0.0,0.0,0.0,0.0,0.0,0.0,0.0,0.002,0.998,0.052128304705603576,1878,0.00018756975317514406,5.8080903277782974e-08,4.107005434166181e-05,16,20,False,0.995,0.005,0.66,fixed,100,none,b05428b4-9e4c-4c24-8ea0-156090d31ad0
237,23700,10.921559572219849,1.0,1.0,1.0,0.9960959999999999,0.0,0.0,0.0,0.0,0.0,0.0,0.0,0.0,0.0,0.0,0.0,0.0,0.0,0.0,0.002,0.998,0.052128304705603576,1878,0.00018741364828730648,5.798899060061009e-08,4.10358655183055e-05,16,20,False,0.995,0.005,0.66,fixed,100,none,b05428b4-9e4c-4c24-8ea0-156090d31ad0
238,23800,10.932653665542603,1.0,1.0,1.0,0.9960959999999999,0.0,0.0,0.0,0.0,0.0,0.0,0.0,0.0,0.0,0.0,0.0,0.0,0.0,0.0,0.002,0.998,0.052128304705603576,1878,0.00018824707215179526,5.8697007576787335e-08,4.121843652546758e-05,16,20,False,0.995,0.005,0.66,fixed,100,none,b05428b4-9e4c-4c24-8ea0-156090d31ad0
239,23900,10.943702936172485,1.0,1.0,1.0,0.9960959999999999,0.0,0.0,0.0,0.0,0.0,0.0,0.0,0.0,0.0,0.0,0.0,0.0,0.0,0.0,0.002,0.998,0.052128304705603576,1878,0.0001882409482967988,5.8793733599778803e-08,4.1217114391553225e-05,16,20,False,0.995,0.005,0.66,fixed,100,none,b05428b4-9e4c-4c24-8ea0-156090d31ad0
240,24000,10.954663515090942,1.0,1.0,1.0,0.9960959999999999,0.0,0.0,0.0,0.0,0.0,0.0,0.0,0.0,0.0,0.0,0.0,0.0,0.0,0.0,0.002,0.998,0.052128304705603576,1878,0.0001888603983554571,5.892055564570684e-08,4.135273610558224e-05,16,20,False,0.995,0.005,0.66,fixed,100,none,b05428b4-9e4c-4c24-8ea0-156090d31ad0
241,24100,10.965531826019287,1.0,1.0,1.0,0.9960959999999999,0.0,0.0,0.0,0.0,0.0,0.0,0.0,0.0,0.0,0.0,0.0,0.0,0.0,0.0,0.002,0.998,0.052128304705603576,1878,0.00018847035303934438,5.85622300471557e-08,4.126728710402145e-05,16,20,False,0.995,0.005,0.66,fixed,100,none,b05428b4-9e4c-4c24-8ea0-156090d31ad0
242,24200,10.976487636566162,1.0,1.0,1.0,0.9960959999999999,0.0,0.0,0.0,0.0,0.0,0.0,0.0,0.0,0.0,0.0,0.0,0.0,0.0,0.0,0.002,0.998,0.052128304705603576,1878,0.00019005792636151965,5.9264617502224054e-08,4.161494035786208e-05,16,20,False,0.995,0.005,0.66,fixed,100,none,b05428b4-9e4c-4c24-8ea0-156090d31ad0
243,24300,10.987507581710815,1.0,1.0,1.0,0.9960959999999999,0.0,0.0,0.0,0.0,0.0,0.0,0.0,0.0,0.0,0.0,0.0,0.0,0.0,0.0,0.002,0.998,0.051745274115364996,1879,0.00018961661217335976,5.9208195781305225e-08,4.1518325961946906e-05,16,20,False,0.995,0.005,0.66,fixed,100,none,b05428b4-9e4c-4c24-8ea0-156090d31ad0
244,24400,10.998520374298096,1.0,1.0,1.0,0.9960959999999999,0.0,0.0,0.0,0.0,0.0,0.0,0.0,0.0,0.0,0.0,0.0,0.0,0.0,0.0,0.002,0.998,0.052128304705603576,1878,0.0001895000300267359,5.898779075292619e-08,4.1492764253095544e-05,16,20,False,0.995,0.005,0.66,fixed,100,none,b05428b4-9e4c-4c24-8ea0-156090d31ad0
245,24500,11.00953221321106,1.0,1.0,1.0,0.9960959999999999,0.0,0.0,0.0,0.0,0.0,0.0,0.0,0.0,0.0,0.0,0.0,0.0,0.0,0.0,0.002,0.998,0.052128304705603576,1878,0.000189558309917661,5.928583131167538e-08,4.150557834892521e-05,16,20,False,0.995,0.005,0.66,fixed,100,none,b05428b4-9e4c-4c24-8ea0-156090d31ad0
246,24600,11.020419836044312,1.0,1.0,1.0,0.9960959999999999,0.0,0.0,0.0,0.0,0.0,0.0,0.0,0.0,0.0,0.0,0.0,0.0,0.0,0.0,0.002,0.998,0.052128304705603576,1878,0.00018989987826074445,5.954554256582328e-08,4.1580397004364474e-05,16,20,False,0.995,0.005,0.66,fixed,100,none,b05428b4-9e4c-4c24-8ea0-156090d31ad0
247,24700,11.031461477279663,1.0,1.0,1.0,0.9960959999999999,0.0,0.0,0.0,0.0,0.0,0.0,0.0,0.0,0.0,0.0,0.0,0.0,0.0,0.0,0.002,0.998,0.052128304705603576,1878,0.00019208043616814247,6.065695355753822e-08,4.205793229838233e-05,16,20,False,0.995,0.005,0.66,fixed,100,none,b05428b4-9e4c-4c24-8ea0-156090d31ad0
248,24800,11.042662620544434,1.0,1.0,1.0,0.9960959999999999,0.0,0.0,0.0,0.0,0.0,0.0,0.0,0.0,0.0,0.0,0.0,0.0,0.0,0.0,0.002,0.998,0.052128304705603576,1878,0.0001916960518271868,6.078166585642687e-08,4.197381426148391e-05,16,20,False,0.995,0.005,0.66,fixed,100,none,b05428b4-9e4c-4c24-8ea0-156090d31ad0
249,24900,11.05366325378418,1.0,1.0,1.0,0.9960959999999999,0.0,0.0,0.0,0.0,0.0,0.0,0.0,0.0,0.0,0.0,0.0,0.0,0.0,0.0,0.002,0.998,0.052128304705603576,1878,0.00019283323162507302,6.114541809202915e-08,4.222281203216597e-05,16,20,False,0.995,0.005,0.66,fixed,100,none,b05428b4-9e4c-4c24-8ea0-156090d31ad0
250,25000,11.064622640609741,1.0,1.0,1.0,0.9960959999999999,0.0,0.0,0.0,0.0,0.0,0.0,0.0,0.0,0.0,0.0,0.0,0.0,0.0,0.0,0.002,0.998,0.051745274115364996,1879,0.00019294615201089334,6.074182672199744e-08,4.224745362226173e-05,16,20,False,0.995,0.005,0.66,fixed,100,none,b05428b4-9e4c-4c24-8ea0-156090d31ad0
251,25100,11.075659036636353,1.0,1.0,1.0,0.9960959999999999,0.0,0.0,0.0,0.0,0.0,0.0,0.0,0.0,0.0,0.0,0.0,0.0,0.0,0.0,0.002,0.998,0.052128304705603576,1878,0.00019391851550721055,6.06017417510689e-08,4.24602773754611e-05,16,20,False,0.995,0.005,0.66,fixed,100,none,b05428b4-9e4c-4c24-8ea0-156090d31ad0
252,25200,11.086857795715332,1.0,1.0,1.0,0.9960959999999999,0.0,0.0,0.0,0.0,0.0,0.0,0.0,0.0,0.0,0.0,0.0,0.0,0.0,0.0,0.002,0.998,0.052128304705603576,1878,0.00019382582172111317,6.041416347482495e-08,4.243995106581189e-05,16,20,False,0.995,0.005,0.66,fixed,100,none,b05428b4-9e4c-4c24-8ea0-156090d31ad0
253,25300,11.097989082336426,1.0,1.0,1.0,0.9960959999999999,0.0,0.0,0.0,0.0,0.0,0.0,0.0,0.0,0.0,0.0,0.0,0.0,0.0,0.0,0.002,0.998,0.051745274115364996,1879,0.00019443588179464898,6.117962067114565e-08,4.2573638652776186e-05,16,20,False,0.995,0.005,0.66,fixed,100,none,b05428b4-9e4c-4c24-8ea0-156090d31ad0
254,25400,11.109034299850464,1.0,1.0,1.0,0.9960959999999999,0.0,0.0,0.0,0.0,0.0,0.0,0.0,0.0,0.0,0.0,0.0,0.0,0.0,0.0,0.002,0.998,0.052128304705603576,1878,0.0001944603586185897,6.111019658839082e-08,4.2578983438961076e-05,16,20,False,0.995,0.005,0.66,fixed,100,none,b05428b4-9e4c-4c24-8ea0-156090d31ad0
255,25500,11.12007474899292,1.0,1.0,1.0,0.9960959999999999,0.0,0.0,0.0,0.0,0.0,0.0,0.0,0.0,0.0,0.0,0.0,0.0,0.0,0.0,0.002,0.998,0.052128304705603576,1878,0.00019484742877041427,6.135456478526172e-08,4.266375952515288e-05,16,20,False,0.995,0.005,0.66,fixed,100,none,b05428b4-9e4c-4c24-8ea0-156090d31ad0
256,25600,11.13105821609497,1.0,1.0,1.0,0.9960959999999999,0.0,0.0,0.0,0.0,0.0,0.0,0.0,0.0,0.0,0.0,0.0,0.0,0.0,0.0,0.002,0.998,0.051745274115364996,1879,0.00019495788749931148,6.16563071107108e-08,4.268799627195032e-05,16,20,False,0.995,0.005,0.66,fixed,100,none,b05428b4-9e4c-4c24-8ea0-156090d31ad0
257,25700,11.142017126083374,1.0,1.0,1.0,0.9960959999999999,0.0,0.0,0.0,0.0,0.0,0.0,0.0,0.0,0.0,0.0,0.0,0.0,0.0,0.0,0.002,0.998,0.051745274115364996,1879,0.00019492385991963954,6.171509722761431e-08,4.268055880488235e-05,16,20,False,0.995,0.005,0.66,fixed,100,none,b05428b4-9e4c-4c24-8ea0-156090d31ad0
258,25800,11.153250694274902,1.0,1.0,1.0,0.9960959999999999,0.0,0.0,0.0,0.0,0.0,0.0,0.0,0.0,0.0,0.0,0.0,0.0,0.0,0.0,0.002,0.998,0.051745274115364996,1879,0.0001949853758179046,6.245514109027014e-08,4.2694165243346473e-05,16,20,False,0.995,0.005,0.66,fixed,100,none,b05428b4-9e4c-4c24-8ea0-156090d31ad0
259,25900,11.165099143981934,1.0,1.0,1.0,0.9960959999999999,0.0,0.0,0.0,0.0,0.0,0.0,0.0,0.0,0.0,0.0,0.0,0.0,0.0,0.0,0.002,0.998,0.051745274115364996,1879,0.00019550715394035144,6.276580062056528e-08,4.280844149966084e-05,16,20,False,0.995,0.005,0.66,fixed,100,none,b05428b4-9e4c-4c24-8ea0-156090d31ad0
260,26000,11.176886081695557,1.0,1.0,1.0,0.9960959999999999,0.0,0.0,0.0,0.0,0.0,0.0,0.0,0.0,0.0,0.0,0.0,0.0,0.0,0.0,0.002,0.998,0.051745274115364996,1879,0.00019526662900640136,6.254739893929097e-08,4.2755749095299726e-05,16,20,False,0.995,0.005,0.66,fixed,100,none,b05428b4-9e4c-4c24-8ea0-156090d31ad0
261,26100,11.1885404586792,1.0,1.0,1.0,0.9960959999999999,0.0,0.0,0.0,0.0,0.0,0.0,0.0,0.0,0.0,0.0,0.0,0.0,0.0,0.0,0.002,0.998,0.051745274115364996,1879,0.00019526662900640136,6.254739893929097e-08,4.2755749095299726e-05,16,20,False,0.995,0.005,0.66,fixed,100,none,b05428b4-9e4c-4c24-8ea0-156090d31ad0
262,26300,11.20010757446289,1.0,1.0,1.0,0.9960959999999999,0.0,0.0,0.0,0.0,0.0,0.0,0.0,0.0,0.0,0.0,0.0,0.0,0.0,0.0,0.002,0.998,0.051745274115364996,1879,0.00019736618447927846,6.423008517599447e-08,4.32156614986975e-05,16,20,False,0.995,0.005,0.66,fixed,100,none,b05428b4-9e4c-4c24-8ea0-156090d31ad0
263,26400,11.211503028869629,1.0,1.0,1.0,0.9960959999999999,0.0,0.0,0.0,0.0,0.0,0.0,0.0,0.0,0.0,0.0,0.0,0.0,0.0,0.0,0.002,0.998,0.051745274115364996,1879,0.00019680226154095447,6.447164727915497e-08,4.309226466429797e-05,16,20,False,0.995,0.005,0.66,fixed,100,none,b05428b4-9e4c-4c24-8ea0-156090d31ad0
264,26500,11.223016262054443,1.0,1.0,1.0,0.9960959999999999,0.0,0.0,0.0,0.0,0.0,0.0,0.0,0.0,0.0,0.0,0.0,0.0,0.0,0.0,0.002,0.998,0.051745274115364996,1879,0.00019834196538822638,6.530417730667044e-08,4.342946401717103e-05,16,20,False,0.995,0.005,0.66,fixed,100,none,b05428b4-9e4c-4c24-8ea0-156090d31ad0
265,26600,11.23451852798462,1.0,1.0,1.0,0.9960959999999999,0.0,0.0,0.0,0.0,0.0,0.0,0.0,0.0,0.0,0.0,0.0,0.0,0.0,0.0,0.002,0.998,0.051745274115364996,1879,0.00019802360883306786,6.528086545079849e-08,4.3359771337994205e-05,16,20,False,0.995,0.005,0.66,fixed,100,none,b05428b4-9e4c-4c24-8ea0-156090d31ad0
266,26700,11.246143341064453,1.0,1.0,1.0,0.9960959999999999,0.0,0.0,0.0,0.0,0.0,0.0,0.0,0.0,0.0,0.0,0.0,0.0,0.0,0.0,0.002,0.998,0.051745274115364996,1879,0.00019867235460679786,6.587683963521677e-08,4.3501895022958744e-05,16,20,False,0.995,0.005,0.66,fixed,100,none,b05428b4-9e4c-4c24-8ea0-156090d31ad0
267,26800,11.257823705673218,1.0,1.0,1.0,0.9960959999999999,0.0,0.0,0.0,0.0,0.0,0.0,0.0,0.0,0.0,0.0,0.0,0.0,0.0,0.0,0.002,0.998,0.051745274115364996,1879,0.00019901521985753225,6.613328053985754e-08,4.3576996950116385e-05,16,20,False,0.995,0.005,0.66,fixed,100,none,b05428b4-9e4c-4c24-8ea0-156090d31ad0
268,26900,11.269559860229492,1.0,1.0,1.0,0.9960959999999999,0.0,0.0,0.0,0.0,0.0,0.0,0.0,0.0,0.0,0.0,0.0,0.0,0.0,0.0,0.002,0.998,0.051745274115364996,1879,0.00019875211492740967,6.664647282417047e-08,4.351950078744657e-05,16,20,False,0.995,0.005,0.66,fixed,100,none,b05428b4-9e4c-4c24-8ea0-156090d31ad0
269,27000,11.281402587890625,1.0,1.0,1.0,0.9960959999999999,0.0,0.0,0.0,0.0,0.0,0.0,0.0,0.0,0.0,0.0,0.0,0.0,0.0,0.0,0.002,0.998,0.051745274115364996,1879,0.00019897235108149017,6.678602973690626e-08,4.356773699738821e-05,16,20,False,0.995,0.005,0.66,fixed,100,none,b05428b4-9e4c-4c24-8ea0-156090d31ad0
270,27100,11.293278455734253,1.0,1.0,1.0,0.9960959999999999,0.0,0.0,0.0,0.0,0.0,0.0,0.0,0.0,0.0,0.0,0.0,0.0,0.0,0.0,0.002,0.998,0.051745274115364996,1879,0.00019945148494918515,6.7156798403718e-08,4.3672689847073337e-05,16,20,False,0.995,0.005,0.66,fixed,100,none,b05428b4-9e4c-4c24-8ea0-156090d31ad0
271,27200,11.304871082305908,1.0,1.0,1.0,0.9960959999999999,0.0,0.0,0.0,0.0,0.0,0.0,0.0,0.0,0.0,0.0,0.0,0.0,0.0,0.0,0.002,0.998,0.051745274115364996,1879,0.00020046324729937435,6.790313130021292e-08,4.3894306428780086e-05,16,20,False,0.995,0.005,0.66,fixed,100,none,b05428b4-9e4c-4c24-8ea0-156090d31ad0
272,27400,11.316318988800049,1.0,1.0,1.0,0.9960959999999999,0.0,0.0,0.0,0.0,0.0,0.0,0.0,0.0,0.0,0.0,0.0,0.0,0.0,0.0,0.002,0.998,0.051745274115364996,1879,0.00020044352437846154,6.788889702455782e-08,4.38899863768799e-05,16,20,False,0.995,0.005,0.66,fixed,100,none,b05428b4-9e4c-4c24-8ea0-156090d31ad0
273,27500,11.327805995941162,1.0,1.0,1.0,0.9960959999999999,0.0,0.0,0.0,0.0,0.0,0.0,0.0,0.0,0.0,0.0,0.0,0.0,0.0,0.0,0.002,0.998,0.051745274115364996,1879,0.00020062351201011983,6.778666423869291e-08,4.3929366245220585e-05,16,20,False,0.995,0.005,0.66,fixed,100,none,b05428b4-9e4c-4c24-8ea0-156090d31ad0
274,27600,11.339472532272339,1.0,1.0,1.0,0.9960959999999999,0.0,0.0,0.0,0.0,0.0,0.0,0.0,0.0,0.0,0.0,0.0,0.0,0.0,0.0,0.002,0.998,0.051745274115364996,1879,0.00020022466367601875,6.787443503546363e-08,4.3842075021337244e-05,16,20,False,0.995,0.005,0.66,fixed,100,none,b05428b4-9e4c-4c24-8ea0-156090d31ad0
275,27700,11.351294040679932,1.0,1.0,1.0,0.9960959999999999,0.0,0.0,0.0,0.0,0.0,0.0,0.0,0.0,0.0,0.0,0.0,0.0,0.0,0.0,0.002,0.998,0.051745274115364996,1879,0.00020005212381845813,6.837619940489403e-08,4.380440138174742e-05,16,20,False,0.995,0.005,0.66,fixed,100,none,b05428b4-9e4c-4c24-8ea0-156090d31ad0
276,27800,11.36311149597168,1.0,1.0,1.0,0.9960959999999999,0.0,0.0,0.0,0.0,0.0,0.0,0.0,0.0,0.0,0.0,0.0,0.0,0.0,0.0,0.002,0.998,0.0513612395130943,1880,0.0002001616141270584,6.844400076352871e-08,4.3828381692558156e-05,16,20,False,0.995,0.005,0.66,fixed,100,none,b05428b4-9e4c-4c24-8ea0-156090d31ad0
277,27900,11.374810695648193,1.0,1.0,1.0,0.9960959999999999,0.0,0.0,0.0,0.0,0.0,0.0,0.0,0.0,0.0,0.0,0.0,0.0,0.0,0.0,0.002,0.998,0.0513612395130943,1880,0.0002007680797129115,6.891091442215348e-08,4.396122572289654e-05,16,20,False,0.995,0.005,0.66,fixed,100,none,b05428b4-9e4c-4c24-8ea0-156090d31ad0
278,28000,11.386561393737793,1.0,1.0,1.0,0.9960959999999999,0.0,0.0,0.0,0.0,0.0,0.0,0.0,0.0,0.0,0.0,0.0,0.0,0.0,0.0,0.002,0.998,0.052128304705603576,1878,0.0002016308989604777,6.896137436667037e-08,4.415010644357824e-05,16,20,False,0.995,0.005,0.66,fixed,100,none,b05428b4-9e4c-4c24-8ea0-156090d31ad0
279,28100,11.398488521575928,1.0,1.0,1.0,0.9960959999999999,0.0,0.0,0.0,0.0,0.0,0.0,0.0,0.0,0.0,0.0,0.0,0.0,0.0,0.0,0.002,0.998,0.051745274115364996,1879,0.00020166163930411725,6.914777958868152e-08,4.4156870921793114e-05,16,20,False,0.995,0.005,0.66,fixed,100,none,b05428b4-9e4c-4c24-8ea0-156090d31ad0
280,28200,11.410428285598755,1.0,1.0,1.0,0.9960959999999999,0.0,0.0,0.0,0.0,0.0,0.0,0.0,0.0,0.0,0.0,0.0,0.0,0.0,0.0,0.002,0.998,0.051745274115364996,1879,0.00020175600658820235,6.896429413251723e-08,4.417749305804268e-05,16,20,False,0.995,0.005,0.66,fixed,100,none,b05428b4-9e4c-4c24-8ea0-156090d31ad0
281,28300,11.422437191009521,1.0,1.0,1.0,0.9960959999999999,0.0,0.0,0.0,0.0,0.0,0.0,0.0,0.0,0.0,0.0,0.0,0.0,0.0,0.0,0.002,0.998,0.051745274115364996,1879,0.00020283665279711464,6.959341015074764e-08,4.4414166045217044e-05,16,20,False,0.995,0.005,0.66,fixed,100,none,b05428b4-9e4c-4c24-8ea0-156090d31ad0
282,28400,11.434426069259644,1.0,1.0,1.0,0.9960959999999999,0.0,0.0,0.0,0.0,0.0,0.0,0.0,0.0,0.0,0.0,0.0,0.0,0.0,0.0,0.002,0.998,0.051745274115364996,1879,0.00020398012679026742,7.04123565472165e-08,4.4664628102133514e-05,16,20,False,0.995,0.005,0.66,fixed,100,none,b05428b4-9e4c-4c24-8ea0-156090d31ad0
283,28500,11.446491956710815,1.0,1.0,1.0,0.9960959999999999,0.0,0.0,0.0,0.0,0.0,0.0,0.0,0.0,0.0,0.0,0.0,0.0,0.0,0.0,0.002,0.998,0.051745274115364996,1879,0.0002053578055410704,7.117039778879385e-08,4.4966346008520185e-05,16,20,False,0.995,0.005,0.66,fixed,100,none,b05428b4-9e4c-4c24-8ea0-156090d31ad0
284,28600,11.458518981933594,1.0,1.0,1.0,0.9960959999999999,0.0,0.0,0.0,0.0,0.0,0.0,0.0,0.0,0.0,0.0,0.0,0.0,0.0,0.0,0.002,0.998,0.051745274115364996,1879,0.00020674112252994212,7.154276778672904e-08,4.526922484768381e-05,16,20,False,0.995,0.005,0.66,fixed,100,none,b05428b4-9e4c-4c24-8ea0-156090d31ad0
285,28700,11.470649480819702,1.0,1.0,1.0,0.9960959999999999,0.0,0.0,0.0,0.0,0.0,0.0,0.0,0.0,0.0,0.0,0.0,0.0,0.0,0.0,0.002,0.998,0.051745274115364996,1879,0.00020692359662381006,7.161968606397595e-08,4.530918304130418e-05,16,20,False,0.995,0.005,0.66,fixed,100,none,b05428b4-9e4c-4c24-8ea0-156090d31ad0
286,28800,11.482665300369263,1.0,1.0,1.0,0.9960959999999999,0.0,0.0,0.0,0.0,0.0,0.0,0.0,0.0,0.0,0.0,0.0,0.0,0.0,0.0,0.002,0.998,0.052128304705603576,1878,0.00020680597883696646,7.179175374846771e-08,4.528346920062417e-05,16,20,False,0.995,0.005,0.66,fixed,100,none,b05428b4-9e4c-4c24-8ea0-156090d31ad0
287,28900,11.494568109512329,1.0,1.0,1.0,0.9960959999999999,0.0,0.0,0.0,0.0,0.0,0.0,0.0,0.0,0.0,0.0,0.0,0.0,0.0,0.0,0.002,0.998,0.052128304705603576,1878,0.00020663528394942462,7.189140144174257e-08,4.5246123022802984e-05,16,20,False,0.995,0.005,0.66,fixed,100,none,b05428b4-9e4c-4c24-8ea0-156090d31ad0
288,29000,11.506438255310059,1.0,1.0,1.0,0.9960959999999999,0.0,0.0,0.0,0.0,0.0,0.0,0.0,0.0,0.0,0.0,0.0,0.0,0.0,0.0,0.002,0.998,0.052128304705603576,1878,0.00020683790426076812,7.204781857958656e-08,4.529050632821226e-05,16,20,False,0.995,0.005,0.66,fixed,100,none,b05428b4-9e4c-4c24-8ea0-156090d31ad0
289,29100,11.518200874328613,1.0,1.0,1.0,0.9960959999999999,0.0,0.0,0.0,0.0,0.0,0.0,0.0,0.0,0.0,0.0,0.0,0.0,0.0,0.0,0.002,0.998,0.052128304705603576,1878,0.00020770395676767588,7.217973807128556e-08,4.54801102866778e-05,16,20,False,0.995,0.005,0.66,fixed,100,none,b05428b4-9e4c-4c24-8ea0-156090d31ad0
290,29200,11.53003191947937,1.0,1.0,1.0,0.9960959999999999,0.0,0.0,0.0,0.0,0.0,0.0,0.0,0.0,0.0,0.0,0.0,0.0,0.0,0.0,0.002,0.998,0.052128304705603576,1878,0.00020822541162600689,7.238745359466982e-08,4.55942962211159e-05,16,20,False,0.995,0.005,0.66,fixed,100,none,b05428b4-9e4c-4c24-8ea0-156090d31ad0
291,29300,11.541820526123047,1.0,1.0,1.0,0.9960959999999999,0.0,0.0,0.0,0.0,0.0,0.0,0.0,0.0,0.0,0.0,0.0,0.0,0.0,0.0,0.002,0.998,0.052128304705603576,1878,0.00020766496423892567,7.243931626607776e-08,4.5471624141991385e-05,16,20,False,0.995,0.005,0.66,fixed,100,none,b05428b4-9e4c-4c24-8ea0-156090d31ad0
292,29500,11.553596258163452,1.0,1.0,1.0,0.9960959999999999,0.0,0.0,0.0,0.0,0.0,0.0,0.0,0.0,0.0,0.0,0.0,0.0,0.0,0.0,0.002,0.998,0.051745274115364996,1879,0.0002112351131890758,7.421951305880046e-08,4.625346798456987e-05,16,20,False,0.995,0.005,0.66,fixed,100,none,b05428b4-9e4c-4c24-8ea0-156090d31ad0
293,29600,11.565334558486938,1.0,1.0,1.0,0.9960959999999999,0.0,0.0,0.0,0.0,0.0,0.0,0.0,0.0,0.0,0.0,0.0,0.0,0.0,0.0,0.002,0.998,0.051745274115364996,1879,0.00021097633850035408,7.45817493523935e-08,4.6196891030104466e-05,16,20,False,0.995,0.005,0.66,fixed,100,none,b05428b4-9e4c-4c24-8ea0-156090d31ad0
294,29700,11.57716155052185,1.0,1.0,1.0,0.9960959999999999,0.0,0.0,0.0,0.0,0.0,0.0,0.0,0.0,0.0,0.0,0.0,0.0,0.0,0.0,0.002,0.998,0.051745274115364996,1879,0.00021180847766650153,7.478940699535833e-08,4.6379085748526306e-05,16,20,False,0.995,0.005,0.66,fixed,100,none,b05428b4-9e4c-4c24-8ea0-156090d31ad0
295,29800,11.589024066925049,1.0,1.0,1.0,0.9960959999999999,0.0,0.0,0.0,0.0,0.0,0.0,0.0,0.0,0.0,0.0,0.0,0.0,0.0,0.0,0.002,0.998,0.051745274115364996,1879,0.0002112547228013416,7.464633835120486e-08,4.62578416255004e-05,16,20,False,0.995,0.005,0.66,fixed,100,none,b05428b4-9e4c-4c24-8ea0-156090d31ad0
296,29900,11.60101866722107,1.0,1.0,1.0,0.9960959999999999,0.0,0.0,0.0,0.0,0.0,0.0,0.0,0.0,0.0,0.0,0.0,0.0,0.0,0.0,0.002,0.998,0.051745274115364996,1879,0.00021110511229613916,7.476829431574537e-08,4.622511505754486e-05,16,20,False,0.995,0.005,0.66,fixed,100,none,b05428b4-9e4c-4c24-8ea0-156090d31ad0
297,30000,11.612868547439575,1.0,1.0,1.0,0.9960959999999999,0.0,0.0,0.0,0.0,0.0,0.0,0.0,0.0,0.0,0.0,0.0,0.0,0.0,0.0,0.002,0.998,0.051745274115364996,1879,0.00021034659920436623,7.445900854452236e-08,4.605901777745923e-05,16,20,False,0.995,0.005,0.66,fixed,100,none,b05428b4-9e4c-4c24-8ea0-156090d31ad0
298,30200,11.624736309051514,1.0,1.0,1.0,0.9960959999999999,0.0,0.0,0.0,0.0,0.0,0.0,0.0,0.0,0.0,0.0,0.0,0.0,0.0,0.0,0.002,0.998,0.052128304705603576,1878,0.00021184728715759475,7.501615325772089e-08,4.638762422791646e-05,16,20,False,0.995,0.005,0.66,fixed,100,none,b05428b4-9e4c-4c24-8ea0-156090d31ad0
299,30300,11.636502027511597,1.0,1.0,1.0,0.9960959999999999,0.0,0.0,0.0,0.0,0.0,0.0,0.0,0.0,0.0,0.0,0.0,0.0,0.0,0.0,0.002,0.998,0.052128304705603576,1878,0.00021128665194334952,7.491704798055243e-08,4.626488234951552e-05,16,20,False,0.995,0.005,0.66,fixed,100,none,b05428b4-9e4c-4c24-8ea0-156090d31ad0
300,30400,11.648414611816406,1.0,1.0,1.0,0.9960959999999999,0.0,0.0,0.0,0.0,0.0,0.0,0.0,0.0,0.0,0.0,0.0,0.0,0.0,0.0,0.002,0.998,0.052128304705603576,1878,0.00021236639728252634,7.58695973529187e-08,4.650141958864207e-05,16,20,False,0.995,0.005,0.66,fixed,100,none,b05428b4-9e4c-4c24-8ea0-156090d31ad0
301,30500,11.660454988479614,1.0,1.0,1.0,0.9960959999999999,0.0,0.0,0.0,0.0,0.0,0.0,0.0,0.0,0.0,0.0,0.0,0.0,0.0,0.0,0.002,0.998,0.052128304705603576,1878,0.00021337132783096356,7.674391566792554e-08,4.672156500617484e-05,16,20,False,0.995,0.005,0.66,fixed,100,none,b05428b4-9e4c-4c24-8ea0-156090d31ad0
302,30600,11.672577857971191,1.0,1.0,1.0,0.9960959999999999,0.0,0.0,0.0,0.0,0.0,0.0,0.0,0.0,0.0,0.0,0.0,0.0,0.0,0.0,0.002,0.998,0.052128304705603576,1878,0.00021388207479142277,7.716576158128024e-08,4.683344766654289e-05,16,20,False,0.995,0.005,0.66,fixed,100,none,b05428b4-9e4c-4c24-8ea0-156090d31ad0
303,30700,11.684656381607056,1.0,1.0,1.0,0.9960959999999999,0.0,0.0,0.0,0.0,0.0,0.0,0.0,0.0,0.0,0.0,0.0,0.0,0.0,0.0,0.002,0.998,0.05251033128381009,1877,0.00021471048146210915,7.737234219801073e-08,4.701482513707331e-05,16,20,False,0.995,0.005,0.66,fixed,100,none,b05428b4-9e4c-4c24-8ea0-156090d31ad0
304,30800,11.696678876876831,1.0,1.0,1.0,0.9960959999999999,0.0,0.0,0.0,0.0,0.0,0.0,0.0,0.0,0.0,0.0,0.0,0.0,0.0,0.0,0.002,0.998,0.052128304705603576,1878,0.00021621665044743612,7.792068616570789e-08,4.734462971331526e-05,16,20,False,0.995,0.005,0.66,fixed,100,none,b05428b4-9e4c-4c24-8ea0-156090d31ad0
305,30900,11.708627939224243,1.0,1.0,1.0,0.9960959999999999,0.0,0.0,0.0,0.0,0.0,0.0,0.0,0.0,0.0,0.0,0.0,0.0,0.0,0.0,0.002,0.998,0.051745274115364996,1879,0.00021668272355582384,7.861390148790197e-08,4.744678482765254e-05,16,20,False,0.995,0.005,0.66,fixed,100,none,b05428b4-9e4c-4c24-8ea0-156090d31ad0
306,31000,11.72056245803833,1.0,1.0,1.0,0.9960959999999999,0.0,0.0,0.0,0.0,0.0,0.0,0.0,0.0,0.0,0.0,0.0,0.0,0.0,0.0,0.002,0.998,0.051745274115364996,1879,0.00021915662492120547,8.013455508505116e-08,4.798861076071804e-05,16,20,False,0.995,0.005,0.66,fixed,100,none,b05428b4-9e4c-4c24-8ea0-156090d31ad0
307,31100,11.732681512832642,1.0,1.0,1.0,0.9960959999999999,0.0,0.0,0.0,0.0,0.0,0.0,0.0,0.0,0.0,0.0,0.0,0.0,0.0,0.0,0.002,0.998,0.051745274115364996,1879,0.00021738936945977255,7.894314560135936e-08,4.760153217240847e-05,16,20,False,0.995,0.005,0.66,fixed,100,none,b05428b4-9e4c-4c24-8ea0-156090d31ad0
308,31200,11.745007753372192,1.0,1.0,1.0,0.9960959999999999,0.0,0.0,0.0,0.0,0.0,0.0,0.0,0.0,0.0,0.0,0.0,0.0,0.0,0.0,0.002,0.998,0.051745274115364996,1879,0.00021751489670729382,7.909367177131903e-08,4.7629038686863176e-05,16,20,False,0.995,0.005,0.66,fixed,100,none,b05428b4-9e4c-4c24-8ea0-156090d31ad0
309,31300,11.757652282714844,1.0,1.0,1.0,0.9960959999999999,0.0,0.0,0.0,0.0,0.0,0.0,0.0,0.0,0.0,0.0,0.0,0.0,0.0,0.0,0.002,0.998,0.051745274115364996,1879,0.00021853195658058034,7.941692531931021e-08,4.785173451129971e-05,16,20,False,0.995,0.005,0.66,fixed,100,none,b05428b4-9e4c-4c24-8ea0-156090d31ad0
310,31400,11.7699453830719,1.0,1.0,1.0,0.9960959999999999,0.0,0.0,0.0,0.0,0.0,0.0,0.0,0.0,0.0,0.0,0.0,0.0,0.0,0.0,0.002,0.998,0.051745274115364996,1879,0.0002181730450815497,7.915830577598677e-08,4.777311964644867e-05,16,20,False,0.995,0.005,0.66,fixed,100,none,b05428b4-9e4c-4c24-8ea0-156090d31ad0
311,31500,11.781974077224731,1.0,1.0,1.0,0.9960959999999999,0.0,0.0,0.0,0.0,0.0,0.0,0.0,0.0,0.0,0.0,0.0,0.0,0.0,0.0,0.002,0.998,0.051745274115364996,1879,0.00021807649494057037,7.926551882402773e-08,4.775200519106742e-05,16,20,False,0.995,0.005,0.66,fixed,100,none,b05428b4-9e4c-4c24-8ea0-156090d31ad0
312,31600,11.794021368026733,1.0,1.0,1.0,0.9960959999999999,0.0,0.0,0.0,0.0,0.0,0.0,0.0,0.0,0.0,0.0,0.0,0.0,0.0,0.0,0.002,0.998,0.051745274115364996,1879,0.00021807649494057037,7.926551882402773e-08,4.775200519106742e-05,16,20,False,0.995,0.005,0.66,fixed,100,none,b05428b4-9e4c-4c24-8ea0-156090d31ad0
313,31700,11.806057691574097,1.0,1.0,1.0,0.9960959999999999,0.0,0.0,0.0,0.0,0.0,0.0,0.0,0.0,0.0,0.0,0.0,0.0,0.0,0.0,0.002,0.998,0.051745274115364996,1879,0.00022006213515587156,8.053366999494592e-08,4.8186902782919326e-05,16,20,False,0.995,0.005,0.66,fixed,100,none,b05428b4-9e4c-4c24-8ea0-156090d31ad0
314,31800,11.818029880523682,1.0,1.0,1.0,0.9960959999999999,0.0,0.0,0.0,0.0,0.0,0.0,0.0,0.0,0.0,0.0,0.0,0.0,0.0,0.0,0.002,0.998,0.051745274115364996,1879,0.0002205511239029416,8.095192880517192e-08,4.82940218888269e-05,16,20,False,0.995,0.005,0.66,fixed,100,none,b05428b4-9e4c-4c24-8ea0-156090d31ad0
315,32000,11.830040693283081,1.0,1.0,1.0,0.9960959999999999,0.0,0.0,0.0,0.0,0.0,0.0,0.0,0.0,0.0,0.0,0.0,0.0,0.0,0.0,0.002,0.998,0.052128304705603576,1878,0.0002216127482371222,8.10500533851234e-08,4.852643009924923e-05,16,20,False,0.995,0.005,0.66,fixed,100,none,b05428b4-9e4c-4c24-8ea0-156090d31ad0
316,32100,11.841918706893921,1.0,1.0,1.0,0.9960959999999999,0.0,0.0,0.0,0.0,0.0,0.0,0.0,0.0,0.0,0.0,0.0,0.0,0.0,0.0,0.002,0.998,0.052128304705603576,1878,0.0002224606194511466,8.151181850734546e-08,4.871211684337239e-05,16,20,False,0.995,0.005,0.66,fixed,100,none,b05428b4-9e4c-4c24-8ea0-156090d31ad0
317,32200,11.853628396987915,1.0,1.0,1.0,0.9960959999999999,0.0,0.0,0.0,0.0,0.0,0.0,0.0,0.0,0.0,0.0,0.0,0.0,0.0,0.0,0.002,0.998,0.052128304705603576,1878,0.0002223464522465709,8.142664165710679e-08,4.868710945868922e-05,16,20,False,0.995,0.005,0.66,fixed,100,none,b05428b4-9e4c-4c24-8ea0-156090d31ad0
318,32300,11.865265369415283,1.0,1.0,1.0,0.9960959999999999,0.0,0.0,0.0,0.0,0.0,0.0,0.0,0.0,0.0,0.0,0.0,0.0,0.0,0.0,0.002,0.998,0.052128304705603576,1878,0.00022266837519644447,8.18552833684696e-08,4.875765983434171e-05,16,20,False,0.995,0.005,0.66,fixed,100,none,b05428b4-9e4c-4c24-8ea0-156090d31ad0
319,32400,11.877010107040405,1.0,1.0,1.0,0.9960959999999999,0.0,0.0,0.0,0.0,0.0,0.0,0.0,0.0,0.0,0.0,0.0,0.0,0.0,0.0,0.002,0.998,0.052128304705603576,1878,0.00022110469411668437,8.126774083292794e-08,4.841525841290046e-05,16,20,False,0.995,0.005,0.66,fixed,100,none,b05428b4-9e4c-4c24-8ea0-156090d31ad0
320,32500,11.888686656951904,1.0,1.0,1.0,0.9960959999999999,0.0,0.0,0.0,0.0,0.0,0.0,0.0,0.0,0.0,0.0,0.0,0.0,0.0,0.0,0.002,0.998,0.052510331283810094,1877,0.0002200210803454485,8.117177611088317e-08,4.817803712507974e-05,16,20,False,0.995,0.005,0.66,fixed,100,none,b05428b4-9e4c-4c24-8ea0-156090d31ad0
321,32600,11.900485515594482,1.0,1.0,1.0,0.9960959999999999,0.0,0.0,0.0,0.0,0.0,0.0,0.0,0.0,0.0,0.0,0.0,0.0,0.0,0.0,0.002,0.998,0.052128304705603576,1878,0.00022018036988991034,8.133017015667073e-08,4.821293570123114e-05,16,20,False,0.995,0.005,0.66,fixed,100,none,b05428b4-9e4c-4c24-8ea0-156090d31ad0
322,32800,11.912477493286133,1.0,1.0,1.0,0.9960959999999999,0.0,0.0,0.0,0.0,0.0,0.0,0.0,0.0,0.0,0.0,0.0,0.0,0.0,0.0,0.002,0.998,0.052510331283810094,1877,0.00021982888703044496,8.139093996856087e-08,4.8136007649558424e-05,16,20,False,0.995,0.005,0.66,fixed,100,none,b05428b4-9e4c-4c24-8ea0-156090d31ad0
323,32900,11.924427270889282,1.0,1.0,1.0,0.9960959999999999,0.0,0.0,0.0,0.0,0.0,0.0,0.0,0.0,0.0,0.0,0.0,0.0,0.0,0.0,0.002,0.998,0.052510331283810094,1877,0.00022004999255170672,8.123580759787882e-08,4.81843781730122e-05,16,20,False,0.995,0.005,0.66,fixed,100,none,b05428b4-9e4c-4c24-8ea0-156090d31ad0
324,33000,11.93635606765747,1.0,1.0,1.0,0.9960959999999999,0.0,0.0,0.0,0.0,0.0,0.0,0.0,0.0,0.0,0.0,0.0,0.0,0.0,0.0,0.002,0.998,0.052128304705603576,1878,0.00021908423218118222,8.022382858610101e-08,4.7972780951892144e-05,16,20,False,0.995,0.005,0.66,fixed,100,none,b05428b4-9e4c-4c24-8ea0-156090d31ad0
325,33100,11.94822072982788,1.0,1.0,1.0,0.9960959999999999,0.0,0.0,0.0,0.0,0.0,0.0,0.0,0.0,0.0,0.0,0.0,0.0,0.0,0.0,0.002,0.998,0.052128304705603576,1878,0.00021942359080651455,8.05509336771062e-08,4.804712870494469e-05,16,20,False,0.995,0.005,0.66,fixed,100,none,b05428b4-9e4c-4c24-8ea0-156090d31ad0
326,33200,11.960131645202637,1.0,1.0,1.0,0.9960959999999999,0.0,0.0,0.0,0.0,0.0,0.0,0.0,0.0,0.0,0.0,0.0,0.0,0.0,0.0,0.002,0.998,0.05251033128381009,1877,0.00021972693305734875,8.080501802912752e-08,4.811357859967918e-05,16,20,False,0.995,0.005,0.66,fixed,100,none,b05428b4-9e4c-4c24-8ea0-156090d31ad0
327,33300,11.971962690353394,1.0,1.0,1.0,0.9960959999999999,0.0,0.0,0.0,0.0,0.0,0.0,0.0,0.0,0.0,0.0,0.0,0.0,0.0,0.0,0.002,0.998,0.05251033128381009,1877,0.0002197549256749921,8.062020860007388e-08,4.8119671069889786e-05,16,20,False,0.995,0.005,0.66,fixed,100,none,b05428b4-9e4c-4c24-8ea0-156090d31ad0
328,33400,11.983726978302002,1.0,1.0,1.0,0.9960959999999999,0.0,0.0,0.0,0.0,0.0,0.0,0.0,0.0,0.0,0.0,0.0,0.0,0.0,0.0,0.002,0.998,0.05251033128381009,1877,0.000219422641422124,8.053327703767402e-08,4.80469175299401e-05,16,20,False,0.995,0.005,0.66,fixed,100,none,b05428b4-9e4c-4c24-8ea0-156090d31ad0
329,33500,11.995548248291016,1.0,1.0,1.0,0.9960959999999999,0.0,0.0,0.0,0.0,0.0,0.0,0.0,0.0,0.0,0.0,0.0,0.0,0.0,0.0,0.002,0.998,0.052128304705603576,1878,0.0002186934405800466,8.045860267220808e-08,4.788728127747992e-05,16,20,False,0.995,0.005,0.66,fixed,100,none,b05428b4-9e4c-4c24-8ea0-156090d31ad0
330,33600,12.007380485534668,1.0,1.0,1.0,0.9960959999999999,0.0,0.0,0.0,0.0,0.0,0.0,0.0,0.0,0.0,0.0,0.0,0.0,0.0,0.0,0.002,0.998,0.052128304705603576,1878,0.0002186934405800466,8.045860267220808e-08,4.788728127747992e-05,16,20,False,0.995,0.005,0.66,fixed,100,none,b05428b4-9e4c-4c24-8ea0-156090d31ad0
331,33700,12.019235610961914,1.0,1.0,1.0,0.9960959999999999,0.0,0.0,0.0,0.0,0.0,0.0,0.0,0.0,0.0,0.0,0.0,0.0,0.0,0.0,0.002,0.998,0.05251033128381009,1877,0.00021972750534789858,8.085565688509117e-08,4.811371349546317e-05,16,20,False,0.995,0.005,0.66,fixed,100,none,b05428b4-9e4c-4c24-8ea0-156090d31ad0
332,33900,12.031185626983643,1.0,1.0,1.0,0.9960959999999999,0.0,0.0,0.0,0.0,0.0,0.0,0.0,0.0,0.0,0.0,0.0,0.0,0.0,0.0,0.002,0.998,0.052128304705603576,1878,0.0002253298444186631,8.419232587005236e-08,4.934069948516067e-05,16,20,False,0.995,0.005,0.66,fixed,100,none,b05428b4-9e4c-4c24-8ea0-156090d31ad0
333,34000,12.043016195297241,1.0,1.0,1.0,0.9960959999999999,0.0,0.0,0.0,0.0,0.0,0.0,0.0,0.0,0.0,0.0,0.0,0.0,0.0,0.0,0.002,0.998,0.052128304705603576,1878,0.0002252111480672188,8.436212464702697e-08,4.931474911559713e-05,16,20,False,0.995,0.005,0.66,fixed,100,none,b05428b4-9e4c-4c24-8ea0-156090d31ad0
334,34200,12.054640769958496,1.0,1.0,1.0,0.9960959999999999,0.0,0.0,0.0,0.0,0.0,0.0,0.0,0.0,0.0,0.0,0.0,0.0,0.0,0.0,0.002,0.998,0.052128304705603576,1878,0.000227181975473283,8.623391162725069e-08,4.974651887431083e-05,16,20,False,0.995,0.005,0.66,fixed,100,none,b05428b4-9e4c-4c24-8ea0-156090d31ad0
335,34300,12.065974473953247,1.0,1.0,1.0,0.9960959999999999,0.0,0.0,0.0,0.0,0.0,0.0,0.0,0.0,0.0,0.0,0.0,0.0,0.0,0.0,0.002,0.998,0.052128304705603576,1878,0.00022919612355605165,8.703269829003643e-08,5.018756765909482e-05,16,20,False,0.995,0.005,0.66,fixed,100,none,b05428b4-9e4c-4c24-8ea0-156090d31ad0
336,34400,12.077260255813599,1.0,1.0,1.0,0.9960959999999999,0.0,0.0,0.0,0.0,0.0,0.0,0.0,0.0,0.0,0.0,0.0,0.0,0.0,0.0,0.002,0.998,0.052128304705603576,1878,0.00022977854308509454,8.734067313950993e-08,5.03151178092237e-05,16,20,False,0.995,0.005,0.66,fixed,100,none,b05428b4-9e4c-4c24-8ea0-156090d31ad0
337,34500,12.088473081588745,1.0,1.0,1.0,0.9960959999999999,0.0,0.0,0.0,0.0,0.0,0.0,0.0,0.0,0.0,0.0,0.0,0.0,0.0,0.0,0.002,0.998,0.052128304705603576,1878,0.00022902359221649277,8.72659722470928e-08,5.0149844870917216e-05,16,20,False,0.995,0.005,0.66,fixed,100,none,b05428b4-9e4c-4c24-8ea0-156090d31ad0
338,34600,12.099423885345459,1.0,1.0,1.0,0.9960959999999999,0.0,0.0,0.0,0.0,0.0,0.0,0.0,0.0,0.0,0.0,0.0,0.0,0.0,0.0,0.002,0.998,0.052128304705603576,1878,0.0002286247133888377,8.682260511440063e-08,5.006244605578831e-05,16,20,False,0.995,0.005,0.66,fixed,100,none,b05428b4-9e4c-4c24-8ea0-156090d31ad0
339,34700,12.110670804977417,1.0,1.0,1.0,0.9960959999999999,0.0,0.0,0.0,0.0,0.0,0.0,0.0,0.0,0.0,0.0,0.0,0.0,0.0,0.0,0.002,0.998,0.052128304705603576,1878,0.00022936007837366174,8.684700061243258e-08,5.0223422086110926e-05,16,20,False,0.995,0.005,0.66,fixed,100,none,b05428b4-9e4c-4c24-8ea0-156090d31ad0
340,34800,12.122292518615723,1.0,1.0,1.0,0.9960959999999999,0.0,0.0,0.0,0.0,0.0,0.0,0.0,0.0,0.0,0.0,0.0,0.0,0.0,0.0,0.002,0.998,0.052128304705603576,1878,0.00022852644643213933,8.672332294215367e-08,5.0040916555354314e-05,16,20,False,0.995,0.005,0.66,fixed,100,none,b05428b4-9e4c-4c24-8ea0-156090d31ad0
341,35000,12.133630752563477,1.0,1.0,1.0,0.9960959999999999,0.0,0.0,0.0,0.0,0.0,0.0,0.0,0.0,0.0,0.0,0.0,0.0,0.0,0.0,0.002,0.998,0.052128304705603576,1878,0.00023047341122108304,8.792771557553389e-08,5.046733598225443e-05,16,20,False,0.995,0.005,0.66,fixed,100,none,b05428b4-9e4c-4c24-8ea0-156090d31ad0
342,35100,12.144800901412964,1.0,1.0,1.0,0.9960959999999999,0.0,0.0,0.0,0.0,0.0,0.0,0.0,0.0,0.0,0.0,0.0,0.0,0.0,0.0,0.002,0.998,0.052128304705603576,1878,0.00022957006640120228,8.765129425008067e-08,5.02695412811307e-05,16,20,False,0.995,0.005,0.66,fixed,100,none,b05428b4-9e4c-4c24-8ea0-156090d31ad0
343,35300,12.155943393707275,1.0,1.0,1.0,0.9960959999999999,0.0,0.0,0.0,0.0,0.0,0.0,0.0,0.0,0.0,0.0,0.0,0.0,0.0,0.0,0.002,0.998,0.052128304705603576,1878,0.00022945682703559006,8.804798811605318e-08,5.024482855583271e-05,16,20,False,0.995,0.005,0.66,fixed,100,none,b05428b4-9e4c-4c24-8ea0-156090d31ad0
344,35400,12.166953802108765,1.0,1.0,1.0,0.9960959999999999,0.0,0.0,0.0,0.0,0.0,0.0,0.0,0.0,0.0,0.0,0.0,0.0,0.0,0.0,0.002,0.998,0.052128304705603576,1878,0.0002299068271136725,8.846070677711441e-08,5.034341198947056e-05,16,20,False,0.995,0.005,0.66,fixed,100,none,b05428b4-9e4c-4c24-8ea0-156090d31ad0
345,35600,12.177993059158325,1.0,1.0,1.0,0.9960959999999999,0.0,0.0,0.0,0.0,0.0,0.0,0.0,0.0,0.0,0.0,0.0,0.0,0.0,0.0,0.002,0.998,0.052128304705603576,1878,0.000231336601218212,8.897984350545853e-08,5.0656488176932646e-05,16,20,False,0.995,0.005,0.66,fixed,100,none,b05428b4-9e4c-4c24-8ea0-156090d31ad0
346,35700,12.188977718353271,1.0,1.0,1.0,0.9960959999999999,0.0,0.0,0.0,0.0,0.0,0.0,0.0,0.0,0.0,0.0,0.0,0.0,0.0,0.0,0.002,0.998,0.052128304705603576,1878,0.00023203000175642377,8.934145994633383e-08,5.0808342261870963e-05,16,20,False,0.995,0.005,0.66,fixed,100,none,b05428b4-9e4c-4c24-8ea0-156090d31ad0
347,35800,12.200005292892456,1.0,1.0,1.0,0.9960959999999999,0.0,0.0,0.0,0.0,0.0,0.0,0.0,0.0,0.0,0.0,0.0,0.0,0.0,0.0,0.002,0.998,0.052128304705603576,1878,0.00023241541722309408,8.964260820144283e-08,5.089276692569357e-05,16,20,False,0.995,0.005,0.66,fixed,100,none,b05428b4-9e4c-4c24-8ea0-156090d31ad0
348,35900,12.211148023605347,1.0,1.0,1.0,0.9960959999999999,0.0,0.0,0.0,0.0,0.0,0.0,0.0,0.0,0.0,0.0,0.0,0.0,0.0,0.0,0.002,0.998,0.052128304705603576,1878,0.0002325216802529842,8.977867582803185e-08,5.091605375578557e-05,16,20,False,0.995,0.005,0.66,fixed,100,none,b05428b4-9e4c-4c24-8ea0-156090d31ad0
349,36000,12.222552299499512,1.0,1.0,1.0,0.9960959999999999,0.0,0.0,0.0,0.0,0.0,0.0,0.0,0.0,0.0,0.0,0.0,0.0,0.0,0.0,0.002,0.998,0.052128304705603576,1878,0.0002340431745366066,9.052815396944042e-08,5.124925125531738e-05,16,20,False,0.995,0.005,0.66,fixed,100,none,b05428b4-9e4c-4c24-8ea0-156090d31ad0
350,36100,12.233676433563232,1.0,1.0,1.0,0.9960959999999999,0.0,0.0,0.0,0.0,0.0,0.0,0.0,0.0,0.0,0.0,0.0,0.0,0.0,0.0,0.002,0.998,0.051745274115364996,1879,0.00023361358228502608,9.047487511136937e-08,5.115520338846337e-05,16,20,False,0.995,0.005,0.66,fixed,100,none,b05428b4-9e4c-4c24-8ea0-156090d31ad0
351,36200,12.244796514511108,1.0,1.0,1.0,0.9960959999999999,0.0,0.0,0.0,0.0,0.0,0.0,0.0,0.0,0.0,0.0,0.0,0.0,0.0,0.0,0.002,0.998,0.051745274115364996,1879,0.00023361358228502608,9.047487511136937e-08,5.115520338846337e-05,16,20,False,0.995,0.005,0.66,fixed,100,none,b05428b4-9e4c-4c24-8ea0-156090d31ad0
352,36300,12.256420850753784,1.0,1.0,1.0,0.9960959999999999,0.0,0.0,0.0,0.0,0.0,0.0,0.0,0.0,0.0,0.0,0.0,0.0,0.0,0.0,0.002,0.998,0.051745274115364996,1879,0.00023426773542368248,9.081901792463708e-08,5.129846289764978e-05,16,20,False,0.995,0.005,0.66,fixed,100,none,b05428b4-9e4c-4c24-8ea0-156090d31ad0
353,36400,12.268425941467285,1.0,1.0,1.0,0.9960959999999999,0.0,0.0,0.0,0.0,0.0,0.0,0.0,0.0,0.0,0.0,0.0,0.0,0.0,0.0,0.002,0.998,0.05251033128381009,1877,0.00023554394658864368,9.136493903632156e-08,5.157792924667101e-05,16,20,False,0.995,0.005,0.66,fixed,100,none,b05428b4-9e4c-4c24-8ea0-156090d31ad0
354,36500,12.280363082885742,1.0,1.0,1.0,0.9960959999999999,0.0,0.0,0.0,0.0,0.0,0.0,0.0,0.0,0.0,0.0,0.0,0.0,0.0,0.0,0.002,0.998,0.05251033128381009,1877,0.0002354768034334468,9.141820615857944e-08,5.156324173075164e-05,16,20,False,0.995,0.005,0.66,fixed,100,none,b05428b4-9e4c-4c24-8ea0-156090d31ad0
355,36600,12.292134523391724,1.0,1.0,1.0,0.9960959999999999,0.0,0.0,0.0,0.0,0.0,0.0,0.0,0.0,0.0,0.0,0.0,0.0,0.0,0.0,0.002,0.998,0.05251033128381009,1877,0.00023509635884361404,9.173374419199971e-08,5.148002236226359e-05,16,20,False,0.995,0.005,0.66,fixed,100,none,b05428b4-9e4c-4c24-8ea0-156090d31ad0
356,36800,12.303642988204956,1.0,1.0,1.0,0.9960959999999999,0.0,0.0,0.0,0.0,0.0,0.0,0.0,0.0,0.0,0.0,0.0,0.0,0.0,0.0,0.002,0.998,0.052128304705603576,1878,0.00023353741361111267,9.05524343222576e-08,5.113854480199379e-05,16,20,False,0.995,0.005,0.66,fixed,100,none,b05428b4-9e4c-4c24-8ea0-156090d31ad0
357,36900,12.315178155899048,1.0,1.0,1.0,0.9960959999999999,0.0,0.0,0.0,0.0,0.0,0.0,0.0,0.0,0.0,0.0,0.0,0.0,0.0,0.0,0.002,0.998,0.05251033128381009,1877,0.00023291985316684067,9.02720217384103e-08,5.1003307542351726e-05,16,20,False,0.995,0.005,0.66,fixed,100,none,b05428b4-9e4c-4c24-8ea0-156090d31ad0
358,37100,12.326790571212769,1.0,1.0,1.0,0.9960959999999999,0.0,0.0,0.0,0.0,0.0,0.0,0.0,0.0,0.0,0.0,0.0,0.0,0.0,0.0,0.002,0.998,0.051745274115364996,1879,0.00023396163792276665,9.059672119379069e-08,5.123141591832044e-05,16,20,False,0.995,0.005,0.66,fixed,100,none,b05428b4-9e4c-4c24-8ea0-156090d31ad0
359,37200,12.33809781074524,1.0,1.0,1.0,0.9960959999999999,0.0,0.0,0.0,0.0,0.0,0.0,0.0,0.0,0.0,0.0,0.0,0.0,0.0,0.0,0.002,0.998,0.051745274115364996,1879,0.00023269644333553087,9.052546749620539e-08,5.0954451284971984e-05,16,20,False,0.995,0.005,0.66,fixed,100,none,b05428b4-9e4c-4c24-8ea0-156090d31ad0
360,37400,12.3492751121521,1.0,1.0,1.0,0.9960959999999999,0.0,0.0,0.0,0.0,0.0,0.0,0.0,0.0,0.0,0.0,0.0,0.0,0.0,0.0,0.002,0.998,0.051745274115364996,1879,0.00023252708799777644,9.064073608615841e-08,5.091740130256964e-05,16,20,False,0.995,0.005,0.66,fixed,100,none,b05428b4-9e4c-4c24-8ea0-156090d31ad0
361,37500,12.3603196144104,1.0,1.0,1.0,0.9960959999999999,0.0,0.0,0.0,0.0,0.0,0.0,0.0,0.0,0.0,0.0,0.0,0.0,0.0,0.0,0.002,0.998,0.051745274115364996,1879,0.00023401194033543252,9.177168766445182e-08,5.124265036008243e-05,16,20,False,0.995,0.005,0.66,fixed,100,none,b05428b4-9e4c-4c24-8ea0-156090d31ad0
362,37600,12.371322631835938,1.0,1.0,1.0,0.9960959999999999,0.0,0.0,0.0,0.0,0.0,0.0,0.0,0.0,0.0,0.0,0.0,0.0,0.0,0.0,0.002,0.998,0.052128304705603576,1878,0.00023421715009627918,9.129430960471949e-08,5.128748007490041e-05,16,20,False,0.995,0.005,0.66,fixed,100,none,b05428b4-9e4c-4c24-8ea0-156090d31ad0
363,37700,12.382250785827637,1.0,1.0,1.0,0.9960959999999999,0.0,0.0,0.0,0.0,0.0,0.0,0.0,0.0,0.0,0.0,0.0,0.0,0.0,0.0,0.002,0.998,0.052128304705603576,1878,0.00023498025158324404,9.201883724179886e-08,5.1454660650648065e-05,16,20,False,0.995,0.005,0.66,fixed,100,none,b05428b4-9e4c-4c24-8ea0-156090d31ad0
364,37800,12.393331050872803,1.0,1.0,1.0,0.9960959999999999,0.0,0.0,0.0,0.0,0.0,0.0,0.0,0.0,0.0,0.0,0.0,0.0,0.0,0.0,0.002,0.998,0.052128304705603576,1878,0.00023271900249196794,9.07563359156785e-08,5.095943334931576e-05,16,20,False,0.995,0.005,0.66,fixed,100,none,b05428b4-9e4c-4c24-8ea0-156090d31ad0
365,37900,12.404522180557251,1.0,1.0,1.0,0.9960959999999999,0.0,0.0,0.0,0.0,0.0,0.0,0.0,0.0,0.0,0.0,0.0,0.0,0.0,0.0,0.002,0.998,0.052128304705603576,1878,0.00023088396614512425,8.998070490739256e-08,5.0557596523100105e-05,16,20,False,0.995,0.005,0.66,fixed,100,none,b05428b4-9e4c-4c24-8ea0-156090d31ad0
366,38000,12.415980100631714,1.0,1.0,1.0,0.9960959999999999,0.0,0.0,0.0,0.0,0.0,0.0,0.0,0.0,0.0,0.0,0.0,0.0,0.0,0.0,0.002,0.998,0.051745274115364996,1879,0.00023050539808287568,8.929938565851145e-08,5.0474598523616605e-05,16,20,False,0.995,0.005,0.66,fixed,100,none,b05428b4-9e4c-4c24-8ea0-156090d31ad0
367,38100,12.427648305892944,1.0,1.0,1.0,0.9960959999999999,0.0,0.0,0.0,0.0,0.0,0.0,0.0,0.0,0.0,0.0,0.0,0.0,0.0,0.0,0.002,0.998,0.051745274115364996,1879,0.00023050539808287568,8.929938565851145e-08,5.0474598523616605e-05,16,20,False,0.995,0.005,0.66,fixed,100,none,b05428b4-9e4c-4c24-8ea0-156090d31ad0
368,38200,12.43921184539795,1.0,1.0,1.0,0.9960959999999999,0.0,0.0,0.0,0.0,0.0,0.0,0.0,0.0,0.0,0.0,0.0,0.0,0.0,0.0,0.002,0.998,0.051745274115364996,1879,0.00023033140465191916,8.966064500849845e-08,5.043658000085672e-05,16,20,False,0.995,0.005,0.66,fixed,100,none,b05428b4-9e4c-4c24-8ea0-156090d31ad0
369,38300,12.450655460357666,1.0,1.0,1.0,0.9960959999999999,0.0,0.0,0.0,0.0,0.0,0.0,0.0,0.0,0.0,0.0,0.0,0.0,0.0,0.0,0.002,0.998,0.051745274115364996,1879,0.00023122432053431942,9.001957064498103e-08,5.063210748338507e-05,16,20,False,0.995,0.005,0.66,fixed,100,none,b05428b4-9e4c-4c24-8ea0-156090d31ad0
370,38400,12.46219515800476,1.0,1.0,1.0,0.9960959999999999,0.0,0.0,0.0,0.0,0.0,0.0,0.0,0.0,0.0,0.0,0.0,0.0,0.0,0.0,0.002,0.998,0.051745274115364996,1879,0.00023165326707870481,9.005754615556875e-08,5.072601109729804e-05,16,20,False,0.995,0.005,0.66,fixed,100,none,b05428b4-9e4c-4c24-8ea0-156090d31ad0
371,38600,12.473931312561035,1.0,1.0,1.0,0.9960959999999999,0.0,0.0,0.0,0.0,0.0,0.0,0.0,0.0,0.0,0.0,0.0,0.0,0.0,0.0,0.002,0.998,0.051745274115364996,1879,0.00023119524845401258,8.939747089500815e-08,5.0625625406053406e-05,16,20,False,0.995,0.005,0.66,fixed,100,none,b05428b4-9e4c-4c24-8ea0-156090d31ad0
372,38700,12.485533952713013,1.0,1.0,1.0,0.9960959999999999,0.0,0.0,0.0,0.0,0.0,0.0,0.0,0.0,0.0,0.0,0.0,0.0,0.0,0.0,0.002,0.998,0.052128304705603576,1878,0.00023163670891801117,9.015251955097005e-08,5.072240456086733e-05,16,20,False,0.995,0.005,0.66,fixed,100,none,b05428b4-9e4c-4c24-8ea0-156090d31ad0
373,38900,12.496925115585327,1.0,1.0,1.0,0.9960959999999999,0.0,0.0,0.0,0.0,0.0,0.0,0.0,0.0,0.0,0.0,0.0,0.0,0.0,0.0,0.002,0.998,0.052128304705603576,1878,0.00023268356771903858,9.016273270766592e-08,5.0951563892912006e-05,16,20,False,0.995,0.005,0.66,fixed,100,none,b05428b4-9e4c-4c24-8ea0-156090d31ad0
374,39000,12.508263111114502,1.0,1.0,1.0,0.9960959999999999,0.0,0.0,0.0,0.0,0.0,0.0,0.0,0.0,0.0,0.0,0.0,0.0,0.0,0.0,0.002,0.998,0.052128304705603576,1878,0.00023268356771903858,9.016273270766592e-08,5.0951563892912006e-05,16,20,False,0.995,0.005,0.66,fixed,100,none,b05428b4-9e4c-4c24-8ea0-156090d31ad0
375,39100,12.51941990852356,1.0,1.0,1.0,0.9960959999999999,0.0,0.0,0.0,0.0,0.0,0.0,0.0,0.0,0.0,0.0,0.0,0.0,0.0,0.0,0.002,0.998,0.052128304705603576,1878,0.00023552292880733231,9.212706173940956e-08,5.157347325765553e-05,16,20,False,0.995,0.005,0.66,fixed,100,none,b05428b4-9e4c-4c24-8ea0-156090d31ad0
376,39300,12.53052830696106,1.0,1.0,1.0,0.9960959999999999,0.0,0.0,0.0,0.0,0.0,0.0,0.0,0.0,0.0,0.0,0.0,0.0,0.0,0.0,0.002,0.998,0.052128304705603576,1878,0.00023530246608648674,9.236379987285652e-08,5.152525894830779e-05,16,20,False,0.995,0.005,0.66,fixed,100,none,b05428b4-9e4c-4c24-8ea0-156090d31ad0
377,39400,12.541611194610596,1.0,1.0,1.0,0.9960959999999999,0.0,0.0,0.0,0.0,0.0,0.0,0.0,0.0,0.0,0.0,0.0,0.0,0.0,0.0,0.002,0.998,0.052128304705603576,1878,0.00023628665033959464,9.332005492416832e-08,5.1740878569772864e-05,16,20,False,0.995,0.005,0.66,fixed,100,none,b05428b4-9e4c-4c24-8ea0-156090d31ad0
378,39600,12.552534818649292,1.0,1.0,1.0,0.9960959999999999,0.0,0.0,0.0,0.0,0.0,0.0,0.0,0.0,0.0,0.0,0.0,0.0,0.0,0.0,0.002,0.998,0.051745274115364996,1879,0.00023964041997078154,9.494501428435998e-08,5.2475327484318114e-05,16,20,False,0.995,0.005,0.66,fixed,100,none,b05428b4-9e4c-4c24-8ea0-156090d31ad0
379,39700,12.563704252243042,1.0,1.0,1.0,0.9960959999999999,0.0,0.0,0.0,0.0,0.0,0.0,0.0,0.0,0.0,0.0,0.0,0.0,0.0,0.0,0.002,0.998,0.051745274115364996,1879,0.00024147297783477968,9.598743934358374e-08,5.2876672461508556e-05,16,20,False,0.995,0.005,0.66,fixed,100,none,b05428b4-9e4c-4c24-8ea0-156090d31ad0
380,39900,12.575424194335938,1.0,1.0,1.0,0.9960959999999999,0.0,0.0,0.0,0.0,0.0,0.0,0.0,0.0,0.0,0.0,0.0,0.0,0.0,0.0,0.002,0.998,0.051745274115364996,1879,0.00024042093732957293,9.592600515247003e-08,5.264636912242249e-05,16,20,False,0.995,0.005,0.66,fixed,100,none,b05428b4-9e4c-4c24-8ea0-156090d31ad0
381,40000,12.587041139602661,1.0,1.0,1.0,0.9960959999999999,0.0,0.0,0.0,0.0,0.0,0.0,0.0,0.0,0.0,0.0,0.0,0.0,0.0,0.0,0.002,0.998,0.051745274115364996,1879,0.00024101469460270712,9.611568551085721e-08,5.277637862877965e-05,16,20,False,0.995,0.005,0.66,fixed,100,none,b05428b4-9e4c-4c24-8ea0-156090d31ad0
382,40100,12.598485231399536,1.0,1.0,1.0,0.9960959999999999,0.0,0.0,0.0,0.0,0.0,0.0,0.0,0.0,0.0,0.0,0.0,0.0,0.0,0.0,0.002,0.998,0.051745274115364996,1879,0.000240840629146328,9.614094315043007e-08,5.2738280499329786e-05,16,20,False,0.995,0.005,0.66,fixed,100,none,b05428b4-9e4c-4c24-8ea0-156090d31ad0
383,40300,12.609910011291504,1.0,1.0,1.0,0.9960959999999999,0.0,0.0,0.0,0.0,0.0,0.0,0.0,0.0,0.0,0.0,0.0,0.0,0.0,0.0,0.002,0.998,0.051745274115364996,1879,0.00024148110015637586,9.66440636418081e-08,5.287857519632262e-05,16,20,False,0.995,0.005,0.66,fixed,100,none,b05428b4-9e4c-4c24-8ea0-156090d31ad0
384,40400,12.621247053146362,1.0,1.0,1.0,0.9960959999999999,0.0,0.0,0.0,0.0,0.0,0.0,0.0,0.0,0.0,0.0,0.0,0.0,0.0,0.0,0.002,0.998,0.051745274115364996,1879,0.0002412814217813241,9.649548451747527e-08,5.283483736999017e-05,16,20,False,0.995,0.005,0.66,fixed,100,none,b05428b4-9e4c-4c24-8ea0-156090d31ad0
385,40500,12.632675647735596,1.0,1.0,1.0,0.9960959999999999,0.0,0.0,0.0,0.0,0.0,0.0,0.0,0.0,0.0,0.0,0.0,0.0,0.0,0.0,0.002,0.998,0.051745274115364996,1879,0.00024196769370664567,9.777408998128041e-08,5.2985305229481184e-05,16,20,False,0.995,0.005,0.66,fixed,100,none,b05428b4-9e4c-4c24-8ea0-156090d31ad0
386,40600,12.64415693283081,1.0,1.0,1.0,0.9960959999999999,0.0,0.0,0.0,0.0,0.0,0.0,0.0,0.0,0.0,0.0,0.0,0.0,0.0,0.0,0.002,0.998,0.051745274115364996,1879,0.00024289194393055632,9.7833260207824e-08,5.318763484583827e-05,16,20,False,0.995,0.005,0.66,fixed,100,none,b05428b4-9e4c-4c24-8ea0-156090d31ad0
387,40700,12.65537714958191,1.0,1.0,1.0,0.9960959999999999,0.0,0.0,0.0,0.0,0.0,0.0,0.0,0.0,0.0,0.0,0.0,0.0,0.0,0.0,0.002,0.998,0.051745274115364996,1879,0.00024346590428472916,9.771937814750627e-08,5.331325312977524e-05,16,20,False,0.995,0.005,0.66,fixed,100,none,b05428b4-9e4c-4c24-8ea0-156090d31ad0
388,40800,12.666500806808472,1.0,1.0,1.0,0.9960959999999999,0.0,0.0,0.0,0.0,0.0,0.0,0.0,0.0,0.0,0.0,0.0,0.0,0.0,0.0,0.002,0.998,0.051745274115364996,1879,0.00024441796232387925,9.80468711842433e-08,5.352172085822218e-05,16,20,False,0.995,0.005,0.66,fixed,100,none,b05428b4-9e4c-4c24-8ea0-156090d31ad0
389,40900,12.67766284942627,1.0,1.0,1.0,0.9960959999999999,0.0,0.0,0.0,0.0,0.0,0.0,0.0,0.0,0.0,0.0,0.0,0.0,0.0,0.0,0.002,0.998,0.051745274115364996,1879,0.0002437815639042484,9.764604945704816e-08,5.338233708803682e-05,16,20,False,0.995,0.005,0.66,fixed,100,none,b05428b4-9e4c-4c24-8ea0-156090d31ad0
390,41000,12.688892602920532,1.0,1.0,1.0,0.9960959999999999,0.0,0.0,0.0,0.0,0.0,0.0,0.0,0.0,0.0,0.0,0.0,0.0,0.0,0.0,0.002,0.998,0.051745274115364996,1879,0.00024561112975495723,9.835358999951897e-08,5.378296348546005e-05,16,20,False,0.995,0.005,0.66,fixed,100,none,b05428b4-9e4c-4c24-8ea0-156090d31ad0
391,41100,12.699923276901245,1.0,1.0,1.0,0.9960959999999999,0.0,0.0,0.0,0.0,0.0,0.0,0.0,0.0,0.0,0.0,0.0,0.0,0.0,0.0,0.002,0.998,0.051745274115364996,1879,0.00024563502817567714,9.873391231949638e-08,5.3788267110996435e-05,16,20,False,0.995,0.005,0.66,fixed,100,none,b05428b4-9e4c-4c24-8ea0-156090d31ad0
392,41200,12.710764169692993,1.0,1.0,1.0,0.9960959999999999,0.0,0.0,0.0,0.0,0.0,0.0,0.0,0.0,0.0,0.0,0.0,0.0,0.0,0.0,0.002,0.998,0.051745274115364996,1879,0.00024596356814214013,9.930499731600231e-08,5.386029301580452e-05,16,20,False,0.995,0.005,0.66,fixed,100,none,b05428b4-9e4c-4c24-8ea0-156090d31ad0
393,41300,12.72151517868042,1.0,1.0,1.0,0.9960959999999999,0.0,0.0,0.0,0.0,0.0,0.0,0.0,0.0,0.0,0.0,0.0,0.0,0.0,0.0,0.002,0.998,0.051745274115364996,1879,0.00024456690537862276,9.928403444468946e-08,5.3554559553925014e-05,16,20,False,0.995,0.005,0.66,fixed,100,none,b05428b4-9e4c-4c24-8ea0-156090d31ad0
394,41400,12.73224687576294,1.0,1.0,1.0,0.9960959999999999,0.0,0.0,0.0,0.0,0.0,0.0,0.0,0.0,0.0,0.0,0.0,0.0,0.0,0.0,0.002,0.998,0.051745274115364996,1879,0.00024536266563399725,9.988860433376083e-08,5.372886634210541e-05,16,20,False,0.995,0.005,0.66,fixed,100,none,b05428b4-9e4c-4c24-8ea0-156090d31ad0
395,41500,12.742943286895752,1.0,1.0,1.0,0.9960959999999999,0.0,0.0,0.0,0.0,0.0,0.0,0.0,0.0,0.0,0.0,0.0,0.0,0.0,0.0,0.002,0.998,0.051745274115364996,1879,0.0002447384497213998,9.978423590818883e-08,5.3592205648836974e-05,16,20,False,0.995,0.005,0.66,fixed,100,none,b05428b4-9e4c-4c24-8ea0-156090d31ad0
396,41600,12.7536141872406,1.0,1.0,1.0,0.9960959999999999,0.0,0.0,0.0,0.0,0.0,0.0,0.0,0.0,0.0,0.0,0.0,0.0,0.0,0.0,0.002,0.998,0.051745274115364996,1879,0.0002460305929491053,1.0083062907490174e-07,5.387525461608338e-05,16,20,False,0.995,0.005,0.66,fixed,100,none,b05428b4-9e4c-4c24-8ea0-156090d31ad0
397,41700,12.764350175857544,1.0,1.0,1.0,0.9960959999999999,0.0,0.0,0.0,0.0,0.0,0.0,0.0,0.0,0.0,0.0,0.0,0.0,0.0,0.0,0.002,0.998,0.051745274115364996,1879,0.00024567406426273796,1.0115858806017841e-07,5.379727279884478e-05,16,20,False,0.995,0.005,0.66,fixed,100,none,b05428b4-9e4c-4c24-8ea0-156090d31ad0
398,41800,12.775277376174927,1.0,1.0,1.0,0.9960959999999999,0.0,0.0,0.0,0.0,0.0,0.0,0.0,0.0,0.0,0.0,0.0,0.0,0.0,0.0,0.002,0.998,0.051745274115364996,1879,0.0002460755676746654,1.0153762275592076e-07,5.388523391230789e-05,16,20,False,0.995,0.005,0.66,fixed,100,none,b05428b4-9e4c-4c24-8ea0-156090d31ad0
399,41900,12.786483526229858,1.0,1.0,1.0,0.9960959999999999,0.0,0.0,0.0,0.0,0.0,0.0,0.0,0.0,0.0,0.0,0.0,0.0,0.0,0.0,0.002,0.998,0.051745274115364996,1879,0.00024630612588081804,1.0178645656382889e-07,5.39357503820582e-05,16,20,False,0.995,0.005,0.66,fixed,100,none,b05428b4-9e4c-4c24-8ea0-156090d31ad0
400,42000,12.798079490661621,1.0,1.0,1.0,0.9960959999999999,0.0,0.0,0.0,0.0,0.0,0.0,0.0,0.0,0.0,0.0,0.0,0.0,0.0,0.0,0.002,0.998,0.051745274115364996,1879,0.0002457430140110988,1.0166752720898819e-07,5.3812462597199234e-05,16,20,False,0.995,0.005,0.66,fixed,100,none,b05428b4-9e4c-4c24-8ea0-156090d31ad0
401,42200,12.810049057006836,1.0,1.0,1.0,0.9960959999999999,0.0,0.0,0.0,0.0,0.0,0.0,0.0,0.0,0.0,0.0,0.0,0.0,0.0,0.0,0.002,0.998,0.051745274115364996,1879,0.0002462560562057939,1.0201647757589671e-07,5.392483383418771e-05,16,20,False,0.995,0.005,0.66,fixed,100,none,b05428b4-9e4c-4c24-8ea0-156090d31ad0
402,42300,12.822232007980347,1.0,1.0,1.0,0.9960959999999999,0.0,0.0,0.0,0.0,0.0,0.0,0.0,0.0,0.0,0.0,0.0,0.0,0.0,0.0,0.002,0.998,0.051745274115364996,1879,0.00024819806358449963,1.029542466490209e-07,5.435011742551029e-05,16,20,False,0.995,0.005,0.66,fixed,100,none,b05428b4-9e4c-4c24-8ea0-156090d31ad0
403,42400,12.834148645401001,1.0,1.0,1.0,0.9960959999999999,0.0,0.0,0.0,0.0,0.0,0.0,0.0,0.0,0.0,0.0,0.0,0.0,0.0,0.0,0.002,0.998,0.051745274115364996,1879,0.0002474149848608001,1.0307460909067691e-07,5.417872436175638e-05,16,20,False,0.995,0.005,0.66,fixed,100,none,b05428b4-9e4c-4c24-8ea0-156090d31ad0
404,42500,12.8461012840271,1.0,1.0,1.0,0.9960959999999999,0.0,0.0,0.0,0.0,0.0,0.0,0.0,0.0,0.0,0.0,0.0,0.0,0.0,0.0,0.002,0.998,0.051745274115364996,1879,0.0002471397061715123,1.0333398706453861e-07,5.4118515138486304e-05,16,20,False,0.995,0.005,0.66,fixed,100,none,b05428b4-9e4c-4c24-8ea0-156090d31ad0
405,42600,12.858028888702393,1.0,1.0,1.0,0.9960959999999999,0.0,0.0,0.0,0.0,0.0,0.0,0.0,0.0,0.0,0.0,0.0,0.0,0.0,0.0,0.002,0.998,0.051745274115364996,1879,0.00024663985618217544,1.0315290452370363e-07,5.400906357013771e-05,16,20,False,0.995,0.005,0.66,fixed,100,none,b05428b4-9e4c-4c24-8ea0-156090d31ad0
406,42700,12.869829893112183,1.0,1.0,1.0,0.9960959999999999,0.0,0.0,0.0,0.0,0.0,0.0,0.0,0.0,0.0,0.0,0.0,0.0,0.0,0.0,0.002,0.998,0.051745274115365,1879,0.00024775525714882253,1.0307587676371076e-07,5.425321020646236e-05,16,20,False,0.995,0.005,0.66,fixed,100,none,b05428b4-9e4c-4c24-8ea0-156090d31ad0
407,42900,12.881574869155884,1.0,1.0,1.0,0.9960959999999999,0.0,0.0,0.0,0.0,0.0,0.0,0.0,0.0,0.0,0.0,0.0,0.0,0.0,0.0,0.002,0.998,0.0513612395130943,1880,0.00025070310316606506,1.0487851612728907e-07,5.4898836201115826e-05,16,20,False,0.995,0.005,0.66,fixed,100,none,b05428b4-9e4c-4c24-8ea0-156090d31ad0
408,43000,12.893367528915405,1.0,1.0,1.0,0.9960959999999999,0.0,0.0,0.0,0.0,0.0,0.0,0.0,0.0,0.0,0.0,0.0,0.0,0.0,0.0,0.002,0.998,0.0513612395130943,1880,0.00025213347564702527,1.0545426832483304e-07,5.521205413011555e-05,16,20,False,0.995,0.005,0.66,fixed,100,none,b05428b4-9e4c-4c24-8ea0-156090d31ad0
409,43100,12.905208349227905,1.0,1.0,1.0,0.9960959999999999,0.0,0.0,0.0,0.0,0.0,0.0,0.0,0.0,0.0,0.0,0.0,0.0,0.0,0.0,0.002,0.998,0.0513612395130943,1880,0.00025296062187100206,1.057338202282794e-07,5.539316955340573e-05,16,20,False,0.995,0.005,0.66,fixed,100,none,b05428b4-9e4c-4c24-8ea0-156090d31ad0
410,43200,12.917157888412476,1.0,1.0,1.0,0.9960959999999999,0.0,0.0,0.0,0.0,0.0,0.0,0.0,0.0,0.0,0.0,0.0,0.0,0.0,0.0,0.002,0.998,0.0513612395130943,1880,0.0002521002035844845,1.0532310910041726e-07,5.5204745955372744e-05,16,20,False,0.995,0.005,0.66,fixed,100,none,b05428b4-9e4c-4c24-8ea0-156090d31ad0
411,43300,12.928841829299927,1.0,1.0,1.0,0.9960959999999999,0.0,0.0,0.0,0.0,0.0,0.0,0.0,0.0,0.0,0.0,0.0,0.0,0.0,0.0,0.002,0.998,0.0513612395130943,1880,0.0002524208487450012,1.0583509718731754e-07,5.527503245874636e-05,16,20,False,0.995,0.005,0.66,fixed,100,none,b05428b4-9e4c-4c24-8ea0-156090d31ad0
412,43400,12.940570831298828,1.0,1.0,1.0,0.9960959999999999,0.0,0.0,0.0,0.0,0.0,0.0,0.0,0.0,0.0,0.0,0.0,0.0,0.0,0.0,0.002,0.998,0.0513612395130943,1880,0.0002534552819261324,1.0612942517438412e-07,5.550152580441351e-05,16,20,False,0.995,0.005,0.66,fixed,100,none,b05428b4-9e4c-4c24-8ea0-156090d31ad0
413,43600,12.95217251777649,1.0,1.0,1.0,0.9960959999999999,0.0,0.0,0.0,0.0,0.0,0.0,0.0,0.0,0.0,0.0,0.0,0.0,0.0,0.0,0.002,0.998,0.0513612395130943,1880,0.0002539926329949449,1.065160350754609e-07,5.5619225409257785e-05,16,20,False,0.995,0.005,0.66,fixed,100,none,b05428b4-9e4c-4c24-8ea0-156090d31ad0
414,43700,12.963813066482544,1.0,1.0,1.0,0.9960959999999999,0.0,0.0,0.0,0.0,0.0,0.0,0.0,0.0,0.0,0.0,0.0,0.0,0.0,0.0,0.002,0.998,0.0513612395130943,1880,0.00025474143691814235,1.0722097945691023e-07,5.578327252747818e-05,16,20,False,0.995,0.005,0.66,fixed,100,none,b05428b4-9e4c-4c24-8ea0-156090d31ad0
415,43800,12.97537112236023,1.0,1.0,1.0,0.9960959999999999,0.0,0.0,0.0,0.0,0.0,0.0,0.0,0.0,0.0,0.0,0.0,0.0,0.0,0.0,0.002,0.998,0.0513612395130943,1880,0.0002543715899087778,1.0692575128352895e-07,5.570225692377533e-05,16,20,False,0.995,0.005,0.66,fixed,100,none,b05428b4-9e4c-4c24-8ea0-156090d31ad0
416,44000,12.987015008926392,1.0,1.0,1.0,0.9960959999999999,0.0,0.0,0.0,0.0,0.0,0.0,0.0,0.0,0.0,0.0,0.0,0.0,0.0,0.0,0.002,0.998,0.0513612395130943,1880,0.0002540808131621709,1.0693758059828825e-07,5.5638608141512895e-05,16,20,False,0.995,0.005,0.66,fixed,100,none,b05428b4-9e4c-4c24-8ea0-156090d31ad0
417,44100,12.998525619506836,1.0,1.0,1.0,0.9960959999999999,0.0,0.0,0.0,0.0,0.0,0.0,0.0,0.0,0.0,0.0,0.0,0.0,0.0,0.0,0.002,0.998,0.0513612395130943,1880,0.0002540808131621709,1.0693758059828825e-07,5.5638608141512895e-05,16,20,False,0.995,0.005,0.66,fixed,100,none,b05428b4-9e4c-4c24-8ea0-156090d31ad0
418,44200,13.01012659072876,1.0,1.0,1.0,0.9960959999999999,0.0,0.0,0.0,0.0,0.0,0.0,0.0,0.0,0.0,0.0,0.0,0.0,0.0,0.0,0.002,0.998,0.0513612395130943,1880,0.00025471296811437457,1.0746686343022074e-07,5.5777087424288334e-05,16,20,False,0.995,0.005,0.66,fixed,100,none,b05428b4-9e4c-4c24-8ea0-156090d31ad0
419,44300,13.021643877029419,1.0,1.0,1.0,0.9960959999999999,0.0,0.0,0.0,0.0,0.0,0.0,0.0,0.0,0.0,0.0,0.0,0.0,0.0,0.0,0.002,0.998,0.0513612395130943,1880,0.0002543046055423265,1.0748666292805617e-07,5.568770061917161e-05,16,20,False,0.995,0.005,0.66,fixed,100,none,b05428b4-9e4c-4c24-8ea0-156090d31ad0
420,44400,13.033491849899292,1.0,1.0,1.0,0.9960959999999999,0.0,0.0,0.0,0.0,0.0,0.0,0.0,0.0,0.0,0.0,0.0,0.0,0.0,0.0,0.002,0.998,0.0513612395130943,1880,0.00025462461611738574,1.0801554859309434e-07,5.575785142232843e-05,16,20,False,0.995,0.005,0.66,fixed,100,none,b05428b4-9e4c-4c24-8ea0-156090d31ad0
421,44500,13.046168088912964,1.0,1.0,1.0,0.9960959999999999,0.0,0.0,0.0,0.0,0.0,0.0,0.0,0.0,0.0,0.0,0.0,0.0,0.0,0.0,0.002,0.998,0.0513612395130943,1880,0.0002543700308209672,1.0754384814570898e-07,5.570203307785741e-05,16,20,False,0.995,0.005,0.66,fixed,100,none,b05428b4-9e4c-4c24-8ea0-156090d31ad0
422,44700,13.058883905410767,1.0,1.0,1.0,0.9960959999999999,0.0,0.0,0.0,0.0,0.0,0.0,0.0,0.0,0.0,0.0,0.0,0.0,0.0,0.0,0.002,0.998,0.0513612395130943,1880,0.0002557945891995448,1.0868351317398076e-07,5.601408544328341e-05,16,20,False,0.995,0.005,0.66,fixed,100,none,b05428b4-9e4c-4c24-8ea0-156090d31ad0
423,44800,13.071624279022217,1.0,1.0,1.0,0.9960959999999999,0.0,0.0,0.0,0.0,0.0,0.0,0.0,0.0,0.0,0.0,0.0,0.0,0.0,0.0,0.002,0.998,0.0513612395130943,1880,0.0002555527118095846,1.0866510311302989e-07,5.596113498470955e-05,16,20,False,0.995,0.005,0.66,fixed,100,none,b05428b4-9e4c-4c24-8ea0-156090d31ad0
424,44900,13.08424973487854,1.0,1.0,1.0,0.9960959999999999,0.0,0.0,0.0,0.0,0.0,0.0,0.0,0.0,0.0,0.0,0.0,0.0,0.0,0.0,0.002,0.998,0.0513612395130943,1880,0.0002571954814988794,1.1021044442390575e-07,5.6321030884545245e-05,16,20,False,0.995,0.005,0.66,fixed,100,none,b05428b4-9e4c-4c24-8ea0-156090d31ad0
425,45000,13.0967857837677,1.0,1.0,1.0,0.9960959999999999,0.0,0.0,0.0,0.0,0.0,0.0,0.0,0.0,0.0,0.0,0.0,0.0,0.0,0.0,0.002,0.998,0.0513612395130943,1880,0.0002571954814988794,1.1021044442390575e-07,5.6321030884545245e-05,16,20,False,0.995,0.005,0.66,fixed,100,none,b05428b4-9e4c-4c24-8ea0-156090d31ad0
426,45100,13.109305381774902,1.0,1.0,1.0,0.9960959999999999,0.0,0.0,0.0,0.0,0.0,0.0,0.0,0.0,0.0,0.0,0.0,0.0,0.0,0.0,0.002,0.998,0.0513612395130943,1880,0.00025795922124008223,1.1046725917094731e-07,5.6488262308696484e-05,16,20,False,0.995,0.005,0.66,fixed,100,none,b05428b4-9e4c-4c24-8ea0-156090d31ad0
427,45200,13.121884107589722,1.0,1.0,1.0,0.9960959999999999,0.0,0.0,0.0,0.0,0.0,0.0,0.0,0.0,0.0,0.0,0.0,0.0,0.0,0.0,0.002,0.998,0.0513612395130943,1880,0.000259218273974731,1.1154518420566045e-07,5.6764073758067695e-05,16,20,False,0.995,0.005,0.66,fixed,100,none,b05428b4-9e4c-4c24-8ea0-156090d31ad0
428,45300,13.134296178817749,1.0,1.0,1.0,0.9960959999999999,0.0,0.0,0.0,0.0,0.0,0.0,0.0,0.0,0.0,0.0,0.0,0.0,0.0,0.0,0.002,0.998,0.0513612395130943,1880,0.0002609684178095833,1.1295938618044779e-07,5.714744894189207e-05,16,20,False,0.995,0.005,0.66,fixed,100,none,b05428b4-9e4c-4c24-8ea0-156090d31ad0
429,45400,13.146613359451294,1.0,1.0,1.0,0.9960959999999999,0.0,0.0,0.0,0.0,0.0,0.0,0.0,0.0,0.0,0.0,0.0,0.0,0.0,0.0,0.002,0.998,0.0513612395130943,1880,0.00026290346024153356,1.1407348392689858e-07,5.757124140881781e-05,16,20,False,0.995,0.005,0.66,fixed,100,none,b05428b4-9e4c-4c24-8ea0-156090d31ad0
430,45500,13.158738374710083,1.0,1.0,1.0,0.9960959999999999,0.0,0.0,0.0,0.0,0.0,0.0,0.0,0.0,0.0,0.0,0.0,0.0,0.0,0.0,0.002,0.998,0.0513612395130943,1880,0.00026167448839002736,1.1259334669352312e-07,5.730193824444876e-05,16,20,False,0.995,0.005,0.66,fixed,100,none,b05428b4-9e4c-4c24-8ea0-156090d31ad0
431,45600,13.170661926269531,1.0,1.0,1.0,0.9960959999999999,0.0,0.0,0.0,0.0,0.0,0.0,0.0,0.0,0.0,0.0,0.0,0.0,0.0,0.0,0.002,0.998,0.0513612395130943,1880,0.0002620648141321175,1.124664327489581e-07,5.738735643574283e-05,16,20,False,0.995,0.005,0.66,fixed,100,none,b05428b4-9e4c-4c24-8ea0-156090d31ad0
432,45800,13.182493686676025,1.0,1.0,1.0,0.9960959999999999,0.0,0.0,0.0,0.0,0.0,0.0,0.0,0.0,0.0,0.0,0.0,0.0,0.0,0.0,0.002,0.998,0.0513612395130943,1880,0.0002623986036332531,1.1283204611396919e-07,5.746049242408076e-05,16,20,False,0.995,0.005,0.66,fixed,100,none,b05428b4-9e4c-4c24-8ea0-156090d31ad0
433,45900,13.194332361221313,1.0,1.0,1.0,0.9960959999999999,0.0,0.0,0.0,0.0,0.0,0.0,0.0,0.0,0.0,0.0,0.0,0.0,0.0,0.0,0.002,0.998,0.0513612395130943,1880,0.00026387082293356757,1.140994625355688e-07,5.7783002038039705e-05,16,20,False,0.995,0.005,0.66,fixed,100,none,b05428b4-9e4c-4c24-8ea0-156090d31ad0
434,46000,13.205984592437744,1.0,1.0,1.0,0.9960959999999999,0.0,0.0,0.0,0.0,0.0,0.0,0.0,0.0,0.0,0.0,0.0,0.0,0.0,0.0,0.002,0.998,0.0513612395130943,1880,0.0002662547085258065,1.1616811585371347e-07,5.830522763831125e-05,16,20,False,0.995,0.005,0.66,fixed,100,none,b05428b4-9e4c-4c24-8ea0-156090d31ad0
435,46100,13.217520713806152,1.0,1.0,1.0,0.9960959999999999,0.0,0.0,0.0,0.0,0.0,0.0,0.0,0.0,0.0,0.0,0.0,0.0,0.0,0.0,0.002,0.998,0.0513612395130943,1880,0.00026712953983162456,1.166261462630984e-07,5.849681523693261e-05,16,20,False,0.995,0.005,0.66,fixed,100,none,b05428b4-9e4c-4c24-8ea0-156090d31ad0
436,46200,13.229105949401855,1.0,1.0,1.0,0.9960959999999999,0.0,0.0,0.0,0.0,0.0,0.0,0.0,0.0,0.0,0.0,0.0,0.0,0.0,0.0,0.002,0.998,0.0513612395130943,1880,0.0002687262640781422,1.1754583738606822e-07,5.884651291580869e-05,16,20,False,0.995,0.005,0.66,fixed,100,none,b05428b4-9e4c-4c24-8ea0-156090d31ad0
437,46300,13.240816593170166,1.0,1.0,1.0,0.9960959999999999,0.0,0.0,0.0,0.0,0.0,0.0,0.0,0.0,0.0,0.0,0.0,0.0,0.0,0.0,0.002,0.998,0.0513612395130943,1880,0.0002687262640781422,1.1754583738606822e-07,5.884651291580869e-05,16,20,False,0.995,0.005,0.66,fixed,100,none,b05428b4-9e4c-4c24-8ea0-156090d31ad0
438,46400,13.252544403076172,1.0,1.0,1.0,0.9960959999999999,0.0,0.0,0.0,0.0,0.0,0.0,0.0,0.0,0.0,0.0,0.0,0.0,0.0,0.0,0.002,0.998,0.0513612395130943,1880,0.0002690630461146201,1.1731312359200171e-07,5.8920190287972816e-05,16,20,False,0.995,0.005,0.66,fixed,100,none,b05428b4-9e4c-4c24-8ea0-156090d31ad0
439,46500,13.26427412033081,1.0,1.0,1.0,0.9960959999999999,0.0,0.0,0.0,0.0,0.0,0.0,0.0,0.0,0.0,0.0,0.0,0.0,0.0,0.0,0.002,0.998,0.0513612395130943,1880,0.0002695681848553999,1.1832759371525253e-07,5.903095790765294e-05,16,20,False,0.995,0.005,0.66,fixed,100,none,b05428b4-9e4c-4c24-8ea0-156090d31ad0
440,46600,13.27638030052185,1.0,1.0,1.0,0.9960959999999999,0.0,0.0,0.0,0.0,0.0,0.0,0.0,0.0,0.0,0.0,0.0,0.0,0.0,0.0,0.002,0.998,0.0513612395130943,1880,0.00027113194614383085,1.1988452323965797e-07,5.937356107030011e-05,16,20,False,0.995,0.005,0.66,fixed,100,none,b05428b4-9e4c-4c24-8ea0-156090d31ad0
441,46700,13.288604497909546,1.0,1.0,1.0,0.9960959999999999,0.0,0.0,0.0,0.0,0.0,0.0,0.0,0.0,0.0,0.0,0.0,0.0,0.0,0.0,0.002,0.998,0.0513612395130943,1880,0.00027113194614383085,1.1988452323965797e-07,5.937356107030011e-05,16,20,False,0.995,0.005,0.66,fixed,100,none,b05428b4-9e4c-4c24-8ea0-156090d31ad0
442,46800,13.300649642944336,1.0,1.0,1.0,0.9960959999999999,0.0,0.0,0.0,0.0,0.0,0.0,0.0,0.0,0.0,0.0,0.0,0.0,0.0,0.0,0.002,0.998,0.0513612395130943,1880,0.00027105143566821317,1.1997062878538293e-07,5.935595368724109e-05,16,20,False,0.995,0.005,0.66,fixed,100,none,b05428b4-9e4c-4c24-8ea0-156090d31ad0
443,46900,13.312758922576904,1.0,1.0,1.0,0.9960959999999999,0.0,0.0,0.0,0.0,0.0,0.0,0.0,0.0,0.0,0.0,0.0,0.0,0.0,0.0,0.002,0.998,0.0513612395130943,1880,0.00027178115566732925,1.1992982464345465e-07,5.951568164226063e-05,16,20,False,0.995,0.005,0.66,fixed,100,none,b05428b4-9e4c-4c24-8ea0-156090d31ad0
444,47100,13.32489824295044,1.0,1.0,1.0,0.9960959999999999,0.0,0.0,0.0,0.0,0.0,0.0,0.0,0.0,0.0,0.0,0.0,0.0,0.0,0.0,0.002,0.998,0.0513612395130943,1880,0.00027246654356742806,1.199240830701227e-07,5.9665711962693335e-05,16,20,False,0.995,0.005,0.66,fixed,100,none,b05428b4-9e4c-4c24-8ea0-156090d31ad0
445,47200,13.336800575256348,1.0,1.0,1.0,0.9960959999999999,0.0,0.0,0.0,0.0,0.0,0.0,0.0,0.0,0.0,0.0,0.0,0.0,0.0,0.0,0.002,0.998,0.0513612395130943,1880,0.0002723161323750237,1.20072849313534e-07,5.963281521826226e-05,16,20,False,0.995,0.005,0.66,fixed,100,none,b05428b4-9e4c-4c24-8ea0-156090d31ad0
446,47300,13.348984241485596,1.0,1.0,1.0,0.9960959999999999,0.0,0.0,0.0,0.0,0.0,0.0,0.0,0.0,0.0,0.0,0.0,0.0,0.0,0.0,0.002,0.998,0.0513612395130943,1880,0.0002720130578020665,1.200228151544055e-07,5.95664626877517e-05,16,20,False,0.995,0.005,0.66,fixed,100,none,b05428b4-9e4c-4c24-8ea0-156090d31ad0
447,47400,13.361340761184692,1.0,1.0,1.0,0.9960959999999999,0.0,0.0,0.0,0.0,0.0,0.0,0.0,0.0,0.0,0.0,0.0,0.0,0.0,0.0,0.002,0.998,0.0513612395130943,1880,0.0002724016104667978,1.2045942544594894e-07,5.965159982201677e-05,16,20,False,0.995,0.005,0.66,fixed,100,none,b05428b4-9e4c-4c24-8ea0-156090d31ad0
448,47500,13.37339472770691,1.0,1.0,1.0,0.9960959999999999,0.0,0.0,0.0,0.0,0.0,0.0,0.0,0.0,0.0,0.0,0.0,0.0,0.0,0.0,0.002,0.998,0.0513612395130943,1880,0.00027321520466834644,1.2145437538912205e-07,5.9829884633224976e-05,16,20,False,0.995,0.005,0.66,fixed,100,none,b05428b4-9e4c-4c24-8ea0-156090d31ad0
449,47600,13.385204553604126,1.0,1.0,1.0,0.9960959999999999,0.0,0.0,0.0,0.0,0.0,0.0,0.0,0.0,0.0,0.0,0.0,0.0,0.0,0.0,0.002,0.998,0.0513612395130943,1880,0.0002728710508273603,1.2127512937611362e-07,5.975451530069063e-05,16,20,False,0.995,0.005,0.66,fixed,100,none,b05428b4-9e4c-4c24-8ea0-156090d31ad0
450,47700,13.397040605545044,1.0,1.0,1.0,0.9960959999999999,0.0,0.0,0.0,0.0,0.0,0.0,0.0,0.0,0.0,0.0,0.0,0.0,0.0,0.0,0.002,0.998,0.0513612395130943,1880,0.0002751852760558473,1.2338447512306731e-07,6.026149997889836e-05,16,20,False,0.995,0.005,0.66,fixed,100,none,b05428b4-9e4c-4c24-8ea0-156090d31ad0
451,47800,13.408995389938354,1.0,1.0,1.0,0.9960959999999999,0.0,0.0,0.0,0.0,0.0,0.0,0.0,0.0,0.0,0.0,0.0,0.0,0.0,0.0,0.002,0.998,0.0513612395130943,1880,0.00027516326784485327,1.2308754880496566e-07,6.0256625965511325e-05,16,20,False,0.995,0.005,0.66,fixed,100,none,b05428b4-9e4c-4c24-8ea0-156090d31ad0
452,47900,13.420892715454102,1.0,1.0,1.0,0.9960959999999999,0.0,0.0,0.0,0.0,0.0,0.0,0.0,0.0,0.0,0.0,0.0,0.0,0.0,0.0,0.002,0.998,0.0513612395130943,1880,0.000275974550071842,1.2349666368271203e-07,6.043429337682593e-05,16,20,False,0.995,0.005,0.66,fixed,100,none,b05428b4-9e4c-4c24-8ea0-156090d31ad0
453,48000,13.43259859085083,1.0,1.0,1.0,0.9960959999999999,0.0,0.0,0.0,0.0,0.0,0.0,0.0,0.0,0.0,0.0,0.0,0.0,0.0,0.0,0.002,0.998,0.0513612395130943,1880,0.0002762843460825481,1.233403343246584e-07,6.0502078020991466e-05,16,20,False,0.995,0.005,0.66,fixed,100,none,b05428b4-9e4c-4c24-8ea0-156090d31ad0
454,48200,13.444233179092407,1.0,1.0,1.0,0.9960959999999999,0.0,0.0,0.0,0.0,0.0,0.0,0.0,0.0,0.0,0.0,0.0,0.0,0.0,0.0,0.002,0.998,0.05097620089879156,1881,0.0002777593409343313,1.2360131304975513e-07,6.082500398000458e-05,16,20,False,0.995,0.005,0.66,fixed,100,none,b05428b4-9e4c-4c24-8ea0-156090d31ad0
455,48300,13.455710649490356,1.0,1.0,1.0,0.9960959999999999,0.0,0.0,0.0,0.0,0.0,0.0,0.0,0.0,0.0,0.0,0.0,0.0,0.0,0.0,0.002,0.998,0.05097620089879156,1881,0.0002782744776598903,1.2387491950711184e-07,6.093781939445634e-05,16,20,False,0.995,0.005,0.66,fixed,100,none,b05428b4-9e4c-4c24-8ea0-156090d31ad0
456,48400,13.466820240020752,1.0,1.0,1.0,0.9960959999999999,0.0,0.0,0.0,0.0,0.0,0.0,0.0,0.0,0.0,0.0,0.0,0.0,0.0,0.0,0.002,0.998,0.05097620089879156,1881,0.0002799181283513182,1.2509515969249395e-07,6.129784637644515e-05,16,20,False,0.995,0.005,0.66,fixed,100,none,b05428b4-9e4c-4c24-8ea0-156090d31ad0
457,48600,13.478026628494263,1.0,1.0,1.0,0.9960959999999999,0.0,0.0,0.0,0.0,0.0,0.0,0.0,0.0,0.0,0.0,0.0,0.0,0.0,0.0,0.002,0.998,0.05097620089879156,1881,0.00028239574329693703,1.2687541554338037e-07,6.184053453665275e-05,16,20,False,0.995,0.005,0.66,fixed,100,none,b05428b4-9e4c-4c24-8ea0-156090d31ad0
458,48700,13.48935317993164,1.0,1.0,1.0,0.9960959999999999,0.0,0.0,0.0,0.0,0.0,0.0,0.0,0.0,0.0,0.0,0.0,0.0,0.0,0.0,0.002,0.998,0.05097620089879156,1881,0.00028298423673696473,1.2752022638772387e-07,6.196947826473526e-05,16,20,False,0.995,0.005,0.66,fixed,100,none,b05428b4-9e4c-4c24-8ea0-156090d31ad0
459,49000,13.500572204589844,1.0,1.0,1.0,0.9960959999999999,0.0,0.0,0.0,0.0,0.0,0.0,0.0,0.0,0.0,0.0,0.0,0.0,0.0,0.0,0.002,0.998,0.05097620089879156,1881,0.0002841676844805045,1.2908467872908087e-07,6.222883222174097e-05,16,20,False,0.995,0.005,0.66,fixed,100,none,b05428b4-9e4c-4c24-8ea0-156090d31ad0
460,49100,13.511709928512573,1.0,1.0,1.0,0.9960959999999999,0.0,0.0,0.0,0.0,0.0,0.0,0.0,0.0,0.0,0.0,0.0,0.0,0.0,0.0,0.002,0.998,0.05097620089879156,1881,0.00028434942661404524,1.2954619210782562e-07,6.2268703262315e-05,16,20,False,0.995,0.005,0.66,fixed,100,none,b05428b4-9e4c-4c24-8ea0-156090d31ad0
461,49400,13.52288031578064,1.0,1.0,1.0,0.9960959999999999,0.0,0.0,0.0,0.0,0.0,0.0,0.0,0.0,0.0,0.0,0.0,0.0,0.0,0.0,0.002,0.998,0.0513612395130943,1880,0.0002844421350351241,1.301041833513219e-07,6.228910315402543e-05,16,20,False,0.995,0.005,0.66,fixed,100,none,b05428b4-9e4c-4c24-8ea0-156090d31ad0
462,49500,13.533941268920898,1.0,1.0,1.0,0.9960959999999999,0.0,0.0,0.0,0.0,0.0,0.0,0.0,0.0,0.0,0.0,0.0,0.0,0.0,0.0,0.002,0.998,0.0513612395130943,1880,0.00028399572832178086,1.293135656196809e-07,6.219123450710558e-05,16,20,False,0.995,0.005,0.66,fixed,100,none,b05428b4-9e4c-4c24-8ea0-156090d31ad0
463,49700,13.545321702957153,1.0,1.0,1.0,0.9960959999999999,0.0,0.0,0.0,0.0,0.0,0.0,0.0,0.0,0.0,0.0,0.0,0.0,0.0,0.0,0.002,0.998,0.0513612395130943,1880,0.0002855863038437418,1.30914604314351e-07,6.25397156862148e-05,16,20,False,0.995,0.005,0.66,fixed,100,none,b05428b4-9e4c-4c24-8ea0-156090d31ad0
464,49800,13.556878566741943,1.0,1.0,1.0,0.9960959999999999,0.0,0.0,0.0,0.0,0.0,0.0,0.0,0.0,0.0,0.0,0.0,0.0,0.0,0.0,0.002,0.998,0.0513612395130943,1880,0.0002871930912404559,1.3250350953945855e-07,6.289174333934829e-05,16,20,False,0.995,0.005,0.66,fixed,100,none,b05428b4-9e4c-4c24-8ea0-156090d31ad0
465,49900,13.5682692527771,1.0,1.0,1.0,0.9960959999999999,0.0,0.0,0.0,0.0,0.0,0.0,0.0,0.0,0.0,0.0,0.0,0.0,0.0,0.0,0.002,0.998,0.05097620089879156,1881,0.0002876389209258677,1.3266196404870418e-07,6.298936556384169e-05,16,20,False,0.995,0.005,0.66,fixed,100,none,b05428b4-9e4c-4c24-8ea0-156090d31ad0
466,50100,13.579745531082153,1.0,1.0,1.0,0.9960959999999999,0.0,0.0,0.0,0.0,0.0,0.0,0.0,0.0,0.0,0.0,0.0,0.0,0.0,0.0,0.002,0.998,0.05097620089879156,1881,0.0002877413755406153,1.3298932698096833e-07,6.301185507796707e-05,16,20,False,0.995,0.005,0.66,fixed,100,none,b05428b4-9e4c-4c24-8ea0-156090d31ad0
467,50200,13.591202020645142,1.0,1.0,1.0,0.9960959999999999,0.0,0.0,0.0,0.0,0.0,0.0,0.0,0.0,0.0,0.0,0.0,0.0,0.0,0.0,0.002,0.998,0.0513612395130943,1880,0.0002876710227950945,1.330483904132037e-07,6.299646608402469e-05,16,20,False,0.995,0.005,0.66,fixed,100,none,b05428b4-9e4c-4c24-8ea0-156090d31ad0
468,50300,13.602376937866211,1.0,1.0,1.0,0.9960959999999999,0.0,0.0,0.0,0.0,0.0,0.0,0.0,0.0,0.0,0.0,0.0,0.0,0.0,0.0,0.002,0.998,0.05097620089879156,1881,0.00028703038776950094,1.3334123135228235e-07,6.28562867167007e-05,16,20,False,0.995,0.005,0.66,fixed,100,none,b05428b4-9e4c-4c24-8ea0-156090d31ad0
469,50400,13.613486528396606,1.0,1.0,1.0,0.9960959999999999,0.0,0.0,0.0,0.0,0.0,0.0,0.0,0.0,0.0,0.0,0.0,0.0,0.0,0.0,0.002,0.998,0.0513612395130943,1880,0.00028855186831084365,1.3477336066263765e-07,6.318961091176958e-05,16,20,False,0.995,0.005,0.66,fixed,100,none,b05428b4-9e4c-4c24-8ea0-156090d31ad0
470,50500,13.624656677246094,1.0,1.0,1.0,0.9960959999999999,0.0,0.0,0.0,0.0,0.0,0.0,0.0,0.0,0.0,0.0,0.0,0.0,0.0,0.0,0.002,0.998,0.0513612395130943,1880,0.00028909481787001227,1.3490391080966772e-07,6.330848737479953e-05,16,20,False,0.995,0.005,0.66,fixed,100,none,b05428b4-9e4c-4c24-8ea0-156090d31ad0
471,50600,13.635699987411499,1.0,1.0,1.0,0.9960959999999999,0.0,0.0,0.0,0.0,0.0,0.0,0.0,0.0,0.0,0.0,0.0,0.0,0.0,0.0,0.002,0.998,0.05097620089879156,1881,0.0002874572435974108,1.3412545931666717e-07,6.29498744607434e-05,16,20,False,0.995,0.005,0.66,fixed,100,none,b05428b4-9e4c-4c24-8ea0-156090d31ad0
472,50700,13.646731615066528,1.0,1.0,1.0,0.9960959999999999,0.0,0.0,0.0,0.0,0.0,0.0,0.0,0.0,0.0,0.0,0.0,0.0,0.0,0.0,0.002,0.998,0.05097620089879156,1881,0.0002879510073079507,1.3469963257342576e-07,6.305806842989937e-05,16,20,False,0.995,0.005,0.66,fixed,100,none,b05428b4-9e4c-4c24-8ea0-156090d31ad0
473,50800,13.65820026397705,1.0,1.0,1.0,0.9960959999999999,0.0,0.0,0.0,0.0,0.0,0.0,0.0,0.0,0.0,0.0,0.0,0.0,0.0,0.0,0.002,0.998,0.05097620089879156,1881,0.00028885256042493463,1.3505623523609576e-07,6.325548616171305e-05,16,20,False,0.995,0.005,0.66,fixed,100,none,b05428b4-9e4c-4c24-8ea0-156090d31ad0
474,50900,13.670074939727783,1.0,1.0,1.0,0.9960959999999999,0.0,0.0,0.0,0.0,0.0,0.0,0.0,0.0,0.0,0.0,0.0,0.0,0.0,0.0,0.002,0.998,0.05097620089879156,1881,0.0002894967020700421,1.3653469989536075e-07,6.339676967611234e-05,16,20,False,0.995,0.005,0.66,fixed,100,none,b05428b4-9e4c-4c24-8ea0-156090d31ad0
475,51100,13.681682109832764,1.0,1.0,1.0,0.9960959999999999,0.0,0.0,0.0,0.0,0.0,0.0,0.0,0.0,0.0,0.0,0.0,0.0,0.0,0.0,0.002,0.998,0.05097620089879156,1881,0.0002905238934730458,1.3670623995722574e-07,6.362165446684161e-05,16,20,False,0.995,0.005,0.66,fixed,100,none,b05428b4-9e4c-4c24-8ea0-156090d31ad0
476,51200,13.693141222000122,1.0,1.0,1.0,0.9960959999999999,0.0,0.0,0.0,0.0,0.0,0.0,0.0,0.0,0.0,0.0,0.0,0.0,0.0,0.0,0.002,0.998,0.0513612395130943,1880,0.0002910613109928618,1.3689667158354615e-07,6.373933134393832e-05,16,20,False,0.995,0.005,0.66,fixed,100,none,b05428b4-9e4c-4c24-8ea0-156090d31ad0
477,51300,13.704431056976318,1.0,1.0,1.0,0.9960959999999999,0.0,0.0,0.0,0.0,0.0,0.0,0.0,0.0,0.0,0.0,0.0,0.0,0.0,0.0,0.002,0.998,0.0513612395130943,1880,0.0002910613109928618,1.3689667158354615e-07,6.373933134393832e-05,16,20,False,0.995,0.005,0.66,fixed,100,none,b05428b4-9e4c-4c24-8ea0-156090d31ad0
478,51500,13.71563982963562,1.0,1.0,1.0,0.9960959999999999,0.0,0.0,0.0,0.0,0.0,0.0,0.0,0.0,0.0,0.0,0.0,0.0,0.0,0.0,0.002,0.998,0.0513612395130943,1880,0.00029356054218948596,1.3890095524772096e-07,6.428679386677555e-05,16,20,False,0.995,0.005,0.66,fixed,100,none,b05428b4-9e4c-4c24-8ea0-156090d31ad0
479,51600,13.726719856262207,1.0,1.0,1.0,0.9960959999999999,0.0,0.0,0.0,0.0,0.0,0.0,0.0,0.0,0.0,0.0,0.0,0.0,0.0,0.0,0.002,0.998,0.0513612395130943,1880,0.00029439482134343794,1.396881622280767e-07,6.44695671429019e-05,16,20,False,0.995,0.005,0.66,fixed,100,none,b05428b4-9e4c-4c24-8ea0-156090d31ad0
480,51900,13.73783826828003,1.0,1.0,1.0,0.9960959999999999,0.0,0.0,0.0,0.0,0.0,0.0,0.0,0.0,0.0,0.0,0.0,0.0,0.0,0.0,0.002,0.998,0.05097620089879156,1881,0.00029744376197911147,1.4156598426814933e-07,6.513733703423845e-05,16,20,False,0.995,0.005,0.66,fixed,100,none,b05428b4-9e4c-4c24-8ea0-156090d31ad0
481,52000,13.749267578125,1.0,1.0,1.0,0.9960959999999999,0.0,0.0,0.0,0.0,0.0,0.0,0.0,0.0,0.0,0.0,0.0,0.0,0.0,0.0,0.002,0.998,0.05097620089879156,1881,0.0002981378410909373,1.4211909384564167e-07,6.528937604263685e-05,16,20,False,0.995,0.005,0.66,fixed,100,none,b05428b4-9e4c-4c24-8ea0-156090d31ad0
482,52300,13.760741233825684,1.0,1.0,1.0,0.9960959999999999,0.0,0.0,0.0,0.0,0.0,0.0,0.0,0.0,0.0,0.0,0.0,0.0,0.0,0.0,0.002,0.998,0.05097620089879156,1881,0.0002996075410742264,1.4193257816347956e-07,6.561105793099922e-05,16,20,False,0.995,0.005,0.66,fixed,100,none,b05428b4-9e4c-4c24-8ea0-156090d31ad0
483,52400,13.772042274475098,1.0,1.0,1.0,0.9960959999999999,0.0,0.0,0.0,0.0,0.0,0.0,0.0,0.0,0.0,0.0,0.0,0.0,0.0,0.0,0.002,0.998,0.05097620089879156,1881,0.0003000676149162069,1.4198957852574292e-07,6.571177892507758e-05,16,20,False,0.995,0.005,0.66,fixed,100,none,b05428b4-9e4c-4c24-8ea0-156090d31ad0
484,52500,13.78331995010376,1.0,1.0,1.0,0.9960959999999999,0.0,0.0,0.0,0.0,0.0,0.0,0.0,0.0,0.0,0.0,0.0,0.0,0.0,0.0,0.002,0.998,0.05097620089879156,1881,0.0003004638404611431,1.4258930245896466e-07,6.579862664441143e-05,16,20,False,0.995,0.005,0.66,fixed,100,none,b05428b4-9e4c-4c24-8ea0-156090d31ad0
485,52600,13.794811725616455,1.0,1.0,1.0,0.9960959999999999,0.0,0.0,0.0,0.0,0.0,0.0,0.0,0.0,0.0,0.0,0.0,0.0,0.0,0.0,0.002,0.998,0.05097620089879156,1881,0.0002984757229201765,1.4214258965975332e-07,6.536334283926199e-05,16,20,False,0.995,0.005,0.66,fixed,100,none,b05428b4-9e4c-4c24-8ea0-156090d31ad0
486,52700,13.805952548980713,1.0,1.0,1.0,0.9960959999999999,0.0,0.0,0.0,0.0,0.0,0.0,0.0,0.0,0.0,0.0,0.0,0.0,0.0,0.0,0.002,0.998,0.05097620089879156,1881,0.0002970383374504243,1.417695733428097e-07,6.5048628286833e-05,16,20,False,0.995,0.005,0.66,fixed,100,none,b05428b4-9e4c-4c24-8ea0-156090d31ad0
487,52800,13.817078590393066,1.0,1.0,1.0,0.9960959999999999,0.0,0.0,0.0,0.0,0.0,0.0,0.0,0.0,0.0,0.0,0.0,0.0,0.0,0.0,0.002,0.998,0.05097620089879156,1881,0.00029829898224994345,1.4169603531532376e-07,6.532456946122253e-05,16,20,False,0.995,0.005,0.66,fixed,100,none,b05428b4-9e4c-4c24-8ea0-156090d31ad0
488,52900,13.828202724456787,1.0,1.0,1.0,0.9960959999999999,0.0,0.0,0.0,0.0,0.0,0.0,0.0,0.0,0.0,0.0,0.0,0.0,0.0,0.0,0.002,0.998,0.05097620089879156,1881,0.00029790242864578993,1.4142818937898217e-07,6.523771298654541e-05,16,20,False,0.995,0.005,0.66,fixed,100,none,b05428b4-9e4c-4c24-8ea0-156090d31ad0
489,53000,13.839253425598145,1.0,1.0,1.0,0.9960959999999999,0.0,0.0,0.0,0.0,0.0,0.0,0.0,0.0,0.0,0.0,0.0,0.0,0.0,0.0,0.002,0.998,0.05097620089879156,1881,0.00029683862258369684,1.4099225200728873e-07,6.500476301145262e-05,16,20,False,0.995,0.005,0.66,fixed,100,none,b05428b4-9e4c-4c24-8ea0-156090d31ad0
490,53100,13.850369930267334,1.0,1.0,1.0,0.9960959999999999,0.0,0.0,0.0,0.0,0.0,0.0,0.0,0.0,0.0,0.0,0.0,0.0,0.0,0.0,0.002,0.998,0.05097620089879156,1881,0.0002973482102553115,1.4116777704931166e-07,6.511634510252706e-05,16,20,False,0.995,0.005,0.66,fixed,100,none,b05428b4-9e4c-4c24-8ea0-156090d31ad0
491,53200,13.861547946929932,1.0,1.0,1.0,0.9960959999999999,0.0,0.0,0.0,0.0,0.0,0.0,0.0,0.0,0.0,0.0,0.0,0.0,0.0,0.0,0.002,0.998,0.05097620089879156,1881,0.00029647868418418444,1.4112810568469773e-07,6.492599830799807e-05,16,20,False,0.995,0.005,0.66,fixed,100,none,b05428b4-9e4c-4c24-8ea0-156090d31ad0
492,53300,13.872801303863525,1.0,1.0,1.0,0.9960959999999999,0.0,0.0,0.0,0.0,0.0,0.0,0.0,0.0,0.0,0.0,0.0,0.0,0.0,0.0,0.002,0.998,0.05097620089879156,1881,0.00029727772591614125,1.4171950049675225e-07,6.51010209081377e-05,16,20,False,0.995,0.005,0.66,fixed,100,none,b05428b4-9e4c-4c24-8ea0-156090d31ad0
493,53400,13.883864879608154,1.0,1.0,1.0,0.9960959999999999,0.0,0.0,0.0,0.0,0.0,0.0,0.0,0.0,0.0,0.0,0.0,0.0,0.0,0.0,0.002,0.998,0.05097620089879156,1881,0.00029727772591614125,1.4171950049675225e-07,6.51010209081377e-05,16,20,False,0.995,0.005,0.66,fixed,100,none,b05428b4-9e4c-4c24-8ea0-156090d31ad0
494,53700,13.894894123077393,1.0,1.0,1.0,0.9960959999999999,0.0,0.0,0.0,0.0,0.0,0.0,0.0,0.0,0.0,0.0,0.0,0.0,0.0,0.0,0.002,0.998,0.05097620089879156,1881,0.0002969054434953702,1.4197263863759998e-07,6.501957638247768e-05,16,20,False,0.995,0.005,0.66,fixed,100,none,b05428b4-9e4c-4c24-8ea0-156090d31ad0
495,53800,13.90590500831604,1.0,1.0,1.0,0.9960959999999999,0.0,0.0,0.0,0.0,0.0,0.0,0.0,0.0,0.0,0.0,0.0,0.0,0.0,0.0,0.002,0.998,0.05097620089879156,1881,0.00029628523211872363,1.421021742819123e-07,6.488383672390217e-05,16,20,False,0.995,0.005,0.66,fixed,100,none,b05428b4-9e4c-4c24-8ea0-156090d31ad0
496,54100,13.916852235794067,1.0,1.0,1.0,0.9960959999999999,0.0,0.0,0.0,0.0,0.0,0.0,0.0,0.0,0.0,0.0,0.0,0.0,0.0,0.0,0.002,0.998,0.05097620089879156,1881,0.0002965258087362529,1.4130111751929115e-07,6.493634674469443e-05,16,20,False,0.995,0.005,0.66,fixed,100,none,b05428b4-9e4c-4c24-8ea0-156090d31ad0
497,54200,13.928035974502563,1.0,1.0,1.0,0.9960959999999999,0.0,0.0,0.0,0.0,0.0,0.0,0.0,0.0,0.0,0.0,0.0,0.0,0.0,0.0,0.002,0.998,0.05097620089879156,1881,0.0002961010418843138,1.4068532015472723e-07,6.484324827930569e-05,16,20,False,0.995,0.005,0.66,fixed,100,none,b05428b4-9e4c-4c24-8ea0-156090d31ad0
498,54400,13.939208984375,1.0,1.0,1.0,0.9960959999999999,0.0,0.0,0.0,0.0,0.0,0.0,0.0,0.0,0.0,0.0,0.0,0.0,0.0,0.0,0.002,0.998,0.05097620089879156,1881,0.0002972231050623076,1.4203228954232724e-07,6.508912383315219e-05,16,20,False,0.995,0.005,0.66,fixed,100,none,b05428b4-9e4c-4c24-8ea0-156090d31ad0
499,54500,13.950398683547974,1.0,1.0,1.0,0.9960959999999999,0.0,0.0,0.0,0.0,0.0,0.0,0.0,0.0,0.0,0.0,0.0,0.0,0.0,0.0,0.002,0.998,0.05097620089879156,1881,0.00029670473692411354,1.4192179122650458e-07,6.49756320530215e-05,16,20,False,0.995,0.005,0.66,fixed,100,none,b05428b4-9e4c-4c24-8ea0-156090d31ad0
500,54600,13.96147608757019,1.0,1.0,1.0,0.9960959999999999,0.0,0.0,0.0,0.0,0.0,0.0,0.0,0.0,0.0,0.0,0.0,0.0,0.0,0.0,0.002,0.998,0.05097620089879156,1881,0.00029625632690900855,1.414919935415979e-07,6.487739343915488e-05,16,20,False,0.995,0.005,0.66,fixed,100,none,b05428b4-9e4c-4c24-8ea0-156090d31ad0
501,54700,13.972729682922363,1.0,1.0,1.0,0.9960959999999999,0.0,0.0,0.0,0.0,0.0,0.0,0.0,0.0,0.0,0.0,0.0,0.0,0.0,0.0,0.002,0.998,0.05097620089879156,1881,0.00029689465832849347,1.4180940061843828e-07,6.501718449422473e-05,16,20,False,0.995,0.005,0.66,fixed,100,none,b05428b4-9e4c-4c24-8ea0-156090d31ad0
502,54800,13.983937501907349,1.0,1.0,1.0,0.9960959999999999,0.0,0.0,0.0,0.0,0.0,0.0,0.0,0.0,0.0,0.0,0.0,0.0,0.0,0.0,0.002,0.998,0.05136123951309429,1880,0.0002991984790546429,1.4298146341550573e-07,6.552171354311028e-05,16,20,False,0.995,0.005,0.66,fixed,100,none,b05428b4-9e4c-4c24-8ea0-156090d31ad0
503,54900,13.995161056518555,1.0,1.0,1.0,0.9960959999999999,0.0,0.0,0.0,0.0,0.0,0.0,0.0,0.0,0.0,0.0,0.0,0.0,0.0,0.0,0.002,0.998,0.05136123951309429,1880,0.00029739238889793214,1.4191680152301834e-07,6.512615812204672e-05,16,20,False,0.995,0.005,0.66,fixed,100,none,b05428b4-9e4c-4c24-8ea0-156090d31ad0
504,55000,14.006288051605225,1.0,1.0,1.0,0.9960959999999999,0.0,0.0,0.0,0.0,0.0,0.0,0.0,0.0,0.0,0.0,0.0,0.0,0.0,0.0,0.002,0.998,0.05136123951309429,1880,0.00029682487432675846,1.418626423273566e-07,6.500191889216963e-05,16,20,False,0.995,0.005,0.66,fixed,100,none,b05428b4-9e4c-4c24-8ea0-156090d31ad0
505,55100,14.017545700073242,1.0,1.0,1.0,0.9960959999999999,0.0,0.0,0.0,0.0,0.0,0.0,0.0,0.0,0.0,0.0,0.0,0.0,0.0,0.0,0.002,0.998,0.05136123951309429,1880,0.0002959554683894696,1.4140342261486633e-07,6.481151868075174e-05,16,20,False,0.995,0.005,0.66,fixed,100,none,b05428b4-9e4c-4c24-8ea0-156090d31ad0
506,55200,14.028788805007935,1.0,1.0,1.0,0.9960959999999999,0.0,0.0,0.0,0.0,0.0,0.0,0.0,0.0,0.0,0.0,0.0,0.0,0.0,0.0,0.002,0.998,0.05136123951309429,1880,0.0002957280040915878,1.4158104783728629e-07,6.476176049473766e-05,16,20,False,0.995,0.005,0.66,fixed,100,none,b05428b4-9e4c-4c24-8ea0-156090d31ad0
507,55500,14.040077447891235,1.0,1.0,1.0,0.9960959999999999,0.0,0.0,0.0,0.0,0.0,0.0,0.0,0.0,0.0,0.0,0.0,0.0,0.0,0.0,0.002,0.998,0.05136123951309429,1880,0.0002949156045706532,1.4113611284500048e-07,6.458384170195653e-05,16,20,False,0.995,0.005,0.66,fixed,100,none,b05428b4-9e4c-4c24-8ea0-156090d31ad0
508,55600,14.051399946212769,1.0,1.0,1.0,0.9960959999999999,0.0,0.0,0.0,0.0,0.0,0.0,0.0,0.0,0.0,0.0,0.0,0.0,0.0,0.0,0.002,0.998,0.05136123951309429,1880,0.0002939384119908203,1.4027279109302024e-07,6.436977021509824e-05,16,20,False,0.995,0.005,0.66,fixed,100,none,b05428b4-9e4c-4c24-8ea0-156090d31ad0
509,55900,14.062772035598755,1.0,1.0,1.0,0.9960959999999999,0.0,0.0,0.0,0.0,0.0,0.0,0.0,0.0,0.0,0.0,0.0,0.0,0.0,0.0,0.002,0.998,0.05136123951309429,1880,0.0002968337037530147,1.429846668056815e-07,6.500406483822801e-05,16,20,False,0.995,0.005,0.66,fixed,100,none,b05428b4-9e4c-4c24-8ea0-156090d31ad0
510,56000,14.07409143447876,1.0,1.0,1.0,0.9960959999999999,0.0,0.0,0.0,0.0,0.0,0.0,0.0,0.0,0.0,0.0,0.0,0.0,0.0,0.0,0.002,0.998,0.05136123951309429,1880,0.00029651095232326164,1.4318079674459068e-07,6.493345181494345e-05,16,20,False,0.995,0.005,0.66,fixed,100,none,b05428b4-9e4c-4c24-8ea0-156090d31ad0
511,56200,14.085477352142334,1.0,1.0,1.0,0.9960959999999999,0.0,0.0,0.0,0.0,0.0,0.0,0.0,0.0,0.0,0.0,0.0,0.0,0.0,0.0,0.002,0.998,0.0513612395130943,1880,0.000297847987691846,1.4359850848820515e-07,6.522620822235786e-05,16,20,False,0.995,0.005,0.66,fixed,100,none,b05428b4-9e4c-4c24-8ea0-156090d31ad0
512,56300,14.09693431854248,1.0,1.0,1.0,0.9960959999999999,0.0,0.0,0.0,0.0,0.0,0.0,0.0,0.0,0.0,0.0,0.0,0.0,0.0,0.0,0.002,0.998,0.05097620089879156,1881,0.0002983614456182949,1.4474231682685455e-07,6.533882148604186e-05,16,20,False,0.995,0.005,0.66,fixed,100,none,b05428b4-9e4c-4c24-8ea0-156090d31ad0
513,56400,14.108299016952515,1.0,1.0,1.0,0.9960959999999999,0.0,0.0,0.0,0.0,0.0,0.0,0.0,0.0,0.0,0.0,0.0,0.0,0.0,0.0,0.002,0.998,0.05097620089879156,1881,0.00029789728040340415,1.444315154845457e-07,6.523715666824724e-05,16,20,False,0.995,0.005,0.66,fixed,100,none,b05428b4-9e4c-4c24-8ea0-156090d31ad0
514,56500,14.119549751281738,1.0,1.0,1.0,0.9960959999999999,0.0,0.0,0.0,0.0,0.0,0.0,0.0,0.0,0.0,0.0,0.0,0.0,0.0,0.0,0.002,0.998,0.05097620089879156,1881,0.0002972870604493592,1.442200577389685e-07,6.510353934333513e-05,16,20,False,0.995,0.005,0.66,fixed,100,none,b05428b4-9e4c-4c24-8ea0-156090d31ad0
515,56600,14.130806922912598,1.0,1.0,1.0,0.9960959999999999,0.0,0.0,0.0,0.0,0.0,0.0,0.0,0.0,0.0,0.0,0.0,0.0,0.0,0.0,0.002,0.998,0.05097620089879156,1881,0.0002980039194892259,1.4516397132561467e-07,6.526063913074341e-05,16,20,False,0.995,0.005,0.66,fixed,100,none,b05428b4-9e4c-4c24-8ea0-156090d31ad0
516,56700,14.141962051391602,1.0,1.0,1.0,0.9960959999999999,0.0,0.0,0.0,0.0,0.0,0.0,0.0,0.0,0.0,0.0,0.0,0.0,0.0,0.0,0.002,0.998,0.05097620089879156,1881,0.00029811792449801523,1.4526407588723382e-07,6.528561384703411e-05,16,20,False,0.995,0.005,0.66,fixed,100,none,b05428b4-9e4c-4c24-8ea0-156090d31ad0
517,56800,14.153069257736206,1.0,1.0,1.0,0.9960959999999999,0.0,0.0,0.0,0.0,0.0,0.0,0.0,0.0,0.0,0.0,0.0,0.0,0.0,0.0,0.002,0.998,0.05097620089879156,1881,0.0003006314439622027,1.468565661750889e-07,6.583612583089944e-05,16,20,False,0.995,0.005,0.66,fixed,100,none,b05428b4-9e4c-4c24-8ea0-156090d31ad0
518,56900,14.164124250411987,1.0,1.0,1.0,0.9960959999999999,0.0,0.0,0.0,0.0,0.0,0.0,0.0,0.0,0.0,0.0,0.0,0.0,0.0,0.0,0.002,0.998,0.05097620089879156,1881,0.00030052319543860467,1.4715550575457314e-07,6.581248702760394e-05,16,20,False,0.995,0.005,0.66,fixed,100,none,b05428b4-9e4c-4c24-8ea0-156090d31ad0
519,57000,14.17533802986145,1.0,1.0,1.0,0.9960959999999999,0.0,0.0,0.0,0.0,0.0,0.0,0.0,0.0,0.0,0.0,0.0,0.0,0.0,0.0,0.002,0.998,0.0513612395130943,1880,0.00029851661903996856,1.4627237062757554e-07,6.537307965826836e-05,16,20,False,0.995,0.005,0.66,fixed,100,none,b05428b4-9e4c-4c24-8ea0-156090d31ad0
520,57300,14.186508417129517,1.0,1.0,1.0,0.9960959999999999,0.0,0.0,0.0,0.0,0.0,0.0,0.0,0.0,0.0,0.0,0.0,0.0,0.0,0.0,0.002,0.998,0.0513612395130943,1880,0.00030079335827292895,1.4784359002768787e-07,6.58717564080494e-05,16,20,False,0.995,0.005,0.66,fixed,100,none,b05428b4-9e4c-4c24-8ea0-156090d31ad0
521,57400,14.197694778442383,1.0,1.0,1.0,0.9960959999999999,0.0,0.0,0.0,0.0,0.0,0.0,0.0,0.0,0.0,0.0,0.0,0.0,0.0,0.0,0.002,0.998,0.05097620089879156,1881,0.0003036478519298977,1.496157572841683e-07,6.64969417813386e-05,16,20,False,0.995,0.005,0.66,fixed,100,none,b05428b4-9e4c-4c24-8ea0-156090d31ad0
522,57700,14.208845615386963,1.0,1.0,1.0,0.9960959999999999,0.0,0.0,0.0,0.0,0.0,0.0,0.0,0.0,0.0,0.0,0.0,0.0,0.0,0.0,0.002,0.998,0.05097620089879156,1881,0.00030336389636929646,1.5017145363020784e-07,6.643488949142874e-05,16,20,False,0.995,0.005,0.66,fixed,100,none,b05428b4-9e4c-4c24-8ea0-156090d31ad0
523,57800,14.22003436088562,1.0,1.0,1.0,0.9960959999999999,0.0,0.0,0.0,0.0,0.0,0.0,0.0,0.0,0.0,0.0,0.0,0.0,0.0,0.0,0.002,0.998,0.05136123951309429,1880,0.00030465888332134155,1.5129203212872417e-07,6.671857504514612e-05,16,20,False,0.995,0.005,0.66,fixed,100,none,b05428b4-9e4c-4c24-8ea0-156090d31ad0
524,57900,14.231255054473877,1.0,1.0,1.0,0.9960959999999999,0.0,0.0,0.0,0.0,0.0,0.0,0.0,0.0,0.0,0.0,0.0,0.0,0.0,0.0,0.002,0.998,0.05136123951309429,1880,0.0003044600001749826,1.510377885756308e-07,6.667499121813305e-05,16,20,False,0.995,0.005,0.66,fixed,100,none,b05428b4-9e4c-4c24-8ea0-156090d31ad0
525,58000,14.242453336715698,1.0,1.0,1.0,0.9960959999999999,0.0,0.0,0.0,0.0,0.0,0.0,0.0,0.0,0.0,0.0,0.0,0.0,0.0,0.0,0.002,0.998,0.05136123951309429,1880,0.0003049034368465924,1.5133967577247694e-07,6.677211686411585e-05,16,20,False,0.995,0.005,0.66,fixed,100,none,b05428b4-9e4c-4c24-8ea0-156090d31ad0
526,58100,14.253740072250366,1.0,1.0,1.0,0.9960959999999999,0.0,0.0,0.0,0.0,0.0,0.0,0.0,0.0,0.0,0.0,0.0,0.0,0.0,0.0,0.002,0.998,0.05136123951309429,1880,0.00030422130646343,1.516192486192283e-07,6.66228516420825e-05,16,20,False,0.995,0.005,0.66,fixed,100,none,b05428b4-9e4c-4c24-8ea0-156090d31ad0
527,58300,14.265040397644043,1.0,1.0,1.0,0.9960959999999999,0.0,0.0,0.0,0.0,0.0,0.0,0.0,0.0,0.0,0.0,0.0,0.0,0.0,0.0,0.002,0.998,0.05136123951309429,1880,0.0003052329822455822,1.5174582321047327e-07,6.684433151996794e-05,16,20,False,0.995,0.005,0.66,fixed,100,none,b05428b4-9e4c-4c24-8ea0-156090d31ad0
528,58400,14.276202201843262,1.0,1.0,1.0,0.9960959999999999,0.0,0.0,0.0,0.0,0.0,0.0,0.0,0.0,0.0,0.0,0.0,0.0,0.0,0.0,0.002,0.998,0.05136123951309429,1880,0.00030457705360058555,1.5122467577865417e-07,6.670064972156612e-05,16,20,False,0.995,0.005,0.66,fixed,100,none,b05428b4-9e4c-4c24-8ea0-156090d31ad0
529,58500,14.28734803199768,1.0,1.0,1.0,0.9960959999999999,0.0,0.0,0.0,0.0,0.0,0.0,0.0,0.0,0.0,0.0,0.0,0.0,0.0,0.0,0.002,0.998,0.05136123951309429,1880,0.00030577504568095977,1.524894249904459e-07,6.696313049031028e-05,16,20,False,0.995,0.005,0.66,fixed,100,none,b05428b4-9e4c-4c24-8ea0-156090d31ad0
530,58700,14.298399925231934,1.0,1.0,1.0,0.9960959999999999,0.0,0.0,0.0,0.0,0.0,0.0,0.0,0.0,0.0,0.0,0.0,0.0,0.0,0.0,0.002,0.998,0.05136123951309429,1880,0.0003055305829306927,1.5291399229199948e-07,6.690969826206412e-05,16,20,False,0.995,0.005,0.66,fixed,100,none,b05428b4-9e4c-4c24-8ea0-156090d31ad0
531,58800,14.309506893157959,1.0,1.0,1.0,0.9960959999999999,0.0,0.0,0.0,0.0,0.0,0.0,0.0,0.0,0.0,0.0,0.0,0.0,0.0,0.0,0.002,0.998,0.05097620089879156,1881,0.0003061525950942891,1.538421044625426e-07,6.704603306598777e-05,16,20,False,0.995,0.005,0.66,fixed,100,none,b05428b4-9e4c-4c24-8ea0-156090d31ad0
532,59100,14.320547103881836,1.0,1.0,1.0,0.9960959999999999,0.0,0.0,0.0,0.0,0.0,0.0,0.0,0.0,0.0,0.0,0.0,0.0,0.0,0.0,0.002,0.998,0.05136123951309429,1880,0.000310036183393558,1.5772071052115523e-07,6.789688747984888e-05,16,20,False,0.995,0.005,0.66,fixed,100,none,b05428b4-9e4c-4c24-8ea0-156090d31ad0
533,59200,14.331607580184937,1.0,1.0,1.0,0.9960959999999999,0.0,0.0,0.0,0.0,0.0,0.0,0.0,0.0,0.0,0.0,0.0,0.0,0.0,0.0,0.002,0.998,0.05136123951309429,1880,0.0003113737625850832,1.5918720681989503e-07,6.81899621991705e-05,16,20,False,0.995,0.005,0.66,fixed,100,none,b05428b4-9e4c-4c24-8ea0-156090d31ad0
534,59300,14.342775106430054,1.0,1.0,1.0,0.9960959999999999,0.0,0.0,0.0,0.0,0.0,0.0,0.0,0.0,0.0,0.0,0.0,0.0,0.0,0.0,0.002,0.998,0.05136123951309429,1880,0.00030996100187442594,1.580970730746086e-07,6.7880501754196e-05,16,20,False,0.995,0.005,0.66,fixed,100,none,b05428b4-9e4c-4c24-8ea0-156090d31ad0
535,59500,14.353988885879517,1.0,1.0,1.0,0.9960959999999999,0.0,0.0,0.0,0.0,0.0,0.0,0.0,0.0,0.0,0.0,0.0,0.0,0.0,0.0,0.002,0.998,0.05136123951309429,1880,0.00031077176105120475,1.593824779167554e-07,6.805822116491291e-05,16,20,False,0.995,0.005,0.66,fixed,100,none,b05428b4-9e4c-4c24-8ea0-156090d31ad0
536,59600,14.36515736579895,1.0,1.0,1.0,0.9960959999999999,0.0,0.0,0.0,0.0,0.0,0.0,0.0,0.0,0.0,0.0,0.0,0.0,0.0,0.0,0.002,0.998,0.05136123951309429,1880,0.00031216310143748977,1.6090015406505872e-07,6.836307393393888e-05,16,20,False,0.995,0.005,0.66,fixed,100,none,b05428b4-9e4c-4c24-8ea0-156090d31ad0
537,59700,14.376384496688843,1.0,1.0,1.0,0.9960959999999999,0.0,0.0,0.0,0.0,0.0,0.0,0.0,0.0,0.0,0.0,0.0,0.0,0.0,0.0,0.002,0.998,0.05136123951309429,1880,0.0003114621084467627,1.6080796394859214e-07,6.820960905214659e-05,16,20,False,0.995,0.005,0.66,fixed,100,none,b05428b4-9e4c-4c24-8ea0-156090d31ad0
538,59800,14.38752555847168,1.0,1.0,1.0,0.9960959999999999,0.0,0.0,0.0,0.0,0.0,0.0,0.0,0.0,0.0,0.0,0.0,0.0,0.0,0.0,0.002,0.998,0.05136123951309429,1880,0.00031198622979338424,1.6099570712107287e-07,6.832437488612482e-05,16,20,False,0.995,0.005,0.66,fixed,100,none,b05428b4-9e4c-4c24-8ea0-156090d31ad0
539,59900,14.3985915184021,1.0,1.0,1.0,0.9960959999999999,0.0,0.0,0.0,0.0,0.0,0.0,0.0,0.0,0.0,0.0,0.0,0.0,0.0,0.0,0.002,0.998,0.05136123951309429,1880,0.00031203516799814963,1.6061370525346357e-07,6.833501487879312e-05,16,20,False,0.995,0.005,0.66,fixed,100,none,b05428b4-9e4c-4c24-8ea0-156090d31ad0
540,60200,14.409706354141235,1.0,1.0,1.0,0.9960959999999999,0.0,0.0,0.0,0.0,0.0,0.0,0.0,0.0,0.0,0.0,0.0,0.0,0.0,0.0,0.002,0.998,0.05136123951309429,1880,0.0003120071839997641,1.5992091731399144e-07,6.832875755183802e-05,16,20,False,0.995,0.005,0.66,fixed,100,none,b05428b4-9e4c-4c24-8ea0-156090d31ad0
541,60300,14.420681953430176,1.0,1.0,1.0,0.9960959999999999,0.0,0.0,0.0,0.0,0.0,0.0,0.0,0.0,0.0,0.0,0.0,0.0,0.0,0.0,0.002,0.998,0.05136123951309429,1880,0.00031052288531642795,1.5999493868361224e-07,6.800385863411596e-05,16,20,False,0.995,0.005,0.66,fixed,100,none,b05428b4-9e4c-4c24-8ea0-156090d31ad0
542,60500,14.431611061096191,1.0,1.0,1.0,0.9960959999999999,0.0,0.0,0.0,0.0,0.0,0.0,0.0,0.0,0.0,0.0,0.0,0.0,0.0,0.0,0.002,0.998,0.05136123951309429,1880,0.0003091095327850452,1.5938655092415038e-07,6.769436017132199e-05,16,20,False,0.995,0.005,0.66,fixed,100,none,b05428b4-9e4c-4c24-8ea0-156090d31ad0
543,60600,14.442651510238647,1.0,1.0,1.0,0.9960959999999999,0.0,0.0,0.0,0.0,0.0,0.0,0.0,0.0,0.0,0.0,0.0,0.0,0.0,0.0,0.002,0.998,0.05136123951309429,1880,0.0003087962810829115,1.589299685216042e-07,6.762570262306844e-05,16,20,False,0.995,0.005,0.66,fixed,100,none,b05428b4-9e4c-4c24-8ea0-156090d31ad0
544,60700,14.45371675491333,1.0,1.0,1.0,0.9960959999999999,0.0,0.0,0.0,0.0,0.0,0.0,0.0,0.0,0.0,0.0,0.0,0.0,0.0,0.0,0.002,0.998,0.05136123951309429,1880,0.00030841320042286657,1.594670570100075e-07,6.75419483133974e-05,16,20,False,0.995,0.005,0.66,fixed,100,none,b05428b4-9e4c-4c24-8ea0-156090d31ad0
545,60800,14.464785099029541,1.0,1.0,1.0,0.9960959999999999,0.0,0.0,0.0,0.0,0.0,0.0,0.0,0.0,0.0,0.0,0.0,0.0,0.0,0.0,0.002,0.998,0.05136123951309429,1880,0.0003085162209270068,1.5992490694763185e-07,6.756458649324184e-05,16,20,False,0.995,0.005,0.66,fixed,100,none,b05428b4-9e4c-4c24-8ea0-156090d31ad0
546,60900,14.475850582122803,1.0,1.0,1.0,0.9960959999999999,0.0,0.0,0.0,0.0,0.0,0.0,0.0,0.0,0.0,0.0,0.0,0.0,0.0,0.0,0.002,0.998,0.05136123951309429,1880,0.00030881368675718493,1.6016930416993863e-07,6.762974819894007e-05,16,20,False,0.995,0.005,0.66,fixed,100,none,b05428b4-9e4c-4c24-8ea0-156090d31ad0
547,61000,14.486996412277222,1.0,1.0,1.0,0.9960959999999999,0.0,0.0,0.0,0.0,0.0,0.0,0.0,0.0,0.0,0.0,0.0,0.0,0.0,0.0,0.002,0.998,0.051745274115364996,1879,0.0003096990570396407,1.605402969366333e-07,6.78236262423953e-05,16,20,False,0.995,0.005,0.66,fixed,100,none,b05428b4-9e4c-4c24-8ea0-156090d31ad0
548,61200,14.498282670974731,1.0,1.0,1.0,0.9960959999999999,0.0,0.0,0.0,0.0,0.0,0.0,0.0,0.0,0.0,0.0,0.0,0.0,0.0,0.0,0.002,0.998,0.051745274115364996,1879,0.0003088803564513406,1.5973711246733156e-07,6.764426007856725e-05,16,20,False,0.995,0.005,0.66,fixed,100,none,b05428b4-9e4c-4c24-8ea0-156090d31ad0
549,61300,14.509708642959595,1.0,1.0,1.0,0.9960959999999999,0.0,0.0,0.0,0.0,0.0,0.0,0.0,0.0,0.0,0.0,0.0,0.0,0.0,0.0,0.002,0.998,0.051745274115364996,1879,0.0003080995580524169,1.5869205138576319e-07,6.747314474743735e-05,16,20,False,0.995,0.005,0.66,fixed,100,none,b05428b4-9e4c-4c24-8ea0-156090d31ad0
550,61400,14.521091938018799,1.0,1.0,1.0,0.9960959999999999,0.0,0.0,0.0,0.0,0.0,0.0,0.0,0.0,0.0,0.0,0.0,0.0,0.0,0.0,0.002,0.998,0.051745274115364996,1879,0.0003082313549312704,1.5890756990550774e-07,6.750203603273714e-05,16,20,False,0.995,0.005,0.66,fixed,100,none,b05428b4-9e4c-4c24-8ea0-156090d31ad0
551,61600,14.532396078109741,1.0,1.0,1.0,0.9960959999999999,0.0,0.0,0.0,0.0,0.0,0.0,0.0,0.0,0.0,0.0,0.0,0.0,0.0,0.0,0.002,0.998,0.051745274115364996,1879,0.00030786765579965007,1.5879186455206338e-07,6.74224003088083e-05,16,20,False,0.995,0.005,0.66,fixed,100,none,b05428b4-9e4c-4c24-8ea0-156090d31ad0
552,61700,14.543637037277222,1.0,1.0,1.0,0.9960959999999999,0.0,0.0,0.0,0.0,0.0,0.0,0.0,0.0,0.0,0.0,0.0,0.0,0.0,0.0,0.002,0.998,0.05136123951309429,1880,0.0003089562064768897,1.5998506266549388e-07,6.766091075969761e-05,16,20,False,0.995,0.005,0.66,fixed,100,none,b05428b4-9e4c-4c24-8ea0-156090d31ad0
553,61800,14.55492091178894,1.0,1.0,1.0,0.9960959999999999,0.0,0.0,0.0,0.0,0.0,0.0,0.0,0.0,0.0,0.0,0.0,0.0,0.0,0.0,0.002,0.998,0.051745274115364996,1879,0.00030903295734048737,1.6029383929353436e-07,6.767777019129847e-05,16,20,False,0.995,0.005,0.66,fixed,100,none,b05428b4-9e4c-4c24-8ea0-156090d31ad0
554,62000,14.566132068634033,1.0,1.0,1.0,0.9960959999999999,0.0,0.0,0.0,0.0,0.0,0.0,0.0,0.0,0.0,0.0,0.0,0.0,0.0,0.0,0.002,0.998,0.052128304705603576,1878,0.0003084789238087782,1.5967360547672195e-07,6.755637440678214e-05,16,20,False,0.995,0.005,0.66,fixed,100,none,b05428b4-9e4c-4c24-8ea0-156090d31ad0
555,62100,14.577349185943604,1.0,1.0,1.0,0.9960959999999999,0.0,0.0,0.0,0.0,0.0,0.0,0.0,0.0,0.0,0.0,0.0,0.0,0.0,0.0,0.002,0.998,0.052128304705603576,1878,0.00030910226675560167,1.6023317602498523e-07,6.769293049624595e-05,16,20,False,0.995,0.005,0.66,fixed,100,none,b05428b4-9e4c-4c24-8ea0-156090d31ad0
556,62200,14.588663339614868,1.0,1.0,1.0,0.9960959999999999,0.0,0.0,0.0,0.0,0.0,0.0,0.0,0.0,0.0,0.0,0.0,0.0,0.0,0.0,0.002,0.998,0.051745274115364996,1879,0.0003102622718311963,1.6183569223665538e-07,6.794716008537384e-05,16,20,False,0.995,0.005,0.66,fixed,100,none,b05428b4-9e4c-4c24-8ea0-156090d31ad0
557,62300,14.600214719772339,1.0,1.0,1.0,0.9960959999999999,0.0,0.0,0.0,0.0,0.0,0.0,0.0,0.0,0.0,0.0,0.0,0.0,0.0,0.0,0.002,0.998,0.051745274115364996,1879,0.0003102622718311963,1.6183569223665538e-07,6.794716008537384e-05,16,20,False,0.995,0.005,0.66,fixed,100,none,b05428b4-9e4c-4c24-8ea0-156090d31ad0
558,62400,14.611754894256592,1.0,1.0,1.0,0.9960959999999999,0.0,0.0,0.0,0.0,0.0,0.0,0.0,0.0,0.0,0.0,0.0,0.0,0.0,0.0,0.002,0.998,0.051745274115364996,1879,0.0003113761315105365,1.631121219600101e-07,6.819122649082884e-05,16,20,False,0.995,0.005,0.66,fixed,100,none,b05428b4-9e4c-4c24-8ea0-156090d31ad0
559,62700,14.623218059539795,1.0,1.0,1.0,0.9960959999999999,0.0,0.0,0.0,0.0,0.0,0.0,0.0,0.0,0.0,0.0,0.0,0.0,0.0,0.0,0.002,0.998,0.051745274115364996,1879,0.00031011062805977096,1.6317516736358127e-07,6.791421976408295e-05,16,20,False,0.995,0.005,0.66,fixed,100,none,b05428b4-9e4c-4c24-8ea0-156090d31ad0
560,62800,14.634804725646973,1.0,1.0,1.0,0.9960959999999999,0.0,0.0,0.0,0.0,0.0,0.0,0.0,0.0,0.0,0.0,0.0,0.0,0.0,0.0,0.002,0.998,0.051745274115364996,1879,0.00030905836148869366,1.6163308824631623e-07,6.768358561664184e-05,16,20,False,0.995,0.005,0.66,fixed,100,none,b05428b4-9e4c-4c24-8ea0-156090d31ad0
561,63100,14.646426916122437,1.0,1.0,1.0,0.9960959999999999,0.0,0.0,0.0,0.0,0.0,0.0,0.0,0.0,0.0,0.0,0.0,0.0,0.0,0.0,0.002,0.998,0.051745274115364996,1879,0.0003109569215284961,1.6352773041614716e-07,6.809954039136687e-05,16,20,False,0.995,0.005,0.66,fixed,100,none,b05428b4-9e4c-4c24-8ea0-156090d31ad0
562,63200,14.657945394515991,1.0,1.0,1.0,0.9960959999999999,0.0,0.0,0.0,0.0,0.0,0.0,0.0,0.0,0.0,0.0,0.0,0.0,0.0,0.0,0.002,0.998,0.051745274115364996,1879,0.0003102329190445448,1.6302346146050145e-07,6.794096043652837e-05,16,20,False,0.995,0.005,0.66,fixed,100,none,b05428b4-9e4c-4c24-8ea0-156090d31ad0
563,63300,14.669329166412354,1.0,1.0,1.0,0.9960959999999999,0.0,0.0,0.0,0.0,0.0,0.0,0.0,0.0,0.0,0.0,0.0,0.0,0.0,0.0,0.002,0.998,0.051745274115364996,1879,0.0003096308248141762,1.626704002279349e-07,6.780909492786647e-05,16,20,False,0.995,0.005,0.66,fixed,100,none,b05428b4-9e4c-4c24-8ea0-156090d31ad0
564,63400,14.680716753005981,1.0,1.0,1.0,0.9960959999999999,0.0,0.0,0.0,0.0,0.0,0.0,0.0,0.0,0.0,0.0,0.0,0.0,0.0,0.0,0.002,0.998,0.051745274115364996,1879,0.00031046603808280635,1.6348234801638898e-07,6.799207738244943e-05,16,20,False,0.995,0.005,0.66,fixed,100,none,b05428b4-9e4c-4c24-8ea0-156090d31ad0
565,63500,14.692255735397339,1.0,1.0,1.0,0.9960959999999999,0.0,0.0,0.0,0.0,0.0,0.0,0.0,0.0,0.0,0.0,0.0,0.0,0.0,0.0,0.002,0.998,0.051745274115364996,1879,0.00030991559226000673,1.6329550328679054e-07,6.787154929133997e-05,16,20,False,0.995,0.005,0.66,fixed,100,none,b05428b4-9e4c-4c24-8ea0-156090d31ad0
566,63800,14.703733682632446,1.0,1.0,1.0,0.9960959999999999,0.0,0.0,0.0,0.0,0.0,0.0,0.0,0.0,0.0,0.0,0.0,0.0,0.0,0.0,0.002,0.998,0.051745274115364996,1879,0.0003132058477726473,1.64921748532739e-07,6.859209520965373e-05,16,20,False,0.995,0.005,0.66,fixed,100,none,b05428b4-9e4c-4c24-8ea0-156090d31ad0
567,63900,14.715060234069824,1.0,1.0,1.0,0.9960959999999999,0.0,0.0,0.0,0.0,0.0,0.0,0.0,0.0,0.0,0.0,0.0,0.0,0.0,0.0,0.002,0.998,0.05136123951309429,1880,0.00031283495947113054,1.6471219620363275e-07,6.851086794550917e-05,16,20,False,0.995,0.005,0.66,fixed,100,none,b05428b4-9e4c-4c24-8ea0-156090d31ad0
568,64100,14.726396560668945,1.0,1.0,1.0,0.9960959999999999,0.0,0.0,0.0,0.0,0.0,0.0,0.0,0.0,0.0,0.0,0.0,0.0,0.0,0.0,0.002,0.998,0.051745274115364996,1879,0.00031475304513020456,1.6581795953797677e-07,6.8930946991314e-05,16,20,False,0.995,0.005,0.66,fixed,100,none,b05428b4-9e4c-4c24-8ea0-156090d31ad0
569,64200,14.737874984741211,1.0,1.0,1.0,0.9960959999999999,0.0,0.0,0.0,0.0,0.0,0.0,0.0,0.0,0.0,0.0,0.0,0.0,0.0,0.0,0.002,0.998,0.051745274115364996,1879,0.00031642879808962683,1.65625646226588e-07,6.929773277460236e-05,16,20,False,0.995,0.005,0.66,fixed,100,none,b05428b4-9e4c-4c24-8ea0-156090d31ad0
570,64300,14.749191284179688,1.0,1.0,1.0,0.9960959999999999,0.0,0.0,0.0,0.0,0.0,0.0,0.0,0.0,0.0,0.0,0.0,0.0,0.0,0.0,0.002,0.998,0.051745274115364996,1879,0.00031642879808962683,1.65625646226588e-07,6.929773277460236e-05,16,20,False,0.995,0.005,0.66,fixed,100,none,b05428b4-9e4c-4c24-8ea0-156090d31ad0
571,64400,14.760575532913208,1.0,1.0,1.0,0.9960959999999999,0.0,0.0,0.0,0.0,0.0,0.0,0.0,0.0,0.0,0.0,0.0,0.0,0.0,0.0,0.002,0.998,0.051361239513094306,1880,0.00031735782988248634,1.6720008873630466e-07,6.950139697813615e-05,16,20,False,0.995,0.005,0.66,fixed,100,none,b05428b4-9e4c-4c24-8ea0-156090d31ad0
572,64500,14.774639368057251,1.0,1.0,1.0,0.9960959999999999,0.0,0.0,0.0,0.0,0.0,0.0,0.0,0.0,0.0,0.0,0.0,0.0,0.0,0.0,0.002,0.998,0.051361239513094306,1880,0.0003181284281778038,1.6716254854372657e-07,6.967007381234456e-05,16,20,False,0.995,0.005,0.66,fixed,100,none,b05428b4-9e4c-4c24-8ea0-156090d31ad0
573,64600,14.786518812179565,1.0,1.0,1.0,0.9960959999999999,0.0,0.0,0.0,0.0,0.0,0.0,0.0,0.0,0.0,0.0,0.0,0.0,0.0,0.0,0.002,0.998,0.051361239513094306,1880,0.00031777347367750226,1.6619991409205972e-07,6.959219137168274e-05,16,20,False,0.995,0.005,0.66,fixed,100,none,b05428b4-9e4c-4c24-8ea0-156090d31ad0
574,64800,14.797992706298828,1.0,1.0,1.0,0.9960959999999999,0.0,0.0,0.0,0.0,0.0,0.0,0.0,0.0,0.0,0.0,0.0,0.0,0.0,0.0,0.002,0.998,0.051745274115364996,1879,0.0003197780330098677,1.686408561090995e-07,7.003145318852076e-05,16,20,False,0.995,0.005,0.66,fixed,100,none,b05428b4-9e4c-4c24-8ea0-156090d31ad0
575,64900,14.809507369995117,1.0,1.0,1.0,0.9960959999999999,0.0,0.0,0.0,0.0,0.0,0.0,0.0,0.0,0.0,0.0,0.0,0.0,0.0,0.0,0.002,0.998,0.051745274115364996,1879,0.0003199180412247152,1.7021532570202978e-07,7.006240013597354e-05,16,20,False,0.995,0.005,0.66,fixed,100,none,b05428b4-9e4c-4c24-8ea0-156090d31ad0
576,65000,14.82083249092102,1.0,1.0,1.0,0.9960959999999999,0.0,0.0,0.0,0.0,0.0,0.0,0.0,0.0,0.0,0.0,0.0,0.0,0.0,0.0,0.002,0.998,0.051745274115364996,1879,0.0003202807708440094,1.6994225974289296e-07,7.014174976710481e-05,16,20,False,0.995,0.005,0.66,fixed,100,none,b05428b4-9e4c-4c24-8ea0-156090d31ad0
577,65200,14.832057476043701,1.0,1.0,1.0,0.9960959999999999,0.0,0.0,0.0,0.0,0.0,0.0,0.0,0.0,0.0,0.0,0.0,0.0,0.0,0.0,0.002,0.998,0.0513612395130943,1880,0.0003199224206560216,1.6992822908398765e-07,7.006330424512909e-05,16,20,False,0.995,0.005,0.66,fixed,100,none,b05428b4-9e4c-4c24-8ea0-156090d31ad0
578,65300,14.843326330184937,1.0,1.0,1.0,0.9960959999999999,0.0,0.0,0.0,0.0,0.0,0.0,0.0,0.0,0.0,0.0,0.0,0.0,0.0,0.0,0.002,0.998,0.051745274115364996,1879,0.00032015709181948025,1.6990066397426926e-07,7.011466852543934e-05,16,20,False,0.995,0.005,0.66,fixed,100,none,b05428b4-9e4c-4c24-8ea0-156090d31ad0
579,65400,14.854676961898804,1.0,1.0,1.0,0.9960959999999999,0.0,0.0,0.0,0.0,0.0,0.0,0.0,0.0,0.0,0.0,0.0,0.0,0.0,0.0,0.002,0.998,0.05097620089879157,1881,0.0003210128277787895,1.710710656186929e-07,7.030221150324457e-05,16,20,False,0.995,0.005,0.66,fixed,100,none,b05428b4-9e4c-4c24-8ea0-156090d31ad0
580,65500,14.866011619567871,1.0,1.0,1.0,0.9960959999999999,0.0,0.0,0.0,0.0,0.0,0.0,0.0,0.0,0.0,0.0,0.0,0.0,0.0,0.0,0.002,0.998,0.05097620089879156,1881,0.00032113818007739825,1.7138688881698905e-07,7.032971112781771e-05,16,20,False,0.995,0.005,0.66,fixed,100,none,b05428b4-9e4c-4c24-8ea0-156090d31ad0
581,65600,14.877263069152832,1.0,1.0,1.0,0.9960959999999999,0.0,0.0,0.0,0.0,0.0,0.0,0.0,0.0,0.0,0.0,0.0,0.0,0.0,0.0,0.002,0.998,0.05097620089879157,1881,0.0003227469529608643,1.7223400678574755e-07,7.068203246442249e-05,16,20,False,0.995,0.005,0.66,fixed,100,none,b05428b4-9e4c-4c24-8ea0-156090d31ad0
582,65700,14.888506650924683,1.0,1.0,1.0,0.9960959999999999,0.0,0.0,0.0,0.0,0.0,0.0,0.0,0.0,0.0,0.0,0.0,0.0,0.0,0.0,0.002,0.998,0.0513612395130943,1880,0.0003248887456641134,1.7419364203139062e-07,7.11512432178604e-05,16,20,False,0.995,0.005,0.66,fixed,100,none,b05428b4-9e4c-4c24-8ea0-156090d31ad0
583,65900,14.899839162826538,1.0,1.0,1.0,0.9960959999999999,0.0,0.0,0.0,0.0,0.0,0.0,0.0,0.0,0.0,0.0,0.0,0.0,0.0,0.0,0.002,0.998,0.05097620089879156,1881,0.00032458067662518685,1.744085629709985e-07,7.108384774021789e-05,16,20,False,0.995,0.005,0.66,fixed,100,none,b05428b4-9e4c-4c24-8ea0-156090d31ad0
584,66000,14.911360263824463,1.0,1.0,1.0,0.9960959999999999,0.0,0.0,0.0,0.0,0.0,0.0,0.0,0.0,0.0,0.0,0.0,0.0,0.0,0.0,0.002,0.998,0.05097620089879156,1881,0.0003249358187323248,1.75090653088876e-07,7.116171794459279e-05,16,20,False,0.995,0.005,0.66,fixed,100,none,b05428b4-9e4c-4c24-8ea0-156090d31ad0
585,66300,14.922733545303345,1.0,1.0,1.0,0.9960959999999999,0.0,0.0,0.0,0.0,0.0,0.0,0.0,0.0,0.0,0.0,0.0,0.0,0.0,0.0,0.002,0.998,0.05097620089879157,1881,0.0003262359304931871,1.7523608234573e-07,7.144634004060434e-05,16,20,False,0.995,0.005,0.66,fixed,100,none,b05428b4-9e4c-4c24-8ea0-156090d31ad0
586,66400,14.934151411056519,1.0,1.0,1.0,0.9960959999999999,0.0,0.0,0.0,0.0,0.0,0.0,0.0,0.0,0.0,0.0,0.0,0.0,0.0,0.0,0.002,0.998,0.05097620089879157,1881,0.0003257878017175787,1.7532832694320442e-07,7.13482621780972e-05,16,20,False,0.995,0.005,0.66,fixed,100,none,b05428b4-9e4c-4c24-8ea0-156090d31ad0
587,66500,14.94569730758667,1.0,1.0,1.0,0.9960959999999999,0.0,0.0,0.0,0.0,0.0,0.0,0.0,0.0,0.0,0.0,0.0,0.0,0.0,0.0,0.002,0.998,0.05097620089879156,1881,0.0003268800389934619,1.7578407738249773e-07,7.158743951037147e-05,16,20,False,0.995,0.005,0.66,fixed,100,none,b05428b4-9e4c-4c24-8ea0-156090d31ad0
588,66700,14.957414627075195,1.0,1.0,1.0,0.9960959999999999,0.0,0.0,0.0,0.0,0.0,0.0,0.0,0.0,0.0,0.0,0.0,0.0,0.0,0.0,0.002,0.998,0.050590158272456734,1882,0.0003271869657179493,1.7594996300627951e-07,7.165465728863029e-05,16,20,False,0.995,0.005,0.66,fixed,100,none,b05428b4-9e4c-4c24-8ea0-156090d31ad0
589,66800,14.968862295150757,1.0,1.0,1.0,0.9960959999999999,0.0,0.0,0.0,0.0,0.0,0.0,0.0,0.0,0.0,0.0,0.0,0.0,0.0,0.0,0.002,0.998,0.050590158272456734,1882,0.00032752757555885387,1.7651446256558184e-07,7.172932403772057e-05,16,20,False,0.995,0.005,0.66,fixed,100,none,b05428b4-9e4c-4c24-8ea0-156090d31ad0
590,67000,14.980207443237305,1.0,1.0,1.0,0.9960959999999999,0.0,0.0,0.0,0.0,0.0,0.0,0.0,0.0,0.0,0.0,0.0,0.0,0.0,0.0,0.002,0.998,0.05097620089879156,1881,0.00032616026651235524,1.7508536488897932e-07,7.142974855888347e-05,16,20,False,0.995,0.005,0.66,fixed,100,none,b05428b4-9e4c-4c24-8ea0-156090d31ad0
591,67100,14.991510391235352,1.0,1.0,1.0,0.9960959999999999,0.0,0.0,0.0,0.0,0.0,0.0,0.0,0.0,0.0,0.0,0.0,0.0,0.0,0.0,0.002,0.998,0.050590158272456734,1882,0.00032652562935428465,1.7587315382527588e-07,7.150987616487973e-05,16,20,False,0.995,0.005,0.66,fixed,100,none,b05428b4-9e4c-4c24-8ea0-156090d31ad0
592,67400,15.002737522125244,1.0,1.0,1.0,0.9960959999999999,0.0,0.0,0.0,0.0,0.0,0.0,0.0,0.0,0.0,0.0,0.0,0.0,0.0,0.0,0.002,0.998,0.050590158272456734,1882,0.00032733901732124015,1.7764748917503878e-07,7.168826391456273e-05,16,20,False,0.995,0.005,0.66,fixed,100,none,b05428b4-9e4c-4c24-8ea0-156090d31ad0
593,67500,15.014037609100342,1.0,1.0,1.0,0.9960959999999999,0.0,0.0,0.0,0.0,0.0,0.0,0.0,0.0,0.0,0.0,0.0,0.0,0.0,0.0,0.002,0.998,0.050590158272456734,1882,0.0003274992327467675,1.7953234089315022e-07,7.172369319303711e-05,16,20,False,0.995,0.005,0.66,fixed,100,none,b05428b4-9e4c-4c24-8ea0-156090d31ad0
594,67600,15.025312662124634,1.0,1.0,1.0,0.9960959999999999,0.0,0.0,0.0,0.0,0.0,0.0,0.0,0.0,0.0,0.0,0.0,0.0,0.0,0.0,0.002,0.998,0.050590158272456734,1882,0.0003281732180504723,1.796548678992429e-07,7.187125185614923e-05,16,20,False,0.995,0.005,0.66,fixed,100,none,b05428b4-9e4c-4c24-8ea0-156090d31ad0
595,67700,15.036500692367554,1.0,1.0,1.0,0.9960959999999999,0.0,0.0,0.0,0.0,0.0,0.0,0.0,0.0,0.0,0.0,0.0,0.0,0.0,0.0,0.002,0.998,0.050590158272456734,1882,0.0003281732180504723,1.796548678992429e-07,7.187125185614923e-05,16,20,False,0.995,0.005,0.66,fixed,100,none,b05428b4-9e4c-4c24-8ea0-156090d31ad0
596,67800,15.047743320465088,1.0,1.0,1.0,0.9960959999999999,0.0,0.0,0.0,0.0,0.0,0.0,0.0,0.0,0.0,0.0,0.0,0.0,0.0,0.0,0.002,0.998,0.050590158272456734,1882,0.0003289402193286034,1.7990139477957198e-07,7.203919527603942e-05,16,20,False,0.995,0.005,0.66,fixed,100,none,b05428b4-9e4c-4c24-8ea0-156090d31ad0
597,68100,15.059042692184448,1.0,1.0,1.0,0.9960959999999999,0.0,0.0,0.0,0.0,0.0,0.0,0.0,0.0,0.0,0.0,0.0,0.0,0.0,0.0,0.002,0.998,0.050590158272456734,1882,0.00032892411121762633,1.7966816628264133e-07,7.203562489713211e-05,16,20,False,0.995,0.005,0.66,fixed,100,none,b05428b4-9e4c-4c24-8ea0-156090d31ad0
598,68200,15.070281982421875,1.0,1.0,1.0,0.9960959999999999,0.0,0.0,0.0,0.0,0.0,0.0,0.0,0.0,0.0,0.0,0.0,0.0,0.0,0.0,0.002,0.998,0.050590158272456734,1882,0.0003313595258297344,1.8258385587765403e-07,7.256929113674561e-05,16,20,False,0.995,0.005,0.66,fixed,100,none,b05428b4-9e4c-4c24-8ea0-156090d31ad0
599,68500,15.081835985183716,1.0,1.0,1.0,0.9960959999999999,0.0,0.0,0.0,0.0,0.0,0.0,0.0,0.0,0.0,0.0,0.0,0.0,0.0,0.0,0.002,0.998,0.050590158272456734,1882,0.00033152511473403054,1.823198919881998e-07,7.260548839475705e-05,16,20,False,0.995,0.005,0.66,fixed,100,none,b05428b4-9e4c-4c24-8ea0-156090d31ad0
600,68600,15.093328952789307,1.0,1.0,1.0,0.9960959999999999,0.0,0.0,0.0,0.0,0.0,0.0,0.0,0.0,0.0,0.0,0.0,0.0,0.0,0.0,0.002,0.998,0.05059015827245674,1882,0.0003313042733815913,1.818794952564499e-07,7.255706254732905e-05,16,20,False,0.995,0.005,0.66,fixed,100,none,b05428b4-9e4c-4c24-8ea0-156090d31ad0
601,68700,15.104755640029907,1.0,1.0,1.0,0.9960959999999999,0.0,0.0,0.0,0.0,0.0,0.0,0.0,0.0,0.0,0.0,0.0,0.0,0.0,0.0,0.002,0.998,0.05059015827245674,1882,0.00033144175073171765,1.822774247574782e-07,7.258723194587692e-05,16,20,False,0.995,0.005,0.66,fixed,100,none,b05428b4-9e4c-4c24-8ea0-156090d31ad0
602,68800,15.116048812866211,1.0,1.0,1.0,0.9960959999999999,0.0,0.0,0.0,0.0,0.0,0.0,0.0,0.0,0.0,0.0,0.0,0.0,0.0,0.0,0.002,0.998,0.05059015827245674,1882,0.0003328503036468162,1.835999230103794e-07,7.289581545366003e-05,16,20,False,0.995,0.005,0.66,fixed,100,none,b05428b4-9e4c-4c24-8ea0-156090d31ad0
603,68900,15.127462148666382,1.0,1.0,1.0,0.9960959999999999,0.0,0.0,0.0,0.0,0.0,0.0,0.0,0.0,0.0,0.0,0.0,0.0,0.0,0.0,0.002,0.998,0.050590158272456734,1882,0.0003331839733343997,1.8357347234965906e-07,7.296885072264654e-05,16,20,False,0.995,0.005,0.66,fixed,100,none,b05428b4-9e4c-4c24-8ea0-156090d31ad0
604,69200,15.138831853866577,1.0,1.0,1.0,0.9960959999999999,0.0,0.0,0.0,0.0,0.0,0.0,0.0,0.0,0.0,0.0,0.0,0.0,0.0,0.0,0.002,0.998,0.050590158272456734,1882,0.00033317695372239053,1.837799401805426e-07,7.29673533584656e-05,16,20,False,0.995,0.005,0.66,fixed,100,none,b05428b4-9e4c-4c24-8ea0-156090d31ad0
605,69300,15.150060892105103,1.0,1.0,1.0,0.9960959999999999,0.0,0.0,0.0,0.0,0.0,0.0,0.0,0.0,0.0,0.0,0.0,0.0,0.0,0.0,0.002,0.998,0.050590158272456734,1882,0.0003345733805868063,1.856758598774376e-07,7.327339142382861e-05,16,20,False,0.995,0.005,0.66,fixed,100,none,b05428b4-9e4c-4c24-8ea0-156090d31ad0
606,69500,15.16115117073059,1.0,1.0,1.0,0.9960959999999999,0.0,0.0,0.0,0.0,0.0,0.0,0.0,0.0,0.0,0.0,0.0,0.0,0.0,0.0,0.002,0.998,0.050590158272456734,1882,0.00033799755246759525,1.8847463584590814e-07,7.402347441596733e-05,16,20,False,0.995,0.005,0.66,fixed,100,none,b05428b4-9e4c-4c24-8ea0-156090d31ad0
607,69600,15.172290563583374,1.0,1.0,1.0,0.9960959999999999,0.0,0.0,0.0,0.0,0.0,0.0,0.0,0.0,0.0,0.0,0.0,0.0,0.0,0.0,0.002,0.998,0.050590158272456734,1882,0.00034028104685757154,1.9042710209214952e-07,7.452370230651992e-05,16,20,False,0.995,0.005,0.66,fixed,100,none,b05428b4-9e4c-4c24-8ea0-156090d31ad0
608,69800,15.183375358581543,1.0,1.0,1.0,0.9960959999999999,0.0,0.0,0.0,0.0,0.0,0.0,0.0,0.0,0.0,0.0,0.0,0.0,0.0,0.0,0.002,0.998,0.050590158272456734,1882,0.0003408958008701622,1.903478135048666e-07,7.465825689504444e-05,16,20,False,0.995,0.005,0.66,fixed,100,none,b05428b4-9e4c-4c24-8ea0-156090d31ad0
609,69900,15.194735050201416,1.0,1.0,1.0,0.9960959999999999,0.0,0.0,0.0,0.0,0.0,0.0,0.0,0.0,0.0,0.0,0.0,0.0,0.0,0.0,0.002,0.998,0.050590158272456734,1882,0.00034031390679571596,1.903431142723967e-07,7.453087938929399e-05,16,20,False,0.995,0.005,0.66,fixed,100,none,b05428b4-9e4c-4c24-8ea0-156090d31ad0
610,70000,15.206001996994019,1.0,1.0,1.0,0.9960959999999999,0.0,0.0,0.0,0.0,0.0,0.0,0.0,0.0,0.0,0.0,0.0,0.0,0.0,0.0,0.002,0.998,0.050590158272456734,1882,0.00034198601037004826,1.9107247864333322e-07,7.48970414409458e-05,16,20,False,0.995,0.005,0.66,fixed,100,none,b05428b4-9e4c-4c24-8ea0-156090d31ad0
611,70300,15.217103242874146,1.0,1.0,1.0,0.9960959999999999,0.0,0.0,0.0,0.0,0.0,0.0,0.0,0.0,0.0,0.0,0.0,0.0,0.0,0.0,0.002,0.998,0.05097620089879156,1881,0.00034126457903646215,1.909559945486539e-07,7.473909799004582e-05,16,20,False,0.995,0.005,0.66,fixed,100,none,b05428b4-9e4c-4c24-8ea0-156090d31ad0
612,70400,15.228176593780518,1.0,1.0,1.0,0.9960959999999999,0.0,0.0,0.0,0.0,0.0,0.0,0.0,0.0,0.0,0.0,0.0,0.0,0.0,0.0,0.002,0.998,0.05097620089879156,1881,0.00034157399509363024,1.916357473687313e-07,7.480695831799572e-05,16,20,False,0.995,0.005,0.66,fixed,100,none,b05428b4-9e4c-4c24-8ea0-156090d31ad0
613,70500,15.239195585250854,1.0,1.0,1.0,0.9960959999999999,0.0,0.0,0.0,0.0,0.0,0.0,0.0,0.0,0.0,0.0,0.0,0.0,0.0,0.0,0.002,0.998,0.05097620089879156,1881,0.00034157399509363024,1.916357473687313e-07,7.480695831799572e-05,16,20,False,0.995,0.005,0.66,fixed,100,none,b05428b4-9e4c-4c24-8ea0-156090d31ad0
614,70600,15.250094890594482,1.0,1.0,1.0,0.9960959999999999,0.0,0.0,0.0,0.0,0.0,0.0,0.0,0.0,0.0,0.0,0.0,0.0,0.0,0.0,0.002,0.998,0.05097620089879156,1881,0.0003422241165954558,1.9189545926000583e-07,7.494931926000468e-05,16,20,False,0.995,0.005,0.66,fixed,100,none,b05428b4-9e4c-4c24-8ea0-156090d31ad0
615,70700,15.261150360107422,1.0,1.0,1.0,0.9960959999999999,0.0,0.0,0.0,0.0,0.0,0.0,0.0,0.0,0.0,0.0,0.0,0.0,0.0,0.0,0.002,0.998,0.05097620089879156,1881,0.00034359056949167686,1.9299073556966513e-07,7.52486439014863e-05,16,20,False,0.995,0.005,0.66,fixed,100,none,b05428b4-9e4c-4c24-8ea0-156090d31ad0
616,70900,15.27227520942688,1.0,1.0,1.0,0.9960959999999999,0.0,0.0,0.0,0.0,0.0,0.0,0.0,0.0,0.0,0.0,0.0,0.0,0.0,0.0,0.002,0.998,0.05097620089879156,1881,0.00034409737029662824,1.9308768251730965e-07,7.535960101761021e-05,16,20,False,0.995,0.005,0.66,fixed,100,none,b05428b4-9e4c-4c24-8ea0-156090d31ad0
617,71000,15.283962488174438,1.0,1.0,1.0,0.9960959999999999,0.0,0.0,0.0,0.0,0.0,0.0,0.0,0.0,0.0,0.0,0.0,0.0,0.0,0.0,0.002,0.998,0.05097620089879156,1881,0.00034463777620324725,1.935009162552804e-07,7.547797438497933e-05,16,20,False,0.995,0.005,0.66,fixed,100,none,b05428b4-9e4c-4c24-8ea0-156090d31ad0
618,71100,15.295038938522339,1.0,1.0,1.0,0.9960959999999999,0.0,0.0,0.0,0.0,0.0,0.0,0.0,0.0,0.0,0.0,0.0,0.0,0.0,0.0,0.002,0.998,0.05097620089879156,1881,0.00034417949224378774,1.9380171708668555e-07,7.537771317841161e-05,16,20,False,0.995,0.005,0.66,fixed,100,none,b05428b4-9e4c-4c24-8ea0-156090d31ad0
619,71400,15.306055545806885,1.0,1.0,1.0,0.9960959999999999,0.0,0.0,0.0,0.0,0.0,0.0,0.0,0.0,0.0,0.0,0.0,0.0,0.0,0.0,0.002,0.998,0.05059015827245674,1882,0.0003472316869708061,1.9663001860989926e-07,7.604637598144534e-05,16,20,False,0.995,0.005,0.66,fixed,100,none,b05428b4-9e4c-4c24-8ea0-156090d31ad0
620,71500,15.317126274108887,1.0,1.0,1.0,0.9960959999999999,0.0,0.0,0.0,0.0,0.0,0.0,0.0,0.0,0.0,0.0,0.0,0.0,0.0,0.0,0.002,0.998,0.05059015827245674,1882,0.0003471031098015496,1.970112893979854e-07,7.601830288054484e-05,16,20,False,0.995,0.005,0.66,fixed,100,none,b05428b4-9e4c-4c24-8ea0-156090d31ad0
621,71600,15.362350940704346,1.0,1.0,1.0,0.9960959999999999,0.0,0.0,0.0,0.0,0.0,0.0,0.0,0.0,0.0,0.0,0.0,0.0,0.0,0.0,0.002,0.998,0.05059015827245674,1882,0.00034629358130549654,1.9621387471134876e-07,7.584094558396835e-05,16,20,False,0.995,0.005,0.66,fixed,100,none,b05428b4-9e4c-4c24-8ea0-156090d31ad0
622,71700,15.374521970748901,1.0,1.0,1.0,0.9960959999999999,0.0,0.0,0.0,0.0,0.0,0.0,0.0,0.0,0.0,0.0,0.0,0.0,0.0,0.0,0.002,0.998,0.05097620089879156,1881,0.00034733957760873,1.9760549837202805e-07,7.607017858324168e-05,16,20,False,0.995,0.005,0.66,fixed,100,none,b05428b4-9e4c-4c24-8ea0-156090d31ad0
623,71800,15.386452913284302,1.0,1.0,1.0,0.9960959999999999,0.0,0.0,0.0,0.0,0.0,0.0,0.0,0.0,0.0,0.0,0.0,0.0,0.0,0.0,0.002,0.998,0.05097620089879156,1881,0.00034705561799212446,1.9745432177542324e-07,7.600799109961338e-05,16,20,False,0.995,0.005,0.66,fixed,100,none,b05428b4-9e4c-4c24-8ea0-156090d31ad0
624,72100,15.398045063018799,1.0,1.0,1.0,0.9960959999999999,0.0,0.0,0.0,0.0,0.0,0.0,0.0,0.0,0.0,0.0,0.0,0.0,0.0,0.0,0.002,0.998,0.05097620089879156,1881,0.00034683871421705835,1.9880293791041769e-07,7.596076710031706e-05,16,20,False,0.995,0.005,0.66,fixed,100,none,b05428b4-9e4c-4c24-8ea0-156090d31ad0
625,72200,15.409791946411133,1.0,1.0,1.0,0.9960959999999999,0.0,0.0,0.0,0.0,0.0,0.0,0.0,0.0,0.0,0.0,0.0,0.0,0.0,0.0,0.002,0.998,0.05097620089879156,1881,0.00034717454723597453,1.9880765361442605e-07,7.603428184414157e-05,16,20,False,0.995,0.005,0.66,fixed,100,none,b05428b4-9e4c-4c24-8ea0-156090d31ad0
626,72400,15.421462774276733,1.0,1.0,1.0,0.9960959999999999,0.0,0.0,0.0,0.0,0.0,0.0,0.0,0.0,0.0,0.0,0.0,0.0,0.0,0.0,0.002,0.998,0.05097620089879156,1881,0.00034940844016828035,2.0053339591466746e-07,7.652360889806036e-05,16,20,False,0.995,0.005,0.66,fixed,100,none,b05428b4-9e4c-4c24-8ea0-156090d31ad0
627,72500,15.433387994766235,1.0,1.0,1.0,0.9960959999999999,0.0,0.0,0.0,0.0,0.0,0.0,0.0,0.0,0.0,0.0,0.0,0.0,0.0,0.0,0.002,0.998,0.05097620089879156,1881,0.0003489885578730189,2.0069452732211293e-07,7.643172727859504e-05,16,20,False,0.995,0.005,0.66,fixed,100,none,b05428b4-9e4c-4c24-8ea0-156090d31ad0
628,72700,15.445250511169434,1.0,1.0,1.0,0.9960959999999999,0.0,0.0,0.0,0.0,0.0,0.0,0.0,0.0,0.0,0.0,0.0,0.0,0.0,0.0,0.002,0.998,0.05097620089879156,1881,0.0003491722479245289,2.0131606447217758e-07,7.64720551229291e-05,16,20,False,0.995,0.005,0.66,fixed,100,none,b05428b4-9e4c-4c24-8ea0-156090d31ad0
629,72800,15.456959962844849,1.0,1.0,1.0,0.9960959999999999,0.0,0.0,0.0,0.0,0.0,0.0,0.0,0.0,0.0,0.0,0.0,0.0,0.0,0.0,0.002,0.998,0.05097620089879156,1881,0.00034929019589812377,2.0137439881056916e-07,7.64978850178733e-05,16,20,False,0.995,0.005,0.66,fixed,100,none,b05428b4-9e4c-4c24-8ea0-156090d31ad0
630,72900,15.468523263931274,1.0,1.0,1.0,0.9960959999999999,0.0,0.0,0.0,0.0,0.0,0.0,0.0,0.0,0.0,0.0,0.0,0.0,0.0,0.0,0.002,0.998,0.05097620089879156,1881,0.00034956254236096065,2.0089403563851188e-07,7.65574103895856e-05,16,20,False,0.995,0.005,0.66,fixed,100,none,b05428b4-9e4c-4c24-8ea0-156090d31ad0
631,73200,15.480095148086548,1.0,1.0,1.0,0.9960959999999999,0.0,0.0,0.0,0.0,0.0,0.0,0.0,0.0,0.0,0.0,0.0,0.0,0.0,0.0,0.002,0.998,0.05097620089879156,1881,0.00035043478281765233,2.0199220408330487e-07,7.674855247755992e-05,16,20,False,0.995,0.005,0.66,fixed,100,none,b05428b4-9e4c-4c24-8ea0-156090d31ad0
632,73300,15.491696834564209,1.0,1.0,1.0,0.9960959999999999,0.0,0.0,0.0,0.0,0.0,0.0,0.0,0.0,0.0,0.0,0.0,0.0,0.0,0.0,0.002,0.998,0.05097620089879156,1881,0.00035043478281765233,2.0199220408330487e-07,7.674855247755992e-05,16,20,False,0.995,0.005,0.66,fixed,100,none,b05428b4-9e4c-4c24-8ea0-156090d31ad0
633,73400,15.503209352493286,1.0,1.0,1.0,0.9960959999999999,0.0,0.0,0.0,0.0,0.0,0.0,0.0,0.0,0.0,0.0,0.0,0.0,0.0,0.0,0.002,0.998,0.0513612395130943,1880,0.0003511431459472154,2.0262305994202785e-07,7.690373302923444e-05,16,20,False,0.995,0.005,0.66,fixed,100,none,b05428b4-9e4c-4c24-8ea0-156090d31ad0
634,73500,15.51482629776001,1.0,1.0,1.0,0.9960959999999999,0.0,0.0,0.0,0.0,0.0,0.0,0.0,0.0,0.0,0.0,0.0,0.0,0.0,0.0,0.002,0.998,0.0513612395130943,1880,0.0003498265275096921,2.0179153502716466e-07,7.661536726352676e-05,16,20,False,0.995,0.005,0.66,fixed,100,none,b05428b4-9e4c-4c24-8ea0-156090d31ad0
635,73600,15.526408672332764,1.0,1.0,1.0,0.9960959999999999,0.0,0.0,0.0,0.0,0.0,0.0,0.0,0.0,0.0,0.0,0.0,0.0,0.0,0.0,0.002,0.998,0.0513612395130943,1880,0.0003498265275096921,2.0179153502716466e-07,7.661536726352676e-05,16,20,False,0.995,0.005,0.66,fixed,100,none,b05428b4-9e4c-4c24-8ea0-156090d31ad0
636,73900,15.537967443466187,1.0,1.0,1.0,0.9960959999999999,0.0,0.0,0.0,0.0,0.0,0.0,0.0,0.0,0.0,0.0,0.0,0.0,0.0,0.0,0.002,0.998,0.051745274115365,1879,0.0003498226068473227,2.018848260255908e-07,7.66145267558238e-05,16,20,False,0.995,0.005,0.66,fixed,100,none,b05428b4-9e4c-4c24-8ea0-156090d31ad0
637,74000,15.549520015716553,1.0,1.0,1.0,0.9960959999999999,0.0,0.0,0.0,0.0,0.0,0.0,0.0,0.0,0.0,0.0,0.0,0.0,0.0,0.0,0.002,0.998,0.051745274115365,1879,0.0003499827656495462,2.02212366234993e-07,7.664964775027031e-05,16,20,False,0.995,0.005,0.66,fixed,100,none,b05428b4-9e4c-4c24-8ea0-156090d31ad0
638,74200,15.561076164245605,1.0,1.0,1.0,0.9960959999999999,0.0,0.0,0.0,0.0,0.0,0.0,0.0,0.0,0.0,0.0,0.0,0.0,0.0,0.0,0.002,0.998,0.051745274115365,1879,0.0003504594528008351,2.0261788165810033e-07,7.675407161561785e-05,16,20,False,0.995,0.005,0.66,fixed,100,none,b05428b4-9e4c-4c24-8ea0-156090d31ad0
639,74300,15.572529554367065,1.0,1.0,1.0,0.9960959999999999,0.0,0.0,0.0,0.0,0.0,0.0,0.0,0.0,0.0,0.0,0.0,0.0,0.0,0.0,0.002,0.998,0.051745274115365,1879,0.0003516146051497868,2.031470617301847e-07,7.700703500901708e-05,16,20,False,0.995,0.005,0.66,fixed,100,none,b05428b4-9e4c-4c24-8ea0-156090d31ad0
640,74500,15.583865642547607,1.0,1.0,1.0,0.9960959999999999,0.0,0.0,0.0,0.0,0.0,0.0,0.0,0.0,0.0,0.0,0.0,0.0,0.0,0.0,0.002,0.998,0.051745274115365,1879,0.00035051629637135735,2.0237382043699189e-07,7.676646830157316e-05,16,20,False,0.995,0.005,0.66,fixed,100,none,b05428b4-9e4c-4c24-8ea0-156090d31ad0
641,74600,15.595227718353271,1.0,1.0,1.0,0.9960959999999999,0.0,0.0,0.0,0.0,0.0,0.0,0.0,0.0,0.0,0.0,0.0,0.0,0.0,0.0,0.002,0.998,0.051745274115365,1879,0.00035071971929275664,2.0202733628107892e-07,7.681093174707783e-05,16,20,False,0.995,0.005,0.66,fixed,100,none,b05428b4-9e4c-4c24-8ea0-156090d31ad0
642,74700,15.606484174728394,1.0,1.0,1.0,0.9960959999999999,0.0,0.0,0.0,0.0,0.0,0.0,0.0,0.0,0.0,0.0,0.0,0.0,0.0,0.0,0.002,0.998,0.051745274115365,1879,0.0003511840489344558,2.019986317974122e-07,7.691256805179389e-05,16,20,False,0.995,0.005,0.66,fixed,100,none,b05428b4-9e4c-4c24-8ea0-156090d31ad0
643,75000,15.617711544036865,1.0,1.0,1.0,0.9960959999999999,0.0,0.0,0.0,0.0,0.0,0.0,0.0,0.0,0.0,0.0,0.0,0.0,0.0,0.0,0.002,0.998,0.051745274115365,1879,0.0003532438332210408,2.0385095019110796e-07,7.736380677262215e-05,16,20,False,0.995,0.005,0.66,fixed,100,none,b05428b4-9e4c-4c24-8ea0-156090d31ad0
644,75100,15.62905502319336,1.0,1.0,1.0,0.9960959999999999,0.0,0.0,0.0,0.0,0.0,0.0,0.0,0.0,0.0,0.0,0.0,0.0,0.0,0.0,0.002,0.998,0.051745274115365,1879,0.00035421405848110456,2.0640209942626228e-07,7.757667380040477e-05,16,20,False,0.995,0.005,0.66,fixed,100,none,b05428b4-9e4c-4c24-8ea0-156090d31ad0
645,75200,15.64091444015503,1.0,1.0,1.0,0.9960959999999999,0.0,0.0,0.0,0.0,0.0,0.0,0.0,0.0,0.0,0.0,0.0,0.0,0.0,0.0,0.002,0.998,0.051745274115365,1879,0.00035535927341176607,2.0720415193779824e-07,7.782751373870378e-05,16,20,False,0.995,0.005,0.66,fixed,100,none,b05428b4-9e4c-4c24-8ea0-156090d31ad0
646,75300,15.652431726455688,1.0,1.0,1.0,0.9960959999999999,0.0,0.0,0.0,0.0,0.0,0.0,0.0,0.0,0.0,0.0,0.0,0.0,0.0,0.0,0.002,0.998,0.051745274115365,1879,0.00035558219903187563,2.070219382705277e-07,7.787627753634898e-05,16,20,False,0.995,0.005,0.66,fixed,100,none,b05428b4-9e4c-4c24-8ea0-156090d31ad0
647,75400,15.664021492004395,1.0,1.0,1.0,0.9960959999999999,0.0,0.0,0.0,0.0,0.0,0.0,0.0,0.0,0.0,0.0,0.0,0.0,0.0,0.0,0.002,0.998,0.0513612395130943,1880,0.0003566036876634826,2.0793336402187763e-07,7.810005456870051e-05,16,20,False,0.995,0.005,0.66,fixed,100,none,b05428b4-9e4c-4c24-8ea0-156090d31ad0
648,75700,15.676025867462158,1.0,1.0,1.0,0.9960959999999999,0.0,0.0,0.0,0.0,0.0,0.0,0.0,0.0,0.0,0.0,0.0,0.0,0.0,0.0,0.002,0.998,0.0513612395130943,1880,0.00035490855239692234,2.0751118268148214e-07,7.772890924439578e-05,16,20,False,0.995,0.005,0.66,fixed,100,none,b05428b4-9e4c-4c24-8ea0-156090d31ad0
649,75800,15.687384366989136,1.0,1.0,1.0,0.9960959999999999,0.0,0.0,0.0,0.0,0.0,0.0,0.0,0.0,0.0,0.0,0.0,0.0,0.0,0.0,0.002,0.998,0.0513612395130943,1880,0.00035398757942839003,2.0742253027635898e-07,7.752729141762708e-05,16,20,False,0.995,0.005,0.66,fixed,100,none,b05428b4-9e4c-4c24-8ea0-156090d31ad0
650,75900,15.69856071472168,1.0,1.0,1.0,0.9960959999999999,0.0,0.0,0.0,0.0,0.0,0.0,0.0,0.0,0.0,0.0,0.0,0.0,0.0,0.0,0.002,0.998,0.0513612395130943,1880,0.00035455844557958044,2.0846469256129231e-07,7.765245202895681e-05,16,20,False,0.995,0.005,0.66,fixed,100,none,b05428b4-9e4c-4c24-8ea0-156090d31ad0
651,76000,15.710798740386963,1.0,1.0,1.0,0.9960959999999999,0.0,0.0,0.0,0.0,0.0,0.0,0.0,0.0,0.0,0.0,0.0,0.0,0.0,0.0,0.002,0.998,0.0513612395130943,1880,0.00035477857760185907,2.0857420770230809e-07,7.77006597365104e-05,16,20,False,0.995,0.005,0.66,fixed,100,none,b05428b4-9e4c-4c24-8ea0-156090d31ad0
652,76100,15.722956657409668,1.0,1.0,1.0,0.9960959999999999,0.0,0.0,0.0,0.0,0.0,0.0,0.0,0.0,0.0,0.0,0.0,0.0,0.0,0.0,0.002,0.998,0.0513612395130943,1880,0.0003547160985944104,2.0836771395650896e-07,7.768694384796818e-05,16,20,False,0.995,0.005,0.66,fixed,100,none,b05428b4-9e4c-4c24-8ea0-156090d31ad0
653,76400,15.734641790390015,1.0,1.0,1.0,0.9960959999999999,0.0,0.0,0.0,0.0,0.0,0.0,0.0,0.0,0.0,0.0,0.0,0.0,0.0,0.0,0.002,0.998,0.0513612395130943,1880,0.00035783328623584465,2.10978009867719e-07,7.836979217890126e-05,16,20,False,0.995,0.005,0.66,fixed,100,none,b05428b4-9e4c-4c24-8ea0-156090d31ad0
654,76500,15.747228622436523,1.0,1.0,1.0,0.9960959999999999,0.0,0.0,0.0,0.0,0.0,0.0,0.0,0.0,0.0,0.0,0.0,0.0,0.0,0.0,0.002,0.998,0.0513612395130943,1880,0.00035693523992781,2.1106140773852578e-07,7.817322568766793e-05,16,20,False,0.995,0.005,0.66,fixed,100,none,b05428b4-9e4c-4c24-8ea0-156090d31ad0
655,76800,15.760018110275269,1.0,1.0,1.0,0.9960959999999999,0.0,0.0,0.0,0.0,0.0,0.0,0.0,0.0,0.0,0.0,0.0,0.0,0.0,0.0,0.002,0.998,0.05097620089879156,1881,0.00035824357050882584,2.1212598532067508e-07,7.84598215215929e-05,16,20,False,0.995,0.005,0.66,fixed,100,none,b05428b4-9e4c-4c24-8ea0-156090d31ad0
656,76900,15.77194619178772,1.0,1.0,1.0,0.9960959999999999,0.0,0.0,0.0,0.0,0.0,0.0,0.0,0.0,0.0,0.0,0.0,0.0,0.0,0.0,0.002,0.998,0.05097620089879156,1881,0.00035824357050882584,2.1212598532067508e-07,7.84598215215929e-05,16,20,False,0.995,0.005,0.66,fixed,100,none,b05428b4-9e4c-4c24-8ea0-156090d31ad0
657,77000,15.78276515007019,1.0,1.0,1.0,0.9960959999999999,0.0,0.0,0.0,0.0,0.0,0.0,0.0,0.0,0.0,0.0,0.0,0.0,0.0,0.0,0.002,0.998,0.0513612395130943,1880,0.00035998409281041825,2.131115442889868e-07,7.884100910961546e-05,16,20,False,0.995,0.005,0.66,fixed,100,none,b05428b4-9e4c-4c24-8ea0-156090d31ad0
658,77100,15.793590545654297,1.0,1.0,1.0,0.9960959999999999,0.0,0.0,0.0,0.0,0.0,0.0,0.0,0.0,0.0,0.0,0.0,0.0,0.0,0.0,0.002,0.998,0.05097620089879156,1881,0.00035914728434883596,2.1233373538731399e-07,7.865768395368378e-05,16,20,False,0.995,0.005,0.66,fixed,100,none,b05428b4-9e4c-4c24-8ea0-156090d31ad0
659,77200,15.804570198059082,1.0,1.0,1.0,0.9960959999999999,0.0,0.0,0.0,0.0,0.0,0.0,0.0,0.0,0.0,0.0,0.0,0.0,0.0,0.0,0.002,0.998,0.05097620089879156,1881,0.00035961845244711024,2.1291065911761735e-07,7.876093226590479e-05,16,20,False,0.995,0.005,0.66,fixed,100,none,b05428b4-9e4c-4c24-8ea0-156090d31ad0
660,77500,15.815441370010376,1.0,1.0,1.0,0.9960959999999999,0.0,0.0,0.0,0.0,0.0,0.0,0.0,0.0,0.0,0.0,0.0,0.0,0.0,0.0,0.002,0.998,0.0513612395130943,1880,0.0003602594976085045,2.1189030275354471e-07,7.890106318402482e-05,16,20,False,0.995,0.005,0.66,fixed,100,none,b05428b4-9e4c-4c24-8ea0-156090d31ad0
661,77600,15.826446771621704,1.0,1.0,1.0,0.9960959999999999,0.0,0.0,0.0,0.0,0.0,0.0,0.0,0.0,0.0,0.0,0.0,0.0,0.0,0.0,0.002,0.998,0.0513612395130943,1880,0.0003598550358363423,2.1185166040845201e-07,7.881251916005294e-05,16,20,False,0.995,0.005,0.66,fixed,100,none,b05428b4-9e4c-4c24-8ea0-156090d31ad0
662,77700,15.837483882904053,1.0,1.0,1.0,0.9960959999999999,0.0,0.0,0.0,0.0,0.0,0.0,0.0,0.0,0.0,0.0,0.0,0.0,0.0,0.0,0.002,0.998,0.0513612395130943,1880,0.0003588574725128195,2.1076153747582373e-07,7.859394542517661e-05,16,20,False,0.995,0.005,0.66,fixed,100,none,b05428b4-9e4c-4c24-8ea0-156090d31ad0
663,77800,15.848708391189575,1.0,1.0,1.0,0.9960959999999999,0.0,0.0,0.0,0.0,0.0,0.0,0.0,0.0,0.0,0.0,0.0,0.0,0.0,0.0,0.002,0.998,0.05097620089879156,1881,0.0003589646310342471,2.1142022764935272e-07,7.861752757665006e-05,16,20,False,0.995,0.005,0.66,fixed,100,none,b05428b4-9e4c-4c24-8ea0-156090d31ad0
664,77900,15.859755754470825,1.0,1.0,1.0,0.9960959999999999,0.0,0.0,0.0,0.0,0.0,0.0,0.0,0.0,0.0,0.0,0.0,0.0,0.0,0.0,0.002,0.998,0.05097620089879156,1881,0.0003596016497454084,2.1142266820237035e-07,7.875697143622835e-05,16,20,False,0.995,0.005,0.66,fixed,100,none,b05428b4-9e4c-4c24-8ea0-156090d31ad0
665,78200,15.870767831802368,1.0,1.0,1.0,0.9960959999999999,0.0,0.0,0.0,0.0,0.0,0.0,0.0,0.0,0.0,0.0,0.0,0.0,0.0,0.0,0.002,0.998,0.05097620089879156,1881,0.000359807122961141,2.1279004981386426e-07,7.88022093256584e-05,16,20,False,0.995,0.005,0.66,fixed,100,none,b05428b4-9e4c-4c24-8ea0-156090d31ad0
666,78300,15.881720304489136,1.0,1.0,1.0,0.9960959999999999,0.0,0.0,0.0,0.0,0.0,0.0,0.0,0.0,0.0,0.0,0.0,0.0,0.0,0.0,0.002,0.998,0.05097620089879156,1881,0.0003609208012980998,2.129388166383389e-07,7.904602177931533e-05,16,20,False,0.995,0.005,0.66,fixed,100,none,b05428b4-9e4c-4c24-8ea0-156090d31ad0
667,78400,15.89283299446106,1.0,1.0,1.0,0.9960959999999999,0.0,0.0,0.0,0.0,0.0,0.0,0.0,0.0,0.0,0.0,0.0,0.0,0.0,0.0,0.002,0.998,0.05097620089879156,1881,0.0003607869727887323,2.1227741262841613e-07,7.90166010518529e-05,16,20,False,0.995,0.005,0.66,fixed,100,none,b05428b4-9e4c-4c24-8ea0-156090d31ad0
668,78600,15.903977394104004,1.0,1.0,1.0,0.9960959999999999,0.0,0.0,0.0,0.0,0.0,0.0,0.0,0.0,0.0,0.0,0.0,0.0,0.0,0.0,0.002,0.998,0.050590158272456734,1882,0.00036284580043906034,2.1334876433730973e-07,7.94674819813344e-05,16,20,False,0.995,0.005,0.66,fixed,100,none,b05428b4-9e4c-4c24-8ea0-156090d31ad0
669,78700,15.91499400138855,1.0,1.0,1.0,0.9960959999999999,0.0,0.0,0.0,0.0,0.0,0.0,0.0,0.0,0.0,0.0,0.0,0.0,0.0,0.0,0.002,0.998,0.050590158272456734,1882,0.0003627211968399891,2.1332575188104358e-07,7.944020188113102e-05,16,20,False,0.995,0.005,0.66,fixed,100,none,b05428b4-9e4c-4c24-8ea0-156090d31ad0
670,78900,15.926060676574707,1.0,1.0,1.0,0.9960959999999999,0.0,0.0,0.0,0.0,0.0,0.0,0.0,0.0,0.0,0.0,0.0,0.0,0.0,0.0,0.002,0.998,0.05097620089879156,1881,0.0003634179744519062,2.1493378401042313e-07,7.959303202648426e-05,16,20,False,0.995,0.005,0.66,fixed,100,none,b05428b4-9e4c-4c24-8ea0-156090d31ad0
671,79000,15.937257051467896,1.0,1.0,1.0,0.9960959999999999,0.0,0.0,0.0,0.0,0.0,0.0,0.0,0.0,0.0,0.0,0.0,0.0,0.0,0.0,0.002,0.998,0.05097620089879156,1881,0.0003629649194956529,2.1464892232844956e-07,7.949380417284083e-05,16,20,False,0.995,0.005,0.66,fixed,100,none,b05428b4-9e4c-4c24-8ea0-156090d31ad0
672,79300,15.948349475860596,1.0,1.0,1.0,0.9960959999999999,0.0,0.0,0.0,0.0,0.0,0.0,0.0,0.0,0.0,0.0,0.0,0.0,0.0,0.0,0.002,0.998,0.0513612395130943,1880,0.0003642219494730608,2.1557312755331112e-07,7.976914363388814e-05,16,20,False,0.995,0.005,0.66,fixed,100,none,b05428b4-9e4c-4c24-8ea0-156090d31ad0
673,79400,15.959366083145142,1.0,1.0,1.0,0.9960959999999999,0.0,0.0,0.0,0.0,0.0,0.0,0.0,0.0,0.0,0.0,0.0,0.0,0.0,0.0,0.002,0.998,0.0513612395130943,1880,0.00036460111585086546,2.1573064798651948e-07,7.98521730828719e-05,16,20,False,0.995,0.005,0.66,fixed,100,none,b05428b4-9e4c-4c24-8ea0-156090d31ad0
674,79600,15.970306158065796,1.0,1.0,1.0,0.9960959999999999,0.0,0.0,0.0,0.0,0.0,0.0,0.0,0.0,0.0,0.0,0.0,0.0,0.0,0.0,0.002,0.998,0.0513612395130943,1880,0.00036551406952725065,2.1615947809323544e-07,8.005210012035288e-05,16,20,False,0.995,0.005,0.66,fixed,100,none,b05428b4-9e4c-4c24-8ea0-156090d31ad0
675,79700,15.981222867965698,1.0,1.0,1.0,0.9960959999999999,0.0,0.0,0.0,0.0,0.0,0.0,0.0,0.0,0.0,0.0,0.0,0.0,0.0,0.0,0.002,0.998,0.0513612395130943,1880,0.000365107484904297,2.1584969408745413e-07,7.996303988742723e-05,16,20,False,0.995,0.005,0.66,fixed,100,none,b05428b4-9e4c-4c24-8ea0-156090d31ad0
676,80000,15.9922513961792,1.0,1.0,1.0,0.9960959999999999,0.0,0.0,0.0,0.0,0.0,0.0,0.0,0.0,0.0,0.0,0.0,0.0,0.0,0.0,0.002,0.998,0.0513612395130943,1880,0.0003654129667789646,2.1590616835797698e-07,8.002992059990336e-05,16,20,False,0.995,0.005,0.66,fixed,100,none,b05428b4-9e4c-4c24-8ea0-156090d31ad0
677,80100,16.003178358078003,1.0,1.0,1.0,0.9960959999999999,0.0,0.0,0.0,0.0,0.0,0.0,0.0,0.0,0.0,0.0,0.0,0.0,0.0,0.0,0.002,0.998,0.0513612395130943,1880,0.0003669893731768356,2.1655773754751024e-07,8.037511975854335e-05,16,20,False,0.995,0.005,0.66,fixed,100,none,b05428b4-9e4c-4c24-8ea0-156090d31ad0
678,80200,16.014204502105713,1.0,1.0,1.0,0.9960959999999999,0.0,0.0,0.0,0.0,0.0,0.0,0.0,0.0,0.0,0.0,0.0,0.0,0.0,0.0,0.002,0.998,0.0513612395130943,1880,0.00036700593605649105,2.161231328087522e-07,8.037866279799956e-05,16,20,False,0.995,0.005,0.66,fixed,100,none,b05428b4-9e4c-4c24-8ea0-156090d31ad0
679,80300,16.025201559066772,1.0,1.0,1.0,0.9960959999999999,0.0,0.0,0.0,0.0,0.0,0.0,0.0,0.0,0.0,0.0,0.0,0.0,0.0,0.0,0.002,0.998,0.0513612395130943,1880,0.00036707684262254285,2.1604689005381886e-07,8.039416975918486e-05,16,20,False,0.995,0.005,0.66,fixed,100,none,b05428b4-9e4c-4c24-8ea0-156090d31ad0
680,80400,16.036123991012573,1.0,1.0,1.0,0.9960959999999999,0.0,0.0,0.0,0.0,0.0,0.0,0.0,0.0,0.0,0.0,0.0,0.0,0.0,0.0,0.002,0.998,0.0513612395130943,1880,0.0003684148217533177,2.1779123909788685e-07,8.068738481722983e-05,16,20,False,0.995,0.005,0.66,fixed,100,none,b05428b4-9e4c-4c24-8ea0-156090d31ad0
681,80500,16.04709243774414,1.0,1.0,1.0,0.9960959999999999,0.0,0.0,0.0,0.0,0.0,0.0,0.0,0.0,0.0,0.0,0.0,0.0,0.0,0.0,0.002,0.998,0.0513612395130943,1880,0.00036889391718846474,2.1841579165852494e-07,8.079237747297006e-05,16,20,False,0.995,0.005,0.66,fixed,100,none,b05428b4-9e4c-4c24-8ea0-156090d31ad0
682,80700,16.058125495910645,1.0,1.0,1.0,0.9960959999999999,0.0,0.0,0.0,0.0,0.0,0.0,0.0,0.0,0.0,0.0,0.0,0.0,0.0,0.0,0.002,0.998,0.0513612395130943,1880,0.00036642215713940434,2.1566924197246103e-07,8.025078735379037e-05,16,20,False,0.995,0.005,0.66,fixed,100,none,b05428b4-9e4c-4c24-8ea0-156090d31ad0
683,80800,16.069069147109985,1.0,1.0,1.0,0.9960959999999999,0.0,0.0,0.0,0.0,0.0,0.0,0.0,0.0,0.0,0.0,0.0,0.0,0.0,0.0,0.002,0.998,0.05097620089879156,1881,0.0003663596318076661,2.1729696719228233e-07,8.023740982646465e-05,16,20,False,0.995,0.005,0.66,fixed,100,none,b05428b4-9e4c-4c24-8ea0-156090d31ad0
684,80900,16.079952716827393,1.0,1.0,1.0,0.9960959999999999,0.0,0.0,0.0,0.0,0.0,0.0,0.0,0.0,0.0,0.0,0.0,0.0,0.0,0.0,0.002,0.998,0.05097620089879156,1881,0.0003663596318076661,2.1729696719228233e-07,8.023740982646465e-05,16,20,False,0.995,0.005,0.66,fixed,100,none,b05428b4-9e4c-4c24-8ea0-156090d31ad0
685,81000,16.090774536132812,1.0,1.0,1.0,0.9960959999999999,0.0,0.0,0.0,0.0,0.0,0.0,0.0,0.0,0.0,0.0,0.0,0.0,0.0,0.0,0.002,0.998,0.05097620089879156,1881,0.00036607393983350146,2.174079101968973e-07,8.017489293249088e-05,16,20,False,0.995,0.005,0.66,fixed,100,none,b05428b4-9e4c-4c24-8ea0-156090d31ad0
686,81100,16.101638078689575,1.0,1.0,1.0,0.9960959999999999,0.0,0.0,0.0,0.0,0.0,0.0,0.0,0.0,0.0,0.0,0.0,0.0,0.0,0.0,0.002,0.998,0.05097620089879156,1881,0.00036607393983350146,2.174079101968973e-07,8.017489293249088e-05,16,20,False,0.995,0.005,0.66,fixed,100,none,b05428b4-9e4c-4c24-8ea0-156090d31ad0
687,81200,16.1125431060791,1.0,1.0,1.0,0.9960959999999999,0.0,0.0,0.0,0.0,0.0,0.0,0.0,0.0,0.0,0.0,0.0,0.0,0.0,0.0,0.002,0.998,0.05097620089879156,1881,0.00036756564128016513,2.1896390059834538e-07,8.050172201734184e-05,16,20,False,0.995,0.005,0.66,fixed,100,none,b05428b4-9e4c-4c24-8ea0-156090d31ad0
688,81400,16.123441219329834,1.0,1.0,1.0,0.9960959999999999,0.0,0.0,0.0,0.0,0.0,0.0,0.0,0.0,0.0,0.0,0.0,0.0,0.0,0.0,0.002,0.998,0.05097620089879156,1881,0.00036948473887088245,2.1961770173766083e-07,8.092193670216632e-05,16,20,False,0.995,0.005,0.66,fixed,100,none,b05428b4-9e4c-4c24-8ea0-156090d31ad0
689,81500,16.134381532669067,1.0,1.0,1.0,0.9960959999999999,0.0,0.0,0.0,0.0,0.0,0.0,0.0,0.0,0.0,0.0,0.0,0.0,0.0,0.0,0.002,0.998,0.05097620089879156,1881,0.0003710997009385262,2.2151116157777087e-07,8.127581165614316e-05,16,20,False,0.995,0.005,0.66,fixed,100,none,b05428b4-9e4c-4c24-8ea0-156090d31ad0
690,81600,16.145337343215942,1.0,1.0,1.0,0.9960959999999999,0.0,0.0,0.0,0.0,0.0,0.0,0.0,0.0,0.0,0.0,0.0,0.0,0.0,0.0,0.002,0.998,0.05097620089879156,1881,0.00037033328993343136,2.2079246670300837e-07,8.11079077351017e-05,16,20,False,0.995,0.005,0.66,fixed,100,none,b05428b4-9e4c-4c24-8ea0-156090d31ad0
691,81700,16.156150341033936,1.0,1.0,1.0,0.9960959999999999,0.0,0.0,0.0,0.0,0.0,0.0,0.0,0.0,0.0,0.0,0.0,0.0,0.0,0.0,0.002,0.998,0.0513612395130943,1880,0.00037061253265103,2.2030260865012928e-07,8.1168940892954e-05,16,20,False,0.995,0.005,0.66,fixed,100,none,b05428b4-9e4c-4c24-8ea0-156090d31ad0
692,81800,16.16690182685852,1.0,1.0,1.0,0.9960959999999999,0.0,0.0,0.0,0.0,0.0,0.0,0.0,0.0,0.0,0.0,0.0,0.0,0.0,0.0,0.002,0.998,0.05097620089879156,1881,0.00037140588257919256,2.2096084274992237e-07,8.134273025670773e-05,16,20,False,0.995,0.005,0.66,fixed,100,none,b05428b4-9e4c-4c24-8ea0-156090d31ad0
693,81900,16.178699254989624,1.0,1.0,1.0,0.9960959999999999,0.0,0.0,0.0,0.0,0.0,0.0,0.0,0.0,0.0,0.0,0.0,0.0,0.0,0.0,0.002,0.998,0.05097620089879156,1881,0.00037055699109218236,2.205087583298093e-07,8.115682201416138e-05,16,20,False,0.995,0.005,0.66,fixed,100,none,b05428b4-9e4c-4c24-8ea0-156090d31ad0
694,82200,16.189505100250244,1.0,1.0,1.0,0.9960959999999999,0.0,0.0,0.0,0.0,0.0,0.0,0.0,0.0,0.0,0.0,0.0,0.0,0.0,0.0,0.002,0.998,0.0513612395130943,1880,0.0003709731085563782,2.2246398703764644e-07,8.124828162052835e-05,16,20,False,0.995,0.005,0.66,fixed,100,none,b05428b4-9e4c-4c24-8ea0-156090d31ad0
695,82300,16.20029330253601,1.0,1.0,1.0,0.9960959999999999,0.0,0.0,0.0,0.0,0.0,0.0,0.0,0.0,0.0,0.0,0.0,0.0,0.0,0.0,0.002,0.998,0.0513612395130943,1880,0.0003710069269199533,2.226209795438118e-07,8.12557142888911e-05,16,20,False,0.995,0.005,0.66,fixed,100,none,b05428b4-9e4c-4c24-8ea0-156090d31ad0
696,82500,16.211084365844727,1.0,1.0,1.0,0.9960959999999999,0.0,0.0,0.0,0.0,0.0,0.0,0.0,0.0,0.0,0.0,0.0,0.0,0.0,0.0,0.002,0.998,0.05097620089879156,1881,0.00037044736525139265,2.236699048060431e-07,8.113342553544301e-05,16,20,False,0.995,0.005,0.66,fixed,100,none,b05428b4-9e4c-4c24-8ea0-156090d31ad0
697,82600,16.221866607666016,1.0,1.0,1.0,0.9960959999999999,0.0,0.0,0.0,0.0,0.0,0.0,0.0,0.0,0.0,0.0,0.0,0.0,0.0,0.0,0.002,0.998,0.05097620089879156,1881,0.00037044736525139265,2.236699048060431e-07,8.113342553544301e-05,16,20,False,0.995,0.005,0.66,fixed,100,none,b05428b4-9e4c-4c24-8ea0-156090d31ad0
698,82900,16.23256230354309,1.0,1.0,1.0,0.9960959999999999,0.0,0.0,0.0,0.0,0.0,0.0,0.0,0.0,0.0,0.0,0.0,0.0,0.0,0.0,0.002,0.998,0.050590158272456734,1882,0.00037095963466096367,2.2352039232300527e-07,8.124553290182633e-05,16,20,False,0.995,0.005,0.66,fixed,100,none,b05428b4-9e4c-4c24-8ea0-156090d31ad0
699,83000,16.243280172348022,1.0,1.0,1.0,0.9960959999999999,0.0,0.0,0.0,0.0,0.0,0.0,0.0,0.0,0.0,0.0,0.0,0.0,0.0,0.0,0.002,0.998,0.050590158272456734,1882,0.00037129486715218,2.2365854822292155e-07,8.131894154377457e-05,16,20,False,0.995,0.005,0.66,fixed,100,none,b05428b4-9e4c-4c24-8ea0-156090d31ad0
700,83200,16.253989696502686,1.0,1.0,1.0,0.9960959999999999,0.0,0.0,0.0,0.0,0.0,0.0,0.0,0.0,0.0,0.0,0.0,0.0,0.0,0.0,0.002,0.998,0.050590158272456734,1882,0.0003742041264551383,2.259391083825644e-07,8.195621171162246e-05,16,20,False,0.995,0.005,0.66,fixed,100,none,b05428b4-9e4c-4c24-8ea0-156090d31ad0
701,83300,16.264718055725098,1.0,1.0,1.0,0.9960959999999999,0.0,0.0,0.0,0.0,0.0,0.0,0.0,0.0,0.0,0.0,0.0,0.0,0.0,0.0,0.002,0.998,0.050590158272456734,1882,0.0003741540663369513,2.2571319745226078e-07,8.194521062867458e-05,16,20,False,0.995,0.005,0.66,fixed,100,none,b05428b4-9e4c-4c24-8ea0-156090d31ad0
702,83600,16.275503396987915,1.0,1.0,1.0,0.9960959999999999,0.0,0.0,0.0,0.0,0.0,0.0,0.0,0.0,0.0,0.0,0.0,0.0,0.0,0.0,0.002,0.998,0.050590158272456734,1882,0.0003755886784082766,2.2698967740189304e-07,8.225948974227812e-05,16,20,False,0.995,0.005,0.66,fixed,100,none,b05428b4-9e4c-4c24-8ea0-156090d31ad0
703,83700,16.286257028579712,1.0,1.0,1.0,0.9960959999999999,0.0,0.0,0.0,0.0,0.0,0.0,0.0,0.0,0.0,0.0,0.0,0.0,0.0,0.0,0.002,0.998,0.050590158272456734,1882,0.0003763021521685558,2.274082779950731e-07,8.241574868251594e-05,16,20,False,0.995,0.005,0.66,fixed,100,none,b05428b4-9e4c-4c24-8ea0-156090d31ad0
704,84000,16.297104358673096,1.0,1.0,1.0,0.9960959999999999,0.0,0.0,0.0,0.0,0.0,0.0,0.0,0.0,0.0,0.0,0.0,0.0,0.0,0.0,0.002,0.998,0.05097620089879156,1881,0.00037574707908160173,2.2786266932280894e-07,8.229432951813395e-05,16,20,False,0.995,0.005,0.66,fixed,100,none,b05428b4-9e4c-4c24-8ea0-156090d31ad0
705,84100,16.30804467201233,1.0,1.0,1.0,0.9960959999999999,0.0,0.0,0.0,0.0,0.0,0.0,0.0,0.0,0.0,0.0,0.0,0.0,0.0,0.0,0.002,0.998,0.050590158272456734,1882,0.00037702788267481263,2.299633255358896e-07,8.257509654936831e-05,16,20,False,0.995,0.005,0.66,fixed,100,none,b05428b4-9e4c-4c24-8ea0-156090d31ad0
706,84300,16.31894540786743,1.0,1.0,1.0,0.9960959999999999,0.0,0.0,0.0,0.0,0.0,0.0,0.0,0.0,0.0,0.0,0.0,0.0,0.0,0.0,0.002,0.998,0.050590158272456734,1882,0.00037702951235138975,2.2938943928379402e-07,8.257534424718314e-05,16,20,False,0.995,0.005,0.66,fixed,100,none,b05428b4-9e4c-4c24-8ea0-156090d31ad0
707,84400,16.329952239990234,1.0,1.0,1.0,0.9960959999999999,0.0,0.0,0.0,0.0,0.0,0.0,0.0,0.0,0.0,0.0,0.0,0.0,0.0,0.0,0.002,0.998,0.050590158272456734,1882,0.00037748797616382607,2.3012302637678706e-07,8.267584135727311e-05,16,20,False,0.995,0.005,0.66,fixed,100,none,b05428b4-9e4c-4c24-8ea0-156090d31ad0
708,84700,16.341156482696533,1.0,1.0,1.0,0.9960959999999999,0.0,0.0,0.0,0.0,0.0,0.0,0.0,0.0,0.0,0.0,0.0,0.0,0.0,0.0,0.002,0.998,0.050590158272456734,1882,0.0003777363130631357,2.3052605063742186e-07,8.273027887914152e-05,16,20,False,0.995,0.005,0.66,fixed,100,none,b05428b4-9e4c-4c24-8ea0-156090d31ad0
709,84800,16.352355003356934,1.0,1.0,1.0,0.9960959999999999,0.0,0.0,0.0,0.0,0.0,0.0,0.0,0.0,0.0,0.0,0.0,0.0,0.0,0.0,0.002,0.998,0.05097620089879156,1881,0.00037720838351920595,2.30089392916788e-07,8.261463213700838e-05,16,20,False,0.995,0.005,0.66,fixed,100,none,b05428b4-9e4c-4c24-8ea0-156090d31ad0
710,85000,16.36352300643921,1.0,1.0,1.0,0.9960959999999999,0.0,0.0,0.0,0.0,0.0,0.0,0.0,0.0,0.0,0.0,0.0,0.0,0.0,0.0,0.002,0.998,0.05059015827245674,1882,0.00037683599443694794,2.305047634969862e-07,8.253319508731234e-05,16,20,False,0.995,0.005,0.66,fixed,100,none,b05428b4-9e4c-4c24-8ea0-156090d31ad0
711,85100,16.37486243247986,1.0,1.0,1.0,0.9960959999999999,0.0,0.0,0.0,0.0,0.0,0.0,0.0,0.0,0.0,0.0,0.0,0.0,0.0,0.0,0.002,0.998,0.05059015827245674,1882,0.0003769357039646623,2.2994028781882227e-07,8.255491425255015e-05,16,20,False,0.995,0.005,0.66,fixed,100,none,b05428b4-9e4c-4c24-8ea0-156090d31ad0
712,85400,16.386114835739136,1.0,1.0,1.0,0.9960959999999999,0.0,0.0,0.0,0.0,0.0,0.0,0.0,0.0,0.0,0.0,0.0,0.0,0.0,0.0,0.002,0.998,0.05097620089879156,1881,0.0003777606890477093,2.3126983302604548e-07,8.273575610081852e-05,16,20,False,0.995,0.005,0.66,fixed,100,none,b05428b4-9e4c-4c24-8ea0-156090d31ad0
713,85500,16.39723563194275,1.0,1.0,1.0,0.9960959999999999,0.0,0.0,0.0,0.0,0.0,0.0,0.0,0.0,0.0,0.0,0.0,0.0,0.0,0.0,0.002,0.998,0.050590158272456734,1882,0.0003784892656665012,2.3190103357298178e-07,8.289536145077599e-05,16,20,False,0.995,0.005,0.66,fixed,100,none,b05428b4-9e4c-4c24-8ea0-156090d31ad0
714,85700,16.40842032432556,1.0,1.0,1.0,0.9960959999999999,0.0,0.0,0.0,0.0,0.0,0.0,0.0,0.0,0.0,0.0,0.0,0.0,0.0,0.0,0.002,0.998,0.050590158272456734,1882,0.00038199505492833916,2.3547745693827248e-07,8.366345824063172e-05,16,20,False,0.995,0.005,0.66,fixed,100,none,b05428b4-9e4c-4c24-8ea0-156090d31ad0
715,85800,16.419402837753296,1.0,1.0,1.0,0.9960959999999999,0.0,0.0,0.0,0.0,0.0,0.0,0.0,0.0,0.0,0.0,0.0,0.0,0.0,0.0,0.002,0.998,0.050590158272456734,1882,0.0003831721421433865,2.3649475942638278e-07,8.392131591947832e-05,16,20,False,0.995,0.005,0.66,fixed,100,none,b05428b4-9e4c-4c24-8ea0-156090d31ad0
716,85900,16.430402755737305,1.0,1.0,1.0,0.9960959999999999,0.0,0.0,0.0,0.0,0.0,0.0,0.0,0.0,0.0,0.0,0.0,0.0,0.0,0.0,0.002,0.998,0.050590158272456734,1882,0.0003828862213111019,2.3616057799735506e-07,8.385866435481972e-05,16,20,False,0.995,0.005,0.66,fixed,100,none,b05428b4-9e4c-4c24-8ea0-156090d31ad0
717,86100,16.441731214523315,1.0,1.0,1.0,0.9960959999999999,0.0,0.0,0.0,0.0,0.0,0.0,0.0,0.0,0.0,0.0,0.0,0.0,0.0,0.0,0.002,0.998,0.04981506098369082,1884,0.0003837817932979344,2.3873932616757686e-07,8.405519502488969e-05,16,20,False,0.995,0.005,0.66,fixed,100,none,b05428b4-9e4c-4c24-8ea0-156090d31ad0
718,86200,16.45300555229187,1.0,1.0,1.0,0.9960959999999999,0.0,0.0,0.0,0.0,0.0,0.0,0.0,0.0,0.0,0.0,0.0,0.0,0.0,0.0,0.002,0.998,0.04981506098369082,1884,0.0003837817932979344,2.3873932616757686e-07,8.405519502488969e-05,16,20,False,0.995,0.005,0.66,fixed,100,none,b05428b4-9e4c-4c24-8ea0-156090d31ad0
719,86400,16.464298486709595,1.0,1.0,1.0,0.9960959999999999,0.0,0.0,0.0,0.0,0.0,0.0,0.0,0.0,0.0,0.0,0.0,0.0,0.0,0.0,0.002,0.998,0.05020311163408981,1883,0.0003857080108360452,2.4053639384081297e-07,8.447718548684005e-05,16,20,False,0.995,0.005,0.66,fixed,100,none,b05428b4-9e4c-4c24-8ea0-156090d31ad0
720,86500,16.475542306900024,1.0,1.0,1.0,0.9960959999999999,0.0,0.0,0.0,0.0,0.0,0.0,0.0,0.0,0.0,0.0,0.0,0.0,0.0,0.0,0.002,0.998,0.05020311163408981,1883,0.0003857915408477284,2.406218746012982e-07,8.4495486447742e-05,16,20,False,0.995,0.005,0.66,fixed,100,none,b05428b4-9e4c-4c24-8ea0-156090d31ad0
721,86600,16.486599922180176,1.0,1.0,1.0,0.9960959999999999,0.0,0.0,0.0,0.0,0.0,0.0,0.0,0.0,0.0,0.0,0.0,0.0,0.0,0.0,0.002,0.998,0.050590158272456734,1882,0.0003864742831623044,2.4160428629051555e-07,8.464512539862363e-05,16,20,False,0.995,0.005,0.66,fixed,100,none,b05428b4-9e4c-4c24-8ea0-156090d31ad0
722,86800,16.49759292602539,1.0,1.0,1.0,0.9960959999999999,0.0,0.0,0.0,0.0,0.0,0.0,0.0,0.0,0.0,0.0,0.0,0.0,0.0,0.0,0.002,0.998,0.050590158272456734,1882,0.0003867706013228445,2.4262875574907203e-07,8.471018409316299e-05,16,20,False,0.995,0.005,0.66,fixed,100,none,b05428b4-9e4c-4c24-8ea0-156090d31ad0
723,86900,16.508413553237915,1.0,1.0,1.0,0.9960959999999999,0.0,0.0,0.0,0.0,0.0,0.0,0.0,0.0,0.0,0.0,0.0,0.0,0.0,0.0,0.002,0.998,0.050590158272456734,1882,0.0003871086381924351,2.4298069724821015e-07,8.478424723280121e-05,16,20,False,0.995,0.005,0.66,fixed,100,none,b05428b4-9e4c-4c24-8ea0-156090d31ad0
724,87100,16.519253492355347,1.0,1.0,1.0,0.9960959999999999,0.0,0.0,0.0,0.0,0.0,0.0,0.0,0.0,0.0,0.0,0.0,0.0,0.0,0.0,0.002,0.998,0.050590158272456734,1882,0.00038959562990433606,2.4506744180426556e-07,8.532904620000198e-05,16,20,False,0.995,0.005,0.66,fixed,100,none,b05428b4-9e4c-4c24-8ea0-156090d31ad0
725,87200,16.530137062072754,1.0,1.0,1.0,0.9960959999999999,0.0,0.0,0.0,0.0,0.0,0.0,0.0,0.0,0.0,0.0,0.0,0.0,0.0,0.0,0.002,0.998,0.05020311163408981,1883,0.0003903270357687317,2.4491188565147845e-07,8.548912138804916e-05,16,20,False,0.995,0.005,0.66,fixed,100,none,b05428b4-9e4c-4c24-8ea0-156090d31ad0
726,87300,16.54137110710144,1.0,1.0,1.0,0.9960959999999999,0.0,0.0,0.0,0.0,0.0,0.0,0.0,0.0,0.0,0.0,0.0,0.0,0.0,0.0,0.002,0.998,0.05020311163408981,1883,0.00039064866017909385,2.449259358751849e-07,8.555952764101995e-05,16,20,False,0.995,0.005,0.66,fixed,100,none,b05428b4-9e4c-4c24-8ea0-156090d31ad0
727,87600,16.5527503490448,1.0,1.0,1.0,0.9960959999999999,0.0,0.0,0.0,0.0,0.0,0.0,0.0,0.0,0.0,0.0,0.0,0.0,0.0,0.0,0.002,0.998,0.05020311163408981,1883,0.00039061235178029135,2.451306530581949e-07,8.555161862878684e-05,16,20,False,0.995,0.005,0.66,fixed,100,none,b05428b4-9e4c-4c24-8ea0-156090d31ad0
728,87700,16.564088344573975,1.0,1.0,1.0,0.9960959999999999,0.0,0.0,0.0,0.0,0.0,0.0,0.0,0.0,0.0,0.0,0.0,0.0,0.0,0.0,0.002,0.998,0.05097620089879156,1881,0.000390959308733228,2.4471571973050124e-07,8.562748866845241e-05,16,20,False,0.995,0.005,0.66,fixed,100,none,b05428b4-9e4c-4c24-8ea0-156090d31ad0
729,87800,16.575350046157837,1.0,1.0,1.0,0.9960959999999999,0.0,0.0,0.0,0.0,0.0,0.0,0.0,0.0,0.0,0.0,0.0,0.0,0.0,0.0,0.002,0.998,0.05097620089879156,1881,0.00039257460526090436,2.462811037328548e-07,8.598137450132122e-05,16,20,False,0.995,0.005,0.66,fixed,100,none,b05428b4-9e4c-4c24-8ea0-156090d31ad0
730,87900,16.586631536483765,1.0,1.0,1.0,0.9960959999999999,0.0,0.0,0.0,0.0,0.0,0.0,0.0,0.0,0.0,0.0,0.0,0.0,0.0,0.0,0.002,0.998,0.05097620089879156,1881,0.0003931158715576642,2.459234589184618e-07,8.60997897411672e-05,16,20,False,0.995,0.005,0.66,fixed,100,none,b05428b4-9e4c-4c24-8ea0-156090d31ad0
731,88000,16.59784507751465,1.0,1.0,1.0,0.9960959999999999,0.0,0.0,0.0,0.0,0.0,0.0,0.0,0.0,0.0,0.0,0.0,0.0,0.0,0.0,0.002,0.998,0.050590158272456734,1882,0.00039407398158721504,2.4718635216622363e-07,8.630975997635296e-05,16,20,False,0.995,0.005,0.66,fixed,100,none,b05428b4-9e4c-4c24-8ea0-156090d31ad0
732,88300,16.60908555984497,1.0,1.0,1.0,0.9960959999999999,0.0,0.0,0.0,0.0,0.0,0.0,0.0,0.0,0.0,0.0,0.0,0.0,0.0,0.0,0.002,0.998,0.050590158272456734,1882,0.0003951011605610274,2.472726732855202e-07,8.653462585473315e-05,16,20,False,0.995,0.005,0.66,fixed,100,none,b05428b4-9e4c-4c24-8ea0-156090d31ad0
733,88400,16.620360136032104,1.0,1.0,1.0,0.9960959999999999,0.0,0.0,0.0,0.0,0.0,0.0,0.0,0.0,0.0,0.0,0.0,0.0,0.0,0.0,0.002,0.998,0.050590158272456734,1882,0.0003950683328579636,2.4678605670425436e-07,8.652734741338205e-05,16,20,False,0.995,0.005,0.66,fixed,100,none,b05428b4-9e4c-4c24-8ea0-156090d31ad0
734,88500,16.631566047668457,1.0,1.0,1.0,0.9960959999999999,0.0,0.0,0.0,0.0,0.0,0.0,0.0,0.0,0.0,0.0,0.0,0.0,0.0,0.0,0.002,0.998,0.050590158272456734,1882,0.0003953895589813708,2.4706098684710036e-07,8.659771604852303e-05,16,20,False,0.995,0.005,0.66,fixed,100,none,b05428b4-9e4c-4c24-8ea0-156090d31ad0
735,88600,16.642699003219604,1.0,1.0,1.0,0.9960959999999999,0.0,0.0,0.0,0.0,0.0,0.0,0.0,0.0,0.0,0.0,0.0,0.0,0.0,0.0,0.002,0.998,0.050590158272456734,1882,0.000394584193890104,2.469951752190565e-07,8.642140912583539e-05,16,20,False,0.995,0.005,0.66,fixed,100,none,b05428b4-9e4c-4c24-8ea0-156090d31ad0
736,88700,16.653722763061523,1.0,1.0,1.0,0.9960959999999999,0.0,0.0,0.0,0.0,0.0,0.0,0.0,0.0,0.0,0.0,0.0,0.0,0.0,0.0,0.002,0.998,0.050590158272456734,1882,0.000394584193890104,2.469951752190565e-07,8.642140912583539e-05,16,20,False,0.995,0.005,0.66,fixed,100,none,b05428b4-9e4c-4c24-8ea0-156090d31ad0
737,89000,16.664703845977783,1.0,1.0,1.0,0.9960959999999999,0.0,0.0,0.0,0.0,0.0,0.0,0.0,0.0,0.0,0.0,0.0,0.0,0.0,0.0,0.002,0.998,0.05020311163408982,1883,0.0003978817090303674,2.5212819366203807e-07,8.714421046354322e-05,16,20,False,0.995,0.005,0.66,fixed,100,none,b05428b4-9e4c-4c24-8ea0-156090d31ad0
738,89100,16.675694704055786,1.0,1.0,1.0,0.9960959999999999,0.0,0.0,0.0,0.0,0.0,0.0,0.0,0.0,0.0,0.0,0.0,0.0,0.0,0.0,0.002,0.998,0.05020311163408982,1883,0.0003974079626088462,2.51976397918833e-07,8.704047853068102e-05,16,20,False,0.995,0.005,0.66,fixed,100,none,b05428b4-9e4c-4c24-8ea0-156090d31ad0
739,89300,16.68681836128235,1.0,1.0,1.0,0.9960959999999999,0.0,0.0,0.0,0.0,0.0,0.0,0.0,0.0,0.0,0.0,0.0,0.0,0.0,0.0,0.002,0.998,0.050590158272456734,1882,0.00039901051094794735,2.524629865981723e-07,8.739136881395933e-05,16,20,False,0.995,0.005,0.66,fixed,100,none,b05428b4-9e4c-4c24-8ea0-156090d31ad0
740,89400,16.697777032852173,1.0,1.0,1.0,0.9960959999999999,0.0,0.0,0.0,0.0,0.0,0.0,0.0,0.0,0.0,0.0,0.0,0.0,0.0,0.0,0.002,0.998,0.050590158272456734,1882,0.00039995788632064203,2.541857656786193e-07,8.759907661106749e-05,16,20,False,0.995,0.005,0.66,fixed,100,none,b05428b4-9e4c-4c24-8ea0-156090d31ad0
741,89500,16.70852255821228,1.0,1.0,1.0,0.9960959999999999,0.0,0.0,0.0,0.0,0.0,0.0,0.0,0.0,0.0,0.0,0.0,0.0,0.0,0.0,0.002,0.998,0.05020311163408982,1883,0.0003999181235563735,2.5442827075495407e-07,8.75904186179336e-05,16,20,False,0.995,0.005,0.66,fixed,100,none,b05428b4-9e4c-4c24-8ea0-156090d31ad0
742,89700,16.719178199768066,1.0,1.0,1.0,0.9960959999999999,0.0,0.0,0.0,0.0,0.0,0.0,0.0,0.0,0.0,0.0,0.0,0.0,0.0,0.0,0.002,0.998,0.050590158272456734,1882,0.0004008585511847426,2.554960658763429e-07,8.779648110685668e-05,16,20,False,0.995,0.005,0.66,fixed,100,none,b05428b4-9e4c-4c24-8ea0-156090d31ad0
743,89800,16.72979760169983,1.0,1.0,1.0,0.9960959999999999,0.0,0.0,0.0,0.0,0.0,0.0,0.0,0.0,0.0,0.0,0.0,0.0,0.0,0.0,0.002,0.998,0.05059015827245674,1882,0.00040204426764732753,2.565098866758735e-07,8.805622706646841e-05,16,20,False,0.995,0.005,0.66,fixed,100,none,b05428b4-9e4c-4c24-8ea0-156090d31ad0
744,90000,16.740353107452393,1.0,1.0,1.0,0.9960959999999999,0.0,0.0,0.0,0.0,0.0,0.0,0.0,0.0,0.0,0.0,0.0,0.0,0.0,0.0,0.002,0.998,0.05020311163408981,1883,0.00040253441140278913,2.56581278670743e-07,8.816353309901799e-05,16,20,False,0.995,0.005,0.66,fixed,100,none,b05428b4-9e4c-4c24-8ea0-156090d31ad0
745,90100,16.750926971435547,1.0,1.0,1.0,0.9960959999999999,0.0,0.0,0.0,0.0,0.0,0.0,0.0,0.0,0.0,0.0,0.0,0.0,0.0,0.0,0.002,0.998,0.05020311163408981,1883,0.00040209914766219405,2.5689073000082614e-07,8.806831266195444e-05,16,20,False,0.995,0.005,0.66,fixed,100,none,b05428b4-9e4c-4c24-8ea0-156090d31ad0
746,90200,16.761579513549805,1.0,1.0,1.0,0.9960959999999999,0.0,0.0,0.0,0.0,0.0,0.0,0.0,0.0,0.0,0.0,0.0,0.0,0.0,0.0,0.002,0.998,0.05020311163408981,1883,0.00040102551337120254,2.558420777692184e-07,8.783309487173239e-05,16,20,False,0.995,0.005,0.66,fixed,100,none,b05428b4-9e4c-4c24-8ea0-156090d31ad0
747,90500,16.77213978767395,1.0,1.0,1.0,0.9960959999999999,0.0,0.0,0.0,0.0,0.0,0.0,0.0,0.0,0.0,0.0,0.0,0.0,0.0,0.0,0.002,0.998,0.05020311163408981,1883,0.0004000942970682852,2.5576220052920993e-07,8.762923644634819e-05,16,20,False,0.995,0.005,0.66,fixed,100,none,b05428b4-9e4c-4c24-8ea0-156090d31ad0
748,90600,16.78284215927124,1.0,1.0,1.0,0.9960959999999999,0.0,0.0,0.0,0.0,0.0,0.0,0.0,0.0,0.0,0.0,0.0,0.0,0.0,0.0,0.002,0.998,0.05020311163408981,1883,0.0004008454426798363,2.5720885279177736e-07,8.77939370846466e-05,16,20,False,0.995,0.005,0.66,fixed,100,none,b05428b4-9e4c-4c24-8ea0-156090d31ad0
749,90800,16.793458700180054,1.0,1.0,1.0,0.9960959999999999,0.0,0.0,0.0,0.0,0.0,0.0,0.0,0.0,0.0,0.0,0.0,0.0,0.0,0.0,0.002,0.998,0.04981506098369082,1884,0.0004020358339386376,2.576815460980977e-07,8.805460354292642e-05,16,20,False,0.995,0.005,0.66,fixed,100,none,b05428b4-9e4c-4c24-8ea0-156090d31ad0
750,90900,16.80400562286377,1.0,1.0,1.0,0.9960959999999999,0.0,0.0,0.0,0.0,0.0,0.0,0.0,0.0,0.0,0.0,0.0,0.0,0.0,0.0,0.002,0.998,0.04981506098369082,1884,0.00040285580240713084,2.5781438286816474e-07,8.82341198796659e-05,16,20,False,0.995,0.005,0.66,fixed,100,none,b05428b4-9e4c-4c24-8ea0-156090d31ad0
751,91200,16.81450343132019,1.0,1.0,1.0,0.9960959999999999,0.0,0.0,0.0,0.0,0.0,0.0,0.0,0.0,0.0,0.0,0.0,0.0,0.0,0.0,0.002,0.998,0.05020311163408982,1883,0.0004003328326359962,2.568569372611369e-07,8.768165988209919e-05,16,20,False,0.995,0.005,0.66,fixed,100,none,b05428b4-9e4c-4c24-8ea0-156090d31ad0
752,91300,16.824988842010498,1.0,1.0,1.0,0.9960959999999999,0.0,0.0,0.0,0.0,0.0,0.0,0.0,0.0,0.0,0.0,0.0,0.0,0.0,0.0,0.002,0.998,0.05020311163408982,1883,0.0004002580346624712,2.571116089902662e-07,8.76653349933231e-05,16,20,False,0.995,0.005,0.66,fixed,100,none,b05428b4-9e4c-4c24-8ea0-156090d31ad0
753,91500,16.83547353744507,1.0,1.0,1.0,0.9960959999999999,0.0,0.0,0.0,0.0,0.0,0.0,0.0,0.0,0.0,0.0,0.0,0.0,0.0,0.0,0.002,0.998,0.05020311163408982,1883,0.00040279549300539704,2.6030368885904886e-07,8.822139111976464e-05,16,20,False,0.995,0.005,0.66,fixed,100,none,b05428b4-9e4c-4c24-8ea0-156090d31ad0
754,91600,16.8459792137146,1.0,1.0,1.0,0.9960959999999999,0.0,0.0,0.0,0.0,0.0,0.0,0.0,0.0,0.0,0.0,0.0,0.0,0.0,0.0,0.002,0.998,0.05020311163408982,1883,0.0004023723710100466,2.6088071843611704e-07,8.812887935060207e-05,16,20,False,0.995,0.005,0.66,fixed,100,none,b05428b4-9e4c-4c24-8ea0-156090d31ad0
755,91900,16.856511116027832,1.0,1.0,1.0,0.9960959999999999,0.0,0.0,0.0,0.0,0.0,0.0,0.0,0.0,0.0,0.0,0.0,0.0,0.0,0.0,0.002,0.998,0.05020311163408981,1883,0.0004035991165726233,2.6239403332809305e-07,8.839770148407958e-05,16,20,False,0.995,0.005,0.66,fixed,100,none,b05428b4-9e4c-4c24-8ea0-156090d31ad0
756,92000,16.867028951644897,1.0,1.0,1.0,0.9960959999999999,0.0,0.0,0.0,0.0,0.0,0.0,0.0,0.0,0.0,0.0,0.0,0.0,0.0,0.0,0.002,0.998,0.05020311163408981,1883,0.00040413833966126603,2.6241103580227544e-07,8.851574064865358e-05,16,20,False,0.995,0.005,0.66,fixed,100,none,b05428b4-9e4c-4c24-8ea0-156090d31ad0
757,92300,16.877551317214966,1.0,1.0,1.0,0.9960959999999999,0.0,0.0,0.0,0.0,0.0,0.0,0.0,0.0,0.0,0.0,0.0,0.0,0.0,0.0,0.002,0.998,0.05020311163408981,1883,0.0004031892830038072,2.6156373423678866e-07,8.83078311590384e-05,16,20,False,0.995,0.005,0.66,fixed,100,none,b05428b4-9e4c-4c24-8ea0-156090d31ad0
758,92400,16.88808512687683,1.0,1.0,1.0,0.9960959999999999,0.0,0.0,0.0,0.0,0.0,0.0,0.0,0.0,0.0,0.0,0.0,0.0,0.0,0.0,0.002,0.998,0.05020311163408981,1883,0.00040261426049776716,2.6058894329175564e-07,8.818177352218667e-05,16,20,False,0.995,0.005,0.66,fixed,100,none,b05428b4-9e4c-4c24-8ea0-156090d31ad0
759,92600,16.8987033367157,1.0,1.0,1.0,0.9960959999999999,0.0,0.0,0.0,0.0,0.0,0.0,0.0,0.0,0.0,0.0,0.0,0.0,0.0,0.0,0.002,0.998,0.05020311163408981,1883,0.0004030315351243951,2.611184688694407e-07,8.827321554781529e-05,16,20,False,0.995,0.005,0.66,fixed,100,none,b05428b4-9e4c-4c24-8ea0-156090d31ad0
760,92700,16.909338235855103,1.0,1.0,1.0,0.9960959999999999,0.0,0.0,0.0,0.0,0.0,0.0,0.0,0.0,0.0,0.0,0.0,0.0,0.0,0.0,0.002,0.998,0.04981506098369082,1884,0.00040241855040126464,2.6102824374307636e-07,8.813901604914802e-05,16,20,False,0.995,0.005,0.66,fixed,100,none,b05428b4-9e4c-4c24-8ea0-156090d31ad0
761,93000,16.91997528076172,1.0,1.0,1.0,0.9960959999999999,0.0,0.0,0.0,0.0,0.0,0.0,0.0,0.0,0.0,0.0,0.0,0.0,0.0,0.0,0.002,0.998,0.04981506098369082,1884,0.00040428842325605617,2.6280506823529316e-07,8.854866881371541e-05,16,20,False,0.995,0.005,0.66,fixed,100,none,b05428b4-9e4c-4c24-8ea0-156090d31ad0
762,93100,16.930828332901,1.0,1.0,1.0,0.9960959999999999,0.0,0.0,0.0,0.0,0.0,0.0,0.0,0.0,0.0,0.0,0.0,0.0,0.0,0.0,0.002,0.998,0.04981506098369082,1884,0.0004028956844532466,2.616062966025868e-07,8.824357052317017e-05,16,20,False,0.995,0.005,0.66,fixed,100,none,b05428b4-9e4c-4c24-8ea0-156090d31ad0
763,93300,16.942086219787598,1.0,1.0,1.0,0.9960959999999999,0.0,0.0,0.0,0.0,0.0,0.0,0.0,0.0,0.0,0.0,0.0,0.0,0.0,0.0,0.002,0.998,0.04981506098369082,1884,0.00040339964261826245,2.606731031598081e-07,8.835370965873801e-05,16,20,False,0.995,0.005,0.66,fixed,100,none,b05428b4-9e4c-4c24-8ea0-156090d31ad0
764,93400,16.953309297561646,1.0,1.0,1.0,0.9960959999999999,0.0,0.0,0.0,0.0,0.0,0.0,0.0,0.0,0.0,0.0,0.0,0.0,0.0,0.0,0.002,0.998,0.04981506098369082,1884,0.0004039041264111867,2.6139320925420876e-07,8.846427798116708e-05,16,20,False,0.995,0.005,0.66,fixed,100,none,b05428b4-9e4c-4c24-8ea0-156090d31ad0
765,93700,16.964648485183716,1.0,1.0,1.0,0.9960959999999999,0.0,0.0,0.0,0.0,0.0,0.0,0.0,0.0,0.0,0.0,0.0,0.0,0.0,0.0,0.002,0.998,0.04981506098369082,1884,0.00040521746895871575,2.6199112827421166e-07,8.875188226943498e-05,16,20,False,0.995,0.005,0.66,fixed,100,none,b05428b4-9e4c-4c24-8ea0-156090d31ad0
766,93800,16.976128578186035,1.0,1.0,1.0,0.9960959999999999,0.0,0.0,0.0,0.0,0.0,0.0,0.0,0.0,0.0,0.0,0.0,0.0,0.0,0.0,0.002,0.998,0.05020311163408982,1883,0.00040751237297496494,2.6463757173814966e-07,8.925473958285009e-05,16,20,False,0.995,0.005,0.66,fixed,100,none,b05428b4-9e4c-4c24-8ea0-156090d31ad0
767,93900,16.98760747909546,1.0,1.0,1.0,0.9960959999999999,0.0,0.0,0.0,0.0,0.0,0.0,0.0,0.0,0.0,0.0,0.0,0.0,0.0,0.0,0.002,0.998,0.050203111634089824,1883,0.0004080419925129176,2.652695349072801e-07,8.937079337271005e-05,16,20,False,0.995,0.005,0.66,fixed,100,none,b05428b4-9e4c-4c24-8ea0-156090d31ad0
768,94100,16.99889063835144,1.0,1.0,1.0,0.9960959999999999,0.0,0.0,0.0,0.0,0.0,0.0,0.0,0.0,0.0,0.0,0.0,0.0,0.0,0.0,0.002,0.998,0.04981506098369082,1884,0.00040816302742845297,2.655610475125261e-07,8.939734330311574e-05,16,20,False,0.995,0.005,0.66,fixed,100,none,b05428b4-9e4c-4c24-8ea0-156090d31ad0
769,94200,17.010217905044556,1.0,1.0,1.0,0.9960959999999999,0.0,0.0,0.0,0.0,0.0,0.0,0.0,0.0,0.0,0.0,0.0,0.0,0.0,0.0,0.002,0.998,0.04942600632125975,1885,0.00040808323392447566,2.662054344391414e-07,8.937999893861116e-05,16,20,False,0.995,0.005,0.66,fixed,100,none,b05428b4-9e4c-4c24-8ea0-156090d31ad0
770,94400,17.021589517593384,1.0,1.0,1.0,0.9960959999999999,0.0,0.0,0.0,0.0,0.0,0.0,0.0,0.0,0.0,0.0,0.0,0.0,0.0,0.0,0.002,0.998,0.05059015827245674,1882,0.00040799893650175485,2.6689229517773196e-07,8.93616767363179e-05,16,20,False,0.995,0.005,0.66,fixed,100,none,b05428b4-9e4c-4c24-8ea0-156090d31ad0
771,94500,17.032933235168457,1.0,1.0,1.0,0.9960959999999999,0.0,0.0,0.0,0.0,0.0,0.0,0.0,0.0,0.0,0.0,0.0,0.0,0.0,0.0,0.002,0.998,0.05020311163408981,1883,0.00040674025218864524,2.654728835653553e-07,8.908588105197186e-05,16,20,False,0.995,0.005,0.66,fixed,100,none,b05428b4-9e4c-4c24-8ea0-156090d31ad0
772,94600,17.044588804244995,1.0,1.0,1.0,0.9960959999999999,0.0,0.0,0.0,0.0,0.0,0.0,0.0,0.0,0.0,0.0,0.0,0.0,0.0,0.0,0.002,0.998,0.05020311163408981,1883,0.0004055413921274977,2.644880300898129e-07,8.882326346242631e-05,16,20,False,0.995,0.005,0.66,fixed,100,none,b05428b4-9e4c-4c24-8ea0-156090d31ad0
773,94700,17.056346893310547,1.0,1.0,1.0,0.9960959999999999,0.0,0.0,0.0,0.0,0.0,0.0,0.0,0.0,0.0,0.0,0.0,0.0,0.0,0.0,0.002,0.998,0.04981506098369082,1884,0.00040668963255532047,2.64696629909556e-07,8.907465292604246e-05,16,20,False,0.995,0.005,0.66,fixed,100,none,b05428b4-9e4c-4c24-8ea0-156090d31ad0
774,94800,17.0679292678833,1.0,1.0,1.0,0.9960959999999999,0.0,0.0,0.0,0.0,0.0,0.0,0.0,0.0,0.0,0.0,0.0,0.0,0.0,0.0,0.002,0.998,0.04981506098369082,1884,0.0004068015659261507,2.652163426119272e-07,8.909925388633066e-05,16,20,False,0.995,0.005,0.66,fixed,100,none,b05428b4-9e4c-4c24-8ea0-156090d31ad0
775,94900,17.079408645629883,1.0,1.0,1.0,0.9960959999999999,0.0,0.0,0.0,0.0,0.0,0.0,0.0,0.0,0.0,0.0,0.0,0.0,0.0,0.0,0.002,0.998,0.04981506098369082,1884,0.00040684036718913836,2.645046963949559e-07,8.910761227001744e-05,16,20,False,0.995,0.005,0.66,fixed,100,none,b05428b4-9e4c-4c24-8ea0-156090d31ad0
776,95100,17.090790510177612,1.0,1.0,1.0,0.9960959999999999,0.0,0.0,0.0,0.0,0.0,0.0,0.0,0.0,0.0,0.0,0.0,0.0,0.0,0.0,0.002,0.998,0.04981506098369082,1884,0.0004074281286171884,2.6579453552251344e-07,8.923651831605182e-05,16,20,False,0.995,0.005,0.66,fixed,100,none,b05428b4-9e4c-4c24-8ea0-156090d31ad0
777,95200,17.10218644142151,1.0,1.0,1.0,0.9960959999999999,0.0,0.0,0.0,0.0,0.0,0.0,0.0,0.0,0.0,0.0,0.0,0.0,0.0,0.0,0.002,0.998,0.04981506098369082,1884,0.00040673042705475777,2.651515944542175e-07,8.908366928523279e-05,16,20,False,0.995,0.005,0.66,fixed,100,none,b05428b4-9e4c-4c24-8ea0-156090d31ad0
778,95300,17.113665103912354,1.0,1.0,1.0,0.9960959999999999,0.0,0.0,0.0,0.0,0.0,0.0,0.0,0.0,0.0,0.0,0.0,0.0,0.0,0.0,0.002,0.998,0.04981506098369082,1884,0.00040696486902586,2.6615444745230614e-07,8.91351791747767e-05,16,20,False,0.995,0.005,0.66,fixed,100,none,b05428b4-9e4c-4c24-8ea0-156090d31ad0
779,95400,17.125195026397705,1.0,1.0,1.0,0.9960959999999999,0.0,0.0,0.0,0.0,0.0,0.0,0.0,0.0,0.0,0.0,0.0,0.0,0.0,0.0,0.002,0.998,0.04981506098369082,1884,0.0004067092599292748,2.660788390743736e-07,8.90792119779424e-05,16,20,False,0.995,0.005,0.66,fixed,100,none,b05428b4-9e4c-4c24-8ea0-156090d31ad0
780,95500,17.136770486831665,1.0,1.0,1.0,0.9960959999999999,0.0,0.0,0.0,0.0,0.0,0.0,0.0,0.0,0.0,0.0,0.0,0.0,0.0,0.0,0.002,0.998,0.04981506098369082,1884,0.0004061566990276592,2.663087345336916e-07,8.895830007671601e-05,16,20,False,0.995,0.005,0.66,fixed,100,none,b05428b4-9e4c-4c24-8ea0-156090d31ad0
781,95600,17.14811420440674,1.0,1.0,1.0,0.9960959999999999,0.0,0.0,0.0,0.0,0.0,0.0,0.0,0.0,0.0,0.0,0.0,0.0,0.0,0.0,0.002,0.998,0.04981506098369082,1884,0.0004060791520806076,2.657589963601106e-07,8.894122059975343e-05,16,20,False,0.995,0.005,0.66,fixed,100,none,b05428b4-9e4c-4c24-8ea0-156090d31ad0
782,95900,17.159515857696533,1.0,1.0,1.0,0.9960959999999999,0.0,0.0,0.0,0.0,0.0,0.0,0.0,0.0,0.0,0.0,0.0,0.0,0.0,0.0,0.002,0.998,0.04981506098369082,1884,0.00040496642838260823,2.648425705500479e-07,8.869747126135746e-05,16,20,False,0.995,0.005,0.66,fixed,100,none,b05428b4-9e4c-4c24-8ea0-156090d31ad0
783,96000,17.171329975128174,1.0,1.0,1.0,0.9960959999999999,0.0,0.0,0.0,0.0,0.0,0.0,0.0,0.0,0.0,0.0,0.0,0.0,0.0,0.0,0.002,0.998,0.04981506098369082,1884,0.00040439657943557576,2.643351544684204e-07,8.857263491779654e-05,16,20,False,0.995,0.005,0.66,fixed,100,none,b05428b4-9e4c-4c24-8ea0-156090d31ad0
784,96100,17.183187007904053,1.0,1.0,1.0,0.9960959999999999,0.0,0.0,0.0,0.0,0.0,0.0,0.0,0.0,0.0,0.0,0.0,0.0,0.0,0.0,0.002,0.998,0.04981506098369082,1884,0.00040437425929270806,2.6457799798468124e-07,8.856779517879089e-05,16,20,False,0.995,0.005,0.66,fixed,100,none,b05428b4-9e4c-4c24-8ea0-156090d31ad0
785,96200,17.194751501083374,1.0,1.0,1.0,0.9960959999999999,0.0,0.0,0.0,0.0,0.0,0.0,0.0,0.0,0.0,0.0,0.0,0.0,0.0,0.0,0.002,0.998,0.04981506098369082,1884,0.00040376241909757755,2.6384990059106555e-07,8.843372502157203e-05,16,20,False,0.995,0.005,0.66,fixed,100,none,b05428b4-9e4c-4c24-8ea0-156090d31ad0
786,96300,17.20631980895996,1.0,1.0,1.0,0.9960959999999999,0.0,0.0,0.0,0.0,0.0,0.0,0.0,0.0,0.0,0.0,0.0,0.0,0.0,0.0,0.002,0.998,0.04981506098369082,1884,0.00040350983573011074,2.6471878288726874e-07,8.837859961006982e-05,16,20,False,0.995,0.005,0.66,fixed,100,none,b05428b4-9e4c-4c24-8ea0-156090d31ad0
787,96600,17.217820167541504,1.0,1.0,1.0,0.9960959999999999,0.0,0.0,0.0,0.0,0.0,0.0,0.0,0.0,0.0,0.0,0.0,0.0,0.0,0.0,0.002,0.998,0.04981506098369082,1884,0.00040527517654023786,2.6634601864450346e-07,8.876534188820052e-05,16,20,False,0.995,0.005,0.66,fixed,100,none,b05428b4-9e4c-4c24-8ea0-156090d31ad0
788,96700,17.229238033294678,1.0,1.0,1.0,0.9960959999999999,0.0,0.0,0.0,0.0,0.0,0.0,0.0,0.0,0.0,0.0,0.0,0.0,0.0,0.0,0.002,0.998,0.04981506098369082,1884,0.00040527517654023786,2.6634601864450346e-07,8.876534188820052e-05,16,20,False,0.995,0.005,0.66,fixed,100,none,b05428b4-9e4c-4c24-8ea0-156090d31ad0
789,96900,17.24073576927185,1.0,1.0,1.0,0.9960959999999999,0.0,0.0,0.0,0.0,0.0,0.0,0.0,0.0,0.0,0.0,0.0,0.0,0.0,0.0,0.002,0.998,0.04981506098369082,1884,0.0004053607342959283,2.6759910241458987e-07,8.878430856683748e-05,16,20,False,0.995,0.005,0.66,fixed,100,none,b05428b4-9e4c-4c24-8ea0-156090d31ad0
790,97000,17.2523250579834,1.0,1.0,1.0,0.9960959999999999,0.0,0.0,0.0,0.0,0.0,0.0,0.0,0.0,0.0,0.0,0.0,0.0,0.0,0.0,0.002,0.998,0.04981506098369082,1884,0.0004044466764726166,2.6763482769125147e-07,8.858422809711711e-05,16,20,False,0.995,0.005,0.66,fixed,100,none,b05428b4-9e4c-4c24-8ea0-156090d31ad0
791,97300,17.26400637626648,1.0,1.0,1.0,0.9960959999999999,0.0,0.0,0.0,0.0,0.0,0.0,0.0,0.0,0.0,0.0,0.0,0.0,0.0,0.0,0.002,0.998,0.04981506098369082,1884,0.0004054122627273098,2.6852330035782666e-07,8.879576373807611e-05,16,20,False,0.995,0.005,0.66,fixed,100,none,b05428b4-9e4c-4c24-8ea0-156090d31ad0
792,97400,17.275811433792114,1.0,1.0,1.0,0.9960959999999999,0.0,0.0,0.0,0.0,0.0,0.0,0.0,0.0,0.0,0.0,0.0,0.0,0.0,0.0,0.002,0.998,0.05020311163408982,1883,0.00040517119632333147,2.6789027784943386e-07,8.874287402796865e-05,16,20,False,0.995,0.005,0.66,fixed,100,none,b05428b4-9e4c-4c24-8ea0-156090d31ad0
793,97700,17.28766655921936,1.0,1.0,1.0,0.9960959999999999,0.0,0.0,0.0,0.0,0.0,0.0,0.0,0.0,0.0,0.0,0.0,0.0,0.0,0.0,0.002,0.998,0.04981506098369082,1884,0.0004079439039305395,2.6951544096446133e-07,8.935012850417834e-05,16,20,False,0.995,0.005,0.66,fixed,100,none,b05428b4-9e4c-4c24-8ea0-156090d31ad0
794,97800,17.299368381500244,1.0,1.0,1.0,0.9960959999999999,0.0,0.0,0.0,0.0,0.0,0.0,0.0,0.0,0.0,0.0,0.0,0.0,0.0,0.0,0.002,0.998,0.04981506098369082,1884,0.00040719235909737007,2.686708207493397e-07,8.918545486235669e-05,16,20,False,0.995,0.005,0.66,fixed,100,none,b05428b4-9e4c-4c24-8ea0-156090d31ad0
795,98000,17.311310529708862,1.0,1.0,1.0,0.9960959999999999,0.0,0.0,0.0,0.0,0.0,0.0,0.0,0.0,0.0,0.0,0.0,0.0,0.0,0.0,0.002,0.998,0.04981506098369082,1884,0.0004092499684920652,2.7021857388321407e-07,8.963615963195088e-05,16,20,False,0.995,0.005,0.66,fixed,100,none,b05428b4-9e4c-4c24-8ea0-156090d31ad0
796,98100,17.323490619659424,1.0,1.0,1.0,0.9960959999999999,0.0,0.0,0.0,0.0,0.0,0.0,0.0,0.0,0.0,0.0,0.0,0.0,0.0,0.0,0.002,0.998,0.04942600632125975,1885,0.00041142869964883955,2.7188200074109673e-07,9.01133999332718e-05,16,20,False,0.995,0.005,0.66,fixed,100,none,b05428b4-9e4c-4c24-8ea0-156090d31ad0
797,98400,17.33550500869751,1.0,1.0,1.0,0.9960959999999999,0.0,0.0,0.0,0.0,0.0,0.0,0.0,0.0,0.0,0.0,0.0,0.0,0.0,0.0,0.002,0.998,0.04981506098369082,1884,0.0004135193903155558,2.7417500863825307e-07,9.057148779171644e-05,16,20,False,0.995,0.005,0.66,fixed,100,none,b05428b4-9e4c-4c24-8ea0-156090d31ad0
798,98500,17.347455739974976,1.0,1.0,1.0,0.9960959999999999,0.0,0.0,0.0,0.0,0.0,0.0,0.0,0.0,0.0,0.0,0.0,0.0,0.0,0.0,0.002,0.998,0.04942600632125975,1885,0.0004136415868283338,2.7460387692149515e-07,9.059831809333736e-05,16,20,False,0.995,0.005,0.66,fixed,100,none,b05428b4-9e4c-4c24-8ea0-156090d31ad0
799,98600,17.35946011543274,1.0,1.0,1.0,0.9960959999999999,0.0,0.0,0.0,0.0,0.0,0.0,0.0,0.0,0.0,0.0,0.0,0.0,0.0,0.0,0.002,0.998,0.04942600632125975,1885,0.00041425681048312424,2.746334109986353e-07,9.073299616284564e-05,16,20,False,0.995,0.005,0.66,fixed,100,none,b05428b4-9e4c-4c24-8ea0-156090d31ad0
800,98700,17.371501207351685,1.0,1.0,1.0,0.9960959999999999,0.0,0.0,0.0,0.0,0.0,0.0,0.0,0.0,0.0,0.0,0.0,0.0,0.0,0.0,0.002,0.998,0.04942600632125975,1885,0.0004148840321036516,2.759209007174965e-07,9.087053959862567e-05,16,20,False,0.995,0.005,0.66,fixed,100,none,b05428b4-9e4c-4c24-8ea0-156090d31ad0
801,98800,17.38341784477234,1.0,1.0,1.0,0.9960959999999999,0.0,0.0,0.0,0.0,0.0,0.0,0.0,0.0,0.0,0.0,0.0,0.0,0.0,0.0,0.002,0.998,0.04942600632125975,1885,0.00041519292949957897,2.7605078107867063e-07,9.093818191586279e-05,16,20,False,0.995,0.005,0.66,fixed,100,none,b05428b4-9e4c-4c24-8ea0-156090d31ad0
802,99100,17.395530462265015,1.0,1.0,1.0,0.9960959999999999,0.0,0.0,0.0,0.0,0.0,0.0,0.0,0.0,0.0,0.0,0.0,0.0,0.0,0.0,0.002,0.998,0.04942600632125975,1885,0.0004153989870579069,2.7769294533651336e-07,9.098359992658976e-05,16,20,False,0.995,0.005,0.66,fixed,100,none,b05428b4-9e4c-4c24-8ea0-156090d31ad0
803,99200,17.40753436088562,1.0,1.0,1.0,0.9960959999999999,0.0,0.0,0.0,0.0,0.0,0.0,0.0,0.0,0.0,0.0,0.0,0.0,0.0,0.0,0.002,0.998,0.04981506098369082,1884,0.0004167286615135827,2.794182838676549e-07,9.127499347925811e-05,16,20,False,0.995,0.005,0.66,fixed,100,none,b05428b4-9e4c-4c24-8ea0-156090d31ad0
804,99300,17.41976237297058,1.0,1.0,1.0,0.9960959999999999,0.0,0.0,0.0,0.0,0.0,0.0,0.0,0.0,0.0,0.0,0.0,0.0,0.0,0.0,0.002,0.998,0.04981506098369082,1884,0.00041609928736062137,2.789605896490945e-07,9.113713651527335e-05,16,20,False,0.995,0.005,0.66,fixed,100,none,b05428b4-9e4c-4c24-8ea0-156090d31ad0
805,99400,17.43189001083374,1.0,1.0,1.0,0.9960959999999999,0.0,0.0,0.0,0.0,0.0,0.0,0.0,0.0,0.0,0.0,0.0,0.0,0.0,0.0,0.002,0.998,0.04981506098369082,1884,0.0004170670894750548,2.8031323612547924e-07,9.134924540095334e-05,16,20,False,0.995,0.005,0.66,fixed,100,none,b05428b4-9e4c-4c24-8ea0-156090d31ad0
806,99500,17.44391179084778,1.0,1.0,1.0,0.9960959999999999,0.0,0.0,0.0,0.0,0.0,0.0,0.0,0.0,0.0,0.0,0.0,0.0,0.0,0.0,0.002,0.998,0.04981506098369082,1884,0.0004170653776337897,2.80948713271862e-07,9.134899141955822e-05,16,20,False,0.995,0.005,0.66,fixed,100,none,b05428b4-9e4c-4c24-8ea0-156090d31ad0
807,99600,17.455925941467285,1.0,1.0,1.0,0.9960959999999999,0.0,0.0,0.0,0.0,0.0,0.0,0.0,0.0,0.0,0.0,0.0,0.0,0.0,0.0,0.002,0.998,0.04981506098369082,1884,0.00041745190743383976,2.8144050284707914e-07,9.143369623280847e-05,16,20,False,0.995,0.005,0.66,fixed,100,none,b05428b4-9e4c-4c24-8ea0-156090d31ad0
808,99800,17.46784257888794,1.0,1.0,1.0,0.9960959999999999,0.0,0.0,0.0,0.0,0.0,0.0,0.0,0.0,0.0,0.0,0.0,0.0,0.0,0.0,0.002,0.998,0.04981506098369082,1884,0.00041576513657463535,2.795875340302466e-07,9.106411002765343e-05,16,20,False,0.995,0.005,0.66,fixed,100,none,b05428b4-9e4c-4c24-8ea0-156090d31ad0
809,99900,17.479676723480225,1.0,1.0,1.0,0.9960959999999999,0.0,0.0,0.0,0.0,0.0,0.0,0.0,0.0,0.0,0.0,0.0,0.0,0.0,0.0,0.002,0.998,0.04981506098369082,1884,0.0004154627193976121,2.793560882000652e-07,9.09978669328953e-05,16,20,False,0.995,0.005,0.66,fixed,100,none,b05428b4-9e4c-4c24-8ea0-156090d31ad0
810,100100,17.491453409194946,1.0,1.0,1.0,0.9960959999999999,0.0,0.0,0.0,0.0,0.0,0.0,0.0,0.0,0.0,0.0,0.0,0.0,0.0,0.0,0.002,0.998,0.04981506098369082,1884,0.0004147938462625617,2.784602197709571e-07,9.085128038863125e-05,16,20,False,0.995,0.005,0.66,fixed,100,none,b05428b4-9e4c-4c24-8ea0-156090d31ad0
811,100200,17.5032000541687,1.0,1.0,1.0,0.9960959999999999,0.0,0.0,0.0,0.0,0.0,0.0,0.0,0.0,0.0,0.0,0.0,0.0,0.0,0.0,0.002,0.998,0.04942600632125975,1885,0.0004149686208003042,2.785918868829885e-07,9.088956355169437e-05,16,20,False,0.995,0.005,0.66,fixed,100,none,b05428b4-9e4c-4c24-8ea0-156090d31ad0
812,100300,17.515018224716187,1.0,1.0,1.0,0.9960959999999999,0.0,0.0,0.0,0.0,0.0,0.0,0.0,0.0,0.0,0.0,0.0,0.0,0.0,0.0,0.002,0.998,0.04942600632125975,1885,0.00041667639199087926,2.804211745025513e-07,9.126374222995896e-05,16,20,False,0.995,0.005,0.66,fixed,100,none,b05428b4-9e4c-4c24-8ea0-156090d31ad0
813,100500,17.52671790122986,1.0,1.0,1.0,0.9960959999999999,0.0,0.0,0.0,0.0,0.0,0.0,0.0,0.0,0.0,0.0,0.0,0.0,0.0,0.0,0.002,0.998,0.04942600632125975,1885,0.00041602704692378855,2.7950194706657e-07,9.112142594155997e-05,16,20,False,0.995,0.005,0.66,fixed,100,none,b05428b4-9e4c-4c24-8ea0-156090d31ad0
814,100600,17.53846001625061,1.0,1.0,1.0,0.9960959999999999,0.0,0.0,0.0,0.0,0.0,0.0,0.0,0.0,0.0,0.0,0.0,0.0,0.0,0.0,0.002,0.998,0.04942600632125975,1885,0.0004158412315349461,2.784049867596174e-07,9.108054253048403e-05,16,20,False,0.995,0.005,0.66,fixed,100,none,b05428b4-9e4c-4c24-8ea0-156090d31ad0
815,100900,17.550167560577393,1.0,1.0,1.0,0.9960959999999999,0.0,0.0,0.0,0.0,0.0,0.0,0.0,0.0,0.0,0.0,0.0,0.0,0.0,0.0,0.002,0.998,0.04981506098369082,1884,0.00041718748093780983,2.807544062596425e-07,9.137568291447592e-05,16,20,False,0.995,0.005,0.66,fixed,100,none,b05428b4-9e4c-4c24-8ea0-156090d31ad0
816,101000,17.561849355697632,1.0,1.0,1.0,0.9960959999999999,0.0,0.0,0.0,0.0,0.0,0.0,0.0,0.0,0.0,0.0,0.0,0.0,0.0,0.0,0.002,0.998,0.04942600632125975,1885,0.0004187853497993583,2.823794181309595e-07,9.172576516052441e-05,16,20,False,0.995,0.005,0.66,fixed,100,none,b05428b4-9e4c-4c24-8ea0-156090d31ad0
817,101100,17.57354426383972,1.0,1.0,1.0,0.9960959999999999,0.0,0.0,0.0,0.0,0.0,0.0,0.0,0.0,0.0,0.0,0.0,0.0,0.0,0.0,0.002,0.998,0.04942600632125975,1885,0.0004195463591780026,2.827286504367598e-07,9.189241646764776e-05,16,20,False,0.995,0.005,0.66,fixed,100,none,b05428b4-9e4c-4c24-8ea0-156090d31ad0
818,101300,17.585296869277954,1.0,1.0,1.0,0.9951079999999999,0.0,0.0,0.0,0.0,0.0,0.0,0.0,0.0,0.0,0.0,0.0,0.0,0.0,0.0,0.0025,0.9975,0.04944767934874782,1884,0.0004213245432138565,2.8478689730087475e-07,9.228205202000036e-05,16,20,False,0.995,0.005,0.66,fixed,100,none,b05428b4-9e4c-4c24-8ea0-156090d31ad0
819,101400,17.59714388847351,1.0,1.0,1.0,0.9951079999999999,0.0,0.0,0.0,0.0,0.0,0.0,0.0,0.0,0.0,0.0,0.0,0.0,0.0,0.0,0.0025,0.9975,0.049836872883964295,1883,0.0004204857676623449,2.8445898356665155e-07,9.209838174816496e-05,16,20,False,0.995,0.005,0.66,fixed,100,none,b05428b4-9e4c-4c24-8ea0-156090d31ad0
820,101600,17.60911464691162,1.0,1.0,1.0,0.9951079999999999,0.0,0.0,0.0,0.0,0.0,0.0,0.0,0.0,0.0,0.0,0.0,0.0,0.0,0.0,0.0025,0.9975,0.049836872883964295,1883,0.00042227833904376447,2.868060469725107e-07,9.249122156560483e-05,16,20,False,0.995,0.005,0.66,fixed,100,none,b05428b4-9e4c-4c24-8ea0-156090d31ad0
821,101700,17.62096643447876,1.0,1.0,1.0,0.9951079999999999,0.0,0.0,0.0,0.0,0.0,0.0,0.0,0.0,0.0,0.0,0.0,0.0,0.0,0.0,0.0025,0.9975,0.04944767934874782,1884,0.00042209270994913247,2.873247108363989e-07,9.245068590292401e-05,16,20,False,0.995,0.005,0.66,fixed,100,none,b05428b4-9e4c-4c24-8ea0-156090d31ad0
822,101800,17.63279891014099,1.0,1.0,1.0,0.9951079999999999,0.0,0.0,0.0,0.0,0.0,0.0,0.0,0.0,0.0,0.0,0.0,0.0,0.0,0.0,0.0025,0.9975,0.049057480794718625,1885,0.00042222214018083107,2.8782067053978735e-07,9.247911241298649e-05,16,20,False,0.995,0.005,0.66,fixed,100,none,b05428b4-9e4c-4c24-8ea0-156090d31ad0
823,101900,17.644657135009766,1.0,1.0,1.0,0.9951079999999999,0.0,0.0,0.0,0.0,0.0,0.0,0.0,0.0,0.0,0.0,0.0,0.0,0.0,0.0,0.0025,0.9975,0.049057480794718625,1885,0.00042206084268225555,2.8783295263942466e-07,9.244380672414724e-05,16,20,False,0.995,0.005,0.66,fixed,100,none,b05428b4-9e4c-4c24-8ea0-156090d31ad0
824,102000,17.656423807144165,1.0,1.0,1.0,0.9951079999999999,0.0,0.0,0.0,0.0,0.0,0.0,0.0,0.0,0.0,0.0,0.0,0.0,0.0,0.0,0.0025,0.9975,0.049447679348747824,1884,0.00042123208754399967,2.88173362641168e-07,9.226245690228335e-05,16,20,False,0.995,0.005,0.66,fixed,100,none,b05428b4-9e4c-4c24-8ea0-156090d31ad0
825,102100,17.6680850982666,1.0,1.0,1.0,0.9951079999999999,0.0,0.0,0.0,0.0,0.0,0.0,0.0,0.0,0.0,0.0,0.0,0.0,0.0,0.0,0.0025,0.9975,0.049836872883964295,1883,0.00042081086229903185,2.8855349349496406e-07,9.217032292102212e-05,16,20,False,0.995,0.005,0.66,fixed,100,none,b05428b4-9e4c-4c24-8ea0-156090d31ad0
826,102300,17.679699659347534,1.0,1.0,1.0,0.9951079999999999,0.0,0.0,0.0,0.0,0.0,0.0,0.0,0.0,0.0,0.0,0.0,0.0,0.0,0.0,0.0025,0.9975,0.049836872883964295,1883,0.0004214687633311798,2.892579839260374e-07,9.231447131014121e-05,16,20,False,0.995,0.005,0.66,fixed,100,none,b05428b4-9e4c-4c24-8ea0-156090d31ad0
827,102400,17.69140362739563,1.0,1.0,1.0,0.9951079999999999,0.0,0.0,0.0,0.0,0.0,0.0,0.0,0.0,0.0,0.0,0.0,0.0,0.0,0.0,0.0025,0.9975,0.05022506140036809,1882,0.00042161376025577965,2.903096989246993e-07,9.234641096278586e-05,16,20,False,0.995,0.005,0.66,fixed,100,none,b05428b4-9e4c-4c24-8ea0-156090d31ad0
828,102600,17.703160524368286,1.0,1.0,1.0,0.9951079999999999,0.0,0.0,0.0,0.0,0.0,0.0,0.0,0.0,0.0,0.0,0.0,0.0,0.0,0.0,0.0025,0.9975,0.04944767934874782,1884,0.00042002099575762697,2.887626486949797e-07,9.199746087459659e-05,16,20,False,0.995,0.005,0.66,fixed,100,none,b05428b4-9e4c-4c24-8ea0-156090d31ad0
829,102700,17.715364694595337,1.0,1.0,1.0,0.9951079999999999,0.0,0.0,0.0,0.0,0.0,0.0,0.0,0.0,0.0,0.0,0.0,0.0,0.0,0.0,0.0025,0.9975,0.04944767934874782,1884,0.0004203310870958838,2.8930013230496434e-07,9.20654419904269e-05,16,20,False,0.995,0.005,0.66,fixed,100,none,b05428b4-9e4c-4c24-8ea0-156090d31ad0
830,102800,17.7275447845459,1.0,1.0,1.0,0.9951079999999999,0.0,0.0,0.0,0.0,0.0,0.0,0.0,0.0,0.0,0.0,0.0,0.0,0.0,0.0,0.0025,0.9975,0.04944767934874782,1884,0.0004214918500018204,2.900709913833046e-07,9.231967945376133e-05,16,20,False,0.995,0.005,0.66,fixed,100,none,b05428b4-9e4c-4c24-8ea0-156090d31ad0
831,103100,17.739808082580566,1.0,1.0,1.0,0.9951079999999999,0.0,0.0,0.0,0.0,0.0,0.0,0.0,0.0,0.0,0.0,0.0,0.0,0.0,0.0,0.0025,0.9975,0.049836872883964295,1883,0.0004191764604527068,2.875305509698302e-07,9.181235799778179e-05,16,20,False,0.995,0.005,0.66,fixed,100,none,b05428b4-9e4c-4c24-8ea0-156090d31ad0
832,103200,17.753156423568726,1.0,1.0,1.0,0.9951079999999999,0.0,0.0,0.0,0.0,0.0,0.0,0.0,0.0,0.0,0.0,0.0,0.0,0.0,0.0,0.0025,0.9975,0.049836872883964295,1883,0.0004191764604527068,2.875305509698302e-07,9.181235799778179e-05,16,20,False,0.995,0.005,0.66,fixed,100,none,b05428b4-9e4c-4c24-8ea0-156090d31ad0
833,103400,17.76773190498352,1.0,1.0,1.0,0.9951079999999999,0.0,0.0,0.0,0.0,0.0,0.0,0.0,0.0,0.0,0.0,0.0,0.0,0.0,0.0,0.0025,0.9975,0.049836872883964295,1883,0.0004189006139019662,2.874565367592849e-07,9.175196112512466e-05,16,20,False,0.995,0.005,0.66,fixed,100,none,b05428b4-9e4c-4c24-8ea0-156090d31ad0
834,103500,17.779844284057617,1.0,1.0,1.0,0.9951079999999999,0.0,0.0,0.0,0.0,0.0,0.0,0.0,0.0,0.0,0.0,0.0,0.0,0.0,0.0,0.0025,0.9975,0.04944767934874782,1884,0.00042068131186501266,2.8926924183526114e-07,9.214210032319998e-05,16,20,False,0.995,0.005,0.66,fixed,100,none,b05428b4-9e4c-4c24-8ea0-156090d31ad0
835,103600,17.793781042099,1.0,1.0,1.0,0.9951079999999999,0.0,0.0,0.0,0.0,0.0,0.0,0.0,0.0,0.0,0.0,0.0,0.0,0.0,0.0,0.0025,0.9975,0.04944767934874782,1884,0.0004241252143686789,2.9380603469944277e-07,9.28968325718967e-05,16,20,False,0.995,0.005,0.66,fixed,100,none,b05428b4-9e4c-4c24-8ea0-156090d31ad0
836,103800,17.806758165359497,1.0,1.0,1.0,0.9951079999999999,0.0,0.0,0.0,0.0,0.0,0.0,0.0,0.0,0.0,0.0,0.0,0.0,0.0,0.0,0.0025,0.9975,0.04944767934874782,1884,0.0004219168257388006,2.9191545484342004e-07,9.24130570906437e-05,16,20,False,0.995,0.005,0.66,fixed,100,none,b05428b4-9e4c-4c24-8ea0-156090d31ad0
837,103900,17.82121729850769,1.0,1.0,1.0,0.9951079999999999,0.0,0.0,0.0,0.0,0.0,0.0,0.0,0.0,0.0,0.0,0.0,0.0,0.0,0.0,0.0025,0.9975,0.04944767934874782,1884,0.0004225973237670226,2.92528331147695e-07,9.256213455551931e-05,16,20,False,0.995,0.005,0.66,fixed,100,none,b05428b4-9e4c-4c24-8ea0-156090d31ad0
838,104100,17.835898876190186,1.0,1.0,1.0,0.9951079999999999,0.0,0.0,0.0,0.0,0.0,0.0,0.0,0.0,0.0,0.0,0.0,0.0,0.0,0.0,0.0025,0.9975,0.04944767934874782,1884,0.00042194275862357717,2.9176191479722775e-07,9.241870462651251e-05,16,20,False,0.995,0.005,0.66,fixed,100,none,b05428b4-9e4c-4c24-8ea0-156090d31ad0
839,104200,17.849469900131226,1.0,1.0,1.0,0.9951079999999999,0.0,0.0,0.0,0.0,0.0,0.0,0.0,0.0,0.0,0.0,0.0,0.0,0.0,0.0,0.0025,0.9975,0.04944767934874782,1884,0.00042272650199702224,2.9321698696442954e-07,9.259054251467142e-05,16,20,False,0.995,0.005,0.66,fixed,100,none,b05428b4-9e4c-4c24-8ea0-156090d31ad0
840,104300,17.861087560653687,1.0,1.0,1.0,0.9951079999999999,0.0,0.0,0.0,0.0,0.0,0.0,0.0,0.0,0.0,0.0,0.0,0.0,0.0,0.0,0.0025,0.9975,0.049057480794718625,1885,0.00042357592191777816,2.95082213723997e-07,9.27768349284092e-05,16,20,False,0.995,0.005,0.66,fixed,100,none,b05428b4-9e4c-4c24-8ea0-156090d31ad0
841,104400,17.872593879699707,1.0,1.0,1.0,0.9951079999999999,0.0,0.0,0.0,0.0,0.0,0.0,0.0,0.0,0.0,0.0,0.0,0.0,0.0,0.0,0.0025,0.9975,0.04944767934874782,1884,0.000424202057978503,2.9631012179100034e-07,9.29141294146346e-05,16,20,False,0.995,0.005,0.66,fixed,100,none,b05428b4-9e4c-4c24-8ea0-156090d31ad0
842,104500,17.88434624671936,1.0,1.0,1.0,0.9951079999999999,0.0,0.0,0.0,0.0,0.0,0.0,0.0,0.0,0.0,0.0,0.0,0.0,0.0,0.0,0.0025,0.9975,0.04944767934874782,1884,0.0004238670222041727,2.961433611557762e-07,9.284075839911301e-05,16,20,False,0.995,0.005,0.66,fixed,100,none,b05428b4-9e4c-4c24-8ea0-156090d31ad0
843,104600,17.89635181427002,1.0,1.0,1.0,0.9951079999999999,0.0,0.0,0.0,0.0,0.0,0.0,0.0,0.0,0.0,0.0,0.0,0.0,0.0,0.0,0.0025,0.9975,0.04944767934874782,1884,0.00042374409474061443,2.9597483501067954e-07,9.281381755737253e-05,16,20,False,0.995,0.005,0.66,fixed,100,none,b05428b4-9e4c-4c24-8ea0-156090d31ad0
844,104900,17.908421754837036,1.0,1.0,1.0,0.9951079999999999,0.0,0.0,0.0,0.0,0.0,0.0,0.0,0.0,0.0,0.0,0.0,0.0,0.0,0.0,0.0025,0.9975,0.04944767934874782,1884,0.0004259296824612261,2.9814627847930016e-07,9.329265528367347e-05,16,20,False,0.995,0.005,0.66,fixed,100,none,b05428b4-9e4c-4c24-8ea0-156090d31ad0
845,105000,17.9204683303833,1.0,1.0,1.0,0.9951079999999999,0.0,0.0,0.0,0.0,0.0,0.0,0.0,0.0,0.0,0.0,0.0,0.0,0.0,0.0,0.0025,0.9975,0.04944767934874782,1884,0.00042693948468621525,2.9958576806818695e-07,9.351397449374547e-05,16,20,False,0.995,0.005,0.66,fixed,100,none,b05428b4-9e4c-4c24-8ea0-156090d31ad0
846,105200,17.932440757751465,1.0,1.0,1.0,0.9951079999999999,0.0,0.0,0.0,0.0,0.0,0.0,0.0,0.0,0.0,0.0,0.0,0.0,0.0,0.0,0.0025,0.9975,0.04944767934874782,1884,0.0004269910546743599,3.013733485226258e-07,9.35256028044367e-05,16,20,False,0.995,0.005,0.66,fixed,100,none,b05428b4-9e4c-4c24-8ea0-156090d31ad0
847,105300,17.944249868392944,1.0,1.0,1.0,0.9951079999999999,0.0,0.0,0.0,0.0,0.0,0.0,0.0,0.0,0.0,0.0,0.0,0.0,0.0,0.0,0.0025,0.9975,0.04944767934874782,1884,0.0004271708069110403,3.021288661788864e-07,9.356509411740071e-05,16,20,False,0.995,0.005,0.66,fixed,100,none,b05428b4-9e4c-4c24-8ea0-156090d31ad0
848,105600,17.955845832824707,1.0,1.0,1.0,0.9951079999999999,0.0,0.0,0.0,0.0,0.0,0.0,0.0,0.0,0.0,0.0,0.0,0.0,0.0,0.0,0.0025,0.9975,0.04944767934874782,1884,0.00042831809065302763,3.037631655885526e-07,9.381654504540957e-05,16,20,False,0.995,0.005,0.66,fixed,100,none,b05428b4-9e4c-4c24-8ea0-156090d31ad0
849,105700,17.96729016304016,1.0,1.0,1.0,0.9951079999999999,0.0,0.0,0.0,0.0,0.0,0.0,0.0,0.0,0.0,0.0,0.0,0.0,0.0,0.0,0.0025,0.9975,0.04944767934874782,1884,0.0004275049192540537,3.030617829530494e-07,9.363840856347343e-05,16,20,False,0.995,0.005,0.66,fixed,100,none,b05428b4-9e4c-4c24-8ea0-156090d31ad0
850,105900,17.978713750839233,1.0,1.0,1.0,0.9951079999999999,0.0,0.0,0.0,0.0,0.0,0.0,0.0,0.0,0.0,0.0,0.0,0.0,0.0,0.0,0.0025,0.9975,0.04944767934874782,1884,0.0004270645673680514,3.022905003715659e-07,9.354186899193706e-05,16,20,False,0.995,0.005,0.66,fixed,100,none,b05428b4-9e4c-4c24-8ea0-156090d31ad0
851,106000,17.990033626556396,1.0,1.0,1.0,0.9951079999999999,0.0,0.0,0.0,0.0,0.0,0.0,0.0,0.0,0.0,0.0,0.0,0.0,0.0,0.0,0.0025,0.9975,0.04944767934874782,1884,0.0004270645673680514,3.022905003715659e-07,9.354186899193706e-05,16,20,False,0.995,0.005,0.66,fixed,100,none,b05428b4-9e4c-4c24-8ea0-156090d31ad0
852,106100,18.001314163208008,1.0,1.0,1.0,0.9951079999999999,0.0,0.0,0.0,0.0,0.0,0.0,0.0,0.0,0.0,0.0,0.0,0.0,0.0,0.0,0.0025,0.9975,0.04944767934874782,1884,0.00042673486290190695,3.018463102201135e-07,9.346961228816926e-05,16,20,False,0.995,0.005,0.66,fixed,100,none,b05428b4-9e4c-4c24-8ea0-156090d31ad0
853,106200,18.01248788833618,1.0,1.0,1.0,0.9951079999999999,0.0,0.0,0.0,0.0,0.0,0.0,0.0,0.0,0.0,0.0,0.0,0.0,0.0,0.0,0.0025,0.9975,0.049836872883964295,1883,0.0004264690221452984,3.014242525693647e-07,9.341133955559401e-05,16,20,False,0.995,0.005,0.66,fixed,100,none,b05428b4-9e4c-4c24-8ea0-156090d31ad0
854,106300,18.02384042739868,1.0,1.0,1.0,0.9951079999999999,0.0,0.0,0.0,0.0,0.0,0.0,0.0,0.0,0.0,0.0,0.0,0.0,0.0,0.0,0.0025,0.9975,0.04944767934874782,1884,0.00042680970424979455,3.020991739075767e-07,9.348604310332247e-05,16,20,False,0.995,0.005,0.66,fixed,100,none,b05428b4-9e4c-4c24-8ea0-156090d31ad0
855,106400,18.035191535949707,1.0,1.0,1.0,0.9951079999999999,0.0,0.0,0.0,0.0,0.0,0.0,0.0,0.0,0.0,0.0,0.0,0.0,0.0,0.0,0.0025,0.9975,0.04905748079471863,1885,0.00042616287181665555,3.007099163669098e-07,9.334418752477562e-05,16,20,False,0.995,0.005,0.66,fixed,100,none,b05428b4-9e4c-4c24-8ea0-156090d31ad0
856,106700,18.046633005142212,1.0,1.0,1.0,0.9951079999999999,0.0,0.0,0.0,0.0,0.0,0.0,0.0,0.0,0.0,0.0,0.0,0.0,0.0,0.0,0.0025,0.9975,0.04866627722187674,1886,0.0004237429442295842,2.9863705573190274e-07,9.281407153244504e-05,16,20,False,0.995,0.005,0.66,fixed,100,none,b05428b4-9e4c-4c24-8ea0-156090d31ad0
857,106800,18.059561252593994,1.0,1.0,1.0,0.9951079999999999,0.0,0.0,0.0,0.0,0.0,0.0,0.0,0.0,0.0,0.0,0.0,0.0,0.0,0.0,0.0025,0.9975,0.04866627722187674,1886,0.0004242809339613314,2.993982081149694e-07,9.29319821036773e-05,16,20,False,0.995,0.005,0.66,fixed,100,none,b05428b4-9e4c-4c24-8ea0-156090d31ad0
858,106900,18.071881771087646,1.0,1.0,1.0,0.9951079999999999,0.0,0.0,0.0,0.0,0.0,0.0,0.0,0.0,0.0,0.0,0.0,0.0,0.0,0.0,0.0025,0.9975,0.04866627722187674,1886,0.00042633133423278994,3.0116421256257087e-07,9.338115026394462e-05,16,20,False,0.995,0.005,0.66,fixed,100,none,b05428b4-9e4c-4c24-8ea0-156090d31ad0
859,107000,18.083467483520508,1.0,1.0,1.0,0.9951079999999999,0.0,0.0,0.0,0.0,0.0,0.0,0.0,0.0,0.0,0.0,0.0,0.0,0.0,0.0,0.0025,0.9975,0.04866627722187674,1886,0.00042614923196580037,3.0047904285286717e-07,9.334115789545574e-05,16,20,False,0.995,0.005,0.66,fixed,100,none,b05428b4-9e4c-4c24-8ea0-156090d31ad0
860,107100,18.09521245956421,1.0,1.0,1.0,0.9951079999999999,0.0,0.0,0.0,0.0,0.0,0.0,0.0,0.0,0.0,0.0,0.0,0.0,0.0,0.0,0.0025,0.9975,0.04866627722187674,1886,0.0004267817927761975,3.0173948035857315e-07,9.347986493997777e-05,16,20,False,0.995,0.005,0.66,fixed,100,none,b05428b4-9e4c-4c24-8ea0-156090d31ad0
861,107400,18.106729745864868,1.0,1.0,1.0,0.9951079999999999,0.0,0.0,0.0,0.0,0.0,0.0,0.0,0.0,0.0,0.0,0.0,0.0,0.0,0.0,0.0025,0.9975,0.04866627722187674,1886,0.00042721892516991403,3.0252737972417465e-07,9.357570292184178e-05,16,20,False,0.995,0.005,0.66,fixed,100,none,b05428b4-9e4c-4c24-8ea0-156090d31ad0
862,107500,18.11807608604431,1.0,1.0,1.0,0.9951079999999999,0.0,0.0,0.0,0.0,0.0,0.0,0.0,0.0,0.0,0.0,0.0,0.0,0.0,0.0,0.0025,0.9975,0.04866627722187674,1886,0.000427317371316118,3.0340468691189855e-07,9.35974194716115e-05,16,20,False,0.995,0.005,0.66,fixed,100,none,b05428b4-9e4c-4c24-8ea0-156090d31ad0
863,107700,18.12943696975708,1.0,1.0,1.0,0.9951079999999999,0.0,0.0,0.0,0.0,0.0,0.0,0.0,0.0,0.0,0.0,0.0,0.0,0.0,0.0,0.0025,0.9975,0.04905748079471863,1885,0.00042659722077772403,3.029826861680593e-07,9.343969833861573e-05,16,20,False,0.995,0.005,0.66,fixed,100,none,b05428b4-9e4c-4c24-8ea0-156090d31ad0
864,107800,18.140798091888428,1.0,1.0,1.0,0.9951079999999999,0.0,0.0,0.0,0.0,0.0,0.0,0.0,0.0,0.0,0.0,0.0,0.0,0.0,0.0,0.0025,0.9975,0.04905748079471863,1885,0.00042665759558247184,3.0279890327677016e-07,9.345287946462568e-05,16,20,False,0.995,0.005,0.66,fixed,100,none,b05428b4-9e4c-4c24-8ea0-156090d31ad0
865,107900,18.152432203292847,1.0,1.0,1.0,0.9951079999999999,0.0,0.0,0.0,0.0,0.0,0.0,0.0,0.0,0.0,0.0,0.0,0.0,0.0,0.0,0.0025,0.9975,0.04905748079471863,1885,0.00042693578334722414,3.032318006624806e-07,9.351385701683323e-05,16,20,False,0.995,0.005,0.66,fixed,100,none,b05428b4-9e4c-4c24-8ea0-156090d31ad0
866,108100,18.163726568222046,1.0,1.0,1.0,0.9951079999999999,0.0,0.0,0.0,0.0,0.0,0.0,0.0,0.0,0.0,0.0,0.0,0.0,0.0,0.0,0.0025,0.9975,0.04866627722187674,1886,0.0004289036957054271,3.064273823033426e-07,9.394524019255563e-05,16,20,False,0.995,0.005,0.66,fixed,100,none,b05428b4-9e4c-4c24-8ea0-156090d31ad0
867,108200,18.175044298171997,1.0,1.0,1.0,0.9951079999999999,0.0,0.0,0.0,0.0,0.0,0.0,0.0,0.0,0.0,0.0,0.0,0.0,0.0,0.0,0.0025,0.9975,0.04866627722187674,1886,0.000429652105707643,3.079054333633808e-07,9.41093479717421e-05,16,20,False,0.995,0.005,0.66,fixed,100,none,b05428b4-9e4c-4c24-8ea0-156090d31ad0
868,108500,18.186355590820312,1.0,1.0,1.0,0.9951079999999999,0.0,0.0,0.0,0.0,0.0,0.0,0.0,0.0,0.0,0.0,0.0,0.0,0.0,0.0,0.0025,0.9975,0.04866627722187674,1886,0.0004280265563034519,3.0673411585761974e-07,9.375329265683858e-05,16,20,False,0.995,0.005,0.66,fixed,100,none,b05428b4-9e4c-4c24-8ea0-156090d31ad0
869,108600,18.19750189781189,1.0,1.0,1.0,0.9951079999999999,0.0,0.0,0.0,0.0,0.0,0.0,0.0,0.0,0.0,0.0,0.0,0.0,0.0,0.0,0.0025,0.9975,0.04866627722187674,1886,0.0004279070104844081,3.060187392600946e-07,9.372698815549636e-05,16,20,False,0.995,0.005,0.66,fixed,100,none,b05428b4-9e4c-4c24-8ea0-156090d31ad0
870,108700,18.20885944366455,1.0,1.0,1.0,0.9951079999999999,0.0,0.0,0.0,0.0,0.0,0.0,0.0,0.0,0.0,0.0,0.0,0.0,0.0,0.0,0.0025,0.9975,0.04866627722187674,1886,0.0004278503232015786,3.057669651298591e-07,9.371453147220022e-05,16,20,False,0.995,0.005,0.66,fixed,100,none,b05428b4-9e4c-4c24-8ea0-156090d31ad0
871,108800,18.22038507461548,1.0,1.0,1.0,0.9951079999999999,0.0,0.0,0.0,0.0,0.0,0.0,0.0,0.0,0.0,0.0,0.0,0.0,0.0,0.0,0.0025,0.9975,0.04866627722187674,1886,0.0004287517407239711,3.0843897181653807e-07,9.391235944912242e-05,16,20,False,0.995,0.005,0.66,fixed,100,none,b05428b4-9e4c-4c24-8ea0-156090d31ad0
872,108900,18.23182725906372,1.0,1.0,1.0,0.9951079999999999,0.0,0.0,0.0,0.0,0.0,0.0,0.0,0.0,0.0,0.0,0.0,0.0,0.0,0.0,0.0025,0.9975,0.04866627722187674,1886,0.0004288019596238636,3.0897889244666955e-07,9.392345495122862e-05,16,20,False,0.995,0.005,0.66,fixed,100,none,b05428b4-9e4c-4c24-8ea0-156090d31ad0
873,109200,18.243438959121704,1.0,1.0,1.0,0.9951079999999999,0.0,0.0,0.0,0.0,0.0,0.0,0.0,0.0,0.0,0.0,0.0,0.0,0.0,0.0,0.0025,0.9975,0.048274068630222176,1887,0.0004289581716272079,3.0994835099833086e-07,9.395783395588549e-05,16,20,False,0.995,0.005,0.66,fixed,100,none,b05428b4-9e4c-4c24-8ea0-156090d31ad0
874,109300,18.255201816558838,1.0,1.0,1.0,0.9951079999999999,0.0,0.0,0.0,0.0,0.0,0.0,0.0,0.0,0.0,0.0,0.0,0.0,0.0,0.0,0.0025,0.9975,0.04866627722187674,1886,0.0004296672812320121,3.096878202056027e-07,9.411300854752651e-05,16,20,False,0.995,0.005,0.66,fixed,100,none,b05428b4-9e4c-4c24-8ea0-156090d31ad0
875,109500,18.266890287399292,1.0,1.0,1.0,0.9951079999999999,0.0,0.0,0.0,0.0,0.0,0.0,0.0,0.0,0.0,0.0,0.0,0.0,0.0,0.0,0.0025,0.9975,0.04905748079471863,1885,0.00042921918150022956,3.0926263420204677e-07,9.401483873089864e-05,16,20,False,0.995,0.005,0.66,fixed,100,none,b05428b4-9e4c-4c24-8ea0-156090d31ad0
876,109600,18.278558254241943,1.0,1.0,1.0,0.9951079999999999,0.0,0.0,0.0,0.0,0.0,0.0,0.0,0.0,0.0,0.0,0.0,0.0,0.0,0.0,0.0025,0.9975,0.04944767934874782,1884,0.00042928580037985783,3.0959387864878064e-07,9.402948454009415e-05,16,20,False,0.995,0.005,0.66,fixed,100,none,b05428b4-9e4c-4c24-8ea0-156090d31ad0
877,109700,18.29024386405945,1.0,1.0,1.0,0.9951079999999999,0.0,0.0,0.0,0.0,0.0,0.0,0.0,0.0,0.0,0.0,0.0,0.0,0.0,0.0,0.0025,0.9975,0.04944767934874782,1884,0.00042928580037985783,3.0959387864878064e-07,9.402948454009415e-05,16,20,False,0.995,0.005,0.66,fixed,100,none,b05428b4-9e4c-4c24-8ea0-156090d31ad0
878,109900,18.301974058151245,1.0,1.0,1.0,0.9951079999999999,0.0,0.0,0.0,0.0,0.0,0.0,0.0,0.0,0.0,0.0,0.0,0.0,0.0,0.0,0.0025,0.9975,0.04944767934874782,1884,0.00042984914562637033,3.10152202810161e-07,9.415290689614641e-05,16,20,False,0.995,0.005,0.66,fixed,100,none,b05428b4-9e4c-4c24-8ea0-156090d31ad0
879,110000,18.313673734664917,1.0,1.0,1.0,0.9951079999999999,0.0,0.0,0.0,0.0,0.0,0.0,0.0,0.0,0.0,0.0,0.0,0.0,0.0,0.0,0.0025,0.9975,0.04944767934874782,1884,0.00042976359962531863,3.09976332196075e-07,9.41341474610995e-05,16,20,False,0.995,0.005,0.66,fixed,100,none,b05428b4-9e4c-4c24-8ea0-156090d31ad0
880,110300,18.325150728225708,1.0,1.0,1.0,0.9951079999999999,0.0,0.0,0.0,0.0,0.0,0.0,0.0,0.0,0.0,0.0,0.0,0.0,0.0,0.0,0.0025,0.9975,0.04944767934874782,1884,0.00043081686265608094,3.125900101955387e-07,9.436520333735327e-05,16,20,False,0.995,0.005,0.66,fixed,100,none,b05428b4-9e4c-4c24-8ea0-156090d31ad0
881,110400,18.336551666259766,1.0,1.0,1.0,0.9951079999999999,0.0,0.0,0.0,0.0,0.0,0.0,0.0,0.0,0.0,0.0,0.0,0.0,0.0,0.0,0.0025,0.9975,0.04944767934874782,1884,0.00043049484551877155,3.1267437366107903e-07,9.429472981505469e-05,16,20,False,0.995,0.005,0.66,fixed,100,none,b05428b4-9e4c-4c24-8ea0-156090d31ad0
882,110500,18.34824252128601,1.0,1.0,1.0,0.9951079999999999,0.0,0.0,0.0,0.0,0.0,0.0,0.0,0.0,0.0,0.0,0.0,0.0,0.0,0.0,0.0025,0.9975,0.04944767934874782,1884,0.0004305521467144445,3.132781906944213e-07,9.430738777202383e-05,16,20,False,0.995,0.005,0.66,fixed,100,none,b05428b4-9e4c-4c24-8ea0-156090d31ad0
883,110600,18.359597206115723,1.0,1.0,1.0,0.9951079999999999,0.0,0.0,0.0,0.0,0.0,0.0,0.0,0.0,0.0,0.0,0.0,0.0,0.0,0.0,0.0025,0.9975,0.04944767934874782,1884,0.0004293842127032986,3.1354494521563244e-07,9.405177770034305e-05,16,20,False,0.995,0.005,0.66,fixed,100,none,b05428b4-9e4c-4c24-8ea0-156090d31ad0
884,110700,18.370747566223145,1.0,1.0,1.0,0.9951079999999999,0.0,0.0,0.0,0.0,0.0,0.0,0.0,0.0,0.0,0.0,0.0,0.0,0.0,0.0,0.0025,0.9975,0.04944767934874782,1884,0.00042907014168404214,3.129243967061453e-07,9.398290965001099e-05,16,20,False,0.995,0.005,0.66,fixed,100,none,b05428b4-9e4c-4c24-8ea0-156090d31ad0
885,111000,18.381906509399414,1.0,1.0,1.0,0.9951079999999999,0.0,0.0,0.0,0.0,0.0,0.0,0.0,0.0,0.0,0.0,0.0,0.0,0.0,0.0,0.0025,0.9975,0.04944767934874782,1884,0.00043014146521917827,3.1392785889717647e-07,9.42176130296686e-05,16,20,False,0.995,0.005,0.66,fixed,100,none,b05428b4-9e4c-4c24-8ea0-156090d31ad0
886,111100,18.393110990524292,1.0,1.0,1.0,0.9951079999999999,0.0,0.0,0.0,0.0,0.0,0.0,0.0,0.0,0.0,0.0,0.0,0.0,0.0,0.0,0.0025,0.9975,0.04944767934874782,1884,0.00042968001121319015,3.1330716954619426e-07,9.41164828167811e-05,16,20,False,0.995,0.005,0.66,fixed,100,none,b05428b4-9e4c-4c24-8ea0-156090d31ad0
887,111400,18.404424905776978,1.0,1.0,1.0,0.9951079999999999,0.0,0.0,0.0,0.0,0.0,0.0,0.0,0.0,0.0,0.0,0.0,0.0,0.0,0.0,0.0025,0.9975,0.04944767934874782,1884,0.0004295741727260121,3.138596083778873e-07,9.409341973531585e-05,16,20,False,0.995,0.005,0.66,fixed,100,none,b05428b4-9e4c-4c24-8ea0-156090d31ad0
888,111500,18.415627479553223,1.0,1.0,1.0,0.9951079999999999,0.0,0.0,0.0,0.0,0.0,0.0,0.0,0.0,0.0,0.0,0.0,0.0,0.0,0.0,0.0025,0.9975,0.04944767934874782,1884,0.00043051232099498155,3.143448076953784e-07,9.429887257926359e-05,16,20,False,0.995,0.005,0.66,fixed,100,none,b05428b4-9e4c-4c24-8ea0-156090d31ad0
889,111700,18.42665719985962,1.0,1.0,1.0,0.9951079999999999,0.0,0.0,0.0,0.0,0.0,0.0,0.0,0.0,0.0,0.0,0.0,0.0,0.0,0.0,0.0025,0.9975,0.04944767934874782,1884,0.0004327303443411805,3.158151379350119e-07,9.478467725249208e-05,16,20,False,0.995,0.005,0.66,fixed,100,none,b05428b4-9e4c-4c24-8ea0-156090d31ad0
890,111800,18.437772035598755,1.0,1.0,1.0,0.9951079999999999,0.0,0.0,0.0,0.0,0.0,0.0,0.0,0.0,0.0,0.0,0.0,0.0,0.0,0.0,0.0025,0.9975,0.04944767934874782,1884,0.00043308986963087355,3.1584318979302764e-07,9.48633826682589e-05,16,20,False,0.995,0.005,0.66,fixed,100,none,b05428b4-9e4c-4c24-8ea0-156090d31ad0
891,112100,18.448728799819946,1.0,1.0,1.0,0.9951079999999999,0.0,0.0,0.0,0.0,0.0,0.0,0.0,0.0,0.0,0.0,0.0,0.0,0.0,0.0,0.0025,0.9975,0.04944767934874782,1884,0.0004336409788869204,3.1580219881069326e-07,9.498401269612091e-05,16,20,False,0.995,0.005,0.66,fixed,100,none,b05428b4-9e4c-4c24-8ea0-156090d31ad0
892,112200,18.459820985794067,1.0,1.0,1.0,0.9951079999999999,0.0,0.0,0.0,0.0,0.0,0.0,0.0,0.0,0.0,0.0,0.0,0.0,0.0,0.0,0.0025,0.9975,0.04944767934874782,1884,0.0004336409788869204,3.1580219881069326e-07,9.498401269612091e-05,16,20,False,0.995,0.005,0.66,fixed,100,none,b05428b4-9e4c-4c24-8ea0-156090d31ad0
893,112300,18.471069812774658,1.0,1.0,1.0,0.9951079999999999,0.0,0.0,0.0,0.0,0.0,0.0,0.0,0.0,0.0,0.0,0.0,0.0,0.0,0.0,0.0025,0.9975,0.04905748079471863,1885,0.00043450311734294063,3.1730667259880266e-07,9.517302065416348e-05,16,20,False,0.995,0.005,0.66,fixed,100,none,b05428b4-9e4c-4c24-8ea0-156090d31ad0
894,112400,18.48243236541748,1.0,1.0,1.0,0.9951079999999999,0.0,0.0,0.0,0.0,0.0,0.0,0.0,0.0,0.0,0.0,0.0,0.0,0.0,0.0,0.0025,0.9975,0.04944767934874782,1884,0.00043472557463669376,3.1695307590612284e-07,9.522164937239444e-05,16,20,False,0.995,0.005,0.66,fixed,100,none,b05428b4-9e4c-4c24-8ea0-156090d31ad0
895,112500,18.49379539489746,1.0,1.0,1.0,0.9951079999999999,0.0,0.0,0.0,0.0,0.0,0.0,0.0,0.0,0.0,0.0,0.0,0.0,0.0,0.0,0.0025,0.9975,0.04944767934874782,1884,0.0004348906742670269,3.174647741264322e-07,9.525788690413622e-05,16,20,False,0.995,0.005,0.66,fixed,100,none,b05428b4-9e4c-4c24-8ea0-156090d31ad0
896,112800,18.505162000656128,1.0,1.0,1.0,0.9951079999999999,0.0,0.0,0.0,0.0,0.0,0.0,0.0,0.0,0.0,0.0,0.0,0.0,0.0,0.0,0.0025,0.9975,0.04944767934874782,1884,0.00043541614926610126,3.180841363312997e-07,9.537303106025252e-05,16,20,False,0.995,0.005,0.66,fixed,100,none,b05428b4-9e4c-4c24-8ea0-156090d31ad0
897,112900,18.516626358032227,1.0,1.0,1.0,0.9951079999999999,0.0,0.0,0.0,0.0,0.0,0.0,0.0,0.0,0.0,0.0,0.0,0.0,0.0,0.0,0.0025,0.9975,0.04944767934874782,1884,0.00043589638540982674,3.1868996734957165e-07,9.547826986000749e-05,16,20,False,0.995,0.005,0.66,fixed,100,none,b05428b4-9e4c-4c24-8ea0-156090d31ad0
898,113200,18.528175115585327,1.0,1.0,1.0,0.9951079999999999,0.0,0.0,0.0,0.0,0.0,0.0,0.0,0.0,0.0,0.0,0.0,0.0,0.0,0.0,0.0025,0.9975,0.04944767934874782,1884,0.00043381738002830697,3.165402648162516e-07,9.502276713851149e-05,16,20,False,0.995,0.005,0.66,fixed,100,none,b05428b4-9e4c-4c24-8ea0-156090d31ad0
899,113300,18.539780139923096,1.0,1.0,1.0,0.9951079999999999,0.0,0.0,0.0,0.0,0.0,0.0,0.0,0.0,0.0,0.0,0.0,0.0,0.0,0.0,0.0025,0.9975,0.04944767934874782,1884,0.0004322910689101363,3.1551544278640566e-07,9.468846291855826e-05,16,20,False,0.995,0.005,0.66,fixed,100,none,b05428b4-9e4c-4c24-8ea0-156090d31ad0
900,113400,18.55149483680725,1.0,1.0,1.0,0.9951079999999999,0.0,0.0,0.0,0.0,0.0,0.0,0.0,0.0,0.0,0.0,0.0,0.0,0.0,0.0,0.0025,0.9975,0.04905748079471862,1885,0.00043238314199295217,3.1556692587746555e-07,9.470862749817396e-05,16,20,False,0.995,0.005,0.66,fixed,100,none,b05428b4-9e4c-4c24-8ea0-156090d31ad0
901,113500,18.56307578086853,1.0,1.0,1.0,0.9951079999999999,0.0,0.0,0.0,0.0,0.0,0.0,0.0,0.0,0.0,0.0,0.0,0.0,0.0,0.0,0.0025,0.9975,0.04905748079471862,1885,0.0004334764373183331,3.15695298259933e-07,9.494797423565252e-05,16,20,False,0.995,0.005,0.66,fixed,100,none,b05428b4-9e4c-4c24-8ea0-156090d31ad0
902,113600,18.574657917022705,1.0,1.0,1.0,0.9951079999999999,0.0,0.0,0.0,0.0,0.0,0.0,0.0,0.0,0.0,0.0,0.0,0.0,0.0,0.0,0.0025,0.9975,0.04905748079471862,1885,0.00043280528314593533,3.151381092700756e-07,9.480095272140655e-05,16,20,False,0.995,0.005,0.66,fixed,100,none,b05428b4-9e4c-4c24-8ea0-156090d31ad0
903,113900,18.58610963821411,1.0,1.0,1.0,0.9951079999999999,0.0,0.0,0.0,0.0,0.0,0.0,0.0,0.0,0.0,0.0,0.0,0.0,0.0,0.0,0.0025,0.9975,0.049057480794718625,1885,0.0004330383380343938,3.166894330228976e-07,9.485226318800315e-05,16,20,False,0.995,0.005,0.66,fixed,100,none,b05428b4-9e4c-4c24-8ea0-156090d31ad0
904,114000,18.597499132156372,1.0,1.0,1.0,0.9951079999999999,0.0,0.0,0.0,0.0,0.0,0.0,0.0,0.0,0.0,0.0,0.0,0.0,0.0,0.0,0.0025,0.9975,0.049057480794718625,1885,0.00043291543480063026,3.1685249226049256e-07,9.482539065138746e-05,16,20,False,0.995,0.005,0.66,fixed,100,none,b05428b4-9e4c-4c24-8ea0-156090d31ad0
905,114200,18.60898756980896,1.0,1.0,1.0,0.9951079999999999,0.0,0.0,0.0,0.0,0.0,0.0,0.0,0.0,0.0,0.0,0.0,0.0,0.0,0.0,0.0025,0.9975,0.04944767934874782,1884,0.00043406597779261237,3.1716920312752266e-07,9.507730468739707e-05,16,20,False,0.995,0.005,0.66,fixed,100,none,b05428b4-9e4c-4c24-8ea0-156090d31ad0
906,114300,18.620410203933716,1.0,1.0,1.0,0.9951079999999999,0.0,0.0,0.0,0.0,0.0,0.0,0.0,0.0,0.0,0.0,0.0,0.0,0.0,0.0,0.0025,0.9975,0.04944767934874782,1884,0.00043358818639292957,3.162705002306911e-07,9.497254539645612e-05,16,20,False,0.995,0.005,0.66,fixed,100,none,b05428b4-9e4c-4c24-8ea0-156090d31ad0
907,114600,18.631755113601685,1.0,1.0,1.0,0.9951079999999999,0.0,0.0,0.0,0.0,0.0,0.0,0.0,0.0,0.0,0.0,0.0,0.0,0.0,0.0,0.0025,0.9975,0.049057480794718625,1885,0.00043380285346814333,3.1499880518625466e-07,9.501929439716197e-05,16,20,False,0.995,0.005,0.66,fixed,100,none,b05428b4-9e4c-4c24-8ea0-156090d31ad0
908,114700,18.643126964569092,1.0,1.0,1.0,0.9951079999999999,0.0,0.0,0.0,0.0,0.0,0.0,0.0,0.0,0.0,0.0,0.0,0.0,0.0,0.0,0.0025,0.9975,0.049057480794718625,1885,0.00043380285346814333,3.1499880518625466e-07,9.501929439716197e-05,16,20,False,0.995,0.005,0.66,fixed,100,none,b05428b4-9e4c-4c24-8ea0-156090d31ad0
909,115000,18.654489040374756,1.0,1.0,1.0,0.9951079999999999,0.0,0.0,0.0,0.0,0.0,0.0,0.0,0.0,0.0,0.0,0.0,0.0,0.0,0.0,0.0025,0.9975,0.04944767934874782,1884,0.0004347035106155682,3.166855944712534e-07,9.521676873669743e-05,16,20,False,0.995,0.005,0.66,fixed,100,none,b05428b4-9e4c-4c24-8ea0-156090d31ad0
910,115100,18.665971279144287,1.0,1.0,1.0,0.9951079999999999,0.0,0.0,0.0,0.0,0.0,0.0,0.0,0.0,0.0,0.0,0.0,0.0,0.0,0.0,0.0025,0.9975,0.04944767934874782,1884,0.0004347187303101279,3.1776953365834526e-07,9.522030627628209e-05,16,20,False,0.995,0.005,0.66,fixed,100,none,b05428b4-9e4c-4c24-8ea0-156090d31ad0
911,115200,18.67736792564392,1.0,1.0,1.0,0.9951079999999999,0.0,0.0,0.0,0.0,0.0,0.0,0.0,0.0,0.0,0.0,0.0,0.0,0.0,0.0,0.0025,0.9975,0.049057480794718625,1885,0.000435330187439936,3.1787606670516833e-07,9.535417448327598e-05,16,20,False,0.995,0.005,0.66,fixed,100,none,b05428b4-9e4c-4c24-8ea0-156090d31ad0
912,115300,18.688777446746826,1.0,1.0,1.0,0.9951079999999999,0.0,0.0,0.0,0.0,0.0,0.0,0.0,0.0,0.0,0.0,0.0,0.0,0.0,0.0,0.0025,0.9975,0.04944767934874782,1884,0.000434242577872862,3.1599447011020923e-07,9.511573924569045e-05,16,20,False,0.995,0.005,0.66,fixed,100,none,b05428b4-9e4c-4c24-8ea0-156090d31ad0
913,115400,18.70011281967163,1.0,1.0,1.0,0.9951079999999999,0.0,0.0,0.0,0.0,0.0,0.0,0.0,0.0,0.0,0.0,0.0,0.0,0.0,0.0,0.0025,0.9975,0.04944767934874782,1884,0.0004342329411404643,3.1604672466001776e-07,9.511363969333304e-05,16,20,False,0.995,0.005,0.66,fixed,100,none,b05428b4-9e4c-4c24-8ea0-156090d31ad0
914,115700,18.71144676208496,1.0,1.0,1.0,0.9951079999999999,0.0,0.0,0.0,0.0,0.0,0.0,0.0,0.0,0.0,0.0,0.0,0.0,0.0,0.0,0.0025,0.9975,0.04944767934874782,1884,0.00043553806633873487,3.175703222351192e-07,9.539962108277374e-05,16,20,False,0.995,0.005,0.66,fixed,100,none,b05428b4-9e4c-4c24-8ea0-156090d31ad0
915,115800,18.722687482833862,1.0,1.0,1.0,0.9951079999999999,0.0,0.0,0.0,0.0,0.0,0.0,0.0,0.0,0.0,0.0,0.0,0.0,0.0,0.0,0.0025,0.9975,0.04944767934874782,1884,0.0004357768748830565,3.181715571446784e-07,9.545201050775856e-05,16,20,False,0.995,0.005,0.66,fixed,100,none,b05428b4-9e4c-4c24-8ea0-156090d31ad0
916,116000,18.733927011489868,1.0,1.0,1.0,0.9951079999999999,0.0,0.0,0.0,0.0,0.0,0.0,0.0,0.0,0.0,0.0,0.0,0.0,0.0,0.0,0.0025,0.9975,0.049057480794718625,1885,0.0004384089098201406,3.2074876798704806e-07,9.602865262554632e-05,16,20,False,0.995,0.005,0.66,fixed,100,none,b05428b4-9e4c-4c24-8ea0-156090d31ad0
917,116100,18.745116233825684,1.0,1.0,1.0,0.9951079999999999,0.0,0.0,0.0,0.0,0.0,0.0,0.0,0.0,0.0,0.0,0.0,0.0,0.0,0.0,0.0025,0.9975,0.049057480794718625,1885,0.00043887960658993175,3.210496974614003e-07,9.613174532505373e-05,16,20,False,0.995,0.005,0.66,fixed,100,none,b05428b4-9e4c-4c24-8ea0-156090d31ad0
918,116200,18.75631284713745,1.0,1.0,1.0,0.9951079999999999,0.0,0.0,0.0,0.0,0.0,0.0,0.0,0.0,0.0,0.0,0.0,0.0,0.0,0.0,0.0025,0.9975,0.049057480794718625,1885,0.00043887960658993175,3.210496974614003e-07,9.613174532505373e-05,16,20,False,0.995,0.005,0.66,fixed,100,none,b05428b4-9e4c-4c24-8ea0-156090d31ad0
919,116400,18.76761507987976,1.0,1.0,1.0,0.9951079999999999,0.0,0.0,0.0,0.0,0.0,0.0,0.0,0.0,0.0,0.0,0.0,0.0,0.0,0.0,0.0025,0.9975,0.04866627722187674,1886,0.000441707045096557,3.242023593510162e-07,9.675127061991303e-05,16,20,False,0.995,0.005,0.66,fixed,100,none,b05428b4-9e4c-4c24-8ea0-156090d31ad0
920,116500,18.778821229934692,1.0,1.0,1.0,0.9951079999999999,0.0,0.0,0.0,0.0,0.0,0.0,0.0,0.0,0.0,0.0,0.0,0.0,0.0,0.0,0.0025,0.9975,0.049057480794718625,1885,0.0004415979487726545,3.2396947028956016e-07,9.67273451856891e-05,16,20,False,0.995,0.005,0.66,fixed,100,none,b05428b4-9e4c-4c24-8ea0-156090d31ad0
921,116800,18.790018796920776,1.0,1.0,1.0,0.9951079999999999,0.0,0.0,0.0,0.0,0.0,0.0,0.0,0.0,0.0,0.0,0.0,0.0,0.0,0.0,0.0025,0.9975,0.04866627722187673,1886,0.00044272913986197584,3.2554818312062916e-07,9.697526287057943e-05,16,20,False,0.995,0.005,0.66,fixed,100,none,b05428b4-9e4c-4c24-8ea0-156090d31ad0
922,116900,18.801209211349487,1.0,1.0,1.0,0.9951079999999999,0.0,0.0,0.0,0.0,0.0,0.0,0.0,0.0,0.0,0.0,0.0,0.0,0.0,0.0,0.0025,0.9975,0.04866627722187673,1886,0.00044376154220766183,3.265872798581137e-07,9.720145317243021e-05,16,20,False,0.995,0.005,0.66,fixed,100,none,b05428b4-9e4c-4c24-8ea0-156090d31ad0
923,117000,18.812458515167236,1.0,1.0,1.0,0.9951079999999999,0.0,0.0,0.0,0.0,0.0,0.0,0.0,0.0,0.0,0.0,0.0,0.0,0.0,0.0,0.0025,0.9975,0.04866627722187673,1886,0.00044297372667543244,3.2603761982029637e-07,9.702889591701802e-05,16,20,False,0.995,0.005,0.66,fixed,100,none,b05428b4-9e4c-4c24-8ea0-156090d31ad0
924,117100,18.823732614517212,1.0,1.0,1.0,0.9951079999999999,0.0,0.0,0.0,0.0,0.0,0.0,0.0,0.0,0.0,0.0,0.0,0.0,0.0,0.0,0.0025,0.9975,0.04827406863022217,1887,0.0004426424458669796,3.2582930971687165e-07,9.695633896912805e-05,16,20,False,0.995,0.005,0.66,fixed,100,none,b05428b4-9e4c-4c24-8ea0-156090d31ad0
925,117200,18.835008144378662,1.0,1.0,1.0,0.9951079999999999,0.0,0.0,0.0,0.0,0.0,0.0,0.0,0.0,0.0,0.0,0.0,0.0,0.0,0.0,0.0025,0.9975,0.04827406863022217,1887,0.00044367848797899394,3.270878529333915e-07,9.718336771065913e-05,16,20,False,0.995,0.005,0.66,fixed,100,none,b05428b4-9e4c-4c24-8ea0-156090d31ad0
926,117500,18.846267461776733,1.0,1.0,1.0,0.9951079999999999,0.0,0.0,0.0,0.0,0.0,0.0,0.0,0.0,0.0,0.0,0.0,0.0,0.0,0.0,0.0025,0.9975,0.04866627722187674,1886,0.00044593950568840496,3.322738272184819e-07,9.767928982236336e-05,16,20,False,0.995,0.005,0.66,fixed,100,none,b05428b4-9e4c-4c24-8ea0-156090d31ad0
927,117600,18.85766363143921,1.0,1.0,1.0,0.9951079999999999,0.0,0.0,0.0,0.0,0.0,0.0,0.0,0.0,0.0,0.0,0.0,0.0,0.0,0.0,0.0025,0.9975,0.049057480794718625,1885,0.00044432147190863415,3.320615679566309e-07,9.732506189871178e-05,16,20,False,0.995,0.005,0.66,fixed,100,none,b05428b4-9e4c-4c24-8ea0-156090d31ad0
928,117800,18.869136095046997,1.0,1.0,1.0,0.9951079999999999,0.0,0.0,0.0,0.0,0.0,0.0,0.0,0.0,0.0,0.0,0.0,0.0,0.0,0.0,0.0025,0.9975,0.049057480794718625,1885,0.0004463057171164793,3.3524521984037687e-07,9.7760018068567e-05,16,20,False,0.995,0.005,0.66,fixed,100,none,b05428b4-9e4c-4c24-8ea0-156090d31ad0
929,117900,18.880512714385986,1.0,1.0,1.0,0.9951079999999999,0.0,0.0,0.0,0.0,0.0,0.0,0.0,0.0,0.0,0.0,0.0,0.0,0.0,0.0,0.0025,0.9975,0.049057480794718625,1885,0.00044561275937241994,3.3411882775238137e-07,9.760811560389568e-05,16,20,False,0.995,0.005,0.66,fixed,100,none,b05428b4-9e4c-4c24-8ea0-156090d31ad0
930,118000,18.89193320274353,1.0,1.0,1.0,0.9951079999999999,0.0,0.0,0.0,0.0,0.0,0.0,0.0,0.0,0.0,0.0,0.0,0.0,0.0,0.0,0.0025,0.9975,0.049057480794718625,1885,0.00044546833138200113,3.34116037752875e-07,9.75764997866931e-05,16,20,False,0.995,0.005,0.66,fixed,100,none,b05428b4-9e4c-4c24-8ea0-156090d31ad0
931,118100,18.903436183929443,1.0,1.0,1.0,0.9951079999999999,0.0,0.0,0.0,0.0,0.0,0.0,0.0,0.0,0.0,0.0,0.0,0.0,0.0,0.0,0.0025,0.9975,0.049057480794718625,1885,0.0004456524235449124,3.3467793209400895e-07,9.76169043210792e-05,16,20,False,0.995,0.005,0.66,fixed,100,none,b05428b4-9e4c-4c24-8ea0-156090d31ad0
932,118200,18.914865970611572,1.0,1.0,1.0,0.9951079999999999,0.0,0.0,0.0,0.0,0.0,0.0,0.0,0.0,0.0,0.0,0.0,0.0,0.0,0.0,0.0025,0.9975,0.049057480794718625,1885,0.00044548061597754046,3.3556514658055114e-07,9.75794642153339e-05,16,20,False,0.995,0.005,0.66,fixed,100,none,b05428b4-9e4c-4c24-8ea0-156090d31ad0
933,118300,18.92637538909912,1.0,1.0,1.0,0.9951079999999999,0.0,0.0,0.0,0.0,0.0,0.0,0.0,0.0,0.0,0.0,0.0,0.0,0.0,0.0,0.0025,0.9975,0.04866627722187674,1886,0.0004455104217849788,3.356775550470378e-07,9.75860100641908e-05,16,20,False,0.995,0.005,0.66,fixed,100,none,b05428b4-9e4c-4c24-8ea0-156090d31ad0
934,118600,18.937913417816162,1.0,1.0,1.0,0.9951079999999999,0.0,0.0,0.0,0.0,0.0,0.0,0.0,0.0,0.0,0.0,0.0,0.0,0.0,0.0,0.0025,0.9975,0.049057480794718625,1885,0.0004440473891923745,3.341841396816028e-07,9.726546848075028e-05,16,20,False,0.995,0.005,0.66,fixed,100,none,b05428b4-9e4c-4c24-8ea0-156090d31ad0
935,118700,18.949305295944214,1.0,1.0,1.0,0.9951079999999999,0.0,0.0,0.0,0.0,0.0,0.0,0.0,0.0,0.0,0.0,0.0,0.0,0.0,0.0,0.0025,0.9975,0.049057480794718625,1885,0.00044431857907248595,3.3417793985457893e-07,9.732483076753954e-05,16,20,False,0.995,0.005,0.66,fixed,100,none,b05428b4-9e4c-4c24-8ea0-156090d31ad0
936,118900,18.96069025993347,1.0,1.0,1.0,0.9951079999999999,0.0,0.0,0.0,0.0,0.0,0.0,0.0,0.0,0.0,0.0,0.0,0.0,0.0,0.0,0.0025,0.9975,0.049057480794718625,1885,0.000443498885705166,3.3241031681857225e-07,9.714506404105637e-05,16,20,False,0.995,0.005,0.66,fixed,100,none,b05428b4-9e4c-4c24-8ea0-156090d31ad0
937,119000,18.972143411636353,1.0,1.0,1.0,0.9951079999999999,0.0,0.0,0.0,0.0,0.0,0.0,0.0,0.0,0.0,0.0,0.0,0.0,0.0,0.0,0.0025,0.9975,0.049057480794718625,1885,0.0004416965794058067,3.3128628133661265e-07,9.675032562538505e-05,16,20,False,0.995,0.005,0.66,fixed,100,none,b05428b4-9e4c-4c24-8ea0-156090d31ad0
938,119100,18.98355269432068,1.0,1.0,1.0,0.9951079999999999,0.0,0.0,0.0,0.0,0.0,0.0,0.0,0.0,0.0,0.0,0.0,0.0,0.0,0.0,0.0025,0.9975,0.04866627722187673,1886,0.00044124859151461977,3.30462563222957e-07,9.665210456956263e-05,16,20,False,0.995,0.005,0.66,fixed,100,none,b05428b4-9e4c-4c24-8ea0-156090d31ad0
939,119300,18.99501061439514,1.0,1.0,1.0,0.9951079999999999,0.0,0.0,0.0,0.0,0.0,0.0,0.0,0.0,0.0,0.0,0.0,0.0,0.0,0.0,0.0025,0.9975,0.049447679348747824,1884,0.0004402376150563771,3.2972480965174033e-07,9.643066164967478e-05,16,20,False,0.995,0.005,0.66,fixed,100,none,b05428b4-9e4c-4c24-8ea0-156090d31ad0
940,119400,19.00656270980835,1.0,1.0,1.0,0.9951079999999999,0.0,0.0,0.0,0.0,0.0,0.0,0.0,0.0,0.0,0.0,0.0,0.0,0.0,0.0,0.0025,0.9975,0.049447679348747824,1884,0.0004400616959319381,3.295050871168718e-07,9.639211120605346e-05,16,20,False,0.995,0.005,0.66,fixed,100,none,b05428b4-9e4c-4c24-8ea0-156090d31ad0
941,119600,19.01807951927185,1.0,1.0,1.0,0.9951079999999999,0.0,0.0,0.0,0.0,0.0,0.0,0.0,0.0,0.0,0.0,0.0,0.0,0.0,0.0,0.0025,0.9975,0.049447679348747824,1884,0.00044062204505593776,3.279131173338848e-07,9.651446915503823e-05,16,20,False,0.995,0.005,0.66,fixed,100,none,b05428b4-9e4c-4c24-8ea0-156090d31ad0
942,119700,19.029645204544067,1.0,1.0,1.0,0.9951079999999999,0.0,0.0,0.0,0.0,0.0,0.0,0.0,0.0,0.0,0.0,0.0,0.0,0.0,0.0,0.0025,0.9975,0.049057480794718625,1885,0.00043930565143843344,3.266972092568603e-07,9.622607956963189e-05,16,20,False,0.995,0.005,0.66,fixed,100,none,b05428b4-9e4c-4c24-8ea0-156090d31ad0
943,120000,19.041020154953003,1.0,1.0,1.0,0.9951079999999999,0.0,0.0,0.0,0.0,0.0,0.0,0.0,0.0,0.0,0.0,0.0,0.0,0.0,0.0,0.0025,0.9975,0.04866627722187673,1886,0.0004396898148659717,3.2813469944742325e-07,9.631044606705622e-05,16,20,False,0.995,0.005,0.66,fixed,100,none,b05428b4-9e4c-4c24-8ea0-156090d31ad0
944,120100,19.052400827407837,1.0,1.0,1.0,0.9951079999999999,0.0,0.0,0.0,0.0,0.0,0.0,0.0,0.0,0.0,0.0,0.0,0.0,0.0,0.0,0.0025,0.9975,0.04866627722187673,1886,0.00044021927520388046,3.2656760558563714e-07,9.642604718719071e-05,16,20,False,0.995,0.005,0.66,fixed,100,none,b05428b4-9e4c-4c24-8ea0-156090d31ad0
945,120400,19.06381130218506,1.0,1.0,1.0,0.9951079999999999,0.0,0.0,0.0,0.0,0.0,0.0,0.0,0.0,0.0,0.0,0.0,0.0,0.0,0.0,0.0025,0.9975,0.04866627722187673,1886,0.00044153886692920274,3.289554921497525e-07,9.671535951431094e-05,16,20,False,0.995,0.005,0.66,fixed,100,none,b05428b4-9e4c-4c24-8ea0-156090d31ad0
946,120500,19.075218439102173,1.0,1.0,1.0,0.9951079999999999,0.0,0.0,0.0,0.0,0.0,0.0,0.0,0.0,0.0,0.0,0.0,0.0,0.0,0.0,0.0025,0.9975,0.04866627722187673,1886,0.00044097804235996186,3.287980933682562e-07,9.659256511033563e-05,16,20,False,0.995,0.005,0.66,fixed,100,none,b05428b4-9e4c-4c24-8ea0-156090d31ad0
947,120700,19.08653450012207,1.0,1.0,1.0,0.9951079999999999,0.0,0.0,0.0,0.0,0.0,0.0,0.0,0.0,0.0,0.0,0.0,0.0,0.0,0.0,0.0025,0.9975,0.04866627722187673,1886,0.0004390129227209067,3.260651528343693e-07,9.616188116264501e-05,16,20,False,0.995,0.005,0.66,fixed,100,none,b05428b4-9e4c-4c24-8ea0-156090d31ad0
948,120800,19.097808122634888,1.0,1.0,1.0,0.9951079999999999,0.0,0.0,0.0,0.0,0.0,0.0,0.0,0.0,0.0,0.0,0.0,0.0,0.0,0.0,0.0025,0.9975,0.04866627722187673,1886,0.0004394247800511274,3.261173933903539e-07,9.625204665793596e-05,16,20,False,0.995,0.005,0.66,fixed,100,none,b05428b4-9e4c-4c24-8ea0-156090d31ad0
949,120900,19.109142780303955,1.0,1.0,1.0,0.9951079999999999,0.0,0.0,0.0,0.0,0.0,0.0,0.0,0.0,0.0,0.0,0.0,0.0,0.0,0.0,0.0025,0.9975,0.04866627722187673,1886,0.00043947166752977113,3.266368552104888e-07,9.62624090247569e-05,16,20,False,0.995,0.005,0.66,fixed,100,none,b05428b4-9e4c-4c24-8ea0-156090d31ad0
950,121000,19.120402097702026,1.0,1.0,1.0,0.9951079999999999,0.0,0.0,0.0,0.0,0.0,0.0,0.0,0.0,0.0,0.0,0.0,0.0,0.0,0.0,0.0025,0.9975,0.04866627722187673,1886,0.00043964581547686893,3.259098363158681e-07,9.630039187678663e-05,16,20,False,0.995,0.005,0.66,fixed,100,none,b05428b4-9e4c-4c24-8ea0-156090d31ad0
951,121100,19.131673336029053,1.0,1.0,1.0,0.9951079999999999,0.0,0.0,0.0,0.0,0.0,0.0,0.0,0.0,0.0,0.0,0.0,0.0,0.0,0.0,0.0025,0.9975,0.04866627722187673,1886,0.00043842985905142575,3.2501164300827885e-07,9.603404835852868e-05,16,20,False,0.995,0.005,0.66,fixed,100,none,b05428b4-9e4c-4c24-8ea0-156090d31ad0
952,121200,19.143025398254395,1.0,1.0,1.0,0.9951079999999999,0.0,0.0,0.0,0.0,0.0,0.0,0.0,0.0,0.0,0.0,0.0,0.0,0.0,0.0,0.0025,0.9975,0.049057480794718625,1885,0.0004393029270930063,3.2718620326071123e-07,9.622557611927861e-05,16,20,False,0.995,0.005,0.66,fixed,100,none,b05428b4-9e4c-4c24-8ea0-156090d31ad0
953,121400,19.15438985824585,1.0,1.0,1.0,0.9951079999999999,0.0,0.0,0.0,0.0,0.0,0.0,0.0,0.0,0.0,0.0,0.0,0.0,0.0,0.0,0.0025,0.9975,0.04866627722187673,1886,0.0004416074672378649,3.2831211814441823e-07,9.673025388081607e-05,16,20,False,0.995,0.005,0.66,fixed,100,none,b05428b4-9e4c-4c24-8ea0-156090d31ad0
954,121500,19.165828227996826,1.0,1.0,1.0,0.9951079999999999,0.0,0.0,0.0,0.0,0.0,0.0,0.0,0.0,0.0,0.0,0.0,0.0,0.0,0.0,0.0025,0.9975,0.04866627722187673,1886,0.0004416074672378649,3.2831211814441823e-07,9.673025388081607e-05,16,20,False,0.995,0.005,0.66,fixed,100,none,b05428b4-9e4c-4c24-8ea0-156090d31ad0
955,121800,19.17730188369751,1.0,1.0,1.0,0.9951079999999999,0.0,0.0,0.0,0.0,0.0,0.0,0.0,0.0,0.0,0.0,0.0,0.0,0.0,0.0,0.0025,0.9975,0.049057480794718625,1885,0.00044371014384974087,3.2916996389472164e-07,9.719069278184828e-05,16,20,False,0.995,0.005,0.66,fixed,100,none,b05428b4-9e4c-4c24-8ea0-156090d31ad0
956,121900,19.188772201538086,1.0,1.0,1.0,0.9951079999999999,0.0,0.0,0.0,0.0,0.0,0.0,0.0,0.0,0.0,0.0,0.0,0.0,0.0,0.0,0.0025,0.9975,0.049447679348747824,1884,0.00044345531461916193,3.294854430575415e-07,9.713497060431548e-05,16,20,False,0.995,0.005,0.66,fixed,100,none,b05428b4-9e4c-4c24-8ea0-156090d31ad0
957,122000,19.200103759765625,1.0,1.0,1.0,0.9951079999999999,0.0,0.0,0.0,0.0,0.0,0.0,0.0,0.0,0.0,0.0,0.0,0.0,0.0,0.0,0.0025,0.9975,0.049447679348747824,1884,0.0004440881604959174,3.302418682272303e-07,9.727364428751951e-05,16,20,False,0.995,0.005,0.66,fixed,100,none,b05428b4-9e4c-4c24-8ea0-156090d31ad0
958,122200,19.211504459381104,1.0,1.0,1.0,0.9951079999999999,0.0,0.0,0.0,0.0,0.0,0.0,0.0,0.0,0.0,0.0,0.0,0.0,0.0,0.0,0.0025,0.9975,0.049447679348747824,1884,0.00044420343733501304,3.324442541236937e-07,9.729929684091786e-05,16,20,False,0.995,0.005,0.66,fixed,100,none,b05428b4-9e4c-4c24-8ea0-156090d31ad0
959,122300,19.2228581905365,1.0,1.0,1.0,0.9951079999999999,0.0,0.0,0.0,0.0,0.0,0.0,0.0,0.0,0.0,0.0,0.0,0.0,0.0,0.0,0.0025,0.9975,0.04866627722187673,1886,0.00044429432568065516,3.3307758930728275e-07,9.73193126334638e-05,16,20,False,0.995,0.005,0.66,fixed,100,none,b05428b4-9e4c-4c24-8ea0-156090d31ad0
960,122500,19.234118938446045,1.0,1.0,1.0,0.9951079999999999,0.0,0.0,0.0,0.0,0.0,0.0,0.0,0.0,0.0,0.0,0.0,0.0,0.0,0.0,0.0025,0.9975,0.049057480794718625,1885,0.0004437966878009808,3.3371722715321767e-07,9.721050123279381e-05,16,20,False,0.995,0.005,0.66,fixed,100,none,b05428b4-9e4c-4c24-8ea0-156090d31ad0
961,122600,19.245418310165405,1.0,1.0,1.0,0.9951079999999999,0.0,0.0,0.0,0.0,0.0,0.0,0.0,0.0,0.0,0.0,0.0,0.0,0.0,0.0,0.0025,0.9975,0.04866627722187673,1886,0.0004431740046725194,3.3370647935200596e-07,9.707419385389138e-05,16,20,False,0.995,0.005,0.66,fixed,100,none,b05428b4-9e4c-4c24-8ea0-156090d31ad0
962,122900,19.256709098815918,1.0,1.0,1.0,0.9951079999999999,0.0,0.0,0.0,0.0,0.0,0.0,0.0,0.0,0.0,0.0,0.0,0.0,0.0,0.0,0.0025,0.9975,0.04866627722187673,1886,0.0004440334727179314,3.361242294005659e-07,9.72627907815413e-05,16,20,False,0.995,0.005,0.66,fixed,100,none,b05428b4-9e4c-4c24-8ea0-156090d31ad0
963,123000,19.268121480941772,1.0,1.0,1.0,0.9951079999999999,0.0,0.0,0.0,0.0,0.0,0.0,0.0,0.0,0.0,0.0,0.0,0.0,0.0,0.0,0.0025,0.9975,0.048274068630222176,1887,0.00044429389514090103,3.380540247196554e-07,9.732016391103997e-05,16,20,False,0.995,0.005,0.66,fixed,100,none,b05428b4-9e4c-4c24-8ea0-156090d31ad0
964,123200,19.27961754798889,1.0,1.0,1.0,0.9951079999999999,0.0,0.0,0.0,0.0,0.0,0.0,0.0,0.0,0.0,0.0,0.0,0.0,0.0,0.0,0.0025,0.9975,0.04866627722187673,1886,0.00044424531877590814,3.3783360018613886e-07,9.730948866408167e-05,16,20,False,0.995,0.005,0.66,fixed,100,none,b05428b4-9e4c-4c24-8ea0-156090d31ad0
965,123300,19.291207551956177,1.0,1.0,1.0,0.9951079999999999,0.0,0.0,0.0,0.0,0.0,0.0,0.0,0.0,0.0,0.0,0.0,0.0,0.0,0.0,0.0025,0.9975,0.04866627722187675,1886,0.00044386390549035703,3.372504553540984e-07,9.722588649835644e-05,16,20,False,0.995,0.005,0.66,fixed,100,none,b05428b4-9e4c-4c24-8ea0-156090d31ad0
966,123600,19.302623748779297,1.0,1.0,1.0,0.9951079999999999,0.0,0.0,0.0,0.0,0.0,0.0,0.0,0.0,0.0,0.0,0.0,0.0,0.0,0.0,0.0025,0.9975,0.048274068630222176,1887,0.0004447757136146628,3.3919474155221016e-07,9.742585071114462e-05,16,20,False,0.995,0.005,0.66,fixed,100,none,b05428b4-9e4c-4c24-8ea0-156090d31ad0
967,123700,19.314050912857056,1.0,1.0,1.0,0.9951079999999999,0.0,0.0,0.0,0.0,0.0,0.0,0.0,0.0,0.0,0.0,0.0,0.0,0.0,0.0,0.0025,0.9975,0.048274068630222176,1887,0.0004442230838164849,3.3956385130501476e-07,9.73049501791765e-05,16,20,False,0.995,0.005,0.66,fixed,100,none,b05428b4-9e4c-4c24-8ea0-156090d31ad0
968,124000,19.325509071350098,1.0,1.0,1.0,0.9951079999999999,0.0,0.0,0.0,0.0,0.0,0.0,0.0,0.0,0.0,0.0,0.0,0.0,0.0,0.0,0.0025,0.9975,0.04866627722187673,1886,0.0004441547162710767,3.4005450713353085e-07,9.729007774809407e-05,16,20,False,0.995,0.005,0.66,fixed,100,none,b05428b4-9e4c-4c24-8ea0-156090d31ad0
969,124100,19.336922883987427,1.0,1.0,1.0,0.9951079999999999,0.0,0.0,0.0,0.0,0.0,0.0,0.0,0.0,0.0,0.0,0.0,0.0,0.0,0.0,0.0025,0.9975,0.04866627722187673,1886,0.0004441547162710767,3.4005450713353085e-07,9.729007774809407e-05,16,20,False,0.995,0.005,0.66,fixed,100,none,b05428b4-9e4c-4c24-8ea0-156090d31ad0
970,124300,19.348228216171265,1.0,1.0,1.0,0.9951079999999999,0.0,0.0,0.0,0.0,0.0,0.0,0.0,0.0,0.0,0.0,0.0,0.0,0.0,0.0,0.0025,0.9975,0.048274068630222176,1887,0.00044581146978689895,3.418540239997938e-07,9.765308300091214e-05,16,20,False,0.995,0.005,0.66,fixed,100,none,b05428b4-9e4c-4c24-8ea0-156090d31ad0
971,124400,19.359521865844727,1.0,1.0,1.0,0.9951079999999999,0.0,0.0,0.0,0.0,0.0,0.0,0.0,0.0,0.0,0.0,0.0,0.0,0.0,0.0,0.0025,0.9975,0.047880855019754906,1888,0.0004448586988936464,3.4052220684765784e-07,9.744426840712026e-05,16,20,False,0.995,0.005,0.66,fixed,100,none,b05428b4-9e4c-4c24-8ea0-156090d31ad0
972,124700,19.370917320251465,1.0,1.0,1.0,0.9951079999999999,0.0,0.0,0.0,0.0,0.0,0.0,0.0,0.0,0.0,0.0,0.0,0.0,0.0,0.0,0.0025,0.9975,0.04866627722187673,1886,0.00044569632914795833,3.400911976396424e-07,9.762754377803962e-05,16,20,False,0.995,0.005,0.66,fixed,100,none,b05428b4-9e4c-4c24-8ea0-156090d31ad0
973,124800,19.382335424423218,1.0,1.0,1.0,0.9951079999999999,0.0,0.0,0.0,0.0,0.0,0.0,0.0,0.0,0.0,0.0,0.0,0.0,0.0,0.0,0.0025,0.9975,0.04866627722187673,1886,0.00044513540536575045,3.401770278874478e-07,9.750477386986139e-05,16,20,False,0.995,0.005,0.66,fixed,100,none,b05428b4-9e4c-4c24-8ea0-156090d31ad0
974,125000,19.39380669593811,1.0,1.0,1.0,0.9951079999999999,0.0,0.0,0.0,0.0,0.0,0.0,0.0,0.0,0.0,0.0,0.0,0.0,0.0,0.0,0.0025,0.9975,0.04866627722187673,1886,0.0004452368364696335,3.4100216921171306e-07,9.7527133915353e-05,16,20,False,0.995,0.005,0.66,fixed,100,none,b05428b4-9e4c-4c24-8ea0-156090d31ad0
975,125100,19.405099153518677,1.0,1.0,1.0,0.9951079999999999,0.0,0.0,0.0,0.0,0.0,0.0,0.0,0.0,0.0,0.0,0.0,0.0,0.0,0.0,0.0025,0.9975,0.04866627722187673,1886,0.00044553299377663087,3.4153451422299887e-07,9.759206389540688e-05,16,20,False,0.995,0.005,0.66,fixed,100,none,b05428b4-9e4c-4c24-8ea0-156090d31ad0
976,125400,19.416452169418335,1.0,1.0,1.0,0.9951079999999999,0.0,0.0,0.0,0.0,0.0,0.0,0.0,0.0,0.0,0.0,0.0,0.0,0.0,0.0,0.0025,0.9975,0.049057480794718625,1885,0.00044442198703344106,3.401162911502709e-07,9.734859505693881e-05,16,20,False,0.995,0.005,0.66,fixed,100,none,b05428b4-9e4c-4c24-8ea0-156090d31ad0
977,125500,19.42796301841736,1.0,1.0,1.0,0.9951079999999999,0.0,0.0,0.0,0.0,0.0,0.0,0.0,0.0,0.0,0.0,0.0,0.0,0.0,0.0,0.0025,0.9975,0.04866627722187673,1886,0.0004430867019044855,3.3860654934008215e-07,9.70560142912665e-05,16,20,False,0.995,0.005,0.66,fixed,100,none,b05428b4-9e4c-4c24-8ea0-156090d31ad0
978,125800,19.43946671485901,1.0,1.0,1.0,0.9951079999999999,0.0,0.0,0.0,0.0,0.0,0.0,0.0,0.0,0.0,0.0,0.0,0.0,0.0,0.0,0.0025,0.9975,0.049057480794718625,1885,0.0004445968235573513,3.397646218196715e-07,9.738679995484994e-05,16,20,False,0.995,0.005,0.66,fixed,100,none,b05428b4-9e4c-4c24-8ea0-156090d31ad0
979,125900,19.450907468795776,1.0,1.0,1.0,0.9951079999999999,0.0,0.0,0.0,0.0,0.0,0.0,0.0,0.0,0.0,0.0,0.0,0.0,0.0,0.0,0.0025,0.9975,0.04866627722187673,1886,0.0004447217773600878,3.4017108475603394e-07,9.741422957022687e-05,16,20,False,0.995,0.005,0.66,fixed,100,none,b05428b4-9e4c-4c24-8ea0-156090d31ad0
980,126000,19.462320566177368,1.0,1.0,1.0,0.9951079999999999,0.0,0.0,0.0,0.0,0.0,0.0,0.0,0.0,0.0,0.0,0.0,0.0,0.0,0.0,0.0025,0.9975,0.04866627722187673,1886,0.00044438161111142556,3.402010657236862e-07,9.733977287477855e-05,16,20,False,0.995,0.005,0.66,fixed,100,none,b05428b4-9e4c-4c24-8ea0-156090d31ad0
981,126100,19.47368359565735,1.0,1.0,1.0,0.9951079999999999,0.0,0.0,0.0,0.0,0.0,0.0,0.0,0.0,0.0,0.0,0.0,0.0,0.0,0.0,0.0025,0.9975,0.049057480794718625,1885,0.00044441130779714034,3.397923198547466e-07,9.734619581756643e-05,16,20,False,0.995,0.005,0.66,fixed,100,none,b05428b4-9e4c-4c24-8ea0-156090d31ad0
982,126200,19.485020637512207,1.0,1.0,1.0,0.9951079999999999,0.0,0.0,0.0,0.0,0.0,0.0,0.0,0.0,0.0,0.0,0.0,0.0,0.0,0.0,0.0025,0.9975,0.049057480794718625,1885,0.00044468694301219314,3.4029177756564307e-07,9.740662726310655e-05,16,20,False,0.995,0.005,0.66,fixed,100,none,b05428b4-9e4c-4c24-8ea0-156090d31ad0
983,126500,19.496288776397705,1.0,1.0,1.0,0.9951079999999999,0.0,0.0,0.0,0.0,0.0,0.0,0.0,0.0,0.0,0.0,0.0,0.0,0.0,0.0,0.0025,0.9975,0.04866627722187673,1886,0.0004432406158840744,3.4028076174129516e-07,9.709002416175473e-05,16,20,False,0.995,0.005,0.66,fixed,100,none,b05428b4-9e4c-4c24-8ea0-156090d31ad0
984,126600,19.507771730422974,1.0,1.0,1.0,0.9951079999999999,0.0,0.0,0.0,0.0,0.0,0.0,0.0,0.0,0.0,0.0,0.0,0.0,0.0,0.0,0.0025,0.9975,0.04866627722187673,1886,0.0004428166089441673,3.392780029147429e-07,9.699701851843203e-05,16,20,False,0.995,0.005,0.66,fixed,100,none,b05428b4-9e4c-4c24-8ea0-156090d31ad0
985,126800,19.519652366638184,1.0,1.0,1.0,0.9951079999999999,0.0,0.0,0.0,0.0,0.0,0.0,0.0,0.0,0.0,0.0,0.0,0.0,0.0,0.0,0.0025,0.9975,0.04866627722187673,1886,0.0004442184709240387,3.424658977897089e-07,9.730449180585212e-05,16,20,False,0.995,0.005,0.66,fixed,100,none,b05428b4-9e4c-4c24-8ea0-156090d31ad0
986,126900,19.531137466430664,1.0,1.0,1.0,0.9951079999999999,0.0,0.0,0.0,0.0,0.0,0.0,0.0,0.0,0.0,0.0,0.0,0.0,0.0,0.0,0.0025,0.9975,0.04866627722187673,1886,0.0004425474283275304,3.415395393115652e-07,9.693852457336561e-05,16,20,False,0.995,0.005,0.66,fixed,100,none,b05428b4-9e4c-4c24-8ea0-156090d31ad0
987,127000,19.542607069015503,1.0,1.0,1.0,0.9951079999999999,0.0,0.0,0.0,0.0,0.0,0.0,0.0,0.0,0.0,0.0,0.0,0.0,0.0,0.0,0.0025,0.9975,0.04866627722187673,1886,0.0004442003261030199,3.441324851196821e-07,9.73008365561238e-05,16,20,False,0.995,0.005,0.66,fixed,100,none,b05428b4-9e4c-4c24-8ea0-156090d31ad0
988,127100,19.554102897644043,1.0,1.0,1.0,0.9951079999999999,0.0,0.0,0.0,0.0,0.0,0.0,0.0,0.0,0.0,0.0,0.0,0.0,0.0,0.0,0.0025,0.9975,0.04866627722187673,1886,0.00044421947095279953,3.4487114041300924e-07,9.730516770824629e-05,16,20,False,0.995,0.005,0.66,fixed,100,none,b05428b4-9e4c-4c24-8ea0-156090d31ad0
989,127200,19.565601587295532,1.0,1.0,1.0,0.9951079999999999,0.0,0.0,0.0,0.0,0.0,0.0,0.0,0.0,0.0,0.0,0.0,0.0,0.0,0.0,0.0025,0.9975,0.04866627722187673,1886,0.00044377279665447236,3.4486408596681053e-07,9.72073893639977e-05,16,20,False,0.995,0.005,0.66,fixed,100,none,b05428b4-9e4c-4c24-8ea0-156090d31ad0
990,127300,19.57723069190979,1.0,1.0,1.0,0.9951079999999999,0.0,0.0,0.0,0.0,0.0,0.0,0.0,0.0,0.0,0.0,0.0,0.0,0.0,0.0,0.0025,0.9975,0.04827406863022217,1887,0.00044351319437866343,3.446504856754796e-07,9.715052184176777e-05,16,20,False,0.995,0.005,0.66,fixed,100,none,b05428b4-9e4c-4c24-8ea0-156090d31ad0
991,127600,19.58917260169983,1.0,1.0,1.0,0.9951079999999999,0.0,0.0,0.0,0.0,0.0,0.0,0.0,0.0,0.0,0.0,0.0,0.0,0.0,0.0,0.0025,0.9975,0.04827406863022217,1887,0.0004422014989062744,3.439630251263156e-07,9.686326108535746e-05,16,20,False,0.995,0.005,0.66,fixed,100,none,b05428b4-9e4c-4c24-8ea0-156090d31ad0
992,127700,19.600769758224487,1.0,1.0,1.0,0.9951079999999999,0.0,0.0,0.0,0.0,0.0,0.0,0.0,0.0,0.0,0.0,0.0,0.0,0.0,0.0,0.0025,0.9975,0.04827406863022217,1887,0.00044251429495797165,3.445704579847248e-07,9.69318475533171e-05,16,20,False,0.995,0.005,0.66,fixed,100,none,b05428b4-9e4c-4c24-8ea0-156090d31ad0
993,127900,19.612292289733887,1.0,1.0,1.0,0.9951079999999999,0.0,0.0,0.0,0.0,0.0,0.0,0.0,0.0,0.0,0.0,0.0,0.0,0.0,0.0,0.0025,0.9975,0.04827406863022217,1887,0.0004422259158610806,3.436942629350345e-07,9.68685548919482e-05,16,20,False,0.995,0.005,0.66,fixed,100,none,b05428b4-9e4c-4c24-8ea0-156090d31ad0
994,128000,19.623770236968994,1.0,1.0,1.0,0.9951079999999999,0.0,0.0,0.0,0.0,0.0,0.0,0.0,0.0,0.0,0.0,0.0,0.0,0.0,0.0,0.0025,0.9975,0.04827406863022217,1887,0.00044390681850587396,3.453272368151652e-07,9.723681474593069e-05,16,20,False,0.995,0.005,0.66,fixed,100,none,b05428b4-9e4c-4c24-8ea0-156090d31ad0
995,128100,19.635271787643433,1.0,1.0,1.0,0.9951079999999999,0.0,0.0,0.0,0.0,0.0,0.0,0.0,0.0,0.0,0.0,0.0,0.0,0.0,0.0,0.0025,0.9975,0.04866627722187674,1886,0.00044541011492525424,3.475355635084085e-07,9.756630591420477e-05,16,20,False,0.995,0.005,0.66,fixed,100,none,b05428b4-9e4c-4c24-8ea0-156090d31ad0
996,128200,19.64672064781189,1.0,1.0,1.0,0.9951079999999999,0.0,0.0,0.0,0.0,0.0,0.0,0.0,0.0,0.0,0.0,0.0,0.0,0.0,0.0,0.0025,0.9975,0.04866627722187674,1886,0.0004454223287874339,3.476405738042367e-07,9.756899948059209e-05,16,20,False,0.995,0.005,0.66,fixed,100,none,b05428b4-9e4c-4c24-8ea0-156090d31ad0
997,128300,19.65813183784485,1.0,1.0,1.0,0.9951079999999999,0.0,0.0,0.0,0.0,0.0,0.0,0.0,0.0,0.0,0.0,0.0,0.0,0.0,0.0,0.0025,0.9975,0.04866627722187674,1886,0.000446615824452912,3.481463672779709e-07,9.783035178252526e-05,16,20,False,0.995,0.005,0.66,fixed,100,none,b05428b4-9e4c-4c24-8ea0-156090d31ad0
998,128400,19.66945457458496,1.0,1.0,1.0,0.9951079999999999,0.0,0.0,0.0,0.0,0.0,0.0,0.0,0.0,0.0,0.0,0.0,0.0,0.0,0.0,0.0025,0.9975,0.04866627722187674,1886,0.000448382681934317,3.498112126662391e-07,9.821743320582859e-05,16,20,False,0.995,0.005,0.66,fixed,100,none,b05428b4-9e4c-4c24-8ea0-156090d31ad0
999,128600,19.680877685546875,1.0,1.0,1.0,0.9951079999999999,0.0,0.0,0.0,0.0,0.0,0.0,0.0,0.0,0.0,0.0,0.0,0.0,0.0,0.0,0.0025,0.9975,0.04866627722187674,1886,0.000448293728324338,3.496059857174143e-07,9.819792226748391e-05,16,20,False,0.995,0.005,0.66,fixed,100,none,b05428b4-9e4c-4c24-8ea0-156090d31ad0
1000,128700,19.69229531288147,1.0,1.0,1.0,0.9951079999999999,0.0,0.0,0.0,0.0,0.0,0.0,0.0,0.0,0.0,0.0,0.0,0.0,0.0,0.0,0.0025,0.9975,0.049057480794718625,1885,0.0004485468972073052,3.4955836444120735e-07,9.825333188792294e-05,16,20,False,0.995,0.005,0.66,fixed,100,none,b05428b4-9e4c-4c24-8ea0-156090d31ad0
1001,129000,19.703774452209473,1.0,1.0,1.0,0.9951079999999999,0.0,0.0,0.0,0.0,0.0,0.0,0.0,0.0,0.0,0.0,0.0,0.0,0.0,0.0,0.0025,0.9975,0.049057480794718625,1885,0.00044832814153810134,3.502600562728331e-07,9.820557959338223e-05,16,20,False,0.995,0.005,0.66,fixed,100,none,b05428b4-9e4c-4c24-8ea0-156090d31ad0
1002,129100,19.71519947052002,1.0,1.0,1.0,0.9951079999999999,0.0,0.0,0.0,0.0,0.0,0.0,0.0,0.0,0.0,0.0,0.0,0.0,0.0,0.0,0.0025,0.9975,0.049057480794718625,1885,0.00044791315178594544,3.5000986009095897e-07,9.811469079936074e-05,16,20,False,0.995,0.005,0.66,fixed,100,none,b05428b4-9e4c-4c24-8ea0-156090d31ad0
1003,129200,19.72666311264038,1.0,1.0,1.0,0.9951079999999999,0.0,0.0,0.0,0.0,0.0,0.0,0.0,0.0,0.0,0.0,0.0,0.0,0.0,0.0,0.0025,0.9975,0.049057480794718625,1885,0.00044791315178594544,3.5000986009095897e-07,9.811469079936074e-05,16,20,False,0.995,0.005,0.66,fixed,100,none,b05428b4-9e4c-4c24-8ea0-156090d31ad0
1004,129400,19.73819375038147,1.0,1.0,1.0,0.9951079999999999,0.0,0.0,0.0,0.0,0.0,0.0,0.0,0.0,0.0,0.0,0.0,0.0,0.0,0.0,0.0025,0.9975,0.049057480794718625,1885,0.0004469353653065611,3.4938194511685935e-07,9.790053403517845e-05,16,20,False,0.995,0.005,0.66,fixed,100,none,b05428b4-9e4c-4c24-8ea0-156090d31ad0
1005,129500,19.749765634536743,1.0,1.0,1.0,0.9951079999999999,0.0,0.0,0.0,0.0,0.0,0.0,0.0,0.0,0.0,0.0,0.0,0.0,0.0,0.0,0.0025,0.9975,0.049057480794718625,1885,0.00044753447145008484,3.5017759554984084e-07,9.803182954357805e-05,16,20,False,0.995,0.005,0.66,fixed,100,none,b05428b4-9e4c-4c24-8ea0-156090d31ad0
1006,129700,19.761996746063232,1.0,1.0,1.0,0.9951079999999999,0.0,0.0,0.0,0.0,0.0,0.0,0.0,0.0,0.0,0.0,0.0,0.0,0.0,0.0,0.0025,0.9975,0.049057480794718625,1885,0.0004469485529475516,3.4947172883006686e-07,9.790343786869676e-05,16,20,False,0.995,0.005,0.66,fixed,100,none,b05428b4-9e4c-4c24-8ea0-156090d31ad0
1007,129800,19.77448868751526,1.0,1.0,1.0,0.9951079999999999,0.0,0.0,0.0,0.0,0.0,0.0,0.0,0.0,0.0,0.0,0.0,0.0,0.0,0.0,0.0025,0.9975,0.049057480794718625,1885,0.0004459988174436191,3.4923717027983864e-07,9.76954962007614e-05,16,20,False,0.995,0.005,0.66,fixed,100,none,b05428b4-9e4c-4c24-8ea0-156090d31ad0
1008,130100,19.786745071411133,1.0,1.0,1.0,0.9951079999999999,0.0,0.0,0.0,0.0,0.0,0.0,0.0,0.0,0.0,0.0,0.0,0.0,0.0,0.0,0.0025,0.9975,0.049057480794718625,1885,0.00044908394624489025,3.5164665627516595e-07,9.837128869769876e-05,16,20,False,0.995,0.005,0.66,fixed,100,none,b05428b4-9e4c-4c24-8ea0-156090d31ad0
1009,130200,19.79878854751587,1.0,1.0,1.0,0.9951079999999999,0.0,0.0,0.0,0.0,0.0,0.0,0.0,0.0,0.0,0.0,0.0,0.0,0.0,0.0,0.0025,0.9975,0.049057480794718625,1885,0.00044831185701121456,3.5140330475696577e-07,9.82022321276587e-05,16,20,False,0.995,0.005,0.66,fixed,100,none,b05428b4-9e4c-4c24-8ea0-156090d31ad0
1010,130300,19.810546875,1.0,1.0,1.0,0.9951079999999999,0.0,0.0,0.0,0.0,0.0,0.0,0.0,0.0,0.0,0.0,0.0,0.0,0.0,0.0,0.0025,0.9975,0.049057480794718625,1885,0.00044864456175803933,3.5186443889353366e-07,9.827514881222458e-05,16,20,False,0.995,0.005,0.66,fixed,100,none,b05428b4-9e4c-4c24-8ea0-156090d31ad0
1011,130500,19.82214903831482,1.0,1.0,1.0,0.9951079999999999,0.0,0.0,0.0,0.0,0.0,0.0,0.0,0.0,0.0,0.0,0.0,0.0,0.0,0.0,0.0025,0.9975,0.049057480794718625,1885,0.0004522694329490055,3.552921577322065e-07,9.906928438250643e-05,16,20,False,0.995,0.005,0.66,fixed,100,none,b05428b4-9e4c-4c24-8ea0-156090d31ad0
1012,130600,19.833589553833008,1.0,1.0,1.0,0.9951079999999999,0.0,0.0,0.0,0.0,0.0,0.0,0.0,0.0,0.0,0.0,0.0,0.0,0.0,0.0,0.0025,0.9975,0.049057480794718625,1885,0.00045252472609124875,3.5498636565530627e-07,9.912510995084886e-05,16,20,False,0.995,0.005,0.66,fixed,100,none,b05428b4-9e4c-4c24-8ea0-156090d31ad0
1013,130800,19.84510064125061,1.0,1.0,1.0,0.9951079999999999,0.0,0.0,0.0,0.0,0.0,0.0,0.0,0.0,0.0,0.0,0.0,0.0,0.0,0.0,0.0025,0.9975,0.049057480794718625,1885,0.00045356309202487945,3.5643757263161443e-07,9.935268398304613e-05,16,20,False,0.995,0.005,0.66,fixed,100,none,b05428b4-9e4c-4c24-8ea0-156090d31ad0
1014,130900,19.85644507408142,1.0,1.0,1.0,0.9951079999999999,0.0,0.0,0.0,0.0,0.0,0.0,0.0,0.0,0.0,0.0,0.0,0.0,0.0,0.0,0.0025,0.9975,0.049057480794718625,1885,0.0004546271696074807,3.573129193397768e-07,9.958577688175209e-05,16,20,False,0.995,0.005,0.66,fixed,100,none,b05428b4-9e4c-4c24-8ea0-156090d31ad0
1015,131200,19.867749452590942,1.0,1.0,1.0,0.9951079999999999,0.0,0.0,0.0,0.0,0.0,0.0,0.0,0.0,0.0,0.0,0.0,0.0,0.0,0.0,0.0025,0.9975,0.04866627722187673,1886,0.000454868154202656,3.5687705566901337e-07,9.963844559553852e-05,16,20,False,0.995,0.005,0.66,fixed,100,none,b05428b4-9e4c-4c24-8ea0-156090d31ad0
1016,131300,19.878966093063354,1.0,1.0,1.0,0.9951079999999999,0.0,0.0,0.0,0.0,0.0,0.0,0.0,0.0,0.0,0.0,0.0,0.0,0.0,0.0,0.0025,0.9975,0.049057480794718625,1885,0.00045558402672664697,3.5745490657057523e-07,9.979525988271144e-05,16,20,False,0.995,0.005,0.66,fixed,100,none,b05428b4-9e4c-4c24-8ea0-156090d31ad0
1017,131400,19.890336275100708,1.0,1.0,1.0,0.9951079999999999,0.0,0.0,0.0,0.0,0.0,0.0,0.0,0.0,0.0,0.0,0.0,0.0,0.0,0.0,0.0025,0.9975,0.04866627722187675,1886,0.00045618051196563827,3.5895391968207206e-07,9.992611531401782e-05,16,20,False,0.995,0.005,0.66,fixed,100,none,b05428b4-9e4c-4c24-8ea0-156090d31ad0
1018,131500,19.90173602104187,1.0,1.0,1.0,0.9951079999999999,0.0,0.0,0.0,0.0,0.0,0.0,0.0,0.0,0.0,0.0,0.0,0.0,0.0,0.0,0.0025,0.9975,0.04866627722187675,1886,0.0004566039209950963,3.5935028191220537e-07,0.0001000188748593899,16,20,False,0.995,0.005,0.66,fixed,100,none,b05428b4-9e4c-4c24-8ea0-156090d31ad0
1019,131600,19.913095712661743,1.0,1.0,1.0,0.9951079999999999,0.0,0.0,0.0,0.0,0.0,0.0,0.0,0.0,0.0,0.0,0.0,0.0,0.0,0.0,0.0025,0.9975,0.04866627722187675,1886,0.0004584446272441092,3.6022881645592537e-07,0.00010042197237886214,16,20,False,0.995,0.005,0.66,fixed,100,none,b05428b4-9e4c-4c24-8ea0-156090d31ad0
1020,131900,19.924354076385498,1.0,1.0,1.0,0.9951079999999999,0.0,0.0,0.0,0.0,0.0,0.0,0.0,0.0,0.0,0.0,0.0,0.0,0.0,0.0,0.0025,0.9975,0.04866627722187675,1886,0.00045818190035514563,3.5877654919546727e-07,0.00010036418553208853,16,20,False,0.995,0.005,0.66,fixed,100,none,b05428b4-9e4c-4c24-8ea0-156090d31ad0
1021,132000,19.935787200927734,1.0,1.0,1.0,0.9951079999999999,0.0,0.0,0.0,0.0,0.0,0.0,0.0,0.0,0.0,0.0,0.0,0.0,0.0,0.0,0.0025,0.9975,0.04866627722187673,1886,0.0004589043895885765,3.6030802116418336e-07,0.0001005226294049606,16,20,False,0.995,0.005,0.66,fixed,100,none,b05428b4-9e4c-4c24-8ea0-156090d31ad0
1022,132300,19.947176933288574,1.0,1.0,1.0,0.9951079999999999,0.0,0.0,0.0,0.0,0.0,0.0,0.0,0.0,0.0,0.0,0.0,0.0,0.0,0.0,0.0025,0.9975,0.04866627722187673,1886,0.0004581721583694852,3.597733646367434e-07,0.00010036224240636129,16,20,False,0.995,0.005,0.66,fixed,100,none,b05428b4-9e4c-4c24-8ea0-156090d31ad0
1023,132400,19.95848846435547,1.0,1.0,1.0,0.9951079999999999,0.0,0.0,0.0,0.0,0.0,0.0,0.0,0.0,0.0,0.0,0.0,0.0,0.0,0.0,0.0025,0.9975,0.04866627722187673,1886,0.00045812050448119625,3.6043317300893464e-07,0.00010035106073380556,16,20,False,0.995,0.005,0.66,fixed,100,none,b05428b4-9e4c-4c24-8ea0-156090d31ad0
1024,132500,19.96998357772827,1.0,1.0,1.0,0.9951079999999999,0.0,0.0,0.0,0.0,0.0,0.0,0.0,0.0,0.0,0.0,0.0,0.0,0.0,0.0,0.0025,0.9975,0.04866627722187673,1886,0.0004582613625211536,3.600077863110732e-07,0.00010038181373527964,16,20,False,0.995,0.005,0.66,fixed,100,none,b05428b4-9e4c-4c24-8ea0-156090d31ad0
1025,132600,19.98202633857727,1.0,1.0,1.0,0.9951079999999999,0.0,0.0,0.0,0.0,0.0,0.0,0.0,0.0,0.0,0.0,0.0,0.0,0.0,0.0,0.0025,0.9975,0.04866627722187673,1886,0.0004581714679660657,3.602801222633621e-07,0.00010036218756100182,16,20,False,0.995,0.005,0.66,fixed,100,none,b05428b4-9e4c-4c24-8ea0-156090d31ad0
1026,132700,19.994121074676514,1.0,1.0,1.0,0.9951079999999999,0.0,0.0,0.0,0.0,0.0,0.0,0.0,0.0,0.0,0.0,0.0,0.0,0.0,0.0,0.0025,0.9975,0.04866627722187673,1886,0.0004581714679660657,3.602801222633621e-07,0.00010036218756100182,16,20,False,0.995,0.005,0.66,fixed,100,none,b05428b4-9e4c-4c24-8ea0-156090d31ad0
1027,133000,20.006487369537354,1.0,1.0,1.0,0.9951079999999999,0.0,0.0,0.0,0.0,0.0,0.0,0.0,0.0,0.0,0.0,0.0,0.0,0.0,0.0,0.0025,0.9975,0.04866627722187673,1886,0.0004590405912272077,3.6126807135265025e-07,0.00010055262635319276,16,20,False,0.995,0.005,0.66,fixed,100,none,b05428b4-9e4c-4c24-8ea0-156090d31ad0
1028,133100,20.01780891418457,1.0,1.0,1.0,0.9951079999999999,0.0,0.0,0.0,0.0,0.0,0.0,0.0,0.0,0.0,0.0,0.0,0.0,0.0,0.0,0.0025,0.9975,0.049057480794718625,1885,0.0004599483007678421,3.618506797664506e-07,0.00010075143466723627,16,20,False,0.995,0.005,0.66,fixed,100,none,b05428b4-9e4c-4c24-8ea0-156090d31ad0
1029,133300,20.02912163734436,1.0,1.0,1.0,0.9951079999999999,0.0,0.0,0.0,0.0,0.0,0.0,0.0,0.0,0.0,0.0,0.0,0.0,0.0,0.0,0.0025,0.9975,0.04866627722187673,1886,0.0004605018065801195,3.6216902192812583e-07,0.00010087265757455452,16,20,False,0.995,0.005,0.66,fixed,100,none,b05428b4-9e4c-4c24-8ea0-156090d31ad0
1030,133400,20.04041862487793,1.0,1.0,1.0,0.9951079999999999,0.0,0.0,0.0,0.0,0.0,0.0,0.0,0.0,0.0,0.0,0.0,0.0,0.0,0.0,0.0025,0.9975,0.04866627722187673,1886,0.0004609500289161412,3.6275766137079416e-07,0.00010097088528540376,16,20,False,0.995,0.005,0.66,fixed,100,none,b05428b4-9e4c-4c24-8ea0-156090d31ad0
1031,133500,20.051685571670532,1.0,1.0,1.0,0.9951079999999999,0.0,0.0,0.0,0.0,0.0,0.0,0.0,0.0,0.0,0.0,0.0,0.0,0.0,0.0,0.0025,0.9975,0.04866627722187673,1886,0.0004601555834297896,3.624052118962927e-07,0.00010079691420304123,16,20,False,0.995,0.005,0.66,fixed,100,none,b05428b4-9e4c-4c24-8ea0-156090d31ad0
1032,133600,20.063339710235596,1.0,1.0,1.0,0.9951079999999999,0.0,0.0,0.0,0.0,0.0,0.0,0.0,0.0,0.0,0.0,0.0,0.0,0.0,0.0,0.0025,0.9975,0.04866627722187673,1886,0.0004605438307334246,3.6283026238763904e-07,0.0001008819822974003,16,20,False,0.995,0.005,0.66,fixed,100,none,b05428b4-9e4c-4c24-8ea0-156090d31ad0
1033,133700,20.07535982131958,1.0,1.0,1.0,0.9951079999999999,0.0,0.0,0.0,0.0,0.0,0.0,0.0,0.0,0.0,0.0,0.0,0.0,0.0,0.0,0.0025,0.9975,0.04866627722187673,1886,0.0004604594810984008,3.631310263353457e-07,0.00010086357530744365,16,20,False,0.995,0.005,0.66,fixed,100,none,b05428b4-9e4c-4c24-8ea0-156090d31ad0
1034,133800,20.08673405647278,1.0,1.0,1.0,0.9951079999999999,0.0,0.0,0.0,0.0,0.0,0.0,0.0,0.0,0.0,0.0,0.0,0.0,0.0,0.0,0.0025,0.9975,0.04866627722187673,1886,0.00046039897076587984,3.635550770377405e-07,0.00010085041016528827,16,20,False,0.995,0.005,0.66,fixed,100,none,b05428b4-9e4c-4c24-8ea0-156090d31ad0
1035,134100,20.0984148979187,1.0,1.0,1.0,0.9951079999999999,0.0,0.0,0.0,0.0,0.0,0.0,0.0,0.0,0.0,0.0,0.0,0.0,0.0,0.0,0.0025,0.9975,0.04866627722187673,1886,0.0004604298271526961,3.635483860964856e-07,0.0001008571633570835,16,20,False,0.995,0.005,0.66,fixed,100,none,b05428b4-9e4c-4c24-8ea0-156090d31ad0
1036,134200,20.109757900238037,1.0,1.0,1.0,0.9951079999999999,0.0,0.0,0.0,0.0,0.0,0.0,0.0,0.0,0.0,0.0,0.0,0.0,0.0,0.0,0.0025,0.9975,0.04866627722187673,1886,0.0004617578584733198,3.637094983031769e-07,0.00010114790002448732,16,20,False,0.995,0.005,0.66,fixed,100,none,b05428b4-9e4c-4c24-8ea0-156090d31ad0
1037,134400,20.123457670211792,1.0,1.0,1.0,0.9951079999999999,0.0,0.0,0.0,0.0,0.0,0.0,0.0,0.0,0.0,0.0,0.0,0.0,0.0,0.0,0.0025,0.9975,0.049057480794718625,1885,0.00046328888231909773,3.666632073728821e-07,0.00010148360234905134,16,20,False,0.995,0.005,0.66,fixed,100,none,b05428b4-9e4c-4c24-8ea0-156090d31ad0
1038,134500,20.136788845062256,1.0,1.0,1.0,0.9951079999999999,0.0,0.0,0.0,0.0,0.0,0.0,0.0,0.0,0.0,0.0,0.0,0.0,0.0,0.0,0.0025,0.9975,0.04866627722187673,1886,0.00046342678987943136,3.6686713325143906e-07,0.0001015138290599253,16,20,False,0.995,0.005,0.66,fixed,100,none,b05428b4-9e4c-4c24-8ea0-156090d31ad0
1039,134600,20.14799666404724,1.0,1.0,1.0,0.9951079999999999,0.0,0.0,0.0,0.0,0.0,0.0,0.0,0.0,0.0,0.0,0.0,0.0,0.0,0.0,0.0025,0.9975,0.04866627722187673,1886,0.00046519261197837977,3.6934773019055354e-07,0.00010190083883080353,16,20,False,0.995,0.005,0.66,fixed,100,none,b05428b4-9e4c-4c24-8ea0-156090d31ad0
1040,134700,20.159738063812256,1.0,1.0,1.0,0.9951079999999999,0.0,0.0,0.0,0.0,0.0,0.0,0.0,0.0,0.0,0.0,0.0,0.0,0.0,0.0,0.0025,0.9975,0.04866627722187673,1886,0.00046622024561488606,3.7080810636056534e-07,0.00010212606530530708,16,20,False,0.995,0.005,0.66,fixed,100,none,b05428b4-9e4c-4c24-8ea0-156090d31ad0
1041,134800,20.1730477809906,1.0,1.0,1.0,0.9951079999999999,0.0,0.0,0.0,0.0,0.0,0.0,0.0,0.0,0.0,0.0,0.0,0.0,0.0,0.0,0.0025,0.9975,0.04866627722187673,1886,0.00046807405541564507,3.7276826424596696e-07,0.00010253223670069144,16,20,False,0.995,0.005,0.66,fixed,100,none,b05428b4-9e4c-4c24-8ea0-156090d31ad0
1042,134900,20.186262845993042,1.0,1.0,1.0,0.9951079999999999,0.0,0.0,0.0,0.0,0.0,0.0,0.0,0.0,0.0,0.0,0.0,0.0,0.0,0.0,0.0025,0.9975,0.04866627722187673,1886,0.0004676215973093505,3.7280904565498627e-07,0.00010243320136969128,16,20,False,0.995,0.005,0.66,fixed,100,none,b05428b4-9e4c-4c24-8ea0-156090d31ad0
1043,135100,20.20038628578186,1.0,1.0,1.0,0.9951079999999999,0.0,0.0,0.0,0.0,0.0,0.0,0.0,0.0,0.0,0.0,0.0,0.0,0.0,0.0,0.0025,0.9975,0.04866627722187673,1886,0.0004684003029940889,3.7363598542027223e-07,0.00010260381716263592,16,20,False,0.995,0.005,0.66,fixed,100,none,b05428b4-9e4c-4c24-8ea0-156090d31ad0
1044,135200,20.21289324760437,1.0,1.0,1.0,0.9951079999999999,0.0,0.0,0.0,0.0,0.0,0.0,0.0,0.0,0.0,0.0,0.0,0.0,0.0,0.0,0.0025,0.9975,0.04866627722187673,1886,0.00046942602896847714,3.7518258111475914e-07,0.00010282864243161146,16,20,False,0.995,0.005,0.66,fixed,100,none,b05428b4-9e4c-4c24-8ea0-156090d31ad0
1045,135500,20.22523593902588,1.0,1.0,1.0,0.9951079999999999,0.0,0.0,0.0,0.0,0.0,0.0,0.0,0.0,0.0,0.0,0.0,0.0,0.0,0.0,0.0025,0.9975,0.04866627722187673,1886,0.00046935832424242166,3.756905101415222e-07,0.000102813918373593,16,20,False,0.995,0.005,0.66,fixed,100,none,b05428b4-9e4c-4c24-8ea0-156090d31ad0
1046,135600,20.23742938041687,1.0,1.0,1.0,0.9951079999999999,0.0,0.0,0.0,0.0,0.0,0.0,0.0,0.0,0.0,0.0,0.0,0.0,0.0,0.0,0.0025,0.9975,0.04866627722187673,1886,0.00046980438110226676,3.759075524201318e-07,0.00010291160145824602,16,20,False,0.995,0.005,0.66,fixed,100,none,b05428b4-9e4c-4c24-8ea0-156090d31ad0
1047,135700,20.249805688858032,1.0,1.0,1.0,0.9951079999999999,0.0,0.0,0.0,0.0,0.0,0.0,0.0,0.0,0.0,0.0,0.0,0.0,0.0,0.0,0.0025,0.9975,0.04866627722187673,1886,0.00047038435711804967,3.7794530889987985e-07,0.00010303894538183206,16,20,False,0.995,0.005,0.66,fixed,100,none,b05428b4-9e4c-4c24-8ea0-156090d31ad0
1048,135800,20.262049198150635,1.0,1.0,1.0,0.9951079999999999,0.0,0.0,0.0,0.0,0.0,0.0,0.0,0.0,0.0,0.0,0.0,0.0,0.0,0.0,0.0025,0.9975,0.04866627722187673,1886,0.0004717720565797771,3.80957707516174e-07,0.00010334328514974128,16,20,False,0.995,0.005,0.66,fixed,100,none,b05428b4-9e4c-4c24-8ea0-156090d31ad0
1049,135900,20.27433753013611,1.0,1.0,1.0,0.9951079999999999,0.0,0.0,0.0,0.0,0.0,0.0,0.0,0.0,0.0,0.0,0.0,0.0,0.0,0.0,0.0025,0.9975,0.04866627722187673,1886,0.000471218691497204,3.8145988909176167e-07,0.0001032222489476654,16,20,False,0.995,0.005,0.66,fixed,100,none,b05428b4-9e4c-4c24-8ea0-156090d31ad0
1050,136000,20.28654718399048,1.0,1.0,1.0,0.9951079999999999,0.0,0.0,0.0,0.0,0.0,0.0,0.0,0.0,0.0,0.0,0.0,0.0,0.0,0.0,0.0025,0.9975,0.04866627722187673,1886,0.00047059214816567177,3.8129095075759733e-07,0.00010308506651410951,16,20,False,0.995,0.005,0.66,fixed,100,none,b05428b4-9e4c-4c24-8ea0-156090d31ad0
1051,136200,20.298529386520386,1.0,1.0,1.0,0.9951079999999999,0.0,0.0,0.0,0.0,0.0,0.0,0.0,0.0,0.0,0.0,0.0,0.0,0.0,0.0,0.0025,0.9975,0.04866627722187673,1886,0.00047079056943333795,3.81302299877564e-07,0.00010312850308593442,16,20,False,0.995,0.005,0.66,fixed,100,none,b05428b4-9e4c-4c24-8ea0-156090d31ad0
1052,136300,20.311014652252197,1.0,1.0,1.0,0.9951079999999999,0.0,0.0,0.0,0.0,0.0,0.0,0.0,0.0,0.0,0.0,0.0,0.0,0.0,0.0,0.0025,0.9975,0.04866627722187673,1886,0.0004710082470462208,3.8184435639766964e-07,0.0001031762557061333,16,20,False,0.995,0.005,0.66,fixed,100,none,b05428b4-9e4c-4c24-8ea0-156090d31ad0
1053,136600,20.323374271392822,1.0,1.0,1.0,0.9951079999999999,0.0,0.0,0.0,0.0,0.0,0.0,0.0,0.0,0.0,0.0,0.0,0.0,0.0,0.0,0.0025,0.9975,0.04866627722187673,1886,0.0004708488206100346,3.8282514296229184e-07,0.00010314154360869942,16,20,False,0.995,0.005,0.66,fixed,100,none,b05428b4-9e4c-4c24-8ea0-156090d31ad0
1054,136700,20.335724592208862,1.0,1.0,1.0,0.9951079999999999,0.0,0.0,0.0,0.0,0.0,0.0,0.0,0.0,0.0,0.0,0.0,0.0,0.0,0.0,0.0025,0.9975,0.04866627722187673,1886,0.00047073075327005895,3.8315168484532025e-07,0.00010311576071093652,16,20,False,0.995,0.005,0.66,fixed,100,none,b05428b4-9e4c-4c24-8ea0-156090d31ad0
1055,136800,20.347660779953003,1.0,1.0,1.0,0.9951079999999999,0.0,0.0,0.0,0.0,0.0,0.0,0.0,0.0,0.0,0.0,0.0,0.0,0.0,0.0,0.0025,0.9975,0.04866627722187673,1886,0.0004710780673274044,3.8324809784909846e-07,0.00010319180607656015,16,20,False,0.995,0.005,0.66,fixed,100,none,b05428b4-9e4c-4c24-8ea0-156090d31ad0
1056,136900,20.359452962875366,1.0,1.0,1.0,0.9951079999999999,0.0,0.0,0.0,0.0,0.0,0.0,0.0,0.0,0.0,0.0,0.0,0.0,0.0,0.0,0.0025,0.9975,0.04866627722187673,1886,0.0004716488823944839,3.840083593599112e-07,0.00010331690194443091,16,20,False,0.995,0.005,0.66,fixed,100,none,b05428b4-9e4c-4c24-8ea0-156090d31ad0
1057,137000,20.3715238571167,1.0,1.0,1.0,0.9951079999999999,0.0,0.0,0.0,0.0,0.0,0.0,0.0,0.0,0.0,0.0,0.0,0.0,0.0,0.0,0.0025,0.9975,0.04866627722187673,1886,0.00047269196392348803,3.8491325294193136e-07,0.0001035454044209105,16,20,False,0.995,0.005,0.66,fixed,100,none,b05428b4-9e4c-4c24-8ea0-156090d31ad0
1058,137300,20.38338303565979,1.0,1.0,1.0,0.9951079999999999,0.0,0.0,0.0,0.0,0.0,0.0,0.0,0.0,0.0,0.0,0.0,0.0,0.0,0.0,0.0025,0.9975,0.04788085501975489,1888,0.0004740744358423851,3.840916932521202e-07,0.000103847871427616,16,20,False,0.995,0.005,0.66,fixed,100,none,b05428b4-9e4c-4c24-8ea0-156090d31ad0
1059,137400,20.395118474960327,1.0,1.0,1.0,0.9951079999999999,0.0,0.0,0.0,0.0,0.0,0.0,0.0,0.0,0.0,0.0,0.0,0.0,0.0,0.0,0.0025,0.9975,0.04788085501975489,1888,0.00047343687567020593,3.835501209729017e-07,0.00010370820660719293,16,20,False,0.995,0.005,0.66,fixed,100,none,b05428b4-9e4c-4c24-8ea0-156090d31ad0
1060,137700,20.408732652664185,1.0,1.0,1.0,0.9951079999999999,0.0,0.0,0.0,0.0,0.0,0.0,0.0,0.0,0.0,0.0,0.0,0.0,0.0,0.0,0.0025,0.9975,0.04788085501975489,1888,0.00047296786921131,3.8319283620216077e-07,0.00010360547320923418,16,20,False,0.995,0.005,0.66,fixed,100,none,b05428b4-9e4c-4c24-8ea0-156090d31ad0
1061,137800,20.421470165252686,1.0,1.0,1.0,0.9951079999999999,0.0,0.0,0.0,0.0,0.0,0.0,0.0,0.0,0.0,0.0,0.0,0.0,0.0,0.0,0.0025,0.9975,0.047486636390474915,1889,0.00047330224544575464,3.834355362688256e-07,0.00010367871427996678,16,20,False,0.995,0.005,0.66,fixed,100,none,b05428b4-9e4c-4c24-8ea0-156090d31ad0
1062,137900,20.434330701828003,1.0,1.0,1.0,0.9951079999999999,0.0,0.0,0.0,0.0,0.0,0.0,0.0,0.0,0.0,0.0,0.0,0.0,0.0,0.0,0.0025,0.9975,0.04788085501975489,1888,0.0004738177785268205,3.843413876372618e-07,0.0001037917365831721,16,20,False,0.995,0.005,0.66,fixed,100,none,b05428b4-9e4c-4c24-8ea0-156090d31ad0
1063,138000,20.44589614868164,1.0,1.0,1.0,0.9951079999999999,0.0,0.0,0.0,0.0,0.0,0.0,0.0,0.0,0.0,0.0,0.0,0.0,0.0,0.0,0.0025,0.9975,0.04788085501975489,1888,0.0004729781457417497,3.8227994951163165e-07,0.00010360754929327623,16,20,False,0.995,0.005,0.66,fixed,100,none,b05428b4-9e4c-4c24-8ea0-156090d31ad0
1064,138100,20.457386016845703,1.0,1.0,1.0,0.9951079999999999,0.0,0.0,0.0,0.0,0.0,0.0,0.0,0.0,0.0,0.0,0.0,0.0,0.0,0.0,0.0025,0.9975,0.04788085501975489,1888,0.0004718270822442239,3.8121323559795517e-07,0.00010335537881802423,16,20,False,0.995,0.005,0.66,fixed,100,none,b05428b4-9e4c-4c24-8ea0-156090d31ad0
1065,138400,20.46879506111145,1.0,1.0,1.0,0.9951079999999999,0.0,0.0,0.0,0.0,0.0,0.0,0.0,0.0,0.0,0.0,0.0,0.0,0.0,0.0,0.0025,0.9975,0.048274068630222176,1887,0.0004711404015355218,3.8152344690864925e-07,0.00010320512335103837,16,20,False,0.995,0.005,0.66,fixed,100,none,b05428b4-9e4c-4c24-8ea0-156090d31ad0
1066,138500,20.480106592178345,1.0,1.0,1.0,0.9951079999999999,0.0,0.0,0.0,0.0,0.0,0.0,0.0,0.0,0.0,0.0,0.0,0.0,0.0,0.0,0.0025,0.9975,0.04788085501975489,1888,0.0004712780281625514,3.8240337524513885e-07,0.00010323541700607908,16,20,False,0.995,0.005,0.66,fixed,100,none,b05428b4-9e4c-4c24-8ea0-156090d31ad0
1067,138700,20.491395950317383,1.0,1.0,1.0,0.9951079999999999,0.0,0.0,0.0,0.0,0.0,0.0,0.0,0.0,0.0,0.0,0.0,0.0,0.0,0.0,0.0025,0.9975,0.04788085501975489,1888,0.00047169594411317203,3.831685556364054e-07,0.00010332704419194427,16,20,False,0.995,0.005,0.66,fixed,100,none,b05428b4-9e4c-4c24-8ea0-156090d31ad0
1068,138800,20.505314350128174,1.0,1.0,1.0,0.9951079999999999,0.0,0.0,0.0,0.0,0.0,0.0,0.0,0.0,0.0,0.0,0.0,0.0,0.0,0.0,0.0025,0.9975,0.047486636390474915,1889,0.00047217509919530705,3.829615552329573e-07,0.00010343189190934699,16,20,False,0.995,0.005,0.66,fixed,100,none,b05428b4-9e4c-4c24-8ea0-156090d31ad0
1069,139000,20.518659114837646,1.0,1.0,1.0,0.9951079999999999,0.0,0.0,0.0,0.0,0.0,0.0,0.0,0.0,0.0,0.0,0.0,0.0,0.0,0.0,0.0025,0.9975,0.047486636390474915,1889,0.00047306094121938783,3.817892545287417e-07,0.00010362557999128446,16,20,False,0.995,0.005,0.66,fixed,100,none,b05428b4-9e4c-4c24-8ea0-156090d31ad0
1070,139100,20.532909393310547,1.0,1.0,1.0,0.9951079999999999,0.0,0.0,0.0,0.0,0.0,0.0,0.0,0.0,0.0,0.0,0.0,0.0,0.0,0.0,0.0025,0.9975,0.04788085501975489,1888,0.000473178641843096,3.820841615227815e-07,0.00010365140069014305,16,20,False,0.995,0.005,0.66,fixed,100,none,b05428b4-9e4c-4c24-8ea0-156090d31ad0
1071,139200,20.546314477920532,1.0,1.0,1.0,0.9951079999999999,0.0,0.0,0.0,0.0,0.0,0.0,0.0,0.0,0.0,0.0,0.0,0.0,0.0,0.0,0.0025,0.9975,0.04788085501975489,1888,0.0004726761536927507,3.8189979624612e-07,0.0001035413710046299,16,20,False,0.995,0.005,0.66,fixed,100,none,b05428b4-9e4c-4c24-8ea0-156090d31ad0
1072,139500,20.55969738960266,1.0,1.0,1.0,0.9951079999999999,0.0,0.0,0.0,0.0,0.0,0.0,0.0,0.0,0.0,0.0,0.0,0.0,0.0,0.0,0.0025,0.9975,0.04866627722187673,1886,0.0004749138789711778,3.8594368345409383e-07,0.0001040319774066471,16,20,False,0.995,0.005,0.66,fixed,100,none,b05428b4-9e4c-4c24-8ea0-156090d31ad0
1073,139600,20.573360681533813,1.0,1.0,1.0,0.9951079999999999,0.0,0.0,0.0,0.0,0.0,0.0,0.0,0.0,0.0,0.0,0.0,0.0,0.0,0.0,0.0025,0.9975,0.048274068630222176,1887,0.0004748271091487514,3.8577571993012957e-07,0.00010401295157944841,16,20,False,0.995,0.005,0.66,fixed,100,none,b05428b4-9e4c-4c24-8ea0-156090d31ad0
1074,139800,20.58493995666504,1.0,1.0,1.0,0.9951079999999999,0.0,0.0,0.0,0.0,0.0,0.0,0.0,0.0,0.0,0.0,0.0,0.0,0.0,0.0,0.0025,0.9975,0.048274068630222176,1887,0.00047686526193339726,3.8752272905640177e-07,0.00010445943515574138,16,20,False,0.995,0.005,0.66,fixed,100,none,b05428b4-9e4c-4c24-8ea0-156090d31ad0
1075,139900,20.596442461013794,1.0,1.0,1.0,0.9951079999999999,0.0,0.0,0.0,0.0,0.0,0.0,0.0,0.0,0.0,0.0,0.0,0.0,0.0,0.0,0.0025,0.9975,0.048274068630222176,1887,0.00047616174777012957,3.869944573564218e-07,0.00010430533553377908,16,20,False,0.995,0.005,0.66,fixed,100,none,b05428b4-9e4c-4c24-8ea0-156090d31ad0
1076,140200,20.607985734939575,1.0,1.0,1.0,0.9951079999999999,0.0,0.0,0.0,0.0,0.0,0.0,0.0,0.0,0.0,0.0,0.0,0.0,0.0,0.0,0.0025,0.9975,0.047486636390474915,1889,0.00047761991791694957,3.8775906130994154e-07,0.00010462467425366915,16,20,False,0.995,0.005,0.66,fixed,100,none,b05428b4-9e4c-4c24-8ea0-156090d31ad0
1077,140300,20.619781732559204,1.0,1.0,1.0,0.9951079999999999,0.0,0.0,0.0,0.0,0.0,0.0,0.0,0.0,0.0,0.0,0.0,0.0,0.0,0.0,0.0025,0.9975,0.047486636390474915,1889,0.00047553379375364743,3.863173775483106e-07,0.00010416774775440761,16,20,False,0.995,0.005,0.66,fixed,100,none,b05428b4-9e4c-4c24-8ea0-156090d31ad0
1078,140500,20.631561279296875,1.0,1.0,1.0,0.9951079999999999,0.0,0.0,0.0,0.0,0.0,0.0,0.0,0.0,0.0,0.0,0.0,0.0,0.0,0.0,0.0025,0.9975,0.04788085501975489,1888,0.00047637358476453783,3.8752558555208724e-07,0.00010435180756621223,16,20,False,0.995,0.005,0.66,fixed,100,none,b05428b4-9e4c-4c24-8ea0-156090d31ad0
1079,140600,20.64316415786743,1.0,1.0,1.0,0.9951079999999999,0.0,0.0,0.0,0.0,0.0,0.0,0.0,0.0,0.0,0.0,0.0,0.0,0.0,0.0,0.0025,0.9975,0.047486636390474915,1889,0.0004766885010814411,3.881110368778208e-07,0.00010442085398373425,16,20,False,0.995,0.005,0.66,fixed,100,none,b05428b4-9e4c-4c24-8ea0-156090d31ad0
1080,140900,20.65473699569702,1.0,1.0,1.0,0.9951079999999999,0.0,0.0,0.0,0.0,0.0,0.0,0.0,0.0,0.0,0.0,0.0,0.0,0.0,0.0,0.0025,0.9975,0.047486636390474915,1889,0.00047745865312013176,3.89335591777108e-07,0.0001045896729304345,16,20,False,0.995,0.005,0.66,fixed,100,none,b05428b4-9e4c-4c24-8ea0-156090d31ad0
1081,141000,20.66610360145569,1.0,1.0,1.0,0.9951079999999999,0.0,0.0,0.0,0.0,0.0,0.0,0.0,0.0,0.0,0.0,0.0,0.0,0.0,0.0,0.0025,0.9975,0.047486636390474915,1889,0.00047788347325807516,3.8985863303020354e-07,0.0001046827654364684,16,20,False,0.995,0.005,0.66,fixed,100,none,b05428b4-9e4c-4c24-8ea0-156090d31ad0
1082,141300,20.677539110183716,1.0,1.0,1.0,0.9951079999999999,0.0,0.0,0.0,0.0,0.0,0.0,0.0,0.0,0.0,0.0,0.0,0.0,0.0,0.0,0.0025,0.9975,0.047486636390474915,1889,0.00047752774476746314,3.898239497109104e-07,0.00010460488988004276,16,20,False,0.995,0.005,0.66,fixed,100,none,b05428b4-9e4c-4c24-8ea0-156090d31ad0
1083,141400,20.68888759613037,1.0,1.0,1.0,0.9951079999999999,0.0,0.0,0.0,0.0,0.0,0.0,0.0,0.0,0.0,0.0,0.0,0.0,0.0,0.0,0.0025,0.9975,0.04788085501975489,1888,0.00047746205081697926,3.893782777040132e-07,0.00010459042479660052,16,20,False,0.995,0.005,0.66,fixed,100,none,b05428b4-9e4c-4c24-8ea0-156090d31ad0
1084,141600,20.70052433013916,1.0,1.0,1.0,0.9951079999999999,0.0,0.0,0.0,0.0,0.0,0.0,0.0,0.0,0.0,0.0,0.0,0.0,0.0,0.0,0.0025,0.9975,0.04788085501975489,1888,0.000479518951187497,3.9141210610258506e-07,0.0001050410667151026,16,20,False,0.995,0.005,0.66,fixed,100,none,b05428b4-9e4c-4c24-8ea0-156090d31ad0
1085,141700,20.711933612823486,1.0,1.0,1.0,0.9951079999999999,0.0,0.0,0.0,0.0,0.0,0.0,0.0,0.0,0.0,0.0,0.0,0.0,0.0,0.0,0.0025,0.9975,0.04788085501975489,1888,0.0004791502370922076,3.9175014549993303e-07,0.00010496041942712924,16,20,False,0.995,0.005,0.66,fixed,100,none,b05428b4-9e4c-4c24-8ea0-156090d31ad0
1086,142000,20.72334384918213,1.0,1.0,1.0,0.9951079999999999,0.0,0.0,0.0,0.0,0.0,0.0,0.0,0.0,0.0,0.0,0.0,0.0,0.0,0.0,0.0025,0.9975,0.0478808550197549,1888,0.0004819289396760367,3.9378134918729253e-07,0.00010556906335143002,16,20,False,0.995,0.005,0.66,fixed,100,none,b05428b4-9e4c-4c24-8ea0-156090d31ad0
1087,142100,20.734643697738647,1.0,1.0,1.0,0.9951079999999999,0.0,0.0,0.0,0.0,0.0,0.0,0.0,0.0,0.0,0.0,0.0,0.0,0.0,0.0,0.0025,0.9975,0.0478808550197549,1888,0.0004819844863911794,3.9328972479563356e-07,0.00010558112911874035,16,20,False,0.995,0.005,0.66,fixed,100,none,b05428b4-9e4c-4c24-8ea0-156090d31ad0
1088,142300,20.745929718017578,1.0,1.0,1.0,0.9951079999999999,0.0,0.0,0.0,0.0,0.0,0.0,0.0,0.0,0.0,0.0,0.0,0.0,0.0,0.0,0.0025,0.9975,0.0478808550197549,1888,0.0004838028929953022,3.9652576787154514e-07,0.00010597979317256725,16,20,False,0.995,0.005,0.66,fixed,100,none,b05428b4-9e4c-4c24-8ea0-156090d31ad0
1089,142400,20.757287979125977,1.0,1.0,1.0,0.9951079999999999,0.0,0.0,0.0,0.0,0.0,0.0,0.0,0.0,0.0,0.0,0.0,0.0,0.0,0.0,0.0025,0.9975,0.0478808550197549,1888,0.0004841352958480883,3.966444963153217e-07,0.00010605257871544643,16,20,False,0.995,0.005,0.66,fixed,100,none,b05428b4-9e4c-4c24-8ea0-156090d31ad0
1090,142500,20.768620491027832,1.0,1.0,1.0,0.9951079999999999,0.0,0.0,0.0,0.0,0.0,0.0,0.0,0.0,0.0,0.0,0.0,0.0,0.0,0.0,0.0025,0.9975,0.0478808550197549,1888,0.0004843421694702682,3.971955018254862e-07,0.00010609796804238856,16,20,False,0.995,0.005,0.66,fixed,100,none,b05428b4-9e4c-4c24-8ea0-156090d31ad0
1091,142600,20.779860734939575,1.0,1.0,1.0,0.9951079999999999,0.0,0.0,0.0,0.0,0.0,0.0,0.0,0.0,0.0,0.0,0.0,0.0,0.0,0.0,0.0025,0.9975,0.0478808550197549,1888,0.000484770070799036,3.9804076477892705e-07,0.00010619179624321698,16,20,False,0.995,0.005,0.66,fixed,100,none,b05428b4-9e4c-4c24-8ea0-156090d31ad0
1092,142700,20.79134225845337,1.0,1.0,1.0,0.9951079999999999,0.0,0.0,0.0,0.0,0.0,0.0,0.0,0.0,0.0,0.0,0.0,0.0,0.0,0.0,0.0025,0.9975,0.04788085501975489,1888,0.0004843059682966699,3.9881020512474314e-07,0.00010609035039911475,16,20,False,0.995,0.005,0.66,fixed,100,none,b05428b4-9e4c-4c24-8ea0-156090d31ad0
1093,142800,20.802886486053467,1.0,1.0,1.0,0.9951079999999999,0.0,0.0,0.0,0.0,0.0,0.0,0.0,0.0,0.0,0.0,0.0,0.0,0.0,0.0,0.0025,0.9975,0.04788085501975489,1888,0.00048452762518685417,3.9964936853104465e-07,0.00010613903053342328,16,20,False,0.995,0.005,0.66,fixed,100,none,b05428b4-9e4c-4c24-8ea0-156090d31ad0
1094,143100,20.813877820968628,1.0,1.0,1.0,0.9951079999999999,0.0,0.0,0.0,0.0,0.0,0.0,0.0,0.0,0.0,0.0,0.0,0.0,0.0,0.0,0.0025,0.9975,0.04788085501975489,1888,0.00048718742650768966,4.038689414238067e-07,0.0001067220627614038,16,20,False,0.995,0.005,0.66,fixed,100,none,b05428b4-9e4c-4c24-8ea0-156090d31ad0
1095,143200,20.82524561882019,1.0,1.0,1.0,0.9951079999999999,0.0,0.0,0.0,0.0,0.0,0.0,0.0,0.0,0.0,0.0,0.0,0.0,0.0,0.0,0.0025,0.9975,0.04788085501975489,1888,0.0004880861564103265,4.049126758686387e-07,0.00010691899304663553,16,20,False,0.995,0.005,0.66,fixed,100,none,b05428b4-9e4c-4c24-8ea0-156090d31ad0
1096,143400,20.83656096458435,1.0,1.0,1.0,0.9951079999999999,0.0,0.0,0.0,0.0,0.0,0.0,0.0,0.0,0.0,0.0,0.0,0.0,0.0,0.0,0.0025,0.9975,0.04788085501975489,1888,0.0004880420823709003,4.0531032482312966e-07,0.00010690942079270648,16,20,False,0.995,0.005,0.66,fixed,100,none,b05428b4-9e4c-4c24-8ea0-156090d31ad0
1097,143500,20.848898887634277,1.0,1.0,1.0,0.9951079999999999,0.0,0.0,0.0,0.0,0.0,0.0,0.0,0.0,0.0,0.0,0.0,0.0,0.0,0.0,0.0025,0.9975,0.0478808550197549,1888,0.0004912162980268101,4.0771436379767675e-07,0.00010760471336719029,16,20,False,0.995,0.005,0.66,fixed,100,none,b05428b4-9e4c-4c24-8ea0-156090d31ad0
1098,143700,20.861502408981323,1.0,1.0,1.0,0.9951079999999999,0.0,0.0,0.0,0.0,0.0,0.0,0.0,0.0,0.0,0.0,0.0,0.0,0.0,0.0,0.0025,0.9975,0.0478808550197549,1888,0.0004913526111481874,4.0855555143339744e-07,0.00010763471213511059,16,20,False,0.995,0.005,0.66,fixed,100,none,b05428b4-9e4c-4c24-8ea0-156090d31ad0
1099,143800,20.872990608215332,1.0,1.0,1.0,0.9951079999999999,0.0,0.0,0.0,0.0,0.0,0.0,0.0,0.0,0.0,0.0,0.0,0.0,0.0,0.0,0.0025,0.9975,0.0478808550197549,1888,0.0004913256045129384,4.0905212161208273e-07,0.00010762889473098852,16,20,False,0.995,0.005,0.66,fixed,100,none,b05428b4-9e4c-4c24-8ea0-156090d31ad0
1100,143900,20.884271144866943,1.0,1.0,1.0,0.9951079999999999,0.0,0.0,0.0,0.0,0.0,0.0,0.0,0.0,0.0,0.0,0.0,0.0,0.0,0.0,0.0025,0.9975,0.0478808550197549,1888,0.0004906130496348184,4.0826595908494205e-07,0.00010747276709728789,16,20,False,0.995,0.005,0.66,fixed,100,none,b05428b4-9e4c-4c24-8ea0-156090d31ad0
1101,144100,20.89529252052307,1.0,1.0,1.0,0.9951079999999999,0.0,0.0,0.0,0.0,0.0,0.0,0.0,0.0,0.0,0.0,0.0,0.0,0.0,0.0,0.0025,0.9975,0.0478808550197549,1888,0.0004921750126911036,4.084418558512317e-07,0.00010781471423069432,16,20,False,0.995,0.005,0.66,fixed,100,none,b05428b4-9e4c-4c24-8ea0-156090d31ad0
1102,144200,20.906468152999878,1.0,1.0,1.0,0.9951079999999999,0.0,0.0,0.0,0.0,0.0,0.0,0.0,0.0,0.0,0.0,0.0,0.0,0.0,0.0,0.0025,0.9975,0.0478808550197549,1888,0.0004921750126911036,4.084418558512317e-07,0.00010781471423069432,16,20,False,0.995,0.005,0.66,fixed,100,none,b05428b4-9e4c-4c24-8ea0-156090d31ad0
1103,144500,20.9181809425354,1.0,1.0,1.0,0.9951079999999999,0.0,0.0,0.0,0.0,0.0,0.0,0.0,0.0,0.0,0.0,0.0,0.0,0.0,0.0,0.0025,0.9975,0.0478808550197549,1888,0.0004936782344033668,4.092201906086767e-07,0.00010814391734711264,16,20,False,0.995,0.005,0.66,fixed,100,none,b05428b4-9e4c-4c24-8ea0-156090d31ad0
1104,144600,20.931640625,1.0,1.0,1.0,0.9951079999999999,0.0,0.0,0.0,0.0,0.0,0.0,0.0,0.0,0.0,0.0,0.0,0.0,0.0,0.0,0.0025,0.9975,0.0478808550197549,1888,0.000492676892682523,4.07287754744465e-07,0.00010792435648160573,16,20,False,0.995,0.005,0.66,fixed,100,none,b05428b4-9e4c-4c24-8ea0-156090d31ad0
1105,144900,20.94300103187561,1.0,1.0,1.0,0.9951079999999999,0.0,0.0,0.0,0.0,0.0,0.0,0.0,0.0,0.0,0.0,0.0,0.0,0.0,0.0,0.0025,0.9975,0.0478808550197549,1888,0.0004926679219662834,4.0763905327774054e-07,0.0001079224595385422,16,20,False,0.995,0.005,0.66,fixed,100,none,b05428b4-9e4c-4c24-8ea0-156090d31ad0
1106,145000,20.95423126220703,1.0,1.0,1.0,0.9951079999999999,0.0,0.0,0.0,0.0,0.0,0.0,0.0,0.0,0.0,0.0,0.0,0.0,0.0,0.0,0.0025,0.9975,0.0478808550197549,1888,0.0004930814326143652,4.090880954560822e-07,0.0001080132523374212,16,20,False,0.995,0.005,0.66,fixed,100,none,b05428b4-9e4c-4c24-8ea0-156090d31ad0
1107,145200,20.965458393096924,1.0,1.0,1.0,0.9951079999999999,0.0,0.0,0.0,0.0,0.0,0.0,0.0,0.0,0.0,0.0,0.0,0.0,0.0,0.0,0.0025,0.9975,0.0478808550197549,1888,0.0004931439930781573,4.1018721461713407e-07,0.00010802715565558589,16,20,False,0.995,0.005,0.66,fixed,100,none,b05428b4-9e4c-4c24-8ea0-156090d31ad0
1108,145300,20.97783136367798,1.0,1.0,1.0,0.9951079999999999,0.0,0.0,0.0,0.0,0.0,0.0,0.0,0.0,0.0,0.0,0.0,0.0,0.0,0.0,0.0025,0.9975,0.0478808550197549,1888,0.0004932377268356467,4.106719131888941e-07,0.00010804776606782895,16,20,False,0.995,0.005,0.66,fixed,100,none,b05428b4-9e4c-4c24-8ea0-156090d31ad0
1109,145600,20.989089012145996,1.0,1.0,1.0,0.9951079999999999,0.0,0.0,0.0,0.0,0.0,0.0,0.0,0.0,0.0,0.0,0.0,0.0,0.0,0.0,0.0025,0.9975,0.04827406863022217,1887,0.0004939287200037536,4.1245267639795306e-07,0.00010819936281733728,16,20,False,0.995,0.005,0.66,fixed,100,none,b05428b4-9e4c-4c24-8ea0-156090d31ad0
1110,145700,21.00140619277954,1.0,1.0,1.0,0.9951079999999999,0.0,0.0,0.0,0.0,0.0,0.0,0.0,0.0,0.0,0.0,0.0,0.0,0.0,0.0,0.0025,0.9975,0.04827406863022217,1887,0.0004937410919353838,4.1215198694968185e-07,0.00010815823390217595,16,20,False,0.995,0.005,0.66,fixed,100,none,b05428b4-9e4c-4c24-8ea0-156090d31ad0
1111,145900,21.01284670829773,1.0,1.0,1.0,0.9951079999999999,0.0,0.0,0.0,0.0,0.0,0.0,0.0,0.0,0.0,0.0,0.0,0.0,0.0,0.0,0.0025,0.9975,0.04827406863022217,1887,0.0004939524005834604,4.134252187958018e-07,0.00010820473127929069,16,20,False,0.995,0.005,0.66,fixed,100,none,b05428b4-9e4c-4c24-8ea0-156090d31ad0
1112,146000,21.02426815032959,1.0,1.0,1.0,0.9951079999999999,0.0,0.0,0.0,0.0,0.0,0.0,0.0,0.0,0.0,0.0,0.0,0.0,0.0,0.0,0.0025,0.9975,0.04827406863022218,1887,0.000493539938363358,4.132219006440516e-07,0.00010811440466886145,16,20,False,0.995,0.005,0.66,fixed,100,none,b05428b4-9e4c-4c24-8ea0-156090d31ad0
1113,146100,21.035661697387695,1.0,1.0,1.0,0.9951079999999999,0.0,0.0,0.0,0.0,0.0,0.0,0.0,0.0,0.0,0.0,0.0,0.0,0.0,0.0,0.0025,0.9975,0.047880855019754906,1888,0.0004949049719895987,4.1613415474621484e-07,0.00010841376385792494,16,20,False,0.995,0.005,0.66,fixed,100,none,b05428b4-9e4c-4c24-8ea0-156090d31ad0
1114,146200,21.046950340270996,1.0,1.0,1.0,0.9951079999999999,0.0,0.0,0.0,0.0,0.0,0.0,0.0,0.0,0.0,0.0,0.0,0.0,0.0,0.0,0.0025,0.9975,0.047880855019754906,1888,0.0004949049719895987,4.1613415474621484e-07,0.00010841376385792494,16,20,False,0.995,0.005,0.66,fixed,100,none,b05428b4-9e4c-4c24-8ea0-156090d31ad0
1115,146300,21.058300495147705,1.0,1.0,1.0,0.9951079999999999,0.0,0.0,0.0,0.0,0.0,0.0,0.0,0.0,0.0,0.0,0.0,0.0,0.0,0.0,0.0025,0.9975,0.047880855019754906,1888,0.0004956220106300995,4.17318927841328e-07,0.00010857094872321864,16,20,False,0.995,0.005,0.66,fixed,100,none,b05428b4-9e4c-4c24-8ea0-156090d31ad0
1116,146400,21.06963610649109,1.0,1.0,1.0,0.9951079999999999,0.0,0.0,0.0,0.0,0.0,0.0,0.0,0.0,0.0,0.0,0.0,0.0,0.0,0.0,0.0025,0.9975,0.047880855019754906,1888,0.0004951672474788011,4.170233504859142e-07,0.0001084713449097019,16,20,False,0.995,0.005,0.66,fixed,100,none,b05428b4-9e4c-4c24-8ea0-156090d31ad0
1117,146700,21.0810649394989,1.0,1.0,1.0,0.9951079999999999,0.0,0.0,0.0,0.0,0.0,0.0,0.0,0.0,0.0,0.0,0.0,0.0,0.0,0.0,0.0025,0.9975,0.04788085501975489,1888,0.0004969342043858357,4.2159748439976307e-07,0.0001088590008620954,16,20,False,0.995,0.005,0.66,fixed,100,none,b05428b4-9e4c-4c24-8ea0-156090d31ad0
1118,146800,21.09254264831543,1.0,1.0,1.0,0.9951079999999999,0.0,0.0,0.0,0.0,0.0,0.0,0.0,0.0,0.0,0.0,0.0,0.0,0.0,0.0,0.0025,0.9975,0.04788085501975489,1888,0.0004974048130974083,4.235823087071195e-07,0.00010896239422567704,16,20,False,0.995,0.005,0.66,fixed,100,none,b05428b4-9e4c-4c24-8ea0-156090d31ad0
1119,147000,21.103938579559326,1.0,1.0,1.0,0.9951079999999999,0.0,0.0,0.0,0.0,0.0,0.0,0.0,0.0,0.0,0.0,0.0,0.0,0.0,0.0,0.0025,0.9975,0.04827406863022218,1887,0.0004973049925845677,4.248487636474137e-07,0.00010894078414185487,16,20,False,0.995,0.005,0.66,fixed,100,none,b05428b4-9e4c-4c24-8ea0-156090d31ad0
1120,147100,21.115293741226196,1.0,1.0,1.0,0.9951079999999999,0.0,0.0,0.0,0.0,0.0,0.0,0.0,0.0,0.0,0.0,0.0,0.0,0.0,0.0,0.0025,0.9975,0.04827406863022218,1887,0.0004973049925845677,4.248487636474137e-07,0.00010894078414185487,16,20,False,0.995,0.005,0.66,fixed,100,none,b05428b4-9e4c-4c24-8ea0-156090d31ad0
1121,147300,21.12669801712036,1.0,1.0,1.0,0.9951079999999999,0.0,0.0,0.0,0.0,0.0,0.0,0.0,0.0,0.0,0.0,0.0,0.0,0.0,0.0,0.0025,0.9975,0.04866627722187673,1886,0.0004976740288762287,4.253108739112009e-07,0.00010902165398704959,16,20,False,0.995,0.005,0.66,fixed,100,none,b05428b4-9e4c-4c24-8ea0-156090d31ad0
1122,147400,21.138155460357666,1.0,1.0,1.0,0.9951079999999999,0.0,0.0,0.0,0.0,0.0,0.0,0.0,0.0,0.0,0.0,0.0,0.0,0.0,0.0,0.0025,0.9975,0.04827406863022218,1887,0.0004975687049124532,4.249100050562288e-07,0.00010899852240629668,16,20,False,0.995,0.005,0.66,fixed,100,none,b05428b4-9e4c-4c24-8ea0-156090d31ad0
1123,147500,21.149637937545776,1.0,1.0,1.0,0.9951079999999999,0.0,0.0,0.0,0.0,0.0,0.0,0.0,0.0,0.0,0.0,0.0,0.0,0.0,0.0,0.0025,0.9975,0.04866627722187673,1886,0.0004982524294501311,4.262603970444607e-07,0.00010914844628207215,16,20,False,0.995,0.005,0.66,fixed,100,none,b05428b4-9e4c-4c24-8ea0-156090d31ad0
1124,147700,21.161072731018066,1.0,1.0,1.0,0.9951079999999999,0.0,0.0,0.0,0.0,0.0,0.0,0.0,0.0,0.0,0.0,0.0,0.0,0.0,0.0,0.0025,0.9975,0.04866627722187673,1886,0.0004976730136429001,4.255127997313669e-07,0.00010902147011837978,16,20,False,0.995,0.005,0.66,fixed,100,none,b05428b4-9e4c-4c24-8ea0-156090d31ad0
1125,147800,21.17246389389038,1.0,1.0,1.0,0.9951079999999999,0.0,0.0,0.0,0.0,0.0,0.0,0.0,0.0,0.0,0.0,0.0,0.0,0.0,0.0,0.0025,0.9975,0.04866627722187673,1886,0.0005017979407750523,4.2998672423074933e-07,0.00010992526671326279,16,20,False,0.995,0.005,0.66,fixed,100,none,b05428b4-9e4c-4c24-8ea0-156090d31ad0
1126,148100,21.183811902999878,1.0,1.0,1.0,0.9951079999999999,0.0,0.0,0.0,0.0,0.0,0.0,0.0,0.0,0.0,0.0,0.0,0.0,0.0,0.0,0.0025,0.9975,0.04866627722187673,1886,0.0005016357488999641,4.2946240012823465e-07,0.00010988966329022651,16,20,False,0.995,0.005,0.66,fixed,100,none,b05428b4-9e4c-4c24-8ea0-156090d31ad0
1127,148200,21.19510245323181,1.0,1.0,1.0,0.9951079999999999,0.0,0.0,0.0,0.0,0.0,0.0,0.0,0.0,0.0,0.0,0.0,0.0,0.0,0.0,0.0025,0.9975,0.04827406863022217,1887,0.0005022681006779888,4.3142867017312743e-07,0.00011002845868574464,16,20,False,0.995,0.005,0.66,fixed,100,none,b05428b4-9e4c-4c24-8ea0-156090d31ad0
1128,148500,21.206339120864868,1.0,1.0,1.0,0.9951079999999999,0.0,0.0,0.0,0.0,0.0,0.0,0.0,0.0,0.0,0.0,0.0,0.0,0.0,0.0,0.0025,0.9975,0.04827406863022217,1887,0.0005009285395429609,4.3023885478081344e-07,0.00010973500268836249,16,20,False,0.995,0.005,0.66,fixed,100,none,b05428b4-9e4c-4c24-8ea0-156090d31ad0
1129,148600,21.217475175857544,1.0,1.0,1.0,0.9951079999999999,0.0,0.0,0.0,0.0,0.0,0.0,0.0,0.0,0.0,0.0,0.0,0.0,0.0,0.0,0.0025,0.9975,0.048274068630222176,1887,0.0005003192445109937,4.297331737328312e-07,0.00010960153192646577,16,20,False,0.995,0.005,0.66,fixed,100,none,b05428b4-9e4c-4c24-8ea0-156090d31ad0
1130,148800,21.22860550880432,1.0,1.0,1.0,0.9951079999999999,0.0,0.0,0.0,0.0,0.0,0.0,0.0,0.0,0.0,0.0,0.0,0.0,0.0,0.0,0.0025,0.9975,0.04866627722187674,1886,0.0005006790378887422,4.306034731333472e-07,0.00010968045605374102,16,20,False,0.995,0.005,0.66,fixed,100,none,b05428b4-9e4c-4c24-8ea0-156090d31ad0
1131,148900,21.23973250389099,1.0,1.0,1.0,0.9951079999999999,0.0,0.0,0.0,0.0,0.0,0.0,0.0,0.0,0.0,0.0,0.0,0.0,0.0,0.0,0.0025,0.9975,0.04866627722187674,1886,0.000499892675390995,4.312177194640046e-07,0.00010950843800978698,16,20,False,0.995,0.005,0.66,fixed,100,none,b05428b4-9e4c-4c24-8ea0-156090d31ad0
1132,149200,21.250858306884766,1.0,1.0,1.0,0.9951079999999999,0.0,0.0,0.0,0.0,0.0,0.0,0.0,0.0,0.0,0.0,0.0,0.0,0.0,0.0,0.0025,0.9975,0.04866627722187674,1886,0.0005029081961811405,4.357434560003137e-07,0.00011016939540069172,16,20,False,0.995,0.005,0.66,fixed,100,none,b05428b4-9e4c-4c24-8ea0-156090d31ad0
1133,149300,21.261982440948486,1.0,1.0,1.0,0.9951079999999999,0.0,0.0,0.0,0.0,0.0,0.0,0.0,0.0,0.0,0.0,0.0,0.0,0.0,0.0,0.0025,0.9975,0.04866627722187674,1886,0.0005030320036870543,4.3570375497552687e-07,0.00011019648932054154,16,20,False,0.995,0.005,0.66,fixed,100,none,b05428b4-9e4c-4c24-8ea0-156090d31ad0
1134,149500,21.273048639297485,1.0,1.0,1.0,0.9951079999999999,0.0,0.0,0.0,0.0,0.0,0.0,0.0,0.0,0.0,0.0,0.0,0.0,0.0,0.0,0.0025,0.9975,0.04866627722187674,1886,0.0005020281093708694,4.34628955348238e-07,0.00010997653264279949,16,20,False,0.995,0.005,0.66,fixed,100,none,b05428b4-9e4c-4c24-8ea0-156090d31ad0
1135,149600,21.28414797782898,1.0,1.0,1.0,0.9951079999999999,0.0,0.0,0.0,0.0,0.0,0.0,0.0,0.0,0.0,0.0,0.0,0.0,0.0,0.0,0.0025,0.9975,0.04866627722187674,1886,0.0005017868779890058,4.3499872846397025e-07,0.00010992379735020153,16,20,False,0.995,0.005,0.66,fixed,100,none,b05428b4-9e4c-4c24-8ea0-156090d31ad0
1136,149700,21.295247554779053,1.0,1.0,1.0,0.9951079999999999,0.0,0.0,0.0,0.0,0.0,0.0,0.0,0.0,0.0,0.0,0.0,0.0,0.0,0.0,0.0025,0.9975,0.04866627722187674,1886,0.0005033818066642642,4.3838586500766346e-07,0.00011027357079315888,16,20,False,0.995,0.005,0.66,fixed,100,none,b05428b4-9e4c-4c24-8ea0-156090d31ad0
1137,149800,21.306419134140015,1.0,1.0,1.0,0.9951079999999999,0.0,0.0,0.0,0.0,0.0,0.0,0.0,0.0,0.0,0.0,0.0,0.0,0.0,0.0,0.0025,0.9975,0.04866627722187674,1886,0.0005033818066642642,4.3838586500766346e-07,0.00011027357079315888,16,20,False,0.995,0.005,0.66,fixed,100,none,b05428b4-9e4c-4c24-8ea0-156090d31ad0
1138,149900,21.317137956619263,1.0,1.0,1.0,0.9951079999999999,0.0,0.0,0.0,0.0,0.0,0.0,0.0,0.0,0.0,0.0,0.0,0.0,0.0,0.0,0.0025,0.9975,0.04827406863022217,1887,0.0005032209042640556,4.384642553741111e-07,0.00011023836415192286,16,20,False,0.995,0.005,0.66,fixed,100,none,b05428b4-9e4c-4c24-8ea0-156090d31ad0
1139,150000,21.328388690948486,1.0,1.0,1.0,0.9951079999999999,0.0,0.0,0.0,0.0,0.0,0.0,0.0,0.0,0.0,0.0,0.0,0.0,0.0,0.0,0.0025,0.9975,0.04827406863022217,1887,0.0005038654006161641,4.393228120791815e-07,0.00011037960752917337,16,20,False,0.995,0.005,0.66,fixed,100,none,b05428b4-9e4c-4c24-8ea0-156090d31ad0
1140,150300,21.33952832221985,1.0,1.0,1.0,0.9951079999999999,0.0,0.0,0.0,0.0,0.0,0.0,0.0,0.0,0.0,0.0,0.0,0.0,0.0,0.0,0.0025,0.9975,0.04827406863022217,1887,0.0005055133517392101,4.4252152993623013e-07,0.00011074095178640097,16,20,False,0.995,0.005,0.66,fixed,100,none,b05428b4-9e4c-4c24-8ea0-156090d31ad0
1141,150400,21.350651264190674,1.0,1.0,1.0,0.9951079999999999,0.0,0.0,0.0,0.0,0.0,0.0,0.0,0.0,0.0,0.0,0.0,0.0,0.0,0.0,0.0025,0.9975,0.04827406863022217,1887,0.0005048537169289722,4.411214134547028e-07,0.00011059629170430842,16,20,False,0.995,0.005,0.66,fixed,100,none,b05428b4-9e4c-4c24-8ea0-156090d31ad0
1142,150600,21.3619065284729,1.0,1.0,1.0,0.9951079999999999,0.0,0.0,0.0,0.0,0.0,0.0,0.0,0.0,0.0,0.0,0.0,0.0,0.0,0.0,0.0025,0.9975,0.04827406863022217,1887,0.000501743724274202,4.38291814150996e-07,0.00010991497668831152,16,20,False,0.995,0.005,0.66,fixed,100,none,b05428b4-9e4c-4c24-8ea0-156090d31ad0
1143,150700,21.37306523323059,1.0,1.0,1.0,0.9951079999999999,0.0,0.0,0.0,0.0,0.0,0.0,0.0,0.0,0.0,0.0,0.0,0.0,0.0,0.0,0.0025,0.9975,0.04827406863022217,1887,0.0005023554013343218,4.380310147351151e-07,0.00011004882324488272,16,20,False,0.995,0.005,0.66,fixed,100,none,b05428b4-9e4c-4c24-8ea0-156090d31ad0
1144,150900,21.3841495513916,1.0,1.0,1.0,0.9951079999999999,0.0,0.0,0.0,0.0,0.0,0.0,0.0,0.0,0.0,0.0,0.0,0.0,0.0,0.0,0.0025,0.9975,0.04827406863022217,1887,0.0005025978265755716,4.375538334374564e-07,0.00011010179946574574,16,20,False,0.995,0.005,0.66,fixed,100,none,b05428b4-9e4c-4c24-8ea0-156090d31ad0
1145,151000,21.395371198654175,1.0,1.0,1.0,0.9951079999999999,0.0,0.0,0.0,0.0,0.0,0.0,0.0,0.0,0.0,0.0,0.0,0.0,0.0,0.0,0.0025,0.9975,0.04827406863022217,1887,0.0005028166886507601,4.3880525234953284e-07,0.0001101499461435978,16,20,False,0.995,0.005,0.66,fixed,100,none,b05428b4-9e4c-4c24-8ea0-156090d31ad0
1146,151100,21.40677261352539,1.0,1.0,1.0,0.9951079999999999,0.0,0.0,0.0,0.0,0.0,0.0,0.0,0.0,0.0,0.0,0.0,0.0,0.0,0.0,0.0025,0.9975,0.04827406863022217,1887,0.0005023815430899814,4.390620799816719e-07,0.00011005474157759344,16,20,False,0.995,0.005,0.66,fixed,100,none,b05428b4-9e4c-4c24-8ea0-156090d31ad0
1147,151400,21.418344974517822,1.0,1.0,1.0,0.9951079999999999,0.0,0.0,0.0,0.0,0.0,0.0,0.0,0.0,0.0,0.0,0.0,0.0,0.0,0.0,0.0025,0.9975,0.04827406863022217,1887,0.0005047414475037545,4.414117426553928e-07,0.0001105717710896764,16,20,False,0.995,0.005,0.66,fixed,100,none,b05428b4-9e4c-4c24-8ea0-156090d31ad0
1148,151500,21.430058240890503,1.0,1.0,1.0,0.9951079999999999,0.0,0.0,0.0,0.0,0.0,0.0,0.0,0.0,0.0,0.0,0.0,0.0,0.0,0.0,0.0025,0.9975,0.04827406863022217,1887,0.0005060998706807278,4.4287643859980785e-07,0.00011086940821534529,16,20,False,0.995,0.005,0.66,fixed,100,none,b05428b4-9e4c-4c24-8ea0-156090d31ad0
1149,151700,21.441638946533203,1.0,1.0,1.0,0.9951079999999999,0.0,0.0,0.0,0.0,0.0,0.0,0.0,0.0,0.0,0.0,0.0,0.0,0.0,0.0,0.0025,0.9975,0.04827406863022217,1887,0.0005067543455948249,4.454407019937821e-07,0.000111013159984086,16,20,False,0.995,0.005,0.66,fixed,100,none,b05428b4-9e4c-4c24-8ea0-156090d31ad0
1150,151800,21.45324683189392,1.0,1.0,1.0,0.9951079999999999,0.0,0.0,0.0,0.0,0.0,0.0,0.0,0.0,0.0,0.0,0.0,0.0,0.0,0.0,0.0025,0.9975,0.04827406863022217,1887,0.0005083922549405411,4.4621074041106123e-07,0.00011137184464716256,16,20,False,0.995,0.005,0.66,fixed,100,none,b05428b4-9e4c-4c24-8ea0-156090d31ad0
1151,152100,21.464941024780273,1.0,1.0,1.0,0.9951079999999999,0.0,0.0,0.0,0.0,0.0,0.0,0.0,0.0,0.0,0.0,0.0,0.0,0.0,0.0,0.0025,0.9975,0.04827406863022217,1887,0.0005073649553752768,4.459379219481478e-07,0.00011114691693681824,16,20,False,0.995,0.005,0.66,fixed,100,none,b05428b4-9e4c-4c24-8ea0-156090d31ad0
1152,152200,21.476343154907227,1.0,1.0,1.0,0.9951079999999999,0.0,0.0,0.0,0.0,0.0,0.0,0.0,0.0,0.0,0.0,0.0,0.0,0.0,0.0,0.0025,0.9975,0.04827406863022217,1887,0.0005077318217431143,4.468901193857976e-07,0.00011122740490225102,16,20,False,0.995,0.005,0.66,fixed,100,none,b05428b4-9e4c-4c24-8ea0-156090d31ad0
1153,152300,21.48767066001892,1.0,1.0,1.0,0.9951079999999999,0.0,0.0,0.0,0.0,0.0,0.0,0.0,0.0,0.0,0.0,0.0,0.0,0.0,0.0,0.0025,0.9975,0.047880855019754906,1888,0.0005083441545301635,4.476842274111335e-07,0.00011136159542986091,16,20,False,0.995,0.005,0.66,fixed,100,none,b05428b4-9e4c-4c24-8ea0-156090d31ad0
1154,152400,21.4987313747406,1.0,1.0,1.0,0.9951079999999999,0.0,0.0,0.0,0.0,0.0,0.0,0.0,0.0,0.0,0.0,0.0,0.0,0.0,0.0,0.0025,0.9975,0.047880855019754906,1888,0.0005087155465604247,4.483020544350995e-07,0.00011144301053241965,16,20,False,0.995,0.005,0.66,fixed,100,none,b05428b4-9e4c-4c24-8ea0-156090d31ad0
1155,152500,21.50979471206665,1.0,1.0,1.0,0.9951079999999999,0.0,0.0,0.0,0.0,0.0,0.0,0.0,0.0,0.0,0.0,0.0,0.0,0.0,0.0,0.0025,0.9975,0.04827406863022217,1887,0.0005079127289839495,4.4787702488361166e-07,0.00011126719300931444,16,20,False,0.995,0.005,0.66,fixed,100,none,b05428b4-9e4c-4c24-8ea0-156090d31ad0
1156,152800,21.521061182022095,1.0,1.0,1.0,0.9951079999999999,0.0,0.0,0.0,0.0,0.0,0.0,0.0,0.0,0.0,0.0,0.0,0.0,0.0,0.0,0.0025,0.9975,0.047880855019754906,1888,0.0005081701465974032,4.4997923956598286e-07,0.00011132394114568911,16,20,False,0.995,0.005,0.66,fixed,100,none,b05428b4-9e4c-4c24-8ea0-156090d31ad0
1157,152900,21.532503366470337,1.0,1.0,1.0,0.9951079999999999,0.0,0.0,0.0,0.0,0.0,0.0,0.0,0.0,0.0,0.0,0.0,0.0,0.0,0.0,0.0025,0.9975,0.04748663639047491,1889,0.0005073027130014069,4.495194532743677e-07,0.00011113397257213011,16,20,False,0.995,0.005,0.66,fixed,100,none,b05428b4-9e4c-4c24-8ea0-156090d31ad0
1158,153200,21.543930053710938,1.0,1.0,1.0,0.9951079999999999,0.0,0.0,0.0,0.0,0.0,0.0,0.0,0.0,0.0,0.0,0.0,0.0,0.0,0.0,0.0025,0.9975,0.047880855019754906,1888,0.0005051695974810011,4.4711678736482057e-07,0.00011066657707819045,16,20,False,0.995,0.005,0.66,fixed,100,none,b05428b4-9e4c-4c24-8ea0-156090d31ad0
1159,153300,21.555172204971313,1.0,1.0,1.0,0.9951079999999999,0.0,0.0,0.0,0.0,0.0,0.0,0.0,0.0,0.0,0.0,0.0,0.0,0.0,0.0,0.0025,0.9975,0.047880855019754906,1888,0.0005055630385711712,4.4806649833126867e-07,0.00011075288177791232,16,20,False,0.995,0.005,0.66,fixed,100,none,b05428b4-9e4c-4c24-8ea0-156090d31ad0
1160,153400,21.5664005279541,1.0,1.0,1.0,0.9951079999999999,0.0,0.0,0.0,0.0,0.0,0.0,0.0,0.0,0.0,0.0,0.0,0.0,0.0,0.0,0.0025,0.9975,0.04748663639047491,1889,0.000506521764579384,4.494679671354467e-07,0.00011096301318018288,16,20,False,0.995,0.005,0.66,fixed,100,none,b05428b4-9e4c-4c24-8ea0-156090d31ad0
1161,153500,21.577643156051636,1.0,1.0,1.0,0.9951079999999999,0.0,0.0,0.0,0.0,0.0,0.0,0.0,0.0,0.0,0.0,0.0,0.0,0.0,0.0,0.0025,0.9975,0.047880855019754906,1888,0.0005076458170617686,4.520185922157724e-07,0.00011120955288734216,16,20,False,0.995,0.005,0.66,fixed,100,none,b05428b4-9e4c-4c24-8ea0-156090d31ad0
1162,153600,21.588868856430054,1.0,1.0,1.0,0.9951079999999999,0.0,0.0,0.0,0.0,0.0,0.0,0.0,0.0,0.0,0.0,0.0,0.0,0.0,0.0,0.0025,0.9975,0.047880855019754906,1888,0.0005067581730258598,4.5213707434134565e-07,0.00011101527011948556,16,20,False,0.995,0.005,0.66,fixed,100,none,b05428b4-9e4c-4c24-8ea0-156090d31ad0
1163,153900,21.600021600723267,1.0,1.0,1.0,0.9951079999999999,0.0,0.0,0.0,0.0,0.0,0.0,0.0,0.0,0.0,0.0,0.0,0.0,0.0,0.0,0.0025,0.9975,0.047880855019754906,1888,0.000505453791646667,4.531010555648347e-07,0.00011072992419201272,16,20,False,0.995,0.005,0.66,fixed,100,none,b05428b4-9e4c-4c24-8ea0-156090d31ad0
1164,154000,21.61119771003723,1.0,1.0,1.0,0.9951079999999999,0.0,0.0,0.0,0.0,0.0,0.0,0.0,0.0,0.0,0.0,0.0,0.0,0.0,0.0,0.0025,0.9975,0.047880855019754906,1888,0.000505947362102473,4.5486713351741704e-07,0.00011083830231959965,16,20,False,0.995,0.005,0.66,fixed,100,none,b05428b4-9e4c-4c24-8ea0-156090d31ad0
1165,154200,21.622395515441895,1.0,1.0,1.0,0.9951079999999999,0.0,0.0,0.0,0.0,0.0,0.0,0.0,0.0,0.0,0.0,0.0,0.0,0.0,0.0,0.0025,0.9975,0.04748663639047491,1889,0.0005048802129492426,4.5301966185160576e-07,0.00011060435235034103,16,20,False,0.995,0.005,0.66,fixed,100,none,b05428b4-9e4c-4c24-8ea0-156090d31ad0
1166,154300,21.633680820465088,1.0,1.0,1.0,0.9951079999999999,0.0,0.0,0.0,0.0,0.0,0.0,0.0,0.0,0.0,0.0,0.0,0.0,0.0,0.0,0.0025,0.9975,0.04748663639047491,1889,0.0005048802129492426,4.5301966185160576e-07,0.00011060435235034103,16,20,False,0.995,0.005,0.66,fixed,100,none,b05428b4-9e4c-4c24-8ea0-156090d31ad0
1167,154600,21.64527654647827,1.0,1.0,1.0,0.9951079999999999,0.0,0.0,0.0,0.0,0.0,0.0,0.0,0.0,0.0,0.0,0.0,0.0,0.0,0.0,0.0025,0.9975,0.047486636390474915,1889,0.0005072375754309075,4.577651884540028e-07,0.0001111212806476319,16,20,False,0.995,0.005,0.66,fixed,100,none,b05428b4-9e4c-4c24-8ea0-156090d31ad0
1168,154700,21.656930685043335,1.0,1.0,1.0,0.9951079999999999,0.0,0.0,0.0,0.0,0.0,0.0,0.0,0.0,0.0,0.0,0.0,0.0,0.0,0.0,0.0025,0.9975,0.047486636390474915,1889,0.0005066917816738237,4.57908765711051e-07,0.00011100183367388512,16,20,False,0.995,0.005,0.66,fixed,100,none,b05428b4-9e4c-4c24-8ea0-156090d31ad0
1169,154800,21.66836977005005,1.0,1.0,1.0,0.9951079999999999,0.0,0.0,0.0,0.0,0.0,0.0,0.0,0.0,0.0,0.0,0.0,0.0,0.0,0.0,0.0025,0.9975,0.0478808550197549,1888,0.0005080079726236985,4.589320803201533e-07,0.00011129014230258844,16,20,False,0.995,0.005,0.66,fixed,100,none,b05428b4-9e4c-4c24-8ea0-156090d31ad0
1170,155000,21.679791688919067,1.0,1.0,1.0,0.9951079999999999,0.0,0.0,0.0,0.0,0.0,0.0,0.0,0.0,0.0,0.0,0.0,0.0,0.0,0.0,0.0025,0.9975,0.0478808550197549,1888,0.0005072828373892065,4.595718921863606e-07,0.00011113153176401272,16,20,False,0.995,0.005,0.66,fixed,100,none,b05428b4-9e4c-4c24-8ea0-156090d31ad0
1171,155100,21.69120764732361,1.0,1.0,1.0,0.9951079999999999,0.0,0.0,0.0,0.0,0.0,0.0,0.0,0.0,0.0,0.0,0.0,0.0,0.0,0.0,0.0025,0.9975,0.0478808550197549,1888,0.0005078730945943344,4.5848061737405036e-07,0.00011126053172400086,16,20,False,0.995,0.005,0.66,fixed,100,none,b05428b4-9e4c-4c24-8ea0-156090d31ad0
1172,155300,21.702475547790527,1.0,1.0,1.0,0.9951079999999999,0.0,0.0,0.0,0.0,0.0,0.0,0.0,0.0,0.0,0.0,0.0,0.0,0.0,0.0,0.0025,0.9975,0.047880855019754906,1888,0.0005062527261419663,4.5612187946902144e-07,0.00011090538490957555,16,20,False,0.995,0.005,0.66,fixed,100,none,b05428b4-9e4c-4c24-8ea0-156090d31ad0
1173,155400,21.713722229003906,1.0,1.0,1.0,0.9951079999999999,0.0,0.0,0.0,0.0,0.0,0.0,0.0,0.0,0.0,0.0,0.0,0.0,0.0,0.0,0.0025,0.9975,0.047880855019754906,1888,0.0005077030300931984,4.5788908912021294e-07,0.00011122319221433398,16,20,False,0.995,0.005,0.66,fixed,100,none,b05428b4-9e4c-4c24-8ea0-156090d31ad0
1174,155700,21.724912643432617,1.0,1.0,1.0,0.9951079999999999,0.0,0.0,0.0,0.0,0.0,0.0,0.0,0.0,0.0,0.0,0.0,0.0,0.0,0.0,0.0025,0.9975,0.047486636390474915,1889,0.0005074676106881376,4.593749496414833e-07,0.0001111719412200652,16,20,False,0.995,0.005,0.66,fixed,100,none,b05428b4-9e4c-4c24-8ea0-156090d31ad0
1175,155800,21.73617720603943,1.0,1.0,1.0,0.9951079999999999,0.0,0.0,0.0,0.0,0.0,0.0,0.0,0.0,0.0,0.0,0.0,0.0,0.0,0.0,0.0025,0.9975,0.047486636390474915,1889,0.0005079723169361183,4.595173989797537e-07,0.00011128244848312245,16,20,False,0.995,0.005,0.66,fixed,100,none,b05428b4-9e4c-4c24-8ea0-156090d31ad0
1176,156000,21.747403860092163,1.0,1.0,1.0,0.9951079999999999,0.0,0.0,0.0,0.0,0.0,0.0,0.0,0.0,0.0,0.0,0.0,0.0,0.0,0.0,0.0025,0.9975,0.047486636390474915,1889,0.0005087028834497658,4.6059496112636325e-07,0.00011144257422976775,16,20,False,0.995,0.005,0.66,fixed,100,none,b05428b4-9e4c-4c24-8ea0-156090d31ad0
1177,156100,21.75856614112854,1.0,1.0,1.0,0.9951079999999999,0.0,0.0,0.0,0.0,0.0,0.0,0.0,0.0,0.0,0.0,0.0,0.0,0.0,0.0,0.0025,0.9975,0.047880855019754906,1888,0.0005092355001148349,4.6135694014639415e-07,0.00011155930879376518,16,20,False,0.995,0.005,0.66,fixed,100,none,b05428b4-9e4c-4c24-8ea0-156090d31ad0
1178,156400,21.769677877426147,1.0,1.0,1.0,0.9951079999999999,0.0,0.0,0.0,0.0,0.0,0.0,0.0,0.0,0.0,0.0,0.0,0.0,0.0,0.0,0.0025,0.9975,0.047486636390474915,1889,0.0005096348831220986,4.609297539178253e-07,0.00011164665256867177,16,20,False,0.995,0.005,0.66,fixed,100,none,b05428b4-9e4c-4c24-8ea0-156090d31ad0
1179,156500,21.78080916404724,1.0,1.0,1.0,0.9951079999999999,0.0,0.0,0.0,0.0,0.0,0.0,0.0,0.0,0.0,0.0,0.0,0.0,0.0,0.0,0.0025,0.9975,0.047486636390474915,1889,0.0005096348831220986,4.609297539178253e-07,0.00011164665256867177,16,20,False,0.995,0.005,0.66,fixed,100,none,b05428b4-9e4c-4c24-8ea0-156090d31ad0
1180,156800,21.792068243026733,1.0,1.0,1.0,0.9951079999999999,0.0,0.0,0.0,0.0,0.0,0.0,0.0,0.0,0.0,0.0,0.0,0.0,0.0,0.0,0.0025,0.9975,0.047486636390474915,1889,0.0005127686300156404,4.6516537204064416e-07,0.00011233343453111141,16,20,False,0.995,0.005,0.66,fixed,100,none,b05428b4-9e4c-4c24-8ea0-156090d31ad0
1181,156900,21.803434133529663,1.0,1.0,1.0,0.9951079999999999,0.0,0.0,0.0,0.0,0.0,0.0,0.0,0.0,0.0,0.0,0.0,0.0,0.0,0.0,0.0025,0.9975,0.047486636390474915,1889,0.0005118809272757516,4.6459959393500317e-07,0.00011213900890350968,16,20,False,0.995,0.005,0.66,fixed,100,none,b05428b4-9e4c-4c24-8ea0-156090d31ad0
1182,157100,21.815029621124268,1.0,1.0,1.0,0.9951079999999999,0.0,0.0,0.0,0.0,0.0,0.0,0.0,0.0,0.0,0.0,0.0,0.0,0.0,0.0,0.0025,0.9975,0.047486636390474915,1889,0.0005124359743273449,4.6627665260332086e-07,0.00011226082734425044,16,20,False,0.995,0.005,0.66,fixed,100,none,b05428b4-9e4c-4c24-8ea0-156090d31ad0
1183,157200,21.82636308670044,1.0,1.0,1.0,0.9951079999999999,0.0,0.0,0.0,0.0,0.0,0.0,0.0,0.0,0.0,0.0,0.0,0.0,0.0,0.0,0.0025,0.9975,0.047486636390474915,1889,0.0005114599804972059,4.6591554596657224e-07,0.00011204711368457203,16,20,False,0.995,0.005,0.66,fixed,100,none,b05428b4-9e4c-4c24-8ea0-156090d31ad0
1184,157300,21.83765459060669,1.0,1.0,1.0,0.9951079999999999,0.0,0.0,0.0,0.0,0.0,0.0,0.0,0.0,0.0,0.0,0.0,0.0,0.0,0.0,0.0025,0.9975,0.047486636390474915,1889,0.0005109993200425449,4.6518513894394965e-07,0.00011194613633371244,16,20,False,0.995,0.005,0.66,fixed,100,none,b05428b4-9e4c-4c24-8ea0-156090d31ad0
1185,157500,21.84885001182556,1.0,1.0,1.0,0.9951079999999999,0.0,0.0,0.0,0.0,0.0,0.0,0.0,0.0,0.0,0.0,0.0,0.0,0.0,0.0,0.0025,0.9975,0.047880855019754906,1888,0.0005121989260532285,4.666934768961533e-07,0.00011220901667366199,16,20,False,0.995,0.005,0.66,fixed,100,none,b05428b4-9e4c-4c24-8ea0-156090d31ad0
1186,157600,21.86007785797119,1.0,1.0,1.0,0.9951079999999999,0.0,0.0,0.0,0.0,0.0,0.0,0.0,0.0,0.0,0.0,0.0,0.0,0.0,0.0,0.0025,0.9975,0.047486636390474915,1889,0.0005124127576631866,4.668292606229333e-07,0.00011225585021198991,16,20,False,0.995,0.005,0.66,fixed,100,none,b05428b4-9e4c-4c24-8ea0-156090d31ad0
1187,157800,21.871265649795532,1.0,1.0,1.0,0.9951079999999999,0.0,0.0,0.0,0.0,0.0,0.0,0.0,0.0,0.0,0.0,0.0,0.0,0.0,0.0,0.0025,0.9975,0.047091412742382266,1890,0.0005128743321602825,4.681780496776305e-07,0.0001123571451393246,16,20,False,0.995,0.005,0.66,fixed,100,none,b05428b4-9e4c-4c24-8ea0-156090d31ad0
1188,157900,21.88244915008545,1.0,1.0,1.0,0.9951079999999999,0.0,0.0,0.0,0.0,0.0,0.0,0.0,0.0,0.0,0.0,0.0,0.0,0.0,0.0,0.0025,0.9975,0.0474866363904749,1889,0.0005124969595980118,4.669651100163836e-07,0.0001122743078269079,16,20,False,0.995,0.005,0.66,fixed,100,none,b05428b4-9e4c-4c24-8ea0-156090d31ad0
1189,158200,21.8935604095459,1.0,1.0,1.0,0.9951079999999999,0.0,0.0,0.0,0.0,0.0,0.0,0.0,0.0,0.0,0.0,0.0,0.0,0.0,0.0,0.0025,0.9975,0.0474866363904749,1889,0.0005135146154483412,4.688178153486528e-07,0.00011249742470655813,16,20,False,0.995,0.005,0.66,fixed,100,none,b05428b4-9e4c-4c24-8ea0-156090d31ad0
1190,158300,21.904611110687256,1.0,1.0,1.0,0.9951079999999999,0.0,0.0,0.0,0.0,0.0,0.0,0.0,0.0,0.0,0.0,0.0,0.0,0.0,0.0,0.0025,0.9975,0.0474866363904749,1889,0.0005138482845346434,4.688625385200673e-07,0.00011257047336695225,16,20,False,0.995,0.005,0.66,fixed,100,none,b05428b4-9e4c-4c24-8ea0-156090d31ad0
1191,158500,21.915656566619873,1.0,1.0,1.0,0.9951079999999999,0.0,0.0,0.0,0.0,0.0,0.0,0.0,0.0,0.0,0.0,0.0,0.0,0.0,0.0,0.0025,0.9975,0.047880855019754906,1888,0.0005144668739334276,4.67958865770322e-07,0.00011270571088852365,16,20,False,0.995,0.005,0.66,fixed,100,none,b05428b4-9e4c-4c24-8ea0-156090d31ad0
1192,158600,21.92664122581482,1.0,1.0,1.0,0.9951079999999999,0.0,0.0,0.0,0.0,0.0,0.0,0.0,0.0,0.0,0.0,0.0,0.0,0.0,0.0,0.0025,0.9975,0.047880855019754906,1888,0.0005145104292309289,4.676003040845945e-07,0.00011271517701642641,16,20,False,0.995,0.005,0.66,fixed,100,none,b05428b4-9e4c-4c24-8ea0-156090d31ad0
1193,158700,21.937700986862183,1.0,1.0,1.0,0.9951079999999999,0.0,0.0,0.0,0.0,0.0,0.0,0.0,0.0,0.0,0.0,0.0,0.0,0.0,0.0,0.0025,0.9975,0.047880855019754906,1888,0.0005143128177337288,4.66944832438349e-07,0.00011267179532007653,16,20,False,0.995,0.005,0.66,fixed,100,none,b05428b4-9e4c-4c24-8ea0-156090d31ad0
1194,158900,21.948737144470215,1.0,1.0,1.0,0.9951079999999999,0.0,0.0,0.0,0.0,0.0,0.0,0.0,0.0,0.0,0.0,0.0,0.0,0.0,0.0,0.0025,0.9975,0.0474866363904749,1889,0.0005145249362404997,4.673166190716149e-07,0.00011271829870066899,16,20,False,0.995,0.005,0.66,fixed,100,none,b05428b4-9e4c-4c24-8ea0-156090d31ad0
1195,159000,21.959874868392944,1.0,1.0,1.0,0.9951079999999999,0.0,0.0,0.0,0.0,0.0,0.0,0.0,0.0,0.0,0.0,0.0,0.0,0.0,0.0,0.0025,0.9975,0.047880855019754906,1888,0.000514339618154435,4.673818925200521e-07,0.00011267774497358464,16,20,False,0.995,0.005,0.66,fixed,100,none,b05428b4-9e4c-4c24-8ea0-156090d31ad0
1196,159300,21.971023559570312,1.0,1.0,1.0,0.9951079999999999,0.0,0.0,0.0,0.0,0.0,0.0,0.0,0.0,0.0,0.0,0.0,0.0,0.0,0.0,0.0025,0.9975,0.0474866363904749,1889,0.0005139185655507134,4.679014484126862e-07,0.00011258567527424958,16,20,False,0.995,0.005,0.66,fixed,100,none,b05428b4-9e4c-4c24-8ea0-156090d31ad0
1197,159400,21.98240089416504,1.0,1.0,1.0,0.9951079999999999,0.0,0.0,0.0,0.0,0.0,0.0,0.0,0.0,0.0,0.0,0.0,0.0,0.0,0.0,0.0025,0.9975,0.0474866363904749,1889,0.0005146207567047572,4.6951084637222685e-07,0.00011273969070348207,16,20,False,0.995,0.005,0.66,fixed,100,none,b05428b4-9e4c-4c24-8ea0-156090d31ad0
1198,159600,21.99362826347351,1.0,1.0,1.0,0.9951079999999999,0.0,0.0,0.0,0.0,0.0,0.0,0.0,0.0,0.0,0.0,0.0,0.0,0.0,0.0,0.0025,0.9975,0.047880855019754906,1888,0.0005146408108120174,4.719037497553792e-07,0.00011274453519920413,16,20,False,0.995,0.005,0.66,fixed,100,none,b05428b4-9e4c-4c24-8ea0-156090d31ad0
1199,159700,22.004826068878174,1.0,1.0,1.0,0.9951079999999999,0.0,0.0,0.0,0.0,0.0,0.0,0.0,0.0,0.0,0.0,0.0,0.0,0.0,0.0,0.0025,0.9975,0.047880855019754906,1888,0.0005162679743389644,4.7292832637388744e-07,0.00011310091596481035,16,20,False,0.995,0.005,0.66,fixed,100,none,b05428b4-9e4c-4c24-8ea0-156090d31ad0
1200,159900,22.016048908233643,1.0,1.0,1.0,0.9951079999999999,0.0,0.0,0.0,0.0,0.0,0.0,0.0,0.0,0.0,0.0,0.0,0.0,0.0,0.0,0.0025,0.9975,0.047880855019754906,1888,0.0005175863990048324,4.766614534748208e-07,0.00011339022841831804,16,20,False,0.995,0.005,0.66,fixed,100,none,b05428b4-9e4c-4c24-8ea0-156090d31ad0
1201,160000,22.02737545967102,1.0,1.0,1.0,0.9951079999999999,0.0,0.0,0.0,0.0,0.0,0.0,0.0,0.0,0.0,0.0,0.0,0.0,0.0,0.0,0.0025,0.9975,0.047880855019754906,1888,0.000516846204087245,4.74490955114592e-07,0.00011322778735616972,16,20,False,0.995,0.005,0.66,fixed,100,none,b05428b4-9e4c-4c24-8ea0-156090d31ad0
1202,160100,22.03881525993347,1.0,1.0,1.0,0.9951079999999999,0.0,0.0,0.0,0.0,0.0,0.0,0.0,0.0,0.0,0.0,0.0,0.0,0.0,0.0,0.0025,0.9975,0.047880855019754906,1888,0.0005165782549230123,4.7367459601857874e-07,0.00011316897817589094,16,20,False,0.995,0.005,0.66,fixed,100,none,b05428b4-9e4c-4c24-8ea0-156090d31ad0
1203,160400,22.050175428390503,1.0,1.0,1.0,0.9951079999999999,0.0,0.0,0.0,0.0,0.0,0.0,0.0,0.0,0.0,0.0,0.0,0.0,0.0,0.0,0.0025,0.9975,0.047880855019754906,1888,0.0005181512829509772,4.7600605529760076e-07,0.00011351375698847545,16,20,False,0.995,0.005,0.66,fixed,100,none,b05428b4-9e4c-4c24-8ea0-156090d31ad0
1204,160500,22.061372756958008,1.0,1.0,1.0,0.9951079999999999,0.0,0.0,0.0,0.0,0.0,0.0,0.0,0.0,0.0,0.0,0.0,0.0,0.0,0.0,0.0025,0.9975,0.047880855019754906,1888,0.0005190058573534852,4.761509717113202e-07,0.00011370085085930306,16,20,False,0.995,0.005,0.66,fixed,100,none,b05428b4-9e4c-4c24-8ea0-156090d31ad0
1205,160700,22.07260012626648,1.0,1.0,1.0,0.9951079999999999,0.0,0.0,0.0,0.0,0.0,0.0,0.0,0.0,0.0,0.0,0.0,0.0,0.0,0.0,0.0025,0.9975,0.04827406863022217,1887,0.0005174456300568957,4.736857502030354e-07,0.00011335884871199305,16,20,False,0.995,0.005,0.66,fixed,100,none,b05428b4-9e4c-4c24-8ea0-156090d31ad0
1206,160800,22.08389163017273,1.0,1.0,1.0,0.9951079999999999,0.0,0.0,0.0,0.0,0.0,0.0,0.0,0.0,0.0,0.0,0.0,0.0,0.0,0.0,0.0025,0.9975,0.04827406863022217,1887,0.000518240449369551,4.7496018455363073e-07,0.00011353307680205992,16,20,False,0.995,0.005,0.66,fixed,100,none,b05428b4-9e4c-4c24-8ea0-156090d31ad0
1207,161100,22.095153331756592,1.0,1.0,1.0,0.9951079999999999,0.0,0.0,0.0,0.0,0.0,0.0,0.0,0.0,0.0,0.0,0.0,0.0,0.0,0.0,0.0025,0.9975,0.04827406863022217,1887,0.0005187066332230755,4.7666789633219863e-07,0.00011363544891283435,16,20,False,0.995,0.005,0.66,fixed,100,none,b05428b4-9e4c-4c24-8ea0-156090d31ad0
1208,161200,22.106369495391846,1.0,1.0,1.0,0.9951079999999999,0.0,0.0,0.0,0.0,0.0,0.0,0.0,0.0,0.0,0.0,0.0,0.0,0.0,0.0,0.0025,0.9975,0.04827406863022217,1887,0.000520005025668336,4.77824330148249e-07,0.00011391988674152692,16,20,False,0.995,0.005,0.66,fixed,100,none,b05428b4-9e4c-4c24-8ea0-156090d31ad0
1209,161300,22.117443561553955,1.0,1.0,1.0,0.9951079999999999,0.0,0.0,0.0,0.0,0.0,0.0,0.0,0.0,0.0,0.0,0.0,0.0,0.0,0.0,0.0025,0.9975,0.04827406863022217,1887,0.0005213832661732271,4.785720441022963e-07,0.00011422172565369885,16,20,False,0.995,0.005,0.66,fixed,100,none,b05428b4-9e4c-4c24-8ea0-156090d31ad0
1210,161400,22.12847590446472,1.0,1.0,1.0,0.9951079999999999,0.0,0.0,0.0,0.0,0.0,0.0,0.0,0.0,0.0,0.0,0.0,0.0,0.0,0.0,0.0025,0.9975,0.04827406863022217,1887,0.0005202875583340424,4.782501510589325e-07,0.0001139818140480231,16,20,False,0.995,0.005,0.66,fixed,100,none,b05428b4-9e4c-4c24-8ea0-156090d31ad0
1211,161500,22.13953161239624,1.0,1.0,1.0,0.9951079999999999,0.0,0.0,0.0,0.0,0.0,0.0,0.0,0.0,0.0,0.0,0.0,0.0,0.0,0.0,0.0025,0.9975,0.04827406863022217,1887,0.0005210320585660895,4.786268186255468e-07,0.00011414485671565585,16,20,False,0.995,0.005,0.66,fixed,100,none,b05428b4-9e4c-4c24-8ea0-156090d31ad0
1212,161800,22.1505925655365,1.0,1.0,1.0,0.9951079999999999,0.0,0.0,0.0,0.0,0.0,0.0,0.0,0.0,0.0,0.0,0.0,0.0,0.0,0.0,0.0025,0.9975,0.04788085501975489,1888,0.0005217980649329896,4.79626512801563e-07,0.00011431272545126373,16,20,False,0.995,0.005,0.66,fixed,100,none,b05428b4-9e4c-4c24-8ea0-156090d31ad0
1213,161900,22.161710739135742,1.0,1.0,1.0,0.9951079999999999,0.0,0.0,0.0,0.0,0.0,0.0,0.0,0.0,0.0,0.0,0.0,0.0,0.0,0.0,0.0025,0.9975,0.04788085501975489,1888,0.000521431171056383,4.796937581111917e-07,0.00011423242515828336,16,20,False,0.995,0.005,0.66,fixed,100,none,b05428b4-9e4c-4c24-8ea0-156090d31ad0
1214,162200,22.17284345626831,1.0,1.0,1.0,0.9951079999999999,0.0,0.0,0.0,0.0,0.0,0.0,0.0,0.0,0.0,0.0,0.0,0.0,0.0,0.0,0.0025,0.9975,0.048274068630222176,1887,0.0005218892567934468,4.793610582654782e-07,0.00011433263691315597,16,20,False,0.995,0.005,0.66,fixed,100,none,b05428b4-9e4c-4c24-8ea0-156090d31ad0
1215,162300,22.183953762054443,1.0,1.0,1.0,0.9951079999999999,0.0,0.0,0.0,0.0,0.0,0.0,0.0,0.0,0.0,0.0,0.0,0.0,0.0,0.0,0.0025,0.9975,0.048274068630222176,1887,0.0005234932174375505,4.811103054589283e-07,0.000114684076255117,16,20,False,0.995,0.005,0.66,fixed,100,none,b05428b4-9e4c-4c24-8ea0-156090d31ad0
1216,162500,22.194990634918213,1.0,1.0,1.0,0.9951079999999999,0.0,0.0,0.0,0.0,0.0,0.0,0.0,0.0,0.0,0.0,0.0,0.0,0.0,0.0,0.0025,0.9975,0.047880855019754906,1888,0.0005227366503116277,4.809828800767101e-07,0.00011451843950042988,16,20,False,0.995,0.005,0.66,fixed,100,none,b05428b4-9e4c-4c24-8ea0-156090d31ad0
1217,162600,22.205934762954712,1.0,1.0,1.0,0.9951079999999999,0.0,0.0,0.0,0.0,0.0,0.0,0.0,0.0,0.0,0.0,0.0,0.0,0.0,0.0,0.0025,0.9975,0.047486636390474915,1889,0.0005226939517094147,4.805436422623878e-07,0.00011450900932122074,16,20,False,0.995,0.005,0.66,fixed,100,none,b05428b4-9e4c-4c24-8ea0-156090d31ad0
1218,162900,22.21681308746338,1.0,1.0,1.0,0.9951079999999999,0.0,0.0,0.0,0.0,0.0,0.0,0.0,0.0,0.0,0.0,0.0,0.0,0.0,0.0,0.0025,0.9975,0.047486636390474915,1889,0.0005224834569561585,4.807295053266092e-07,0.00011446296733371515,16,20,False,0.995,0.005,0.66,fixed,100,none,b05428b4-9e4c-4c24-8ea0-156090d31ad0
1219,163000,22.227869033813477,1.0,1.0,1.0,0.9951079999999999,0.0,0.0,0.0,0.0,0.0,0.0,0.0,0.0,0.0,0.0,0.0,0.0,0.0,0.0,0.0025,0.9975,0.047486636390474915,1889,0.0005225612799557131,4.812324936373264e-07,0.00011448009835609668,16,20,False,0.995,0.005,0.66,fixed,100,none,b05428b4-9e4c-4c24-8ea0-156090d31ad0
1220,163200,22.238946199417114,1.0,1.0,1.0,0.9951079999999999,0.0,0.0,0.0,0.0,0.0,0.0,0.0,0.0,0.0,0.0,0.0,0.0,0.0,0.0,0.0025,0.9975,0.047880855019754906,1888,0.0005198942789262909,4.7679428446495084e-07,0.00011389544857101344,16,20,False,0.995,0.005,0.66,fixed,100,none,b05428b4-9e4c-4c24-8ea0-156090d31ad0
1221,163300,22.250031232833862,1.0,1.0,1.0,0.9951079999999999,0.0,0.0,0.0,0.0,0.0,0.0,0.0,0.0,0.0,0.0,0.0,0.0,0.0,0.0,0.0025,0.9975,0.047880855019754906,1888,0.0005196148596252192,4.765036549405299e-07,0.00011383422846639918,16,20,False,0.995,0.005,0.66,fixed,100,none,b05428b4-9e4c-4c24-8ea0-156090d31ad0
1222,163600,22.261075019836426,1.0,1.0,1.0,0.9951079999999999,0.0,0.0,0.0,0.0,0.0,0.0,0.0,0.0,0.0,0.0,0.0,0.0,0.0,0.0,0.0025,0.9975,0.047486636390474915,1889,0.00052027129780165,4.783959928261989e-07,0.00011397828232741816,16,20,False,0.995,0.005,0.66,fixed,100,none,b05428b4-9e4c-4c24-8ea0-156090d31ad0
1223,163700,22.27237057685852,1.0,1.0,1.0,0.9951079999999999,0.0,0.0,0.0,0.0,0.0,0.0,0.0,0.0,0.0,0.0,0.0,0.0,0.0,0.0,0.0025,0.9975,0.047880855019754906,1888,0.0005201136720805326,4.786987285504686e-07,0.00011394383557685318,16,20,False,0.995,0.005,0.66,fixed,100,none,b05428b4-9e4c-4c24-8ea0-156090d31ad0
1224,163800,22.284137725830078,1.0,1.0,1.0,0.9951079999999999,0.0,0.0,0.0,0.0,0.0,0.0,0.0,0.0,0.0,0.0,0.0,0.0,0.0,0.0,0.0025,0.9975,0.047880855019754906,1888,0.0005198623355462337,4.776524482033042e-07,0.00011388861921622917,16,20,False,0.995,0.005,0.66,fixed,100,none,b05428b4-9e4c-4c24-8ea0-156090d31ad0
1225,163900,22.295740842819214,1.0,1.0,1.0,0.9951079999999999,0.0,0.0,0.0,0.0,0.0,0.0,0.0,0.0,0.0,0.0,0.0,0.0,0.0,0.0,0.0025,0.9975,0.047486636390474915,1889,0.0005203090325287004,4.78286400546006e-07,0.00011398652163663626,16,20,False,0.995,0.005,0.66,fixed,100,none,b05428b4-9e4c-4c24-8ea0-156090d31ad0
1226,164000,22.307335376739502,1.0,1.0,1.0,0.9951079999999999,0.0,0.0,0.0,0.0,0.0,0.0,0.0,0.0,0.0,0.0,0.0,0.0,0.0,0.0,0.0025,0.9975,0.047880855019754906,1888,0.0005207477285798203,4.778809151774729e-07,0.00011408247516000639,16,20,False,0.995,0.005,0.66,fixed,100,none,b05428b4-9e4c-4c24-8ea0-156090d31ad0
1227,164100,22.318809270858765,1.0,1.0,1.0,0.9951079999999999,0.0,0.0,0.0,0.0,0.0,0.0,0.0,0.0,0.0,0.0,0.0,0.0,0.0,0.0,0.0025,0.9975,0.047880855019754906,1888,0.0005210866493068724,4.781424864206174e-07,0.00011415671460569429,16,20,False,0.995,0.005,0.66,fixed,100,none,b05428b4-9e4c-4c24-8ea0-156090d31ad0
1228,164300,22.330228090286255,1.0,1.0,1.0,0.9951079999999999,0.0,0.0,0.0,0.0,0.0,0.0,0.0,0.0,0.0,0.0,0.0,0.0,0.0,0.0,0.0025,0.9975,0.04788085501975489,1888,0.0005205808769073515,4.778835432468363e-07,0.00011404595182823615,16,20,False,0.995,0.005,0.66,fixed,100,none,b05428b4-9e4c-4c24-8ea0-156090d31ad0
1229,164400,22.34172821044922,1.0,1.0,1.0,0.9951079999999999,0.0,0.0,0.0,0.0,0.0,0.0,0.0,0.0,0.0,0.0,0.0,0.0,0.0,0.0,0.0025,0.9975,0.04788085501975489,1888,0.0005215426880453184,4.791111133978578e-07,0.00011425672552466579,16,20,False,0.995,0.005,0.66,fixed,100,none,b05428b4-9e4c-4c24-8ea0-156090d31ad0
1230,164700,22.35338044166565,1.0,1.0,1.0,0.9951079999999999,0.0,0.0,0.0,0.0,0.0,0.0,0.0,0.0,0.0,0.0,0.0,0.0,0.0,0.0,0.0025,0.9975,0.047486636390474915,1889,0.0005216494338438587,4.791093756089489e-07,0.00011428009184978639,16,20,False,0.995,0.005,0.66,fixed,100,none,b05428b4-9e4c-4c24-8ea0-156090d31ad0
1231,164800,22.364819049835205,1.0,1.0,1.0,0.9951079999999999,0.0,0.0,0.0,0.0,0.0,0.0,0.0,0.0,0.0,0.0,0.0,0.0,0.0,0.0,0.0025,0.9975,0.047486636390474915,1889,0.0005213033879956995,4.789064770673012e-07,0.00011420430386290141,16,20,False,0.995,0.005,0.66,fixed,100,none,b05428b4-9e4c-4c24-8ea0-156090d31ad0
1232,165000,22.37634539604187,1.0,1.0,1.0,0.9951079999999999,0.0,0.0,0.0,0.0,0.0,0.0,0.0,0.0,0.0,0.0,0.0,0.0,0.0,0.0,0.0025,0.9975,0.047486636390474915,1889,0.0005225753992120513,4.788664892694767e-07,0.00011448273952047923,16,20,False,0.995,0.005,0.66,fixed,100,none,b05428b4-9e4c-4c24-8ea0-156090d31ad0
1233,165100,22.388200283050537,1.0,1.0,1.0,0.9951079999999999,0.0,0.0,0.0,0.0,0.0,0.0,0.0,0.0,0.0,0.0,0.0,0.0,0.0,0.0,0.0025,0.9975,0.047486636390474915,1889,0.0005226792153130308,4.7907449360748e-07,0.00011450550438580788,16,20,False,0.995,0.005,0.66,fixed,100,none,b05428b4-9e4c-4c24-8ea0-156090d31ad0
1234,165200,22.400003910064697,1.0,1.0,1.0,0.9951079999999999,0.0,0.0,0.0,0.0,0.0,0.0,0.0,0.0,0.0,0.0,0.0,0.0,0.0,0.0,0.0025,0.9975,0.047486636390474915,1889,0.0005242829939865781,4.806942357001533e-07,0.00011485687928844498,16,20,False,0.995,0.005,0.66,fixed,100,none,b05428b4-9e4c-4c24-8ea0-156090d31ad0
1235,165300,22.411632776260376,1.0,1.0,1.0,0.9951079999999999,0.0,0.0,0.0,0.0,0.0,0.0,0.0,0.0,0.0,0.0,0.0,0.0,0.0,0.0,0.0025,0.9975,0.047486636390474915,1889,0.000525213717991708,4.818938610590313e-07,0.00011506084270198611,16,20,False,0.995,0.005,0.66,fixed,100,none,b05428b4-9e4c-4c24-8ea0-156090d31ad0
1236,165400,22.42307209968567,1.0,1.0,1.0,0.9951079999999999,0.0,0.0,0.0,0.0,0.0,0.0,0.0,0.0,0.0,0.0,0.0,0.0,0.0,0.0,0.0025,0.9975,0.047486636390474915,1889,0.0005271392435853342,4.835231161519777e-07,0.00011548264981289853,16,20,False,0.995,0.005,0.66,fixed,100,none,b05428b4-9e4c-4c24-8ea0-156090d31ad0
1237,165500,22.434462547302246,1.0,1.0,1.0,0.9951079999999999,0.0,0.0,0.0,0.0,0.0,0.0,0.0,0.0,0.0,0.0,0.0,0.0,0.0,0.0,0.0025,0.9975,0.047486636390474915,1889,0.0005271697648275675,4.82394307282107e-07,0.00011548911643913812,16,20,False,0.995,0.005,0.66,fixed,100,none,b05428b4-9e4c-4c24-8ea0-156090d31ad0
1238,165800,22.445765256881714,1.0,1.0,1.0,0.9951079999999999,0.0,0.0,0.0,0.0,0.0,0.0,0.0,0.0,0.0,0.0,0.0,0.0,0.0,0.0,0.0025,0.9975,0.047880855019754906,1888,0.0005278203689552375,4.83457766521496e-07,0.00011563173573994057,16,20,False,0.995,0.005,0.66,fixed,100,none,b05428b4-9e4c-4c24-8ea0-156090d31ad0
1239,165900,22.45705270767212,1.0,1.0,1.0,0.9951079999999999,0.0,0.0,0.0,0.0,0.0,0.0,0.0,0.0,0.0,0.0,0.0,0.0,0.0,0.0,0.0025,0.9975,0.047091412742382266,1890,0.0005289320024241821,4.837959458397596e-07,0.00011587513656036303,16,20,False,0.995,0.005,0.66,fixed,100,none,b05428b4-9e4c-4c24-8ea0-156090d31ad0
1240,166100,22.468373775482178,1.0,1.0,1.0,0.9951079999999999,0.0,0.0,0.0,0.0,0.0,0.0,0.0,0.0,0.0,0.0,0.0,0.0,0.0,0.0,0.0025,0.9975,0.047091412742382266,1890,0.0005286368043189457,4.866080935998239e-07,0.00011581105200320119,16,20,False,0.995,0.005,0.66,fixed,100,none,b05428b4-9e4c-4c24-8ea0-156090d31ad0
1241,166200,22.480151891708374,1.0,1.0,1.0,0.9951079999999999,0.0,0.0,0.0,0.0,0.0,0.0,0.0,0.0,0.0,0.0,0.0,0.0,0.0,0.0,0.0025,0.9975,0.04788085501975489,1888,0.000527585741840009,4.864953696947736e-07,0.00011558095300901998,16,20,False,0.995,0.005,0.66,fixed,100,none,b05428b4-9e4c-4c24-8ea0-156090d31ad0
1242,166500,22.49199151992798,1.0,1.0,1.0,0.9951079999999999,0.0,0.0,0.0,0.0,0.0,0.0,0.0,0.0,0.0,0.0,0.0,0.0,0.0,0.0,0.0025,0.9975,0.04788085501975489,1888,0.000527729644872778,4.888269673407586e-07,0.00011561289638644587,16,20,False,0.995,0.005,0.66,fixed,100,none,b05428b4-9e4c-4c24-8ea0-156090d31ad0
1243,166600,22.50349187850952,1.0,1.0,1.0,0.9951079999999999,0.0,0.0,0.0,0.0,0.0,0.0,0.0,0.0,0.0,0.0,0.0,0.0,0.0,0.0,0.0025,0.9975,0.04788085501975489,1888,0.0005283060620224936,4.898192845864717e-07,0.00011573926264079527,16,20,False,0.995,0.005,0.66,fixed,100,none,b05428b4-9e4c-4c24-8ea0-156090d31ad0
1244,166800,22.51496982574463,1.0,1.0,1.0,0.9951079999999999,0.0,0.0,0.0,0.0,0.0,0.0,0.0,0.0,0.0,0.0,0.0,0.0,0.0,0.0,0.0025,0.9975,0.047486636390474915,1889,0.000529414731857938,4.906653187447542e-07,0.00011598211121426415,16,20,False,0.995,0.005,0.66,fixed,100,none,b05428b4-9e4c-4c24-8ea0-156090d31ad0
1245,166900,22.526437759399414,1.0,1.0,1.0,0.9951079999999999,0.0,0.0,0.0,0.0,0.0,0.0,0.0,0.0,0.0,0.0,0.0,0.0,0.0,0.0,0.0025,0.9975,0.04788085501975489,1888,0.0005307211473155831,4.921982390988954e-07,0.00011626837681280994,16,20,False,0.995,0.005,0.66,fixed,100,none,b05428b4-9e4c-4c24-8ea0-156090d31ad0
1246,167200,22.537891149520874,1.0,1.0,1.0,0.9951079999999999,0.0,0.0,0.0,0.0,0.0,0.0,0.0,0.0,0.0,0.0,0.0,0.0,0.0,0.0,0.0025,0.9975,0.04788085501975489,1888,0.0005344244468141484,4.985001754115463e-07,0.00011708022644094528,16,20,False,0.995,0.005,0.66,fixed,100,none,b05428b4-9e4c-4c24-8ea0-156090d31ad0
1247,167300,22.549404621124268,1.0,1.0,1.0,0.9951079999999999,0.0,0.0,0.0,0.0,0.0,0.0,0.0,0.0,0.0,0.0,0.0,0.0,0.0,0.0,0.0025,0.9975,0.04788085501975489,1888,0.0005348515663531192,4.997940839949126e-07,0.00011717396875065683,16,20,False,0.995,0.005,0.66,fixed,100,none,b05428b4-9e4c-4c24-8ea0-156090d31ad0
1248,167600,22.560853004455566,1.0,1.0,1.0,0.9951079999999999,0.0,0.0,0.0,0.0,0.0,0.0,0.0,0.0,0.0,0.0,0.0,0.0,0.0,0.0,0.0025,0.9975,0.04788085501975489,1888,0.0005363784860900909,5.004991141421356e-07,0.00011750834543680792,16,20,False,0.995,0.005,0.66,fixed,100,none,b05428b4-9e4c-4c24-8ea0-156090d31ad0
1249,167700,22.572242498397827,1.0,1.0,1.0,0.9951079999999999,0.0,0.0,0.0,0.0,0.0,0.0,0.0,0.0,0.0,0.0,0.0,0.0,0.0,0.0,0.0025,0.9975,0.04788085501975489,1888,0.0005369443734005897,5.017109580448453e-07,0.00011763244841941761,16,20,False,0.995,0.005,0.66,fixed,100,none,b05428b4-9e4c-4c24-8ea0-156090d31ad0
1250,167900,22.58359456062317,1.0,1.0,1.0,0.9951079999999999,0.0,0.0,0.0,0.0,0.0,0.0,0.0,0.0,0.0,0.0,0.0,0.0,0.0,0.0,0.0025,0.9975,0.04788085501975489,1888,0.0005353972582799861,4.999376836783392e-07,0.00011729344799738785,16,20,False,0.995,0.005,0.66,fixed,100,none,b05428b4-9e4c-4c24-8ea0-156090d31ad0
1251,168000,22.59539556503296,1.0,1.0,1.0,0.9951079999999999,0.0,0.0,0.0,0.0,0.0,0.0,0.0,0.0,0.0,0.0,0.0,0.0,0.0,0.0,0.0025,0.9975,0.047880855019754906,1888,0.000535907904606809,5.022533383781989e-07,0.00011740566845272237,16,20,False,0.995,0.005,0.66,fixed,100,none,b05428b4-9e4c-4c24-8ea0-156090d31ad0
1252,168300,22.60832166671753,1.0,1.0,1.0,0.9951079999999999,0.0,0.0,0.0,0.0,0.0,0.0,0.0,0.0,0.0,0.0,0.0,0.0,0.0,0.0,0.0025,0.9975,0.047880855019754906,1888,0.0005366656682292558,5.035416094368436e-07,0.00011757178768117708,16,20,False,0.995,0.005,0.66,fixed,100,none,b05428b4-9e4c-4c24-8ea0-156090d31ad0
1253,168400,22.62067937850952,1.0,1.0,1.0,0.9951079999999999,0.0,0.0,0.0,0.0,0.0,0.0,0.0,0.0,0.0,0.0,0.0,0.0,0.0,0.0,0.0025,0.9975,0.047880855019754906,1888,0.0005375473887059051,5.061675687033882e-07,0.00011776529522577627,16,20,False,0.995,0.005,0.66,fixed,100,none,b05428b4-9e4c-4c24-8ea0-156090d31ad0
1254,168600,22.631897926330566,1.0,1.0,1.0,0.9951079999999999,0.0,0.0,0.0,0.0,0.0,0.0,0.0,0.0,0.0,0.0,0.0,0.0,0.0,0.0,0.0025,0.9975,0.047880855019754906,1888,0.0005388140199492648,5.081983899415887e-07,0.00011804294666098297,16,20,False,0.995,0.005,0.66,fixed,100,none,b05428b4-9e4c-4c24-8ea0-156090d31ad0
1255,168700,22.643208980560303,1.0,1.0,1.0,0.9951079999999999,0.0,0.0,0.0,0.0,0.0,0.0,0.0,0.0,0.0,0.0,0.0,0.0,0.0,0.0,0.0025,0.9975,0.047880855019754906,1888,0.0005415983184017599,5.115432022328285e-07,0.00011865306510656949,16,20,False,0.995,0.005,0.66,fixed,100,none,b05428b4-9e4c-4c24-8ea0-156090d31ad0
1256,169000,22.654574871063232,1.0,1.0,1.0,0.9951079999999999,0.0,0.0,0.0,0.0,0.0,0.0,0.0,0.0,0.0,0.0,0.0,0.0,0.0,0.0,0.0025,0.9975,0.047880855019754906,1888,0.0005426528604703948,5.135251037396441e-07,0.00011888428092667997,16,20,False,0.995,0.005,0.66,fixed,100,none,b05428b4-9e4c-4c24-8ea0-156090d31ad0
1257,169100,22.665875673294067,1.0,1.0,1.0,0.9951079999999999,0.0,0.0,0.0,0.0,0.0,0.0,0.0,0.0,0.0,0.0,0.0,0.0,0.0,0.0,0.0025,0.9975,0.047880855019754906,1888,0.0005423668562786429,5.136520181736881e-07,0.00011882169872284794,16,20,False,0.995,0.005,0.66,fixed,100,none,b05428b4-9e4c-4c24-8ea0-156090d31ad0
1258,169300,22.677048683166504,1.0,1.0,1.0,0.9951079999999999,0.0,0.0,0.0,0.0,0.0,0.0,0.0,0.0,0.0,0.0,0.0,0.0,0.0,0.0,0.0025,0.9975,0.047880855019754906,1888,0.0005425460834793563,5.14415520506228e-07,0.00011886107662252729,16,20,False,0.995,0.005,0.66,fixed,100,none,b05428b4-9e4c-4c24-8ea0-156090d31ad0
1259,169400,22.688159704208374,1.0,1.0,1.0,0.9951079999999999,0.0,0.0,0.0,0.0,0.0,0.0,0.0,0.0,0.0,0.0,0.0,0.0,0.0,0.0,0.0025,0.9975,0.047880855019754906,1888,0.0005437849459377068,5.158272819637295e-07,0.00011913253184933714,16,20,False,0.995,0.005,0.66,fixed,100,none,b05428b4-9e4c-4c24-8ea0-156090d31ad0
1260,169500,22.699562072753906,1.0,1.0,1.0,0.9951079999999999,0.0,0.0,0.0,0.0,0.0,0.0,0.0,0.0,0.0,0.0,0.0,0.0,0.0,0.0,0.0025,0.9975,0.047880855019754906,1888,0.0005437550671432897,5.158665519682982e-07,0.00011912599884254009,16,20,False,0.995,0.005,0.66,fixed,100,none,b05428b4-9e4c-4c24-8ea0-156090d31ad0
1261,169700,22.710784435272217,1.0,1.0,1.0,0.9951079999999999,0.0,0.0,0.0,0.0,0.0,0.0,0.0,0.0,0.0,0.0,0.0,0.0,0.0,0.0,0.0025,0.9975,0.047880855019754906,1888,0.0005451250329948859,5.185593781627359e-07,0.00011942639600443145,16,20,False,0.995,0.005,0.66,fixed,100,none,b05428b4-9e4c-4c24-8ea0-156090d31ad0
1262,169800,22.722066164016724,1.0,1.0,1.0,0.9951079999999999,0.0,0.0,0.0,0.0,0.0,0.0,0.0,0.0,0.0,0.0,0.0,0.0,0.0,0.0,0.0025,0.9975,0.047880855019754906,1888,0.0005450452186904378,5.178996048039141e-07,0.00011940879929624958,16,20,False,0.995,0.005,0.66,fixed,100,none,b05428b4-9e4c-4c24-8ea0-156090d31ad0
1263,170100,22.733464241027832,1.0,1.0,1.0,0.9951079999999999,0.0,0.0,0.0,0.0,0.0,0.0,0.0,0.0,0.0,0.0,0.0,0.0,0.0,0.0,0.0025,0.9975,0.047880855019754906,1888,0.000547443344685324,5.210012893929456e-07,0.00011993433839660209,16,20,False,0.995,0.005,0.66,fixed,100,none,b05428b4-9e4c-4c24-8ea0-156090d31ad0
1264,170200,22.745081424713135,1.0,1.0,1.0,0.9951079999999999,0.0,0.0,0.0,0.0,0.0,0.0,0.0,0.0,0.0,0.0,0.0,0.0,0.0,0.0,0.0025,0.9975,0.047880855019754906,1888,0.0005482313011966583,5.239609441424054e-07,0.00012010738441133556,16,20,False,0.995,0.005,0.66,fixed,100,none,b05428b4-9e4c-4c24-8ea0-156090d31ad0
1265,170500,22.75633716583252,1.0,1.0,1.0,0.9951079999999999,0.0,0.0,0.0,0.0,0.0,0.0,0.0,0.0,0.0,0.0,0.0,0.0,0.0,0.0,0.0025,0.9975,0.047880855019754906,1888,0.0005489925346586212,5.243405254316565e-07,0.0001202740905366042,16,20,False,0.995,0.005,0.66,fixed,100,none,b05428b4-9e4c-4c24-8ea0-156090d31ad0
1266,170600,22.767525672912598,1.0,1.0,1.0,0.9951079999999999,0.0,0.0,0.0,0.0,0.0,0.0,0.0,0.0,0.0,0.0,0.0,0.0,0.0,0.0,0.0025,0.9975,0.047880855019754906,1888,0.000549676206132908,5.248248639515398e-07,0.00012042383824664435,16,20,False,0.995,0.005,0.66,fixed,100,none,b05428b4-9e4c-4c24-8ea0-156090d31ad0
1267,170700,22.77863574028015,1.0,1.0,1.0,0.9951079999999999,0.0,0.0,0.0,0.0,0.0,0.0,0.0,0.0,0.0,0.0,0.0,0.0,0.0,0.0,0.0025,0.9975,0.047880855019754906,1888,0.0005502375858064279,5.242954895863249e-07,0.00012054662367604846,16,20,False,0.995,0.005,0.66,fixed,100,none,b05428b4-9e4c-4c24-8ea0-156090d31ad0
1268,170800,22.78976058959961,1.0,1.0,1.0,0.9951079999999999,0.0,0.0,0.0,0.0,0.0,0.0,0.0,0.0,0.0,0.0,0.0,0.0,0.0,0.0,0.0025,0.9975,0.04788085501975489,1888,0.0005490558788196145,5.236687650009577e-07,0.00012028782893896381,16,20,False,0.995,0.005,0.66,fixed,100,none,b05428b4-9e4c-4c24-8ea0-156090d31ad0
1269,170900,22.801162719726562,1.0,1.0,1.0,0.9951079999999999,0.0,0.0,0.0,0.0,0.0,0.0,0.0,0.0,0.0,0.0,0.0,0.0,0.0,0.0,0.0025,0.9975,0.04827406863022217,1887,0.0005487473714640996,5.231690926364066e-07,0.00012022020174109234,16,20,False,0.995,0.005,0.66,fixed,100,none,b05428b4-9e4c-4c24-8ea0-156090d31ad0
1270,171200,22.8126060962677,1.0,1.0,1.0,0.9951079999999999,0.0,0.0,0.0,0.0,0.0,0.0,0.0,0.0,0.0,0.0,0.0,0.0,0.0,0.0,0.0025,0.9975,0.04748663639047492,1889,0.0005488362899939681,5.238210228560143e-07,0.00012023978987402227,16,20,False,0.995,0.005,0.66,fixed,100,none,b05428b4-9e4c-4c24-8ea0-156090d31ad0
1271,171300,22.824353218078613,1.0,1.0,1.0,0.9951079999999999,0.0,0.0,0.0,0.0,0.0,0.0,0.0,0.0,0.0,0.0,0.0,0.0,0.0,0.0,0.0025,0.9975,0.047880855019754906,1888,0.0005472710536700554,5.225835335405694e-07,0.00011989692451974783,16,20,False,0.995,0.005,0.66,fixed,100,none,b05428b4-9e4c-4c24-8ea0-156090d31ad0
1272,171500,22.835744619369507,1.0,1.0,1.0,0.9951079999999999,0.0,0.0,0.0,0.0,0.0,0.0,0.0,0.0,0.0,0.0,0.0,0.0,0.0,0.0,0.0025,0.9975,0.047880855019754906,1888,0.0005472871825813004,5.242576317691393e-07,0.0001199007732170828,16,20,False,0.995,0.005,0.66,fixed,100,none,b05428b4-9e4c-4c24-8ea0-156090d31ad0
1273,171600,22.847037076950073,1.0,1.0,1.0,0.9951079999999999,0.0,0.0,0.0,0.0,0.0,0.0,0.0,0.0,0.0,0.0,0.0,0.0,0.0,0.0,0.0025,0.9975,0.04788085501975489,1888,0.0005468738004011288,5.225455844587026e-07,0.00011980995856885425,16,20,False,0.995,0.005,0.66,fixed,100,none,b05428b4-9e4c-4c24-8ea0-156090d31ad0
1274,171900,22.858484268188477,1.0,1.0,1.0,0.9951079999999999,0.0,0.0,0.0,0.0,0.0,0.0,0.0,0.0,0.0,0.0,0.0,0.0,0.0,0.0,0.0025,0.9975,0.04788085501975489,1888,0.0005455948432050448,5.176310766138548e-07,0.00011952906108214095,16,20,False,0.995,0.005,0.66,fixed,100,none,b05428b4-9e4c-4c24-8ea0-156090d31ad0
1275,172000,22.869823455810547,0.99900075,0.999002,1.0,0.9960719999999998,0.0,0.0,0.0,0.0,0.0,0.0,0.0005,0.0,0.0,0.0,0.0005,0.0,0.0,0.0,0.002,0.9975,0.04788085501975489,1888,0.0005453214626048788,5.177199179558396e-07,0.00011946923494861958,16,20,False,0.995,0.005,0.66,fixed,100,none,b05428b4-9e4c-4c24-8ea0-156090d31ad0
1276,172100,22.881304025650024,1.0,1.0,1.0,0.9951079999999999,0.0,0.0,0.0,0.0,0.0,0.0,0.0,0.0,0.0,0.0,0.0,0.0,0.0,0.0,0.0025,0.9975,0.04788085501975489,1888,0.0005464859750646902,5.187544112270993e-07,0.00011972434327979384,16,20,False,0.995,0.005,0.66,fixed,100,none,b05428b4-9e4c-4c24-8ea0-156090d31ad0
1277,172200,22.892650604248047,1.0,1.0,1.0,0.9951079999999999,0.0,0.0,0.0,0.0,0.0,0.0,0.0,0.0,0.0,0.0,0.0,0.0,0.0,0.0,0.0025,0.9975,0.04788085501975489,1888,0.0005467267478779396,5.205204496728772e-07,0.00011977738399591882,16,20,False,0.995,0.005,0.66,fixed,100,none,b05428b4-9e4c-4c24-8ea0-156090d31ad0
1278,172300,22.903902530670166,1.0,1.0,1.0,0.9951079999999999,0.0,0.0,0.0,0.0,0.0,0.0,0.0,0.0,0.0,0.0,0.0,0.0,0.0,0.0,0.0025,0.9975,0.04788085501975489,1888,0.0005475552246909137,5.216134021970676e-07,0.00011995894523125845,16,20,False,0.995,0.005,0.66,fixed,100,none,b05428b4-9e4c-4c24-8ea0-156090d31ad0
1279,172400,22.915140867233276,1.0,1.0,1.0,0.9951079999999999,0.0,0.0,0.0,0.0,0.0,0.0,0.0,0.0,0.0,0.0,0.0,0.0,0.0,0.0,0.0025,0.9975,0.04788085501975489,1888,0.0005475552246909137,5.216134021970676e-07,0.00011995894523125845,16,20,False,0.995,0.005,0.66,fixed,100,none,b05428b4-9e4c-4c24-8ea0-156090d31ad0
1280,172600,22.926846027374268,1.0,1.0,1.0,0.9951079999999999,0.0,0.0,0.0,0.0,0.0,0.0,0.0,0.0,0.0,0.0,0.0,0.0,0.0,0.0,0.0025,0.9975,0.047880855019754906,1888,0.0005480147678559275,5.202942879283636e-07,0.00012005928859836893,16,20,False,0.995,0.005,0.66,fixed,100,none,b05428b4-9e4c-4c24-8ea0-156090d31ad0
1281,172700,22.938150644302368,1.0,1.0,1.0,0.9951079999999999,0.0,0.0,0.0,0.0,0.0,0.0,0.0,0.0,0.0,0.0,0.0,0.0,0.0,0.0,0.0025,0.9975,0.047880855019754906,1888,0.0005479114420218819,5.20616956350296e-07,0.00012003673188029651,16,20,False,0.995,0.005,0.66,fixed,100,none,b05428b4-9e4c-4c24-8ea0-156090d31ad0
1282,173000,22.94933533668518,1.0,1.0,1.0,0.9951079999999999,0.0,0.0,0.0,0.0,0.0,0.0,0.0,0.0,0.0,0.0,0.0,0.0,0.0,0.0,0.0025,0.9975,0.04748663639047491,1889,0.0005470460366416426,5.1652994206735e-07,0.00011984651810984836,16,20,False,0.995,0.005,0.66,fixed,100,none,b05428b4-9e4c-4c24-8ea0-156090d31ad0
1283,173100,22.960700750350952,1.0,1.0,1.0,0.9951079999999999,0.0,0.0,0.0,0.0,0.0,0.0,0.0,0.0,0.0,0.0,0.0,0.0,0.0,0.0,0.0025,0.9975,0.047486636390474915,1889,0.000546933284937661,5.164879758712345e-07,0.00011982182878826953,16,20,False,0.995,0.005,0.66,fixed,100,none,b05428b4-9e4c-4c24-8ea0-156090d31ad0
1284,173300,22.97194004058838,1.0,1.0,1.0,0.9951079999999999,0.0,0.0,0.0,0.0,0.0,0.0,0.0,0.0,0.0,0.0,0.0,0.0,0.0,0.0,0.0025,0.9975,0.047880855019754906,1888,0.0005471707345467574,5.170144194253807e-07,0.00011987390653197604,16,20,False,0.995,0.005,0.66,fixed,100,none,b05428b4-9e4c-4c24-8ea0-156090d31ad0
1285,173400,22.983242988586426,1.0,1.0,1.0,0.9951079999999999,0.0,0.0,0.0,0.0,0.0,0.0,0.0,0.0,0.0,0.0,0.0,0.0,0.0,0.0,0.0025,0.9975,0.047880855019754906,1888,0.0005485128371671061,5.189529630698751e-07,0.0001201680611188628,16,20,False,0.995,0.005,0.66,fixed,100,none,b05428b4-9e4c-4c24-8ea0-156090d31ad0
1286,173500,22.99469518661499,0.99900075,0.999002,1.0,0.9960719999999998,0.0,0.0,0.0,0.0,0.0,0.0,0.0005,0.0,0.0,0.0,0.0005,0.0,0.0,0.0,0.002,0.9975,0.047880855019754906,1888,0.0005494168810495551,5.202340692894043e-07,0.0001203661997349126,16,20,False,0.995,0.005,0.66,fixed,100,none,b05428b4-9e4c-4c24-8ea0-156090d31ad0
1287,173600,23.00607419013977,0.99900075,0.999002,1.0,0.9960719999999998,0.0,0.0,0.0,0.0,0.0,0.0,0.0005,0.0,0.0,0.0,0.0005,0.0,0.0,0.0,0.002,0.9975,0.047880855019754906,1888,0.0005497706091997657,5.210684705668633e-07,0.00012044378936323642,16,20,False,0.995,0.005,0.66,fixed,100,none,b05428b4-9e4c-4c24-8ea0-156090d31ad0
1288,173700,23.017298698425293,0.99900075,0.999002,1.0,0.9960719999999998,0.0,0.0,0.0,0.0,0.0,0.0,0.0005,0.0,0.0,0.0,0.0005,0.0,0.0,0.0,0.002,0.9975,0.047880855019754906,1888,0.000549323316731526,5.204044408094163e-07,0.00012034575087628483,16,20,False,0.995,0.005,0.66,fixed,100,none,b05428b4-9e4c-4c24-8ea0-156090d31ad0
1289,173800,23.028472185134888,0.99900075,0.999002,1.0,0.9960719999999998,0.0,0.0,0.0,0.0,0.0,0.0,0.0005,0.0,0.0,0.0,0.0005,0.0,0.0,0.0,0.002,0.9975,0.047880855019754906,1888,0.0005495096785227179,5.217476231729996e-07,0.00012038680067702583,16,20,False,0.995,0.005,0.66,fixed,100,none,b05428b4-9e4c-4c24-8ea0-156090d31ad0
1290,174100,23.039648056030273,0.99900075,0.999002,1.0,0.9960719999999998,0.0,0.0,0.0,0.0,0.0,0.0,0.0005,0.0,0.0,0.0,0.0005,0.0,0.0,0.0,0.002,0.9975,0.04827406863022218,1887,0.000549107484128924,5.227509445703597e-07,0.00012029895095528983,16,20,False,0.995,0.005,0.66,fixed,100,none,b05428b4-9e4c-4c24-8ea0-156090d31ad0
1291,174200,23.050816774368286,0.99900075,0.999002,1.0,0.9960719999999998,0.0,0.0,0.0,0.0,0.0,0.0,0.0005,0.0,0.0,0.0,0.0005,0.0,0.0,0.0,0.002,0.9975,0.048274068630222176,1887,0.0005500554725028251,5.242948104401528e-07,0.00012050675894485205,16,20,False,0.995,0.005,0.66,fixed,100,none,b05428b4-9e4c-4c24-8ea0-156090d31ad0
1292,174400,23.062092065811157,0.99900075,0.999002,1.0,0.9960719999999998,0.0,0.0,0.0,0.0,0.0,0.0,0.0005,0.0,0.0,0.0,0.0005,0.0,0.0,0.0,0.002,0.9975,0.048274068630222176,1887,0.0005478722912233856,5.209807974382667e-07,0.00012002823090031239,16,20,False,0.995,0.005,0.66,fixed,100,none,b05428b4-9e4c-4c24-8ea0-156090d31ad0
1293,174500,23.073373079299927,1.0,1.0,1.0,0.9951079999999999,0.0,0.0,0.0,0.0,0.0,0.0,0.0,0.0,0.0,0.0,0.0,0.0,0.0,0.0,0.0025,0.9975,0.04827406863022218,1887,0.0005478910604027002,5.200204988826679e-07,0.00012003215701693879,16,20,False,0.995,0.005,0.66,fixed,100,none,b05428b4-9e4c-4c24-8ea0-156090d31ad0
1294,174800,23.08473014831543,0.99900075,0.999002,1.0,0.9960719999999998,0.0,0.0,0.0,0.0,0.0,0.0,0.0005,0.0,0.0,0.0,0.0005,0.0,0.0,0.0,0.002,0.9975,0.0478808550197549,1888,0.0005488543571001877,5.225296331985863e-07,0.00012024349939953883,16,20,False,0.995,0.005,0.66,fixed,100,none,b05428b4-9e4c-4c24-8ea0-156090d31ad0
1295,174900,23.096080780029297,1.0,1.0,1.0,0.9951079999999999,0.0,0.0,0.0,0.0,0.0,0.0,0.0,0.0,0.0,0.0,0.0,0.0,0.0,0.0,0.0025,0.9975,0.047880855019754906,1888,0.0005491864983968017,5.214499063438437e-07,0.00012031599998126522,16,20,False,0.995,0.005,0.66,fixed,100,none,b05428b4-9e4c-4c24-8ea0-156090d31ad0
1296,175000,23.10745143890381,1.0,1.0,1.0,0.9951079999999999,0.0,0.0,0.0,0.0,0.0,0.0,0.0,0.0,0.0,0.0,0.0,0.0,0.0,0.0,0.0025,0.9975,0.048274068630222176,1887,0.0005503958885959972,5.215615166216699e-07,0.00012058075670182192,16,20,False,0.995,0.005,0.66,fixed,100,none,b05428b4-9e4c-4c24-8ea0-156090d31ad0
1297,175100,23.11879062652588,1.0,1.0,1.0,0.9951079999999999,0.0,0.0,0.0,0.0,0.0,0.0,0.0,0.0,0.0,0.0,0.0,0.0,0.0,0.0,0.0025,0.9975,0.048274068630222176,1887,0.0005509325793934247,5.23206931163897e-07,0.0001206985509461418,16,20,False,0.995,0.005,0.66,fixed,100,none,b05428b4-9e4c-4c24-8ea0-156090d31ad0
1298,175200,23.130057096481323,1.0,1.0,1.0,0.9951079999999999,0.0,0.0,0.0,0.0,0.0,0.0,0.0,0.0,0.0,0.0,0.0,0.0,0.0,0.0,0.0025,0.9975,0.048274068630222176,1887,0.0005512521402232746,5.235887334966794e-07,0.00012076857535423919,16,20,False,0.995,0.005,0.66,fixed,100,none,b05428b4-9e4c-4c24-8ea0-156090d31ad0
1299,175500,23.141218185424805,1.0,1.0,1.0,0.9951079999999999,0.0,0.0,0.0,0.0,0.0,0.0,0.0,0.0,0.0,0.0,0.0,0.0,0.0,0.0,0.0025,0.9975,0.048274068630222176,1887,0.0005516869986969771,5.233484750513203e-07,0.00012086372022502805,16,20,False,0.995,0.005,0.66,fixed,100,none,b05428b4-9e4c-4c24-8ea0-156090d31ad0
1300,175600,23.15242886543274,1.0,1.0,1.0,0.9951079999999999,0.0,0.0,0.0,0.0,0.0,0.0,0.0,0.0,0.0,0.0,0.0,0.0,0.0,0.0,0.0025,0.9975,0.048274068630222176,1887,0.0005521610614406475,5.231018655675883e-07,0.00012096744570381559,16,20,False,0.995,0.005,0.66,fixed,100,none,b05428b4-9e4c-4c24-8ea0-156090d31ad0
1301,175900,23.163692474365234,1.0,1.0,1.0,0.9951079999999999,0.0,0.0,0.0,0.0,0.0,0.0,0.0,0.0,0.0,0.0,0.0,0.0,0.0,0.0,0.0025,0.9975,0.04827406863022218,1887,0.0005502827194670668,5.222649887762192e-07,0.00012055611763920841,16,20,False,0.995,0.005,0.66,fixed,100,none,b05428b4-9e4c-4c24-8ea0-156090d31ad0
1302,176000,23.17486596107483,1.0,1.0,1.0,0.9951079999999999,0.0,0.0,0.0,0.0,0.0,0.0,0.0,0.0,0.0,0.0,0.0,0.0,0.0,0.0,0.0025,0.9975,0.048274068630222176,1887,0.0005510208438556926,5.242646130941081e-07,0.000120718072996499,16,20,False,0.995,0.005,0.66,fixed,100,none,b05428b4-9e4c-4c24-8ea0-156090d31ad0
1303,176200,23.186029195785522,1.0,1.0,1.0,0.9951079999999999,0.0,0.0,0.0,0.0,0.0,0.0,0.0,0.0,0.0,0.0,0.0,0.0,0.0,0.0,0.0025,0.9975,0.04827406863022218,1887,0.0005519195977254755,5.269468700207331e-07,0.00012091531984741052,16,20,False,0.995,0.005,0.66,fixed,100,none,b05428b4-9e4c-4c24-8ea0-156090d31ad0
1304,176300,23.19721746444702,1.0,1.0,1.0,0.9951079999999999,0.0,0.0,0.0,0.0,0.0,0.0,0.0,0.0,0.0,0.0,0.0,0.0,0.0,0.0,0.0025,0.9975,0.0478808550197549,1888,0.0005517657105129119,5.274422043953605e-07,0.00012088172805011154,16,20,False,0.995,0.005,0.66,fixed,100,none,b05428b4-9e4c-4c24-8ea0-156090d31ad0
1305,176400,23.208401203155518,1.0,1.0,1.0,0.9951079999999999,0.0,0.0,0.0,0.0,0.0,0.0,0.0,0.0,0.0,0.0,0.0,0.0,0.0,0.0,0.0025,0.9975,0.0478808550197549,1888,0.0005533558656691927,5.30093279469579e-07,0.00012123031671808552,16,20,False,0.995,0.005,0.66,fixed,100,none,b05428b4-9e4c-4c24-8ea0-156090d31ad0
1306,176500,23.219508171081543,1.0,1.0,1.0,0.9951079999999999,0.0,0.0,0.0,0.0,0.0,0.0,0.0,0.0,0.0,0.0,0.0,0.0,0.0,0.0,0.0025,0.9975,0.0478808550197549,1888,0.0005539514053089714,5.317731936944845e-07,0.00012136099952893579,16,20,False,0.995,0.005,0.66,fixed,100,none,b05428b4-9e4c-4c24-8ea0-156090d31ad0
1307,176600,23.230590343475342,1.0,1.0,1.0,0.9951079999999999,0.0,0.0,0.0,0.0,0.0,0.0,0.0,0.0,0.0,0.0,0.0,0.0,0.0,0.0,0.0025,0.9975,0.0478808550197549,1888,0.0005535494189468867,5.306942748449622e-07,0.00012127279971969405,16,20,False,0.995,0.005,0.66,fixed,100,none,b05428b4-9e4c-4c24-8ea0-156090d31ad0
1308,176700,23.24185800552368,1.0,1.0,1.0,0.9951079999999999,0.0,0.0,0.0,0.0,0.0,0.0,0.0,0.0,0.0,0.0,0.0,0.0,0.0,0.0,0.0025,0.9975,0.0478808550197549,1888,0.0005545207924315971,5.330081012245751e-07,0.00012148587300250928,16,20,False,0.995,0.005,0.66,fixed,100,none,b05428b4-9e4c-4c24-8ea0-156090d31ad0
1309,176900,23.25297522544861,1.0,1.0,1.0,0.9951079999999999,0.0,0.0,0.0,0.0,0.0,0.0,0.0,0.0,0.0,0.0,0.0,0.0,0.0,0.0,0.0025,0.9975,0.0478808550197549,1888,0.0005553593781967776,5.356632965183207e-07,0.00012166994391361309,16,20,False,0.995,0.005,0.66,fixed,100,none,b05428b4-9e4c-4c24-8ea0-156090d31ad0
1310,177000,23.264020442962646,1.0,1.0,1.0,0.9951079999999999,0.0,0.0,0.0,0.0,0.0,0.0,0.0,0.0,0.0,0.0,0.0,0.0,0.0,0.0,0.0025,0.9975,0.0478808550197549,1888,0.0005552115572938912,5.346790760944699e-07,0.00012163739891609073,16,20,False,0.995,0.005,0.66,fixed,100,none,b05428b4-9e4c-4c24-8ea0-156090d31ad0
1311,177300,23.275265216827393,1.0,1.0,1.0,0.9951079999999999,0.0,0.0,0.0,0.0,0.0,0.0,0.0,0.0,0.0,0.0,0.0,0.0,0.0,0.0,0.0025,0.9975,0.0478808550197549,1888,0.0005567430793131734,5.388581095849591e-07,0.0001219734431024748,16,20,False,0.995,0.005,0.66,fixed,100,none,b05428b4-9e4c-4c24-8ea0-156090d31ad0
1312,177400,23.28692364692688,1.0,1.0,1.0,0.9951079999999999,0.0,0.0,0.0,0.0,0.0,0.0,0.0,0.0,0.0,0.0,0.0,0.0,0.0,0.0,0.0025,0.9975,0.0478808550197549,1888,0.0005583017146879525,5.411118629184806e-07,0.0001223150565991473,16,20,False,0.995,0.005,0.66,fixed,100,none,b05428b4-9e4c-4c24-8ea0-156090d31ad0
1313,177700,23.29832625389099,1.0,1.0,1.0,0.9951079999999999,0.0,0.0,0.0,0.0,0.0,0.0,0.0,0.0,0.0,0.0,0.0,0.0,0.0,0.0,0.0025,0.9975,0.0478808550197549,1888,0.0005590115760528746,5.454159309719418e-07,0.00012247126302485892,16,20,False,0.995,0.005,0.66,fixed,100,none,b05428b4-9e4c-4c24-8ea0-156090d31ad0
1314,177800,23.309740781784058,1.0,1.0,1.0,0.9951079999999999,0.0,0.0,0.0,0.0,0.0,0.0,0.0,0.0,0.0,0.0,0.0,0.0,0.0,0.0,0.0025,0.9975,0.0478808550197549,1888,0.0005600040224593887,5.458932664934309e-07,0.00012268860023699395,16,20,False,0.995,0.005,0.66,fixed,100,none,b05428b4-9e4c-4c24-8ea0-156090d31ad0
1315,177900,23.321008443832397,1.0,1.0,1.0,0.9951079999999999,0.0,0.0,0.0,0.0,0.0,0.0,0.0,0.0,0.0,0.0,0.0,0.0,0.0,0.0,0.0025,0.9975,0.04827406863022218,1887,0.0005614105570253791,5.467340153455554e-07,0.00012299665039577115,16,20,False,0.995,0.005,0.66,fixed,100,none,b05428b4-9e4c-4c24-8ea0-156090d31ad0
1316,178000,23.332234382629395,1.0,1.0,1.0,0.9951079999999999,0.0,0.0,0.0,0.0,0.0,0.0,0.0,0.0,0.0,0.0,0.0,0.0,0.0,0.0,0.0025,0.9975,0.0478808550197549,1888,0.0005613532858410231,5.472083891383712e-07,0.00012298420386453626,16,20,False,0.995,0.005,0.66,fixed,100,none,b05428b4-9e4c-4c24-8ea0-156090d31ad0
1317,178100,23.34350872039795,1.0,1.0,1.0,0.9951079999999999,0.0,0.0,0.0,0.0,0.0,0.0,0.0,0.0,0.0,0.0,0.0,0.0,0.0,0.0,0.0025,0.9975,0.0478808550197549,1888,0.0005618569382609891,5.46771371046871e-07,0.00012309437034582944,16,20,False,0.995,0.005,0.66,fixed,100,none,b05428b4-9e4c-4c24-8ea0-156090d31ad0
1318,178400,23.35466194152832,1.0,1.0,1.0,0.9951079999999999,0.0,0.0,0.0,0.0,0.0,0.0,0.0,0.0,0.0,0.0,0.0,0.0,0.0,0.0,0.0025,0.9975,0.047486636390474915,1889,0.0005648544844335872,5.516258922633173e-07,0.00012375145556204226,16,20,False,0.995,0.005,0.66,fixed,100,none,b05428b4-9e4c-4c24-8ea0-156090d31ad0
1319,178500,23.365753650665283,1.0,1.0,1.0,0.9951079999999999,0.0,0.0,0.0,0.0,0.0,0.0,0.0,0.0,0.0,0.0,0.0,0.0,0.0,0.0,0.0025,0.9975,0.0478808550197549,1888,0.0005658786154465541,5.536047615937977e-07,0.00012397601382595352,16,20,False,0.995,0.005,0.66,fixed,100,none,b05428b4-9e4c-4c24-8ea0-156090d31ad0
1320,178700,23.376833200454712,1.0,1.0,1.0,0.9951079999999999,0.0,0.0,0.0,0.0,0.0,0.0,0.0,0.0,0.0,0.0,0.0,0.0,0.0,0.0,0.0025,0.9975,0.047486636390474915,1889,0.0005671321706053454,5.548299736801963e-07,0.00012425064984050938,16,20,False,0.995,0.005,0.66,fixed,100,none,b05428b4-9e4c-4c24-8ea0-156090d31ad0
1321,178800,23.387897729873657,1.0,1.0,1.0,0.9951079999999999,0.0,0.0,0.0,0.0,0.0,0.0,0.0,0.0,0.0,0.0,0.0,0.0,0.0,0.0,0.0025,0.9975,0.047486636390474915,1889,0.0005669104222675084,5.55117546457928e-07,0.0001242021637681846,16,20,False,0.995,0.005,0.66,fixed,100,none,b05428b4-9e4c-4c24-8ea0-156090d31ad0
1322,179100,23.398942947387695,1.0,1.0,1.0,0.9951079999999999,0.0,0.0,0.0,0.0,0.0,0.0,0.0,0.0,0.0,0.0,0.0,0.0,0.0,0.0,0.0025,0.9975,0.047486636390474915,1889,0.0005675011273872164,5.544494993313701e-07,0.00012433134218993466,16,20,False,0.995,0.005,0.66,fixed,100,none,b05428b4-9e4c-4c24-8ea0-156090d31ad0
1323,179200,23.40999674797058,1.0,1.0,1.0,0.9951079999999999,0.0,0.0,0.0,0.0,0.0,0.0,0.0,0.0,0.0,0.0,0.0,0.0,0.0,0.0,0.0025,0.9975,0.047486636390474915,1889,0.0005685729987057188,5.54080091892694e-07,0.00012456590463414145,16,20,False,0.995,0.005,0.66,fixed,100,none,b05428b4-9e4c-4c24-8ea0-156090d31ad0
1324,179300,23.42120599746704,1.0,1.0,1.0,0.9951079999999999,0.0,0.0,0.0,0.0,0.0,0.0,0.0,0.0,0.0,0.0,0.0,0.0,0.0,0.0,0.0025,0.9975,0.047486636390474915,1889,0.0005677918557881468,5.53917370408809e-07,0.000124394881532403,16,20,False,0.995,0.005,0.66,fixed,100,none,b05428b4-9e4c-4c24-8ea0-156090d31ad0
1325,179400,23.432416915893555,1.0,1.0,1.0,0.9951079999999999,0.0,0.0,0.0,0.0,0.0,0.0,0.0,0.0,0.0,0.0,0.0,0.0,0.0,0.0,0.0025,0.9975,0.047486636390474915,1889,0.0005696803787979574,5.555105918168713e-07,0.00012480858193131812,16,20,False,0.995,0.005,0.66,fixed,100,none,b05428b4-9e4c-4c24-8ea0-156090d31ad0
1326,179500,23.443779468536377,1.0,1.0,1.0,0.9951079999999999,0.0,0.0,0.0,0.0,0.0,0.0,0.0,0.0,0.0,0.0,0.0,0.0,0.0,0.0,0.0025,0.9975,0.04827406863022218,1887,0.000570289442626089,5.567307072792843e-07,0.00012494213782523393,16,20,False,0.995,0.005,0.66,fixed,100,none,b05428b4-9e4c-4c24-8ea0-156090d31ad0
1327,179600,23.455377101898193,1.0,1.0,1.0,0.9951079999999999,0.0,0.0,0.0,0.0,0.0,0.0,0.0,0.0,0.0,0.0,0.0,0.0,0.0,0.0,0.0025,0.9975,0.04827406863022218,1887,0.0005691068517281987,5.554759322746041e-07,0.00012468303027043487,16,20,False,0.995,0.005,0.66,fixed,100,none,b05428b4-9e4c-4c24-8ea0-156090d31ad0
1328,179800,23.466779947280884,1.0,1.0,1.0,0.9951079999999999,0.0,0.0,0.0,0.0,0.0,0.0,0.0,0.0,0.0,0.0,0.0,0.0,0.0,0.0,0.0025,0.9975,0.04827406863022218,1887,0.0005703606086762493,5.564677901257419e-07,0.00012495766611935488,16,20,False,0.995,0.005,0.66,fixed,100,none,b05428b4-9e4c-4c24-8ea0-156090d31ad0
1329,179900,23.478201866149902,1.0,1.0,1.0,0.9951079999999999,0.0,0.0,0.0,0.0,0.0,0.0,0.0,0.0,0.0,0.0,0.0,0.0,0.0,0.0,0.0025,0.9975,0.04827406863022218,1887,0.0005701250871960629,5.55582468870295e-07,0.00012490594225630352,16,20,False,0.995,0.005,0.66,fixed,100,none,b05428b4-9e4c-4c24-8ea0-156090d31ad0
1330,180200,23.48946785926819,1.0,1.0,1.0,0.9951079999999999,0.0,0.0,0.0,0.0,0.0,0.0,0.0,0.0,0.0,0.0,0.0,0.0,0.0,0.0,0.0025,0.9975,0.0478808550197549,1888,0.0005720741384293896,5.609705654354661e-07,0.0001253336133096261,16,20,False,0.995,0.005,0.66,fixed,100,none,b05428b4-9e4c-4c24-8ea0-156090d31ad0
1331,180300,23.50068759918213,1.0,1.0,1.0,0.9951079999999999,0.0,0.0,0.0,0.0,0.0,0.0,0.0,0.0,0.0,0.0,0.0,0.0,0.0,0.0,0.0025,0.9975,0.0478808550197549,1888,0.0005711444656134015,5.604196561828891e-07,0.00012513000325744834,16,20,False,0.995,0.005,0.66,fixed,100,none,b05428b4-9e4c-4c24-8ea0-156090d31ad0
1332,180500,23.511892557144165,1.0,1.0,1.0,0.9951079999999999,0.0,0.0,0.0,0.0,0.0,0.0,0.0,0.0,0.0,0.0,0.0,0.0,0.0,0.0,0.0025,0.9975,0.0478808550197549,1888,0.0005699139660216848,5.581550565423116e-07,0.00012486021662288984,16,20,False,0.995,0.005,0.66,fixed,100,none,b05428b4-9e4c-4c24-8ea0-156090d31ad0
1333,180600,23.523142337799072,0.99900075,0.999002,1.0,0.9960719999999998,0.0,0.0,0.0,0.0,0.0,0.0,0.0005,0.0,0.0,0.0,0.0005,0.0,0.0,0.0,0.002,0.9975,0.04827406863022218,1887,0.0005704109813695198,5.593028413070266e-07,0.0001249692313616362,16,20,False,0.995,0.005,0.66,fixed,100,none,b05428b4-9e4c-4c24-8ea0-156090d31ad0
1334,180800,23.53439497947693,0.99900075,0.999002,1.0,0.9960719999999998,0.0,0.0,0.0,0.0,0.0,0.0,0.0005,0.0,0.0,0.0,0.0005,0.0,0.0,0.0,0.002,0.9975,0.04827406863022218,1887,0.0005698375848283297,5.595326712876604e-07,0.00012484375852646603,16,20,False,0.995,0.005,0.66,fixed,100,none,b05428b4-9e4c-4c24-8ea0-156090d31ad0
1335,180900,23.545658588409424,0.99900075,0.999002,1.0,0.9960719999999998,0.0,0.0,0.0,0.0,0.0,0.0,0.0005,0.0,0.0,0.0,0.0005,0.0,0.0,0.0,0.002,0.9975,0.04827406863022218,1887,0.0005716864720932992,5.615915141469394e-07,0.00012524887112891114,16,20,False,0.995,0.005,0.66,fixed,100,none,b05428b4-9e4c-4c24-8ea0-156090d31ad0
1336,181000,23.55684232711792,0.99900075,0.999002,1.0,0.9960719999999998,0.0,0.0,0.0,0.0,0.0,0.0,0.0005,0.0,0.0,0.0,0.0005,0.0,0.0,0.0,0.002,0.9975,0.04827406863022218,1887,0.0005738295944130136,5.651434383974825e-07,0.0001257186754703042,16,20,False,0.995,0.005,0.66,fixed,100,none,b05428b4-9e4c-4c24-8ea0-156090d31ad0
1337,181300,23.567968606948853,0.99900075,0.999002,1.0,0.9960719999999998,0.0,0.0,0.0,0.0,0.0,0.0,0.0005,0.0,0.0,0.0,0.0005,0.0,0.0,0.0,0.002,0.9975,0.04827406863022218,1887,0.0005748978081413442,5.681866066438839e-07,0.00012595308565740258,16,20,False,0.995,0.005,0.66,fixed,100,none,b05428b4-9e4c-4c24-8ea0-156090d31ad0
1338,181400,23.580339431762695,1.0,1.0,1.0,0.9951079999999999,0.0,0.0,0.0,0.0,0.0,0.0,0.0,0.0,0.0,0.0,0.0,0.0,0.0,0.0,0.0025,0.9975,0.0478808550197549,1888,0.0005753901651222157,5.68022167212252e-07,0.00012606083135702334,16,20,False,0.995,0.005,0.66,fixed,100,none,b05428b4-9e4c-4c24-8ea0-156090d31ad0
1339,181600,23.59151315689087,1.0,1.0,1.0,0.9951079999999999,0.0,0.0,0.0,0.0,0.0,0.0,0.0,0.0,0.0,0.0,0.0,0.0,0.0,0.0,0.0025,0.9975,0.0478808550197549,1888,0.0005744887834920421,5.665670471985311e-07,0.00012586324244537574,16,20,False,0.995,0.005,0.66,fixed,100,none,b05428b4-9e4c-4c24-8ea0-156090d31ad0
1340,181700,23.602640867233276,1.0,1.0,1.0,0.9951079999999999,0.0,0.0,0.0,0.0,0.0,0.0,0.0,0.0,0.0,0.0,0.0,0.0,0.0,0.0,0.0025,0.9975,0.0478808550197549,1888,0.0005750860349458984,5.673869507045379e-07,0.00012599413657029103,16,20,False,0.995,0.005,0.66,fixed,100,none,b05428b4-9e4c-4c24-8ea0-156090d31ad0
1341,182000,23.613714694976807,1.0,1.0,1.0,0.9951079999999999,0.0,0.0,0.0,0.0,0.0,0.0,0.0,0.0,0.0,0.0,0.0,0.0,0.0,0.0,0.0025,0.9975,0.04827406863022218,1887,0.000574793398875926,5.6912888050432e-07,0.00012593040950123604,16,20,False,0.995,0.005,0.66,fixed,100,none,b05428b4-9e4c-4c24-8ea0-156090d31ad0
1342,182100,23.624840021133423,1.0,1.0,1.0,0.9951079999999999,0.0,0.0,0.0,0.0,0.0,0.0,0.0,0.0,0.0,0.0,0.0,0.0,0.0,0.0,0.0025,0.9975,0.04827406863022218,1887,0.000574793398875926,5.6912888050432e-07,0.00012593040950123604,16,20,False,0.995,0.005,0.66,fixed,100,none,b05428b4-9e4c-4c24-8ea0-156090d31ad0
1343,182300,23.635934352874756,1.0,1.0,1.0,0.9951079999999999,0.0,0.0,0.0,0.0,0.0,0.0,0.0,0.0,0.0,0.0,0.0,0.0,0.0,0.0,0.0025,0.9975,0.04827406863022218,1887,0.0005738648752629428,5.678461153401831e-07,0.00012572691195697285,16,20,False,0.995,0.005,0.66,fixed,100,none,b05428b4-9e4c-4c24-8ea0-156090d31ad0
1344,182400,23.647027254104614,1.0,1.0,1.0,0.9951079999999999,0.0,0.0,0.0,0.0,0.0,0.0,0.0,0.0,0.0,0.0,0.0,0.0,0.0,0.0,0.0025,0.9975,0.04827406863022218,1887,0.0005756410884881772,5.692953819929593e-07,0.00012611600039264066,16,20,False,0.995,0.005,0.66,fixed,100,none,b05428b4-9e4c-4c24-8ea0-156090d31ad0
1345,182700,23.65811800956726,1.0,1.0,1.0,0.9951079999999999,0.0,0.0,0.0,0.0,0.0,0.0,0.0,0.0,0.0,0.0,0.0,0.0,0.0,0.0,0.0025,0.9975,0.04827406863022218,1887,0.000574406223031972,5.662127137659584e-07,0.0001258451026373142,16,20,False,0.995,0.005,0.66,fixed,100,none,b05428b4-9e4c-4c24-8ea0-156090d31ad0
1346,182800,23.66927742958069,1.0,1.0,1.0,0.9951079999999999,0.0,0.0,0.0,0.0,0.0,0.0,0.0,0.0,0.0,0.0,0.0,0.0,0.0,0.0,0.0025,0.9975,0.04827406863022218,1887,0.000575049628834812,5.655143350831055e-07,0.00012598581147560615,16,20,False,0.995,0.005,0.66,fixed,100,none,b05428b4-9e4c-4c24-8ea0-156090d31ad0
1347,183100,23.680516958236694,1.0,1.0,1.0,0.9951079999999999,0.0,0.0,0.0,0.0,0.0,0.0,0.0,0.0,0.0,0.0,0.0,0.0,0.0,0.0,0.0025,0.9975,0.04827406863022218,1887,0.0005746101829367461,5.658751361079021e-07,0.00012588968532071423,16,20,False,0.995,0.005,0.66,fixed,100,none,b05428b4-9e4c-4c24-8ea0-156090d31ad0
1348,183200,23.691790103912354,1.0,1.0,1.0,0.9951079999999999,0.0,0.0,0.0,0.0,0.0,0.0,0.0,0.0,0.0,0.0,0.0,0.0,0.0,0.0,0.0025,0.9975,0.04827406863022218,1887,0.0005753109599949068,5.6652975670544e-07,0.00012604320979665916,16,20,False,0.995,0.005,0.66,fixed,100,none,b05428b4-9e4c-4c24-8ea0-156090d31ad0
1349,183400,23.702999353408813,1.0,1.0,1.0,0.9951079999999999,0.0,0.0,0.0,0.0,0.0,0.0,0.0,0.0,0.0,0.0,0.0,0.0,0.0,0.0,0.0025,0.9975,0.04827406863022218,1887,0.0005742513749169416,5.658088117333254e-07,0.00012581112964354786,16,20,False,0.995,0.005,0.66,fixed,100,none,b05428b4-9e4c-4c24-8ea0-156090d31ad0
1350,183500,23.714268922805786,1.0,1.0,1.0,0.9951079999999999,0.0,0.0,0.0,0.0,0.0,0.0,0.0,0.0,0.0,0.0,0.0,0.0,0.0,0.0,0.0025,0.9975,0.04827406863022218,1887,0.0005740771291225008,5.668108586021758e-07,0.00012577317762804983,16,20,False,0.995,0.005,0.66,fixed,100,none,b05428b4-9e4c-4c24-8ea0-156090d31ad0
1351,183800,23.725549697875977,1.0,1.0,1.0,0.9951079999999999,0.0,0.0,0.0,0.0,0.0,0.0,0.0,0.0,0.0,0.0,0.0,0.0,0.0,0.0,0.0025,0.9975,0.04827406863022218,1887,0.0005756380698312688,5.692798223901522e-07,0.00012611533665231886,16,20,False,0.995,0.005,0.66,fixed,100,none,b05428b4-9e4c-4c24-8ea0-156090d31ad0
1352,183900,23.73677086830139,1.0,1.0,1.0,0.9951079999999999,0.0,0.0,0.0,0.0,0.0,0.0,0.0,0.0,0.0,0.0,0.0,0.0,0.0,0.0,0.0025,0.9975,0.04827406863022218,1887,0.0005771145458015671,5.694912505637438e-07,0.00012643857741357015,16,20,False,0.995,0.005,0.66,fixed,100,none,b05428b4-9e4c-4c24-8ea0-156090d31ad0
1353,184100,23.7480149269104,1.0,1.0,1.0,0.9951079999999999,0.0,0.0,0.0,0.0,0.0,0.0,0.0,0.0,0.0,0.0,0.0,0.0,0.0,0.0,0.0025,0.9975,0.04827406863022218,1887,0.0005768229917822187,5.704525644462387e-07,0.00012637493888837246,16,20,False,0.995,0.005,0.66,fixed,100,none,b05428b4-9e4c-4c24-8ea0-156090d31ad0
1354,184200,23.759260177612305,1.0,1.0,1.0,0.9951079999999999,0.0,0.0,0.0,0.0,0.0,0.0,0.0,0.0,0.0,0.0,0.0,0.0,0.0,0.0,0.0025,0.9975,0.04827406863022218,1887,0.0005775111247499739,5.710888363578198e-07,0.00012652569208667727,16,20,False,0.995,0.005,0.66,fixed,100,none,b05428b4-9e4c-4c24-8ea0-156090d31ad0
1355,184500,23.770369291305542,1.0,1.0,1.0,0.9951079999999999,0.0,0.0,0.0,0.0,0.0,0.0,0.0,0.0,0.0,0.0,0.0,0.0,0.0,0.0,0.0025,0.9975,0.04827406863022218,1887,0.0005764471253367007,5.688399950745742e-07,0.00012629235533526795,16,20,False,0.995,0.005,0.66,fixed,100,none,b05428b4-9e4c-4c24-8ea0-156090d31ad0
1356,184600,23.781509399414062,1.0,1.0,1.0,0.9951079999999999,0.0,0.0,0.0,0.0,0.0,0.0,0.0,0.0,0.0,0.0,0.0,0.0,0.0,0.0,0.0025,0.9975,0.04827406863022218,1887,0.0005777032355899878,5.722352777820088e-07,0.0001265679629734269,16,20,False,0.995,0.005,0.66,fixed,100,none,b05428b4-9e4c-4c24-8ea0-156090d31ad0
1357,184900,23.792648315429688,1.0,1.0,1.0,0.9951079999999999,0.0,0.0,0.0,0.0,0.0,0.0,0.0,0.0,0.0,0.0,0.0,0.0,0.0,0.0,0.0025,0.9975,0.04827406863022218,1887,0.0005787528960428874,5.762179136771129e-07,0.00012679849034738673,16,20,False,0.995,0.005,0.66,fixed,100,none,b05428b4-9e4c-4c24-8ea0-156090d31ad0
1358,185000,23.803743839263916,1.0,1.0,1.0,0.9951079999999999,0.0,0.0,0.0,0.0,0.0,0.0,0.0,0.0,0.0,0.0,0.0,0.0,0.0,0.0,0.0025,0.9975,0.04827406863022218,1887,0.0005789433835006866,5.764930239773585e-07,0.000126840240322856,16,20,False,0.995,0.005,0.66,fixed,100,none,b05428b4-9e4c-4c24-8ea0-156090d31ad0
1359,185200,23.81482481956482,1.0,1.0,1.0,0.9951079999999999,0.0,0.0,0.0,0.0,0.0,0.0,0.0,0.0,0.0,0.0,0.0,0.0,0.0,0.0,0.0025,0.9975,0.04827406863022218,1887,0.0005805638121214291,5.77668461429894e-07,0.00012719517548105252,16,20,False,0.995,0.005,0.66,fixed,100,none,b05428b4-9e4c-4c24-8ea0-156090d31ad0
1360,185300,23.82592535018921,1.0,1.0,1.0,0.9951079999999999,0.0,0.0,0.0,0.0,0.0,0.0,0.0,0.0,0.0,0.0,0.0,0.0,0.0,0.0,0.0025,0.9975,0.047880855019754906,1888,0.0005808188548690958,5.772237042554764e-07,0.00012725091983465363,16,20,False,0.995,0.005,0.66,fixed,100,none,b05428b4-9e4c-4c24-8ea0-156090d31ad0
1361,185400,23.836966276168823,1.0,1.0,1.0,0.9951079999999999,0.0,0.0,0.0,0.0,0.0,0.0,0.0,0.0,0.0,0.0,0.0,0.0,0.0,0.0,0.0025,0.9975,0.047880855019754906,1888,0.0005802023934611426,5.785625239827399e-07,0.00012711623080820085,16,20,False,0.995,0.005,0.66,fixed,100,none,b05428b4-9e4c-4c24-8ea0-156090d31ad0
1362,185600,23.84800148010254,1.0,1.0,1.0,0.9951079999999999,0.0,0.0,0.0,0.0,0.0,0.0,0.0,0.0,0.0,0.0,0.0,0.0,0.0,0.0,0.0025,0.9975,0.04827406863022218,1887,0.0005807160452739534,5.796490845042465e-07,0.00012722887563652424,16,20,False,0.995,0.005,0.66,fixed,100,none,b05428b4-9e4c-4c24-8ea0-156090d31ad0
1363,185700,23.859103679656982,1.0,1.0,1.0,0.9951079999999999,0.0,0.0,0.0,0.0,0.0,0.0,0.0,0.0,0.0,0.0,0.0,0.0,0.0,0.0,0.0025,0.9975,0.047880855019754906,1888,0.0005800662655660624,5.805781641868863e-07,0.00012708681538360658,16,20,False,0.995,0.005,0.66,fixed,100,none,b05428b4-9e4c-4c24-8ea0-156090d31ad0
1364,185900,23.870634078979492,1.0,1.0,1.0,0.9951079999999999,0.0,0.0,0.0,0.0,0.0,0.0,0.0,0.0,0.0,0.0,0.0,0.0,0.0,0.0,0.0025,0.9975,0.047880855019754906,1888,0.000580061507407094,5.805634648253171e-07,0.00012708577102972968,16,20,False,0.995,0.005,0.66,fixed,100,none,b05428b4-9e4c-4c24-8ea0-156090d31ad0
1365,186000,23.881805896759033,1.0,1.0,1.0,0.9951079999999999,0.0,0.0,0.0,0.0,0.0,0.0,0.0,0.0,0.0,0.0,0.0,0.0,0.0,0.0,0.0025,0.9975,0.04827406863022218,1887,0.0005804072046509115,5.795549563841478e-07,0.00012716125253979752,16,20,False,0.995,0.005,0.66,fixed,100,none,b05428b4-9e4c-4c24-8ea0-156090d31ad0
1366,186300,23.892996788024902,1.0,1.0,1.0,0.9951079999999999,0.0,0.0,0.0,0.0,0.0,0.0,0.0,0.0,0.0,0.0,0.0,0.0,0.0,0.0,0.0025,0.9975,0.047880855019754906,1888,0.0005816086392547245,5.809588914814482e-07,0.00012742451332224068,16,20,False,0.995,0.005,0.66,fixed,100,none,b05428b4-9e4c-4c24-8ea0-156090d31ad0
1367,186400,23.904176712036133,1.0,1.0,1.0,0.9951079999999999,0.0,0.0,0.0,0.0,0.0,0.0,0.0,0.0,0.0,0.0,0.0,0.0,0.0,0.0,0.0025,0.9975,0.047880855019754906,1888,0.0005821618039019007,5.812870003211012e-07,0.00012754566340418707,16,20,False,0.995,0.005,0.66,fixed,100,none,b05428b4-9e4c-4c24-8ea0-156090d31ad0
1368,186700,23.91534996032715,1.0,1.0,1.0,0.9951079999999999,0.0,0.0,0.0,0.0,0.0,0.0,0.0,0.0,0.0,0.0,0.0,0.0,0.0,0.0,0.0025,0.9975,0.047880855019754906,1888,0.0005822990385296118,5.813336712317538e-07,0.00012757571293166607,16,20,False,0.995,0.005,0.66,fixed,100,none,b05428b4-9e4c-4c24-8ea0-156090d31ad0
1369,186800,23.926469564437866,1.0,1.0,1.0,0.9951079999999999,0.0,0.0,0.0,0.0,0.0,0.0,0.0,0.0,0.0,0.0,0.0,0.0,0.0,0.0,0.0025,0.9975,0.047880855019754906,1888,0.0005819683618359531,5.805819585144701e-07,0.00012750318497800788,16,20,False,0.995,0.005,0.66,fixed,100,none,b05428b4-9e4c-4c24-8ea0-156090d31ad0
1370,186900,23.937531232833862,1.0,1.0,1.0,0.9951079999999999,0.0,0.0,0.0,0.0,0.0,0.0,0.0,0.0,0.0,0.0,0.0,0.0,0.0,0.0,0.0025,0.9975,0.047880855019754906,1888,0.000581588720027965,5.806274818402363e-07,0.00012742009003567116,16,20,False,0.995,0.005,0.66,fixed,100,none,b05428b4-9e4c-4c24-8ea0-156090d31ad0
1371,187000,23.948617935180664,1.0,1.0,1.0,0.9951079999999999,0.0,0.0,0.0,0.0,0.0,0.0,0.0,0.0,0.0,0.0,0.0,0.0,0.0,0.0,0.0025,0.9975,0.047880855019754906,1888,0.000581588720027965,5.806274818402363e-07,0.00012742009003567116,16,20,False,0.995,0.005,0.66,fixed,100,none,b05428b4-9e4c-4c24-8ea0-156090d31ad0
1372,187100,23.95975637435913,1.0,1.0,1.0,0.9951079999999999,0.0,0.0,0.0,0.0,0.0,0.0,0.0,0.0,0.0,0.0,0.0,0.0,0.0,0.0,0.0025,0.9975,0.047880855019754906,1888,0.0005822325547276236,5.82683235414337e-07,0.00012756141604460553,16,20,False,0.995,0.005,0.66,fixed,100,none,b05428b4-9e4c-4c24-8ea0-156090d31ad0
1373,187400,23.970964670181274,1.0,1.0,1.0,0.9951079999999999,0.0,0.0,0.0,0.0,0.0,0.0,0.0,0.0,0.0,0.0,0.0,0.0,0.0,0.0,0.0025,0.9975,0.047880855019754906,1888,0.0005831235799770785,5.834059181145954e-07,0.00012775659878142427,16,20,False,0.995,0.005,0.66,fixed,100,none,b05428b4-9e4c-4c24-8ea0-156090d31ad0
1374,187500,23.98204779624939,1.0,1.0,1.0,0.9951079999999999,0.0,0.0,0.0,0.0,0.0,0.0,0.0,0.0,0.0,0.0,0.0,0.0,0.0,0.0,0.0025,0.9975,0.047880855019754906,1888,0.0005838075236223748,5.848899691351141e-07,0.00012790659601507354,16,20,False,0.995,0.005,0.66,fixed,100,none,b05428b4-9e4c-4c24-8ea0-156090d31ad0
1375,187700,23.99311590194702,1.0,1.0,1.0,0.9951079999999999,0.0,0.0,0.0,0.0,0.0,0.0,0.0,0.0,0.0,0.0,0.0,0.0,0.0,0.0,0.0025,0.9975,0.047880855019754906,1888,0.0005855672568421605,5.890000668513152e-07,0.00012829258253545072,16,20,False,0.995,0.005,0.66,fixed,100,none,b05428b4-9e4c-4c24-8ea0-156090d31ad0
1376,187800,24.004426956176758,1.0,1.0,1.0,0.9951079999999999,0.0,0.0,0.0,0.0,0.0,0.0,0.0,0.0,0.0,0.0,0.0,0.0,0.0,0.0,0.0025,0.9975,0.047880855019754906,1888,0.0005851390210286716,5.892074124274137e-07,0.00012819888111153743,16,20,False,0.995,0.005,0.66,fixed,100,none,b05428b4-9e4c-4c24-8ea0-156090d31ad0
1377,188100,24.015563011169434,0.99900075,0.999002,1.0,0.9960719999999998,0.0,0.0,0.0,0.0,0.0,0.0,0.0005,0.0,0.0,0.0,0.0005,0.0,0.0,0.0,0.002,0.9975,0.047880855019754906,1888,0.0005830384643190602,5.870207987506605e-07,0.00012773865379120492,16,20,False,0.995,0.005,0.66,fixed,100,none,b05428b4-9e4c-4c24-8ea0-156090d31ad0
1378,188200,24.02682137489319,0.99900075,0.999002,1.0,0.9960719999999998,0.0,0.0,0.0,0.0,0.0,0.0,0.0005,0.0,0.0,0.0,0.0005,0.0,0.0,0.0,0.002,0.9975,0.047880855019754906,1888,0.0005844381584538101,5.859839177006282e-07,0.00012804484982990218,16,20,False,0.995,0.005,0.66,fixed,100,none,b05428b4-9e4c-4c24-8ea0-156090d31ad0
1379,188300,24.03811740875244,0.99900075,0.999002,1.0,0.9960719999999998,0.0,0.0,0.0,0.0,0.0,0.0,0.0005,0.0,0.0,0.0,0.0005,0.0,0.0,0.0,0.002,0.9975,0.047880855019754906,1888,0.0005843140079352042,5.866531801439975e-07,0.00012801780044124358,16,20,False,0.995,0.005,0.66,fixed,100,none,b05428b4-9e4c-4c24-8ea0-156090d31ad0
1380,188400,24.049420833587646,0.99900075,0.999002,1.0,0.9960719999999998,0.0,0.0,0.0,0.0,0.0,0.0,0.0005,0.0,0.0,0.0,0.0005,0.0,0.0,0.0,0.002,0.9975,0.047880855019754906,1888,0.0005839438055811603,5.861027125560805e-07,0.00012793665855710166,16,20,False,0.995,0.005,0.66,fixed,100,none,b05428b4-9e4c-4c24-8ea0-156090d31ad0
1381,188500,24.06077265739441,0.99900075,0.999002,1.0,0.9960719999999998,0.0,0.0,0.0,0.0,0.0,0.0,0.0005,0.0,0.0,0.0,0.0005,0.0,0.0,0.0,0.002,0.9975,0.047880855019754906,1888,0.0005850799511975904,5.869860434247143e-07,0.00012818552866540324,16,20,False,0.995,0.005,0.66,fixed,100,none,b05428b4-9e4c-4c24-8ea0-156090d31ad0
1382,188600,24.072147130966187,0.99900075,0.999002,1.0,0.9960719999999998,0.0,0.0,0.0,0.0,0.0,0.0,0.0005,0.0,0.0,0.0,0.0005,0.0,0.0,0.0,0.002,0.9975,0.047880855019754906,1888,0.0005853086383755579,5.869014890382512e-07,0.00012823557222332692,16,20,False,0.995,0.005,0.66,fixed,100,none,b05428b4-9e4c-4c24-8ea0-156090d31ad0
1383,188800,24.083516597747803,0.99900075,0.999002,1.0,0.9960719999999998,0.0,0.0,0.0,0.0,0.0,0.0,0.0005,0.0,0.0,0.0,0.0005,0.0,0.0,0.0,0.002,0.9975,0.047880855019754906,1888,0.0005847804648514712,5.873759457317858e-07,0.00012812004518567612,16,20,False,0.995,0.005,0.66,fixed,100,none,b05428b4-9e4c-4c24-8ea0-156090d31ad0
1384,188900,24.094841957092285,0.99900075,0.999002,1.0,0.9960719999999998,0.0,0.0,0.0,0.0,0.0,0.0,0.0005,0.0,0.0,0.0,0.0005,0.0,0.0,0.0,0.002,0.9975,0.047880855019754906,1888,0.0005847282142901727,5.886735014573196e-07,0.0001281088540733957,16,20,False,0.995,0.005,0.66,fixed,100,none,b05428b4-9e4c-4c24-8ea0-156090d31ad0
1385,189200,24.106101274490356,1.0,1.0,1.0,0.9951079999999999,0.0,0.0,0.0,0.0,0.0,0.0,0.0,0.0,0.0,0.0,0.0,0.0,0.0,0.0,0.0025,0.9975,0.047880855019754906,1888,0.0005876451317973552,5.911777844453822e-07,0.00012874784312948568,16,20,False,0.995,0.005,0.66,fixed,100,none,b05428b4-9e4c-4c24-8ea0-156090d31ad0
1386,189300,24.117281198501587,0.99900075,0.999002,1.0,0.9960719999999998,0.0,0.0,0.0,0.0,0.0,0.0,0.0005,0.0,0.0,0.0,0.0005,0.0,0.0,0.0,0.002,0.9975,0.047880855019754906,1888,0.0005885019739054422,5.933387704206687e-07,0.00012893581645428124,16,20,False,0.995,0.005,0.66,fixed,100,none,b05428b4-9e4c-4c24-8ea0-156090d31ad0
1387,189500,24.128448009490967,1.0,1.0,1.0,0.9951079999999999,0.0,0.0,0.0,0.0,0.0,0.0,0.0,0.0,0.0,0.0,0.0,0.0,0.0,0.0,0.0025,0.9975,0.047486636390474915,1889,0.0005903223113574983,5.948441929567846e-07,0.00012933457435281815,16,20,False,0.995,0.005,0.66,fixed,100,none,b05428b4-9e4c-4c24-8ea0-156090d31ad0
1388,189600,24.139526844024658,1.0,1.0,1.0,0.9951079999999999,0.0,0.0,0.0,0.0,0.0,0.0,0.0,0.0,0.0,0.0,0.0,0.0,0.0,0.0,0.0025,0.9975,0.047486636390474915,1889,0.0005912617486252017,5.971116806104904e-07,0.00012954064799337265,16,20,False,0.995,0.005,0.66,fixed,100,none,b05428b4-9e4c-4c24-8ea0-156090d31ad0
1389,189900,24.150663137435913,0.99900075,0.999002,1.0,0.9960719999999998,0.0,0.0,0.0,0.0,0.0,0.0,0.0005,0.0,0.0,0.0,0.0005,0.0,0.0,0.0,0.002,0.9975,0.047880855019754906,1888,0.0005908509830340667,5.993430690195844e-07,0.0001294511553692709,16,20,False,0.995,0.005,0.66,fixed,100,none,b05428b4-9e4c-4c24-8ea0-156090d31ad0
1390,190000,24.161794424057007,0.99900075,0.999002,1.0,0.9960719999999998,0.0,0.0,0.0,0.0,0.0,0.0,0.0005,0.0,0.0,0.0,0.0005,0.0,0.0,0.0,0.002,0.9975,0.047880855019754906,1888,0.0005911259838002402,6.023874016240895e-07,0.00012951193146018116,16,20,False,0.995,0.005,0.66,fixed,100,none,b05428b4-9e4c-4c24-8ea0-156090d31ad0
1391,190300,24.17297387123108,0.99900075,0.999002,1.0,0.9960719999999998,0.0,0.0,0.0,0.0,0.0,0.0,0.0005,0.0,0.0,0.0,0.0005,0.0,0.0,0.0,0.002,0.9975,0.047880855019754906,1888,0.0005944589111186009,6.07681008777052e-07,0.00013024251503552937,16,20,False,0.995,0.005,0.66,fixed,100,none,b05428b4-9e4c-4c24-8ea0-156090d31ad0
1392,190400,24.1841082572937,0.99900075,0.999002,1.0,0.9960719999999998,0.0,0.0,0.0,0.0,0.0,0.0,0.0005,0.0,0.0,0.0,0.0005,0.0,0.0,0.0,0.002,0.9975,0.047880855019754906,1888,0.0005944589111186009,6.07681008777052e-07,0.00013024251503552937,16,20,False,0.995,0.005,0.66,fixed,100,none,b05428b4-9e4c-4c24-8ea0-156090d31ad0
1393,190600,24.19525647163391,0.99900075,0.999002,1.0,0.9960719999999998,0.0,0.0,0.0,0.0,0.0,0.0,0.0005,0.0,0.0,0.0,0.0005,0.0,0.0,0.0,0.002,0.9975,0.047880855019754906,1888,0.0005944856890748786,6.077533786106829e-07,0.00013024839048042695,16,20,False,0.995,0.005,0.66,fixed,100,none,b05428b4-9e4c-4c24-8ea0-156090d31ad0
1394,190700,24.2062931060791,0.99900075,0.999002,1.0,0.9960719999999998,0.0,0.0,0.0,0.0,0.0,0.0,0.0005,0.0,0.0,0.0,0.0005,0.0,0.0,0.0,0.002,0.9975,0.047880855019754906,1888,0.0005945122319158228,6.07025042147189e-07,0.00013025406232438155,16,20,False,0.995,0.005,0.66,fixed,100,none,b05428b4-9e4c-4c24-8ea0-156090d31ad0
1395,191000,24.21738886833191,0.99900075,0.999002,1.0,0.9960719999999998,0.0,0.0,0.0,0.0,0.0,0.0,0.0005,0.0,0.0,0.0,0.0005,0.0,0.0,0.0,0.002,0.9975,0.047880855019754906,1888,0.0005960633961302487,6.104428353485798e-07,0.00013059426155162768,16,20,False,0.995,0.005,0.66,fixed,100,none,b05428b4-9e4c-4c24-8ea0-156090d31ad0
1396,191100,24.228492498397827,0.99900075,0.999002,1.0,0.9960719999999998,0.0,0.0,0.0,0.0,0.0,0.0,0.0005,0.0,0.0,0.0,0.0005,0.0,0.0,0.0,0.002,0.9975,0.047880855019754906,1888,0.0005981713896059116,6.133288116722419e-07,0.0001310562496589518,16,20,False,0.995,0.005,0.66,fixed,100,none,b05428b4-9e4c-4c24-8ea0-156090d31ad0
1397,191400,24.239659309387207,0.99900075,0.999002,1.0,0.9960719999999998,0.0,0.0,0.0,0.0,0.0,0.0,0.0005,0.0,0.0,0.0,0.0005,0.0,0.0,0.0,0.002,0.9975,0.047880855019754906,1888,0.000601500853458334,6.1830287237647e-07,0.00013178601436778084,16,20,False,0.995,0.005,0.66,fixed,100,none,b05428b4-9e4c-4c24-8ea0-156090d31ad0
1398,191500,24.25076723098755,0.99900075,0.999002,1.0,0.9960719999999998,0.0,0.0,0.0,0.0,0.0,0.0,0.0005,0.0,0.0,0.0,0.0005,0.0,0.0,0.0,0.002,0.9975,0.047880855019754906,1888,0.0006013993110979722,6.162032689568256e-07,0.00013176338782044792,16,20,False,0.995,0.005,0.66,fixed,100,none,b05428b4-9e4c-4c24-8ea0-156090d31ad0
1399,191600,24.26192331314087,0.99900075,0.999002,1.0,0.9960719999999998,0.0,0.0,0.0,0.0,0.0,0.0,0.0005,0.0,0.0,0.0,0.0005,0.0,0.0,0.0,0.002,0.9975,0.047880855019754906,1888,0.0006024764584750931,6.174709657418674e-07,0.00013199941624368884,16,20,False,0.995,0.005,0.66,fixed,100,none,b05428b4-9e4c-4c24-8ea0-156090d31ad0
1400,191700,24.27304196357727,0.99900075,0.999002,1.0,0.9960719999999998,0.0,0.0,0.0,0.0,0.0,0.0,0.0005,0.0,0.0,0.0,0.0005,0.0,0.0,0.0,0.002,0.9975,0.04827406863022217,1887,0.0006031718234682904,6.180214157601412e-07,0.00013215173622620321,16,20,False,0.995,0.005,0.66,fixed,100,none,b05428b4-9e4c-4c24-8ea0-156090d31ad0
1401,191800,24.2843120098114,0.99900075,0.999002,1.0,0.9960719999999998,0.0,0.0,0.0,0.0,0.0,0.0,0.0005,0.0,0.0,0.0,0.0005,0.0,0.0,0.0,0.002,0.9975,0.04827406863022217,1887,0.0006029028173215004,6.172667060663271e-07,0.00013209270738582903,16,20,False,0.995,0.005,0.66,fixed,100,none,b05428b4-9e4c-4c24-8ea0-156090d31ad0
1402,192100,24.296239614486694,0.99900075,0.999002,1.0,0.9960719999999998,0.0,0.0,0.0,0.0,0.0,0.0,0.0005,0.0,0.0,0.0,0.0005,0.0,0.0,0.0,0.002,0.9975,0.04827406863022217,1887,0.0006044008796387043,6.204621874761795e-07,0.00013242124036853286,16,20,False,0.995,0.005,0.66,fixed,100,none,b05428b4-9e4c-4c24-8ea0-156090d31ad0
1403,192200,24.307892084121704,0.99900075,0.999002,1.0,0.9960719999999998,0.0,0.0,0.0,0.0,0.0,0.0,0.0005,0.0,0.0,0.0,0.0005,0.0,0.0,0.0,0.002,0.9975,0.04827406863022217,1887,0.0006059586009483098,6.217937755948402e-07,0.00013276247856494803,16,20,False,0.995,0.005,0.66,fixed,100,none,b05428b4-9e4c-4c24-8ea0-156090d31ad0
1404,192400,24.31956148147583,0.99900075,0.999002,1.0,0.9960719999999998,0.0,0.0,0.0,0.0,0.0,0.0,0.0005,0.0,0.0,0.0,0.0005,0.0,0.0,0.0,0.002,0.9975,0.04827406863022217,1887,0.0006047196347885401,6.196313388794203e-07,0.0001324908580095985,16,20,False,0.995,0.005,0.66,fixed,100,none,b05428b4-9e4c-4c24-8ea0-156090d31ad0
1405,192500,24.33112406730652,0.99900075,0.999002,1.0,0.9960719999999998,0.0,0.0,0.0,0.0,0.0,0.0,0.0005,0.0,0.0,0.0,0.0005,0.0,0.0,0.0,0.002,0.9975,0.04827406863022217,1887,0.0006049015194162098,6.192670229299172e-07,0.000132530603334565,16,20,False,0.995,0.005,0.66,fixed,100,none,b05428b4-9e4c-4c24-8ea0-156090d31ad0
1406,192800,24.342623949050903,0.99900075,0.999002,1.0,0.9960719999999998,0.0,0.0,0.0,0.0,0.0,0.0,0.0005,0.0,0.0,0.0,0.0005,0.0,0.0,0.0,0.002,0.9975,0.04827406863022217,1887,0.0006018719314351883,6.152043765426228e-07,0.00013186665462270583,16,20,False,0.995,0.005,0.66,fixed,100,none,b05428b4-9e4c-4c24-8ea0-156090d31ad0
1407,192900,24.354085683822632,0.99900075,0.999002,1.0,0.9960719999999998,0.0,0.0,0.0,0.0,0.0,0.0,0.0005,0.0,0.0,0.0,0.0005,0.0,0.0,0.0,0.002,0.9975,0.04827406863022217,1887,0.0006044411236708416,6.187414810261943e-07,0.00013242972285294223,16,20,False,0.995,0.005,0.66,fixed,100,none,b05428b4-9e4c-4c24-8ea0-156090d31ad0
1408,193000,24.365549564361572,0.99900075,0.999002,1.0,0.9960719999999998,0.0,0.0,0.0,0.0,0.0,0.0,0.0005,0.0,0.0,0.0,0.0005,0.0,0.0,0.0,0.002,0.9975,0.04827406863022217,1887,0.0006052237818118879,6.205640623044099e-07,0.0001326013930104601,16,20,False,0.995,0.005,0.66,fixed,100,none,b05428b4-9e4c-4c24-8ea0-156090d31ad0
1409,193100,24.37702488899231,0.99900075,0.999002,1.0,0.9960719999999998,0.0,0.0,0.0,0.0,0.0,0.0,0.0005,0.0,0.0,0.0,0.0005,0.0,0.0,0.0,0.002,0.9975,0.04788085501975489,1888,0.000607089314202655,6.238676686584434e-07,0.0001330103857360063,16,20,False,0.995,0.005,0.66,fixed,100,none,b05428b4-9e4c-4c24-8ea0-156090d31ad0
1410,193200,24.388609409332275,0.99900075,0.999002,1.0,0.9960719999999998,0.0,0.0,0.0,0.0,0.0,0.0,0.0005,0.0,0.0,0.0,0.0005,0.0,0.0,0.0,0.002,0.9975,0.047486636390474915,1889,0.0006063549057977915,6.227598515920696e-07,0.00013284941325093907,16,20,False,0.995,0.005,0.66,fixed,100,none,b05428b4-9e4c-4c24-8ea0-156090d31ad0
1411,193300,24.40017032623291,0.99900075,0.999002,1.0,0.9960719999999998,0.0,0.0,0.0,0.0,0.0,0.0,0.0005,0.0,0.0,0.0,0.0005,0.0,0.0,0.0,0.002,0.9975,0.04788085501975489,1888,0.0006068107539384355,6.238049579786744e-07,0.0001329493969791395,16,20,False,0.995,0.005,0.66,fixed,100,none,b05428b4-9e4c-4c24-8ea0-156090d31ad0
1412,193500,24.411722898483276,0.99900075,0.999002,1.0,0.9960719999999998,0.0,0.0,0.0,0.0,0.0,0.0,0.0005,0.0,0.0,0.0,0.0005,0.0,0.0,0.0,0.002,0.9975,0.04788085501975489,1888,0.0006074451371920063,6.234399267113125e-07,0.00013308819411740535,16,20,False,0.995,0.005,0.66,fixed,100,none,b05428b4-9e4c-4c24-8ea0-156090d31ad0
1413,193600,24.423242330551147,0.99900075,0.999002,1.0,0.9960719999999998,0.0,0.0,0.0,0.0,0.0,0.0,0.0005,0.0,0.0,0.0,0.0005,0.0,0.0,0.0,0.002,0.9975,0.04788085501975489,1888,0.0006074451371920063,6.234399267113125e-07,0.00013308819411740535,16,20,False,0.995,0.005,0.66,fixed,100,none,b05428b4-9e4c-4c24-8ea0-156090d31ad0
1414,193900,24.43495225906372,0.99900075,0.999002,1.0,0.9960719999999998,0.0,0.0,0.0,0.0,0.0,0.0,0.0005,0.0,0.0,0.0,0.0005,0.0,0.0,0.0,0.002,0.9975,0.04788085501975489,1888,0.0006076621910012677,6.23973287435526e-07,0.00013313580853479027,16,20,False,0.995,0.005,0.66,fixed,100,none,b05428b4-9e4c-4c24-8ea0-156090d31ad0
1415,194000,24.446717977523804,0.99900075,0.999002,1.0,0.9960719999999998,0.0,0.0,0.0,0.0,0.0,0.0,0.0005,0.0,0.0,0.0,0.0005,0.0,0.0,0.0,0.002,0.9975,0.04788085501975489,1888,0.0006091078699586086,6.250253440497174e-07,0.0001334524675493089,16,20,False,0.995,0.005,0.66,fixed,100,none,b05428b4-9e4c-4c24-8ea0-156090d31ad0
1416,194200,24.458213806152344,0.99900075,0.999002,1.0,0.9960719999999998,0.0,0.0,0.0,0.0,0.0,0.0,0.0005,0.0,0.0,0.0,0.0005,0.0,0.0,0.0,0.002,0.9975,0.04788085501975489,1888,0.0006092182645204137,6.23556139819344e-07,0.00013347635377008424,16,20,False,0.995,0.005,0.66,fixed,100,none,b05428b4-9e4c-4c24-8ea0-156090d31ad0
1417,194300,24.469663858413696,0.99900075,0.999002,1.0,0.9960719999999998,0.0,0.0,0.0,0.0,0.0,0.0,0.0005,0.0,0.0,0.0,0.0005,0.0,0.0,0.0,0.002,0.9975,0.04788085501975489,1888,0.0006093922810392889,6.238065301064135e-07,0.00013351449356022058,16,20,False,0.995,0.005,0.66,fixed,100,none,b05428b4-9e4c-4c24-8ea0-156090d31ad0
1418,194600,24.481072425842285,0.99900075,0.999002,1.0,0.9960719999999998,0.0,0.0,0.0,0.0,0.0,0.0,0.0005,0.0,0.0,0.0,0.0005,0.0,0.0,0.0,0.002,0.9975,0.04788085501975489,1888,0.0006081783792138508,6.242519869809571e-07,0.0001332488550874383,16,20,False,0.995,0.005,0.66,fixed,100,none,b05428b4-9e4c-4c24-8ea0-156090d31ad0
1419,194700,24.492465019226074,0.99900075,0.999002,1.0,0.9960719999999998,0.0,0.0,0.0,0.0,0.0,0.0,0.0005,0.0,0.0,0.0,0.0005,0.0,0.0,0.0,0.002,0.9975,0.04788085501975489,1888,0.0006078785007369696,6.243511575466191e-07,0.0001331832305312565,16,20,False,0.995,0.005,0.66,fixed,100,none,b05428b4-9e4c-4c24-8ea0-156090d31ad0
1420,195000,24.50387716293335,0.99900075,0.999002,1.0,0.9960719999999998,0.0,0.0,0.0,0.0,0.0,0.0,0.0005,0.0,0.0,0.0,0.0005,0.0,0.0,0.0,0.002,0.9975,0.04788085501975489,1888,0.0006073283017235362,6.256087484290162e-07,0.0001330630309094836,16,20,False,0.995,0.005,0.66,fixed,100,none,b05428b4-9e4c-4c24-8ea0-156090d31ad0
1421,195100,24.515378952026367,0.99900075,0.999002,1.0,0.9960719999999998,0.0,0.0,0.0,0.0,0.0,0.0,0.0005,0.0,0.0,0.0,0.0005,0.0,0.0,0.0,0.002,0.9975,0.04788085501975489,1888,0.0006076125420572682,6.256320857761182e-07,0.00013312525555263347,16,20,False,0.995,0.005,0.66,fixed,100,none,b05428b4-9e4c-4c24-8ea0-156090d31ad0
1422,195300,24.526797771453857,0.99900075,0.999002,1.0,0.9960719999999998,0.0,0.0,0.0,0.0,0.0,0.0,0.0005,0.0,0.0,0.0,0.0005,0.0,0.0,0.0,0.002,0.9975,0.04788085501975489,1888,0.0006081299944302879,6.274603100641159e-07,0.00013323887323970221,16,20,False,0.995,0.005,0.66,fixed,100,none,b05428b4-9e4c-4c24-8ea0-156090d31ad0
1423,195400,24.538065910339355,0.99900075,0.999002,1.0,0.9960719999999998,0.0,0.0,0.0,0.0,0.0,0.0,0.0005,0.0,0.0,0.0,0.0005,0.0,0.0,0.0,0.002,0.9975,0.04788085501975489,1888,0.0006075125508814988,6.267130589755412e-07,0.00013310357286916544,16,20,False,0.995,0.005,0.66,fixed,100,none,b05428b4-9e4c-4c24-8ea0-156090d31ad0
1424,195700,24.549416065216064,0.99900075,0.999002,1.0,0.9960719999999998,0.0,0.0,0.0,0.0,0.0,0.0,0.0005,0.0,0.0,0.0,0.0005,0.0,0.0,0.0,0.002,0.9975,0.047486636390474915,1889,0.0006059621439128988,6.26171174090401e-07,0.00013276408582561073,16,20,False,0.995,0.005,0.66,fixed,100,none,b05428b4-9e4c-4c24-8ea0-156090d31ad0
1425,195800,24.56078290939331,0.99900075,0.999002,1.0,0.9960719999999998,0.0,0.0,0.0,0.0,0.0,0.0,0.0005,0.0,0.0,0.0,0.0005,0.0,0.0,0.0,0.002,0.9975,0.047486636390474915,1889,0.000605925320031463,6.26305673654197e-07,0.00013275605063288156,16,20,False,0.995,0.005,0.66,fixed,100,none,b05428b4-9e4c-4c24-8ea0-156090d31ad0
1426,196000,24.57205891609192,0.99900075,0.999002,1.0,0.9960719999999998,0.0,0.0,0.0,0.0,0.0,0.0,0.0005,0.0,0.0,0.0,0.0005,0.0,0.0,0.0,0.002,0.9975,0.047486636390474915,1889,0.0006062868557209069,6.252261268533557e-07,0.00013283498568140867,16,20,False,0.995,0.005,0.66,fixed,100,none,b05428b4-9e4c-4c24-8ea0-156090d31ad0
1427,196100,24.583305835723877,0.99900075,0.999002,1.0,0.9960719999999998,0.0,0.0,0.0,0.0,0.0,0.0,0.0005,0.0,0.0,0.0,0.0005,0.0,0.0,0.0,0.002,0.9975,0.047486636390474915,1889,0.0006064918711701418,6.257590208616433e-07,0.00013287996481310777,16,20,False,0.995,0.005,0.66,fixed,100,none,b05428b4-9e4c-4c24-8ea0-156090d31ad0
1428,196200,24.594663381576538,0.99900075,0.999002,1.0,0.9960719999999998,0.0,0.0,0.0,0.0,0.0,0.0,0.0005,0.0,0.0,0.0,0.0005,0.0,0.0,0.0,0.002,0.9975,0.047486636390474915,1889,0.000607849706995712,6.271909107724779e-07,0.00013317746713440814,16,20,False,0.995,0.005,0.66,fixed,100,none,b05428b4-9e4c-4c24-8ea0-156090d31ad0
1429,196300,24.60592555999756,0.99900075,0.999002,1.0,0.9960719999999998,0.0,0.0,0.0,0.0,0.0,0.0,0.0005,0.0,0.0,0.0,0.0005,0.0,0.0,0.0,0.002,0.9975,0.047486636390474915,1889,0.0006072635019460993,6.274470938331194e-07,0.00013304919552382943,16,20,False,0.995,0.005,0.66,fixed,100,none,b05428b4-9e4c-4c24-8ea0-156090d31ad0
1430,196400,24.617168426513672,0.99900075,0.999002,1.0,0.9960719999999998,0.0,0.0,0.0,0.0,0.0,0.0,0.0005,0.0,0.0,0.0,0.0005,0.0,0.0,0.0,0.002,0.9975,0.047486636390474915,1889,0.0006073596948826308,6.271406699710349e-07,0.0001330701939371024,16,20,False,0.995,0.005,0.66,fixed,100,none,b05428b4-9e4c-4c24-8ea0-156090d31ad0
1431,196500,24.628379344940186,0.99900075,0.999002,1.0,0.9960719999999998,0.0,0.0,0.0,0.0,0.0,0.0,0.0005,0.0,0.0,0.0,0.0005,0.0,0.0,0.0,0.002,0.9975,0.047486636390474915,1889,0.0006081260729596875,6.293478848315398e-07,0.0001332383734689936,16,20,False,0.995,0.005,0.66,fixed,100,none,b05428b4-9e4c-4c24-8ea0-156090d31ad0
1432,196800,24.639700174331665,0.99900075,0.999002,1.0,0.9960719999999998,0.0,0.0,0.0,0.0,0.0,0.0,0.0005,0.0,0.0,0.0,0.0005,0.0,0.0,0.0,0.002,0.9975,0.047486636390474915,1889,0.0006092782393819434,6.316919535222724e-07,0.00013349102807187665,16,20,False,0.995,0.005,0.66,fixed,100,none,b05428b4-9e4c-4c24-8ea0-156090d31ad0
1433,196900,24.650999069213867,0.99900075,0.999002,1.0,0.9960719999999998,0.0,0.0,0.0,0.0,0.0,0.0,0.0005,0.0,0.0,0.0,0.0005,0.0,0.0,0.0,0.002,0.9975,0.047486636390474915,1889,0.0006094757657230012,6.304028445722767e-07,0.00013353402165723372,16,20,False,0.995,0.005,0.66,fixed,100,none,b05428b4-9e4c-4c24-8ea0-156090d31ad0
1434,197100,24.662306308746338,0.99900075,0.999002,1.0,0.9960719999999998,0.0,0.0,0.0,0.0,0.0,0.0,0.0005,0.0,0.0,0.0,0.0005,0.0,0.0,0.0,0.002,0.9975,0.047486636390474915,1889,0.0006096657793266423,6.307456843139165e-07,0.00013357568077462166,16,20,False,0.995,0.005,0.66,fixed,100,none,b05428b4-9e4c-4c24-8ea0-156090d31ad0
1435,197200,24.67366051673889,0.99900075,0.999002,1.0,0.9960719999999998,0.0,0.0,0.0,0.0,0.0,0.0,0.0005,0.0,0.0,0.0,0.0005,0.0,0.0,0.0,0.002,0.9975,0.047486636390474915,1889,0.0006103476954482198,6.312141916767835e-07,0.0001337250412300339,16,20,False,0.995,0.005,0.66,fixed,100,none,b05428b4-9e4c-4c24-8ea0-156090d31ad0
1436,197500,24.684943675994873,0.99900075,0.999002,1.0,0.9960719999999998,0.0,0.0,0.0,0.0,0.0,0.0,0.0005,0.0,0.0,0.0,0.0005,0.0,0.0,0.0,0.002,0.9975,0.047486636390474915,1889,0.0006118742727249651,6.342998961980924e-07,0.00013405979527977252,16,20,False,0.995,0.005,0.66,fixed,100,none,b05428b4-9e4c-4c24-8ea0-156090d31ad0
1437,197600,24.69625425338745,0.99900075,0.999002,1.0,0.9960719999999998,0.0,0.0,0.0,0.0,0.0,0.0,0.0005,0.0,0.0,0.0,0.0005,0.0,0.0,0.0,0.002,0.9975,0.047486636390474915,1889,0.0006112631424828706,6.341884665236165e-07,0.00013392599769813989,16,20,False,0.995,0.005,0.66,fixed,100,none,b05428b4-9e4c-4c24-8ea0-156090d31ad0
1438,197800,24.707439661026,0.99900075,0.999002,1.0,0.9960719999999998,0.0,0.0,0.0,0.0,0.0,0.0,0.0005,0.0,0.0,0.0,0.0005,0.0,0.0,0.0,0.002,0.9975,0.047486636390474915,1889,0.000610790130524853,6.343109975708356e-07,0.0001338224786614288,16,20,False,0.995,0.005,0.66,fixed,100,none,b05428b4-9e4c-4c24-8ea0-156090d31ad0
1439,197900,24.71863293647766,0.99900075,0.999002,1.0,0.9960719999999998,0.0,0.0,0.0,0.0,0.0,0.0,0.0005,0.0,0.0,0.0,0.0005,0.0,0.0,0.0,0.002,0.9975,0.047486636390474915,1889,0.0006111041979845733,6.337152412394294e-07,0.0001338911148346586,16,20,False,0.995,0.005,0.66,fixed,100,none,b05428b4-9e4c-4c24-8ea0-156090d31ad0
1440,198200,24.72979760169983,0.99900075,0.999002,1.0,0.9960719999999998,0.0,0.0,0.0,0.0,0.0,0.0,0.0005,0.0,0.0,0.0,0.0005,0.0,0.0,0.0,0.002,0.9975,0.047486636390474915,1889,0.0006119170075024858,6.36270882497209e-07,0.00013406952440996864,16,20,False,0.995,0.005,0.66,fixed,100,none,b05428b4-9e4c-4c24-8ea0-156090d31ad0
1441,198300,24.740978240966797,0.99900075,0.999002,1.0,0.9960719999999998,0.0,0.0,0.0,0.0,0.0,0.0,0.0005,0.0,0.0,0.0,0.0005,0.0,0.0,0.0,0.002,0.9975,0.047486636390474915,1889,0.0006123909039947189,6.362710216280376e-07,0.0001341732603785533,16,20,False,0.995,0.005,0.66,fixed,100,none,b05428b4-9e4c-4c24-8ea0-156090d31ad0
1442,198600,24.75210475921631,0.99900075,0.999002,1.0,0.9960719999999998,0.0,0.0,0.0,0.0,0.0,0.0,0.0005,0.0,0.0,0.0,0.0005,0.0,0.0,0.0,0.002,0.9975,0.047486636390474915,1889,0.0006123884124441927,6.360644500183707e-07,0.00013417267572953727,16,20,False,0.995,0.005,0.66,fixed,100,none,b05428b4-9e4c-4c24-8ea0-156090d31ad0
1443,198700,24.763251543045044,0.99900075,0.999002,1.0,0.9960719999999998,0.0,0.0,0.0,0.0,0.0,0.0,0.0005,0.0,0.0,0.0,0.0005,0.0,0.0,0.0,0.002,0.9975,0.047486636390474915,1889,0.0006123884124441927,6.360644500183707e-07,0.00013417267572953727,16,20,False,0.995,0.005,0.66,fixed,100,none,b05428b4-9e4c-4c24-8ea0-156090d31ad0
1444,198900,24.77442479133606,0.99900075,0.999002,1.0,0.9960719999999998,0.0,0.0,0.0,0.0,0.0,0.0,0.0005,0.0,0.0,0.0,0.0005,0.0,0.0,0.0,0.002,0.9975,0.047486636390474915,1889,0.0006104985624110846,6.362135271950862e-07,0.0001337590158819535,16,20,False,0.995,0.005,0.66,fixed,100,none,b05428b4-9e4c-4c24-8ea0-156090d31ad0
1445,199000,24.785557508468628,0.99900075,0.999002,1.0,0.9960719999999998,0.0,0.0,0.0,0.0,0.0,0.0,0.0005,0.0,0.0,0.0,0.0005,0.0,0.0,0.0,0.002,0.9975,0.047486636390474915,1889,0.000610519359763673,6.354875898857375e-07,0.0001337634304943463,16,20,False,0.995,0.005,0.66,fixed,100,none,b05428b4-9e4c-4c24-8ea0-156090d31ad0
1446,199300,24.796797275543213,0.99900075,0.999002,1.0,0.9960719999999998,0.0,0.0,0.0,0.0,0.0,0.0,0.0005,0.0,0.0,0.0,0.0005,0.0,0.0,0.0,0.002,0.9975,0.047486636390474915,1889,0.0006102065746229733,6.341052006858866e-07,0.00013369469917309918,16,20,False,0.995,0.005,0.66,fixed,100,none,b05428b4-9e4c-4c24-8ea0-156090d31ad0
1447,199400,24.807885885238647,0.99900075,0.999002,1.0,0.9960719999999998,0.0,0.0,0.0,0.0,0.0,0.0,0.0005,0.0,0.0,0.0,0.0005,0.0,0.0,0.0,0.002,0.9975,0.047091412742382266,1890,0.0006104572037760974,6.351959289925426e-07,0.0001337497691330963,16,20,False,0.995,0.005,0.66,fixed,100,none,b05428b4-9e4c-4c24-8ea0-156090d31ad0
1448,199500,24.818974256515503,0.99900075,0.999002,1.0,0.9960719999999998,0.0,0.0,0.0,0.0,0.0,0.0,0.0005,0.0,0.0,0.0,0.0005,0.0,0.0,0.0,0.002,0.9975,0.047091412742382266,1890,0.0006104572037760974,6.351959289925426e-07,0.0001337497691330963,16,20,False,0.995,0.005,0.66,fixed,100,none,b05428b4-9e4c-4c24-8ea0-156090d31ad0
1449,199600,24.831196308135986,0.99900075,0.999002,1.0,0.9960719999999998,0.0,0.0,0.0,0.0,0.0,0.0,0.0005,0.0,0.0,0.0,0.0005,0.0,0.0,0.0,0.002,0.9975,0.047091412742382266,1890,0.0006104572037760974,6.351959289925426e-07,0.0001337497691330963,16,20,False,0.995,0.005,0.66,fixed,100,none,b05428b4-9e4c-4c24-8ea0-156090d31ad0
1450,199700,24.842341899871826,0.99900075,0.999002,1.0,0.9960719999999998,0.0,0.0,0.0,0.0,0.0,0.0,0.0005,0.0,0.0,0.0,0.0005,0.0,0.0,0.0,0.002,0.9975,0.047091412742382266,1890,0.0006096284352266542,6.322862148368236e-07,0.0001335677988519336,16,20,False,0.995,0.005,0.66,fixed,100,none,b05428b4-9e4c-4c24-8ea0-156090d31ad0
1451,200000,24.85343027114868,0.99900075,0.999002,1.0,0.9960719999999998,0.0,0.0,0.0,0.0,0.0,0.0,0.0005,0.0,0.0,0.0,0.0005,0.0,0.0,0.0,0.002,0.9975,0.047091412742382266,1890,0.0006100961943168871,6.330083631377991e-07,0.00013367032852496278,16,20,False,0.995,0.005,0.66,fixed,100,none,b05428b4-9e4c-4c24-8ea0-156090d31ad0
1452,200100,24.864465475082397,0.99900075,0.999002,1.0,0.9960719999999998,0.0,0.0,0.0,0.0,0.0,0.0,0.0005,0.0,0.0,0.0,0.0005,0.0,0.0,0.0,0.002,0.9975,0.047091412742382266,1890,0.0006093616127446225,6.321067508816997e-07,0.0001335093573124654,16,20,False,0.995,0.005,0.66,fixed,100,none,b05428b4-9e4c-4c24-8ea0-156090d31ad0
1453,200400,24.87552309036255,0.99900075,0.999002,1.0,0.9960719999999998,0.0,0.0,0.0,0.0,0.0,0.0,0.0005,0.0,0.0,0.0,0.0005,0.0,0.0,0.0,0.002,0.9975,0.047091412742382266,1890,0.0006100281120205653,6.328637888071414e-07,0.00013365539784117512,16,20,False,0.995,0.005,0.66,fixed,100,none,b05428b4-9e4c-4c24-8ea0-156090d31ad0
1454,200500,24.886625289916992,0.99900075,0.999002,1.0,0.9960719999999998,0.0,0.0,0.0,0.0,0.0,0.0,0.0005,0.0,0.0,0.0,0.0005,0.0,0.0,0.0,0.002,0.9975,0.04669518407547692,1891,0.0006107310380398952,6.350826596360371e-07,0.00013380968993226394,16,20,False,0.995,0.005,0.66,fixed,100,none,b05428b4-9e4c-4c24-8ea0-156090d31ad0
1455,200700,24.897782802581787,0.99900075,0.999002,1.0,0.9960719999999998,0.0,0.0,0.0,0.0,0.0,0.0,0.0005,0.0,0.0,0.0,0.0005,0.0,0.0,0.0,0.002,0.9975,0.047091412742382266,1890,0.0006114782897042522,6.363135250267459e-07,0.0001339734971860159,16,20,False,0.995,0.005,0.66,fixed,100,none,b05428b4-9e4c-4c24-8ea0-156090d31ad0
1456,200800,24.908910512924194,0.99900075,0.999002,1.0,0.9960719999999998,0.0,0.0,0.0,0.0,0.0,0.0,0.0005,0.0,0.0,0.0,0.0005,0.0,0.0,0.0,0.002,0.9975,0.047091412742382266,1890,0.0006111152011440489,6.351860538599899e-07,0.0001338938028806657,16,20,False,0.995,0.005,0.66,fixed,100,none,b05428b4-9e4c-4c24-8ea0-156090d31ad0
1457,201100,24.920119285583496,0.99900075,0.999002,1.0,0.9960719999999998,0.0,0.0,0.0,0.0,0.0,0.0,0.0005,0.0,0.0,0.0,0.0005,0.0,0.0,0.0,0.002,0.9975,0.04669518407547692,1891,0.0006125295320732053,6.392777743244227e-07,0.0001342041773479463,16,20,False,0.995,0.005,0.66,fixed,100,none,b05428b4-9e4c-4c24-8ea0-156090d31ad0
1458,201200,24.93127703666687,0.99900075,0.999002,1.0,0.9960719999999998,0.0,0.0,0.0,0.0,0.0,0.0,0.0005,0.0,0.0,0.0,0.0005,0.0,0.0,0.0,0.002,0.9975,0.046695184075476924,1891,0.000613792389892682,6.415683476894305e-07,0.00013448105213356907,16,20,False,0.995,0.005,0.66,fixed,100,none,b05428b4-9e4c-4c24-8ea0-156090d31ad0
1459,201400,24.9424889087677,0.99900075,0.999002,1.0,0.9960719999999998,0.0,0.0,0.0,0.0,0.0,0.0,0.0005,0.0,0.0,0.0,0.0005,0.0,0.0,0.0,0.002,0.9975,0.046695184075476924,1891,0.0006133457234272639,6.412466499838514e-07,0.000134383215721725,16,20,False,0.995,0.005,0.66,fixed,100,none,b05428b4-9e4c-4c24-8ea0-156090d31ad0
1460,201500,24.953691720962524,0.99900075,0.999002,1.0,0.9960719999999998,0.0,0.0,0.0,0.0,0.0,0.0,0.0005,0.0,0.0,0.0,0.0005,0.0,0.0,0.0,0.002,0.9975,0.047091412742382266,1890,0.0006154745866965725,6.441792358107031e-07,0.00013484978108268376,16,20,False,0.995,0.005,0.66,fixed,100,none,b05428b4-9e4c-4c24-8ea0-156090d31ad0
1461,201800,24.96513795852661,0.99900075,0.999002,1.0,0.9960719999999998,0.0,0.0,0.0,0.0,0.0,0.0,0.0005,0.0,0.0,0.0,0.0005,0.0,0.0,0.0,0.002,0.9975,0.047091412742382266,1890,0.000616365521487855,6.48260765300693e-07,0.0001350455821990986,16,20,False,0.995,0.005,0.66,fixed,100,none,b05428b4-9e4c-4c24-8ea0-156090d31ad0
1462,201900,24.977535724639893,0.99900075,0.999002,1.0,0.9960719999999998,0.0,0.0,0.0,0.0,0.0,0.0,0.0005,0.0,0.0,0.0,0.0005,0.0,0.0,0.0,0.002,0.9975,0.047091412742382266,1890,0.0006158697352376626,6.489917398046113e-07,0.00013493719347408721,16,20,False,0.995,0.005,0.66,fixed,100,none,b05428b4-9e4c-4c24-8ea0-156090d31ad0
1463,202200,24.989859104156494,0.99900075,0.999002,1.0,0.9960719999999998,0.0,0.0,0.0,0.0,0.0,0.0,0.0005,0.0,0.0,0.0,0.0005,0.0,0.0,0.0,0.002,0.9975,0.047486636390474915,1889,0.0006167256215478631,6.485043261897984e-07,0.0001351244543788033,16,20,False,0.995,0.005,0.66,fixed,100,none,b05428b4-9e4c-4c24-8ea0-156090d31ad0
1464,202300,25.00247025489807,0.99900075,0.999002,1.0,0.9960719999999998,0.0,0.0,0.0,0.0,0.0,0.0,0.0005,0.0,0.0,0.0,0.0005,0.0,0.0,0.0,0.002,0.9975,0.047486636390474915,1889,0.0006168124369658981,6.482421701438516e-07,0.00013514340846416243,16,20,False,0.995,0.005,0.66,fixed,100,none,b05428b4-9e4c-4c24-8ea0-156090d31ad0
1465,202500,25.015270709991455,0.99900075,0.999002,1.0,0.9960719999999998,0.0,0.0,0.0,0.0,0.0,0.0,0.0005,0.0,0.0,0.0,0.0005,0.0,0.0,0.0,0.002,0.9975,0.047486636390474915,1889,0.000615966465288225,6.495458896368008e-07,0.00013495847297062346,16,20,False,0.995,0.005,0.66,fixed,100,none,b05428b4-9e4c-4c24-8ea0-156090d31ad0
1466,202600,25.028078317642212,0.99900075,0.999002,1.0,0.9960719999999998,0.0,0.0,0.0,0.0,0.0,0.0,0.0005,0.0,0.0,0.0,0.0005,0.0,0.0,0.0,0.002,0.9975,0.047486636390474915,1889,0.0006164088318112083,6.520155763335212e-07,0.00013505577624297688,16,20,False,0.995,0.005,0.66,fixed,100,none,b05428b4-9e4c-4c24-8ea0-156090d31ad0
1467,202800,25.041783571243286,0.99900075,0.999002,1.0,0.9960719999999998,0.0,0.0,0.0,0.0,0.0,0.0,0.0005,0.0,0.0,0.0,0.0005,0.0,0.0,0.0,0.002,0.9975,0.047486636390474915,1889,0.0006161498188232176,6.51689225063608e-07,0.00013499901629316442,16,20,False,0.995,0.005,0.66,fixed,100,none,b05428b4-9e4c-4c24-8ea0-156090d31ad0
1468,202900,25.055039405822754,0.99900075,0.999002,1.0,0.9960719999999998,0.0,0.0,0.0,0.0,0.0,0.0,0.0005,0.0,0.0,0.0,0.0005,0.0,0.0,0.0,0.002,0.9975,0.047486636390474915,1889,0.0006160347913903414,6.503582585060374e-07,0.00013497358390446187,16,20,False,0.995,0.005,0.66,fixed,100,none,b05428b4-9e4c-4c24-8ea0-156090d31ad0
1469,203000,25.072576761245728,0.99900075,0.999002,1.0,0.9960719999999998,0.0,0.0,0.0,0.0,0.0,0.0,0.0005,0.0,0.0,0.0,0.0005,0.0,0.0,0.0,0.002,0.9975,0.047486636390474915,1889,0.0006155707709344537,6.492513193976955e-07,0.00013487179950823748,16,20,False,0.995,0.005,0.66,fixed,100,none,b05428b4-9e4c-4c24-8ea0-156090d31ad0
1470,203200,25.086890935897827,0.99900075,0.999002,1.0,0.9960719999999998,0.0,0.0,0.0,0.0,0.0,0.0,0.0005,0.0,0.0,0.0,0.0005,0.0,0.0,0.0,0.002,0.9975,0.047486636390474915,1889,0.0006161841194560826,6.515501101167534e-07,0.00013500649826985868,16,20,False,0.995,0.005,0.66,fixed,100,none,b05428b4-9e4c-4c24-8ea0-156090d31ad0
1471,203300,25.100701570510864,0.99900075,0.999002,1.0,0.9960719999999998,0.0,0.0,0.0,0.0,0.0,0.0,0.0005,0.0,0.0,0.0,0.0005,0.0,0.0,0.0,0.002,0.9975,0.047486636390474915,1889,0.0006161841194560826,6.515501101167534e-07,0.00013500649826985868,16,20,False,0.995,0.005,0.66,fixed,100,none,b05428b4-9e4c-4c24-8ea0-156090d31ad0
1472,203600,25.113905668258667,0.99900075,0.999002,1.0,0.9960719999999998,0.0,0.0,0.0,0.0,0.0,0.0,0.0005,0.0,0.0,0.0,0.0005,0.0,0.0,0.0,0.002,0.9975,0.047091412742382266,1890,0.0006129286280827179,6.47473984137806e-07,0.00013429309674429314,16,20,False,0.995,0.005,0.66,fixed,100,none,b05428b4-9e4c-4c24-8ea0-156090d31ad0
1473,203700,25.13018035888672,0.99900075,0.999002,1.0,0.9960719999999998,0.0,0.0,0.0,0.0,0.0,0.0,0.0005,0.0,0.0,0.0,0.0005,0.0,0.0,0.0,0.002,0.9975,0.04669518407547691,1891,0.0006121800079679877,6.456270200569714e-07,0.00013412887287800334,16,20,False,0.995,0.005,0.66,fixed,100,none,b05428b4-9e4c-4c24-8ea0-156090d31ad0
1474,204000,25.141732692718506,0.99900075,0.999002,1.0,0.9960719999999998,0.0,0.0,0.0,0.0,0.0,0.0,0.0005,0.0,0.0,0.0,0.0005,0.0,0.0,0.0,0.002,0.9975,0.047091412742382266,1890,0.0006096748676794448,6.422074649611494e-07,0.0001335798479533731,16,20,False,0.995,0.005,0.66,fixed,100,none,b05428b4-9e4c-4c24-8ea0-156090d31ad0
1475,204100,25.15330672264099,0.99900075,0.999002,1.0,0.9960719999999998,0.0,0.0,0.0,0.0,0.0,0.0,0.0005,0.0,0.0,0.0,0.0005,0.0,0.0,0.0,0.002,0.9975,0.047091412742382266,1890,0.0006098017227319033,6.420220131757611e-07,0.00013360758128851705,16,20,False,0.995,0.005,0.66,fixed,100,none,b05428b4-9e4c-4c24-8ea0-156090d31ad0
1476,204300,25.165557622909546,0.99900075,0.999002,1.0,0.9960719999999998,0.0,0.0,0.0,0.0,0.0,0.0,0.0005,0.0,0.0,0.0,0.0005,0.0,0.0,0.0,0.002,0.9975,0.047091412742382266,1890,0.000608753363116795,6.405995503106406e-07,0.00013337782510082543,16,20,False,0.995,0.005,0.66,fixed,100,none,b05428b4-9e4c-4c24-8ea0-156090d31ad0
1477,204400,25.177021503448486,0.99900075,0.999002,1.0,0.9960719999999998,0.0,0.0,0.0,0.0,0.0,0.0,0.0005,0.0,0.0,0.0,0.0005,0.0,0.0,0.0,0.002,0.9975,0.047091412742382266,1890,0.000608455215760382,6.395448425904151e-07,0.00013331236025003983,16,20,False,0.995,0.005,0.66,fixed,100,none,b05428b4-9e4c-4c24-8ea0-156090d31ad0
1478,204500,25.188371419906616,0.99900075,0.999002,1.0,0.9960719999999998,0.0,0.0,0.0,0.0,0.0,0.0,0.0005,0.0,0.0,0.0,0.0005,0.0,0.0,0.0,0.002,0.9975,0.047091412742382266,1890,0.0006086651278009736,6.40119945374323e-07,0.00013335841926525425,16,20,False,0.995,0.005,0.66,fixed,100,none,b05428b4-9e4c-4c24-8ea0-156090d31ad0
1479,204700,25.199747800827026,0.99900075,0.999002,1.0,0.9960719999999998,0.0,0.0,0.0,0.0,0.0,0.0,0.0005,0.0,0.0,0.0,0.0005,0.0,0.0,0.0,0.002,0.9975,0.047091412742382266,1890,0.0006103766610744969,6.416930804842655e-07,0.0001337333727944994,16,20,False,0.995,0.005,0.66,fixed,100,none,b05428b4-9e4c-4c24-8ea0-156090d31ad0
1480,204800,25.21113681793213,0.99900075,0.999002,1.0,0.9960719999999998,0.0,0.0,0.0,0.0,0.0,0.0,0.0005,0.0,0.0,0.0,0.0005,0.0,0.0,0.0,0.002,0.9975,0.047091412742382266,1890,0.0006103766610744969,6.416930804842655e-07,0.0001337333727944994,16,20,False,0.995,0.005,0.66,fixed,100,none,b05428b4-9e4c-4c24-8ea0-156090d31ad0
1481,205000,25.222610473632812,0.99900075,0.999002,1.0,0.9960719999999998,0.0,0.0,0.0,0.0,0.0,0.0,0.0005,0.0,0.0,0.0,0.0005,0.0,0.0,0.0,0.002,0.9975,0.047091412742382266,1890,0.0006105418370852838,6.437747117642196e-07,0.00013376992533320383,16,20,False,0.995,0.005,0.66,fixed,100,none,b05428b4-9e4c-4c24-8ea0-156090d31ad0
1482,205100,25.234477281570435,0.99900075,0.999002,1.0,0.9960719999999998,0.0,0.0,0.0,0.0,0.0,0.0,0.0005,0.0,0.0,0.0,0.0005,0.0,0.0,0.0,0.002,0.9975,0.047091412742382266,1890,0.0006105418370852838,6.437747117642196e-07,0.00013376992533320383,16,20,False,0.995,0.005,0.66,fixed,100,none,b05428b4-9e4c-4c24-8ea0-156090d31ad0
1483,205400,25.24671220779419,0.99900075,0.999002,1.0,0.9960719999999998,0.0,0.0,0.0,0.0,0.0,0.0,0.0005,0.0,0.0,0.0,0.0005,0.0,0.0,0.0,0.002,0.9975,0.04669518407547691,1891,0.0006125912025033663,6.458028020007496e-07,0.00013421891676036702,16,20,False,0.995,0.005,0.66,fixed,100,none,b05428b4-9e4c-4c24-8ea0-156090d31ad0
1484,205500,25.259032249450684,0.99900075,0.999002,1.0,0.9960719999999998,0.0,0.0,0.0,0.0,0.0,0.0,0.0005,0.0,0.0,0.0,0.0005,0.0,0.0,0.0,0.002,0.9975,0.04669518407547691,1891,0.0006128324485947796,6.467208858171764e-07,0.00013427189996570254,16,20,False,0.995,0.005,0.66,fixed,100,none,b05428b4-9e4c-4c24-8ea0-156090d31ad0
1485,205800,25.27086067199707,0.99900075,0.999002,1.0,0.9960719999999998,0.0,0.0,0.0,0.0,0.0,0.0,0.0005,0.0,0.0,0.0,0.0005,0.0,0.0,0.0,0.002,0.9975,0.047091412742382266,1890,0.0006131505414785444,6.469712201019648e-07,0.00013434157806147275,16,20,False,0.995,0.005,0.66,fixed,100,none,b05428b4-9e4c-4c24-8ea0-156090d31ad0
1486,205900,25.282515048980713,0.99900075,0.999002,1.0,0.9960719999999998,0.0,0.0,0.0,0.0,0.0,0.0,0.0005,0.0,0.0,0.0,0.0005,0.0,0.0,0.0,0.002,0.9975,0.04669518407547691,1891,0.0006132666398271024,6.481102277093503e-07,0.0001343672084014175,16,20,False,0.995,0.005,0.66,fixed,100,none,b05428b4-9e4c-4c24-8ea0-156090d31ad0
1487,206100,25.294522762298584,0.99900075,0.999002,1.0,0.9960719999999998,0.0,0.0,0.0,0.0,0.0,0.0,0.0005,0.0,0.0,0.0,0.0005,0.0,0.0,0.0,0.002,0.9975,0.04669518407547691,1891,0.0006140160149224167,6.495286769297874e-07,0.00013453151611513367,16,20,False,0.995,0.005,0.66,fixed,100,none,b05428b4-9e4c-4c24-8ea0-156090d31ad0
1488,206200,25.306140422821045,0.99900075,0.999002,1.0,0.9960719999999998,0.0,0.0,0.0,0.0,0.0,0.0,0.0005,0.0,0.0,0.0,0.0005,0.0,0.0,0.0,0.002,0.9975,0.04669518407547691,1891,0.0006142942855973636,6.50370427684181e-07,0.00013459258949852291,16,20,False,0.995,0.005,0.66,fixed,100,none,b05428b4-9e4c-4c24-8ea0-156090d31ad0
1489,206500,25.317697286605835,0.99900075,0.999002,1.0,0.9960719999999998,0.0,0.0,0.0,0.0,0.0,0.0,0.0005,0.0,0.0,0.0,0.0005,0.0,0.0,0.0,0.002,0.9975,0.04669518407547691,1891,0.0006136079540061635,6.512559848056832e-07,0.0001344425197690623,16,20,False,0.995,0.005,0.66,fixed,100,none,b05428b4-9e4c-4c24-8ea0-156090d31ad0
1490,206600,25.32917594909668,0.99900075,0.999002,1.0,0.9960719999999998,0.0,0.0,0.0,0.0,0.0,0.0,0.0005,0.0,0.0,0.0,0.0005,0.0,0.0,0.0,0.002,0.9975,0.047091412742382266,1890,0.0006130276811270307,6.515512810615433e-07,0.00013431555414210872,16,20,False,0.995,0.005,0.66,fixed,100,none,b05428b4-9e4c-4c24-8ea0-156090d31ad0
1491,206800,25.340639114379883,0.99900075,0.999002,1.0,0.9960719999999998,0.0,0.0,0.0,0.0,0.0,0.0,0.0005,0.0,0.0,0.0,0.0005,0.0,0.0,0.0,0.002,0.9975,0.047091412742382266,1890,0.0006125343623093326,6.515488605346979e-07,0.0001342075661930145,16,20,False,0.995,0.005,0.66,fixed,100,none,b05428b4-9e4c-4c24-8ea0-156090d31ad0
1492,206900,25.353300094604492,0.99900075,0.999002,1.0,0.9960719999999998,0.0,0.0,0.0,0.0,0.0,0.0,0.0005,0.0,0.0,0.0,0.0005,0.0,0.0,0.0,0.002,0.9975,0.047091412742382266,1890,0.0006125343623093326,6.515488605346979e-07,0.0001342075661930145,16,20,False,0.995,0.005,0.66,fixed,100,none,b05428b4-9e4c-4c24-8ea0-156090d31ad0
1493,207200,25.368911504745483,0.99900075,0.999002,1.0,0.9960719999999998,0.0,0.0,0.0,0.0,0.0,0.0,0.0005,0.0,0.0,0.0,0.0005,0.0,0.0,0.0,0.002,0.9975,0.04669518407547691,1891,0.0006155982710439166,6.578388436229126e-07,0.0001348794509118017,16,20,False,0.995,0.005,0.66,fixed,100,none,b05428b4-9e4c-4c24-8ea0-156090d31ad0
1494,207300,25.380420446395874,0.99900075,0.999002,1.0,0.9960719999999998,0.0,0.0,0.0,0.0,0.0,0.0,0.0005,0.0,0.0,0.0,0.0005,0.0,0.0,0.0,0.002,0.9975,0.047091412742382266,1890,0.0006141045617526507,6.572880649620974e-07,0.00013455237329999803,16,20,False,0.995,0.005,0.66,fixed,100,none,b05428b4-9e4c-4c24-8ea0-156090d31ad0
1495,207600,25.391807079315186,0.99900075,0.999002,1.0,0.9960719999999998,0.0,0.0,0.0,0.0,0.0,0.0,0.0005,0.0,0.0,0.0,0.0005,0.0,0.0,0.0,0.002,0.9975,0.047091412742382266,1890,0.0006127286826069792,6.566347428251617e-07,0.00013425106922380453,16,20,False,0.995,0.005,0.66,fixed,100,none,b05428b4-9e4c-4c24-8ea0-156090d31ad0
1496,207700,25.40322184562683,0.99900075,0.999002,1.0,0.9960719999999998,0.0,0.0,0.0,0.0,0.0,0.0,0.0005,0.0,0.0,0.0,0.0005,0.0,0.0,0.0,0.002,0.9975,0.047091412742382266,1890,0.0006126779939287906,6.551680783719922e-07,0.00013423969480590294,16,20,False,0.995,0.005,0.66,fixed,100,none,b05428b4-9e4c-4c24-8ea0-156090d31ad0
1497,207800,25.414708614349365,0.99900075,0.999002,1.0,0.9960719999999998,0.0,0.0,0.0,0.0,0.0,0.0,0.0005,0.0,0.0,0.0,0.0005,0.0,0.0,0.0,0.002,0.9975,0.047091412742382266,1890,0.0006116779729321642,6.542806124825981e-07,0.00013402062159122244,16,20,False,0.995,0.005,0.66,fixed,100,none,b05428b4-9e4c-4c24-8ea0-156090d31ad0
1498,207900,25.426153898239136,0.99900075,0.999002,1.0,0.9960719999999998,0.0,0.0,0.0,0.0,0.0,0.0,0.0005,0.0,0.0,0.0,0.0005,0.0,0.0,0.0,0.002,0.9975,0.047091412742382266,1890,0.0006109633498657291,6.538370431287024e-07,0.00013386410632380255,16,20,False,0.995,0.005,0.66,fixed,100,none,b05428b4-9e4c-4c24-8ea0-156090d31ad0
1499,208000,25.43760657310486,0.99900075,0.999002,1.0,0.9960719999999998,0.0,0.0,0.0,0.0,0.0,0.0,0.0005,0.0,0.0,0.0,0.0005,0.0,0.0,0.0,0.002,0.9975,0.047091412742382266,1890,0.000611210518775785,6.532153942096564e-07,0.00013391809348491917,16,20,False,0.995,0.005,0.66,fixed,100,none,b05428b4-9e4c-4c24-8ea0-156090d31ad0
1500,208300,25.449040174484253,0.99900075,0.999002,1.0,0.9960719999999998,0.0,0.0,0.0,0.0,0.0,0.0,0.0005,0.0,0.0,0.0,0.0005,0.0,0.0,0.0,0.002,0.9975,0.04669518407547691,1891,0.000612380510887644,6.552955591238399e-07,0.0001341745999895388,16,20,False,0.995,0.005,0.66,fixed,100,none,b05428b4-9e4c-4c24-8ea0-156090d31ad0
1501,208400,25.460776805877686,0.99900075,0.999002,1.0,0.9960719999999998,0.0,0.0,0.0,0.0,0.0,0.0,0.0005,0.0,0.0,0.0,0.0005,0.0,0.0,0.0,0.002,0.9975,0.04669518407547691,1891,0.0006127850067890726,6.555300732531325e-07,0.0001342631887000461,16,20,False,0.995,0.005,0.66,fixed,100,none,b05428b4-9e4c-4c24-8ea0-156090d31ad0
1502,208600,25.473164558410645,0.99900075,0.999002,1.0,0.9960719999999998,0.0,0.0,0.0,0.0,0.0,0.0,0.0005,0.0,0.0,0.0,0.0005,0.0,0.0,0.0,0.002,0.9975,0.047091412742382266,1890,0.0006135592668735198,6.553646694766929e-07,0.00013443264280581403,16,20,False,0.995,0.005,0.66,fixed,100,none,b05428b4-9e4c-4c24-8ea0-156090d31ad0
1503,208700,25.485709190368652,0.99900075,0.999002,1.0,0.9960719999999998,0.0,0.0,0.0,0.0,0.0,0.0,0.0005,0.0,0.0,0.0,0.0005,0.0,0.0,0.0,0.002,0.9975,0.04629795038975885,1892,0.0006174729553634087,6.602158148559176e-07,0.0001352902709338728,16,20,False,0.995,0.005,0.66,fixed,100,none,b05428b4-9e4c-4c24-8ea0-156090d31ad0
1504,209000,25.498172998428345,0.99900075,0.999002,1.0,0.9960719999999998,0.0,0.0,0.0,0.0,0.0,0.0,0.0005,0.0,0.0,0.0,0.0005,0.0,0.0,0.0,0.002,0.9975,0.045899711685228106,1893,0.0006161884733952104,6.560558921212676e-07,0.00013500830744571463,16,20,False,0.995,0.005,0.66,fixed,100,none,b05428b4-9e4c-4c24-8ea0-156090d31ad0
1505,209100,25.510563611984253,0.99900075,0.999002,1.0,0.9960719999999998,0.0,0.0,0.0,0.0,0.0,0.0,0.0005,0.0,0.0,0.0,0.0005,0.0,0.0,0.0,0.002,0.9975,0.045899711685228106,1893,0.0006161456262017474,6.562870114258708e-07,0.00013499897210773342,16,20,False,0.995,0.005,0.66,fixed,100,none,b05428b4-9e4c-4c24-8ea0-156090d31ad0
1506,209400,25.52296209335327,0.99900075,0.999002,1.0,0.9960719999999998,0.0,0.0,0.0,0.0,0.0,0.0,0.0005,0.0,0.0,0.0,0.0005,0.0,0.0,0.0,0.002,0.9975,0.04629795038975885,1892,0.0006171408460703891,6.576714353446817e-07,0.00013521708877752367,16,20,False,0.995,0.005,0.66,fixed,100,none,b05428b4-9e4c-4c24-8ea0-156090d31ad0
1507,209500,25.53530216217041,0.99900075,0.999002,1.0,0.9960719999999998,0.0,0.0,0.0,0.0,0.0,0.0,0.0005,0.0,0.0,0.0,0.0005,0.0,0.0,0.0,0.002,0.9975,0.04629795038975885,1892,0.0006187598703504138,6.607238917854374e-07,0.00013557207315914482,16,20,False,0.995,0.005,0.66,fixed,100,none,b05428b4-9e4c-4c24-8ea0-156090d31ad0
1508,209600,25.54762554168701,0.99900075,0.999002,1.0,0.9960719999999998,0.0,0.0,0.0,0.0,0.0,0.0,0.0005,0.0,0.0,0.0,0.0005,0.0,0.0,0.0,0.002,0.9975,0.04669518407547692,1891,0.0006209928170499483,6.627868414657397e-07,0.0001360612571521122,16,20,False,0.995,0.005,0.66,fixed,100,none,b05428b4-9e4c-4c24-8ea0-156090d31ad0
1509,209700,25.559842348098755,0.99900075,0.999002,1.0,0.9960719999999998,0.0,0.0,0.0,0.0,0.0,0.0,0.0005,0.0,0.0,0.0,0.0005,0.0,0.0,0.0,0.002,0.9975,0.04669518407547691,1891,0.000620249610216253,6.606774866294111e-07,0.00013589816839879737,16,20,False,0.995,0.005,0.66,fixed,100,none,b05428b4-9e4c-4c24-8ea0-156090d31ad0
1510,209800,25.572051525115967,0.99900075,0.999002,1.0,0.9960719999999998,0.0,0.0,0.0,0.0,0.0,0.0,0.0005,0.0,0.0,0.0,0.0005,0.0,0.0,0.0,0.002,0.9975,0.047091412742382266,1890,0.0006227951979988399,6.628228519347884e-07,0.00013645580518381367,16,20,False,0.995,0.005,0.66,fixed,100,none,b05428b4-9e4c-4c24-8ea0-156090d31ad0
1511,210100,25.583924770355225,0.99900075,0.999002,1.0,0.9960719999999998,0.0,0.0,0.0,0.0,0.0,0.0,0.0005,0.0,0.0,0.0,0.0005,0.0,0.0,0.0,0.002,0.9975,0.04669518407547691,1891,0.0006237630446200768,6.657198817391282e-07,0.00013666821724486524,16,20,False,0.995,0.005,0.66,fixed,100,none,b05428b4-9e4c-4c24-8ea0-156090d31ad0
1512,210200,25.595713138580322,0.99900075,0.999002,1.0,0.9960719999999998,0.0,0.0,0.0,0.0,0.0,0.0,0.0005,0.0,0.0,0.0,0.0005,0.0,0.0,0.0,0.002,0.9975,0.04669518407547692,1891,0.0006235890225522495,6.65970772008692e-07,0.0001366301714833691,16,20,False,0.995,0.005,0.66,fixed,100,none,b05428b4-9e4c-4c24-8ea0-156090d31ad0
1513,210500,25.60722541809082,0.99900075,0.999002,1.0,0.9960719999999998,0.0,0.0,0.0,0.0,0.0,0.0,0.0005,0.0,0.0,0.0,0.0005,0.0,0.0,0.0,0.002,0.9975,0.046297950389758855,1892,0.0006244081928490934,6.670286302839107e-07,0.0001368096888544205,16,20,False,0.995,0.005,0.66,fixed,100,none,b05428b4-9e4c-4c24-8ea0-156090d31ad0
1514,210600,25.618706464767456,0.99900075,0.999002,1.0,0.9960719999999998,0.0,0.0,0.0,0.0,0.0,0.0,0.0005,0.0,0.0,0.0,0.0005,0.0,0.0,0.0,0.002,0.9975,0.046297950389758855,1892,0.0006239259169904705,6.685454942041396e-07,0.0001367044068731128,16,20,False,0.995,0.005,0.66,fixed,100,none,b05428b4-9e4c-4c24-8ea0-156090d31ad0
1515,210800,25.630204916000366,0.99900075,0.999002,1.0,0.9960719999999998,0.0,0.0,0.0,0.0,0.0,0.0,0.0005,0.0,0.0,0.0,0.0005,0.0,0.0,0.0,0.002,0.9975,0.046297950389758855,1892,0.0006241684024965851,6.683151057516304e-07,0.0001367574431765953,16,20,False,0.995,0.005,0.66,fixed,100,none,b05428b4-9e4c-4c24-8ea0-156090d31ad0
1516,210900,25.641706705093384,0.99900075,0.999002,1.0,0.9960719999999998,0.0,0.0,0.0,0.0,0.0,0.0,0.0005,0.0,0.0,0.0,0.0005,0.0,0.0,0.0,0.002,0.9975,0.046297950389758855,1892,0.0006250881041766853,6.694283573969173e-07,0.00013695897739218182,16,20,False,0.995,0.005,0.66,fixed,100,none,b05428b4-9e4c-4c24-8ea0-156090d31ad0
1517,211200,25.653119802474976,0.99900075,0.999002,1.0,0.9960719999999998,0.0,0.0,0.0,0.0,0.0,0.0,0.0005,0.0,0.0,0.0,0.0005,0.0,0.0,0.0,0.002,0.9975,0.04669518407547692,1891,0.00062596208179009,6.705197804409747e-07,0.0001371504984621345,16,20,False,0.995,0.005,0.66,fixed,100,none,b05428b4-9e4c-4c24-8ea0-156090d31ad0
1518,211300,25.664538383483887,0.99900075,0.999002,1.0,0.9960719999999998,0.0,0.0,0.0,0.0,0.0,0.0,0.0005,0.0,0.0,0.0,0.0005,0.0,0.0,0.0,0.002,0.9975,0.046297950389758855,1892,0.0006263799794117699,6.71152133610162e-07,0.00013724209639862239,16,20,False,0.995,0.005,0.66,fixed,100,none,b05428b4-9e4c-4c24-8ea0-156090d31ad0
1519,211400,25.67597508430481,0.99900075,0.999002,1.0,0.9960719999999998,0.0,0.0,0.0,0.0,0.0,0.0,0.0005,0.0,0.0,0.0,0.0005,0.0,0.0,0.0,0.002,0.9975,0.046297950389758855,1892,0.0006262505054302673,6.714247324250166e-07,0.00013721380633784625,16,20,False,0.995,0.005,0.66,fixed,100,none,b05428b4-9e4c-4c24-8ea0-156090d31ad0
1520,211500,25.68740677833557,0.99900075,0.999002,1.0,0.9960719999999998,0.0,0.0,0.0,0.0,0.0,0.0,0.0005,0.0,0.0,0.0,0.0005,0.0,0.0,0.0,0.002,0.9975,0.046297950389758855,1892,0.0006271462842343761,6.727421180033736e-07,0.00013741014262132558,16,20,False,0.995,0.005,0.66,fixed,100,none,b05428b4-9e4c-4c24-8ea0-156090d31ad0
1521,211600,25.698911666870117,0.99900075,0.999002,1.0,0.9960719999999998,0.0,0.0,0.0,0.0,0.0,0.0,0.0005,0.0,0.0,0.0,0.0005,0.0,0.0,0.0,0.002,0.9975,0.046297950389758855,1892,0.0006267385632400846,6.733749127000407e-07,0.00013732101272666755,16,20,False,0.995,0.005,0.66,fixed,100,none,b05428b4-9e4c-4c24-8ea0-156090d31ad0
1522,211900,25.710716247558594,0.99900075,0.999002,1.0,0.9960719999999998,0.0,0.0,0.0,0.0,0.0,0.0,0.0005,0.0,0.0,0.0,0.0005,0.0,0.0,0.0,0.002,0.9975,0.045899711685228106,1893,0.0006248441964834871,6.70197623461609e-07,0.00013690573215869304,16,20,False,0.995,0.005,0.66,fixed,100,none,b05428b4-9e4c-4c24-8ea0-156090d31ad0
1523,212000,25.72293782234192,0.99900075,0.999002,1.0,0.9960719999999998,0.0,0.0,0.0,0.0,0.0,0.0,0.0005,0.0,0.0,0.0,0.0005,0.0,0.0,0.0,0.002,0.9975,0.045899711685228106,1893,0.0006250757766869843,6.687268687075757e-07,0.0001369561456218353,16,20,False,0.995,0.005,0.66,fixed,100,none,b05428b4-9e4c-4c24-8ea0-156090d31ad0
1524,212300,25.73507285118103,0.99900075,0.999002,1.0,0.9960719999999998,0.0,0.0,0.0,0.0,0.0,0.0,0.0005,0.0,0.0,0.0,0.0005,0.0,0.0,0.0,0.002,0.9975,0.045899711685228106,1893,0.0006278109962371443,6.725726212576684e-07,0.00013755561587434984,16,20,False,0.995,0.005,0.66,fixed,100,none,b05428b4-9e4c-4c24-8ea0-156090d31ad0
1525,212400,25.74736213684082,0.99900075,0.999002,1.0,0.9960719999999998,0.0,0.0,0.0,0.0,0.0,0.0,0.0005,0.0,0.0,0.0,0.0005,0.0,0.0,0.0,0.002,0.9975,0.045899711685228106,1893,0.0006276082652642439,6.734192852743507e-07,0.0001375113989305451,16,20,False,0.995,0.005,0.66,fixed,100,none,b05428b4-9e4c-4c24-8ea0-156090d31ad0
1526,212600,25.759624242782593,0.99900075,0.999002,1.0,0.9960719999999998,0.0,0.0,0.0,0.0,0.0,0.0,0.0005,0.0,0.0,0.0,0.0005,0.0,0.0,0.0,0.002,0.9975,0.04589971168522809,1893,0.0006269470016630228,6.722378513470896e-07,0.00013736642385579165,16,20,False,0.995,0.005,0.66,fixed,100,none,b05428b4-9e4c-4c24-8ea0-156090d31ad0
1527,212700,25.771673440933228,0.99900075,0.999002,1.0,0.9960719999999998,0.0,0.0,0.0,0.0,0.0,0.0,0.0005,0.0,0.0,0.0,0.0005,0.0,0.0,0.0,0.002,0.9975,0.04589971168522809,1893,0.0006269470016630228,6.722378513470896e-07,0.00013736642385579165,16,20,False,0.995,0.005,0.66,fixed,100,none,b05428b4-9e4c-4c24-8ea0-156090d31ad0
1528,213000,25.783917903900146,0.99900075,0.999002,1.0,0.9960719999999998,0.0,0.0,0.0,0.0,0.0,0.0,0.0005,0.0,0.0,0.0,0.0005,0.0,0.0,0.0,0.002,0.9975,0.04550046796188467,1894,0.000628308024330404,6.768756279210398e-07,0.00013766523289523045,16,20,False,0.995,0.005,0.66,fixed,100,none,b05428b4-9e4c-4c24-8ea0-156090d31ad0
1529,213100,25.79630756378174,0.99900075,0.999002,1.0,0.9960719999999998,0.0,0.0,0.0,0.0,0.0,0.0,0.0005,0.0,0.0,0.0,0.0005,0.0,0.0,0.0,0.002,0.9975,0.04550046796188467,1894,0.0006282365193780304,6.76456514230212e-07,0.00013764950082955458,16,20,False,0.995,0.005,0.66,fixed,100,none,b05428b4-9e4c-4c24-8ea0-156090d31ad0
1530,213300,25.808638334274292,0.99900075,0.999002,1.0,0.9960719999999998,0.0,0.0,0.0,0.0,0.0,0.0,0.0005,0.0,0.0,0.0,0.0005,0.0,0.0,0.0,0.002,0.9975,0.04629795038975885,1892,0.0006263988162284547,6.75659129916073e-07,0.0001372470761070928,16,20,False,0.995,0.005,0.66,fixed,100,none,b05428b4-9e4c-4c24-8ea0-156090d31ad0
1531,213400,25.82074737548828,0.99900075,0.999002,1.0,0.9960719999999998,0.0,0.0,0.0,0.0,0.0,0.0,0.0005,0.0,0.0,0.0,0.0005,0.0,0.0,0.0,0.002,0.9975,0.04629795038975885,1892,0.0006263988162284547,6.75659129916073e-07,0.0001372470761070928,16,20,False,0.995,0.005,0.66,fixed,100,none,b05428b4-9e4c-4c24-8ea0-156090d31ad0
1532,213700,25.832639455795288,0.99900075,0.999002,1.0,0.9960719999999998,0.0,0.0,0.0,0.0,0.0,0.0,0.0005,0.0,0.0,0.0,0.0005,0.0,0.0,0.0,0.002,0.9975,0.04629795038975885,1892,0.0006259014935292967,6.766865863845918e-07,0.00013713840738497615,16,20,False,0.995,0.005,0.66,fixed,100,none,b05428b4-9e4c-4c24-8ea0-156090d31ad0
1533,213800,25.84450650215149,0.99900075,0.999002,1.0,0.9960719999999998,0.0,0.0,0.0,0.0,0.0,0.0,0.0005,0.0,0.0,0.0,0.0005,0.0,0.0,0.0,0.002,0.9975,0.04629795038975885,1892,0.0006259014935292967,6.766865863845918e-07,0.00013713840738497615,16,20,False,0.995,0.005,0.66,fixed,100,none,b05428b4-9e4c-4c24-8ea0-156090d31ad0
1534,214100,25.856513261795044,0.99900075,0.999002,1.0,0.9960719999999998,0.0,0.0,0.0,0.0,0.0,0.0,0.0005,0.0,0.0,0.0,0.0005,0.0,0.0,0.0,0.002,0.9975,0.04629795038975885,1892,0.0006265115058679895,6.820748272537626e-07,0.00013727296285168114,16,20,False,0.995,0.005,0.66,fixed,100,none,b05428b4-9e4c-4c24-8ea0-156090d31ad0
1535,214200,25.868736267089844,0.99900075,0.999002,1.0,0.9960719999999998,0.0,0.0,0.0,0.0,0.0,0.0,0.0005,0.0,0.0,0.0,0.0005,0.0,0.0,0.0,0.002,0.9975,0.04629795038975885,1892,0.0006265274489086739,6.816233252805508e-07,0.00013727636699791202,16,20,False,0.995,0.005,0.66,fixed,100,none,b05428b4-9e4c-4c24-8ea0-156090d31ad0
1536,214400,25.880691528320312,0.99900075,0.999002,1.0,0.9960719999999998,0.0,0.0,0.0,0.0,0.0,0.0,0.0005,0.0,0.0,0.0,0.0005,0.0,0.0,0.0,0.002,0.9975,0.04629795038975885,1892,0.0006261276302651909,6.799880486722564e-07,0.00013718853599429805,16,20,False,0.995,0.005,0.66,fixed,100,none,b05428b4-9e4c-4c24-8ea0-156090d31ad0
1537,214500,25.892430067062378,0.99900075,0.999002,1.0,0.9960719999999998,0.0,0.0,0.0,0.0,0.0,0.0,0.0005,0.0,0.0,0.0,0.0005,0.0,0.0,0.0,0.002,0.9975,0.04629795038975885,1892,0.0006262969043835666,6.809454530720404e-07,0.0001372257720056464,16,20,False,0.995,0.005,0.66,fixed,100,none,b05428b4-9e4c-4c24-8ea0-156090d31ad0
1538,214800,25.903942108154297,0.99900075,0.999002,1.0,0.9960719999999998,0.0,0.0,0.0,0.0,0.0,0.0,0.0005,0.0,0.0,0.0,0.0005,0.0,0.0,0.0,0.002,0.9975,0.04629795038975885,1892,0.00062639116934292,6.793976571326457e-07,0.0001372461125240204,16,20,False,0.995,0.005,0.66,fixed,100,none,b05428b4-9e4c-4c24-8ea0-156090d31ad0
1539,214900,25.915417671203613,0.99900075,0.999002,1.0,0.9960719999999998,0.0,0.0,0.0,0.0,0.0,0.0,0.0005,0.0,0.0,0.0,0.0005,0.0,0.0,0.0,0.002,0.9975,0.045899711685228106,1893,0.0006269729604315002,6.809192552246177e-07,0.0001373737556969481,16,20,False,0.995,0.005,0.66,fixed,100,none,b05428b4-9e4c-4c24-8ea0-156090d31ad0
1540,215100,25.92693591117859,0.99900075,0.999002,1.0,0.9960719999999998,0.0,0.0,0.0,0.0,0.0,0.0,0.0005,0.0,0.0,0.0,0.0005,0.0,0.0,0.0,0.002,0.9975,0.045899711685228106,1893,0.0006259945085235652,6.793186751172235e-07,0.0001371592684640807,16,20,False,0.995,0.005,0.66,fixed,100,none,b05428b4-9e4c-4c24-8ea0-156090d31ad0
1541,215200,25.938429832458496,0.99900075,0.999002,1.0,0.9960719999999998,0.0,0.0,0.0,0.0,0.0,0.0,0.0005,0.0,0.0,0.0,0.0005,0.0,0.0,0.0,0.002,0.9975,0.04629795038975885,1892,0.0006262242141434778,6.789860447156507e-07,0.00013720948782450327,16,20,False,0.995,0.005,0.66,fixed,100,none,b05428b4-9e4c-4c24-8ea0-156090d31ad0
1542,215500,25.94995641708374,0.99900075,0.999002,1.0,0.9960719999999998,0.0,0.0,0.0,0.0,0.0,0.0,0.0005,0.0,0.0,0.0,0.0005,0.0,0.0,0.0,0.002,0.9975,0.045899711685228106,1893,0.0006268401230659663,6.798310076927589e-07,0.00013734447083060166,16,20,False,0.995,0.005,0.66,fixed,100,none,b05428b4-9e4c-4c24-8ea0-156090d31ad0
1543,215600,25.961510181427002,0.99900075,0.999002,1.0,0.9960719999999998,0.0,0.0,0.0,0.0,0.0,0.0,0.0005,0.0,0.0,0.0,0.0005,0.0,0.0,0.0,0.002,0.9975,0.04669518407547691,1891,0.0006269416962865163,6.795987576905701e-07,0.00013736666108107962,16,20,False,0.995,0.005,0.66,fixed,100,none,b05428b4-9e4c-4c24-8ea0-156090d31ad0
1544,215900,25.973098516464233,0.99900075,0.999002,1.0,0.9960719999999998,0.0,0.0,0.0,0.0,0.0,0.0,0.0005,0.0,0.0,0.0,0.0005,0.0,0.0,0.0,0.002,0.9975,0.047091412742382266,1890,0.0006259352254933888,6.814393687503885e-07,0.0001371466943405654,16,20,False,0.995,0.005,0.66,fixed,100,none,b05428b4-9e4c-4c24-8ea0-156090d31ad0
1545,216000,25.98472261428833,0.99900075,0.999002,1.0,0.9960719999999998,0.0,0.0,0.0,0.0,0.0,0.0,0.0005,0.0,0.0,0.0,0.0005,0.0,0.0,0.0,0.002,0.9975,0.047091412742382266,1890,0.0006259070346878231,6.81152097399563e-07,0.0001371404687916704,16,20,False,0.995,0.005,0.66,fixed,100,none,b05428b4-9e4c-4c24-8ea0-156090d31ad0
1546,216200,25.996208906173706,0.99900075,0.999002,1.0,0.9960719999999998,0.0,0.0,0.0,0.0,0.0,0.0,0.0005,0.0,0.0,0.0,0.0005,0.0,0.0,0.0,0.002,0.9975,0.047091412742382266,1890,0.0006259630596236034,6.82117856326155e-07,0.00013715291614430875,16,20,False,0.995,0.005,0.66,fixed,100,none,b05428b4-9e4c-4c24-8ea0-156090d31ad0
1547,216300,26.007664918899536,0.99900075,0.999002,1.0,0.9960719999999998,0.0,0.0,0.0,0.0,0.0,0.0,0.0005,0.0,0.0,0.0,0.0005,0.0,0.0,0.0,0.002,0.9975,0.047091412742382266,1890,0.0006256261000210445,6.837923288264741e-07,0.00013707947383708369,16,20,False,0.995,0.005,0.66,fixed,100,none,b05428b4-9e4c-4c24-8ea0-156090d31ad0
1548,216500,26.01919722557068,0.99900075,0.999002,1.0,0.9960719999999998,0.0,0.0,0.0,0.0,0.0,0.0,0.0005,0.0,0.0,0.0,0.0005,0.0,0.0,0.0,0.002,0.9975,0.04669518407547691,1891,0.00062480870772443,6.826129663353182e-07,0.00013690032258448145,16,20,False,0.995,0.005,0.66,fixed,100,none,b05428b4-9e4c-4c24-8ea0-156090d31ad0
1549,216600,26.0312397480011,0.99900075,0.999002,1.0,0.9960719999999998,0.0,0.0,0.0,0.0,0.0,0.0,0.0005,0.0,0.0,0.0,0.0005,0.0,0.0,0.0,0.002,0.9975,0.04669518407547691,1891,0.0006251260909919432,6.825435097518235e-07,0.0001369697845849892,16,20,False,0.995,0.005,0.66,fixed,100,none,b05428b4-9e4c-4c24-8ea0-156090d31ad0
1550,216700,26.04882001876831,0.99900075,0.999002,1.0,0.9960719999999998,0.0,0.0,0.0,0.0,0.0,0.0,0.0005,0.0,0.0,0.0,0.0005,0.0,0.0,0.0,0.002,0.9975,0.04669518407547691,1891,0.0006250602582838538,6.842757059829408e-07,0.00013695570292247236,16,20,False,0.995,0.005,0.66,fixed,100,none,b05428b4-9e4c-4c24-8ea0-156090d31ad0
1551,216900,26.06290578842163,0.99900075,0.999002,1.0,0.9960719999999998,0.0,0.0,0.0,0.0,0.0,0.0,0.0005,0.0,0.0,0.0,0.0005,0.0,0.0,0.0,0.002,0.9975,0.04669518407547691,1891,0.0006244665088268412,6.84150136826324e-07,0.00013682570730819254,16,20,False,0.995,0.005,0.66,fixed,100,none,b05428b4-9e4c-4c24-8ea0-156090d31ad0
1552,217000,26.07531499862671,0.99900075,0.999002,1.0,0.9960719999999998,0.0,0.0,0.0,0.0,0.0,0.0,0.0005,0.0,0.0,0.0,0.0005,0.0,0.0,0.0,0.002,0.9975,0.04669518407547691,1891,0.0006247390611799468,6.842202318683162e-07,0.00013688538233634534,16,20,False,0.995,0.005,0.66,fixed,100,none,b05428b4-9e4c-4c24-8ea0-156090d31ad0
1553,217300,26.087820529937744,0.99900075,0.999002,1.0,0.9960719999999998,0.0,0.0,0.0,0.0,0.0,0.0,0.0005,0.0,0.0,0.0,0.0005,0.0,0.0,0.0,0.002,0.9975,0.04669518407547691,1891,0.0006248613440131191,6.843596298092792e-07,0.00013691217653413556,16,20,False,0.995,0.005,0.66,fixed,100,none,b05428b4-9e4c-4c24-8ea0-156090d31ad0
1554,217400,26.1008358001709,0.99900075,0.999002,1.0,0.9960719999999998,0.0,0.0,0.0,0.0,0.0,0.0,0.0005,0.0,0.0,0.0,0.0005,0.0,0.0,0.0,0.002,0.9975,0.04669518407547691,1891,0.0006248613440131191,6.843596298092792e-07,0.00013691217653413556,16,20,False,0.995,0.005,0.66,fixed,100,none,b05428b4-9e4c-4c24-8ea0-156090d31ad0
1555,217700,26.112778425216675,0.99900075,0.999002,1.0,0.9960719999999998,0.0,0.0,0.0,0.0,0.0,0.0,0.0005,0.0,0.0,0.0,0.0005,0.0,0.0,0.0,0.002,0.9975,0.04669518407547691,1891,0.0006254767848558819,6.844606659841063e-07,0.00013704691573148954,16,20,False,0.995,0.005,0.66,fixed,100,none,b05428b4-9e4c-4c24-8ea0-156090d31ad0
1556,217800,26.124579668045044,0.99900075,0.999002,1.0,0.9960719999999998,0.0,0.0,0.0,0.0,0.0,0.0,0.0005,0.0,0.0,0.0,0.0005,0.0,0.0,0.0,0.002,0.9975,0.04669518407547691,1891,0.000626758889183928,6.861932492032276e-07,0.00013732789755971044,16,20,False,0.995,0.005,0.66,fixed,100,none,b05428b4-9e4c-4c24-8ea0-156090d31ad0
1557,218000,26.13624930381775,0.99900075,0.999002,1.0,0.9960719999999998,0.0,0.0,0.0,0.0,0.0,0.0,0.0005,0.0,0.0,0.0,0.0005,0.0,0.0,0.0,0.002,0.9975,0.047091412742382266,1890,0.0006256064602762005,6.853238761256795e-07,0.00013707546569092418,16,20,False,0.995,0.005,0.66,fixed,100,none,b05428b4-9e4c-4c24-8ea0-156090d31ad0
1558,218100,26.14783787727356,0.99900075,0.999002,1.0,0.9960719999999998,0.0,0.0,0.0,0.0,0.0,0.0,0.0005,0.0,0.0,0.0,0.0005,0.0,0.0,0.0,0.002,0.9975,0.04669518407547691,1891,0.0006264525650356613,6.865230125459896e-07,0.00013726090585869,16,20,False,0.995,0.005,0.66,fixed,100,none,b05428b4-9e4c-4c24-8ea0-156090d31ad0
1559,218300,26.159650802612305,0.99900075,0.999002,1.0,0.9960719999999998,0.0,0.0,0.0,0.0,0.0,0.0,0.0005,0.0,0.0,0.0,0.0005,0.0,0.0,0.0,0.002,0.9975,0.047091412742382266,1890,0.0006278397653067428,6.89192719530862e-07,0.00013756507124235688,16,20,False,0.995,0.005,0.66,fixed,100,none,b05428b4-9e4c-4c24-8ea0-156090d31ad0
1560,218400,26.17114520072937,0.99900075,0.999002,1.0,0.9960719999999998,0.0,0.0,0.0,0.0,0.0,0.0,0.0005,0.0,0.0,0.0,0.0005,0.0,0.0,0.0,0.002,0.9975,0.04669518407547691,1891,0.0006274707892089819,6.892373444158555e-07,0.00013748431085328514,16,20,False,0.995,0.005,0.66,fixed,100,none,b05428b4-9e4c-4c24-8ea0-156090d31ad0
1561,218500,26.182685613632202,0.99900075,0.999002,1.0,0.9960719999999998,0.0,0.0,0.0,0.0,0.0,0.0,0.0005,0.0,0.0,0.0,0.0005,0.0,0.0,0.0,0.002,0.9975,0.04669518407547691,1891,0.0006272528338994567,6.885378654072794e-07,0.00013743646753501846,16,20,False,0.995,0.005,0.66,fixed,100,none,b05428b4-9e4c-4c24-8ea0-156090d31ad0
1562,218700,26.19427180290222,0.99900075,0.999002,1.0,0.9960719999999998,0.0,0.0,0.0,0.0,0.0,0.0,0.0005,0.0,0.0,0.0,0.0005,0.0,0.0,0.0,0.002,0.9975,0.04669518407547691,1891,0.000629154870125241,6.919687936247133e-07,0.00013785347514120395,16,20,False,0.995,0.005,0.66,fixed,100,none,b05428b4-9e4c-4c24-8ea0-156090d31ad0
1563,218800,26.2057843208313,0.99900075,0.999002,1.0,0.9960719999999998,0.0,0.0,0.0,0.0,0.0,0.0,0.0005,0.0,0.0,0.0,0.0005,0.0,0.0,0.0,0.002,0.9975,0.04669518407547691,1891,0.0006291489571820118,6.908808548799855e-07,0.0001378519740895696,16,20,False,0.995,0.005,0.66,fixed,100,none,b05428b4-9e4c-4c24-8ea0-156090d31ad0
1564,219100,26.21728801727295,0.99900075,0.999002,1.0,0.9960719999999998,0.0,0.0,0.0,0.0,0.0,0.0,0.0005,0.0,0.0,0.0,0.0005,0.0,0.0,0.0,0.002,0.9975,0.047091412742382266,1890,0.0006273672156658293,6.88607193234953e-07,0.00013746151887596467,16,20,False,0.995,0.005,0.66,fixed,100,none,b05428b4-9e4c-4c24-8ea0-156090d31ad0
1565,219200,26.22879457473755,0.99900075,0.999002,1.0,0.9960719999999998,0.0,0.0,0.0,0.0,0.0,0.0,0.0005,0.0,0.0,0.0,0.0005,0.0,0.0,0.0,0.002,0.9975,0.047091412742382266,1890,0.0006270056223904396,6.875468027328129e-07,0.00013738216463378647,16,20,False,0.995,0.005,0.66,fixed,100,none,b05428b4-9e4c-4c24-8ea0-156090d31ad0
1566,219500,26.240504503250122,0.99900075,0.999002,1.0,0.9960719999999998,0.0,0.0,0.0,0.0,0.0,0.0,0.0005,0.0,0.0,0.0,0.0005,0.0,0.0,0.0,0.002,0.9975,0.047091412742382266,1890,0.0006272474170487629,6.866493814782726e-07,0.00013743492297445506,16,20,False,0.995,0.005,0.66,fixed,100,none,b05428b4-9e4c-4c24-8ea0-156090d31ad0
1567,219600,26.253273487091064,0.99900075,0.999002,1.0,0.9960719999999998,0.0,0.0,0.0,0.0,0.0,0.0,0.0005,0.0,0.0,0.0,0.0005,0.0,0.0,0.0,0.002,0.9975,0.047091412742382266,1890,0.0006256998725016987,6.858878059514645e-07,0.00013709602077375264,16,20,False,0.995,0.005,0.66,fixed,100,none,b05428b4-9e4c-4c24-8ea0-156090d31ad0
1568,219800,26.264838933944702,0.99900075,0.999002,1.0,0.9960719999999998,0.0,0.0,0.0,0.0,0.0,0.0,0.0005,0.0,0.0,0.0,0.0005,0.0,0.0,0.0,0.002,0.9975,0.047091412742382266,1890,0.000625423413909705,6.863976755872187e-07,0.000137035600863196,16,20,False,0.995,0.005,0.66,fixed,100,none,b05428b4-9e4c-4c24-8ea0-156090d31ad0
1569,219900,26.27649426460266,0.99900075,0.999002,1.0,0.9960719999999998,0.0,0.0,0.0,0.0,0.0,0.0,0.0005,0.0,0.0,0.0,0.0005,0.0,0.0,0.0,0.002,0.9975,0.047091412742382266,1890,0.0006262872714757868,6.865727319794549e-07,0.00013722473254512585,16,20,False,0.995,0.005,0.66,fixed,100,none,b05428b4-9e4c-4c24-8ea0-156090d31ad0
1570,220100,26.287903547286987,0.99900075,0.999002,1.0,0.9960719999999998,0.0,0.0,0.0,0.0,0.0,0.0,0.0005,0.0,0.0,0.0,0.0005,0.0,0.0,0.0,0.002,0.9975,0.047091412742382266,1890,0.0006264482869737731,6.873494970361282e-07,0.00013726012642299582,16,20,False,0.995,0.005,0.66,fixed,100,none,b05428b4-9e4c-4c24-8ea0-156090d31ad0
1571,220200,26.299187898635864,0.99900075,0.999002,1.0,0.9960719999999998,0.0,0.0,0.0,0.0,0.0,0.0,0.0005,0.0,0.0,0.0,0.0005,0.0,0.0,0.0,0.002,0.9975,0.047091412742382266,1890,0.0006250018824477563,6.857939412852507e-07,0.00013694321291665807,16,20,False,0.995,0.005,0.66,fixed,100,none,b05428b4-9e4c-4c24-8ea0-156090d31ad0
1572,220300,26.310378074645996,0.99900075,0.999002,1.0,0.9960719999999998,0.0,0.0,0.0,0.0,0.0,0.0,0.0005,0.0,0.0,0.0,0.0005,0.0,0.0,0.0,0.002,0.9975,0.047091412742382266,1890,0.0006267425139318742,6.877317168818179e-07,0.00013732460532589483,16,20,False,0.995,0.005,0.66,fixed,100,none,b05428b4-9e4c-4c24-8ea0-156090d31ad0
1573,220500,26.32322645187378,0.99900075,0.999002,1.0,0.9960719999999998,0.0,0.0,0.0,0.0,0.0,0.0,0.0005,0.0,0.0,0.0,0.0005,0.0,0.0,0.0,0.002,0.9975,0.047091412742382266,1890,0.0006255302129016765,6.859950375986928e-07,0.00013705890266132076,16,20,False,0.995,0.005,0.66,fixed,100,none,b05428b4-9e4c-4c24-8ea0-156090d31ad0
1574,220600,26.33581519126892,0.99900075,0.999002,1.0,0.9960719999999998,0.0,0.0,0.0,0.0,0.0,0.0,0.0005,0.0,0.0,0.0,0.0005,0.0,0.0,0.0,0.002,0.9975,0.047091412742382266,1890,0.000626433699743729,6.870356860237559e-07,0.0001372568736542468,16,20,False,0.995,0.005,0.66,fixed,100,none,b05428b4-9e4c-4c24-8ea0-156090d31ad0
1575,220900,26.347193479537964,0.99900075,0.999002,1.0,0.9960719999999998,0.0,0.0,0.0,0.0,0.0,0.0,0.0005,0.0,0.0,0.0,0.0005,0.0,0.0,0.0,0.002,0.9975,0.047091412742382266,1890,0.0006270182828905508,6.883802268345683e-07,0.00013738509436784013,16,20,False,0.995,0.005,0.66,fixed,100,none,b05428b4-9e4c-4c24-8ea0-156090d31ad0
1576,221000,26.358962297439575,0.99900075,0.999002,1.0,0.9960719999999998,0.0,0.0,0.0,0.0,0.0,0.0,0.0005,0.0,0.0,0.0,0.0005,0.0,0.0,0.0,0.002,0.9975,0.047091412742382266,1890,0.0006270182828905508,6.883802268345683e-07,0.00013738509436784013,16,20,False,0.995,0.005,0.66,fixed,100,none,b05428b4-9e4c-4c24-8ea0-156090d31ad0
1577,221300,26.37030053138733,0.99900075,0.999002,1.0,0.9960719999999998,0.0,0.0,0.0,0.0,0.0,0.0,0.0005,0.0,0.0,0.0,0.0005,0.0,0.0,0.0,0.002,0.9975,0.047091412742382266,1890,0.0006275591703266776,6.873477876161898e-07,0.00013750329846415682,16,20,False,0.995,0.005,0.66,fixed,100,none,b05428b4-9e4c-4c24-8ea0-156090d31ad0
1578,221400,26.381576538085938,0.99900075,0.999002,1.0,0.9960719999999998,0.0,0.0,0.0,0.0,0.0,0.0,0.0005,0.0,0.0,0.0,0.0005,0.0,0.0,0.0,0.002,0.9975,0.047091412742382266,1890,0.0006279070580823136,6.884546500819734e-07,0.00013757966139773403,16,20,False,0.995,0.005,0.66,fixed,100,none,b05428b4-9e4c-4c24-8ea0-156090d31ad0
1579,221600,26.394930124282837,0.99900075,0.999002,1.0,0.9960719999999998,0.0,0.0,0.0,0.0,0.0,0.0,0.0005,0.0,0.0,0.0,0.0005,0.0,0.0,0.0,0.002,0.9975,0.047091412742382266,1890,0.0006279717440510936,6.902285682127313e-07,0.00013759415820074482,16,20,False,0.995,0.005,0.66,fixed,100,none,b05428b4-9e4c-4c24-8ea0-156090d31ad0
1580,221700,26.407468795776367,0.99900075,0.999002,1.0,0.9960719999999998,0.0,0.0,0.0,0.0,0.0,0.0,0.0005,0.0,0.0,0.0,0.0005,0.0,0.0,0.0,0.002,0.9975,0.047091412742382266,1890,0.0006279851555232175,6.901738984153428e-07,0.00013759708358473122,16,20,False,0.995,0.005,0.66,fixed,100,none,b05428b4-9e4c-4c24-8ea0-156090d31ad0
1581,221900,26.419076681137085,0.99900075,0.999002,1.0,0.9960719999999998,0.0,0.0,0.0,0.0,0.0,0.0,0.0005,0.0,0.0,0.0,0.0005,0.0,0.0,0.0,0.002,0.9975,0.047091412742382266,1890,0.0006314493458915646,6.963341532649749e-07,0.00013835656530478385,16,20,False,0.995,0.005,0.66,fixed,100,none,b05428b4-9e4c-4c24-8ea0-156090d31ad0
1582,222000,26.43055033683777,0.99900075,0.999002,1.0,0.9960719999999998,0.0,0.0,0.0,0.0,0.0,0.0,0.0005,0.0,0.0,0.0,0.0005,0.0,0.0,0.0,0.002,0.9975,0.04669518407547691,1891,0.0006318313168197333,6.962805998728694e-07,0.00013844016856581548,16,20,False,0.995,0.005,0.66,fixed,100,none,b05428b4-9e4c-4c24-8ea0-156090d31ad0
1583,222100,26.44193148612976,0.99900075,0.999002,1.0,0.9960719999999998,0.0,0.0,0.0,0.0,0.0,0.0,0.0005,0.0,0.0,0.0,0.0005,0.0,0.0,0.0,0.002,0.9975,0.047091412742382266,1890,0.0006327374570739525,6.990489973688602e-07,0.00013863904866298832,16,20,False,0.995,0.005,0.66,fixed,100,none,b05428b4-9e4c-4c24-8ea0-156090d31ad0
1584,222300,26.453303575515747,0.99900075,0.999002,1.0,0.9960719999999998,0.0,0.0,0.0,0.0,0.0,0.0,0.0005,0.0,0.0,0.0,0.0005,0.0,0.0,0.0,0.002,0.9975,0.047091412742382266,1890,0.0006323498433541771,6.987884040650388e-07,0.00013855415050700173,16,20,False,0.995,0.005,0.66,fixed,100,none,b05428b4-9e4c-4c24-8ea0-156090d31ad0
1585,222400,26.465664625167847,0.99900075,0.999002,1.0,0.9960719999999998,0.0,0.0,0.0,0.0,0.0,0.0,0.0005,0.0,0.0,0.0,0.0005,0.0,0.0,0.0,0.002,0.9975,0.04669518407547691,1891,0.0006331235529355904,7.005330182509898e-07,0.00013872384701106845,16,20,False,0.995,0.005,0.66,fixed,100,none,b05428b4-9e4c-4c24-8ea0-156090d31ad0
1586,222700,26.47709608078003,0.99900075,0.999002,1.0,0.9960719999999998,0.0,0.0,0.0,0.0,0.0,0.0,0.0005,0.0,0.0,0.0,0.0005,0.0,0.0,0.0,0.002,0.9975,0.047091412742382266,1890,0.0006322156726880732,6.993206156160327e-07,0.00013852488166838628,16,20,False,0.995,0.005,0.66,fixed,100,none,b05428b4-9e4c-4c24-8ea0-156090d31ad0
1587,222800,26.488495349884033,0.99900075,0.999002,1.0,0.9960719999999998,0.0,0.0,0.0,0.0,0.0,0.0,0.0005,0.0,0.0,0.0,0.0005,0.0,0.0,0.0,0.002,0.9975,0.04669518407547691,1891,0.0006329645030903666,7.013429204766457e-07,0.00013868918488137182,16,20,False,0.995,0.005,0.66,fixed,100,none,b05428b4-9e4c-4c24-8ea0-156090d31ad0
1588,223100,26.499715089797974,0.99900075,0.999002,1.0,0.9960719999999998,0.0,0.0,0.0,0.0,0.0,0.0,0.0005,0.0,0.0,0.0,0.0005,0.0,0.0,0.0,0.002,0.9975,0.04669518407547691,1891,0.0006329429591700099,7.033509243234704e-07,0.00013868485043793663,16,20,False,0.995,0.005,0.66,fixed,100,none,b05428b4-9e4c-4c24-8ea0-156090d31ad0
1589,223200,26.510997772216797,0.99900075,0.999002,1.0,0.9960719999999998,0.0,0.0,0.0,0.0,0.0,0.0,0.0005,0.0,0.0,0.0,0.0005,0.0,0.0,0.0,0.002,0.9975,0.04669518407547691,1891,0.0006349842652064457,7.068555422862051e-07,0.00013913235820672536,16,20,False,0.995,0.005,0.66,fixed,100,none,b05428b4-9e4c-4c24-8ea0-156090d31ad0
1590,223400,26.522243976593018,0.99900075,0.999002,1.0,0.9960719999999998,0.0,0.0,0.0,0.0,0.0,0.0,0.0005,0.0,0.0,0.0,0.0005,0.0,0.0,0.0,0.002,0.9975,0.04669518407547691,1891,0.000635626773237114,7.086712520060896e-07,0.00013927334819948542,16,20,False,0.995,0.005,0.66,fixed,100,none,b05428b4-9e4c-4c24-8ea0-156090d31ad0
1591,223500,26.5343656539917,0.99900075,0.999002,1.0,0.9960719999999998,0.0,0.0,0.0,0.0,0.0,0.0,0.0005,0.0,0.0,0.0,0.0005,0.0,0.0,0.0,0.002,0.9975,0.04669518407547691,1891,0.0006367536633635513,7.10070022646359e-07,0.00013952029021458418,16,20,False,0.995,0.005,0.66,fixed,100,none,b05428b4-9e4c-4c24-8ea0-156090d31ad0
1592,223700,26.545711994171143,0.99900075,0.999002,1.0,0.9960719999999998,0.0,0.0,0.0,0.0,0.0,0.0,0.0005,0.0,0.0,0.0,0.0005,0.0,0.0,0.0,0.002,0.9975,0.04669518407547691,1891,0.000638715655461693,7.130639832646695e-07,0.0001399503391373849,16,20,False,0.995,0.005,0.66,fixed,100,none,b05428b4-9e4c-4c24-8ea0-156090d31ad0
1593,223800,26.55761480331421,0.99900075,0.999002,1.0,0.9960719999999998,0.0,0.0,0.0,0.0,0.0,0.0,0.0005,0.0,0.0,0.0,0.0005,0.0,0.0,0.0,0.002,0.9975,0.04669518407547691,1891,0.0006368708137370518,7.111834838052776e-07,0.00013954614598896364,16,20,False,0.995,0.005,0.66,fixed,100,none,b05428b4-9e4c-4c24-8ea0-156090d31ad0
1594,223900,26.569138526916504,0.99900075,0.999002,1.0,0.9960719999999998,0.0,0.0,0.0,0.0,0.0,0.0,0.0005,0.0,0.0,0.0,0.0005,0.0,0.0,0.0,0.002,0.9975,0.04669518407547691,1891,0.0006363224820489527,7.105670038611588e-07,0.00013942599905124938,16,20,False,0.995,0.005,0.66,fixed,100,none,b05428b4-9e4c-4c24-8ea0-156090d31ad0
1595,224100,26.580567836761475,0.99900075,0.999002,1.0,0.9960719999999998,0.0,0.0,0.0,0.0,0.0,0.0,0.0005,0.0,0.0,0.0,0.0005,0.0,0.0,0.0,0.002,0.9975,0.04669518407547691,1891,0.0006363030645898256,7.109818300820914e-07,0.00013942182738642842,16,20,False,0.995,0.005,0.66,fixed,100,none,b05428b4-9e4c-4c24-8ea0-156090d31ad0
1596,224200,26.592010736465454,0.99900075,0.999002,1.0,0.9960719999999998,0.0,0.0,0.0,0.0,0.0,0.0,0.0005,0.0,0.0,0.0,0.0005,0.0,0.0,0.0,0.002,0.9975,0.04669518407547691,1891,0.0006361473186730633,7.099228767648865e-07,0.00013938753340411887,16,20,False,0.995,0.005,0.66,fixed,100,none,b05428b4-9e4c-4c24-8ea0-156090d31ad0
1597,224500,26.603355407714844,0.99900075,0.999002,1.0,0.9960719999999998,0.0,0.0,0.0,0.0,0.0,0.0,0.0005,0.0,0.0,0.0,0.0005,0.0,0.0,0.0,0.002,0.9975,0.04669518407547691,1891,0.0006363793719020212,7.117010907180792e-07,0.00013943866771658886,16,20,False,0.995,0.005,0.66,fixed,100,none,b05428b4-9e4c-4c24-8ea0-156090d31ad0
1598,224600,26.614562511444092,0.99900075,0.999002,1.0,0.9960719999999998,0.0,0.0,0.0,0.0,0.0,0.0,0.0005,0.0,0.0,0.0,0.0005,0.0,0.0,0.0,0.002,0.9975,0.04629795038975885,1892,0.000636366103752855,7.103530236531861e-07,0.00013943550718599409,16,20,False,0.995,0.005,0.66,fixed,100,none,b05428b4-9e4c-4c24-8ea0-156090d31ad0
1599,224900,26.62568712234497,0.99900075,0.999002,1.0,0.9960719999999998,0.0,0.0,0.0,0.0,0.0,0.0,0.0005,0.0,0.0,0.0,0.0005,0.0,0.0,0.0,0.002,0.9975,0.04669518407547691,1891,0.0006358803359240098,7.102117195786265e-07,0.00013932914576048568,16,20,False,0.995,0.005,0.66,fixed,100,none,b05428b4-9e4c-4c24-8ea0-156090d31ad0
1600,225000,26.6367347240448,0.99900075,0.999002,1.0,0.9960719999999998,0.0,0.0,0.0,0.0,0.0,0.0,0.0005,0.0,0.0,0.0,0.0005,0.0,0.0,0.0,0.002,0.9975,0.04669518407547691,1891,0.000634979358468023,7.080514430856867e-07,0.00013913151134283653,16,20,False,0.995,0.005,0.66,fixed,100,none,b05428b4-9e4c-4c24-8ea0-156090d31ad0
1601,225200,26.648422479629517,0.99900075,0.999002,1.0,0.9960719999999998,0.0,0.0,0.0,0.0,0.0,0.0,0.0005,0.0,0.0,0.0,0.0005,0.0,0.0,0.0,0.002,0.9975,0.04748663639047491,1889,0.0006354596454005277,7.080161391250634e-07,0.0001392366394446093,16,20,False,0.995,0.005,0.66,fixed,100,none,b05428b4-9e4c-4c24-8ea0-156090d31ad0
1602,225300,26.661529064178467,0.99900075,0.999002,1.0,0.9960719999999998,0.0,0.0,0.0,0.0,0.0,0.0,0.0005,0.0,0.0,0.0,0.0005,0.0,0.0,0.0,0.002,0.9975,0.047091412742382266,1890,0.0006353727844155717,7.083511011230391e-07,0.00013921768921778204,16,20,False,0.995,0.005,0.66,fixed,100,none,b05428b4-9e4c-4c24-8ea0-156090d31ad0
1603,225600,26.673060417175293,0.99900075,0.999002,1.0,0.9960719999999998,0.0,0.0,0.0,0.0,0.0,0.0,0.0005,0.0,0.0,0.0,0.0005,0.0,0.0,0.0,0.002,0.9975,0.04748663639047491,1889,0.0006379461034930711,7.124502918626766e-07,0.00013978176761008718,16,20,False,0.995,0.005,0.66,fixed,100,none,b05428b4-9e4c-4c24-8ea0-156090d31ad0
1604,225700,26.684688091278076,0.99900075,0.999002,1.0,0.9960719999999998,0.0,0.0,0.0,0.0,0.0,0.0,0.0005,0.0,0.0,0.0,0.0005,0.0,0.0,0.0,0.002,0.9975,0.04748663639047491,1889,0.0006378590646645431,7.131200497003926e-07,0.00013976284206451158,16,20,False,0.995,0.005,0.66,fixed,100,none,b05428b4-9e4c-4c24-8ea0-156090d31ad0
1605,225900,26.69630789756775,0.99900075,0.999002,1.0,0.9960719999999998,0.0,0.0,0.0,0.0,0.0,0.0,0.0005,0.0,0.0,0.0,0.0005,0.0,0.0,0.0,0.002,0.9975,0.04669518407547691,1891,0.0006389248781585757,7.150132828913008e-07,0.0001399965083526616,16,20,False,0.995,0.005,0.66,fixed,100,none,b05428b4-9e4c-4c24-8ea0-156090d31ad0
1606,226000,26.708916187286377,0.99900075,0.999002,1.0,0.9960719999999998,0.0,0.0,0.0,0.0,0.0,0.0,0.0005,0.0,0.0,0.0,0.0005,0.0,0.0,0.0,0.002,0.9975,0.047091412742382266,1890,0.0006390597627982942,7.161432079406e-07,0.00014002624928605533,16,20,False,0.995,0.005,0.66,fixed,100,none,b05428b4-9e4c-4c24-8ea0-156090d31ad0
1607,226300,26.72215723991394,0.99900075,0.999002,1.0,0.9960719999999998,0.0,0.0,0.0,0.0,0.0,0.0,0.0005,0.0,0.0,0.0,0.0005,0.0,0.0,0.0,0.002,0.9975,0.047091412742382266,1890,0.0006390266167508213,7.190140366088976e-07,0.0001400195390737105,16,20,False,0.995,0.005,0.66,fixed,100,none,b05428b4-9e4c-4c24-8ea0-156090d31ad0
1608,226400,26.73397707939148,0.99900075,0.999002,1.0,0.9960719999999998,0.0,0.0,0.0,0.0,0.0,0.0,0.0005,0.0,0.0,0.0,0.0005,0.0,0.0,0.0,0.002,0.9975,0.047091412742382266,1890,0.0006394845549700791,7.196427884731325e-07,0.00014011990121276023,16,20,False,0.995,0.005,0.66,fixed,100,none,b05428b4-9e4c-4c24-8ea0-156090d31ad0
1609,226700,26.7453670501709,0.99900075,0.999002,1.0,0.9960719999999998,0.0,0.0,0.0,0.0,0.0,0.0,0.0005,0.0,0.0,0.0,0.0005,0.0,0.0,0.0,0.002,0.9975,0.047091412742382266,1890,0.0006390105253254049,7.201693577482057e-07,0.00014001623617170328,16,20,False,0.995,0.005,0.66,fixed,100,none,b05428b4-9e4c-4c24-8ea0-156090d31ad0
1610,226800,26.756832122802734,0.99900075,0.999002,1.0,0.9960719999999998,0.0,0.0,0.0,0.0,0.0,0.0,0.0005,0.0,0.0,0.0,0.0005,0.0,0.0,0.0,0.002,0.9975,0.047091412742382266,1890,0.0006390701183749564,7.205226904867492e-07,0.00014002934822347044,16,20,False,0.995,0.005,0.66,fixed,100,none,b05428b4-9e4c-4c24-8ea0-156090d31ad0
1611,227000,26.768430709838867,0.99900075,0.999002,1.0,0.9960719999999998,0.0,0.0,0.0,0.0,0.0,0.0,0.0005,0.0,0.0,0.0,0.0005,0.0,0.0,0.0,0.002,0.9975,0.047091412742382266,1890,0.0006387106308347735,7.200055700685984e-07,0.00013995055814804497,16,20,False,0.995,0.005,0.66,fixed,100,none,b05428b4-9e4c-4c24-8ea0-156090d31ad0
1612,227100,26.780224323272705,0.99900075,0.999002,1.0,0.9960719999999998,0.0,0.0,0.0,0.0,0.0,0.0,0.0005,0.0,0.0,0.0,0.0005,0.0,0.0,0.0,0.002,0.9975,0.047091412742382266,1890,0.0006391403466343055,7.20977318315098e-07,0.00014004480756872937,16,20,False,0.995,0.005,0.66,fixed,100,none,b05428b4-9e4c-4c24-8ea0-156090d31ad0
1613,227400,26.791987657546997,0.99900075,0.999002,1.0,0.9960719999999998,0.0,0.0,0.0,0.0,0.0,0.0,0.0005,0.0,0.0,0.0,0.0005,0.0,0.0,0.0,0.002,0.9975,0.047091412742382266,1890,0.0006389526796955967,7.211474782795377e-07,0.00014000375960623924,16,20,False,0.995,0.005,0.66,fixed,100,none,b05428b4-9e4c-4c24-8ea0-156090d31ad0
1614,227500,26.803550004959106,0.99900075,0.999002,1.0,0.9960719999999998,0.0,0.0,0.0,0.0,0.0,0.0,0.0005,0.0,0.0,0.0,0.0005,0.0,0.0,0.0,0.002,0.9975,0.047091412742382266,1890,0.000637576172427417,7.193205295455849e-07,0.00013970209504497524,16,20,False,0.995,0.005,0.66,fixed,100,none,b05428b4-9e4c-4c24-8ea0-156090d31ad0
1615,227700,26.815726041793823,0.99900075,0.999002,1.0,0.9960719999999998,0.0,0.0,0.0,0.0,0.0,0.0,0.0005,0.0,0.0,0.0,0.0005,0.0,0.0,0.0,0.002,0.9975,0.047091412742382266,1890,0.0006387109498401703,7.217052676016515e-07,0.0001399509509208576,16,20,False,0.995,0.005,0.66,fixed,100,none,b05428b4-9e4c-4c24-8ea0-156090d31ad0
1616,227800,26.82804012298584,0.99900075,0.999002,1.0,0.9960719999999998,0.0,0.0,0.0,0.0,0.0,0.0,0.0005,0.0,0.0,0.0,0.0005,0.0,0.0,0.0,0.002,0.9975,0.047091412742382266,1890,0.0006375352650202161,7.184370031634585e-07,0.0001396929725435264,16,20,False,0.995,0.005,0.66,fixed,100,none,b05428b4-9e4c-4c24-8ea0-156090d31ad0
1617,228100,26.84020709991455,0.99900075,0.999002,1.0,0.9960719999999998,0.0,0.0,0.0,0.0,0.0,0.0,0.0005,0.0,0.0,0.0,0.0005,0.0,0.0,0.0,0.002,0.9975,0.04669518407547691,1891,0.0006380715781550926,7.214109679498931e-07,0.00013981093654206027,16,20,False,0.995,0.005,0.66,fixed,100,none,b05428b4-9e4c-4c24-8ea0-156090d31ad0
1618,228200,26.852022647857666,0.99900075,0.999002,1.0,0.9960719999999998,0.0,0.0,0.0,0.0,0.0,0.0,0.0005,0.0,0.0,0.0,0.0005,0.0,0.0,0.0,0.002,0.9975,0.04669518407547691,1891,0.0006383768089933262,7.214546253924862e-07,0.00013987775986746366,16,20,False,0.995,0.005,0.66,fixed,100,none,b05428b4-9e4c-4c24-8ea0-156090d31ad0
1619,228500,26.86520266532898,0.99900075,0.999002,1.0,0.9960719999999998,0.0,0.0,0.0,0.0,0.0,0.0,0.0005,0.0,0.0,0.0,0.0005,0.0,0.0,0.0,0.002,0.9975,0.04629795038975885,1892,0.0006394507909311685,7.233769067464106e-07,0.0001401132197471146,16,20,False,0.995,0.005,0.66,fixed,100,none,b05428b4-9e4c-4c24-8ea0-156090d31ad0
1620,228600,26.8770534992218,0.99900075,0.999002,1.0,0.9960719999999998,0.0,0.0,0.0,0.0,0.0,0.0,0.0005,0.0,0.0,0.0,0.0005,0.0,0.0,0.0,0.002,0.9975,0.04629795038975885,1892,0.0006394969581055698,7.236090025956581e-07,0.00014012336983980242,16,20,False,0.995,0.005,0.66,fixed,100,none,b05428b4-9e4c-4c24-8ea0-156090d31ad0
1621,228800,26.89095711708069,0.99900075,0.999002,1.0,0.9960719999999998,0.0,0.0,0.0,0.0,0.0,0.0,0.0005,0.0,0.0,0.0,0.0005,0.0,0.0,0.0,0.002,0.9975,0.04629795038975885,1892,0.000639739227157028,7.246383835450906e-07,0.000140176598117547,16,20,False,0.995,0.005,0.66,fixed,100,none,b05428b4-9e4c-4c24-8ea0-156090d31ad0
1622,228900,26.90300178527832,0.99900075,0.999002,1.0,0.9960719999999998,0.0,0.0,0.0,0.0,0.0,0.0,0.0005,0.0,0.0,0.0,0.0005,0.0,0.0,0.0,0.002,0.9975,0.04669518407547691,1891,0.0006402467328533396,7.257654120776005e-07,0.00014028790524989076,16,20,False,0.995,0.005,0.66,fixed,100,none,b05428b4-9e4c-4c24-8ea0-156090d31ad0
1623,229200,26.915300846099854,0.99900075,0.999002,1.0,0.9960719999999998,0.0,0.0,0.0,0.0,0.0,0.0,0.0005,0.0,0.0,0.0,0.0005,0.0,0.0,0.0,0.002,0.9975,0.04669518407547691,1891,0.0006416677401299957,7.25379515614988e-07,0.00014059889042242289,16,20,False,0.995,0.005,0.66,fixed,100,none,b05428b4-9e4c-4c24-8ea0-156090d31ad0
1624,229300,26.927898406982422,0.99900075,0.999002,1.0,0.9960719999999998,0.0,0.0,0.0,0.0,0.0,0.0,0.0005,0.0,0.0,0.0,0.0005,0.0,0.0,0.0,0.002,0.9975,0.04669518407547691,1891,0.0006409587768844407,7.250558872359074e-07,0.0001404436368785789,16,20,False,0.995,0.005,0.66,fixed,100,none,b05428b4-9e4c-4c24-8ea0-156090d31ad0
1625,229400,26.940834760665894,0.99900075,0.999002,1.0,0.9960719999999998,0.0,0.0,0.0,0.0,0.0,0.0,0.0005,0.0,0.0,0.0,0.0005,0.0,0.0,0.0,0.002,0.9975,0.04629795038975885,1892,0.0006412033464468561,7.253660677374133e-07,0.00014049723209008693,16,20,False,0.995,0.005,0.66,fixed,100,none,b05428b4-9e4c-4c24-8ea0-156090d31ad0
1626,229500,26.95316171646118,0.99900075,0.999002,1.0,0.9960719999999998,0.0,0.0,0.0,0.0,0.0,0.0,0.0005,0.0,0.0,0.0,0.0005,0.0,0.0,0.0,0.002,0.9975,0.04629795038975885,1892,0.0006414456309000875,7.252763992035457e-07,0.00014055025111987785,16,20,False,0.995,0.005,0.66,fixed,100,none,b05428b4-9e4c-4c24-8ea0-156090d31ad0
1627,229600,26.965633153915405,0.99900075,0.999002,1.0,0.9960719999999998,0.0,0.0,0.0,0.0,0.0,0.0,0.0005,0.0,0.0,0.0,0.0005,0.0,0.0,0.0,0.002,0.9975,0.04629795038975885,1892,0.0006415143160779911,7.257714615589683e-07,0.00014056538036716847,16,20,False,0.995,0.005,0.66,fixed,100,none,b05428b4-9e4c-4c24-8ea0-156090d31ad0
1628,229900,26.97836399078369,0.99900075,0.999002,1.0,0.9960719999999998,0.0,0.0,0.0,0.0,0.0,0.0,0.0005,0.0,0.0,0.0,0.0005,0.0,0.0,0.0,0.002,0.9975,0.04669518407547691,1891,0.0006436600879518305,7.290200950179199e-07,0.0001410357070707091,16,20,False,0.995,0.005,0.66,fixed,100,none,b05428b4-9e4c-4c24-8ea0-156090d31ad0
1629,230000,26.990314960479736,0.99900075,0.999002,1.0,0.9960719999999998,0.0,0.0,0.0,0.0,0.0,0.0,0.0005,0.0,0.0,0.0,0.0005,0.0,0.0,0.0,0.002,0.9975,0.047091412742382266,1890,0.0006444155947340368,7.30074820518806e-07,0.00014120128790317925,16,20,False,0.995,0.005,0.66,fixed,100,none,b05428b4-9e4c-4c24-8ea0-156090d31ad0
1630,230300,27.00182294845581,0.99900075,0.999002,1.0,0.9960719999999998,0.0,0.0,0.0,0.0,0.0,0.0,0.0005,0.0,0.0,0.0,0.0005,0.0,0.0,0.0,0.002,0.9975,0.04748663639047491,1889,0.0006442213184471503,7.296586848516139e-07,0.00014115868175820304,16,20,False,0.995,0.005,0.66,fixed,100,none,b05428b4-9e4c-4c24-8ea0-156090d31ad0
1631,230400,27.013319969177246,0.99900075,0.999002,1.0,0.9960719999999998,0.0,0.0,0.0,0.0,0.0,0.0,0.0005,0.0,0.0,0.0,0.0005,0.0,0.0,0.0,0.002,0.9975,0.04748663639047491,1889,0.0006442104737162422,7.301427904766472e-07,0.000141156399826676,16,20,False,0.995,0.005,0.66,fixed,100,none,b05428b4-9e4c-4c24-8ea0-156090d31ad0
1632,230600,27.02470874786377,0.99900075,0.999002,1.0,0.9960719999999998,0.0,0.0,0.0,0.0,0.0,0.0,0.0005,0.0,0.0,0.0,0.0005,0.0,0.0,0.0,0.002,0.9975,0.047091412742382266,1890,0.0006441944455388819,7.283555324864325e-07,0.00014115255167963366,16,20,False,0.995,0.005,0.66,fixed,100,none,b05428b4-9e4c-4c24-8ea0-156090d31ad0
1633,230700,27.03608465194702,0.99900075,0.999002,1.0,0.9960719999999998,0.0,0.0,0.0,0.0,0.0,0.0,0.0005,0.0,0.0,0.0,0.0005,0.0,0.0,0.0,0.002,0.9975,0.047091412742382266,1890,0.0006447297371422388,7.28483283957023e-07,0.0001412697512843879,16,20,False,0.995,0.005,0.66,fixed,100,none,b05428b4-9e4c-4c24-8ea0-156090d31ad0
1634,231000,27.04754376411438,0.99900075,0.999002,1.0,0.9960719999999998,0.0,0.0,0.0,0.0,0.0,0.0,0.0005,0.0,0.0,0.0,0.0005,0.0,0.0,0.0,0.002,0.9975,0.047091412742382266,1890,0.0006463463666633758,7.287914575201166e-07,0.0001416236900395418,16,20,False,0.995,0.005,0.66,fixed,100,none,b05428b4-9e4c-4c24-8ea0-156090d31ad0
1635,231100,27.061254501342773,0.99900075,0.999002,1.0,0.9960719999999998,0.0,0.0,0.0,0.0,0.0,0.0,0.0005,0.0,0.0,0.0,0.0005,0.0,0.0,0.0,0.002,0.9975,0.047091412742382266,1890,0.0006470274430243251,7.293556672623211e-07,0.0001417728848548046,16,20,False,0.995,0.005,0.66,fixed,100,none,b05428b4-9e4c-4c24-8ea0-156090d31ad0
1636,231200,27.07413387298584,0.99900075,0.999002,1.0,0.9960719999999998,0.0,0.0,0.0,0.0,0.0,0.0,0.0005,0.0,0.0,0.0,0.0005,0.0,0.0,0.0,0.002,0.9975,0.047091412742382266,1890,0.0006479128646628836,7.30325295715675e-07,0.0001419668878808912,16,20,False,0.995,0.005,0.66,fixed,100,none,b05428b4-9e4c-4c24-8ea0-156090d31ad0
1637,231300,27.08707547187805,0.99900075,0.999002,1.0,0.9960719999999998,0.0,0.0,0.0,0.0,0.0,0.0,0.0005,0.0,0.0,0.0,0.0005,0.0,0.0,0.0,0.002,0.9975,0.04669518407547691,1891,0.000647169073160062,7.288332394488566e-07,0.00014180378843023286,16,20,False,0.995,0.005,0.66,fixed,100,none,b05428b4-9e4c-4c24-8ea0-156090d31ad0
1638,231400,27.101238250732422,0.99900075,0.999002,1.0,0.9960719999999998,0.0,0.0,0.0,0.0,0.0,0.0,0.0005,0.0,0.0,0.0,0.0005,0.0,0.0,0.0,0.002,0.9975,0.04669518407547691,1891,0.0006474182471367582,7.281290929083939e-07,0.00014185819882588896,16,20,False,0.995,0.005,0.66,fixed,100,none,b05428b4-9e4c-4c24-8ea0-156090d31ad0
1639,231500,27.11321711540222,0.99900075,0.999002,1.0,0.9960719999999998,0.0,0.0,0.0,0.0,0.0,0.0,0.0005,0.0,0.0,0.0,0.0005,0.0,0.0,0.0,0.002,0.9975,0.04669518407547691,1891,0.000646995667484466,7.2732332227932e-07,0.00014176554304358267,16,20,False,0.995,0.005,0.66,fixed,100,none,b05428b4-9e4c-4c24-8ea0-156090d31ad0
1640,231700,27.124815225601196,0.99900075,0.999002,1.0,0.9960719999999998,0.0,0.0,0.0,0.0,0.0,0.0,0.0005,0.0,0.0,0.0,0.0005,0.0,0.0,0.0,0.002,0.9975,0.047091412742382266,1890,0.0006480519133743076,7.29833654178933e-07,0.00014199723223192994,16,20,False,0.995,0.005,0.66,fixed,100,none,b05428b4-9e4c-4c24-8ea0-156090d31ad0
1641,231800,27.136876821517944,0.99900075,0.999002,1.0,0.9960719999999998,0.0,0.0,0.0,0.0,0.0,0.0,0.0005,0.0,0.0,0.0,0.0005,0.0,0.0,0.0,0.002,0.9975,0.04669518407547691,1891,0.0006494831504550228,7.331767069642997e-07,0.0001423111652089277,16,20,False,0.995,0.005,0.66,fixed,100,none,b05428b4-9e4c-4c24-8ea0-156090d31ad0
1642,232100,27.14916729927063,0.99900075,0.999002,1.0,0.9960719999999998,0.0,0.0,0.0,0.0,0.0,0.0,0.0005,0.0,0.0,0.0,0.0005,0.0,0.0,0.0,0.002,0.9975,0.047091412742382266,1890,0.000648979498377399,7.320326187278303e-07,0.0001422006983923709,16,20,False,0.995,0.005,0.66,fixed,100,none,b05428b4-9e4c-4c24-8ea0-156090d31ad0
1643,232200,27.16116690635681,0.99900075,0.999002,1.0,0.9960719999999998,0.0,0.0,0.0,0.0,0.0,0.0,0.0005,0.0,0.0,0.0,0.0005,0.0,0.0,0.0,0.002,0.9975,0.04669518407547691,1891,0.0006499788644494153,7.314494170168634e-07,0.00014241934881721022,16,20,False,0.995,0.005,0.66,fixed,100,none,b05428b4-9e4c-4c24-8ea0-156090d31ad0
1644,232400,27.172468185424805,0.99900075,0.999002,1.0,0.9960719999999998,0.0,0.0,0.0,0.0,0.0,0.0,0.0005,0.0,0.0,0.0,0.0005,0.0,0.0,0.0,0.002,0.9975,0.04669518407547691,1891,0.0006499971312862046,7.315155120260797e-07,0.00014242335998583517,16,20,False,0.995,0.005,0.66,fixed,100,none,b05428b4-9e4c-4c24-8ea0-156090d31ad0
1645,232500,27.185964822769165,0.99900075,0.999002,1.0,0.9960719999999998,0.0,0.0,0.0,0.0,0.0,0.0,0.0005,0.0,0.0,0.0,0.0005,0.0,0.0,0.0,0.002,0.9975,0.04669518407547691,1891,0.0006496430709813287,7.293792092728624e-07,0.00014234545028757472,16,20,False,0.995,0.005,0.66,fixed,100,none,b05428b4-9e4c-4c24-8ea0-156090d31ad0
1646,232800,27.19779086112976,0.99900075,0.999002,1.0,0.9960719999999998,0.0,0.0,0.0,0.0,0.0,0.0,0.0005,0.0,0.0,0.0,0.0005,0.0,0.0,0.0,0.002,0.9975,0.04669518407547691,1891,0.0006495984308578064,7.290492422271135e-07,0.00014233561587079696,16,20,False,0.995,0.005,0.66,fixed,100,none,b05428b4-9e4c-4c24-8ea0-156090d31ad0
1647,232900,27.20908761024475,0.99900075,0.999002,1.0,0.9960719999999998,0.0,0.0,0.0,0.0,0.0,0.0,0.0005,0.0,0.0,0.0,0.0005,0.0,0.0,0.0,0.002,0.9975,0.04669518407547691,1891,0.000649333212828802,7.302607317640726e-07,0.00014227778982725994,16,20,False,0.995,0.005,0.66,fixed,100,none,b05428b4-9e4c-4c24-8ea0-156090d31ad0
1648,233100,27.220459461212158,0.99900075,0.999002,1.0,0.9960719999999998,0.0,0.0,0.0,0.0,0.0,0.0,0.0005,0.0,0.0,0.0,0.0005,0.0,0.0,0.0,0.002,0.9975,0.04669518407547691,1891,0.0006489165167292892,7.305015075029035e-07,0.00014218662079846695,16,20,False,0.995,0.005,0.66,fixed,100,none,b05428b4-9e4c-4c24-8ea0-156090d31ad0
1649,233200,27.231969594955444,0.99900075,0.999002,1.0,0.9960719999999998,0.0,0.0,0.0,0.0,0.0,0.0,0.0005,0.0,0.0,0.0,0.0005,0.0,0.0,0.0,0.002,0.9975,0.04669518407547691,1891,0.0006486097840846565,7.292822398383837e-07,0.00014211924536170061,16,20,False,0.995,0.005,0.66,fixed,100,none,b05428b4-9e4c-4c24-8ea0-156090d31ad0
1650,233300,27.24335289001465,0.99900075,0.999002,1.0,0.9960719999999998,0.0,0.0,0.0,0.0,0.0,0.0,0.0005,0.0,0.0,0.0,0.0005,0.0,0.0,0.0,0.002,0.9975,0.04669518407547691,1891,0.0006486508069692297,7.286786726722988e-07,0.0001421281105933721,16,20,False,0.995,0.005,0.66,fixed,100,none,b05428b4-9e4c-4c24-8ea0-156090d31ad0
1651,233500,27.254786491394043,0.99900075,0.999002,1.0,0.9960719999999998,0.0,0.0,0.0,0.0,0.0,0.0,0.0005,0.0,0.0,0.0,0.0005,0.0,0.0,0.0,0.002,0.9975,0.04669518407547691,1891,0.0006497832317080913,7.287154823248335e-07,0.0001423760053625429,16,20,False,0.995,0.005,0.66,fixed,100,none,b05428b4-9e4c-4c24-8ea0-156090d31ad0
1652,233600,27.266379356384277,0.99900075,0.999002,1.0,0.9960719999999998,0.0,0.0,0.0,0.0,0.0,0.0,0.0005,0.0,0.0,0.0,0.0005,0.0,0.0,0.0,0.002,0.9975,0.04669518407547691,1891,0.0006491222345505091,7.279751777846377e-07,0.00014223117242688553,16,20,False,0.995,0.005,0.66,fixed,100,none,b05428b4-9e4c-4c24-8ea0-156090d31ad0
1653,233900,27.2779643535614,0.99900075,0.999002,1.0,0.9960719999999998,0.0,0.0,0.0,0.0,0.0,0.0,0.0005,0.0,0.0,0.0,0.0005,0.0,0.0,0.0,0.002,0.9975,0.04669518407547691,1891,0.000648769961337762,7.279420741722297e-07,0.00014215405353092882,16,20,False,0.995,0.005,0.66,fixed,100,none,b05428b4-9e4c-4c24-8ea0-156090d31ad0
1654,234000,27.289631843566895,0.99900075,0.999002,1.0,0.9960719999999998,0.0,0.0,0.0,0.0,0.0,0.0,0.0005,0.0,0.0,0.0,0.0005,0.0,0.0,0.0,0.002,0.9975,0.04669518407547691,1891,0.0006493169707513641,7.278285596873795e-07,0.00014227377232381422,16,20,False,0.995,0.005,0.66,fixed,100,none,b05428b4-9e4c-4c24-8ea0-156090d31ad0
1655,234200,27.301097869873047,0.99900075,0.999002,1.0,0.9960719999999998,0.0,0.0,0.0,0.0,0.0,0.0,0.0005,0.0,0.0,0.0,0.0005,0.0,0.0,0.0,0.002,0.9975,0.04669518407547691,1891,0.0006526638831687493,7.333654689222457e-07,0.00014300746346473448,16,20,False,0.995,0.005,0.66,fixed,100,none,b05428b4-9e4c-4c24-8ea0-156090d31ad0
1656,234300,27.314749479293823,0.99900075,0.999002,1.0,0.9960719999999998,0.0,0.0,0.0,0.0,0.0,0.0,0.0005,0.0,0.0,0.0,0.0005,0.0,0.0,0.0,0.002,0.9975,0.04669518407547691,1891,0.0006526921853109961,7.336956308245031e-07,0.0001430137215344337,16,20,False,0.995,0.005,0.66,fixed,100,none,b05428b4-9e4c-4c24-8ea0-156090d31ad0
1657,234600,27.327470541000366,0.99900075,0.999002,1.0,0.9960719999999998,0.0,0.0,0.0,0.0,0.0,0.0,0.0005,0.0,0.0,0.0,0.0005,0.0,0.0,0.0,0.002,0.9975,0.04669518407547691,1891,0.0006539852939256281,7.351660280522373e-07,0.00014329706238564994,16,20,False,0.995,0.005,0.66,fixed,100,none,b05428b4-9e4c-4c24-8ea0-156090d31ad0
1658,234700,27.340877294540405,0.99900075,0.999002,1.0,0.9960719999999998,0.0,0.0,0.0,0.0,0.0,0.0,0.0005,0.0,0.0,0.0,0.0005,0.0,0.0,0.0,0.002,0.9975,0.047091412742382266,1890,0.0006545101122875898,7.353644311137201e-07,0.000143411982821665,16,20,False,0.995,0.005,0.66,fixed,100,none,b05428b4-9e4c-4c24-8ea0-156090d31ad0
1659,235000,27.353328704833984,0.99900075,0.999002,1.0,0.9960719999999998,0.0,0.0,0.0,0.0,0.0,0.0,0.0005,0.0,0.0,0.0,0.0005,0.0,0.0,0.0,0.002,0.9975,0.047091412742382266,1890,0.0006547919466272739,7.333004632648339e-07,0.00014347328420473058,16,20,False,0.995,0.005,0.66,fixed,100,none,b05428b4-9e4c-4c24-8ea0-156090d31ad0
1660,235100,27.366171836853027,0.99900075,0.999002,1.0,0.9960719999999998,0.0,0.0,0.0,0.0,0.0,0.0,0.0005,0.0,0.0,0.0,0.0005,0.0,0.0,0.0,0.002,0.9975,0.047091412742382266,1890,0.0006532270888775203,7.300458936375136e-07,0.00014313011847508033,16,20,False,0.995,0.005,0.66,fixed,100,none,b05428b4-9e4c-4c24-8ea0-156090d31ad0
1661,235300,27.38076400756836,0.99900075,0.999002,1.0,0.9960719999999998,0.0,0.0,0.0,0.0,0.0,0.0,0.0005,0.0,0.0,0.0,0.0005,0.0,0.0,0.0,0.002,0.9975,0.047091412742382266,1890,0.0006537433266980864,7.301591459538828e-07,0.00014324314445194236,16,20,False,0.995,0.005,0.66,fixed,100,none,b05428b4-9e4c-4c24-8ea0-156090d31ad0
1662,235400,27.392547369003296,0.99900075,0.999002,1.0,0.9960719999999998,0.0,0.0,0.0,0.0,0.0,0.0,0.0005,0.0,0.0,0.0,0.0005,0.0,0.0,0.0,0.002,0.9975,0.047091412742382266,1890,0.0006536919736853662,7.309919701372351e-07,0.00014323206151405275,16,20,False,0.995,0.005,0.66,fixed,100,none,b05428b4-9e4c-4c24-8ea0-156090d31ad0
1663,235700,27.404206037521362,0.99900075,0.999002,1.0,0.9960719999999998,0.0,0.0,0.0,0.0,0.0,0.0,0.0005,0.0,0.0,0.0,0.0005,0.0,0.0,0.0,0.002,0.9975,0.04669518407547691,1891,0.0006527506632309349,7.292575672100221e-07,0.00014302567911902156,16,20,False,0.995,0.005,0.66,fixed,100,none,b05428b4-9e4c-4c24-8ea0-156090d31ad0
1664,235800,27.415860414505005,0.99900075,0.999002,1.0,0.9960719999999998,0.0,0.0,0.0,0.0,0.0,0.0,0.0005,0.0,0.0,0.0,0.0005,0.0,0.0,0.0,0.002,0.9975,0.04669518407547691,1891,0.0006523612189973896,7.295382700493112e-07,0.00014294048310983795,16,20,False,0.995,0.005,0.66,fixed,100,none,b05428b4-9e4c-4c24-8ea0-156090d31ad0
1665,236000,27.427469491958618,0.99900075,0.999002,1.0,0.9960719999999998,0.0,0.0,0.0,0.0,0.0,0.0,0.0005,0.0,0.0,0.0,0.0005,0.0,0.0,0.0,0.002,0.9975,0.04669518407547691,1891,0.00065402657882635,7.313270115132694e-07,0.00014330537023727553,16,20,False,0.995,0.005,0.66,fixed,100,none,b05428b4-9e4c-4c24-8ea0-156090d31ad0
1666,236100,27.439459800720215,0.99900075,0.999002,1.0,0.9960719999999998,0.0,0.0,0.0,0.0,0.0,0.0,0.0005,0.0,0.0,0.0,0.0005,0.0,0.0,0.0,0.002,0.9975,0.04669518407547691,1891,0.0006541797365776665,7.33255823864423e-07,0.00014333926294338547,16,20,False,0.995,0.005,0.66,fixed,100,none,b05428b4-9e4c-4c24-8ea0-156090d31ad0
1667,236400,27.451435089111328,0.99900075,0.999002,1.0,0.9960719999999998,0.0,0.0,0.0,0.0,0.0,0.0,0.0005,0.0,0.0,0.0,0.0005,0.0,0.0,0.0,0.002,0.9975,0.04669518407547691,1891,0.0006534291261996078,7.313905930832807e-07,0.00014317459993778,16,20,False,0.995,0.005,0.66,fixed,100,none,b05428b4-9e4c-4c24-8ea0-156090d31ad0
1668,236500,27.463236570358276,0.99900075,0.999002,1.0,0.9960719999999998,0.0,0.0,0.0,0.0,0.0,0.0,0.0005,0.0,0.0,0.0,0.0005,0.0,0.0,0.0,0.002,0.9975,0.04669518407547691,1891,0.00065389498362617,7.320641043723157e-07,0.00014327670409559936,16,20,False,0.995,0.005,0.66,fixed,100,none,b05428b4-9e4c-4c24-8ea0-156090d31ad0
1669,236800,27.474947690963745,0.99900075,0.999002,1.0,0.9960719999999998,0.0,0.0,0.0,0.0,0.0,0.0,0.0005,0.0,0.0,0.0,0.0005,0.0,0.0,0.0,0.002,0.9975,0.04669518407547691,1891,0.0006547947724173357,7.336517868280508e-07,0.00014347396952165212,16,20,False,0.995,0.005,0.66,fixed,100,none,b05428b4-9e4c-4c24-8ea0-156090d31ad0
1670,236900,27.48660659790039,0.99900075,0.999002,1.0,0.9960719999999998,0.0,0.0,0.0,0.0,0.0,0.0,0.0005,0.0,0.0,0.0,0.0005,0.0,0.0,0.0,0.002,0.9975,0.04669518407547691,1891,0.0006554357574764921,7.344544990167771e-07,0.00014361443366641734,16,20,False,0.995,0.005,0.66,fixed,100,none,b05428b4-9e4c-4c24-8ea0-156090d31ad0
1671,237000,27.49946117401123,0.99900075,0.999002,1.0,0.9960719999999998,0.0,0.0,0.0,0.0,0.0,0.0,0.0005,0.0,0.0,0.0,0.0005,0.0,0.0,0.0,0.002,0.9975,0.04669518407547691,1891,0.000656356365523763,7.357480401436229e-07,0.00014381620054077903,16,20,False,0.995,0.005,0.66,fixed,100,none,b05428b4-9e4c-4c24-8ea0-156090d31ad0
1672,237100,27.51301336288452,0.99900075,0.999002,1.0,0.9960719999999998,0.0,0.0,0.0,0.0,0.0,0.0,0.0005,0.0,0.0,0.0,0.0005,0.0,0.0,0.0,0.002,0.9975,0.04669518407547691,1891,0.0006570492555519447,7.365572322143314e-07,0.00014396802791444142,16,20,False,0.995,0.005,0.66,fixed,100,none,b05428b4-9e4c-4c24-8ea0-156090d31ad0
1673,237200,27.524867057800293,0.99900075,0.999002,1.0,0.9960719999999998,0.0,0.0,0.0,0.0,0.0,0.0,0.0005,0.0,0.0,0.0,0.0005,0.0,0.0,0.0,0.002,0.9975,0.04669518407547691,1891,0.0006569497032360673,7.368191832874595e-07,0.00014394628568319975,16,20,False,0.995,0.005,0.66,fixed,100,none,b05428b4-9e4c-4c24-8ea0-156090d31ad0
1674,237500,27.536400079727173,0.99900075,0.999002,1.0,0.9960719999999998,0.0,0.0,0.0,0.0,0.0,0.0,0.0005,0.0,0.0,0.0,0.0005,0.0,0.0,0.0,0.002,0.9975,0.04669518407547691,1891,0.0006559811408572583,7.345980748689312e-07,0.00014373384536787894,16,20,False,0.995,0.005,0.66,fixed,100,none,b05428b4-9e4c-4c24-8ea0-156090d31ad0
1675,237600,27.547887086868286,0.99900075,0.999002,1.0,0.9960719999999998,0.0,0.0,0.0,0.0,0.0,0.0,0.0005,0.0,0.0,0.0,0.0005,0.0,0.0,0.0,0.002,0.9975,0.047091412742382266,1890,0.0006556022121429444,7.368520653341971e-07,0.00014365132613050404,16,20,False,0.995,0.005,0.66,fixed,100,none,b05428b4-9e4c-4c24-8ea0-156090d31ad0
1676,237800,27.56053638458252,0.99900075,0.999002,1.0,0.9960719999999998,0.0,0.0,0.0,0.0,0.0,0.0,0.0005,0.0,0.0,0.0,0.0005,0.0,0.0,0.0,0.002,0.9975,0.04669518407547691,1891,0.0006563504545307121,7.405674480549462e-07,0.00014381582231190332,16,20,False,0.995,0.005,0.66,fixed,100,none,b05428b4-9e4c-4c24-8ea0-156090d31ad0
1677,237900,27.574101209640503,0.99900075,0.999002,1.0,0.9960719999999998,0.0,0.0,0.0,0.0,0.0,0.0,0.0005,0.0,0.0,0.0,0.0005,0.0,0.0,0.0,0.002,0.9975,0.04669518407547691,1891,0.0006577833165186373,7.426875818647951e-07,0.00014412987862648402,16,20,False,0.995,0.005,0.66,fixed,100,none,b05428b4-9e4c-4c24-8ea0-156090d31ad0
1678,238200,27.587035417556763,0.99900075,0.999002,1.0,0.9960719999999998,0.0,0.0,0.0,0.0,0.0,0.0,0.0005,0.0,0.0,0.0,0.0005,0.0,0.0,0.0,0.002,0.9975,0.047091412742382266,1890,0.0006588817863165618,7.46582525257107e-07,0.00014437107370449424,16,20,False,0.995,0.005,0.66,fixed,100,none,b05428b4-9e4c-4c24-8ea0-156090d31ad0
1679,238300,27.5992112159729,0.99900075,0.999002,1.0,0.9960719999999998,0.0,0.0,0.0,0.0,0.0,0.0,0.0005,0.0,0.0,0.0,0.0005,0.0,0.0,0.0,0.002,0.9975,0.047091412742382266,1890,0.000659639759882363,7.481274634851174e-07,0.00014453728765631145,16,20,False,0.995,0.005,0.66,fixed,100,none,b05428b4-9e4c-4c24-8ea0-156090d31ad0
1680,238600,27.612637281417847,0.99900075,0.999002,1.0,0.9960719999999998,0.0,0.0,0.0,0.0,0.0,0.0,0.0005,0.0,0.0,0.0,0.0005,0.0,0.0,0.0,0.002,0.9975,0.047091412742382266,1890,0.0006616775021003308,7.526968858747456e-07,0.00014498421761807863,16,20,False,0.995,0.005,0.66,fixed,100,none,b05428b4-9e4c-4c24-8ea0-156090d31ad0
1681,238700,27.624573945999146,0.99900075,0.999002,1.0,0.9960719999999998,0.0,0.0,0.0,0.0,0.0,0.0,0.0005,0.0,0.0,0.0,0.0005,0.0,0.0,0.0,0.002,0.9975,0.047091412742382266,1890,0.0006617553706034126,7.527661566919295e-07,0.00014500127619485848,16,20,False,0.995,0.005,0.66,fixed,100,none,b05428b4-9e4c-4c24-8ea0-156090d31ad0
1682,238900,27.63648509979248,0.99900075,0.999002,1.0,0.9960719999999998,0.0,0.0,0.0,0.0,0.0,0.0,0.0005,0.0,0.0,0.0,0.0005,0.0,0.0,0.0,0.002,0.9975,0.047091412742382266,1890,0.0006616289379680643,7.523724784493596e-07,0.00014497352529211467,16,20,False,0.995,0.005,0.66,fixed,100,none,b05428b4-9e4c-4c24-8ea0-156090d31ad0
1683,239000,27.64834690093994,0.99900075,0.999002,1.0,0.9960719999999998,0.0,0.0,0.0,0.0,0.0,0.0,0.0005,0.0,0.0,0.0,0.0005,0.0,0.0,0.0,0.002,0.9975,0.047091412742382266,1890,0.0006628725725645132,7.532982931302299e-07,0.0001452459328100667,16,20,False,0.995,0.005,0.66,fixed,100,none,b05428b4-9e4c-4c24-8ea0-156090d31ad0
1684,239300,27.659775018692017,0.99900075,0.999002,1.0,0.9960719999999998,0.0,0.0,0.0,0.0,0.0,0.0,0.0005,0.0,0.0,0.0,0.0005,0.0,0.0,0.0,0.002,0.9975,0.047091412742382266,1890,0.0006618200702614408,7.519354803901275e-07,0.0001450152811215035,16,20,False,0.995,0.005,0.66,fixed,100,none,b05428b4-9e4c-4c24-8ea0-156090d31ad0
1685,239400,27.671332597732544,0.99900075,0.999002,1.0,0.9960719999999998,0.0,0.0,0.0,0.0,0.0,0.0,0.0005,0.0,0.0,0.0,0.0005,0.0,0.0,0.0,0.002,0.9975,0.047091412742382266,1890,0.0006628497983367025,7.518923730598049e-07,0.00014524068040678553,16,20,False,0.995,0.005,0.66,fixed,100,none,b05428b4-9e4c-4c24-8ea0-156090d31ad0
1686,239600,27.68286156654358,0.99900075,0.999002,1.0,0.9960719999999998,0.0,0.0,0.0,0.0,0.0,0.0,0.0005,0.0,0.0,0.0,0.0005,0.0,0.0,0.0,0.002,0.9975,0.047091412742382266,1890,0.0006601720543070077,7.495825911748279e-07,0.0001446540833801272,16,20,False,0.995,0.005,0.66,fixed,100,none,b05428b4-9e4c-4c24-8ea0-156090d31ad0
1687,239700,27.694772005081177,0.99900075,0.999002,1.0,0.9960719999999998,0.0,0.0,0.0,0.0,0.0,0.0,0.0005,0.0,0.0,0.0,0.0005,0.0,0.0,0.0,0.002,0.9975,0.047091412742382266,1890,0.0006607760724718558,7.508813984079626e-07,0.00014478654972978678,16,20,False,0.995,0.005,0.66,fixed,100,none,b05428b4-9e4c-4c24-8ea0-156090d31ad0
1688,240000,27.70676875114441,0.99900075,0.999002,1.0,0.9960719999999998,0.0,0.0,0.0,0.0,0.0,0.0,0.0005,0.0,0.0,0.0,0.0005,0.0,0.0,0.0,0.002,0.9975,0.047091412742382266,1890,0.000662593365045666,7.535279001520405e-07,0.00014518485790952518,16,20,False,0.995,0.005,0.66,fixed,100,none,b05428b4-9e4c-4c24-8ea0-156090d31ad0
1689,240100,27.71850299835205,0.99900075,0.999002,1.0,0.9960719999999998,0.0,0.0,0.0,0.0,0.0,0.0,0.0005,0.0,0.0,0.0,0.0005,0.0,0.0,0.0,0.002,0.9975,0.04669518407547691,1891,0.0006641646178104187,7.589385875310087e-07,0.00014552983317033154,16,20,False,0.995,0.005,0.66,fixed,100,none,b05428b4-9e4c-4c24-8ea0-156090d31ad0
1690,240400,27.72984504699707,0.99900075,0.999002,1.0,0.9960719999999998,0.0,0.0,0.0,0.0,0.0,0.0,0.0005,0.0,0.0,0.0,0.0005,0.0,0.0,0.0,0.002,0.9975,0.04669518407547691,1891,0.000664920073487243,7.594032936999102e-07,0.00014569529071216047,16,20,False,0.995,0.005,0.66,fixed,100,none,b05428b4-9e4c-4c24-8ea0-156090d31ad0
1691,240500,27.74220871925354,0.99900075,0.999002,1.0,0.9960719999999998,0.0,0.0,0.0,0.0,0.0,0.0,0.0005,0.0,0.0,0.0,0.0005,0.0,0.0,0.0,0.002,0.9975,0.047091412742382266,1890,0.0006639241853028829,7.588468085993887e-07,0.00014547718505643497,16,20,False,0.995,0.005,0.66,fixed,100,none,b05428b4-9e4c-4c24-8ea0-156090d31ad0
1692,240700,27.753559589385986,0.99900075,0.999002,1.0,0.9960719999999998,0.0,0.0,0.0,0.0,0.0,0.0,0.0005,0.0,0.0,0.0,0.0005,0.0,0.0,0.0,0.002,0.9975,0.047091412742382266,1890,0.0006655181080636731,7.612744442000108e-07,0.00014582655599953604,16,20,False,0.995,0.005,0.66,fixed,100,none,b05428b4-9e4c-4c24-8ea0-156090d31ad0
1693,240800,27.764561653137207,0.99900075,0.999002,1.0,0.9960719999999998,0.0,0.0,0.0,0.0,0.0,0.0,0.0005,0.0,0.0,0.0,0.0005,0.0,0.0,0.0,0.002,0.9975,0.047091412742382266,1890,0.0006667608365238951,7.641866085311891e-07,0.0001460991425707016,16,20,False,0.995,0.005,0.66,fixed,100,none,b05428b4-9e4c-4c24-8ea0-156090d31ad0
1694,240900,27.776389360427856,0.99900075,0.999002,1.0,0.9960719999999998,0.0,0.0,0.0,0.0,0.0,0.0,0.0005,0.0,0.0,0.0,0.0005,0.0,0.0,0.0,0.002,0.9975,0.047091412742382266,1890,0.0006670854764454677,7.636995281001332e-07,0.00014617011370425192,16,20,False,0.995,0.005,0.66,fixed,100,none,b05428b4-9e4c-4c24-8ea0-156090d31ad0
1695,241000,27.787960290908813,0.99900075,0.999002,1.0,0.9960719999999998,0.0,0.0,0.0,0.0,0.0,0.0,0.0005,0.0,0.0,0.0,0.0005,0.0,0.0,0.0,0.002,0.9975,0.04669518407547691,1891,0.0006673565332062182,7.647214225991469e-07,0.000146229642189135,16,20,False,0.995,0.005,0.66,fixed,100,none,b05428b4-9e4c-4c24-8ea0-156090d31ad0
1696,241100,27.79906153678894,0.99900075,0.999002,1.0,0.9960719999999998,0.0,0.0,0.0,0.0,0.0,0.0,0.0005,0.0,0.0,0.0,0.0005,0.0,0.0,0.0,0.002,0.9975,0.04669518407547691,1891,0.0006675012704472128,7.644158512353472e-07,0.0001462612671126296,16,20,False,0.995,0.005,0.66,fixed,100,none,b05428b4-9e4c-4c24-8ea0-156090d31ad0
1697,241200,27.810065269470215,0.99900075,0.999002,1.0,0.9960719999999998,0.0,0.0,0.0,0.0,0.0,0.0,0.0005,0.0,0.0,0.0,0.0005,0.0,0.0,0.0,0.002,0.9975,0.046297950389758855,1892,0.0006668430254803736,7.652320018743233e-07,0.0001461173323580099,16,20,False,0.995,0.005,0.66,fixed,100,none,b05428b4-9e4c-4c24-8ea0-156090d31ad0
1698,241400,27.82134985923767,0.99900075,0.999002,1.0,0.9960719999999998,0.0,0.0,0.0,0.0,0.0,0.0,0.0005,0.0,0.0,0.0,0.0005,0.0,0.0,0.0,0.002,0.9975,0.04669518407547691,1891,0.0006687573052830349,7.706365640558819e-07,0.00014653739507362697,16,20,False,0.995,0.005,0.66,fixed,100,none,b05428b4-9e4c-4c24-8ea0-156090d31ad0
1699,241500,27.833922386169434,0.99900075,0.999002,1.0,0.9960719999999998,0.0,0.0,0.0,0.0,0.0,0.0,0.0005,0.0,0.0,0.0,0.0005,0.0,0.0,0.0,0.002,0.9975,0.047091412742382266,1890,0.0006696196115665591,7.7225196832424e-07,0.0001467264608459014,16,20,False,0.995,0.005,0.66,fixed,100,none,b05428b4-9e4c-4c24-8ea0-156090d31ad0
1700,241800,27.84593629837036,0.99900075,0.999002,1.0,0.9960719999999998,0.0,0.0,0.0,0.0,0.0,0.0,0.0005,0.0,0.0,0.0,0.0005,0.0,0.0,0.0,0.002,0.9975,0.04669518407547691,1891,0.0006719423404940198,7.767478522200533e-07,0.00014723576042606276,16,20,False,0.995,0.005,0.66,fixed,100,none,b05428b4-9e4c-4c24-8ea0-156090d31ad0
1701,241900,27.85920810699463,0.99900075,0.999002,1.0,0.9960719999999998,0.0,0.0,0.0,0.0,0.0,0.0,0.0005,0.0,0.0,0.0,0.0005,0.0,0.0,0.0,0.002,0.9975,0.04669518407547691,1891,0.0006719423404940198,7.767478522200533e-07,0.00014723576042606276,16,20,False,0.995,0.005,0.66,fixed,100,none,b05428b4-9e4c-4c24-8ea0-156090d31ad0
1702,242200,27.870357990264893,0.99900075,0.999002,1.0,0.9960719999999998,0.0,0.0,0.0,0.0,0.0,0.0,0.0005,0.0,0.0,0.0,0.0005,0.0,0.0,0.0,0.002,0.9975,0.047091412742382266,1890,0.0006727380484912869,7.776454080880624e-07,0.00014741011144227942,16,20,False,0.995,0.005,0.66,fixed,100,none,b05428b4-9e4c-4c24-8ea0-156090d31ad0
1703,242300,27.881705284118652,0.99900075,0.999002,1.0,0.9960719999999998,0.0,0.0,0.0,0.0,0.0,0.0,0.0005,0.0,0.0,0.0,0.0005,0.0,0.0,0.0,0.002,0.9975,0.047091412742382266,1890,0.0006738155389735569,7.809769410002768e-07,0.00014764660710010167,16,20,False,0.995,0.005,0.66,fixed,100,none,b05428b4-9e4c-4c24-8ea0-156090d31ad0
1704,242500,27.893272638320923,0.99900075,0.999002,1.0,0.9960719999999998,0.0,0.0,0.0,0.0,0.0,0.0,0.0005,0.0,0.0,0.0,0.0005,0.0,0.0,0.0,0.002,0.9975,0.04669518407547691,1891,0.0006764468931660216,7.856050740228049e-07,0.00014822348987810646,16,20,False,0.995,0.005,0.66,fixed,100,none,b05428b4-9e4c-4c24-8ea0-156090d31ad0
1705,242600,27.904560565948486,0.99900075,0.999002,1.0,0.9960719999999998,0.0,0.0,0.0,0.0,0.0,0.0,0.0005,0.0,0.0,0.0,0.0005,0.0,0.0,0.0,0.002,0.9975,0.04629795038975885,1892,0.000677205816242023,7.872358328308416e-07,0.0001483899279836167,16,20,False,0.995,0.005,0.66,fixed,100,none,b05428b4-9e4c-4c24-8ea0-156090d31ad0
1706,242900,27.916028261184692,0.99900075,0.999002,1.0,0.9960719999999998,0.0,0.0,0.0,0.0,0.0,0.0,0.0005,0.0,0.0,0.0,0.0005,0.0,0.0,0.0,0.002,0.9975,0.045899711685228106,1893,0.0006791109562055023,7.890171534597982e-07,0.00014880730157254183,16,20,False,0.995,0.005,0.66,fixed,100,none,b05428b4-9e4c-4c24-8ea0-156090d31ad0
1707,243000,27.928200244903564,0.99900075,0.999002,1.0,0.9960719999999998,0.0,0.0,0.0,0.0,0.0,0.0,0.0005,0.0,0.0,0.0,0.0005,0.0,0.0,0.0,0.002,0.9975,0.045899711685228106,1893,0.0006791265847739412,7.897382258857584e-07,0.00014881085966993404,16,20,False,0.995,0.005,0.66,fixed,100,none,b05428b4-9e4c-4c24-8ea0-156090d31ad0
1708,243200,27.941617727279663,0.99900075,0.999002,1.0,0.9960719999999998,0.0,0.0,0.0,0.0,0.0,0.0,0.0005,0.0,0.0,0.0,0.0005,0.0,0.0,0.0,0.002,0.9975,0.04629795038975885,1892,0.0006802086800397028,7.921393481824125e-07,0.0001490481865368456,16,20,False,0.995,0.005,0.66,fixed,100,none,b05428b4-9e4c-4c24-8ea0-156090d31ad0
1709,243300,27.95313000679016,0.99900075,0.999002,1.0,0.9960719999999998,0.0,0.0,0.0,0.0,0.0,0.0,0.0005,0.0,0.0,0.0,0.0005,0.0,0.0,0.0,0.002,0.9975,0.04629795038975885,1892,0.0006811055502676404,7.936522728969768e-07,0.0001492447988854369,16,20,False,0.995,0.005,0.66,fixed,100,none,b05428b4-9e4c-4c24-8ea0-156090d31ad0
1710,243600,27.964603424072266,0.99900075,0.999002,1.0,0.9960719999999998,0.0,0.0,0.0,0.0,0.0,0.0,0.0005,0.0,0.0,0.0,0.0005,0.0,0.0,0.0,0.002,0.9975,0.047091412742382266,1890,0.0006814243518239994,7.961087274842183e-07,0.0001493150512724955,16,20,False,0.995,0.005,0.66,fixed,100,none,b05428b4-9e4c-4c24-8ea0-156090d31ad0
1711,243700,27.976646184921265,0.99900075,0.999002,1.0,0.9960719999999998,0.0,0.0,0.0,0.0,0.0,0.0,0.0005,0.0,0.0,0.0,0.0005,0.0,0.0,0.0,0.002,0.9975,0.047091412742382266,1890,0.0006808658513455859,7.956828926587235e-07,0.00014919271460915395,16,20,False,0.995,0.005,0.66,fixed,100,none,b05428b4-9e4c-4c24-8ea0-156090d31ad0
1712,244000,27.988675117492676,0.99900075,0.999002,1.0,0.9960719999999998,0.0,0.0,0.0,0.0,0.0,0.0,0.0005,0.0,0.0,0.0,0.0005,0.0,0.0,0.0,0.002,0.9975,0.04669518407547691,1891,0.000683335645584167,8.002381750074428e-07,0.0001497342180716256,16,20,False,0.995,0.005,0.66,fixed,100,none,b05428b4-9e4c-4c24-8ea0-156090d31ad0
1713,244100,27.999959230422974,0.99900075,0.999002,1.0,0.9960719999999998,0.0,0.0,0.0,0.0,0.0,0.0,0.0005,0.0,0.0,0.0,0.0005,0.0,0.0,0.0,0.002,0.9975,0.04669518407547691,1891,0.0006832811879393291,8.013921865916322e-07,0.00014972251655537156,16,20,False,0.995,0.005,0.66,fixed,100,none,b05428b4-9e4c-4c24-8ea0-156090d31ad0
1714,244300,28.011196851730347,0.99900075,0.999002,1.0,0.9960719999999998,0.0,0.0,0.0,0.0,0.0,0.0,0.0005,0.0,0.0,0.0,0.0005,0.0,0.0,0.0,0.002,0.9975,0.04669518407547691,1891,0.000684198171876628,8.01679406700635e-07,0.000149923298911067,16,20,False,0.995,0.005,0.66,fixed,100,none,b05428b4-9e4c-4c24-8ea0-156090d31ad0
1715,244400,28.022336721420288,0.99900075,0.999002,1.0,0.9960719999999998,0.0,0.0,0.0,0.0,0.0,0.0,0.0005,0.0,0.0,0.0,0.0005,0.0,0.0,0.0,0.002,0.9975,0.04669518407547691,1891,0.0006841459064202102,8.011983491075305e-07,0.00014991176660171445,16,20,False,0.995,0.005,0.66,fixed,100,none,b05428b4-9e4c-4c24-8ea0-156090d31ad0
1716,244700,28.03657031059265,0.99900075,0.999002,1.0,0.9960719999999998,0.0,0.0,0.0,0.0,0.0,0.0,0.0005,0.0,0.0,0.0,0.0005,0.0,0.0,0.0,0.002,0.9975,0.04629795038975885,1892,0.0006838851109002655,7.989965408206931e-07,0.00014985426011882404,16,20,False,0.995,0.005,0.66,fixed,100,none,b05428b4-9e4c-4c24-8ea0-156090d31ad0
1717,244800,28.04873824119568,0.99900075,0.999002,1.0,0.9960719999999998,0.0,0.0,0.0,0.0,0.0,0.0,0.0005,0.0,0.0,0.0,0.0005,0.0,0.0,0.0,0.002,0.9975,0.04629795038975885,1892,0.0006850123905741442,8.003040447569149e-07,0.00015010127006518398,16,20,False,0.995,0.005,0.66,fixed,100,none,b05428b4-9e4c-4c24-8ea0-156090d31ad0
1718,244900,28.063044548034668,0.99900075,0.999002,1.0,0.9960719999999998,0.0,0.0,0.0,0.0,0.0,0.0,0.0005,0.0,0.0,0.0,0.0005,0.0,0.0,0.0,0.002,0.9975,0.045899711685228106,1893,0.0006842553501191151,7.995394229191726e-07,0.00014993540863142893,16,20,False,0.995,0.005,0.66,fixed,100,none,b05428b4-9e4c-4c24-8ea0-156090d31ad0
1719,245000,28.07448172569275,0.99900075,0.999002,1.0,0.9960719999999998,0.0,0.0,0.0,0.0,0.0,0.0,0.0005,0.0,0.0,0.0,0.0005,0.0,0.0,0.0,0.002,0.9975,0.045899711685228106,1893,0.0006841243252308074,7.988232648574489e-07,0.00014990659121334664,16,20,False,0.995,0.005,0.66,fixed,100,none,b05428b4-9e4c-4c24-8ea0-156090d31ad0
1720,245100,28.085803985595703,0.99900075,0.999002,1.0,0.9960719999999998,0.0,0.0,0.0,0.0,0.0,0.0,0.0005,0.0,0.0,0.0,0.0005,0.0,0.0,0.0,0.002,0.9975,0.045899711685228106,1893,0.0006828375829457831,7.972088141892431e-07,0.0001496246165815279,16,20,False,0.995,0.005,0.66,fixed,100,none,b05428b4-9e4c-4c24-8ea0-156090d31ad0
1721,245400,28.09712243080139,0.99900075,0.999002,1.0,0.9960719999999998,0.0,0.0,0.0,0.0,0.0,0.0,0.0005,0.0,0.0,0.0,0.0005,0.0,0.0,0.0,0.002,0.9975,0.045899711685228106,1893,0.0006823508215564218,7.960305260712075e-07,0.00014951784063865425,16,20,False,0.995,0.005,0.66,fixed,100,none,b05428b4-9e4c-4c24-8ea0-156090d31ad0
1722,245500,28.10853862762451,0.99900075,0.999002,1.0,0.9960719999999998,0.0,0.0,0.0,0.0,0.0,0.0,0.0005,0.0,0.0,0.0,0.0005,0.0,0.0,0.0,0.002,0.9975,0.046297950389758855,1892,0.0006839599416771851,7.98746686889947e-07,0.0001498705931036449,16,20,False,0.995,0.005,0.66,fixed,100,none,b05428b4-9e4c-4c24-8ea0-156090d31ad0
1723,245800,28.12065815925598,0.99900075,0.999002,1.0,0.9960719999999998,0.0,0.0,0.0,0.0,0.0,0.0,0.0005,0.0,0.0,0.0,0.0005,0.0,0.0,0.0,0.002,0.9975,0.04669518407547691,1891,0.0006870996099828701,8.015538350977153e-07,0.00015055839985391885,16,20,False,0.995,0.005,0.66,fixed,100,none,b05428b4-9e4c-4c24-8ea0-156090d31ad0
1724,245900,28.132594347000122,0.99900075,0.999002,1.0,0.9960719999999998,0.0,0.0,0.0,0.0,0.0,0.0,0.0005,0.0,0.0,0.0,0.0005,0.0,0.0,0.0,0.002,0.9975,0.045899711685228106,1893,0.0006881510270303151,8.022320615315752e-07,0.00015078868390862698,16,20,False,0.995,0.005,0.66,fixed,100,none,b05428b4-9e4c-4c24-8ea0-156090d31ad0
1725,246100,28.144556999206543,0.99900075,0.999002,1.0,0.9960719999999998,0.0,0.0,0.0,0.0,0.0,0.0,0.0005,0.0,0.0,0.0,0.0005,0.0,0.0,0.0,0.002,0.9975,0.045899711685228106,1893,0.0006861032321882369,7.988772117000542e-07,0.0001503397841962281,16,20,False,0.995,0.005,0.66,fixed,100,none,b05428b4-9e4c-4c24-8ea0-156090d31ad0
1726,246200,28.157549142837524,0.99900075,0.999002,1.0,0.9960719999999998,0.0,0.0,0.0,0.0,0.0,0.0,0.0005,0.0,0.0,0.0,0.0005,0.0,0.0,0.0,0.002,0.9975,0.0458997116852281,1893,0.0006873520645552432,8.022554638025639e-07,0.00015061379546926524,16,20,False,0.995,0.005,0.66,fixed,100,none,b05428b4-9e4c-4c24-8ea0-156090d31ad0
1727,246500,28.170146942138672,0.99900075,0.999002,1.0,0.9960719999999998,0.0,0.0,0.0,0.0,0.0,0.0,0.0005,0.0,0.0,0.0,0.0005,0.0,0.0,0.0,0.002,0.9975,0.0458997116852281,1893,0.0006855180882495941,7.982487259847141e-07,0.00015021157677577328,16,20,False,0.995,0.005,0.66,fixed,100,none,b05428b4-9e4c-4c24-8ea0-156090d31ad0
1728,246600,28.18169927597046,0.99900075,0.999002,1.0,0.9960719999999998,0.0,0.0,0.0,0.0,0.0,0.0,0.0005,0.0,0.0,0.0,0.0005,0.0,0.0,0.0,0.002,0.9975,0.0458997116852281,1893,0.0006845786957666515,7.97405227242316e-07,0.00015000578349649605,16,20,False,0.995,0.005,0.66,fixed,100,none,b05428b4-9e4c-4c24-8ea0-156090d31ad0
1729,246800,28.194698333740234,0.99900075,0.999002,1.0,0.9960719999999998,0.0,0.0,0.0,0.0,0.0,0.0,0.0005,0.0,0.0,0.0,0.0005,0.0,0.0,0.0,0.002,0.9975,0.0458997116852281,1893,0.0006859219818919374,8.002353571928102e-07,0.00015030036655401172,16,20,False,0.995,0.005,0.66,fixed,100,none,b05428b4-9e4c-4c24-8ea0-156090d31ad0
1730,246900,28.206968307495117,0.99900075,0.999002,1.0,0.9960719999999998,0.0,0.0,0.0,0.0,0.0,0.0,0.0005,0.0,0.0,0.0,0.0005,0.0,0.0,0.0,0.002,0.9975,0.0458997116852281,1893,0.0006874313591399435,8.017253860586616e-07,0.0001506310523390848,16,20,False,0.995,0.005,0.66,fixed,100,none,b05428b4-9e4c-4c24-8ea0-156090d31ad0
1731,247000,28.21865749359131,0.99900075,0.999002,1.0,0.9960719999999998,0.0,0.0,0.0,0.0,0.0,0.0,0.0005,0.0,0.0,0.0,0.0005,0.0,0.0,0.0,0.002,0.9975,0.0458997116852281,1893,0.0006865304415728726,8.025048050922916e-07,0.00015043398957326938,16,20,False,0.995,0.005,0.66,fixed,100,none,b05428b4-9e4c-4c24-8ea0-156090d31ad0
1732,247200,28.230699062347412,0.99900075,0.999002,1.0,0.9960719999999998,0.0,0.0,0.0,0.0,0.0,0.0,0.0005,0.0,0.0,0.0,0.0005,0.0,0.0,0.0,0.002,0.9975,0.046297950389758855,1892,0.0006863620889356578,8.026038461547285e-07,0.0001503971559987849,16,20,False,0.995,0.005,0.66,fixed,100,none,b05428b4-9e4c-4c24-8ea0-156090d31ad0
1733,247300,28.24215793609619,0.99900075,0.999002,1.0,0.9960719999999998,0.0,0.0,0.0,0.0,0.0,0.0,0.0005,0.0,0.0,0.0,0.0005,0.0,0.0,0.0,0.002,0.9975,0.046297950389758855,1892,0.0006875537098977085,8.017686641256815e-07,0.00015065784314279227,16,20,False,0.995,0.005,0.66,fixed,100,none,b05428b4-9e4c-4c24-8ea0-156090d31ad0
1734,247600,28.253637313842773,0.99900075,0.999002,1.0,0.9960719999999998,0.0,0.0,0.0,0.0,0.0,0.0,0.0005,0.0,0.0,0.0,0.0005,0.0,0.0,0.0,0.002,0.9975,0.045899711685228106,1893,0.0006880486459532404,8.027648937392856e-07,0.0001507663739289748,16,20,False,0.995,0.005,0.66,fixed,100,none,b05428b4-9e4c-4c24-8ea0-156090d31ad0
1735,247700,28.265512228012085,0.99900075,0.999002,1.0,0.9960719999999998,0.0,0.0,0.0,0.0,0.0,0.0,0.0005,0.0,0.0,0.0,0.0005,0.0,0.0,0.0,0.002,0.9975,0.045899711685228106,1893,0.0006867599492550233,8.015455730226525e-07,0.0001504840465507989,16,20,False,0.995,0.005,0.66,fixed,100,none,b05428b4-9e4c-4c24-8ea0-156090d31ad0
1736,247900,28.276880979537964,0.99900075,0.999002,1.0,0.9960719999999998,0.0,0.0,0.0,0.0,0.0,0.0,0.0005,0.0,0.0,0.0,0.0005,0.0,0.0,0.0,0.002,0.9975,0.046297950389758855,1892,0.0006871532075860238,8.004399092501848e-07,0.00015056992072333815,16,20,False,0.995,0.005,0.66,fixed,100,none,b05428b4-9e4c-4c24-8ea0-156090d31ad0
1737,248000,28.288225889205933,0.99900075,0.999002,1.0,0.9960719999999998,0.0,0.0,0.0,0.0,0.0,0.0,0.0005,0.0,0.0,0.0,0.0005,0.0,0.0,0.0,0.002,0.9975,0.046297950389758855,1892,0.0006878996656132567,8.01158824734843e-07,0.00015073345697944152,16,20,False,0.995,0.005,0.66,fixed,100,none,b05428b4-9e4c-4c24-8ea0-156090d31ad0
1738,248300,28.2996883392334,0.99900075,0.999002,1.0,0.9960719999999998,0.0,0.0,0.0,0.0,0.0,0.0,0.0005,0.0,0.0,0.0,0.0005,0.0,0.0,0.0,0.002,0.9975,0.04669518407547692,1891,0.0006889715121283619,8.036434598475994e-07,0.00015096855626226945,16,20,False,0.995,0.005,0.66,fixed,100,none,b05428b4-9e4c-4c24-8ea0-156090d31ad0
1739,248400,28.312212705612183,0.99900075,0.999002,1.0,0.9960719999999998,0.0,0.0,0.0,0.0,0.0,0.0,0.0005,0.0,0.0,0.0,0.0005,0.0,0.0,0.0,0.002,0.9975,0.046297950389758855,1892,0.0006876198994599768,8.024840795605191e-07,0.0001506724679669054,16,20,False,0.995,0.005,0.66,fixed,100,none,b05428b4-9e4c-4c24-8ea0-156090d31ad0
1740,248600,28.324559211730957,0.99900075,0.999002,1.0,0.9960719999999998,0.0,0.0,0.0,0.0,0.0,0.0,0.0005,0.0,0.0,0.0,0.0005,0.0,0.0,0.0,0.002,0.9975,0.04669518407547692,1891,0.0006867151503153974,8.024231596357183e-07,0.00015047440680437127,16,20,False,0.995,0.005,0.66,fixed,100,none,b05428b4-9e4c-4c24-8ea0-156090d31ad0
1741,248700,28.337120294570923,0.99900075,0.999002,1.0,0.9960719999999998,0.0,0.0,0.0,0.0,0.0,0.0,0.0005,0.0,0.0,0.0,0.0005,0.0,0.0,0.0,0.002,0.9975,0.04669518407547692,1891,0.0006857583114490361,7.999902179789962e-07,0.00015026449251761003,16,20,False,0.995,0.005,0.66,fixed,100,none,b05428b4-9e4c-4c24-8ea0-156090d31ad0
1742,248900,28.34858012199402,0.99900075,0.999002,1.0,0.9960719999999998,0.0,0.0,0.0,0.0,0.0,0.0,0.0005,0.0,0.0,0.0,0.0005,0.0,0.0,0.0,0.002,0.9975,0.046297950389758855,1892,0.0006845824496513639,7.990906679030031e-07,0.00015000692545558513,16,20,False,0.995,0.005,0.66,fixed,100,none,b05428b4-9e4c-4c24-8ea0-156090d31ad0
1743,249000,28.359957218170166,0.99900075,0.999002,1.0,0.9960719999999998,0.0,0.0,0.0,0.0,0.0,0.0,0.0005,0.0,0.0,0.0,0.0005,0.0,0.0,0.0,0.002,0.9975,0.046297950389758855,1892,0.0006849918205338967,7.99245289168633e-07,0.00015009656611981203,16,20,False,0.995,0.005,0.66,fixed,100,none,b05428b4-9e4c-4c24-8ea0-156090d31ad0
1744,249100,28.37286138534546,0.99900075,0.999002,1.0,0.9960719999999998,0.0,0.0,0.0,0.0,0.0,0.0,0.0005,0.0,0.0,0.0,0.0005,0.0,0.0,0.0,0.002,0.9975,0.046297950389758855,1892,0.0006853373527506929,7.990174707309355e-07,0.00015017215983656557,16,20,False,0.995,0.005,0.66,fixed,100,none,b05428b4-9e4c-4c24-8ea0-156090d31ad0
1745,249400,28.38675808906555,0.99900075,0.999002,1.0,0.9960719999999998,0.0,0.0,0.0,0.0,0.0,0.0,0.0005,0.0,0.0,0.0,0.0005,0.0,0.0,0.0,0.002,0.9975,0.046297950389758855,1892,0.0006841750257982957,7.978386837504567e-07,0.0001499175024971595,16,20,False,0.995,0.005,0.66,fixed,100,none,b05428b4-9e4c-4c24-8ea0-156090d31ad0
1746,249500,28.398306846618652,0.99900075,0.999002,1.0,0.9960719999999998,0.0,0.0,0.0,0.0,0.0,0.0,0.0005,0.0,0.0,0.0,0.0005,0.0,0.0,0.0,0.002,0.9975,0.04669518407547692,1891,0.0006834245997917342,7.964240230215718e-07,0.00014975296545878474,16,20,False,0.995,0.005,0.66,fixed,100,none,b05428b4-9e4c-4c24-8ea0-156090d31ad0
1747,249700,28.40990972518921,0.99900075,0.999002,1.0,0.9960719999999998,0.0,0.0,0.0,0.0,0.0,0.0,0.0005,0.0,0.0,0.0,0.0005,0.0,0.0,0.0,0.002,0.9975,0.045899711685228106,1893,0.000684016199260435,7.954623540079227e-07,0.00014988228386537074,16,20,False,0.995,0.005,0.66,fixed,100,none,b05428b4-9e4c-4c24-8ea0-156090d31ad0
1748,249800,28.421391487121582,0.99900075,0.999002,1.0,0.9960719999999998,0.0,0.0,0.0,0.0,0.0,0.0,0.0005,0.0,0.0,0.0,0.0005,0.0,0.0,0.0,0.002,0.9975,0.045899711685228106,1893,0.000683900430686956,7.952547578702684e-07,0.00014985690268137002,16,20,False,0.995,0.005,0.66,fixed,100,none,b05428b4-9e4c-4c24-8ea0-156090d31ad0
1749,250100,28.433055639266968,0.99900075,0.999002,1.0,0.9960719999999998,0.0,0.0,0.0,0.0,0.0,0.0,0.0005,0.0,0.0,0.0,0.0005,0.0,0.0,0.0,0.002,0.9975,0.046297950389758855,1892,0.0006815383746186939,7.937064996033547e-07,0.00014933955443895676,16,20,False,0.995,0.005,0.66,fixed,100,none,b05428b4-9e4c-4c24-8ea0-156090d31ad0
1750,250200,28.444710731506348,0.99900075,0.999002,1.0,0.9960719999999998,0.0,0.0,0.0,0.0,0.0,0.0,0.0005,0.0,0.0,0.0,0.0005,0.0,0.0,0.0,0.002,0.9975,0.04629795038975885,1892,0.0006810429844129676,7.91587768740999e-07,0.00014923071096405941,16,20,False,0.995,0.005,0.66,fixed,100,none,b05428b4-9e4c-4c24-8ea0-156090d31ad0
1751,250500,28.456130743026733,0.99900075,0.999002,1.0,0.9960719999999998,0.0,0.0,0.0,0.0,0.0,0.0,0.0005,0.0,0.0,0.0,0.0005,0.0,0.0,0.0,0.002,0.9975,0.04629795038975885,1892,0.0006806050669970173,7.911871648257397e-07,0.000149134774726964,16,20,False,0.995,0.005,0.66,fixed,100,none,b05428b4-9e4c-4c24-8ea0-156090d31ad0
1752,250600,28.467408895492554,0.99900075,0.999002,1.0,0.9960719999999998,0.0,0.0,0.0,0.0,0.0,0.0,0.0005,0.0,0.0,0.0,0.0005,0.0,0.0,0.0,0.002,0.9975,0.04629795038975885,1892,0.0006805412591785688,7.910699157044144e-07,0.00014912078491817257,16,20,False,0.995,0.005,0.66,fixed,100,none,b05428b4-9e4c-4c24-8ea0-156090d31ad0
1753,250800,28.478567123413086,0.99900075,0.999002,1.0,0.9960719999999998,0.0,0.0,0.0,0.0,0.0,0.0,0.0005,0.0,0.0,0.0,0.0005,0.0,0.0,0.0,0.002,0.9975,0.04629795038975885,1892,0.0006815739972770716,7.937901000570751e-07,0.00014934736812296183,16,20,False,0.995,0.005,0.66,fixed,100,none,b05428b4-9e4c-4c24-8ea0-156090d31ad0
1754,250900,28.48965620994568,0.99900075,0.999002,1.0,0.9960719999999998,0.0,0.0,0.0,0.0,0.0,0.0,0.0005,0.0,0.0,0.0,0.0005,0.0,0.0,0.0,0.002,0.9975,0.047091412742382266,1890,0.000681318385576969,7.937795226385477e-07,0.00014929141271209986,16,20,False,0.995,0.005,0.66,fixed,100,none,b05428b4-9e4c-4c24-8ea0-156090d31ad0
1755,251000,28.50325655937195,0.99900075,0.999002,1.0,0.9960719999999998,0.0,0.0,0.0,0.0,0.0,0.0,0.0005,0.0,0.0,0.0,0.0005,0.0,0.0,0.0,0.002,0.9975,0.04669518407547691,1891,0.0006798755203936323,7.930060338612054e-07,0.00014897542256059974,16,20,False,0.995,0.005,0.66,fixed,100,none,b05428b4-9e4c-4c24-8ea0-156090d31ad0
1756,251100,28.51578402519226,0.99900075,0.999002,1.0,0.9960719999999998,0.0,0.0,0.0,0.0,0.0,0.0,0.0005,0.0,0.0,0.0,0.0005,0.0,0.0,0.0,0.002,0.9975,0.04669518407547691,1891,0.0006798755203936323,7.930060338612054e-07,0.00014897542256059974,16,20,False,0.995,0.005,0.66,fixed,100,none,b05428b4-9e4c-4c24-8ea0-156090d31ad0
1757,251200,28.527556657791138,0.99900075,0.999002,1.0,0.9960719999999998,0.0,0.0,0.0,0.0,0.0,0.0,0.0005,0.0,0.0,0.0,0.0005,0.0,0.0,0.0,0.002,0.9975,0.046297950389758855,1892,0.0006808662596402365,7.947731202141631e-07,0.0001491926311280885,16,20,False,0.995,0.005,0.66,fixed,100,none,b05428b4-9e4c-4c24-8ea0-156090d31ad0
1758,251300,28.53909420967102,0.99900075,0.999002,1.0,0.9960719999999998,0.0,0.0,0.0,0.0,0.0,0.0,0.0005,0.0,0.0,0.0,0.0005,0.0,0.0,0.0,0.002,0.9975,0.046297950389758855,1892,0.0006806622147824984,7.952908874181949e-07,0.00014914806408449838,16,20,False,0.995,0.005,0.66,fixed,100,none,b05428b4-9e4c-4c24-8ea0-156090d31ad0
1759,251500,28.550402641296387,0.99900075,0.999002,1.0,0.9960719999999998,0.0,0.0,0.0,0.0,0.0,0.0,0.0005,0.0,0.0,0.0,0.0005,0.0,0.0,0.0,0.002,0.9975,0.04669518407547691,1891,0.0006822424907500358,7.960866313473642e-07,0.00014949413768513883,16,20,False,0.995,0.005,0.66,fixed,100,none,b05428b4-9e4c-4c24-8ea0-156090d31ad0
1760,251600,28.561803340911865,0.99900075,0.999002,1.0,0.9960719999999998,0.0,0.0,0.0,0.0,0.0,0.0,0.0005,0.0,0.0,0.0,0.0005,0.0,0.0,0.0,0.002,0.9975,0.04669518407547691,1891,0.0006851376610829349,8.016436184732681e-07,0.00015012894629856438,16,20,False,0.995,0.005,0.66,fixed,100,none,b05428b4-9e4c-4c24-8ea0-156090d31ad0
1761,251900,28.573158502578735,0.99900075,0.999002,1.0,0.9960719999999998,0.0,0.0,0.0,0.0,0.0,0.0,0.0005,0.0,0.0,0.0,0.0005,0.0,0.0,0.0,0.002,0.9975,0.04669518407547691,1891,0.0006877524923495206,8.061214026708864e-07,0.00015070218364181753,16,20,False,0.995,0.005,0.66,fixed,100,none,b05428b4-9e4c-4c24-8ea0-156090d31ad0
1762,252000,28.584502935409546,0.99900075,0.999002,1.0,0.9960719999999998,0.0,0.0,0.0,0.0,0.0,0.0,0.0005,0.0,0.0,0.0,0.0005,0.0,0.0,0.0,0.002,0.9975,0.04669518407547691,1891,0.0006876652327379635,8.059568040002123e-07,0.00015068305123910026,16,20,False,0.995,0.005,0.66,fixed,100,none,b05428b4-9e4c-4c24-8ea0-156090d31ad0
1763,252300,28.595890522003174,0.99900075,0.999002,1.0,0.9960719999999998,0.0,0.0,0.0,0.0,0.0,0.0,0.0005,0.0,0.0,0.0,0.0005,0.0,0.0,0.0,0.002,0.9975,0.04629795038975885,1892,0.0006888692089849972,8.096431016050991e-07,0.00015094730203612085,16,20,False,0.995,0.005,0.66,fixed,100,none,b05428b4-9e4c-4c24-8ea0-156090d31ad0
1764,252400,28.610244750976562,0.99900075,0.999002,1.0,0.9960719999999998,0.0,0.0,0.0,0.0,0.0,0.0,0.0005,0.0,0.0,0.0,0.0005,0.0,0.0,0.0,0.002,0.9975,0.04629795038975885,1892,0.0006882594965607508,8.093119620190951e-07,0.00015081377306993198,16,20,False,0.995,0.005,0.66,fixed,100,none,b05428b4-9e4c-4c24-8ea0-156090d31ad0
1765,252600,28.623305559158325,0.99900075,0.999002,1.0,0.9960719999999998,0.0,0.0,0.0,0.0,0.0,0.0,0.0005,0.0,0.0,0.0,0.0005,0.0,0.0,0.0,0.002,0.9975,0.04629795038975885,1892,0.0006893779198319497,8.133012394535301e-07,0.00015105935388670994,16,20,False,0.995,0.005,0.66,fixed,100,none,b05428b4-9e4c-4c24-8ea0-156090d31ad0
1766,252700,28.635607481002808,0.99900075,0.999002,1.0,0.9960719999999998,0.0,0.0,0.0,0.0,0.0,0.0,0.0005,0.0,0.0,0.0,0.0005,0.0,0.0,0.0,0.002,0.9975,0.04629795038975885,1892,0.0006892749694750912,8.132712031365762e-07,0.00015103681234669342,16,20,False,0.995,0.005,0.66,fixed,100,none,b05428b4-9e4c-4c24-8ea0-156090d31ad0
1767,253000,28.648213386535645,0.99900075,0.999002,1.0,0.9960719999999998,0.0,0.0,0.0,0.0,0.0,0.0,0.0005,0.0,0.0,0.0,0.0005,0.0,0.0,0.0,0.002,0.9975,0.04669518407547691,1891,0.0006890708671426859,8.136645175796825e-07,0.00015099220907587407,16,20,False,0.995,0.005,0.66,fixed,100,none,b05428b4-9e4c-4c24-8ea0-156090d31ad0
1768,253100,28.660189867019653,0.99900075,0.999002,1.0,0.9960719999999998,0.0,0.0,0.0,0.0,0.0,0.0,0.0005,0.0,0.0,0.0,0.0005,0.0,0.0,0.0,0.002,0.9975,0.04669518407547691,1891,0.0006877888205362063,8.11221654599689e-07,0.00015071110492974953,16,20,False,0.995,0.005,0.66,fixed,100,none,b05428b4-9e4c-4c24-8ea0-156090d31ad0
1769,253300,28.67297101020813,0.99900075,0.999002,1.0,0.9960719999999998,0.0,0.0,0.0,0.0,0.0,0.0,0.0005,0.0,0.0,0.0,0.0005,0.0,0.0,0.0,0.002,0.9975,0.045899711685228106,1893,0.0006870366822339009,8.109611261106754e-07,0.00015054641235496196,16,20,False,0.995,0.005,0.66,fixed,100,none,b05428b4-9e4c-4c24-8ea0-156090d31ad0
1770,253400,28.68488645553589,0.99900075,0.999002,1.0,0.9960719999999998,0.0,0.0,0.0,0.0,0.0,0.0,0.0005,0.0,0.0,0.0,0.0005,0.0,0.0,0.0,0.002,0.9975,0.04629795038975885,1892,0.0006870782369586071,8.108370443023373e-07,0.00015055548510865656,16,20,False,0.995,0.005,0.66,fixed,100,none,b05428b4-9e4c-4c24-8ea0-156090d31ad0
1771,253700,28.696991682052612,0.99900075,0.999002,1.0,0.9960719999999998,0.0,0.0,0.0,0.0,0.0,0.0,0.0005,0.0,0.0,0.0,0.0005,0.0,0.0,0.0,0.002,0.9975,0.045899711685228106,1893,0.0006888606057966004,8.128837551323703e-07,0.000150946034522351,16,20,False,0.995,0.005,0.66,fixed,100,none,b05428b4-9e4c-4c24-8ea0-156090d31ad0
1772,253800,28.70938754081726,0.99900075,0.999002,1.0,0.9960719999999998,0.0,0.0,0.0,0.0,0.0,0.0,0.0005,0.0,0.0,0.0,0.0005,0.0,0.0,0.0,0.002,0.9975,0.04629795038975885,1892,0.0006883585400866705,8.126693783896009e-07,0.00015083609160686622,16,20,False,0.995,0.005,0.66,fixed,100,none,b05428b4-9e4c-4c24-8ea0-156090d31ad0
1773,254100,28.72312092781067,0.99900075,0.999002,1.0,0.9960719999999998,0.0,0.0,0.0,0.0,0.0,0.0,0.0005,0.0,0.0,0.0,0.0005,0.0,0.0,0.0,0.002,0.9975,0.04629795038975885,1892,0.00068740137446653,8.114127868218183e-07,0.00015062632930021956,16,20,False,0.995,0.005,0.66,fixed,100,none,b05428b4-9e4c-4c24-8ea0-156090d31ad0
1774,254200,28.734659910202026,0.99900075,0.999002,1.0,0.9960719999999998,0.0,0.0,0.0,0.0,0.0,0.0,0.0005,0.0,0.0,0.0,0.0005,0.0,0.0,0.0,0.002,0.9975,0.04669518407547691,1891,0.0006879548167191773,8.118947972426821e-07,0.00015074756939130403,16,20,False,0.995,0.005,0.66,fixed,100,none,b05428b4-9e4c-4c24-8ea0-156090d31ad0
1775,254400,28.74709177017212,0.99900075,0.999002,1.0,0.9960719999999998,0.0,0.0,0.0,0.0,0.0,0.0,0.0005,0.0,0.0,0.0,0.0005,0.0,0.0,0.0,0.002,0.9975,0.04629795038975885,1892,0.0006868579228335441,8.088547099733092e-07,0.00015050688170315774,16,20,False,0.995,0.005,0.66,fixed,100,none,b05428b4-9e4c-4c24-8ea0-156090d31ad0
1776,254500,28.759501457214355,0.99900075,0.999002,1.0,0.9960719999999998,0.0,0.0,0.0,0.0,0.0,0.0,0.0005,0.0,0.0,0.0,0.0005,0.0,0.0,0.0,0.002,0.9975,0.04629795038975885,1892,0.0006881216394352498,8.113630393956936e-07,0.0001507839858498614,16,20,False,0.995,0.005,0.66,fixed,100,none,b05428b4-9e4c-4c24-8ea0-156090d31ad0
1777,254800,28.772618770599365,0.99900075,0.999002,1.0,0.9960719999999998,0.0,0.0,0.0,0.0,0.0,0.0,0.0005,0.0,0.0,0.0,0.0005,0.0,0.0,0.0,0.002,0.9975,0.04629795038975885,1892,0.0006876622530506315,8.088468815017587e-07,0.0001506829481002686,16,20,False,0.995,0.005,0.66,fixed,100,none,b05428b4-9e4c-4c24-8ea0-156090d31ad0
1778,254900,28.784881353378296,0.99900075,0.999002,1.0,0.9960719999999998,0.0,0.0,0.0,0.0,0.0,0.0,0.0005,0.0,0.0,0.0,0.0005,0.0,0.0,0.0,0.002,0.9975,0.04629795038975885,1892,0.0006874346031741879,8.087059915760627e-07,0.0001506330887732292,16,20,False,0.995,0.005,0.66,fixed,100,none,b05428b4-9e4c-4c24-8ea0-156090d31ad0
1779,255100,28.79707956314087,0.99900075,0.999002,1.0,0.9960719999999998,0.0,0.0,0.0,0.0,0.0,0.0,0.0005,0.0,0.0,0.0,0.0005,0.0,0.0,0.0,0.002,0.9975,0.045899711685228106,1893,0.0006875771076009602,8.084461325062873e-07,0.0001506642336190264,16,20,False,0.995,0.005,0.66,fixed,100,none,b05428b4-9e4c-4c24-8ea0-156090d31ad0
1780,255200,28.809455633163452,0.99900075,0.999002,1.0,0.9960719999999998,0.0,0.0,0.0,0.0,0.0,0.0,0.0005,0.0,0.0,0.0,0.0005,0.0,0.0,0.0,0.002,0.9975,0.045899711685228106,1893,0.0006878533121006274,8.092479006333039e-07,0.00015072484711994768,16,20,False,0.995,0.005,0.66,fixed,100,none,b05428b4-9e4c-4c24-8ea0-156090d31ad0
1781,255500,28.821284294128418,0.99900075,0.999002,1.0,0.9960719999999998,0.0,0.0,0.0,0.0,0.0,0.0,0.0005,0.0,0.0,0.0,0.0005,0.0,0.0,0.0,0.002,0.9975,0.045899711685228106,1893,0.0006886043290175208,8.093666623545199e-07,0.00015088926728778267,16,20,False,0.995,0.005,0.66,fixed,100,none,b05428b4-9e4c-4c24-8ea0-156090d31ad0
1782,255600,28.834559440612793,0.99900075,0.999002,1.0,0.9960719999999998,0.0,0.0,0.0,0.0,0.0,0.0,0.0005,0.0,0.0,0.0,0.0005,0.0,0.0,0.0,0.002,0.9975,0.045899711685228106,1893,0.0006893654993907349,8.103558926320795e-07,0.00015105607543623197,16,20,False,0.995,0.005,0.66,fixed,100,none,b05428b4-9e4c-4c24-8ea0-156090d31ad0
1783,255900,28.846285343170166,0.99900075,0.999002,1.0,0.9960719999999998,0.0,0.0,0.0,0.0,0.0,0.0,0.0005,0.0,0.0,0.0,0.0005,0.0,0.0,0.0,0.002,0.9975,0.046297950389758855,1892,0.0006881033706754436,8.081498153869809e-07,0.00015077937630577815,16,20,False,0.995,0.005,0.66,fixed,100,none,b05428b4-9e4c-4c24-8ea0-156090d31ad0
1784,256000,28.859014987945557,0.99900075,0.999002,1.0,0.9960719999999998,0.0,0.0,0.0,0.0,0.0,0.0,0.0005,0.0,0.0,0.0,0.0005,0.0,0.0,0.0,0.002,0.9975,0.046297950389758855,1892,0.0006881033706754436,8.081498153869809e-07,0.00015077937630577815,16,20,False,0.995,0.005,0.66,fixed,100,none,b05428b4-9e4c-4c24-8ea0-156090d31ad0
1785,256200,28.873392581939697,0.99900075,0.999002,1.0,0.9960719999999998,0.0,0.0,0.0,0.0,0.0,0.0,0.0005,0.0,0.0,0.0,0.0005,0.0,0.0,0.0,0.002,0.9975,0.045899711685228106,1893,0.0006893104391122214,8.135696888144886e-07,0.00015104463336254004,16,20,False,0.995,0.005,0.66,fixed,100,none,b05428b4-9e4c-4c24-8ea0-156090d31ad0
1786,256300,28.88608431816101,0.99900075,0.999002,1.0,0.9960719999999998,0.0,0.0,0.0,0.0,0.0,0.0,0.0005,0.0,0.0,0.0,0.0005,0.0,0.0,0.0,0.002,0.9975,0.045899711685228106,1893,0.0006890337968875445,8.139814785820339e-07,0.00015098415461961407,16,20,False,0.995,0.005,0.66,fixed,100,none,b05428b4-9e4c-4c24-8ea0-156090d31ad0
1787,256600,28.898887395858765,0.99900075,0.999002,1.0,0.9960719999999998,0.0,0.0,0.0,0.0,0.0,0.0,0.0005,0.0,0.0,0.0,0.0005,0.0,0.0,0.0,0.002,0.9975,0.045899711685228106,1893,0.0006900842490215949,8.150916868295852e-07,0.00015121430953132474,16,20,False,0.995,0.005,0.66,fixed,100,none,b05428b4-9e4c-4c24-8ea0-156090d31ad0
1788,256700,28.912060737609863,0.99900075,0.999002,1.0,0.9960719999999998,0.0,0.0,0.0,0.0,0.0,0.0,0.0005,0.0,0.0,0.0,0.0005,0.0,0.0,0.0,0.002,0.9975,0.04550046796188468,1894,0.0006902150554421363,8.151787006051869e-07,0.00015124295958939864,16,20,False,0.995,0.005,0.66,fixed,100,none,b05428b4-9e4c-4c24-8ea0-156090d31ad0
1789,256900,28.92392325401306,0.99900075,0.999002,1.0,0.9960719999999998,0.0,0.0,0.0,0.0,0.0,0.0,0.0005,0.0,0.0,0.0,0.0005,0.0,0.0,0.0,0.002,0.9975,0.045899711685228106,1893,0.0006903202397833424,8.137650063509371e-07,0.00015126571583978034,16,20,False,0.995,0.005,0.66,fixed,100,none,b05428b4-9e4c-4c24-8ea0-156090d31ad0
1790,257000,28.93545651435852,0.99900075,0.999002,1.0,0.9960719999999998,0.0,0.0,0.0,0.0,0.0,0.0,0.0005,0.0,0.0,0.0,0.0005,0.0,0.0,0.0,0.002,0.9975,0.045899711685228106,1893,0.0006903582158195705,8.146166551931743e-07,0.0001512741906073907,16,20,False,0.995,0.005,0.66,fixed,100,none,b05428b4-9e4c-4c24-8ea0-156090d31ad0
1791,257200,28.9469735622406,0.99900075,0.999002,1.0,0.9960719999999998,0.0,0.0,0.0,0.0,0.0,0.0,0.0005,0.0,0.0,0.0,0.0005,0.0,0.0,0.0,0.002,0.9975,0.045899711685228106,1893,0.00069195272978745,8.167101299650261e-07,0.00015162362747516618,16,20,False,0.995,0.005,0.66,fixed,100,none,b05428b4-9e4c-4c24-8ea0-156090d31ad0
1792,257300,28.9592342376709,0.99900075,0.999002,1.0,0.9960719999999998,0.0,0.0,0.0,0.0,0.0,0.0,0.0005,0.0,0.0,0.0,0.0005,0.0,0.0,0.0,0.002,0.9975,0.045899711685228106,1893,0.0006918398451138822,8.168551789748757e-07,0.00015159894457943403,16,20,False,0.995,0.005,0.66,fixed,100,none,b05428b4-9e4c-4c24-8ea0-156090d31ad0
1793,257400,28.973090648651123,0.99900075,0.999002,1.0,0.9960719999999998,0.0,0.0,0.0,0.0,0.0,0.0,0.0005,0.0,0.0,0.0,0.0005,0.0,0.0,0.0,0.002,0.9975,0.045899711685228106,1893,0.0006930402663126999,8.18570520771667e-07,0.00015186204269479662,16,20,False,0.995,0.005,0.66,fixed,100,none,b05428b4-9e4c-4c24-8ea0-156090d31ad0
1794,257700,28.984958171844482,0.99900075,0.999002,1.0,0.9960719999999998,0.0,0.0,0.0,0.0,0.0,0.0,0.0005,0.0,0.0,0.0,0.0005,0.0,0.0,0.0,0.002,0.9975,0.045899711685228106,1893,0.0006930485094192752,8.177872873727721e-07,0.0001518636982964802,16,20,False,0.995,0.005,0.66,fixed,100,none,b05428b4-9e4c-4c24-8ea0-156090d31ad0
1795,257800,28.99808406829834,0.99900075,0.999002,1.0,0.9960719999999998,0.0,0.0,0.0,0.0,0.0,0.0,0.0005,0.0,0.0,0.0,0.0005,0.0,0.0,0.0,0.002,0.9975,0.045899711685228106,1893,0.0006918895157266103,8.170287330716068e-07,0.00015160985045183862,16,20,False,0.995,0.005,0.66,fixed,100,none,b05428b4-9e4c-4c24-8ea0-156090d31ad0
1796,258000,29.010220289230347,0.99900075,0.999002,1.0,0.9960719999999998,0.0,0.0,0.0,0.0,0.0,0.0,0.0005,0.0,0.0,0.0,0.0005,0.0,0.0,0.0,0.002,0.9975,0.045899711685228106,1893,0.0006902450876590547,8.143683544910992e-07,0.0001512493796759204,16,20,False,0.995,0.005,0.66,fixed,100,none,b05428b4-9e4c-4c24-8ea0-156090d31ad0
1797,258100,29.02185344696045,0.99900075,0.999002,1.0,0.9960719999999998,0.0,0.0,0.0,0.0,0.0,0.0,0.0005,0.0,0.0,0.0,0.0005,0.0,0.0,0.0,0.002,0.9975,0.04629795038975885,1892,0.0006891292937938213,8.129832639944636e-07,0.00015100486923162645,16,20,False,0.995,0.005,0.66,fixed,100,none,b05428b4-9e4c-4c24-8ea0-156090d31ad0
1798,258400,29.03419852256775,0.99900075,0.999002,1.0,0.9960719999999998,0.0,0.0,0.0,0.0,0.0,0.0,0.0005,0.0,0.0,0.0,0.0005,0.0,0.0,0.0,0.002,0.9975,0.045899711685228106,1893,0.0006907748812820901,8.151213234766572e-07,0.00015136549456411008,16,20,False,0.995,0.005,0.66,fixed,100,none,b05428b4-9e4c-4c24-8ea0-156090d31ad0
1799,258500,29.0458562374115,0.99900075,0.999002,1.0,0.9960719999999998,0.0,0.0,0.0,0.0,0.0,0.0,0.0005,0.0,0.0,0.0,0.0005,0.0,0.0,0.0,0.002,0.9975,0.045899711685228106,1893,0.0006907833065603742,8.180759766788837e-07,0.00015136790024163492,16,20,False,0.995,0.005,0.66,fixed,100,none,b05428b4-9e4c-4c24-8ea0-156090d31ad0
1800,258700,29.05746841430664,0.99900075,0.999002,1.0,0.9960719999999998,0.0,0.0,0.0,0.0,0.0,0.0,0.0005,0.0,0.0,0.0,0.0005,0.0,0.0,0.0,0.002,0.9975,0.045899711685228106,1893,0.0006905773497461738,8.176055182041443e-07,0.00015132272690789625,16,20,False,0.995,0.005,0.66,fixed,100,none,b05428b4-9e4c-4c24-8ea0-156090d31ad0
1801,258800,29.068886280059814,0.99900075,0.999002,1.0,0.9960719999999998,0.0,0.0,0.0,0.0,0.0,0.0,0.0005,0.0,0.0,0.0,0.0005,0.0,0.0,0.0,0.002,0.9975,0.045899711685228106,1893,0.0006906469837418316,8.173075323601117e-07,0.0001513379131722354,16,20,False,0.995,0.005,0.66,fixed,100,none,b05428b4-9e4c-4c24-8ea0-156090d31ad0
1802,259100,29.080341339111328,0.99900075,0.999002,1.0,0.9960719999999998,0.0,0.0,0.0,0.0,0.0,0.0,0.0005,0.0,0.0,0.0,0.0005,0.0,0.0,0.0,0.002,0.9975,0.04629795038975885,1892,0.0006897554852255447,8.183743727205643e-07,0.00015114296684668862,16,20,False,0.995,0.005,0.66,fixed,100,none,b05428b4-9e4c-4c24-8ea0-156090d31ad0
1803,259200,29.092795610427856,0.99900075,0.999002,1.0,0.9960719999999998,0.0,0.0,0.0,0.0,0.0,0.0,0.0005,0.0,0.0,0.0,0.0005,0.0,0.0,0.0,0.002,0.9975,0.04669518407547691,1891,0.0006894343903184021,8.16226084068361e-07,0.0001510722709966712,16,20,False,0.995,0.005,0.66,fixed,100,none,b05428b4-9e4c-4c24-8ea0-156090d31ad0
1804,259300,29.10630965232849,0.99900075,0.999002,1.0,0.9960719999999998,0.0,0.0,0.0,0.0,0.0,0.0,0.0005,0.0,0.0,0.0,0.0005,0.0,0.0,0.0,0.002,0.9975,0.04669518407547691,1891,0.0006902076603111472,8.175682985203178e-07,0.00015124179481882898,16,20,False,0.995,0.005,0.66,fixed,100,none,b05428b4-9e4c-4c24-8ea0-156090d31ad0
1805,259400,29.117804527282715,0.99900075,0.999002,1.0,0.9960719999999998,0.0,0.0,0.0,0.0,0.0,0.0,0.0005,0.0,0.0,0.0,0.0005,0.0,0.0,0.0,0.002,0.9975,0.04669518407547691,1891,0.0006906473228056716,8.176705394733837e-07,0.00015133805636466144,16,20,False,0.995,0.005,0.66,fixed,100,none,b05428b4-9e4c-4c24-8ea0-156090d31ad0
1806,259500,29.12916898727417,0.99900075,0.999002,1.0,0.9960719999999998,0.0,0.0,0.0,0.0,0.0,0.0,0.0005,0.0,0.0,0.0,0.0005,0.0,0.0,0.0,0.002,0.9975,0.04669518407547691,1891,0.0006920974546389916,8.20700691100988e-07,0.00015165606595178444,16,20,False,0.995,0.005,0.66,fixed,100,none,b05428b4-9e4c-4c24-8ea0-156090d31ad0
1807,259600,29.141700267791748,0.99900075,0.999002,1.0,0.9960719999999998,0.0,0.0,0.0,0.0,0.0,0.0,0.0005,0.0,0.0,0.0,0.0005,0.0,0.0,0.0,0.002,0.9975,0.04669518407547691,1891,0.0006920133494758434,8.183086322388792e-07,0.00015163720084038752,16,20,False,0.995,0.005,0.66,fixed,100,none,b05428b4-9e4c-4c24-8ea0-156090d31ad0
1808,259800,29.15457010269165,0.99900075,0.999002,1.0,0.9960719999999998,0.0,0.0,0.0,0.0,0.0,0.0,0.0005,0.0,0.0,0.0,0.0005,0.0,0.0,0.0,0.002,0.9975,0.04669518407547691,1891,0.0006925626400373773,8.190318214083316e-07,0.0001517575779502495,16,20,False,0.995,0.005,0.66,fixed,100,none,b05428b4-9e4c-4c24-8ea0-156090d31ad0
1809,259900,29.166783571243286,0.99900075,0.999002,1.0,0.9960719999999998,0.0,0.0,0.0,0.0,0.0,0.0,0.0005,0.0,0.0,0.0,0.0005,0.0,0.0,0.0,0.002,0.9975,0.045899711685228106,1893,0.000692823352453571,8.211269737028427e-07,0.00015181504597709024,16,20,False,0.995,0.005,0.66,fixed,100,none,b05428b4-9e4c-4c24-8ea0-156090d31ad0
1810,260200,29.17973828315735,0.99900075,0.999002,1.0,0.9960719999999998,0.0,0.0,0.0,0.0,0.0,0.0,0.0005,0.0,0.0,0.0,0.0005,0.0,0.0,0.0,0.002,0.9975,0.04550046796188467,1894,0.0006946649770078201,8.234243947684788e-07,0.00015221861410201783,16,20,False,0.995,0.005,0.66,fixed,100,none,b05428b4-9e4c-4c24-8ea0-156090d31ad0
1811,260300,29.19106888771057,0.99900075,0.999002,1.0,0.9960719999999998,0.0,0.0,0.0,0.0,0.0,0.0,0.0005,0.0,0.0,0.0,0.0005,0.0,0.0,0.0,0.002,0.9975,0.045899711685228106,1893,0.0006946987089868055,8.214423471475181e-07,0.00015222562144316974,16,20,False,0.995,0.005,0.66,fixed,100,none,b05428b4-9e4c-4c24-8ea0-156090d31ad0
1812,260500,29.202276945114136,0.99900075,0.999002,1.0,0.9960719999999998,0.0,0.0,0.0,0.0,0.0,0.0,0.0005,0.0,0.0,0.0,0.0005,0.0,0.0,0.0,0.002,0.9975,0.045899711685228106,1893,0.0006925893541636783,8.183382025401286e-07,0.0001517632938849118,16,20,False,0.995,0.005,0.66,fixed,100,none,b05428b4-9e4c-4c24-8ea0-156090d31ad0
1813,260600,29.213356733322144,0.99900075,0.999002,1.0,0.9960719999999998,0.0,0.0,0.0,0.0,0.0,0.0,0.0005,0.0,0.0,0.0,0.0005,0.0,0.0,0.0,0.002,0.9975,0.045899711685228106,1893,0.0006922671398120233,8.184940883192715e-07,0.00015169279078163257,16,20,False,0.995,0.005,0.66,fixed,100,none,b05428b4-9e4c-4c24-8ea0-156090d31ad0
1814,260900,29.224873781204224,0.99900075,0.999002,1.0,0.9960719999999998,0.0,0.0,0.0,0.0,0.0,0.0,0.0005,0.0,0.0,0.0,0.0005,0.0,0.0,0.0,0.002,0.9975,0.046297950389758855,1892,0.0006936287314259496,8.205932098679359e-07,0.0001519912420190153,16,20,False,0.995,0.005,0.66,fixed,100,none,b05428b4-9e4c-4c24-8ea0-156090d31ad0
1815,261000,29.23601222038269,0.99900075,0.999002,1.0,0.9960719999999998,0.0,0.0,0.0,0.0,0.0,0.0,0.0005,0.0,0.0,0.0,0.0005,0.0,0.0,0.0,0.002,0.9975,0.046297950389758855,1892,0.0006951985075206241,8.227042922921056e-07,0.00015233526711180012,16,20,False,0.995,0.005,0.66,fixed,100,none,b05428b4-9e4c-4c24-8ea0-156090d31ad0
1816,261300,29.24841046333313,0.99900075,0.999002,1.0,0.9960719999999998,0.0,0.0,0.0,0.0,0.0,0.0,0.0005,0.0,0.0,0.0,0.0005,0.0,0.0,0.0,0.002,0.9975,0.046297950389758855,1892,0.000695659794410201,8.225376253847683e-07,0.0001524362111452161,16,20,False,0.995,0.005,0.66,fixed,100,none,b05428b4-9e4c-4c24-8ea0-156090d31ad0
1817,261400,29.261422395706177,0.99900075,0.999002,1.0,0.9960719999999998,0.0,0.0,0.0,0.0,0.0,0.0,0.0005,0.0,0.0,0.0,0.0005,0.0,0.0,0.0,0.002,0.9975,0.045899711685228106,1893,0.00069501444971615,8.219416043974462e-07,0.00015229483194770076,16,20,False,0.995,0.005,0.66,fixed,100,none,b05428b4-9e4c-4c24-8ea0-156090d31ad0
1818,261500,29.272703170776367,0.99900075,0.999002,1.0,0.9960719999999998,0.0,0.0,0.0,0.0,0.0,0.0,0.0005,0.0,0.0,0.0,0.0005,0.0,0.0,0.0,0.002,0.9975,0.045899711685228106,1893,0.0006968832744097078,8.2535090543085e-07,0.0001527045654403169,16,20,False,0.995,0.005,0.66,fixed,100,none,b05428b4-9e4c-4c24-8ea0-156090d31ad0
1819,261600,29.283804655075073,0.99900075,0.999002,1.0,0.9960719999999998,0.0,0.0,0.0,0.0,0.0,0.0,0.0005,0.0,0.0,0.0,0.0005,0.0,0.0,0.0,0.002,0.9975,0.045899711685228106,1893,0.0006963915340372284,8.247079141479481e-07,0.0001525968013044374,16,20,False,0.995,0.005,0.66,fixed,100,none,b05428b4-9e4c-4c24-8ea0-156090d31ad0
1820,261700,29.294888734817505,0.99900075,0.999002,1.0,0.9960719999999998,0.0,0.0,0.0,0.0,0.0,0.0,0.0005,0.0,0.0,0.0,0.0005,0.0,0.0,0.0,0.002,0.9975,0.045899711685228106,1893,0.000696229942173989,8.248476120605085e-07,0.0001525614553881777,16,20,False,0.995,0.005,0.66,fixed,100,none,b05428b4-9e4c-4c24-8ea0-156090d31ad0
1821,262000,29.30593204498291,0.99900075,0.999002,1.0,0.9960719999999998,0.0,0.0,0.0,0.0,0.0,0.0,0.0005,0.0,0.0,0.0,0.0005,0.0,0.0,0.0,0.002,0.9975,0.045899711685228106,1893,0.000697220813535915,8.276683417788191e-07,0.00015277889306794976,16,20,False,0.995,0.005,0.66,fixed,100,none,b05428b4-9e4c-4c24-8ea0-156090d31ad0
1822,262100,29.3177752494812,0.99900075,0.999002,1.0,0.9960719999999998,0.0,0.0,0.0,0.0,0.0,0.0,0.0005,0.0,0.0,0.0,0.0005,0.0,0.0,0.0,0.002,0.9975,0.046297950389758855,1892,0.0006972948537087571,8.286613126572556e-07,0.00015279528912625183,16,20,False,0.995,0.005,0.66,fixed,100,none,b05428b4-9e4c-4c24-8ea0-156090d31ad0
1823,262300,29.328827142715454,0.99900075,0.999002,1.0,0.9960719999999998,0.0,0.0,0.0,0.0,0.0,0.0,0.0005,0.0,0.0,0.0,0.0005,0.0,0.0,0.0,0.002,0.9975,0.04669518407547691,1891,0.0007009979269025586,8.337383571680924e-07,0.00015360685648683204,16,20,False,0.995,0.005,0.66,fixed,100,none,b05428b4-9e4c-4c24-8ea0-156090d31ad0
1824,262400,29.33992886543274,0.99900075,0.999002,1.0,0.9960719999999998,0.0,0.0,0.0,0.0,0.0,0.0,0.0005,0.0,0.0,0.0,0.0005,0.0,0.0,0.0,0.002,0.9975,0.045899711685228106,1893,0.0007003090294847235,8.330740092121298e-07,0.00015345593061595627,16,20,False,0.995,0.005,0.66,fixed,100,none,b05428b4-9e4c-4c24-8ea0-156090d31ad0
1825,262700,29.3530752658844,0.99900075,0.999002,1.0,0.9960719999999998,0.0,0.0,0.0,0.0,0.0,0.0,0.0005,0.0,0.0,0.0,0.0005,0.0,0.0,0.0,0.002,0.9975,0.04629795038975885,1892,0.0007036721855724292,8.397837182444235e-07,0.00015419340032827122,16,20,False,0.995,0.005,0.66,fixed,100,none,b05428b4-9e4c-4c24-8ea0-156090d31ad0
1826,262800,29.364694833755493,0.99900075,0.999002,1.0,0.9960719999999998,0.0,0.0,0.0,0.0,0.0,0.0,0.0005,0.0,0.0,0.0,0.0005,0.0,0.0,0.0,0.002,0.9975,0.04629795038975885,1892,0.0007048545624841583,8.431053702889546e-07,0.00015445285374813715,16,20,False,0.995,0.005,0.66,fixed,100,none,b05428b4-9e4c-4c24-8ea0-156090d31ad0
1827,263100,29.375879287719727,0.99900075,0.999002,1.0,0.9960719999999998,0.0,0.0,0.0,0.0,0.0,0.0,0.0005,0.0,0.0,0.0,0.0005,0.0,0.0,0.0,0.002,0.9975,0.04629795038975885,1892,0.0007062168525763822,8.477952602079541e-07,0.00015475195012840958,16,20,False,0.995,0.005,0.66,fixed,100,none,b05428b4-9e4c-4c24-8ea0-156090d31ad0
1828,263200,29.387015104293823,0.99900075,0.999002,1.0,0.9960719999999998,0.0,0.0,0.0,0.0,0.0,0.0,0.0005,0.0,0.0,0.0,0.0005,0.0,0.0,0.0,0.002,0.9975,0.04629795038975885,1892,0.0007080745745841323,8.50499843219561e-07,0.0001551591193466783,16,20,False,0.995,0.005,0.66,fixed,100,none,b05428b4-9e4c-4c24-8ea0-156090d31ad0
1829,263400,29.398675203323364,0.99900075,0.999002,1.0,0.9960719999999998,0.0,0.0,0.0,0.0,0.0,0.0,0.0005,0.0,0.0,0.0,0.0005,0.0,0.0,0.0,0.002,0.9975,0.04629795038975885,1892,0.0007077810718088718,8.506214127652094e-07,0.00015509489468738742,16,20,False,0.995,0.005,0.66,fixed,100,none,b05428b4-9e4c-4c24-8ea0-156090d31ad0
1830,263500,29.4102623462677,0.99900075,0.999002,1.0,0.9960719999999998,0.0,0.0,0.0,0.0,0.0,0.0,0.0005,0.0,0.0,0.0,0.0005,0.0,0.0,0.0,0.002,0.9975,0.04629795038975885,1892,0.0007081987871166412,8.519908502852029e-07,0.00015518659276138696,16,20,False,0.995,0.005,0.66,fixed,100,none,b05428b4-9e4c-4c24-8ea0-156090d31ad0
1831,263600,29.421075582504272,0.99900075,0.999002,1.0,0.9960719999999998,0.0,0.0,0.0,0.0,0.0,0.0,0.0005,0.0,0.0,0.0,0.0005,0.0,0.0,0.0,0.002,0.9975,0.04629795038975885,1892,0.0007081987871166412,8.519908502852029e-07,0.00015518659276138696,16,20,False,0.995,0.005,0.66,fixed,100,none,b05428b4-9e4c-4c24-8ea0-156090d31ad0
1832,263700,29.431875467300415,0.99900075,0.999002,1.0,0.9960719999999998,0.0,0.0,0.0,0.0,0.0,0.0,0.0005,0.0,0.0,0.0,0.0005,0.0,0.0,0.0,0.002,0.9975,0.04669518407547691,1891,0.0007070180213916743,8.503519564658852e-07,0.00015492781175436603,16,20,False,0.995,0.005,0.66,fixed,100,none,b05428b4-9e4c-4c24-8ea0-156090d31ad0
1833,263800,29.443731546401978,0.99900075,0.999002,1.0,0.9960719999999998,0.0,0.0,0.0,0.0,0.0,0.0,0.0005,0.0,0.0,0.0,0.0005,0.0,0.0,0.0,0.002,0.9975,0.04669518407547691,1891,0.0007063825285015999,8.500981350443407e-07,0.00015478865413465863,16,20,False,0.995,0.005,0.66,fixed,100,none,b05428b4-9e4c-4c24-8ea0-156090d31ad0
1834,263900,29.45486879348755,0.99900075,0.999002,1.0,0.9960719999999998,0.0,0.0,0.0,0.0,0.0,0.0,0.0005,0.0,0.0,0.0,0.0005,0.0,0.0,0.0,0.002,0.9975,0.04669518407547691,1891,0.0007066112098634773,8.517135574803019e-07,0.00015483901941503643,16,20,False,0.995,0.005,0.66,fixed,100,none,b05428b4-9e4c-4c24-8ea0-156090d31ad0
1835,264100,29.465986967086792,0.99900075,0.999002,1.0,0.9960719999999998,0.0,0.0,0.0,0.0,0.0,0.0,0.0005,0.0,0.0,0.0,0.0005,0.0,0.0,0.0,0.002,0.9975,0.04669518407547691,1891,0.0007057034497165477,8.507761622148224e-07,0.0001546401326137731,16,20,False,0.995,0.005,0.66,fixed,100,none,b05428b4-9e4c-4c24-8ea0-156090d31ad0
1836,264200,29.476775884628296,0.99900075,0.999002,1.0,0.9960719999999998,0.0,0.0,0.0,0.0,0.0,0.0,0.0005,0.0,0.0,0.0,0.0005,0.0,0.0,0.0,0.002,0.9975,0.046297950389758855,1892,0.0007057357257186682,8.506803388377555e-07,0.00015464717962419564,16,20,False,0.995,0.005,0.66,fixed,100,none,b05428b4-9e4c-4c24-8ea0-156090d31ad0
1837,264500,29.487481117248535,0.99900075,0.999002,1.0,0.9960719999999998,0.0,0.0,0.0,0.0,0.0,0.0,0.0005,0.0,0.0,0.0,0.0005,0.0,0.0,0.0,0.002,0.9975,0.046297950389758855,1892,0.0007062387503138901,8.525768911756369e-07,0.00015475765205303393,16,20,False,0.995,0.005,0.66,fixed,100,none,b05428b4-9e4c-4c24-8ea0-156090d31ad0
1838,264600,29.49935793876648,0.99900075,0.999002,1.0,0.9960719999999998,0.0,0.0,0.0,0.0,0.0,0.0,0.0005,0.0,0.0,0.0,0.0005,0.0,0.0,0.0,0.002,0.9975,0.046297950389758855,1892,0.0007056895024050965,8.531115691875381e-07,0.00015463752327462126,16,20,False,0.995,0.005,0.66,fixed,100,none,b05428b4-9e4c-4c24-8ea0-156090d31ad0
1839,264900,29.511716604232788,0.99900075,0.999002,1.0,0.9960719999999998,0.0,0.0,0.0,0.0,0.0,0.0,0.0005,0.0,0.0,0.0,0.0005,0.0,0.0,0.0,0.002,0.9975,0.04669518407547691,1891,0.0007048792007057952,8.526711258780262e-07,0.0001544600645484154,16,20,False,0.995,0.005,0.66,fixed,100,none,b05428b4-9e4c-4c24-8ea0-156090d31ad0
1840,265000,29.52384614944458,0.99900075,0.999002,1.0,0.9960719999999998,0.0,0.0,0.0,0.0,0.0,0.0,0.0005,0.0,0.0,0.0,0.0005,0.0,0.0,0.0,0.002,0.9975,0.04669518407547691,1891,0.0007042383838500184,8.520913683125159e-07,0.00015431967958474843,16,20,False,0.995,0.005,0.66,fixed,100,none,b05428b4-9e4c-4c24-8ea0-156090d31ad0
1841,265200,29.535375833511353,0.99900075,0.999002,1.0,0.9960719999999998,0.0,0.0,0.0,0.0,0.0,0.0,0.0005,0.0,0.0,0.0,0.0005,0.0,0.0,0.0,0.002,0.9975,0.04669518407547691,1891,0.0007065516025238177,8.581193423873033e-07,0.00015482718846751727,16,20,False,0.995,0.005,0.66,fixed,100,none,b05428b4-9e4c-4c24-8ea0-156090d31ad0
1842,265300,29.547998189926147,0.99900075,0.999002,1.0,0.9960719999999998,0.0,0.0,0.0,0.0,0.0,0.0,0.0005,0.0,0.0,0.0,0.0005,0.0,0.0,0.0,0.002,0.9975,0.04669518407547691,1891,0.0007079421341698162,8.601748678484607e-07,0.00015513196639466398,16,20,False,0.995,0.005,0.66,fixed,100,none,b05428b4-9e4c-4c24-8ea0-156090d31ad0
1843,265600,29.559747457504272,0.99900075,0.999002,1.0,0.9960719999999998,0.0,0.0,0.0,0.0,0.0,0.0,0.0005,0.0,0.0,0.0,0.0005,0.0,0.0,0.0,0.002,0.9975,0.04669518407547691,1891,0.0007077972220483459,8.575696285662387e-07,0.0001550997501358105,16,20,False,0.995,0.005,0.66,fixed,100,none,b05428b4-9e4c-4c24-8ea0-156090d31ad0
1844,265700,29.57188892364502,0.99900075,0.999002,1.0,0.9960719999999998,0.0,0.0,0.0,0.0,0.0,0.0,0.0005,0.0,0.0,0.0,0.0005,0.0,0.0,0.0,0.002,0.9975,0.04669518407547691,1891,0.0007078614908175052,8.591843084451584e-07,0.00015511412535855647,16,20,False,0.995,0.005,0.66,fixed,100,none,b05428b4-9e4c-4c24-8ea0-156090d31ad0
1845,265800,29.584710597991943,0.99900075,0.999002,1.0,0.9960719999999998,0.0,0.0,0.0,0.0,0.0,0.0,0.0005,0.0,0.0,0.0,0.0005,0.0,0.0,0.0,0.002,0.9975,0.04669518407547691,1891,0.0007084315550106337,8.615038509484944e-07,0.00015523935312350797,16,20,False,0.995,0.005,0.66,fixed,100,none,b05428b4-9e4c-4c24-8ea0-156090d31ad0
1846,265900,29.60027575492859,0.99900075,0.999002,1.0,0.9960719999999998,0.0,0.0,0.0,0.0,0.0,0.0,0.0005,0.0,0.0,0.0,0.0005,0.0,0.0,0.0,0.002,0.9975,0.04669518407547691,1891,0.0007084020874091074,8.607132230546282e-07,0.000155232752446234,16,20,False,0.995,0.005,0.66,fixed,100,none,b05428b4-9e4c-4c24-8ea0-156090d31ad0
1847,266000,29.612001657485962,0.99900075,0.999002,1.0,0.9960719999999998,0.0,0.0,0.0,0.0,0.0,0.0,0.0005,0.0,0.0,0.0,0.0005,0.0,0.0,0.0,0.002,0.9975,0.04669518407547691,1891,0.0007092464925769968,8.610632946439506e-07,0.00015541765925108697,16,20,False,0.995,0.005,0.66,fixed,100,none,b05428b4-9e4c-4c24-8ea0-156090d31ad0
1848,266300,29.624004364013672,0.99900075,0.999002,1.0,0.9960719999999998,0.0,0.0,0.0,0.0,0.0,0.0,0.0005,0.0,0.0,0.0,0.0005,0.0,0.0,0.0,0.002,0.9975,0.04669518407547691,1891,0.0007094805452520947,8.6494901419378e-07,0.00015546963166838035,16,20,False,0.995,0.005,0.66,fixed,100,none,b05428b4-9e4c-4c24-8ea0-156090d31ad0
1849,266400,29.635741472244263,0.99900075,0.999002,1.0,0.9960719999999998,0.0,0.0,0.0,0.0,0.0,0.0,0.0005,0.0,0.0,0.0,0.0005,0.0,0.0,0.0,0.002,0.9975,0.04669518407547691,1891,0.0007091884251598417,8.65267134095876e-07,0.00015540574702296758,16,20,False,0.995,0.005,0.66,fixed,100,none,b05428b4-9e4c-4c24-8ea0-156090d31ad0
1850,266700,29.648195505142212,0.99900075,0.999002,1.0,0.9960719999999998,0.0,0.0,0.0,0.0,0.0,0.0,0.0005,0.0,0.0,0.0,0.0005,0.0,0.0,0.0,0.002,0.9975,0.04669518407547691,1891,0.000713065049158658,8.703489214231923e-07,0.00015625530555590065,16,20,False,0.995,0.005,0.66,fixed,100,none,b05428b4-9e4c-4c24-8ea0-156090d31ad0
1851,266800,29.660332202911377,0.99900075,0.999002,1.0,0.9960719999999998,0.0,0.0,0.0,0.0,0.0,0.0,0.0005,0.0,0.0,0.0,0.0005,0.0,0.0,0.0,0.002,0.9975,0.04669518407547691,1891,0.0007131614956199396,8.716671071384769e-07,0.00015627666814156113,16,20,False,0.995,0.005,0.66,fixed,100,none,b05428b4-9e4c-4c24-8ea0-156090d31ad0
1852,267000,29.67312526702881,0.99900075,0.999002,1.0,0.9960719999999998,0.0,0.0,0.0,0.0,0.0,0.0,0.0005,0.0,0.0,0.0,0.0005,0.0,0.0,0.0,0.002,0.9975,0.04669518407547691,1891,0.0007108987235153082,8.694428217837421e-07,0.00015578092471363986,16,20,False,0.995,0.005,0.66,fixed,100,none,b05428b4-9e4c-4c24-8ea0-156090d31ad0
1853,267100,29.68669319152832,0.99900075,0.999002,1.0,0.9960719999999998,0.0,0.0,0.0,0.0,0.0,0.0,0.0005,0.0,0.0,0.0,0.0005,0.0,0.0,0.0,0.002,0.9975,0.04669518407547691,1891,0.0007110484806783609,8.694226410389165e-07,0.0001558137027222906,16,20,False,0.995,0.005,0.66,fixed,100,none,b05428b4-9e4c-4c24-8ea0-156090d31ad0
1854,267400,29.69839835166931,0.99900075,0.999002,1.0,0.9960719999999998,0.0,0.0,0.0,0.0,0.0,0.0,0.0005,0.0,0.0,0.0,0.0005,0.0,0.0,0.0,0.002,0.9975,0.04669518407547691,1891,0.000709895563076729,8.691993464540609e-07,0.00015556128663332227,16,20,False,0.995,0.005,0.66,fixed,100,none,b05428b4-9e4c-4c24-8ea0-156090d31ad0
1855,267500,29.709903955459595,0.99900075,0.999002,1.0,0.9960719999999998,0.0,0.0,0.0,0.0,0.0,0.0,0.0005,0.0,0.0,0.0,0.0005,0.0,0.0,0.0,0.002,0.9975,0.04669518407547691,1891,0.0007119731556324258,8.723800539778757e-07,0.0001560166759781938,16,20,False,0.995,0.005,0.66,fixed,100,none,b05428b4-9e4c-4c24-8ea0-156090d31ad0
1856,267700,29.721367835998535,0.99900075,0.999002,1.0,0.9960719999999998,0.0,0.0,0.0,0.0,0.0,0.0,0.0005,0.0,0.0,0.0,0.0005,0.0,0.0,0.0,0.002,0.9975,0.04629795038975885,1892,0.0007145551219503144,8.781968106438215e-07,0.00015658297358894617,16,20,False,0.995,0.005,0.66,fixed,100,none,b05428b4-9e4c-4c24-8ea0-156090d31ad0
1857,267800,29.73367214202881,0.99900075,0.999002,1.0,0.9960719999999998,0.0,0.0,0.0,0.0,0.0,0.0,0.0005,0.0,0.0,0.0,0.0005,0.0,0.0,0.0,0.002,0.9975,0.04629795038975885,1892,0.0007159638642609201,8.815088348914984e-07,0.00015689197656534482,16,20,False,0.995,0.005,0.66,fixed,100,none,b05428b4-9e4c-4c24-8ea0-156090d31ad0
1858,268000,29.74575185775757,0.99900075,0.999002,1.0,0.9960719999999998,0.0,0.0,0.0,0.0,0.0,0.0,0.0005,0.0,0.0,0.0,0.0005,0.0,0.0,0.0,0.002,0.9975,0.04669518407547691,1891,0.0007153406303791748,8.789903889286802e-07,0.00015675507216389784,16,20,False,0.995,0.005,0.66,fixed,100,none,b05428b4-9e4c-4c24-8ea0-156090d31ad0
1859,268100,29.757505655288696,0.99900075,0.999002,1.0,0.9960719999999998,0.0,0.0,0.0,0.0,0.0,0.0,0.0005,0.0,0.0,0.0,0.0005,0.0,0.0,0.0,0.002,0.9975,0.04669518407547691,1891,0.0007152253969682921,8.792764250917217e-07,0.00015672990191712658,16,20,False,0.995,0.005,0.66,fixed,100,none,b05428b4-9e4c-4c24-8ea0-156090d31ad0
1860,268200,29.769038915634155,0.99900075,0.999002,1.0,0.9960719999999998,0.0,0.0,0.0,0.0,0.0,0.0,0.0005,0.0,0.0,0.0,0.0005,0.0,0.0,0.0,0.002,0.9975,0.04669518407547691,1891,0.000714721124408213,8.792428373164959e-07,0.00015661951027204796,16,20,False,0.995,0.005,0.66,fixed,100,none,b05428b4-9e4c-4c24-8ea0-156090d31ad0
1861,268500,29.78069567680359,0.99900075,0.999002,1.0,0.9960719999999998,0.0,0.0,0.0,0.0,0.0,0.0,0.0005,0.0,0.0,0.0,0.0005,0.0,0.0,0.0,0.002,0.9975,0.04669518407547691,1891,0.0007133516445492989,8.799498444528721e-07,0.0001563198654622876,16,20,False,0.995,0.005,0.66,fixed,100,none,b05428b4-9e4c-4c24-8ea0-156090d31ad0
1862,268600,29.79281497001648,0.99900075,0.999002,1.0,0.9960719999999998,0.0,0.0,0.0,0.0,0.0,0.0,0.0005,0.0,0.0,0.0,0.0005,0.0,0.0,0.0,0.002,0.9975,0.04669518407547691,1891,0.0007135679833145038,8.784563417256117e-07,0.00015636693825247277,16,20,False,0.995,0.005,0.66,fixed,100,none,b05428b4-9e4c-4c24-8ea0-156090d31ad0
1863,268800,29.805057525634766,0.99900075,0.999002,1.0,0.9960719999999998,0.0,0.0,0.0,0.0,0.0,0.0,0.0005,0.0,0.0,0.0,0.0005,0.0,0.0,0.0,0.002,0.9975,0.04669518407547691,1891,0.000713359003936557,8.78312070953362e-07,0.0001563211652551935,16,20,False,0.995,0.005,0.66,fixed,100,none,b05428b4-9e4c-4c24-8ea0-156090d31ad0
1864,268900,29.81715750694275,0.99900075,0.999002,1.0,0.9960719999999998,0.0,0.0,0.0,0.0,0.0,0.0,0.0005,0.0,0.0,0.0,0.0005,0.0,0.0,0.0,0.002,0.9975,0.04669518407547691,1891,0.0007154797893849612,8.821340554356164e-07,0.0001567861313669008,16,20,False,0.995,0.005,0.66,fixed,100,none,b05428b4-9e4c-4c24-8ea0-156090d31ad0
1865,269200,29.82919192314148,0.99900075,0.999002,1.0,0.9960719999999998,0.0,0.0,0.0,0.0,0.0,0.0,0.0005,0.0,0.0,0.0,0.0005,0.0,0.0,0.0,0.002,0.9975,0.04669518407547691,1891,0.0007132414913150633,8.802083500401947e-07,0.000156295802035375,16,20,False,0.995,0.005,0.66,fixed,100,none,b05428b4-9e4c-4c24-8ea0-156090d31ad0
1866,269300,29.841379165649414,0.99900075,0.999002,1.0,0.9960719999999998,0.0,0.0,0.0,0.0,0.0,0.0,0.0005,0.0,0.0,0.0,0.0005,0.0,0.0,0.0,0.002,0.9975,0.04669518407547691,1891,0.0007128257149707165,8.786698443556082e-07,0.0001562044962775174,16,20,False,0.995,0.005,0.66,fixed,100,none,b05428b4-9e4c-4c24-8ea0-156090d31ad0
1867,269500,29.853450536727905,0.99900075,0.999002,1.0,0.9960719999999998,0.0,0.0,0.0,0.0,0.0,0.0,0.0005,0.0,0.0,0.0,0.0005,0.0,0.0,0.0,0.002,0.9975,0.04669518407547691,1891,0.0007142091320995525,8.780833714146902e-07,0.00015650721485716083,16,20,False,0.995,0.005,0.66,fixed,100,none,b05428b4-9e4c-4c24-8ea0-156090d31ad0
1868,269600,29.86654305458069,0.99900075,0.999002,1.0,0.9960719999999998,0.0,0.0,0.0,0.0,0.0,0.0,0.0005,0.0,0.0,0.0,0.0005,0.0,0.0,0.0,0.002,0.9975,0.04669518407547691,1891,0.0007161040183685433,8.826027767648084e-07,0.00015692286414845945,16,20,False,0.995,0.005,0.66,fixed,100,none,b05428b4-9e4c-4c24-8ea0-156090d31ad0
1869,269900,29.878681898117065,0.99900075,0.999002,1.0,0.9960719999999998,0.0,0.0,0.0,0.0,0.0,0.0,0.0005,0.0,0.0,0.0,0.0005,0.0,0.0,0.0,0.002,0.9975,0.04669518407547691,1891,0.0007155724760958148,8.78703062832858e-07,0.0001568057685993121,16,20,False,0.995,0.005,0.66,fixed,100,none,b05428b4-9e4c-4c24-8ea0-156090d31ad0
1870,270000,29.89051103591919,0.99900075,0.999002,1.0,0.9960719999999998,0.0,0.0,0.0,0.0,0.0,0.0,0.0005,0.0,0.0,0.0,0.0005,0.0,0.0,0.0,0.002,0.9975,0.04669518407547691,1891,0.0007169996452612143,8.817032074503789e-07,0.0001571187459570954,16,20,False,0.995,0.005,0.66,fixed,100,none,b05428b4-9e4c-4c24-8ea0-156090d31ad0
1871,270200,29.902177095413208,0.99900075,0.999002,1.0,0.9960719999999998,0.0,0.0,0.0,0.0,0.0,0.0,0.0005,0.0,0.0,0.0,0.0005,0.0,0.0,0.0,0.002,0.9975,0.04669518407547691,1891,0.0007159941682607194,8.793444749498399e-07,0.00015689819888251196,16,20,False,0.995,0.005,0.66,fixed,100,none,b05428b4-9e4c-4c24-8ea0-156090d31ad0
1872,270300,29.916021823883057,0.99900075,0.999002,1.0,0.9960719999999998,0.0,0.0,0.0,0.0,0.0,0.0,0.0005,0.0,0.0,0.0,0.0005,0.0,0.0,0.0,0.002,0.9975,0.04669518407547691,1891,0.0007173832777066761,8.825059325170087e-07,0.00015720287561716962,16,20,False,0.995,0.005,0.66,fixed,100,none,b05428b4-9e4c-4c24-8ea0-156090d31ad0
1873,270400,29.92757534980774,0.99900075,0.999002,1.0,0.9960719999999998,0.0,0.0,0.0,0.0,0.0,0.0,0.0005,0.0,0.0,0.0,0.0005,0.0,0.0,0.0,0.002,0.9975,0.04669518407547691,1891,0.0007168545838936452,8.834387587155412e-07,0.0001570873217784749,16,20,False,0.995,0.005,0.66,fixed,100,none,b05428b4-9e4c-4c24-8ea0-156090d31ad0
1874,270600,29.94022846221924,0.99900075,0.999002,1.0,0.9960719999999998,0.0,0.0,0.0,0.0,0.0,0.0,0.0005,0.0,0.0,0.0,0.0005,0.0,0.0,0.0,0.002,0.9975,0.04669518407547691,1891,0.0007176286148918679,8.846634966825078e-07,0.00015725698986419957,16,20,False,0.995,0.005,0.66,fixed,100,none,b05428b4-9e4c-4c24-8ea0-156090d31ad0
1875,270700,29.95193576812744,0.99900075,0.999002,1.0,0.9960719999999998,0.0,0.0,0.0,0.0,0.0,0.0,0.0005,0.0,0.0,0.0,0.0005,0.0,0.0,0.0,0.002,0.9975,0.04669518407547691,1891,0.0007180146146914547,8.851428799178897e-07,0.00015734157630314385,16,20,False,0.995,0.005,0.66,fixed,100,none,b05428b4-9e4c-4c24-8ea0-156090d31ad0
1876,271000,29.96346116065979,0.99900075,0.999002,1.0,0.9960719999999998,0.0,0.0,0.0,0.0,0.0,0.0,0.0005,0.0,0.0,0.0,0.0005,0.0,0.0,0.0,0.002,0.9975,0.04669518407547691,1891,0.0007200996656469878,8.893522884962068e-07,0.00015779879374493993,16,20,False,0.995,0.005,0.66,fixed,100,none,b05428b4-9e4c-4c24-8ea0-156090d31ad0
1877,271100,29.97617793083191,0.99900075,0.999002,1.0,0.9960719999999998,0.0,0.0,0.0,0.0,0.0,0.0,0.0005,0.0,0.0,0.0,0.0005,0.0,0.0,0.0,0.002,0.9975,0.04669518407547691,1891,0.0007213716767680126,8.919523963192621e-07,0.00015807773099981863,16,20,False,0.995,0.005,0.66,fixed,100,none,b05428b4-9e4c-4c24-8ea0-156090d31ad0
1878,271400,29.98890995979309,0.99900075,0.999002,1.0,0.9960719999999998,0.0,0.0,0.0,0.0,0.0,0.0,0.0005,0.0,0.0,0.0,0.0005,0.0,0.0,0.0,0.002,0.9975,0.04669518407547691,1891,0.0007224340147141638,8.927137003534921e-07,0.00015831042142399763,16,20,False,0.995,0.005,0.66,fixed,100,none,b05428b4-9e4c-4c24-8ea0-156090d31ad0
1879,271500,30.00188446044922,0.99900075,0.999002,1.0,0.9960719999999998,0.0,0.0,0.0,0.0,0.0,0.0,0.0005,0.0,0.0,0.0,0.0005,0.0,0.0,0.0,0.002,0.9975,0.04669518407547691,1891,0.0007236731025805879,8.927728905004254e-07,0.00015858166900408578,16,20,False,0.995,0.005,0.66,fixed,100,none,b05428b4-9e4c-4c24-8ea0-156090d31ad0
1880,271700,30.01357126235962,0.99900075,0.999002,1.0,0.9960719999999998,0.0,0.0,0.0,0.0,0.0,0.0,0.0005,0.0,0.0,0.0,0.0005,0.0,0.0,0.0,0.002,0.9975,0.04669518407547691,1891,0.0007237269397515351,8.96433163251107e-07,0.00015859414941262875,16,20,False,0.995,0.005,0.66,fixed,100,none,b05428b4-9e4c-4c24-8ea0-156090d31ad0
1881,271800,30.025383234024048,0.99900075,0.999002,1.0,0.9960719999999998,0.0,0.0,0.0,0.0,0.0,0.0,0.0005,0.0,0.0,0.0,0.0005,0.0,0.0,0.0,0.002,0.9975,0.04669518407547691,1891,0.0007241827341608346,8.959108127147211e-07,0.00015869382356222252,16,20,False,0.995,0.005,0.66,fixed,100,none,b05428b4-9e4c-4c24-8ea0-156090d31ad0
1882,272100,30.037307739257812,0.99900075,0.999002,1.0,0.9960719999999998,0.0,0.0,0.0,0.0,0.0,0.0,0.0005,0.0,0.0,0.0,0.0005,0.0,0.0,0.0,0.002,0.9975,0.04669518407547691,1891,0.0007229514328541928,8.978734190996109e-07,0.00015842466460141172,16,20,False,0.995,0.005,0.66,fixed,100,none,b05428b4-9e4c-4c24-8ea0-156090d31ad0
1883,272200,30.04988718032837,0.99900075,0.999002,1.0,0.9960719999999998,0.0,0.0,0.0,0.0,0.0,0.0,0.0005,0.0,0.0,0.0,0.0005,0.0,0.0,0.0,0.002,0.9975,0.04669518407547691,1891,0.0007232875649111639,8.996676892315598e-07,0.0001584985848200078,16,20,False,0.995,0.005,0.66,fixed,100,none,b05428b4-9e4c-4c24-8ea0-156090d31ad0
1884,272400,30.06210494041443,0.99900075,0.999002,1.0,0.9960719999999998,0.0,0.0,0.0,0.0,0.0,0.0,0.0005,0.0,0.0,0.0,0.0005,0.0,0.0,0.0,0.002,0.9975,0.04669518407547691,1891,0.0007243970989894815,9.006632610247915e-07,0.0001587416509883922,16,20,False,0.995,0.005,0.66,fixed,100,none,b05428b4-9e4c-4c24-8ea0-156090d31ad0
1885,272500,30.073882341384888,0.99900075,0.999002,1.0,0.9960719999999998,0.0,0.0,0.0,0.0,0.0,0.0,0.0005,0.0,0.0,0.0,0.0005,0.0,0.0,0.0,0.002,0.9975,0.04669518407547691,1891,0.0007252102677514802,9.029807749364325e-07,0.00015892009395803694,16,20,False,0.995,0.005,0.66,fixed,100,none,b05428b4-9e4c-4c24-8ea0-156090d31ad0
1886,272800,30.086179733276367,0.99900075,0.999002,1.0,0.9960719999999998,0.0,0.0,0.0,0.0,0.0,0.0,0.0005,0.0,0.0,0.0,0.0005,0.0,0.0,0.0,0.002,0.9975,0.04629795038975885,1892,0.000725233069878791,9.063814892794477e-07,0.00015892573147943047,16,20,False,0.995,0.005,0.66,fixed,100,none,b05428b4-9e4c-4c24-8ea0-156090d31ad0
1887,272900,30.09780788421631,0.99900075,0.999002,1.0,0.9960719999999998,0.0,0.0,0.0,0.0,0.0,0.0,0.0005,0.0,0.0,0.0,0.0005,0.0,0.0,0.0,0.002,0.9975,0.04629795038975885,1892,0.0007243507459046327,9.04208697315966e-07,0.00015873217793101413,16,20,False,0.995,0.005,0.66,fixed,100,none,b05428b4-9e4c-4c24-8ea0-156090d31ad0
1888,273200,30.109463214874268,0.99900075,0.999002,1.0,0.9960719999999998,0.0,0.0,0.0,0.0,0.0,0.0,0.0005,0.0,0.0,0.0,0.0005,0.0,0.0,0.0,0.002,0.9975,0.04669518407547691,1891,0.0007257935443804717,9.081349354648265e-07,0.00015904875250262357,16,20,False,0.995,0.005,0.66,fixed,100,none,b05428b4-9e4c-4c24-8ea0-156090d31ad0
1889,273300,30.12286114692688,0.99900075,0.999002,1.0,0.9960719999999998,0.0,0.0,0.0,0.0,0.0,0.0,0.0005,0.0,0.0,0.0,0.0005,0.0,0.0,0.0,0.002,0.9975,0.04669518407547691,1891,0.0007248114882110324,9.075482480594418e-07,0.00015883366893652628,16,20,False,0.995,0.005,0.66,fixed,100,none,b05428b4-9e4c-4c24-8ea0-156090d31ad0
1890,273500,30.135683298110962,0.99900075,0.999002,1.0,0.9960719999999998,0.0,0.0,0.0,0.0,0.0,0.0,0.0005,0.0,0.0,0.0,0.0005,0.0,0.0,0.0,0.002,0.9975,0.04669518407547691,1891,0.0007247387105683268,9.102829403364074e-07,0.00015881825750207066,16,20,False,0.995,0.005,0.66,fixed,100,none,b05428b4-9e4c-4c24-8ea0-156090d31ad0
1891,273600,30.149567365646362,0.99900075,0.999002,1.0,0.9960719999999998,0.0,0.0,0.0,0.0,0.0,0.0,0.0005,0.0,0.0,0.0,0.0005,0.0,0.0,0.0,0.002,0.9975,0.04669518407547691,1891,0.0007247387105683268,9.102829403364074e-07,0.00015881825750207066,16,20,False,0.995,0.005,0.66,fixed,100,none,b05428b4-9e4c-4c24-8ea0-156090d31ad0
1892,273900,30.162017822265625,0.99900075,0.999002,1.0,0.9960719999999998,0.0,0.0,0.0,0.0,0.0,0.0,0.0005,0.0,0.0,0.0,0.0005,0.0,0.0,0.0,0.002,0.9975,0.04669518407547691,1891,0.0007250503117398437,9.083378152789478e-07,0.0001588860974247548,16,20,False,0.995,0.005,0.66,fixed,100,none,b05428b4-9e4c-4c24-8ea0-156090d31ad0
1893,274000,30.175764322280884,0.99900075,0.999002,1.0,0.9960719999999998,0.0,0.0,0.0,0.0,0.0,0.0,0.0005,0.0,0.0,0.0,0.0005,0.0,0.0,0.0,0.002,0.9975,0.04669518407547691,1891,0.0007234263583452785,9.064353756262613e-07,0.00015853025256315045,16,20,False,0.995,0.005,0.66,fixed,100,none,b05428b4-9e4c-4c24-8ea0-156090d31ad0
1894,274200,30.188034057617188,0.99900075,0.999002,1.0,0.9960719999999998,0.0,0.0,0.0,0.0,0.0,0.0,0.0005,0.0,0.0,0.0,0.0005,0.0,0.0,0.0,0.002,0.9975,0.04669518407547691,1891,0.00072519440213702,9.083468280878e-07,0.0001589176405251304,16,20,False,0.995,0.005,0.66,fixed,100,none,b05428b4-9e4c-4c24-8ea0-156090d31ad0
1895,274300,30.20053768157959,0.99900075,0.999002,1.0,0.9960719999999998,0.0,0.0,0.0,0.0,0.0,0.0,0.0005,0.0,0.0,0.0,0.0005,0.0,0.0,0.0,0.002,0.9975,0.04669518407547691,1891,0.0007247912020760353,9.079729210165836e-07,0.0001588293089894373,16,20,False,0.995,0.005,0.66,fixed,100,none,b05428b4-9e4c-4c24-8ea0-156090d31ad0
1896,274600,30.213778495788574,0.99900075,0.999002,1.0,0.9960719999999998,0.0,0.0,0.0,0.0,0.0,0.0,0.0005,0.0,0.0,0.0,0.0005,0.0,0.0,0.0,0.002,0.9975,0.04669518407547691,1891,0.0007234751745952062,9.072191247493834e-07,0.00015854108735259304,16,20,False,0.995,0.005,0.66,fixed,100,none,b05428b4-9e4c-4c24-8ea0-156090d31ad0
1897,274700,30.225534915924072,0.99900075,0.999002,1.0,0.9960719999999998,0.0,0.0,0.0,0.0,0.0,0.0,0.0005,0.0,0.0,0.0,0.0005,0.0,0.0,0.0,0.002,0.9975,0.04669518407547691,1891,0.0007235503835779636,9.085985704299341e-07,0.00015855781269359792,16,20,False,0.995,0.005,0.66,fixed,100,none,b05428b4-9e4c-4c24-8ea0-156090d31ad0
1898,274800,30.23744535446167,0.99900075,0.999002,1.0,0.9960719999999998,0.0,0.0,0.0,0.0,0.0,0.0,0.0005,0.0,0.0,0.0,0.0005,0.0,0.0,0.0,0.002,0.9975,0.04669518407547691,1891,0.0007240452530390802,9.11331116087917e-07,0.00015866665880231138,16,20,False,0.995,0.005,0.66,fixed,100,none,b05428b4-9e4c-4c24-8ea0-156090d31ad0
1899,275000,30.250253200531006,0.99900075,0.999002,1.0,0.9960719999999998,0.0,0.0,0.0,0.0,0.0,0.0,0.0005,0.0,0.0,0.0,0.0005,0.0,0.0,0.0,0.002,0.9975,0.04669518407547691,1891,0.0007255346692646871,9.147943912255389e-07,0.00015899335003637287,16,20,False,0.995,0.005,0.66,fixed,100,none,b05428b4-9e4c-4c24-8ea0-156090d31ad0
1900,275100,30.26193618774414,0.99900075,0.999002,1.0,0.9960719999999998,0.0,0.0,0.0,0.0,0.0,0.0,0.0005,0.0,0.0,0.0,0.0005,0.0,0.0,0.0,0.002,0.9975,0.04669518407547691,1891,0.0007253027429601905,9.141157550136089e-07,0.00015894245242743828,16,20,False,0.995,0.005,0.66,fixed,100,none,b05428b4-9e4c-4c24-8ea0-156090d31ad0
1901,275300,30.274402141571045,0.99900075,0.999002,1.0,0.9960719999999998,0.0,0.0,0.0,0.0,0.0,0.0,0.0005,0.0,0.0,0.0,0.0005,0.0,0.0,0.0,0.002,0.9975,0.04669518407547691,1891,0.0007248273588144189,9.121978025434995e-07,0.00015883802642695956,16,20,False,0.995,0.005,0.66,fixed,100,none,b05428b4-9e4c-4c24-8ea0-156090d31ad0
1902,275400,30.286010026931763,0.99900075,0.999002,1.0,0.9960719999999998,0.0,0.0,0.0,0.0,0.0,0.0,0.0005,0.0,0.0,0.0,0.0005,0.0,0.0,0.0,0.002,0.9975,0.04669518407547691,1891,0.0007259217292046317,9.141023095606044e-07,0.0001590779459617104,16,20,False,0.995,0.005,0.66,fixed,100,none,b05428b4-9e4c-4c24-8ea0-156090d31ad0
1903,275700,30.298383235931396,0.99900075,0.999002,1.0,0.9960719999999998,0.0,0.0,0.0,0.0,0.0,0.0,0.0005,0.0,0.0,0.0,0.0005,0.0,0.0,0.0,0.002,0.9975,0.04669518407547691,1891,0.0007248073945895424,9.165132854437045e-07,0.00015883447619988514,16,20,False,0.995,0.005,0.66,fixed,100,none,b05428b4-9e4c-4c24-8ea0-156090d31ad0
1904,275800,30.310357809066772,0.99900075,0.999002,1.0,0.9960719999999998,0.0,0.0,0.0,0.0,0.0,0.0,0.0005,0.0,0.0,0.0,0.0005,0.0,0.0,0.0,0.002,0.9975,0.04669518407547691,1891,0.0007274142944500286,9.210380053360998e-07,0.00015940598627612514,16,20,False,0.995,0.005,0.66,fixed,100,none,b05428b4-9e4c-4c24-8ea0-156090d31ad0
1905,276000,30.32233691215515,0.99900075,0.999002,1.0,0.9960719999999998,0.0,0.0,0.0,0.0,0.0,0.0,0.0005,0.0,0.0,0.0,0.0005,0.0,0.0,0.0,0.002,0.9975,0.04669518407547691,1891,0.0007273515275398597,9.209366074759092e-07,0.00015939222733389572,16,20,False,0.995,0.005,0.66,fixed,100,none,b05428b4-9e4c-4c24-8ea0-156090d31ad0
1906,276100,30.335761785507202,0.99900075,0.999002,1.0,0.9960719999999998,0.0,0.0,0.0,0.0,0.0,0.0,0.0005,0.0,0.0,0.0,0.0005,0.0,0.0,0.0,0.002,0.9975,0.04669518407547691,1891,0.0007277828926242881,9.221269800809306e-07,0.00015948687932167206,16,20,False,0.995,0.005,0.66,fixed,100,none,b05428b4-9e4c-4c24-8ea0-156090d31ad0
1907,276400,30.348007678985596,0.99900075,0.999002,1.0,0.9960719999999998,0.0,0.0,0.0,0.0,0.0,0.0,0.0005,0.0,0.0,0.0,0.0005,0.0,0.0,0.0,0.002,0.9975,0.04669518407547691,1891,0.0007285426272156164,9.263628905331755e-07,0.00015965399004669973,16,20,False,0.995,0.005,0.66,fixed,100,none,b05428b4-9e4c-4c24-8ea0-156090d31ad0
1908,276500,30.362070322036743,0.99900075,0.999002,1.0,0.9960719999999998,0.0,0.0,0.0,0.0,0.0,0.0,0.0005,0.0,0.0,0.0,0.0005,0.0,0.0,0.0,0.002,0.9975,0.04669518407547691,1891,0.0007302335731961778,9.285441349482148e-07,0.00016002455255828348,16,20,False,0.995,0.005,0.66,fixed,100,none,b05428b4-9e4c-4c24-8ea0-156090d31ad0
1909,276800,30.376265048980713,0.99900075,0.999002,1.0,0.9960719999999998,0.0,0.0,0.0,0.0,0.0,0.0,0.0005,0.0,0.0,0.0,0.0005,0.0,0.0,0.0,0.002,0.9975,0.04669518407547691,1891,0.0007319549347259591,9.34231372969501e-07,0.00016040243917237666,16,20,False,0.995,0.005,0.66,fixed,100,none,b05428b4-9e4c-4c24-8ea0-156090d31ad0
1910,276900,30.389811038970947,0.99900075,0.999002,1.0,0.9960719999999998,0.0,0.0,0.0,0.0,0.0,0.0,0.0005,0.0,0.0,0.0,0.0005,0.0,0.0,0.0,0.002,0.9975,0.04669518407547691,1891,0.0007318285391711975,9.341906835817963e-07,0.00016037476345445568,16,20,False,0.995,0.005,0.66,fixed,100,none,b05428b4-9e4c-4c24-8ea0-156090d31ad0
1911,277000,30.402379274368286,0.99900075,0.999002,1.0,0.9960719999999998,0.0,0.0,0.0,0.0,0.0,0.0,0.0005,0.0,0.0,0.0,0.0005,0.0,0.0,0.0,0.002,0.9975,0.04669518407547691,1891,0.0007305600029674177,9.313529311399047e-07,0.0001600965417064843,16,20,False,0.995,0.005,0.66,fixed,100,none,b05428b4-9e4c-4c24-8ea0-156090d31ad0
1912,277100,30.419317960739136,0.99900075,0.999002,1.0,0.9960719999999998,0.0,0.0,0.0,0.0,0.0,0.0,0.0005,0.0,0.0,0.0,0.0005,0.0,0.0,0.0,0.002,0.9975,0.04669518407547691,1891,0.0007306017617620407,9.341373798763285e-07,0.0001601062117518872,16,20,False,0.995,0.005,0.66,fixed,100,none,b05428b4-9e4c-4c24-8ea0-156090d31ad0
1913,277200,30.431350708007812,0.99900075,0.999002,1.0,0.9960719999999998,0.0,0.0,0.0,0.0,0.0,0.0,0.0005,0.0,0.0,0.0,0.0005,0.0,0.0,0.0,0.002,0.9975,0.04669518407547691,1891,0.0007313034208301872,9.361920605496439e-07,0.00016026019531123242,16,20,False,0.995,0.005,0.66,fixed,100,none,b05428b4-9e4c-4c24-8ea0-156090d31ad0
1914,277500,30.44345498085022,0.99900075,0.999002,1.0,0.9960719999999998,0.0,0.0,0.0,0.0,0.0,0.0,0.0005,0.0,0.0,0.0,0.0005,0.0,0.0,0.0,0.002,0.9975,0.04669518407547691,1891,0.00073387966194065,9.414805586741097e-07,0.00016082513930495637,16,20,False,0.995,0.005,0.66,fixed,100,none,b05428b4-9e4c-4c24-8ea0-156090d31ad0
1915,277600,30.455385446548462,0.99900075,0.999002,1.0,0.9960719999999998,0.0,0.0,0.0,0.0,0.0,0.0,0.0005,0.0,0.0,0.0,0.0005,0.0,0.0,0.0,0.002,0.9975,0.04669518407547691,1891,0.0007371968874825469,9.454858869640336e-07,0.0001615520409884527,16,20,False,0.995,0.005,0.66,fixed,100,none,b05428b4-9e4c-4c24-8ea0-156090d31ad0
1916,277800,30.467082023620605,0.99900075,0.999002,1.0,0.9960719999999998,0.0,0.0,0.0,0.0,0.0,0.0,0.0005,0.0,0.0,0.0,0.0005,0.0,0.0,0.0,0.002,0.9975,0.04669518407547691,1891,0.0007364986524472443,9.454066268001875e-07,0.0001613991822797938,16,20,False,0.995,0.005,0.66,fixed,100,none,b05428b4-9e4c-4c24-8ea0-156090d31ad0
1917,277900,30.478935956954956,0.99900075,0.999002,1.0,0.9960719999999998,0.0,0.0,0.0,0.0,0.0,0.0,0.0005,0.0,0.0,0.0,0.0005,0.0,0.0,0.0,0.002,0.9975,0.04669518407547691,1891,0.0007368277861635379,9.46751163238715e-07,0.00016147148511221383,16,20,False,0.995,0.005,0.66,fixed,100,none,b05428b4-9e4c-4c24-8ea0-156090d31ad0
1918,278200,30.490710020065308,0.99900075,0.999002,1.0,0.9960719999999998,0.0,0.0,0.0,0.0,0.0,0.0,0.0005,0.0,0.0,0.0,0.0005,0.0,0.0,0.0,0.002,0.9975,0.04669518407547691,1891,0.0007379489336143952,9.499014917083784e-07,0.0001617175028516157,16,20,False,0.995,0.005,0.66,fixed,100,none,b05428b4-9e4c-4c24-8ea0-156090d31ad0
1919,278300,30.50249457359314,0.99900075,0.999002,1.0,0.9960719999999998,0.0,0.0,0.0,0.0,0.0,0.0,0.0005,0.0,0.0,0.0,0.0005,0.0,0.0,0.0,0.002,0.9975,0.04669518407547691,1891,0.0007384403967186682,9.508019701915457e-07,0.00016182525521605287,16,20,False,0.995,0.005,0.66,fixed,100,none,b05428b4-9e4c-4c24-8ea0-156090d31ad0
1920,278600,30.514282703399658,0.99900075,0.999002,1.0,0.9960719999999998,0.0,0.0,0.0,0.0,0.0,0.0,0.0005,0.0,0.0,0.0,0.0005,0.0,0.0,0.0,0.002,0.9975,0.047091412742382266,1890,0.0007396103128036913,9.527243974477111e-07,0.0001620817151082431,16,20,False,0.995,0.005,0.66,fixed,100,none,b05428b4-9e4c-4c24-8ea0-156090d31ad0
1921,278700,30.525931358337402,0.99900075,0.999002,1.0,0.9960719999999998,0.0,0.0,0.0,0.0,0.0,0.0,0.0005,0.0,0.0,0.0,0.0005,0.0,0.0,0.0,0.002,0.9975,0.047091412742382266,1890,0.0007394367001416091,9.5300225237253e-07,0.00016204376408894902,16,20,False,0.995,0.005,0.66,fixed,100,none,b05428b4-9e4c-4c24-8ea0-156090d31ad0
1922,278900,30.537747383117676,0.99900075,0.999002,1.0,0.9960719999999998,0.0,0.0,0.0,0.0,0.0,0.0,0.0005,0.0,0.0,0.0,0.0005,0.0,0.0,0.0,0.002,0.9975,0.047091412742382266,1890,0.0007389820332306358,9.527687712929597e-07,0.00016194419314073184,16,20,False,0.995,0.005,0.66,fixed,100,none,b05428b4-9e4c-4c24-8ea0-156090d31ad0
1923,279000,30.54947280883789,0.99900075,0.999002,1.0,0.9960719999999998,0.0,0.0,0.0,0.0,0.0,0.0,0.0005,0.0,0.0,0.0,0.0005,0.0,0.0,0.0,0.002,0.9975,0.047091412742382266,1890,0.0007385706812837178,9.53199565101515e-07,0.00016185423005037514,16,20,False,0.995,0.005,0.66,fixed,100,none,b05428b4-9e4c-4c24-8ea0-156090d31ad0
1924,279200,30.56140923500061,0.99900075,0.999002,1.0,0.9960719999999998,0.0,0.0,0.0,0.0,0.0,0.0,0.0005,0.0,0.0,0.0,0.0005,0.0,0.0,0.0,0.002,0.9975,0.047091412742382266,1890,0.0007402379253274289,9.556460830734073e-07,0.00016221965460995813,16,20,False,0.995,0.005,0.66,fixed,100,none,b05428b4-9e4c-4c24-8ea0-156090d31ad0
1925,279300,30.57336735725403,0.99900075,0.999002,1.0,0.9960719999999998,0.0,0.0,0.0,0.0,0.0,0.0,0.0005,0.0,0.0,0.0,0.0005,0.0,0.0,0.0,0.002,0.9975,0.047091412742382266,1890,0.0007378085549168733,9.518775154671716e-07,0.00016168714939924234,16,20,False,0.995,0.005,0.66,fixed,100,none,b05428b4-9e4c-4c24-8ea0-156090d31ad0
1926,279400,30.58542490005493,0.99900075,0.999002,1.0,0.9960719999999998,0.0,0.0,0.0,0.0,0.0,0.0,0.0005,0.0,0.0,0.0,0.0005,0.0,0.0,0.0,0.002,0.9975,0.047091412742382266,1890,0.0007373092484252695,9.515925225843713e-07,0.00016157779705958252,16,20,False,0.995,0.005,0.66,fixed,100,none,b05428b4-9e4c-4c24-8ea0-156090d31ad0
1927,279600,30.597434282302856,0.99900075,0.999002,1.0,0.9960719999999998,0.0,0.0,0.0,0.0,0.0,0.0,0.0005,0.0,0.0,0.0,0.0005,0.0,0.0,0.0,0.002,0.9975,0.047091412742382266,1890,0.0007368494482543358,9.515307034950088e-07,0.00016147713505653818,16,20,False,0.995,0.005,0.66,fixed,100,none,b05428b4-9e4c-4c24-8ea0-156090d31ad0
1928,279700,30.60929822921753,0.99900075,0.999002,1.0,0.9960719999999998,0.0,0.0,0.0,0.0,0.0,0.0,0.0005,0.0,0.0,0.0,0.0005,0.0,0.0,0.0,0.002,0.9975,0.047091412742382266,1890,0.0007380027686761593,9.536436365158345e-07,0.00016172999835414927,16,20,False,0.995,0.005,0.66,fixed,100,none,b05428b4-9e4c-4c24-8ea0-156090d31ad0
1929,280000,30.621315956115723,0.99900075,0.999002,1.0,0.9960719999999998,0.0,0.0,0.0,0.0,0.0,0.0,0.0005,0.0,0.0,0.0,0.0005,0.0,0.0,0.0,0.002,0.9975,0.047091412742382266,1890,0.000736926189210645,9.531738597499003e-07,0.00016149424585156267,16,20,False,0.995,0.005,0.66,fixed,100,none,b05428b4-9e4c-4c24-8ea0-156090d31ad0
1930,280100,30.63332509994507,0.99900075,0.999002,1.0,0.9960719999999998,0.0,0.0,0.0,0.0,0.0,0.0,0.0005,0.0,0.0,0.0,0.0005,0.0,0.0,0.0,0.002,0.9975,0.047091412742382266,1890,0.0007369922122274605,9.545415227320554e-07,0.00016150895814591023,16,20,False,0.995,0.005,0.66,fixed,100,none,b05428b4-9e4c-4c24-8ea0-156090d31ad0
1931,280400,30.646490573883057,0.99900075,0.999002,1.0,0.9960719999999998,0.0,0.0,0.0,0.0,0.0,0.0,0.0005,0.0,0.0,0.0,0.0005,0.0,0.0,0.0,0.002,0.9975,0.047091412742382266,1890,0.0007391202206303867,9.588144149529942e-07,0.00016197559103483272,16,20,False,0.995,0.005,0.66,fixed,100,none,b05428b4-9e4c-4c24-8ea0-156090d31ad0
1932,280500,30.658618688583374,0.99900075,0.999002,1.0,0.9960719999999998,0.0,0.0,0.0,0.0,0.0,0.0,0.0005,0.0,0.0,0.0,0.0005,0.0,0.0,0.0,0.002,0.9975,0.047091412742382266,1890,0.0007411552062499678,9.613992480567953e-07,0.00016242154050524876,16,20,False,0.995,0.005,0.66,fixed,100,none,b05428b4-9e4c-4c24-8ea0-156090d31ad0
1933,280700,30.67146873474121,0.99900075,0.999002,1.0,0.9960719999999998,0.0,0.0,0.0,0.0,0.0,0.0,0.0005,0.0,0.0,0.0,0.0005,0.0,0.0,0.0,0.002,0.9975,0.047091412742382266,1890,0.0007411539598308563,9.614542635145401e-07,0.00016242127811704222,16,20,False,0.995,0.005,0.66,fixed,100,none,b05428b4-9e4c-4c24-8ea0-156090d31ad0
1934,280800,30.685003757476807,0.99900075,0.999002,1.0,0.9960719999999998,0.0,0.0,0.0,0.0,0.0,0.0,0.0005,0.0,0.0,0.0,0.0005,0.0,0.0,0.0,0.002,0.9975,0.047091412742382266,1890,0.0007414229036033017,9.632886189742096e-07,0.00016248049843636784,16,20,False,0.995,0.005,0.66,fixed,100,none,b05428b4-9e4c-4c24-8ea0-156090d31ad0
1935,281100,30.69707155227661,0.99900075,0.999002,1.0,0.9960719999999998,0.0,0.0,0.0,0.0,0.0,0.0,0.0005,0.0,0.0,0.0,0.0005,0.0,0.0,0.0,0.002,0.9975,0.047091412742382266,1890,0.0007410761096669628,9.637826425229921e-07,0.00016240467910817754,16,20,False,0.995,0.005,0.66,fixed,100,none,b05428b4-9e4c-4c24-8ea0-156090d31ad0
1936,281200,30.710057497024536,0.99900075,0.999002,1.0,0.9960719999999998,0.0,0.0,0.0,0.0,0.0,0.0,0.0005,0.0,0.0,0.0,0.0005,0.0,0.0,0.0,0.002,0.9975,0.047091412742382266,1890,0.0007406555990776945,9.633652339717483e-07,0.00016231255003256196,16,20,False,0.995,0.005,0.66,fixed,100,none,b05428b4-9e4c-4c24-8ea0-156090d31ad0
1937,281400,30.72206139564514,0.99900075,0.999002,1.0,0.9960719999999998,0.0,0.0,0.0,0.0,0.0,0.0,0.0005,0.0,0.0,0.0,0.0005,0.0,0.0,0.0,0.002,0.9975,0.047091412742382266,1890,0.0007414807911930469,9.653170652453125e-07,0.0001624935554345546,16,20,False,0.995,0.005,0.66,fixed,100,none,b05428b4-9e4c-4c24-8ea0-156090d31ad0
1938,281500,30.73507332801819,0.99900075,0.999002,1.0,0.9960719999999998,0.0,0.0,0.0,0.0,0.0,0.0,0.0005,0.0,0.0,0.0,0.0005,0.0,0.0,0.0,0.002,0.9975,0.047091412742382266,1890,0.0007421655178314289,9.663766537011649e-07,0.00016264364341750303,16,20,False,0.995,0.005,0.66,fixed,100,none,b05428b4-9e4c-4c24-8ea0-156090d31ad0
1939,281600,30.74747085571289,0.99900075,0.999002,1.0,0.9960719999999998,0.0,0.0,0.0,0.0,0.0,0.0,0.0005,0.0,0.0,0.0,0.0005,0.0,0.0,0.0,0.002,0.9975,0.047091412742382266,1890,0.0007421655178314289,9.663766537011649e-07,0.00016264364341750303,16,20,False,0.995,0.005,0.66,fixed,100,none,b05428b4-9e4c-4c24-8ea0-156090d31ad0
1940,281800,30.759742259979248,0.99900075,0.999002,1.0,0.9960719999999998,0.0,0.0,0.0,0.0,0.0,0.0,0.0005,0.0,0.0,0.0,0.0005,0.0,0.0,0.0,0.002,0.9975,0.047091412742382266,1890,0.0007428481068818277,9.693513120926554e-07,0.00016279362734572967,16,20,False,0.995,0.005,0.66,fixed,100,none,b05428b4-9e4c-4c24-8ea0-156090d31ad0
1941,281900,30.773293018341064,0.99900075,0.999002,1.0,0.9960719999999998,0.0,0.0,0.0,0.0,0.0,0.0,0.0005,0.0,0.0,0.0,0.0005,0.0,0.0,0.0,0.002,0.9975,0.047091412742382266,1890,0.0007431847519041976,9.682751745181024e-07,0.00016286711447498732,16,20,False,0.995,0.005,0.66,fixed,100,none,b05428b4-9e4c-4c24-8ea0-156090d31ad0
1942,282200,30.785650491714478,0.99900075,0.999002,1.0,0.9960719999999998,0.0,0.0,0.0,0.0,0.0,0.0,0.0005,0.0,0.0,0.0,0.0005,0.0,0.0,0.0,0.002,0.9975,0.047091412742382266,1890,0.0007444424071433356,9.706697731094604e-07,0.000163142870180567,16,20,False,0.995,0.005,0.66,fixed,100,none,b05428b4-9e4c-4c24-8ea0-156090d31ad0
1943,282300,30.798786163330078,0.99900075,0.999002,1.0,0.9960719999999998,0.0,0.0,0.0,0.0,0.0,0.0,0.0005,0.0,0.0,0.0,0.0005,0.0,0.0,0.0,0.002,0.9975,0.047091412742382266,1890,0.0007445805206418399,9.696565339543257e-07,0.00016317291070995008,16,20,False,0.995,0.005,0.66,fixed,100,none,b05428b4-9e4c-4c24-8ea0-156090d31ad0
1944,282500,30.812351942062378,0.99900075,0.999002,1.0,0.9960719999999998,0.0,0.0,0.0,0.0,0.0,0.0,0.0005,0.0,0.0,0.0,0.0005,0.0,0.0,0.0,0.002,0.9975,0.047091412742382266,1890,0.0007441475452210113,9.703510641289188e-07,0.00016307826435106387,16,20,False,0.995,0.005,0.66,fixed,100,none,b05428b4-9e4c-4c24-8ea0-156090d31ad0
1945,282600,30.82527470588684,0.99900075,0.999002,1.0,0.9960719999999998,0.0,0.0,0.0,0.0,0.0,0.0,0.0005,0.0,0.0,0.0,0.0005,0.0,0.0,0.0,0.002,0.9975,0.047091412742382266,1890,0.0007433259855127893,9.689033129149922e-07,0.00016289814985820345,16,20,False,0.995,0.005,0.66,fixed,100,none,b05428b4-9e4c-4c24-8ea0-156090d31ad0
1946,282900,30.83860993385315,0.99900075,0.999002,1.0,0.9960719999999998,0.0,0.0,0.0,0.0,0.0,0.0,0.0005,0.0,0.0,0.0,0.0005,0.0,0.0,0.0,0.002,0.9975,0.047091412742382266,1890,0.0007460747452900945,9.781313498229932e-07,0.00016350160670046808,16,20,False,0.995,0.005,0.66,fixed,100,none,b05428b4-9e4c-4c24-8ea0-156090d31ad0
1947,283000,30.852198362350464,0.99900075,0.999002,1.0,0.9960719999999998,0.0,0.0,0.0,0.0,0.0,0.0,0.0005,0.0,0.0,0.0,0.0005,0.0,0.0,0.0,0.002,0.9975,0.047091412742382266,1890,0.0007455404925132313,9.782793356032885e-07,0.000163384686884911,16,20,False,0.995,0.005,0.66,fixed,100,none,b05428b4-9e4c-4c24-8ea0-156090d31ad0
1948,283200,30.865848064422607,0.99900075,0.999002,1.0,0.9960719999999998,0.0,0.0,0.0,0.0,0.0,0.0,0.0005,0.0,0.0,0.0,0.0005,0.0,0.0,0.0,0.002,0.9975,0.047091412742382266,1890,0.0007455465797485099,9.790713732392734e-07,0.00016338616986786428,16,20,False,0.995,0.005,0.66,fixed,100,none,b05428b4-9e4c-4c24-8ea0-156090d31ad0
1949,283300,30.878682613372803,0.99900075,0.999002,1.0,0.9960719999999998,0.0,0.0,0.0,0.0,0.0,0.0,0.0005,0.0,0.0,0.0,0.0005,0.0,0.0,0.0,0.002,0.9975,0.04669518407547691,1891,0.0007448186444935359,9.80198436290376e-07,0.0001632270389825302,16,20,False,0.995,0.005,0.66,fixed,100,none,b05428b4-9e4c-4c24-8ea0-156090d31ad0
1950,283600,30.891902208328247,0.99900075,0.999002,1.0,0.9960719999999998,0.0,0.0,0.0,0.0,0.0,0.0,0.0005,0.0,0.0,0.0,0.0005,0.0,0.0,0.0,0.002,0.9975,0.045899711685228106,1893,0.0007443566989995025,9.797699304585511e-07,0.00016312583769777822,16,20,False,0.995,0.005,0.66,fixed,100,none,b05428b4-9e4c-4c24-8ea0-156090d31ad0
1951,283700,30.906325578689575,0.99900075,0.999002,1.0,0.9960719999999998,0.0,0.0,0.0,0.0,0.0,0.0,0.0005,0.0,0.0,0.0,0.0005,0.0,0.0,0.0,0.002,0.9975,0.045899711685228106,1893,0.0007441899379362045,9.797828131351487e-07,0.00016308933614873086,16,20,False,0.995,0.005,0.66,fixed,100,none,b05428b4-9e4c-4c24-8ea0-156090d31ad0
1952,283800,30.918561935424805,0.99900075,0.999002,1.0,0.9960719999999998,0.0,0.0,0.0,0.0,0.0,0.0,0.0005,0.0,0.0,0.0,0.0005,0.0,0.0,0.0,0.002,0.9975,0.045899711685228106,1893,0.0007456755443645123,9.828101590612636e-07,0.0001634151105916134,16,20,False,0.995,0.005,0.66,fixed,100,none,b05428b4-9e4c-4c24-8ea0-156090d31ad0
1953,283900,30.930768728256226,0.99900075,0.999002,1.0,0.9960719999999998,0.0,0.0,0.0,0.0,0.0,0.0,0.0005,0.0,0.0,0.0,0.0005,0.0,0.0,0.0,0.002,0.9975,0.045899711685228106,1893,0.0007441562793650816,9.79865507279991e-07,0.00016308198399939957,16,20,False,0.995,0.005,0.66,fixed,100,none,b05428b4-9e4c-4c24-8ea0-156090d31ad0
1954,284000,30.943179607391357,0.99900075,0.999002,1.0,0.9960719999999998,0.0,0.0,0.0,0.0,0.0,0.0,0.0005,0.0,0.0,0.0,0.0005,0.0,0.0,0.0,0.002,0.9975,0.046297950389758855,1892,0.0007445821356382768,9.795517557835094e-07,0.00016317514432481766,16,20,False,0.995,0.005,0.66,fixed,100,none,b05428b4-9e4c-4c24-8ea0-156090d31ad0
1955,284100,30.955092668533325,0.99900075,0.999002,1.0,0.9960719999999998,0.0,0.0,0.0,0.0,0.0,0.0,0.0005,0.0,0.0,0.0,0.0005,0.0,0.0,0.0,0.002,0.9975,0.046297950389758855,1892,0.0007451971789713064,9.81240938805257e-07,0.00016331009825519197,16,20,False,0.995,0.005,0.66,fixed,100,none,b05428b4-9e4c-4c24-8ea0-156090d31ad0
1956,284300,30.968334674835205,0.99900075,0.999002,1.0,0.9960719999999998,0.0,0.0,0.0,0.0,0.0,0.0,0.0005,0.0,0.0,0.0,0.0005,0.0,0.0,0.0,0.002,0.9975,0.046297950389758855,1892,0.0007452586476541811,9.81880760751258e-07,0.000163323675316043,16,20,False,0.995,0.005,0.66,fixed,100,none,b05428b4-9e4c-4c24-8ea0-156090d31ad0
1957,284400,30.980409145355225,0.99900075,0.999002,1.0,0.9960719999999998,0.0,0.0,0.0,0.0,0.0,0.0,0.0005,0.0,0.0,0.0,0.0005,0.0,0.0,0.0,0.002,0.9975,0.04669518407547691,1891,0.0007443033099936848,9.806188431710696e-07,0.0001631143121378201,16,20,False,0.995,0.005,0.66,fixed,100,none,b05428b4-9e4c-4c24-8ea0-156090d31ad0
1958,284700,30.99302053451538,0.99900075,0.999002,1.0,0.9960719999999998,0.0,0.0,0.0,0.0,0.0,0.0,0.0005,0.0,0.0,0.0,0.0005,0.0,0.0,0.0,0.002,0.9975,0.04669518407547691,1891,0.0007437644398160768,9.790631302387982e-07,0.0001629960578704846,16,20,False,0.995,0.005,0.66,fixed,100,none,b05428b4-9e4c-4c24-8ea0-156090d31ad0
1959,284800,31.005220413208008,0.99900075,0.999002,1.0,0.9960719999999998,0.0,0.0,0.0,0.0,0.0,0.0,0.0005,0.0,0.0,0.0,0.0005,0.0,0.0,0.0,0.002,0.9975,0.04669518407547691,1891,0.000746100104794436,9.81846772165759e-07,0.00016350786382621354,16,20,False,0.995,0.005,0.66,fixed,100,none,b05428b4-9e4c-4c24-8ea0-156090d31ad0
1960,285000,31.018561363220215,0.99900075,0.999002,1.0,0.9960719999999998,0.0,0.0,0.0,0.0,0.0,0.0,0.0005,0.0,0.0,0.0,0.0005,0.0,0.0,0.0,0.002,0.9975,0.045899711685228106,1893,0.0007464432392759577,9.844561499847932e-07,0.00016358347174600426,16,20,False,0.995,0.005,0.66,fixed,100,none,b05428b4-9e4c-4c24-8ea0-156090d31ad0
1961,285100,31.031672954559326,0.99900075,0.999002,1.0,0.9960719999999998,0.0,0.0,0.0,0.0,0.0,0.0,0.0005,0.0,0.0,0.0,0.0005,0.0,0.0,0.0,0.002,0.9975,0.045899711685228106,1893,0.0007464432392759577,9.844561499847932e-07,0.00016358347174600426,16,20,False,0.995,0.005,0.66,fixed,100,none,b05428b4-9e4c-4c24-8ea0-156090d31ad0
1962,285400,31.044131755828857,0.99900075,0.999002,1.0,0.9960719999999998,0.0,0.0,0.0,0.0,0.0,0.0,0.0005,0.0,0.0,0.0,0.0005,0.0,0.0,0.0,0.002,0.9975,0.045899711685228106,1893,0.0007462650740635444,9.865676576975303e-07,0.0001635448725674724,16,20,False,0.995,0.005,0.66,fixed,100,none,b05428b4-9e4c-4c24-8ea0-156090d31ad0
1963,285500,31.057692050933838,0.99900075,0.999002,1.0,0.9960719999999998,0.0,0.0,0.0,0.0,0.0,0.0,0.0005,0.0,0.0,0.0,0.0005,0.0,0.0,0.0,0.002,0.9975,0.045899711685228106,1893,0.0007465520520424744,9.875320081885865e-07,0.0001636078752736535,16,20,False,0.995,0.005,0.66,fixed,100,none,b05428b4-9e4c-4c24-8ea0-156090d31ad0
1964,285800,31.070117473602295,0.99900075,0.999002,1.0,0.9960719999999998,0.0,0.0,0.0,0.0,0.0,0.0,0.0005,0.0,0.0,0.0,0.0005,0.0,0.0,0.0,0.002,0.9975,0.045899711685228106,1893,0.0007460209155102229,9.910895262357933e-07,0.0001634922854151726,16,20,False,0.995,0.005,0.66,fixed,100,none,b05428b4-9e4c-4c24-8ea0-156090d31ad0
1965,285900,31.082505226135254,0.99900075,0.999002,1.0,0.9960719999999998,0.0,0.0,0.0,0.0,0.0,0.0,0.0005,0.0,0.0,0.0,0.0005,0.0,0.0,0.0,0.002,0.9975,0.045899711685228106,1893,0.0007470284041840574,9.925316251607623e-07,0.00016371309868467071,16,20,False,0.995,0.005,0.66,fixed,100,none,b05428b4-9e4c-4c24-8ea0-156090d31ad0
1966,286100,31.094417095184326,0.99900075,0.999002,1.0,0.9960719999999998,0.0,0.0,0.0,0.0,0.0,0.0,0.0005,0.0,0.0,0.0,0.0005,0.0,0.0,0.0,0.002,0.9975,0.045899711685228106,1893,0.0007477193383907128,9.955658149914992e-07,0.00016386492067857543,16,20,False,0.995,0.005,0.66,fixed,100,none,b05428b4-9e4c-4c24-8ea0-156090d31ad0
1967,286200,31.105904579162598,0.99900075,0.999002,1.0,0.9960719999999998,0.0,0.0,0.0,0.0,0.0,0.0,0.0005,0.0,0.0,0.0,0.0005,0.0,0.0,0.0,0.002,0.9975,0.045899711685228106,1893,0.0007486950499990422,9.965445483918713e-07,0.0001640786899089848,16,20,False,0.995,0.005,0.66,fixed,100,none,b05428b4-9e4c-4c24-8ea0-156090d31ad0
1968,286500,31.11729335784912,0.99900075,0.999002,1.0,0.9960719999999998,0.0,0.0,0.0,0.0,0.0,0.0,0.0005,0.0,0.0,0.0,0.0005,0.0,0.0,0.0,0.002,0.9975,0.045899711685228106,1893,0.0007497568396924482,9.980915413775318e-07,0.00016431140960153866,16,20,False,0.995,0.005,0.66,fixed,100,none,b05428b4-9e4c-4c24-8ea0-156090d31ad0
1969,286600,31.13041043281555,0.99900075,0.999002,1.0,0.9960719999999998,0.0,0.0,0.0,0.0,0.0,0.0,0.0005,0.0,0.0,0.0,0.0005,0.0,0.0,0.0,0.002,0.9975,0.045899711685228106,1893,0.0007506933269629102,9.981254633935812e-07,0.00016451641311022582,16,20,False,0.995,0.005,0.66,fixed,100,none,b05428b4-9e4c-4c24-8ea0-156090d31ad0
1970,286800,31.14334726333618,0.99900075,0.999002,1.0,0.9960719999999998,0.0,0.0,0.0,0.0,0.0,0.0,0.0005,0.0,0.0,0.0,0.0005,0.0,0.0,0.0,0.002,0.9975,0.045899711685228106,1893,0.0007504729524064964,9.99882246246086e-07,0.00016446850690856883,16,20,False,0.995,0.005,0.66,fixed,100,none,b05428b4-9e4c-4c24-8ea0-156090d31ad0
1971,286900,31.155651330947876,0.99900075,0.999002,1.0,0.9960719999999998,0.0,0.0,0.0,0.0,0.0,0.0,0.0005,0.0,0.0,0.0,0.0005,0.0,0.0,0.0,0.002,0.9975,0.046297950389758855,1892,0.0007502938291263579,1.0017862666852768e-06,0.00016442965858642995,16,20,False,0.995,0.005,0.66,fixed,100,none,b05428b4-9e4c-4c24-8ea0-156090d31ad0
1972,287200,31.17015314102173,0.99900075,0.999002,1.0,0.9960719999999998,0.0,0.0,0.0,0.0,0.0,0.0,0.0005,0.0,0.0,0.0,0.0005,0.0,0.0,0.0,0.002,0.9975,0.046297950389758855,1892,0.0007476860374389361,9.954875166777058e-07,0.00016385761622355187,16,20,False,0.995,0.005,0.66,fixed,100,none,b05428b4-9e4c-4c24-8ea0-156090d31ad0
1973,287300,31.18185329437256,0.99900075,0.999002,1.0,0.9960719999999998,0.0,0.0,0.0,0.0,0.0,0.0,0.0005,0.0,0.0,0.0,0.0005,0.0,0.0,0.0,0.002,0.9975,0.046297950389758855,1892,0.0007481000789126005,9.948260652631134e-07,0.00016394812422636826,16,20,False,0.995,0.005,0.66,fixed,100,none,b05428b4-9e4c-4c24-8ea0-156090d31ad0
1974,287600,31.19324254989624,0.99900075,0.999002,1.0,0.9960719999999998,0.0,0.0,0.0,0.0,0.0,0.0,0.0005,0.0,0.0,0.0,0.0005,0.0,0.0,0.0,0.002,0.9975,0.04669518407547691,1891,0.0007488684845904452,9.978580136101594e-07,0.0001641169042994344,16,20,False,0.995,0.005,0.66,fixed,100,none,b05428b4-9e4c-4c24-8ea0-156090d31ad0
1975,287700,31.204425811767578,0.99900075,0.999002,1.0,0.9960719999999998,0.0,0.0,0.0,0.0,0.0,0.0,0.0005,0.0,0.0,0.0,0.0005,0.0,0.0,0.0,0.002,0.9975,0.04669518407547691,1891,0.0007488137511330704,9.981796605647865e-07,0.00016410498425853645,16,20,False,0.995,0.005,0.66,fixed,100,none,b05428b4-9e4c-4c24-8ea0-156090d31ad0
1976,287900,31.215545892715454,0.99900075,0.999002,1.0,0.9960719999999998,0.0,0.0,0.0,0.0,0.0,0.0,0.0005,0.0,0.0,0.0,0.0005,0.0,0.0,0.0,0.002,0.9975,0.04629795038975885,1892,0.0007476965436231639,9.96584057615167e-07,0.00016386012437005746,16,20,False,0.995,0.005,0.66,fixed,100,none,b05428b4-9e4c-4c24-8ea0-156090d31ad0
1977,288000,31.226486921310425,0.99900075,0.999002,1.0,0.9960719999999998,0.0,0.0,0.0,0.0,0.0,0.0,0.0005,0.0,0.0,0.0,0.0005,0.0,0.0,0.0,0.002,0.9975,0.04629795038975885,1892,0.0007479961447688579,9.979117269304204e-07,0.00016392595931801978,16,20,False,0.995,0.005,0.66,fixed,100,none,b05428b4-9e4c-4c24-8ea0-156090d31ad0
1978,288300,31.237513065338135,0.99900075,0.999002,1.0,0.9960719999999998,0.0,0.0,0.0,0.0,0.0,0.0,0.0005,0.0,0.0,0.0,0.0005,0.0,0.0,0.0,0.002,0.9975,0.04629795038975885,1892,0.0007446683433418755,9.921906709761793e-07,0.00016319641658502204,16,20,False,0.995,0.005,0.66,fixed,100,none,b05428b4-9e4c-4c24-8ea0-156090d31ad0
1979,288400,31.248762845993042,0.99900075,0.999002,1.0,0.9960719999999998,0.0,0.0,0.0,0.0,0.0,0.0,0.0005,0.0,0.0,0.0,0.0005,0.0,0.0,0.0,0.002,0.9975,0.04629795038975885,1892,0.0007450444976008049,9.927907262328238e-07,0.00016327887076280042,16,20,False,0.995,0.005,0.66,fixed,100,none,b05428b4-9e4c-4c24-8ea0-156090d31ad0
1980,288500,31.26002311706543,0.99900075,0.999002,1.0,0.9960719999999998,0.0,0.0,0.0,0.0,0.0,0.0,0.0005,0.0,0.0,0.0,0.0005,0.0,0.0,0.0,0.002,0.9975,0.04629795038975885,1892,0.0007444878431286585,9.91738612926564e-07,0.0001631568191973194,16,20,False,0.995,0.005,0.66,fixed,100,none,b05428b4-9e4c-4c24-8ea0-156090d31ad0
1981,288600,31.272675275802612,0.99900075,0.999002,1.0,0.9960719999999998,0.0,0.0,0.0,0.0,0.0,0.0,0.0005,0.0,0.0,0.0,0.0005,0.0,0.0,0.0,0.002,0.9975,0.04629795038975885,1892,0.0007441964305096935,9.91692824875557e-07,0.00016309302027529826,16,20,False,0.995,0.005,0.66,fixed,100,none,b05428b4-9e4c-4c24-8ea0-156090d31ad0
1982,288700,31.283679962158203,0.99900075,0.999002,1.0,0.9960719999999998,0.0,0.0,0.0,0.0,0.0,0.0,0.0005,0.0,0.0,0.0,0.0005,0.0,0.0,0.0,0.002,0.9975,0.04629795038975885,1892,0.0007434767633228526,9.92122402738633e-07,0.00016293556674789277,16,20,False,0.995,0.005,0.66,fixed,100,none,b05428b4-9e4c-4c24-8ea0-156090d31ad0
1983,289000,31.294784545898438,0.99900075,0.999002,1.0,0.9960719999999998,0.0,0.0,0.0,0.0,0.0,0.0,0.0005,0.0,0.0,0.0,0.0005,0.0,0.0,0.0,0.002,0.9975,0.04589971168522809,1893,0.0007464096681601041,9.966683492637489e-07,0.0001635784433466069,16,20,False,0.995,0.005,0.66,fixed,100,none,b05428b4-9e4c-4c24-8ea0-156090d31ad0
1984,289100,31.30619502067566,0.99900075,0.999002,1.0,0.9960719999999998,0.0,0.0,0.0,0.0,0.0,0.0,0.0005,0.0,0.0,0.0,0.0005,0.0,0.0,0.0,0.002,0.9975,0.045500467961884665,1894,0.0007468175344551718,9.965377512463084e-07,0.00016366770046497394,16,20,False,0.995,0.005,0.66,fixed,100,none,b05428b4-9e4c-4c24-8ea0-156090d31ad0
1985,289400,31.32308077812195,0.99900075,0.999002,1.0,0.9960719999999998,0.0,0.0,0.0,0.0,0.0,0.0,0.0005,0.0,0.0,0.0,0.0005,0.0,0.0,0.0,0.002,0.9975,0.045500467961884665,1894,0.0007474401917632957,9.967308670830638e-07,0.00016380403684173122,16,20,False,0.995,0.005,0.66,fixed,100,none,b05428b4-9e4c-4c24-8ea0-156090d31ad0
1986,289500,31.334589958190918,0.99900075,0.999002,1.0,0.9960719999999998,0.0,0.0,0.0,0.0,0.0,0.0,0.0005,0.0,0.0,0.0,0.0005,0.0,0.0,0.0,0.002,0.9975,0.045500467961884665,1894,0.0007478630272735307,9.973965017600466e-07,0.0001638967220055103,16,20,False,0.995,0.005,0.66,fixed,100,none,b05428b4-9e4c-4c24-8ea0-156090d31ad0
1987,289700,31.345844507217407,0.99900075,0.999002,1.0,0.9960719999999998,0.0,0.0,0.0,0.0,0.0,0.0,0.0005,0.0,0.0,0.0,0.0005,0.0,0.0,0.0,0.002,0.9975,0.045500467961884665,1894,0.0007478805221330575,9.970371475378578e-07,0.00016390048335295851,16,20,False,0.995,0.005,0.66,fixed,100,none,b05428b4-9e4c-4c24-8ea0-156090d31ad0
1988,289800,31.356924772262573,0.99900075,0.999002,1.0,0.9960719999999998,0.0,0.0,0.0,0.0,0.0,0.0,0.0005,0.0,0.0,0.0,0.0005,0.0,0.0,0.0,0.002,0.9975,0.045500467961884665,1894,0.0007486733086525379,9.970473552990698e-07,0.00016407402626154738,16,20,False,0.995,0.005,0.66,fixed,100,none,b05428b4-9e4c-4c24-8ea0-156090d31ad0
1989,290100,31.367851495742798,0.99900075,0.999002,1.0,0.9960719999999998,0.0,0.0,0.0,0.0,0.0,0.0,0.0005,0.0,0.0,0.0,0.0005,0.0,0.0,0.0,0.002,0.9975,0.045500467961884665,1894,0.0007503565805300729,1.002629682518113e-06,0.0001644435551177114,16,20,False,0.995,0.005,0.66,fixed,100,none,b05428b4-9e4c-4c24-8ea0-156090d31ad0
1990,290200,31.378907442092896,0.99900075,0.999002,1.0,0.9960719999999998,0.0,0.0,0.0,0.0,0.0,0.0,0.0005,0.0,0.0,0.0,0.0005,0.0,0.0,0.0,0.002,0.9975,0.045500467961884665,1894,0.0007493446195790398,1.0001649758177763e-06,0.00016422156857125717,16,20,False,0.995,0.005,0.66,fixed,100,none,b05428b4-9e4c-4c24-8ea0-156090d31ad0
1991,290500,31.390457153320312,0.99900075,0.999002,1.0,0.9960719999999998,0.0,0.0,0.0,0.0,0.0,0.0,0.0005,0.0,0.0,0.0,0.0005,0.0,0.0,0.0,0.002,0.9975,0.045899711685228106,1893,0.0007480602317148684,9.972901013022897e-07,0.00016393986984163214,16,20,False,0.995,0.005,0.66,fixed,100,none,b05428b4-9e4c-4c24-8ea0-156090d31ad0
1992,290600,31.402782201766968,0.99900075,0.999002,1.0,0.9960719999999998,0.0,0.0,0.0,0.0,0.0,0.0,0.0005,0.0,0.0,0.0,0.0005,0.0,0.0,0.0,0.002,0.9975,0.045899711685228106,1893,0.000747324573006501,9.950783937543539e-07,0.00016377841392593642,16,20,False,0.995,0.005,0.66,fixed,100,none,b05428b4-9e4c-4c24-8ea0-156090d31ad0
1993,290800,31.415059089660645,0.99900075,0.999002,1.0,0.9960719999999998,0.0,0.0,0.0,0.0,0.0,0.0,0.0005,0.0,0.0,0.0,0.0005,0.0,0.0,0.0,0.002,0.9975,0.045899711685228106,1893,0.0007482500232893735,9.948131308317232e-07,0.00016398094459290187,16,20,False,0.995,0.005,0.66,fixed,100,none,b05428b4-9e4c-4c24-8ea0-156090d31ad0
1994,290900,31.430317640304565,0.99900075,0.999002,1.0,0.9960719999999998,0.0,0.0,0.0,0.0,0.0,0.0,0.0005,0.0,0.0,0.0,0.0005,0.0,0.0,0.0,0.002,0.9975,0.045899711685228106,1893,0.00074807373104433,9.949062045118017e-07,0.00016394237190446107,16,20,False,0.995,0.005,0.66,fixed,100,none,b05428b4-9e4c-4c24-8ea0-156090d31ad0
1995,291000,31.44207000732422,0.99900075,0.999002,1.0,0.9960719999999998,0.0,0.0,0.0,0.0,0.0,0.0,0.0005,0.0,0.0,0.0,0.0005,0.0,0.0,0.0,0.002,0.9975,0.045899711685228106,1893,0.00074807373104433,9.949062045118017e-07,0.00016394237190446107,16,20,False,0.995,0.005,0.66,fixed,100,none,b05428b4-9e4c-4c24-8ea0-156090d31ad0
1996,291200,31.453975915908813,0.99900075,0.999002,1.0,0.9960719999999998,0.0,0.0,0.0,0.0,0.0,0.0,0.0005,0.0,0.0,0.0,0.0005,0.0,0.0,0.0,0.002,0.9975,0.045500467961884665,1894,0.0007462072101112718,9.936196101878212e-07,0.0001635335460192931,16,20,False,0.995,0.005,0.66,fixed,100,none,b05428b4-9e4c-4c24-8ea0-156090d31ad0
1997,291300,31.465559005737305,0.99900075,0.999002,1.0,0.9960719999999998,0.0,0.0,0.0,0.0,0.0,0.0,0.0005,0.0,0.0,0.0,0.0005,0.0,0.0,0.0,0.002,0.9975,0.045500467961884665,1894,0.0007454466764672386,9.920269341216473e-07,0.00016336676259616167,16,20,False,0.995,0.005,0.66,fixed,100,none,b05428b4-9e4c-4c24-8ea0-156090d31ad0
1998,291500,31.47696852684021,0.99900075,0.999002,1.0,0.9960719999999998,0.0,0.0,0.0,0.0,0.0,0.0,0.0005,0.0,0.0,0.0,0.0005,0.0,0.0,0.0,0.002,0.9975,0.045500467961884665,1894,0.000745241643196301,9.95439872510242e-07,0.00016332252927144726,16,20,False,0.995,0.005,0.66,fixed,100,none,b05428b4-9e4c-4c24-8ea0-156090d31ad0
1999,291600,31.488272190093994,0.99900075,0.999002,1.0,0.9960719999999998,0.0,0.0,0.0,0.0,0.0,0.0,0.0005,0.0,0.0,0.0,0.0005,0.0,0.0,0.0,0.002,0.9975,0.045500467961884665,1894,0.0007446101746370621,9.955569268886478e-07,0.00016318432304416176,16,20,False,0.995,0.005,0.66,fixed,100,none,b05428b4-9e4c-4c24-8ea0-156090d31ad0
2000,291900,31.499489068984985,0.99900075,0.999002,1.0,0.9960719999999998,0.0,0.0,0.0,0.0,0.0,0.0,0.0005,0.0,0.0,0.0,0.0005,0.0,0.0,0.0,0.002,0.9975,0.0458997116852281,1893,0.0007437029124781595,9.948045841081575e-07,0.0001629855804124497,16,20,False,0.995,0.005,0.66,fixed,100,none,b05428b4-9e4c-4c24-8ea0-156090d31ad0
2001,292000,31.510743379592896,0.99900075,0.999002,1.0,0.9960719999999998,0.0,0.0,0.0,0.0,0.0,0.0,0.0005,0.0,0.0,0.0,0.0005,0.0,0.0,0.0,0.002,0.9975,0.0458997116852281,1893,0.0007444098097365986,9.960425790912657e-07,0.00016314055544136878,16,20,False,0.995,0.005,0.66,fixed,100,none,b05428b4-9e4c-4c24-8ea0-156090d31ad0
2002,292300,31.522266626358032,0.99900075,0.999002,1.0,0.9960719999999998,0.0,0.0,0.0,0.0,0.0,0.0,0.0005,0.0,0.0,0.0,0.0005,0.0,0.0,0.0,0.002,0.9975,0.0458997116852281,1893,0.0007446932366744143,9.968405293897521e-07,0.00016320274920861332,16,20,False,0.995,0.005,0.66,fixed,100,none,b05428b4-9e4c-4c24-8ea0-156090d31ad0
2003,292400,31.53394889831543,0.99900075,0.999002,1.0,0.9960719999999998,0.0,0.0,0.0,0.0,0.0,0.0,0.0005,0.0,0.0,0.0,0.0005,0.0,0.0,0.0,0.002,0.9975,0.0458997116852281,1893,0.0007441532767768019,9.966086530385854e-07,0.00016308450793051929,16,20,False,0.995,0.005,0.66,fixed,100,none,b05428b4-9e4c-4c24-8ea0-156090d31ad0
2004,292600,31.545671224594116,0.99900075,0.999002,1.0,0.9960719999999998,0.0,0.0,0.0,0.0,0.0,0.0,0.0005,0.0,0.0,0.0,0.0005,0.0,0.0,0.0,0.002,0.9975,0.045500467961884665,1894,0.0007434374145382083,9.966663518019174e-07,0.0001629278166492562,16,20,False,0.995,0.005,0.66,fixed,100,none,b05428b4-9e4c-4c24-8ea0-156090d31ad0
2005,292700,31.55713129043579,0.99900075,0.999002,1.0,0.9960719999999998,0.0,0.0,0.0,0.0,0.0,0.0,0.0005,0.0,0.0,0.0,0.0005,0.0,0.0,0.0,0.002,0.9975,0.045500467961884665,1894,0.000743981711136847,9.992626495616631e-07,0.00016304745647127255,16,20,False,0.995,0.005,0.66,fixed,100,none,b05428b4-9e4c-4c24-8ea0-156090d31ad0
2006,293000,31.568387269973755,0.99900075,0.999002,1.0,0.9960719999999998,0.0,0.0,0.0,0.0,0.0,0.0,0.0005,0.0,0.0,0.0,0.0005,0.0,0.0,0.0,0.002,0.9975,0.0458997116852281,1893,0.0007453671119491852,1.0033716566635138e-06,0.00016335150142044274,16,20,False,0.995,0.005,0.66,fixed,100,none,b05428b4-9e4c-4c24-8ea0-156090d31ad0
2007,293100,31.5797336101532,0.99900075,0.999002,1.0,0.9960719999999998,0.0,0.0,0.0,0.0,0.0,0.0,0.0005,0.0,0.0,0.0,0.0005,0.0,0.0,0.0,0.002,0.9975,0.045500467961884665,1894,0.0007453258409138527,1.0037785165329076e-06,0.00016334254449418362,16,20,False,0.995,0.005,0.66,fixed,100,none,b05428b4-9e4c-4c24-8ea0-156090d31ad0
2008,293300,31.591076850891113,0.99900075,0.999002,1.0,0.9960719999999998,0.0,0.0,0.0,0.0,0.0,0.0,0.0005,0.0,0.0,0.0,0.0005,0.0,0.0,0.0,0.002,0.9975,0.045500467961884665,1894,0.0007464781226373074,1.0043351566647725e-06,0.0001635948847250729,16,20,False,0.995,0.005,0.66,fixed,100,none,b05428b4-9e4c-4c24-8ea0-156090d31ad0
2009,293400,31.60313653945923,0.99900075,0.999002,1.0,0.9960719999999998,0.0,0.0,0.0,0.0,0.0,0.0,0.0005,0.0,0.0,0.0,0.0005,0.0,0.0,0.0,0.002,0.9975,0.045500467961884665,1894,0.0007469672194949412,1.0072818081106322e-06,0.00016370250789098366,16,20,False,0.995,0.005,0.66,fixed,100,none,b05428b4-9e4c-4c24-8ea0-156090d31ad0
2010,293700,31.61526846885681,0.99900075,0.999002,1.0,0.9960719999999998,0.0,0.0,0.0,0.0,0.0,0.0,0.0005,0.0,0.0,0.0,0.0005,0.0,0.0,0.0,0.002,0.9975,0.045500467961884665,1894,0.0007475904036205533,1.0100263691297795e-06,0.0001638394443626738,16,20,False,0.995,0.005,0.66,fixed,100,none,b05428b4-9e4c-4c24-8ea0-156090d31ad0
2011,293800,31.62760281562805,0.99900075,0.999002,1.0,0.9960719999999998,0.0,0.0,0.0,0.0,0.0,0.0,0.0005,0.0,0.0,0.0,0.0005,0.0,0.0,0.0,0.002,0.9975,0.045500467961884665,1894,0.0007472926475635501,1.0079840761445713e-06,0.0001637738775261286,16,20,False,0.995,0.005,0.66,fixed,100,none,b05428b4-9e4c-4c24-8ea0-156090d31ad0
2012,294100,31.639864444732666,0.99900075,0.999002,1.0,0.9960719999999998,0.0,0.0,0.0,0.0,0.0,0.0,0.0005,0.0,0.0,0.0,0.0005,0.0,0.0,0.0,0.002,0.9975,0.0458997116852281,1893,0.0007476523124398315,1.0075141066134628e-06,0.00016385251887333568,16,20,False,0.995,0.005,0.66,fixed,100,none,b05428b4-9e4c-4c24-8ea0-156090d31ad0
2013,294200,31.651721715927124,0.99900075,0.999002,1.0,0.9960719999999998,0.0,0.0,0.0,0.0,0.0,0.0,0.0005,0.0,0.0,0.0,0.0005,0.0,0.0,0.0,0.002,0.9975,0.045500467961884665,1894,0.0007474471745451841,1.0078771299023421e-06,0.00016380768316262226,16,20,False,0.995,0.005,0.66,fixed,100,none,b05428b4-9e4c-4c24-8ea0-156090d31ad0
2014,294400,31.663196802139282,0.99900075,0.999002,1.0,0.9960719999999998,0.0,0.0,0.0,0.0,0.0,0.0,0.0005,0.0,0.0,0.0,0.0005,0.0,0.0,0.0,0.002,0.9975,0.045500467961884665,1894,0.0007495926798044144,1.0140629382480316e-06,0.00016427850956745343,16,20,False,0.995,0.005,0.66,fixed,100,none,b05428b4-9e4c-4c24-8ea0-156090d31ad0
2015,294500,31.6745023727417,0.99900075,0.999002,1.0,0.9960719999999998,0.0,0.0,0.0,0.0,0.0,0.0,0.0005,0.0,0.0,0.0,0.0005,0.0,0.0,0.0,0.002,0.9975,0.045500467961884665,1894,0.0007491016757853034,1.0117836952084989e-06,0.00016417059573149253,16,20,False,0.995,0.005,0.66,fixed,100,none,b05428b4-9e4c-4c24-8ea0-156090d31ad0
2016,294800,31.686392068862915,0.99900075,0.999002,1.0,0.9960719999999998,0.0,0.0,0.0,0.0,0.0,0.0,0.0005,0.0,0.0,0.0,0.0005,0.0,0.0,0.0,0.002,0.9975,0.045500467961884665,1894,0.0007502454417418575,1.0103846107916787e-06,0.00016442070027334303,16,20,False,0.995,0.005,0.66,fixed,100,none,b05428b4-9e4c-4c24-8ea0-156090d31ad0
2017,294900,31.70044732093811,0.99900075,0.999002,1.0,0.9960719999999998,0.0,0.0,0.0,0.0,0.0,0.0,0.0005,0.0,0.0,0.0,0.0005,0.0,0.0,0.0,0.002,0.9975,0.045500467961884665,1894,0.0007507129188681087,1.0142749504101881e-06,0.00016452377018080696,16,20,False,0.995,0.005,0.66,fixed,100,none,b05428b4-9e4c-4c24-8ea0-156090d31ad0
2018,295100,31.71191167831421,0.99900075,0.999002,1.0,0.9960719999999998,0.0,0.0,0.0,0.0,0.0,0.0,0.0005,0.0,0.0,0.0,0.0005,0.0,0.0,0.0,0.002,0.9975,0.045500467961884665,1894,0.0007511427844011236,1.0177904368189382e-06,0.00016461853568840157,16,20,False,0.995,0.005,0.66,fixed,100,none,b05428b4-9e4c-4c24-8ea0-156090d31ad0
2019,295200,31.723332166671753,0.99900075,0.999002,1.0,0.9960719999999998,0.0,0.0,0.0,0.0,0.0,0.0,0.0005,0.0,0.0,0.0,0.0005,0.0,0.0,0.0,0.002,0.9975,0.045500467961884665,1894,0.0007521206310902878,1.0184166709253282e-06,0.0001648327053131398,16,20,False,0.995,0.005,0.66,fixed,100,none,b05428b4-9e4c-4c24-8ea0-156090d31ad0
2020,295500,31.734713792800903,0.99900075,0.999002,1.0,0.9960719999999998,0.0,0.0,0.0,0.0,0.0,0.0,0.0005,0.0,0.0,0.0,0.0005,0.0,0.0,0.0,0.002,0.9975,0.045500467961884665,1894,0.0007529953836897871,1.022077601663969e-06,0.00016502488423401055,16,20,False,0.995,0.005,0.66,fixed,100,none,b05428b4-9e4c-4c24-8ea0-156090d31ad0
2021,295600,31.74627923965454,0.99900075,0.999002,1.0,0.9960719999999998,0.0,0.0,0.0,0.0,0.0,0.0,0.0005,0.0,0.0,0.0,0.0005,0.0,0.0,0.0,0.002,0.9975,0.045500467961884665,1894,0.0007538115059524396,1.0223687968479889e-06,0.00016520358872439014,16,20,False,0.995,0.005,0.66,fixed,100,none,b05428b4-9e4c-4c24-8ea0-156090d31ad0
2022,295700,31.757704734802246,0.99900075,0.999002,1.0,0.9960719999999998,0.0,0.0,0.0,0.0,0.0,0.0,0.0005,0.0,0.0,0.0,0.0005,0.0,0.0,0.0,0.002,0.9975,0.045500467961884665,1894,0.000753972865377503,1.0207397263657744e-06,0.00016523860077914492,16,20,False,0.995,0.005,0.66,fixed,100,none,b05428b4-9e4c-4c24-8ea0-156090d31ad0
2023,295800,31.768982410430908,0.99900075,0.999002,1.0,0.9960719999999998,0.0,0.0,0.0,0.0,0.0,0.0,0.0005,0.0,0.0,0.0,0.0005,0.0,0.0,0.0,0.002,0.9975,0.045500467961884665,1894,0.0007537594536148568,1.0205121657722624e-06,0.0001651918417077889,16,20,False,0.995,0.005,0.66,fixed,100,none,b05428b4-9e4c-4c24-8ea0-156090d31ad0
2024,295900,31.78021216392517,0.99900075,0.999002,1.0,0.9960719999999998,0.0,0.0,0.0,0.0,0.0,0.0,0.0005,0.0,0.0,0.0,0.0005,0.0,0.0,0.0,0.002,0.9975,0.045500467961884665,1894,0.0007535781212999445,1.0206372290476023e-06,0.0001651521718260769,16,20,False,0.995,0.005,0.66,fixed,100,none,b05428b4-9e4c-4c24-8ea0-156090d31ad0
2025,296000,31.79137682914734,0.99900075,0.999002,1.0,0.9960719999999998,0.0,0.0,0.0,0.0,0.0,0.0,0.0005,0.0,0.0,0.0,0.0005,0.0,0.0,0.0,0.002,0.9975,0.045500467961884665,1894,0.0007542284864451213,1.022594146112907e-06,0.00016529490857059852,16,20,False,0.995,0.005,0.66,fixed,100,none,b05428b4-9e4c-4c24-8ea0-156090d31ad0
2026,296200,31.802712440490723,0.99900075,0.999002,1.0,0.9960719999999998,0.0,0.0,0.0,0.0,0.0,0.0,0.0005,0.0,0.0,0.0,0.0005,0.0,0.0,0.0,0.002,0.9975,0.045500467961884665,1894,0.0007547376485654052,1.0233903012671045e-06,0.00016540651542820795,16,20,False,0.995,0.005,0.66,fixed,100,none,b05428b4-9e4c-4c24-8ea0-156090d31ad0
2027,296300,31.814483642578125,0.99900075,0.999002,1.0,0.9960719999999998,0.0,0.0,0.0,0.0,0.0,0.0,0.0005,0.0,0.0,0.0,0.0005,0.0,0.0,0.0,0.002,0.9975,0.045500467961884665,1894,0.0007548713521980992,1.0236844393050153e-06,0.00016543583903963187,16,20,False,0.995,0.005,0.66,fixed,100,none,b05428b4-9e4c-4c24-8ea0-156090d31ad0
2028,296600,31.82684588432312,0.99900075,0.999002,1.0,0.9960719999999998,0.0,0.0,0.0,0.0,0.0,0.0,0.0005,0.0,0.0,0.0,0.0005,0.0,0.0,0.0,0.002,0.9975,0.045500467961884665,1894,0.0007535819869176164,1.023091451989212e-06,0.0001651534843121442,16,20,False,0.995,0.005,0.66,fixed,100,none,b05428b4-9e4c-4c24-8ea0-156090d31ad0
2029,296700,31.839025020599365,0.99900075,0.999002,1.0,0.9960719999999998,0.0,0.0,0.0,0.0,0.0,0.0,0.0005,0.0,0.0,0.0,0.0005,0.0,0.0,0.0,0.002,0.9975,0.045500467961884665,1894,0.0007541313410694205,1.0248365847194955e-06,0.00016527406951119287,16,20,False,0.995,0.005,0.66,fixed,100,none,b05428b4-9e4c-4c24-8ea0-156090d31ad0
2030,296900,31.850951194763184,0.99900075,0.999002,1.0,0.9960719999999998,0.0,0.0,0.0,0.0,0.0,0.0,0.0005,0.0,0.0,0.0,0.0005,0.0,0.0,0.0,0.002,0.9975,0.045500467961884665,1894,0.000754118098511244,1.0249602685739337e-06,0.00016527119421514037,16,20,False,0.995,0.005,0.66,fixed,100,none,b05428b4-9e4c-4c24-8ea0-156090d31ad0
2031,297000,31.862549781799316,0.99900075,0.999002,1.0,0.9960719999999998,0.0,0.0,0.0,0.0,0.0,0.0,0.0005,0.0,0.0,0.0,0.0005,0.0,0.0,0.0,0.002,0.9975,0.045500467961884665,1894,0.0007541032395261195,1.023633237506349e-06,0.0001652676894473938,16,20,False,0.995,0.005,0.66,fixed,100,none,b05428b4-9e4c-4c24-8ea0-156090d31ad0
2032,297300,31.8740713596344,0.99900075,0.999002,1.0,0.9960719999999998,0.0,0.0,0.0,0.0,0.0,0.0,0.0005,0.0,0.0,0.0,0.0005,0.0,0.0,0.0,0.002,0.9975,0.045500467961884665,1894,0.0007527435347991584,1.022250696959142e-06,0.000164969787399958,16,20,False,0.995,0.005,0.66,fixed,100,none,b05428b4-9e4c-4c24-8ea0-156090d31ad0
2033,297400,31.885443210601807,0.99900075,0.999002,1.0,0.9960719999999998,0.0,0.0,0.0,0.0,0.0,0.0,0.0005,0.0,0.0,0.0,0.0005,0.0,0.0,0.0,0.002,0.9975,0.045500467961884665,1894,0.0007528278919508854,1.023049587311062e-06,0.00016498840496963793,16,20,False,0.995,0.005,0.66,fixed,100,none,b05428b4-9e4c-4c24-8ea0-156090d31ad0
2034,297700,31.896714448928833,0.99900075,0.999002,1.0,0.9960719999999998,0.0,0.0,0.0,0.0,0.0,0.0,0.0005,0.0,0.0,0.0,0.0005,0.0,0.0,0.0,0.002,0.9975,0.045500467961884665,1894,0.0007516421054370156,1.0205161348976227e-06,0.00016472835494579327,16,20,False,0.995,0.005,0.66,fixed,100,none,b05428b4-9e4c-4c24-8ea0-156090d31ad0
2035,297800,31.90796184539795,0.99900075,0.999002,1.0,0.9960719999999998,0.0,0.0,0.0,0.0,0.0,0.0,0.0005,0.0,0.0,0.0,0.0005,0.0,0.0,0.0,0.002,0.9975,0.045500467961884665,1894,0.0007520779372503178,1.0221134071475912e-06,0.0001648240620114526,16,20,False,0.995,0.005,0.66,fixed,100,none,b05428b4-9e4c-4c24-8ea0-156090d31ad0
2036,298000,31.919227600097656,0.99900075,0.999002,1.0,0.9960719999999998,0.0,0.0,0.0,0.0,0.0,0.0,0.0005,0.0,0.0,0.0,0.0005,0.0,0.0,0.0,0.002,0.9975,0.045500467961884665,1894,0.0007525891568737975,1.0234965459407392e-06,0.00016493623078340302,16,20,False,0.995,0.005,0.66,fixed,100,none,b05428b4-9e4c-4c24-8ea0-156090d31ad0
2037,298100,31.93060278892517,0.99900075,0.999002,1.0,0.9960719999999998,0.0,0.0,0.0,0.0,0.0,0.0,0.0005,0.0,0.0,0.0,0.0005,0.0,0.0,0.0,0.002,0.9975,0.045500467961884665,1894,0.0007521740514046273,1.023055570238119e-06,0.00016484528041081815,16,20,False,0.995,0.005,0.66,fixed,100,none,b05428b4-9e4c-4c24-8ea0-156090d31ad0
2038,298200,31.944159507751465,0.99900075,0.999002,1.0,0.9960719999999998,0.0,0.0,0.0,0.0,0.0,0.0,0.0005,0.0,0.0,0.0,0.0005,0.0,0.0,0.0,0.002,0.9975,0.045500467961884665,1894,0.0007515228977144817,1.0222109979500952e-06,0.00016470258239931055,16,20,False,0.995,0.005,0.66,fixed,100,none,b05428b4-9e4c-4c24-8ea0-156090d31ad0
2039,298400,31.955681324005127,0.99900075,0.999002,1.0,0.9960719999999998,0.0,0.0,0.0,0.0,0.0,0.0,0.0005,0.0,0.0,0.0,0.0005,0.0,0.0,0.0,0.002,0.9975,0.045500467961884665,1894,0.0007539021230904694,1.0268052787584203e-06,0.00016522426774746786,16,20,False,0.995,0.005,0.66,fixed,100,none,b05428b4-9e4c-4c24-8ea0-156090d31ad0
2040,298500,31.967119216918945,0.99900075,0.999002,1.0,0.9960719999999998,0.0,0.0,0.0,0.0,0.0,0.0,0.0005,0.0,0.0,0.0,0.0005,0.0,0.0,0.0,0.002,0.9975,0.045500467961884665,1894,0.0007529917002247872,1.0262557323636185e-06,0.000165024871768355,16,20,False,0.995,0.005,0.66,fixed,100,none,b05428b4-9e4c-4c24-8ea0-156090d31ad0
2041,298700,31.97851037979126,0.99900075,0.999002,1.0,0.9960719999999998,0.0,0.0,0.0,0.0,0.0,0.0,0.0005,0.0,0.0,0.0,0.0005,0.0,0.0,0.0,0.002,0.9975,0.045500467961884665,1894,0.0007530324913470963,1.0281067032389544e-06,0.00016503415262949478,16,20,False,0.995,0.005,0.66,fixed,100,none,b05428b4-9e4c-4c24-8ea0-156090d31ad0
2042,298800,31.989829778671265,0.99900075,0.999002,1.0,0.9960719999999998,0.0,0.0,0.0,0.0,0.0,0.0,0.0005,0.0,0.0,0.0,0.0005,0.0,0.0,0.0,0.002,0.9975,0.045500467961884665,1894,0.0007551397430653479,1.0326673131369726e-06,0.0001654962965465007,16,20,False,0.995,0.005,0.66,fixed,100,none,b05428b4-9e4c-4c24-8ea0-156090d31ad0
2043,299100,32.00131797790527,0.99900075,0.999002,1.0,0.9960719999999998,0.0,0.0,0.0,0.0,0.0,0.0,0.0005,0.0,0.0,0.0,0.0005,0.0,0.0,0.0,0.002,0.9975,0.045500467961884665,1894,0.0007558070507653796,1.0384629959766953e-06,0.00016564347138177718,16,20,False,0.995,0.005,0.66,fixed,100,none,b05428b4-9e4c-4c24-8ea0-156090d31ad0
2044,299200,32.012855768203735,0.99900075,0.999002,1.0,0.9960719999999998,0.0,0.0,0.0,0.0,0.0,0.0,0.0005,0.0,0.0,0.0,0.0005,0.0,0.0,0.0,0.002,0.9975,0.045500467961884665,1894,0.0007566505095239998,1.0404395447229876e-06,0.00016582848004830091,16,20,False,0.995,0.005,0.66,fixed,100,none,b05428b4-9e4c-4c24-8ea0-156090d31ad0
2045,299500,32.02522110939026,0.99900075,0.999002,1.0,0.9960719999999998,0.0,0.0,0.0,0.0,0.0,0.0,0.0005,0.0,0.0,0.0,0.0005,0.0,0.0,0.0,0.002,0.9975,0.045500467961884665,1894,0.0007569817475702648,1.040210728372535e-06,0.00016590094458152177,16,20,False,0.995,0.005,0.66,fixed,100,none,b05428b4-9e4c-4c24-8ea0-156090d31ad0
2046,299600,32.037593603134155,0.99900075,0.999002,1.0,0.9960719999999998,0.0,0.0,0.0,0.0,0.0,0.0,0.0005,0.0,0.0,0.0,0.0005,0.0,0.0,0.0,0.002,0.9975,0.045500467961884665,1894,0.0007566704584538677,1.0397276432004779e-06,0.00016583271160775976,16,20,False,0.995,0.005,0.66,fixed,100,none,b05428b4-9e4c-4c24-8ea0-156090d31ad0
2047,299800,32.051289796829224,0.99900075,0.999002,1.0,0.9960719999999998,0.0,0.0,0.0,0.0,0.0,0.0,0.0005,0.0,0.0,0.0,0.0005,0.0,0.0,0.0,0.002,0.9975,0.045500467961884665,1894,0.0007554991493790249,1.0385944143206938e-06,0.00016557609673778948,16,20,False,0.995,0.005,0.66,fixed,100,none,b05428b4-9e4c-4c24-8ea0-156090d31ad0
2048,299900,32.06292510032654,0.99900075,0.999002,1.0,0.9960719999999998,0.0,0.0,0.0,0.0,0.0,0.0,0.0005,0.0,0.0,0.0,0.0005,0.0,0.0,0.0,0.002,0.9975,0.045500467961884665,1894,0.0007554971785123094,1.0411984614620322e-06,0.0001655761600840223,16,20,False,0.995,0.005,0.66,fixed,100,none,b05428b4-9e4c-4c24-8ea0-156090d31ad0
2049,300200,32.074304819107056,0.99900075,0.999002,1.0,0.9960719999999998,0.0,0.0,0.0,0.0,0.0,0.0,0.0005,0.0,0.0,0.0,0.0005,0.0,0.0,0.0,0.002,0.9975,0.045500467961884665,1894,0.0007578172346784835,1.0449898055892627e-06,0.000166084740734182,16,20,False,0.995,0.005,0.66,fixed,100,none,b05428b4-9e4c-4c24-8ea0-156090d31ad0
2050,300300,32.08571219444275,0.99900075,0.999002,1.0,0.9960719999999998,0.0,0.0,0.0,0.0,0.0,0.0,0.0005,0.0,0.0,0.0,0.0005,0.0,0.0,0.0,0.002,0.9975,0.045500467961884665,1894,0.0007578172921563938,1.045804705364451e-06,0.00016608490814705386,16,20,False,0.995,0.005,0.66,fixed,100,none,b05428b4-9e4c-4c24-8ea0-156090d31ad0
2051,300500,32.09692859649658,0.99900075,0.999002,1.0,0.9960719999999998,0.0,0.0,0.0,0.0,0.0,0.0,0.0005,0.0,0.0,0.0,0.0005,0.0,0.0,0.0,0.002,0.9975,0.045500467961884665,1894,0.0007564324195705162,1.0444431893207487e-06,0.00016578150084995693,16,20,False,0.995,0.005,0.66,fixed,100,none,b05428b4-9e4c-4c24-8ea0-156090d31ad0
2052,300600,32.108150005340576,0.99900075,0.999002,1.0,0.9960719999999998,0.0,0.0,0.0,0.0,0.0,0.0,0.0005,0.0,0.0,0.0,0.0005,0.0,0.0,0.0,0.002,0.9975,0.045500467961884665,1894,0.0007570506790632249,1.0450459252163659e-06,0.00016591695237273105,16,20,False,0.995,0.005,0.66,fixed,100,none,b05428b4-9e4c-4c24-8ea0-156090d31ad0
2053,300700,32.119423151016235,0.99900075,0.999002,1.0,0.9960719999999998,0.0,0.0,0.0,0.0,0.0,0.0,0.0005,0.0,0.0,0.0,0.0005,0.0,0.0,0.0,0.002,0.9975,0.045500467961884665,1894,0.0007573901118505333,1.0461098423051565e-06,0.00016599145635411974,16,20,False,0.995,0.005,0.66,fixed,100,none,b05428b4-9e4c-4c24-8ea0-156090d31ad0
2054,300900,32.130645751953125,0.99900075,0.999002,1.0,0.9960719999999998,0.0,0.0,0.0,0.0,0.0,0.0,0.0005,0.0,0.0,0.0,0.0005,0.0,0.0,0.0,0.002,0.9975,0.045500467961884665,1894,0.0007578872337765969,1.0454857114900714e-06,0.00016610015775888018,16,20,False,0.995,0.005,0.66,fixed,100,none,b05428b4-9e4c-4c24-8ea0-156090d31ad0
2055,301000,32.14194846153259,0.99900075,0.999002,1.0,0.9960719999999998,0.0,0.0,0.0,0.0,0.0,0.0,0.0005,0.0,0.0,0.0,0.0005,0.0,0.0,0.0,0.002,0.9975,0.045500467961884665,1894,0.0007592418765608038,1.0488565616426747e-06,0.00016639732952587204,16,20,False,0.995,0.005,0.66,fixed,100,none,b05428b4-9e4c-4c24-8ea0-156090d31ad0
2056,301300,32.15329122543335,0.99900075,0.999002,1.0,0.9960719999999998,0.0,0.0,0.0,0.0,0.0,0.0,0.0005,0.0,0.0,0.0,0.0005,0.0,0.0,0.0,0.002,0.9975,0.0458997116852281,1893,0.0007604923611321356,1.047748204777007e-06,0.00016667085001073213,16,20,False,0.995,0.005,0.66,fixed,100,none,b05428b4-9e4c-4c24-8ea0-156090d31ad0
2057,301400,32.16463851928711,0.99900075,0.999002,1.0,0.9960719999999998,0.0,0.0,0.0,0.0,0.0,0.0,0.0005,0.0,0.0,0.0,0.0005,0.0,0.0,0.0,0.002,0.9975,0.0458997116852281,1893,0.0007613799347095815,1.0492947067987715e-06,0.00016686543370221917,16,20,False,0.995,0.005,0.66,fixed,100,none,b05428b4-9e4c-4c24-8ea0-156090d31ad0
2058,301600,32.17794132232666,0.99900075,0.999002,1.0,0.9960719999999998,0.0,0.0,0.0,0.0,0.0,0.0,0.0005,0.0,0.0,0.0,0.0005,0.0,0.0,0.0,0.002,0.9975,0.0458997116852281,1893,0.0007607029129468953,1.0477298220542954e-06,0.0001667169363102657,16,20,False,0.995,0.005,0.66,fixed,100,none,b05428b4-9e4c-4c24-8ea0-156090d31ad0
2059,301700,32.189117431640625,0.99900075,0.999002,1.0,0.9960719999999998,0.0,0.0,0.0,0.0,0.0,0.0,0.0005,0.0,0.0,0.0,0.0005,0.0,0.0,0.0,0.002,0.9975,0.0458997116852281,1893,0.0007609695229769624,1.0477112890481944e-06,0.00016677529372457624,16,20,False,0.995,0.005,0.66,fixed,100,none,b05428b4-9e4c-4c24-8ea0-156090d31ad0
2060,302000,32.20020842552185,0.99900075,0.999002,1.0,0.9960719999999998,0.0,0.0,0.0,0.0,0.0,0.0,0.0005,0.0,0.0,0.0,0.0005,0.0,0.0,0.0,0.002,0.9975,0.0458997116852281,1893,0.0007629024856323081,1.0516366850452494e-06,0.00016719916507507086,16,20,False,0.995,0.005,0.66,fixed,100,none,b05428b4-9e4c-4c24-8ea0-156090d31ad0
2061,302100,32.21127653121948,0.99900075,0.999002,1.0,0.9960719999999998,0.0,0.0,0.0,0.0,0.0,0.0,0.0005,0.0,0.0,0.0,0.0005,0.0,0.0,0.0,0.002,0.9975,0.0458997116852281,1893,0.0007635270271386999,1.0509448158631192e-06,0.0001673357457556754,16,20,False,0.995,0.005,0.66,fixed,100,none,b05428b4-9e4c-4c24-8ea0-156090d31ad0
2062,302300,32.22241806983948,0.99900075,0.999002,1.0,0.9960719999999998,0.0,0.0,0.0,0.0,0.0,0.0,0.0005,0.0,0.0,0.0,0.0005,0.0,0.0,0.0,0.002,0.9975,0.0458997116852281,1893,0.0007660377674314453,1.0550236553072523e-06,0.0001678861217852518,16,20,False,0.995,0.005,0.66,fixed,100,none,b05428b4-9e4c-4c24-8ea0-156090d31ad0
2063,302400,32.23362684249878,0.99900075,0.999002,1.0,0.9960719999999998,0.0,0.0,0.0,0.0,0.0,0.0,0.0005,0.0,0.0,0.0,0.0005,0.0,0.0,0.0,0.002,0.9975,0.04629795038975885,1892,0.0007657942253845668,1.0548353337338547e-06,0.00016783277465009112,16,20,False,0.995,0.005,0.66,fixed,100,none,b05428b4-9e4c-4c24-8ea0-156090d31ad0
2064,302700,32.244739294052124,0.99900075,0.999002,1.0,0.9960719999999998,0.0,0.0,0.0,0.0,0.0,0.0,0.0005,0.0,0.0,0.0,0.0005,0.0,0.0,0.0,0.002,0.9975,0.045899711685228106,1893,0.000768449471927629,1.058145728461966e-06,0.00016841463709336575,16,20,False,0.995,0.005,0.66,fixed,100,none,b05428b4-9e4c-4c24-8ea0-156090d31ad0
2065,302800,32.255775690078735,0.99900075,0.999002,1.0,0.9960719999999998,0.0,0.0,0.0,0.0,0.0,0.0,0.0005,0.0,0.0,0.0,0.0005,0.0,0.0,0.0,0.002,0.9975,0.04550046796188468,1894,0.0007695065613412405,1.05958666767821e-06,0.0001686463077444564,16,20,False,0.995,0.005,0.66,fixed,100,none,b05428b4-9e4c-4c24-8ea0-156090d31ad0
2066,303100,32.270684003829956,0.99900075,0.999002,1.0,0.9960719999999998,0.0,0.0,0.0,0.0,0.0,0.0,0.0005,0.0,0.0,0.0,0.0005,0.0,0.0,0.0,0.002,0.9975,0.045899711685228106,1893,0.0007700964551260384,1.0609554049678754e-06,0.0001687756955540337,16,20,False,0.995,0.005,0.66,fixed,100,none,b05428b4-9e4c-4c24-8ea0-156090d31ad0
2067,303200,32.29170751571655,0.99900075,0.999002,1.0,0.9960719999999998,0.0,0.0,0.0,0.0,0.0,0.0,0.0005,0.0,0.0,0.0,0.0005,0.0,0.0,0.0,0.002,0.9975,0.045899711685228106,1893,0.0007704169899166008,1.0612655815652732e-06,0.00016884591955324135,16,20,False,0.995,0.005,0.66,fixed,100,none,b05428b4-9e4c-4c24-8ea0-156090d31ad0
2068,303400,32.30350589752197,0.99900075,0.999002,1.0,0.9960719999999998,0.0,0.0,0.0,0.0,0.0,0.0,0.0005,0.0,0.0,0.0,0.0005,0.0,0.0,0.0,0.002,0.9975,0.045899711685228106,1893,0.0007713062829016125,1.0665519515082718e-06,0.00016904159019794958,16,20,False,0.995,0.005,0.66,fixed,100,none,b05428b4-9e4c-4c24-8ea0-156090d31ad0
2069,303500,32.3148889541626,0.99900075,0.999002,1.0,0.9960719999999998,0.0,0.0,0.0,0.0,0.0,0.0,0.0005,0.0,0.0,0.0,0.0005,0.0,0.0,0.0,0.002,0.9975,0.045899711685228106,1893,0.0007717684571832389,1.0671765700477935e-06,0.0001691428788257201,16,20,False,0.995,0.005,0.66,fixed,100,none,b05428b4-9e4c-4c24-8ea0-156090d31ad0
2070,303800,32.326196908950806,0.99900075,0.999002,1.0,0.9960719999999998,0.0,0.0,0.0,0.0,0.0,0.0,0.0005,0.0,0.0,0.0,0.0005,0.0,0.0,0.0,0.002,0.9975,0.04629795038975885,1892,0.0007707036512093911,1.0646076909434485e-06,0.00016890930471101498,16,20,False,0.995,0.005,0.66,fixed,100,none,b05428b4-9e4c-4c24-8ea0-156090d31ad0
2071,303900,32.33751630783081,0.99900075,0.999002,1.0,0.9960719999999998,0.0,0.0,0.0,0.0,0.0,0.0,0.0005,0.0,0.0,0.0,0.0005,0.0,0.0,0.0,0.002,0.9975,0.04629795038975885,1892,0.0007722620192156713,1.068396401720481e-06,0.00016925115132263735,16,20,False,0.995,0.005,0.66,fixed,100,none,b05428b4-9e4c-4c24-8ea0-156090d31ad0
2072,304100,32.34867739677429,0.99900075,0.999002,1.0,0.9960719999999998,0.0,0.0,0.0,0.0,0.0,0.0,0.0005,0.0,0.0,0.0,0.0005,0.0,0.0,0.0,0.002,0.9975,0.0458997116852281,1893,0.000771576205381495,1.068164012972368e-06,0.000169100982520474,16,20,False,0.995,0.005,0.66,fixed,100,none,b05428b4-9e4c-4c24-8ea0-156090d31ad0
2073,304200,32.35976195335388,0.99900075,0.999002,1.0,0.9960719999999998,0.0,0.0,0.0,0.0,0.0,0.0,0.0005,0.0,0.0,0.0,0.0005,0.0,0.0,0.0,0.002,0.9975,0.0458997116852281,1893,0.0007726535052480304,1.0691472508002693e-06,0.0001693369902764459,16,20,False,0.995,0.005,0.66,fixed,100,none,b05428b4-9e4c-4c24-8ea0-156090d31ad0
2074,304500,32.37077856063843,0.99900075,0.999002,1.0,0.9960719999999998,0.0,0.0,0.0,0.0,0.0,0.0,0.0005,0.0,0.0,0.0,0.0005,0.0,0.0,0.0,0.002,0.9975,0.04550046796188468,1894,0.000774327696051959,1.0747678960084863e-06,0.00016970453856601545,16,20,False,0.995,0.005,0.66,fixed,100,none,b05428b4-9e4c-4c24-8ea0-156090d31ad0
2075,304600,32.38198256492615,0.99900075,0.999002,1.0,0.9960719999999998,0.0,0.0,0.0,0.0,0.0,0.0,0.0005,0.0,0.0,0.0,0.0005,0.0,0.0,0.0,0.002,0.9975,0.0458997116852281,1893,0.000773327700522893,1.0733272998331198e-06,0.00016948536583142958,16,20,False,0.995,0.005,0.66,fixed,100,none,b05428b4-9e4c-4c24-8ea0-156090d31ad0
2076,304900,32.39303755760193,0.99900075,0.999002,1.0,0.9960719999999998,0.0,0.0,0.0,0.0,0.0,0.0,0.0005,0.0,0.0,0.0,0.0005,0.0,0.0,0.0,0.002,0.9975,0.04629795038975885,1892,0.0007751801933937038,1.0802523717984795e-06,0.00016989219228452347,16,20,False,0.995,0.005,0.66,fixed,100,none,b05428b4-9e4c-4c24-8ea0-156090d31ad0
2077,305000,32.406267166137695,0.99900075,0.999002,1.0,0.9960719999999998,0.0,0.0,0.0,0.0,0.0,0.0,0.0005,0.0,0.0,0.0,0.0005,0.0,0.0,0.0,0.002,0.9975,0.0458997116852281,1893,0.0007761843425082805,1.0840250416565884e-06,0.00017011271733297737,16,20,False,0.995,0.005,0.66,fixed,100,none,b05428b4-9e4c-4c24-8ea0-156090d31ad0
2078,305200,32.41740012168884,0.99900075,0.999002,1.0,0.9960719999999998,0.0,0.0,0.0,0.0,0.0,0.0,0.0005,0.0,0.0,0.0,0.0005,0.0,0.0,0.0,0.002,0.9975,0.04629795038975885,1892,0.0007776156793615273,1.0872018432919652e-06,0.0001704266405624638,16,20,False,0.995,0.005,0.66,fixed,100,none,b05428b4-9e4c-4c24-8ea0-156090d31ad0
2079,305300,32.42854881286621,0.99900075,0.999002,1.0,0.9960719999999998,0.0,0.0,0.0,0.0,0.0,0.0,0.0005,0.0,0.0,0.0,0.0005,0.0,0.0,0.0,0.002,0.9975,0.04629795038975885,1892,0.000777923072012915,1.0880360880795987e-06,0.00017049408732036222,16,20,False,0.995,0.005,0.66,fixed,100,none,b05428b4-9e4c-4c24-8ea0-156090d31ad0
2080,305500,32.43981695175171,0.99900075,0.999002,1.0,0.9960719999999998,0.0,0.0,0.0,0.0,0.0,0.0,0.0005,0.0,0.0,0.0,0.0005,0.0,0.0,0.0,0.002,0.9975,0.04629795038975885,1892,0.0007798889671342768,1.0916077002294655e-06,0.0001709251003687368,16,20,False,0.995,0.005,0.66,fixed,100,none,b05428b4-9e4c-4c24-8ea0-156090d31ad0
2081,305600,32.451024532318115,0.99900075,0.999002,1.0,0.9960719999999998,0.0,0.0,0.0,0.0,0.0,0.0,0.0005,0.0,0.0,0.0,0.0005,0.0,0.0,0.0,0.002,0.9975,0.04629795038975885,1892,0.0007793604613836312,1.0929114859231225e-06,0.00017080965817920226,16,20,False,0.995,0.005,0.66,fixed,100,none,b05428b4-9e4c-4c24-8ea0-156090d31ad0
2082,305700,32.462027072906494,0.99900075,0.999002,1.0,0.9960719999999998,0.0,0.0,0.0,0.0,0.0,0.0,0.0005,0.0,0.0,0.0,0.0005,0.0,0.0,0.0,0.002,0.9975,0.04629795038975885,1892,0.0007804778631810867,1.0946647325480907e-06,0.00017105459054952404,16,20,False,0.995,0.005,0.66,fixed,100,none,b05428b4-9e4c-4c24-8ea0-156090d31ad0
2083,305900,32.472975730895996,0.99900075,0.999002,1.0,0.9960719999999998,0.0,0.0,0.0,0.0,0.0,0.0,0.0005,0.0,0.0,0.0,0.0005,0.0,0.0,0.0,0.002,0.9975,0.04629795038975885,1892,0.0007807026526672465,1.096114754135047e-06,0.00017110407247214593,16,20,False,0.995,0.005,0.66,fixed,100,none,b05428b4-9e4c-4c24-8ea0-156090d31ad0
2084,306000,32.48401379585266,0.99900075,0.999002,1.0,0.9960719999999998,0.0,0.0,0.0,0.0,0.0,0.0,0.0005,0.0,0.0,0.0,0.0005,0.0,0.0,0.0,0.002,0.9975,0.04629795038975885,1892,0.0007807026526672465,1.096114754135047e-06,0.00017110407247214593,16,20,False,0.995,0.005,0.66,fixed,100,none,b05428b4-9e4c-4c24-8ea0-156090d31ad0
2085,306300,32.49653649330139,0.99900075,0.999002,1.0,0.9960719999999998,0.0,0.0,0.0,0.0,0.0,0.0,0.0005,0.0,0.0,0.0,0.0005,0.0,0.0,0.0,0.002,0.9975,0.04629795038975885,1892,0.0007829986327665571,1.0986274203873527e-06,0.00017160713992247294,16,20,False,0.995,0.005,0.66,fixed,100,none,b05428b4-9e4c-4c24-8ea0-156090d31ad0
2086,306400,32.508649587631226,0.99900075,0.999002,1.0,0.9960719999999998,0.0,0.0,0.0,0.0,0.0,0.0,0.0005,0.0,0.0,0.0,0.0005,0.0,0.0,0.0,0.002,0.9975,0.04629795038975885,1892,0.000782774445594198,1.0985112071102623e-06,0.00017155804326992092,16,20,False,0.995,0.005,0.66,fixed,100,none,b05428b4-9e4c-4c24-8ea0-156090d31ad0
2087,306700,32.522204637527466,0.99900075,0.999002,1.0,0.9960719999999998,0.0,0.0,0.0,0.0,0.0,0.0,0.0005,0.0,0.0,0.0,0.0005,0.0,0.0,0.0,0.002,0.9975,0.04629795038975885,1892,0.0007830254991810537,1.09980763949222e-06,0.0001716132452222362,16,20,False,0.995,0.005,0.66,fixed,100,none,b05428b4-9e4c-4c24-8ea0-156090d31ad0
2088,306800,32.533668756484985,0.99900075,0.999002,1.0,0.9960719999999998,0.0,0.0,0.0,0.0,0.0,0.0,0.0005,0.0,0.0,0.0,0.0005,0.0,0.0,0.0,0.002,0.9975,0.04629795038975885,1892,0.000782316947200703,1.0988990832233998e-06,0.00017145797056804634,16,20,False,0.995,0.005,0.66,fixed,100,none,b05428b4-9e4c-4c24-8ea0-156090d31ad0
2089,307000,32.545034646987915,0.99900075,0.999002,1.0,0.9960719999999998,0.0,0.0,0.0,0.0,0.0,0.0,0.0005,0.0,0.0,0.0,0.0005,0.0,0.0,0.0,0.002,0.9975,0.04669518407547691,1891,0.0007837690743197989,1.1006490997065767e-06,0.00017177617369754824,16,20,False,0.995,0.005,0.66,fixed,100,none,b05428b4-9e4c-4c24-8ea0-156090d31ad0
2090,307100,32.55618906021118,0.99900075,0.999002,1.0,0.9960719999999998,0.0,0.0,0.0,0.0,0.0,0.0,0.0005,0.0,0.0,0.0,0.0005,0.0,0.0,0.0,0.002,0.9975,0.04669518407547691,1891,0.0007844520511869386,1.1010272041347963e-06,0.00017192574917360647,16,20,False,0.995,0.005,0.66,fixed,100,none,b05428b4-9e4c-4c24-8ea0-156090d31ad0
2091,307400,32.56760334968567,0.99900075,0.999002,1.0,0.9960719999999998,0.0,0.0,0.0,0.0,0.0,0.0,0.0005,0.0,0.0,0.0,0.0005,0.0,0.0,0.0,0.002,0.9975,0.04629795038975885,1892,0.0007863273884735511,1.106590099154461e-06,0.0001723373174556997,16,20,False,0.995,0.005,0.66,fixed,100,none,b05428b4-9e4c-4c24-8ea0-156090d31ad0
2092,307500,32.57888698577881,0.99900075,0.999002,1.0,0.9960719999999998,0.0,0.0,0.0,0.0,0.0,0.0,0.0005,0.0,0.0,0.0,0.0005,0.0,0.0,0.0,0.002,0.9975,0.04629795038975885,1892,0.0007867755075452849,1.1082158796153027e-06,0.00017243571961878977,16,20,False,0.995,0.005,0.66,fixed,100,none,b05428b4-9e4c-4c24-8ea0-156090d31ad0
2093,307700,32.59022235870361,0.99900075,0.999002,1.0,0.9960719999999998,0.0,0.0,0.0,0.0,0.0,0.0,0.0005,0.0,0.0,0.0,0.0005,0.0,0.0,0.0,0.002,0.9975,0.04629795038975885,1892,0.0007865439956274725,1.1080127260813762e-06,0.0001723850030608092,16,20,False,0.995,0.005,0.66,fixed,100,none,b05428b4-9e4c-4c24-8ea0-156090d31ad0
2094,307800,32.60164737701416,0.99900075,0.999002,1.0,0.9960719999999998,0.0,0.0,0.0,0.0,0.0,0.0,0.0005,0.0,0.0,0.0,0.0005,0.0,0.0,0.0,0.002,0.9975,0.04629795038975885,1892,0.0007879291787951534,1.1104396300664207e-06,0.0001726886807679717,16,20,False,0.995,0.005,0.66,fixed,100,none,b05428b4-9e4c-4c24-8ea0-156090d31ad0
2095,308100,32.612709760665894,0.99900075,0.999002,1.0,0.9960719999999998,0.0,0.0,0.0,0.0,0.0,0.0,0.0005,0.0,0.0,0.0,0.0005,0.0,0.0,0.0,0.002,0.9975,0.0458997116852281,1893,0.0007898818522055167,1.1137407162723549e-06,0.0001731167481838794,16,20,False,0.995,0.005,0.66,fixed,100,none,b05428b4-9e4c-4c24-8ea0-156090d31ad0
2096,308200,32.6236789226532,0.99900075,0.999002,1.0,0.9960719999999998,0.0,0.0,0.0,0.0,0.0,0.0,0.0005,0.0,0.0,0.0,0.0005,0.0,0.0,0.0,0.002,0.9975,0.0458997116852281,1893,0.0007898096069586885,1.113400268166192e-06,0.0001731008690142085,16,20,False,0.995,0.005,0.66,fixed,100,none,b05428b4-9e4c-4c24-8ea0-156090d31ad0
2097,308500,32.636837005615234,0.99900075,0.999002,1.0,0.9960719999999998,0.0,0.0,0.0,0.0,0.0,0.0,0.0005,0.0,0.0,0.0,0.0005,0.0,0.0,0.0,0.002,0.9975,0.04629795038975885,1892,0.0007891061047963515,1.1131386075282366e-06,0.00017294682267535172,16,20,False,0.995,0.005,0.66,fixed,100,none,b05428b4-9e4c-4c24-8ea0-156090d31ad0
2098,308600,32.648017168045044,0.99900075,0.999002,1.0,0.9960719999999998,0.0,0.0,0.0,0.0,0.0,0.0,0.0005,0.0,0.0,0.0,0.0005,0.0,0.0,0.0,0.002,0.9975,0.0458997116852281,1893,0.0007893585011853387,1.1125786113817268e-06,0.00017300196584563317,16,20,False,0.995,0.005,0.66,fixed,100,none,b05428b4-9e4c-4c24-8ea0-156090d31ad0
2099,308800,32.65897512435913,0.99900075,0.999002,1.0,0.9960719999999998,0.0,0.0,0.0,0.0,0.0,0.0,0.0005,0.0,0.0,0.0,0.0005,0.0,0.0,0.0,0.002,0.9975,0.0458997116852281,1893,0.0007901873324734582,1.1176651099657307e-06,0.0001731843634493335,16,20,False,0.995,0.005,0.66,fixed,100,none,b05428b4-9e4c-4c24-8ea0-156090d31ad0
2100,308900,32.66994380950928,0.99900075,0.999002,1.0,0.9960719999999998,0.0,0.0,0.0,0.0,0.0,0.0,0.0005,0.0,0.0,0.0,0.0005,0.0,0.0,0.0,0.002,0.9975,0.0458997116852281,1893,0.0007892610976471819,1.1181978483753774e-06,0.00017298171186615945,16,20,False,0.995,0.005,0.66,fixed,100,none,b05428b4-9e4c-4c24-8ea0-156090d31ad0
2101,309200,32.680872201919556,0.99900075,0.999002,1.0,0.9960719999999998,0.0,0.0,0.0,0.0,0.0,0.0,0.0005,0.0,0.0,0.0,0.0005,0.0,0.0,0.0,0.002,0.9975,0.0458997116852281,1893,0.0007921581429145387,1.1216184284133319e-06,0.00017361652498539107,16,20,False,0.995,0.005,0.66,fixed,100,none,b05428b4-9e4c-4c24-8ea0-156090d31ad0
2102,309300,32.691574573516846,0.99900075,0.999002,1.0,0.9960719999999998,0.0,0.0,0.0,0.0,0.0,0.0,0.0005,0.0,0.0,0.0,0.0005,0.0,0.0,0.0,0.002,0.9975,0.0458997116852281,1893,0.0007931270260034218,1.121718930817604e-06,0.00017382863258900438,16,20,False,0.995,0.005,0.66,fixed,100,none,b05428b4-9e4c-4c24-8ea0-156090d31ad0
2103,309500,32.702306270599365,0.99900075,0.999002,1.0,0.9960719999999998,0.0,0.0,0.0,0.0,0.0,0.0,0.0005,0.0,0.0,0.0,0.0005,0.0,0.0,0.0,0.002,0.9975,0.0458997116852281,1893,0.0007937920016094958,1.123332049298033e-06,0.00017397450224168528,16,20,False,0.995,0.005,0.66,fixed,100,none,b05428b4-9e4c-4c24-8ea0-156090d31ad0
2104,309600,32.71314311027527,0.99900075,0.999002,1.0,0.9960719999999998,0.0,0.0,0.0,0.0,0.0,0.0,0.0005,0.0,0.0,0.0,0.0005,0.0,0.0,0.0,0.002,0.9975,0.0458997116852281,1893,0.0007954430779255683,1.1254315926129527e-06,0.00017433632176050337,16,20,False,0.995,0.005,0.66,fixed,100,none,b05428b4-9e4c-4c24-8ea0-156090d31ad0
2105,309900,32.723989963531494,0.99900075,0.999002,1.0,0.9960719999999998,0.0,0.0,0.0,0.0,0.0,0.0,0.0005,0.0,0.0,0.0,0.0005,0.0,0.0,0.0,0.002,0.9975,0.04629795038975885,1892,0.0007958722111169384,1.1275501424134834e-06,0.00017443066154055638,16,20,False,0.995,0.005,0.66,fixed,100,none,b05428b4-9e4c-4c24-8ea0-156090d31ad0
2106,310000,32.734790325164795,0.99900075,0.999002,1.0,0.9960719999999998,0.0,0.0,0.0,0.0,0.0,0.0,0.0005,0.0,0.0,0.0,0.0005,0.0,0.0,0.0,0.002,0.9975,0.04629795038975885,1892,0.0007972347481282964,1.1303326451674653e-06,0.00017472944956786589,16,20,False,0.995,0.005,0.66,fixed,100,none,b05428b4-9e4c-4c24-8ea0-156090d31ad0
2107,310300,32.745455741882324,0.99900075,0.999002,1.0,0.9960719999999998,0.0,0.0,0.0,0.0,0.0,0.0,0.0005,0.0,0.0,0.0,0.0005,0.0,0.0,0.0,0.002,0.9975,0.0458997116852281,1893,0.0007962402063606034,1.1277321388717753e-06,0.00017451125027872176,16,20,False,0.995,0.005,0.66,fixed,100,none,b05428b4-9e4c-4c24-8ea0-156090d31ad0
2108,310400,32.7584273815155,0.99900075,0.999002,1.0,0.9960719999999998,0.0,0.0,0.0,0.0,0.0,0.0,0.0005,0.0,0.0,0.0,0.0005,0.0,0.0,0.0,0.002,0.9975,0.0458997116852281,1893,0.0007971322324740588,1.1287249467608803e-06,0.00017470670342845606,16,20,False,0.995,0.005,0.66,fixed,100,none,b05428b4-9e4c-4c24-8ea0-156090d31ad0
2109,310600,32.76901173591614,0.99900075,0.999002,1.0,0.9960719999999998,0.0,0.0,0.0,0.0,0.0,0.0,0.0005,0.0,0.0,0.0,0.0005,0.0,0.0,0.0,0.002,0.9975,0.0458997116852281,1893,0.000797376106349621,1.1290505029287853e-06,0.00017476014927548852,16,20,False,0.995,0.005,0.66,fixed,100,none,b05428b4-9e4c-4c24-8ea0-156090d31ad0
2110,310700,32.779751777648926,0.99900075,0.999002,1.0,0.9960719999999998,0.0,0.0,0.0,0.0,0.0,0.0,0.0005,0.0,0.0,0.0,0.0005,0.0,0.0,0.0,0.002,0.9975,0.0458997116852281,1893,0.0007969848500103413,1.1276797703997806e-06,0.00017467424282363968,16,20,False,0.995,0.005,0.66,fixed,100,none,b05428b4-9e4c-4c24-8ea0-156090d31ad0
2111,311000,32.79088377952576,0.99900075,0.999002,1.0,0.9960719999999998,0.0,0.0,0.0,0.0,0.0,0.0,0.0005,0.0,0.0,0.0,0.0005,0.0,0.0,0.0,0.002,0.9975,0.04629795038975885,1892,0.0007989120845874634,1.1280286016301507e-06,0.00017509618075050546,16,20,False,0.995,0.005,0.66,fixed,100,none,b05428b4-9e4c-4c24-8ea0-156090d31ad0
2112,311100,32.80221724510193,0.99900075,0.999002,1.0,0.9960719999999998,0.0,0.0,0.0,0.0,0.0,0.0,0.0005,0.0,0.0,0.0,0.0005,0.0,0.0,0.0,0.002,0.9975,0.0458997116852281,1893,0.0007994445630633776,1.1269804449031645e-06,0.00017521254113910496,16,20,False,0.995,0.005,0.66,fixed,100,none,b05428b4-9e4c-4c24-8ea0-156090d31ad0
2113,311400,32.81354784965515,0.99900075,0.999002,1.0,0.9960719999999998,0.0,0.0,0.0,0.0,0.0,0.0,0.0005,0.0,0.0,0.0,0.0005,0.0,0.0,0.0,0.002,0.9975,0.0458997116852281,1893,0.0007989967144529599,1.1292239388784908e-06,0.00017511493334213983,16,20,False,0.995,0.005,0.66,fixed,100,none,b05428b4-9e4c-4c24-8ea0-156090d31ad0
2114,311500,32.8248815536499,0.99900075,0.999002,1.0,0.9960719999999998,0.0,0.0,0.0,0.0,0.0,0.0,0.0005,0.0,0.0,0.0,0.0005,0.0,0.0,0.0,0.002,0.9975,0.0458997116852281,1893,0.0007989967144529599,1.1292239388784908e-06,0.00017511493334213983,16,20,False,0.995,0.005,0.66,fixed,100,none,b05428b4-9e4c-4c24-8ea0-156090d31ad0
2115,311700,32.83932137489319,0.99900075,0.999002,1.0,0.9960719999999998,0.0,0.0,0.0,0.0,0.0,0.0,0.0005,0.0,0.0,0.0,0.0005,0.0,0.0,0.0,0.002,0.9975,0.04550046796188468,1894,0.0007977544120370202,1.1261329233785528e-06,0.00017484240605034564,16,20,False,0.995,0.005,0.66,fixed,100,none,b05428b4-9e4c-4c24-8ea0-156090d31ad0
2116,311800,32.85138535499573,0.99900075,0.999002,1.0,0.9960719999999998,0.0,0.0,0.0,0.0,0.0,0.0,0.0005,0.0,0.0,0.0,0.0005,0.0,0.0,0.0,0.002,0.9975,0.04550046796188468,1894,0.0007990890793188835,1.1280264025058306e-06,0.00017513492447937973,16,20,False,0.995,0.005,0.66,fixed,100,none,b05428b4-9e4c-4c24-8ea0-156090d31ad0
2117,312100,32.863038778305054,0.99900075,0.999002,1.0,0.9960719999999998,0.0,0.0,0.0,0.0,0.0,0.0,0.0005,0.0,0.0,0.0,0.0005,0.0,0.0,0.0,0.002,0.9975,0.04550046796188468,1894,0.0008010163120479727,1.1317887015751196e-06,0.0001755575105606005,16,20,False,0.995,0.005,0.66,fixed,100,none,b05428b4-9e4c-4c24-8ea0-156090d31ad0
2118,312200,32.874704122543335,0.99900075,0.999002,1.0,0.9960719999999998,0.0,0.0,0.0,0.0,0.0,0.0,0.0005,0.0,0.0,0.0,0.0005,0.0,0.0,0.0,0.002,0.9975,0.04550046796188468,1894,0.0008014088123512667,1.1327918493440804e-06,0.00017564361947506766,16,20,False,0.995,0.005,0.66,fixed,100,none,b05428b4-9e4c-4c24-8ea0-156090d31ad0
2119,312400,32.88680934906006,0.99900075,0.999002,1.0,0.9960719999999998,0.0,0.0,0.0,0.0,0.0,0.0,0.0005,0.0,0.0,0.0,0.0005,0.0,0.0,0.0,0.002,0.9975,0.04550046796188468,1894,0.0008013823934754992,1.1325693108978645e-06,0.00017563779410085736,16,20,False,0.995,0.005,0.66,fixed,100,none,b05428b4-9e4c-4c24-8ea0-156090d31ad0
2120,312500,32.89889121055603,0.99900075,0.999002,1.0,0.9960719999999998,0.0,0.0,0.0,0.0,0.0,0.0,0.0005,0.0,0.0,0.0,0.0005,0.0,0.0,0.0,0.002,0.9975,0.04550046796188468,1894,0.0008018165261693682,1.1313824289929486e-06,0.00017573260023998335,16,20,False,0.995,0.005,0.66,fixed,100,none,b05428b4-9e4c-4c24-8ea0-156090d31ad0
2121,312800,32.91066026687622,0.99900075,0.999002,1.0,0.9960719999999998,0.0,0.0,0.0,0.0,0.0,0.0,0.0005,0.0,0.0,0.0,0.0005,0.0,0.0,0.0,0.002,0.9975,0.04550046796188468,1894,0.0008030995256229704,1.1304787819597612e-06,0.0001760132771274406,16,20,False,0.995,0.005,0.66,fixed,100,none,b05428b4-9e4c-4c24-8ea0-156090d31ad0
2122,312900,32.92223072052002,0.99900075,0.999002,1.0,0.9960719999999998,0.0,0.0,0.0,0.0,0.0,0.0,0.0005,0.0,0.0,0.0,0.0005,0.0,0.0,0.0,0.002,0.9975,0.04550046796188468,1894,0.0008035662402382231,1.1321714280235463e-06,0.0001761157625594715,16,20,False,0.995,0.005,0.66,fixed,100,none,b05428b4-9e4c-4c24-8ea0-156090d31ad0
2123,313200,32.933737993240356,0.99900075,0.999002,1.0,0.9960719999999998,0.0,0.0,0.0,0.0,0.0,0.0,0.0005,0.0,0.0,0.0,0.0005,0.0,0.0,0.0,0.002,0.9975,0.04550046796188468,1894,0.0008054806511977583,1.1336541640496302e-06,0.00017653510883835873,16,20,False,0.995,0.005,0.66,fixed,100,none,b05428b4-9e4c-4c24-8ea0-156090d31ad0
2124,313300,32.94525361061096,0.99900075,0.999002,1.0,0.9960719999999998,0.0,0.0,0.0,0.0,0.0,0.0,0.0005,0.0,0.0,0.0,0.0005,0.0,0.0,0.0,0.002,0.9975,0.04550046796188468,1894,0.0008059547129051085,1.1340335636722693e-06,0.00017663895303202598,16,20,False,0.995,0.005,0.66,fixed,100,none,b05428b4-9e4c-4c24-8ea0-156090d31ad0
2125,313500,32.9568874835968,0.99900075,0.999002,1.0,0.9960719999999998,0.0,0.0,0.0,0.0,0.0,0.0,0.0005,0.0,0.0,0.0,0.0005,0.0,0.0,0.0,0.002,0.9975,0.04550046796188468,1894,0.0008051186073210555,1.1337429528479056e-06,0.00017645587430362017,16,20,False,0.995,0.005,0.66,fixed,100,none,b05428b4-9e4c-4c24-8ea0-156090d31ad0
2126,313600,32.96839356422424,0.99900075,0.999002,1.0,0.9960719999999998,0.0,0.0,0.0,0.0,0.0,0.0,0.0005,0.0,0.0,0.0,0.0005,0.0,0.0,0.0,0.002,0.9975,0.04550046796188468,1894,0.0008064901748293241,1.1363824682644638e-06,0.00017675661193910928,16,20,False,0.995,0.005,0.66,fixed,100,none,b05428b4-9e4c-4c24-8ea0-156090d31ad0
2127,313900,32.979968786239624,0.99900075,0.999002,1.0,0.9960719999999998,0.0,0.0,0.0,0.0,0.0,0.0,0.0005,0.0,0.0,0.0,0.0005,0.0,0.0,0.0,0.002,0.9975,0.04550046796188468,1894,0.0008072429322737594,1.141258360065663e-06,0.00017692231696313842,16,20,False,0.995,0.005,0.66,fixed,100,none,b05428b4-9e4c-4c24-8ea0-156090d31ad0
2128,314000,32.99146914482117,0.99900075,0.999002,1.0,0.9960719999999998,0.0,0.0,0.0,0.0,0.0,0.0,0.0005,0.0,0.0,0.0,0.0005,0.0,0.0,0.0,0.002,0.9975,0.04550046796188468,1894,0.0008064809884392892,1.141402454214918e-06,0.00017675555483566126,16,20,False,0.995,0.005,0.66,fixed,100,none,b05428b4-9e4c-4c24-8ea0-156090d31ad0
2129,314200,33.00297260284424,0.99900075,0.999002,1.0,0.9960719999999998,0.0,0.0,0.0,0.0,0.0,0.0,0.0005,0.0,0.0,0.0,0.0005,0.0,0.0,0.0,0.002,0.9975,0.04550046796188468,1894,0.0008064665587906151,1.1432852375663386e-06,0.00017675275391440326,16,20,False,0.995,0.005,0.66,fixed,100,none,b05428b4-9e4c-4c24-8ea0-156090d31ad0
2130,314300,33.01438856124878,0.99900075,0.999002,1.0,0.9960719999999998,0.0,0.0,0.0,0.0,0.0,0.0,0.0005,0.0,0.0,0.0,0.0005,0.0,0.0,0.0,0.002,0.9975,0.045899711685228106,1893,0.000806740119500569,1.1442573969869982e-06,0.00017681282106410208,16,20,False,0.995,0.005,0.66,fixed,100,none,b05428b4-9e4c-4c24-8ea0-156090d31ad0
2131,314600,33.02573871612549,0.99900075,0.999002,1.0,0.9960719999999998,0.0,0.0,0.0,0.0,0.0,0.0,0.0005,0.0,0.0,0.0,0.0005,0.0,0.0,0.0,0.002,0.9975,0.045899711685228106,1893,0.0008061577064106495,1.1436093434673558e-06,0.00017668520770854998,16,20,False,0.995,0.005,0.66,fixed,100,none,b05428b4-9e4c-4c24-8ea0-156090d31ad0
2132,314700,33.037094831466675,0.99900075,0.999002,1.0,0.9960719999999998,0.0,0.0,0.0,0.0,0.0,0.0,0.0005,0.0,0.0,0.0,0.0005,0.0,0.0,0.0,0.002,0.9975,0.045899711685228106,1893,0.0008063783270328972,1.144072950042921e-06,0.00017673358964800936,16,20,False,0.995,0.005,0.66,fixed,100,none,b05428b4-9e4c-4c24-8ea0-156090d31ad0
2133,315000,33.05228853225708,0.99900075,0.999002,1.0,0.9960719999999998,0.0,0.0,0.0,0.0,0.0,0.0,0.0005,0.0,0.0,0.0,0.0005,0.0,0.0,0.0,0.002,0.9975,0.045899711685228106,1893,0.0008051499257633009,1.1415889020299278e-06,0.00017646422064097227,16,20,False,0.995,0.005,0.66,fixed,100,none,b05428b4-9e4c-4c24-8ea0-156090d31ad0
2134,315100,33.06390833854675,0.99900075,0.999002,1.0,0.9960719999999998,0.0,0.0,0.0,0.0,0.0,0.0,0.0005,0.0,0.0,0.0,0.0005,0.0,0.0,0.0,0.002,0.9975,0.04550046796188467,1894,0.0008045927370823011,1.1403395585278718e-06,0.000176342014663436,16,20,False,0.995,0.005,0.66,fixed,100,none,b05428b4-9e4c-4c24-8ea0-156090d31ad0
2135,315300,33.075462341308594,0.99900075,0.999002,1.0,0.9960719999999998,0.0,0.0,0.0,0.0,0.0,0.0,0.0005,0.0,0.0,0.0,0.0005,0.0,0.0,0.0,0.002,0.9975,0.045899711685228106,1893,0.0008030546983229212,1.1408434211905771e-06,0.00017600543371291367,16,20,False,0.995,0.005,0.66,fixed,100,none,b05428b4-9e4c-4c24-8ea0-156090d31ad0
2136,315400,33.08710503578186,0.99900075,0.999002,1.0,0.9960719999999998,0.0,0.0,0.0,0.0,0.0,0.0,0.0005,0.0,0.0,0.0,0.0005,0.0,0.0,0.0,0.002,0.9975,0.045899711685228106,1893,0.0008030198455573071,1.140174356501917e-06,0.0001759976773202299,16,20,False,0.995,0.005,0.66,fixed,100,none,b05428b4-9e4c-4c24-8ea0-156090d31ad0
2137,315700,33.0990686416626,0.99900075,0.999002,1.0,0.9960719999999998,0.0,0.0,0.0,0.0,0.0,0.0,0.0005,0.0,0.0,0.0,0.0005,0.0,0.0,0.0,0.002,0.9975,0.04629795038975885,1892,0.0008043718942970821,1.140505503077036e-06,0.00017629370370721593,16,20,False,0.995,0.005,0.66,fixed,100,none,b05428b4-9e4c-4c24-8ea0-156090d31ad0
2138,315800,33.11054444313049,0.99900075,0.999002,1.0,0.9960719999999998,0.0,0.0,0.0,0.0,0.0,0.0,0.0005,0.0,0.0,0.0,0.0005,0.0,0.0,0.0,0.002,0.9975,0.04550046796188467,1894,0.0008062719531865944,1.1442337532744039e-06,0.00017671033496566765,16,20,False,0.995,0.005,0.66,fixed,100,none,b05428b4-9e4c-4c24-8ea0-156090d31ad0
2139,316000,33.12197232246399,0.99900075,0.999002,1.0,0.9960719999999998,0.0,0.0,0.0,0.0,0.0,0.0,0.0005,0.0,0.0,0.0,0.0005,0.0,0.0,0.0,0.002,0.9975,0.04629795038975885,1892,0.000806699563569968,1.1465405032400818e-06,0.00017680437716108163,16,20,False,0.995,0.005,0.66,fixed,100,none,b05428b4-9e4c-4c24-8ea0-156090d31ad0
2140,316100,33.13343405723572,0.99900075,0.999002,1.0,0.9960719999999998,0.0,0.0,0.0,0.0,0.0,0.0,0.0005,0.0,0.0,0.0,0.0005,0.0,0.0,0.0,0.002,0.9975,0.04629795038975885,1892,0.000806561965130523,1.1444013720177634e-06,0.00017677385042775488,16,20,False,0.995,0.005,0.66,fixed,100,none,b05428b4-9e4c-4c24-8ea0-156090d31ad0
2141,316400,33.14493918418884,0.99900075,0.999002,1.0,0.9960719999999998,0.0,0.0,0.0,0.0,0.0,0.0,0.0005,0.0,0.0,0.0,0.0005,0.0,0.0,0.0,0.002,0.9975,0.04629795038975885,1892,0.0008056565972509836,1.1461695503447797e-06,0.00017657600135280582,16,20,False,0.995,0.005,0.66,fixed,100,none,b05428b4-9e4c-4c24-8ea0-156090d31ad0
2142,316500,33.156293630599976,0.99900075,0.999002,1.0,0.9960719999999998,0.0,0.0,0.0,0.0,0.0,0.0,0.0005,0.0,0.0,0.0,0.0005,0.0,0.0,0.0,0.002,0.9975,0.04629795038975885,1892,0.0008054982550347818,1.1461125646736838e-06,0.00017654132941440174,16,20,False,0.995,0.005,0.66,fixed,100,none,b05428b4-9e4c-4c24-8ea0-156090d31ad0
2143,316800,33.1677885055542,0.99900075,0.999002,1.0,0.9960719999999998,0.0,0.0,0.0,0.0,0.0,0.0,0.0005,0.0,0.0,0.0,0.0005,0.0,0.0,0.0,0.002,0.9975,0.04629795038975885,1892,0.0008099399560172799,1.1551007031375752e-06,0.00017751532550577871,16,20,False,0.995,0.005,0.66,fixed,100,none,b05428b4-9e4c-4c24-8ea0-156090d31ad0
2144,316900,33.17959761619568,0.99900075,0.999002,1.0,0.9960719999999998,0.0,0.0,0.0,0.0,0.0,0.0,0.0005,0.0,0.0,0.0,0.0005,0.0,0.0,0.0,0.002,0.9975,0.04629795038975885,1892,0.0008099912700612062,1.1565423970995105e-06,0.00017752683207184695,16,20,False,0.995,0.005,0.66,fixed,100,none,b05428b4-9e4c-4c24-8ea0-156090d31ad0
2145,317100,33.19129776954651,0.99900075,0.999002,1.0,0.9960719999999998,0.0,0.0,0.0,0.0,0.0,0.0,0.0005,0.0,0.0,0.0,0.0005,0.0,0.0,0.0,0.002,0.9975,0.04629795038975885,1892,0.0008109155846217069,1.1604371311046544e-06,0.00017772990452860155,16,20,False,0.995,0.005,0.66,fixed,100,none,b05428b4-9e4c-4c24-8ea0-156090d31ad0
2146,317200,33.20286703109741,0.99900075,0.999002,1.0,0.9960719999999998,0.0,0.0,0.0,0.0,0.0,0.0,0.0005,0.0,0.0,0.0,0.0005,0.0,0.0,0.0,0.002,0.9975,0.04629795038975885,1892,0.0008106669056914104,1.161150419703686e-06,0.00017767560423559344,16,20,False,0.995,0.005,0.66,fixed,100,none,b05428b4-9e4c-4c24-8ea0-156090d31ad0
2147,317500,33.214621782302856,0.99900075,0.999002,1.0,0.9960719999999998,0.0,0.0,0.0,0.0,0.0,0.0,0.0005,0.0,0.0,0.0,0.0005,0.0,0.0,0.0,0.002,0.9975,0.04629795038975885,1892,0.0008115853755749744,1.1663627824954195e-06,0.00017787764764203603,16,20,False,0.995,0.005,0.66,fixed,100,none,b05428b4-9e4c-4c24-8ea0-156090d31ad0
2148,317600,33.22626876831055,0.99900075,0.999002,1.0,0.9960719999999998,0.0,0.0,0.0,0.0,0.0,0.0,0.0005,0.0,0.0,0.0,0.0005,0.0,0.0,0.0,0.002,0.9975,0.04629795038975885,1892,0.0008120584400979248,1.1677955967294292e-06,0.00017798147370081435,16,20,False,0.995,0.005,0.66,fixed,100,none,b05428b4-9e4c-4c24-8ea0-156090d31ad0
2149,317800,33.23807668685913,0.99900075,0.999002,1.0,0.9960719999999998,0.0,0.0,0.0,0.0,0.0,0.0,0.0005,0.0,0.0,0.0,0.0005,0.0,0.0,0.0,0.002,0.9975,0.045899711685228106,1893,0.0008145656895042204,1.1723876864694481e-06,0.00017853118309290306,16,20,False,0.995,0.005,0.66,fixed,100,none,b05428b4-9e4c-4c24-8ea0-156090d31ad0
2150,317900,33.249823331832886,0.99900075,0.999002,1.0,0.9960719999999998,0.0,0.0,0.0,0.0,0.0,0.0,0.0005,0.0,0.0,0.0,0.0005,0.0,0.0,0.0,0.002,0.9975,0.045899711685228106,1893,0.0008141110287575745,1.1697737398230688e-06,0.00017843116120559946,16,20,False,0.995,0.005,0.66,fixed,100,none,b05428b4-9e4c-4c24-8ea0-156090d31ad0
2151,318200,33.261478900909424,0.99900075,0.999002,1.0,0.9960719999999998,0.0,0.0,0.0,0.0,0.0,0.0,0.0005,0.0,0.0,0.0,0.0005,0.0,0.0,0.0,0.002,0.9975,0.045899711685228106,1893,0.0008154370932905348,1.1720495034225668e-06,0.00017872186912694837,16,20,False,0.995,0.005,0.66,fixed,100,none,b05428b4-9e4c-4c24-8ea0-156090d31ad0
2152,318300,33.27304983139038,0.99900075,0.999002,1.0,0.9960719999999998,0.0,0.0,0.0,0.0,0.0,0.0,0.0005,0.0,0.0,0.0,0.0005,0.0,0.0,0.0,0.002,0.9975,0.045899711685228106,1893,0.0008150473410294244,1.1727126369007375e-06,0.00017863667835235216,16,20,False,0.995,0.005,0.66,fixed,100,none,b05428b4-9e4c-4c24-8ea0-156090d31ad0
2153,318400,33.28449988365173,0.99900075,0.999002,1.0,0.9960719999999998,0.0,0.0,0.0,0.0,0.0,0.0,0.0005,0.0,0.0,0.0,0.0005,0.0,0.0,0.0,0.002,0.9975,0.045899711685228106,1893,0.0008146033293109911,1.1723025073787189e-06,0.00017853940626257793,16,20,False,0.995,0.005,0.66,fixed,100,none,b05428b4-9e4c-4c24-8ea0-156090d31ad0
2154,318600,33.29575729370117,0.99900075,0.999002,1.0,0.9960719999999998,0.0,0.0,0.0,0.0,0.0,0.0,0.0005,0.0,0.0,0.0,0.0005,0.0,0.0,0.0,0.002,0.9975,0.045899711685228106,1893,0.0008162640091512643,1.1754327679762103e-06,0.00017890352382912724,16,20,False,0.995,0.005,0.66,fixed,100,none,b05428b4-9e4c-4c24-8ea0-156090d31ad0
2155,318700,33.30719351768494,0.99900075,0.999002,1.0,0.9960719999999998,0.0,0.0,0.0,0.0,0.0,0.0,0.0005,0.0,0.0,0.0,0.0005,0.0,0.0,0.0,0.002,0.9975,0.045899711685228106,1893,0.0008152664298880201,1.1745574059634887e-06,0.00017868498740962067,16,20,False,0.995,0.005,0.66,fixed,100,none,b05428b4-9e4c-4c24-8ea0-156090d31ad0
2156,318900,33.31841778755188,0.99900075,0.999002,1.0,0.9960719999999998,0.0,0.0,0.0,0.0,0.0,0.0,0.0005,0.0,0.0,0.0,0.0005,0.0,0.0,0.0,0.002,0.9975,0.045899711685228106,1893,0.0008154895729614528,1.1753196333337504e-06,0.00017873397825159544,16,20,False,0.995,0.005,0.66,fixed,100,none,b05428b4-9e4c-4c24-8ea0-156090d31ad0
2157,319000,33.32970571517944,0.99900075,0.999002,1.0,0.9960719999999998,0.0,0.0,0.0,0.0,0.0,0.0,0.0005,0.0,0.0,0.0,0.0005,0.0,0.0,0.0,0.002,0.9975,0.045899711685228106,1893,0.0008161496067860658,1.1763987785077017e-06,0.00017887866469338626,16,20,False,0.995,0.005,0.66,fixed,100,none,b05428b4-9e4c-4c24-8ea0-156090d31ad0
2158,319300,33.34122633934021,0.99900075,0.999002,1.0,0.9960719999999998,0.0,0.0,0.0,0.0,0.0,0.0,0.0005,0.0,0.0,0.0,0.0005,0.0,0.0,0.0,0.002,0.9975,0.045899711685228106,1893,0.0008164057617273137,1.1742927834857104e-06,0.00017893433687097128,16,20,False,0.995,0.005,0.66,fixed,100,none,b05428b4-9e4c-4c24-8ea0-156090d31ad0
2159,319400,33.35271430015564,0.99900075,0.999002,1.0,0.9960719999999998,0.0,0.0,0.0,0.0,0.0,0.0,0.0005,0.0,0.0,0.0,0.0005,0.0,0.0,0.0,0.002,0.9975,0.04629795038975884,1892,0.0008166460105057876,1.1749326178465385e-06,0.00017898704889710777,16,20,False,0.995,0.005,0.66,fixed,100,none,b05428b4-9e4c-4c24-8ea0-156090d31ad0
2160,319600,33.364182472229004,0.99900075,0.999002,1.0,0.9960719999999998,0.0,0.0,0.0,0.0,0.0,0.0,0.0005,0.0,0.0,0.0,0.0005,0.0,0.0,0.0,0.002,0.9975,0.045899711685228106,1893,0.00081843143883511,1.1764264045131418e-06,0.00017937816297786306,16,20,False,0.995,0.005,0.66,fixed,100,none,b05428b4-9e4c-4c24-8ea0-156090d31ad0
2161,319700,33.375590324401855,0.99900075,0.999002,1.0,0.9960719999999998,0.0,0.0,0.0,0.0,0.0,0.0,0.0005,0.0,0.0,0.0,0.0005,0.0,0.0,0.0,0.002,0.9975,0.045899711685228106,1893,0.0008190265269252817,1.1785462742161964e-06,0.00017950883053604523,16,20,False,0.995,0.005,0.66,fixed,100,none,b05428b4-9e4c-4c24-8ea0-156090d31ad0
2162,320000,33.38693714141846,0.99900075,0.999002,1.0,0.9960719999999998,0.0,0.0,0.0,0.0,0.0,0.0,0.0005,0.0,0.0,0.0,0.0005,0.0,0.0,0.0,0.002,0.9975,0.045899711685228106,1893,0.0008192374771865255,1.1806330761682198e-06,0.0001795554040406024,16,20,False,0.995,0.005,0.66,fixed,100,none,b05428b4-9e4c-4c24-8ea0-156090d31ad0
2163,320100,33.39828157424927,0.99900075,0.999002,1.0,0.9960719999999998,0.0,0.0,0.0,0.0,0.0,0.0,0.0005,0.0,0.0,0.0,0.0005,0.0,0.0,0.0,0.002,0.9975,0.045899711685228106,1893,0.0008205479008517994,1.1841397593095945e-06,0.00017984292205072772,16,20,False,0.995,0.005,0.66,fixed,100,none,b05428b4-9e4c-4c24-8ea0-156090d31ad0
2164,320400,33.4095401763916,0.99900075,0.999002,1.0,0.9960719999999998,0.0,0.0,0.0,0.0,0.0,0.0,0.0005,0.0,0.0,0.0,0.0005,0.0,0.0,0.0,0.002,0.9975,0.045899711685228106,1893,0.0008229314761820823,1.1867292088033863e-06,0.00018036517868593048,16,20,False,0.995,0.005,0.66,fixed,100,none,b05428b4-9e4c-4c24-8ea0-156090d31ad0
2165,320500,33.420892000198364,0.99900075,0.999002,1.0,0.9960719999999998,0.0,0.0,0.0,0.0,0.0,0.0,0.0005,0.0,0.0,0.0,0.0005,0.0,0.0,0.0,0.002,0.9975,0.045899711685228106,1893,0.0008233884963618172,1.1883103744823377e-06,0.00018046552082475346,16,20,False,0.995,0.005,0.66,fixed,100,none,b05428b4-9e4c-4c24-8ea0-156090d31ad0
2166,320700,33.432384729385376,0.99900075,0.999002,1.0,0.9960719999999998,0.0,0.0,0.0,0.0,0.0,0.0,0.0005,0.0,0.0,0.0,0.0005,0.0,0.0,0.0,0.002,0.9975,0.045899711685228106,1893,0.0008232409078517253,1.187711284072672e-06,0.00018043309987271646,16,20,False,0.995,0.005,0.66,fixed,100,none,b05428b4-9e4c-4c24-8ea0-156090d31ad0
2167,320800,33.44401144981384,0.99900075,0.999002,1.0,0.9960719999999998,0.0,0.0,0.0,0.0,0.0,0.0,0.0005,0.0,0.0,0.0,0.0005,0.0,0.0,0.0,0.002,0.9975,0.045899711685228106,1893,0.0008216023406331034,1.1848531628626154e-06,0.00018007387446553023,16,20,False,0.995,0.005,0.66,fixed,100,none,b05428b4-9e4c-4c24-8ea0-156090d31ad0
2168,321000,33.45556306838989,0.99900075,0.999002,1.0,0.9960719999999998,0.0,0.0,0.0,0.0,0.0,0.0,0.0005,0.0,0.0,0.0,0.0005,0.0,0.0,0.0,0.002,0.9975,0.045899711685228106,1893,0.0008212326224880324,1.1843984615445197e-06,0.0001799928567703238,16,20,False,0.995,0.005,0.66,fixed,100,none,b05428b4-9e4c-4c24-8ea0-156090d31ad0
2169,321100,33.46703577041626,0.99900075,0.999002,1.0,0.9960719999999998,0.0,0.0,0.0,0.0,0.0,0.0,0.0005,0.0,0.0,0.0,0.0005,0.0,0.0,0.0,0.002,0.9975,0.045899711685228106,1893,0.0008228844594691714,1.1883206620500602e-06,0.00018035518910359115,16,20,False,0.995,0.005,0.66,fixed,100,none,b05428b4-9e4c-4c24-8ea0-156090d31ad0
2170,321200,33.47847580909729,0.99900075,0.999002,1.0,0.9960719999999998,0.0,0.0,0.0,0.0,0.0,0.0,0.0005,0.0,0.0,0.0,0.0005,0.0,0.0,0.0,0.002,0.9975,0.045899711685228106,1893,0.0008218938156165341,1.186929461874998e-06,0.00018013807283621556,16,20,False,0.995,0.005,0.66,fixed,100,none,b05428b4-9e4c-4c24-8ea0-156090d31ad0
2171,321400,33.48995399475098,0.99900075,0.999002,1.0,0.9960719999999998,0.0,0.0,0.0,0.0,0.0,0.0,0.0005,0.0,0.0,0.0,0.0005,0.0,0.0,0.0,0.002,0.9975,0.045899711685228106,1893,0.0008238040278290859,1.1885943868736936e-06,0.0001805565346252929,16,20,False,0.995,0.005,0.66,fixed,100,none,b05428b4-9e4c-4c24-8ea0-156090d31ad0
2172,321500,33.5013644695282,0.99900075,0.999002,1.0,0.9960719999999998,0.0,0.0,0.0,0.0,0.0,0.0,0.0005,0.0,0.0,0.0,0.0005,0.0,0.0,0.0,0.002,0.9975,0.045899711685228106,1893,0.0008254278440682885,1.193345064739855e-06,0.00018091289062884894,16,20,False,0.995,0.005,0.66,fixed,100,none,b05428b4-9e4c-4c24-8ea0-156090d31ad0
2173,321800,33.512760162353516,0.99900075,0.999002,1.0,0.9960719999999998,0.0,0.0,0.0,0.0,0.0,0.0,0.0005,0.0,0.0,0.0,0.0005,0.0,0.0,0.0,0.002,0.9975,0.045899711685228106,1893,0.0008253767117321977,1.1922643887716589e-06,0.00018090149243204468,16,20,False,0.995,0.005,0.66,fixed,100,none,b05428b4-9e4c-4c24-8ea0-156090d31ad0
2174,321900,33.523988246917725,0.99900075,0.999002,1.0,0.9960719999999998,0.0,0.0,0.0,0.0,0.0,0.0,0.0005,0.0,0.0,0.0,0.0005,0.0,0.0,0.0,0.002,0.9975,0.04629795038975884,1892,0.0008264423392745923,1.1953804958875818e-06,0.0001811353503614269,16,20,False,0.995,0.005,0.66,fixed,100,none,b05428b4-9e4c-4c24-8ea0-156090d31ad0
2175,322200,33.53530693054199,0.99900075,0.999002,1.0,0.9960719999999998,0.0,0.0,0.0,0.0,0.0,0.0,0.0005,0.0,0.0,0.0,0.0005,0.0,0.0,0.0,0.002,0.9975,0.04629795038975884,1892,0.0008271141149316933,1.1959592266498636e-06,0.00018128251201161115,16,20,False,0.995,0.005,0.66,fixed,100,none,b05428b4-9e4c-4c24-8ea0-156090d31ad0
2176,322300,33.54672145843506,0.99900075,0.999002,1.0,0.9960719999999998,0.0,0.0,0.0,0.0,0.0,0.0,0.0005,0.0,0.0,0.0,0.0005,0.0,0.0,0.0,0.002,0.9975,0.04629795038975884,1892,0.0008271434996449379,1.1959655024863522e-06,0.0001812889455177493,16,20,False,0.995,0.005,0.66,fixed,100,none,b05428b4-9e4c-4c24-8ea0-156090d31ad0
2177,322500,33.55806040763855,0.99900075,0.999002,1.0,0.9960719999999998,0.0,0.0,0.0,0.0,0.0,0.0,0.0005,0.0,0.0,0.0,0.0005,0.0,0.0,0.0,0.002,0.9975,0.04629795038975884,1892,0.0008288294257621929,1.1999969799474696e-06,0.00018165876072553404,16,20,False,0.995,0.005,0.66,fixed,100,none,b05428b4-9e4c-4c24-8ea0-156090d31ad0
2178,322600,33.56940960884094,0.99900075,0.999002,1.0,0.9960719999999998,0.0,0.0,0.0,0.0,0.0,0.0,0.0005,0.0,0.0,0.0,0.0005,0.0,0.0,0.0,0.002,0.9975,0.04629795038975884,1892,0.0008284364532554793,1.2009575952692307e-06,0.00018157292156072556,16,20,False,0.995,0.005,0.66,fixed,100,none,b05428b4-9e4c-4c24-8ea0-156090d31ad0
2179,322900,33.58077907562256,0.99900075,0.999002,1.0,0.9960719999999998,0.0,0.0,0.0,0.0,0.0,0.0,0.0005,0.0,0.0,0.0,0.0005,0.0,0.0,0.0,0.002,0.9975,0.04629795038975884,1892,0.0008301915780929521,1.203649303571368e-06,0.00018195762981222576,16,20,False,0.995,0.005,0.66,fixed,100,none,b05428b4-9e4c-4c24-8ea0-156090d31ad0
2180,323000,33.592127323150635,0.99900075,0.999002,1.0,0.9960719999999998,0.0,0.0,0.0,0.0,0.0,0.0,0.0005,0.0,0.0,0.0,0.0005,0.0,0.0,0.0,0.002,0.9975,0.04629795038975884,1892,0.0008297764642179928,1.2018924010232336e-06,0.00018186642757351306,16,20,False,0.995,0.005,0.66,fixed,100,none,b05428b4-9e4c-4c24-8ea0-156090d31ad0
2181,323200,33.603535652160645,0.99900075,0.999002,1.0,0.9960719999999998,0.0,0.0,0.0,0.0,0.0,0.0,0.0005,0.0,0.0,0.0,0.0005,0.0,0.0,0.0,0.002,0.9975,0.04629795038975884,1892,0.0008313141309741886,1.2048715939393998e-06,0.00018220358887309837,16,20,False,0.995,0.005,0.66,fixed,100,none,b05428b4-9e4c-4c24-8ea0-156090d31ad0
2182,323300,33.61494445800781,0.99900075,0.999002,1.0,0.9960719999999998,0.0,0.0,0.0,0.0,0.0,0.0,0.0005,0.0,0.0,0.0,0.0005,0.0,0.0,0.0,0.002,0.9975,0.04629795038975884,1892,0.0008313141309741886,1.2048715939393998e-06,0.00018220358887309837,16,20,False,0.995,0.005,0.66,fixed,100,none,b05428b4-9e4c-4c24-8ea0-156090d31ad0
2183,323600,33.626235008239746,0.99900075,0.999002,1.0,0.9960719999999998,0.0,0.0,0.0,0.0,0.0,0.0,0.0005,0.0,0.0,0.0,0.0005,0.0,0.0,0.0,0.002,0.9975,0.04629795038975885,1892,0.0008329028484493843,1.207088930573713e-06,0.0001825517804223792,16,20,False,0.995,0.005,0.66,fixed,100,none,b05428b4-9e4c-4c24-8ea0-156090d31ad0
2184,323700,33.637691020965576,0.99900075,0.999002,1.0,0.9960719999999998,0.0,0.0,0.0,0.0,0.0,0.0,0.0005,0.0,0.0,0.0,0.0005,0.0,0.0,0.0,0.002,0.9975,0.045899711685228106,1893,0.0008331158781382925,1.2078772267884054e-06,0.00018259856239756205,16,20,False,0.995,0.005,0.66,fixed,100,none,b05428b4-9e4c-4c24-8ea0-156090d31ad0
2185,324000,33.64927077293396,0.99900075,0.999002,1.0,0.9960719999999998,0.0,0.0,0.0,0.0,0.0,0.0,0.0005,0.0,0.0,0.0,0.0005,0.0,0.0,0.0,0.002,0.9975,0.04629795038975885,1892,0.0008334109667757717,1.2138800825612465e-06,0.00018266429784290306,16,20,False,0.995,0.005,0.66,fixed,100,none,b05428b4-9e4c-4c24-8ea0-156090d31ad0
2186,324100,33.660555362701416,0.99900075,0.999002,1.0,0.9960719999999998,0.0,0.0,0.0,0.0,0.0,0.0,0.0005,0.0,0.0,0.0,0.0005,0.0,0.0,0.0,0.002,0.9975,0.045899711685228106,1893,0.0008354919468433662,1.2195613239615022e-06,0.00018312090381556557,16,20,False,0.995,0.005,0.66,fixed,100,none,b05428b4-9e4c-4c24-8ea0-156090d31ad0
2187,324300,33.671797037124634,0.99900075,0.999002,1.0,0.9960719999999998,0.0,0.0,0.0,0.0,0.0,0.0,0.0005,0.0,0.0,0.0,0.0005,0.0,0.0,0.0,0.002,0.9975,0.045899711685228106,1893,0.0008350990757168052,1.219809538686198e-06,0.00018303495148675903,16,20,False,0.995,0.005,0.66,fixed,100,none,b05428b4-9e4c-4c24-8ea0-156090d31ad0
2188,324400,33.682944774627686,0.99900075,0.999002,1.0,0.9960719999999998,0.0,0.0,0.0,0.0,0.0,0.0,0.0005,0.0,0.0,0.0,0.0005,0.0,0.0,0.0,0.002,0.9975,0.04629795038975885,1892,0.0008346794223711416,1.2190284606337748e-06,0.0001829429409645633,16,20,False,0.995,0.005,0.66,fixed,100,none,b05428b4-9e4c-4c24-8ea0-156090d31ad0
2189,324700,33.6939582824707,0.99900075,0.999002,1.0,0.9960719999999998,0.0,0.0,0.0,0.0,0.0,0.0,0.0005,0.0,0.0,0.0,0.0005,0.0,0.0,0.0,0.002,0.9975,0.04629795038975885,1892,0.0008365056866639922,1.2252693732753496e-06,0.00018334389599167024,16,20,False,0.995,0.005,0.66,fixed,100,none,b05428b4-9e4c-4c24-8ea0-156090d31ad0
2190,324800,33.70486354827881,0.99900075,0.999002,1.0,0.9960719999999998,0.0,0.0,0.0,0.0,0.0,0.0,0.0005,0.0,0.0,0.0,0.0005,0.0,0.0,0.0,0.002,0.9975,0.04629795038975885,1892,0.0008380171370344585,1.2277616287772108e-06,0.00018367522600631062,16,20,False,0.995,0.005,0.66,fixed,100,none,b05428b4-9e4c-4c24-8ea0-156090d31ad0
2191,325000,33.71578764915466,0.99900075,0.999002,1.0,0.9960719999999998,0.0,0.0,0.0,0.0,0.0,0.0,0.0005,0.0,0.0,0.0,0.0005,0.0,0.0,0.0,0.002,0.9975,0.04669518407547692,1891,0.0008394789181204776,1.2319531787236156e-06,0.00018399600628053004,16,20,False,0.995,0.005,0.66,fixed,100,none,b05428b4-9e4c-4c24-8ea0-156090d31ad0
2192,325100,33.72656536102295,0.99900075,0.999002,1.0,0.9960719999999998,0.0,0.0,0.0,0.0,0.0,0.0,0.0005,0.0,0.0,0.0,0.0005,0.0,0.0,0.0,0.002,0.9975,0.04669518407547692,1891,0.0008385855003330381,1.2315443716704066e-06,0.00018380035945351944,16,20,False,0.995,0.005,0.66,fixed,100,none,b05428b4-9e4c-4c24-8ea0-156090d31ad0
2193,325400,33.73735165596008,0.99900075,0.999002,1.0,0.9960719999999998,0.0,0.0,0.0,0.0,0.0,0.0,0.0005,0.0,0.0,0.0,0.0005,0.0,0.0,0.0,0.002,0.9975,0.046297950389758855,1892,0.0008398156488520013,1.2337454387503522e-06,0.00018407005716706564,16,20,False,0.995,0.005,0.66,fixed,100,none,b05428b4-9e4c-4c24-8ea0-156090d31ad0
2194,325500,33.74812078475952,0.99900075,0.999002,1.0,0.9960719999999998,0.0,0.0,0.0,0.0,0.0,0.0,0.0005,0.0,0.0,0.0,0.0005,0.0,0.0,0.0,0.002,0.9975,0.046297950389758855,1892,0.0008418827769119913,1.238579028483419e-06,0.00018452346988144676,16,20,False,0.995,0.005,0.66,fixed,100,none,b05428b4-9e4c-4c24-8ea0-156090d31ad0
2195,325800,33.75905656814575,0.99900075,0.999002,1.0,0.9960719999999998,0.0,0.0,0.0,0.0,0.0,0.0,0.0005,0.0,0.0,0.0,0.0005,0.0,0.0,0.0,0.002,0.9975,0.046297950389758855,1892,0.0008423089555891458,1.2397391699840707e-06,0.000184616980820761,16,20,False,0.995,0.005,0.66,fixed,100,none,b05428b4-9e4c-4c24-8ea0-156090d31ad0
2196,325900,33.770334005355835,0.99900075,0.999002,1.0,0.9960719999999998,0.0,0.0,0.0,0.0,0.0,0.0,0.0005,0.0,0.0,0.0,0.0005,0.0,0.0,0.0,0.002,0.9975,0.046297950389758855,1892,0.0008427906862029797,1.2418504706685091e-06,0.00018472283279925928,16,20,False,0.995,0.005,0.66,fixed,100,none,b05428b4-9e4c-4c24-8ea0-156090d31ad0
2197,326100,33.78165149688721,0.99900075,0.999002,1.0,0.9960719999999998,0.0,0.0,0.0,0.0,0.0,0.0,0.0005,0.0,0.0,0.0,0.0005,0.0,0.0,0.0,0.002,0.9975,0.045899711685228106,1893,0.0008423228646872642,1.2417700834593959e-06,0.00018462041139589942,16,20,False,0.995,0.005,0.66,fixed,100,none,b05428b4-9e4c-4c24-8ea0-156090d31ad0
2198,326200,33.792880058288574,0.99900075,0.999002,1.0,0.9960719999999998,0.0,0.0,0.0,0.0,0.0,0.0,0.0005,0.0,0.0,0.0,0.0005,0.0,0.0,0.0,0.002,0.9975,0.045899711685228106,1893,0.0008420433730064354,1.2423456573159211e-06,0.00018455934002599875,16,20,False,0.995,0.005,0.66,fixed,100,none,b05428b4-9e4c-4c24-8ea0-156090d31ad0
2199,326300,33.804155349731445,0.99900075,0.999002,1.0,0.9960719999999998,0.0,0.0,0.0,0.0,0.0,0.0,0.0005,0.0,0.0,0.0,0.0005,0.0,0.0,0.0,0.002,0.9975,0.045899711685228106,1893,0.0008406491747446132,1.241607428454993e-06,0.00018425400976300227,16,20,False,0.995,0.005,0.66,fixed,100,none,b05428b4-9e4c-4c24-8ea0-156090d31ad0
2200,326400,33.81539583206177,0.99900075,0.999002,1.0,0.9960719999999998,0.0,0.0,0.0,0.0,0.0,0.0,0.0005,0.0,0.0,0.0,0.0005,0.0,0.0,0.0,0.002,0.9975,0.045899711685228106,1893,0.0008404954141946612,1.2408141330746388e-06,0.00018422020085249552,16,20,False,0.995,0.005,0.66,fixed,100,none,b05428b4-9e4c-4c24-8ea0-156090d31ad0
2201,326500,33.826722621917725,0.99900075,0.999002,1.0,0.9960719999999998,0.0,0.0,0.0,0.0,0.0,0.0,0.0005,0.0,0.0,0.0,0.0005,0.0,0.0,0.0,0.002,0.9975,0.045899711685228106,1893,0.0008394300817363034,1.2399682306293662e-06,0.00018398683885589642,16,20,False,0.995,0.005,0.66,fixed,100,none,b05428b4-9e4c-4c24-8ea0-156090d31ad0
2202,326600,33.83804225921631,0.99900075,0.999002,1.0,0.9960719999999998,0.0,0.0,0.0,0.0,0.0,0.0,0.0005,0.0,0.0,0.0,0.0005,0.0,0.0,0.0,0.002,0.9975,0.045899711685228106,1893,0.0008402934116387697,1.2417219208550203e-06,0.00018417615497268915,16,20,False,0.995,0.005,0.66,fixed,100,none,b05428b4-9e4c-4c24-8ea0-156090d31ad0
2203,326800,33.84940838813782,0.99900075,0.999002,1.0,0.9960719999999998,0.0,0.0,0.0,0.0,0.0,0.0,0.0005,0.0,0.0,0.0,0.0005,0.0,0.0,0.0,0.002,0.9975,0.045500467961884665,1894,0.0008402825660896738,1.2419131518512987e-06,0.00018417381721588132,16,20,False,0.995,0.005,0.66,fixed,100,none,b05428b4-9e4c-4c24-8ea0-156090d31ad0
2204,326900,33.86081624031067,0.99900075,0.999002,1.0,0.9960719999999998,0.0,0.0,0.0,0.0,0.0,0.0,0.0005,0.0,0.0,0.0,0.0005,0.0,0.0,0.0,0.002,0.9975,0.04669518407547692,1891,0.00084121734838309,1.2444259685857358e-06,0.00018437891849508968,16,20,False,0.995,0.005,0.66,fixed,100,none,b05428b4-9e4c-4c24-8ea0-156090d31ad0
2205,327200,33.87208867073059,0.99900075,0.999002,1.0,0.9960719999999998,0.0,0.0,0.0,0.0,0.0,0.0,0.0005,0.0,0.0,0.0,0.0005,0.0,0.0,0.0,0.002,0.9975,0.045899711685228106,1893,0.0008420017792411152,1.2446128023345674e-06,0.0001845506659083237,16,20,False,0.995,0.005,0.66,fixed,100,none,b05428b4-9e4c-4c24-8ea0-156090d31ad0
2206,327300,33.88342881202698,0.99900075,0.999002,1.0,0.9960719999999998,0.0,0.0,0.0,0.0,0.0,0.0,0.0005,0.0,0.0,0.0,0.0005,0.0,0.0,0.0,0.002,0.9975,0.04629795038975885,1892,0.0008419852819169609,1.242335506811345e-06,0.0001845466219579169,16,20,False,0.995,0.005,0.66,fixed,100,none,b05428b4-9e4c-4c24-8ea0-156090d31ad0
2207,327600,33.89469075202942,0.99900075,0.999002,1.0,0.9960719999999998,0.0,0.0,0.0,0.0,0.0,0.0,0.0005,0.0,0.0,0.0,0.0005,0.0,0.0,0.0,0.002,0.9975,0.04550046796188467,1894,0.0008426737327833881,1.2437822467235642e-06,0.00018469759873316114,16,20,False,0.995,0.005,0.66,fixed,100,none,b05428b4-9e4c-4c24-8ea0-156090d31ad0
2208,327700,33.906065940856934,0.99900075,0.999002,1.0,0.9960719999999998,0.0,0.0,0.0,0.0,0.0,0.0,0.0005,0.0,0.0,0.0,0.0005,0.0,0.0,0.0,0.002,0.9975,0.04550046796188467,1894,0.0008431861085826417,1.2456074002913928e-06,0.00018481010457479564,16,20,False,0.995,0.005,0.66,fixed,100,none,b05428b4-9e4c-4c24-8ea0-156090d31ad0
2209,327900,33.91738510131836,0.99900075,0.999002,1.0,0.9960719999999998,0.0,0.0,0.0,0.0,0.0,0.0,0.0005,0.0,0.0,0.0,0.0005,0.0,0.0,0.0,0.002,0.9975,0.045899711685228106,1893,0.0008428757861004747,1.243752258437096e-06,0.00018474182250649698,16,20,False,0.995,0.005,0.66,fixed,100,none,b05428b4-9e4c-4c24-8ea0-156090d31ad0
2210,328000,33.92861986160278,0.99900075,0.999002,1.0,0.9960719999999998,0.0,0.0,0.0,0.0,0.0,0.0,0.0005,0.0,0.0,0.0,0.0005,0.0,0.0,0.0,0.002,0.9975,0.04550046796188467,1894,0.0008424798951963429,1.2429510716964172e-06,0.00018465500976210178,16,20,False,0.995,0.005,0.66,fixed,100,none,b05428b4-9e4c-4c24-8ea0-156090d31ad0
2211,328300,33.93977403640747,0.99900075,0.999002,1.0,0.9960719999999998,0.0,0.0,0.0,0.0,0.0,0.0,0.0005,0.0,0.0,0.0,0.0005,0.0,0.0,0.0,0.002,0.9975,0.04550046796188467,1894,0.0008422281573553786,1.2426558019458623e-06,0.0001845998482474621,16,20,False,0.995,0.005,0.66,fixed,100,none,b05428b4-9e4c-4c24-8ea0-156090d31ad0
2212,328400,33.95078110694885,0.99900075,0.999002,1.0,0.9960719999999998,0.0,0.0,0.0,0.0,0.0,0.0,0.0005,0.0,0.0,0.0,0.0005,0.0,0.0,0.0,0.002,0.9975,0.045899711685228106,1893,0.0008433593945844245,1.2437240237982433e-06,0.0001848476790390522,16,20,False,0.995,0.005,0.66,fixed,100,none,b05428b4-9e4c-4c24-8ea0-156090d31ad0
2213,328600,33.96178221702576,0.99900075,0.999002,1.0,0.9960719999999998,0.0,0.0,0.0,0.0,0.0,0.0,0.0005,0.0,0.0,0.0,0.0005,0.0,0.0,0.0,0.002,0.9975,0.045899711685228106,1893,0.0008438738435226964,1.2444614953810654e-06,0.00018496043203124066,16,20,False,0.995,0.005,0.66,fixed,100,none,b05428b4-9e4c-4c24-8ea0-156090d31ad0
2214,328700,33.97274923324585,0.99900075,0.999002,1.0,0.9960719999999998,0.0,0.0,0.0,0.0,0.0,0.0,0.0005,0.0,0.0,0.0,0.0005,0.0,0.0,0.0,0.002,0.9975,0.045899711685228106,1893,0.0008438907737203476,1.2455383100239863e-06,0.00018496434264628865,16,20,False,0.995,0.005,0.66,fixed,100,none,b05428b4-9e4c-4c24-8ea0-156090d31ad0
2215,329000,33.98368287086487,0.99900075,0.999002,1.0,0.9960719999999998,0.0,0.0,0.0,0.0,0.0,0.0,0.0005,0.0,0.0,0.0,0.0005,0.0,0.0,0.0,0.002,0.9975,0.04550046796188467,1894,0.0008444410118798894,1.2466787863717767e-06,0.00018508500646991844,16,20,False,0.995,0.005,0.66,fixed,100,none,b05428b4-9e4c-4c24-8ea0-156090d31ad0
2216,329100,33.994526386260986,0.99900075,0.999002,1.0,0.9960719999999998,0.0,0.0,0.0,0.0,0.0,0.0,0.0005,0.0,0.0,0.0,0.0005,0.0,0.0,0.0,0.002,0.9975,0.04510021921972853,1895,0.0008445085739286692,1.24871704912732e-06,0.0001851001830723199,16,20,False,0.995,0.005,0.66,fixed,100,none,b05428b4-9e4c-4c24-8ea0-156090d31ad0
2217,329400,34.00545382499695,0.99900075,0.999002,1.0,0.9960719999999998,0.0,0.0,0.0,0.0,0.0,0.0,0.0005,0.0,0.0,0.0,0.0005,0.0,0.0,0.0,0.002,0.9975,0.04510021921972853,1895,0.0008451783454226745,1.2521163943652605e-06,0.00018524744192795287,16,20,False,0.995,0.005,0.66,fixed,100,none,b05428b4-9e4c-4c24-8ea0-156090d31ad0
2218,329500,34.01646065711975,0.99900075,0.999002,1.0,0.9960719999999998,0.0,0.0,0.0,0.0,0.0,0.0,0.0005,0.0,0.0,0.0,0.0005,0.0,0.0,0.0,0.002,0.9975,0.04510021921972853,1895,0.0008450315343561036,1.2518763041517754e-06,0.00018521525936833992,16,20,False,0.995,0.005,0.66,fixed,100,none,b05428b4-9e4c-4c24-8ea0-156090d31ad0
2219,329700,34.02750325202942,0.99900075,0.999002,1.0,0.9960719999999998,0.0,0.0,0.0,0.0,0.0,0.0,0.0005,0.0,0.0,0.0,0.0005,0.0,0.0,0.0,0.002,0.9975,0.04469896545875967,1896,0.00084605992503235,1.2523468444812055e-06,0.00018544046349003285,16,20,False,0.995,0.005,0.66,fixed,100,none,b05428b4-9e4c-4c24-8ea0-156090d31ad0
2220,329800,34.03845810890198,0.99900075,0.999002,1.0,0.9960719999999998,0.0,0.0,0.0,0.0,0.0,0.0,0.0005,0.0,0.0,0.0,0.0005,0.0,0.0,0.0,0.002,0.9975,0.04469896545875967,1896,0.0008463140854898004,1.2548901203403308e-06,0.00018549658243658198,16,20,False,0.995,0.005,0.66,fixed,100,none,b05428b4-9e4c-4c24-8ea0-156090d31ad0
2221,330100,34.04956865310669,0.99900075,0.999002,1.0,0.9960719999999998,0.0,0.0,0.0,0.0,0.0,0.0,0.0005,0.0,0.0,0.0,0.0005,0.0,0.0,0.0,0.002,0.9975,0.04469896545875967,1896,0.0008466766384434156,1.2573812799217444e-06,0.00018557641859844883,16,20,False,0.995,0.005,0.66,fixed,100,none,b05428b4-9e4c-4c24-8ea0-156090d31ad0
2222,330200,34.060606956481934,0.99900075,0.999002,1.0,0.9960719999999998,0.0,0.0,0.0,0.0,0.0,0.0,0.0005,0.0,0.0,0.0,0.0005,0.0,0.0,0.0,0.002,0.9975,0.045500467961884665,1894,0.0008451059637719737,1.2559371870883386e-06,0.00018523232353523183,16,20,False,0.995,0.005,0.66,fixed,100,none,b05428b4-9e4c-4c24-8ea0-156090d31ad0
2223,330500,34.07153272628784,0.99900075,0.999002,1.0,0.9960719999999998,0.0,0.0,0.0,0.0,0.0,0.0,0.0005,0.0,0.0,0.0,0.0005,0.0,0.0,0.0,0.002,0.9975,0.045100219219728524,1895,0.000850340060055064,1.2656650940452506e-06,0.00018637991551392213,16,20,False,0.995,0.005,0.66,fixed,100,none,b05428b4-9e4c-4c24-8ea0-156090d31ad0
2224,330600,34.082473039627075,0.99900075,0.999002,1.0,0.9960719999999998,0.0,0.0,0.0,0.0,0.0,0.0,0.0005,0.0,0.0,0.0,0.0005,0.0,0.0,0.0,0.002,0.9975,0.045100219219728524,1895,0.0008509556815042039,1.267369070768095e-06,0.0001865149988047162,16,20,False,0.995,0.005,0.66,fixed,100,none,b05428b4-9e4c-4c24-8ea0-156090d31ad0
2225,330800,34.09354829788208,0.99900075,0.999002,1.0,0.9960719999999998,0.0,0.0,0.0,0.0,0.0,0.0,0.0005,0.0,0.0,0.0,0.0005,0.0,0.0,0.0,0.002,0.9975,0.045100219219728524,1895,0.0008506739730861401,1.2676548733896024e-06,0.0001864533871345001,16,20,False,0.995,0.005,0.66,fixed,100,none,b05428b4-9e4c-4c24-8ea0-156090d31ad0
2226,330900,34.1046245098114,0.99900075,0.999002,1.0,0.9960719999999998,0.0,0.0,0.0,0.0,0.0,0.0,0.0005,0.0,0.0,0.0,0.0005,0.0,0.0,0.0,0.002,0.9975,0.045100219219728524,1895,0.0008513467141273408,1.270116868850901e-06,0.0001866011179275566,16,20,False,0.995,0.005,0.66,fixed,100,none,b05428b4-9e4c-4c24-8ea0-156090d31ad0
2227,331200,34.115703105926514,0.99900075,0.999002,1.0,0.9960719999999998,0.0,0.0,0.0,0.0,0.0,0.0,0.0005,0.0,0.0,0.0,0.0005,0.0,0.0,0.0,0.002,0.9975,0.045100219219728524,1895,0.0008523417989552694,1.2701964579394206e-06,0.00018681895711831697,16,20,False,0.995,0.005,0.66,fixed,100,none,b05428b4-9e4c-4c24-8ea0-156090d31ad0
2228,331300,34.12678599357605,0.99900075,0.999002,1.0,0.9960719999999998,0.0,0.0,0.0,0.0,0.0,0.0,0.0005,0.0,0.0,0.0,0.0005,0.0,0.0,0.0,0.002,0.9975,0.04469896545875967,1896,0.0008537973874611662,1.2742857195838992e-06,0.00018713836240197025,16,20,False,0.995,0.005,0.66,fixed,100,none,b05428b4-9e4c-4c24-8ea0-156090d31ad0
2229,331500,34.137884855270386,0.99900075,0.999002,1.0,0.9960719999999998,0.0,0.0,0.0,0.0,0.0,0.0,0.0005,0.0,0.0,0.0,0.0005,0.0,0.0,0.0,0.002,0.9975,0.045100219219728524,1895,0.0008539567314442601,1.2738186708250723e-06,0.00018717315406060532,16,20,False,0.995,0.005,0.66,fixed,100,none,b05428b4-9e4c-4c24-8ea0-156090d31ad0
2230,331600,34.14887857437134,0.99900075,0.999002,1.0,0.9960719999999998,0.0,0.0,0.0,0.0,0.0,0.0,0.0005,0.0,0.0,0.0,0.0005,0.0,0.0,0.0,0.002,0.9975,0.045100219219728524,1895,0.0008539567314442601,1.2738186708250723e-06,0.00018717315406060532,16,20,False,0.995,0.005,0.66,fixed,100,none,b05428b4-9e4c-4c24-8ea0-156090d31ad0
2231,331700,34.16003775596619,0.99900075,0.999002,1.0,0.9960719999999998,0.0,0.0,0.0,0.0,0.0,0.0,0.0005,0.0,0.0,0.0,0.0005,0.0,0.0,0.0,0.002,0.9975,0.045100219219728524,1895,0.0008528627600192276,1.2722094662146071e-06,0.0001869333779667897,16,20,False,0.995,0.005,0.66,fixed,100,none,b05428b4-9e4c-4c24-8ea0-156090d31ad0
2232,331800,34.17112445831299,0.99900075,0.999002,1.0,0.9960719999999998,0.0,0.0,0.0,0.0,0.0,0.0,0.0005,0.0,0.0,0.0,0.0005,0.0,0.0,0.0,0.002,0.9975,0.045100219219728524,1895,0.0008523479939768494,1.271026955400223e-06,0.00018682047100305842,16,20,False,0.995,0.005,0.66,fixed,100,none,b05428b4-9e4c-4c24-8ea0-156090d31ad0
2233,331900,34.182167291641235,0.99900075,0.999002,1.0,0.9960719999999998,0.0,0.0,0.0,0.0,0.0,0.0,0.0005,0.0,0.0,0.0,0.0005,0.0,0.0,0.0,0.002,0.9975,0.045100219219728524,1895,0.0008524648064243906,1.272174814171764e-06,0.00018684625934099175,16,20,False,0.995,0.005,0.66,fixed,100,none,b05428b4-9e4c-4c24-8ea0-156090d31ad0
2234,332000,34.193196058273315,0.99900075,0.999002,1.0,0.9960719999999998,0.0,0.0,0.0,0.0,0.0,0.0,0.0005,0.0,0.0,0.0,0.0005,0.0,0.0,0.0,0.002,0.9975,0.045100219219728524,1895,0.0008527892487862072,1.2707156410403402e-06,0.00018691700253109845,16,20,False,0.995,0.005,0.66,fixed,100,none,b05428b4-9e4c-4c24-8ea0-156090d31ad0
2235,332300,34.20426273345947,0.99900075,0.999002,1.0,0.9960719999999998,0.0,0.0,0.0,0.0,0.0,0.0,0.0005,0.0,0.0,0.0,0.0005,0.0,0.0,0.0,0.002,0.9975,0.04510021921972853,1895,0.0008568335999621236,1.2797419794115006e-06,0.00018780402600779706,16,20,False,0.995,0.005,0.66,fixed,100,none,b05428b4-9e4c-4c24-8ea0-156090d31ad0
2236,332400,34.21528077125549,0.99900075,0.999002,1.0,0.9960719999999998,0.0,0.0,0.0,0.0,0.0,0.0,0.0005,0.0,0.0,0.0,0.0005,0.0,0.0,0.0,0.002,0.9975,0.045100219219728524,1895,0.0008585670277788804,1.2837948519227333e-06,0.00018818424340266227,16,20,False,0.995,0.005,0.66,fixed,100,none,b05428b4-9e4c-4c24-8ea0-156090d31ad0
2237,332600,34.22625660896301,0.99900075,0.999002,1.0,0.9960719999999998,0.0,0.0,0.0,0.0,0.0,0.0,0.0005,0.0,0.0,0.0,0.0005,0.0,0.0,0.0,0.002,0.9975,0.045100219219728524,1895,0.0008593635187466248,1.2860563840234315e-06,0.00018835902496660062,16,20,False,0.995,0.005,0.66,fixed,100,none,b05428b4-9e4c-4c24-8ea0-156090d31ad0
2238,332700,34.237223863601685,0.99900075,0.999002,1.0,0.9960719999999998,0.0,0.0,0.0,0.0,0.0,0.0,0.0005,0.0,0.0,0.0,0.0005,0.0,0.0,0.0,0.002,0.9975,0.045100219219728524,1895,0.0008584252801483984,1.2867470853436107e-06,0.00018815377577069973,16,20,False,0.995,0.005,0.66,fixed,100,none,b05428b4-9e4c-4c24-8ea0-156090d31ad0
2239,333000,34.24812936782837,0.99900075,0.999002,1.0,0.9960719999999998,0.0,0.0,0.0,0.0,0.0,0.0,0.0005,0.0,0.0,0.0,0.0005,0.0,0.0,0.0,0.002,0.9975,0.04510021921972853,1895,0.000858489850819589,1.287468634991675e-06,0.00018816804738505644,16,20,False,0.995,0.005,0.66,fixed,100,none,b05428b4-9e4c-4c24-8ea0-156090d31ad0
2240,333100,34.258999824523926,0.99900075,0.999002,1.0,0.9960719999999998,0.0,0.0,0.0,0.0,0.0,0.0,0.0005,0.0,0.0,0.0,0.0005,0.0,0.0,0.0,0.002,0.9975,0.04550046796188467,1894,0.000857331817021554,1.2872029692437509e-06,0.00018791450331017448,16,20,False,0.995,0.005,0.66,fixed,100,none,b05428b4-9e4c-4c24-8ea0-156090d31ad0
2241,333300,34.269956827163696,0.99900075,0.999002,1.0,0.9960719999999998,0.0,0.0,0.0,0.0,0.0,0.0,0.0005,0.0,0.0,0.0,0.0005,0.0,0.0,0.0,0.002,0.9975,0.04550046796188467,1894,0.0008567526391610514,1.2874568268777807e-06,0.00018778776950946095,16,20,False,0.995,0.005,0.66,fixed,100,none,b05428b4-9e4c-4c24-8ea0-156090d31ad0
2242,333400,34.280736207962036,0.99900075,0.999002,1.0,0.9960719999999998,0.0,0.0,0.0,0.0,0.0,0.0,0.0005,0.0,0.0,0.0,0.0005,0.0,0.0,0.0,0.002,0.9975,0.045100219219728524,1895,0.0008581627416060885,1.2897074014127962e-06,0.00018809686854384121,16,20,False,0.995,0.005,0.66,fixed,100,none,b05428b4-9e4c-4c24-8ea0-156090d31ad0
2243,333700,34.2914514541626,0.99900075,0.999002,1.0,0.9960719999999998,0.0,0.0,0.0,0.0,0.0,0.0,0.0005,0.0,0.0,0.0,0.0005,0.0,0.0,0.0,0.002,0.9975,0.04550046796188467,1894,0.0008582502152019097,1.289809381120361e-06,0.00018811603589011092,16,20,False,0.995,0.005,0.66,fixed,100,none,b05428b4-9e4c-4c24-8ea0-156090d31ad0
2244,333800,34.30225658416748,0.99900075,0.999002,1.0,0.9960719999999998,0.0,0.0,0.0,0.0,0.0,0.0,0.0005,0.0,0.0,0.0,0.0005,0.0,0.0,0.0,0.002,0.9975,0.04550046796188467,1894,0.0008582502152019097,1.289809381120361e-06,0.00018811603589011092,16,20,False,0.995,0.005,0.66,fixed,100,none,b05428b4-9e4c-4c24-8ea0-156090d31ad0
2245,334100,34.313037633895874,0.99900075,0.999002,1.0,0.9960719999999998,0.0,0.0,0.0,0.0,0.0,0.0,0.0005,0.0,0.0,0.0,0.0005,0.0,0.0,0.0,0.002,0.9975,0.04550046796188467,1894,0.0008568373282883276,1.2858422907334225e-06,0.0001878060011975543,16,20,False,0.995,0.005,0.66,fixed,100,none,b05428b4-9e4c-4c24-8ea0-156090d31ad0
2246,334200,34.32384943962097,0.99900075,0.999002,1.0,0.9960719999999998,0.0,0.0,0.0,0.0,0.0,0.0,0.0005,0.0,0.0,0.0,0.0005,0.0,0.0,0.0,0.002,0.9975,0.04550046796188467,1894,0.0008563418690696234,1.284888251593658e-06,0.00018769736390714334,16,20,False,0.995,0.005,0.66,fixed,100,none,b05428b4-9e4c-4c24-8ea0-156090d31ad0
2247,334400,34.33483338356018,0.99900075,0.999002,1.0,0.9960719999999998,0.0,0.0,0.0,0.0,0.0,0.0,0.0005,0.0,0.0,0.0,0.0005,0.0,0.0,0.0,0.002,0.9975,0.04550046796188467,1894,0.0008563007313065205,1.2848355799817133e-06,0.00018768834884319387,16,20,False,0.995,0.005,0.66,fixed,100,none,b05428b4-9e4c-4c24-8ea0-156090d31ad0
2248,334500,34.345826864242554,0.99900075,0.999002,1.0,0.9960719999999998,0.0,0.0,0.0,0.0,0.0,0.0,0.0005,0.0,0.0,0.0,0.0005,0.0,0.0,0.0,0.002,0.9975,0.04510021921972853,1895,0.0008560331233425015,1.2845810009642658e-06,0.0001876297210898568,16,20,False,0.995,0.005,0.66,fixed,100,none,b05428b4-9e4c-4c24-8ea0-156090d31ad0
2249,334800,34.35672974586487,0.99900075,0.999002,1.0,0.9960719999999998,0.0,0.0,0.0,0.0,0.0,0.0,0.0005,0.0,0.0,0.0,0.0005,0.0,0.0,0.0,0.002,0.9975,0.04550046796188467,1894,0.0008570527620641023,1.2863555237342772e-06,0.00018785325716534152,16,20,False,0.995,0.005,0.66,fixed,100,none,b05428b4-9e4c-4c24-8ea0-156090d31ad0
2250,334900,34.36771893501282,0.99900075,0.999002,1.0,0.9960719999999998,0.0,0.0,0.0,0.0,0.0,0.0,0.0005,0.0,0.0,0.0,0.0005,0.0,0.0,0.0,0.002,0.9975,0.04510021921972853,1895,0.0008571254720379762,1.2869350842941766e-06,0.0001878692834951289,16,20,False,0.995,0.005,0.66,fixed,100,none,b05428b4-9e4c-4c24-8ea0-156090d31ad0
2251,335100,34.378721475601196,0.99900075,0.999002,1.0,0.9960719999999998,0.0,0.0,0.0,0.0,0.0,0.0,0.0005,0.0,0.0,0.0,0.0005,0.0,0.0,0.0,0.002,0.9975,0.04550046796188467,1894,0.0008579465016003026,1.290065655799398e-06,0.0001880496016749081,16,20,False,0.995,0.005,0.66,fixed,100,none,b05428b4-9e4c-4c24-8ea0-156090d31ad0
2252,335200,34.38972210884094,0.99900075,0.999002,1.0,0.9960719999999998,0.0,0.0,0.0,0.0,0.0,0.0,0.0005,0.0,0.0,0.0,0.0005,0.0,0.0,0.0,0.002,0.9975,0.04550046796188467,1894,0.0008579465016003026,1.290065655799398e-06,0.0001880496016749081,16,20,False,0.995,0.005,0.66,fixed,100,none,b05428b4-9e4c-4c24-8ea0-156090d31ad0
2253,335500,34.400569915771484,0.99900075,0.999002,1.0,0.9960719999999998,0.0,0.0,0.0,0.0,0.0,0.0,0.0005,0.0,0.0,0.0,0.0005,0.0,0.0,0.0,0.002,0.9975,0.045899711685228106,1893,0.0008569304065960102,1.289154604736287e-06,0.00018782700537876655,16,20,False,0.995,0.005,0.66,fixed,100,none,b05428b4-9e4c-4c24-8ea0-156090d31ad0
2254,335600,34.41139793395996,0.99900075,0.999002,1.0,0.9960719999999998,0.0,0.0,0.0,0.0,0.0,0.0,0.0005,0.0,0.0,0.0,0.0005,0.0,0.0,0.0,0.002,0.9975,0.04550046796188467,1894,0.0008576140988488078,1.2889637059892932e-06,0.00018797662934214198,16,20,False,0.995,0.005,0.66,fixed,100,none,b05428b4-9e4c-4c24-8ea0-156090d31ad0
2255,335900,34.42229771614075,0.99900075,0.999002,1.0,0.9960719999999998,0.0,0.0,0.0,0.0,0.0,0.0,0.0005,0.0,0.0,0.0,0.0005,0.0,0.0,0.0,0.002,0.9975,0.046297950389758855,1892,0.0008568654679766333,1.2883773649136333e-06,0.00018781264263941863,16,20,False,0.995,0.005,0.66,fixed,100,none,b05428b4-9e4c-4c24-8ea0-156090d31ad0
2256,336000,34.433107137680054,0.99900075,0.999002,1.0,0.9960719999999998,0.0,0.0,0.0,0.0,0.0,0.0,0.0005,0.0,0.0,0.0,0.0005,0.0,0.0,0.0,0.002,0.9975,0.04550046796188467,1894,0.000856471308525536,1.28833650559505e-06,0.0001877263533723029,16,20,False,0.995,0.005,0.66,fixed,100,none,b05428b4-9e4c-4c24-8ea0-156090d31ad0
2257,336200,34.443968772888184,0.99900075,0.999002,1.0,0.9960719999999998,0.0,0.0,0.0,0.0,0.0,0.0,0.0005,0.0,0.0,0.0,0.0005,0.0,0.0,0.0,0.002,0.9975,0.0458997116852281,1893,0.0008572759704106477,1.2904355770633269e-06,0.0001879028926825328,16,20,False,0.995,0.005,0.66,fixed,100,none,b05428b4-9e4c-4c24-8ea0-156090d31ad0
2258,336300,34.454747438430786,0.99900075,0.999002,1.0,0.9960719999999998,0.0,0.0,0.0,0.0,0.0,0.0,0.0005,0.0,0.0,0.0,0.0005,0.0,0.0,0.0,0.002,0.9975,0.04629795038975885,1892,0.0008573430621086877,1.2924209912906466e-06,0.00018791795628393698,16,20,False,0.995,0.005,0.66,fixed,100,none,b05428b4-9e4c-4c24-8ea0-156090d31ad0
2259,336600,34.46554899215698,0.99900075,0.999002,1.0,0.9960719999999998,0.0,0.0,0.0,0.0,0.0,0.0,0.0005,0.0,0.0,0.0,0.0005,0.0,0.0,0.0,0.002,0.9975,0.04629795038975884,1892,0.000860004542619615,1.2955923260282295e-06,0.0001885011569213791,16,20,False,0.995,0.005,0.66,fixed,100,none,b05428b4-9e4c-4c24-8ea0-156090d31ad0
2260,336700,34.47635006904602,0.99900075,0.999002,1.0,0.9960719999999998,0.0,0.0,0.0,0.0,0.0,0.0,0.0005,0.0,0.0,0.0,0.0005,0.0,0.0,0.0,0.002,0.9975,0.04669518407547691,1891,0.0008599313594814062,1.2934265555393756e-06,0.0001884847256360323,16,20,False,0.995,0.005,0.66,fixed,100,none,b05428b4-9e4c-4c24-8ea0-156090d31ad0
2261,336900,34.48712348937988,0.99900075,0.999002,1.0,0.9960719999999998,0.0,0.0,0.0,0.0,0.0,0.0,0.0005,0.0,0.0,0.0,0.0005,0.0,0.0,0.0,0.002,0.9975,0.04629795038975884,1892,0.0008604716189576762,1.2931725311521292e-06,0.00018860294017075425,16,20,False,0.995,0.005,0.66,fixed,100,none,b05428b4-9e4c-4c24-8ea0-156090d31ad0
2262,337000,34.49787783622742,0.99900075,0.999002,1.0,0.9960719999999998,0.0,0.0,0.0,0.0,0.0,0.0,0.0005,0.0,0.0,0.0,0.0005,0.0,0.0,0.0,0.002,0.9975,0.04669518407547691,1891,0.0008608365711473423,1.2935342981132596e-06,0.00018868289694079477,16,20,False,0.995,0.005,0.66,fixed,100,none,b05428b4-9e4c-4c24-8ea0-156090d31ad0
2263,337100,34.50863456726074,0.99900075,0.999002,1.0,0.9960719999999998,0.0,0.0,0.0,0.0,0.0,0.0,0.0005,0.0,0.0,0.0,0.0005,0.0,0.0,0.0,0.002,0.9975,0.04669518407547691,1891,0.0008608365711473423,1.2935342981132596e-06,0.00018868289694079477,16,20,False,0.995,0.005,0.66,fixed,100,none,b05428b4-9e4c-4c24-8ea0-156090d31ad0
2264,337200,34.519370555877686,0.99900075,0.999002,1.0,0.9960719999999998,0.0,0.0,0.0,0.0,0.0,0.0,0.0005,0.0,0.0,0.0,0.0005,0.0,0.0,0.0,0.002,0.9975,0.04669518407547691,1891,0.0008608365711473423,1.2935342981132596e-06,0.00018868289694079477,16,20,False,0.995,0.005,0.66,fixed,100,none,b05428b4-9e4c-4c24-8ea0-156090d31ad0
2265,337300,34.53022384643555,0.99900075,0.999002,1.0,0.9960719999999998,0.0,0.0,0.0,0.0,0.0,0.0,0.0005,0.0,0.0,0.0,0.0005,0.0,0.0,0.0,0.002,0.9975,0.04669518407547691,1891,0.0008612336047579528,1.2920630907420193e-06,0.00018876952806875686,16,20,False,0.995,0.005,0.66,fixed,100,none,b05428b4-9e4c-4c24-8ea0-156090d31ad0
2266,337400,34.54110097885132,0.99900075,0.999002,1.0,0.9960719999999998,0.0,0.0,0.0,0.0,0.0,0.0,0.0005,0.0,0.0,0.0,0.0005,0.0,0.0,0.0,0.002,0.9975,0.04669518407547691,1891,0.0008612336047579528,1.2920630907420193e-06,0.00018876952806875686,16,20,False,0.995,0.005,0.66,fixed,100,none,b05428b4-9e4c-4c24-8ea0-156090d31ad0
2267,337700,34.551969051361084,0.99900075,0.999002,1.0,0.9960719999999998,0.0,0.0,0.0,0.0,0.0,0.0,0.0005,0.0,0.0,0.0,0.0005,0.0,0.0,0.0,0.002,0.9975,0.04669518407547691,1891,0.0008617359614234981,1.294162561835505e-06,0.0001888798928423525,16,20,False,0.995,0.005,0.66,fixed,100,none,b05428b4-9e4c-4c24-8ea0-156090d31ad0
2268,337800,34.562734603881836,0.99900075,0.999002,1.0,0.9960719999999998,0.0,0.0,0.0,0.0,0.0,0.0,0.0005,0.0,0.0,0.0,0.0005,0.0,0.0,0.0,0.002,0.9975,0.04669518407547691,1891,0.000861523009244276,1.2938680989752529e-06,0.00018883322166237732,16,20,False,0.995,0.005,0.66,fixed,100,none,b05428b4-9e4c-4c24-8ea0-156090d31ad0
2269,338000,34.57339835166931,0.99900075,0.999002,1.0,0.9960719999999998,0.0,0.0,0.0,0.0,0.0,0.0,0.0005,0.0,0.0,0.0,0.0005,0.0,0.0,0.0,0.002,0.9975,0.04669518407547691,1891,0.0008622983376359195,1.2956868456415154e-06,0.00018900328660917469,16,20,False,0.995,0.005,0.66,fixed,100,none,b05428b4-9e4c-4c24-8ea0-156090d31ad0
2270,338100,34.58402442932129,0.99900075,0.999002,1.0,0.9960719999999998,0.0,0.0,0.0,0.0,0.0,0.0,0.0005,0.0,0.0,0.0,0.0005,0.0,0.0,0.0,0.002,0.9975,0.04669518407547691,1891,0.0008624481084734568,1.2953982299560714e-06,0.00018903601660853137,16,20,False,0.995,0.005,0.66,fixed,100,none,b05428b4-9e4c-4c24-8ea0-156090d31ad0
2271,338400,34.59481453895569,0.99900075,0.999002,1.0,0.9960719999999998,0.0,0.0,0.0,0.0,0.0,0.0,0.0005,0.0,0.0,0.0,0.0005,0.0,0.0,0.0,0.002,0.9975,0.04669518407547691,1891,0.0008649218147415781,1.3009295105695687e-06,0.00018957856185393968,16,20,False,0.995,0.005,0.66,fixed,100,none,b05428b4-9e4c-4c24-8ea0-156090d31ad0
2272,338500,34.60562491416931,0.99900075,0.999002,1.0,0.9960719999999998,0.0,0.0,0.0,0.0,0.0,0.0,0.0005,0.0,0.0,0.0,0.0005,0.0,0.0,0.0,0.002,0.9975,0.04669518407547691,1891,0.0008662301803541983,1.3033658663195643e-06,0.00018986542599413474,16,20,False,0.995,0.005,0.66,fixed,100,none,b05428b4-9e4c-4c24-8ea0-156090d31ad0
2273,338700,34.616472005844116,0.99900075,0.999002,1.0,0.9960719999999998,0.0,0.0,0.0,0.0,0.0,0.0,0.0005,0.0,0.0,0.0,0.0005,0.0,0.0,0.0,0.002,0.9975,0.04669518407547691,1891,0.000865860694188314,1.3049387022080544e-06,0.00018978484431124147,16,20,False,0.995,0.005,0.66,fixed,100,none,b05428b4-9e4c-4c24-8ea0-156090d31ad0
2274,338800,34.627264738082886,0.99900075,0.999002,1.0,0.9960719999999998,0.0,0.0,0.0,0.0,0.0,0.0,0.0005,0.0,0.0,0.0,0.0005,0.0,0.0,0.0,0.002,0.9975,0.04669518407547691,1891,0.0008661268510228348,1.3053368013611092e-06,0.00018984318168115716,16,20,False,0.995,0.005,0.66,fixed,100,none,b05428b4-9e4c-4c24-8ea0-156090d31ad0
2275,339100,34.638022899627686,0.99900075,0.999002,1.0,0.9960719999999998,0.0,0.0,0.0,0.0,0.0,0.0,0.0005,0.0,0.0,0.0,0.0005,0.0,0.0,0.0,0.002,0.9975,0.04669518407547691,1891,0.0008670403104339266,1.3067472353265952e-06,0.0001900434059286986,16,20,False,0.995,0.005,0.66,fixed,100,none,b05428b4-9e4c-4c24-8ea0-156090d31ad0
2276,339200,34.64869523048401,0.99900075,0.999002,1.0,0.9960719999999998,0.0,0.0,0.0,0.0,0.0,0.0,0.0005,0.0,0.0,0.0,0.0005,0.0,0.0,0.0,0.002,0.9975,0.04669518407547691,1891,0.0008675640648312553,1.3064766098310273e-06,0.00019015800434742967,16,20,False,0.995,0.005,0.66,fixed,100,none,b05428b4-9e4c-4c24-8ea0-156090d31ad0
2277,339500,34.65927743911743,0.99900075,0.999002,1.0,0.9960719999999998,0.0,0.0,0.0,0.0,0.0,0.0,0.0005,0.0,0.0,0.0,0.0005,0.0,0.0,0.0,0.002,0.9975,0.04669518407547691,1891,0.0008677717956375176,1.3087220728513506e-06,0.00019020390325889437,16,20,False,0.995,0.005,0.66,fixed,100,none,b05428b4-9e4c-4c24-8ea0-156090d31ad0
2278,339600,34.6699001789093,0.99900075,0.999002,1.0,0.9960719999999998,0.0,0.0,0.0,0.0,0.0,0.0,0.0005,0.0,0.0,0.0,0.0005,0.0,0.0,0.0,0.002,0.9975,0.04669518407547691,1891,0.0008687719852104127,1.3099466797028577e-06,0.0001904230774317029,16,20,False,0.995,0.005,0.66,fixed,100,none,b05428b4-9e4c-4c24-8ea0-156090d31ad0
2279,339800,34.680513858795166,0.99900075,0.999002,1.0,0.9960719999999998,0.0,0.0,0.0,0.0,0.0,0.0,0.0005,0.0,0.0,0.0,0.0005,0.0,0.0,0.0,0.002,0.9975,0.04629795038975884,1892,0.0008711437408375596,1.315997119684745e-06,0.0001909434043220819,16,20,False,0.995,0.005,0.66,fixed,100,none,b05428b4-9e4c-4c24-8ea0-156090d31ad0
2280,339900,34.69119167327881,0.99900075,0.999002,1.0,0.9960719999999998,0.0,0.0,0.0,0.0,0.0,0.0,0.0005,0.0,0.0,0.0,0.0005,0.0,0.0,0.0,0.002,0.9975,0.04629795038975884,1892,0.0008694523170658357,1.3132545302432194e-06,0.00019057263056645766,16,20,False,0.995,0.005,0.66,fixed,100,none,b05428b4-9e4c-4c24-8ea0-156090d31ad0
2281,340000,34.70203709602356,0.99900075,0.999002,1.0,0.9960719999999998,0.0,0.0,0.0,0.0,0.0,0.0,0.0005,0.0,0.0,0.0,0.0005,0.0,0.0,0.0,0.002,0.9975,0.04629795038975884,1892,0.0008689737245963655,1.314103410780563e-06,0.00019046802796219274,16,20,False,0.995,0.005,0.66,fixed,100,none,b05428b4-9e4c-4c24-8ea0-156090d31ad0
2282,340200,34.71317958831787,0.99900075,0.999002,1.0,0.9960719999999998,0.0,0.0,0.0,0.0,0.0,0.0,0.0005,0.0,0.0,0.0,0.0005,0.0,0.0,0.0,0.002,0.9975,0.04629795038975884,1892,0.0008714600916831179,1.320183365494456e-06,0.00019101344890887846,16,20,False,0.995,0.005,0.66,fixed,100,none,b05428b4-9e4c-4c24-8ea0-156090d31ad0
2283,340300,34.72439098358154,0.99900075,0.999002,1.0,0.9960719999999998,0.0,0.0,0.0,0.0,0.0,0.0,0.0005,0.0,0.0,0.0,0.0005,0.0,0.0,0.0,0.002,0.9975,0.04629795038975884,1892,0.0008710627393616376,1.3187270867527588e-06,0.0001909261917927455,16,20,False,0.995,0.005,0.66,fixed,100,none,b05428b4-9e4c-4c24-8ea0-156090d31ad0
2284,340500,34.73541450500488,0.99900075,0.999002,1.0,0.9960719999999998,0.0,0.0,0.0,0.0,0.0,0.0,0.0005,0.0,0.0,0.0,0.0005,0.0,0.0,0.0,0.002,0.9975,0.04629795038975884,1892,0.0008719984804640206,1.323082758827835e-06,0.00019113185309775141,16,20,False,0.995,0.005,0.66,fixed,100,none,b05428b4-9e4c-4c24-8ea0-156090d31ad0
2285,340600,34.74632120132446,0.99900075,0.999002,1.0,0.9960719999999998,0.0,0.0,0.0,0.0,0.0,0.0,0.0005,0.0,0.0,0.0,0.0005,0.0,0.0,0.0,0.002,0.9975,0.04629795038975884,1892,0.0008723616514890806,1.3217464116959933e-06,0.00019121109732918198,16,20,False,0.995,0.005,0.66,fixed,100,none,b05428b4-9e4c-4c24-8ea0-156090d31ad0
2286,340900,34.757197856903076,0.99900075,0.999002,1.0,0.9960719999999998,0.0,0.0,0.0,0.0,0.0,0.0,0.0005,0.0,0.0,0.0,0.0005,0.0,0.0,0.0,0.002,0.9975,0.04669518407547691,1891,0.0008722363989771816,1.3252060323609507e-06,0.00019118433688225362,16,20,False,0.995,0.005,0.66,fixed,100,none,b05428b4-9e4c-4c24-8ea0-156090d31ad0
2287,341000,34.76804447174072,0.99900075,0.999002,1.0,0.9960719999999998,0.0,0.0,0.0,0.0,0.0,0.0,0.0005,0.0,0.0,0.0,0.0005,0.0,0.0,0.0,0.002,0.9975,0.04669518407547691,1891,0.0008726528667314292,1.3270432990572313e-06,0.00019127585075433073,16,20,False,0.995,0.005,0.66,fixed,100,none,b05428b4-9e4c-4c24-8ea0-156090d31ad0
2288,341300,34.7790162563324,0.99900075,0.999002,1.0,0.9960719999999998,0.0,0.0,0.0,0.0,0.0,0.0,0.0005,0.0,0.0,0.0,0.0005,0.0,0.0,0.0,0.002,0.9975,0.04669518407547691,1891,0.0008749222540517643,1.3304389920411815e-06,0.00019177326482041905,16,20,False,0.995,0.005,0.66,fixed,100,none,b05428b4-9e4c-4c24-8ea0-156090d31ad0
2289,341400,34.79028081893921,0.99900075,0.999002,1.0,0.9960719999999998,0.0,0.0,0.0,0.0,0.0,0.0,0.0005,0.0,0.0,0.0,0.0005,0.0,0.0,0.0,0.002,0.9975,0.04669518407547691,1891,0.0008752170917011595,1.3308394498358812e-06,0.00019183788086885265,16,20,False,0.995,0.005,0.66,fixed,100,none,b05428b4-9e4c-4c24-8ea0-156090d31ad0
2290,341600,34.801350593566895,0.99900075,0.999002,1.0,0.9960719999999998,0.0,0.0,0.0,0.0,0.0,0.0,0.0005,0.0,0.0,0.0,0.0005,0.0,0.0,0.0,0.002,0.9975,0.04629795038975884,1892,0.000876059597153994,1.3299335080644776e-06,0.00019202213318354153,16,20,False,0.995,0.005,0.66,fixed,100,none,b05428b4-9e4c-4c24-8ea0-156090d31ad0
2291,341700,34.812339067459106,0.99900075,0.999002,1.0,0.9960719999999998,0.0,0.0,0.0,0.0,0.0,0.0,0.0005,0.0,0.0,0.0,0.0005,0.0,0.0,0.0,0.002,0.9975,0.04629795038975884,1892,0.0008784777362137482,1.3339746264248104e-06,0.0001925522316362102,16,20,False,0.995,0.005,0.66,fixed,100,none,b05428b4-9e4c-4c24-8ea0-156090d31ad0
2292,342000,34.82369089126587,0.99900075,0.999002,1.0,0.9960719999999998,0.0,0.0,0.0,0.0,0.0,0.0,0.0005,0.0,0.0,0.0,0.0005,0.0,0.0,0.0,0.002,0.9975,0.04629795038975884,1892,0.0008769201561315599,1.333545673865062e-06,0.00019221119585523285,16,20,False,0.995,0.005,0.66,fixed,100,none,b05428b4-9e4c-4c24-8ea0-156090d31ad0
2293,342100,34.83527064323425,0.99900075,0.999002,1.0,0.9960719999999998,0.0,0.0,0.0,0.0,0.0,0.0,0.0005,0.0,0.0,0.0,0.0005,0.0,0.0,0.0,0.002,0.9975,0.04629795038975884,1892,0.0008772938678605771,1.334118750290518e-06,0.00019229311023723556,16,20,False,0.995,0.005,0.66,fixed,100,none,b05428b4-9e4c-4c24-8ea0-156090d31ad0
2294,342300,34.84673571586609,0.99900075,0.999002,1.0,0.9960719999999998,0.0,0.0,0.0,0.0,0.0,0.0,0.0005,0.0,0.0,0.0,0.0005,0.0,0.0,0.0,0.002,0.9975,0.04629795038975884,1892,0.000875359366533435,1.333759329929943e-06,0.00019186957960685562,16,20,False,0.995,0.005,0.66,fixed,100,none,b05428b4-9e4c-4c24-8ea0-156090d31ad0
2295,342400,34.85809302330017,0.99900075,0.999002,1.0,0.9960719999999998,0.0,0.0,0.0,0.0,0.0,0.0,0.0005,0.0,0.0,0.0,0.0005,0.0,0.0,0.0,0.002,0.9975,0.045899711685228106,1893,0.0008763579178417494,1.3359550823546477e-06,0.00019208857968120634,16,20,False,0.995,0.005,0.66,fixed,100,none,b05428b4-9e4c-4c24-8ea0-156090d31ad0
2296,342700,34.869502544403076,0.99900075,0.999002,1.0,0.9960719999999998,0.0,0.0,0.0,0.0,0.0,0.0,0.0005,0.0,0.0,0.0,0.0005,0.0,0.0,0.0,0.002,0.9975,0.04669518407547691,1891,0.0008771386260763561,1.3355862530329925e-06,0.0001922594066361906,16,20,False,0.995,0.005,0.66,fixed,100,none,b05428b4-9e4c-4c24-8ea0-156090d31ad0
2297,342800,34.88111996650696,0.99900075,0.999002,1.0,0.9960719999999998,0.0,0.0,0.0,0.0,0.0,0.0,0.0005,0.0,0.0,0.0,0.0005,0.0,0.0,0.0,0.002,0.9975,0.047091412742382266,1890,0.0008782478304983975,1.3386963718334561e-06,0.00019250280240674757,16,20,False,0.995,0.005,0.66,fixed,100,none,b05428b4-9e4c-4c24-8ea0-156090d31ad0
2298,343100,34.89235544204712,0.99900075,0.999002,1.0,0.9960719999999998,0.0,0.0,0.0,0.0,0.0,0.0,0.0005,0.0,0.0,0.0,0.0005,0.0,0.0,0.0,0.002,0.9975,0.04669518407547691,1891,0.0008819933348861882,1.3453980056348482e-06,0.00019332396662765725,16,20,False,0.995,0.005,0.66,fixed,100,none,b05428b4-9e4c-4c24-8ea0-156090d31ad0
2299,343200,34.90361213684082,0.99900075,0.999002,1.0,0.9960719999999998,0.0,0.0,0.0,0.0,0.0,0.0,0.0005,0.0,0.0,0.0,0.0005,0.0,0.0,0.0,0.002,0.9975,0.04669518407547691,1891,0.0008818974115114299,1.3455609561254038e-06,0.00019330299996151584,16,20,False,0.995,0.005,0.66,fixed,100,none,b05428b4-9e4c-4c24-8ea0-156090d31ad0
2300,343400,34.91490650177002,0.99900075,0.999002,1.0,0.9960719999999998,0.0,0.0,0.0,0.0,0.0,0.0,0.0005,0.0,0.0,0.0,0.0005,0.0,0.0,0.0,0.002,0.9975,0.04629795038975885,1892,0.000881693849320811,1.3433651249468169e-06,0.00019325802299006542,16,20,False,0.995,0.005,0.66,fixed,100,none,b05428b4-9e4c-4c24-8ea0-156090d31ad0
2301,343500,34.926121950149536,0.99900075,0.999002,1.0,0.9960719999999998,0.0,0.0,0.0,0.0,0.0,0.0,0.0005,0.0,0.0,0.0,0.0005,0.0,0.0,0.0,0.002,0.9975,0.04669518407547691,1891,0.0008821084094428502,1.3439642437957078e-06,0.00019334888403336112,16,20,False,0.995,0.005,0.66,fixed,100,none,b05428b4-9e4c-4c24-8ea0-156090d31ad0
2302,343800,34.937095403671265,0.99900075,0.999002,1.0,0.9960719999999998,0.0,0.0,0.0,0.0,0.0,0.0,0.0005,0.0,0.0,0.0,0.0005,0.0,0.0,0.0,0.002,0.9975,0.045899711685228106,1893,0.000883346451652997,1.3476086330497743e-06,0.0001936205839071205,16,20,False,0.995,0.005,0.66,fixed,100,none,b05428b4-9e4c-4c24-8ea0-156090d31ad0
2303,343900,34.94823718070984,0.99900075,0.999002,1.0,0.9960719999999998,0.0,0.0,0.0,0.0,0.0,0.0,0.0005,0.0,0.0,0.0,0.0005,0.0,0.0,0.0,0.002,0.9975,0.045899711685228106,1893,0.000883955893758175,1.3497121369853237e-06,0.0001937543904496917,16,20,False,0.995,0.005,0.66,fixed,100,none,b05428b4-9e4c-4c24-8ea0-156090d31ad0
2304,344100,34.95934462547302,0.99900075,0.999002,1.0,0.9960719999999998,0.0,0.0,0.0,0.0,0.0,0.0,0.0005,0.0,0.0,0.0,0.0005,0.0,0.0,0.0,0.002,0.9975,0.045899711685228106,1893,0.0008862486551892313,1.3547699565580986e-06,0.0001942572369126688,16,20,False,0.995,0.005,0.66,fixed,100,none,b05428b4-9e4c-4c24-8ea0-156090d31ad0
2305,344200,34.970330238342285,0.99900075,0.999002,1.0,0.9960719999999998,0.0,0.0,0.0,0.0,0.0,0.0,0.0005,0.0,0.0,0.0,0.0005,0.0,0.0,0.0,0.002,0.9975,0.045899711685228106,1893,0.0008862991799796913,1.355133861269489e-06,0.00019426836593119563,16,20,False,0.995,0.005,0.66,fixed,100,none,b05428b4-9e4c-4c24-8ea0-156090d31ad0
2306,344500,34.981186628341675,0.99900075,0.999002,1.0,0.9960719999999998,0.0,0.0,0.0,0.0,0.0,0.0,0.0005,0.0,0.0,0.0,0.0005,0.0,0.0,0.0,0.002,0.9975,0.045899711685228106,1893,0.0008876550435489841,1.3573828421468655e-06,0.00019456559177288054,16,20,False,0.995,0.005,0.66,fixed,100,none,b05428b4-9e4c-4c24-8ea0-156090d31ad0
2307,344600,34.991968631744385,0.99900075,0.999002,1.0,0.9960719999999998,0.0,0.0,0.0,0.0,0.0,0.0,0.0005,0.0,0.0,0.0,0.0005,0.0,0.0,0.0,0.002,0.9975,0.04629795038975885,1892,0.0008878724014347678,1.3563517892353045e-06,0.0001946129755140254,16,20,False,0.995,0.005,0.66,fixed,100,none,b05428b4-9e4c-4c24-8ea0-156090d31ad0
2308,344900,35.002705097198486,0.99900075,0.999002,1.0,0.9960719999999998,0.0,0.0,0.0,0.0,0.0,0.0,0.0005,0.0,0.0,0.0,0.0005,0.0,0.0,0.0,0.002,0.9975,0.045899711685228106,1893,0.000887512798009635,1.3542352352616719e-06,0.0001945338561790088,16,20,False,0.995,0.005,0.66,fixed,100,none,b05428b4-9e4c-4c24-8ea0-156090d31ad0
2309,345000,35.01325607299805,0.99900075,0.999002,1.0,0.9960719999999998,0.0,0.0,0.0,0.0,0.0,0.0,0.0005,0.0,0.0,0.0,0.0005,0.0,0.0,0.0,0.002,0.9975,0.04550046796188467,1894,0.0008875527276258684,1.3565246917283947e-06,0.000194543031768731,16,20,False,0.995,0.005,0.66,fixed,100,none,b05428b4-9e4c-4c24-8ea0-156090d31ad0
2310,345200,35.023797035217285,0.99900075,0.999002,1.0,0.9960719999999998,0.0,0.0,0.0,0.0,0.0,0.0,0.0005,0.0,0.0,0.0,0.0005,0.0,0.0,0.0,0.002,0.9975,0.045899711685228106,1893,0.0008876948393932347,1.3534033049012716e-06,0.00019457354697111033,16,20,False,0.995,0.005,0.66,fixed,100,none,b05428b4-9e4c-4c24-8ea0-156090d31ad0
2311,345300,35.03431963920593,0.99900075,0.999002,1.0,0.9960719999999998,0.0,0.0,0.0,0.0,0.0,0.0,0.0005,0.0,0.0,0.0,0.0005,0.0,0.0,0.0,0.002,0.9975,0.04550046796188467,1894,0.0008876420346185032,1.3537175636753124e-06,0.00019456204771508867,16,20,False,0.995,0.005,0.66,fixed,100,none,b05428b4-9e4c-4c24-8ea0-156090d31ad0
2312,345500,35.04492449760437,0.99900075,0.999002,1.0,0.9960719999999998,0.0,0.0,0.0,0.0,0.0,0.0,0.0005,0.0,0.0,0.0,0.0005,0.0,0.0,0.0,0.002,0.9975,0.045899711685228106,1893,0.0008872641132035316,1.3521340802845397e-06,0.00019447901985550716,16,20,False,0.995,0.005,0.66,fixed,100,none,b05428b4-9e4c-4c24-8ea0-156090d31ad0
2313,345600,35.05548429489136,0.99900075,0.999002,1.0,0.9960719999999998,0.0,0.0,0.0,0.0,0.0,0.0,0.0005,0.0,0.0,0.0,0.0005,0.0,0.0,0.0,0.002,0.9975,0.045899711685228106,1893,0.0008868160458389524,1.3531440156915498e-06,0.0001943811297971281,16,20,False,0.995,0.005,0.66,fixed,100,none,b05428b4-9e4c-4c24-8ea0-156090d31ad0
2314,345700,35.066006898880005,0.99900075,0.999002,1.0,0.9960719999999998,0.0,0.0,0.0,0.0,0.0,0.0,0.0005,0.0,0.0,0.0,0.0005,0.0,0.0,0.0,0.002,0.9975,0.04550046796188467,1894,0.0008872582329515359,1.3536724764955536e-06,0.00019447802496362537,16,20,False,0.995,0.005,0.66,fixed,100,none,b05428b4-9e4c-4c24-8ea0-156090d31ad0
2315,345900,35.076510190963745,0.99900075,0.999002,1.0,0.9960719999999998,0.0,0.0,0.0,0.0,0.0,0.0,0.0005,0.0,0.0,0.0,0.0005,0.0,0.0,0.0,0.002,0.9975,0.04550046796188467,1894,0.0008870694300416294,1.3548449559655094e-06,0.00019443691877774614,16,20,False,0.995,0.005,0.66,fixed,100,none,b05428b4-9e4c-4c24-8ea0-156090d31ad0
2316,346000,35.087047815322876,0.99900075,0.999002,1.0,0.9960719999999998,0.0,0.0,0.0,0.0,0.0,0.0,0.0005,0.0,0.0,0.0,0.0005,0.0,0.0,0.0,0.002,0.9975,0.04550046796188467,1894,0.0008880884356652368,1.358029635804787e-06,0.00019466058419792326,16,20,False,0.995,0.005,0.66,fixed,100,none,b05428b4-9e4c-4c24-8ea0-156090d31ad0
2317,346300,35.097601890563965,0.99900075,0.999002,1.0,0.9960719999999998,0.0,0.0,0.0,0.0,0.0,0.0,0.0005,0.0,0.0,0.0,0.0005,0.0,0.0,0.0,0.002,0.9975,0.045899711685228106,1893,0.0008882029793636549,1.3583288280999843e-06,0.00019468571466004306,16,20,False,0.995,0.005,0.66,fixed,100,none,b05428b4-9e4c-4c24-8ea0-156090d31ad0
2318,346400,35.10810089111328,0.99900075,0.999002,1.0,0.9960719999999998,0.0,0.0,0.0,0.0,0.0,0.0,0.0005,0.0,0.0,0.0,0.0005,0.0,0.0,0.0,0.002,0.9975,0.045899711685228106,1893,0.0008879881484458575,1.359180451614281e-06,0.00019463884998060496,16,20,False,0.995,0.005,0.66,fixed,100,none,b05428b4-9e4c-4c24-8ea0-156090d31ad0
2319,346700,35.11865282058716,0.99900075,0.999002,1.0,0.9960719999999998,0.0,0.0,0.0,0.0,0.0,0.0,0.0005,0.0,0.0,0.0,0.0005,0.0,0.0,0.0,0.002,0.9975,0.045899711685228106,1893,0.0008903494695957115,1.3628571755221313e-06,0.00019515644175785047,16,20,False,0.995,0.005,0.66,fixed,100,none,b05428b4-9e4c-4c24-8ea0-156090d31ad0
2320,346800,35.12919855117798,0.99900075,0.999002,1.0,0.9960719999999998,0.0,0.0,0.0,0.0,0.0,0.0,0.0005,0.0,0.0,0.0,0.0005,0.0,0.0,0.0,0.002,0.9975,0.045899711685228106,1893,0.0008903494695957115,1.3628571755221313e-06,0.00019515644175785047,16,20,False,0.995,0.005,0.66,fixed,100,none,b05428b4-9e4c-4c24-8ea0-156090d31ad0
2321,347000,35.1397807598114,0.99900075,0.999002,1.0,0.9960719999999998,0.0,0.0,0.0,0.0,0.0,0.0,0.0005,0.0,0.0,0.0,0.0005,0.0,0.0,0.0,0.002,0.9975,0.045899711685228106,1893,0.0008914176165350439,1.366075242606558e-06,0.00019539087055561638,16,20,False,0.995,0.005,0.66,fixed,100,none,b05428b4-9e4c-4c24-8ea0-156090d31ad0
2322,347100,35.15037751197815,0.99900075,0.999002,1.0,0.9960719999999998,0.0,0.0,0.0,0.0,0.0,0.0,0.0005,0.0,0.0,0.0,0.0005,0.0,0.0,0.0,0.002,0.9975,0.045899711685228106,1893,0.0008913104925628945,1.3640925381218743e-06,0.0001953670444042608,16,20,False,0.995,0.005,0.66,fixed,100,none,b05428b4-9e4c-4c24-8ea0-156090d31ad0
2323,347400,35.160973072052,0.99900075,0.999002,1.0,0.9960719999999998,0.0,0.0,0.0,0.0,0.0,0.0,0.0005,0.0,0.0,0.0,0.0005,0.0,0.0,0.0,0.002,0.9975,0.045899711685228106,1893,0.0008897784986248568,1.3649139056915374e-06,0.00019503184699106257,16,20,False,0.995,0.005,0.66,fixed,100,none,b05428b4-9e4c-4c24-8ea0-156090d31ad0
2324,347500,35.17158007621765,0.99900075,0.999002,1.0,0.9960719999999998,0.0,0.0,0.0,0.0,0.0,0.0,0.0005,0.0,0.0,0.0,0.0005,0.0,0.0,0.0,0.002,0.9975,0.045899711685228106,1893,0.0008908826501635075,1.36798075464272e-06,0.00019527412846417392,16,20,False,0.995,0.005,0.66,fixed,100,none,b05428b4-9e4c-4c24-8ea0-156090d31ad0
2325,347700,35.18215990066528,0.99900075,0.999002,1.0,0.9960719999999998,0.0,0.0,0.0,0.0,0.0,0.0,0.0005,0.0,0.0,0.0,0.0005,0.0,0.0,0.0,0.002,0.9975,0.045899711685228106,1893,0.0008917167898879944,1.3689358981837114e-06,0.00019545690312713687,16,20,False,0.995,0.005,0.66,fixed,100,none,b05428b4-9e4c-4c24-8ea0-156090d31ad0
2326,347800,35.19283103942871,0.99900075,0.999002,1.0,0.9960719999999998,0.0,0.0,0.0,0.0,0.0,0.0,0.0005,0.0,0.0,0.0,0.0005,0.0,0.0,0.0,0.002,0.9975,0.045899711685228106,1893,0.0008908423730763513,1.3686368482537623e-06,0.00019526543646758153,16,20,False,0.995,0.005,0.66,fixed,100,none,b05428b4-9e4c-4c24-8ea0-156090d31ad0
2327,348100,35.2034592628479,0.99900075,0.999002,1.0,0.9960719999999998,0.0,0.0,0.0,0.0,0.0,0.0,0.0005,0.0,0.0,0.0,0.0005,0.0,0.0,0.0,0.002,0.9975,0.045899711685228106,1893,0.0008929230912660366,1.3754559553059324e-06,0.00019572220130964358,16,20,False,0.995,0.005,0.66,fixed,100,none,b05428b4-9e4c-4c24-8ea0-156090d31ad0
2328,348200,35.21417212486267,0.99900075,0.999002,1.0,0.9960719999999998,0.0,0.0,0.0,0.0,0.0,0.0,0.0005,0.0,0.0,0.0,0.0005,0.0,0.0,0.0,0.002,0.9975,0.045899711685228106,1893,0.0008925640172840235,1.3744277630653396e-06,0.00019564340465845517,16,20,False,0.995,0.005,0.66,fixed,100,none,b05428b4-9e4c-4c24-8ea0-156090d31ad0
2329,348400,35.224831104278564,0.99900075,0.999002,1.0,0.9960719999999998,0.0,0.0,0.0,0.0,0.0,0.0,0.0005,0.0,0.0,0.0,0.0005,0.0,0.0,0.0,0.002,0.9975,0.045899711685228106,1893,0.0008891927453709977,1.3682909941148196e-06,0.0001949042672505932,16,20,False,0.995,0.005,0.66,fixed,100,none,b05428b4-9e4c-4c24-8ea0-156090d31ad0
2330,348500,35.23565411567688,0.99900075,0.999002,1.0,0.9960719999999998,0.0,0.0,0.0,0.0,0.0,0.0,0.0005,0.0,0.0,0.0,0.0005,0.0,0.0,0.0,0.002,0.9975,0.045899711685228106,1893,0.0008898014960430158,1.3687354534737397e-06,0.00019503760721997616,16,20,False,0.995,0.005,0.66,fixed,100,none,b05428b4-9e4c-4c24-8ea0-156090d31ad0
2331,348600,35.24672770500183,0.99900075,0.999002,1.0,0.9960719999999998,0.0,0.0,0.0,0.0,0.0,0.0,0.0005,0.0,0.0,0.0,0.0005,0.0,0.0,0.0,0.002,0.9975,0.045899711685228106,1893,0.000889534236754635,1.369162784419535e-06,0.00019497918535462931,16,20,False,0.995,0.005,0.66,fixed,100,none,b05428b4-9e4c-4c24-8ea0-156090d31ad0
2332,348800,35.25912547111511,0.99900075,0.999002,1.0,0.9960719999999998,0.0,0.0,0.0,0.0,0.0,0.0,0.0005,0.0,0.0,0.0,0.0005,0.0,0.0,0.0,0.002,0.9975,0.04550046796188467,1894,0.0008900095654045915,1.3699322183549144e-06,0.0001950833809885525,16,20,False,0.995,0.005,0.66,fixed,100,none,b05428b4-9e4c-4c24-8ea0-156090d31ad0
2333,348900,35.270962953567505,0.99900075,0.999002,1.0,0.9960719999999998,0.0,0.0,0.0,0.0,0.0,0.0,0.0005,0.0,0.0,0.0,0.0005,0.0,0.0,0.0,0.002,0.9975,0.04550046796188467,1894,0.0008903520018510798,1.3707077345577047e-06,0.00019515848767476734,16,20,False,0.995,0.005,0.66,fixed,100,none,b05428b4-9e4c-4c24-8ea0-156090d31ad0
2334,349200,35.282448053359985,0.99900075,0.999002,1.0,0.9960719999999998,0.0,0.0,0.0,0.0,0.0,0.0,0.0005,0.0,0.0,0.0,0.0005,0.0,0.0,0.0,0.002,0.9975,0.04550046796188467,1894,0.0008922938160006319,1.3743520843323382e-06,0.00019558424321856148,16,20,False,0.995,0.005,0.66,fixed,100,none,b05428b4-9e4c-4c24-8ea0-156090d31ad0
2335,349300,35.29409861564636,0.99900075,0.999002,1.0,0.9960719999999998,0.0,0.0,0.0,0.0,0.0,0.0,0.0005,0.0,0.0,0.0,0.0005,0.0,0.0,0.0,0.002,0.9975,0.045899711685228106,1893,0.0008929577491513591,1.3753630900870334e-06,0.00019572977027634906,16,20,False,0.995,0.005,0.66,fixed,100,none,b05428b4-9e4c-4c24-8ea0-156090d31ad0
2336,349500,35.30550289154053,0.99900075,0.999002,1.0,0.9960719999999998,0.0,0.0,0.0,0.0,0.0,0.0,0.0005,0.0,0.0,0.0,0.0005,0.0,0.0,0.0,0.002,0.9975,0.045899711685228106,1893,0.000892138267381945,1.3742460107620577e-06,0.00019555017347195258,16,20,False,0.995,0.005,0.66,fixed,100,none,b05428b4-9e4c-4c24-8ea0-156090d31ad0
2337,349600,35.316900968551636,0.99900075,0.999002,1.0,0.9960719999999998,0.0,0.0,0.0,0.0,0.0,0.0,0.0005,0.0,0.0,0.0,0.0005,0.0,0.0,0.0,0.002,0.9975,0.045899711685228106,1893,0.0008919947138004688,1.3742688123560144e-06,0.0001955187539252703,16,20,False,0.995,0.005,0.66,fixed,100,none,b05428b4-9e4c-4c24-8ea0-156090d31ad0
2338,349900,35.32817602157593,0.99900075,0.999002,1.0,0.9960719999999998,0.0,0.0,0.0,0.0,0.0,0.0,0.0005,0.0,0.0,0.0,0.0005,0.0,0.0,0.0,0.002,0.9975,0.045899711685228106,1893,0.0008928140565300305,1.3762757132503797e-06,0.00019569848935994125,16,20,False,0.995,0.005,0.66,fixed,100,none,b05428b4-9e4c-4c24-8ea0-156090d31ad0
2339,350000,35.339476346969604,0.99900075,0.999002,1.0,0.9960719999999998,0.0,0.0,0.0,0.0,0.0,0.0,0.0005,0.0,0.0,0.0,0.0005,0.0,0.0,0.0,0.002,0.9975,0.045899711685228106,1893,0.0008929853857917974,1.3782856792272393e-06,0.00019573637522887763,16,20,False,0.995,0.005,0.66,fixed,100,none,b05428b4-9e4c-4c24-8ea0-156090d31ad0
2340,350300,35.35068130493164,0.99900075,0.999002,1.0,0.9960719999999998,0.0,0.0,0.0,0.0,0.0,0.0,0.0005,0.0,0.0,0.0,0.0005,0.0,0.0,0.0,0.002,0.9975,0.045899711685228106,1893,0.0008927732361925769,1.3777270691431602e-06,0.00019568982954569229,16,20,False,0.995,0.005,0.66,fixed,100,none,b05428b4-9e4c-4c24-8ea0-156090d31ad0
2341,350400,35.36196255683899,0.99900075,0.999002,1.0,0.9960719999999998,0.0,0.0,0.0,0.0,0.0,0.0,0.0005,0.0,0.0,0.0,0.0005,0.0,0.0,0.0,0.002,0.9975,0.045899711685228106,1893,0.0008923391715296076,1.3779607813127164e-06,0.00019559485719628053,16,20,False,0.995,0.005,0.66,fixed,100,none,b05428b4-9e4c-4c24-8ea0-156090d31ad0
2342,350600,35.3746223449707,0.99900075,0.999002,1.0,0.9960719999999998,0.0,0.0,0.0,0.0,0.0,0.0,0.0005,0.0,0.0,0.0,0.0005,0.0,0.0,0.0,0.002,0.9975,0.045899711685228106,1893,0.000891246747085314,1.3792527724304804e-06,0.00019535597096373704,16,20,False,0.995,0.005,0.66,fixed,100,none,b05428b4-9e4c-4c24-8ea0-156090d31ad0
2343,350700,35.38616967201233,0.99900075,0.999002,1.0,0.9960719999999998,0.0,0.0,0.0,0.0,0.0,0.0,0.0005,0.0,0.0,0.0,0.0005,0.0,0.0,0.0,0.002,0.9975,0.045899711685228106,1893,0.0008908208472473006,1.377619638612641e-06,0.0001952624311937705,16,20,False,0.995,0.005,0.66,fixed,100,none,b05428b4-9e4c-4c24-8ea0-156090d31ad0
2344,351000,35.39763402938843,0.99900075,0.999002,1.0,0.9960719999999998,0.0,0.0,0.0,0.0,0.0,0.0,0.0005,0.0,0.0,0.0,0.0005,0.0,0.0,0.0,0.002,0.9975,0.045899711685228106,1893,0.000892044983904513,1.3796290863894329e-06,0.00019553077650311188,16,20,False,0.995,0.005,0.66,fixed,100,none,b05428b4-9e4c-4c24-8ea0-156090d31ad0
2345,351100,35.40897512435913,0.99900075,0.999002,1.0,0.9960719999999998,0.0,0.0,0.0,0.0,0.0,0.0,0.0005,0.0,0.0,0.0,0.0005,0.0,0.0,0.0,0.002,0.9975,0.045899711685228106,1893,0.000892149448235948,1.3805424625018889e-06,0.00019555381728672438,16,20,False,0.995,0.005,0.66,fixed,100,none,b05428b4-9e4c-4c24-8ea0-156090d31ad0
2346,351300,35.420432567596436,0.99900075,0.999002,1.0,0.9960719999999998,0.0,0.0,0.0,0.0,0.0,0.0,0.0005,0.0,0.0,0.0,0.0005,0.0,0.0,0.0,0.002,0.9975,0.045899711685228106,1893,0.0008926004646775179,1.3811507670187152e-06,0.00019565266036364226,16,20,False,0.995,0.005,0.66,fixed,100,none,b05428b4-9e4c-4c24-8ea0-156090d31ad0
2347,351400,35.431862592697144,0.99900075,0.999002,1.0,0.9960719999999998,0.0,0.0,0.0,0.0,0.0,0.0,0.0005,0.0,0.0,0.0,0.0005,0.0,0.0,0.0,0.002,0.9975,0.045899711685228106,1893,0.0008922569050340472,1.3823200653448518e-06,0.00019557767732436847,16,20,False,0.995,0.005,0.66,fixed,100,none,b05428b4-9e4c-4c24-8ea0-156090d31ad0
2348,351500,35.44332313537598,0.99900075,0.999002,1.0,0.9960719999999998,0.0,0.0,0.0,0.0,0.0,0.0,0.0005,0.0,0.0,0.0,0.0005,0.0,0.0,0.0,0.002,0.9975,0.045899711685228106,1893,0.0008920955896423325,1.381506937226153e-06,0.00019554221089077958,16,20,False,0.995,0.005,0.66,fixed,100,none,b05428b4-9e4c-4c24-8ea0-156090d31ad0
2349,351700,35.45467448234558,0.99900075,0.999002,1.0,0.9960719999999998,0.0,0.0,0.0,0.0,0.0,0.0,0.0005,0.0,0.0,0.0,0.0005,0.0,0.0,0.0,0.002,0.9975,0.045899711685228106,1893,0.0008894893146858402,1.3778887185786977e-06,0.0001949710098412604,16,20,False,0.995,0.005,0.66,fixed,100,none,b05428b4-9e4c-4c24-8ea0-156090d31ad0
2350,351800,35.46609687805176,0.99900075,0.999002,1.0,0.9960719999999998,0.0,0.0,0.0,0.0,0.0,0.0,0.0005,0.0,0.0,0.0,0.0005,0.0,0.0,0.0,0.002,0.9975,0.045899711685228106,1893,0.0008888517816884664,1.3764346908272127e-06,0.00019483117760286248,16,20,False,0.995,0.005,0.66,fixed,100,none,b05428b4-9e4c-4c24-8ea0-156090d31ad0
2351,352100,35.477514028549194,0.99900075,0.999002,1.0,0.9960719999999998,0.0,0.0,0.0,0.0,0.0,0.0,0.0005,0.0,0.0,0.0,0.0005,0.0,0.0,0.0,0.002,0.9975,0.045899711685228106,1893,0.0008893072915894956,1.3792322447493831e-06,0.000194931420255443,16,20,False,0.995,0.005,0.66,fixed,100,none,b05428b4-9e4c-4c24-8ea0-156090d31ad0
2352,352200,35.48897886276245,0.99900075,0.999002,1.0,0.9960719999999998,0.0,0.0,0.0,0.0,0.0,0.0,0.0005,0.0,0.0,0.0,0.0005,0.0,0.0,0.0,0.002,0.9975,0.045899711685228106,1893,0.0008886697171543114,1.3772366102143897e-06,0.00019479147604101952,16,20,False,0.995,0.005,0.66,fixed,100,none,b05428b4-9e4c-4c24-8ea0-156090d31ad0
2353,352400,35.50034952163696,0.99900075,0.999002,1.0,0.9960719999999998,0.0,0.0,0.0,0.0,0.0,0.0,0.0005,0.0,0.0,0.0,0.0005,0.0,0.0,0.0,0.002,0.9975,0.045899711685228106,1893,0.0008893814111817,1.3791795944004384e-06,0.0001949476350306102,16,20,False,0.995,0.005,0.66,fixed,100,none,b05428b4-9e4c-4c24-8ea0-156090d31ad0
2354,352500,35.51177406311035,0.99900075,0.999002,1.0,0.9960719999999998,0.0,0.0,0.0,0.0,0.0,0.0,0.0005,0.0,0.0,0.0,0.0005,0.0,0.0,0.0,0.002,0.9975,0.046297950389758855,1892,0.0008906267782664187,1.3823875706339774e-06,0.00019522085540093953,16,20,False,0.995,0.005,0.66,fixed,100,none,b05428b4-9e4c-4c24-8ea0-156090d31ad0
2355,352800,35.523179054260254,0.99900075,0.999002,1.0,0.9960719999999998,0.0,0.0,0.0,0.0,0.0,0.0,0.0005,0.0,0.0,0.0,0.0005,0.0,0.0,0.0,0.002,0.9975,0.046297950389758855,1892,0.0008885102020657252,1.3807455173318317e-06,0.0001947572248804803,16,20,False,0.995,0.005,0.66,fixed,100,none,b05428b4-9e4c-4c24-8ea0-156090d31ad0
2356,352900,35.53467011451721,0.99900075,0.999002,1.0,0.9960719999999998,0.0,0.0,0.0,0.0,0.0,0.0,0.0005,0.0,0.0,0.0,0.0005,0.0,0.0,0.0,0.002,0.9975,0.045899711685228106,1893,0.0008888716174990434,1.3821469071993323e-06,0.00019483660498290849,16,20,False,0.995,0.005,0.66,fixed,100,none,b05428b4-9e4c-4c24-8ea0-156090d31ad0
2357,353200,35.545859575271606,0.99900075,0.999002,1.0,0.9960719999999998,0.0,0.0,0.0,0.0,0.0,0.0,0.0005,0.0,0.0,0.0,0.0005,0.0,0.0,0.0,0.002,0.9975,0.045899711685228106,1893,0.0008872209437544456,1.3802435951039106e-06,0.00019447491087091787,16,20,False,0.995,0.005,0.66,fixed,100,none,b05428b4-9e4c-4c24-8ea0-156090d31ad0
2358,353300,35.557130098342896,0.99900075,0.999002,1.0,0.9960719999999998,0.0,0.0,0.0,0.0,0.0,0.0,0.0005,0.0,0.0,0.0,0.0005,0.0,0.0,0.0,0.002,0.9975,0.045899711685228106,1893,0.0008872209437544456,1.3802435951039106e-06,0.00019447491087091787,16,20,False,0.995,0.005,0.66,fixed,100,none,b05428b4-9e4c-4c24-8ea0-156090d31ad0
2359,353500,35.56833624839783,0.99900075,0.999002,1.0,0.9960719999999998,0.0,0.0,0.0,0.0,0.0,0.0,0.0005,0.0,0.0,0.0,0.0005,0.0,0.0,0.0,0.002,0.9975,0.045899711685228106,1893,0.0008893302511563654,1.386160431300376e-06,0.00019493776246007544,16,20,False,0.995,0.005,0.66,fixed,100,none,b05428b4-9e4c-4c24-8ea0-156090d31ad0
2360,353600,35.579447984695435,0.99900075,0.999002,1.0,0.9960719999999998,0.0,0.0,0.0,0.0,0.0,0.0,0.0005,0.0,0.0,0.0,0.0005,0.0,0.0,0.0,0.002,0.9975,0.046297950389758855,1892,0.0008910146492664844,1.389879311663884e-06,0.0001953071837936496,16,20,False,0.995,0.005,0.66,fixed,100,none,b05428b4-9e4c-4c24-8ea0-156090d31ad0
2361,353900,35.59054350852966,0.99900075,0.999002,1.0,0.9960719999999998,0.0,0.0,0.0,0.0,0.0,0.0,0.0005,0.0,0.0,0.0,0.0005,0.0,0.0,0.0,0.002,0.9975,0.046297950389758855,1892,0.0008927161388157737,1.3935718242288392e-06,0.00019568034143337633,16,20,False,0.995,0.005,0.66,fixed,100,none,b05428b4-9e4c-4c24-8ea0-156090d31ad0
2362,354000,35.60158967971802,0.99900075,0.999002,1.0,0.9960719999999998,0.0,0.0,0.0,0.0,0.0,0.0,0.0005,0.0,0.0,0.0,0.0005,0.0,0.0,0.0,0.002,0.9975,0.046297950389758855,1892,0.0008925141229059419,1.3953140942302806e-06,0.00019563645118201445,16,20,False,0.995,0.005,0.66,fixed,100,none,b05428b4-9e4c-4c24-8ea0-156090d31ad0
2363,354100,35.6125922203064,0.99900075,0.999002,1.0,0.9960719999999998,0.0,0.0,0.0,0.0,0.0,0.0,0.0005,0.0,0.0,0.0,0.0005,0.0,0.0,0.0,0.002,0.9975,0.046297950389758855,1892,0.0008930725867710878,1.3958922856285348e-06,0.00019575880877846055,16,20,False,0.995,0.005,0.66,fixed,100,none,b05428b4-9e4c-4c24-8ea0-156090d31ad0
2364,354200,35.62367630004883,0.99900075,0.999002,1.0,0.9960719999999998,0.0,0.0,0.0,0.0,0.0,0.0,0.0005,0.0,0.0,0.0,0.0005,0.0,0.0,0.0,0.002,0.9975,0.046297950389758855,1892,0.0008936716004799294,1.3970088522922146e-06,0.0001958901450269921,16,20,False,0.995,0.005,0.66,fixed,100,none,b05428b4-9e4c-4c24-8ea0-156090d31ad0
2365,354300,35.63477182388306,0.99900075,0.999002,1.0,0.9960719999999998,0.0,0.0,0.0,0.0,0.0,0.0,0.0005,0.0,0.0,0.0,0.0005,0.0,0.0,0.0,0.002,0.9975,0.046297950389758855,1892,0.0008946682852396577,1.3995843481314323e-06,0.00019610880866510606,16,20,False,0.995,0.005,0.66,fixed,100,none,b05428b4-9e4c-4c24-8ea0-156090d31ad0
2366,354600,35.64599847793579,0.99900075,0.999002,1.0,0.9960719999999998,0.0,0.0,0.0,0.0,0.0,0.0,0.0005,0.0,0.0,0.0,0.0005,0.0,0.0,0.0,0.002,0.9975,0.046297950389758855,1892,0.0008956861479705105,1.4047617057906557e-06,0.000196332602514845,16,20,False,0.995,0.005,0.66,fixed,100,none,b05428b4-9e4c-4c24-8ea0-156090d31ad0
2367,354700,35.65716910362244,0.99900075,0.999002,1.0,0.9960719999999998,0.0,0.0,0.0,0.0,0.0,0.0,0.0005,0.0,0.0,0.0,0.0005,0.0,0.0,0.0,0.002,0.9975,0.046297950389758855,1892,0.0008955550266974891,1.4063207071778225e-06,0.00019630419627844416,16,20,False,0.995,0.005,0.66,fixed,100,none,b05428b4-9e4c-4c24-8ea0-156090d31ad0
2368,355000,35.668274879455566,0.99900075,0.999002,1.0,0.9960719999999998,0.0,0.0,0.0,0.0,0.0,0.0,0.0005,0.0,0.0,0.0,0.0005,0.0,0.0,0.0,0.002,0.9975,0.045899711685228106,1893,0.0008958397017387709,1.4081840656684805e-06,0.00019636686568309399,16,20,False,0.995,0.005,0.66,fixed,100,none,b05428b4-9e4c-4c24-8ea0-156090d31ad0
2369,355100,35.67926239967346,0.99900075,0.999002,1.0,0.9960719999999998,0.0,0.0,0.0,0.0,0.0,0.0,0.0005,0.0,0.0,0.0,0.0005,0.0,0.0,0.0,0.002,0.9975,0.045899711685228106,1893,0.0008949310132570715,1.4053523829649103e-06,0.0001961674157547363,16,20,False,0.995,0.005,0.66,fixed,100,none,b05428b4-9e4c-4c24-8ea0-156090d31ad0
2370,355300,35.690268754959106,0.99900075,0.999002,1.0,0.9960719999999998,0.0,0.0,0.0,0.0,0.0,0.0,0.0005,0.0,0.0,0.0,0.0005,0.0,0.0,0.0,0.002,0.9975,0.045899711685228106,1893,0.000895518732682571,1.4056621885607e-06,0.0001962961264000413,16,20,False,0.995,0.005,0.66,fixed,100,none,b05428b4-9e4c-4c24-8ea0-156090d31ad0
2371,355400,35.70117163658142,0.99900075,0.999002,1.0,0.9960719999999998,0.0,0.0,0.0,0.0,0.0,0.0,0.0005,0.0,0.0,0.0,0.0005,0.0,0.0,0.0,0.002,0.9975,0.04550046796188467,1894,0.0008950551561045591,1.4026314109519362e-06,0.00019619407363936887,16,20,False,0.995,0.005,0.66,fixed,100,none,b05428b4-9e4c-4c24-8ea0-156090d31ad0
2372,355700,35.71212410926819,0.99900075,0.999002,1.0,0.9960719999999998,0.0,0.0,0.0,0.0,0.0,0.0,0.0005,0.0,0.0,0.0,0.0005,0.0,0.0,0.0,0.002,0.9975,0.04550046796188467,1894,0.0008957969251829441,1.401767377178901e-06,0.00019635628272421046,16,20,False,0.995,0.005,0.66,fixed,100,none,b05428b4-9e4c-4c24-8ea0-156090d31ad0
2373,355800,35.7231023311615,0.99900075,0.999002,1.0,0.9960719999999998,0.0,0.0,0.0,0.0,0.0,0.0,0.0005,0.0,0.0,0.0,0.0005,0.0,0.0,0.0,0.002,0.9975,0.04550046796188467,1894,0.000895891929388368,1.4012973195353377e-06,0.0001963769898338255,16,20,False,0.995,0.005,0.66,fixed,100,none,b05428b4-9e4c-4c24-8ea0-156090d31ad0
2374,356000,35.73414731025696,0.99900075,0.999002,1.0,0.9960719999999998,0.0,0.0,0.0,0.0,0.0,0.0,0.0005,0.0,0.0,0.0,0.0005,0.0,0.0,0.0,0.002,0.9975,0.04550046796188467,1894,0.0008962340461523432,1.4003822721614517e-06,0.0001964517053344586,16,20,False,0.995,0.005,0.66,fixed,100,none,b05428b4-9e4c-4c24-8ea0-156090d31ad0
2375,356100,35.74518823623657,0.99900075,0.999002,1.0,0.9960719999999998,0.0,0.0,0.0,0.0,0.0,0.0,0.0005,0.0,0.0,0.0,0.0005,0.0,0.0,0.0,0.002,0.9975,0.04550046796188467,1894,0.00089641055008017,1.400588575099375e-06,0.0001964903812418181,16,20,False,0.995,0.005,0.66,fixed,100,none,b05428b4-9e4c-4c24-8ea0-156090d31ad0
2376,356400,35.756206035614014,0.99900075,0.999002,1.0,0.9960719999999998,0.0,0.0,0.0,0.0,0.0,0.0,0.0005,0.0,0.0,0.0,0.0005,0.0,0.0,0.0,0.002,0.9975,0.04550046796188467,1894,0.0008992763912062652,1.4084723894851521e-06,0.00019711921178905363,16,20,False,0.995,0.005,0.66,fixed,100,none,b05428b4-9e4c-4c24-8ea0-156090d31ad0
2377,356500,35.767146825790405,0.99900075,0.999002,1.0,0.9960719999999998,0.0,0.0,0.0,0.0,0.0,0.0,0.0005,0.0,0.0,0.0,0.0005,0.0,0.0,0.0,0.002,0.9975,0.04550046796188467,1894,0.0008984614105655772,1.4043514459828072e-06,0.0001969400295475416,16,20,False,0.995,0.005,0.66,fixed,100,none,b05428b4-9e4c-4c24-8ea0-156090d31ad0
2378,356800,35.777990102767944,0.99900075,0.999002,1.0,0.9960719999999998,0.0,0.0,0.0,0.0,0.0,0.0,0.0005,0.0,0.0,0.0,0.0005,0.0,0.0,0.0,0.002,0.9975,0.045899711685228106,1893,0.0009025447372497758,1.4124322061608422e-06,0.0001978354051031465,16,20,False,0.995,0.005,0.66,fixed,100,none,b05428b4-9e4c-4c24-8ea0-156090d31ad0
2379,356900,35.78889751434326,0.99900075,0.999002,1.0,0.9960719999999998,0.0,0.0,0.0,0.0,0.0,0.0,0.0005,0.0,0.0,0.0,0.0005,0.0,0.0,0.0,0.002,0.9975,0.045899711685228106,1893,0.000903402655446656,1.4150964596590793e-06,0.00019802370960460825,16,20,False,0.995,0.005,0.66,fixed,100,none,b05428b4-9e4c-4c24-8ea0-156090d31ad0
2380,357100,35.799845695495605,0.99900075,0.999002,1.0,0.9960719999999998,0.0,0.0,0.0,0.0,0.0,0.0,0.0005,0.0,0.0,0.0,0.0005,0.0,0.0,0.0,0.002,0.9975,0.045899711685228106,1893,0.0009030228884223651,1.414659199062873e-06,0.00019794049552347768,16,20,False,0.995,0.005,0.66,fixed,100,none,b05428b4-9e4c-4c24-8ea0-156090d31ad0
2381,357200,35.810904026031494,0.99900075,0.999002,1.0,0.9960719999999998,0.0,0.0,0.0,0.0,0.0,0.0,0.0005,0.0,0.0,0.0,0.0005,0.0,0.0,0.0,0.002,0.9975,0.045899711685228106,1893,0.0009028999982182562,1.414522844526474e-06,0.0001979135689504363,16,20,False,0.995,0.005,0.66,fixed,100,none,b05428b4-9e4c-4c24-8ea0-156090d31ad0
2382,357500,35.822043657302856,0.99900075,0.999002,1.0,0.9960719999999998,0.0,0.0,0.0,0.0,0.0,0.0,0.0005,0.0,0.0,0.0,0.0005,0.0,0.0,0.0,0.002,0.9975,0.045899711685228106,1893,0.0009036374686033122,1.415487328226502e-06,0.00019807518446962808,16,20,False,0.995,0.005,0.66,fixed,100,none,b05428b4-9e4c-4c24-8ea0-156090d31ad0
2383,357600,35.833107709884644,0.99900075,0.999002,1.0,0.9960719999999998,0.0,0.0,0.0,0.0,0.0,0.0,0.0005,0.0,0.0,0.0,0.0005,0.0,0.0,0.0,0.002,0.9975,0.046297950389758855,1892,0.000903562287634057,1.4162242232891431e-06,0.00019805886736552002,16,20,False,0.995,0.005,0.66,fixed,100,none,b05428b4-9e4c-4c24-8ea0-156090d31ad0
2384,357800,35.84399604797363,0.99900075,0.999002,1.0,0.9960719999999998,0.0,0.0,0.0,0.0,0.0,0.0,0.0005,0.0,0.0,0.0,0.0005,0.0,0.0,0.0,0.002,0.9975,0.04629795038975885,1892,0.0009032202618107574,1.417762437070598e-06,0.0001979842901734182,16,20,False,0.995,0.005,0.66,fixed,100,none,b05428b4-9e4c-4c24-8ea0-156090d31ad0
2385,357900,35.854729652404785,0.99900075,0.999002,1.0,0.9960719999999998,0.0,0.0,0.0,0.0,0.0,0.0,0.0005,0.0,0.0,0.0,0.0005,0.0,0.0,0.0,0.002,0.9975,0.046297950389758855,1892,0.0009037545183626772,1.420665830616003e-06,0.0001981017905774071,16,20,False,0.995,0.005,0.66,fixed,100,none,b05428b4-9e4c-4c24-8ea0-156090d31ad0
2386,358200,35.86547327041626,0.99900075,0.999002,1.0,0.9960719999999998,0.0,0.0,0.0,0.0,0.0,0.0,0.0005,0.0,0.0,0.0,0.0005,0.0,0.0,0.0,0.002,0.9975,0.045899711685228106,1893,0.0009037530631313442,1.423175211402265e-06,0.00019810194880961769,16,20,False,0.995,0.005,0.66,fixed,100,none,b05428b4-9e4c-4c24-8ea0-156090d31ad0
2387,358300,35.87629222869873,0.99900075,0.999002,1.0,0.9960719999999998,0.0,0.0,0.0,0.0,0.0,0.0,0.0005,0.0,0.0,0.0,0.0005,0.0,0.0,0.0,0.002,0.9975,0.04550046796188467,1894,0.0009048450526854175,1.4253865854038626e-06,0.00019834140548406464,16,20,False,0.995,0.005,0.66,fixed,100,none,b05428b4-9e4c-4c24-8ea0-156090d31ad0
2388,358600,35.88713884353638,0.99900075,0.999002,1.0,0.9960719999999998,0.0,0.0,0.0,0.0,0.0,0.0,0.0005,0.0,0.0,0.0,0.0005,0.0,0.0,0.0,0.002,0.9975,0.045899711685228106,1893,0.0009045145308358198,1.4257867049038494e-06,0.0001982691302738927,16,20,False,0.995,0.005,0.66,fixed,100,none,b05428b4-9e4c-4c24-8ea0-156090d31ad0
2389,358700,35.897916078567505,0.99900075,0.999002,1.0,0.9960719999999998,0.0,0.0,0.0,0.0,0.0,0.0,0.0005,0.0,0.0,0.0,0.0005,0.0,0.0,0.0,0.002,0.9975,0.045899711685228106,1893,0.0009043041765889741,1.428065893000969e-06,0.00019822351677499663,16,20,False,0.995,0.005,0.66,fixed,100,none,b05428b4-9e4c-4c24-8ea0-156090d31ad0
2390,358900,35.908674240112305,0.99900075,0.999002,1.0,0.9960719999999998,0.0,0.0,0.0,0.0,0.0,0.0,0.0005,0.0,0.0,0.0,0.0005,0.0,0.0,0.0,0.002,0.9975,0.04550046796188467,1894,0.00090424585041197,1.4314560296770025e-06,0.0001982113933008189,16,20,False,0.995,0.005,0.66,fixed,100,none,b05428b4-9e4c-4c24-8ea0-156090d31ad0
2391,359000,35.919355630874634,0.99900075,0.999002,1.0,0.9960719999999998,0.0,0.0,0.0,0.0,0.0,0.0,0.0005,0.0,0.0,0.0,0.0005,0.0,0.0,0.0,0.002,0.9975,0.04550046796188467,1894,0.0009044815792051747,1.430943039093824e-06,0.00019826289686544058,16,20,False,0.995,0.005,0.66,fixed,100,none,b05428b4-9e4c-4c24-8ea0-156090d31ad0
2392,359300,35.93008875846863,0.99900075,0.999002,1.0,0.9960719999999998,0.0,0.0,0.0,0.0,0.0,0.0,0.0005,0.0,0.0,0.0,0.0005,0.0,0.0,0.0,0.002,0.9975,0.04550046796188467,1894,0.0009050485560607147,1.432973242956607e-06,0.00019838739383785223,16,20,False,0.995,0.005,0.66,fixed,100,none,b05428b4-9e4c-4c24-8ea0-156090d31ad0
2393,359400,35.940943479537964,0.99900075,0.999002,1.0,0.9960719999999998,0.0,0.0,0.0,0.0,0.0,0.0,0.0005,0.0,0.0,0.0,0.0005,0.0,0.0,0.0,0.002,0.9975,0.04550046796188467,1894,0.0009058124566641656,1.4341540684172376e-06,0.00019855483603678514,16,20,False,0.995,0.005,0.66,fixed,100,none,b05428b4-9e4c-4c24-8ea0-156090d31ad0
2394,359600,35.951947927474976,0.99900075,0.999002,1.0,0.9960719999999998,0.0,0.0,0.0,0.0,0.0,0.0,0.0005,0.0,0.0,0.0,0.0005,0.0,0.0,0.0,0.002,0.9975,0.04550046796188467,1894,0.0009042139828460748,1.42955450026217e-06,0.00019820405620005557,16,20,False,0.995,0.005,0.66,fixed,100,none,b05428b4-9e4c-4c24-8ea0-156090d31ad0
2395,359700,35.962788820266724,0.99900075,0.999002,1.0,0.9960719999999998,0.0,0.0,0.0,0.0,0.0,0.0,0.0005,0.0,0.0,0.0,0.0005,0.0,0.0,0.0,0.002,0.9975,0.04550046796188467,1894,0.0009038270369553877,1.427144981491356e-06,0.00019811889593601773,16,20,False,0.995,0.005,0.66,fixed,100,none,b05428b4-9e4c-4c24-8ea0-156090d31ad0
2396,360000,35.97363042831421,0.99900075,0.999002,1.0,0.9960719999999998,0.0,0.0,0.0,0.0,0.0,0.0,0.0005,0.0,0.0,0.0,0.0005,0.0,0.0,0.0,0.002,0.9975,0.04550046796188467,1894,0.0009035045735501987,1.4262283302568092e-06,0.0001980481345328873,16,20,False,0.995,0.005,0.66,fixed,100,none,b05428b4-9e4c-4c24-8ea0-156090d31ad0
