epoch,generation,walltime_sec,pure_train_chi2,test_chi2,blip_train_chi2,bitflip_chi2,test1_frac,test2_frac,test3_frac,test4_frac,test5_frac,test6_frac,test7_frac,test8_frac,train1_frac,train2_frac,train3_frac,s1_blip_match_frac,s2_blip_match_frac,s3_blip_match_frac,bitflip_frac,other_frac,other_chi2,other_n_classes,l1_loss,l2_loss,regularization_loss,v,seed,zero_init,l1_scale,l2_scale,blip_freq,blip_mode,num_epoch,schedule_mode,replicate_uid
0,0,8.39518928527832,1.0,1.0,1.0,0.9960959999999999,0.0,0.0,0.0,0.0,0.0,0.0,0.0,0.0,0.0,0.0,0.0,0.0,0.0,0.0,0.002,0.998,0.05402839747631537,1873,0.0,0.0,0.0,16,20,False,0.995,0.005,0.66,fixed,100,none,eefd7eeb-488a-4f09-b43a-00ca3ec1ee27
1,100,8.410825252532959,1.0,1.0,1.0,0.9960959999999999,0.0,0.0,0.0,0.0,0.0,0.0,0.0,0.0,0.0,0.0,0.0,0.0,0.0,0.0,0.002,0.998,0.05402839747631537,1873,1.7040121537041606e-05,4.472483889572082e-10,3.7301675816523097e-06,16,20,False,0.995,0.005,0.66,fixed,100,none,eefd7eeb-488a-4f09-b43a-00ca3ec1ee27
2,200,8.423425197601318,1.0,1.0,1.0,0.9960959999999999,0.0,0.0,0.0,0.0,0.0,0.0,0.0,0.0,0.0,0.0,0.0,0.0,0.0,0.0,0.002,0.998,0.053271372404126875,1875,2.0899997997681197e-05,6.900667803896082e-10,4.575140674380688e-06,16,20,False,0.995,0.005,0.66,fixed,100,none,eefd7eeb-488a-4f09-b43a-00ca3ec1ee27
3,300,8.43558955192566,1.0,1.0,1.0,0.9960959999999999,0.0,0.0,0.0,0.0,0.0,0.0,0.0,0.0,0.0,0.0,0.0,0.0,0.0,0.0,0.002,0.998,0.053271372404126875,1875,2.31034050638558e-05,8.40092109020925e-10,5.057494985978749e-06,16,20,False,0.995,0.005,0.66,fixed,100,none,eefd7eeb-488a-4f09-b43a-00ca3ec1ee27
4,400,8.447599172592163,1.0,1.0,1.0,0.9960959999999999,0.0,0.0,0.0,0.0,0.0,0.0,0.0,0.0,0.0,0.0,0.0,0.0,0.0,0.0,0.002,0.998,0.053271372404126875,1875,2.8717526935471043e-05,1.2968628368827966e-09,6.286513050113619e-06,16,20,False,0.995,0.005,0.66,fixed,100,none,eefd7eeb-488a-4f09-b43a-00ca3ec1ee27
5,500,8.459513902664185,1.0,1.0,1.0,0.9960959999999999,0.0,0.0,0.0,0.0,0.0,0.0,0.0,0.0,0.0,0.0,0.0,0.0,0.0,0.0,0.002,0.998,0.05365038694623715,1874,3.44222410464906e-05,1.8139892804726127e-09,7.5353732230400814e-06,16,20,False,0.995,0.005,0.66,fixed,100,none,eefd7eeb-488a-4f09-b43a-00ca3ec1ee27
6,600,8.47191572189331,1.0,1.0,1.0,0.9960959999999999,0.0,0.0,0.0,0.0,0.0,0.0,0.0,0.0,0.0,0.0,0.0,0.0,0.0,0.0,0.002,0.998,0.05289135384998454,1876,3.6611473569789346e-05,2.0921584055772465e-09,8.01464907452395e-06,16,20,False,0.995,0.005,0.66,fixed,100,none,eefd7eeb-488a-4f09-b43a-00ca3ec1ee27
7,700,8.484013557434082,1.0,1.0,1.0,0.9960959999999999,0.0,0.0,0.0,0.0,0.0,0.0,0.0,0.0,0.0,0.0,0.0,0.0,0.0,0.0,0.002,0.998,0.053271372404126875,1875,4.0348118389398966e-05,2.5009132775051256e-09,8.83267828896216e-06,16,20,False,0.995,0.005,0.66,fixed,100,none,eefd7eeb-488a-4f09-b43a-00ca3ec1ee27
8,800,8.496076822280884,1.0,1.0,1.0,0.9960959999999999,0.0,0.0,0.0,0.0,0.0,0.0,0.0,0.0,0.0,0.0,0.0,0.0,0.0,0.0,0.002,0.998,0.053271372404126875,1875,4.16680622210083e-05,2.675485576600415e-09,9.121647162438272e-06,16,20,False,0.995,0.005,0.66,fixed,100,none,eefd7eeb-488a-4f09-b43a-00ca3ec1ee27
9,900,8.508227348327637,1.0,1.0,1.0,0.9960959999999999,0.0,0.0,0.0,0.0,0.0,0.0,0.0,0.0,0.0,0.0,0.0,0.0,0.0,0.0,0.002,0.998,0.053271372404126875,1875,4.428520885426774e-05,3.077961133745907e-09,9.69461703081462e-06,16,20,False,0.995,0.005,0.66,fixed,100,none,eefd7eeb-488a-4f09-b43a-00ca3ec1ee27
10,1000,8.520335912704468,1.0,1.0,1.0,0.9960959999999999,0.0,0.0,0.0,0.0,0.0,0.0,0.0,0.0,0.0,0.0,0.0,0.0,0.0,0.0,0.002,0.998,0.053271372404126875,1875,4.825926115022705e-05,3.7075914549991062e-09,1.056465670816115e-05,16,20,False,0.995,0.005,0.66,fixed,100,none,eefd7eeb-488a-4f09-b43a-00ca3ec1ee27
11,1100,8.532157897949219,1.0,1.0,1.0,0.9960959999999999,0.0,0.0,0.0,0.0,0.0,0.0,0.0,0.0,0.0,0.0,0.0,0.0,0.0,0.0,0.002,0.998,0.05289135384998454,1876,5.163632475091533e-05,4.1567998619110885e-09,1.130398127994913e-05,16,20,False,0.995,0.005,0.66,fixed,100,none,eefd7eeb-488a-4f09-b43a-00ca3ec1ee27
12,1200,8.544528007507324,1.0,1.0,1.0,0.9960959999999999,0.0,0.0,0.0,0.0,0.0,0.0,0.0,0.0,0.0,0.0,0.0,0.0,0.0,0.0,0.002,0.998,0.05289135384998454,1876,5.23690242843917e-05,4.224417404646936e-09,1.1464382055160226e-05,16,20,False,0.995,0.005,0.66,fixed,100,none,eefd7eeb-488a-4f09-b43a-00ca3ec1ee27
13,1300,8.556424140930176,1.0,1.0,1.0,0.9960959999999999,0.0,0.0,0.0,0.0,0.0,0.0,0.0,0.0,0.0,0.0,0.0,0.0,0.0,0.0,0.002,0.998,0.05289135384998455,1876,5.25727101736621e-05,4.324503485029851e-09,1.150898791267679e-05,16,20,False,0.995,0.005,0.66,fixed,100,none,eefd7eeb-488a-4f09-b43a-00ca3ec1ee27
14,1400,8.568262815475464,1.0,1.0,1.0,0.9960959999999999,0.0,0.0,0.0,0.0,0.0,0.0,0.0,0.0,0.0,0.0,0.0,0.0,0.0,0.0,0.002,0.998,0.052891353849984536,1876,5.471854868789108e-05,4.85866423992795e-09,1.1978813453984945e-05,16,20,False,0.995,0.005,0.66,fixed,100,none,eefd7eeb-488a-4f09-b43a-00ca3ec1ee27
15,1500,8.580089569091797,1.0,1.0,1.0,0.9960959999999999,0.0,0.0,0.0,0.0,0.0,0.0,0.0,0.0,0.0,0.0,0.0,0.0,0.0,0.0,0.002,0.998,0.052891353849984536,1876,5.512361480832215e-05,4.924712817100294e-09,1.2067494976976969e-05,16,20,False,0.995,0.005,0.66,fixed,100,none,eefd7eeb-488a-4f09-b43a-00ca3ec1ee27
16,1600,8.592530488967896,1.0,1.0,1.0,0.9960959999999999,0.0,0.0,0.0,0.0,0.0,0.0,0.0,0.0,0.0,0.0,0.0,0.0,0.0,0.0,0.002,0.998,0.052891353849984536,1876,5.590356883621892e-05,4.9953247588690664e-09,1.2238240329952508e-05,16,20,False,0.995,0.005,0.66,fixed,100,none,eefd7eeb-488a-4f09-b43a-00ca3ec1ee27
17,1700,8.604373931884766,1.0,1.0,1.0,0.9960959999999999,0.0,0.0,0.0,0.0,0.0,0.0,0.0,0.0,0.0,0.0,0.0,0.0,0.0,0.0,0.002,0.998,0.052891353849984536,1876,5.88532335077799e-05,5.46292668657537e-09,1.288401077092347e-05,16,20,False,0.995,0.005,0.66,fixed,100,none,eefd7eeb-488a-4f09-b43a-00ca3ec1ee27
18,1800,8.616366147994995,1.0,1.0,1.0,0.9960959999999999,0.0,0.0,0.0,0.0,0.0,0.0,0.0,0.0,0.0,0.0,0.0,0.0,0.0,0.0,0.002,0.998,0.052891353849984536,1876,6.02347218179696e-05,5.65630715345715e-09,1.3186455304312704e-05,16,20,False,0.995,0.005,0.66,fixed,100,none,eefd7eeb-488a-4f09-b43a-00ca3ec1ee27
19,1900,8.628286838531494,1.0,1.0,1.0,0.9960959999999999,0.0,0.0,0.0,0.0,0.0,0.0,0.0,0.0,0.0,0.0,0.0,0.0,0.0,0.0,0.002,0.998,0.053271372404126875,1875,6.0662947381319495e-05,5.745702101518485e-09,1.3280210865170126e-05,16,20,False,0.995,0.005,0.66,fixed,100,none,eefd7eeb-488a-4f09-b43a-00ca3ec1ee27
20,2000,8.640876770019531,1.0,1.0,1.0,0.9960959999999999,0.0,0.0,0.0,0.0,0.0,0.0,0.0,0.0,0.0,0.0,0.0,0.0,0.0,0.0,0.002,0.998,0.053271372404126875,1875,6.23037460187599e-05,6.099758561194647e-09,1.363944895763317e-05,16,20,False,0.995,0.005,0.66,fixed,100,none,eefd7eeb-488a-4f09-b43a-00ca3ec1ee27
21,2100,8.652786254882812,1.0,1.0,1.0,0.9960959999999999,0.0,0.0,0.0,0.0,0.0,0.0,0.0,0.0,0.0,0.0,0.0,0.0,0.0,0.0,0.002,0.998,0.053271372404126875,1875,6.273505756873159e-05,6.295839939809958e-09,1.373390031138391e-05,16,20,False,0.995,0.005,0.66,fixed,100,none,eefd7eeb-488a-4f09-b43a-00ca3ec1ee27
22,2200,8.6646249294281,1.0,1.0,1.0,0.9960959999999999,0.0,0.0,0.0,0.0,0.0,0.0,0.0,0.0,0.0,0.0,0.0,0.0,0.0,0.0,0.002,0.998,0.053271372404126875,1875,6.291617884856212e-05,6.368803520856423e-09,1.3773561622619211e-05,16,20,False,0.995,0.005,0.66,fixed,100,none,eefd7eeb-488a-4f09-b43a-00ca3ec1ee27
23,2300,8.676781415939331,1.0,1.0,1.0,0.9960959999999999,0.0,0.0,0.0,0.0,0.0,0.0,0.0,0.0,0.0,0.0,0.0,0.0,0.0,0.0,0.002,0.998,0.053271372404126875,1875,6.417370245713715e-05,6.619126507622076e-09,1.404888110190377e-05,16,20,False,0.995,0.005,0.66,fixed,100,none,eefd7eeb-488a-4f09-b43a-00ca3ec1ee27
24,2400,8.688748359680176,1.0,1.0,1.0,0.9960959999999999,0.0,0.0,0.0,0.0,0.0,0.0,0.0,0.0,0.0,0.0,0.0,0.0,0.0,0.0,0.002,0.998,0.053271372404126875,1875,6.516441954793336e-05,6.818907706805439e-09,1.4265787031506904e-05,16,20,False,0.995,0.005,0.66,fixed,100,none,eefd7eeb-488a-4f09-b43a-00ca3ec1ee27
25,2500,8.70100712776184,1.0,1.0,1.0,0.9960959999999999,0.0,0.0,0.0,0.0,0.0,0.0,0.0,0.0,0.0,0.0,0.0,0.0,0.0,0.0,0.002,0.998,0.053271372404126875,1875,6.602324052060861e-05,6.963467486530665e-09,1.4453810408783666e-05,16,20,False,0.995,0.005,0.66,fixed,100,none,eefd7eeb-488a-4f09-b43a-00ca3ec1ee27
26,2600,8.71272587776184,1.0,1.0,1.0,0.9960959999999999,0.0,0.0,0.0,0.0,0.0,0.0,0.0,0.0,0.0,0.0,0.0,0.0,0.0,0.0,0.002,0.998,0.053271372404126875,1875,6.755953497887279e-05,7.277090608998628e-09,1.4790164854090964e-05,16,20,False,0.995,0.005,0.66,fixed,100,none,eefd7eeb-488a-4f09-b43a-00ca3ec1ee27
27,2700,8.724406003952026,1.0,1.0,1.0,0.9960959999999999,0.0,0.0,0.0,0.0,0.0,0.0,0.0,0.0,0.0,0.0,0.0,0.0,0.0,0.0,0.002,0.998,0.053271372404126875,1875,6.913549927174892e-05,7.543259122181518e-09,1.5135194009819056e-05,16,20,False,0.995,0.005,0.66,fixed,100,none,eefd7eeb-488a-4f09-b43a-00ca3ec1ee27
28,2800,8.736121416091919,1.0,1.0,1.0,0.9960959999999999,0.0,0.0,0.0,0.0,0.0,0.0,0.0,0.0,0.0,0.0,0.0,0.0,0.0,0.0,0.002,0.998,0.053271372404126875,1875,6.984662711826706e-05,7.692346419478962e-09,1.529088822200836e-05,16,20,False,0.995,0.005,0.66,fixed,100,none,eefd7eeb-488a-4f09-b43a-00ca3ec1ee27
29,2900,8.747788190841675,1.0,1.0,1.0,0.9960959999999999,0.0,0.0,0.0,0.0,0.0,0.0,0.0,0.0,0.0,0.0,0.0,0.0,0.0,0.0,0.002,0.998,0.053271372404126875,1875,7.100714090443389e-05,7.99217187307736e-09,1.5544981656636467e-05,16,20,False,0.995,0.005,0.66,fixed,100,none,eefd7eeb-488a-4f09-b43a-00ca3ec1ee27
30,3000,8.759453773498535,1.0,1.0,1.0,0.9960959999999999,0.0,0.0,0.0,0.0,0.0,0.0,0.0,0.0,0.0,0.0,0.0,0.0,0.0,0.0,0.002,0.998,0.053271372404126875,1875,7.202647964514364e-05,8.251890887919616e-09,1.5768164253590647e-05,16,20,False,0.995,0.005,0.66,fixed,100,none,eefd7eeb-488a-4f09-b43a-00ca3ec1ee27
31,3100,8.771207571029663,1.0,1.0,1.0,0.9960959999999999,0.0,0.0,0.0,0.0,0.0,0.0,0.0,0.0,0.0,0.0,0.0,0.0,0.0,0.0,0.002,0.998,0.053271372404126875,1875,7.202647964514364e-05,8.251890887919616e-09,1.5768164253590647e-05,16,20,False,0.995,0.005,0.66,fixed,100,none,eefd7eeb-488a-4f09-b43a-00ca3ec1ee27
32,3200,8.783102750778198,1.0,1.0,1.0,0.9960959999999999,0.0,0.0,0.0,0.0,0.0,0.0,0.0,0.0,0.0,0.0,0.0,0.0,0.0,0.0,0.002,0.998,0.053271372404126875,1875,7.411472283041187e-05,8.597370941658675e-09,1.6225346328056075e-05,16,20,False,0.995,0.005,0.66,fixed,100,none,eefd7eeb-488a-4f09-b43a-00ca3ec1ee27
33,3300,8.79489803314209,1.0,1.0,1.0,0.9960959999999999,0.0,0.0,0.0,0.0,0.0,0.0,0.0,0.0,0.0,0.0,0.0,0.0,0.0,0.0,0.002,0.998,0.053271372404126875,1875,7.54433993623762e-05,8.81496092866e-09,1.6516234963000597e-05,16,20,False,0.995,0.005,0.66,fixed,100,none,eefd7eeb-488a-4f09-b43a-00ca3ec1ee27
34,3400,8.807071208953857,1.0,1.0,1.0,0.9960959999999999,0.0,0.0,0.0,0.0,0.0,0.0,0.0,0.0,0.0,0.0,0.0,0.0,0.0,0.0,0.002,0.998,0.05289135384998455,1876,7.50730153424029e-05,8.931647915859513e-09,1.643518007155601e-05,16,20,False,0.995,0.005,0.66,fixed,100,none,eefd7eeb-488a-4f09-b43a-00ca3ec1ee27
35,3500,8.819023847579956,1.0,1.0,1.0,0.9960959999999999,0.0,0.0,0.0,0.0,0.0,0.0,0.0,0.0,0.0,0.0,0.0,0.0,0.0,0.0,0.002,0.998,0.05251033128381009,1877,7.621474859100082e-05,9.13231840875732e-09,1.6685143607067742e-05,16,20,False,0.995,0.005,0.66,fixed,100,none,eefd7eeb-488a-4f09-b43a-00ca3ec1ee27
36,3600,8.830974102020264,1.0,1.0,1.0,0.9960959999999999,0.0,0.0,0.0,0.0,0.0,0.0,0.0,0.0,0.0,0.0,0.0,0.0,0.0,0.0,0.002,0.998,0.053271372404126875,1875,7.720259793043856e-05,9.406489976627e-09,1.690143592006856e-05,16,20,False,0.995,0.005,0.66,fixed,100,none,eefd7eeb-488a-4f09-b43a-00ca3ec1ee27
37,3700,8.842987060546875,1.0,1.0,1.0,0.9960959999999999,0.0,0.0,0.0,0.0,0.0,0.0,0.0,0.0,0.0,0.0,0.0,0.0,0.0,0.0,0.002,0.998,0.053271372404126875,1875,8.023366294437255e-05,1.0010601921026441e-08,1.7565050832888146e-05,16,20,False,0.995,0.005,0.66,fixed,100,none,eefd7eeb-488a-4f09-b43a-00ca3ec1ee27
38,3800,8.854809761047363,1.0,1.0,1.0,0.9960959999999999,0.0,0.0,0.0,0.0,0.0,0.0,0.0,0.0,0.0,0.0,0.0,0.0,0.0,0.0,0.002,0.998,0.053271372404126875,1875,8.023366294437255e-05,1.0010601921026441e-08,1.7565050832888146e-05,16,20,False,0.995,0.005,0.66,fixed,100,none,eefd7eeb-488a-4f09-b43a-00ca3ec1ee27
39,3900,8.866608381271362,1.0,1.0,1.0,0.9960959999999999,0.0,0.0,0.0,0.0,0.0,0.0,0.0,0.0,0.0,0.0,0.0,0.0,0.0,0.0,0.002,0.998,0.05289135384998454,1876,8.076652646730842e-05,1.0134460084948254e-08,1.7681718191109952e-05,16,20,False,0.995,0.005,0.66,fixed,100,none,eefd7eeb-488a-4f09-b43a-00ca3ec1ee27
40,4000,8.878317594528198,1.0,1.0,1.0,0.9960959999999999,0.0,0.0,0.0,0.0,0.0,0.0,0.0,0.0,0.0,0.0,0.0,0.0,0.0,0.0,0.002,0.998,0.05289135384998454,1876,8.277007161980164e-05,1.0479148513001357e-08,1.8120359715792048e-05,16,20,False,0.995,0.005,0.66,fixed,100,none,eefd7eeb-488a-4f09-b43a-00ca3ec1ee27
41,4100,8.890024185180664,1.0,1.0,1.0,0.9960959999999999,0.0,0.0,0.0,0.0,0.0,0.0,0.0,0.0,0.0,0.0,0.0,0.0,0.0,0.0,0.002,0.998,0.052510331283810094,1877,8.310381846248014e-05,1.0616973927741019e-08,1.8193443086483174e-05,16,20,False,0.995,0.005,0.66,fixed,100,none,eefd7eeb-488a-4f09-b43a-00ca3ec1ee27
42,4200,8.901745319366455,1.0,1.0,1.0,0.9960959999999999,0.0,0.0,0.0,0.0,0.0,0.0,0.0,0.0,0.0,0.0,0.0,0.0,0.0,0.0,0.002,0.998,0.05289135384998454,1876,8.351571776886138e-05,1.0745407490850713e-08,1.8283632247027018e-05,16,20,False,0.995,0.005,0.66,fixed,100,none,eefd7eeb-488a-4f09-b43a-00ca3ec1ee27
43,4300,8.913390398025513,1.0,1.0,1.0,0.9960959999999999,0.0,0.0,0.0,0.0,0.0,0.0,0.0,0.0,0.0,0.0,0.0,0.0,0.0,0.0,0.002,0.998,0.05289135384998454,1876,8.506577811930601e-05,1.1096471658938169e-08,1.8623007159931283e-05,16,20,False,0.995,0.005,0.66,fixed,100,none,eefd7eeb-488a-4f09-b43a-00ca3ec1ee27
44,4400,8.925152778625488,1.0,1.0,1.0,0.9960959999999999,0.0,0.0,0.0,0.0,0.0,0.0,0.0,0.0,0.0,0.0,0.0,0.0,0.0,0.0,0.002,0.998,0.05289135384998454,1876,8.605302977790857e-05,1.1405275495842134e-08,1.8839175220728396e-05,16,20,False,0.995,0.005,0.66,fixed,100,none,eefd7eeb-488a-4f09-b43a-00ca3ec1ee27
45,4500,8.93687129020691,1.0,1.0,1.0,0.9960959999999999,0.0,0.0,0.0,0.0,0.0,0.0,0.0,0.0,0.0,0.0,0.0,0.0,0.0,0.0,0.002,0.998,0.053271372404126875,1875,8.701939390467705e-05,1.1709573004647392e-08,1.905077014460469e-05,16,20,False,0.995,0.005,0.66,fixed,100,none,eefd7eeb-488a-4f09-b43a-00ca3ec1ee27
46,4600,8.948551177978516,1.0,1.0,1.0,0.9960959999999999,0.0,0.0,0.0,0.0,0.0,0.0,0.0,0.0,0.0,0.0,0.0,0.0,0.0,0.0,0.002,0.998,0.053271372404126875,1875,8.861904107748637e-05,1.2071015468593766e-08,1.94010015848008e-05,16,20,False,0.995,0.005,0.66,fixed,100,none,eefd7eeb-488a-4f09-b43a-00ca3ec1ee27
47,4700,8.960317134857178,1.0,1.0,1.0,0.9960959999999999,0.0,0.0,0.0,0.0,0.0,0.0,0.0,0.0,0.0,0.0,0.0,0.0,0.0,0.0,0.002,0.998,0.05289135384998454,1876,8.900961278387262e-05,1.2277386235859092e-08,1.948653694177453e-05,16,20,False,0.995,0.005,0.66,fixed,100,none,eefd7eeb-488a-4f09-b43a-00ca3ec1ee27
48,4800,8.97238540649414,1.0,1.0,1.0,0.9960959999999999,0.0,0.0,0.0,0.0,0.0,0.0,0.0,0.0,0.0,0.0,0.0,0.0,0.0,0.0,0.002,0.998,0.05289135384998454,1876,8.989113950764995e-05,1.259760325473511e-08,1.9679563982842974e-05,16,20,False,0.995,0.005,0.66,fixed,100,none,eefd7eeb-488a-4f09-b43a-00ca3ec1ee27
49,4900,8.984401226043701,1.0,1.0,1.0,0.9960959999999999,0.0,0.0,0.0,0.0,0.0,0.0,0.0,0.0,0.0,0.0,0.0,0.0,0.0,0.0,0.002,0.998,0.05289135384998454,1876,9.143889690791265e-05,1.3351514877642824e-08,2.001851132096883e-05,16,20,False,0.995,0.005,0.66,fixed,100,none,eefd7eeb-488a-4f09-b43a-00ca3ec1ee27
50,5000,8.99662709236145,1.0,1.0,1.0,0.9960959999999999,0.0,0.0,0.0,0.0,0.0,0.0,0.0,0.0,0.0,0.0,0.0,0.0,0.0,0.0,0.002,0.998,0.05289135384998454,1876,9.128108207730327e-05,1.346387952210675e-08,1.9983987003830888e-05,16,20,False,0.995,0.005,0.66,fixed,100,none,eefd7eeb-488a-4f09-b43a-00ca3ec1ee27
51,5100,9.009022951126099,1.0,1.0,1.0,0.9960959999999999,0.0,0.0,0.0,0.0,0.0,0.0,0.0,0.0,0.0,0.0,0.0,0.0,0.0,0.0,0.002,0.998,0.053271372404126875,1875,9.157898833603443e-05,1.3534422371822914e-08,2.0049212087008584e-05,16,20,False,0.995,0.005,0.66,fixed,100,none,eefd7eeb-488a-4f09-b43a-00ca3ec1ee27
52,5200,9.021326541900635,1.0,1.0,1.0,0.9960959999999999,0.0,0.0,0.0,0.0,0.0,0.0,0.0,0.0,0.0,0.0,0.0,0.0,0.0,0.0,0.002,0.998,0.05289135384998454,1876,9.535935986435184e-05,1.43856096341474e-08,2.0876897140137107e-05,16,20,False,0.995,0.005,0.66,fixed,100,none,eefd7eeb-488a-4f09-b43a-00ca3ec1ee27
53,5300,9.033652782440186,1.0,1.0,1.0,0.9960959999999999,0.0,0.0,0.0,0.0,0.0,0.0,0.0,0.0,0.0,0.0,0.0,0.0,0.0,0.0,0.002,0.998,0.053271372404126875,1875,9.667725639725946e-05,1.4557953007507763e-08,2.1165417436431523e-05,16,20,False,0.995,0.005,0.66,fixed,100,none,eefd7eeb-488a-4f09-b43a-00ca3ec1ee27
54,5400,9.058018922805786,1.0,1.0,1.0,0.9960959999999999,0.0,0.0,0.0,0.0,0.0,0.0,0.0,0.0,0.0,0.0,0.0,0.0,0.0,0.0,0.002,0.998,0.053271372404126875,1875,9.677680227077981e-05,1.4774887432598719e-08,2.1187249245685898e-05,16,20,False,0.995,0.005,0.66,fixed,100,none,eefd7eeb-488a-4f09-b43a-00ca3ec1ee27
55,5500,9.070073127746582,1.0,1.0,1.0,0.9960959999999999,0.0,0.0,0.0,0.0,0.0,0.0,0.0,0.0,0.0,0.0,0.0,0.0,0.0,0.0,0.002,0.998,0.053271372404126875,1875,9.896090303981614e-05,1.55045171696992e-08,2.1665487533677996e-05,16,20,False,0.995,0.005,0.66,fixed,100,none,eefd7eeb-488a-4f09-b43a-00ca3ec1ee27
56,5600,9.0820951461792,1.0,1.0,1.0,0.9960959999999999,0.0,0.0,0.0,0.0,0.0,0.0,0.0,0.0,0.0,0.0,0.0,0.0,0.0,0.0,0.002,0.998,0.053271372404126875,1875,9.986576761163985e-05,1.6032536273678307e-08,2.1863662712079963e-05,16,20,False,0.995,0.005,0.66,fixed,100,none,eefd7eeb-488a-4f09-b43a-00ca3ec1ee27
57,5700,9.094139814376831,1.0,1.0,1.0,0.9960959999999999,0.0,0.0,0.0,0.0,0.0,0.0,0.0,0.0,0.0,0.0,0.0,0.0,0.0,0.0,0.002,0.998,0.053271372404126875,1875,0.00010112388841418066,1.6544438299039178e-08,2.2139162617140964e-05,16,20,False,0.995,0.005,0.66,fixed,100,none,eefd7eeb-488a-4f09-b43a-00ca3ec1ee27
58,5800,9.106088876724243,1.0,1.0,1.0,0.9960959999999999,0.0,0.0,0.0,0.0,0.0,0.0,0.0,0.0,0.0,0.0,0.0,0.0,0.0,0.0,0.002,0.998,0.053271372404126875,1875,0.00010313122933187455,1.7100210475908987e-08,2.2578675140737763e-05,16,20,False,0.995,0.005,0.66,fixed,100,none,eefd7eeb-488a-4f09-b43a-00ca3ec1ee27
59,5900,9.117938756942749,1.0,1.0,1.0,0.9960959999999999,0.0,0.0,0.0,0.0,0.0,0.0,0.0,0.0,0.0,0.0,0.0,0.0,0.0,0.0,0.002,0.998,0.053271372404126875,1875,0.00010301366263124364,1.714828242344828e-08,2.255294892363969e-05,16,20,False,0.995,0.005,0.66,fixed,100,none,eefd7eeb-488a-4f09-b43a-00ca3ec1ee27
60,6000,9.129794120788574,1.0,1.0,1.0,0.9960959999999999,0.0,0.0,0.0,0.0,0.0,0.0,0.0,0.0,0.0,0.0,0.0,0.0,0.0,0.0,0.002,0.998,0.053271372404126875,1875,0.00010486172514617501,1.7553161652803657e-08,2.2957566735211743e-05,16,20,False,0.995,0.005,0.66,fixed,100,none,eefd7eeb-488a-4f09-b43a-00ca3ec1ee27
61,6100,9.141503810882568,1.0,1.0,1.0,0.9960959999999999,0.0,0.0,0.0,0.0,0.0,0.0,0.0,0.0,0.0,0.0,0.0,0.0,0.0,0.0,0.002,0.998,0.05289135384998454,1876,0.00010553971894872196,1.7667646938852873e-08,2.310600133079362e-05,16,20,False,0.995,0.005,0.66,fixed,100,none,eefd7eeb-488a-4f09-b43a-00ca3ec1ee27
62,6200,9.15325379371643,1.0,1.0,1.0,0.9960959999999999,0.0,0.0,0.0,0.0,0.0,0.0,0.0,0.0,0.0,0.0,0.0,0.0,0.0,0.0,0.002,0.998,0.053271372404126875,1875,0.00010653168912117908,1.8036446747837286e-08,2.332321367350819e-05,16,20,False,0.995,0.005,0.66,fixed,100,none,eefd7eeb-488a-4f09-b43a-00ca3ec1ee27
63,6300,9.165013551712036,1.0,1.0,1.0,0.9960959999999999,0.0,0.0,0.0,0.0,0.0,0.0,0.0,0.0,0.0,0.0,0.0,0.0,0.0,0.0,0.002,0.998,0.05289135384998455,1876,0.00010781455432674346,1.870282385639808e-08,2.360415947865686e-05,16,20,False,0.995,0.005,0.66,fixed,100,none,eefd7eeb-488a-4f09-b43a-00ca3ec1ee27
64,6400,9.176794290542603,1.0,1.0,1.0,0.9960959999999999,0.0,0.0,0.0,0.0,0.0,0.0,0.0,0.0,0.0,0.0,0.0,0.0,0.0,0.0,0.002,0.998,0.05289135384998454,1876,0.0001080715338168511,1.8970007595911722e-08,2.366046305395193e-05,16,20,False,0.995,0.005,0.66,fixed,100,none,eefd7eeb-488a-4f09-b43a-00ca3ec1ee27
65,6500,9.188685655593872,1.0,1.0,1.0,0.9960959999999999,0.0,0.0,0.0,0.0,0.0,0.0,0.0,0.0,0.0,0.0,0.0,0.0,0.0,0.0,0.002,0.998,0.053271372404126875,1875,0.00010955675588721487,1.9409196619330875e-08,2.398566161106901e-05,16,20,False,0.995,0.005,0.66,fixed,100,none,eefd7eeb-488a-4f09-b43a-00ca3ec1ee27
66,6600,9.200405359268188,1.0,1.0,1.0,0.9960959999999999,0.0,0.0,0.0,0.0,0.0,0.0,0.0,0.0,0.0,0.0,0.0,0.0,0.0,0.0,0.002,0.998,0.053271372404126875,1875,0.00011027622091114136,1.9658847101459104e-08,2.4143199938398122e-05,16,20,False,0.995,0.005,0.66,fixed,100,none,eefd7eeb-488a-4f09-b43a-00ca3ec1ee27
67,6700,9.212369203567505,1.0,1.0,1.0,0.9960959999999999,0.0,0.0,0.0,0.0,0.0,0.0,0.0,0.0,0.0,0.0,0.0,0.0,0.0,0.0,0.002,0.998,0.053271372404126875,1875,0.00011085024308098026,1.9835523452125686e-08,2.4268886959882482e-05,16,20,False,0.995,0.005,0.66,fixed,100,none,eefd7eeb-488a-4f09-b43a-00ca3ec1ee27
68,6800,9.224220991134644,1.0,1.0,1.0,0.9960959999999999,0.0,0.0,0.0,0.0,0.0,0.0,0.0,0.0,0.0,0.0,0.0,0.0,0.0,0.0,0.002,0.998,0.05289135384998454,1876,0.00011156238974108463,2.0123240733398056e-08,2.4424830530062775e-05,16,20,False,0.995,0.005,0.66,fixed,100,none,eefd7eeb-488a-4f09-b43a-00ca3ec1ee27
69,6900,9.236096620559692,1.0,1.0,1.0,0.9960959999999999,0.0,0.0,0.0,0.0,0.0,0.0,0.0,0.0,0.0,0.0,0.0,0.0,0.0,0.0,0.002,0.998,0.05251033128381009,1877,0.00011126882623509573,2.003374881939759e-08,2.436055247513814e-05,16,20,False,0.995,0.005,0.66,fixed,100,none,eefd7eeb-488a-4f09-b43a-00ca3ec1ee27
70,7000,9.247889757156372,1.0,1.0,1.0,0.9960959999999999,0.0,0.0,0.0,0.0,0.0,0.0,0.0,0.0,0.0,0.0,0.0,0.0,0.0,0.0,0.002,0.998,0.05289135384998454,1876,0.00011263145986885635,2.0403783396712227e-08,2.4658903284138032e-05,16,20,False,0.995,0.005,0.66,fixed,100,none,eefd7eeb-488a-4f09-b43a-00ca3ec1ee27
71,7100,9.259601831436157,1.0,1.0,1.0,0.9960959999999999,0.0,0.0,0.0,0.0,0.0,0.0,0.0,0.0,0.0,0.0,0.0,0.0,0.0,0.0,0.002,0.998,0.05289135384998454,1876,0.00011452993664671753,2.096857446554014e-08,2.507458716111492e-05,16,20,False,0.995,0.005,0.66,fixed,100,none,eefd7eeb-488a-4f09-b43a-00ca3ec1ee27
72,7200,9.271389961242676,1.0,1.0,1.0,0.9960959999999999,0.0,0.0,0.0,0.0,0.0,0.0,0.0,0.0,0.0,0.0,0.0,0.0,0.0,0.0,0.002,0.998,0.05289135384998454,1876,0.00011544497678395898,2.1400719070345415e-08,2.5274971554631985e-05,16,20,False,0.995,0.005,0.66,fixed,100,none,eefd7eeb-488a-4f09-b43a-00ca3ec1ee27
73,7300,9.283279418945312,1.0,1.0,1.0,0.9960959999999999,0.0,0.0,0.0,0.0,0.0,0.0,0.0,0.0,0.0,0.0,0.0,0.0,0.0,0.0,0.002,0.998,0.052510331283810094,1877,0.00011836623425225481,2.1969235606284355e-08,2.5914542832583774e-05,16,20,False,0.995,0.005,0.66,fixed,100,none,eefd7eeb-488a-4f09-b43a-00ca3ec1ee27
74,7400,9.295077323913574,1.0,1.0,1.0,0.9960959999999999,0.0,0.0,0.0,0.0,0.0,0.0,0.0,0.0,0.0,0.0,0.0,0.0,0.0,0.0,0.002,0.998,0.052510331283810094,1877,0.00011880348139055481,2.2042250671857425e-08,2.6010270104020103e-05,16,20,False,0.995,0.005,0.66,fixed,100,none,eefd7eeb-488a-4f09-b43a-00ca3ec1ee27
75,7500,9.3069007396698,1.0,1.0,1.0,0.9960959999999999,0.0,0.0,0.0,0.0,0.0,0.0,0.0,0.0,0.0,0.0,0.0,0.0,0.0,0.0,0.002,0.998,0.052128304705603576,1878,0.00011922993568709429,2.2255932814638813e-08,2.6103661549139722e-05,16,20,False,0.995,0.005,0.66,fixed,100,none,eefd7eeb-488a-4f09-b43a-00ca3ec1ee27
76,7600,9.318949460983276,1.0,1.0,1.0,0.9960959999999999,0.0,0.0,0.0,0.0,0.0,0.0,0.0,0.0,0.0,0.0,0.0,0.0,0.0,0.0,0.002,0.998,0.052128304705603576,1878,0.00011962903617586935,2.261151386644088e-08,2.619109220653243e-05,16,20,False,0.995,0.005,0.66,fixed,100,none,eefd7eeb-488a-4f09-b43a-00ca3ec1ee27
77,7700,9.330662250518799,1.0,1.0,1.0,0.9960959999999999,0.0,0.0,0.0,0.0,0.0,0.0,0.0,0.0,0.0,0.0,0.0,0.0,0.0,0.0,0.002,0.998,0.052128304705603576,1878,0.00012046971195560587,2.2951118334519128e-08,2.6375180659565684e-05,16,20,False,0.995,0.005,0.66,fixed,100,none,eefd7eeb-488a-4f09-b43a-00ca3ec1ee27
78,7800,9.34240460395813,1.0,1.0,1.0,0.9960959999999999,0.0,0.0,0.0,0.0,0.0,0.0,0.0,0.0,0.0,0.0,0.0,0.0,0.0,0.0,0.002,0.998,0.052128304705603576,1878,0.00012065086031742066,2.2972358640180028e-08,2.641483807162502e-05,16,20,False,0.995,0.005,0.66,fixed,100,none,eefd7eeb-488a-4f09-b43a-00ca3ec1ee27
79,7900,9.354185342788696,1.0,1.0,1.0,0.9960959999999999,0.0,0.0,0.0,0.0,0.0,0.0,0.0,0.0,0.0,0.0,0.0,0.0,0.0,0.0,0.002,0.998,0.05251033128381009,1877,0.0001215697469342344,2.3229484610393245e-08,2.6616031205979885e-05,16,20,False,0.995,0.005,0.66,fixed,100,none,eefd7eeb-488a-4f09-b43a-00ca3ec1ee27
80,8000,9.365864992141724,1.0,1.0,1.0,0.9960959999999999,0.0,0.0,0.0,0.0,0.0,0.0,0.0,0.0,0.0,0.0,0.0,0.0,0.0,0.0,0.002,0.998,0.052128304705603576,1878,0.00012281957790846016,2.3534078815221923e-08,2.6889677079136823e-05,16,20,False,0.995,0.005,0.66,fixed,100,none,eefd7eeb-488a-4f09-b43a-00ca3ec1ee27
81,8100,9.377580165863037,1.0,1.0,1.0,0.9960959999999999,0.0,0.0,0.0,0.0,0.0,0.0,0.0,0.0,0.0,0.0,0.0,0.0,0.0,0.0,0.002,0.998,0.052128304705603576,1878,0.00012381609053249492,2.3894075198922554e-08,2.7107882091850934e-05,16,20,False,0.995,0.005,0.66,fixed,100,none,eefd7eeb-488a-4f09-b43a-00ca3ec1ee27
82,8200,9.389297246932983,1.0,1.0,1.0,0.9960959999999999,0.0,0.0,0.0,0.0,0.0,0.0,0.0,0.0,0.0,0.0,0.0,0.0,0.0,0.0,0.002,0.998,0.052128304705603576,1878,0.00012389457849421625,2.3928624900821228e-08,2.7125069671115094e-05,16,20,False,0.995,0.005,0.66,fixed,100,none,eefd7eeb-488a-4f09-b43a-00ca3ec1ee27
83,8300,9.40103030204773,1.0,1.0,1.0,0.9960959999999999,0.0,0.0,0.0,0.0,0.0,0.0,0.0,0.0,0.0,0.0,0.0,0.0,0.0,0.0,0.002,0.998,0.052128304705603576,1878,0.0001237349526109362,2.373209491003864e-08,2.709009022456684e-05,16,20,False,0.995,0.005,0.66,fixed,100,none,eefd7eeb-488a-4f09-b43a-00ca3ec1ee27
84,8400,9.412661075592041,1.0,1.0,1.0,0.9960959999999999,0.0,0.0,0.0,0.0,0.0,0.0,0.0,0.0,0.0,0.0,0.0,0.0,0.0,0.0,0.002,0.998,0.052128304705603576,1878,0.00012598805902455052,2.4275184561937423e-08,2.7583398405540878e-05,16,20,False,0.995,0.005,0.66,fixed,100,none,eefd7eeb-488a-4f09-b43a-00ca3ec1ee27
85,8500,9.424351453781128,1.0,1.0,1.0,0.9960959999999999,0.0,0.0,0.0,0.0,0.0,0.0,0.0,0.0,0.0,0.0,0.0,0.0,0.0,0.0,0.002,0.998,0.052128304705603576,1878,0.00012614586505281817,2.4355976880514478e-08,2.7617957495669198e-05,16,20,False,0.995,0.005,0.66,fixed,100,none,eefd7eeb-488a-4f09-b43a-00ca3ec1ee27
86,8600,9.436063528060913,1.0,1.0,1.0,0.9960959999999999,0.0,0.0,0.0,0.0,0.0,0.0,0.0,0.0,0.0,0.0,0.0,0.0,0.0,0.0,0.002,0.998,0.052510331283810094,1877,0.00012676136672231883,2.473522623505981e-08,2.7752762868500254e-05,16,20,False,0.995,0.005,0.66,fixed,100,none,eefd7eeb-488a-4f09-b43a-00ca3ec1ee27
87,8700,9.447901964187622,1.0,1.0,1.0,0.9960959999999999,0.0,0.0,0.0,0.0,0.0,0.0,0.0,0.0,0.0,0.0,0.0,0.0,0.0,0.0,0.002,0.998,0.052128304705603576,1878,0.00012661035679597206,2.47953195902833e-08,2.771971821336044e-05,16,20,False,0.995,0.005,0.66,fixed,100,none,eefd7eeb-488a-4f09-b43a-00ca3ec1ee27
88,8800,9.459617853164673,1.0,1.0,1.0,0.9960959999999999,0.0,0.0,0.0,0.0,0.0,0.0,0.0,0.0,0.0,0.0,0.0,0.0,0.0,0.0,0.002,0.998,0.052510331283810094,1877,0.00012758578419700463,2.513141995943208e-08,2.793330313051661e-05,16,20,False,0.995,0.005,0.66,fixed,100,none,eefd7eeb-488a-4f09-b43a-00ca3ec1ee27
89,8900,9.47132396697998,1.0,1.0,1.0,0.9960959999999999,0.0,0.0,0.0,0.0,0.0,0.0,0.0,0.0,0.0,0.0,0.0,0.0,0.0,0.0,0.002,0.998,0.05251033128381009,1877,0.00012580248317909079,2.479797580304345e-08,2.7542875183305555e-05,16,20,False,0.995,0.005,0.66,fixed,100,none,eefd7eeb-488a-4f09-b43a-00ca3ec1ee27
90,9000,9.483062267303467,1.0,1.0,1.0,0.9960959999999999,0.0,0.0,0.0,0.0,0.0,0.0,0.0,0.0,0.0,0.0,0.0,0.0,0.0,0.0,0.002,0.998,0.05212830470560358,1878,0.00012641008423153286,2.5181500049862844e-08,2.7675951923292018e-05,16,20,False,0.995,0.005,0.66,fixed,100,none,eefd7eeb-488a-4f09-b43a-00ca3ec1ee27
91,9100,9.494912147521973,1.0,1.0,1.0,0.9960959999999999,0.0,0.0,0.0,0.0,0.0,0.0,0.0,0.0,0.0,0.0,0.0,0.0,0.0,0.0,0.002,0.998,0.052128304705603576,1878,0.00012635400493337276,2.5509581330615042e-08,2.7663738500368117e-05,16,20,False,0.995,0.005,0.66,fixed,100,none,eefd7eeb-488a-4f09-b43a-00ca3ec1ee27
92,9200,9.506804704666138,1.0,1.0,1.0,0.9960959999999999,0.0,0.0,0.0,0.0,0.0,0.0,0.0,0.0,0.0,0.0,0.0,0.0,0.0,0.0,0.002,0.998,0.052128304705603576,1878,0.00012736386470360887,2.594181089933405e-08,2.7884878927690854e-05,16,20,False,0.995,0.005,0.66,fixed,100,none,eefd7eeb-488a-4f09-b43a-00ca3ec1ee27
93,9300,9.51871395111084,1.0,1.0,1.0,0.9960959999999999,0.0,0.0,0.0,0.0,0.0,0.0,0.0,0.0,0.0,0.0,0.0,0.0,0.0,0.0,0.002,0.998,0.051745274115365,1879,0.00012719295896848308,2.5914918106644414e-08,2.784746255264121e-05,16,20,False,0.995,0.005,0.66,fixed,100,none,eefd7eeb-488a-4f09-b43a-00ca3ec1ee27
94,9400,9.530483722686768,1.0,1.0,1.0,0.9960959999999999,0.0,0.0,0.0,0.0,0.0,0.0,0.0,0.0,0.0,0.0,0.0,0.0,0.0,0.0,0.002,0.998,0.051745274115365,1879,0.0001269660439298858,2.5889893985202852e-08,2.779778609610919e-05,16,20,False,0.995,0.005,0.66,fixed,100,none,eefd7eeb-488a-4f09-b43a-00ca3ec1ee27
95,9500,9.5423104763031,1.0,1.0,1.0,0.9960959999999999,0.0,0.0,0.0,0.0,0.0,0.0,0.0,0.0,0.0,0.0,0.0,0.0,0.0,0.0,0.002,0.998,0.051745274115364996,1879,0.00012921383414137924,2.6553756148016753e-08,2.828995350721604e-05,16,20,False,0.995,0.005,0.66,fixed,100,none,eefd7eeb-488a-4f09-b43a-00ca3ec1ee27
96,9600,9.554012060165405,1.0,1.0,1.0,0.9960959999999999,0.0,0.0,0.0,0.0,0.0,0.0,0.0,0.0,0.0,0.0,0.0,0.0,0.0,0.0,0.002,0.998,0.051745274115365,1879,0.0001293805402137099,2.6765407474415904e-08,2.832648568020124e-05,16,20,False,0.995,0.005,0.66,fixed,100,none,eefd7eeb-488a-4f09-b43a-00ca3ec1ee27
97,9700,9.56572151184082,1.0,1.0,1.0,0.9960959999999999,0.0,0.0,0.0,0.0,0.0,0.0,0.0,0.0,0.0,0.0,0.0,0.0,0.0,0.0,0.002,0.998,0.05212830470560358,1878,0.00013125509313158108,2.7257516333978192e-08,2.8736918814606553e-05,16,20,False,0.995,0.005,0.66,fixed,100,none,eefd7eeb-488a-4f09-b43a-00ca3ec1ee27
98,9800,9.577534198760986,1.0,1.0,1.0,0.9960959999999999,0.0,0.0,0.0,0.0,0.0,0.0,0.0,0.0,0.0,0.0,0.0,0.0,0.0,0.0,0.002,0.998,0.052128304705603576,1878,0.00013379432651679704,2.803126842728957e-08,2.929290401552806e-05,16,20,False,0.995,0.005,0.66,fixed,100,none,eefd7eeb-488a-4f09-b43a-00ca3ec1ee27
99,9900,9.589234352111816,1.0,1.0,1.0,0.9960959999999999,0.0,0.0,0.0,0.0,0.0,0.0,0.0,0.0,0.0,0.0,0.0,0.0,0.0,0.0,0.002,0.998,0.052128304705603576,1878,0.00013411903750029904,2.8323240765339024e-08,2.9364038724560876e-05,16,20,False,0.995,0.005,0.66,fixed,100,none,eefd7eeb-488a-4f09-b43a-00ca3ec1ee27
100,10000,9.600947618484497,1.0,1.0,1.0,0.9960959999999999,0.0,0.0,0.0,0.0,0.0,0.0,0.0,0.0,0.0,0.0,0.0,0.0,0.0,0.0,0.002,0.998,0.052128304705603576,1878,0.00013399793747016021,2.8305112595278123e-08,2.9337526483611177e-05,16,20,False,0.995,0.005,0.66,fixed,100,none,eefd7eeb-488a-4f09-b43a-00ca3ec1ee27
101,10100,9.61266541481018,1.0,1.0,1.0,0.9960959999999999,0.0,0.0,0.0,0.0,0.0,0.0,0.0,0.0,0.0,0.0,0.0,0.0,0.0,0.0,0.002,0.998,0.05251033128381009,1877,0.00013488885095157602,2.8606926831674803e-08,2.9532604789398013e-05,16,20,False,0.995,0.005,0.66,fixed,100,none,eefd7eeb-488a-4f09-b43a-00ca3ec1ee27
102,10200,9.624500751495361,1.0,1.0,1.0,0.9960959999999999,0.0,0.0,0.0,0.0,0.0,0.0,0.0,0.0,0.0,0.0,0.0,0.0,0.0,0.0,0.002,0.998,0.05251033128381009,1877,0.00013396806666405667,2.879300421512272e-08,2.933108046356288e-05,16,20,False,0.995,0.005,0.66,fixed,100,none,eefd7eeb-488a-4f09-b43a-00ca3ec1ee27
103,10300,9.636820077896118,1.0,1.0,1.0,0.9960959999999999,0.0,0.0,0.0,0.0,0.0,0.0,0.0,0.0,0.0,0.0,0.0,0.0,0.0,0.0,0.002,0.998,0.052128304705603576,1878,0.00013456748857896772,2.8872226723829958e-08,2.9462308973013563e-05,16,20,False,0.995,0.005,0.66,fixed,100,none,eefd7eeb-488a-4f09-b43a-00ca3ec1ee27
104,10400,9.648798942565918,1.0,1.0,1.0,0.9960959999999999,0.0,0.0,0.0,0.0,0.0,0.0,0.0,0.0,0.0,0.0,0.0,0.0,0.0,0.0,0.002,0.998,0.051745274115365,1879,0.0001371186855190161,2.9752488690699286e-08,3.002093323296386e-05,16,20,False,0.995,0.005,0.66,fixed,100,none,eefd7eeb-488a-4f09-b43a-00ca3ec1ee27
105,10500,9.66098952293396,1.0,1.0,1.0,0.9960959999999999,0.0,0.0,0.0,0.0,0.0,0.0,0.0,0.0,0.0,0.0,0.0,0.0,0.0,0.0,0.002,0.998,0.0513612395130943,1880,0.00013665110338988032,2.9713832834674184e-08,2.9918572160283393e-05,16,20,False,0.995,0.005,0.66,fixed,100,none,eefd7eeb-488a-4f09-b43a-00ca3ec1ee27
106,10600,9.673003911972046,1.0,1.0,1.0,0.9960959999999999,0.0,0.0,0.0,0.0,0.0,0.0,0.0,0.0,0.0,0.0,0.0,0.0,0.0,0.0,0.002,0.998,0.0513612395130943,1880,0.00013665110338988032,2.9713832834674184e-08,2.9918572160283393e-05,16,20,False,0.995,0.005,0.66,fixed,100,none,eefd7eeb-488a-4f09-b43a-00ca3ec1ee27
107,10700,9.685844898223877,1.0,1.0,1.0,0.9960959999999999,0.0,0.0,0.0,0.0,0.0,0.0,0.0,0.0,0.0,0.0,0.0,0.0,0.0,0.0,0.002,0.998,0.051745274115365,1879,0.00013711980889457385,2.991403068165405e-08,3.0021209832851733e-05,16,20,False,0.995,0.005,0.66,fixed,100,none,eefd7eeb-488a-4f09-b43a-00ca3ec1ee27
108,10800,9.69802737236023,1.0,1.0,1.0,0.9960959999999999,0.0,0.0,0.0,0.0,0.0,0.0,0.0,0.0,0.0,0.0,0.0,0.0,0.0,0.0,0.002,0.998,0.051745274115364996,1879,0.00013623000175195626,2.9784156179800244e-08,2.982640637317739e-05,16,20,False,0.995,0.005,0.66,fixed,100,none,eefd7eeb-488a-4f09-b43a-00ca3ec1ee27
109,10900,9.71010971069336,1.0,1.0,1.0,0.9960959999999999,0.0,0.0,0.0,0.0,0.0,0.0,0.0,0.0,0.0,0.0,0.0,0.0,0.0,0.0,0.002,0.998,0.052128304705603576,1878,0.0001381398591101277,3.0734097519376413e-08,3.0244654637735635e-05,16,20,False,0.995,0.005,0.66,fixed,100,none,eefd7eeb-488a-4f09-b43a-00ca3ec1ee27
110,11000,9.721985101699829,1.0,1.0,1.0,0.9960959999999999,0.0,0.0,0.0,0.0,0.0,0.0,0.0,0.0,0.0,0.0,0.0,0.0,0.0,0.0,0.002,0.998,0.051745274115365,1879,0.00013881018237683229,3.091527551383465e-08,3.039142282463622e-05,16,20,False,0.995,0.005,0.66,fixed,100,none,eefd7eeb-488a-4f09-b43a-00ca3ec1ee27
111,11100,9.734488010406494,1.0,1.0,1.0,0.9960959999999999,0.0,0.0,0.0,0.0,0.0,0.0,0.0,0.0,0.0,0.0,0.0,0.0,0.0,0.0,0.002,0.998,0.052128304705603576,1878,0.00013978709842812207,3.125013832316424e-08,3.060533337219732e-05,16,20,False,0.995,0.005,0.66,fixed,100,none,eefd7eeb-488a-4f09-b43a-00ca3ec1ee27
112,11200,9.746803998947144,1.0,1.0,1.0,0.9960959999999999,0.0,0.0,0.0,0.0,0.0,0.0,0.0,0.0,0.0,0.0,0.0,0.0,0.0,0.0,0.002,0.998,0.052128304705603576,1878,0.00014013888790036087,3.154489563378818e-08,3.0682396091559415e-05,16,20,False,0.995,0.005,0.66,fixed,100,none,eefd7eeb-488a-4f09-b43a-00ca3ec1ee27
113,11300,9.759135961532593,1.0,1.0,1.0,0.9960959999999999,0.0,0.0,0.0,0.0,0.0,0.0,0.0,0.0,0.0,0.0,0.0,0.0,0.0,0.0,0.002,0.998,0.052128304705603576,1878,0.0001410003197852803,3.174908264195616e-08,3.087100232669983e-05,16,20,False,0.995,0.005,0.66,fixed,100,none,eefd7eeb-488a-4f09-b43a-00ca3ec1ee27
114,11400,9.771412134170532,1.0,1.0,1.0,0.9960959999999999,0.0,0.0,0.0,0.0,0.0,0.0,0.0,0.0,0.0,0.0,0.0,0.0,0.0,0.0,0.002,0.998,0.052128304705603576,1878,0.0001410003197852803,3.174908264195616e-08,3.087100232669983e-05,16,20,False,0.995,0.005,0.66,fixed,100,none,eefd7eeb-488a-4f09-b43a-00ca3ec1ee27
115,11500,9.784458637237549,1.0,1.0,1.0,0.9960959999999999,0.0,0.0,0.0,0.0,0.0,0.0,0.0,0.0,0.0,0.0,0.0,0.0,0.0,0.0,0.002,0.998,0.051361239513094306,1880,0.00013876502531584646,3.140588718132448e-08,3.0381631160203243e-05,16,20,False,0.995,0.005,0.66,fixed,100,none,eefd7eeb-488a-4f09-b43a-00ca3ec1ee27
116,11600,9.797548770904541,1.0,1.0,1.0,0.9960959999999999,0.0,0.0,0.0,0.0,0.0,0.0,0.0,0.0,0.0,0.0,0.0,0.0,0.0,0.0,0.002,0.998,0.051745274115365,1879,0.00013999770805407652,3.207954526910088e-08,3.0651593406638486e-05,16,20,False,0.995,0.005,0.66,fixed,100,none,eefd7eeb-488a-4f09-b43a-00ca3ec1ee27
117,11700,9.810611486434937,1.0,1.0,1.0,0.9960959999999999,0.0,0.0,0.0,0.0,0.0,0.0,0.0,0.0,0.0,0.0,0.0,0.0,0.0,0.0,0.002,0.998,0.052128304705603576,1878,0.0001398174667128053,3.216395461501111e-08,3.061215461480993e-05,16,20,False,0.995,0.005,0.66,fixed,100,none,eefd7eeb-488a-4f09-b43a-00ca3ec1ee27
118,11800,9.824192523956299,1.0,1.0,1.0,0.9960959999999999,0.0,0.0,0.0,0.0,0.0,0.0,0.0,0.0,0.0,0.0,0.0,0.0,0.0,0.0,0.002,0.998,0.052128304705603576,1878,0.00014082363570924486,3.2522688134749395e-08,3.08324731674993e-05,16,20,False,0.995,0.005,0.66,fixed,100,none,eefd7eeb-488a-4f09-b43a-00ca3ec1ee27
119,11900,9.83837342262268,1.0,1.0,1.0,0.9960959999999999,0.0,0.0,0.0,0.0,0.0,0.0,0.0,0.0,0.0,0.0,0.0,0.0,0.0,0.0,0.002,0.998,0.05289135384998455,1876,0.0001400554754355932,3.255374989505562e-08,3.0664328785331415e-05,16,20,False,0.995,0.005,0.66,fixed,100,none,eefd7eeb-488a-4f09-b43a-00ca3ec1ee27
120,12000,9.852591514587402,1.0,1.0,1.0,0.9960959999999999,0.0,0.0,0.0,0.0,0.0,0.0,0.0,0.0,0.0,0.0,0.0,0.0,0.0,0.0,0.002,0.998,0.05289135384998455,1876,0.000140598940426274,3.2712229861004205e-08,3.078332338298497e-05,16,20,False,0.995,0.005,0.66,fixed,100,none,eefd7eeb-488a-4f09-b43a-00ca3ec1ee27
121,12100,9.86644697189331,1.0,1.0,1.0,0.9960959999999999,0.0,0.0,0.0,0.0,0.0,0.0,0.0,0.0,0.0,0.0,0.0,0.0,0.0,0.0,0.002,0.998,0.05289135384998455,1876,0.000140598940426274,3.2712229861004205e-08,3.078332338298497e-05,16,20,False,0.995,0.005,0.66,fixed,100,none,eefd7eeb-488a-4f09-b43a-00ca3ec1ee27
122,12200,9.880093097686768,1.0,1.0,1.0,0.9960959999999999,0.0,0.0,0.0,0.0,0.0,0.0,0.0,0.0,0.0,0.0,0.0,0.0,0.0,0.0,0.002,0.998,0.05251033128381009,1877,0.00014043495890703217,3.242342316417951e-08,3.0747372955150536e-05,16,20,False,0.995,0.005,0.66,fixed,100,none,eefd7eeb-488a-4f09-b43a-00ca3ec1ee27
123,12300,9.893716096878052,1.0,1.0,1.0,0.9960959999999999,0.0,0.0,0.0,0.0,0.0,0.0,0.0,0.0,0.0,0.0,0.0,0.0,0.0,0.0,0.002,0.998,0.052510331283810094,1877,0.00014162521732898742,3.31363472399359e-08,3.100805597929093e-05,16,20,False,0.995,0.005,0.66,fixed,100,none,eefd7eeb-488a-4f09-b43a-00ca3ec1ee27
124,12400,9.907249689102173,1.0,1.0,1.0,0.9960959999999999,0.0,0.0,0.0,0.0,0.0,0.0,0.0,0.0,0.0,0.0,0.0,0.0,0.0,0.0,0.002,0.998,0.052510331283810094,1877,0.00014189179997424703,3.320849605614594e-08,3.106642462861334e-05,16,20,False,0.995,0.005,0.66,fixed,100,none,eefd7eeb-488a-4f09-b43a-00ca3ec1ee27
125,12500,9.920885562896729,1.0,1.0,1.0,0.9960959999999999,0.0,0.0,0.0,0.0,0.0,0.0,0.0,0.0,0.0,0.0,0.0,0.0,0.0,0.0,0.002,0.998,0.05251033128381009,1877,0.00014237991052326997,3.3402049722752597e-08,3.117330880299112e-05,16,20,False,0.995,0.005,0.66,fixed,100,none,eefd7eeb-488a-4f09-b43a-00ca3ec1ee27
126,12600,9.934149026870728,1.0,1.0,1.0,0.9960959999999999,0.0,0.0,0.0,0.0,0.0,0.0,0.0,0.0,0.0,0.0,0.0,0.0,0.0,0.0,0.002,0.998,0.05251033128381009,1877,0.0001425369035519463,3.3401780183188616e-08,3.120767452575585e-05,16,20,False,0.995,0.005,0.66,fixed,100,none,eefd7eeb-488a-4f09-b43a-00ca3ec1ee27
127,12700,9.947220087051392,1.0,1.0,1.0,0.9960959999999999,0.0,0.0,0.0,0.0,0.0,0.0,0.0,0.0,0.0,0.0,0.0,0.0,0.0,0.0,0.002,0.998,0.052128304705603576,1878,0.00014300985845115701,3.340256833289263e-08,3.1311204502941523e-05,16,20,False,0.995,0.005,0.66,fixed,100,none,eefd7eeb-488a-4f09-b43a-00ca3ec1ee27
128,12800,9.960316181182861,1.0,1.0,1.0,0.9960959999999999,0.0,0.0,0.0,0.0,0.0,0.0,0.0,0.0,0.0,0.0,0.0,0.0,0.0,0.0,0.002,0.998,0.051745274115364996,1879,0.00014357821275637553,3.355467914421279e-08,3.1435646161408e-05,16,20,False,0.995,0.005,0.66,fixed,100,none,eefd7eeb-488a-4f09-b43a-00ca3ec1ee27
129,12900,9.973178148269653,1.0,1.0,1.0,0.9960959999999999,0.0,0.0,0.0,0.0,0.0,0.0,0.0,0.0,0.0,0.0,0.0,0.0,0.0,0.0,0.002,0.998,0.051745274115364996,1879,0.00014423390986556802,3.3996941787990364e-08,3.157926228851256e-05,16,20,False,0.995,0.005,0.66,fixed,100,none,eefd7eeb-488a-4f09-b43a-00ca3ec1ee27
130,13000,9.986425161361694,1.0,1.0,1.0,0.9960959999999999,0.0,0.0,0.0,0.0,0.0,0.0,0.0,0.0,0.0,0.0,0.0,0.0,0.0,0.0,0.002,0.998,0.05251033128381009,1877,0.00014565633165874572,3.427090827125055e-08,3.1890682472670975e-05,16,20,False,0.995,0.005,0.66,fixed,100,none,eefd7eeb-488a-4f09-b43a-00ca3ec1ee27
131,13100,9.999388933181763,1.0,1.0,1.0,0.9960959999999999,0.0,0.0,0.0,0.0,0.0,0.0,0.0,0.0,0.0,0.0,0.0,0.0,0.0,0.0,0.002,0.998,0.052128304705603576,1878,0.00014614366608310648,3.459759004206806e-08,3.19974220477e-05,16,20,False,0.995,0.005,0.66,fixed,100,none,eefd7eeb-488a-4f09-b43a-00ca3ec1ee27
132,13200,10.012240886688232,1.0,1.0,1.0,0.9960959999999999,0.0,0.0,0.0,0.0,0.0,0.0,0.0,0.0,0.0,0.0,0.0,0.0,0.0,0.0,0.002,0.998,0.05251033128381009,1877,0.0001455712987540424,3.4484562672793664e-08,3.187210936416772e-05,16,20,False,0.995,0.005,0.66,fixed,100,none,eefd7eeb-488a-4f09-b43a-00ca3ec1ee27
133,13300,10.025099039077759,1.0,1.0,1.0,0.9960959999999999,0.0,0.0,0.0,0.0,0.0,0.0,0.0,0.0,0.0,0.0,0.0,0.0,0.0,0.0,0.002,0.998,0.052128304705603576,1878,0.00014579529145569985,3.440082392777571e-08,3.192112545619897e-05,16,20,False,0.995,0.005,0.66,fixed,100,none,eefd7eeb-488a-4f09-b43a-00ca3ec1ee27
134,13400,10.037984848022461,1.0,1.0,1.0,0.9960959999999999,0.0,0.0,0.0,0.0,0.0,0.0,0.0,0.0,0.0,0.0,0.0,0.0,0.0,0.0,0.002,0.998,0.05251033128381009,1877,0.000146894044483418,3.536137160652637e-08,3.216182499802544e-05,16,20,False,0.995,0.005,0.66,fixed,100,none,eefd7eeb-488a-4f09-b43a-00ca3ec1ee27
135,13500,10.050399541854858,1.0,1.0,1.0,0.9960959999999999,0.0,0.0,0.0,0.0,0.0,0.0,0.0,0.0,0.0,0.0,0.0,0.0,0.0,0.0,0.002,0.998,0.05251033128381009,1877,0.00014724038342378662,3.562989507419634e-08,3.223768961153099e-05,16,20,False,0.995,0.005,0.66,fixed,100,none,eefd7eeb-488a-4f09-b43a-00ca3ec1ee27
136,13600,10.062734842300415,1.0,1.0,1.0,0.9960959999999999,0.0,0.0,0.0,0.0,0.0,0.0,0.0,0.0,0.0,0.0,0.0,0.0,0.0,0.0,0.002,0.998,0.051745274115364996,1879,0.00014722527884960244,3.5469520276530123e-08,3.2234352749030517e-05,16,20,False,0.995,0.005,0.66,fixed,100,none,eefd7eeb-488a-4f09-b43a-00ca3ec1ee27
137,13700,10.075445890426636,1.0,1.0,1.0,0.9960959999999999,0.0,0.0,0.0,0.0,0.0,0.0,0.0,0.0,0.0,0.0,0.0,0.0,0.0,0.0,0.002,0.998,0.052128304705603576,1878,0.0001478610322198552,3.598399398239081e-08,3.237361691178296e-05,16,20,False,0.995,0.005,0.66,fixed,100,none,eefd7eeb-488a-4f09-b43a-00ca3ec1ee27
138,13800,10.088292837142944,1.0,1.0,1.0,0.9960959999999999,0.0,0.0,0.0,0.0,0.0,0.0,0.0,0.0,0.0,0.0,0.0,0.0,0.0,0.0,0.002,0.998,0.052128304705603576,1878,0.00014759064660782361,3.5954232246391065e-08,3.2314423846579405e-05,16,20,False,0.995,0.005,0.66,fixed,100,none,eefd7eeb-488a-4f09-b43a-00ca3ec1ee27
139,13900,10.100775003433228,1.0,1.0,1.0,0.9960959999999999,0.0,0.0,0.0,0.0,0.0,0.0,0.0,0.0,0.0,0.0,0.0,0.0,0.0,0.0,0.002,0.998,0.052128304705603576,1878,0.00014847232891288033,3.6259675081877785e-08,3.2507482137295066e-05,16,20,False,0.995,0.005,0.66,fixed,100,none,eefd7eeb-488a-4f09-b43a-00ca3ec1ee27
140,14000,10.11304235458374,1.0,1.0,1.0,0.9960959999999999,0.0,0.0,0.0,0.0,0.0,0.0,0.0,0.0,0.0,0.0,0.0,0.0,0.0,0.0,0.002,0.998,0.051745274115364996,1879,0.00014916979104001604,3.6547207746681565e-08,3.266021122813138e-05,16,20,False,0.995,0.005,0.66,fixed,100,none,eefd7eeb-488a-4f09-b43a-00ca3ec1ee27
141,14100,10.124863862991333,1.0,1.0,1.0,0.9960959999999999,0.0,0.0,0.0,0.0,0.0,0.0,0.0,0.0,0.0,0.0,0.0,0.0,0.0,0.0,0.002,0.998,0.051745274115364996,1879,0.00015253509329391649,3.802704775752717e-08,3.339715706111225e-05,16,20,False,0.995,0.005,0.66,fixed,100,none,eefd7eeb-488a-4f09-b43a-00ca3ec1ee27
142,14200,10.136650562286377,1.0,1.0,1.0,0.9960959999999999,0.0,0.0,0.0,0.0,0.0,0.0,0.0,0.0,0.0,0.0,0.0,0.0,0.0,0.0,0.002,0.998,0.051745274115364996,1879,0.00015250732601594728,3.833267850357975e-08,3.339113687380654e-05,16,20,False,0.995,0.005,0.66,fixed,100,none,eefd7eeb-488a-4f09-b43a-00ca3ec1ee27
143,14300,10.148624181747437,1.0,1.0,1.0,0.9960959999999999,0.0,0.0,0.0,0.0,0.0,0.0,0.0,0.0,0.0,0.0,0.0,0.0,0.0,0.0,0.002,0.998,0.052128304705603576,1878,0.00015405175285547153,3.892833939416848e-08,3.372932508454761e-05,16,20,False,0.995,0.005,0.66,fixed,100,none,eefd7eeb-488a-4f09-b43a-00ca3ec1ee27
144,14400,10.160966873168945,1.0,1.0,1.0,0.9960959999999999,0.0,0.0,0.0,0.0,0.0,0.0,0.0,0.0,0.0,0.0,0.0,0.0,0.0,0.0,0.002,0.998,0.051745274115364996,1879,0.00015526451698523943,3.951299502517494e-08,3.39949102371237e-05,16,20,False,0.995,0.005,0.66,fixed,100,none,eefd7eeb-488a-4f09-b43a-00ca3ec1ee27
145,14500,10.172955989837646,1.0,1.0,1.0,0.9960959999999999,0.0,0.0,0.0,0.0,0.0,0.0,0.0,0.0,0.0,0.0,0.0,0.0,0.0,0.0,0.002,0.998,0.052128304705603576,1878,0.00015553526311494186,3.971748424950252e-08,3.405421541786818e-05,16,20,False,0.995,0.005,0.66,fixed,100,none,eefd7eeb-488a-4f09-b43a-00ca3ec1ee27
146,14600,10.185092687606812,1.0,1.0,1.0,0.9960959999999999,0.0,0.0,0.0,0.0,0.0,0.0,0.0,0.0,0.0,0.0,0.0,0.0,0.0,0.0,0.002,0.998,0.05136123951309429,1880,0.00015522990210793666,3.971303244091911e-08,3.398737104759111e-05,16,20,False,0.995,0.005,0.66,fixed,100,none,eefd7eeb-488a-4f09-b43a-00ca3ec1ee27
147,14700,10.197084188461304,1.0,1.0,1.0,0.9960959999999999,0.0,0.0,0.0,0.0,0.0,0.0,0.0,0.0,0.0,0.0,0.0,0.0,0.0,0.0,0.002,0.998,0.05136123951309429,1880,0.00015581298543025654,4.0111275306705395e-08,3.411508365299143e-05,16,20,False,0.995,0.005,0.66,fixed,100,none,eefd7eeb-488a-4f09-b43a-00ca3ec1ee27
148,14800,10.209694623947144,1.0,1.0,1.0,0.9960959999999999,0.0,0.0,0.0,0.0,0.0,0.0,0.0,0.0,0.0,0.0,0.0,0.0,0.0,0.0,0.002,0.998,0.05136123951309429,1880,0.0001570509961249256,4.03077210089253e-08,3.438612151873791e-05,16,20,False,0.995,0.005,0.66,fixed,100,none,eefd7eeb-488a-4f09-b43a-00ca3ec1ee27
149,14900,10.221985340118408,1.0,1.0,1.0,0.9960959999999999,0.0,0.0,0.0,0.0,0.0,0.0,0.0,0.0,0.0,0.0,0.0,0.0,0.0,0.0,0.002,0.998,0.05136123951309429,1880,0.0001571632539178946,4.0300778234588144e-08,3.4410693430491695e-05,16,20,False,0.995,0.005,0.66,fixed,100,none,eefd7eeb-488a-4f09-b43a-00ca3ec1ee27
150,15000,10.234265327453613,1.0,1.0,1.0,0.9960959999999999,0.0,0.0,0.0,0.0,0.0,0.0,0.0,0.0,0.0,0.0,0.0,0.0,0.0,0.0,0.002,0.998,0.05136123951309429,1880,0.00015593935393586723,3.990559100837424e-08,3.414270663885293e-05,16,20,False,0.995,0.005,0.66,fixed,100,none,eefd7eeb-488a-4f09-b43a-00ca3ec1ee27
151,15100,10.246029138565063,1.0,1.0,1.0,0.9960959999999999,0.0,0.0,0.0,0.0,0.0,0.0,0.0,0.0,0.0,0.0,0.0,0.0,0.0,0.0,0.002,0.998,0.05136123951309429,1880,0.00015663550761554651,4.0587895308039534e-08,3.429522431715166e-05,16,20,False,0.995,0.005,0.66,fixed,100,none,eefd7eeb-488a-4f09-b43a-00ca3ec1ee27
152,15200,10.257805824279785,1.0,1.0,1.0,0.9960959999999999,0.0,0.0,0.0,0.0,0.0,0.0,0.0,0.0,0.0,0.0,0.0,0.0,0.0,0.0,0.002,0.998,0.05136123951309429,1880,0.00015743690219277928,4.09067815860508e-08,3.447071017850073e-05,16,20,False,0.995,0.005,0.66,fixed,100,none,eefd7eeb-488a-4f09-b43a-00ca3ec1ee27
153,15300,10.26961088180542,1.0,1.0,1.0,0.9960959999999999,0.0,0.0,0.0,0.0,0.0,0.0,0.0,0.0,0.0,0.0,0.0,0.0,0.0,0.0,0.002,0.998,0.05136123951309429,1880,0.00015838717215339203,4.136874951355345e-08,3.467881204678509e-05,16,20,False,0.995,0.005,0.66,fixed,100,none,eefd7eeb-488a-4f09-b43a-00ca3ec1ee27
154,15400,10.281426906585693,1.0,1.0,1.0,0.9960959999999999,0.0,0.0,0.0,0.0,0.0,0.0,0.0,0.0,0.0,0.0,0.0,0.0,0.0,0.0,0.002,0.998,0.05136123951309429,1880,0.0001587872118257987,4.153771177824751e-08,3.47664128339052e-05,16,20,False,0.995,0.005,0.66,fixed,100,none,eefd7eeb-488a-4f09-b43a-00ca3ec1ee27
155,15500,10.293118000030518,1.0,1.0,1.0,0.9960959999999999,0.0,0.0,0.0,0.0,0.0,0.0,0.0,0.0,0.0,0.0,0.0,0.0,0.0,0.0,0.002,0.998,0.05136123951309429,1880,0.0001586850786815721,4.150839664649947e-08,3.474405031875897e-05,16,20,False,0.995,0.005,0.66,fixed,100,none,eefd7eeb-488a-4f09-b43a-00ca3ec1ee27
156,15600,10.30488133430481,1.0,1.0,1.0,0.9960959999999999,0.0,0.0,0.0,0.0,0.0,0.0,0.0,0.0,0.0,0.0,0.0,0.0,0.0,0.0,0.002,0.998,0.0513612395130943,1880,0.0001584237433082879,4.158394196922435e-08,3.4686858359158375e-05,16,20,False,0.995,0.005,0.66,fixed,100,none,eefd7eeb-488a-4f09-b43a-00ca3ec1ee27
157,15700,10.316701650619507,1.0,1.0,1.0,0.9960959999999999,0.0,0.0,0.0,0.0,0.0,0.0,0.0,0.0,0.0,0.0,0.0,0.0,0.0,0.0,0.002,0.998,0.0513612395130943,1880,0.00015818002932615222,4.149350475733258e-08,3.463349218539862e-05,16,20,False,0.995,0.005,0.66,fixed,100,none,eefd7eeb-488a-4f09-b43a-00ca3ec1ee27
158,15800,10.328455924987793,1.0,1.0,1.0,0.9960959999999999,0.0,0.0,0.0,0.0,0.0,0.0,0.0,0.0,0.0,0.0,0.0,0.0,0.0,0.0,0.002,0.998,0.0513612395130943,1880,0.0001589346927484512,4.177366450470617e-08,3.479874123889186e-05,16,20,False,0.995,0.005,0.66,fixed,100,none,eefd7eeb-488a-4f09-b43a-00ca3ec1ee27
159,15900,10.34148097038269,1.0,1.0,1.0,0.9960959999999999,0.0,0.0,0.0,0.0,0.0,0.0,0.0,0.0,0.0,0.0,0.0,0.0,0.0,0.0,0.002,0.998,0.0513612395130943,1880,0.00015705325646563347,4.1337443260793676e-08,3.438681195454672e-05,16,20,False,0.995,0.005,0.66,fixed,100,none,eefd7eeb-488a-4f09-b43a-00ca3ec1ee27
160,16000,10.353252649307251,1.0,1.0,1.0,0.9960959999999999,0.0,0.0,0.0,0.0,0.0,0.0,0.0,0.0,0.0,0.0,0.0,0.0,0.0,0.0,0.002,0.998,0.0513612395130943,1880,0.00015772615950424462,4.150627489276423e-08,3.453414250770878e-05,16,20,False,0.995,0.005,0.66,fixed,100,none,eefd7eeb-488a-4f09-b43a-00ca3ec1ee27
161,16100,10.365118980407715,1.0,1.0,1.0,0.9960959999999999,0.0,0.0,0.0,0.0,0.0,0.0,0.0,0.0,0.0,0.0,0.0,0.0,0.0,0.0,0.002,0.998,0.0513612395130943,1880,0.0001586190275536822,4.190235914490079e-08,3.472966657973857e-05,16,20,False,0.995,0.005,0.66,fixed,100,none,eefd7eeb-488a-4f09-b43a-00ca3ec1ee27
162,16200,10.376886367797852,1.0,1.0,1.0,0.9960959999999999,0.0,0.0,0.0,0.0,0.0,0.0,0.0,0.0,0.0,0.0,0.0,0.0,0.0,0.0,0.002,0.998,0.051745274115364996,1879,0.0001582815440206546,4.203027880381067e-08,3.465581573909402e-05,16,20,False,0.995,0.005,0.66,fixed,100,none,eefd7eeb-488a-4f09-b43a-00ca3ec1ee27
163,16300,10.388882398605347,1.0,1.0,1.0,0.9960959999999999,0.0,0.0,0.0,0.0,0.0,0.0,0.0,0.0,0.0,0.0,0.0,0.0,0.0,0.0,0.002,0.998,0.0513612395130943,1880,0.00015865589205457195,4.223709662861461e-08,3.4737799819105236e-05,16,20,False,0.995,0.005,0.66,fixed,100,none,eefd7eeb-488a-4f09-b43a-00ca3ec1ee27
164,16400,10.400848388671875,1.0,1.0,1.0,0.9960959999999999,0.0,0.0,0.0,0.0,0.0,0.0,0.0,0.0,0.0,0.0,0.0,0.0,0.0,0.0,0.002,0.998,0.0513612395130943,1880,0.00015832764551642516,4.215337868551785e-08,3.466593074549572e-05,16,20,False,0.995,0.005,0.66,fixed,100,none,eefd7eeb-488a-4f09-b43a-00ca3ec1ee27
165,16500,10.414002656936646,1.0,1.0,1.0,0.9960959999999999,0.0,0.0,0.0,0.0,0.0,0.0,0.0,0.0,0.0,0.0,0.0,0.0,0.0,0.0,0.002,0.998,0.051745274115364996,1879,0.00015936208446290067,4.2382185607980005e-08,3.4892412904194475e-05,16,20,False,0.995,0.005,0.66,fixed,100,none,eefd7eeb-488a-4f09-b43a-00ca3ec1ee27
166,16600,10.425959825515747,1.0,1.0,1.0,0.9960959999999999,0.0,0.0,0.0,0.0,0.0,0.0,0.0,0.0,0.0,0.0,0.0,0.0,0.0,0.0,0.002,0.998,0.0513612395130943,1880,0.00016041113628502868,4.2784157748135036e-08,3.5122126722764925e-05,16,20,False,0.995,0.005,0.66,fixed,100,none,eefd7eeb-488a-4f09-b43a-00ca3ec1ee27
167,16700,10.437737464904785,1.0,1.0,1.0,0.9960959999999999,0.0,0.0,0.0,0.0,0.0,0.0,0.0,0.0,0.0,0.0,0.0,0.0,0.0,0.0,0.002,0.998,0.051745274115364996,1879,0.00016205766629094474,4.308031126749296e-08,3.548260841022863e-05,16,20,False,0.995,0.005,0.66,fixed,100,none,eefd7eeb-488a-4f09-b43a-00ca3ec1ee27
168,16800,10.451679706573486,1.0,1.0,1.0,0.9960959999999999,0.0,0.0,0.0,0.0,0.0,0.0,0.0,0.0,0.0,0.0,0.0,0.0,0.0,0.0,0.002,0.998,0.051745274115364996,1879,0.0001619236549737249,4.314350059583468e-08,3.5453285338861596e-05,16,20,False,0.995,0.005,0.66,fixed,100,none,eefd7eeb-488a-4f09-b43a-00ca3ec1ee27
169,16900,10.463757991790771,1.0,1.0,1.0,0.9960959999999999,0.0,0.0,0.0,0.0,0.0,0.0,0.0,0.0,0.0,0.0,0.0,0.0,0.0,0.0,0.002,0.998,0.051745274115364996,1879,0.00016098529178756662,4.272487089294347e-08,3.5247798097768e-05,16,20,False,0.995,0.005,0.66,fixed,100,none,eefd7eeb-488a-4f09-b43a-00ca3ec1ee27
170,17000,10.475746154785156,1.0,1.0,1.0,0.9960959999999999,0.0,0.0,0.0,0.0,0.0,0.0,0.0,0.0,0.0,0.0,0.0,0.0,0.0,0.0,0.002,0.998,0.0513612395130943,1880,0.00016113109726883907,4.2851165732692903e-08,3.5279738913638086e-05,16,20,False,0.995,0.005,0.66,fixed,100,none,eefd7eeb-488a-4f09-b43a-00ca3ec1ee27
171,17100,10.48773193359375,1.0,1.0,1.0,0.9960959999999999,0.0,0.0,0.0,0.0,0.0,0.0,0.0,0.0,0.0,0.0,0.0,0.0,0.0,0.0,0.002,0.998,0.0513612395130943,1880,0.00016119671990621817,4.262078063470189e-08,3.5294059935791754e-05,16,20,False,0.995,0.005,0.66,fixed,100,none,eefd7eeb-488a-4f09-b43a-00ca3ec1ee27
172,17200,10.499781131744385,1.0,1.0,1.0,0.9960959999999999,0.0,0.0,0.0,0.0,0.0,0.0,0.0,0.0,0.0,0.0,0.0,0.0,0.0,0.0,0.002,0.998,0.052128304705603576,1878,0.00016269916594666923,4.323710790516585e-08,3.562306247622787e-05,16,20,False,0.995,0.005,0.66,fixed,100,none,eefd7eeb-488a-4f09-b43a-00ca3ec1ee27
173,17300,10.51181960105896,1.0,1.0,1.0,0.9960959999999999,0.0,0.0,0.0,0.0,0.0,0.0,0.0,0.0,0.0,0.0,0.0,0.0,0.0,0.0,0.002,0.998,0.05251033128381009,1877,0.00016261906092073723,4.3552088131274285e-08,3.5605587332294326e-05,16,20,False,0.995,0.005,0.66,fixed,100,none,eefd7eeb-488a-4f09-b43a-00ca3ec1ee27
174,17400,10.524155139923096,1.0,1.0,1.0,0.9960959999999999,0.0,0.0,0.0,0.0,0.0,0.0,0.0,0.0,0.0,0.0,0.0,0.0,0.0,0.0,0.002,0.998,0.052128304705603576,1878,0.000162761030993954,4.3801055003244855e-08,3.5636711885027146e-05,16,20,False,0.995,0.005,0.66,fixed,100,none,eefd7eeb-488a-4f09-b43a-00ca3ec1ee27
175,17500,10.536267518997192,1.0,1.0,1.0,0.9960959999999999,0.0,0.0,0.0,0.0,0.0,0.0,0.0,0.0,0.0,0.0,0.0,0.0,0.0,0.0,0.002,0.998,0.05251033128381009,1877,0.0001627328371615718,4.355220179460859e-08,3.563049297300905e-05,16,20,False,0.995,0.005,0.66,fixed,100,none,eefd7eeb-488a-4f09-b43a-00ca3ec1ee27
176,17600,10.548179149627686,1.0,1.0,1.0,0.9960959999999999,0.0,0.0,0.0,0.0,0.0,0.0,0.0,0.0,0.0,0.0,0.0,0.0,0.0,0.0,0.002,0.998,0.052128304705603576,1878,0.00016307106949218827,4.3746638946340855e-08,3.570456897323982e-05,16,20,False,0.995,0.005,0.66,fixed,100,none,eefd7eeb-488a-4f09-b43a-00ca3ec1ee27
177,17700,10.560143232345581,1.0,1.0,1.0,0.9960959999999999,0.0,0.0,0.0,0.0,0.0,0.0,0.0,0.0,0.0,0.0,0.0,0.0,0.0,0.0,0.002,0.998,0.052510331283810094,1877,0.00016321306795651753,4.366144483634082e-08,3.573563625020059e-05,16,20,False,0.995,0.005,0.66,fixed,100,none,eefd7eeb-488a-4f09-b43a-00ca3ec1ee27
178,17800,10.572206735610962,1.0,1.0,1.0,0.9960959999999999,0.0,0.0,0.0,0.0,0.0,0.0,0.0,0.0,0.0,0.0,0.0,0.0,0.0,0.0,0.002,0.998,0.052128304705603576,1878,0.00016377947180356672,4.3952031538738526e-08,3.585967726379311e-05,16,20,False,0.995,0.005,0.66,fixed,100,none,eefd7eeb-488a-4f09-b43a-00ca3ec1ee27
179,17900,10.584254503250122,1.0,1.0,1.0,0.9960959999999999,0.0,0.0,0.0,0.0,0.0,0.0,0.0,0.0,0.0,0.0,0.0,0.0,0.0,0.0,0.002,0.998,0.052128304705603576,1878,0.00016458723129401926,4.441890468141106e-08,3.6036584522150285e-05,16,20,False,0.995,0.005,0.66,fixed,100,none,eefd7eeb-488a-4f09-b43a-00ca3ec1ee27
180,18000,10.59650182723999,1.0,1.0,1.0,0.9960959999999999,0.0,0.0,0.0,0.0,0.0,0.0,0.0,0.0,0.0,0.0,0.0,0.0,0.0,0.0,0.002,0.998,0.051745274115365,1879,0.0001646064792591807,4.436306472297422e-08,3.604078729213203e-05,16,20,False,0.995,0.005,0.66,fixed,100,none,eefd7eeb-488a-4f09-b43a-00ca3ec1ee27
181,18100,10.608601331710815,1.0,1.0,1.0,0.9960959999999999,0.0,0.0,0.0,0.0,0.0,0.0,0.0,0.0,0.0,0.0,0.0,0.0,0.0,0.0,0.002,0.998,0.051745274115365,1879,0.00016539436704372606,4.4814131508442246e-08,3.621334163085824e-05,16,20,False,0.995,0.005,0.66,fixed,100,none,eefd7eeb-488a-4f09-b43a-00ca3ec1ee27
182,18200,10.620670557022095,1.0,1.0,1.0,0.9960959999999999,0.0,0.0,0.0,0.0,0.0,0.0,0.0,0.0,0.0,0.0,0.0,0.0,0.0,0.0,0.002,0.998,0.051745274115365,1879,0.00016532282516238064,4.492650936603714e-08,3.619770246482468e-05,16,20,False,0.995,0.005,0.66,fixed,100,none,eefd7eeb-488a-4f09-b43a-00ca3ec1ee27
183,18300,10.632748365402222,1.0,1.0,1.0,0.9960959999999999,0.0,0.0,0.0,0.0,0.0,0.0,0.0,0.0,0.0,0.0,0.0,0.0,0.0,0.0,0.002,0.998,0.051745274115365,1879,0.00016532282516238064,4.492650936603714e-08,3.619770246482468e-05,16,20,False,0.995,0.005,0.66,fixed,100,none,eefd7eeb-488a-4f09-b43a-00ca3ec1ee27
184,18400,10.644957542419434,1.0,1.0,1.0,0.9960959999999999,0.0,0.0,0.0,0.0,0.0,0.0,0.0,0.0,0.0,0.0,0.0,0.0,0.0,0.0,0.002,0.998,0.051745274115365,1879,0.000165876375940428,4.4524938522142545e-08,3.63187984316789e-05,16,20,False,0.995,0.005,0.66,fixed,100,none,eefd7eeb-488a-4f09-b43a-00ca3ec1ee27
185,18500,10.657375812530518,1.0,1.0,1.0,0.9960959999999999,0.0,0.0,0.0,0.0,0.0,0.0,0.0,0.0,0.0,0.0,0.0,0.0,0.0,0.0,0.002,0.998,0.051745274115364996,1879,0.0001678967535805076,4.515278295718478e-08,3.676117838753498e-05,16,20,False,0.995,0.005,0.66,fixed,100,none,eefd7eeb-488a-4f09-b43a-00ca3ec1ee27
186,18600,10.669361591339111,1.0,1.0,1.0,0.9960959999999999,0.0,0.0,0.0,0.0,0.0,0.0,0.0,0.0,0.0,0.0,0.0,0.0,0.0,0.0,0.002,0.998,0.051745274115364996,1879,0.0001685746469017028,4.541227809227024e-08,3.690961853962028e-05,16,20,False,0.995,0.005,0.66,fixed,100,none,eefd7eeb-488a-4f09-b43a-00ca3ec1ee27
187,18700,10.681442737579346,1.0,1.0,1.0,0.9960959999999999,0.0,0.0,0.0,0.0,0.0,0.0,0.0,0.0,0.0,0.0,0.0,0.0,0.0,0.0,0.002,0.998,0.051745274115364996,1879,0.00017002337921096183,4.5892575101069274e-08,3.722683729854875e-05,16,20,False,0.995,0.005,0.66,fixed,100,none,eefd7eeb-488a-4f09-b43a-00ca3ec1ee27
188,18800,10.693588733673096,1.0,1.0,1.0,0.9960959999999999,0.0,0.0,0.0,0.0,0.0,0.0,0.0,0.0,0.0,0.0,0.0,0.0,0.0,0.0,0.002,0.998,0.051745274115364996,1879,0.00017014739424717144,4.605799906508876e-08,3.72540156205282e-05,16,20,False,0.995,0.005,0.66,fixed,100,none,eefd7eeb-488a-4f09-b43a-00ca3ec1ee27
189,18900,10.705782651901245,1.0,1.0,1.0,0.9960959999999999,0.0,0.0,0.0,0.0,0.0,0.0,0.0,0.0,0.0,0.0,0.0,0.0,0.0,0.0,0.002,0.998,0.051745274115364996,1879,0.00016960811564094505,4.5778451506277174e-08,3.713591441958907e-05,16,20,False,0.995,0.005,0.66,fixed,100,none,eefd7eeb-488a-4f09-b43a-00ca3ec1ee27
190,19000,10.717854499816895,1.0,1.0,1.0,0.9960959999999999,0.0,0.0,0.0,0.0,0.0,0.0,0.0,0.0,0.0,0.0,0.0,0.0,0.0,0.0,0.002,0.998,0.051745274115364996,1879,0.00017030675923780452,4.582519224019172e-08,3.728885638368105e-05,16,20,False,0.995,0.005,0.66,fixed,100,none,eefd7eeb-488a-4f09-b43a-00ca3ec1ee27
191,19100,10.73008394241333,1.0,1.0,1.0,0.9960959999999999,0.0,0.0,0.0,0.0,0.0,0.0,0.0,0.0,0.0,0.0,0.0,0.0,0.0,0.0,0.002,0.998,0.051745274115364996,1879,0.00017158617810514572,4.618216486776178e-08,3.7568988998541276e-05,16,20,False,0.995,0.005,0.66,fixed,100,none,eefd7eeb-488a-4f09-b43a-00ca3ec1ee27
192,19200,10.742221355438232,1.0,1.0,1.0,0.9960959999999999,0.0,0.0,0.0,0.0,0.0,0.0,0.0,0.0,0.0,0.0,0.0,0.0,0.0,0.0,0.002,0.998,0.051745274115364996,1879,0.0001720777152926687,4.647823179518511e-08,3.7676642741606266e-05,16,20,False,0.995,0.005,0.66,fixed,100,none,eefd7eeb-488a-4f09-b43a-00ca3ec1ee27
193,19300,10.754424571990967,1.0,1.0,1.0,0.9960959999999999,0.0,0.0,0.0,0.0,0.0,0.0,0.0,0.0,0.0,0.0,0.0,0.0,0.0,0.0,0.002,0.998,0.05212830470560358,1878,0.00017158747061682978,4.618213594198465e-08,3.756927192385302e-05,16,20,False,0.995,0.005,0.66,fixed,100,none,eefd7eeb-488a-4f09-b43a-00ca3ec1ee27
194,19400,10.766654968261719,1.0,1.0,1.0,0.9960959999999999,0.0,0.0,0.0,0.0,0.0,0.0,0.0,0.0,0.0,0.0,0.0,0.0,0.0,0.0,0.002,0.998,0.05212830470560358,1878,0.00017317423723555065,4.697448339422986e-08,3.791676568270694e-05,16,20,False,0.995,0.005,0.66,fixed,100,none,eefd7eeb-488a-4f09-b43a-00ca3ec1ee27
195,19500,10.778702974319458,1.0,1.0,1.0,0.9960959999999999,0.0,0.0,0.0,0.0,0.0,0.0,0.0,0.0,0.0,0.0,0.0,0.0,0.0,0.0,0.002,0.998,0.05212830470560358,1878,0.0001736825148324095,4.724822944861231e-08,3.802807966040967e-05,16,20,False,0.995,0.005,0.66,fixed,100,none,eefd7eeb-488a-4f09-b43a-00ca3ec1ee27
196,19600,10.791072845458984,1.0,1.0,1.0,0.9960959999999999,0.0,0.0,0.0,0.0,0.0,0.0,0.0,0.0,0.0,0.0,0.0,0.0,0.0,0.0,0.002,0.998,0.051745274115364996,1879,0.0001742885576870695,4.762106640136603e-08,3.8160813280315774e-05,16,20,False,0.995,0.005,0.66,fixed,100,none,eefd7eeb-488a-4f09-b43a-00ca3ec1ee27
197,19700,10.803135395050049,1.0,1.0,1.0,0.9960959999999999,0.0,0.0,0.0,0.0,0.0,0.0,0.0,0.0,0.0,0.0,0.0,0.0,0.0,0.0,0.002,0.998,0.051745274115364996,1879,0.0001740172132984294,4.7712793496723455e-08,3.810143342179057e-05,16,20,False,0.995,0.005,0.66,fixed,100,none,eefd7eeb-488a-4f09-b43a-00ca3ec1ee27
198,19800,10.815278053283691,1.0,1.0,1.0,0.9960959999999999,0.0,0.0,0.0,0.0,0.0,0.0,0.0,0.0,0.0,0.0,0.0,0.0,0.0,0.0,0.002,0.998,0.052128304705603576,1878,0.00017336571257709074,4.791684348097045e-08,3.7958858683386546e-05,16,20,False,0.995,0.005,0.66,fixed,100,none,eefd7eeb-488a-4f09-b43a-00ca3ec1ee27
199,19900,10.827218294143677,1.0,1.0,1.0,0.9960959999999999,0.0,0.0,0.0,0.0,0.0,0.0,0.0,0.0,0.0,0.0,0.0,0.0,0.0,0.0,0.002,0.998,0.052128304705603576,1878,0.00017482500732021172,4.8804643379053135e-08,3.827846698463637e-05,16,20,False,0.995,0.005,0.66,fixed,100,none,eefd7eeb-488a-4f09-b43a-00ca3ec1ee27
200,20000,10.839386940002441,1.0,1.0,1.0,0.9960959999999999,0.0,0.0,0.0,0.0,0.0,0.0,0.0,0.0,0.0,0.0,0.0,0.0,0.0,0.0,0.002,0.998,0.052128304705603576,1878,0.00017504365272208298,4.90949397752241e-08,3.832638361942126e-05,16,20,False,0.995,0.005,0.66,fixed,100,none,eefd7eeb-488a-4f09-b43a-00ca3ec1ee27
201,20100,10.85130262374878,1.0,1.0,1.0,0.9960959999999999,0.0,0.0,0.0,0.0,0.0,0.0,0.0,0.0,0.0,0.0,0.0,0.0,0.0,0.0,0.002,0.998,0.052128304705603576,1878,0.00017554998588793596,4.9371360028055883e-08,3.843727246927451e-05,16,20,False,0.995,0.005,0.66,fixed,100,none,eefd7eeb-488a-4f09-b43a-00ca3ec1ee27
202,20200,10.86347222328186,1.0,1.0,1.0,0.9960959999999999,0.0,0.0,0.0,0.0,0.0,0.0,0.0,0.0,0.0,0.0,0.0,0.0,0.0,0.0,0.002,0.998,0.052128304705603576,1878,0.0001765318895764949,4.972718729043498e-08,3.865227879387992e-05,16,20,False,0.995,0.005,0.66,fixed,100,none,eefd7eeb-488a-4f09-b43a-00ca3ec1ee27
203,20300,10.875603199005127,1.0,1.0,1.0,0.9960959999999999,0.0,0.0,0.0,0.0,0.0,0.0,0.0,0.0,0.0,0.0,0.0,0.0,0.0,0.0,0.002,0.998,0.052128304705603576,1878,0.00017643266746478897,4.9767814010220676e-08,3.863056679270425e-05,16,20,False,0.995,0.005,0.66,fixed,100,none,eefd7eeb-488a-4f09-b43a-00ca3ec1ee27
204,20400,10.887754201889038,1.0,1.0,1.0,0.9960959999999999,0.0,0.0,0.0,0.0,0.0,0.0,0.0,0.0,0.0,0.0,0.0,0.0,0.0,0.0,0.002,0.998,0.052128304705603576,1878,0.00017581295336253935,4.945803178914178e-08,3.84948525170998e-05,16,20,False,0.995,0.005,0.66,fixed,100,none,eefd7eeb-488a-4f09-b43a-00ca3ec1ee27
205,20500,10.900073528289795,1.0,1.0,1.0,0.9960959999999999,0.0,0.0,0.0,0.0,0.0,0.0,0.0,0.0,0.0,0.0,0.0,0.0,0.0,0.0,0.002,0.998,0.052128304705603576,1878,0.000175145954617165,4.9368586894407795e-08,3.834882949720736e-05,16,20,False,0.995,0.005,0.66,fixed,100,none,eefd7eeb-488a-4f09-b43a-00ca3ec1ee27
206,20600,10.912257194519043,1.0,1.0,1.0,0.9960959999999999,0.0,0.0,0.0,0.0,0.0,0.0,0.0,0.0,0.0,0.0,0.0,0.0,0.0,0.0,0.002,0.998,0.052128304705603576,1878,0.00017575764853435105,5.0162745445923644e-08,3.8482880185804174e-05,16,20,False,0.995,0.005,0.66,fixed,100,none,eefd7eeb-488a-4f09-b43a-00ca3ec1ee27
207,20700,10.924413204193115,1.0,1.0,1.0,0.9960959999999999,0.0,0.0,0.0,0.0,0.0,0.0,0.0,0.0,0.0,0.0,0.0,0.0,0.0,0.0,0.002,0.998,0.052128304705603576,1878,0.0001763185368900961,5.059051230945414e-08,3.8605739922580834e-05,16,20,False,0.995,0.005,0.66,fixed,100,none,eefd7eeb-488a-4f09-b43a-00ca3ec1ee27
208,20800,10.937070846557617,1.0,1.0,1.0,0.9960959999999999,0.0,0.0,0.0,0.0,0.0,0.0,0.0,0.0,0.0,0.0,0.0,0.0,0.0,0.0,0.002,0.998,0.052128304705603576,1878,0.00017685562443209516,5.114719311973651e-08,3.872341415487838e-05,16,20,False,0.995,0.005,0.66,fixed,100,none,eefd7eeb-488a-4f09-b43a-00ca3ec1ee27
209,20900,10.949541807174683,1.0,1.0,1.0,0.9960959999999999,0.0,0.0,0.0,0.0,0.0,0.0,0.0,0.0,0.0,0.0,0.0,0.0,0.0,0.0,0.002,0.998,0.052128304705603576,1878,0.00017738835764889192,5.137020631761917e-08,3.884007182854279e-05,16,20,False,0.995,0.005,0.66,fixed,100,none,eefd7eeb-488a-4f09-b43a-00ca3ec1ee27
210,21000,10.961718797683716,1.0,1.0,1.0,0.9960959999999999,0.0,0.0,0.0,0.0,0.0,0.0,0.0,0.0,0.0,0.0,0.0,0.0,0.0,0.0,0.002,0.998,0.052128304705603576,1878,0.00017855724401310812,5.206380757584807e-08,3.909607283790878e-05,16,20,False,0.995,0.005,0.66,fixed,100,none,eefd7eeb-488a-4f09-b43a-00ca3ec1ee27
211,21100,10.973868370056152,1.0,1.0,1.0,0.9960959999999999,0.0,0.0,0.0,0.0,0.0,0.0,0.0,0.0,0.0,0.0,0.0,0.0,0.0,0.0,0.002,0.998,0.052128304705603576,1878,0.0001788760814638639,5.2110377243105833e-08,3.9165875204116e-05,16,20,False,0.995,0.005,0.66,fixed,100,none,eefd7eeb-488a-4f09-b43a-00ca3ec1ee27
212,21200,10.986027956008911,1.0,1.0,1.0,0.9960959999999999,0.0,0.0,0.0,0.0,0.0,0.0,0.0,0.0,0.0,0.0,0.0,0.0,0.0,0.0,0.002,0.998,0.052128304705603576,1878,0.00017960921898857695,5.271634868510475e-08,3.9326474142849666e-05,16,20,False,0.995,0.005,0.66,fixed,100,none,eefd7eeb-488a-4f09-b43a-00ca3ec1ee27
213,21300,10.99795389175415,1.0,1.0,1.0,0.9960959999999999,0.0,0.0,0.0,0.0,0.0,0.0,0.0,0.0,0.0,0.0,0.0,0.0,0.0,0.0,0.002,0.998,0.052128304705603576,1878,0.00018078280481558957,5.287359154669996e-08,3.958340195652643e-05,16,20,False,0.995,0.005,0.66,fixed,100,none,eefd7eeb-488a-4f09-b43a-00ca3ec1ee27
214,21400,11.00991439819336,1.0,1.0,1.0,0.9960959999999999,0.0,0.0,0.0,0.0,0.0,0.0,0.0,0.0,0.0,0.0,0.0,0.0,0.0,0.0,0.002,0.998,0.052128304705603576,1878,0.00018185960283667612,5.364431916172256e-08,3.9819259481589135e-05,16,20,False,0.995,0.005,0.66,fixed,100,none,eefd7eeb-488a-4f09-b43a-00ca3ec1ee27
215,21500,11.021659851074219,1.0,1.0,1.0,0.9960959999999999,0.0,0.0,0.0,0.0,0.0,0.0,0.0,0.0,0.0,0.0,0.0,0.0,0.0,0.0,0.002,0.998,0.052128304705603576,1878,0.00018185960283667612,5.364431916172256e-08,3.9819259481589135e-05,16,20,False,0.995,0.005,0.66,fixed,100,none,eefd7eeb-488a-4f09-b43a-00ca3ec1ee27
216,21600,11.033644199371338,1.0,1.0,1.0,0.9960959999999999,0.0,0.0,0.0,0.0,0.0,0.0,0.0,0.0,0.0,0.0,0.0,0.0,0.0,0.0,0.002,0.998,0.052128304705603576,1878,0.0001818553560000127,5.370435550703193e-08,3.9818341255949115e-05,16,20,False,0.995,0.005,0.66,fixed,100,none,eefd7eeb-488a-4f09-b43a-00ca3ec1ee27
217,21700,11.045591831207275,1.0,1.0,1.0,0.9960959999999999,0.0,0.0,0.0,0.0,0.0,0.0,0.0,0.0,0.0,0.0,0.0,0.0,0.0,0.0,0.002,0.998,0.052128304705603576,1878,0.00018179693338743399,5.387275460673998e-08,3.9805584541884585e-05,16,20,False,0.995,0.005,0.66,fixed,100,none,eefd7eeb-488a-4f09-b43a-00ca3ec1ee27
218,21800,11.057686567306519,1.0,1.0,1.0,0.9960959999999999,0.0,0.0,0.0,0.0,0.0,0.0,0.0,0.0,0.0,0.0,0.0,0.0,0.0,0.0,0.002,0.998,0.051745274115364996,1879,0.00018320211645167826,5.478891781856046e-08,4.01133531856579e-05,16,20,False,0.995,0.005,0.66,fixed,100,none,eefd7eeb-488a-4f09-b43a-00ca3ec1ee27
219,21900,11.069730043411255,1.0,1.0,1.0,0.9960959999999999,0.0,0.0,0.0,0.0,0.0,0.0,0.0,0.0,0.0,0.0,0.0,0.0,0.0,0.0,0.002,0.998,0.052128304705603576,1878,0.0001837448371220569,5.503275767986075e-08,4.023220106997743e-05,16,20,False,0.995,0.005,0.66,fixed,100,none,eefd7eeb-488a-4f09-b43a-00ca3ec1ee27
220,22000,11.081864356994629,1.0,1.0,1.0,0.9960959999999999,0.0,0.0,0.0,0.0,0.0,0.0,0.0,0.0,0.0,0.0,0.0,0.0,0.0,0.0,0.002,0.998,0.052128304705603576,1878,0.00018465601703507772,5.5301778108696055e-08,4.043170946681917e-05,16,20,False,0.995,0.005,0.66,fixed,100,none,eefd7eeb-488a-4f09-b43a-00ca3ec1ee27
221,22100,11.093886852264404,1.0,1.0,1.0,0.9960959999999999,0.0,0.0,0.0,0.0,0.0,0.0,0.0,0.0,0.0,0.0,0.0,0.0,0.0,0.0,0.002,0.998,0.052128304705603576,1878,0.00018465984530919007,5.540876405859669e-08,4.043256780335284e-05,16,20,False,0.995,0.005,0.66,fixed,100,none,eefd7eeb-488a-4f09-b43a-00ca3ec1ee27
222,22200,11.10609745979309,1.0,1.0,1.0,0.9960959999999999,0.0,0.0,0.0,0.0,0.0,0.0,0.0,0.0,0.0,0.0,0.0,0.0,0.0,0.0,0.002,0.998,0.052128304705603576,1878,0.00018447958182762558,5.548410119582906e-08,4.0393122441294446e-05,16,20,False,0.995,0.005,0.66,fixed,100,none,eefd7eeb-488a-4f09-b43a-00ca3ec1ee27
223,22300,11.118253707885742,1.0,1.0,1.0,0.9960959999999999,0.0,0.0,0.0,0.0,0.0,0.0,0.0,0.0,0.0,0.0,0.0,0.0,0.0,0.0,0.002,0.998,0.052128304705603576,1878,0.0001827724010818796,5.531547105241171e-08,4.0019388536323406e-05,16,20,False,0.995,0.005,0.66,fixed,100,none,eefd7eeb-488a-4f09-b43a-00ca3ec1ee27
224,22400,11.130359411239624,1.0,1.0,1.0,0.9960959999999999,0.0,0.0,0.0,0.0,0.0,0.0,0.0,0.0,0.0,0.0,0.0,0.0,0.0,0.0,0.002,0.998,0.052128304705603576,1878,0.00018366174169532116,5.6094170218169675e-08,4.0214213149447255e-05,16,20,False,0.995,0.005,0.66,fixed,100,none,eefd7eeb-488a-4f09-b43a-00ca3ec1ee27
225,22500,11.142436981201172,1.0,1.0,1.0,0.9960959999999999,0.0,0.0,0.0,0.0,0.0,0.0,0.0,0.0,0.0,0.0,0.0,0.0,0.0,0.0,0.002,0.998,0.052128304705603576,1878,0.0001837408561850223,5.632807730108446e-08,4.023157575358859e-05,16,20,False,0.995,0.005,0.66,fixed,100,none,eefd7eeb-488a-4f09-b43a-00ca3ec1ee27
226,22600,11.154508829116821,1.0,1.0,1.0,0.9960959999999999,0.0,0.0,0.0,0.0,0.0,0.0,0.0,0.0,0.0,0.0,0.0,0.0,0.0,0.0,0.002,0.998,0.052128304705603576,1878,0.00018228275486479418,5.573612863733913e-08,3.991228490434454e-05,16,20,False,0.995,0.005,0.66,fixed,100,none,eefd7eeb-488a-4f09-b43a-00ca3ec1ee27
227,22700,11.166994094848633,1.0,1.0,1.0,0.9960959999999999,0.0,0.0,0.0,0.0,0.0,0.0,0.0,0.0,0.0,0.0,0.0,0.0,0.0,0.0,0.002,0.998,0.052128304705603576,1878,0.00018303402201624446,5.5867735730932946e-08,4.007676228914479e-05,16,20,False,0.995,0.005,0.66,fixed,100,none,eefd7eeb-488a-4f09-b43a-00ca3ec1ee27
228,22800,11.179203033447266,1.0,1.0,1.0,0.9960959999999999,0.0,0.0,0.0,0.0,0.0,0.0,0.0,0.0,0.0,0.0,0.0,0.0,0.0,0.0,0.002,0.998,0.052128304705603576,1878,0.0001826979922609798,5.5792233978915295e-08,4.000319103038447e-05,16,20,False,0.995,0.005,0.66,fixed,100,none,eefd7eeb-488a-4f09-b43a-00ca3ec1ee27
229,22900,11.19140076637268,1.0,1.0,1.0,0.9960959999999999,0.0,0.0,0.0,0.0,0.0,0.0,0.0,0.0,0.0,0.0,0.0,0.0,0.0,0.0,0.002,0.998,0.052128304705603576,1878,0.00018345510150429307,5.614769034715125e-08,4.0168989780455715e-05,16,20,False,0.995,0.005,0.66,fixed,100,none,eefd7eeb-488a-4f09-b43a-00ca3ec1ee27
230,23000,11.20342230796814,1.0,1.0,1.0,0.9960959999999999,0.0,0.0,0.0,0.0,0.0,0.0,0.0,0.0,0.0,0.0,0.0,0.0,0.0,0.0,0.002,0.998,0.052128304705603576,1878,0.0001846734293172177,5.7078171370890404e-08,4.043585853009943e-05,16,20,False,0.995,0.005,0.66,fixed,100,none,eefd7eeb-488a-4f09-b43a-00ca3ec1ee27
231,23100,11.215516328811646,1.0,1.0,1.0,0.9960959999999999,0.0,0.0,0.0,0.0,0.0,0.0,0.0,0.0,0.0,0.0,0.0,0.0,0.0,0.0,0.002,0.998,0.052128304705603576,1878,0.00018442781040315035,5.6672481807319395e-08,4.038201546879301e-05,16,20,False,0.995,0.005,0.66,fixed,100,none,eefd7eeb-488a-4f09-b43a-00ca3ec1ee27
232,23200,11.227458000183105,1.0,1.0,1.0,0.9960959999999999,0.0,0.0,0.0,0.0,0.0,0.0,0.0,0.0,0.0,0.0,0.0,0.0,0.0,0.0,0.002,0.998,0.052128304705603576,1878,0.0001846804400364116,5.6882405586309456e-08,4.0437355981031896e-05,16,20,False,0.995,0.005,0.66,fixed,100,none,eefd7eeb-488a-4f09-b43a-00ca3ec1ee27
233,23300,11.23947811126709,1.0,1.0,1.0,0.9960959999999999,0.0,0.0,0.0,0.0,0.0,0.0,0.0,0.0,0.0,0.0,0.0,0.0,0.0,0.0,0.002,0.998,0.052128304705603576,1878,0.00018468192412405426,5.662771992916471e-08,4.0437632457542026e-05,16,20,False,0.995,0.005,0.66,fixed,100,none,eefd7eeb-488a-4f09-b43a-00ca3ec1ee27
234,23400,11.251501560211182,1.0,1.0,1.0,0.9960959999999999,0.0,0.0,0.0,0.0,0.0,0.0,0.0,0.0,0.0,0.0,0.0,0.0,0.0,0.0,0.002,0.998,0.052128304705603576,1878,0.00018587339368785597,5.760856792593745e-08,4.069863150617761e-05,16,20,False,0.995,0.005,0.66,fixed,100,none,eefd7eeb-488a-4f09-b43a-00ca3ec1ee27
235,23500,11.263520002365112,1.0,1.0,1.0,0.9960959999999999,0.0,0.0,0.0,0.0,0.0,0.0,0.0,0.0,0.0,0.0,0.0,0.0,0.0,0.0,0.002,0.998,0.052128304705603576,1878,0.00018527327849629638,5.752627350890849e-08,4.056725065480597e-05,16,20,False,0.995,0.005,0.66,fixed,100,none,eefd7eeb-488a-4f09-b43a-00ca3ec1ee27
236,23600,11.275343656539917,1.0,1.0,1.0,0.9960959999999999,0.0,0.0,0.0,0.0,0.0,0.0,0.0,0.0,0.0,0.0,0.0,0.0,0.0,0.0,0.002,0.998,0.052128304705603576,1878,0.00018756975317514403,5.808090327778301e-08,4.1070054341661804e-05,16,20,False,0.995,0.005,0.66,fixed,100,none,eefd7eeb-488a-4f09-b43a-00ca3ec1ee27
237,23700,11.292093515396118,1.0,1.0,1.0,0.9960959999999999,0.0,0.0,0.0,0.0,0.0,0.0,0.0,0.0,0.0,0.0,0.0,0.0,0.0,0.0,0.002,0.998,0.052128304705603576,1878,0.00018741364828730631,5.798899060061013e-08,4.1035865518305466e-05,16,20,False,0.995,0.005,0.66,fixed,100,none,eefd7eeb-488a-4f09-b43a-00ca3ec1ee27
238,23800,11.304141998291016,1.0,1.0,1.0,0.9960959999999999,0.0,0.0,0.0,0.0,0.0,0.0,0.0,0.0,0.0,0.0,0.0,0.0,0.0,0.0,0.002,0.998,0.052128304705603576,1878,0.00018824707215179526,5.869700757678734e-08,4.121843652546758e-05,16,20,False,0.995,0.005,0.66,fixed,100,none,eefd7eeb-488a-4f09-b43a-00ca3ec1ee27
239,23900,11.316457748413086,1.0,1.0,1.0,0.9960959999999999,0.0,0.0,0.0,0.0,0.0,0.0,0.0,0.0,0.0,0.0,0.0,0.0,0.0,0.0,0.002,0.998,0.052128304705603576,1878,0.00018824094829679886,5.8793733599778836e-08,4.121711439155323e-05,16,20,False,0.995,0.005,0.66,fixed,100,none,eefd7eeb-488a-4f09-b43a-00ca3ec1ee27
240,24000,11.328705787658691,1.0,1.0,1.0,0.9960959999999999,0.0,0.0,0.0,0.0,0.0,0.0,0.0,0.0,0.0,0.0,0.0,0.0,0.0,0.0,0.002,0.998,0.052128304705603576,1878,0.00018886039835545716,5.892055564570685e-08,4.135273610558226e-05,16,20,False,0.995,0.005,0.66,fixed,100,none,eefd7eeb-488a-4f09-b43a-00ca3ec1ee27
241,24100,11.340749979019165,1.0,1.0,1.0,0.9960959999999999,0.0,0.0,0.0,0.0,0.0,0.0,0.0,0.0,0.0,0.0,0.0,0.0,0.0,0.0,0.002,0.998,0.052128304705603576,1878,0.0001884703530393445,5.856223004715568e-08,4.1267287104021475e-05,16,20,False,0.995,0.005,0.66,fixed,100,none,eefd7eeb-488a-4f09-b43a-00ca3ec1ee27
242,24200,11.352596282958984,1.0,1.0,1.0,0.9960959999999999,0.0,0.0,0.0,0.0,0.0,0.0,0.0,0.0,0.0,0.0,0.0,0.0,0.0,0.0,0.002,0.998,0.052128304705603576,1878,0.00019005792636151965,5.926461750222404e-08,4.161494035786208e-05,16,20,False,0.995,0.005,0.66,fixed,100,none,eefd7eeb-488a-4f09-b43a-00ca3ec1ee27
243,24300,11.364623308181763,1.0,1.0,1.0,0.9960959999999999,0.0,0.0,0.0,0.0,0.0,0.0,0.0,0.0,0.0,0.0,0.0,0.0,0.0,0.0,0.002,0.998,0.051745274115364996,1879,0.0001896166121733598,5.9208195781305185e-08,4.151832596194691e-05,16,20,False,0.995,0.005,0.66,fixed,100,none,eefd7eeb-488a-4f09-b43a-00ca3ec1ee27
244,24400,11.376462459564209,1.0,1.0,1.0,0.9960959999999999,0.0,0.0,0.0,0.0,0.0,0.0,0.0,0.0,0.0,0.0,0.0,0.0,0.0,0.0,0.002,0.998,0.052128304705603576,1878,0.0001895000300267359,5.898779075292621e-08,4.1492764253095544e-05,16,20,False,0.995,0.005,0.66,fixed,100,none,eefd7eeb-488a-4f09-b43a-00ca3ec1ee27
245,24500,11.388288259506226,1.0,1.0,1.0,0.9960959999999999,0.0,0.0,0.0,0.0,0.0,0.0,0.0,0.0,0.0,0.0,0.0,0.0,0.0,0.0,0.002,0.998,0.052128304705603576,1878,0.00018955830991766102,5.9285831311675396e-08,4.150557834892522e-05,16,20,False,0.995,0.005,0.66,fixed,100,none,eefd7eeb-488a-4f09-b43a-00ca3ec1ee27
246,24600,11.402336359024048,1.0,1.0,1.0,0.9960959999999999,0.0,0.0,0.0,0.0,0.0,0.0,0.0,0.0,0.0,0.0,0.0,0.0,0.0,0.0,0.002,0.998,0.052128304705603576,1878,0.00018989987826074437,5.9545542565823305e-08,4.1580397004364453e-05,16,20,False,0.995,0.005,0.66,fixed,100,none,eefd7eeb-488a-4f09-b43a-00ca3ec1ee27
247,24700,11.41421627998352,1.0,1.0,1.0,0.9960959999999999,0.0,0.0,0.0,0.0,0.0,0.0,0.0,0.0,0.0,0.0,0.0,0.0,0.0,0.0,0.002,0.998,0.052128304705603576,1878,0.0001920804361681424,6.065695355753825e-08,4.205793229838231e-05,16,20,False,0.995,0.005,0.66,fixed,100,none,eefd7eeb-488a-4f09-b43a-00ca3ec1ee27
248,24800,11.426204442977905,1.0,1.0,1.0,0.9960959999999999,0.0,0.0,0.0,0.0,0.0,0.0,0.0,0.0,0.0,0.0,0.0,0.0,0.0,0.0,0.002,0.998,0.052128304705603576,1878,0.00019169605182718687,6.078166585642688e-08,4.197381426148393e-05,16,20,False,0.995,0.005,0.66,fixed,100,none,eefd7eeb-488a-4f09-b43a-00ca3ec1ee27
249,24900,11.438317775726318,1.0,1.0,1.0,0.9960959999999999,0.0,0.0,0.0,0.0,0.0,0.0,0.0,0.0,0.0,0.0,0.0,0.0,0.0,0.0,0.002,0.998,0.052128304705603576,1878,0.00019283323162507305,6.114541809202918e-08,4.222281203216598e-05,16,20,False,0.995,0.005,0.66,fixed,100,none,eefd7eeb-488a-4f09-b43a-00ca3ec1ee27
250,25000,11.450316429138184,1.0,1.0,1.0,0.9960959999999999,0.0,0.0,0.0,0.0,0.0,0.0,0.0,0.0,0.0,0.0,0.0,0.0,0.0,0.0,0.002,0.998,0.051745274115364996,1879,0.0001929461520108934,6.074182672199747e-08,4.2247453622261746e-05,16,20,False,0.995,0.005,0.66,fixed,100,none,eefd7eeb-488a-4f09-b43a-00ca3ec1ee27
251,25100,11.46238923072815,1.0,1.0,1.0,0.9960959999999999,0.0,0.0,0.0,0.0,0.0,0.0,0.0,0.0,0.0,0.0,0.0,0.0,0.0,0.0,0.002,0.998,0.052128304705603576,1878,0.00019391851550721069,6.060174175106891e-08,4.2460277375461124e-05,16,20,False,0.995,0.005,0.66,fixed,100,none,eefd7eeb-488a-4f09-b43a-00ca3ec1ee27
252,25200,11.474304914474487,1.0,1.0,1.0,0.9960959999999999,0.0,0.0,0.0,0.0,0.0,0.0,0.0,0.0,0.0,0.0,0.0,0.0,0.0,0.0,0.002,0.998,0.052128304705603576,1878,0.00019382582172111315,6.041416347482501e-08,4.2439951065811885e-05,16,20,False,0.995,0.005,0.66,fixed,100,none,eefd7eeb-488a-4f09-b43a-00ca3ec1ee27
253,25300,11.486301898956299,1.0,1.0,1.0,0.9960959999999999,0.0,0.0,0.0,0.0,0.0,0.0,0.0,0.0,0.0,0.0,0.0,0.0,0.0,0.0,0.002,0.998,0.051745274115364996,1879,0.00019443588179464898,6.117962067114565e-08,4.2573638652776186e-05,16,20,False,0.995,0.005,0.66,fixed,100,none,eefd7eeb-488a-4f09-b43a-00ca3ec1ee27
254,25400,11.498328685760498,1.0,1.0,1.0,0.9960959999999999,0.0,0.0,0.0,0.0,0.0,0.0,0.0,0.0,0.0,0.0,0.0,0.0,0.0,0.0,0.002,0.998,0.052128304705603576,1878,0.00019446035861858964,6.111019658839077e-08,4.257898343896106e-05,16,20,False,0.995,0.005,0.66,fixed,100,none,eefd7eeb-488a-4f09-b43a-00ca3ec1ee27
255,25500,11.510416746139526,1.0,1.0,1.0,0.9960959999999999,0.0,0.0,0.0,0.0,0.0,0.0,0.0,0.0,0.0,0.0,0.0,0.0,0.0,0.0,0.002,0.998,0.052128304705603576,1878,0.00019484742877041436,6.135456478526174e-08,4.26637595251529e-05,16,20,False,0.995,0.005,0.66,fixed,100,none,eefd7eeb-488a-4f09-b43a-00ca3ec1ee27
256,25600,11.524834632873535,1.0,1.0,1.0,0.9960959999999999,0.0,0.0,0.0,0.0,0.0,0.0,0.0,0.0,0.0,0.0,0.0,0.0,0.0,0.0,0.002,0.998,0.051745274115364996,1879,0.0001949578874993115,6.16563071107108e-08,4.268799627195033e-05,16,20,False,0.995,0.005,0.66,fixed,100,none,eefd7eeb-488a-4f09-b43a-00ca3ec1ee27
257,25700,11.536925077438354,1.0,1.0,1.0,0.9960959999999999,0.0,0.0,0.0,0.0,0.0,0.0,0.0,0.0,0.0,0.0,0.0,0.0,0.0,0.0,0.002,0.998,0.051745274115364996,1879,0.0001949238599196396,6.17150972276143e-08,4.2680558804882356e-05,16,20,False,0.995,0.005,0.66,fixed,100,none,eefd7eeb-488a-4f09-b43a-00ca3ec1ee27
258,25800,11.54895567893982,1.0,1.0,1.0,0.9960959999999999,0.0,0.0,0.0,0.0,0.0,0.0,0.0,0.0,0.0,0.0,0.0,0.0,0.0,0.0,0.002,0.998,0.051745274115364996,1879,0.0001949853758179047,6.245514109027014e-08,4.269416524334649e-05,16,20,False,0.995,0.005,0.66,fixed,100,none,eefd7eeb-488a-4f09-b43a-00ca3ec1ee27
259,25900,11.560974359512329,1.0,1.0,1.0,0.9960959999999999,0.0,0.0,0.0,0.0,0.0,0.0,0.0,0.0,0.0,0.0,0.0,0.0,0.0,0.0,0.002,0.998,0.051745274115364996,1879,0.00019550715394035147,6.276580062056529e-08,4.2808441499660846e-05,16,20,False,0.995,0.005,0.66,fixed,100,none,eefd7eeb-488a-4f09-b43a-00ca3ec1ee27
260,26000,11.572984457015991,1.0,1.0,1.0,0.9960959999999999,0.0,0.0,0.0,0.0,0.0,0.0,0.0,0.0,0.0,0.0,0.0,0.0,0.0,0.0,0.002,0.998,0.051745274115364996,1879,0.0001952666290064014,6.254739893929101e-08,4.275574909529973e-05,16,20,False,0.995,0.005,0.66,fixed,100,none,eefd7eeb-488a-4f09-b43a-00ca3ec1ee27
261,26100,11.584993362426758,1.0,1.0,1.0,0.9960959999999999,0.0,0.0,0.0,0.0,0.0,0.0,0.0,0.0,0.0,0.0,0.0,0.0,0.0,0.0,0.002,0.998,0.051745274115364996,1879,0.0001952666290064014,6.254739893929101e-08,4.275574909529973e-05,16,20,False,0.995,0.005,0.66,fixed,100,none,eefd7eeb-488a-4f09-b43a-00ca3ec1ee27
262,26300,11.597018718719482,1.0,1.0,1.0,0.9960959999999999,0.0,0.0,0.0,0.0,0.0,0.0,0.0,0.0,0.0,0.0,0.0,0.0,0.0,0.0,0.002,0.998,0.051745274115364996,1879,0.00019736618447927846,6.423008517599446e-08,4.32156614986975e-05,16,20,False,0.995,0.005,0.66,fixed,100,none,eefd7eeb-488a-4f09-b43a-00ca3ec1ee27
263,26400,11.609040021896362,1.0,1.0,1.0,0.9960959999999999,0.0,0.0,0.0,0.0,0.0,0.0,0.0,0.0,0.0,0.0,0.0,0.0,0.0,0.0,0.002,0.998,0.051745274115364996,1879,0.0001968022615409545,6.447164727915495e-08,4.309226466429798e-05,16,20,False,0.995,0.005,0.66,fixed,100,none,eefd7eeb-488a-4f09-b43a-00ca3ec1ee27
264,26500,11.62116003036499,1.0,1.0,1.0,0.9960959999999999,0.0,0.0,0.0,0.0,0.0,0.0,0.0,0.0,0.0,0.0,0.0,0.0,0.0,0.0,0.002,0.998,0.051745274115364996,1879,0.00019834196538822635,6.530417730667046e-08,4.342946401717102e-05,16,20,False,0.995,0.005,0.66,fixed,100,none,eefd7eeb-488a-4f09-b43a-00ca3ec1ee27
265,26600,11.633283615112305,1.0,1.0,1.0,0.9960959999999999,0.0,0.0,0.0,0.0,0.0,0.0,0.0,0.0,0.0,0.0,0.0,0.0,0.0,0.0,0.002,0.998,0.051745274115364996,1879,0.00019802360883306794,6.528086545079852e-08,4.3359771337994225e-05,16,20,False,0.995,0.005,0.66,fixed,100,none,eefd7eeb-488a-4f09-b43a-00ca3ec1ee27
266,26700,11.645376205444336,1.0,1.0,1.0,0.9960959999999999,0.0,0.0,0.0,0.0,0.0,0.0,0.0,0.0,0.0,0.0,0.0,0.0,0.0,0.0,0.002,0.998,0.051745274115364996,1879,0.00019867235460679784,6.587683963521678e-08,4.350189502295874e-05,16,20,False,0.995,0.005,0.66,fixed,100,none,eefd7eeb-488a-4f09-b43a-00ca3ec1ee27
267,26800,11.65747332572937,1.0,1.0,1.0,0.9960959999999999,0.0,0.0,0.0,0.0,0.0,0.0,0.0,0.0,0.0,0.0,0.0,0.0,0.0,0.0,0.002,0.998,0.051745274115364996,1879,0.0001990152198575322,6.613328053985754e-08,4.357699695011637e-05,16,20,False,0.995,0.005,0.66,fixed,100,none,eefd7eeb-488a-4f09-b43a-00ca3ec1ee27
268,26900,11.66950249671936,1.0,1.0,1.0,0.9960959999999999,0.0,0.0,0.0,0.0,0.0,0.0,0.0,0.0,0.0,0.0,0.0,0.0,0.0,0.0,0.002,0.998,0.051745274115364996,1879,0.0001987521149274097,6.664647282417051e-08,4.3519500787446574e-05,16,20,False,0.995,0.005,0.66,fixed,100,none,eefd7eeb-488a-4f09-b43a-00ca3ec1ee27
269,27000,11.681514501571655,1.0,1.0,1.0,0.9960959999999999,0.0,0.0,0.0,0.0,0.0,0.0,0.0,0.0,0.0,0.0,0.0,0.0,0.0,0.0,0.002,0.998,0.051745274115364996,1879,0.0001989723510814902,6.678602973690624e-08,4.356773699738822e-05,16,20,False,0.995,0.005,0.66,fixed,100,none,eefd7eeb-488a-4f09-b43a-00ca3ec1ee27
270,27100,11.693588733673096,1.0,1.0,1.0,0.9960959999999999,0.0,0.0,0.0,0.0,0.0,0.0,0.0,0.0,0.0,0.0,0.0,0.0,0.0,0.0,0.002,0.998,0.051745274115364996,1879,0.000199451484949185,6.7156798403718e-08,4.36726898470733e-05,16,20,False,0.995,0.005,0.66,fixed,100,none,eefd7eeb-488a-4f09-b43a-00ca3ec1ee27
271,27200,11.705646753311157,1.0,1.0,1.0,0.9960959999999999,0.0,0.0,0.0,0.0,0.0,0.0,0.0,0.0,0.0,0.0,0.0,0.0,0.0,0.0,0.002,0.998,0.051745274115364996,1879,0.00020046324729937435,6.790313130021292e-08,4.3894306428780086e-05,16,20,False,0.995,0.005,0.66,fixed,100,none,eefd7eeb-488a-4f09-b43a-00ca3ec1ee27
272,27400,11.717753887176514,1.0,1.0,1.0,0.9960959999999999,0.0,0.0,0.0,0.0,0.0,0.0,0.0,0.0,0.0,0.0,0.0,0.0,0.0,0.0,0.002,0.998,0.051745274115364996,1879,0.0002004435243784615,6.788889702455782e-08,4.3889986376879886e-05,16,20,False,0.995,0.005,0.66,fixed,100,none,eefd7eeb-488a-4f09-b43a-00ca3ec1ee27
273,27500,11.729844570159912,1.0,1.0,1.0,0.9960959999999999,0.0,0.0,0.0,0.0,0.0,0.0,0.0,0.0,0.0,0.0,0.0,0.0,0.0,0.0,0.002,0.998,0.051745274115364996,1879,0.00020062351201011988,6.778666423869294e-08,4.39293662452206e-05,16,20,False,0.995,0.005,0.66,fixed,100,none,eefd7eeb-488a-4f09-b43a-00ca3ec1ee27
274,27600,11.742066144943237,1.0,1.0,1.0,0.9960959999999999,0.0,0.0,0.0,0.0,0.0,0.0,0.0,0.0,0.0,0.0,0.0,0.0,0.0,0.0,0.002,0.998,0.051745274115364996,1879,0.00020022466367601872,6.787443503546362e-08,4.384207502133724e-05,16,20,False,0.995,0.005,0.66,fixed,100,none,eefd7eeb-488a-4f09-b43a-00ca3ec1ee27
275,27700,11.754148483276367,1.0,1.0,1.0,0.9960959999999999,0.0,0.0,0.0,0.0,0.0,0.0,0.0,0.0,0.0,0.0,0.0,0.0,0.0,0.0,0.002,0.998,0.051745274115364996,1879,0.00020005212381845816,6.837619940489405e-08,4.380440138174743e-05,16,20,False,0.995,0.005,0.66,fixed,100,none,eefd7eeb-488a-4f09-b43a-00ca3ec1ee27
276,27800,11.766215562820435,1.0,1.0,1.0,0.9960959999999999,0.0,0.0,0.0,0.0,0.0,0.0,0.0,0.0,0.0,0.0,0.0,0.0,0.0,0.0,0.002,0.998,0.0513612395130943,1880,0.0002001616141270584,6.844400076352871e-08,4.3828381692558156e-05,16,20,False,0.995,0.005,0.66,fixed,100,none,eefd7eeb-488a-4f09-b43a-00ca3ec1ee27
277,27900,11.778342962265015,1.0,1.0,1.0,0.9960959999999999,0.0,0.0,0.0,0.0,0.0,0.0,0.0,0.0,0.0,0.0,0.0,0.0,0.0,0.0,0.002,0.998,0.0513612395130943,1880,0.0002007680797129115,6.891091442215346e-08,4.396122572289654e-05,16,20,False,0.995,0.005,0.66,fixed,100,none,eefd7eeb-488a-4f09-b43a-00ca3ec1ee27
278,28000,11.79035758972168,1.0,1.0,1.0,0.9960959999999999,0.0,0.0,0.0,0.0,0.0,0.0,0.0,0.0,0.0,0.0,0.0,0.0,0.0,0.0,0.002,0.998,0.052128304705603576,1878,0.00020163089896047765,6.896137436667038e-08,4.4150106443578224e-05,16,20,False,0.995,0.005,0.66,fixed,100,none,eefd7eeb-488a-4f09-b43a-00ca3ec1ee27
279,28100,11.802360534667969,1.0,1.0,1.0,0.9960959999999999,0.0,0.0,0.0,0.0,0.0,0.0,0.0,0.0,0.0,0.0,0.0,0.0,0.0,0.0,0.002,0.998,0.051745274115364996,1879,0.00020166163930411725,6.914777958868154e-08,4.4156870921793114e-05,16,20,False,0.995,0.005,0.66,fixed,100,none,eefd7eeb-488a-4f09-b43a-00ca3ec1ee27
280,28200,11.814343690872192,1.0,1.0,1.0,0.9960959999999999,0.0,0.0,0.0,0.0,0.0,0.0,0.0,0.0,0.0,0.0,0.0,0.0,0.0,0.0,0.002,0.998,0.051745274115364996,1879,0.0002017560065882024,6.896429413251723e-08,4.417749305804269e-05,16,20,False,0.995,0.005,0.66,fixed,100,none,eefd7eeb-488a-4f09-b43a-00ca3ec1ee27
281,28300,11.826391220092773,1.0,1.0,1.0,0.9960959999999999,0.0,0.0,0.0,0.0,0.0,0.0,0.0,0.0,0.0,0.0,0.0,0.0,0.0,0.0,0.002,0.998,0.051745274115364996,1879,0.00020283665279711462,6.95934101507477e-08,4.441416604521704e-05,16,20,False,0.995,0.005,0.66,fixed,100,none,eefd7eeb-488a-4f09-b43a-00ca3ec1ee27
282,28400,11.838407754898071,1.0,1.0,1.0,0.9960959999999999,0.0,0.0,0.0,0.0,0.0,0.0,0.0,0.0,0.0,0.0,0.0,0.0,0.0,0.0,0.002,0.998,0.051745274115364996,1879,0.00020398012679026734,7.04123565472165e-08,4.4664628102133494e-05,16,20,False,0.995,0.005,0.66,fixed,100,none,eefd7eeb-488a-4f09-b43a-00ca3ec1ee27
283,28500,11.850425481796265,1.0,1.0,1.0,0.9960959999999999,0.0,0.0,0.0,0.0,0.0,0.0,0.0,0.0,0.0,0.0,0.0,0.0,0.0,0.0,0.002,0.998,0.051745274115364996,1879,0.00020535780554107038,7.117039778879384e-08,4.496634600852018e-05,16,20,False,0.995,0.005,0.66,fixed,100,none,eefd7eeb-488a-4f09-b43a-00ca3ec1ee27
284,28600,11.862380981445312,1.0,1.0,1.0,0.9960959999999999,0.0,0.0,0.0,0.0,0.0,0.0,0.0,0.0,0.0,0.0,0.0,0.0,0.0,0.0,0.002,0.998,0.051745274115364996,1879,0.00020674112252994212,7.154276778672905e-08,4.526922484768381e-05,16,20,False,0.995,0.005,0.66,fixed,100,none,eefd7eeb-488a-4f09-b43a-00ca3ec1ee27
285,28700,11.874431133270264,1.0,1.0,1.0,0.9960959999999999,0.0,0.0,0.0,0.0,0.0,0.0,0.0,0.0,0.0,0.0,0.0,0.0,0.0,0.0,0.002,0.998,0.051745274115364996,1879,0.00020692359662380998,7.161968606397594e-08,4.530918304130416e-05,16,20,False,0.995,0.005,0.66,fixed,100,none,eefd7eeb-488a-4f09-b43a-00ca3ec1ee27
286,28800,11.887037992477417,1.0,1.0,1.0,0.9960959999999999,0.0,0.0,0.0,0.0,0.0,0.0,0.0,0.0,0.0,0.0,0.0,0.0,0.0,0.0,0.002,0.998,0.052128304705603576,1878,0.00020680597883696646,7.179175374846768e-08,4.528346920062417e-05,16,20,False,0.995,0.005,0.66,fixed,100,none,eefd7eeb-488a-4f09-b43a-00ca3ec1ee27
287,28900,11.898710250854492,1.0,1.0,1.0,0.9960959999999999,0.0,0.0,0.0,0.0,0.0,0.0,0.0,0.0,0.0,0.0,0.0,0.0,0.0,0.0,0.002,0.998,0.052128304705603576,1878,0.00020663528394942454,7.189140144174256e-08,4.5246123022802964e-05,16,20,False,0.995,0.005,0.66,fixed,100,none,eefd7eeb-488a-4f09-b43a-00ca3ec1ee27
288,29000,11.910666465759277,1.0,1.0,1.0,0.9960959999999999,0.0,0.0,0.0,0.0,0.0,0.0,0.0,0.0,0.0,0.0,0.0,0.0,0.0,0.0,0.002,0.998,0.052128304705603576,1878,0.00020683790426076818,7.204781857958656e-08,4.5290506328212276e-05,16,20,False,0.995,0.005,0.66,fixed,100,none,eefd7eeb-488a-4f09-b43a-00ca3ec1ee27
289,29100,11.922639608383179,1.0,1.0,1.0,0.9960959999999999,0.0,0.0,0.0,0.0,0.0,0.0,0.0,0.0,0.0,0.0,0.0,0.0,0.0,0.0,0.002,0.998,0.052128304705603576,1878,0.00020770395676767594,7.217973807128554e-08,4.548011028667781e-05,16,20,False,0.995,0.005,0.66,fixed,100,none,eefd7eeb-488a-4f09-b43a-00ca3ec1ee27
290,29200,11.934753179550171,1.0,1.0,1.0,0.9960959999999999,0.0,0.0,0.0,0.0,0.0,0.0,0.0,0.0,0.0,0.0,0.0,0.0,0.0,0.0,0.002,0.998,0.052128304705603576,1878,0.00020822541162600686,7.238745359466984e-08,4.559429622111589e-05,16,20,False,0.995,0.005,0.66,fixed,100,none,eefd7eeb-488a-4f09-b43a-00ca3ec1ee27
291,29300,11.946817636489868,1.0,1.0,1.0,0.9960959999999999,0.0,0.0,0.0,0.0,0.0,0.0,0.0,0.0,0.0,0.0,0.0,0.0,0.0,0.0,0.002,0.998,0.052128304705603576,1878,0.00020766496423892558,7.243931626607774e-08,4.547162414199137e-05,16,20,False,0.995,0.005,0.66,fixed,100,none,eefd7eeb-488a-4f09-b43a-00ca3ec1ee27
292,29500,11.958722591400146,1.0,1.0,1.0,0.9960959999999999,0.0,0.0,0.0,0.0,0.0,0.0,0.0,0.0,0.0,0.0,0.0,0.0,0.0,0.0,0.002,0.998,0.051745274115364996,1879,0.00021123511318907586,7.421951305880049e-08,4.625346798456988e-05,16,20,False,0.995,0.005,0.66,fixed,100,none,eefd7eeb-488a-4f09-b43a-00ca3ec1ee27
293,29600,11.97057819366455,1.0,1.0,1.0,0.9960959999999999,0.0,0.0,0.0,0.0,0.0,0.0,0.0,0.0,0.0,0.0,0.0,0.0,0.0,0.0,0.002,0.998,0.051745274115364996,1879,0.000210976338500354,7.45817493523935e-08,4.6196891030104446e-05,16,20,False,0.995,0.005,0.66,fixed,100,none,eefd7eeb-488a-4f09-b43a-00ca3ec1ee27
294,29700,11.982390403747559,1.0,1.0,1.0,0.9960959999999999,0.0,0.0,0.0,0.0,0.0,0.0,0.0,0.0,0.0,0.0,0.0,0.0,0.0,0.0,0.002,0.998,0.051745274115364996,1879,0.00021180847766650156,7.478940699535833e-08,4.637908574852631e-05,16,20,False,0.995,0.005,0.66,fixed,100,none,eefd7eeb-488a-4f09-b43a-00ca3ec1ee27
295,29800,11.994330644607544,1.0,1.0,1.0,0.9960959999999999,0.0,0.0,0.0,0.0,0.0,0.0,0.0,0.0,0.0,0.0,0.0,0.0,0.0,0.0,0.002,0.998,0.051745274115364996,1879,0.00021125472280134145,7.464633835120486e-08,4.625784162550037e-05,16,20,False,0.995,0.005,0.66,fixed,100,none,eefd7eeb-488a-4f09-b43a-00ca3ec1ee27
296,29900,12.006049394607544,1.0,1.0,1.0,0.9960959999999999,0.0,0.0,0.0,0.0,0.0,0.0,0.0,0.0,0.0,0.0,0.0,0.0,0.0,0.0,0.002,0.998,0.051745274115364996,1879,0.00021110511229613927,7.476829431574537e-08,4.6225115057544884e-05,16,20,False,0.995,0.005,0.66,fixed,100,none,eefd7eeb-488a-4f09-b43a-00ca3ec1ee27
297,30000,12.017734289169312,1.0,1.0,1.0,0.9960959999999999,0.0,0.0,0.0,0.0,0.0,0.0,0.0,0.0,0.0,0.0,0.0,0.0,0.0,0.0,0.002,0.998,0.051745274115364996,1879,0.00021034659920436617,7.445900854452239e-08,4.605901777745921e-05,16,20,False,0.995,0.005,0.66,fixed,100,none,eefd7eeb-488a-4f09-b43a-00ca3ec1ee27
298,30200,12.029473066329956,1.0,1.0,1.0,0.9960959999999999,0.0,0.0,0.0,0.0,0.0,0.0,0.0,0.0,0.0,0.0,0.0,0.0,0.0,0.0,0.002,0.998,0.052128304705603576,1878,0.00021184728715759472,7.501615325772092e-08,4.6387624227916456e-05,16,20,False,0.995,0.005,0.66,fixed,100,none,eefd7eeb-488a-4f09-b43a-00ca3ec1ee27
299,30300,12.041354417800903,1.0,1.0,1.0,0.9960959999999999,0.0,0.0,0.0,0.0,0.0,0.0,0.0,0.0,0.0,0.0,0.0,0.0,0.0,0.0,0.002,0.998,0.052128304705603576,1878,0.00021128665194334952,7.491704798055244e-08,4.626488234951552e-05,16,20,False,0.995,0.005,0.66,fixed,100,none,eefd7eeb-488a-4f09-b43a-00ca3ec1ee27
300,30400,12.053138732910156,1.0,1.0,1.0,0.9960959999999999,0.0,0.0,0.0,0.0,0.0,0.0,0.0,0.0,0.0,0.0,0.0,0.0,0.0,0.0,0.002,0.998,0.052128304705603576,1878,0.00021236639728252648,7.58695973529187e-08,4.6501419588642105e-05,16,20,False,0.995,0.005,0.66,fixed,100,none,eefd7eeb-488a-4f09-b43a-00ca3ec1ee27
301,30500,12.06504511833191,1.0,1.0,1.0,0.9960959999999999,0.0,0.0,0.0,0.0,0.0,0.0,0.0,0.0,0.0,0.0,0.0,0.0,0.0,0.0,0.002,0.998,0.052128304705603576,1878,0.00021337132783096362,7.674391566792551e-08,4.6721565006174844e-05,16,20,False,0.995,0.005,0.66,fixed,100,none,eefd7eeb-488a-4f09-b43a-00ca3ec1ee27
302,30600,12.076806783676147,1.0,1.0,1.0,0.9960959999999999,0.0,0.0,0.0,0.0,0.0,0.0,0.0,0.0,0.0,0.0,0.0,0.0,0.0,0.0,0.002,0.998,0.052128304705603576,1878,0.0002138820747914227,7.716576158128025e-08,4.683344766654288e-05,16,20,False,0.995,0.005,0.66,fixed,100,none,eefd7eeb-488a-4f09-b43a-00ca3ec1ee27
303,30700,12.08851957321167,1.0,1.0,1.0,0.9960959999999999,0.0,0.0,0.0,0.0,0.0,0.0,0.0,0.0,0.0,0.0,0.0,0.0,0.0,0.0,0.002,0.998,0.05251033128381009,1877,0.00021471048146210904,7.737234219801069e-08,4.701482513707329e-05,16,20,False,0.995,0.005,0.66,fixed,100,none,eefd7eeb-488a-4f09-b43a-00ca3ec1ee27
304,30800,12.10022258758545,1.0,1.0,1.0,0.9960959999999999,0.0,0.0,0.0,0.0,0.0,0.0,0.0,0.0,0.0,0.0,0.0,0.0,0.0,0.0,0.002,0.998,0.052128304705603576,1878,0.00021621665044743602,7.792068616570783e-08,4.734462971331523e-05,16,20,False,0.995,0.005,0.66,fixed,100,none,eefd7eeb-488a-4f09-b43a-00ca3ec1ee27
305,30900,12.111894607543945,1.0,1.0,1.0,0.9960959999999999,0.0,0.0,0.0,0.0,0.0,0.0,0.0,0.0,0.0,0.0,0.0,0.0,0.0,0.0,0.002,0.998,0.051745274115364996,1879,0.00021668272355582376,7.8613901487902e-08,4.744678482765252e-05,16,20,False,0.995,0.005,0.66,fixed,100,none,eefd7eeb-488a-4f09-b43a-00ca3ec1ee27
306,31000,12.12359070777893,1.0,1.0,1.0,0.9960959999999999,0.0,0.0,0.0,0.0,0.0,0.0,0.0,0.0,0.0,0.0,0.0,0.0,0.0,0.0,0.002,0.998,0.051745274115364996,1879,0.00021915662492120547,8.013455508505113e-08,4.798861076071804e-05,16,20,False,0.995,0.005,0.66,fixed,100,none,eefd7eeb-488a-4f09-b43a-00ca3ec1ee27
307,31100,12.135401725769043,1.0,1.0,1.0,0.9960959999999999,0.0,0.0,0.0,0.0,0.0,0.0,0.0,0.0,0.0,0.0,0.0,0.0,0.0,0.0,0.002,0.998,0.051745274115364996,1879,0.00021738936945977266,7.894314560135934e-08,4.760153217240849e-05,16,20,False,0.995,0.005,0.66,fixed,100,none,eefd7eeb-488a-4f09-b43a-00ca3ec1ee27
308,31200,12.147453784942627,1.0,1.0,1.0,0.9960959999999999,0.0,0.0,0.0,0.0,0.0,0.0,0.0,0.0,0.0,0.0,0.0,0.0,0.0,0.0,0.002,0.998,0.051745274115364996,1879,0.00021751489670729376,7.909367177131909e-08,4.762903868686316e-05,16,20,False,0.995,0.005,0.66,fixed,100,none,eefd7eeb-488a-4f09-b43a-00ca3ec1ee27
309,31300,12.159580945968628,1.0,1.0,1.0,0.9960959999999999,0.0,0.0,0.0,0.0,0.0,0.0,0.0,0.0,0.0,0.0,0.0,0.0,0.0,0.0,0.002,0.998,0.051745274115364996,1879,0.0002185319565805804,7.941692531931023e-08,4.7851734511299723e-05,16,20,False,0.995,0.005,0.66,fixed,100,none,eefd7eeb-488a-4f09-b43a-00ca3ec1ee27
310,31400,12.171497821807861,1.0,1.0,1.0,0.9960959999999999,0.0,0.0,0.0,0.0,0.0,0.0,0.0,0.0,0.0,0.0,0.0,0.0,0.0,0.0,0.002,0.998,0.051745274115364996,1879,0.0002181730450815497,7.915830577598681e-08,4.777311964644867e-05,16,20,False,0.995,0.005,0.66,fixed,100,none,eefd7eeb-488a-4f09-b43a-00ca3ec1ee27
311,31500,12.183855533599854,1.0,1.0,1.0,0.9960959999999999,0.0,0.0,0.0,0.0,0.0,0.0,0.0,0.0,0.0,0.0,0.0,0.0,0.0,0.0,0.002,0.998,0.051745274115364996,1879,0.0002180764949405704,7.926551882402776e-08,4.7752005191067424e-05,16,20,False,0.995,0.005,0.66,fixed,100,none,eefd7eeb-488a-4f09-b43a-00ca3ec1ee27
312,31600,12.195764064788818,1.0,1.0,1.0,0.9960959999999999,0.0,0.0,0.0,0.0,0.0,0.0,0.0,0.0,0.0,0.0,0.0,0.0,0.0,0.0,0.002,0.998,0.051745274115364996,1879,0.0002180764949405704,7.926551882402776e-08,4.7752005191067424e-05,16,20,False,0.995,0.005,0.66,fixed,100,none,eefd7eeb-488a-4f09-b43a-00ca3ec1ee27
313,31700,12.207710981369019,1.0,1.0,1.0,0.9960959999999999,0.0,0.0,0.0,0.0,0.0,0.0,0.0,0.0,0.0,0.0,0.0,0.0,0.0,0.0,0.002,0.998,0.051745274115364996,1879,0.00022006213515587156,8.053366999494588e-08,4.8186902782919326e-05,16,20,False,0.995,0.005,0.66,fixed,100,none,eefd7eeb-488a-4f09-b43a-00ca3ec1ee27
314,31800,12.219398736953735,1.0,1.0,1.0,0.9960959999999999,0.0,0.0,0.0,0.0,0.0,0.0,0.0,0.0,0.0,0.0,0.0,0.0,0.0,0.0,0.002,0.998,0.051745274115364996,1879,0.00022055112390294163,8.095192880517192e-08,4.829402188882691e-05,16,20,False,0.995,0.005,0.66,fixed,100,none,eefd7eeb-488a-4f09-b43a-00ca3ec1ee27
315,32000,12.231147050857544,1.0,1.0,1.0,0.9960959999999999,0.0,0.0,0.0,0.0,0.0,0.0,0.0,0.0,0.0,0.0,0.0,0.0,0.0,0.0,0.002,0.998,0.052128304705603576,1878,0.0002216127482371223,8.10500533851234e-08,4.852643009924925e-05,16,20,False,0.995,0.005,0.66,fixed,100,none,eefd7eeb-488a-4f09-b43a-00ca3ec1ee27
316,32100,12.242891788482666,1.0,1.0,1.0,0.9960959999999999,0.0,0.0,0.0,0.0,0.0,0.0,0.0,0.0,0.0,0.0,0.0,0.0,0.0,0.0,0.002,0.998,0.052128304705603576,1878,0.0002224606194511466,8.151181850734546e-08,4.871211684337239e-05,16,20,False,0.995,0.005,0.66,fixed,100,none,eefd7eeb-488a-4f09-b43a-00ca3ec1ee27
317,32200,12.254868507385254,1.0,1.0,1.0,0.9960959999999999,0.0,0.0,0.0,0.0,0.0,0.0,0.0,0.0,0.0,0.0,0.0,0.0,0.0,0.0,0.002,0.998,0.052128304705603576,1878,0.00022234645224657095,8.14266416571068e-08,4.8687109458689234e-05,16,20,False,0.995,0.005,0.66,fixed,100,none,eefd7eeb-488a-4f09-b43a-00ca3ec1ee27
318,32300,12.266910076141357,1.0,1.0,1.0,0.9960959999999999,0.0,0.0,0.0,0.0,0.0,0.0,0.0,0.0,0.0,0.0,0.0,0.0,0.0,0.0,0.002,0.998,0.052128304705603576,1878,0.0002226683751964446,8.18552833684696e-08,4.8757659834341734e-05,16,20,False,0.995,0.005,0.66,fixed,100,none,eefd7eeb-488a-4f09-b43a-00ca3ec1ee27
319,32400,12.27863597869873,1.0,1.0,1.0,0.9960959999999999,0.0,0.0,0.0,0.0,0.0,0.0,0.0,0.0,0.0,0.0,0.0,0.0,0.0,0.0,0.002,0.998,0.052128304705603576,1878,0.00022110469411668434,8.126774083292792e-08,4.8415258412900456e-05,16,20,False,0.995,0.005,0.66,fixed,100,none,eefd7eeb-488a-4f09-b43a-00ca3ec1ee27
320,32500,12.290406465530396,1.0,1.0,1.0,0.9960959999999999,0.0,0.0,0.0,0.0,0.0,0.0,0.0,0.0,0.0,0.0,0.0,0.0,0.0,0.0,0.002,0.998,0.052510331283810094,1877,0.00022002108034544843,8.11717761108832e-08,4.817803712507973e-05,16,20,False,0.995,0.005,0.66,fixed,100,none,eefd7eeb-488a-4f09-b43a-00ca3ec1ee27
321,32600,12.302406787872314,1.0,1.0,1.0,0.9960959999999999,0.0,0.0,0.0,0.0,0.0,0.0,0.0,0.0,0.0,0.0,0.0,0.0,0.0,0.0,0.002,0.998,0.052128304705603576,1878,0.00022018036988991036,8.133017015667072e-08,4.821293570123115e-05,16,20,False,0.995,0.005,0.66,fixed,100,none,eefd7eeb-488a-4f09-b43a-00ca3ec1ee27
322,32800,12.314148426055908,1.0,1.0,1.0,0.9960959999999999,0.0,0.0,0.0,0.0,0.0,0.0,0.0,0.0,0.0,0.0,0.0,0.0,0.0,0.0,0.002,0.998,0.052510331283810094,1877,0.000219828887030445,8.139093996856093e-08,4.813600764955844e-05,16,20,False,0.995,0.005,0.66,fixed,100,none,eefd7eeb-488a-4f09-b43a-00ca3ec1ee27
323,32900,12.32631778717041,1.0,1.0,1.0,0.9960959999999999,0.0,0.0,0.0,0.0,0.0,0.0,0.0,0.0,0.0,0.0,0.0,0.0,0.0,0.0,0.002,0.998,0.052510331283810094,1877,0.00022004999255170667,8.123580759787879e-08,4.8184378173012184e-05,16,20,False,0.995,0.005,0.66,fixed,100,none,eefd7eeb-488a-4f09-b43a-00ca3ec1ee27
324,33000,12.337985038757324,1.0,1.0,1.0,0.9960959999999999,0.0,0.0,0.0,0.0,0.0,0.0,0.0,0.0,0.0,0.0,0.0,0.0,0.0,0.0,0.002,0.998,0.052128304705603576,1878,0.00021908423218118222,8.022382858610101e-08,4.7972780951892144e-05,16,20,False,0.995,0.005,0.66,fixed,100,none,eefd7eeb-488a-4f09-b43a-00ca3ec1ee27
325,33100,12.349735260009766,1.0,1.0,1.0,0.9960959999999999,0.0,0.0,0.0,0.0,0.0,0.0,0.0,0.0,0.0,0.0,0.0,0.0,0.0,0.0,0.002,0.998,0.052128304705603576,1878,0.00021942359080651458,8.055093367710619e-08,4.8047128704944694e-05,16,20,False,0.995,0.005,0.66,fixed,100,none,eefd7eeb-488a-4f09-b43a-00ca3ec1ee27
326,33200,12.361598491668701,1.0,1.0,1.0,0.9960959999999999,0.0,0.0,0.0,0.0,0.0,0.0,0.0,0.0,0.0,0.0,0.0,0.0,0.0,0.0,0.002,0.998,0.05251033128381009,1877,0.00021972693305734886,8.080501802912752e-08,4.81135785996792e-05,16,20,False,0.995,0.005,0.66,fixed,100,none,eefd7eeb-488a-4f09-b43a-00ca3ec1ee27
327,33300,12.37357211112976,1.0,1.0,1.0,0.9960959999999999,0.0,0.0,0.0,0.0,0.0,0.0,0.0,0.0,0.0,0.0,0.0,0.0,0.0,0.0,0.002,0.998,0.05251033128381009,1877,0.00021975492567499202,8.062020860007386e-08,4.8119671069889766e-05,16,20,False,0.995,0.005,0.66,fixed,100,none,eefd7eeb-488a-4f09-b43a-00ca3ec1ee27
328,33400,12.38554334640503,1.0,1.0,1.0,0.9960959999999999,0.0,0.0,0.0,0.0,0.0,0.0,0.0,0.0,0.0,0.0,0.0,0.0,0.0,0.0,0.002,0.998,0.05251033128381009,1877,0.0002194226414221241,8.053327703767402e-08,4.804691752994012e-05,16,20,False,0.995,0.005,0.66,fixed,100,none,eefd7eeb-488a-4f09-b43a-00ca3ec1ee27
329,33500,12.397485733032227,1.0,1.0,1.0,0.9960959999999999,0.0,0.0,0.0,0.0,0.0,0.0,0.0,0.0,0.0,0.0,0.0,0.0,0.0,0.0,0.002,0.998,0.052128304705603576,1878,0.00021869344058004665,8.04586026722081e-08,4.788728127747993e-05,16,20,False,0.995,0.005,0.66,fixed,100,none,eefd7eeb-488a-4f09-b43a-00ca3ec1ee27
330,33600,12.40945816040039,1.0,1.0,1.0,0.9960959999999999,0.0,0.0,0.0,0.0,0.0,0.0,0.0,0.0,0.0,0.0,0.0,0.0,0.0,0.0,0.002,0.998,0.052128304705603576,1878,0.00021869344058004665,8.04586026722081e-08,4.788728127747993e-05,16,20,False,0.995,0.005,0.66,fixed,100,none,eefd7eeb-488a-4f09-b43a-00ca3ec1ee27
331,33700,12.421430587768555,1.0,1.0,1.0,0.9960959999999999,0.0,0.0,0.0,0.0,0.0,0.0,0.0,0.0,0.0,0.0,0.0,0.0,0.0,0.0,0.002,0.998,0.05251033128381009,1877,0.00021972750534789858,8.08556568850912e-08,4.811371349546317e-05,16,20,False,0.995,0.005,0.66,fixed,100,none,eefd7eeb-488a-4f09-b43a-00ca3ec1ee27
332,33900,12.433453559875488,1.0,1.0,1.0,0.9960959999999999,0.0,0.0,0.0,0.0,0.0,0.0,0.0,0.0,0.0,0.0,0.0,0.0,0.0,0.0,0.002,0.998,0.052128304705603576,1878,0.00022532984441866316,8.41923258700523e-08,4.934069948516068e-05,16,20,False,0.995,0.005,0.66,fixed,100,none,eefd7eeb-488a-4f09-b43a-00ca3ec1ee27
333,34000,12.445427894592285,1.0,1.0,1.0,0.9960959999999999,0.0,0.0,0.0,0.0,0.0,0.0,0.0,0.0,0.0,0.0,0.0,0.0,0.0,0.0,0.002,0.998,0.052128304705603576,1878,0.00022521114806721876,8.436212464702693e-08,4.9314749115597125e-05,16,20,False,0.995,0.005,0.66,fixed,100,none,eefd7eeb-488a-4f09-b43a-00ca3ec1ee27
334,34200,12.457435369491577,1.0,1.0,1.0,0.9960959999999999,0.0,0.0,0.0,0.0,0.0,0.0,0.0,0.0,0.0,0.0,0.0,0.0,0.0,0.0,0.002,0.998,0.052128304705603576,1878,0.00022718197547328303,8.623391162725066e-08,4.9746518874310835e-05,16,20,False,0.995,0.005,0.66,fixed,100,none,eefd7eeb-488a-4f09-b43a-00ca3ec1ee27
335,34300,12.469404458999634,1.0,1.0,1.0,0.9960959999999999,0.0,0.0,0.0,0.0,0.0,0.0,0.0,0.0,0.0,0.0,0.0,0.0,0.0,0.0,0.002,0.998,0.052128304705603576,1878,0.00022919612355605168,8.703269829003641e-08,5.0187567659094825e-05,16,20,False,0.995,0.005,0.66,fixed,100,none,eefd7eeb-488a-4f09-b43a-00ca3ec1ee27
336,34400,12.481384038925171,1.0,1.0,1.0,0.9960959999999999,0.0,0.0,0.0,0.0,0.0,0.0,0.0,0.0,0.0,0.0,0.0,0.0,0.0,0.0,0.002,0.998,0.052128304705603576,1878,0.0002297785430850944,8.734067313950993e-08,5.0315117809223675e-05,16,20,False,0.995,0.005,0.66,fixed,100,none,eefd7eeb-488a-4f09-b43a-00ca3ec1ee27
337,34500,12.493386268615723,1.0,1.0,1.0,0.9960959999999999,0.0,0.0,0.0,0.0,0.0,0.0,0.0,0.0,0.0,0.0,0.0,0.0,0.0,0.0,0.002,0.998,0.052128304705603576,1878,0.00022902359221649272,8.72659722470928e-08,5.01498448709172e-05,16,20,False,0.995,0.005,0.66,fixed,100,none,eefd7eeb-488a-4f09-b43a-00ca3ec1ee27
338,34600,12.50538158416748,1.0,1.0,1.0,0.9960959999999999,0.0,0.0,0.0,0.0,0.0,0.0,0.0,0.0,0.0,0.0,0.0,0.0,0.0,0.0,0.002,0.998,0.052128304705603576,1878,0.0002286247133888377,8.682260511440066e-08,5.006244605578831e-05,16,20,False,0.995,0.005,0.66,fixed,100,none,eefd7eeb-488a-4f09-b43a-00ca3ec1ee27
339,34700,12.517680406570435,1.0,1.0,1.0,0.9960959999999999,0.0,0.0,0.0,0.0,0.0,0.0,0.0,0.0,0.0,0.0,0.0,0.0,0.0,0.0,0.002,0.998,0.052128304705603576,1878,0.00022936007837366185,8.68470006124326e-08,5.0223422086110946e-05,16,20,False,0.995,0.005,0.66,fixed,100,none,eefd7eeb-488a-4f09-b43a-00ca3ec1ee27
340,34800,12.529866933822632,1.0,1.0,1.0,0.9960959999999999,0.0,0.0,0.0,0.0,0.0,0.0,0.0,0.0,0.0,0.0,0.0,0.0,0.0,0.0,0.002,0.998,0.052128304705603576,1878,0.00022852644643213928,8.67233229421537e-08,5.00409165553543e-05,16,20,False,0.995,0.005,0.66,fixed,100,none,eefd7eeb-488a-4f09-b43a-00ca3ec1ee27
341,35000,12.541827201843262,1.0,1.0,1.0,0.9960959999999999,0.0,0.0,0.0,0.0,0.0,0.0,0.0,0.0,0.0,0.0,0.0,0.0,0.0,0.0,0.002,0.998,0.052128304705603576,1878,0.000230473411221083,8.792771557553385e-08,5.0467335982254425e-05,16,20,False,0.995,0.005,0.66,fixed,100,none,eefd7eeb-488a-4f09-b43a-00ca3ec1ee27
342,35100,12.553764581680298,1.0,1.0,1.0,0.9960959999999999,0.0,0.0,0.0,0.0,0.0,0.0,0.0,0.0,0.0,0.0,0.0,0.0,0.0,0.0,0.002,0.998,0.052128304705603576,1878,0.00022957006640120215,8.765129425008072e-08,5.0269541281130665e-05,16,20,False,0.995,0.005,0.66,fixed,100,none,eefd7eeb-488a-4f09-b43a-00ca3ec1ee27
343,35300,12.565601587295532,1.0,1.0,1.0,0.9960959999999999,0.0,0.0,0.0,0.0,0.0,0.0,0.0,0.0,0.0,0.0,0.0,0.0,0.0,0.0,0.002,0.998,0.052128304705603576,1878,0.00022945682703559006,8.804798811605315e-08,5.024482855583271e-05,16,20,False,0.995,0.005,0.66,fixed,100,none,eefd7eeb-488a-4f09-b43a-00ca3ec1ee27
344,35400,12.57750415802002,1.0,1.0,1.0,0.9960959999999999,0.0,0.0,0.0,0.0,0.0,0.0,0.0,0.0,0.0,0.0,0.0,0.0,0.0,0.0,0.002,0.998,0.052128304705603576,1878,0.00022990682711367252,8.846070677711443e-08,5.034341198947057e-05,16,20,False,0.995,0.005,0.66,fixed,100,none,eefd7eeb-488a-4f09-b43a-00ca3ec1ee27
345,35600,12.589381456375122,1.0,1.0,1.0,0.9960959999999999,0.0,0.0,0.0,0.0,0.0,0.0,0.0,0.0,0.0,0.0,0.0,0.0,0.0,0.0,0.002,0.998,0.052128304705603576,1878,0.00023133660121821197,8.897984350545859e-08,5.065648817693264e-05,16,20,False,0.995,0.005,0.66,fixed,100,none,eefd7eeb-488a-4f09-b43a-00ca3ec1ee27
346,35700,12.601410388946533,1.0,1.0,1.0,0.9960959999999999,0.0,0.0,0.0,0.0,0.0,0.0,0.0,0.0,0.0,0.0,0.0,0.0,0.0,0.0,0.002,0.998,0.052128304705603576,1878,0.00023203000175642371,8.934145994633383e-08,5.080834226187096e-05,16,20,False,0.995,0.005,0.66,fixed,100,none,eefd7eeb-488a-4f09-b43a-00ca3ec1ee27
347,35800,12.61381721496582,1.0,1.0,1.0,0.9960959999999999,0.0,0.0,0.0,0.0,0.0,0.0,0.0,0.0,0.0,0.0,0.0,0.0,0.0,0.0,0.002,0.998,0.052128304705603576,1878,0.00023241541722309408,8.964260820144284e-08,5.089276692569357e-05,16,20,False,0.995,0.005,0.66,fixed,100,none,eefd7eeb-488a-4f09-b43a-00ca3ec1ee27
348,35900,12.625763654708862,1.0,1.0,1.0,0.9960959999999999,0.0,0.0,0.0,0.0,0.0,0.0,0.0,0.0,0.0,0.0,0.0,0.0,0.0,0.0,0.002,0.998,0.052128304705603576,1878,0.00023252168025298422,8.977867582803185e-08,5.0916053755785574e-05,16,20,False,0.995,0.005,0.66,fixed,100,none,eefd7eeb-488a-4f09-b43a-00ca3ec1ee27
349,36000,12.637733221054077,1.0,1.0,1.0,0.9960959999999999,0.0,0.0,0.0,0.0,0.0,0.0,0.0,0.0,0.0,0.0,0.0,0.0,0.0,0.0,0.002,0.998,0.052128304705603576,1878,0.0002340431745366066,9.05281539694404e-08,5.124925125531738e-05,16,20,False,0.995,0.005,0.66,fixed,100,none,eefd7eeb-488a-4f09-b43a-00ca3ec1ee27
350,36100,12.649841547012329,1.0,1.0,1.0,0.9960959999999999,0.0,0.0,0.0,0.0,0.0,0.0,0.0,0.0,0.0,0.0,0.0,0.0,0.0,0.0,0.002,0.998,0.051745274115364996,1879,0.0002336135822850261,9.047487511136938e-08,5.115520338846338e-05,16,20,False,0.995,0.005,0.66,fixed,100,none,eefd7eeb-488a-4f09-b43a-00ca3ec1ee27
351,36200,12.661646366119385,1.0,1.0,1.0,0.9960959999999999,0.0,0.0,0.0,0.0,0.0,0.0,0.0,0.0,0.0,0.0,0.0,0.0,0.0,0.0,0.002,0.998,0.051745274115364996,1879,0.0002336135822850261,9.047487511136938e-08,5.115520338846338e-05,16,20,False,0.995,0.005,0.66,fixed,100,none,eefd7eeb-488a-4f09-b43a-00ca3ec1ee27
352,36300,12.673418045043945,1.0,1.0,1.0,0.9960959999999999,0.0,0.0,0.0,0.0,0.0,0.0,0.0,0.0,0.0,0.0,0.0,0.0,0.0,0.0,0.002,0.998,0.051745274115364996,1879,0.00023426773542368237,9.081901792463711e-08,5.129846289764976e-05,16,20,False,0.995,0.005,0.66,fixed,100,none,eefd7eeb-488a-4f09-b43a-00ca3ec1ee27
353,36400,12.68520188331604,1.0,1.0,1.0,0.9960959999999999,0.0,0.0,0.0,0.0,0.0,0.0,0.0,0.0,0.0,0.0,0.0,0.0,0.0,0.0,0.002,0.998,0.05251033128381009,1877,0.00023554394658864368,9.136493903632163e-08,5.157792924667101e-05,16,20,False,0.995,0.005,0.66,fixed,100,none,eefd7eeb-488a-4f09-b43a-00ca3ec1ee27
354,36500,12.697267770767212,1.0,1.0,1.0,0.9960959999999999,0.0,0.0,0.0,0.0,0.0,0.0,0.0,0.0,0.0,0.0,0.0,0.0,0.0,0.0,0.002,0.998,0.05251033128381009,1877,0.00023547680343344673,9.141820615857942e-08,5.156324173075162e-05,16,20,False,0.995,0.005,0.66,fixed,100,none,eefd7eeb-488a-4f09-b43a-00ca3ec1ee27
355,36600,12.709086894989014,1.0,1.0,1.0,0.9960959999999999,0.0,0.0,0.0,0.0,0.0,0.0,0.0,0.0,0.0,0.0,0.0,0.0,0.0,0.0,0.002,0.998,0.05251033128381009,1877,0.00023509635884361394,9.173374419199966e-08,5.148002236226357e-05,16,20,False,0.995,0.005,0.66,fixed,100,none,eefd7eeb-488a-4f09-b43a-00ca3ec1ee27
356,36800,12.721107959747314,1.0,1.0,1.0,0.9960959999999999,0.0,0.0,0.0,0.0,0.0,0.0,0.0,0.0,0.0,0.0,0.0,0.0,0.0,0.0,0.002,0.998,0.052128304705603576,1878,0.0002335374136111127,9.05524343222576e-08,5.11385448019938e-05,16,20,False,0.995,0.005,0.66,fixed,100,none,eefd7eeb-488a-4f09-b43a-00ca3ec1ee27
357,36900,12.733120203018188,1.0,1.0,1.0,0.9960959999999999,0.0,0.0,0.0,0.0,0.0,0.0,0.0,0.0,0.0,0.0,0.0,0.0,0.0,0.0,0.002,0.998,0.05251033128381009,1877,0.0002329198531668406,9.027202173841026e-08,5.100330754235171e-05,16,20,False,0.995,0.005,0.66,fixed,100,none,eefd7eeb-488a-4f09-b43a-00ca3ec1ee27
358,37100,12.74492597579956,1.0,1.0,1.0,0.9960959999999999,0.0,0.0,0.0,0.0,0.0,0.0,0.0,0.0,0.0,0.0,0.0,0.0,0.0,0.0,0.002,0.998,0.051745274115364996,1879,0.0002339616379227667,9.05967211937907e-08,5.123141591832045e-05,16,20,False,0.995,0.005,0.66,fixed,100,none,eefd7eeb-488a-4f09-b43a-00ca3ec1ee27
359,37200,12.756592035293579,1.0,1.0,1.0,0.9960959999999999,0.0,0.0,0.0,0.0,0.0,0.0,0.0,0.0,0.0,0.0,0.0,0.0,0.0,0.0,0.002,0.998,0.051745274115364996,1879,0.00023269644333553065,9.052546749620536e-08,5.095445128497194e-05,16,20,False,0.995,0.005,0.66,fixed,100,none,eefd7eeb-488a-4f09-b43a-00ca3ec1ee27
360,37400,12.768428087234497,1.0,1.0,1.0,0.9960959999999999,0.0,0.0,0.0,0.0,0.0,0.0,0.0,0.0,0.0,0.0,0.0,0.0,0.0,0.0,0.002,0.998,0.051745274115364996,1879,0.00023252708799777655,9.064073608615838e-08,5.091740130256966e-05,16,20,False,0.995,0.005,0.66,fixed,100,none,eefd7eeb-488a-4f09-b43a-00ca3ec1ee27
361,37500,12.78032660484314,1.0,1.0,1.0,0.9960959999999999,0.0,0.0,0.0,0.0,0.0,0.0,0.0,0.0,0.0,0.0,0.0,0.0,0.0,0.0,0.002,0.998,0.051745274115364996,1879,0.00023401194033543255,9.177168766445182e-08,5.1242650360082433e-05,16,20,False,0.995,0.005,0.66,fixed,100,none,eefd7eeb-488a-4f09-b43a-00ca3ec1ee27
362,37600,12.79206657409668,1.0,1.0,1.0,0.9960959999999999,0.0,0.0,0.0,0.0,0.0,0.0,0.0,0.0,0.0,0.0,0.0,0.0,0.0,0.0,0.002,0.998,0.052128304705603576,1878,0.00023421715009627934,9.129430960471951e-08,5.128748007490045e-05,16,20,False,0.995,0.005,0.66,fixed,100,none,eefd7eeb-488a-4f09-b43a-00ca3ec1ee27
363,37700,12.803913354873657,1.0,1.0,1.0,0.9960959999999999,0.0,0.0,0.0,0.0,0.0,0.0,0.0,0.0,0.0,0.0,0.0,0.0,0.0,0.0,0.002,0.998,0.052128304705603576,1878,0.00023498025158324415,9.201883724179887e-08,5.145466065064809e-05,16,20,False,0.995,0.005,0.66,fixed,100,none,eefd7eeb-488a-4f09-b43a-00ca3ec1ee27
364,37800,12.81562352180481,1.0,1.0,1.0,0.9960959999999999,0.0,0.0,0.0,0.0,0.0,0.0,0.0,0.0,0.0,0.0,0.0,0.0,0.0,0.0,0.002,0.998,0.052128304705603576,1878,0.0002327190024919681,9.075633591567845e-08,5.09594333493158e-05,16,20,False,0.995,0.005,0.66,fixed,100,none,eefd7eeb-488a-4f09-b43a-00ca3ec1ee27
365,37900,12.827354907989502,1.0,1.0,1.0,0.9960959999999999,0.0,0.0,0.0,0.0,0.0,0.0,0.0,0.0,0.0,0.0,0.0,0.0,0.0,0.0,0.002,0.998,0.052128304705603576,1878,0.0002308839661451242,8.998070490739258e-08,5.055759652310009e-05,16,20,False,0.995,0.005,0.66,fixed,100,none,eefd7eeb-488a-4f09-b43a-00ca3ec1ee27
366,38000,12.839058637619019,1.0,1.0,1.0,0.9960959999999999,0.0,0.0,0.0,0.0,0.0,0.0,0.0,0.0,0.0,0.0,0.0,0.0,0.0,0.0,0.002,0.998,0.051745274115364996,1879,0.00023050539808287563,8.929938565851148e-08,5.04745985236166e-05,16,20,False,0.995,0.005,0.66,fixed,100,none,eefd7eeb-488a-4f09-b43a-00ca3ec1ee27
367,38100,12.850824356079102,1.0,1.0,1.0,0.9960959999999999,0.0,0.0,0.0,0.0,0.0,0.0,0.0,0.0,0.0,0.0,0.0,0.0,0.0,0.0,0.002,0.998,0.051745274115364996,1879,0.00023050539808287563,8.929938565851148e-08,5.04745985236166e-05,16,20,False,0.995,0.005,0.66,fixed,100,none,eefd7eeb-488a-4f09-b43a-00ca3ec1ee27
368,38200,12.86257791519165,1.0,1.0,1.0,0.9960959999999999,0.0,0.0,0.0,0.0,0.0,0.0,0.0,0.0,0.0,0.0,0.0,0.0,0.0,0.0,0.002,0.998,0.051745274115364996,1879,0.00023033140465191914,8.966064500849843e-08,5.043658000085671e-05,16,20,False,0.995,0.005,0.66,fixed,100,none,eefd7eeb-488a-4f09-b43a-00ca3ec1ee27
369,38300,12.874337434768677,1.0,1.0,1.0,0.9960959999999999,0.0,0.0,0.0,0.0,0.0,0.0,0.0,0.0,0.0,0.0,0.0,0.0,0.0,0.0,0.002,0.998,0.051745274115364996,1879,0.0002312243205343194,9.001957064498106e-08,5.0632107483385066e-05,16,20,False,0.995,0.005,0.66,fixed,100,none,eefd7eeb-488a-4f09-b43a-00ca3ec1ee27
370,38400,12.88621735572815,1.0,1.0,1.0,0.9960959999999999,0.0,0.0,0.0,0.0,0.0,0.0,0.0,0.0,0.0,0.0,0.0,0.0,0.0,0.0,0.002,0.998,0.051745274115364996,1879,0.00023165326707870487,9.005754615556876e-08,5.0726011097298057e-05,16,20,False,0.995,0.005,0.66,fixed,100,none,eefd7eeb-488a-4f09-b43a-00ca3ec1ee27
371,38600,12.897969484329224,1.0,1.0,1.0,0.9960959999999999,0.0,0.0,0.0,0.0,0.0,0.0,0.0,0.0,0.0,0.0,0.0,0.0,0.0,0.0,0.002,0.998,0.051745274115364996,1879,0.00023119524845401256,8.939747089500814e-08,5.06256254060534e-05,16,20,False,0.995,0.005,0.66,fixed,100,none,eefd7eeb-488a-4f09-b43a-00ca3ec1ee27
372,38700,12.909891366958618,1.0,1.0,1.0,0.9960959999999999,0.0,0.0,0.0,0.0,0.0,0.0,0.0,0.0,0.0,0.0,0.0,0.0,0.0,0.0,0.002,0.998,0.052128304705603576,1878,0.0002316367089180112,9.015251955097003e-08,5.072240456086734e-05,16,20,False,0.995,0.005,0.66,fixed,100,none,eefd7eeb-488a-4f09-b43a-00ca3ec1ee27
373,38900,12.921870231628418,1.0,1.0,1.0,0.9960959999999999,0.0,0.0,0.0,0.0,0.0,0.0,0.0,0.0,0.0,0.0,0.0,0.0,0.0,0.0,0.002,0.998,0.052128304705603576,1878,0.0002326835677190386,9.016273270766595e-08,5.095156389291201e-05,16,20,False,0.995,0.005,0.66,fixed,100,none,eefd7eeb-488a-4f09-b43a-00ca3ec1ee27
374,39000,12.933815717697144,1.0,1.0,1.0,0.9960959999999999,0.0,0.0,0.0,0.0,0.0,0.0,0.0,0.0,0.0,0.0,0.0,0.0,0.0,0.0,0.002,0.998,0.052128304705603576,1878,0.0002326835677190386,9.016273270766595e-08,5.095156389291201e-05,16,20,False,0.995,0.005,0.66,fixed,100,none,eefd7eeb-488a-4f09-b43a-00ca3ec1ee27
375,39100,12.945812940597534,1.0,1.0,1.0,0.9960959999999999,0.0,0.0,0.0,0.0,0.0,0.0,0.0,0.0,0.0,0.0,0.0,0.0,0.0,0.0,0.002,0.998,0.052128304705603576,1878,0.00023552292880733231,9.212706173940956e-08,5.157347325765553e-05,16,20,False,0.995,0.005,0.66,fixed,100,none,eefd7eeb-488a-4f09-b43a-00ca3ec1ee27
376,39300,12.957578420639038,1.0,1.0,1.0,0.9960959999999999,0.0,0.0,0.0,0.0,0.0,0.0,0.0,0.0,0.0,0.0,0.0,0.0,0.0,0.0,0.002,0.998,0.052128304705603576,1878,0.00023530246608648682,9.23637998728565e-08,5.152525894830781e-05,16,20,False,0.995,0.005,0.66,fixed,100,none,eefd7eeb-488a-4f09-b43a-00ca3ec1ee27
377,39400,12.969271421432495,1.0,1.0,1.0,0.9960959999999999,0.0,0.0,0.0,0.0,0.0,0.0,0.0,0.0,0.0,0.0,0.0,0.0,0.0,0.0,0.002,0.998,0.052128304705603576,1878,0.00023628665033959456,9.332005492416839e-08,5.1740878569772844e-05,16,20,False,0.995,0.005,0.66,fixed,100,none,eefd7eeb-488a-4f09-b43a-00ca3ec1ee27
378,39600,12.981071949005127,1.0,1.0,1.0,0.9960959999999999,0.0,0.0,0.0,0.0,0.0,0.0,0.0,0.0,0.0,0.0,0.0,0.0,0.0,0.0,0.002,0.998,0.051745274115364996,1879,0.00023964041997078165,9.494501428436e-08,5.2475327484318134e-05,16,20,False,0.995,0.005,0.66,fixed,100,none,eefd7eeb-488a-4f09-b43a-00ca3ec1ee27
379,39700,12.992920637130737,1.0,1.0,1.0,0.9960959999999999,0.0,0.0,0.0,0.0,0.0,0.0,0.0,0.0,0.0,0.0,0.0,0.0,0.0,0.0,0.002,0.998,0.051745274115364996,1879,0.00024147297783477976,9.598743934358378e-08,5.2876672461508576e-05,16,20,False,0.995,0.005,0.66,fixed,100,none,eefd7eeb-488a-4f09-b43a-00ca3ec1ee27
380,39900,13.005009889602661,1.0,1.0,1.0,0.9960959999999999,0.0,0.0,0.0,0.0,0.0,0.0,0.0,0.0,0.0,0.0,0.0,0.0,0.0,0.0,0.002,0.998,0.051745274115364996,1879,0.000240420937329573,9.592600515247003e-08,5.26463691224225e-05,16,20,False,0.995,0.005,0.66,fixed,100,none,eefd7eeb-488a-4f09-b43a-00ca3ec1ee27
381,40000,13.017052173614502,1.0,1.0,1.0,0.9960959999999999,0.0,0.0,0.0,0.0,0.0,0.0,0.0,0.0,0.0,0.0,0.0,0.0,0.0,0.0,0.002,0.998,0.051745274115364996,1879,0.000241014694602707,9.611568551085728e-08,5.277637862877963e-05,16,20,False,0.995,0.005,0.66,fixed,100,none,eefd7eeb-488a-4f09-b43a-00ca3ec1ee27
382,40100,13.029039144515991,1.0,1.0,1.0,0.9960959999999999,0.0,0.0,0.0,0.0,0.0,0.0,0.0,0.0,0.0,0.0,0.0,0.0,0.0,0.0,0.002,0.998,0.051745274115364996,1879,0.00024084062914632792,9.614094315043009e-08,5.2738280499329766e-05,16,20,False,0.995,0.005,0.66,fixed,100,none,eefd7eeb-488a-4f09-b43a-00ca3ec1ee27
383,40300,13.040957689285278,1.0,1.0,1.0,0.9960959999999999,0.0,0.0,0.0,0.0,0.0,0.0,0.0,0.0,0.0,0.0,0.0,0.0,0.0,0.0,0.002,0.998,0.051745274115364996,1879,0.00024148110015637586,9.664406364180809e-08,5.287857519632262e-05,16,20,False,0.995,0.005,0.66,fixed,100,none,eefd7eeb-488a-4f09-b43a-00ca3ec1ee27
384,40400,13.052731037139893,1.0,1.0,1.0,0.9960959999999999,0.0,0.0,0.0,0.0,0.0,0.0,0.0,0.0,0.0,0.0,0.0,0.0,0.0,0.0,0.002,0.998,0.051745274115364996,1879,0.00024128142178132418,9.649548451747527e-08,5.2834837369990184e-05,16,20,False,0.995,0.005,0.66,fixed,100,none,eefd7eeb-488a-4f09-b43a-00ca3ec1ee27
385,40500,13.064494848251343,1.0,1.0,1.0,0.9960959999999999,0.0,0.0,0.0,0.0,0.0,0.0,0.0,0.0,0.0,0.0,0.0,0.0,0.0,0.0,0.002,0.998,0.051745274115364996,1879,0.00024196769370664578,9.777408998128041e-08,5.2985305229481205e-05,16,20,False,0.995,0.005,0.66,fixed,100,none,eefd7eeb-488a-4f09-b43a-00ca3ec1ee27
386,40600,13.07623028755188,1.0,1.0,1.0,0.9960959999999999,0.0,0.0,0.0,0.0,0.0,0.0,0.0,0.0,0.0,0.0,0.0,0.0,0.0,0.0,0.002,0.998,0.051745274115364996,1879,0.00024289194393055648,9.783326020782402e-08,5.3187634845838304e-05,16,20,False,0.995,0.005,0.66,fixed,100,none,eefd7eeb-488a-4f09-b43a-00ca3ec1ee27
387,40700,13.088234663009644,1.0,1.0,1.0,0.9960959999999999,0.0,0.0,0.0,0.0,0.0,0.0,0.0,0.0,0.0,0.0,0.0,0.0,0.0,0.0,0.002,0.998,0.051745274115364996,1879,0.00024346590428472924,9.771937814750631e-08,5.331325312977526e-05,16,20,False,0.995,0.005,0.66,fixed,100,none,eefd7eeb-488a-4f09-b43a-00ca3ec1ee27
388,40800,13.10020112991333,1.0,1.0,1.0,0.9960959999999999,0.0,0.0,0.0,0.0,0.0,0.0,0.0,0.0,0.0,0.0,0.0,0.0,0.0,0.0,0.002,0.998,0.051745274115364996,1879,0.00024441796232387936,9.804687118424331e-08,5.35217208582222e-05,16,20,False,0.995,0.005,0.66,fixed,100,none,eefd7eeb-488a-4f09-b43a-00ca3ec1ee27
389,40900,13.11265230178833,1.0,1.0,1.0,0.9960959999999999,0.0,0.0,0.0,0.0,0.0,0.0,0.0,0.0,0.0,0.0,0.0,0.0,0.0,0.0,0.002,0.998,0.051745274115364996,1879,0.00024378156390424843,9.764604945704816e-08,5.3382337088036823e-05,16,20,False,0.995,0.005,0.66,fixed,100,none,eefd7eeb-488a-4f09-b43a-00ca3ec1ee27
390,41000,13.124399423599243,1.0,1.0,1.0,0.9960959999999999,0.0,0.0,0.0,0.0,0.0,0.0,0.0,0.0,0.0,0.0,0.0,0.0,0.0,0.0,0.002,0.998,0.051745274115364996,1879,0.00024561112975495723,9.835358999951902e-08,5.378296348546005e-05,16,20,False,0.995,0.005,0.66,fixed,100,none,eefd7eeb-488a-4f09-b43a-00ca3ec1ee27
391,41100,13.136077880859375,1.0,1.0,1.0,0.9960959999999999,0.0,0.0,0.0,0.0,0.0,0.0,0.0,0.0,0.0,0.0,0.0,0.0,0.0,0.0,0.002,0.998,0.051745274115364996,1879,0.00024563502817567703,9.873391231949636e-08,5.378826711099641e-05,16,20,False,0.995,0.005,0.66,fixed,100,none,eefd7eeb-488a-4f09-b43a-00ca3ec1ee27
392,41200,13.14797329902649,1.0,1.0,1.0,0.9960959999999999,0.0,0.0,0.0,0.0,0.0,0.0,0.0,0.0,0.0,0.0,0.0,0.0,0.0,0.0,0.002,0.998,0.051745274115364996,1879,0.0002459635681421402,9.930499731600233e-08,5.3860293015804534e-05,16,20,False,0.995,0.005,0.66,fixed,100,none,eefd7eeb-488a-4f09-b43a-00ca3ec1ee27
393,41300,13.159832239151001,1.0,1.0,1.0,0.9960959999999999,0.0,0.0,0.0,0.0,0.0,0.0,0.0,0.0,0.0,0.0,0.0,0.0,0.0,0.0,0.002,0.998,0.051745274115364996,1879,0.0002445669053786226,9.928403444468951e-08,5.355455955392498e-05,16,20,False,0.995,0.005,0.66,fixed,100,none,eefd7eeb-488a-4f09-b43a-00ca3ec1ee27
394,41400,13.171882629394531,1.0,1.0,1.0,0.9960959999999999,0.0,0.0,0.0,0.0,0.0,0.0,0.0,0.0,0.0,0.0,0.0,0.0,0.0,0.0,0.002,0.998,0.051745274115364996,1879,0.0002453626656339974,9.988860433376087e-08,5.3728866342105454e-05,16,20,False,0.995,0.005,0.66,fixed,100,none,eefd7eeb-488a-4f09-b43a-00ca3ec1ee27
395,41500,13.183892250061035,1.0,1.0,1.0,0.9960959999999999,0.0,0.0,0.0,0.0,0.0,0.0,0.0,0.0,0.0,0.0,0.0,0.0,0.0,0.0,0.002,0.998,0.051745274115364996,1879,0.00024473844972139986,9.978423590818885e-08,5.359220564883699e-05,16,20,False,0.995,0.005,0.66,fixed,100,none,eefd7eeb-488a-4f09-b43a-00ca3ec1ee27
396,41600,13.195800304412842,1.0,1.0,1.0,0.9960959999999999,0.0,0.0,0.0,0.0,0.0,0.0,0.0,0.0,0.0,0.0,0.0,0.0,0.0,0.0,0.002,0.998,0.051745274115364996,1879,0.00024603059294910534,1.0083062907490174e-07,5.387525461608339e-05,16,20,False,0.995,0.005,0.66,fixed,100,none,eefd7eeb-488a-4f09-b43a-00ca3ec1ee27
397,41700,13.207945346832275,1.0,1.0,1.0,0.9960959999999999,0.0,0.0,0.0,0.0,0.0,0.0,0.0,0.0,0.0,0.0,0.0,0.0,0.0,0.0,0.002,0.998,0.051745274115364996,1879,0.00024567406426273796,1.011585880601784e-07,5.379727279884478e-05,16,20,False,0.995,0.005,0.66,fixed,100,none,eefd7eeb-488a-4f09-b43a-00ca3ec1ee27
398,41800,13.219960451126099,1.0,1.0,1.0,0.9960959999999999,0.0,0.0,0.0,0.0,0.0,0.0,0.0,0.0,0.0,0.0,0.0,0.0,0.0,0.0,0.002,0.998,0.051745274115364996,1879,0.0002460755676746655,1.0153762275592072e-07,5.3885233912307916e-05,16,20,False,0.995,0.005,0.66,fixed,100,none,eefd7eeb-488a-4f09-b43a-00ca3ec1ee27
399,41900,13.231921195983887,1.0,1.0,1.0,0.9960959999999999,0.0,0.0,0.0,0.0,0.0,0.0,0.0,0.0,0.0,0.0,0.0,0.0,0.0,0.0,0.002,0.998,0.051745274115364996,1879,0.00024630612588081793,1.0178645656382889e-07,5.393575038205818e-05,16,20,False,0.995,0.005,0.66,fixed,100,none,eefd7eeb-488a-4f09-b43a-00ca3ec1ee27
400,42000,13.243889808654785,1.0,1.0,1.0,0.9960959999999999,0.0,0.0,0.0,0.0,0.0,0.0,0.0,0.0,0.0,0.0,0.0,0.0,0.0,0.0,0.002,0.998,0.051745274115364996,1879,0.00024574301401109874,1.0166752720898813e-07,5.381246259719922e-05,16,20,False,0.995,0.005,0.66,fixed,100,none,eefd7eeb-488a-4f09-b43a-00ca3ec1ee27
401,42200,13.25553822517395,1.0,1.0,1.0,0.9960959999999999,0.0,0.0,0.0,0.0,0.0,0.0,0.0,0.0,0.0,0.0,0.0,0.0,0.0,0.0,0.002,0.998,0.051745274115364996,1879,0.0002462560562057939,1.0201647757589667e-07,5.392483383418771e-05,16,20,False,0.995,0.005,0.66,fixed,100,none,eefd7eeb-488a-4f09-b43a-00ca3ec1ee27
402,42300,13.26719331741333,1.0,1.0,1.0,0.9960959999999999,0.0,0.0,0.0,0.0,0.0,0.0,0.0,0.0,0.0,0.0,0.0,0.0,0.0,0.0,0.002,0.998,0.051745274115364996,1879,0.0002481980635844997,1.0295424664902085e-07,5.43501174255103e-05,16,20,False,0.995,0.005,0.66,fixed,100,none,eefd7eeb-488a-4f09-b43a-00ca3ec1ee27
403,42400,13.27903127670288,1.0,1.0,1.0,0.9960959999999999,0.0,0.0,0.0,0.0,0.0,0.0,0.0,0.0,0.0,0.0,0.0,0.0,0.0,0.0,0.002,0.998,0.051745274115364996,1879,0.0002474149848608001,1.0307460909067691e-07,5.417872436175638e-05,16,20,False,0.995,0.005,0.66,fixed,100,none,eefd7eeb-488a-4f09-b43a-00ca3ec1ee27
404,42500,13.290757894515991,1.0,1.0,1.0,0.9960959999999999,0.0,0.0,0.0,0.0,0.0,0.0,0.0,0.0,0.0,0.0,0.0,0.0,0.0,0.0,0.002,0.998,0.051745274115364996,1879,0.0002471397061715124,1.0333398706453853e-07,5.4118515138486324e-05,16,20,False,0.995,0.005,0.66,fixed,100,none,eefd7eeb-488a-4f09-b43a-00ca3ec1ee27
405,42600,13.30255126953125,1.0,1.0,1.0,0.9960959999999999,0.0,0.0,0.0,0.0,0.0,0.0,0.0,0.0,0.0,0.0,0.0,0.0,0.0,0.0,0.002,0.998,0.051745274115364996,1879,0.00024663985618217534,1.0315290452370362e-07,5.400906357013769e-05,16,20,False,0.995,0.005,0.66,fixed,100,none,eefd7eeb-488a-4f09-b43a-00ca3ec1ee27
406,42700,13.3144690990448,1.0,1.0,1.0,0.9960959999999999,0.0,0.0,0.0,0.0,0.0,0.0,0.0,0.0,0.0,0.0,0.0,0.0,0.0,0.0,0.002,0.998,0.051745274115365,1879,0.0002477552571488225,1.0307587676371073e-07,5.425321020646235e-05,16,20,False,0.995,0.005,0.66,fixed,100,none,eefd7eeb-488a-4f09-b43a-00ca3ec1ee27
407,42900,13.326400518417358,1.0,1.0,1.0,0.9960959999999999,0.0,0.0,0.0,0.0,0.0,0.0,0.0,0.0,0.0,0.0,0.0,0.0,0.0,0.0,0.002,0.998,0.0513612395130943,1880,0.00025070310316606506,1.04878516127289e-07,5.4898836201115826e-05,16,20,False,0.995,0.005,0.66,fixed,100,none,eefd7eeb-488a-4f09-b43a-00ca3ec1ee27
408,43000,13.338158369064331,1.0,1.0,1.0,0.9960959999999999,0.0,0.0,0.0,0.0,0.0,0.0,0.0,0.0,0.0,0.0,0.0,0.0,0.0,0.0,0.002,0.998,0.0513612395130943,1880,0.0002521334756470253,1.0545426832483312e-07,5.5212054130115564e-05,16,20,False,0.995,0.005,0.66,fixed,100,none,eefd7eeb-488a-4f09-b43a-00ca3ec1ee27
409,43100,13.349937200546265,1.0,1.0,1.0,0.9960959999999999,0.0,0.0,0.0,0.0,0.0,0.0,0.0,0.0,0.0,0.0,0.0,0.0,0.0,0.0,0.002,0.998,0.0513612395130943,1880,0.00025296062187100217,1.0573382022827942e-07,5.539316955340575e-05,16,20,False,0.995,0.005,0.66,fixed,100,none,eefd7eeb-488a-4f09-b43a-00ca3ec1ee27
410,43200,13.361563205718994,1.0,1.0,1.0,0.9960959999999999,0.0,0.0,0.0,0.0,0.0,0.0,0.0,0.0,0.0,0.0,0.0,0.0,0.0,0.0,0.002,0.998,0.0513612395130943,1880,0.00025210020358448456,1.0532310910041726e-07,5.520474595537276e-05,16,20,False,0.995,0.005,0.66,fixed,100,none,eefd7eeb-488a-4f09-b43a-00ca3ec1ee27
411,43300,13.3732430934906,1.0,1.0,1.0,0.9960959999999999,0.0,0.0,0.0,0.0,0.0,0.0,0.0,0.0,0.0,0.0,0.0,0.0,0.0,0.0,0.002,0.998,0.0513612395130943,1880,0.0002524208487450013,1.0583509718731754e-07,5.5275032458746386e-05,16,20,False,0.995,0.005,0.66,fixed,100,none,eefd7eeb-488a-4f09-b43a-00ca3ec1ee27
412,43400,13.38488507270813,1.0,1.0,1.0,0.9960959999999999,0.0,0.0,0.0,0.0,0.0,0.0,0.0,0.0,0.0,0.0,0.0,0.0,0.0,0.0,0.002,0.998,0.0513612395130943,1880,0.0002534552819261323,1.0612942517438409e-07,5.55015258044135e-05,16,20,False,0.995,0.005,0.66,fixed,100,none,eefd7eeb-488a-4f09-b43a-00ca3ec1ee27
413,43600,13.39663577079773,1.0,1.0,1.0,0.9960959999999999,0.0,0.0,0.0,0.0,0.0,0.0,0.0,0.0,0.0,0.0,0.0,0.0,0.0,0.0,0.002,0.998,0.0513612395130943,1880,0.00025399263299494474,1.0651603507546095e-07,5.5619225409257744e-05,16,20,False,0.995,0.005,0.66,fixed,100,none,eefd7eeb-488a-4f09-b43a-00ca3ec1ee27
414,43700,13.408575773239136,1.0,1.0,1.0,0.9960959999999999,0.0,0.0,0.0,0.0,0.0,0.0,0.0,0.0,0.0,0.0,0.0,0.0,0.0,0.0,0.002,0.998,0.0513612395130943,1880,0.0002547414369181423,1.0722097945691023e-07,5.578327252747817e-05,16,20,False,0.995,0.005,0.66,fixed,100,none,eefd7eeb-488a-4f09-b43a-00ca3ec1ee27
415,43800,13.420469760894775,1.0,1.0,1.0,0.9960959999999999,0.0,0.0,0.0,0.0,0.0,0.0,0.0,0.0,0.0,0.0,0.0,0.0,0.0,0.0,0.002,0.998,0.0513612395130943,1880,0.0002543715899087778,1.0692575128352896e-07,5.570225692377533e-05,16,20,False,0.995,0.005,0.66,fixed,100,none,eefd7eeb-488a-4f09-b43a-00ca3ec1ee27
416,44000,13.432356595993042,1.0,1.0,1.0,0.9960959999999999,0.0,0.0,0.0,0.0,0.0,0.0,0.0,0.0,0.0,0.0,0.0,0.0,0.0,0.0,0.002,0.998,0.0513612395130943,1880,0.0002540808131621709,1.0693758059828826e-07,5.5638608141512895e-05,16,20,False,0.995,0.005,0.66,fixed,100,none,eefd7eeb-488a-4f09-b43a-00ca3ec1ee27
417,44100,13.444584369659424,1.0,1.0,1.0,0.9960959999999999,0.0,0.0,0.0,0.0,0.0,0.0,0.0,0.0,0.0,0.0,0.0,0.0,0.0,0.0,0.002,0.998,0.0513612395130943,1880,0.0002540808131621709,1.0693758059828826e-07,5.5638608141512895e-05,16,20,False,0.995,0.005,0.66,fixed,100,none,eefd7eeb-488a-4f09-b43a-00ca3ec1ee27
418,44200,13.45625352859497,1.0,1.0,1.0,0.9960959999999999,0.0,0.0,0.0,0.0,0.0,0.0,0.0,0.0,0.0,0.0,0.0,0.0,0.0,0.0,0.002,0.998,0.0513612395130943,1880,0.00025471296811437457,1.0746686343022078e-07,5.5777087424288334e-05,16,20,False,0.995,0.005,0.66,fixed,100,none,eefd7eeb-488a-4f09-b43a-00ca3ec1ee27
419,44300,13.468102931976318,1.0,1.0,1.0,0.9960959999999999,0.0,0.0,0.0,0.0,0.0,0.0,0.0,0.0,0.0,0.0,0.0,0.0,0.0,0.0,0.002,0.998,0.0513612395130943,1880,0.0002543046055423265,1.0748666292805613e-07,5.568770061917161e-05,16,20,False,0.995,0.005,0.66,fixed,100,none,eefd7eeb-488a-4f09-b43a-00ca3ec1ee27
420,44400,13.47989535331726,1.0,1.0,1.0,0.9960959999999999,0.0,0.0,0.0,0.0,0.0,0.0,0.0,0.0,0.0,0.0,0.0,0.0,0.0,0.0,0.002,0.998,0.0513612395130943,1880,0.00025462461611738574,1.0801554859309434e-07,5.575785142232843e-05,16,20,False,0.995,0.005,0.66,fixed,100,none,eefd7eeb-488a-4f09-b43a-00ca3ec1ee27
421,44500,13.49170207977295,1.0,1.0,1.0,0.9960959999999999,0.0,0.0,0.0,0.0,0.0,0.0,0.0,0.0,0.0,0.0,0.0,0.0,0.0,0.0,0.002,0.998,0.0513612395130943,1880,0.00025437003082096727,1.0754384814570901e-07,5.5702033077857425e-05,16,20,False,0.995,0.005,0.66,fixed,100,none,eefd7eeb-488a-4f09-b43a-00ca3ec1ee27
422,44700,13.503735303878784,1.0,1.0,1.0,0.9960959999999999,0.0,0.0,0.0,0.0,0.0,0.0,0.0,0.0,0.0,0.0,0.0,0.0,0.0,0.0,0.002,0.998,0.0513612395130943,1880,0.0002557945891995448,1.0868351317398069e-07,5.601408544328341e-05,16,20,False,0.995,0.005,0.66,fixed,100,none,eefd7eeb-488a-4f09-b43a-00ca3ec1ee27
423,44800,13.515855073928833,1.0,1.0,1.0,0.9960959999999999,0.0,0.0,0.0,0.0,0.0,0.0,0.0,0.0,0.0,0.0,0.0,0.0,0.0,0.0,0.002,0.998,0.0513612395130943,1880,0.00025555271180958456,1.0866510311302989e-07,5.5961134984709535e-05,16,20,False,0.995,0.005,0.66,fixed,100,none,eefd7eeb-488a-4f09-b43a-00ca3ec1ee27
424,44900,13.527753353118896,1.0,1.0,1.0,0.9960959999999999,0.0,0.0,0.0,0.0,0.0,0.0,0.0,0.0,0.0,0.0,0.0,0.0,0.0,0.0,0.002,0.998,0.0513612395130943,1880,0.0002571954814988795,1.1021044442390574e-07,5.6321030884545265e-05,16,20,False,0.995,0.005,0.66,fixed,100,none,eefd7eeb-488a-4f09-b43a-00ca3ec1ee27
425,45000,13.539588451385498,1.0,1.0,1.0,0.9960959999999999,0.0,0.0,0.0,0.0,0.0,0.0,0.0,0.0,0.0,0.0,0.0,0.0,0.0,0.0,0.002,0.998,0.0513612395130943,1880,0.0002571954814988795,1.1021044442390574e-07,5.6321030884545265e-05,16,20,False,0.995,0.005,0.66,fixed,100,none,eefd7eeb-488a-4f09-b43a-00ca3ec1ee27
426,45100,13.551576375961304,1.0,1.0,1.0,0.9960959999999999,0.0,0.0,0.0,0.0,0.0,0.0,0.0,0.0,0.0,0.0,0.0,0.0,0.0,0.0,0.002,0.998,0.0513612395130943,1880,0.0002579592212400822,1.1046725917094741e-07,5.648826230869647e-05,16,20,False,0.995,0.005,0.66,fixed,100,none,eefd7eeb-488a-4f09-b43a-00ca3ec1ee27
427,45200,13.563559532165527,1.0,1.0,1.0,0.9960959999999999,0.0,0.0,0.0,0.0,0.0,0.0,0.0,0.0,0.0,0.0,0.0,0.0,0.0,0.0,0.002,0.998,0.0513612395130943,1880,0.00025921827397473106,1.1154518420566046e-07,5.676407375806771e-05,16,20,False,0.995,0.005,0.66,fixed,100,none,eefd7eeb-488a-4f09-b43a-00ca3ec1ee27
428,45300,13.575330972671509,1.0,1.0,1.0,0.9960959999999999,0.0,0.0,0.0,0.0,0.0,0.0,0.0,0.0,0.0,0.0,0.0,0.0,0.0,0.0,0.002,0.998,0.0513612395130943,1880,0.00026096841780958336,1.1295938618044783e-07,5.7147448941892085e-05,16,20,False,0.995,0.005,0.66,fixed,100,none,eefd7eeb-488a-4f09-b43a-00ca3ec1ee27
429,45400,13.587284088134766,1.0,1.0,1.0,0.9960959999999999,0.0,0.0,0.0,0.0,0.0,0.0,0.0,0.0,0.0,0.0,0.0,0.0,0.0,0.0,0.002,0.998,0.0513612395130943,1880,0.00026290346024153346,1.1407348392689861e-07,5.757124140881779e-05,16,20,False,0.995,0.005,0.66,fixed,100,none,eefd7eeb-488a-4f09-b43a-00ca3ec1ee27
430,45500,13.598922729492188,1.0,1.0,1.0,0.9960959999999999,0.0,0.0,0.0,0.0,0.0,0.0,0.0,0.0,0.0,0.0,0.0,0.0,0.0,0.0,0.002,0.998,0.0513612395130943,1880,0.00026167448839002736,1.125933466935231e-07,5.730193824444876e-05,16,20,False,0.995,0.005,0.66,fixed,100,none,eefd7eeb-488a-4f09-b43a-00ca3ec1ee27
431,45600,13.610592365264893,1.0,1.0,1.0,0.9960959999999999,0.0,0.0,0.0,0.0,0.0,0.0,0.0,0.0,0.0,0.0,0.0,0.0,0.0,0.0,0.002,0.998,0.0513612395130943,1880,0.0002620648141321176,1.1246643274895807e-07,5.7387356435742844e-05,16,20,False,0.995,0.005,0.66,fixed,100,none,eefd7eeb-488a-4f09-b43a-00ca3ec1ee27
432,45800,13.622380256652832,1.0,1.0,1.0,0.9960959999999999,0.0,0.0,0.0,0.0,0.0,0.0,0.0,0.0,0.0,0.0,0.0,0.0,0.0,0.0,0.002,0.998,0.0513612395130943,1880,0.00026239860363325303,1.1283204611396918e-07,5.746049242408075e-05,16,20,False,0.995,0.005,0.66,fixed,100,none,eefd7eeb-488a-4f09-b43a-00ca3ec1ee27
433,45900,13.634113311767578,1.0,1.0,1.0,0.9960959999999999,0.0,0.0,0.0,0.0,0.0,0.0,0.0,0.0,0.0,0.0,0.0,0.0,0.0,0.0,0.002,0.998,0.0513612395130943,1880,0.00026387082293356757,1.140994625355688e-07,5.7783002038039705e-05,16,20,False,0.995,0.005,0.66,fixed,100,none,eefd7eeb-488a-4f09-b43a-00ca3ec1ee27
434,46000,13.646087646484375,1.0,1.0,1.0,0.9960959999999999,0.0,0.0,0.0,0.0,0.0,0.0,0.0,0.0,0.0,0.0,0.0,0.0,0.0,0.0,0.002,0.998,0.0513612395130943,1880,0.0002662547085258064,1.1616811585371355e-07,5.830522763831123e-05,16,20,False,0.995,0.005,0.66,fixed,100,none,eefd7eeb-488a-4f09-b43a-00ca3ec1ee27
435,46100,13.657696008682251,1.0,1.0,1.0,0.9960959999999999,0.0,0.0,0.0,0.0,0.0,0.0,0.0,0.0,0.0,0.0,0.0,0.0,0.0,0.0,0.002,0.998,0.0513612395130943,1880,0.0002671295398316245,1.1662614626309839e-07,5.84968152369326e-05,16,20,False,0.995,0.005,0.66,fixed,100,none,eefd7eeb-488a-4f09-b43a-00ca3ec1ee27
436,46200,13.669393539428711,1.0,1.0,1.0,0.9960959999999999,0.0,0.0,0.0,0.0,0.0,0.0,0.0,0.0,0.0,0.0,0.0,0.0,0.0,0.0,0.002,0.998,0.0513612395130943,1880,0.0002687262640781422,1.1754583738606817e-07,5.884651291580869e-05,16,20,False,0.995,0.005,0.66,fixed,100,none,eefd7eeb-488a-4f09-b43a-00ca3ec1ee27
437,46300,13.681296586990356,1.0,1.0,1.0,0.9960959999999999,0.0,0.0,0.0,0.0,0.0,0.0,0.0,0.0,0.0,0.0,0.0,0.0,0.0,0.0,0.002,0.998,0.0513612395130943,1880,0.0002687262640781422,1.1754583738606817e-07,5.884651291580869e-05,16,20,False,0.995,0.005,0.66,fixed,100,none,eefd7eeb-488a-4f09-b43a-00ca3ec1ee27
438,46400,13.693197011947632,1.0,1.0,1.0,0.9960959999999999,0.0,0.0,0.0,0.0,0.0,0.0,0.0,0.0,0.0,0.0,0.0,0.0,0.0,0.0,0.002,0.998,0.0513612395130943,1880,0.00026906304611462004,1.1731312359200178e-07,5.892019028797281e-05,16,20,False,0.995,0.005,0.66,fixed,100,none,eefd7eeb-488a-4f09-b43a-00ca3ec1ee27
439,46500,13.704993963241577,1.0,1.0,1.0,0.9960959999999999,0.0,0.0,0.0,0.0,0.0,0.0,0.0,0.0,0.0,0.0,0.0,0.0,0.0,0.0,0.002,0.998,0.0513612395130943,1880,0.00026956818485539985,1.1832759371525259e-07,5.903095790765293e-05,16,20,False,0.995,0.005,0.66,fixed,100,none,eefd7eeb-488a-4f09-b43a-00ca3ec1ee27
440,46600,13.71688985824585,1.0,1.0,1.0,0.9960959999999999,0.0,0.0,0.0,0.0,0.0,0.0,0.0,0.0,0.0,0.0,0.0,0.0,0.0,0.0,0.002,0.998,0.0513612395130943,1880,0.0002711319461438308,1.198845232396579e-07,5.93735610703001e-05,16,20,False,0.995,0.005,0.66,fixed,100,none,eefd7eeb-488a-4f09-b43a-00ca3ec1ee27
441,46700,13.728889465332031,1.0,1.0,1.0,0.9960959999999999,0.0,0.0,0.0,0.0,0.0,0.0,0.0,0.0,0.0,0.0,0.0,0.0,0.0,0.0,0.002,0.998,0.0513612395130943,1880,0.0002711319461438308,1.198845232396579e-07,5.93735610703001e-05,16,20,False,0.995,0.005,0.66,fixed,100,none,eefd7eeb-488a-4f09-b43a-00ca3ec1ee27
442,46800,13.740812301635742,1.0,1.0,1.0,0.9960959999999999,0.0,0.0,0.0,0.0,0.0,0.0,0.0,0.0,0.0,0.0,0.0,0.0,0.0,0.0,0.002,0.998,0.0513612395130943,1880,0.0002710514356682131,1.199706287853829e-07,5.935595368724107e-05,16,20,False,0.995,0.005,0.66,fixed,100,none,eefd7eeb-488a-4f09-b43a-00ca3ec1ee27
443,46900,13.75309944152832,1.0,1.0,1.0,0.9960959999999999,0.0,0.0,0.0,0.0,0.0,0.0,0.0,0.0,0.0,0.0,0.0,0.0,0.0,0.0,0.002,0.998,0.0513612395130943,1880,0.0002717811556673292,1.1992982464345463e-07,5.951568164226062e-05,16,20,False,0.995,0.005,0.66,fixed,100,none,eefd7eeb-488a-4f09-b43a-00ca3ec1ee27
444,47100,13.765058279037476,1.0,1.0,1.0,0.9960959999999999,0.0,0.0,0.0,0.0,0.0,0.0,0.0,0.0,0.0,0.0,0.0,0.0,0.0,0.0,0.002,0.998,0.0513612395130943,1880,0.0002724665435674281,1.1992408307012273e-07,5.966571196269334e-05,16,20,False,0.995,0.005,0.66,fixed,100,none,eefd7eeb-488a-4f09-b43a-00ca3ec1ee27
445,47200,13.776882648468018,1.0,1.0,1.0,0.9960959999999999,0.0,0.0,0.0,0.0,0.0,0.0,0.0,0.0,0.0,0.0,0.0,0.0,0.0,0.0,0.002,0.998,0.0513612395130943,1880,0.0002723161323750238,1.200728493135341e-07,5.963281521826229e-05,16,20,False,0.995,0.005,0.66,fixed,100,none,eefd7eeb-488a-4f09-b43a-00ca3ec1ee27
446,47300,13.78857707977295,1.0,1.0,1.0,0.9960959999999999,0.0,0.0,0.0,0.0,0.0,0.0,0.0,0.0,0.0,0.0,0.0,0.0,0.0,0.0,0.002,0.998,0.0513612395130943,1880,0.0002720130578020664,1.2002281515440548e-07,5.956646268775167e-05,16,20,False,0.995,0.005,0.66,fixed,100,none,eefd7eeb-488a-4f09-b43a-00ca3ec1ee27
447,47400,13.800316333770752,1.0,1.0,1.0,0.9960959999999999,0.0,0.0,0.0,0.0,0.0,0.0,0.0,0.0,0.0,0.0,0.0,0.0,0.0,0.0,0.002,0.998,0.0513612395130943,1880,0.00027240161046679774,1.2045942544594888e-07,5.9651599822016765e-05,16,20,False,0.995,0.005,0.66,fixed,100,none,eefd7eeb-488a-4f09-b43a-00ca3ec1ee27
448,47500,13.811968564987183,1.0,1.0,1.0,0.9960959999999999,0.0,0.0,0.0,0.0,0.0,0.0,0.0,0.0,0.0,0.0,0.0,0.0,0.0,0.0,0.002,0.998,0.0513612395130943,1880,0.00027321520466834666,1.2145437538912205e-07,5.9829884633225024e-05,16,20,False,0.995,0.005,0.66,fixed,100,none,eefd7eeb-488a-4f09-b43a-00ca3ec1ee27
449,47600,13.823697566986084,1.0,1.0,1.0,0.9960959999999999,0.0,0.0,0.0,0.0,0.0,0.0,0.0,0.0,0.0,0.0,0.0,0.0,0.0,0.0,0.002,0.998,0.0513612395130943,1880,0.0002728710508273603,1.2127512937611354e-07,5.975451530069063e-05,16,20,False,0.995,0.005,0.66,fixed,100,none,eefd7eeb-488a-4f09-b43a-00ca3ec1ee27
450,47700,13.835551977157593,1.0,1.0,1.0,0.9960959999999999,0.0,0.0,0.0,0.0,0.0,0.0,0.0,0.0,0.0,0.0,0.0,0.0,0.0,0.0,0.002,0.998,0.0513612395130943,1880,0.00027518527605584735,1.233844751230673e-07,6.0261499978898375e-05,16,20,False,0.995,0.005,0.66,fixed,100,none,eefd7eeb-488a-4f09-b43a-00ca3ec1ee27
451,47800,13.847239255905151,1.0,1.0,1.0,0.9960959999999999,0.0,0.0,0.0,0.0,0.0,0.0,0.0,0.0,0.0,0.0,0.0,0.0,0.0,0.0,0.002,0.998,0.0513612395130943,1880,0.00027516326784485343,1.2308754880496574e-07,6.025662596551136e-05,16,20,False,0.995,0.005,0.66,fixed,100,none,eefd7eeb-488a-4f09-b43a-00ca3ec1ee27
452,47900,13.858943223953247,1.0,1.0,1.0,0.9960959999999999,0.0,0.0,0.0,0.0,0.0,0.0,0.0,0.0,0.0,0.0,0.0,0.0,0.0,0.0,0.002,0.998,0.0513612395130943,1880,0.00027597455007184193,1.23496663682712e-07,6.0434293376825916e-05,16,20,False,0.995,0.005,0.66,fixed,100,none,eefd7eeb-488a-4f09-b43a-00ca3ec1ee27
453,48000,13.870638608932495,1.0,1.0,1.0,0.9960959999999999,0.0,0.0,0.0,0.0,0.0,0.0,0.0,0.0,0.0,0.0,0.0,0.0,0.0,0.0,0.002,0.998,0.0513612395130943,1880,0.00027628434608254816,1.233403343246584e-07,6.050207802099148e-05,16,20,False,0.995,0.005,0.66,fixed,100,none,eefd7eeb-488a-4f09-b43a-00ca3ec1ee27
454,48200,13.882317781448364,1.0,1.0,1.0,0.9960959999999999,0.0,0.0,0.0,0.0,0.0,0.0,0.0,0.0,0.0,0.0,0.0,0.0,0.0,0.0,0.002,0.998,0.05097620089879156,1881,0.00027775934093433137,1.2360131304975516e-07,6.0825003980004593e-05,16,20,False,0.995,0.005,0.66,fixed,100,none,eefd7eeb-488a-4f09-b43a-00ca3ec1ee27
455,48300,13.893962383270264,1.0,1.0,1.0,0.9960959999999999,0.0,0.0,0.0,0.0,0.0,0.0,0.0,0.0,0.0,0.0,0.0,0.0,0.0,0.0,0.002,0.998,0.05097620089879156,1881,0.0002782744776598902,1.2387491950711173e-07,6.093781939445633e-05,16,20,False,0.995,0.005,0.66,fixed,100,none,eefd7eeb-488a-4f09-b43a-00ca3ec1ee27
456,48400,13.905639171600342,1.0,1.0,1.0,0.9960959999999999,0.0,0.0,0.0,0.0,0.0,0.0,0.0,0.0,0.0,0.0,0.0,0.0,0.0,0.0,0.002,0.998,0.05097620089879156,1881,0.0002799181283513182,1.2509515969249403e-07,6.129784637644515e-05,16,20,False,0.995,0.005,0.66,fixed,100,none,eefd7eeb-488a-4f09-b43a-00ca3ec1ee27
457,48600,13.917376279830933,1.0,1.0,1.0,0.9960959999999999,0.0,0.0,0.0,0.0,0.0,0.0,0.0,0.0,0.0,0.0,0.0,0.0,0.0,0.0,0.002,0.998,0.05097620089879156,1881,0.000282395743296937,1.268754155433804e-07,6.184053453665274e-05,16,20,False,0.995,0.005,0.66,fixed,100,none,eefd7eeb-488a-4f09-b43a-00ca3ec1ee27
458,48700,13.929105043411255,1.0,1.0,1.0,0.9960959999999999,0.0,0.0,0.0,0.0,0.0,0.0,0.0,0.0,0.0,0.0,0.0,0.0,0.0,0.0,0.002,0.998,0.05097620089879156,1881,0.0002829842367369648,1.2752022638772384e-07,6.196947826473526e-05,16,20,False,0.995,0.005,0.66,fixed,100,none,eefd7eeb-488a-4f09-b43a-00ca3ec1ee27
459,49000,13.940888404846191,1.0,1.0,1.0,0.9960959999999999,0.0,0.0,0.0,0.0,0.0,0.0,0.0,0.0,0.0,0.0,0.0,0.0,0.0,0.0,0.002,0.998,0.05097620089879156,1881,0.0002841676844805044,1.2908467872908085e-07,6.222883222174094e-05,16,20,False,0.995,0.005,0.66,fixed,100,none,eefd7eeb-488a-4f09-b43a-00ca3ec1ee27
460,49100,13.952620029449463,1.0,1.0,1.0,0.9960959999999999,0.0,0.0,0.0,0.0,0.0,0.0,0.0,0.0,0.0,0.0,0.0,0.0,0.0,0.0,0.002,0.998,0.05097620089879156,1881,0.00028434942661404524,1.2954619210782562e-07,6.2268703262315e-05,16,20,False,0.995,0.005,0.66,fixed,100,none,eefd7eeb-488a-4f09-b43a-00ca3ec1ee27
461,49400,13.964309930801392,1.0,1.0,1.0,0.9960959999999999,0.0,0.0,0.0,0.0,0.0,0.0,0.0,0.0,0.0,0.0,0.0,0.0,0.0,0.0,0.002,0.998,0.0513612395130943,1880,0.0002844421350351241,1.3010418335132186e-07,6.228910315402543e-05,16,20,False,0.995,0.005,0.66,fixed,100,none,eefd7eeb-488a-4f09-b43a-00ca3ec1ee27
462,49500,13.976076364517212,1.0,1.0,1.0,0.9960959999999999,0.0,0.0,0.0,0.0,0.0,0.0,0.0,0.0,0.0,0.0,0.0,0.0,0.0,0.0,0.002,0.998,0.0513612395130943,1880,0.000283995728321781,1.2931356561968097e-07,6.21912345071056e-05,16,20,False,0.995,0.005,0.66,fixed,100,none,eefd7eeb-488a-4f09-b43a-00ca3ec1ee27
463,49700,13.987780094146729,1.0,1.0,1.0,0.9960959999999999,0.0,0.0,0.0,0.0,0.0,0.0,0.0,0.0,0.0,0.0,0.0,0.0,0.0,0.0,0.002,0.998,0.0513612395130943,1880,0.00028558630384374183,1.3091460431435094e-07,6.253971568621482e-05,16,20,False,0.995,0.005,0.66,fixed,100,none,eefd7eeb-488a-4f09-b43a-00ca3ec1ee27
464,49800,13.999529838562012,1.0,1.0,1.0,0.9960959999999999,0.0,0.0,0.0,0.0,0.0,0.0,0.0,0.0,0.0,0.0,0.0,0.0,0.0,0.0,0.002,0.998,0.0513612395130943,1880,0.000287193091240456,1.3250350953945858e-07,6.28917433393483e-05,16,20,False,0.995,0.005,0.66,fixed,100,none,eefd7eeb-488a-4f09-b43a-00ca3ec1ee27
465,49900,14.011597633361816,1.0,1.0,1.0,0.9960959999999999,0.0,0.0,0.0,0.0,0.0,0.0,0.0,0.0,0.0,0.0,0.0,0.0,0.0,0.0,0.002,0.998,0.05097620089879156,1881,0.00028763892092586763,1.3266196404870418e-07,6.298936556384168e-05,16,20,False,0.995,0.005,0.66,fixed,100,none,eefd7eeb-488a-4f09-b43a-00ca3ec1ee27
466,50100,14.023362159729004,1.0,1.0,1.0,0.9960959999999999,0.0,0.0,0.0,0.0,0.0,0.0,0.0,0.0,0.0,0.0,0.0,0.0,0.0,0.0,0.002,0.998,0.05097620089879156,1881,0.0002877413755406152,1.3298932698096828e-07,6.301185507796705e-05,16,20,False,0.995,0.005,0.66,fixed,100,none,eefd7eeb-488a-4f09-b43a-00ca3ec1ee27
467,50200,14.035127878189087,1.0,1.0,1.0,0.9960959999999999,0.0,0.0,0.0,0.0,0.0,0.0,0.0,0.0,0.0,0.0,0.0,0.0,0.0,0.0,0.002,0.998,0.0513612395130943,1880,0.00028767102279509424,1.3304839041320374e-07,6.299646608402464e-05,16,20,False,0.995,0.005,0.66,fixed,100,none,eefd7eeb-488a-4f09-b43a-00ca3ec1ee27
468,50300,14.0468590259552,1.0,1.0,1.0,0.9960959999999999,0.0,0.0,0.0,0.0,0.0,0.0,0.0,0.0,0.0,0.0,0.0,0.0,0.0,0.0,0.002,0.998,0.05097620089879156,1881,0.00028703038776950105,1.3334123135228235e-07,6.285628671670071e-05,16,20,False,0.995,0.005,0.66,fixed,100,none,eefd7eeb-488a-4f09-b43a-00ca3ec1ee27
469,50400,14.072891473770142,1.0,1.0,1.0,0.9960959999999999,0.0,0.0,0.0,0.0,0.0,0.0,0.0,0.0,0.0,0.0,0.0,0.0,0.0,0.0,0.002,0.998,0.0513612395130943,1880,0.0002885518683108436,1.3477336066263763e-07,6.318961091176957e-05,16,20,False,0.995,0.005,0.66,fixed,100,none,eefd7eeb-488a-4f09-b43a-00ca3ec1ee27
470,50500,14.085052013397217,1.0,1.0,1.0,0.9960959999999999,0.0,0.0,0.0,0.0,0.0,0.0,0.0,0.0,0.0,0.0,0.0,0.0,0.0,0.0,0.002,0.998,0.0513612395130943,1880,0.00028909481787001227,1.3490391080966767e-07,6.330848737479953e-05,16,20,False,0.995,0.005,0.66,fixed,100,none,eefd7eeb-488a-4f09-b43a-00ca3ec1ee27
471,50600,14.09705376625061,1.0,1.0,1.0,0.9960959999999999,0.0,0.0,0.0,0.0,0.0,0.0,0.0,0.0,0.0,0.0,0.0,0.0,0.0,0.0,0.002,0.998,0.05097620089879156,1881,0.0002874572435974108,1.3412545931666712e-07,6.29498744607434e-05,16,20,False,0.995,0.005,0.66,fixed,100,none,eefd7eeb-488a-4f09-b43a-00ca3ec1ee27
472,50700,14.108871698379517,1.0,1.0,1.0,0.9960959999999999,0.0,0.0,0.0,0.0,0.0,0.0,0.0,0.0,0.0,0.0,0.0,0.0,0.0,0.0,0.002,0.998,0.05097620089879156,1881,0.0002879510073079507,1.346996325734257e-07,6.305806842989937e-05,16,20,False,0.995,0.005,0.66,fixed,100,none,eefd7eeb-488a-4f09-b43a-00ca3ec1ee27
473,50800,14.120605945587158,1.0,1.0,1.0,0.9960959999999999,0.0,0.0,0.0,0.0,0.0,0.0,0.0,0.0,0.0,0.0,0.0,0.0,0.0,0.0,0.002,0.998,0.05097620089879156,1881,0.00028885256042493463,1.3505623523609568e-07,6.325548616171305e-05,16,20,False,0.995,0.005,0.66,fixed,100,none,eefd7eeb-488a-4f09-b43a-00ca3ec1ee27
474,50900,14.132352590560913,1.0,1.0,1.0,0.9960959999999999,0.0,0.0,0.0,0.0,0.0,0.0,0.0,0.0,0.0,0.0,0.0,0.0,0.0,0.0,0.002,0.998,0.05097620089879156,1881,0.0002894967020700421,1.3653469989536088e-07,6.339676967611234e-05,16,20,False,0.995,0.005,0.66,fixed,100,none,eefd7eeb-488a-4f09-b43a-00ca3ec1ee27
475,51100,14.144115686416626,1.0,1.0,1.0,0.9960959999999999,0.0,0.0,0.0,0.0,0.0,0.0,0.0,0.0,0.0,0.0,0.0,0.0,0.0,0.0,0.002,0.998,0.05097620089879156,1881,0.0002905238934730458,1.3670623995722574e-07,6.362165446684161e-05,16,20,False,0.995,0.005,0.66,fixed,100,none,eefd7eeb-488a-4f09-b43a-00ca3ec1ee27
476,51200,14.15584945678711,1.0,1.0,1.0,0.9960959999999999,0.0,0.0,0.0,0.0,0.0,0.0,0.0,0.0,0.0,0.0,0.0,0.0,0.0,0.0,0.002,0.998,0.0513612395130943,1880,0.0002910613109928619,1.368966715835461e-07,6.373933134393835e-05,16,20,False,0.995,0.005,0.66,fixed,100,none,eefd7eeb-488a-4f09-b43a-00ca3ec1ee27
477,51300,14.167579889297485,1.0,1.0,1.0,0.9960959999999999,0.0,0.0,0.0,0.0,0.0,0.0,0.0,0.0,0.0,0.0,0.0,0.0,0.0,0.0,0.002,0.998,0.0513612395130943,1880,0.0002910613109928619,1.368966715835461e-07,6.373933134393835e-05,16,20,False,0.995,0.005,0.66,fixed,100,none,eefd7eeb-488a-4f09-b43a-00ca3ec1ee27
478,51500,14.179879426956177,1.0,1.0,1.0,0.9960959999999999,0.0,0.0,0.0,0.0,0.0,0.0,0.0,0.0,0.0,0.0,0.0,0.0,0.0,0.0,0.002,0.998,0.0513612395130943,1880,0.0002935605421894859,1.38900955247721e-07,6.428679386677554e-05,16,20,False,0.995,0.005,0.66,fixed,100,none,eefd7eeb-488a-4f09-b43a-00ca3ec1ee27
479,51600,14.191572427749634,1.0,1.0,1.0,0.9960959999999999,0.0,0.0,0.0,0.0,0.0,0.0,0.0,0.0,0.0,0.0,0.0,0.0,0.0,0.0,0.002,0.998,0.0513612395130943,1880,0.0002943948213434379,1.3968816222807665e-07,6.446956714290189e-05,16,20,False,0.995,0.005,0.66,fixed,100,none,eefd7eeb-488a-4f09-b43a-00ca3ec1ee27
480,51900,14.203328371047974,1.0,1.0,1.0,0.9960959999999999,0.0,0.0,0.0,0.0,0.0,0.0,0.0,0.0,0.0,0.0,0.0,0.0,0.0,0.0,0.002,0.998,0.05097620089879156,1881,0.0002974437619791116,1.4156598426814933e-07,6.513733703423847e-05,16,20,False,0.995,0.005,0.66,fixed,100,none,eefd7eeb-488a-4f09-b43a-00ca3ec1ee27
481,52000,14.215073108673096,1.0,1.0,1.0,0.9960959999999999,0.0,0.0,0.0,0.0,0.0,0.0,0.0,0.0,0.0,0.0,0.0,0.0,0.0,0.0,0.002,0.998,0.05097620089879156,1881,0.0002981378410909374,1.421190938456417e-07,6.528937604263688e-05,16,20,False,0.995,0.005,0.66,fixed,100,none,eefd7eeb-488a-4f09-b43a-00ca3ec1ee27
482,52300,14.226998567581177,1.0,1.0,1.0,0.9960959999999999,0.0,0.0,0.0,0.0,0.0,0.0,0.0,0.0,0.0,0.0,0.0,0.0,0.0,0.0,0.002,0.998,0.05097620089879156,1881,0.00029960754107422635,1.419325781634796e-07,6.561105793099922e-05,16,20,False,0.995,0.005,0.66,fixed,100,none,eefd7eeb-488a-4f09-b43a-00ca3ec1ee27
483,52400,14.238606691360474,1.0,1.0,1.0,0.9960959999999999,0.0,0.0,0.0,0.0,0.0,0.0,0.0,0.0,0.0,0.0,0.0,0.0,0.0,0.0,0.002,0.998,0.05097620089879156,1881,0.00030006761491620677,1.4198957852574284e-07,6.571177892507756e-05,16,20,False,0.995,0.005,0.66,fixed,100,none,eefd7eeb-488a-4f09-b43a-00ca3ec1ee27
484,52500,14.250316381454468,1.0,1.0,1.0,0.9960959999999999,0.0,0.0,0.0,0.0,0.0,0.0,0.0,0.0,0.0,0.0,0.0,0.0,0.0,0.0,0.002,0.998,0.05097620089879156,1881,0.000300463840461143,1.4258930245896466e-07,6.57986266444114e-05,16,20,False,0.995,0.005,0.66,fixed,100,none,eefd7eeb-488a-4f09-b43a-00ca3ec1ee27
485,52600,14.261915445327759,1.0,1.0,1.0,0.9960959999999999,0.0,0.0,0.0,0.0,0.0,0.0,0.0,0.0,0.0,0.0,0.0,0.0,0.0,0.0,0.002,0.998,0.05097620089879156,1881,0.0002984757229201766,1.4214258965975338e-07,6.536334283926202e-05,16,20,False,0.995,0.005,0.66,fixed,100,none,eefd7eeb-488a-4f09-b43a-00ca3ec1ee27
486,52700,14.27362060546875,1.0,1.0,1.0,0.9960959999999999,0.0,0.0,0.0,0.0,0.0,0.0,0.0,0.0,0.0,0.0,0.0,0.0,0.0,0.0,0.002,0.998,0.05097620089879156,1881,0.00029703833745042433,1.4176957334280974e-07,6.504862828683302e-05,16,20,False,0.995,0.005,0.66,fixed,100,none,eefd7eeb-488a-4f09-b43a-00ca3ec1ee27
487,52800,14.285272359848022,1.0,1.0,1.0,0.9960959999999999,0.0,0.0,0.0,0.0,0.0,0.0,0.0,0.0,0.0,0.0,0.0,0.0,0.0,0.0,0.002,0.998,0.05097620089879156,1881,0.00029829898224994345,1.4169603531532373e-07,6.532456946122253e-05,16,20,False,0.995,0.005,0.66,fixed,100,none,eefd7eeb-488a-4f09-b43a-00ca3ec1ee27
488,52900,14.296895265579224,1.0,1.0,1.0,0.9960959999999999,0.0,0.0,0.0,0.0,0.0,0.0,0.0,0.0,0.0,0.0,0.0,0.0,0.0,0.0,0.002,0.998,0.05097620089879156,1881,0.00029790242864579,1.414281893789822e-07,6.523771298654543e-05,16,20,False,0.995,0.005,0.66,fixed,100,none,eefd7eeb-488a-4f09-b43a-00ca3ec1ee27
489,53000,14.308543920516968,1.0,1.0,1.0,0.9960959999999999,0.0,0.0,0.0,0.0,0.0,0.0,0.0,0.0,0.0,0.0,0.0,0.0,0.0,0.0,0.002,0.998,0.05097620089879156,1881,0.00029683862258369695,1.4099225200728878e-07,6.500476301145265e-05,16,20,False,0.995,0.005,0.66,fixed,100,none,eefd7eeb-488a-4f09-b43a-00ca3ec1ee27
490,53100,14.320245265960693,1.0,1.0,1.0,0.9960959999999999,0.0,0.0,0.0,0.0,0.0,0.0,0.0,0.0,0.0,0.0,0.0,0.0,0.0,0.0,0.002,0.998,0.05097620089879156,1881,0.0002973482102553115,1.4116777704931166e-07,6.511634510252706e-05,16,20,False,0.995,0.005,0.66,fixed,100,none,eefd7eeb-488a-4f09-b43a-00ca3ec1ee27
491,53200,14.332030534744263,1.0,1.0,1.0,0.9960959999999999,0.0,0.0,0.0,0.0,0.0,0.0,0.0,0.0,0.0,0.0,0.0,0.0,0.0,0.0,0.002,0.998,0.05097620089879156,1881,0.0002964786841841844,1.411281056846978e-07,6.492599830799807e-05,16,20,False,0.995,0.005,0.66,fixed,100,none,eefd7eeb-488a-4f09-b43a-00ca3ec1ee27
492,53300,14.343955039978027,1.0,1.0,1.0,0.9960959999999999,0.0,0.0,0.0,0.0,0.0,0.0,0.0,0.0,0.0,0.0,0.0,0.0,0.0,0.0,0.002,0.998,0.05097620089879156,1881,0.0002972777259161413,1.4171950049675228e-07,6.510102090813771e-05,16,20,False,0.995,0.005,0.66,fixed,100,none,eefd7eeb-488a-4f09-b43a-00ca3ec1ee27
493,53400,14.355672597885132,1.0,1.0,1.0,0.9960959999999999,0.0,0.0,0.0,0.0,0.0,0.0,0.0,0.0,0.0,0.0,0.0,0.0,0.0,0.0,0.002,0.998,0.05097620089879156,1881,0.0002972777259161413,1.4171950049675228e-07,6.510102090813771e-05,16,20,False,0.995,0.005,0.66,fixed,100,none,eefd7eeb-488a-4f09-b43a-00ca3ec1ee27
494,53700,14.367511987686157,1.0,1.0,1.0,0.9960959999999999,0.0,0.0,0.0,0.0,0.0,0.0,0.0,0.0,0.0,0.0,0.0,0.0,0.0,0.0,0.002,0.998,0.05097620089879156,1881,0.0002969054434953702,1.4197263863760003e-07,6.501957638247768e-05,16,20,False,0.995,0.005,0.66,fixed,100,none,eefd7eeb-488a-4f09-b43a-00ca3ec1ee27
495,53800,14.379250526428223,1.0,1.0,1.0,0.9960959999999999,0.0,0.0,0.0,0.0,0.0,0.0,0.0,0.0,0.0,0.0,0.0,0.0,0.0,0.0,0.002,0.998,0.05097620089879156,1881,0.0002962852321187237,1.421021742819123e-07,6.488383672390218e-05,16,20,False,0.995,0.005,0.66,fixed,100,none,eefd7eeb-488a-4f09-b43a-00ca3ec1ee27
496,54100,14.390946865081787,1.0,1.0,1.0,0.9960959999999999,0.0,0.0,0.0,0.0,0.0,0.0,0.0,0.0,0.0,0.0,0.0,0.0,0.0,0.0,0.002,0.998,0.05097620089879156,1881,0.000296525808736253,1.4130111751929115e-07,6.493634674469446e-05,16,20,False,0.995,0.005,0.66,fixed,100,none,eefd7eeb-488a-4f09-b43a-00ca3ec1ee27
497,54200,14.402972936630249,1.0,1.0,1.0,0.9960959999999999,0.0,0.0,0.0,0.0,0.0,0.0,0.0,0.0,0.0,0.0,0.0,0.0,0.0,0.0,0.002,0.998,0.05097620089879156,1881,0.00029610104188431384,1.406853201547272e-07,6.48432482793057e-05,16,20,False,0.995,0.005,0.66,fixed,100,none,eefd7eeb-488a-4f09-b43a-00ca3ec1ee27
498,54400,14.414691686630249,1.0,1.0,1.0,0.9960959999999999,0.0,0.0,0.0,0.0,0.0,0.0,0.0,0.0,0.0,0.0,0.0,0.0,0.0,0.0,0.002,0.998,0.05097620089879156,1881,0.0002972231050623077,1.4203228954232724e-07,6.50891238331522e-05,16,20,False,0.995,0.005,0.66,fixed,100,none,eefd7eeb-488a-4f09-b43a-00ca3ec1ee27
499,54500,14.426378011703491,1.0,1.0,1.0,0.9960959999999999,0.0,0.0,0.0,0.0,0.0,0.0,0.0,0.0,0.0,0.0,0.0,0.0,0.0,0.0,0.002,0.998,0.05097620089879156,1881,0.00029670473692411365,1.419217912265046e-07,6.497563205302151e-05,16,20,False,0.995,0.005,0.66,fixed,100,none,eefd7eeb-488a-4f09-b43a-00ca3ec1ee27
500,54600,14.438147068023682,1.0,1.0,1.0,0.9960959999999999,0.0,0.0,0.0,0.0,0.0,0.0,0.0,0.0,0.0,0.0,0.0,0.0,0.0,0.0,0.002,0.998,0.05097620089879156,1881,0.00029625632690900833,1.4149199354159788e-07,6.487739343915483e-05,16,20,False,0.995,0.005,0.66,fixed,100,none,eefd7eeb-488a-4f09-b43a-00ca3ec1ee27
501,54700,14.450257301330566,1.0,1.0,1.0,0.9960959999999999,0.0,0.0,0.0,0.0,0.0,0.0,0.0,0.0,0.0,0.0,0.0,0.0,0.0,0.0,0.002,0.998,0.05097620089879156,1881,0.00029689465832849347,1.4180940061843825e-07,6.501718449422473e-05,16,20,False,0.995,0.005,0.66,fixed,100,none,eefd7eeb-488a-4f09-b43a-00ca3ec1ee27
502,54800,14.462016105651855,1.0,1.0,1.0,0.9960959999999999,0.0,0.0,0.0,0.0,0.0,0.0,0.0,0.0,0.0,0.0,0.0,0.0,0.0,0.0,0.002,0.998,0.05136123951309429,1880,0.00029919847905464283,1.4298146341550573e-07,6.552171354311027e-05,16,20,False,0.995,0.005,0.66,fixed,100,none,eefd7eeb-488a-4f09-b43a-00ca3ec1ee27
503,54900,14.473788261413574,1.0,1.0,1.0,0.9960959999999999,0.0,0.0,0.0,0.0,0.0,0.0,0.0,0.0,0.0,0.0,0.0,0.0,0.0,0.0,0.002,0.998,0.05136123951309429,1880,0.00029739238889793203,1.419168015230184e-07,6.512615812204669e-05,16,20,False,0.995,0.005,0.66,fixed,100,none,eefd7eeb-488a-4f09-b43a-00ca3ec1ee27
504,55000,14.485539674758911,1.0,1.0,1.0,0.9960959999999999,0.0,0.0,0.0,0.0,0.0,0.0,0.0,0.0,0.0,0.0,0.0,0.0,0.0,0.0,0.002,0.998,0.05136123951309429,1880,0.0002968248743267585,1.418626423273566e-07,6.500191889216964e-05,16,20,False,0.995,0.005,0.66,fixed,100,none,eefd7eeb-488a-4f09-b43a-00ca3ec1ee27
505,55100,14.497286796569824,1.0,1.0,1.0,0.9960959999999999,0.0,0.0,0.0,0.0,0.0,0.0,0.0,0.0,0.0,0.0,0.0,0.0,0.0,0.0,0.002,0.998,0.05136123951309429,1880,0.00029595546838946966,1.4140342261486633e-07,6.481151868075174e-05,16,20,False,0.995,0.005,0.66,fixed,100,none,eefd7eeb-488a-4f09-b43a-00ca3ec1ee27
506,55200,14.508949756622314,1.0,1.0,1.0,0.9960959999999999,0.0,0.0,0.0,0.0,0.0,0.0,0.0,0.0,0.0,0.0,0.0,0.0,0.0,0.0,0.002,0.998,0.05136123951309429,1880,0.00029572800409158773,1.415810478372863e-07,6.476176049473764e-05,16,20,False,0.995,0.005,0.66,fixed,100,none,eefd7eeb-488a-4f09-b43a-00ca3ec1ee27
507,55500,14.52065634727478,1.0,1.0,1.0,0.9960959999999999,0.0,0.0,0.0,0.0,0.0,0.0,0.0,0.0,0.0,0.0,0.0,0.0,0.0,0.0,0.002,0.998,0.05136123951309429,1880,0.0002949156045706533,1.411361128450004e-07,6.458384170195656e-05,16,20,False,0.995,0.005,0.66,fixed,100,none,eefd7eeb-488a-4f09-b43a-00ca3ec1ee27
508,55600,14.532499074935913,1.0,1.0,1.0,0.9960959999999999,0.0,0.0,0.0,0.0,0.0,0.0,0.0,0.0,0.0,0.0,0.0,0.0,0.0,0.0,0.002,0.998,0.05136123951309429,1880,0.0002939384119908202,1.4027279109302024e-07,6.436977021509821e-05,16,20,False,0.995,0.005,0.66,fixed,100,none,eefd7eeb-488a-4f09-b43a-00ca3ec1ee27
509,55900,14.54435133934021,1.0,1.0,1.0,0.9960959999999999,0.0,0.0,0.0,0.0,0.0,0.0,0.0,0.0,0.0,0.0,0.0,0.0,0.0,0.0,0.002,0.998,0.05136123951309429,1880,0.00029683370375301456,1.4298466680568153e-07,6.500406483822797e-05,16,20,False,0.995,0.005,0.66,fixed,100,none,eefd7eeb-488a-4f09-b43a-00ca3ec1ee27
510,56000,14.556102991104126,1.0,1.0,1.0,0.9960959999999999,0.0,0.0,0.0,0.0,0.0,0.0,0.0,0.0,0.0,0.0,0.0,0.0,0.0,0.0,0.002,0.998,0.05136123951309429,1880,0.0002965109523232616,1.4318079674459074e-07,6.493345181494343e-05,16,20,False,0.995,0.005,0.66,fixed,100,none,eefd7eeb-488a-4f09-b43a-00ca3ec1ee27
511,56200,14.56873083114624,1.0,1.0,1.0,0.9960959999999999,0.0,0.0,0.0,0.0,0.0,0.0,0.0,0.0,0.0,0.0,0.0,0.0,0.0,0.0,0.002,0.998,0.0513612395130943,1880,0.00029784798769184596,1.435985084882053e-07,6.522620822235784e-05,16,20,False,0.995,0.005,0.66,fixed,100,none,eefd7eeb-488a-4f09-b43a-00ca3ec1ee27
512,56300,14.581719636917114,1.0,1.0,1.0,0.9960959999999999,0.0,0.0,0.0,0.0,0.0,0.0,0.0,0.0,0.0,0.0,0.0,0.0,0.0,0.0,0.002,0.998,0.05097620089879156,1881,0.0002983614456182948,1.4474231682685458e-07,6.533882148604183e-05,16,20,False,0.995,0.005,0.66,fixed,100,none,eefd7eeb-488a-4f09-b43a-00ca3ec1ee27
513,56400,14.594720602035522,1.0,1.0,1.0,0.9960959999999999,0.0,0.0,0.0,0.0,0.0,0.0,0.0,0.0,0.0,0.0,0.0,0.0,0.0,0.0,0.002,0.998,0.05097620089879156,1881,0.0002978972804034042,1.4443151548454575e-07,6.523715666824725e-05,16,20,False,0.995,0.005,0.66,fixed,100,none,eefd7eeb-488a-4f09-b43a-00ca3ec1ee27
514,56500,14.60767650604248,1.0,1.0,1.0,0.9960959999999999,0.0,0.0,0.0,0.0,0.0,0.0,0.0,0.0,0.0,0.0,0.0,0.0,0.0,0.0,0.002,0.998,0.05097620089879156,1881,0.00029728706044935914,1.4422005773896846e-07,6.510353934333512e-05,16,20,False,0.995,0.005,0.66,fixed,100,none,eefd7eeb-488a-4f09-b43a-00ca3ec1ee27
515,56600,14.619986534118652,1.0,1.0,1.0,0.9960959999999999,0.0,0.0,0.0,0.0,0.0,0.0,0.0,0.0,0.0,0.0,0.0,0.0,0.0,0.0,0.002,0.998,0.05097620089879156,1881,0.00029800391948922594,1.4516397132561465e-07,6.526063913074343e-05,16,20,False,0.995,0.005,0.66,fixed,100,none,eefd7eeb-488a-4f09-b43a-00ca3ec1ee27
516,56700,14.63193154335022,1.0,1.0,1.0,0.9960959999999999,0.0,0.0,0.0,0.0,0.0,0.0,0.0,0.0,0.0,0.0,0.0,0.0,0.0,0.0,0.002,0.998,0.05097620089879156,1881,0.0002981179244980153,1.4526407588723393e-07,6.528561384703413e-05,16,20,False,0.995,0.005,0.66,fixed,100,none,eefd7eeb-488a-4f09-b43a-00ca3ec1ee27
517,56800,14.64392900466919,1.0,1.0,1.0,0.9960959999999999,0.0,0.0,0.0,0.0,0.0,0.0,0.0,0.0,0.0,0.0,0.0,0.0,0.0,0.0,0.002,0.998,0.05097620089879156,1881,0.0003006314439622026,1.46856566175089e-07,6.583612583089941e-05,16,20,False,0.995,0.005,0.66,fixed,100,none,eefd7eeb-488a-4f09-b43a-00ca3ec1ee27
518,56900,14.655952453613281,1.0,1.0,1.0,0.9960959999999999,0.0,0.0,0.0,0.0,0.0,0.0,0.0,0.0,0.0,0.0,0.0,0.0,0.0,0.0,0.002,0.998,0.05097620089879156,1881,0.0003005231954386045,1.4715550575457316e-07,6.58124870276039e-05,16,20,False,0.995,0.005,0.66,fixed,100,none,eefd7eeb-488a-4f09-b43a-00ca3ec1ee27
519,57000,14.667911529541016,1.0,1.0,1.0,0.9960959999999999,0.0,0.0,0.0,0.0,0.0,0.0,0.0,0.0,0.0,0.0,0.0,0.0,0.0,0.0,0.002,0.998,0.0513612395130943,1880,0.00029851661903996856,1.4627237062757562e-07,6.537307965826836e-05,16,20,False,0.995,0.005,0.66,fixed,100,none,eefd7eeb-488a-4f09-b43a-00ca3ec1ee27
520,57300,14.680033683776855,1.0,1.0,1.0,0.9960959999999999,0.0,0.0,0.0,0.0,0.0,0.0,0.0,0.0,0.0,0.0,0.0,0.0,0.0,0.0,0.002,0.998,0.0513612395130943,1880,0.000300793358272929,1.4784359002768787e-07,6.587175640804942e-05,16,20,False,0.995,0.005,0.66,fixed,100,none,eefd7eeb-488a-4f09-b43a-00ca3ec1ee27
521,57400,14.692061185836792,1.0,1.0,1.0,0.9960959999999999,0.0,0.0,0.0,0.0,0.0,0.0,0.0,0.0,0.0,0.0,0.0,0.0,0.0,0.0,0.002,0.998,0.05097620089879156,1881,0.0003036478519298977,1.4961575728416825e-07,6.64969417813386e-05,16,20,False,0.995,0.005,0.66,fixed,100,none,eefd7eeb-488a-4f09-b43a-00ca3ec1ee27
522,57700,14.704123735427856,1.0,1.0,1.0,0.9960959999999999,0.0,0.0,0.0,0.0,0.0,0.0,0.0,0.0,0.0,0.0,0.0,0.0,0.0,0.0,0.002,0.998,0.05097620089879156,1881,0.0003033638963692965,1.5017145363020782e-07,6.643488949142875e-05,16,20,False,0.995,0.005,0.66,fixed,100,none,eefd7eeb-488a-4f09-b43a-00ca3ec1ee27
523,57800,14.71585464477539,1.0,1.0,1.0,0.9960959999999999,0.0,0.0,0.0,0.0,0.0,0.0,0.0,0.0,0.0,0.0,0.0,0.0,0.0,0.0,0.002,0.998,0.05136123951309429,1880,0.0003046588833213417,1.5129203212872417e-07,6.671857504514617e-05,16,20,False,0.995,0.005,0.66,fixed,100,none,eefd7eeb-488a-4f09-b43a-00ca3ec1ee27
524,57900,14.727563619613647,1.0,1.0,1.0,0.9960959999999999,0.0,0.0,0.0,0.0,0.0,0.0,0.0,0.0,0.0,0.0,0.0,0.0,0.0,0.0,0.002,0.998,0.05136123951309429,1880,0.00030446000017498253,1.5103778857563084e-07,6.667499121813304e-05,16,20,False,0.995,0.005,0.66,fixed,100,none,eefd7eeb-488a-4f09-b43a-00ca3ec1ee27
525,58000,14.739284038543701,1.0,1.0,1.0,0.9960959999999999,0.0,0.0,0.0,0.0,0.0,0.0,0.0,0.0,0.0,0.0,0.0,0.0,0.0,0.0,0.002,0.998,0.05136123951309429,1880,0.0003049034368465924,1.513396757724769e-07,6.677211686411585e-05,16,20,False,0.995,0.005,0.66,fixed,100,none,eefd7eeb-488a-4f09-b43a-00ca3ec1ee27
526,58100,14.751138925552368,1.0,1.0,1.0,0.9960959999999999,0.0,0.0,0.0,0.0,0.0,0.0,0.0,0.0,0.0,0.0,0.0,0.0,0.0,0.0,0.002,0.998,0.05136123951309429,1880,0.00030422130646343007,1.516192486192283e-07,6.662285164208251e-05,16,20,False,0.995,0.005,0.66,fixed,100,none,eefd7eeb-488a-4f09-b43a-00ca3ec1ee27
527,58300,14.762850999832153,1.0,1.0,1.0,0.9960959999999999,0.0,0.0,0.0,0.0,0.0,0.0,0.0,0.0,0.0,0.0,0.0,0.0,0.0,0.0,0.002,0.998,0.05136123951309429,1880,0.0003052329822455822,1.517458232104733e-07,6.684433151996794e-05,16,20,False,0.995,0.005,0.66,fixed,100,none,eefd7eeb-488a-4f09-b43a-00ca3ec1ee27
528,58400,14.774550676345825,1.0,1.0,1.0,0.9960959999999999,0.0,0.0,0.0,0.0,0.0,0.0,0.0,0.0,0.0,0.0,0.0,0.0,0.0,0.0,0.002,0.998,0.05136123951309429,1880,0.0003045770536005856,1.5122467577865406e-07,6.670064972156613e-05,16,20,False,0.995,0.005,0.66,fixed,100,none,eefd7eeb-488a-4f09-b43a-00ca3ec1ee27
529,58500,14.786375045776367,1.0,1.0,1.0,0.9960959999999999,0.0,0.0,0.0,0.0,0.0,0.0,0.0,0.0,0.0,0.0,0.0,0.0,0.0,0.0,0.002,0.998,0.05136123951309429,1880,0.0003057750456809598,1.5248942499044588e-07,6.696313049031029e-05,16,20,False,0.995,0.005,0.66,fixed,100,none,eefd7eeb-488a-4f09-b43a-00ca3ec1ee27
530,58700,14.798521041870117,1.0,1.0,1.0,0.9960959999999999,0.0,0.0,0.0,0.0,0.0,0.0,0.0,0.0,0.0,0.0,0.0,0.0,0.0,0.0,0.002,0.998,0.05136123951309429,1880,0.00030553058293069274,1.5291399229199945e-07,6.690969826206413e-05,16,20,False,0.995,0.005,0.66,fixed,100,none,eefd7eeb-488a-4f09-b43a-00ca3ec1ee27
531,58800,14.810321569442749,1.0,1.0,1.0,0.9960959999999999,0.0,0.0,0.0,0.0,0.0,0.0,0.0,0.0,0.0,0.0,0.0,0.0,0.0,0.0,0.002,0.998,0.05097620089879156,1881,0.000306152595094289,1.538421044625426e-07,6.704603306598775e-05,16,20,False,0.995,0.005,0.66,fixed,100,none,eefd7eeb-488a-4f09-b43a-00ca3ec1ee27
532,59100,14.822001218795776,1.0,1.0,1.0,0.9960959999999999,0.0,0.0,0.0,0.0,0.0,0.0,0.0,0.0,0.0,0.0,0.0,0.0,0.0,0.0,0.002,0.998,0.05136123951309429,1880,0.00031003618339355796,1.5772071052115523e-07,6.789688747984886e-05,16,20,False,0.995,0.005,0.66,fixed,100,none,eefd7eeb-488a-4f09-b43a-00ca3ec1ee27
533,59200,14.833775281906128,1.0,1.0,1.0,0.9960959999999999,0.0,0.0,0.0,0.0,0.0,0.0,0.0,0.0,0.0,0.0,0.0,0.0,0.0,0.0,0.002,0.998,0.05136123951309429,1880,0.00031137376258508323,1.5918720681989503e-07,6.818996219917051e-05,16,20,False,0.995,0.005,0.66,fixed,100,none,eefd7eeb-488a-4f09-b43a-00ca3ec1ee27
534,59300,14.84550142288208,1.0,1.0,1.0,0.9960959999999999,0.0,0.0,0.0,0.0,0.0,0.0,0.0,0.0,0.0,0.0,0.0,0.0,0.0,0.0,0.002,0.998,0.05136123951309429,1880,0.00030996100187442605,1.5809707307460856e-07,6.788050175419603e-05,16,20,False,0.995,0.005,0.66,fixed,100,none,eefd7eeb-488a-4f09-b43a-00ca3ec1ee27
535,59500,14.857178926467896,1.0,1.0,1.0,0.9960959999999999,0.0,0.0,0.0,0.0,0.0,0.0,0.0,0.0,0.0,0.0,0.0,0.0,0.0,0.0,0.002,0.998,0.05136123951309429,1880,0.0003107717610512049,1.5938247791675549e-07,6.805822116491294e-05,16,20,False,0.995,0.005,0.66,fixed,100,none,eefd7eeb-488a-4f09-b43a-00ca3ec1ee27
536,59600,14.869112014770508,1.0,1.0,1.0,0.9960959999999999,0.0,0.0,0.0,0.0,0.0,0.0,0.0,0.0,0.0,0.0,0.0,0.0,0.0,0.0,0.002,0.998,0.05136123951309429,1880,0.00031216310143748966,1.6090015406505874e-07,6.836307393393886e-05,16,20,False,0.995,0.005,0.66,fixed,100,none,eefd7eeb-488a-4f09-b43a-00ca3ec1ee27
537,59700,14.881028890609741,1.0,1.0,1.0,0.9960959999999999,0.0,0.0,0.0,0.0,0.0,0.0,0.0,0.0,0.0,0.0,0.0,0.0,0.0,0.0,0.002,0.998,0.05136123951309429,1880,0.0003114621084467627,1.6080796394859222e-07,6.820960905214659e-05,16,20,False,0.995,0.005,0.66,fixed,100,none,eefd7eeb-488a-4f09-b43a-00ca3ec1ee27
538,59800,14.892741680145264,1.0,1.0,1.0,0.9960959999999999,0.0,0.0,0.0,0.0,0.0,0.0,0.0,0.0,0.0,0.0,0.0,0.0,0.0,0.0,0.002,0.998,0.05136123951309429,1880,0.00031198622979338424,1.609957071210727e-07,6.832437488612482e-05,16,20,False,0.995,0.005,0.66,fixed,100,none,eefd7eeb-488a-4f09-b43a-00ca3ec1ee27
539,59900,14.90476942062378,1.0,1.0,1.0,0.9960959999999999,0.0,0.0,0.0,0.0,0.0,0.0,0.0,0.0,0.0,0.0,0.0,0.0,0.0,0.0,0.002,0.998,0.05136123951309429,1880,0.0003120351679981496,1.6061370525346355e-07,6.83350148787931e-05,16,20,False,0.995,0.005,0.66,fixed,100,none,eefd7eeb-488a-4f09-b43a-00ca3ec1ee27
540,60200,14.916772365570068,1.0,1.0,1.0,0.9960959999999999,0.0,0.0,0.0,0.0,0.0,0.0,0.0,0.0,0.0,0.0,0.0,0.0,0.0,0.0,0.002,0.998,0.05136123951309429,1880,0.0003120071839997641,1.5992091731399142e-07,6.832875755183802e-05,16,20,False,0.995,0.005,0.66,fixed,100,none,eefd7eeb-488a-4f09-b43a-00ca3ec1ee27
541,60300,14.929953575134277,1.0,1.0,1.0,0.9960959999999999,0.0,0.0,0.0,0.0,0.0,0.0,0.0,0.0,0.0,0.0,0.0,0.0,0.0,0.0,0.002,0.998,0.05136123951309429,1880,0.00031052288531642795,1.5999493868361222e-07,6.800385863411596e-05,16,20,False,0.995,0.005,0.66,fixed,100,none,eefd7eeb-488a-4f09-b43a-00ca3ec1ee27
542,60500,14.941749095916748,1.0,1.0,1.0,0.9960959999999999,0.0,0.0,0.0,0.0,0.0,0.0,0.0,0.0,0.0,0.0,0.0,0.0,0.0,0.0,0.002,0.998,0.05136123951309429,1880,0.0003091095327850452,1.5938655092415048e-07,6.769436017132199e-05,16,20,False,0.995,0.005,0.66,fixed,100,none,eefd7eeb-488a-4f09-b43a-00ca3ec1ee27
543,60600,14.953482866287231,1.0,1.0,1.0,0.9960959999999999,0.0,0.0,0.0,0.0,0.0,0.0,0.0,0.0,0.0,0.0,0.0,0.0,0.0,0.0,0.002,0.998,0.05136123951309429,1880,0.00030879628108291163,1.589299685216043e-07,6.762570262306845e-05,16,20,False,0.995,0.005,0.66,fixed,100,none,eefd7eeb-488a-4f09-b43a-00ca3ec1ee27
544,60700,14.965228080749512,1.0,1.0,1.0,0.9960959999999999,0.0,0.0,0.0,0.0,0.0,0.0,0.0,0.0,0.0,0.0,0.0,0.0,0.0,0.0,0.002,0.998,0.05136123951309429,1880,0.0003084132004228667,1.5946705701000749e-07,6.754194831339742e-05,16,20,False,0.995,0.005,0.66,fixed,100,none,eefd7eeb-488a-4f09-b43a-00ca3ec1ee27
545,60800,14.977009773254395,1.0,1.0,1.0,0.9960959999999999,0.0,0.0,0.0,0.0,0.0,0.0,0.0,0.0,0.0,0.0,0.0,0.0,0.0,0.0,0.002,0.998,0.05136123951309429,1880,0.00030851622092700683,1.5992490694763193e-07,6.756458649324185e-05,16,20,False,0.995,0.005,0.66,fixed,100,none,eefd7eeb-488a-4f09-b43a-00ca3ec1ee27
546,60900,14.988662958145142,1.0,1.0,1.0,0.9960959999999999,0.0,0.0,0.0,0.0,0.0,0.0,0.0,0.0,0.0,0.0,0.0,0.0,0.0,0.0,0.002,0.998,0.05136123951309429,1880,0.00030881368675718493,1.601693041699386e-07,6.762974819894007e-05,16,20,False,0.995,0.005,0.66,fixed,100,none,eefd7eeb-488a-4f09-b43a-00ca3ec1ee27
547,61000,15.000755786895752,1.0,1.0,1.0,0.9960959999999999,0.0,0.0,0.0,0.0,0.0,0.0,0.0,0.0,0.0,0.0,0.0,0.0,0.0,0.0,0.002,0.998,0.051745274115364996,1879,0.0003096990570396407,1.605402969366333e-07,6.78236262423953e-05,16,20,False,0.995,0.005,0.66,fixed,100,none,eefd7eeb-488a-4f09-b43a-00ca3ec1ee27
548,61200,15.012590646743774,1.0,1.0,1.0,0.9960959999999999,0.0,0.0,0.0,0.0,0.0,0.0,0.0,0.0,0.0,0.0,0.0,0.0,0.0,0.0,0.002,0.998,0.051745274115364996,1879,0.00030888035645134065,1.597371124673316e-07,6.764426007856726e-05,16,20,False,0.995,0.005,0.66,fixed,100,none,eefd7eeb-488a-4f09-b43a-00ca3ec1ee27
549,61300,15.024405002593994,1.0,1.0,1.0,0.9960959999999999,0.0,0.0,0.0,0.0,0.0,0.0,0.0,0.0,0.0,0.0,0.0,0.0,0.0,0.0,0.002,0.998,0.051745274115364996,1879,0.000308099558052417,1.5869205138576319e-07,6.747314474743737e-05,16,20,False,0.995,0.005,0.66,fixed,100,none,eefd7eeb-488a-4f09-b43a-00ca3ec1ee27
550,61400,15.036175012588501,1.0,1.0,1.0,0.9960959999999999,0.0,0.0,0.0,0.0,0.0,0.0,0.0,0.0,0.0,0.0,0.0,0.0,0.0,0.0,0.002,0.998,0.051745274115364996,1879,0.0003082313549312704,1.5890756990550772e-07,6.750203603273714e-05,16,20,False,0.995,0.005,0.66,fixed,100,none,eefd7eeb-488a-4f09-b43a-00ca3ec1ee27
551,61600,15.04800796508789,1.0,1.0,1.0,0.9960959999999999,0.0,0.0,0.0,0.0,0.0,0.0,0.0,0.0,0.0,0.0,0.0,0.0,0.0,0.0,0.002,0.998,0.051745274115364996,1879,0.00030786765579964996,1.587918645520634e-07,6.742240030880827e-05,16,20,False,0.995,0.005,0.66,fixed,100,none,eefd7eeb-488a-4f09-b43a-00ca3ec1ee27
552,61700,15.059874534606934,1.0,1.0,1.0,0.9960959999999999,0.0,0.0,0.0,0.0,0.0,0.0,0.0,0.0,0.0,0.0,0.0,0.0,0.0,0.0,0.002,0.998,0.05136123951309429,1880,0.0003089562064768897,1.5998506266549383e-07,6.766091075969761e-05,16,20,False,0.995,0.005,0.66,fixed,100,none,eefd7eeb-488a-4f09-b43a-00ca3ec1ee27
553,61800,15.071727514266968,1.0,1.0,1.0,0.9960959999999999,0.0,0.0,0.0,0.0,0.0,0.0,0.0,0.0,0.0,0.0,0.0,0.0,0.0,0.0,0.002,0.998,0.051745274115364996,1879,0.00030903295734048753,1.6029383929353436e-07,6.76777701912985e-05,16,20,False,0.995,0.005,0.66,fixed,100,none,eefd7eeb-488a-4f09-b43a-00ca3ec1ee27
554,62000,15.083409070968628,1.0,1.0,1.0,0.9960959999999999,0.0,0.0,0.0,0.0,0.0,0.0,0.0,0.0,0.0,0.0,0.0,0.0,0.0,0.0,0.002,0.998,0.052128304705603576,1878,0.00030847892380877833,1.5967360547672187e-07,6.755637440678215e-05,16,20,False,0.995,0.005,0.66,fixed,100,none,eefd7eeb-488a-4f09-b43a-00ca3ec1ee27
555,62100,15.095115423202515,1.0,1.0,1.0,0.9960959999999999,0.0,0.0,0.0,0.0,0.0,0.0,0.0,0.0,0.0,0.0,0.0,0.0,0.0,0.0,0.002,0.998,0.052128304705603576,1878,0.0003091022667556017,1.6023317602498523e-07,6.769293049624596e-05,16,20,False,0.995,0.005,0.66,fixed,100,none,eefd7eeb-488a-4f09-b43a-00ca3ec1ee27
556,62200,15.106819868087769,1.0,1.0,1.0,0.9960959999999999,0.0,0.0,0.0,0.0,0.0,0.0,0.0,0.0,0.0,0.0,0.0,0.0,0.0,0.0,0.002,0.998,0.051745274115364996,1879,0.0003102622718311964,1.6183569223665533e-07,6.794716008537386e-05,16,20,False,0.995,0.005,0.66,fixed,100,none,eefd7eeb-488a-4f09-b43a-00ca3ec1ee27
557,62300,15.118600606918335,1.0,1.0,1.0,0.9960959999999999,0.0,0.0,0.0,0.0,0.0,0.0,0.0,0.0,0.0,0.0,0.0,0.0,0.0,0.0,0.002,0.998,0.051745274115364996,1879,0.0003102622718311964,1.6183569223665533e-07,6.794716008537386e-05,16,20,False,0.995,0.005,0.66,fixed,100,none,eefd7eeb-488a-4f09-b43a-00ca3ec1ee27
558,62400,15.130299806594849,1.0,1.0,1.0,0.9960959999999999,0.0,0.0,0.0,0.0,0.0,0.0,0.0,0.0,0.0,0.0,0.0,0.0,0.0,0.0,0.002,0.998,0.051745274115364996,1879,0.0003113761315105365,1.6311212196001012e-07,6.819122649082884e-05,16,20,False,0.995,0.005,0.66,fixed,100,none,eefd7eeb-488a-4f09-b43a-00ca3ec1ee27
559,62700,15.142147302627563,1.0,1.0,1.0,0.9960959999999999,0.0,0.0,0.0,0.0,0.0,0.0,0.0,0.0,0.0,0.0,0.0,0.0,0.0,0.0,0.002,0.998,0.051745274115364996,1879,0.00031011062805977096,1.631751673635813e-07,6.791421976408295e-05,16,20,False,0.995,0.005,0.66,fixed,100,none,eefd7eeb-488a-4f09-b43a-00ca3ec1ee27
560,62800,15.153918504714966,1.0,1.0,1.0,0.9960959999999999,0.0,0.0,0.0,0.0,0.0,0.0,0.0,0.0,0.0,0.0,0.0,0.0,0.0,0.0,0.002,0.998,0.051745274115364996,1879,0.00030905836148869355,1.6163308824631626e-07,6.768358561664183e-05,16,20,False,0.995,0.005,0.66,fixed,100,none,eefd7eeb-488a-4f09-b43a-00ca3ec1ee27
561,63100,15.165611743927002,1.0,1.0,1.0,0.9960959999999999,0.0,0.0,0.0,0.0,0.0,0.0,0.0,0.0,0.0,0.0,0.0,0.0,0.0,0.0,0.002,0.998,0.051745274115364996,1879,0.0003109569215284961,1.635277304161471e-07,6.809954039136687e-05,16,20,False,0.995,0.005,0.66,fixed,100,none,eefd7eeb-488a-4f09-b43a-00ca3ec1ee27
562,63200,15.177332401275635,1.0,1.0,1.0,0.9960959999999999,0.0,0.0,0.0,0.0,0.0,0.0,0.0,0.0,0.0,0.0,0.0,0.0,0.0,0.0,0.002,0.998,0.051745274115364996,1879,0.00031023291904454475,1.6302346146050145e-07,6.794096043652835e-05,16,20,False,0.995,0.005,0.66,fixed,100,none,eefd7eeb-488a-4f09-b43a-00ca3ec1ee27
563,63300,15.18906545639038,1.0,1.0,1.0,0.9960959999999999,0.0,0.0,0.0,0.0,0.0,0.0,0.0,0.0,0.0,0.0,0.0,0.0,0.0,0.0,0.002,0.998,0.051745274115364996,1879,0.00030963082481417624,1.6267040022793496e-07,6.780909492786649e-05,16,20,False,0.995,0.005,0.66,fixed,100,none,eefd7eeb-488a-4f09-b43a-00ca3ec1ee27
564,63400,15.201288938522339,1.0,1.0,1.0,0.9960959999999999,0.0,0.0,0.0,0.0,0.0,0.0,0.0,0.0,0.0,0.0,0.0,0.0,0.0,0.0,0.002,0.998,0.051745274115364996,1879,0.0003104660380828064,1.6348234801638887e-07,6.799207738244944e-05,16,20,False,0.995,0.005,0.66,fixed,100,none,eefd7eeb-488a-4f09-b43a-00ca3ec1ee27
565,63500,15.213021755218506,1.0,1.0,1.0,0.9960959999999999,0.0,0.0,0.0,0.0,0.0,0.0,0.0,0.0,0.0,0.0,0.0,0.0,0.0,0.0,0.002,0.998,0.051745274115364996,1879,0.00030991559226000673,1.632955032867904e-07,6.787154929133997e-05,16,20,False,0.995,0.005,0.66,fixed,100,none,eefd7eeb-488a-4f09-b43a-00ca3ec1ee27
566,63800,15.224786281585693,1.0,1.0,1.0,0.9960959999999999,0.0,0.0,0.0,0.0,0.0,0.0,0.0,0.0,0.0,0.0,0.0,0.0,0.0,0.0,0.002,0.998,0.051745274115364996,1879,0.00031320584777264716,1.6492174853273892e-07,6.859209520965369e-05,16,20,False,0.995,0.005,0.66,fixed,100,none,eefd7eeb-488a-4f09-b43a-00ca3ec1ee27
567,63900,15.236510038375854,1.0,1.0,1.0,0.9960959999999999,0.0,0.0,0.0,0.0,0.0,0.0,0.0,0.0,0.0,0.0,0.0,0.0,0.0,0.0,0.002,0.998,0.05136123951309429,1880,0.00031283495947113054,1.6471219620363272e-07,6.851086794550917e-05,16,20,False,0.995,0.005,0.66,fixed,100,none,eefd7eeb-488a-4f09-b43a-00ca3ec1ee27
568,64100,15.248153686523438,1.0,1.0,1.0,0.9960959999999999,0.0,0.0,0.0,0.0,0.0,0.0,0.0,0.0,0.0,0.0,0.0,0.0,0.0,0.0,0.002,0.998,0.051745274115364996,1879,0.00031475304513020456,1.6581795953797677e-07,6.8930946991314e-05,16,20,False,0.995,0.005,0.66,fixed,100,none,eefd7eeb-488a-4f09-b43a-00ca3ec1ee27
569,64200,15.259774208068848,1.0,1.0,1.0,0.9960959999999999,0.0,0.0,0.0,0.0,0.0,0.0,0.0,0.0,0.0,0.0,0.0,0.0,0.0,0.0,0.002,0.998,0.051745274115364996,1879,0.00031642879808962683,1.6562564622658792e-07,6.929773277460236e-05,16,20,False,0.995,0.005,0.66,fixed,100,none,eefd7eeb-488a-4f09-b43a-00ca3ec1ee27
570,64300,15.271483898162842,1.0,1.0,1.0,0.9960959999999999,0.0,0.0,0.0,0.0,0.0,0.0,0.0,0.0,0.0,0.0,0.0,0.0,0.0,0.0,0.002,0.998,0.051745274115364996,1879,0.00031642879808962683,1.6562564622658792e-07,6.929773277460236e-05,16,20,False,0.995,0.005,0.66,fixed,100,none,eefd7eeb-488a-4f09-b43a-00ca3ec1ee27
571,64400,15.283244609832764,1.0,1.0,1.0,0.9960959999999999,0.0,0.0,0.0,0.0,0.0,0.0,0.0,0.0,0.0,0.0,0.0,0.0,0.0,0.0,0.002,0.998,0.051361239513094306,1880,0.00031735782988248623,1.6720008873630466e-07,6.950139697813614e-05,16,20,False,0.995,0.005,0.66,fixed,100,none,eefd7eeb-488a-4f09-b43a-00ca3ec1ee27
572,64500,15.294893264770508,1.0,1.0,1.0,0.9960959999999999,0.0,0.0,0.0,0.0,0.0,0.0,0.0,0.0,0.0,0.0,0.0,0.0,0.0,0.0,0.002,0.998,0.051361239513094306,1880,0.00031812842817780375,1.6716254854372662e-07,6.967007381234454e-05,16,20,False,0.995,0.005,0.66,fixed,100,none,eefd7eeb-488a-4f09-b43a-00ca3ec1ee27
573,64600,15.30665636062622,1.0,1.0,1.0,0.9960959999999999,0.0,0.0,0.0,0.0,0.0,0.0,0.0,0.0,0.0,0.0,0.0,0.0,0.0,0.0,0.002,0.998,0.051361239513094306,1880,0.00031777347367750215,1.6619991409205977e-07,6.959219137168272e-05,16,20,False,0.995,0.005,0.66,fixed,100,none,eefd7eeb-488a-4f09-b43a-00ca3ec1ee27
574,64800,15.31841516494751,1.0,1.0,1.0,0.9960959999999999,0.0,0.0,0.0,0.0,0.0,0.0,0.0,0.0,0.0,0.0,0.0,0.0,0.0,0.0,0.002,0.998,0.051745274115364996,1879,0.00031977803300986757,1.6864085610909942e-07,7.003145318852075e-05,16,20,False,0.995,0.005,0.66,fixed,100,none,eefd7eeb-488a-4f09-b43a-00ca3ec1ee27
575,64900,15.330203294754028,1.0,1.0,1.0,0.9960959999999999,0.0,0.0,0.0,0.0,0.0,0.0,0.0,0.0,0.0,0.0,0.0,0.0,0.0,0.0,0.002,0.998,0.051745274115364996,1879,0.0003199180412247153,1.7021532570202978e-07,7.006240013597357e-05,16,20,False,0.995,0.005,0.66,fixed,100,none,eefd7eeb-488a-4f09-b43a-00ca3ec1ee27
576,65000,15.341861486434937,1.0,1.0,1.0,0.9960959999999999,0.0,0.0,0.0,0.0,0.0,0.0,0.0,0.0,0.0,0.0,0.0,0.0,0.0,0.0,0.002,0.998,0.051745274115364996,1879,0.0003202807708440095,1.6994225974289296e-07,7.014174976710484e-05,16,20,False,0.995,0.005,0.66,fixed,100,none,eefd7eeb-488a-4f09-b43a-00ca3ec1ee27
577,65200,15.3535315990448,1.0,1.0,1.0,0.9960959999999999,0.0,0.0,0.0,0.0,0.0,0.0,0.0,0.0,0.0,0.0,0.0,0.0,0.0,0.0,0.002,0.998,0.0513612395130943,1880,0.0003199224206560216,1.699282290839876e-07,7.006330424512909e-05,16,20,False,0.995,0.005,0.66,fixed,100,none,eefd7eeb-488a-4f09-b43a-00ca3ec1ee27
578,65300,15.365205526351929,1.0,1.0,1.0,0.9960959999999999,0.0,0.0,0.0,0.0,0.0,0.0,0.0,0.0,0.0,0.0,0.0,0.0,0.0,0.0,0.002,0.998,0.051745274115364996,1879,0.0003201570918194803,1.6990066397426932e-07,7.011466852543935e-05,16,20,False,0.995,0.005,0.66,fixed,100,none,eefd7eeb-488a-4f09-b43a-00ca3ec1ee27
579,65400,15.377039909362793,1.0,1.0,1.0,0.9960959999999999,0.0,0.0,0.0,0.0,0.0,0.0,0.0,0.0,0.0,0.0,0.0,0.0,0.0,0.0,0.002,0.998,0.05097620089879157,1881,0.00032101282777878966,1.7107106561869288e-07,7.030221150324461e-05,16,20,False,0.995,0.005,0.66,fixed,100,none,eefd7eeb-488a-4f09-b43a-00ca3ec1ee27
580,65500,15.388969421386719,1.0,1.0,1.0,0.9960959999999999,0.0,0.0,0.0,0.0,0.0,0.0,0.0,0.0,0.0,0.0,0.0,0.0,0.0,0.0,0.002,0.998,0.05097620089879156,1881,0.0003211381800773983,1.7138688881698907e-07,7.032971112781772e-05,16,20,False,0.995,0.005,0.66,fixed,100,none,eefd7eeb-488a-4f09-b43a-00ca3ec1ee27
581,65600,15.40068793296814,1.0,1.0,1.0,0.9960959999999999,0.0,0.0,0.0,0.0,0.0,0.0,0.0,0.0,0.0,0.0,0.0,0.0,0.0,0.0,0.002,0.998,0.05097620089879157,1881,0.00032274695296086425,1.7223400678574752e-07,7.068203246442248e-05,16,20,False,0.995,0.005,0.66,fixed,100,none,eefd7eeb-488a-4f09-b43a-00ca3ec1ee27
582,65700,15.41236424446106,1.0,1.0,1.0,0.9960959999999999,0.0,0.0,0.0,0.0,0.0,0.0,0.0,0.0,0.0,0.0,0.0,0.0,0.0,0.0,0.002,0.998,0.0513612395130943,1880,0.0003248887456641135,1.7419364203139062e-07,7.115124321786041e-05,16,20,False,0.995,0.005,0.66,fixed,100,none,eefd7eeb-488a-4f09-b43a-00ca3ec1ee27
583,65900,15.42420482635498,1.0,1.0,1.0,0.9960959999999999,0.0,0.0,0.0,0.0,0.0,0.0,0.0,0.0,0.0,0.0,0.0,0.0,0.0,0.0,0.002,0.998,0.05097620089879156,1881,0.0003245806766251868,1.7440856297099856e-07,7.108384774021788e-05,16,20,False,0.995,0.005,0.66,fixed,100,none,eefd7eeb-488a-4f09-b43a-00ca3ec1ee27
584,66000,15.435947179794312,1.0,1.0,1.0,0.9960959999999999,0.0,0.0,0.0,0.0,0.0,0.0,0.0,0.0,0.0,0.0,0.0,0.0,0.0,0.0,0.002,0.998,0.05097620089879156,1881,0.0003249358187323247,1.7509065308887589e-07,7.116171794459277e-05,16,20,False,0.995,0.005,0.66,fixed,100,none,eefd7eeb-488a-4f09-b43a-00ca3ec1ee27
585,66300,15.447648525238037,1.0,1.0,1.0,0.9960959999999999,0.0,0.0,0.0,0.0,0.0,0.0,0.0,0.0,0.0,0.0,0.0,0.0,0.0,0.0,0.002,0.998,0.05097620089879157,1881,0.0003262359304931871,1.7523608234572997e-07,7.144634004060434e-05,16,20,False,0.995,0.005,0.66,fixed,100,none,eefd7eeb-488a-4f09-b43a-00ca3ec1ee27
586,66400,15.459333658218384,1.0,1.0,1.0,0.9960959999999999,0.0,0.0,0.0,0.0,0.0,0.0,0.0,0.0,0.0,0.0,0.0,0.0,0.0,0.0,0.002,0.998,0.05097620089879157,1881,0.0003257878017175788,1.7532832694320444e-07,7.134826217809722e-05,16,20,False,0.995,0.005,0.66,fixed,100,none,eefd7eeb-488a-4f09-b43a-00ca3ec1ee27
587,66500,15.470966339111328,1.0,1.0,1.0,0.9960959999999999,0.0,0.0,0.0,0.0,0.0,0.0,0.0,0.0,0.0,0.0,0.0,0.0,0.0,0.0,0.002,0.998,0.05097620089879156,1881,0.0003268800389934621,1.757840773824977e-07,7.158743951037153e-05,16,20,False,0.995,0.005,0.66,fixed,100,none,eefd7eeb-488a-4f09-b43a-00ca3ec1ee27
588,66700,15.482577562332153,1.0,1.0,1.0,0.9960959999999999,0.0,0.0,0.0,0.0,0.0,0.0,0.0,0.0,0.0,0.0,0.0,0.0,0.0,0.0,0.002,0.998,0.050590158272456734,1882,0.0003271869657179493,1.7594996300627957e-07,7.165465728863029e-05,16,20,False,0.995,0.005,0.66,fixed,100,none,eefd7eeb-488a-4f09-b43a-00ca3ec1ee27
589,66800,15.494349479675293,1.0,1.0,1.0,0.9960959999999999,0.0,0.0,0.0,0.0,0.0,0.0,0.0,0.0,0.0,0.0,0.0,0.0,0.0,0.0,0.002,0.998,0.050590158272456734,1882,0.0003275275755588539,1.765144625655818e-07,7.172932403772058e-05,16,20,False,0.995,0.005,0.66,fixed,100,none,eefd7eeb-488a-4f09-b43a-00ca3ec1ee27
590,67000,15.506066799163818,1.0,1.0,1.0,0.9960959999999999,0.0,0.0,0.0,0.0,0.0,0.0,0.0,0.0,0.0,0.0,0.0,0.0,0.0,0.0,0.002,0.998,0.05097620089879156,1881,0.0003261602665123555,1.750853648889793e-07,7.142974855888354e-05,16,20,False,0.995,0.005,0.66,fixed,100,none,eefd7eeb-488a-4f09-b43a-00ca3ec1ee27
591,67100,15.517691135406494,1.0,1.0,1.0,0.9960959999999999,0.0,0.0,0.0,0.0,0.0,0.0,0.0,0.0,0.0,0.0,0.0,0.0,0.0,0.0,0.002,0.998,0.050590158272456734,1882,0.00032652562935428443,1.7587315382527585e-07,7.150987616487967e-05,16,20,False,0.995,0.005,0.66,fixed,100,none,eefd7eeb-488a-4f09-b43a-00ca3ec1ee27
592,67400,15.529411792755127,1.0,1.0,1.0,0.9960959999999999,0.0,0.0,0.0,0.0,0.0,0.0,0.0,0.0,0.0,0.0,0.0,0.0,0.0,0.0,0.002,0.998,0.050590158272456734,1882,0.0003273390173212401,1.7764748917503878e-07,7.168826391456271e-05,16,20,False,0.995,0.005,0.66,fixed,100,none,eefd7eeb-488a-4f09-b43a-00ca3ec1ee27
593,67500,15.54126524925232,1.0,1.0,1.0,0.9960959999999999,0.0,0.0,0.0,0.0,0.0,0.0,0.0,0.0,0.0,0.0,0.0,0.0,0.0,0.0,0.002,0.998,0.050590158272456734,1882,0.0003274992327467676,1.795323408931502e-07,7.172369319303713e-05,16,20,False,0.995,0.005,0.66,fixed,100,none,eefd7eeb-488a-4f09-b43a-00ca3ec1ee27
594,67600,15.553064346313477,1.0,1.0,1.0,0.9960959999999999,0.0,0.0,0.0,0.0,0.0,0.0,0.0,0.0,0.0,0.0,0.0,0.0,0.0,0.0,0.002,0.998,0.050590158272456734,1882,0.0003281732180504724,1.7965486789924292e-07,7.187125185614926e-05,16,20,False,0.995,0.005,0.66,fixed,100,none,eefd7eeb-488a-4f09-b43a-00ca3ec1ee27
595,67700,15.564778566360474,1.0,1.0,1.0,0.9960959999999999,0.0,0.0,0.0,0.0,0.0,0.0,0.0,0.0,0.0,0.0,0.0,0.0,0.0,0.0,0.002,0.998,0.050590158272456734,1882,0.0003281732180504724,1.7965486789924292e-07,7.187125185614926e-05,16,20,False,0.995,0.005,0.66,fixed,100,none,eefd7eeb-488a-4f09-b43a-00ca3ec1ee27
596,67800,15.576523542404175,1.0,1.0,1.0,0.9960959999999999,0.0,0.0,0.0,0.0,0.0,0.0,0.0,0.0,0.0,0.0,0.0,0.0,0.0,0.0,0.002,0.998,0.050590158272456734,1882,0.0003289402193286032,1.7990139477957206e-07,7.203919527603936e-05,16,20,False,0.995,0.005,0.66,fixed,100,none,eefd7eeb-488a-4f09-b43a-00ca3ec1ee27
597,68100,15.588211297988892,1.0,1.0,1.0,0.9960959999999999,0.0,0.0,0.0,0.0,0.0,0.0,0.0,0.0,0.0,0.0,0.0,0.0,0.0,0.0,0.002,0.998,0.050590158272456734,1882,0.0003289241112176264,1.7966816628264146e-07,7.203562489713212e-05,16,20,False,0.995,0.005,0.66,fixed,100,none,eefd7eeb-488a-4f09-b43a-00ca3ec1ee27
598,68200,15.600053310394287,1.0,1.0,1.0,0.9960959999999999,0.0,0.0,0.0,0.0,0.0,0.0,0.0,0.0,0.0,0.0,0.0,0.0,0.0,0.0,0.002,0.998,0.050590158272456734,1882,0.0003313595258297344,1.8258385587765403e-07,7.256929113674561e-05,16,20,False,0.995,0.005,0.66,fixed,100,none,eefd7eeb-488a-4f09-b43a-00ca3ec1ee27
599,68500,15.612042903900146,1.0,1.0,1.0,0.9960959999999999,0.0,0.0,0.0,0.0,0.0,0.0,0.0,0.0,0.0,0.0,0.0,0.0,0.0,0.0,0.002,0.998,0.050590158272456734,1882,0.00033152511473403065,1.8231989198819976e-07,7.260548839475706e-05,16,20,False,0.995,0.005,0.66,fixed,100,none,eefd7eeb-488a-4f09-b43a-00ca3ec1ee27
600,68600,15.623775243759155,1.0,1.0,1.0,0.9960959999999999,0.0,0.0,0.0,0.0,0.0,0.0,0.0,0.0,0.0,0.0,0.0,0.0,0.0,0.0,0.002,0.998,0.05059015827245674,1882,0.0003313042733815912,1.8187949525644998e-07,7.255706254732905e-05,16,20,False,0.995,0.005,0.66,fixed,100,none,eefd7eeb-488a-4f09-b43a-00ca3ec1ee27
601,68700,15.635406494140625,1.0,1.0,1.0,0.9960959999999999,0.0,0.0,0.0,0.0,0.0,0.0,0.0,0.0,0.0,0.0,0.0,0.0,0.0,0.0,0.002,0.998,0.05059015827245674,1882,0.00033144175073171765,1.8227742475747829e-07,7.258723194587692e-05,16,20,False,0.995,0.005,0.66,fixed,100,none,eefd7eeb-488a-4f09-b43a-00ca3ec1ee27
602,68800,15.647059679031372,1.0,1.0,1.0,0.9960959999999999,0.0,0.0,0.0,0.0,0.0,0.0,0.0,0.0,0.0,0.0,0.0,0.0,0.0,0.0,0.002,0.998,0.05059015827245674,1882,0.0003328503036468161,1.835999230103794e-07,7.289581545366003e-05,16,20,False,0.995,0.005,0.66,fixed,100,none,eefd7eeb-488a-4f09-b43a-00ca3ec1ee27
603,68900,15.659236669540405,1.0,1.0,1.0,0.9960959999999999,0.0,0.0,0.0,0.0,0.0,0.0,0.0,0.0,0.0,0.0,0.0,0.0,0.0,0.0,0.002,0.998,0.050590158272456734,1882,0.00033318397333439954,1.835734723496592e-07,7.29688507226465e-05,16,20,False,0.995,0.005,0.66,fixed,100,none,eefd7eeb-488a-4f09-b43a-00ca3ec1ee27
604,69200,15.671025037765503,1.0,1.0,1.0,0.9960959999999999,0.0,0.0,0.0,0.0,0.0,0.0,0.0,0.0,0.0,0.0,0.0,0.0,0.0,0.0,0.002,0.998,0.050590158272456734,1882,0.0003331769537223906,1.8377994018054263e-07,7.296735335846561e-05,16,20,False,0.995,0.005,0.66,fixed,100,none,eefd7eeb-488a-4f09-b43a-00ca3ec1ee27
605,69300,15.682789087295532,1.0,1.0,1.0,0.9960959999999999,0.0,0.0,0.0,0.0,0.0,0.0,0.0,0.0,0.0,0.0,0.0,0.0,0.0,0.0,0.002,0.998,0.050590158272456734,1882,0.00033457338058680617,1.856758598774377e-07,7.327339142382859e-05,16,20,False,0.995,0.005,0.66,fixed,100,none,eefd7eeb-488a-4f09-b43a-00ca3ec1ee27
606,69500,15.69481372833252,1.0,1.0,1.0,0.9960959999999999,0.0,0.0,0.0,0.0,0.0,0.0,0.0,0.0,0.0,0.0,0.0,0.0,0.0,0.0,0.002,0.998,0.050590158272456734,1882,0.00033799755246759515,1.8847463584590809e-07,7.40234744159673e-05,16,20,False,0.995,0.005,0.66,fixed,100,none,eefd7eeb-488a-4f09-b43a-00ca3ec1ee27
607,69600,15.706501007080078,1.0,1.0,1.0,0.9960959999999999,0.0,0.0,0.0,0.0,0.0,0.0,0.0,0.0,0.0,0.0,0.0,0.0,0.0,0.0,0.002,0.998,0.050590158272456734,1882,0.00034028104685757154,1.9042710209214947e-07,7.452370230651992e-05,16,20,False,0.995,0.005,0.66,fixed,100,none,eefd7eeb-488a-4f09-b43a-00ca3ec1ee27
608,69800,15.71815824508667,1.0,1.0,1.0,0.9960959999999999,0.0,0.0,0.0,0.0,0.0,0.0,0.0,0.0,0.0,0.0,0.0,0.0,0.0,0.0,0.002,0.998,0.050590158272456734,1882,0.0003408958008701623,1.9034781350486662e-07,7.465825689504446e-05,16,20,False,0.995,0.005,0.66,fixed,100,none,eefd7eeb-488a-4f09-b43a-00ca3ec1ee27
609,69900,15.7298002243042,1.0,1.0,1.0,0.9960959999999999,0.0,0.0,0.0,0.0,0.0,0.0,0.0,0.0,0.0,0.0,0.0,0.0,0.0,0.0,0.002,0.998,0.050590158272456734,1882,0.000340313906795716,1.903431142723968e-07,7.4530879389294e-05,16,20,False,0.995,0.005,0.66,fixed,100,none,eefd7eeb-488a-4f09-b43a-00ca3ec1ee27
610,70000,15.741568326950073,1.0,1.0,1.0,0.9960959999999999,0.0,0.0,0.0,0.0,0.0,0.0,0.0,0.0,0.0,0.0,0.0,0.0,0.0,0.0,0.002,0.998,0.050590158272456734,1882,0.00034198601037004837,1.910724786433332e-07,7.489704144094583e-05,16,20,False,0.995,0.005,0.66,fixed,100,none,eefd7eeb-488a-4f09-b43a-00ca3ec1ee27
611,70300,15.75339651107788,1.0,1.0,1.0,0.9960959999999999,0.0,0.0,0.0,0.0,0.0,0.0,0.0,0.0,0.0,0.0,0.0,0.0,0.0,0.0,0.002,0.998,0.05097620089879156,1881,0.00034126457903646215,1.909559945486539e-07,7.473909799004582e-05,16,20,False,0.995,0.005,0.66,fixed,100,none,eefd7eeb-488a-4f09-b43a-00ca3ec1ee27
612,70400,15.76511287689209,1.0,1.0,1.0,0.9960959999999999,0.0,0.0,0.0,0.0,0.0,0.0,0.0,0.0,0.0,0.0,0.0,0.0,0.0,0.0,0.002,0.998,0.05097620089879156,1881,0.00034157399509363024,1.9163574736873127e-07,7.480695831799572e-05,16,20,False,0.995,0.005,0.66,fixed,100,none,eefd7eeb-488a-4f09-b43a-00ca3ec1ee27
613,70500,15.776812553405762,1.0,1.0,1.0,0.9960959999999999,0.0,0.0,0.0,0.0,0.0,0.0,0.0,0.0,0.0,0.0,0.0,0.0,0.0,0.0,0.002,0.998,0.05097620089879156,1881,0.00034157399509363024,1.9163574736873127e-07,7.480695831799572e-05,16,20,False,0.995,0.005,0.66,fixed,100,none,eefd7eeb-488a-4f09-b43a-00ca3ec1ee27
614,70600,15.788555383682251,1.0,1.0,1.0,0.9960959999999999,0.0,0.0,0.0,0.0,0.0,0.0,0.0,0.0,0.0,0.0,0.0,0.0,0.0,0.0,0.002,0.998,0.05097620089879156,1881,0.0003422241165954557,1.9189545926000585e-07,7.494931926000465e-05,16,20,False,0.995,0.005,0.66,fixed,100,none,eefd7eeb-488a-4f09-b43a-00ca3ec1ee27
615,70700,15.800353288650513,1.0,1.0,1.0,0.9960959999999999,0.0,0.0,0.0,0.0,0.0,0.0,0.0,0.0,0.0,0.0,0.0,0.0,0.0,0.0,0.002,0.998,0.05097620089879156,1881,0.00034359056949167686,1.929907355696652e-07,7.52486439014863e-05,16,20,False,0.995,0.005,0.66,fixed,100,none,eefd7eeb-488a-4f09-b43a-00ca3ec1ee27
616,70900,15.812182188034058,1.0,1.0,1.0,0.9960959999999999,0.0,0.0,0.0,0.0,0.0,0.0,0.0,0.0,0.0,0.0,0.0,0.0,0.0,0.0,0.002,0.998,0.05097620089879156,1881,0.0003440973702966282,1.9308768251730968e-07,7.53596010176102e-05,16,20,False,0.995,0.005,0.66,fixed,100,none,eefd7eeb-488a-4f09-b43a-00ca3ec1ee27
617,71000,15.823861598968506,1.0,1.0,1.0,0.9960959999999999,0.0,0.0,0.0,0.0,0.0,0.0,0.0,0.0,0.0,0.0,0.0,0.0,0.0,0.0,0.002,0.998,0.05097620089879156,1881,0.00034463777620324736,1.9350091625528027e-07,7.547797438497935e-05,16,20,False,0.995,0.005,0.66,fixed,100,none,eefd7eeb-488a-4f09-b43a-00ca3ec1ee27
618,71100,15.835511922836304,1.0,1.0,1.0,0.9960959999999999,0.0,0.0,0.0,0.0,0.0,0.0,0.0,0.0,0.0,0.0,0.0,0.0,0.0,0.0,0.002,0.998,0.05097620089879156,1881,0.00034417949224378784,1.938017170866855e-07,7.537771317841164e-05,16,20,False,0.995,0.005,0.66,fixed,100,none,eefd7eeb-488a-4f09-b43a-00ca3ec1ee27
619,71400,15.847235441207886,1.0,1.0,1.0,0.9960959999999999,0.0,0.0,0.0,0.0,0.0,0.0,0.0,0.0,0.0,0.0,0.0,0.0,0.0,0.0,0.002,0.998,0.05059015827245674,1882,0.00034723168697080607,1.9663001860989919e-07,7.604637598144533e-05,16,20,False,0.995,0.005,0.66,fixed,100,none,eefd7eeb-488a-4f09-b43a-00ca3ec1ee27
620,71500,15.858925104141235,1.0,1.0,1.0,0.9960959999999999,0.0,0.0,0.0,0.0,0.0,0.0,0.0,0.0,0.0,0.0,0.0,0.0,0.0,0.0,0.002,0.998,0.05059015827245674,1882,0.00034710310980154966,1.9701128939798548e-07,7.601830288054485e-05,16,20,False,0.995,0.005,0.66,fixed,100,none,eefd7eeb-488a-4f09-b43a-00ca3ec1ee27
621,71600,15.870715618133545,1.0,1.0,1.0,0.9960959999999999,0.0,0.0,0.0,0.0,0.0,0.0,0.0,0.0,0.0,0.0,0.0,0.0,0.0,0.0,0.002,0.998,0.05059015827245674,1882,0.0003462935813054967,1.962138747113489e-07,7.584094558396838e-05,16,20,False,0.995,0.005,0.66,fixed,100,none,eefd7eeb-488a-4f09-b43a-00ca3ec1ee27
622,71700,15.882442474365234,1.0,1.0,1.0,0.9960959999999999,0.0,0.0,0.0,0.0,0.0,0.0,0.0,0.0,0.0,0.0,0.0,0.0,0.0,0.0,0.002,0.998,0.05097620089879156,1881,0.00034733957760873005,1.976054983720281e-07,7.60701785832417e-05,16,20,False,0.995,0.005,0.66,fixed,100,none,eefd7eeb-488a-4f09-b43a-00ca3ec1ee27
623,71800,15.894132375717163,1.0,1.0,1.0,0.9960959999999999,0.0,0.0,0.0,0.0,0.0,0.0,0.0,0.0,0.0,0.0,0.0,0.0,0.0,0.0,0.002,0.998,0.05097620089879156,1881,0.00034705561799212457,1.9745432177542334e-07,7.600799109961341e-05,16,20,False,0.995,0.005,0.66,fixed,100,none,eefd7eeb-488a-4f09-b43a-00ca3ec1ee27
624,72100,15.905771732330322,1.0,1.0,1.0,0.9960959999999999,0.0,0.0,0.0,0.0,0.0,0.0,0.0,0.0,0.0,0.0,0.0,0.0,0.0,0.0,0.002,0.998,0.05097620089879156,1881,0.00034683871421705835,1.9880293791041774e-07,7.596076710031706e-05,16,20,False,0.995,0.005,0.66,fixed,100,none,eefd7eeb-488a-4f09-b43a-00ca3ec1ee27
625,72200,15.917555809020996,1.0,1.0,1.0,0.9960959999999999,0.0,0.0,0.0,0.0,0.0,0.0,0.0,0.0,0.0,0.0,0.0,0.0,0.0,0.0,0.002,0.998,0.05097620089879156,1881,0.0003471745472359745,1.9880765361442619e-07,7.603428184414156e-05,16,20,False,0.995,0.005,0.66,fixed,100,none,eefd7eeb-488a-4f09-b43a-00ca3ec1ee27
626,72400,15.929364919662476,1.0,1.0,1.0,0.9960959999999999,0.0,0.0,0.0,0.0,0.0,0.0,0.0,0.0,0.0,0.0,0.0,0.0,0.0,0.0,0.002,0.998,0.05097620089879156,1881,0.0003494084401682805,2.0053339591466746e-07,7.652360889806039e-05,16,20,False,0.995,0.005,0.66,fixed,100,none,eefd7eeb-488a-4f09-b43a-00ca3ec1ee27
627,72500,15.94146728515625,1.0,1.0,1.0,0.9960959999999999,0.0,0.0,0.0,0.0,0.0,0.0,0.0,0.0,0.0,0.0,0.0,0.0,0.0,0.0,0.002,0.998,0.05097620089879156,1881,0.0003489885578730188,2.0069452732211288e-07,7.643172727859501e-05,16,20,False,0.995,0.005,0.66,fixed,100,none,eefd7eeb-488a-4f09-b43a-00ca3ec1ee27
628,72700,15.953282117843628,1.0,1.0,1.0,0.9960959999999999,0.0,0.0,0.0,0.0,0.0,0.0,0.0,0.0,0.0,0.0,0.0,0.0,0.0,0.0,0.002,0.998,0.05097620089879156,1881,0.0003491722479245289,2.0131606447217766e-07,7.64720551229291e-05,16,20,False,0.995,0.005,0.66,fixed,100,none,eefd7eeb-488a-4f09-b43a-00ca3ec1ee27
629,72800,15.964963436126709,1.0,1.0,1.0,0.9960959999999999,0.0,0.0,0.0,0.0,0.0,0.0,0.0,0.0,0.0,0.0,0.0,0.0,0.0,0.0,0.002,0.998,0.05097620089879156,1881,0.00034929019589812366,2.013743988105692e-07,7.649788501787327e-05,16,20,False,0.995,0.005,0.66,fixed,100,none,eefd7eeb-488a-4f09-b43a-00ca3ec1ee27
630,72900,15.976775646209717,1.0,1.0,1.0,0.9960959999999999,0.0,0.0,0.0,0.0,0.0,0.0,0.0,0.0,0.0,0.0,0.0,0.0,0.0,0.0,0.002,0.998,0.05097620089879156,1881,0.0003495625423609607,2.008940356385119e-07,7.655741038958562e-05,16,20,False,0.995,0.005,0.66,fixed,100,none,eefd7eeb-488a-4f09-b43a-00ca3ec1ee27
631,73200,15.988653659820557,1.0,1.0,1.0,0.9960959999999999,0.0,0.0,0.0,0.0,0.0,0.0,0.0,0.0,0.0,0.0,0.0,0.0,0.0,0.0,0.002,0.998,0.05097620089879156,1881,0.00035043478281765217,2.0199220408330495e-07,7.67485524775599e-05,16,20,False,0.995,0.005,0.66,fixed,100,none,eefd7eeb-488a-4f09-b43a-00ca3ec1ee27
632,73300,16.000446796417236,1.0,1.0,1.0,0.9960959999999999,0.0,0.0,0.0,0.0,0.0,0.0,0.0,0.0,0.0,0.0,0.0,0.0,0.0,0.0,0.002,0.998,0.05097620089879156,1881,0.00035043478281765217,2.0199220408330495e-07,7.67485524775599e-05,16,20,False,0.995,0.005,0.66,fixed,100,none,eefd7eeb-488a-4f09-b43a-00ca3ec1ee27
633,73400,16.012130737304688,1.0,1.0,1.0,0.9960959999999999,0.0,0.0,0.0,0.0,0.0,0.0,0.0,0.0,0.0,0.0,0.0,0.0,0.0,0.0,0.002,0.998,0.0513612395130943,1880,0.0003511431459472156,2.0262305994202788e-07,7.69037330292345e-05,16,20,False,0.995,0.005,0.66,fixed,100,none,eefd7eeb-488a-4f09-b43a-00ca3ec1ee27
634,73500,16.02391004562378,1.0,1.0,1.0,0.9960959999999999,0.0,0.0,0.0,0.0,0.0,0.0,0.0,0.0,0.0,0.0,0.0,0.0,0.0,0.0,0.002,0.998,0.0513612395130943,1880,0.00034982652750969193,2.0179153502716468e-07,7.661536726352673e-05,16,20,False,0.995,0.005,0.66,fixed,100,none,eefd7eeb-488a-4f09-b43a-00ca3ec1ee27
635,73600,16.03559684753418,1.0,1.0,1.0,0.9960959999999999,0.0,0.0,0.0,0.0,0.0,0.0,0.0,0.0,0.0,0.0,0.0,0.0,0.0,0.0,0.002,0.998,0.0513612395130943,1880,0.00034982652750969193,2.0179153502716468e-07,7.661536726352673e-05,16,20,False,0.995,0.005,0.66,fixed,100,none,eefd7eeb-488a-4f09-b43a-00ca3ec1ee27
636,73900,16.047268390655518,1.0,1.0,1.0,0.9960959999999999,0.0,0.0,0.0,0.0,0.0,0.0,0.0,0.0,0.0,0.0,0.0,0.0,0.0,0.0,0.002,0.998,0.051745274115365,1879,0.0003498226068473228,2.0188482602559079e-07,7.661452675582382e-05,16,20,False,0.995,0.005,0.66,fixed,100,none,eefd7eeb-488a-4f09-b43a-00ca3ec1ee27
637,74000,16.059065580368042,1.0,1.0,1.0,0.9960959999999999,0.0,0.0,0.0,0.0,0.0,0.0,0.0,0.0,0.0,0.0,0.0,0.0,0.0,0.0,0.002,0.998,0.051745274115365,1879,0.00034998276564954635,2.02212366234993e-07,7.664964775027035e-05,16,20,False,0.995,0.005,0.66,fixed,100,none,eefd7eeb-488a-4f09-b43a-00ca3ec1ee27
638,74200,16.070871591567993,1.0,1.0,1.0,0.9960959999999999,0.0,0.0,0.0,0.0,0.0,0.0,0.0,0.0,0.0,0.0,0.0,0.0,0.0,0.0,0.002,0.998,0.051745274115365,1879,0.000350459452800835,2.026178816581003e-07,7.675407161561782e-05,16,20,False,0.995,0.005,0.66,fixed,100,none,eefd7eeb-488a-4f09-b43a-00ca3ec1ee27
639,74300,16.08258843421936,1.0,1.0,1.0,0.9960959999999999,0.0,0.0,0.0,0.0,0.0,0.0,0.0,0.0,0.0,0.0,0.0,0.0,0.0,0.0,0.002,0.998,0.051745274115365,1879,0.00035161460514978693,2.031470617301845e-07,7.70070350090171e-05,16,20,False,0.995,0.005,0.66,fixed,100,none,eefd7eeb-488a-4f09-b43a-00ca3ec1ee27
640,74500,16.094383001327515,1.0,1.0,1.0,0.9960959999999999,0.0,0.0,0.0,0.0,0.0,0.0,0.0,0.0,0.0,0.0,0.0,0.0,0.0,0.0,0.002,0.998,0.051745274115365,1879,0.0003505162963713572,2.0237382043699175e-07,7.676646830157311e-05,16,20,False,0.995,0.005,0.66,fixed,100,none,eefd7eeb-488a-4f09-b43a-00ca3ec1ee27
641,74600,16.10626745223999,1.0,1.0,1.0,0.9960959999999999,0.0,0.0,0.0,0.0,0.0,0.0,0.0,0.0,0.0,0.0,0.0,0.0,0.0,0.0,0.002,0.998,0.051745274115365,1879,0.0003507197192927569,2.0202733628107892e-07,7.68109317470779e-05,16,20,False,0.995,0.005,0.66,fixed,100,none,eefd7eeb-488a-4f09-b43a-00ca3ec1ee27
642,74700,16.11802101135254,1.0,1.0,1.0,0.9960959999999999,0.0,0.0,0.0,0.0,0.0,0.0,0.0,0.0,0.0,0.0,0.0,0.0,0.0,0.0,0.002,0.998,0.051745274115365,1879,0.00035118404893445565,2.019986317974122e-07,7.691256805179386e-05,16,20,False,0.995,0.005,0.66,fixed,100,none,eefd7eeb-488a-4f09-b43a-00ca3ec1ee27
643,75000,16.129754781723022,1.0,1.0,1.0,0.9960959999999999,0.0,0.0,0.0,0.0,0.0,0.0,0.0,0.0,0.0,0.0,0.0,0.0,0.0,0.0,0.002,0.998,0.051745274115365,1879,0.0003532438332210408,2.0385095019110804e-07,7.736380677262215e-05,16,20,False,0.995,0.005,0.66,fixed,100,none,eefd7eeb-488a-4f09-b43a-00ca3ec1ee27
644,75100,16.141491413116455,1.0,1.0,1.0,0.9960959999999999,0.0,0.0,0.0,0.0,0.0,0.0,0.0,0.0,0.0,0.0,0.0,0.0,0.0,0.0,0.002,0.998,0.051745274115365,1879,0.0003542140584811046,2.0640209942626228e-07,7.757667380040478e-05,16,20,False,0.995,0.005,0.66,fixed,100,none,eefd7eeb-488a-4f09-b43a-00ca3ec1ee27
645,75200,16.15351176261902,1.0,1.0,1.0,0.9960959999999999,0.0,0.0,0.0,0.0,0.0,0.0,0.0,0.0,0.0,0.0,0.0,0.0,0.0,0.0,0.002,0.998,0.051745274115365,1879,0.00035535927341176607,2.072041519377983e-07,7.782751373870378e-05,16,20,False,0.995,0.005,0.66,fixed,100,none,eefd7eeb-488a-4f09-b43a-00ca3ec1ee27
646,75300,16.165223598480225,1.0,1.0,1.0,0.9960959999999999,0.0,0.0,0.0,0.0,0.0,0.0,0.0,0.0,0.0,0.0,0.0,0.0,0.0,0.0,0.002,0.998,0.051745274115365,1879,0.0003555821990318759,2.0702193827052766e-07,7.787627753634904e-05,16,20,False,0.995,0.005,0.66,fixed,100,none,eefd7eeb-488a-4f09-b43a-00ca3ec1ee27
647,75400,16.176949501037598,1.0,1.0,1.0,0.9960959999999999,0.0,0.0,0.0,0.0,0.0,0.0,0.0,0.0,0.0,0.0,0.0,0.0,0.0,0.0,0.002,0.998,0.0513612395130943,1880,0.00035660368766348273,2.0793336402187757e-07,7.810005456870054e-05,16,20,False,0.995,0.005,0.66,fixed,100,none,eefd7eeb-488a-4f09-b43a-00ca3ec1ee27
648,75700,16.188705682754517,1.0,1.0,1.0,0.9960959999999999,0.0,0.0,0.0,0.0,0.0,0.0,0.0,0.0,0.0,0.0,0.0,0.0,0.0,0.0,0.002,0.998,0.0513612395130943,1880,0.00035490855239692234,2.075111826814823e-07,7.772890924439578e-05,16,20,False,0.995,0.005,0.66,fixed,100,none,eefd7eeb-488a-4f09-b43a-00ca3ec1ee27
649,75800,16.200408697128296,1.0,1.0,1.0,0.9960959999999999,0.0,0.0,0.0,0.0,0.0,0.0,0.0,0.0,0.0,0.0,0.0,0.0,0.0,0.0,0.002,0.998,0.0513612395130943,1880,0.00035398757942839,2.0742253027635904e-07,7.752729141762708e-05,16,20,False,0.995,0.005,0.66,fixed,100,none,eefd7eeb-488a-4f09-b43a-00ca3ec1ee27
650,75900,16.21220302581787,1.0,1.0,1.0,0.9960959999999999,0.0,0.0,0.0,0.0,0.0,0.0,0.0,0.0,0.0,0.0,0.0,0.0,0.0,0.0,0.002,0.998,0.0513612395130943,1880,0.0003545584455795805,2.0846469256129226e-07,7.765245202895682e-05,16,20,False,0.995,0.005,0.66,fixed,100,none,eefd7eeb-488a-4f09-b43a-00ca3ec1ee27
651,76000,16.223910093307495,1.0,1.0,1.0,0.9960959999999999,0.0,0.0,0.0,0.0,0.0,0.0,0.0,0.0,0.0,0.0,0.0,0.0,0.0,0.0,0.002,0.998,0.0513612395130943,1880,0.00035477857760185907,2.0857420770230809e-07,7.77006597365104e-05,16,20,False,0.995,0.005,0.66,fixed,100,none,eefd7eeb-488a-4f09-b43a-00ca3ec1ee27
652,76100,16.235636234283447,1.0,1.0,1.0,0.9960959999999999,0.0,0.0,0.0,0.0,0.0,0.0,0.0,0.0,0.0,0.0,0.0,0.0,0.0,0.0,0.002,0.998,0.0513612395130943,1880,0.00035471609859441056,2.0836771395650904e-07,7.768694384796822e-05,16,20,False,0.995,0.005,0.66,fixed,100,none,eefd7eeb-488a-4f09-b43a-00ca3ec1ee27
653,76400,16.247469186782837,1.0,1.0,1.0,0.9960959999999999,0.0,0.0,0.0,0.0,0.0,0.0,0.0,0.0,0.0,0.0,0.0,0.0,0.0,0.0,0.002,0.998,0.0513612395130943,1880,0.00035783328623584465,2.10978009867719e-07,7.836979217890126e-05,16,20,False,0.995,0.005,0.66,fixed,100,none,eefd7eeb-488a-4f09-b43a-00ca3ec1ee27
654,76500,16.259146451950073,1.0,1.0,1.0,0.9960959999999999,0.0,0.0,0.0,0.0,0.0,0.0,0.0,0.0,0.0,0.0,0.0,0.0,0.0,0.0,0.002,0.998,0.0513612395130943,1880,0.0003569352399278102,2.1106140773852568e-07,7.817322568766797e-05,16,20,False,0.995,0.005,0.66,fixed,100,none,eefd7eeb-488a-4f09-b43a-00ca3ec1ee27
655,76800,16.27077078819275,1.0,1.0,1.0,0.9960959999999999,0.0,0.0,0.0,0.0,0.0,0.0,0.0,0.0,0.0,0.0,0.0,0.0,0.0,0.0,0.002,0.998,0.05097620089879156,1881,0.0003582435705088258,2.121259853206751e-07,7.845982152159289e-05,16,20,False,0.995,0.005,0.66,fixed,100,none,eefd7eeb-488a-4f09-b43a-00ca3ec1ee27
656,76900,16.282466888427734,1.0,1.0,1.0,0.9960959999999999,0.0,0.0,0.0,0.0,0.0,0.0,0.0,0.0,0.0,0.0,0.0,0.0,0.0,0.0,0.002,0.998,0.05097620089879156,1881,0.0003582435705088258,2.121259853206751e-07,7.845982152159289e-05,16,20,False,0.995,0.005,0.66,fixed,100,none,eefd7eeb-488a-4f09-b43a-00ca3ec1ee27
657,77000,16.29415202140808,1.0,1.0,1.0,0.9960959999999999,0.0,0.0,0.0,0.0,0.0,0.0,0.0,0.0,0.0,0.0,0.0,0.0,0.0,0.0,0.002,0.998,0.0513612395130943,1880,0.00035998409281041825,2.1311154428898667e-07,7.884100910961546e-05,16,20,False,0.995,0.005,0.66,fixed,100,none,eefd7eeb-488a-4f09-b43a-00ca3ec1ee27
658,77100,16.305989742279053,1.0,1.0,1.0,0.9960959999999999,0.0,0.0,0.0,0.0,0.0,0.0,0.0,0.0,0.0,0.0,0.0,0.0,0.0,0.0,0.002,0.998,0.05097620089879156,1881,0.00035914728434883596,2.12333735387314e-07,7.865768395368378e-05,16,20,False,0.995,0.005,0.66,fixed,100,none,eefd7eeb-488a-4f09-b43a-00ca3ec1ee27
659,77200,16.318072080612183,1.0,1.0,1.0,0.9960959999999999,0.0,0.0,0.0,0.0,0.0,0.0,0.0,0.0,0.0,0.0,0.0,0.0,0.0,0.0,0.002,0.998,0.05097620089879156,1881,0.0003596184524471103,2.129106591176173e-07,7.87609322659048e-05,16,20,False,0.995,0.005,0.66,fixed,100,none,eefd7eeb-488a-4f09-b43a-00ca3ec1ee27
660,77500,16.329814672470093,1.0,1.0,1.0,0.9960959999999999,0.0,0.0,0.0,0.0,0.0,0.0,0.0,0.0,0.0,0.0,0.0,0.0,0.0,0.0,0.002,0.998,0.0513612395130943,1880,0.00036025949760850473,2.1189030275354466e-07,7.890106318402488e-05,16,20,False,0.995,0.005,0.66,fixed,100,none,eefd7eeb-488a-4f09-b43a-00ca3ec1ee27
661,77600,16.341516494750977,1.0,1.0,1.0,0.9960959999999999,0.0,0.0,0.0,0.0,0.0,0.0,0.0,0.0,0.0,0.0,0.0,0.0,0.0,0.0,0.002,0.998,0.0513612395130943,1880,0.00035985503583634243,2.1185166040845193e-07,7.881251916005296e-05,16,20,False,0.995,0.005,0.66,fixed,100,none,eefd7eeb-488a-4f09-b43a-00ca3ec1ee27
662,77700,16.353293895721436,1.0,1.0,1.0,0.9960959999999999,0.0,0.0,0.0,0.0,0.0,0.0,0.0,0.0,0.0,0.0,0.0,0.0,0.0,0.0,0.002,0.998,0.0513612395130943,1880,0.0003588574725128195,2.107615374758238e-07,7.859394542517661e-05,16,20,False,0.995,0.005,0.66,fixed,100,none,eefd7eeb-488a-4f09-b43a-00ca3ec1ee27
663,77800,16.36521625518799,1.0,1.0,1.0,0.9960959999999999,0.0,0.0,0.0,0.0,0.0,0.0,0.0,0.0,0.0,0.0,0.0,0.0,0.0,0.0,0.002,0.998,0.05097620089879156,1881,0.000358964631034247,2.1142022764935266e-07,7.861752757665005e-05,16,20,False,0.995,0.005,0.66,fixed,100,none,eefd7eeb-488a-4f09-b43a-00ca3ec1ee27
664,77900,16.37722373008728,1.0,1.0,1.0,0.9960959999999999,0.0,0.0,0.0,0.0,0.0,0.0,0.0,0.0,0.0,0.0,0.0,0.0,0.0,0.0,0.002,0.998,0.05097620089879156,1881,0.0003596016497454083,2.1142266820237045e-07,7.875697143622834e-05,16,20,False,0.995,0.005,0.66,fixed,100,none,eefd7eeb-488a-4f09-b43a-00ca3ec1ee27
665,78200,16.389347553253174,1.0,1.0,1.0,0.9960959999999999,0.0,0.0,0.0,0.0,0.0,0.0,0.0,0.0,0.0,0.0,0.0,0.0,0.0,0.0,0.002,0.998,0.05097620089879156,1881,0.00035980712296114123,2.1279004981386426e-07,7.880220932565846e-05,16,20,False,0.995,0.005,0.66,fixed,100,none,eefd7eeb-488a-4f09-b43a-00ca3ec1ee27
666,78300,16.401105880737305,1.0,1.0,1.0,0.9960959999999999,0.0,0.0,0.0,0.0,0.0,0.0,0.0,0.0,0.0,0.0,0.0,0.0,0.0,0.0,0.002,0.998,0.05097620089879156,1881,0.00036092080129809996,2.1293881663833882e-07,7.904602177931536e-05,16,20,False,0.995,0.005,0.66,fixed,100,none,eefd7eeb-488a-4f09-b43a-00ca3ec1ee27
667,78400,16.412763118743896,1.0,1.0,1.0,0.9960959999999999,0.0,0.0,0.0,0.0,0.0,0.0,0.0,0.0,0.0,0.0,0.0,0.0,0.0,0.0,0.002,0.998,0.05097620089879156,1881,0.0003607869727887323,2.122774126284162e-07,7.90166010518529e-05,16,20,False,0.995,0.005,0.66,fixed,100,none,eefd7eeb-488a-4f09-b43a-00ca3ec1ee27
668,78600,16.424461126327515,1.0,1.0,1.0,0.9960959999999999,0.0,0.0,0.0,0.0,0.0,0.0,0.0,0.0,0.0,0.0,0.0,0.0,0.0,0.0,0.002,0.998,0.050590158272456734,1882,0.0003628458004390603,2.1334876433730973e-07,7.946748198133439e-05,16,20,False,0.995,0.005,0.66,fixed,100,none,eefd7eeb-488a-4f09-b43a-00ca3ec1ee27
669,78700,16.43609929084778,1.0,1.0,1.0,0.9960959999999999,0.0,0.0,0.0,0.0,0.0,0.0,0.0,0.0,0.0,0.0,0.0,0.0,0.0,0.0,0.002,0.998,0.050590158272456734,1882,0.00036272119683998885,2.1332575188104377e-07,7.944020188113096e-05,16,20,False,0.995,0.005,0.66,fixed,100,none,eefd7eeb-488a-4f09-b43a-00ca3ec1ee27
670,78900,16.44778823852539,1.0,1.0,1.0,0.9960959999999999,0.0,0.0,0.0,0.0,0.0,0.0,0.0,0.0,0.0,0.0,0.0,0.0,0.0,0.0,0.002,0.998,0.05097620089879156,1881,0.00036341797445190604,2.149337840104232e-07,7.959303202648422e-05,16,20,False,0.995,0.005,0.66,fixed,100,none,eefd7eeb-488a-4f09-b43a-00ca3ec1ee27
671,79000,16.45944571495056,1.0,1.0,1.0,0.9960959999999999,0.0,0.0,0.0,0.0,0.0,0.0,0.0,0.0,0.0,0.0,0.0,0.0,0.0,0.0,0.002,0.998,0.05097620089879156,1881,0.00036296491949565303,2.1464892232844956e-07,7.949380417284086e-05,16,20,False,0.995,0.005,0.66,fixed,100,none,eefd7eeb-488a-4f09-b43a-00ca3ec1ee27
672,79300,16.471178770065308,1.0,1.0,1.0,0.9960959999999999,0.0,0.0,0.0,0.0,0.0,0.0,0.0,0.0,0.0,0.0,0.0,0.0,0.0,0.0,0.002,0.998,0.0513612395130943,1880,0.00036422194947306063,2.1557312755331112e-07,7.97691436338881e-05,16,20,False,0.995,0.005,0.66,fixed,100,none,eefd7eeb-488a-4f09-b43a-00ca3ec1ee27
673,79400,16.482897996902466,1.0,1.0,1.0,0.9960959999999999,0.0,0.0,0.0,0.0,0.0,0.0,0.0,0.0,0.0,0.0,0.0,0.0,0.0,0.0,0.002,0.998,0.0513612395130943,1880,0.00036460111585086546,2.1573064798651948e-07,7.98521730828719e-05,16,20,False,0.995,0.005,0.66,fixed,100,none,eefd7eeb-488a-4f09-b43a-00ca3ec1ee27
674,79600,16.494696855545044,1.0,1.0,1.0,0.9960959999999999,0.0,0.0,0.0,0.0,0.0,0.0,0.0,0.0,0.0,0.0,0.0,0.0,0.0,0.0,0.002,0.998,0.0513612395130943,1880,0.00036551406952725065,2.1615947809323541e-07,8.005210012035288e-05,16,20,False,0.995,0.005,0.66,fixed,100,none,eefd7eeb-488a-4f09-b43a-00ca3ec1ee27
675,79700,16.5064914226532,1.0,1.0,1.0,0.9960959999999999,0.0,0.0,0.0,0.0,0.0,0.0,0.0,0.0,0.0,0.0,0.0,0.0,0.0,0.0,0.002,0.998,0.0513612395130943,1880,0.0003651074849042969,2.158496940874543e-07,7.99630398874272e-05,16,20,False,0.995,0.005,0.66,fixed,100,none,eefd7eeb-488a-4f09-b43a-00ca3ec1ee27
676,80000,16.51824426651001,1.0,1.0,1.0,0.9960959999999999,0.0,0.0,0.0,0.0,0.0,0.0,0.0,0.0,0.0,0.0,0.0,0.0,0.0,0.0,0.002,0.998,0.0513612395130943,1880,0.0003654129667789646,2.1590616835797688e-07,8.002992059990336e-05,16,20,False,0.995,0.005,0.66,fixed,100,none,eefd7eeb-488a-4f09-b43a-00ca3ec1ee27
677,80100,16.529908657073975,1.0,1.0,1.0,0.9960959999999999,0.0,0.0,0.0,0.0,0.0,0.0,0.0,0.0,0.0,0.0,0.0,0.0,0.0,0.0,0.002,0.998,0.0513612395130943,1880,0.0003669893731768358,2.1655773754751024e-07,8.037511975854339e-05,16,20,False,0.995,0.005,0.66,fixed,100,none,eefd7eeb-488a-4f09-b43a-00ca3ec1ee27
678,80200,16.5415141582489,1.0,1.0,1.0,0.9960959999999999,0.0,0.0,0.0,0.0,0.0,0.0,0.0,0.0,0.0,0.0,0.0,0.0,0.0,0.0,0.002,0.998,0.0513612395130943,1880,0.00036700593605649105,2.1612313280875205e-07,8.037866279799956e-05,16,20,False,0.995,0.005,0.66,fixed,100,none,eefd7eeb-488a-4f09-b43a-00ca3ec1ee27
679,80300,16.553106784820557,1.0,1.0,1.0,0.9960959999999999,0.0,0.0,0.0,0.0,0.0,0.0,0.0,0.0,0.0,0.0,0.0,0.0,0.0,0.0,0.002,0.998,0.0513612395130943,1880,0.00036707684262254274,2.160468900538189e-07,8.039416975918483e-05,16,20,False,0.995,0.005,0.66,fixed,100,none,eefd7eeb-488a-4f09-b43a-00ca3ec1ee27
680,80400,16.564764976501465,1.0,1.0,1.0,0.9960959999999999,0.0,0.0,0.0,0.0,0.0,0.0,0.0,0.0,0.0,0.0,0.0,0.0,0.0,0.0,0.002,0.998,0.0513612395130943,1880,0.00036841482175331786,2.1779123909788693e-07,8.068738481722988e-05,16,20,False,0.995,0.005,0.66,fixed,100,none,eefd7eeb-488a-4f09-b43a-00ca3ec1ee27
681,80500,16.576573133468628,1.0,1.0,1.0,0.9960959999999999,0.0,0.0,0.0,0.0,0.0,0.0,0.0,0.0,0.0,0.0,0.0,0.0,0.0,0.0,0.002,0.998,0.0513612395130943,1880,0.00036889391718846495,2.1841579165852494e-07,8.07923774729701e-05,16,20,False,0.995,0.005,0.66,fixed,100,none,eefd7eeb-488a-4f09-b43a-00ca3ec1ee27
682,80700,16.588329792022705,1.0,1.0,1.0,0.9960959999999999,0.0,0.0,0.0,0.0,0.0,0.0,0.0,0.0,0.0,0.0,0.0,0.0,0.0,0.0,0.002,0.998,0.0513612395130943,1880,0.0003664221571394043,2.1566924197246092e-07,8.025078735379037e-05,16,20,False,0.995,0.005,0.66,fixed,100,none,eefd7eeb-488a-4f09-b43a-00ca3ec1ee27
683,80800,16.600123643875122,1.0,1.0,1.0,0.9960959999999999,0.0,0.0,0.0,0.0,0.0,0.0,0.0,0.0,0.0,0.0,0.0,0.0,0.0,0.0,0.002,0.998,0.05097620089879156,1881,0.00036635963180766616,2.1729696719228233e-07,8.023740982646466e-05,16,20,False,0.995,0.005,0.66,fixed,100,none,eefd7eeb-488a-4f09-b43a-00ca3ec1ee27
684,80900,16.61178946495056,1.0,1.0,1.0,0.9960959999999999,0.0,0.0,0.0,0.0,0.0,0.0,0.0,0.0,0.0,0.0,0.0,0.0,0.0,0.0,0.002,0.998,0.05097620089879156,1881,0.00036635963180766616,2.1729696719228233e-07,8.023740982646466e-05,16,20,False,0.995,0.005,0.66,fixed,100,none,eefd7eeb-488a-4f09-b43a-00ca3ec1ee27
685,81000,16.623576879501343,1.0,1.0,1.0,0.9960959999999999,0.0,0.0,0.0,0.0,0.0,0.0,0.0,0.0,0.0,0.0,0.0,0.0,0.0,0.0,0.002,0.998,0.05097620089879156,1881,0.00036607393983350146,2.1740791019689734e-07,8.017489293249088e-05,16,20,False,0.995,0.005,0.66,fixed,100,none,eefd7eeb-488a-4f09-b43a-00ca3ec1ee27
686,81100,16.63525915145874,1.0,1.0,1.0,0.9960959999999999,0.0,0.0,0.0,0.0,0.0,0.0,0.0,0.0,0.0,0.0,0.0,0.0,0.0,0.0,0.002,0.998,0.05097620089879156,1881,0.00036607393983350146,2.1740791019689734e-07,8.017489293249088e-05,16,20,False,0.995,0.005,0.66,fixed,100,none,eefd7eeb-488a-4f09-b43a-00ca3ec1ee27
687,81200,16.64690923690796,1.0,1.0,1.0,0.9960959999999999,0.0,0.0,0.0,0.0,0.0,0.0,0.0,0.0,0.0,0.0,0.0,0.0,0.0,0.0,0.002,0.998,0.05097620089879156,1881,0.0003675656412801647,2.1896390059834535e-07,8.050172201734174e-05,16,20,False,0.995,0.005,0.66,fixed,100,none,eefd7eeb-488a-4f09-b43a-00ca3ec1ee27
688,81400,16.658498764038086,1.0,1.0,1.0,0.9960959999999999,0.0,0.0,0.0,0.0,0.0,0.0,0.0,0.0,0.0,0.0,0.0,0.0,0.0,0.0,0.002,0.998,0.05097620089879156,1881,0.0003694847388708824,2.1961770173766088e-07,8.09219367021663e-05,16,20,False,0.995,0.005,0.66,fixed,100,none,eefd7eeb-488a-4f09-b43a-00ca3ec1ee27
689,81500,16.6702241897583,1.0,1.0,1.0,0.9960959999999999,0.0,0.0,0.0,0.0,0.0,0.0,0.0,0.0,0.0,0.0,0.0,0.0,0.0,0.0,0.002,0.998,0.05097620089879156,1881,0.00037109970093852636,2.2151116157777087e-07,8.12758116561432e-05,16,20,False,0.995,0.005,0.66,fixed,100,none,eefd7eeb-488a-4f09-b43a-00ca3ec1ee27
690,81600,16.681892156600952,1.0,1.0,1.0,0.9960959999999999,0.0,0.0,0.0,0.0,0.0,0.0,0.0,0.0,0.0,0.0,0.0,0.0,0.0,0.0,0.002,0.998,0.05097620089879156,1881,0.0003703332899334314,2.2079246670300837e-07,8.110790773510172e-05,16,20,False,0.995,0.005,0.66,fixed,100,none,eefd7eeb-488a-4f09-b43a-00ca3ec1ee27
691,81700,16.69365382194519,1.0,1.0,1.0,0.9960959999999999,0.0,0.0,0.0,0.0,0.0,0.0,0.0,0.0,0.0,0.0,0.0,0.0,0.0,0.0,0.002,0.998,0.0513612395130943,1880,0.0003706125326510301,2.2030260865012925e-07,8.116894089295401e-05,16,20,False,0.995,0.005,0.66,fixed,100,none,eefd7eeb-488a-4f09-b43a-00ca3ec1ee27
692,81800,16.70529270172119,1.0,1.0,1.0,0.9960959999999999,0.0,0.0,0.0,0.0,0.0,0.0,0.0,0.0,0.0,0.0,0.0,0.0,0.0,0.0,0.002,0.998,0.05097620089879156,1881,0.00037140588257919256,2.2096084274992234e-07,8.134273025670773e-05,16,20,False,0.995,0.005,0.66,fixed,100,none,eefd7eeb-488a-4f09-b43a-00ca3ec1ee27
693,81900,16.716966152191162,1.0,1.0,1.0,0.9960959999999999,0.0,0.0,0.0,0.0,0.0,0.0,0.0,0.0,0.0,0.0,0.0,0.0,0.0,0.0,0.002,0.998,0.05097620089879156,1881,0.0003705569910921824,2.2050875832980922e-07,8.115682201416139e-05,16,20,False,0.995,0.005,0.66,fixed,100,none,eefd7eeb-488a-4f09-b43a-00ca3ec1ee27
694,82200,16.728589057922363,1.0,1.0,1.0,0.9960959999999999,0.0,0.0,0.0,0.0,0.0,0.0,0.0,0.0,0.0,0.0,0.0,0.0,0.0,0.0,0.002,0.998,0.0513612395130943,1880,0.0003709731085563783,2.2246398703764644e-07,8.124828162052836e-05,16,20,False,0.995,0.005,0.66,fixed,100,none,eefd7eeb-488a-4f09-b43a-00ca3ec1ee27
695,82300,16.74025249481201,1.0,1.0,1.0,0.9960959999999999,0.0,0.0,0.0,0.0,0.0,0.0,0.0,0.0,0.0,0.0,0.0,0.0,0.0,0.0,0.002,0.998,0.0513612395130943,1880,0.0003710069269199532,2.2262097954381182e-07,8.125571428889108e-05,16,20,False,0.995,0.005,0.66,fixed,100,none,eefd7eeb-488a-4f09-b43a-00ca3ec1ee27
696,82500,16.751848697662354,1.0,1.0,1.0,0.9960959999999999,0.0,0.0,0.0,0.0,0.0,0.0,0.0,0.0,0.0,0.0,0.0,0.0,0.0,0.0,0.002,0.998,0.05097620089879156,1881,0.00037044736525139265,2.236699048060431e-07,8.113342553544301e-05,16,20,False,0.995,0.005,0.66,fixed,100,none,eefd7eeb-488a-4f09-b43a-00ca3ec1ee27
697,82600,16.76353693008423,1.0,1.0,1.0,0.9960959999999999,0.0,0.0,0.0,0.0,0.0,0.0,0.0,0.0,0.0,0.0,0.0,0.0,0.0,0.0,0.002,0.998,0.05097620089879156,1881,0.00037044736525139265,2.236699048060431e-07,8.113342553544301e-05,16,20,False,0.995,0.005,0.66,fixed,100,none,eefd7eeb-488a-4f09-b43a-00ca3ec1ee27
698,82900,16.775279760360718,1.0,1.0,1.0,0.9960959999999999,0.0,0.0,0.0,0.0,0.0,0.0,0.0,0.0,0.0,0.0,0.0,0.0,0.0,0.0,0.002,0.998,0.050590158272456734,1882,0.0003709596346609639,2.2352039232300527e-07,8.124553290182637e-05,16,20,False,0.995,0.005,0.66,fixed,100,none,eefd7eeb-488a-4f09-b43a-00ca3ec1ee27
699,83000,16.78704810142517,1.0,1.0,1.0,0.9960959999999999,0.0,0.0,0.0,0.0,0.0,0.0,0.0,0.0,0.0,0.0,0.0,0.0,0.0,0.0,0.002,0.998,0.050590158272456734,1882,0.0003712948671521801,2.2365854822292166e-07,8.13189415437746e-05,16,20,False,0.995,0.005,0.66,fixed,100,none,eefd7eeb-488a-4f09-b43a-00ca3ec1ee27
700,83200,16.798730850219727,1.0,1.0,1.0,0.9960959999999999,0.0,0.0,0.0,0.0,0.0,0.0,0.0,0.0,0.0,0.0,0.0,0.0,0.0,0.0,0.002,0.998,0.050590158272456734,1882,0.00037420412645513835,2.259391083825643e-07,8.195621171162248e-05,16,20,False,0.995,0.005,0.66,fixed,100,none,eefd7eeb-488a-4f09-b43a-00ca3ec1ee27
701,83300,16.81042981147766,1.0,1.0,1.0,0.9960959999999999,0.0,0.0,0.0,0.0,0.0,0.0,0.0,0.0,0.0,0.0,0.0,0.0,0.0,0.0,0.002,0.998,0.050590158272456734,1882,0.0003741540663369513,2.2571319745226073e-07,8.194521062867458e-05,16,20,False,0.995,0.005,0.66,fixed,100,none,eefd7eeb-488a-4f09-b43a-00ca3ec1ee27
702,83600,16.822088956832886,1.0,1.0,1.0,0.9960959999999999,0.0,0.0,0.0,0.0,0.0,0.0,0.0,0.0,0.0,0.0,0.0,0.0,0.0,0.0,0.002,0.998,0.050590158272456734,1882,0.00037558867840827676,2.2698967740189296e-07,8.225948974227814e-05,16,20,False,0.995,0.005,0.66,fixed,100,none,eefd7eeb-488a-4f09-b43a-00ca3ec1ee27
703,83700,16.833763360977173,1.0,1.0,1.0,0.9960959999999999,0.0,0.0,0.0,0.0,0.0,0.0,0.0,0.0,0.0,0.0,0.0,0.0,0.0,0.0,0.002,0.998,0.050590158272456734,1882,0.00037630215216855593,2.2740827799507304e-07,8.241574868251597e-05,16,20,False,0.995,0.005,0.66,fixed,100,none,eefd7eeb-488a-4f09-b43a-00ca3ec1ee27
704,84000,16.845444440841675,1.0,1.0,1.0,0.9960959999999999,0.0,0.0,0.0,0.0,0.0,0.0,0.0,0.0,0.0,0.0,0.0,0.0,0.0,0.0,0.002,0.998,0.05097620089879156,1881,0.00037574707908160157,2.2786266932280894e-07,8.229432951813392e-05,16,20,False,0.995,0.005,0.66,fixed,100,none,eefd7eeb-488a-4f09-b43a-00ca3ec1ee27
705,84100,16.85717535018921,1.0,1.0,1.0,0.9960959999999999,0.0,0.0,0.0,0.0,0.0,0.0,0.0,0.0,0.0,0.0,0.0,0.0,0.0,0.0,0.002,0.998,0.050590158272456734,1882,0.0003770278826748129,2.2996332553588963e-07,8.257509654936837e-05,16,20,False,0.995,0.005,0.66,fixed,100,none,eefd7eeb-488a-4f09-b43a-00ca3ec1ee27
706,84300,16.868912935256958,1.0,1.0,1.0,0.9960959999999999,0.0,0.0,0.0,0.0,0.0,0.0,0.0,0.0,0.0,0.0,0.0,0.0,0.0,0.0,0.002,0.998,0.050590158272456734,1882,0.0003770295123513897,2.29389439283794e-07,8.257534424718313e-05,16,20,False,0.995,0.005,0.66,fixed,100,none,eefd7eeb-488a-4f09-b43a-00ca3ec1ee27
707,84400,16.88058066368103,1.0,1.0,1.0,0.9960959999999999,0.0,0.0,0.0,0.0,0.0,0.0,0.0,0.0,0.0,0.0,0.0,0.0,0.0,0.0,0.002,0.998,0.050590158272456734,1882,0.0003774879761638263,2.301230263767871e-07,8.267584135727316e-05,16,20,False,0.995,0.005,0.66,fixed,100,none,eefd7eeb-488a-4f09-b43a-00ca3ec1ee27
708,84700,16.892290353775024,1.0,1.0,1.0,0.9960959999999999,0.0,0.0,0.0,0.0,0.0,0.0,0.0,0.0,0.0,0.0,0.0,0.0,0.0,0.0,0.002,0.998,0.050590158272456734,1882,0.00037773631306313573,2.3052605063742186e-07,8.273027887914153e-05,16,20,False,0.995,0.005,0.66,fixed,100,none,eefd7eeb-488a-4f09-b43a-00ca3ec1ee27
709,84800,16.903991222381592,1.0,1.0,1.0,0.9960959999999999,0.0,0.0,0.0,0.0,0.0,0.0,0.0,0.0,0.0,0.0,0.0,0.0,0.0,0.0,0.002,0.998,0.05097620089879156,1881,0.00037720838351920595,2.3008939291678808e-07,8.261463213700838e-05,16,20,False,0.995,0.005,0.66,fixed,100,none,eefd7eeb-488a-4f09-b43a-00ca3ec1ee27
710,85000,16.915581703186035,1.0,1.0,1.0,0.9960959999999999,0.0,0.0,0.0,0.0,0.0,0.0,0.0,0.0,0.0,0.0,0.0,0.0,0.0,0.0,0.002,0.998,0.05059015827245674,1882,0.0003768359944369479,2.3050476349698626e-07,8.253319508731233e-05,16,20,False,0.995,0.005,0.66,fixed,100,none,eefd7eeb-488a-4f09-b43a-00ca3ec1ee27
711,85100,16.927279710769653,1.0,1.0,1.0,0.9960959999999999,0.0,0.0,0.0,0.0,0.0,0.0,0.0,0.0,0.0,0.0,0.0,0.0,0.0,0.0,0.002,0.998,0.05059015827245674,1882,0.00037693570396466245,2.2994028781882213e-07,8.25549142525502e-05,16,20,False,0.995,0.005,0.66,fixed,100,none,eefd7eeb-488a-4f09-b43a-00ca3ec1ee27
712,85400,16.938904285430908,1.0,1.0,1.0,0.9960959999999999,0.0,0.0,0.0,0.0,0.0,0.0,0.0,0.0,0.0,0.0,0.0,0.0,0.0,0.0,0.002,0.998,0.05097620089879156,1881,0.00037776068904770934,2.3126983302604553e-07,8.273575610081852e-05,16,20,False,0.995,0.005,0.66,fixed,100,none,eefd7eeb-488a-4f09-b43a-00ca3ec1ee27
713,85500,16.950639486312866,1.0,1.0,1.0,0.9960959999999999,0.0,0.0,0.0,0.0,0.0,0.0,0.0,0.0,0.0,0.0,0.0,0.0,0.0,0.0,0.002,0.998,0.050590158272456734,1882,0.0003784892656665012,2.3190103357298173e-07,8.289536145077599e-05,16,20,False,0.995,0.005,0.66,fixed,100,none,eefd7eeb-488a-4f09-b43a-00ca3ec1ee27
714,85700,16.962311267852783,1.0,1.0,1.0,0.9960959999999999,0.0,0.0,0.0,0.0,0.0,0.0,0.0,0.0,0.0,0.0,0.0,0.0,0.0,0.0,0.002,0.998,0.050590158272456734,1882,0.00038199505492833916,2.354774569382725e-07,8.366345824063172e-05,16,20,False,0.995,0.005,0.66,fixed,100,none,eefd7eeb-488a-4f09-b43a-00ca3ec1ee27
715,85800,16.97405195236206,1.0,1.0,1.0,0.9960959999999999,0.0,0.0,0.0,0.0,0.0,0.0,0.0,0.0,0.0,0.0,0.0,0.0,0.0,0.0,0.002,0.998,0.050590158272456734,1882,0.00038317214214338645,2.3649475942638283e-07,8.39213159194783e-05,16,20,False,0.995,0.005,0.66,fixed,100,none,eefd7eeb-488a-4f09-b43a-00ca3ec1ee27
716,85900,16.985774040222168,1.0,1.0,1.0,0.9960959999999999,0.0,0.0,0.0,0.0,0.0,0.0,0.0,0.0,0.0,0.0,0.0,0.0,0.0,0.0,0.002,0.998,0.050590158272456734,1882,0.000382886221311102,2.3616057799735506e-07,8.385866435481974e-05,16,20,False,0.995,0.005,0.66,fixed,100,none,eefd7eeb-488a-4f09-b43a-00ca3ec1ee27
717,86100,16.99742031097412,1.0,1.0,1.0,0.9960959999999999,0.0,0.0,0.0,0.0,0.0,0.0,0.0,0.0,0.0,0.0,0.0,0.0,0.0,0.0,0.002,0.998,0.04981506098369082,1884,0.0003837817932979344,2.3873932616757686e-07,8.405519502488969e-05,16,20,False,0.995,0.005,0.66,fixed,100,none,eefd7eeb-488a-4f09-b43a-00ca3ec1ee27
718,86200,17.00929594039917,1.0,1.0,1.0,0.9960959999999999,0.0,0.0,0.0,0.0,0.0,0.0,0.0,0.0,0.0,0.0,0.0,0.0,0.0,0.0,0.002,0.998,0.04981506098369082,1884,0.0003837817932979344,2.3873932616757686e-07,8.405519502488969e-05,16,20,False,0.995,0.005,0.66,fixed,100,none,eefd7eeb-488a-4f09-b43a-00ca3ec1ee27
719,86400,17.021106004714966,1.0,1.0,1.0,0.9960959999999999,0.0,0.0,0.0,0.0,0.0,0.0,0.0,0.0,0.0,0.0,0.0,0.0,0.0,0.0,0.002,0.998,0.05020311163408981,1883,0.00038570801083604513,2.405363938408131e-07,8.447718548684004e-05,16,20,False,0.995,0.005,0.66,fixed,100,none,eefd7eeb-488a-4f09-b43a-00ca3ec1ee27
720,86500,17.0328311920166,1.0,1.0,1.0,0.9960959999999999,0.0,0.0,0.0,0.0,0.0,0.0,0.0,0.0,0.0,0.0,0.0,0.0,0.0,0.0,0.002,0.998,0.05020311163408981,1883,0.0003857915408477284,2.4062187460129833e-07,8.4495486447742e-05,16,20,False,0.995,0.005,0.66,fixed,100,none,eefd7eeb-488a-4f09-b43a-00ca3ec1ee27
721,86600,17.04478621482849,1.0,1.0,1.0,0.9960959999999999,0.0,0.0,0.0,0.0,0.0,0.0,0.0,0.0,0.0,0.0,0.0,0.0,0.0,0.0,0.002,0.998,0.050590158272456734,1882,0.0003864742831623047,2.416042862905156e-07,8.46451253986237e-05,16,20,False,0.995,0.005,0.66,fixed,100,none,eefd7eeb-488a-4f09-b43a-00ca3ec1ee27
722,86800,17.056697368621826,1.0,1.0,1.0,0.9960959999999999,0.0,0.0,0.0,0.0,0.0,0.0,0.0,0.0,0.0,0.0,0.0,0.0,0.0,0.0,0.002,0.998,0.050590158272456734,1882,0.0003867706013228444,2.4262875574907177e-07,8.471018409316298e-05,16,20,False,0.995,0.005,0.66,fixed,100,none,eefd7eeb-488a-4f09-b43a-00ca3ec1ee27
723,86900,17.06880021095276,1.0,1.0,1.0,0.9960959999999999,0.0,0.0,0.0,0.0,0.0,0.0,0.0,0.0,0.0,0.0,0.0,0.0,0.0,0.0,0.002,0.998,0.050590158272456734,1882,0.0003871086381924353,2.4298069724821026e-07,8.478424723280125e-05,16,20,False,0.995,0.005,0.66,fixed,100,none,eefd7eeb-488a-4f09-b43a-00ca3ec1ee27
724,87100,17.08068585395813,1.0,1.0,1.0,0.9960959999999999,0.0,0.0,0.0,0.0,0.0,0.0,0.0,0.0,0.0,0.0,0.0,0.0,0.0,0.0,0.002,0.998,0.050590158272456734,1882,0.00038959562990433633,2.4506744180426556e-07,8.532904620000203e-05,16,20,False,0.995,0.005,0.66,fixed,100,none,eefd7eeb-488a-4f09-b43a-00ca3ec1ee27
725,87200,17.092525959014893,1.0,1.0,1.0,0.9960959999999999,0.0,0.0,0.0,0.0,0.0,0.0,0.0,0.0,0.0,0.0,0.0,0.0,0.0,0.0,0.002,0.998,0.05020311163408981,1883,0.0003903270357687317,2.449118856514785e-07,8.548912138804916e-05,16,20,False,0.995,0.005,0.66,fixed,100,none,eefd7eeb-488a-4f09-b43a-00ca3ec1ee27
726,87300,17.10429859161377,1.0,1.0,1.0,0.9960959999999999,0.0,0.0,0.0,0.0,0.0,0.0,0.0,0.0,0.0,0.0,0.0,0.0,0.0,0.0,0.002,0.998,0.05020311163408981,1883,0.00039064866017909385,2.4492593587518497e-07,8.555952764101995e-05,16,20,False,0.995,0.005,0.66,fixed,100,none,eefd7eeb-488a-4f09-b43a-00ca3ec1ee27
727,87600,17.1160671710968,1.0,1.0,1.0,0.9960959999999999,0.0,0.0,0.0,0.0,0.0,0.0,0.0,0.0,0.0,0.0,0.0,0.0,0.0,0.0,0.002,0.998,0.05020311163408981,1883,0.00039061235178029145,2.4513065305819493e-07,8.555161862878686e-05,16,20,False,0.995,0.005,0.66,fixed,100,none,eefd7eeb-488a-4f09-b43a-00ca3ec1ee27
728,87700,17.127808332443237,1.0,1.0,1.0,0.9960959999999999,0.0,0.0,0.0,0.0,0.0,0.0,0.0,0.0,0.0,0.0,0.0,0.0,0.0,0.0,0.002,0.998,0.05097620089879156,1881,0.0003909593087332279,2.4471571973050124e-07,8.562748866845238e-05,16,20,False,0.995,0.005,0.66,fixed,100,none,eefd7eeb-488a-4f09-b43a-00ca3ec1ee27
729,87800,17.139552354812622,1.0,1.0,1.0,0.9960959999999999,0.0,0.0,0.0,0.0,0.0,0.0,0.0,0.0,0.0,0.0,0.0,0.0,0.0,0.0,0.002,0.998,0.05097620089879156,1881,0.0003925746052609045,2.462811037328549e-07,8.598137450132125e-05,16,20,False,0.995,0.005,0.66,fixed,100,none,eefd7eeb-488a-4f09-b43a-00ca3ec1ee27
730,87900,17.151296377182007,1.0,1.0,1.0,0.9960959999999999,0.0,0.0,0.0,0.0,0.0,0.0,0.0,0.0,0.0,0.0,0.0,0.0,0.0,0.0,0.002,0.998,0.05097620089879156,1881,0.00039311587155766423,2.45923458918462e-07,8.609978974116721e-05,16,20,False,0.995,0.005,0.66,fixed,100,none,eefd7eeb-488a-4f09-b43a-00ca3ec1ee27
731,88000,17.162922143936157,1.0,1.0,1.0,0.9960959999999999,0.0,0.0,0.0,0.0,0.0,0.0,0.0,0.0,0.0,0.0,0.0,0.0,0.0,0.0,0.002,0.998,0.050590158272456734,1882,0.0003940739815872151,2.471863521662236e-07,8.630975997635297e-05,16,20,False,0.995,0.005,0.66,fixed,100,none,eefd7eeb-488a-4f09-b43a-00ca3ec1ee27
732,88300,17.174739837646484,1.0,1.0,1.0,0.9960959999999999,0.0,0.0,0.0,0.0,0.0,0.0,0.0,0.0,0.0,0.0,0.0,0.0,0.0,0.0,0.002,0.998,0.050590158272456734,1882,0.0003951011605610274,2.4727267328552027e-07,8.653462585473315e-05,16,20,False,0.995,0.005,0.66,fixed,100,none,eefd7eeb-488a-4f09-b43a-00ca3ec1ee27
733,88400,17.186485528945923,1.0,1.0,1.0,0.9960959999999999,0.0,0.0,0.0,0.0,0.0,0.0,0.0,0.0,0.0,0.0,0.0,0.0,0.0,0.0,0.002,0.998,0.050590158272456734,1882,0.00039506833285796357,2.4678605670425436e-07,8.652734741338203e-05,16,20,False,0.995,0.005,0.66,fixed,100,none,eefd7eeb-488a-4f09-b43a-00ca3ec1ee27
734,88500,17.19862174987793,1.0,1.0,1.0,0.9960959999999999,0.0,0.0,0.0,0.0,0.0,0.0,0.0,0.0,0.0,0.0,0.0,0.0,0.0,0.0,0.002,0.998,0.050590158272456734,1882,0.00039538955898137085,2.470609868471005e-07,8.659771604852304e-05,16,20,False,0.995,0.005,0.66,fixed,100,none,eefd7eeb-488a-4f09-b43a-00ca3ec1ee27
735,88600,17.210398197174072,1.0,1.0,1.0,0.9960959999999999,0.0,0.0,0.0,0.0,0.0,0.0,0.0,0.0,0.0,0.0,0.0,0.0,0.0,0.0,0.002,0.998,0.050590158272456734,1882,0.00039458419389010397,2.469951752190565e-07,8.642140912583537e-05,16,20,False,0.995,0.005,0.66,fixed,100,none,eefd7eeb-488a-4f09-b43a-00ca3ec1ee27
736,88700,17.22213840484619,1.0,1.0,1.0,0.9960959999999999,0.0,0.0,0.0,0.0,0.0,0.0,0.0,0.0,0.0,0.0,0.0,0.0,0.0,0.0,0.002,0.998,0.050590158272456734,1882,0.00039458419389010397,2.469951752190565e-07,8.642140912583537e-05,16,20,False,0.995,0.005,0.66,fixed,100,none,eefd7eeb-488a-4f09-b43a-00ca3ec1ee27
737,89000,17.233781814575195,1.0,1.0,1.0,0.9960959999999999,0.0,0.0,0.0,0.0,0.0,0.0,0.0,0.0,0.0,0.0,0.0,0.0,0.0,0.0,0.002,0.998,0.05020311163408982,1883,0.0003978817090303674,2.52128193662038e-07,8.714421046354322e-05,16,20,False,0.995,0.005,0.66,fixed,100,none,eefd7eeb-488a-4f09-b43a-00ca3ec1ee27
738,89100,17.245453119277954,1.0,1.0,1.0,0.9960959999999999,0.0,0.0,0.0,0.0,0.0,0.0,0.0,0.0,0.0,0.0,0.0,0.0,0.0,0.0,0.002,0.998,0.05020311163408982,1883,0.00039740796260884627,2.519763979188329e-07,8.704047853068103e-05,16,20,False,0.995,0.005,0.66,fixed,100,none,eefd7eeb-488a-4f09-b43a-00ca3ec1ee27
739,89300,17.25705885887146,1.0,1.0,1.0,0.9960959999999999,0.0,0.0,0.0,0.0,0.0,0.0,0.0,0.0,0.0,0.0,0.0,0.0,0.0,0.0,0.002,0.998,0.050590158272456734,1882,0.0003990105109479472,2.5246298659817234e-07,8.739136881395929e-05,16,20,False,0.995,0.005,0.66,fixed,100,none,eefd7eeb-488a-4f09-b43a-00ca3ec1ee27
740,89400,17.26876711845398,1.0,1.0,1.0,0.9960959999999999,0.0,0.0,0.0,0.0,0.0,0.0,0.0,0.0,0.0,0.0,0.0,0.0,0.0,0.0,0.002,0.998,0.050590158272456734,1882,0.000399957886320642,2.5418576567861926e-07,8.759907661106748e-05,16,20,False,0.995,0.005,0.66,fixed,100,none,eefd7eeb-488a-4f09-b43a-00ca3ec1ee27
741,89500,17.280484199523926,1.0,1.0,1.0,0.9960959999999999,0.0,0.0,0.0,0.0,0.0,0.0,0.0,0.0,0.0,0.0,0.0,0.0,0.0,0.0,0.002,0.998,0.05020311163408982,1883,0.0003999181235563736,2.544282707549539e-07,8.759041861793363e-05,16,20,False,0.995,0.005,0.66,fixed,100,none,eefd7eeb-488a-4f09-b43a-00ca3ec1ee27
742,89700,17.292125940322876,1.0,1.0,1.0,0.9960959999999999,0.0,0.0,0.0,0.0,0.0,0.0,0.0,0.0,0.0,0.0,0.0,0.0,0.0,0.0,0.002,0.998,0.050590158272456734,1882,0.0004008585511847426,2.554960658763428e-07,8.779648110685668e-05,16,20,False,0.995,0.005,0.66,fixed,100,none,eefd7eeb-488a-4f09-b43a-00ca3ec1ee27
743,89800,17.303884506225586,1.0,1.0,1.0,0.9960959999999999,0.0,0.0,0.0,0.0,0.0,0.0,0.0,0.0,0.0,0.0,0.0,0.0,0.0,0.0,0.002,0.998,0.05059015827245674,1882,0.00040204426764732764,2.565098866758734e-07,8.805622706646844e-05,16,20,False,0.995,0.005,0.66,fixed,100,none,eefd7eeb-488a-4f09-b43a-00ca3ec1ee27
744,90000,17.315625429153442,1.0,1.0,1.0,0.9960959999999999,0.0,0.0,0.0,0.0,0.0,0.0,0.0,0.0,0.0,0.0,0.0,0.0,0.0,0.0,0.002,0.998,0.05020311163408981,1883,0.0004025344114027891,2.565812786707429e-07,8.816353309901798e-05,16,20,False,0.995,0.005,0.66,fixed,100,none,eefd7eeb-488a-4f09-b43a-00ca3ec1ee27
745,90100,17.32822346687317,1.0,1.0,1.0,0.9960959999999999,0.0,0.0,0.0,0.0,0.0,0.0,0.0,0.0,0.0,0.0,0.0,0.0,0.0,0.0,0.002,0.998,0.05020311163408981,1883,0.00040209914766219405,2.5689073000082614e-07,8.806831266195444e-05,16,20,False,0.995,0.005,0.66,fixed,100,none,eefd7eeb-488a-4f09-b43a-00ca3ec1ee27
746,90200,17.34021520614624,1.0,1.0,1.0,0.9960959999999999,0.0,0.0,0.0,0.0,0.0,0.0,0.0,0.0,0.0,0.0,0.0,0.0,0.0,0.0,0.002,0.998,0.05020311163408981,1883,0.00040102551337120254,2.558420777692185e-07,8.783309487173239e-05,16,20,False,0.995,0.005,0.66,fixed,100,none,eefd7eeb-488a-4f09-b43a-00ca3ec1ee27
747,90500,17.35208559036255,1.0,1.0,1.0,0.9960959999999999,0.0,0.0,0.0,0.0,0.0,0.0,0.0,0.0,0.0,0.0,0.0,0.0,0.0,0.0,0.002,0.998,0.05020311163408981,1883,0.0004000942970682851,2.5576220052920993e-07,8.762923644634816e-05,16,20,False,0.995,0.005,0.66,fixed,100,none,eefd7eeb-488a-4f09-b43a-00ca3ec1ee27
748,90600,17.363848447799683,1.0,1.0,1.0,0.9960959999999999,0.0,0.0,0.0,0.0,0.0,0.0,0.0,0.0,0.0,0.0,0.0,0.0,0.0,0.0,0.002,0.998,0.05020311163408981,1883,0.00040084544267983635,2.5720885279177726e-07,8.779393708464662e-05,16,20,False,0.995,0.005,0.66,fixed,100,none,eefd7eeb-488a-4f09-b43a-00ca3ec1ee27
749,90800,17.375540256500244,1.0,1.0,1.0,0.9960959999999999,0.0,0.0,0.0,0.0,0.0,0.0,0.0,0.0,0.0,0.0,0.0,0.0,0.0,0.0,0.002,0.998,0.04981506098369082,1884,0.0004020358339386376,2.5768154609809765e-07,8.805460354292642e-05,16,20,False,0.995,0.005,0.66,fixed,100,none,eefd7eeb-488a-4f09-b43a-00ca3ec1ee27
750,90900,17.387179613113403,1.0,1.0,1.0,0.9960959999999999,0.0,0.0,0.0,0.0,0.0,0.0,0.0,0.0,0.0,0.0,0.0,0.0,0.0,0.0,0.002,0.998,0.04981506098369082,1884,0.0004028558024071309,2.5781438286816474e-07,8.823411987966591e-05,16,20,False,0.995,0.005,0.66,fixed,100,none,eefd7eeb-488a-4f09-b43a-00ca3ec1ee27
751,91200,17.3988938331604,1.0,1.0,1.0,0.9960959999999999,0.0,0.0,0.0,0.0,0.0,0.0,0.0,0.0,0.0,0.0,0.0,0.0,0.0,0.0,0.002,0.998,0.05020311163408982,1883,0.0004003328326359962,2.568569372611369e-07,8.768165988209919e-05,16,20,False,0.995,0.005,0.66,fixed,100,none,eefd7eeb-488a-4f09-b43a-00ca3ec1ee27
752,91300,17.410564661026,1.0,1.0,1.0,0.9960959999999999,0.0,0.0,0.0,0.0,0.0,0.0,0.0,0.0,0.0,0.0,0.0,0.0,0.0,0.0,0.002,0.998,0.05020311163408982,1883,0.0004002580346624713,2.5711160899026607e-07,8.766533499332313e-05,16,20,False,0.995,0.005,0.66,fixed,100,none,eefd7eeb-488a-4f09-b43a-00ca3ec1ee27
753,91500,17.422748565673828,1.0,1.0,1.0,0.9960959999999999,0.0,0.0,0.0,0.0,0.0,0.0,0.0,0.0,0.0,0.0,0.0,0.0,0.0,0.0,0.002,0.998,0.05020311163408982,1883,0.00040279549300539677,2.6030368885904896e-07,8.822139111976457e-05,16,20,False,0.995,0.005,0.66,fixed,100,none,eefd7eeb-488a-4f09-b43a-00ca3ec1ee27
754,91600,17.43444538116455,1.0,1.0,1.0,0.9960959999999999,0.0,0.0,0.0,0.0,0.0,0.0,0.0,0.0,0.0,0.0,0.0,0.0,0.0,0.0,0.002,0.998,0.05020311163408982,1883,0.00040237237101004665,2.608807184361172e-07,8.812887935060208e-05,16,20,False,0.995,0.005,0.66,fixed,100,none,eefd7eeb-488a-4f09-b43a-00ca3ec1ee27
755,91900,17.446130514144897,1.0,1.0,1.0,0.9960959999999999,0.0,0.0,0.0,0.0,0.0,0.0,0.0,0.0,0.0,0.0,0.0,0.0,0.0,0.0,0.002,0.998,0.05020311163408981,1883,0.0004035991165726234,2.6239403332809305e-07,8.83977014840796e-05,16,20,False,0.995,0.005,0.66,fixed,100,none,eefd7eeb-488a-4f09-b43a-00ca3ec1ee27
756,92000,17.45778179168701,1.0,1.0,1.0,0.9960959999999999,0.0,0.0,0.0,0.0,0.0,0.0,0.0,0.0,0.0,0.0,0.0,0.0,0.0,0.0,0.002,0.998,0.05020311163408981,1883,0.00040413833966126614,2.624110358022755e-07,8.85157406486536e-05,16,20,False,0.995,0.005,0.66,fixed,100,none,eefd7eeb-488a-4f09-b43a-00ca3ec1ee27
757,92300,17.46957015991211,1.0,1.0,1.0,0.9960959999999999,0.0,0.0,0.0,0.0,0.0,0.0,0.0,0.0,0.0,0.0,0.0,0.0,0.0,0.0,0.002,0.998,0.05020311163408981,1883,0.0004031892830038073,2.6156373423678866e-07,8.830783115903842e-05,16,20,False,0.995,0.005,0.66,fixed,100,none,eefd7eeb-488a-4f09-b43a-00ca3ec1ee27
758,92400,17.481329679489136,1.0,1.0,1.0,0.9960959999999999,0.0,0.0,0.0,0.0,0.0,0.0,0.0,0.0,0.0,0.0,0.0,0.0,0.0,0.0,0.002,0.998,0.05020311163408981,1883,0.00040261426049776705,2.6058894329175564e-07,8.818177352218664e-05,16,20,False,0.995,0.005,0.66,fixed,100,none,eefd7eeb-488a-4f09-b43a-00ca3ec1ee27
759,92600,17.4930636882782,1.0,1.0,1.0,0.9960959999999999,0.0,0.0,0.0,0.0,0.0,0.0,0.0,0.0,0.0,0.0,0.0,0.0,0.0,0.0,0.002,0.998,0.05020311163408981,1883,0.00040303153512439503,2.6111846886944057e-07,8.827321554781527e-05,16,20,False,0.995,0.005,0.66,fixed,100,none,eefd7eeb-488a-4f09-b43a-00ca3ec1ee27
760,92700,17.50478959083557,1.0,1.0,1.0,0.9960959999999999,0.0,0.0,0.0,0.0,0.0,0.0,0.0,0.0,0.0,0.0,0.0,0.0,0.0,0.0,0.002,0.998,0.04981506098369082,1884,0.00040241855040126464,2.610282437430764e-07,8.813901604914802e-05,16,20,False,0.995,0.005,0.66,fixed,100,none,eefd7eeb-488a-4f09-b43a-00ca3ec1ee27
761,93000,17.516578674316406,1.0,1.0,1.0,0.9960959999999999,0.0,0.0,0.0,0.0,0.0,0.0,0.0,0.0,0.0,0.0,0.0,0.0,0.0,0.0,0.002,0.998,0.04981506098369082,1884,0.00040428842325605617,2.6280506823529306e-07,8.854866881371541e-05,16,20,False,0.995,0.005,0.66,fixed,100,none,eefd7eeb-488a-4f09-b43a-00ca3ec1ee27
762,93100,17.528433799743652,1.0,1.0,1.0,0.9960959999999999,0.0,0.0,0.0,0.0,0.0,0.0,0.0,0.0,0.0,0.0,0.0,0.0,0.0,0.0,0.002,0.998,0.04981506098369082,1884,0.00040289568445324637,2.616062966025868e-07,8.824357052317012e-05,16,20,False,0.995,0.005,0.66,fixed,100,none,eefd7eeb-488a-4f09-b43a-00ca3ec1ee27
763,93300,17.54012155532837,1.0,1.0,1.0,0.9960959999999999,0.0,0.0,0.0,0.0,0.0,0.0,0.0,0.0,0.0,0.0,0.0,0.0,0.0,0.0,0.002,0.998,0.04981506098369082,1884,0.00040339964261826224,2.6067310315980817e-07,8.835370965873797e-05,16,20,False,0.995,0.005,0.66,fixed,100,none,eefd7eeb-488a-4f09-b43a-00ca3ec1ee27
764,93400,17.551811456680298,1.0,1.0,1.0,0.9960959999999999,0.0,0.0,0.0,0.0,0.0,0.0,0.0,0.0,0.0,0.0,0.0,0.0,0.0,0.0,0.002,0.998,0.04981506098369082,1884,0.00040390412641118687,2.613932092542088e-07,8.846427798116711e-05,16,20,False,0.995,0.005,0.66,fixed,100,none,eefd7eeb-488a-4f09-b43a-00ca3ec1ee27
765,93700,17.56369185447693,1.0,1.0,1.0,0.9960959999999999,0.0,0.0,0.0,0.0,0.0,0.0,0.0,0.0,0.0,0.0,0.0,0.0,0.0,0.0,0.002,0.998,0.04981506098369082,1884,0.0004052174689587157,2.6199112827421145e-07,8.875188226943496e-05,16,20,False,0.995,0.005,0.66,fixed,100,none,eefd7eeb-488a-4f09-b43a-00ca3ec1ee27
766,93800,17.57536268234253,1.0,1.0,1.0,0.9960959999999999,0.0,0.0,0.0,0.0,0.0,0.0,0.0,0.0,0.0,0.0,0.0,0.0,0.0,0.0,0.002,0.998,0.05020311163408982,1883,0.00040751237297496483,2.6463757173814956e-07,8.925473958285006e-05,16,20,False,0.995,0.005,0.66,fixed,100,none,eefd7eeb-488a-4f09-b43a-00ca3ec1ee27
767,93900,17.5869779586792,1.0,1.0,1.0,0.9960959999999999,0.0,0.0,0.0,0.0,0.0,0.0,0.0,0.0,0.0,0.0,0.0,0.0,0.0,0.0,0.002,0.998,0.050203111634089824,1883,0.0004080419925129177,2.6526953490728007e-07,8.937079337271008e-05,16,20,False,0.995,0.005,0.66,fixed,100,none,eefd7eeb-488a-4f09-b43a-00ca3ec1ee27
768,94100,17.598698616027832,1.0,1.0,1.0,0.9960959999999999,0.0,0.0,0.0,0.0,0.0,0.0,0.0,0.0,0.0,0.0,0.0,0.0,0.0,0.0,0.002,0.998,0.04981506098369082,1884,0.00040816302742845313,2.65561047512526e-07,8.939734330311576e-05,16,20,False,0.995,0.005,0.66,fixed,100,none,eefd7eeb-488a-4f09-b43a-00ca3ec1ee27
769,94200,17.610488891601562,1.0,1.0,1.0,0.9960959999999999,0.0,0.0,0.0,0.0,0.0,0.0,0.0,0.0,0.0,0.0,0.0,0.0,0.0,0.0,0.002,0.998,0.04942600632125975,1885,0.0004080832339244755,2.662054344391414e-07,8.937999893861112e-05,16,20,False,0.995,0.005,0.66,fixed,100,none,eefd7eeb-488a-4f09-b43a-00ca3ec1ee27
770,94400,17.622156143188477,1.0,1.0,1.0,0.9960959999999999,0.0,0.0,0.0,0.0,0.0,0.0,0.0,0.0,0.0,0.0,0.0,0.0,0.0,0.0,0.002,0.998,0.05059015827245674,1882,0.00040799893650175496,2.6689229517773175e-07,8.936167673631793e-05,16,20,False,0.995,0.005,0.66,fixed,100,none,eefd7eeb-488a-4f09-b43a-00ca3ec1ee27
771,94500,17.63384199142456,1.0,1.0,1.0,0.9960959999999999,0.0,0.0,0.0,0.0,0.0,0.0,0.0,0.0,0.0,0.0,0.0,0.0,0.0,0.0,0.002,0.998,0.05020311163408981,1883,0.00040674025218864535,2.6547288356535546e-07,8.908588105197189e-05,16,20,False,0.995,0.005,0.66,fixed,100,none,eefd7eeb-488a-4f09-b43a-00ca3ec1ee27
772,94600,17.645609855651855,1.0,1.0,1.0,0.9960959999999999,0.0,0.0,0.0,0.0,0.0,0.0,0.0,0.0,0.0,0.0,0.0,0.0,0.0,0.0,0.002,0.998,0.05020311163408981,1883,0.0004055413921274979,2.644880300898128e-07,8.882326346242635e-05,16,20,False,0.995,0.005,0.66,fixed,100,none,eefd7eeb-488a-4f09-b43a-00ca3ec1ee27
773,94700,17.657485008239746,1.0,1.0,1.0,0.9960959999999999,0.0,0.0,0.0,0.0,0.0,0.0,0.0,0.0,0.0,0.0,0.0,0.0,0.0,0.0,0.002,0.998,0.04981506098369082,1884,0.0004066896325553204,2.646966299095559e-07,8.907465292604245e-05,16,20,False,0.995,0.005,0.66,fixed,100,none,eefd7eeb-488a-4f09-b43a-00ca3ec1ee27
774,94800,17.66935658454895,1.0,1.0,1.0,0.9960959999999999,0.0,0.0,0.0,0.0,0.0,0.0,0.0,0.0,0.0,0.0,0.0,0.0,0.0,0.0,0.002,0.998,0.04981506098369082,1884,0.00040680156592615065,2.652163426119273e-07,8.909925388633066e-05,16,20,False,0.995,0.005,0.66,fixed,100,none,eefd7eeb-488a-4f09-b43a-00ca3ec1ee27
775,94900,17.681190013885498,1.0,1.0,1.0,0.9960959999999999,0.0,0.0,0.0,0.0,0.0,0.0,0.0,0.0,0.0,0.0,0.0,0.0,0.0,0.0,0.002,0.998,0.04981506098369082,1884,0.00040684036718913825,2.645046963949561e-07,8.910761227001741e-05,16,20,False,0.995,0.005,0.66,fixed,100,none,eefd7eeb-488a-4f09-b43a-00ca3ec1ee27
776,95100,17.693031072616577,1.0,1.0,1.0,0.9960959999999999,0.0,0.0,0.0,0.0,0.0,0.0,0.0,0.0,0.0,0.0,0.0,0.0,0.0,0.0,0.002,0.998,0.04981506098369082,1884,0.00040742812861718834,2.657945355225134e-07,8.92365183160518e-05,16,20,False,0.995,0.005,0.66,fixed,100,none,eefd7eeb-488a-4f09-b43a-00ca3ec1ee27
777,95200,17.704954624176025,1.0,1.0,1.0,0.9960959999999999,0.0,0.0,0.0,0.0,0.0,0.0,0.0,0.0,0.0,0.0,0.0,0.0,0.0,0.0,0.002,0.998,0.04981506098369082,1884,0.0004067304270547574,2.651515944542175e-07,8.90836692852327e-05,16,20,False,0.995,0.005,0.66,fixed,100,none,eefd7eeb-488a-4f09-b43a-00ca3ec1ee27
778,95300,17.716644048690796,1.0,1.0,1.0,0.9960959999999999,0.0,0.0,0.0,0.0,0.0,0.0,0.0,0.0,0.0,0.0,0.0,0.0,0.0,0.0,0.002,0.998,0.04981506098369082,1884,0.00040696486902586017,2.661544474523062e-07,8.913517917477675e-05,16,20,False,0.995,0.005,0.66,fixed,100,none,eefd7eeb-488a-4f09-b43a-00ca3ec1ee27
779,95400,17.72849678993225,1.0,1.0,1.0,0.9960959999999999,0.0,0.0,0.0,0.0,0.0,0.0,0.0,0.0,0.0,0.0,0.0,0.0,0.0,0.0,0.002,0.998,0.04981506098369082,1884,0.00040670925992927466,2.660788390743736e-07,8.907921197794235e-05,16,20,False,0.995,0.005,0.66,fixed,100,none,eefd7eeb-488a-4f09-b43a-00ca3ec1ee27
780,95500,17.740241050720215,1.0,1.0,1.0,0.9960959999999999,0.0,0.0,0.0,0.0,0.0,0.0,0.0,0.0,0.0,0.0,0.0,0.0,0.0,0.0,0.002,0.998,0.04981506098369082,1884,0.0004061566990276594,2.663087345336917e-07,8.895830007671605e-05,16,20,False,0.995,0.005,0.66,fixed,100,none,eefd7eeb-488a-4f09-b43a-00ca3ec1ee27
781,95600,17.752337217330933,1.0,1.0,1.0,0.9960959999999999,0.0,0.0,0.0,0.0,0.0,0.0,0.0,0.0,0.0,0.0,0.0,0.0,0.0,0.0,0.002,0.998,0.04981506098369082,1884,0.0004060791520806076,2.6575899636011053e-07,8.894122059975343e-05,16,20,False,0.995,0.005,0.66,fixed,100,none,eefd7eeb-488a-4f09-b43a-00ca3ec1ee27
782,95900,17.76410698890686,1.0,1.0,1.0,0.9960959999999999,0.0,0.0,0.0,0.0,0.0,0.0,0.0,0.0,0.0,0.0,0.0,0.0,0.0,0.0,0.002,0.998,0.04981506098369082,1884,0.0004049664283826081,2.648425705500478e-07,8.869747126135743e-05,16,20,False,0.995,0.005,0.66,fixed,100,none,eefd7eeb-488a-4f09-b43a-00ca3ec1ee27
783,96000,17.776270389556885,1.0,1.0,1.0,0.9960959999999999,0.0,0.0,0.0,0.0,0.0,0.0,0.0,0.0,0.0,0.0,0.0,0.0,0.0,0.0,0.002,0.998,0.04981506098369082,1884,0.00040439657943557597,2.643351544684205e-07,8.857263491779658e-05,16,20,False,0.995,0.005,0.66,fixed,100,none,eefd7eeb-488a-4f09-b43a-00ca3ec1ee27
784,96100,17.787951469421387,1.0,1.0,1.0,0.9960959999999999,0.0,0.0,0.0,0.0,0.0,0.0,0.0,0.0,0.0,0.0,0.0,0.0,0.0,0.0,0.002,0.998,0.04981506098369082,1884,0.0004043742592927079,2.645779979846812e-07,8.856779517879085e-05,16,20,False,0.995,0.005,0.66,fixed,100,none,eefd7eeb-488a-4f09-b43a-00ca3ec1ee27
785,96200,17.801050424575806,1.0,1.0,1.0,0.9960959999999999,0.0,0.0,0.0,0.0,0.0,0.0,0.0,0.0,0.0,0.0,0.0,0.0,0.0,0.0,0.002,0.998,0.04981506098369082,1884,0.0004037624190975775,2.638499005910654e-07,8.843372502157203e-05,16,20,False,0.995,0.005,0.66,fixed,100,none,eefd7eeb-488a-4f09-b43a-00ca3ec1ee27
786,96300,17.81270933151245,1.0,1.0,1.0,0.9960959999999999,0.0,0.0,0.0,0.0,0.0,0.0,0.0,0.0,0.0,0.0,0.0,0.0,0.0,0.0,0.002,0.998,0.04981506098369082,1884,0.0004035098357301107,2.6471878288726884e-07,8.837859961006981e-05,16,20,False,0.995,0.005,0.66,fixed,100,none,eefd7eeb-488a-4f09-b43a-00ca3ec1ee27
787,96600,17.824541568756104,1.0,1.0,1.0,0.9960959999999999,0.0,0.0,0.0,0.0,0.0,0.0,0.0,0.0,0.0,0.0,0.0,0.0,0.0,0.0,0.002,0.998,0.04981506098369082,1884,0.0004052751765402378,2.6634601864450346e-07,8.876534188820051e-05,16,20,False,0.995,0.005,0.66,fixed,100,none,eefd7eeb-488a-4f09-b43a-00ca3ec1ee27
788,96700,17.83615469932556,1.0,1.0,1.0,0.9960959999999999,0.0,0.0,0.0,0.0,0.0,0.0,0.0,0.0,0.0,0.0,0.0,0.0,0.0,0.0,0.002,0.998,0.04981506098369082,1884,0.0004052751765402378,2.6634601864450346e-07,8.876534188820051e-05,16,20,False,0.995,0.005,0.66,fixed,100,none,eefd7eeb-488a-4f09-b43a-00ca3ec1ee27
789,96900,17.847951412200928,1.0,1.0,1.0,0.9960959999999999,0.0,0.0,0.0,0.0,0.0,0.0,0.0,0.0,0.0,0.0,0.0,0.0,0.0,0.0,0.002,0.998,0.04981506098369082,1884,0.0004053607342959283,2.6759910241458976e-07,8.878430856683748e-05,16,20,False,0.995,0.005,0.66,fixed,100,none,eefd7eeb-488a-4f09-b43a-00ca3ec1ee27
790,97000,17.86013627052307,1.0,1.0,1.0,0.9960959999999999,0.0,0.0,0.0,0.0,0.0,0.0,0.0,0.0,0.0,0.0,0.0,0.0,0.0,0.0,0.002,0.998,0.04981506098369082,1884,0.0004044466764726166,2.6763482769125137e-07,8.858422809711711e-05,16,20,False,0.995,0.005,0.66,fixed,100,none,eefd7eeb-488a-4f09-b43a-00ca3ec1ee27
791,97300,17.87182092666626,1.0,1.0,1.0,0.9960959999999999,0.0,0.0,0.0,0.0,0.0,0.0,0.0,0.0,0.0,0.0,0.0,0.0,0.0,0.0,0.002,0.998,0.04981506098369082,1884,0.0004054122627273099,2.685233003578267e-07,8.879576373807614e-05,16,20,False,0.995,0.005,0.66,fixed,100,none,eefd7eeb-488a-4f09-b43a-00ca3ec1ee27
792,97400,17.88356375694275,1.0,1.0,1.0,0.9960959999999999,0.0,0.0,0.0,0.0,0.0,0.0,0.0,0.0,0.0,0.0,0.0,0.0,0.0,0.0,0.002,0.998,0.05020311163408982,1883,0.0004051711963233316,2.6789027784943375e-07,8.874287402796868e-05,16,20,False,0.995,0.005,0.66,fixed,100,none,eefd7eeb-488a-4f09-b43a-00ca3ec1ee27
793,97700,17.895262956619263,1.0,1.0,1.0,0.9960959999999999,0.0,0.0,0.0,0.0,0.0,0.0,0.0,0.0,0.0,0.0,0.0,0.0,0.0,0.0,0.002,0.998,0.04981506098369082,1884,0.00040794390393053944,2.695154409644614e-07,8.935012850417833e-05,16,20,False,0.995,0.005,0.66,fixed,100,none,eefd7eeb-488a-4f09-b43a-00ca3ec1ee27
794,97800,17.906941413879395,1.0,1.0,1.0,0.9960959999999999,0.0,0.0,0.0,0.0,0.0,0.0,0.0,0.0,0.0,0.0,0.0,0.0,0.0,0.0,0.002,0.998,0.04981506098369082,1884,0.0004071923590973701,2.6867082074933976e-07,8.91854548623567e-05,16,20,False,0.995,0.005,0.66,fixed,100,none,eefd7eeb-488a-4f09-b43a-00ca3ec1ee27
795,98000,17.91873598098755,1.0,1.0,1.0,0.9960959999999999,0.0,0.0,0.0,0.0,0.0,0.0,0.0,0.0,0.0,0.0,0.0,0.0,0.0,0.0,0.002,0.998,0.04981506098369082,1884,0.0004092499684920652,2.702185738832141e-07,8.963615963195088e-05,16,20,False,0.995,0.005,0.66,fixed,100,none,eefd7eeb-488a-4f09-b43a-00ca3ec1ee27
796,98100,17.930890321731567,1.0,1.0,1.0,0.9960959999999999,0.0,0.0,0.0,0.0,0.0,0.0,0.0,0.0,0.0,0.0,0.0,0.0,0.0,0.0,0.002,0.998,0.04942600632125975,1885,0.00041142869964883944,2.7188200074109673e-07,9.011339993327177e-05,16,20,False,0.995,0.005,0.66,fixed,100,none,eefd7eeb-488a-4f09-b43a-00ca3ec1ee27
797,98400,17.942562580108643,1.0,1.0,1.0,0.9960959999999999,0.0,0.0,0.0,0.0,0.0,0.0,0.0,0.0,0.0,0.0,0.0,0.0,0.0,0.0,0.002,0.998,0.04981506098369082,1884,0.000413519390315556,2.74175008638253e-07,9.057148779171648e-05,16,20,False,0.995,0.005,0.66,fixed,100,none,eefd7eeb-488a-4f09-b43a-00ca3ec1ee27
798,98500,17.954590797424316,1.0,1.0,1.0,0.9960959999999999,0.0,0.0,0.0,0.0,0.0,0.0,0.0,0.0,0.0,0.0,0.0,0.0,0.0,0.0,0.002,0.998,0.04942600632125975,1885,0.000413641586828334,2.7460387692149526e-07,9.05983180933374e-05,16,20,False,0.995,0.005,0.66,fixed,100,none,eefd7eeb-488a-4f09-b43a-00ca3ec1ee27
799,98600,17.96635413169861,1.0,1.0,1.0,0.9960959999999999,0.0,0.0,0.0,0.0,0.0,0.0,0.0,0.0,0.0,0.0,0.0,0.0,0.0,0.0,0.002,0.998,0.04942600632125975,1885,0.0004142568104831243,2.7463341099863517e-07,9.073299616284565e-05,16,20,False,0.995,0.005,0.66,fixed,100,none,eefd7eeb-488a-4f09-b43a-00ca3ec1ee27
800,98700,17.978525400161743,1.0,1.0,1.0,0.9960959999999999,0.0,0.0,0.0,0.0,0.0,0.0,0.0,0.0,0.0,0.0,0.0,0.0,0.0,0.0,0.002,0.998,0.04942600632125975,1885,0.0004148840321036516,2.7592090071749644e-07,9.087053959862567e-05,16,20,False,0.995,0.005,0.66,fixed,100,none,eefd7eeb-488a-4f09-b43a-00ca3ec1ee27
801,98800,17.99032473564148,1.0,1.0,1.0,0.9960959999999999,0.0,0.0,0.0,0.0,0.0,0.0,0.0,0.0,0.0,0.0,0.0,0.0,0.0,0.0,0.002,0.998,0.04942600632125975,1885,0.0004151929294995789,2.7605078107867063e-07,9.093818191586277e-05,16,20,False,0.995,0.005,0.66,fixed,100,none,eefd7eeb-488a-4f09-b43a-00ca3ec1ee27
802,99100,18.00255060195923,1.0,1.0,1.0,0.9960959999999999,0.0,0.0,0.0,0.0,0.0,0.0,0.0,0.0,0.0,0.0,0.0,0.0,0.0,0.0,0.002,0.998,0.04942600632125975,1885,0.0004153989870579067,2.776929453365133e-07,9.098359992658972e-05,16,20,False,0.995,0.005,0.66,fixed,100,none,eefd7eeb-488a-4f09-b43a-00ca3ec1ee27
803,99200,18.014427185058594,1.0,1.0,1.0,0.9960959999999999,0.0,0.0,0.0,0.0,0.0,0.0,0.0,0.0,0.0,0.0,0.0,0.0,0.0,0.0,0.002,0.998,0.04981506098369082,1884,0.0004167286615135826,2.794182838676547e-07,9.12749934792581e-05,16,20,False,0.995,0.005,0.66,fixed,100,none,eefd7eeb-488a-4f09-b43a-00ca3ec1ee27
804,99300,18.026866912841797,1.0,1.0,1.0,0.9960959999999999,0.0,0.0,0.0,0.0,0.0,0.0,0.0,0.0,0.0,0.0,0.0,0.0,0.0,0.0,0.002,0.998,0.04981506098369082,1884,0.00041609928736062137,2.789605896490944e-07,9.113713651527335e-05,16,20,False,0.995,0.005,0.66,fixed,100,none,eefd7eeb-488a-4f09-b43a-00ca3ec1ee27
805,99400,18.038835048675537,1.0,1.0,1.0,0.9960959999999999,0.0,0.0,0.0,0.0,0.0,0.0,0.0,0.0,0.0,0.0,0.0,0.0,0.0,0.0,0.002,0.998,0.04981506098369082,1884,0.00041706708947505505,2.803132361254794e-07,9.134924540095339e-05,16,20,False,0.995,0.005,0.66,fixed,100,none,eefd7eeb-488a-4f09-b43a-00ca3ec1ee27
806,99500,18.050618410110474,1.0,1.0,1.0,0.9960959999999999,0.0,0.0,0.0,0.0,0.0,0.0,0.0,0.0,0.0,0.0,0.0,0.0,0.0,0.0,0.002,0.998,0.04981506098369082,1884,0.00041706537763378984,2.8094871327186187e-07,9.134899141955826e-05,16,20,False,0.995,0.005,0.66,fixed,100,none,eefd7eeb-488a-4f09-b43a-00ca3ec1ee27
807,99600,18.06269359588623,1.0,1.0,1.0,0.9960959999999999,0.0,0.0,0.0,0.0,0.0,0.0,0.0,0.0,0.0,0.0,0.0,0.0,0.0,0.0,0.002,0.998,0.04981506098369082,1884,0.0004174519074338396,2.814405028470792e-07,9.143369623280844e-05,16,20,False,0.995,0.005,0.66,fixed,100,none,eefd7eeb-488a-4f09-b43a-00ca3ec1ee27
808,99800,18.074530839920044,1.0,1.0,1.0,0.9960959999999999,0.0,0.0,0.0,0.0,0.0,0.0,0.0,0.0,0.0,0.0,0.0,0.0,0.0,0.0,0.002,0.998,0.04981506098369082,1884,0.00041576513657463524,2.7958753403024657e-07,9.10641100276534e-05,16,20,False,0.995,0.005,0.66,fixed,100,none,eefd7eeb-488a-4f09-b43a-00ca3ec1ee27
809,99900,18.08739709854126,1.0,1.0,1.0,0.9960959999999999,0.0,0.0,0.0,0.0,0.0,0.0,0.0,0.0,0.0,0.0,0.0,0.0,0.0,0.0,0.002,0.998,0.04981506098369082,1884,0.00041546271939761197,2.793560882000651e-07,9.099786693289527e-05,16,20,False,0.995,0.005,0.66,fixed,100,none,eefd7eeb-488a-4f09-b43a-00ca3ec1ee27
810,100100,18.09958243370056,1.0,1.0,1.0,0.9960959999999999,0.0,0.0,0.0,0.0,0.0,0.0,0.0,0.0,0.0,0.0,0.0,0.0,0.0,0.0,0.002,0.998,0.04981506098369082,1884,0.0004147938462625617,2.784602197709569e-07,9.085128038863125e-05,16,20,False,0.995,0.005,0.66,fixed,100,none,eefd7eeb-488a-4f09-b43a-00ca3ec1ee27
811,100200,18.111323595046997,1.0,1.0,1.0,0.9960959999999999,0.0,0.0,0.0,0.0,0.0,0.0,0.0,0.0,0.0,0.0,0.0,0.0,0.0,0.0,0.002,0.998,0.04942600632125975,1885,0.0004149686208003045,2.785918868829887e-07,9.088956355169442e-05,16,20,False,0.995,0.005,0.66,fixed,100,none,eefd7eeb-488a-4f09-b43a-00ca3ec1ee27
812,100300,18.123427391052246,1.0,1.0,1.0,0.9960959999999999,0.0,0.0,0.0,0.0,0.0,0.0,0.0,0.0,0.0,0.0,0.0,0.0,0.0,0.0,0.002,0.998,0.04942600632125975,1885,0.00041667639199087915,2.8042117450255125e-07,9.126374222995893e-05,16,20,False,0.995,0.005,0.66,fixed,100,none,eefd7eeb-488a-4f09-b43a-00ca3ec1ee27
813,100500,18.13511300086975,1.0,1.0,1.0,0.9960959999999999,0.0,0.0,0.0,0.0,0.0,0.0,0.0,0.0,0.0,0.0,0.0,0.0,0.0,0.0,0.002,0.998,0.04942600632125975,1885,0.00041602704692378855,2.7950194706657007e-07,9.112142594155997e-05,16,20,False,0.995,0.005,0.66,fixed,100,none,eefd7eeb-488a-4f09-b43a-00ca3ec1ee27
814,100600,18.14677596092224,1.0,1.0,1.0,0.9960959999999999,0.0,0.0,0.0,0.0,0.0,0.0,0.0,0.0,0.0,0.0,0.0,0.0,0.0,0.0,0.002,0.998,0.04942600632125975,1885,0.0004158412315349462,2.7840498675961733e-07,9.108054253048404e-05,16,20,False,0.995,0.005,0.66,fixed,100,none,eefd7eeb-488a-4f09-b43a-00ca3ec1ee27
815,100900,18.158828258514404,1.0,1.0,1.0,0.9960959999999999,0.0,0.0,0.0,0.0,0.0,0.0,0.0,0.0,0.0,0.0,0.0,0.0,0.0,0.0,0.002,0.998,0.04981506098369082,1884,0.0004171874809378096,2.8075440625964246e-07,9.137568291447586e-05,16,20,False,0.995,0.005,0.66,fixed,100,none,eefd7eeb-488a-4f09-b43a-00ca3ec1ee27
816,101000,18.171231269836426,1.0,1.0,1.0,0.9960959999999999,0.0,0.0,0.0,0.0,0.0,0.0,0.0,0.0,0.0,0.0,0.0,0.0,0.0,0.0,0.002,0.998,0.04942600632125975,1885,0.00041878534979935834,2.823794181309596e-07,9.172576516052443e-05,16,20,False,0.995,0.005,0.66,fixed,100,none,eefd7eeb-488a-4f09-b43a-00ca3ec1ee27
817,101100,18.18340277671814,1.0,1.0,1.0,0.9960959999999999,0.0,0.0,0.0,0.0,0.0,0.0,0.0,0.0,0.0,0.0,0.0,0.0,0.0,0.0,0.002,0.998,0.04942600632125975,1885,0.0004195463591780028,2.827286504367598e-07,9.18924164676478e-05,16,20,False,0.995,0.005,0.66,fixed,100,none,eefd7eeb-488a-4f09-b43a-00ca3ec1ee27
818,101300,18.19538164138794,1.0,1.0,1.0,0.9951079999999999,0.0,0.0,0.0,0.0,0.0,0.0,0.0,0.0,0.0,0.0,0.0,0.0,0.0,0.0,0.0025,0.9975,0.04944767934874782,1884,0.0004213245432138564,2.847868973008748e-07,9.228205202000034e-05,16,20,False,0.995,0.005,0.66,fixed,100,none,eefd7eeb-488a-4f09-b43a-00ca3ec1ee27
819,101400,18.20761513710022,1.0,1.0,1.0,0.9951079999999999,0.0,0.0,0.0,0.0,0.0,0.0,0.0,0.0,0.0,0.0,0.0,0.0,0.0,0.0,0.0025,0.9975,0.049836872883964295,1883,0.00042048576766234483,2.844589835666514e-07,9.209838174816495e-05,16,20,False,0.995,0.005,0.66,fixed,100,none,eefd7eeb-488a-4f09-b43a-00ca3ec1ee27
820,101600,18.219614028930664,1.0,1.0,1.0,0.9951079999999999,0.0,0.0,0.0,0.0,0.0,0.0,0.0,0.0,0.0,0.0,0.0,0.0,0.0,0.0,0.0025,0.9975,0.049836872883964295,1883,0.00042227833904376436,2.8680604697251057e-07,9.24912215656048e-05,16,20,False,0.995,0.005,0.66,fixed,100,none,eefd7eeb-488a-4f09-b43a-00ca3ec1ee27
821,101700,18.231484413146973,1.0,1.0,1.0,0.9951079999999999,0.0,0.0,0.0,0.0,0.0,0.0,0.0,0.0,0.0,0.0,0.0,0.0,0.0,0.0,0.0025,0.9975,0.04944767934874782,1884,0.0004220927099491324,2.873247108363988e-07,9.2450685902924e-05,16,20,False,0.995,0.005,0.66,fixed,100,none,eefd7eeb-488a-4f09-b43a-00ca3ec1ee27
822,101800,18.243528366088867,1.0,1.0,1.0,0.9951079999999999,0.0,0.0,0.0,0.0,0.0,0.0,0.0,0.0,0.0,0.0,0.0,0.0,0.0,0.0,0.0025,0.9975,0.049057480794718625,1885,0.000422222140180831,2.878206705397873e-07,9.247911241298648e-05,16,20,False,0.995,0.005,0.66,fixed,100,none,eefd7eeb-488a-4f09-b43a-00ca3ec1ee27
823,101900,18.256608247756958,1.0,1.0,1.0,0.9951079999999999,0.0,0.0,0.0,0.0,0.0,0.0,0.0,0.0,0.0,0.0,0.0,0.0,0.0,0.0,0.0025,0.9975,0.049057480794718625,1885,0.00042206084268225555,2.8783295263942466e-07,9.244380672414724e-05,16,20,False,0.995,0.005,0.66,fixed,100,none,eefd7eeb-488a-4f09-b43a-00ca3ec1ee27
824,102000,18.26957678794861,1.0,1.0,1.0,0.9951079999999999,0.0,0.0,0.0,0.0,0.0,0.0,0.0,0.0,0.0,0.0,0.0,0.0,0.0,0.0,0.0025,0.9975,0.049447679348747824,1884,0.0004212320875439996,2.8817336264116793e-07,9.226245690228333e-05,16,20,False,0.995,0.005,0.66,fixed,100,none,eefd7eeb-488a-4f09-b43a-00ca3ec1ee27
825,102100,18.28266406059265,1.0,1.0,1.0,0.9951079999999999,0.0,0.0,0.0,0.0,0.0,0.0,0.0,0.0,0.0,0.0,0.0,0.0,0.0,0.0,0.0025,0.9975,0.049836872883964295,1883,0.00042081086229903185,2.88553493494964e-07,9.217032292102212e-05,16,20,False,0.995,0.005,0.66,fixed,100,none,eefd7eeb-488a-4f09-b43a-00ca3ec1ee27
826,102300,18.29658842086792,1.0,1.0,1.0,0.9951079999999999,0.0,0.0,0.0,0.0,0.0,0.0,0.0,0.0,0.0,0.0,0.0,0.0,0.0,0.0,0.0025,0.9975,0.049836872883964295,1883,0.00042146876333117955,2.892579839260372e-07,9.231447131014115e-05,16,20,False,0.995,0.005,0.66,fixed,100,none,eefd7eeb-488a-4f09-b43a-00ca3ec1ee27
827,102400,18.310627937316895,1.0,1.0,1.0,0.9951079999999999,0.0,0.0,0.0,0.0,0.0,0.0,0.0,0.0,0.0,0.0,0.0,0.0,0.0,0.0,0.0025,0.9975,0.05022506140036809,1882,0.0004216137602557797,2.903096989246993e-07,9.234641096278587e-05,16,20,False,0.995,0.005,0.66,fixed,100,none,eefd7eeb-488a-4f09-b43a-00ca3ec1ee27
828,102600,18.32445764541626,1.0,1.0,1.0,0.9951079999999999,0.0,0.0,0.0,0.0,0.0,0.0,0.0,0.0,0.0,0.0,0.0,0.0,0.0,0.0,0.0025,0.9975,0.04944767934874782,1884,0.0004200209957576267,2.887626486949796e-07,9.199746087459654e-05,16,20,False,0.995,0.005,0.66,fixed,100,none,eefd7eeb-488a-4f09-b43a-00ca3ec1ee27
829,102700,18.338650465011597,1.0,1.0,1.0,0.9951079999999999,0.0,0.0,0.0,0.0,0.0,0.0,0.0,0.0,0.0,0.0,0.0,0.0,0.0,0.0,0.0025,0.9975,0.04944767934874782,1884,0.00042033108709588375,2.8930013230496434e-07,9.20654419904269e-05,16,20,False,0.995,0.005,0.66,fixed,100,none,eefd7eeb-488a-4f09-b43a-00ca3ec1ee27
830,102800,18.3521831035614,1.0,1.0,1.0,0.9951079999999999,0.0,0.0,0.0,0.0,0.0,0.0,0.0,0.0,0.0,0.0,0.0,0.0,0.0,0.0,0.0025,0.9975,0.04944767934874782,1884,0.00042149185000182063,2.9007099138330454e-07,9.231967945376137e-05,16,20,False,0.995,0.005,0.66,fixed,100,none,eefd7eeb-488a-4f09-b43a-00ca3ec1ee27
831,103100,18.365700244903564,1.0,1.0,1.0,0.9951079999999999,0.0,0.0,0.0,0.0,0.0,0.0,0.0,0.0,0.0,0.0,0.0,0.0,0.0,0.0,0.0025,0.9975,0.049836872883964295,1883,0.0004191764604527068,2.8753055096983014e-07,9.181235799778179e-05,16,20,False,0.995,0.005,0.66,fixed,100,none,eefd7eeb-488a-4f09-b43a-00ca3ec1ee27
832,103200,18.379218578338623,1.0,1.0,1.0,0.9951079999999999,0.0,0.0,0.0,0.0,0.0,0.0,0.0,0.0,0.0,0.0,0.0,0.0,0.0,0.0,0.0025,0.9975,0.049836872883964295,1883,0.0004191764604527068,2.8753055096983014e-07,9.181235799778179e-05,16,20,False,0.995,0.005,0.66,fixed,100,none,eefd7eeb-488a-4f09-b43a-00ca3ec1ee27
833,103400,18.39276647567749,1.0,1.0,1.0,0.9951079999999999,0.0,0.0,0.0,0.0,0.0,0.0,0.0,0.0,0.0,0.0,0.0,0.0,0.0,0.0,0.0025,0.9975,0.049836872883964295,1883,0.00041890061390196625,2.874565367592849e-07,9.175196112512467e-05,16,20,False,0.995,0.005,0.66,fixed,100,none,eefd7eeb-488a-4f09-b43a-00ca3ec1ee27
834,103500,18.407294988632202,1.0,1.0,1.0,0.9951079999999999,0.0,0.0,0.0,0.0,0.0,0.0,0.0,0.0,0.0,0.0,0.0,0.0,0.0,0.0,0.0025,0.9975,0.04944767934874782,1884,0.00042068131186501266,2.892692418352612e-07,9.214210032319998e-05,16,20,False,0.995,0.005,0.66,fixed,100,none,eefd7eeb-488a-4f09-b43a-00ca3ec1ee27
835,103600,18.421717166900635,1.0,1.0,1.0,0.9951079999999999,0.0,0.0,0.0,0.0,0.0,0.0,0.0,0.0,0.0,0.0,0.0,0.0,0.0,0.0,0.0025,0.9975,0.04944767934874782,1884,0.00042412521436867886,2.938060346994428e-07,9.28968325718967e-05,16,20,False,0.995,0.005,0.66,fixed,100,none,eefd7eeb-488a-4f09-b43a-00ca3ec1ee27
836,103800,18.43615984916687,1.0,1.0,1.0,0.9951079999999999,0.0,0.0,0.0,0.0,0.0,0.0,0.0,0.0,0.0,0.0,0.0,0.0,0.0,0.0,0.0025,0.9975,0.04944767934874782,1884,0.00042191682573880057,2.919154548434201e-07,9.241305709064369e-05,16,20,False,0.995,0.005,0.66,fixed,100,none,eefd7eeb-488a-4f09-b43a-00ca3ec1ee27
837,103900,18.45064926147461,1.0,1.0,1.0,0.9951079999999999,0.0,0.0,0.0,0.0,0.0,0.0,0.0,0.0,0.0,0.0,0.0,0.0,0.0,0.0,0.0025,0.9975,0.04944767934874782,1884,0.00042259732376702267,2.92528331147695e-07,9.256213455551933e-05,16,20,False,0.995,0.005,0.66,fixed,100,none,eefd7eeb-488a-4f09-b43a-00ca3ec1ee27
838,104100,18.464677810668945,1.0,1.0,1.0,0.9951079999999999,0.0,0.0,0.0,0.0,0.0,0.0,0.0,0.0,0.0,0.0,0.0,0.0,0.0,0.0,0.0025,0.9975,0.04944767934874782,1884,0.0004219427586235769,2.9176191479722775e-07,9.241870462651246e-05,16,20,False,0.995,0.005,0.66,fixed,100,none,eefd7eeb-488a-4f09-b43a-00ca3ec1ee27
839,104200,18.478596687316895,1.0,1.0,1.0,0.9951079999999999,0.0,0.0,0.0,0.0,0.0,0.0,0.0,0.0,0.0,0.0,0.0,0.0,0.0,0.0,0.0025,0.9975,0.04944767934874782,1884,0.0004227265019970223,2.932169869644295e-07,9.259054251467143e-05,16,20,False,0.995,0.005,0.66,fixed,100,none,eefd7eeb-488a-4f09-b43a-00ca3ec1ee27
840,104300,18.492141723632812,1.0,1.0,1.0,0.9951079999999999,0.0,0.0,0.0,0.0,0.0,0.0,0.0,0.0,0.0,0.0,0.0,0.0,0.0,0.0,0.0025,0.9975,0.049057480794718625,1885,0.0004235759219177779,2.9508221372399707e-07,9.277683492840913e-05,16,20,False,0.995,0.005,0.66,fixed,100,none,eefd7eeb-488a-4f09-b43a-00ca3ec1ee27
841,104400,18.505709648132324,1.0,1.0,1.0,0.9951079999999999,0.0,0.0,0.0,0.0,0.0,0.0,0.0,0.0,0.0,0.0,0.0,0.0,0.0,0.0,0.0025,0.9975,0.04944767934874782,1884,0.000424202057978503,2.963101217910003e-07,9.29141294146346e-05,16,20,False,0.995,0.005,0.66,fixed,100,none,eefd7eeb-488a-4f09-b43a-00ca3ec1ee27
842,104500,18.519526720046997,1.0,1.0,1.0,0.9951079999999999,0.0,0.0,0.0,0.0,0.0,0.0,0.0,0.0,0.0,0.0,0.0,0.0,0.0,0.0,0.0025,0.9975,0.04944767934874782,1884,0.0004238670222041729,2.961433611557762e-07,9.284075839911304e-05,16,20,False,0.995,0.005,0.66,fixed,100,none,eefd7eeb-488a-4f09-b43a-00ca3ec1ee27
843,104600,18.533177614212036,1.0,1.0,1.0,0.9951079999999999,0.0,0.0,0.0,0.0,0.0,0.0,0.0,0.0,0.0,0.0,0.0,0.0,0.0,0.0,0.0025,0.9975,0.04944767934874782,1884,0.0004237440947406146,2.959748350106796e-07,9.281381755737256e-05,16,20,False,0.995,0.005,0.66,fixed,100,none,eefd7eeb-488a-4f09-b43a-00ca3ec1ee27
844,104900,18.546698331832886,1.0,1.0,1.0,0.9951079999999999,0.0,0.0,0.0,0.0,0.0,0.0,0.0,0.0,0.0,0.0,0.0,0.0,0.0,0.0,0.0025,0.9975,0.04944767934874782,1884,0.000425929682461226,2.9814627847930027e-07,9.329265528367345e-05,16,20,False,0.995,0.005,0.66,fixed,100,none,eefd7eeb-488a-4f09-b43a-00ca3ec1ee27
845,105000,18.560290336608887,1.0,1.0,1.0,0.9951079999999999,0.0,0.0,0.0,0.0,0.0,0.0,0.0,0.0,0.0,0.0,0.0,0.0,0.0,0.0,0.0025,0.9975,0.04944767934874782,1884,0.0004269394846862153,2.9958576806818695e-07,9.351397449374549e-05,16,20,False,0.995,0.005,0.66,fixed,100,none,eefd7eeb-488a-4f09-b43a-00ca3ec1ee27
846,105200,18.573729515075684,1.0,1.0,1.0,0.9951079999999999,0.0,0.0,0.0,0.0,0.0,0.0,0.0,0.0,0.0,0.0,0.0,0.0,0.0,0.0,0.0025,0.9975,0.04944767934874782,1884,0.00042699105467436003,3.0137334852262565e-07,9.352560280443672e-05,16,20,False,0.995,0.005,0.66,fixed,100,none,eefd7eeb-488a-4f09-b43a-00ca3ec1ee27
847,105300,18.586934089660645,1.0,1.0,1.0,0.9951079999999999,0.0,0.0,0.0,0.0,0.0,0.0,0.0,0.0,0.0,0.0,0.0,0.0,0.0,0.0,0.0025,0.9975,0.04944767934874782,1884,0.0004271708069110403,3.0212886617888625e-07,9.356509411740071e-05,16,20,False,0.995,0.005,0.66,fixed,100,none,eefd7eeb-488a-4f09-b43a-00ca3ec1ee27
848,105600,18.600093841552734,1.0,1.0,1.0,0.9951079999999999,0.0,0.0,0.0,0.0,0.0,0.0,0.0,0.0,0.0,0.0,0.0,0.0,0.0,0.0,0.0025,0.9975,0.04944767934874782,1884,0.00042831809065302747,3.037631655885526e-07,9.381654504540955e-05,16,20,False,0.995,0.005,0.66,fixed,100,none,eefd7eeb-488a-4f09-b43a-00ca3ec1ee27
849,105700,18.613030910491943,1.0,1.0,1.0,0.9951079999999999,0.0,0.0,0.0,0.0,0.0,0.0,0.0,0.0,0.0,0.0,0.0,0.0,0.0,0.0,0.0025,0.9975,0.04944767934874782,1884,0.00042750491925405395,3.0306178295304946e-07,9.363840856347349e-05,16,20,False,0.995,0.005,0.66,fixed,100,none,eefd7eeb-488a-4f09-b43a-00ca3ec1ee27
850,105900,18.625441789627075,1.0,1.0,1.0,0.9951079999999999,0.0,0.0,0.0,0.0,0.0,0.0,0.0,0.0,0.0,0.0,0.0,0.0,0.0,0.0,0.0025,0.9975,0.04944767934874782,1884,0.00042706456736805136,3.0229050037156615e-07,9.354186899193705e-05,16,20,False,0.995,0.005,0.66,fixed,100,none,eefd7eeb-488a-4f09-b43a-00ca3ec1ee27
851,106000,18.637213230133057,1.0,1.0,1.0,0.9951079999999999,0.0,0.0,0.0,0.0,0.0,0.0,0.0,0.0,0.0,0.0,0.0,0.0,0.0,0.0,0.0025,0.9975,0.04944767934874782,1884,0.00042706456736805136,3.0229050037156615e-07,9.354186899193705e-05,16,20,False,0.995,0.005,0.66,fixed,100,none,eefd7eeb-488a-4f09-b43a-00ca3ec1ee27
852,106100,18.648967742919922,1.0,1.0,1.0,0.9951079999999999,0.0,0.0,0.0,0.0,0.0,0.0,0.0,0.0,0.0,0.0,0.0,0.0,0.0,0.0,0.0025,0.9975,0.04944767934874782,1884,0.00042673486290190706,3.0184631022011345e-07,9.346961228816927e-05,16,20,False,0.995,0.005,0.66,fixed,100,none,eefd7eeb-488a-4f09-b43a-00ca3ec1ee27
853,106200,18.660980224609375,1.0,1.0,1.0,0.9951079999999999,0.0,0.0,0.0,0.0,0.0,0.0,0.0,0.0,0.0,0.0,0.0,0.0,0.0,0.0,0.0025,0.9975,0.049836872883964295,1883,0.0004264690221452985,3.0142425256936467e-07,9.341133955559403e-05,16,20,False,0.995,0.005,0.66,fixed,100,none,eefd7eeb-488a-4f09-b43a-00ca3ec1ee27
854,106300,18.67282772064209,1.0,1.0,1.0,0.9951079999999999,0.0,0.0,0.0,0.0,0.0,0.0,0.0,0.0,0.0,0.0,0.0,0.0,0.0,0.0,0.0025,0.9975,0.04944767934874782,1884,0.00042680970424979455,3.020991739075767e-07,9.348604310332247e-05,16,20,False,0.995,0.005,0.66,fixed,100,none,eefd7eeb-488a-4f09-b43a-00ca3ec1ee27
855,106400,18.68449091911316,1.0,1.0,1.0,0.9951079999999999,0.0,0.0,0.0,0.0,0.0,0.0,0.0,0.0,0.0,0.0,0.0,0.0,0.0,0.0,0.0025,0.9975,0.04905748079471863,1885,0.0004261628718166554,3.007099163669098e-07,9.334418752477558e-05,16,20,False,0.995,0.005,0.66,fixed,100,none,eefd7eeb-488a-4f09-b43a-00ca3ec1ee27
856,106700,18.69659662246704,1.0,1.0,1.0,0.9951079999999999,0.0,0.0,0.0,0.0,0.0,0.0,0.0,0.0,0.0,0.0,0.0,0.0,0.0,0.0,0.0025,0.9975,0.04866627722187674,1886,0.0004237429442295841,2.986370557319027e-07,9.281407153244504e-05,16,20,False,0.995,0.005,0.66,fixed,100,none,eefd7eeb-488a-4f09-b43a-00ca3ec1ee27
857,106800,18.708382844924927,1.0,1.0,1.0,0.9951079999999999,0.0,0.0,0.0,0.0,0.0,0.0,0.0,0.0,0.0,0.0,0.0,0.0,0.0,0.0,0.0025,0.9975,0.04866627722187674,1886,0.0004242809339613314,2.993982081149694e-07,9.29319821036773e-05,16,20,False,0.995,0.005,0.66,fixed,100,none,eefd7eeb-488a-4f09-b43a-00ca3ec1ee27
858,106900,18.720072507858276,1.0,1.0,1.0,0.9951079999999999,0.0,0.0,0.0,0.0,0.0,0.0,0.0,0.0,0.0,0.0,0.0,0.0,0.0,0.0,0.0025,0.9975,0.04866627722187674,1886,0.00042633133423279,3.0116421256257087e-07,9.338115026394463e-05,16,20,False,0.995,0.005,0.66,fixed,100,none,eefd7eeb-488a-4f09-b43a-00ca3ec1ee27
859,107000,18.73177170753479,1.0,1.0,1.0,0.9951079999999999,0.0,0.0,0.0,0.0,0.0,0.0,0.0,0.0,0.0,0.0,0.0,0.0,0.0,0.0,0.0025,0.9975,0.04866627722187674,1886,0.00042614923196580037,3.0047904285286707e-07,9.334115789545574e-05,16,20,False,0.995,0.005,0.66,fixed,100,none,eefd7eeb-488a-4f09-b43a-00ca3ec1ee27
860,107100,18.743504762649536,1.0,1.0,1.0,0.9951079999999999,0.0,0.0,0.0,0.0,0.0,0.0,0.0,0.0,0.0,0.0,0.0,0.0,0.0,0.0,0.0025,0.9975,0.04866627722187674,1886,0.00042678179277619755,3.0173948035857326e-07,9.347986493997779e-05,16,20,False,0.995,0.005,0.66,fixed,100,none,eefd7eeb-488a-4f09-b43a-00ca3ec1ee27
861,107400,18.755316019058228,1.0,1.0,1.0,0.9951079999999999,0.0,0.0,0.0,0.0,0.0,0.0,0.0,0.0,0.0,0.0,0.0,0.0,0.0,0.0,0.0025,0.9975,0.04866627722187674,1886,0.000427218925169914,3.025273797241745e-07,9.357570292184177e-05,16,20,False,0.995,0.005,0.66,fixed,100,none,eefd7eeb-488a-4f09-b43a-00ca3ec1ee27
862,107500,18.767448902130127,1.0,1.0,1.0,0.9951079999999999,0.0,0.0,0.0,0.0,0.0,0.0,0.0,0.0,0.0,0.0,0.0,0.0,0.0,0.0,0.0025,0.9975,0.04866627722187674,1886,0.00042731737131611824,3.034046869118986e-07,9.359741947161154e-05,16,20,False,0.995,0.005,0.66,fixed,100,none,eefd7eeb-488a-4f09-b43a-00ca3ec1ee27
863,107700,18.779263019561768,1.0,1.0,1.0,0.9951079999999999,0.0,0.0,0.0,0.0,0.0,0.0,0.0,0.0,0.0,0.0,0.0,0.0,0.0,0.0,0.0025,0.9975,0.04905748079471863,1885,0.00042659722077772425,3.029826861680593e-07,9.343969833861579e-05,16,20,False,0.995,0.005,0.66,fixed,100,none,eefd7eeb-488a-4f09-b43a-00ca3ec1ee27
864,107800,18.79130268096924,1.0,1.0,1.0,0.9951079999999999,0.0,0.0,0.0,0.0,0.0,0.0,0.0,0.0,0.0,0.0,0.0,0.0,0.0,0.0,0.0025,0.9975,0.04905748079471863,1885,0.00042665759558247173,3.027989032767701e-07,9.345287946462565e-05,16,20,False,0.995,0.005,0.66,fixed,100,none,eefd7eeb-488a-4f09-b43a-00ca3ec1ee27
865,107900,18.802642345428467,1.0,1.0,1.0,0.9951079999999999,0.0,0.0,0.0,0.0,0.0,0.0,0.0,0.0,0.0,0.0,0.0,0.0,0.0,0.0,0.0025,0.9975,0.04905748079471863,1885,0.00042693578334722425,3.0323180066248047e-07,9.351385701683326e-05,16,20,False,0.995,0.005,0.66,fixed,100,none,eefd7eeb-488a-4f09-b43a-00ca3ec1ee27
866,108100,18.814385890960693,1.0,1.0,1.0,0.9951079999999999,0.0,0.0,0.0,0.0,0.0,0.0,0.0,0.0,0.0,0.0,0.0,0.0,0.0,0.0,0.0025,0.9975,0.04866627722187674,1886,0.00042890369570542703,3.064273823033426e-07,9.394524019255562e-05,16,20,False,0.995,0.005,0.66,fixed,100,none,eefd7eeb-488a-4f09-b43a-00ca3ec1ee27
867,108200,18.826152801513672,1.0,1.0,1.0,0.9951079999999999,0.0,0.0,0.0,0.0,0.0,0.0,0.0,0.0,0.0,0.0,0.0,0.0,0.0,0.0,0.0025,0.9975,0.04866627722187674,1886,0.000429652105707643,3.079054333633809e-07,9.41093479717421e-05,16,20,False,0.995,0.005,0.66,fixed,100,none,eefd7eeb-488a-4f09-b43a-00ca3ec1ee27
868,108500,18.837889432907104,1.0,1.0,1.0,0.9951079999999999,0.0,0.0,0.0,0.0,0.0,0.0,0.0,0.0,0.0,0.0,0.0,0.0,0.0,0.0,0.0025,0.9975,0.04866627722187674,1886,0.00042802655630345195,3.0673411585761974e-07,9.375329265683859e-05,16,20,False,0.995,0.005,0.66,fixed,100,none,eefd7eeb-488a-4f09-b43a-00ca3ec1ee27
869,108600,18.849542379379272,1.0,1.0,1.0,0.9951079999999999,0.0,0.0,0.0,0.0,0.0,0.0,0.0,0.0,0.0,0.0,0.0,0.0,0.0,0.0,0.0025,0.9975,0.04866627722187674,1886,0.0004279070104844081,3.060187392600946e-07,9.372698815549636e-05,16,20,False,0.995,0.005,0.66,fixed,100,none,eefd7eeb-488a-4f09-b43a-00ca3ec1ee27
870,108700,18.861119031906128,1.0,1.0,1.0,0.9951079999999999,0.0,0.0,0.0,0.0,0.0,0.0,0.0,0.0,0.0,0.0,0.0,0.0,0.0,0.0,0.0025,0.9975,0.04866627722187674,1886,0.00042785032320157864,3.0576696512985906e-07,9.371453147220024e-05,16,20,False,0.995,0.005,0.66,fixed,100,none,eefd7eeb-488a-4f09-b43a-00ca3ec1ee27
871,108800,18.872780561447144,1.0,1.0,1.0,0.9951079999999999,0.0,0.0,0.0,0.0,0.0,0.0,0.0,0.0,0.0,0.0,0.0,0.0,0.0,0.0,0.0025,0.9975,0.04866627722187674,1886,0.0004287517407239712,3.0843897181653823e-07,9.391235944912245e-05,16,20,False,0.995,0.005,0.66,fixed,100,none,eefd7eeb-488a-4f09-b43a-00ca3ec1ee27
872,108900,18.884461164474487,1.0,1.0,1.0,0.9951079999999999,0.0,0.0,0.0,0.0,0.0,0.0,0.0,0.0,0.0,0.0,0.0,0.0,0.0,0.0,0.0025,0.9975,0.04866627722187674,1886,0.0004288019596238634,3.089788924466696e-07,9.392345495122857e-05,16,20,False,0.995,0.005,0.66,fixed,100,none,eefd7eeb-488a-4f09-b43a-00ca3ec1ee27
873,109200,18.896180868148804,1.0,1.0,1.0,0.9951079999999999,0.0,0.0,0.0,0.0,0.0,0.0,0.0,0.0,0.0,0.0,0.0,0.0,0.0,0.0,0.0025,0.9975,0.048274068630222176,1887,0.00042895817162720806,3.0994835099833086e-07,9.395783395588553e-05,16,20,False,0.995,0.005,0.66,fixed,100,none,eefd7eeb-488a-4f09-b43a-00ca3ec1ee27
874,109300,18.90779972076416,1.0,1.0,1.0,0.9951079999999999,0.0,0.0,0.0,0.0,0.0,0.0,0.0,0.0,0.0,0.0,0.0,0.0,0.0,0.0,0.0025,0.9975,0.04866627722187674,1886,0.0004296672812320122,3.0968782020560274e-07,9.411300854752654e-05,16,20,False,0.995,0.005,0.66,fixed,100,none,eefd7eeb-488a-4f09-b43a-00ca3ec1ee27
875,109500,18.91950011253357,1.0,1.0,1.0,0.9951079999999999,0.0,0.0,0.0,0.0,0.0,0.0,0.0,0.0,0.0,0.0,0.0,0.0,0.0,0.0,0.0025,0.9975,0.04905748079471863,1885,0.00042921918150022934,3.0926263420204693e-07,9.40148387308986e-05,16,20,False,0.995,0.005,0.66,fixed,100,none,eefd7eeb-488a-4f09-b43a-00ca3ec1ee27
876,109600,18.931183576583862,1.0,1.0,1.0,0.9951079999999999,0.0,0.0,0.0,0.0,0.0,0.0,0.0,0.0,0.0,0.0,0.0,0.0,0.0,0.0,0.0025,0.9975,0.04944767934874782,1884,0.0004292858003798578,3.0959387864878054e-07,9.402948454009414e-05,16,20,False,0.995,0.005,0.66,fixed,100,none,eefd7eeb-488a-4f09-b43a-00ca3ec1ee27
877,109700,18.94289255142212,1.0,1.0,1.0,0.9951079999999999,0.0,0.0,0.0,0.0,0.0,0.0,0.0,0.0,0.0,0.0,0.0,0.0,0.0,0.0,0.0025,0.9975,0.04944767934874782,1884,0.0004292858003798578,3.0959387864878054e-07,9.402948454009414e-05,16,20,False,0.995,0.005,0.66,fixed,100,none,eefd7eeb-488a-4f09-b43a-00ca3ec1ee27
878,109900,18.95460081100464,1.0,1.0,1.0,0.9951079999999999,0.0,0.0,0.0,0.0,0.0,0.0,0.0,0.0,0.0,0.0,0.0,0.0,0.0,0.0,0.0025,0.9975,0.04944767934874782,1884,0.0004298491456263703,3.101522028101612e-07,9.41529068961464e-05,16,20,False,0.995,0.005,0.66,fixed,100,none,eefd7eeb-488a-4f09-b43a-00ca3ec1ee27
879,110000,18.96690011024475,1.0,1.0,1.0,0.9951079999999999,0.0,0.0,0.0,0.0,0.0,0.0,0.0,0.0,0.0,0.0,0.0,0.0,0.0,0.0,0.0025,0.9975,0.04944767934874782,1884,0.00042976359962531847,3.0997633219607495e-07,9.413414746109947e-05,16,20,False,0.995,0.005,0.66,fixed,100,none,eefd7eeb-488a-4f09-b43a-00ca3ec1ee27
880,110300,18.97851300239563,1.0,1.0,1.0,0.9951079999999999,0.0,0.0,0.0,0.0,0.0,0.0,0.0,0.0,0.0,0.0,0.0,0.0,0.0,0.0,0.0025,0.9975,0.04944767934874782,1884,0.000430816862656081,3.1259001019553867e-07,9.436520333735328e-05,16,20,False,0.995,0.005,0.66,fixed,100,none,eefd7eeb-488a-4f09-b43a-00ca3ec1ee27
881,110400,18.990269660949707,1.0,1.0,1.0,0.9951079999999999,0.0,0.0,0.0,0.0,0.0,0.0,0.0,0.0,0.0,0.0,0.0,0.0,0.0,0.0,0.0025,0.9975,0.04944767934874782,1884,0.0004304948455187716,3.126743736610791e-07,9.42947298150547e-05,16,20,False,0.995,0.005,0.66,fixed,100,none,eefd7eeb-488a-4f09-b43a-00ca3ec1ee27
882,110500,19.001959562301636,1.0,1.0,1.0,0.9951079999999999,0.0,0.0,0.0,0.0,0.0,0.0,0.0,0.0,0.0,0.0,0.0,0.0,0.0,0.0,0.0025,0.9975,0.04944767934874782,1884,0.0004305521467144448,3.132781906944211e-07,9.430738777202391e-05,16,20,False,0.995,0.005,0.66,fixed,100,none,eefd7eeb-488a-4f09-b43a-00ca3ec1ee27
883,110600,19.01372003555298,1.0,1.0,1.0,0.9951079999999999,0.0,0.0,0.0,0.0,0.0,0.0,0.0,0.0,0.0,0.0,0.0,0.0,0.0,0.0,0.0025,0.9975,0.04944767934874782,1884,0.0004293842127032986,3.135449452156325e-07,9.405177770034305e-05,16,20,False,0.995,0.005,0.66,fixed,100,none,eefd7eeb-488a-4f09-b43a-00ca3ec1ee27
884,110700,19.02539563179016,1.0,1.0,1.0,0.9951079999999999,0.0,0.0,0.0,0.0,0.0,0.0,0.0,0.0,0.0,0.0,0.0,0.0,0.0,0.0,0.0025,0.9975,0.04944767934874782,1884,0.0004290701416840422,3.1292439670614525e-07,9.3982909650011e-05,16,20,False,0.995,0.005,0.66,fixed,100,none,eefd7eeb-488a-4f09-b43a-00ca3ec1ee27
885,111000,19.037076473236084,1.0,1.0,1.0,0.9951079999999999,0.0,0.0,0.0,0.0,0.0,0.0,0.0,0.0,0.0,0.0,0.0,0.0,0.0,0.0,0.0025,0.9975,0.04944767934874782,1884,0.0004301414652191781,3.1392785889717647e-07,9.421761302966856e-05,16,20,False,0.995,0.005,0.66,fixed,100,none,eefd7eeb-488a-4f09-b43a-00ca3ec1ee27
886,111100,19.048855543136597,1.0,1.0,1.0,0.9951079999999999,0.0,0.0,0.0,0.0,0.0,0.0,0.0,0.0,0.0,0.0,0.0,0.0,0.0,0.0,0.0025,0.9975,0.04944767934874782,1884,0.0004296800112131903,3.133071695461942e-07,9.411648281678114e-05,16,20,False,0.995,0.005,0.66,fixed,100,none,eefd7eeb-488a-4f09-b43a-00ca3ec1ee27
887,111400,19.060580730438232,1.0,1.0,1.0,0.9951079999999999,0.0,0.0,0.0,0.0,0.0,0.0,0.0,0.0,0.0,0.0,0.0,0.0,0.0,0.0,0.0025,0.9975,0.04944767934874782,1884,0.00042957417272601183,3.138596083778874e-07,9.409341973531578e-05,16,20,False,0.995,0.005,0.66,fixed,100,none,eefd7eeb-488a-4f09-b43a-00ca3ec1ee27
888,111500,19.07312536239624,1.0,1.0,1.0,0.9951079999999999,0.0,0.0,0.0,0.0,0.0,0.0,0.0,0.0,0.0,0.0,0.0,0.0,0.0,0.0,0.0025,0.9975,0.04944767934874782,1884,0.00043051232099498176,3.143448076953783e-07,9.429887257926364e-05,16,20,False,0.995,0.005,0.66,fixed,100,none,eefd7eeb-488a-4f09-b43a-00ca3ec1ee27
889,111700,19.15485692024231,1.0,1.0,1.0,0.9951079999999999,0.0,0.0,0.0,0.0,0.0,0.0,0.0,0.0,0.0,0.0,0.0,0.0,0.0,0.0,0.0025,0.9975,0.04944767934874782,1884,0.00043273034434118045,3.158151379350119e-07,9.478467725249206e-05,16,20,False,0.995,0.005,0.66,fixed,100,none,eefd7eeb-488a-4f09-b43a-00ca3ec1ee27
890,111800,19.166608333587646,1.0,1.0,1.0,0.9951079999999999,0.0,0.0,0.0,0.0,0.0,0.0,0.0,0.0,0.0,0.0,0.0,0.0,0.0,0.0,0.0025,0.9975,0.04944767934874782,1884,0.0004330898696308736,3.158431897930277e-07,9.486338266825891e-05,16,20,False,0.995,0.005,0.66,fixed,100,none,eefd7eeb-488a-4f09-b43a-00ca3ec1ee27
891,112100,19.178343296051025,1.0,1.0,1.0,0.9951079999999999,0.0,0.0,0.0,0.0,0.0,0.0,0.0,0.0,0.0,0.0,0.0,0.0,0.0,0.0,0.0025,0.9975,0.04944767934874782,1884,0.0004336409788869204,3.1580219881069316e-07,9.498401269612091e-05,16,20,False,0.995,0.005,0.66,fixed,100,none,eefd7eeb-488a-4f09-b43a-00ca3ec1ee27
892,112200,19.190036296844482,1.0,1.0,1.0,0.9951079999999999,0.0,0.0,0.0,0.0,0.0,0.0,0.0,0.0,0.0,0.0,0.0,0.0,0.0,0.0,0.0025,0.9975,0.04944767934874782,1884,0.0004336409788869204,3.1580219881069316e-07,9.498401269612091e-05,16,20,False,0.995,0.005,0.66,fixed,100,none,eefd7eeb-488a-4f09-b43a-00ca3ec1ee27
893,112300,19.201814651489258,1.0,1.0,1.0,0.9951079999999999,0.0,0.0,0.0,0.0,0.0,0.0,0.0,0.0,0.0,0.0,0.0,0.0,0.0,0.0,0.0025,0.9975,0.04905748079471863,1885,0.0004345031173429407,3.173066725988025e-07,9.51730206541635e-05,16,20,False,0.995,0.005,0.66,fixed,100,none,eefd7eeb-488a-4f09-b43a-00ca3ec1ee27
894,112400,19.2138512134552,1.0,1.0,1.0,0.9951079999999999,0.0,0.0,0.0,0.0,0.0,0.0,0.0,0.0,0.0,0.0,0.0,0.0,0.0,0.0,0.0025,0.9975,0.04944767934874782,1884,0.00043472557463669376,3.169530759061228e-07,9.522164937239444e-05,16,20,False,0.995,0.005,0.66,fixed,100,none,eefd7eeb-488a-4f09-b43a-00ca3ec1ee27
895,112500,19.225728750228882,1.0,1.0,1.0,0.9951079999999999,0.0,0.0,0.0,0.0,0.0,0.0,0.0,0.0,0.0,0.0,0.0,0.0,0.0,0.0,0.0025,0.9975,0.04944767934874782,1884,0.0004348906742670269,3.174647741264321e-07,9.525788690413622e-05,16,20,False,0.995,0.005,0.66,fixed,100,none,eefd7eeb-488a-4f09-b43a-00ca3ec1ee27
896,112800,19.237582206726074,1.0,1.0,1.0,0.9951079999999999,0.0,0.0,0.0,0.0,0.0,0.0,0.0,0.0,0.0,0.0,0.0,0.0,0.0,0.0,0.0025,0.9975,0.04944767934874782,1884,0.00043541614926610137,3.180841363313e-07,9.537303106025254e-05,16,20,False,0.995,0.005,0.66,fixed,100,none,eefd7eeb-488a-4f09-b43a-00ca3ec1ee27
897,112900,19.24950647354126,1.0,1.0,1.0,0.9951079999999999,0.0,0.0,0.0,0.0,0.0,0.0,0.0,0.0,0.0,0.0,0.0,0.0,0.0,0.0,0.0025,0.9975,0.04944767934874782,1884,0.00043589638540982674,3.186899673495714e-07,9.547826986000749e-05,16,20,False,0.995,0.005,0.66,fixed,100,none,eefd7eeb-488a-4f09-b43a-00ca3ec1ee27
898,113200,19.261277437210083,1.0,1.0,1.0,0.9951079999999999,0.0,0.0,0.0,0.0,0.0,0.0,0.0,0.0,0.0,0.0,0.0,0.0,0.0,0.0,0.0025,0.9975,0.04944767934874782,1884,0.0004338173800283069,3.1654026481625167e-07,9.502276713851147e-05,16,20,False,0.995,0.005,0.66,fixed,100,none,eefd7eeb-488a-4f09-b43a-00ca3ec1ee27
899,113300,19.273078680038452,1.0,1.0,1.0,0.9951079999999999,0.0,0.0,0.0,0.0,0.0,0.0,0.0,0.0,0.0,0.0,0.0,0.0,0.0,0.0,0.0025,0.9975,0.04944767934874782,1884,0.0004322910689101365,3.155154427864058e-07,9.46884629185583e-05,16,20,False,0.995,0.005,0.66,fixed,100,none,eefd7eeb-488a-4f09-b43a-00ca3ec1ee27
900,113400,19.28489398956299,1.0,1.0,1.0,0.9951079999999999,0.0,0.0,0.0,0.0,0.0,0.0,0.0,0.0,0.0,0.0,0.0,0.0,0.0,0.0,0.0025,0.9975,0.04905748079471862,1885,0.0004323831419929521,3.155669258774655e-07,9.470862749817395e-05,16,20,False,0.995,0.005,0.66,fixed,100,none,eefd7eeb-488a-4f09-b43a-00ca3ec1ee27
901,113500,19.296706914901733,1.0,1.0,1.0,0.9951079999999999,0.0,0.0,0.0,0.0,0.0,0.0,0.0,0.0,0.0,0.0,0.0,0.0,0.0,0.0,0.0025,0.9975,0.04905748079471862,1885,0.00043347643731833294,3.1569529825993323e-07,9.494797423565248e-05,16,20,False,0.995,0.005,0.66,fixed,100,none,eefd7eeb-488a-4f09-b43a-00ca3ec1ee27
902,113600,19.308435201644897,1.0,1.0,1.0,0.9951079999999999,0.0,0.0,0.0,0.0,0.0,0.0,0.0,0.0,0.0,0.0,0.0,0.0,0.0,0.0,0.0025,0.9975,0.04905748079471862,1885,0.00043280528314593533,3.151381092700756e-07,9.480095272140655e-05,16,20,False,0.995,0.005,0.66,fixed,100,none,eefd7eeb-488a-4f09-b43a-00ca3ec1ee27
903,113900,19.320154428482056,1.0,1.0,1.0,0.9951079999999999,0.0,0.0,0.0,0.0,0.0,0.0,0.0,0.0,0.0,0.0,0.0,0.0,0.0,0.0,0.0025,0.9975,0.049057480794718625,1885,0.0004330383380343938,3.166894330228976e-07,9.485226318800315e-05,16,20,False,0.995,0.005,0.66,fixed,100,none,eefd7eeb-488a-4f09-b43a-00ca3ec1ee27
904,114000,19.332019567489624,1.0,1.0,1.0,0.9951079999999999,0.0,0.0,0.0,0.0,0.0,0.0,0.0,0.0,0.0,0.0,0.0,0.0,0.0,0.0,0.0025,0.9975,0.049057480794718625,1885,0.00043291543480063,3.1685249226049256e-07,9.48253906513874e-05,16,20,False,0.995,0.005,0.66,fixed,100,none,eefd7eeb-488a-4f09-b43a-00ca3ec1ee27
905,114200,19.343852519989014,1.0,1.0,1.0,0.9951079999999999,0.0,0.0,0.0,0.0,0.0,0.0,0.0,0.0,0.0,0.0,0.0,0.0,0.0,0.0,0.0025,0.9975,0.04944767934874782,1884,0.00043406597779261215,3.1716920312752266e-07,9.507730468739703e-05,16,20,False,0.995,0.005,0.66,fixed,100,none,eefd7eeb-488a-4f09-b43a-00ca3ec1ee27
906,114300,19.355995416641235,1.0,1.0,1.0,0.9951079999999999,0.0,0.0,0.0,0.0,0.0,0.0,0.0,0.0,0.0,0.0,0.0,0.0,0.0,0.0,0.0025,0.9975,0.04944767934874782,1884,0.0004335881863929297,3.1627050023069093e-07,9.497254539645614e-05,16,20,False,0.995,0.005,0.66,fixed,100,none,eefd7eeb-488a-4f09-b43a-00ca3ec1ee27
907,114600,19.368074893951416,1.0,1.0,1.0,0.9951079999999999,0.0,0.0,0.0,0.0,0.0,0.0,0.0,0.0,0.0,0.0,0.0,0.0,0.0,0.0,0.0025,0.9975,0.049057480794718625,1885,0.0004338028534681434,3.149988051862547e-07,9.501929439716198e-05,16,20,False,0.995,0.005,0.66,fixed,100,none,eefd7eeb-488a-4f09-b43a-00ca3ec1ee27
908,114700,19.38022494316101,1.0,1.0,1.0,0.9951079999999999,0.0,0.0,0.0,0.0,0.0,0.0,0.0,0.0,0.0,0.0,0.0,0.0,0.0,0.0,0.0025,0.9975,0.049057480794718625,1885,0.0004338028534681434,3.149988051862547e-07,9.501929439716198e-05,16,20,False,0.995,0.005,0.66,fixed,100,none,eefd7eeb-488a-4f09-b43a-00ca3ec1ee27
909,115000,19.39222002029419,1.0,1.0,1.0,0.9951079999999999,0.0,0.0,0.0,0.0,0.0,0.0,0.0,0.0,0.0,0.0,0.0,0.0,0.0,0.0,0.0025,0.9975,0.04944767934874782,1884,0.00043470351061556805,3.166855944712534e-07,9.521676873669739e-05,16,20,False,0.995,0.005,0.66,fixed,100,none,eefd7eeb-488a-4f09-b43a-00ca3ec1ee27
910,115100,19.404278993606567,1.0,1.0,1.0,0.9951079999999999,0.0,0.0,0.0,0.0,0.0,0.0,0.0,0.0,0.0,0.0,0.0,0.0,0.0,0.0,0.0025,0.9975,0.04944767934874782,1884,0.000434718730310128,3.1776953365834515e-07,9.522030627628211e-05,16,20,False,0.995,0.005,0.66,fixed,100,none,eefd7eeb-488a-4f09-b43a-00ca3ec1ee27
911,115200,19.416218280792236,1.0,1.0,1.0,0.9951079999999999,0.0,0.0,0.0,0.0,0.0,0.0,0.0,0.0,0.0,0.0,0.0,0.0,0.0,0.0,0.0025,0.9975,0.049057480794718625,1885,0.00043533018743993596,3.178760667051682e-07,9.535417448327597e-05,16,20,False,0.995,0.005,0.66,fixed,100,none,eefd7eeb-488a-4f09-b43a-00ca3ec1ee27
912,115300,19.427895545959473,1.0,1.0,1.0,0.9951079999999999,0.0,0.0,0.0,0.0,0.0,0.0,0.0,0.0,0.0,0.0,0.0,0.0,0.0,0.0,0.0025,0.9975,0.04944767934874782,1884,0.00043424257787286197,3.1599447011020923e-07,9.511573924569043e-05,16,20,False,0.995,0.005,0.66,fixed,100,none,eefd7eeb-488a-4f09-b43a-00ca3ec1ee27
913,115400,19.43958330154419,1.0,1.0,1.0,0.9951079999999999,0.0,0.0,0.0,0.0,0.0,0.0,0.0,0.0,0.0,0.0,0.0,0.0,0.0,0.0,0.0025,0.9975,0.04944767934874782,1884,0.0004342329411404643,3.1604672466001787e-07,9.511363969333304e-05,16,20,False,0.995,0.005,0.66,fixed,100,none,eefd7eeb-488a-4f09-b43a-00ca3ec1ee27
914,115700,19.451364755630493,1.0,1.0,1.0,0.9951079999999999,0.0,0.0,0.0,0.0,0.0,0.0,0.0,0.0,0.0,0.0,0.0,0.0,0.0,0.0,0.0025,0.9975,0.04944767934874782,1884,0.0004355380663387347,3.17570322235119e-07,9.53996210827737e-05,16,20,False,0.995,0.005,0.66,fixed,100,none,eefd7eeb-488a-4f09-b43a-00ca3ec1ee27
915,115800,19.463043212890625,1.0,1.0,1.0,0.9951079999999999,0.0,0.0,0.0,0.0,0.0,0.0,0.0,0.0,0.0,0.0,0.0,0.0,0.0,0.0,0.0025,0.9975,0.04944767934874782,1884,0.0004357768748830564,3.181715571446783e-07,9.545201050775853e-05,16,20,False,0.995,0.005,0.66,fixed,100,none,eefd7eeb-488a-4f09-b43a-00ca3ec1ee27
916,116000,19.47477698326111,1.0,1.0,1.0,0.9951079999999999,0.0,0.0,0.0,0.0,0.0,0.0,0.0,0.0,0.0,0.0,0.0,0.0,0.0,0.0,0.0025,0.9975,0.049057480794718625,1885,0.0004384089098201406,3.207487679870479e-07,9.602865262554632e-05,16,20,False,0.995,0.005,0.66,fixed,100,none,eefd7eeb-488a-4f09-b43a-00ca3ec1ee27
917,116100,19.4870822429657,1.0,1.0,1.0,0.9951079999999999,0.0,0.0,0.0,0.0,0.0,0.0,0.0,0.0,0.0,0.0,0.0,0.0,0.0,0.0,0.0025,0.9975,0.049057480794718625,1885,0.0004388796065899319,3.2104969746140033e-07,9.613174532505376e-05,16,20,False,0.995,0.005,0.66,fixed,100,none,eefd7eeb-488a-4f09-b43a-00ca3ec1ee27
918,116200,19.499253273010254,1.0,1.0,1.0,0.9951079999999999,0.0,0.0,0.0,0.0,0.0,0.0,0.0,0.0,0.0,0.0,0.0,0.0,0.0,0.0,0.0025,0.9975,0.049057480794718625,1885,0.0004388796065899319,3.2104969746140033e-07,9.613174532505376e-05,16,20,False,0.995,0.005,0.66,fixed,100,none,eefd7eeb-488a-4f09-b43a-00ca3ec1ee27
919,116400,19.51113247871399,1.0,1.0,1.0,0.9951079999999999,0.0,0.0,0.0,0.0,0.0,0.0,0.0,0.0,0.0,0.0,0.0,0.0,0.0,0.0,0.0025,0.9975,0.04866627722187674,1886,0.000441707045096557,3.2420235935101616e-07,9.675127061991303e-05,16,20,False,0.995,0.005,0.66,fixed,100,none,eefd7eeb-488a-4f09-b43a-00ca3ec1ee27
920,116500,19.52288031578064,1.0,1.0,1.0,0.9951079999999999,0.0,0.0,0.0,0.0,0.0,0.0,0.0,0.0,0.0,0.0,0.0,0.0,0.0,0.0,0.0025,0.9975,0.049057480794718625,1885,0.0004415979487726545,3.2396947028955995e-07,9.67273451856891e-05,16,20,False,0.995,0.005,0.66,fixed,100,none,eefd7eeb-488a-4f09-b43a-00ca3ec1ee27
921,116800,19.53478741645813,1.0,1.0,1.0,0.9951079999999999,0.0,0.0,0.0,0.0,0.0,0.0,0.0,0.0,0.0,0.0,0.0,0.0,0.0,0.0,0.0025,0.9975,0.04866627722187673,1886,0.000442729139861976,3.255481831206293e-07,9.697526287057947e-05,16,20,False,0.995,0.005,0.66,fixed,100,none,eefd7eeb-488a-4f09-b43a-00ca3ec1ee27
922,116900,19.54663372039795,1.0,1.0,1.0,0.9951079999999999,0.0,0.0,0.0,0.0,0.0,0.0,0.0,0.0,0.0,0.0,0.0,0.0,0.0,0.0,0.0025,0.9975,0.04866627722187673,1886,0.0004437615422076621,3.265872798581138e-07,9.720145317243028e-05,16,20,False,0.995,0.005,0.66,fixed,100,none,eefd7eeb-488a-4f09-b43a-00ca3ec1ee27
923,117000,19.558393478393555,1.0,1.0,1.0,0.9951079999999999,0.0,0.0,0.0,0.0,0.0,0.0,0.0,0.0,0.0,0.0,0.0,0.0,0.0,0.0,0.0025,0.9975,0.04866627722187673,1886,0.0004429737266754325,3.2603761982029637e-07,9.702889591701803e-05,16,20,False,0.995,0.005,0.66,fixed,100,none,eefd7eeb-488a-4f09-b43a-00ca3ec1ee27
924,117100,19.570059061050415,1.0,1.0,1.0,0.9951079999999999,0.0,0.0,0.0,0.0,0.0,0.0,0.0,0.0,0.0,0.0,0.0,0.0,0.0,0.0,0.0025,0.9975,0.04827406863022217,1887,0.0004426424458669795,3.2582930971687165e-07,9.695633896912802e-05,16,20,False,0.995,0.005,0.66,fixed,100,none,eefd7eeb-488a-4f09-b43a-00ca3ec1ee27
925,117200,19.58178162574768,1.0,1.0,1.0,0.9951079999999999,0.0,0.0,0.0,0.0,0.0,0.0,0.0,0.0,0.0,0.0,0.0,0.0,0.0,0.0,0.0025,0.9975,0.04827406863022217,1887,0.0004436784879789938,3.270878529333915e-07,9.718336771065909e-05,16,20,False,0.995,0.005,0.66,fixed,100,none,eefd7eeb-488a-4f09-b43a-00ca3ec1ee27
926,117500,19.593403816223145,1.0,1.0,1.0,0.9951079999999999,0.0,0.0,0.0,0.0,0.0,0.0,0.0,0.0,0.0,0.0,0.0,0.0,0.0,0.0,0.0025,0.9975,0.04866627722187674,1886,0.0004459395056884048,3.3227382721848183e-07,9.767928982236332e-05,16,20,False,0.995,0.005,0.66,fixed,100,none,eefd7eeb-488a-4f09-b43a-00ca3ec1ee27
927,117600,19.605287313461304,1.0,1.0,1.0,0.9951079999999999,0.0,0.0,0.0,0.0,0.0,0.0,0.0,0.0,0.0,0.0,0.0,0.0,0.0,0.0,0.0025,0.9975,0.049057480794718625,1885,0.00044432147190863437,3.3206156795663095e-07,9.732506189871183e-05,16,20,False,0.995,0.005,0.66,fixed,100,none,eefd7eeb-488a-4f09-b43a-00ca3ec1ee27
928,117800,19.616974353790283,1.0,1.0,1.0,0.9951079999999999,0.0,0.0,0.0,0.0,0.0,0.0,0.0,0.0,0.0,0.0,0.0,0.0,0.0,0.0,0.0025,0.9975,0.049057480794718625,1885,0.00044630571711647924,3.3524521984037697e-07,9.776001806856699e-05,16,20,False,0.995,0.005,0.66,fixed,100,none,eefd7eeb-488a-4f09-b43a-00ca3ec1ee27
929,117900,19.628661394119263,1.0,1.0,1.0,0.9951079999999999,0.0,0.0,0.0,0.0,0.0,0.0,0.0,0.0,0.0,0.0,0.0,0.0,0.0,0.0,0.0025,0.9975,0.049057480794718625,1885,0.00044561275937242005,3.3411882775238137e-07,9.760811560389571e-05,16,20,False,0.995,0.005,0.66,fixed,100,none,eefd7eeb-488a-4f09-b43a-00ca3ec1ee27
930,118000,19.64035964012146,1.0,1.0,1.0,0.9951079999999999,0.0,0.0,0.0,0.0,0.0,0.0,0.0,0.0,0.0,0.0,0.0,0.0,0.0,0.0,0.0025,0.9975,0.049057480794718625,1885,0.0004454683313820011,3.341160377528749e-07,9.757649978669309e-05,16,20,False,0.995,0.005,0.66,fixed,100,none,eefd7eeb-488a-4f09-b43a-00ca3ec1ee27
931,118100,19.65215802192688,1.0,1.0,1.0,0.9951079999999999,0.0,0.0,0.0,0.0,0.0,0.0,0.0,0.0,0.0,0.0,0.0,0.0,0.0,0.0,0.0025,0.9975,0.049057480794718625,1885,0.0004456524235449125,3.3467793209400895e-07,9.761690432107921e-05,16,20,False,0.995,0.005,0.66,fixed,100,none,eefd7eeb-488a-4f09-b43a-00ca3ec1ee27
932,118200,19.6638662815094,1.0,1.0,1.0,0.9951079999999999,0.0,0.0,0.0,0.0,0.0,0.0,0.0,0.0,0.0,0.0,0.0,0.0,0.0,0.0,0.0025,0.9975,0.049057480794718625,1885,0.00044548061597754046,3.355651465805513e-07,9.75794642153339e-05,16,20,False,0.995,0.005,0.66,fixed,100,none,eefd7eeb-488a-4f09-b43a-00ca3ec1ee27
933,118300,19.675628185272217,1.0,1.0,1.0,0.9951079999999999,0.0,0.0,0.0,0.0,0.0,0.0,0.0,0.0,0.0,0.0,0.0,0.0,0.0,0.0,0.0025,0.9975,0.04866627722187674,1886,0.00044551042178497883,3.356775550470379e-07,9.75860100641908e-05,16,20,False,0.995,0.005,0.66,fixed,100,none,eefd7eeb-488a-4f09-b43a-00ca3ec1ee27
934,118600,19.687502145767212,1.0,1.0,1.0,0.9951079999999999,0.0,0.0,0.0,0.0,0.0,0.0,0.0,0.0,0.0,0.0,0.0,0.0,0.0,0.0,0.0025,0.9975,0.049057480794718625,1885,0.00044404738919237406,3.3418413968160283e-07,9.726546848075019e-05,16,20,False,0.995,0.005,0.66,fixed,100,none,eefd7eeb-488a-4f09-b43a-00ca3ec1ee27
935,118700,19.699432849884033,1.0,1.0,1.0,0.9951079999999999,0.0,0.0,0.0,0.0,0.0,0.0,0.0,0.0,0.0,0.0,0.0,0.0,0.0,0.0,0.0025,0.9975,0.049057480794718625,1885,0.0004443185790724859,3.341779398545789e-07,9.732483076753954e-05,16,20,False,0.995,0.005,0.66,fixed,100,none,eefd7eeb-488a-4f09-b43a-00ca3ec1ee27
936,118900,19.711346864700317,1.0,1.0,1.0,0.9951079999999999,0.0,0.0,0.0,0.0,0.0,0.0,0.0,0.0,0.0,0.0,0.0,0.0,0.0,0.0,0.0025,0.9975,0.049057480794718625,1885,0.00044349888570516596,3.3241031681857235e-07,9.714506404105637e-05,16,20,False,0.995,0.005,0.66,fixed,100,none,eefd7eeb-488a-4f09-b43a-00ca3ec1ee27
937,119000,19.72329592704773,1.0,1.0,1.0,0.9951079999999999,0.0,0.0,0.0,0.0,0.0,0.0,0.0,0.0,0.0,0.0,0.0,0.0,0.0,0.0,0.0025,0.9975,0.049057480794718625,1885,0.0004416965794058067,3.312862813366126e-07,9.675032562538505e-05,16,20,False,0.995,0.005,0.66,fixed,100,none,eefd7eeb-488a-4f09-b43a-00ca3ec1ee27
938,119100,19.735252857208252,1.0,1.0,1.0,0.9951079999999999,0.0,0.0,0.0,0.0,0.0,0.0,0.0,0.0,0.0,0.0,0.0,0.0,0.0,0.0,0.0025,0.9975,0.04866627722187673,1886,0.0004412485915146197,3.3046256322295727e-07,9.665210456956263e-05,16,20,False,0.995,0.005,0.66,fixed,100,none,eefd7eeb-488a-4f09-b43a-00ca3ec1ee27
939,119300,19.747267246246338,1.0,1.0,1.0,0.9951079999999999,0.0,0.0,0.0,0.0,0.0,0.0,0.0,0.0,0.0,0.0,0.0,0.0,0.0,0.0,0.0025,0.9975,0.049447679348747824,1884,0.000440237615056377,3.2972480965174044e-07,9.643066164967476e-05,16,20,False,0.995,0.005,0.66,fixed,100,none,eefd7eeb-488a-4f09-b43a-00ca3ec1ee27
940,119400,19.759319305419922,1.0,1.0,1.0,0.9951079999999999,0.0,0.0,0.0,0.0,0.0,0.0,0.0,0.0,0.0,0.0,0.0,0.0,0.0,0.0,0.0025,0.9975,0.049447679348747824,1884,0.0004400616959319383,3.2950508711687155e-07,9.639211120605352e-05,16,20,False,0.995,0.005,0.66,fixed,100,none,eefd7eeb-488a-4f09-b43a-00ca3ec1ee27
941,119600,19.771324157714844,1.0,1.0,1.0,0.9951079999999999,0.0,0.0,0.0,0.0,0.0,0.0,0.0,0.0,0.0,0.0,0.0,0.0,0.0,0.0,0.0025,0.9975,0.049447679348747824,1884,0.0004406220450559378,3.279131173338846e-07,9.651446915503824e-05,16,20,False,0.995,0.005,0.66,fixed,100,none,eefd7eeb-488a-4f09-b43a-00ca3ec1ee27
942,119700,19.783275365829468,1.0,1.0,1.0,0.9951079999999999,0.0,0.0,0.0,0.0,0.0,0.0,0.0,0.0,0.0,0.0,0.0,0.0,0.0,0.0,0.0025,0.9975,0.049057480794718625,1885,0.0004393056514384334,3.2669720925686006e-07,9.622607956963187e-05,16,20,False,0.995,0.005,0.66,fixed,100,none,eefd7eeb-488a-4f09-b43a-00ca3ec1ee27
943,120000,19.795126914978027,1.0,1.0,1.0,0.9951079999999999,0.0,0.0,0.0,0.0,0.0,0.0,0.0,0.0,0.0,0.0,0.0,0.0,0.0,0.0,0.0025,0.9975,0.04866627722187673,1886,0.00043968981486597157,3.2813469944742336e-07,9.63104460670562e-05,16,20,False,0.995,0.005,0.66,fixed,100,none,eefd7eeb-488a-4f09-b43a-00ca3ec1ee27
944,120100,19.80687713623047,1.0,1.0,1.0,0.9951079999999999,0.0,0.0,0.0,0.0,0.0,0.0,0.0,0.0,0.0,0.0,0.0,0.0,0.0,0.0,0.0025,0.9975,0.04866627722187673,1886,0.00044021927520388046,3.2656760558563714e-07,9.642604718719071e-05,16,20,False,0.995,0.005,0.66,fixed,100,none,eefd7eeb-488a-4f09-b43a-00ca3ec1ee27
945,120400,19.81848692893982,1.0,1.0,1.0,0.9951079999999999,0.0,0.0,0.0,0.0,0.0,0.0,0.0,0.0,0.0,0.0,0.0,0.0,0.0,0.0,0.0025,0.9975,0.04866627722187673,1886,0.00044153886692920274,3.2895549214975247e-07,9.671535951431094e-05,16,20,False,0.995,0.005,0.66,fixed,100,none,eefd7eeb-488a-4f09-b43a-00ca3ec1ee27
946,120500,19.830151557922363,1.0,1.0,1.0,0.9951079999999999,0.0,0.0,0.0,0.0,0.0,0.0,0.0,0.0,0.0,0.0,0.0,0.0,0.0,0.0,0.0025,0.9975,0.04866627722187673,1886,0.0004409780423599618,3.287980933682561e-07,9.659256511033561e-05,16,20,False,0.995,0.005,0.66,fixed,100,none,eefd7eeb-488a-4f09-b43a-00ca3ec1ee27
947,120700,19.84191060066223,1.0,1.0,1.0,0.9951079999999999,0.0,0.0,0.0,0.0,0.0,0.0,0.0,0.0,0.0,0.0,0.0,0.0,0.0,0.0,0.0025,0.9975,0.04866627722187673,1886,0.0004390129227209071,3.260651528343692e-07,9.616188116264509e-05,16,20,False,0.995,0.005,0.66,fixed,100,none,eefd7eeb-488a-4f09-b43a-00ca3ec1ee27
948,120800,19.85352659225464,1.0,1.0,1.0,0.9951079999999999,0.0,0.0,0.0,0.0,0.0,0.0,0.0,0.0,0.0,0.0,0.0,0.0,0.0,0.0,0.0025,0.9975,0.04866627722187673,1886,0.00043942478005112753,3.2611739339035405e-07,9.625204665793598e-05,16,20,False,0.995,0.005,0.66,fixed,100,none,eefd7eeb-488a-4f09-b43a-00ca3ec1ee27
949,120900,19.86522650718689,1.0,1.0,1.0,0.9951079999999999,0.0,0.0,0.0,0.0,0.0,0.0,0.0,0.0,0.0,0.0,0.0,0.0,0.0,0.0,0.0025,0.9975,0.04866627722187673,1886,0.00043947166752977135,3.266368552104889e-07,9.626240902475694e-05,16,20,False,0.995,0.005,0.66,fixed,100,none,eefd7eeb-488a-4f09-b43a-00ca3ec1ee27
950,121000,19.87687039375305,1.0,1.0,1.0,0.9951079999999999,0.0,0.0,0.0,0.0,0.0,0.0,0.0,0.0,0.0,0.0,0.0,0.0,0.0,0.0,0.0025,0.9975,0.04866627722187673,1886,0.00043964581547686904,3.259098363158682e-07,9.630039187678666e-05,16,20,False,0.995,0.005,0.66,fixed,100,none,eefd7eeb-488a-4f09-b43a-00ca3ec1ee27
951,121100,19.88858914375305,1.0,1.0,1.0,0.9951079999999999,0.0,0.0,0.0,0.0,0.0,0.0,0.0,0.0,0.0,0.0,0.0,0.0,0.0,0.0,0.0025,0.9975,0.04866627722187673,1886,0.00043842985905142575,3.2501164300827874e-07,9.603404835852868e-05,16,20,False,0.995,0.005,0.66,fixed,100,none,eefd7eeb-488a-4f09-b43a-00ca3ec1ee27
952,121200,19.90043878555298,1.0,1.0,1.0,0.9951079999999999,0.0,0.0,0.0,0.0,0.0,0.0,0.0,0.0,0.0,0.0,0.0,0.0,0.0,0.0,0.0025,0.9975,0.049057480794718625,1885,0.0004393029270930061,3.271862032607111e-07,9.622557611927857e-05,16,20,False,0.995,0.005,0.66,fixed,100,none,eefd7eeb-488a-4f09-b43a-00ca3ec1ee27
953,121400,19.91222047805786,1.0,1.0,1.0,0.9951079999999999,0.0,0.0,0.0,0.0,0.0,0.0,0.0,0.0,0.0,0.0,0.0,0.0,0.0,0.0,0.0025,0.9975,0.04866627722187673,1886,0.00044160746723786483,3.283121181444184e-07,9.673025388081606e-05,16,20,False,0.995,0.005,0.66,fixed,100,none,eefd7eeb-488a-4f09-b43a-00ca3ec1ee27
954,121500,19.924078464508057,1.0,1.0,1.0,0.9951079999999999,0.0,0.0,0.0,0.0,0.0,0.0,0.0,0.0,0.0,0.0,0.0,0.0,0.0,0.0,0.0025,0.9975,0.04866627722187673,1886,0.00044160746723786483,3.283121181444184e-07,9.673025388081606e-05,16,20,False,0.995,0.005,0.66,fixed,100,none,eefd7eeb-488a-4f09-b43a-00ca3ec1ee27
955,121800,19.93575692176819,1.0,1.0,1.0,0.9951079999999999,0.0,0.0,0.0,0.0,0.0,0.0,0.0,0.0,0.0,0.0,0.0,0.0,0.0,0.0,0.0025,0.9975,0.049057480794718625,1885,0.0004437101438497409,3.291699638947217e-07,9.71906927818483e-05,16,20,False,0.995,0.005,0.66,fixed,100,none,eefd7eeb-488a-4f09-b43a-00ca3ec1ee27
956,121900,19.947625637054443,1.0,1.0,1.0,0.9951079999999999,0.0,0.0,0.0,0.0,0.0,0.0,0.0,0.0,0.0,0.0,0.0,0.0,0.0,0.0,0.0025,0.9975,0.049447679348747824,1884,0.00044345531461916166,3.2948544305754134e-07,9.713497060431542e-05,16,20,False,0.995,0.005,0.66,fixed,100,none,eefd7eeb-488a-4f09-b43a-00ca3ec1ee27
957,122000,19.959343194961548,1.0,1.0,1.0,0.9951079999999999,0.0,0.0,0.0,0.0,0.0,0.0,0.0,0.0,0.0,0.0,0.0,0.0,0.0,0.0,0.0025,0.9975,0.049447679348747824,1884,0.00044408816049591753,3.3024186822723016e-07,9.727364428751954e-05,16,20,False,0.995,0.005,0.66,fixed,100,none,eefd7eeb-488a-4f09-b43a-00ca3ec1ee27
958,122200,19.971041679382324,1.0,1.0,1.0,0.9951079999999999,0.0,0.0,0.0,0.0,0.0,0.0,0.0,0.0,0.0,0.0,0.0,0.0,0.0,0.0,0.0025,0.9975,0.049447679348747824,1884,0.00044420343733501304,3.324442541236935e-07,9.729929684091786e-05,16,20,False,0.995,0.005,0.66,fixed,100,none,eefd7eeb-488a-4f09-b43a-00ca3ec1ee27
959,122300,19.982908010482788,1.0,1.0,1.0,0.9951079999999999,0.0,0.0,0.0,0.0,0.0,0.0,0.0,0.0,0.0,0.0,0.0,0.0,0.0,0.0,0.0025,0.9975,0.04866627722187673,1886,0.0004442943256806551,3.3307758930728286e-07,9.731931263346379e-05,16,20,False,0.995,0.005,0.66,fixed,100,none,eefd7eeb-488a-4f09-b43a-00ca3ec1ee27
960,122500,19.995084524154663,1.0,1.0,1.0,0.9951079999999999,0.0,0.0,0.0,0.0,0.0,0.0,0.0,0.0,0.0,0.0,0.0,0.0,0.0,0.0,0.0025,0.9975,0.049057480794718625,1885,0.00044379668780098115,3.3371722715321767e-07,9.721050123279389e-05,16,20,False,0.995,0.005,0.66,fixed,100,none,eefd7eeb-488a-4f09-b43a-00ca3ec1ee27
961,122600,20.007092475891113,1.0,1.0,1.0,0.9951079999999999,0.0,0.0,0.0,0.0,0.0,0.0,0.0,0.0,0.0,0.0,0.0,0.0,0.0,0.0,0.0025,0.9975,0.04866627722187673,1886,0.00044317400467251927,3.337064793520061e-07,9.707419385389135e-05,16,20,False,0.995,0.005,0.66,fixed,100,none,eefd7eeb-488a-4f09-b43a-00ca3ec1ee27
962,122900,20.0191011428833,1.0,1.0,1.0,0.9951079999999999,0.0,0.0,0.0,0.0,0.0,0.0,0.0,0.0,0.0,0.0,0.0,0.0,0.0,0.0,0.0025,0.9975,0.04866627722187673,1886,0.00044403347271793124,3.361242294005657e-07,9.726279078154126e-05,16,20,False,0.995,0.005,0.66,fixed,100,none,eefd7eeb-488a-4f09-b43a-00ca3ec1ee27
963,123000,20.030914783477783,1.0,1.0,1.0,0.9951079999999999,0.0,0.0,0.0,0.0,0.0,0.0,0.0,0.0,0.0,0.0,0.0,0.0,0.0,0.0,0.0025,0.9975,0.048274068630222176,1887,0.0004442938951409009,3.380540247196555e-07,9.732016391103994e-05,16,20,False,0.995,0.005,0.66,fixed,100,none,eefd7eeb-488a-4f09-b43a-00ca3ec1ee27
964,123200,20.04265284538269,1.0,1.0,1.0,0.9951079999999999,0.0,0.0,0.0,0.0,0.0,0.0,0.0,0.0,0.0,0.0,0.0,0.0,0.0,0.0,0.0025,0.9975,0.04866627722187673,1886,0.00044424531877590824,3.3783360018613876e-07,9.730948866408169e-05,16,20,False,0.995,0.005,0.66,fixed,100,none,eefd7eeb-488a-4f09-b43a-00ca3ec1ee27
965,123300,20.05445694923401,1.0,1.0,1.0,0.9951079999999999,0.0,0.0,0.0,0.0,0.0,0.0,0.0,0.0,0.0,0.0,0.0,0.0,0.0,0.0,0.0025,0.9975,0.04866627722187675,1886,0.000443863905490357,3.3725045535409835e-07,9.722588649835643e-05,16,20,False,0.995,0.005,0.66,fixed,100,none,eefd7eeb-488a-4f09-b43a-00ca3ec1ee27
966,123600,20.06633496284485,1.0,1.0,1.0,0.9951079999999999,0.0,0.0,0.0,0.0,0.0,0.0,0.0,0.0,0.0,0.0,0.0,0.0,0.0,0.0,0.0025,0.9975,0.048274068630222176,1887,0.0004447757136146629,3.391947415522101e-07,9.742585071114465e-05,16,20,False,0.995,0.005,0.66,fixed,100,none,eefd7eeb-488a-4f09-b43a-00ca3ec1ee27
967,123700,20.07812523841858,1.0,1.0,1.0,0.9951079999999999,0.0,0.0,0.0,0.0,0.0,0.0,0.0,0.0,0.0,0.0,0.0,0.0,0.0,0.0,0.0025,0.9975,0.048274068630222176,1887,0.0004442230838164849,3.395638513050147e-07,9.73049501791765e-05,16,20,False,0.995,0.005,0.66,fixed,100,none,eefd7eeb-488a-4f09-b43a-00ca3ec1ee27
968,124000,20.089845418930054,1.0,1.0,1.0,0.9951079999999999,0.0,0.0,0.0,0.0,0.0,0.0,0.0,0.0,0.0,0.0,0.0,0.0,0.0,0.0,0.0025,0.9975,0.04866627722187673,1886,0.0004441547162710768,3.400545071335307e-07,9.729007774809408e-05,16,20,False,0.995,0.005,0.66,fixed,100,none,eefd7eeb-488a-4f09-b43a-00ca3ec1ee27
969,124100,20.101836919784546,1.0,1.0,1.0,0.9951079999999999,0.0,0.0,0.0,0.0,0.0,0.0,0.0,0.0,0.0,0.0,0.0,0.0,0.0,0.0,0.0025,0.9975,0.04866627722187673,1886,0.0004441547162710768,3.400545071335307e-07,9.729007774809408e-05,16,20,False,0.995,0.005,0.66,fixed,100,none,eefd7eeb-488a-4f09-b43a-00ca3ec1ee27
970,124300,20.113585710525513,1.0,1.0,1.0,0.9951079999999999,0.0,0.0,0.0,0.0,0.0,0.0,0.0,0.0,0.0,0.0,0.0,0.0,0.0,0.0,0.0025,0.9975,0.048274068630222176,1887,0.00044581146978689917,3.418540239997937e-07,9.76530830009122e-05,16,20,False,0.995,0.005,0.66,fixed,100,none,eefd7eeb-488a-4f09-b43a-00ca3ec1ee27
971,124400,20.125385761260986,1.0,1.0,1.0,0.9951079999999999,0.0,0.0,0.0,0.0,0.0,0.0,0.0,0.0,0.0,0.0,0.0,0.0,0.0,0.0,0.0025,0.9975,0.047880855019754906,1888,0.00044485869889364615,3.405222068476576e-07,9.744426840712019e-05,16,20,False,0.995,0.005,0.66,fixed,100,none,eefd7eeb-488a-4f09-b43a-00ca3ec1ee27
972,124700,20.137221813201904,1.0,1.0,1.0,0.9951079999999999,0.0,0.0,0.0,0.0,0.0,0.0,0.0,0.0,0.0,0.0,0.0,0.0,0.0,0.0,0.0025,0.9975,0.04866627722187673,1886,0.00044569632914795833,3.4009119763964246e-07,9.762754377803962e-05,16,20,False,0.995,0.005,0.66,fixed,100,none,eefd7eeb-488a-4f09-b43a-00ca3ec1ee27
973,124800,20.149017095565796,1.0,1.0,1.0,0.9951079999999999,0.0,0.0,0.0,0.0,0.0,0.0,0.0,0.0,0.0,0.0,0.0,0.0,0.0,0.0,0.0025,0.9975,0.04866627722187673,1886,0.00044513540536575066,3.4017702788744794e-07,9.750477386986144e-05,16,20,False,0.995,0.005,0.66,fixed,100,none,eefd7eeb-488a-4f09-b43a-00ca3ec1ee27
974,125000,20.1607825756073,1.0,1.0,1.0,0.9951079999999999,0.0,0.0,0.0,0.0,0.0,0.0,0.0,0.0,0.0,0.0,0.0,0.0,0.0,0.0,0.0025,0.9975,0.04866627722187673,1886,0.00044523683646963336,3.4100216921171295e-07,9.752713391535297e-05,16,20,False,0.995,0.005,0.66,fixed,100,none,eefd7eeb-488a-4f09-b43a-00ca3ec1ee27
975,125100,20.17261266708374,1.0,1.0,1.0,0.9951079999999999,0.0,0.0,0.0,0.0,0.0,0.0,0.0,0.0,0.0,0.0,0.0,0.0,0.0,0.0,0.0025,0.9975,0.04866627722187673,1886,0.0004455329937766307,3.4153451422299866e-07,9.759206389540684e-05,16,20,False,0.995,0.005,0.66,fixed,100,none,eefd7eeb-488a-4f09-b43a-00ca3ec1ee27
976,125400,20.18448567390442,1.0,1.0,1.0,0.9951079999999999,0.0,0.0,0.0,0.0,0.0,0.0,0.0,0.0,0.0,0.0,0.0,0.0,0.0,0.0,0.0025,0.9975,0.049057480794718625,1885,0.00044442198703344106,3.401162911502709e-07,9.734859505693881e-05,16,20,False,0.995,0.005,0.66,fixed,100,none,eefd7eeb-488a-4f09-b43a-00ca3ec1ee27
977,125500,20.19644546508789,1.0,1.0,1.0,0.9951079999999999,0.0,0.0,0.0,0.0,0.0,0.0,0.0,0.0,0.0,0.0,0.0,0.0,0.0,0.0,0.0025,0.9975,0.04866627722187673,1886,0.00044308670190448547,3.386065493400821e-07,9.705601429126648e-05,16,20,False,0.995,0.005,0.66,fixed,100,none,eefd7eeb-488a-4f09-b43a-00ca3ec1ee27
978,125800,20.20835041999817,1.0,1.0,1.0,0.9951079999999999,0.0,0.0,0.0,0.0,0.0,0.0,0.0,0.0,0.0,0.0,0.0,0.0,0.0,0.0,0.0025,0.9975,0.049057480794718625,1885,0.0004445968235573513,3.3976462181967156e-07,9.738679995484994e-05,16,20,False,0.995,0.005,0.66,fixed,100,none,eefd7eeb-488a-4f09-b43a-00ca3ec1ee27
979,125900,20.220479011535645,1.0,1.0,1.0,0.9951079999999999,0.0,0.0,0.0,0.0,0.0,0.0,0.0,0.0,0.0,0.0,0.0,0.0,0.0,0.0,0.0025,0.9975,0.04866627722187673,1886,0.00044472177736008757,3.4017108475603373e-07,9.741422957022683e-05,16,20,False,0.995,0.005,0.66,fixed,100,none,eefd7eeb-488a-4f09-b43a-00ca3ec1ee27
980,126000,20.232834815979004,1.0,1.0,1.0,0.9951079999999999,0.0,0.0,0.0,0.0,0.0,0.0,0.0,0.0,0.0,0.0,0.0,0.0,0.0,0.0,0.0025,0.9975,0.04866627722187673,1886,0.0004443816111114257,3.4020106572368614e-07,9.733977287477859e-05,16,20,False,0.995,0.005,0.66,fixed,100,none,eefd7eeb-488a-4f09-b43a-00ca3ec1ee27
981,126100,20.24554967880249,1.0,1.0,1.0,0.9951079999999999,0.0,0.0,0.0,0.0,0.0,0.0,0.0,0.0,0.0,0.0,0.0,0.0,0.0,0.0,0.0025,0.9975,0.049057480794718625,1885,0.00044441130779714023,3.3979231985474677e-07,9.73461958175664e-05,16,20,False,0.995,0.005,0.66,fixed,100,none,eefd7eeb-488a-4f09-b43a-00ca3ec1ee27
982,126200,20.25782871246338,1.0,1.0,1.0,0.9951079999999999,0.0,0.0,0.0,0.0,0.0,0.0,0.0,0.0,0.0,0.0,0.0,0.0,0.0,0.0,0.0025,0.9975,0.049057480794718625,1885,0.00044468694301219314,3.4029177756564286e-07,9.740662726310655e-05,16,20,False,0.995,0.005,0.66,fixed,100,none,eefd7eeb-488a-4f09-b43a-00ca3ec1ee27
983,126500,20.269784212112427,1.0,1.0,1.0,0.9951079999999999,0.0,0.0,0.0,0.0,0.0,0.0,0.0,0.0,0.0,0.0,0.0,0.0,0.0,0.0,0.0025,0.9975,0.04866627722187673,1886,0.0004432406158840742,3.402807617412951e-07,9.709002416175469e-05,16,20,False,0.995,0.005,0.66,fixed,100,none,eefd7eeb-488a-4f09-b43a-00ca3ec1ee27
984,126600,20.281808853149414,1.0,1.0,1.0,0.9951079999999999,0.0,0.0,0.0,0.0,0.0,0.0,0.0,0.0,0.0,0.0,0.0,0.0,0.0,0.0,0.0025,0.9975,0.04866627722187673,1886,0.00044281660894416724,3.3927800291474286e-07,9.699701851843202e-05,16,20,False,0.995,0.005,0.66,fixed,100,none,eefd7eeb-488a-4f09-b43a-00ca3ec1ee27
985,126800,20.293798685073853,1.0,1.0,1.0,0.9951079999999999,0.0,0.0,0.0,0.0,0.0,0.0,0.0,0.0,0.0,0.0,0.0,0.0,0.0,0.0,0.0025,0.9975,0.04866627722187673,1886,0.00044421847092403877,3.4246589778970895e-07,9.730449180585214e-05,16,20,False,0.995,0.005,0.66,fixed,100,none,eefd7eeb-488a-4f09-b43a-00ca3ec1ee27
986,126900,20.30576729774475,1.0,1.0,1.0,0.9951079999999999,0.0,0.0,0.0,0.0,0.0,0.0,0.0,0.0,0.0,0.0,0.0,0.0,0.0,0.0,0.0025,0.9975,0.04866627722187673,1886,0.0004425474283275304,3.41539539311565e-07,9.693852457336561e-05,16,20,False,0.995,0.005,0.66,fixed,100,none,eefd7eeb-488a-4f09-b43a-00ca3ec1ee27
987,127000,20.317753076553345,1.0,1.0,1.0,0.9951079999999999,0.0,0.0,0.0,0.0,0.0,0.0,0.0,0.0,0.0,0.0,0.0,0.0,0.0,0.0,0.0025,0.9975,0.04866627722187673,1886,0.00044420032610302025,3.4413248511968196e-07,9.730083655612387e-05,16,20,False,0.995,0.005,0.66,fixed,100,none,eefd7eeb-488a-4f09-b43a-00ca3ec1ee27
988,127100,20.33036208152771,1.0,1.0,1.0,0.9951079999999999,0.0,0.0,0.0,0.0,0.0,0.0,0.0,0.0,0.0,0.0,0.0,0.0,0.0,0.0,0.0025,0.9975,0.04866627722187673,1886,0.00044421947095279953,3.448711404130091e-07,9.730516770824629e-05,16,20,False,0.995,0.005,0.66,fixed,100,none,eefd7eeb-488a-4f09-b43a-00ca3ec1ee27
989,127200,20.34223461151123,1.0,1.0,1.0,0.9951079999999999,0.0,0.0,0.0,0.0,0.0,0.0,0.0,0.0,0.0,0.0,0.0,0.0,0.0,0.0,0.0025,0.9975,0.04866627722187673,1886,0.00044377279665447225,3.448640859668104e-07,9.720738936399767e-05,16,20,False,0.995,0.005,0.66,fixed,100,none,eefd7eeb-488a-4f09-b43a-00ca3ec1ee27
990,127300,20.354295253753662,1.0,1.0,1.0,0.9951079999999999,0.0,0.0,0.0,0.0,0.0,0.0,0.0,0.0,0.0,0.0,0.0,0.0,0.0,0.0,0.0025,0.9975,0.04827406863022217,1887,0.00044351319437866354,3.446504856754796e-07,9.71505218417678e-05,16,20,False,0.995,0.005,0.66,fixed,100,none,eefd7eeb-488a-4f09-b43a-00ca3ec1ee27
991,127600,20.36627984046936,1.0,1.0,1.0,0.9951079999999999,0.0,0.0,0.0,0.0,0.0,0.0,0.0,0.0,0.0,0.0,0.0,0.0,0.0,0.0,0.0025,0.9975,0.04827406863022217,1887,0.00044220149890627434,3.4396302512631557e-07,9.686326108535746e-05,16,20,False,0.995,0.005,0.66,fixed,100,none,eefd7eeb-488a-4f09-b43a-00ca3ec1ee27
992,127700,20.378271341323853,1.0,1.0,1.0,0.9951079999999999,0.0,0.0,0.0,0.0,0.0,0.0,0.0,0.0,0.0,0.0,0.0,0.0,0.0,0.0,0.0025,0.9975,0.04827406863022217,1887,0.00044251429495797176,3.4457045798472497e-07,9.693184755331712e-05,16,20,False,0.995,0.005,0.66,fixed,100,none,eefd7eeb-488a-4f09-b43a-00ca3ec1ee27
993,127900,20.390982389450073,1.0,1.0,1.0,0.9951079999999999,0.0,0.0,0.0,0.0,0.0,0.0,0.0,0.0,0.0,0.0,0.0,0.0,0.0,0.0,0.0025,0.9975,0.04827406863022217,1887,0.0004422259158610806,3.436942629350345e-07,9.68685548919482e-05,16,20,False,0.995,0.005,0.66,fixed,100,none,eefd7eeb-488a-4f09-b43a-00ca3ec1ee27
994,128000,20.403929233551025,1.0,1.0,1.0,0.9951079999999999,0.0,0.0,0.0,0.0,0.0,0.0,0.0,0.0,0.0,0.0,0.0,0.0,0.0,0.0,0.0025,0.9975,0.04827406863022217,1887,0.00044390681850587407,3.4532723681516536e-07,9.723681474593072e-05,16,20,False,0.995,0.005,0.66,fixed,100,none,eefd7eeb-488a-4f09-b43a-00ca3ec1ee27
995,128100,20.41718816757202,1.0,1.0,1.0,0.9951079999999999,0.0,0.0,0.0,0.0,0.0,0.0,0.0,0.0,0.0,0.0,0.0,0.0,0.0,0.0,0.0025,0.9975,0.04866627722187674,1886,0.0004454101149252541,3.475355635084086e-07,9.756630591420473e-05,16,20,False,0.995,0.005,0.66,fixed,100,none,eefd7eeb-488a-4f09-b43a-00ca3ec1ee27
996,128200,20.43088388442993,1.0,1.0,1.0,0.9951079999999999,0.0,0.0,0.0,0.0,0.0,0.0,0.0,0.0,0.0,0.0,0.0,0.0,0.0,0.0,0.0025,0.9975,0.04866627722187674,1886,0.0004454223287874337,3.476405738042366e-07,9.756899948059204e-05,16,20,False,0.995,0.005,0.66,fixed,100,none,eefd7eeb-488a-4f09-b43a-00ca3ec1ee27
997,128300,20.44447088241577,1.0,1.0,1.0,0.9951079999999999,0.0,0.0,0.0,0.0,0.0,0.0,0.0,0.0,0.0,0.0,0.0,0.0,0.0,0.0,0.0025,0.9975,0.04866627722187674,1886,0.0004466158244529121,3.481463672779707e-07,9.783035178252529e-05,16,20,False,0.995,0.005,0.66,fixed,100,none,eefd7eeb-488a-4f09-b43a-00ca3ec1ee27
998,128400,20.457995414733887,1.0,1.0,1.0,0.9951079999999999,0.0,0.0,0.0,0.0,0.0,0.0,0.0,0.0,0.0,0.0,0.0,0.0,0.0,0.0,0.0025,0.9975,0.04866627722187674,1886,0.000448382681934317,3.498112126662393e-07,9.821743320582859e-05,16,20,False,0.995,0.005,0.66,fixed,100,none,eefd7eeb-488a-4f09-b43a-00ca3ec1ee27
999,128600,20.47149085998535,1.0,1.0,1.0,0.9951079999999999,0.0,0.0,0.0,0.0,0.0,0.0,0.0,0.0,0.0,0.0,0.0,0.0,0.0,0.0,0.0025,0.9975,0.04866627722187674,1886,0.00044829372832433796,3.496059857174145e-07,9.81979222674839e-05,16,20,False,0.995,0.005,0.66,fixed,100,none,eefd7eeb-488a-4f09-b43a-00ca3ec1ee27
1000,128700,20.48564314842224,1.0,1.0,1.0,0.9951079999999999,0.0,0.0,0.0,0.0,0.0,0.0,0.0,0.0,0.0,0.0,0.0,0.0,0.0,0.0,0.0025,0.9975,0.049057480794718625,1885,0.00044854689720730533,3.4955836444120714e-07,9.825333188792297e-05,16,20,False,0.995,0.005,0.66,fixed,100,none,eefd7eeb-488a-4f09-b43a-00ca3ec1ee27
1001,129000,20.499883890151978,1.0,1.0,1.0,0.9951079999999999,0.0,0.0,0.0,0.0,0.0,0.0,0.0,0.0,0.0,0.0,0.0,0.0,0.0,0.0,0.0025,0.9975,0.049057480794718625,1885,0.0004483281415381013,3.502600562728332e-07,9.820557959338221e-05,16,20,False,0.995,0.005,0.66,fixed,100,none,eefd7eeb-488a-4f09-b43a-00ca3ec1ee27
1002,129100,20.51412606239319,1.0,1.0,1.0,0.9951079999999999,0.0,0.0,0.0,0.0,0.0,0.0,0.0,0.0,0.0,0.0,0.0,0.0,0.0,0.0,0.0025,0.9975,0.049057480794718625,1885,0.0004479131517859454,3.5000986009095897e-07,9.811469079936072e-05,16,20,False,0.995,0.005,0.66,fixed,100,none,eefd7eeb-488a-4f09-b43a-00ca3ec1ee27
1003,129200,20.52806806564331,1.0,1.0,1.0,0.9951079999999999,0.0,0.0,0.0,0.0,0.0,0.0,0.0,0.0,0.0,0.0,0.0,0.0,0.0,0.0,0.0025,0.9975,0.049057480794718625,1885,0.0004479131517859454,3.5000986009095897e-07,9.811469079936072e-05,16,20,False,0.995,0.005,0.66,fixed,100,none,eefd7eeb-488a-4f09-b43a-00ca3ec1ee27
1004,129400,20.54186248779297,1.0,1.0,1.0,0.9951079999999999,0.0,0.0,0.0,0.0,0.0,0.0,0.0,0.0,0.0,0.0,0.0,0.0,0.0,0.0,0.0025,0.9975,0.049057480794718625,1885,0.0004469353653065611,3.4938194511685935e-07,9.790053403517845e-05,16,20,False,0.995,0.005,0.66,fixed,100,none,eefd7eeb-488a-4f09-b43a-00ca3ec1ee27
1005,129500,20.55538582801819,1.0,1.0,1.0,0.9951079999999999,0.0,0.0,0.0,0.0,0.0,0.0,0.0,0.0,0.0,0.0,0.0,0.0,0.0,0.0,0.0025,0.9975,0.049057480794718625,1885,0.00044753447145008473,3.501775955498407e-07,9.803182954357803e-05,16,20,False,0.995,0.005,0.66,fixed,100,none,eefd7eeb-488a-4f09-b43a-00ca3ec1ee27
1006,129700,20.568906545639038,1.0,1.0,1.0,0.9951079999999999,0.0,0.0,0.0,0.0,0.0,0.0,0.0,0.0,0.0,0.0,0.0,0.0,0.0,0.0,0.0025,0.9975,0.049057480794718625,1885,0.0004469485529475514,3.4947172883006686e-07,9.790343786869672e-05,16,20,False,0.995,0.005,0.66,fixed,100,none,eefd7eeb-488a-4f09-b43a-00ca3ec1ee27
1007,129800,20.582477807998657,1.0,1.0,1.0,0.9951079999999999,0.0,0.0,0.0,0.0,0.0,0.0,0.0,0.0,0.0,0.0,0.0,0.0,0.0,0.0,0.0025,0.9975,0.049057480794718625,1885,0.0004459988174436191,3.4923717027983875e-07,9.76954962007614e-05,16,20,False,0.995,0.005,0.66,fixed,100,none,eefd7eeb-488a-4f09-b43a-00ca3ec1ee27
1008,130100,20.595959663391113,1.0,1.0,1.0,0.9951079999999999,0.0,0.0,0.0,0.0,0.0,0.0,0.0,0.0,0.0,0.0,0.0,0.0,0.0,0.0,0.0025,0.9975,0.049057480794718625,1885,0.00044908394624489035,3.516466562751657e-07,9.837128869769879e-05,16,20,False,0.995,0.005,0.66,fixed,100,none,eefd7eeb-488a-4f09-b43a-00ca3ec1ee27
1009,130200,20.609254360198975,1.0,1.0,1.0,0.9951079999999999,0.0,0.0,0.0,0.0,0.0,0.0,0.0,0.0,0.0,0.0,0.0,0.0,0.0,0.0,0.0025,0.9975,0.049057480794718625,1885,0.0004483118570112146,3.514033047569659e-07,9.820223212765871e-05,16,20,False,0.995,0.005,0.66,fixed,100,none,eefd7eeb-488a-4f09-b43a-00ca3ec1ee27
1010,130300,20.622515201568604,1.0,1.0,1.0,0.9951079999999999,0.0,0.0,0.0,0.0,0.0,0.0,0.0,0.0,0.0,0.0,0.0,0.0,0.0,0.0,0.0025,0.9975,0.049057480794718625,1885,0.00044864456175803933,3.518644388935335e-07,9.827514881222458e-05,16,20,False,0.995,0.005,0.66,fixed,100,none,eefd7eeb-488a-4f09-b43a-00ca3ec1ee27
1011,130500,20.63604164123535,1.0,1.0,1.0,0.9951079999999999,0.0,0.0,0.0,0.0,0.0,0.0,0.0,0.0,0.0,0.0,0.0,0.0,0.0,0.0,0.0025,0.9975,0.049057480794718625,1885,0.00045226943294900547,3.552921577322065e-07,9.906928438250642e-05,16,20,False,0.995,0.005,0.66,fixed,100,none,eefd7eeb-488a-4f09-b43a-00ca3ec1ee27
1012,130600,20.649378538131714,1.0,1.0,1.0,0.9951079999999999,0.0,0.0,0.0,0.0,0.0,0.0,0.0,0.0,0.0,0.0,0.0,0.0,0.0,0.0,0.0025,0.9975,0.049057480794718625,1885,0.00045252472609124875,3.5498636565530617e-07,9.912510995084886e-05,16,20,False,0.995,0.005,0.66,fixed,100,none,eefd7eeb-488a-4f09-b43a-00ca3ec1ee27
1013,130800,20.66260075569153,1.0,1.0,1.0,0.9951079999999999,0.0,0.0,0.0,0.0,0.0,0.0,0.0,0.0,0.0,0.0,0.0,0.0,0.0,0.0,0.0025,0.9975,0.049057480794718625,1885,0.00045356309202487934,3.5643757263161454e-07,9.93526839830461e-05,16,20,False,0.995,0.005,0.66,fixed,100,none,eefd7eeb-488a-4f09-b43a-00ca3ec1ee27
1014,130900,20.67550301551819,1.0,1.0,1.0,0.9951079999999999,0.0,0.0,0.0,0.0,0.0,0.0,0.0,0.0,0.0,0.0,0.0,0.0,0.0,0.0,0.0025,0.9975,0.049057480794718625,1885,0.00045462716960748077,3.573129193397769e-07,9.95857768817521e-05,16,20,False,0.995,0.005,0.66,fixed,100,none,eefd7eeb-488a-4f09-b43a-00ca3ec1ee27
1015,131200,20.688669443130493,1.0,1.0,1.0,0.9951079999999999,0.0,0.0,0.0,0.0,0.0,0.0,0.0,0.0,0.0,0.0,0.0,0.0,0.0,0.0,0.0025,0.9975,0.04866627722187673,1886,0.00045486815420265584,3.568770556690133e-07,9.963844559553848e-05,16,20,False,0.995,0.005,0.66,fixed,100,none,eefd7eeb-488a-4f09-b43a-00ca3ec1ee27
1016,131300,20.70145010948181,1.0,1.0,1.0,0.9951079999999999,0.0,0.0,0.0,0.0,0.0,0.0,0.0,0.0,0.0,0.0,0.0,0.0,0.0,0.0,0.0025,0.9975,0.049057480794718625,1885,0.0004555840267266468,3.5745490657057523e-07,9.97952598827114e-05,16,20,False,0.995,0.005,0.66,fixed,100,none,eefd7eeb-488a-4f09-b43a-00ca3ec1ee27
1017,131400,20.71441674232483,1.0,1.0,1.0,0.9951079999999999,0.0,0.0,0.0,0.0,0.0,0.0,0.0,0.0,0.0,0.0,0.0,0.0,0.0,0.0,0.0025,0.9975,0.04866627722187675,1886,0.00045618051196563806,3.589539196820723e-07,9.992611531401777e-05,16,20,False,0.995,0.005,0.66,fixed,100,none,eefd7eeb-488a-4f09-b43a-00ca3ec1ee27
1018,131500,20.727800607681274,1.0,1.0,1.0,0.9951079999999999,0.0,0.0,0.0,0.0,0.0,0.0,0.0,0.0,0.0,0.0,0.0,0.0,0.0,0.0,0.0025,0.9975,0.04866627722187675,1886,0.00045660392099509636,3.5935028191220537e-07,0.00010001887485938992,16,20,False,0.995,0.005,0.66,fixed,100,none,eefd7eeb-488a-4f09-b43a-00ca3ec1ee27
1019,131600,20.741119623184204,1.0,1.0,1.0,0.9951079999999999,0.0,0.0,0.0,0.0,0.0,0.0,0.0,0.0,0.0,0.0,0.0,0.0,0.0,0.0,0.0025,0.9975,0.04866627722187675,1886,0.00045844462724410937,3.602288164559256e-07,0.00010042197237886218,16,20,False,0.995,0.005,0.66,fixed,100,none,eefd7eeb-488a-4f09-b43a-00ca3ec1ee27
1020,131900,20.7540020942688,1.0,1.0,1.0,0.9951079999999999,0.0,0.0,0.0,0.0,0.0,0.0,0.0,0.0,0.0,0.0,0.0,0.0,0.0,0.0,0.0025,0.9975,0.04866627722187675,1886,0.0004581819003551455,3.587765491954674e-07,0.0001003641855320885,16,20,False,0.995,0.005,0.66,fixed,100,none,eefd7eeb-488a-4f09-b43a-00ca3ec1ee27
1021,132000,20.766964435577393,1.0,1.0,1.0,0.9951079999999999,0.0,0.0,0.0,0.0,0.0,0.0,0.0,0.0,0.0,0.0,0.0,0.0,0.0,0.0,0.0025,0.9975,0.04866627722187673,1886,0.0004589043895885765,3.603080211641833e-07,0.0001005226294049606,16,20,False,0.995,0.005,0.66,fixed,100,none,eefd7eeb-488a-4f09-b43a-00ca3ec1ee27
1022,132300,20.780003309249878,1.0,1.0,1.0,0.9951079999999999,0.0,0.0,0.0,0.0,0.0,0.0,0.0,0.0,0.0,0.0,0.0,0.0,0.0,0.0,0.0025,0.9975,0.04866627722187673,1886,0.00045817215836948513,3.5977336463674344e-07,0.00010036224240636127,16,20,False,0.995,0.005,0.66,fixed,100,none,eefd7eeb-488a-4f09-b43a-00ca3ec1ee27
1023,132400,20.792479515075684,1.0,1.0,1.0,0.9951079999999999,0.0,0.0,0.0,0.0,0.0,0.0,0.0,0.0,0.0,0.0,0.0,0.0,0.0,0.0,0.0025,0.9975,0.04866627722187673,1886,0.00045812050448119647,3.604331730089346e-07,0.00010035106073380561,16,20,False,0.995,0.005,0.66,fixed,100,none,eefd7eeb-488a-4f09-b43a-00ca3ec1ee27
1024,132500,20.8048677444458,1.0,1.0,1.0,0.9951079999999999,0.0,0.0,0.0,0.0,0.0,0.0,0.0,0.0,0.0,0.0,0.0,0.0,0.0,0.0,0.0025,0.9975,0.04866627722187673,1886,0.0004582613625211536,3.6000778631107324e-07,0.00010038181373527964,16,20,False,0.995,0.005,0.66,fixed,100,none,eefd7eeb-488a-4f09-b43a-00ca3ec1ee27
1025,132600,20.817235946655273,1.0,1.0,1.0,0.9951079999999999,0.0,0.0,0.0,0.0,0.0,0.0,0.0,0.0,0.0,0.0,0.0,0.0,0.0,0.0,0.0025,0.9975,0.04866627722187673,1886,0.00045817146796606575,3.6028012226336225e-07,0.00010036218756100183,16,20,False,0.995,0.005,0.66,fixed,100,none,eefd7eeb-488a-4f09-b43a-00ca3ec1ee27
1026,132700,20.829290866851807,1.0,1.0,1.0,0.9951079999999999,0.0,0.0,0.0,0.0,0.0,0.0,0.0,0.0,0.0,0.0,0.0,0.0,0.0,0.0,0.0025,0.9975,0.04866627722187673,1886,0.00045817146796606575,3.6028012226336225e-07,0.00010036218756100183,16,20,False,0.995,0.005,0.66,fixed,100,none,eefd7eeb-488a-4f09-b43a-00ca3ec1ee27
1027,133000,20.84163737297058,1.0,1.0,1.0,0.9951079999999999,0.0,0.0,0.0,0.0,0.0,0.0,0.0,0.0,0.0,0.0,0.0,0.0,0.0,0.0,0.0025,0.9975,0.04866627722187673,1886,0.0004590405912272076,3.6126807135265036e-07,0.00010055262635319275,16,20,False,0.995,0.005,0.66,fixed,100,none,eefd7eeb-488a-4f09-b43a-00ca3ec1ee27
1028,133100,20.854039430618286,1.0,1.0,1.0,0.9951079999999999,0.0,0.0,0.0,0.0,0.0,0.0,0.0,0.0,0.0,0.0,0.0,0.0,0.0,0.0,0.0025,0.9975,0.049057480794718625,1885,0.0004599483007678421,3.618506797664505e-07,0.00010075143466723627,16,20,False,0.995,0.005,0.66,fixed,100,none,eefd7eeb-488a-4f09-b43a-00ca3ec1ee27
1029,133300,20.86800456047058,1.0,1.0,1.0,0.9951079999999999,0.0,0.0,0.0,0.0,0.0,0.0,0.0,0.0,0.0,0.0,0.0,0.0,0.0,0.0,0.0025,0.9975,0.04866627722187673,1886,0.00046050180658011963,3.6216902192812583e-07,0.00010087265757455455,16,20,False,0.995,0.005,0.66,fixed,100,none,eefd7eeb-488a-4f09-b43a-00ca3ec1ee27
1030,133400,20.880487203598022,1.0,1.0,1.0,0.9951079999999999,0.0,0.0,0.0,0.0,0.0,0.0,0.0,0.0,0.0,0.0,0.0,0.0,0.0,0.0,0.0025,0.9975,0.04866627722187673,1886,0.000460950028916141,3.6275766137079395e-07,0.00010097088528540372,16,20,False,0.995,0.005,0.66,fixed,100,none,eefd7eeb-488a-4f09-b43a-00ca3ec1ee27
1031,133500,20.892796993255615,1.0,1.0,1.0,0.9951079999999999,0.0,0.0,0.0,0.0,0.0,0.0,0.0,0.0,0.0,0.0,0.0,0.0,0.0,0.0,0.0025,0.9975,0.04866627722187673,1886,0.0004601555834297896,3.624052118962926e-07,0.00010079691420304123,16,20,False,0.995,0.005,0.66,fixed,100,none,eefd7eeb-488a-4f09-b43a-00ca3ec1ee27
1032,133600,20.904866218566895,1.0,1.0,1.0,0.9951079999999999,0.0,0.0,0.0,0.0,0.0,0.0,0.0,0.0,0.0,0.0,0.0,0.0,0.0,0.0,0.0025,0.9975,0.04866627722187673,1886,0.00046054383073342454,3.6283026238763915e-07,0.00010088198229740029,16,20,False,0.995,0.005,0.66,fixed,100,none,eefd7eeb-488a-4f09-b43a-00ca3ec1ee27
1033,133700,20.91700506210327,1.0,1.0,1.0,0.9951079999999999,0.0,0.0,0.0,0.0,0.0,0.0,0.0,0.0,0.0,0.0,0.0,0.0,0.0,0.0,0.0025,0.9975,0.04866627722187673,1886,0.0004604594810984008,3.631310263353458e-07,0.00010086357530744365,16,20,False,0.995,0.005,0.66,fixed,100,none,eefd7eeb-488a-4f09-b43a-00ca3ec1ee27
1034,133800,20.929112195968628,1.0,1.0,1.0,0.9951079999999999,0.0,0.0,0.0,0.0,0.0,0.0,0.0,0.0,0.0,0.0,0.0,0.0,0.0,0.0,0.0025,0.9975,0.04866627722187673,1886,0.00046039897076588016,3.6355507703774034e-07,0.00010085041016528834,16,20,False,0.995,0.005,0.66,fixed,100,none,eefd7eeb-488a-4f09-b43a-00ca3ec1ee27
1035,134100,20.941267013549805,1.0,1.0,1.0,0.9951079999999999,0.0,0.0,0.0,0.0,0.0,0.0,0.0,0.0,0.0,0.0,0.0,0.0,0.0,0.0,0.0025,0.9975,0.04866627722187673,1886,0.0004604298271526963,3.635483860964856e-07,0.00010085716335708356,16,20,False,0.995,0.005,0.66,fixed,100,none,eefd7eeb-488a-4f09-b43a-00ca3ec1ee27
1036,134200,20.95375657081604,1.0,1.0,1.0,0.9951079999999999,0.0,0.0,0.0,0.0,0.0,0.0,0.0,0.0,0.0,0.0,0.0,0.0,0.0,0.0,0.0025,0.9975,0.04866627722187673,1886,0.00046175785847331964,3.6370949830317675e-07,0.00010114790002448728,16,20,False,0.995,0.005,0.66,fixed,100,none,eefd7eeb-488a-4f09-b43a-00ca3ec1ee27
1037,134400,20.966082334518433,1.0,1.0,1.0,0.9951079999999999,0.0,0.0,0.0,0.0,0.0,0.0,0.0,0.0,0.0,0.0,0.0,0.0,0.0,0.0,0.0025,0.9975,0.049057480794718625,1885,0.0004632888823190977,3.666632073728821e-07,0.00010148360234905132,16,20,False,0.995,0.005,0.66,fixed,100,none,eefd7eeb-488a-4f09-b43a-00ca3ec1ee27
1038,134500,20.978421688079834,1.0,1.0,1.0,0.9951079999999999,0.0,0.0,0.0,0.0,0.0,0.0,0.0,0.0,0.0,0.0,0.0,0.0,0.0,0.0,0.0025,0.9975,0.04866627722187673,1886,0.0004634267898794314,3.6686713325143927e-07,0.00010151382905992531,16,20,False,0.995,0.005,0.66,fixed,100,none,eefd7eeb-488a-4f09-b43a-00ca3ec1ee27
1039,134600,20.99076557159424,1.0,1.0,1.0,0.9951079999999999,0.0,0.0,0.0,0.0,0.0,0.0,0.0,0.0,0.0,0.0,0.0,0.0,0.0,0.0,0.0025,0.9975,0.04866627722187673,1886,0.00046519261197837977,3.6934773019055354e-07,0.00010190083883080353,16,20,False,0.995,0.005,0.66,fixed,100,none,eefd7eeb-488a-4f09-b43a-00ca3ec1ee27
1040,134700,21.003304719924927,1.0,1.0,1.0,0.9951079999999999,0.0,0.0,0.0,0.0,0.0,0.0,0.0,0.0,0.0,0.0,0.0,0.0,0.0,0.0,0.0025,0.9975,0.04866627722187673,1886,0.00046622024561488617,3.708081063605653e-07,0.0001021260653053071,16,20,False,0.995,0.005,0.66,fixed,100,none,eefd7eeb-488a-4f09-b43a-00ca3ec1ee27
1041,134800,21.01565670967102,1.0,1.0,1.0,0.9951079999999999,0.0,0.0,0.0,0.0,0.0,0.0,0.0,0.0,0.0,0.0,0.0,0.0,0.0,0.0,0.0025,0.9975,0.04866627722187673,1886,0.00046807405541564496,3.727682642459671e-07,0.00010253223670069142,16,20,False,0.995,0.005,0.66,fixed,100,none,eefd7eeb-488a-4f09-b43a-00ca3ec1ee27
1042,134900,21.027909994125366,1.0,1.0,1.0,0.9951079999999999,0.0,0.0,0.0,0.0,0.0,0.0,0.0,0.0,0.0,0.0,0.0,0.0,0.0,0.0,0.0025,0.9975,0.04866627722187673,1886,0.0004676215973093506,3.7280904565498627e-07,0.00010243320136969131,16,20,False,0.995,0.005,0.66,fixed,100,none,eefd7eeb-488a-4f09-b43a-00ca3ec1ee27
1043,135100,21.040263175964355,1.0,1.0,1.0,0.9951079999999999,0.0,0.0,0.0,0.0,0.0,0.0,0.0,0.0,0.0,0.0,0.0,0.0,0.0,0.0,0.0025,0.9975,0.04866627722187673,1886,0.00046840030299408886,3.736359854202723e-07,0.0001026038171626359,16,20,False,0.995,0.005,0.66,fixed,100,none,eefd7eeb-488a-4f09-b43a-00ca3ec1ee27
1044,135200,21.052523374557495,1.0,1.0,1.0,0.9951079999999999,0.0,0.0,0.0,0.0,0.0,0.0,0.0,0.0,0.0,0.0,0.0,0.0,0.0,0.0,0.0025,0.9975,0.04866627722187673,1886,0.00046942602896847687,3.7518258111475914e-07,0.0001028286424316114,16,20,False,0.995,0.005,0.66,fixed,100,none,eefd7eeb-488a-4f09-b43a-00ca3ec1ee27
1045,135500,21.06462597846985,1.0,1.0,1.0,0.9951079999999999,0.0,0.0,0.0,0.0,0.0,0.0,0.0,0.0,0.0,0.0,0.0,0.0,0.0,0.0,0.0025,0.9975,0.04866627722187673,1886,0.0004693583242424217,3.756905101415221e-07,0.00010281391837359301,16,20,False,0.995,0.005,0.66,fixed,100,none,eefd7eeb-488a-4f09-b43a-00ca3ec1ee27
1046,135600,21.077004432678223,1.0,1.0,1.0,0.9951079999999999,0.0,0.0,0.0,0.0,0.0,0.0,0.0,0.0,0.0,0.0,0.0,0.0,0.0,0.0,0.0025,0.9975,0.04866627722187673,1886,0.0004698043811022666,3.7590755242013167e-07,0.00010291160145824599,16,20,False,0.995,0.005,0.66,fixed,100,none,eefd7eeb-488a-4f09-b43a-00ca3ec1ee27
1047,135700,21.089403867721558,1.0,1.0,1.0,0.9951079999999999,0.0,0.0,0.0,0.0,0.0,0.0,0.0,0.0,0.0,0.0,0.0,0.0,0.0,0.0,0.0025,0.9975,0.04866627722187673,1886,0.00047038435711804967,3.7794530889987996e-07,0.00010303894538183206,16,20,False,0.995,0.005,0.66,fixed,100,none,eefd7eeb-488a-4f09-b43a-00ca3ec1ee27
1048,135800,21.10184621810913,1.0,1.0,1.0,0.9951079999999999,0.0,0.0,0.0,0.0,0.0,0.0,0.0,0.0,0.0,0.0,0.0,0.0,0.0,0.0,0.0025,0.9975,0.04866627722187673,1886,0.0004717720565797772,3.8095770751617403e-07,0.0001033432851497413,16,20,False,0.995,0.005,0.66,fixed,100,none,eefd7eeb-488a-4f09-b43a-00ca3ec1ee27
1049,135900,21.11423349380493,1.0,1.0,1.0,0.9951079999999999,0.0,0.0,0.0,0.0,0.0,0.0,0.0,0.0,0.0,0.0,0.0,0.0,0.0,0.0,0.0025,0.9975,0.04866627722187673,1886,0.000471218691497204,3.8145988909176156e-07,0.0001032222489476654,16,20,False,0.995,0.005,0.66,fixed,100,none,eefd7eeb-488a-4f09-b43a-00ca3ec1ee27
1050,136000,21.126628160476685,1.0,1.0,1.0,0.9951079999999999,0.0,0.0,0.0,0.0,0.0,0.0,0.0,0.0,0.0,0.0,0.0,0.0,0.0,0.0,0.0025,0.9975,0.04866627722187673,1886,0.00047059214816567177,3.812909507575974e-07,0.00010308506651410951,16,20,False,0.995,0.005,0.66,fixed,100,none,eefd7eeb-488a-4f09-b43a-00ca3ec1ee27
1051,136200,21.13909125328064,1.0,1.0,1.0,0.9951079999999999,0.0,0.0,0.0,0.0,0.0,0.0,0.0,0.0,0.0,0.0,0.0,0.0,0.0,0.0,0.0025,0.9975,0.04866627722187673,1886,0.000470790569433338,3.8130229987756397e-07,0.00010312850308593442,16,20,False,0.995,0.005,0.66,fixed,100,none,eefd7eeb-488a-4f09-b43a-00ca3ec1ee27
1052,136300,21.15156102180481,1.0,1.0,1.0,0.9951079999999999,0.0,0.0,0.0,0.0,0.0,0.0,0.0,0.0,0.0,0.0,0.0,0.0,0.0,0.0,0.0025,0.9975,0.04866627722187673,1886,0.00047100824704622096,3.8184435639766964e-07,0.00010317625570613333,16,20,False,0.995,0.005,0.66,fixed,100,none,eefd7eeb-488a-4f09-b43a-00ca3ec1ee27
1053,136600,21.163954496383667,1.0,1.0,1.0,0.9951079999999999,0.0,0.0,0.0,0.0,0.0,0.0,0.0,0.0,0.0,0.0,0.0,0.0,0.0,0.0,0.0025,0.9975,0.04866627722187673,1886,0.0004708488206100344,3.828251429622919e-07,0.00010314154360869938,16,20,False,0.995,0.005,0.66,fixed,100,none,eefd7eeb-488a-4f09-b43a-00ca3ec1ee27
1054,136700,21.176438570022583,1.0,1.0,1.0,0.9951079999999999,0.0,0.0,0.0,0.0,0.0,0.0,0.0,0.0,0.0,0.0,0.0,0.0,0.0,0.0,0.0025,0.9975,0.04866627722187673,1886,0.00047073075327005873,3.8315168484532025e-07,0.00010311576071093648,16,20,False,0.995,0.005,0.66,fixed,100,none,eefd7eeb-488a-4f09-b43a-00ca3ec1ee27
1055,136800,21.188807010650635,1.0,1.0,1.0,0.9951079999999999,0.0,0.0,0.0,0.0,0.0,0.0,0.0,0.0,0.0,0.0,0.0,0.0,0.0,0.0,0.0025,0.9975,0.04866627722187673,1886,0.00047107806732740455,3.8324809784909846e-07,0.00010319180607656019,16,20,False,0.995,0.005,0.66,fixed,100,none,eefd7eeb-488a-4f09-b43a-00ca3ec1ee27
1056,136900,21.20113182067871,1.0,1.0,1.0,0.9951079999999999,0.0,0.0,0.0,0.0,0.0,0.0,0.0,0.0,0.0,0.0,0.0,0.0,0.0,0.0,0.0025,0.9975,0.04866627722187673,1886,0.0004716488823944838,3.8400835935991127e-07,0.0001033169019444309,16,20,False,0.995,0.005,0.66,fixed,100,none,eefd7eeb-488a-4f09-b43a-00ca3ec1ee27
1057,137000,21.213627099990845,1.0,1.0,1.0,0.9951079999999999,0.0,0.0,0.0,0.0,0.0,0.0,0.0,0.0,0.0,0.0,0.0,0.0,0.0,0.0,0.0025,0.9975,0.04866627722187673,1886,0.00047269196392348803,3.849132529419315e-07,0.0001035454044209105,16,20,False,0.995,0.005,0.66,fixed,100,none,eefd7eeb-488a-4f09-b43a-00ca3ec1ee27
1058,137300,21.22640037536621,1.0,1.0,1.0,0.9951079999999999,0.0,0.0,0.0,0.0,0.0,0.0,0.0,0.0,0.0,0.0,0.0,0.0,0.0,0.0,0.0025,0.9975,0.04788085501975489,1888,0.00047407443584238486,3.840916932521201e-07,0.00010384787142761595,16,20,False,0.995,0.005,0.66,fixed,100,none,eefd7eeb-488a-4f09-b43a-00ca3ec1ee27
1059,137400,21.239532470703125,1.0,1.0,1.0,0.9951079999999999,0.0,0.0,0.0,0.0,0.0,0.0,0.0,0.0,0.0,0.0,0.0,0.0,0.0,0.0,0.0025,0.9975,0.04788085501975489,1888,0.00047343687567020593,3.8355012097290186e-07,0.00010370820660719293,16,20,False,0.995,0.005,0.66,fixed,100,none,eefd7eeb-488a-4f09-b43a-00ca3ec1ee27
1060,137700,21.25252103805542,1.0,1.0,1.0,0.9951079999999999,0.0,0.0,0.0,0.0,0.0,0.0,0.0,0.0,0.0,0.0,0.0,0.0,0.0,0.0,0.0025,0.9975,0.04788085501975489,1888,0.00047296786921131027,3.8319283620216077e-07,0.00010360547320923423,16,20,False,0.995,0.005,0.66,fixed,100,none,eefd7eeb-488a-4f09-b43a-00ca3ec1ee27
1061,137800,21.26560354232788,1.0,1.0,1.0,0.9951079999999999,0.0,0.0,0.0,0.0,0.0,0.0,0.0,0.0,0.0,0.0,0.0,0.0,0.0,0.0,0.0025,0.9975,0.047486636390474915,1889,0.00047330224544575486,3.8343553626882576e-07,0.00010367871427996683,16,20,False,0.995,0.005,0.66,fixed,100,none,eefd7eeb-488a-4f09-b43a-00ca3ec1ee27
1062,137900,21.278515100479126,1.0,1.0,1.0,0.9951079999999999,0.0,0.0,0.0,0.0,0.0,0.0,0.0,0.0,0.0,0.0,0.0,0.0,0.0,0.0,0.0025,0.9975,0.04788085501975489,1888,0.0004738177785268205,3.843413876372618e-07,0.0001037917365831721,16,20,False,0.995,0.005,0.66,fixed,100,none,eefd7eeb-488a-4f09-b43a-00ca3ec1ee27
1063,138000,21.291449308395386,1.0,1.0,1.0,0.9951079999999999,0.0,0.0,0.0,0.0,0.0,0.0,0.0,0.0,0.0,0.0,0.0,0.0,0.0,0.0,0.0025,0.9975,0.04788085501975489,1888,0.0004729781457417498,3.8227994951163154e-07,0.00010360754929327624,16,20,False,0.995,0.005,0.66,fixed,100,none,eefd7eeb-488a-4f09-b43a-00ca3ec1ee27
1064,138100,21.30443835258484,1.0,1.0,1.0,0.9951079999999999,0.0,0.0,0.0,0.0,0.0,0.0,0.0,0.0,0.0,0.0,0.0,0.0,0.0,0.0,0.0025,0.9975,0.04788085501975489,1888,0.0004718270822442239,3.8121323559795517e-07,0.00010335537881802423,16,20,False,0.995,0.005,0.66,fixed,100,none,eefd7eeb-488a-4f09-b43a-00ca3ec1ee27
1065,138400,21.3168785572052,1.0,1.0,1.0,0.9951079999999999,0.0,0.0,0.0,0.0,0.0,0.0,0.0,0.0,0.0,0.0,0.0,0.0,0.0,0.0,0.0025,0.9975,0.048274068630222176,1887,0.0004711404015355216,3.8152344690864903e-07,0.00010320512335103833,16,20,False,0.995,0.005,0.66,fixed,100,none,eefd7eeb-488a-4f09-b43a-00ca3ec1ee27
1066,138500,21.32935905456543,1.0,1.0,1.0,0.9951079999999999,0.0,0.0,0.0,0.0,0.0,0.0,0.0,0.0,0.0,0.0,0.0,0.0,0.0,0.0,0.0025,0.9975,0.04788085501975489,1888,0.00047127802816255144,3.8240337524513906e-07,0.00010323541700607909,16,20,False,0.995,0.005,0.66,fixed,100,none,eefd7eeb-488a-4f09-b43a-00ca3ec1ee27
1067,138700,21.34173274040222,1.0,1.0,1.0,0.9951079999999999,0.0,0.0,0.0,0.0,0.0,0.0,0.0,0.0,0.0,0.0,0.0,0.0,0.0,0.0,0.0025,0.9975,0.04788085501975489,1888,0.00047169594411317214,3.831685556364054e-07,0.0001033270441919443,16,20,False,0.995,0.005,0.66,fixed,100,none,eefd7eeb-488a-4f09-b43a-00ca3ec1ee27
1068,138800,21.354147911071777,1.0,1.0,1.0,0.9951079999999999,0.0,0.0,0.0,0.0,0.0,0.0,0.0,0.0,0.0,0.0,0.0,0.0,0.0,0.0,0.0025,0.9975,0.047486636390474915,1889,0.00047217509919530727,3.829615552329573e-07,0.00010343189190934703,16,20,False,0.995,0.005,0.66,fixed,100,none,eefd7eeb-488a-4f09-b43a-00ca3ec1ee27
1069,139000,21.366629362106323,1.0,1.0,1.0,0.9951079999999999,0.0,0.0,0.0,0.0,0.0,0.0,0.0,0.0,0.0,0.0,0.0,0.0,0.0,0.0,0.0025,0.9975,0.047486636390474915,1889,0.0004730609412193878,3.8178925452874166e-07,0.00010362557999128445,16,20,False,0.995,0.005,0.66,fixed,100,none,eefd7eeb-488a-4f09-b43a-00ca3ec1ee27
1070,139100,21.378970861434937,1.0,1.0,1.0,0.9951079999999999,0.0,0.0,0.0,0.0,0.0,0.0,0.0,0.0,0.0,0.0,0.0,0.0,0.0,0.0,0.0025,0.9975,0.04788085501975489,1888,0.000473178641843096,3.8208416152278164e-07,0.00010365140069014305,16,20,False,0.995,0.005,0.66,fixed,100,none,eefd7eeb-488a-4f09-b43a-00ca3ec1ee27
1071,139200,21.39138412475586,1.0,1.0,1.0,0.9951079999999999,0.0,0.0,0.0,0.0,0.0,0.0,0.0,0.0,0.0,0.0,0.0,0.0,0.0,0.0,0.0025,0.9975,0.04788085501975489,1888,0.0004726761536927506,3.8189979624612e-07,0.00010354137100462987,16,20,False,0.995,0.005,0.66,fixed,100,none,eefd7eeb-488a-4f09-b43a-00ca3ec1ee27
1072,139500,21.403850078582764,1.0,1.0,1.0,0.9951079999999999,0.0,0.0,0.0,0.0,0.0,0.0,0.0,0.0,0.0,0.0,0.0,0.0,0.0,0.0,0.0025,0.9975,0.04866627722187673,1886,0.00047491387897117773,3.8594368345409383e-07,0.00010403197740664708,16,20,False,0.995,0.005,0.66,fixed,100,none,eefd7eeb-488a-4f09-b43a-00ca3ec1ee27
1073,139600,21.41677975654602,1.0,1.0,1.0,0.9951079999999999,0.0,0.0,0.0,0.0,0.0,0.0,0.0,0.0,0.0,0.0,0.0,0.0,0.0,0.0,0.0025,0.9975,0.048274068630222176,1887,0.00047482710914875133,3.857757199301298e-07,0.0001040129515794484,16,20,False,0.995,0.005,0.66,fixed,100,none,eefd7eeb-488a-4f09-b43a-00ca3ec1ee27
1074,139800,21.428990364074707,1.0,1.0,1.0,0.9951079999999999,0.0,0.0,0.0,0.0,0.0,0.0,0.0,0.0,0.0,0.0,0.0,0.0,0.0,0.0,0.0025,0.9975,0.048274068630222176,1887,0.0004768652619333973,3.8752272905640156e-07,0.0001044594351557414,16,20,False,0.995,0.005,0.66,fixed,100,none,eefd7eeb-488a-4f09-b43a-00ca3ec1ee27
1075,139900,21.441120147705078,1.0,1.0,1.0,0.9951079999999999,0.0,0.0,0.0,0.0,0.0,0.0,0.0,0.0,0.0,0.0,0.0,0.0,0.0,0.0,0.0025,0.9975,0.048274068630222176,1887,0.00047616174777012957,3.86994457356422e-07,0.00010430533553377908,16,20,False,0.995,0.005,0.66,fixed,100,none,eefd7eeb-488a-4f09-b43a-00ca3ec1ee27
1076,140200,21.45373821258545,1.0,1.0,1.0,0.9951079999999999,0.0,0.0,0.0,0.0,0.0,0.0,0.0,0.0,0.0,0.0,0.0,0.0,0.0,0.0,0.0025,0.9975,0.047486636390474915,1889,0.00047761991791694957,3.8775906130994165e-07,0.00010462467425366915,16,20,False,0.995,0.005,0.66,fixed,100,none,eefd7eeb-488a-4f09-b43a-00ca3ec1ee27
1077,140300,21.466087818145752,1.0,1.0,1.0,0.9951079999999999,0.0,0.0,0.0,0.0,0.0,0.0,0.0,0.0,0.0,0.0,0.0,0.0,0.0,0.0,0.0025,0.9975,0.047486636390474915,1889,0.00047553379375364754,3.863173775483107e-07,0.00010416774775440764,16,20,False,0.995,0.005,0.66,fixed,100,none,eefd7eeb-488a-4f09-b43a-00ca3ec1ee27
1078,140500,21.478421211242676,1.0,1.0,1.0,0.9951079999999999,0.0,0.0,0.0,0.0,0.0,0.0,0.0,0.0,0.0,0.0,0.0,0.0,0.0,0.0,0.0025,0.9975,0.04788085501975489,1888,0.0004763735847645378,3.8752558555208745e-07,0.00010435180756621222,16,20,False,0.995,0.005,0.66,fixed,100,none,eefd7eeb-488a-4f09-b43a-00ca3ec1ee27
1079,140600,21.490689516067505,1.0,1.0,1.0,0.9951079999999999,0.0,0.0,0.0,0.0,0.0,0.0,0.0,0.0,0.0,0.0,0.0,0.0,0.0,0.0,0.0025,0.9975,0.047486636390474915,1889,0.00047668850108144117,3.8811103687782095e-07,0.00010442085398373427,16,20,False,0.995,0.005,0.66,fixed,100,none,eefd7eeb-488a-4f09-b43a-00ca3ec1ee27
1080,140900,21.50314235687256,1.0,1.0,1.0,0.9951079999999999,0.0,0.0,0.0,0.0,0.0,0.0,0.0,0.0,0.0,0.0,0.0,0.0,0.0,0.0,0.0025,0.9975,0.047486636390474915,1889,0.0004774586531201319,3.8933559177710785e-07,0.00010458967293043453,16,20,False,0.995,0.005,0.66,fixed,100,none,eefd7eeb-488a-4f09-b43a-00ca3ec1ee27
1081,141000,21.515618085861206,1.0,1.0,1.0,0.9951079999999999,0.0,0.0,0.0,0.0,0.0,0.0,0.0,0.0,0.0,0.0,0.0,0.0,0.0,0.0,0.0025,0.9975,0.047486636390474915,1889,0.0004778834732580754,3.8985863303020344e-07,0.00010468276543646844,16,20,False,0.995,0.005,0.66,fixed,100,none,eefd7eeb-488a-4f09-b43a-00ca3ec1ee27
1082,141300,21.527974367141724,1.0,1.0,1.0,0.9951079999999999,0.0,0.0,0.0,0.0,0.0,0.0,0.0,0.0,0.0,0.0,0.0,0.0,0.0,0.0,0.0025,0.9975,0.047486636390474915,1889,0.000477527744767463,3.898239497109103e-07,0.00010460488988004272,16,20,False,0.995,0.005,0.66,fixed,100,none,eefd7eeb-488a-4f09-b43a-00ca3ec1ee27
1083,141400,21.54033875465393,1.0,1.0,1.0,0.9951079999999999,0.0,0.0,0.0,0.0,0.0,0.0,0.0,0.0,0.0,0.0,0.0,0.0,0.0,0.0,0.0025,0.9975,0.04788085501975489,1888,0.0004774620508169795,3.893782777040134e-07,0.00010459042479660056,16,20,False,0.995,0.005,0.66,fixed,100,none,eefd7eeb-488a-4f09-b43a-00ca3ec1ee27
1084,141600,21.552575826644897,1.0,1.0,1.0,0.9951079999999999,0.0,0.0,0.0,0.0,0.0,0.0,0.0,0.0,0.0,0.0,0.0,0.0,0.0,0.0,0.0025,0.9975,0.04788085501975489,1888,0.00047951895118749694,3.9141210610258485e-07,0.00010504106671510259,16,20,False,0.995,0.005,0.66,fixed,100,none,eefd7eeb-488a-4f09-b43a-00ca3ec1ee27
1085,141700,21.56490445137024,1.0,1.0,1.0,0.9951079999999999,0.0,0.0,0.0,0.0,0.0,0.0,0.0,0.0,0.0,0.0,0.0,0.0,0.0,0.0,0.0025,0.9975,0.04788085501975489,1888,0.0004791502370922074,3.917501454999328e-07,0.00010496041942712919,16,20,False,0.995,0.005,0.66,fixed,100,none,eefd7eeb-488a-4f09-b43a-00ca3ec1ee27
1086,142000,21.577474117279053,1.0,1.0,1.0,0.9951079999999999,0.0,0.0,0.0,0.0,0.0,0.0,0.0,0.0,0.0,0.0,0.0,0.0,0.0,0.0,0.0025,0.9975,0.0478808550197549,1888,0.00048192893967603665,3.937813491872925e-07,0.00010556906335143001,16,20,False,0.995,0.005,0.66,fixed,100,none,eefd7eeb-488a-4f09-b43a-00ca3ec1ee27
1087,142100,21.589759349822998,1.0,1.0,1.0,0.9951079999999999,0.0,0.0,0.0,0.0,0.0,0.0,0.0,0.0,0.0,0.0,0.0,0.0,0.0,0.0,0.0025,0.9975,0.0478808550197549,1888,0.0004819844863911794,3.9328972479563356e-07,0.00010558112911874035,16,20,False,0.995,0.005,0.66,fixed,100,none,eefd7eeb-488a-4f09-b43a-00ca3ec1ee27
1088,142300,21.602256774902344,1.0,1.0,1.0,0.9951079999999999,0.0,0.0,0.0,0.0,0.0,0.0,0.0,0.0,0.0,0.0,0.0,0.0,0.0,0.0,0.0025,0.9975,0.0478808550197549,1888,0.00048380289299530235,3.9652576787154525e-07,0.00010597979317256728,16,20,False,0.995,0.005,0.66,fixed,100,none,eefd7eeb-488a-4f09-b43a-00ca3ec1ee27
1089,142400,21.614745140075684,1.0,1.0,1.0,0.9951079999999999,0.0,0.0,0.0,0.0,0.0,0.0,0.0,0.0,0.0,0.0,0.0,0.0,0.0,0.0,0.0025,0.9975,0.0478808550197549,1888,0.00048413529584808823,3.966444963153217e-07,0.00010605257871544642,16,20,False,0.995,0.005,0.66,fixed,100,none,eefd7eeb-488a-4f09-b43a-00ca3ec1ee27
1090,142500,21.627078533172607,1.0,1.0,1.0,0.9951079999999999,0.0,0.0,0.0,0.0,0.0,0.0,0.0,0.0,0.0,0.0,0.0,0.0,0.0,0.0,0.0025,0.9975,0.0478808550197549,1888,0.00048434216947026813,3.971955018254862e-07,0.00010609796804238854,16,20,False,0.995,0.005,0.66,fixed,100,none,eefd7eeb-488a-4f09-b43a-00ca3ec1ee27
1091,142600,21.63942575454712,1.0,1.0,1.0,0.9951079999999999,0.0,0.0,0.0,0.0,0.0,0.0,0.0,0.0,0.0,0.0,0.0,0.0,0.0,0.0,0.0025,0.9975,0.0478808550197549,1888,0.0004847700707990364,3.9804076477892695e-07,0.00010619179624321706,16,20,False,0.995,0.005,0.66,fixed,100,none,eefd7eeb-488a-4f09-b43a-00ca3ec1ee27
1092,142700,21.651840686798096,1.0,1.0,1.0,0.9951079999999999,0.0,0.0,0.0,0.0,0.0,0.0,0.0,0.0,0.0,0.0,0.0,0.0,0.0,0.0,0.0025,0.9975,0.04788085501975489,1888,0.0004843059682966701,3.988102051247434e-07,0.00010609035039911479,16,20,False,0.995,0.005,0.66,fixed,100,none,eefd7eeb-488a-4f09-b43a-00ca3ec1ee27
1093,142800,21.664133071899414,1.0,1.0,1.0,0.9951079999999999,0.0,0.0,0.0,0.0,0.0,0.0,0.0,0.0,0.0,0.0,0.0,0.0,0.0,0.0,0.0025,0.9975,0.04788085501975489,1888,0.00048452762518685417,3.996493685310447e-07,0.00010613903053342328,16,20,False,0.995,0.005,0.66,fixed,100,none,eefd7eeb-488a-4f09-b43a-00ca3ec1ee27
1094,143100,21.676552534103394,1.0,1.0,1.0,0.9951079999999999,0.0,0.0,0.0,0.0,0.0,0.0,0.0,0.0,0.0,0.0,0.0,0.0,0.0,0.0,0.0025,0.9975,0.04788085501975489,1888,0.00048718742650769,4.0386894142380663e-07,0.00010672206276140386,16,20,False,0.995,0.005,0.66,fixed,100,none,eefd7eeb-488a-4f09-b43a-00ca3ec1ee27
1095,143200,21.688918352127075,1.0,1.0,1.0,0.9951079999999999,0.0,0.0,0.0,0.0,0.0,0.0,0.0,0.0,0.0,0.0,0.0,0.0,0.0,0.0,0.0025,0.9975,0.04788085501975489,1888,0.0004880861564103268,4.0491267586863886e-07,0.00010691899304663559,16,20,False,0.995,0.005,0.66,fixed,100,none,eefd7eeb-488a-4f09-b43a-00ca3ec1ee27
1096,143400,21.70133924484253,1.0,1.0,1.0,0.9951079999999999,0.0,0.0,0.0,0.0,0.0,0.0,0.0,0.0,0.0,0.0,0.0,0.0,0.0,0.0,0.0025,0.9975,0.04788085501975489,1888,0.0004880420823709001,4.053103248231297e-07,0.00010690942079270643,16,20,False,0.995,0.005,0.66,fixed,100,none,eefd7eeb-488a-4f09-b43a-00ca3ec1ee27
1097,143500,21.714101791381836,1.0,1.0,1.0,0.9951079999999999,0.0,0.0,0.0,0.0,0.0,0.0,0.0,0.0,0.0,0.0,0.0,0.0,0.0,0.0,0.0025,0.9975,0.0478808550197549,1888,0.0004912162980268101,4.077143637976766e-07,0.00010760471336719029,16,20,False,0.995,0.005,0.66,fixed,100,none,eefd7eeb-488a-4f09-b43a-00ca3ec1ee27
1098,143700,21.72653889656067,1.0,1.0,1.0,0.9951079999999999,0.0,0.0,0.0,0.0,0.0,0.0,0.0,0.0,0.0,0.0,0.0,0.0,0.0,0.0,0.0025,0.9975,0.0478808550197549,1888,0.0004913526111481873,4.0855555143339707e-07,0.00010763471213511056,16,20,False,0.995,0.005,0.66,fixed,100,none,eefd7eeb-488a-4f09-b43a-00ca3ec1ee27
1099,143800,21.73904299736023,1.0,1.0,1.0,0.9951079999999999,0.0,0.0,0.0,0.0,0.0,0.0,0.0,0.0,0.0,0.0,0.0,0.0,0.0,0.0,0.0025,0.9975,0.0478808550197549,1888,0.0004913256045129384,4.090521216120827e-07,0.00010762889473098852,16,20,False,0.995,0.005,0.66,fixed,100,none,eefd7eeb-488a-4f09-b43a-00ca3ec1ee27
1100,143900,21.751434326171875,1.0,1.0,1.0,0.9951079999999999,0.0,0.0,0.0,0.0,0.0,0.0,0.0,0.0,0.0,0.0,0.0,0.0,0.0,0.0,0.0025,0.9975,0.0478808550197549,1888,0.0004906130496348183,4.0826595908494215e-07,0.00010747276709728786,16,20,False,0.995,0.005,0.66,fixed,100,none,eefd7eeb-488a-4f09-b43a-00ca3ec1ee27
1101,144100,21.76376509666443,1.0,1.0,1.0,0.9951079999999999,0.0,0.0,0.0,0.0,0.0,0.0,0.0,0.0,0.0,0.0,0.0,0.0,0.0,0.0,0.0025,0.9975,0.0478808550197549,1888,0.0004921750126911038,4.084418558512316e-07,0.00010781471423069436,16,20,False,0.995,0.005,0.66,fixed,100,none,eefd7eeb-488a-4f09-b43a-00ca3ec1ee27
1102,144200,21.776196241378784,1.0,1.0,1.0,0.9951079999999999,0.0,0.0,0.0,0.0,0.0,0.0,0.0,0.0,0.0,0.0,0.0,0.0,0.0,0.0,0.0025,0.9975,0.0478808550197549,1888,0.0004921750126911038,4.084418558512316e-07,0.00010781471423069436,16,20,False,0.995,0.005,0.66,fixed,100,none,eefd7eeb-488a-4f09-b43a-00ca3ec1ee27
1103,144500,21.788386821746826,1.0,1.0,1.0,0.9951079999999999,0.0,0.0,0.0,0.0,0.0,0.0,0.0,0.0,0.0,0.0,0.0,0.0,0.0,0.0,0.0025,0.9975,0.0478808550197549,1888,0.0004936782344033668,4.092201906086768e-07,0.00010814391734711264,16,20,False,0.995,0.005,0.66,fixed,100,none,eefd7eeb-488a-4f09-b43a-00ca3ec1ee27
1104,144600,21.800681114196777,1.0,1.0,1.0,0.9951079999999999,0.0,0.0,0.0,0.0,0.0,0.0,0.0,0.0,0.0,0.0,0.0,0.0,0.0,0.0,0.0025,0.9975,0.0478808550197549,1888,0.000492676892682523,4.0728775474446493e-07,0.00010792435648160573,16,20,False,0.995,0.005,0.66,fixed,100,none,eefd7eeb-488a-4f09-b43a-00ca3ec1ee27
1105,144900,21.812941312789917,1.0,1.0,1.0,0.9951079999999999,0.0,0.0,0.0,0.0,0.0,0.0,0.0,0.0,0.0,0.0,0.0,0.0,0.0,0.0,0.0025,0.9975,0.0478808550197549,1888,0.0004926679219662832,4.0763905327774027e-07,0.00010792245953854216,16,20,False,0.995,0.005,0.66,fixed,100,none,eefd7eeb-488a-4f09-b43a-00ca3ec1ee27
1106,145000,21.825249910354614,1.0,1.0,1.0,0.9951079999999999,0.0,0.0,0.0,0.0,0.0,0.0,0.0,0.0,0.0,0.0,0.0,0.0,0.0,0.0,0.0025,0.9975,0.0478808550197549,1888,0.0004930814326143652,4.0908809545608223e-07,0.0001080132523374212,16,20,False,0.995,0.005,0.66,fixed,100,none,eefd7eeb-488a-4f09-b43a-00ca3ec1ee27
1107,145200,21.83760666847229,1.0,1.0,1.0,0.9951079999999999,0.0,0.0,0.0,0.0,0.0,0.0,0.0,0.0,0.0,0.0,0.0,0.0,0.0,0.0,0.0025,0.9975,0.0478808550197549,1888,0.0004931439930781573,4.101872146171342e-07,0.00010802715565558589,16,20,False,0.995,0.005,0.66,fixed,100,none,eefd7eeb-488a-4f09-b43a-00ca3ec1ee27
1108,145300,21.849974155426025,1.0,1.0,1.0,0.9951079999999999,0.0,0.0,0.0,0.0,0.0,0.0,0.0,0.0,0.0,0.0,0.0,0.0,0.0,0.0,0.0025,0.9975,0.0478808550197549,1888,0.0004932377268356468,4.1067191318889413e-07,0.00010804776606782898,16,20,False,0.995,0.005,0.66,fixed,100,none,eefd7eeb-488a-4f09-b43a-00ca3ec1ee27
1109,145600,21.86229634284973,1.0,1.0,1.0,0.9951079999999999,0.0,0.0,0.0,0.0,0.0,0.0,0.0,0.0,0.0,0.0,0.0,0.0,0.0,0.0,0.0025,0.9975,0.04827406863022217,1887,0.0004939287200037535,4.124526763979531e-07,0.00010819936281733725,16,20,False,0.995,0.005,0.66,fixed,100,none,eefd7eeb-488a-4f09-b43a-00ca3ec1ee27
1110,145700,21.874684810638428,1.0,1.0,1.0,0.9951079999999999,0.0,0.0,0.0,0.0,0.0,0.0,0.0,0.0,0.0,0.0,0.0,0.0,0.0,0.0,0.0025,0.9975,0.04827406863022217,1887,0.0004937410919353837,4.121519869496817e-07,0.00010815823390217594,16,20,False,0.995,0.005,0.66,fixed,100,none,eefd7eeb-488a-4f09-b43a-00ca3ec1ee27
1111,145900,21.886995315551758,1.0,1.0,1.0,0.9951079999999999,0.0,0.0,0.0,0.0,0.0,0.0,0.0,0.0,0.0,0.0,0.0,0.0,0.0,0.0,0.0025,0.9975,0.04827406863022217,1887,0.0004939524005834603,4.134252187958016e-07,0.00010820473127929066,16,20,False,0.995,0.005,0.66,fixed,100,none,eefd7eeb-488a-4f09-b43a-00ca3ec1ee27
1112,146000,21.899536609649658,1.0,1.0,1.0,0.9951079999999999,0.0,0.0,0.0,0.0,0.0,0.0,0.0,0.0,0.0,0.0,0.0,0.0,0.0,0.0,0.0025,0.9975,0.04827406863022218,1887,0.000493539938363358,4.1322190064405145e-07,0.00010811440466886145,16,20,False,0.995,0.005,0.66,fixed,100,none,eefd7eeb-488a-4f09-b43a-00ca3ec1ee27
1113,146100,21.912059783935547,1.0,1.0,1.0,0.9951079999999999,0.0,0.0,0.0,0.0,0.0,0.0,0.0,0.0,0.0,0.0,0.0,0.0,0.0,0.0,0.0025,0.9975,0.047880855019754906,1888,0.0004949049719895987,4.161341547462147e-07,0.00010841376385792494,16,20,False,0.995,0.005,0.66,fixed,100,none,eefd7eeb-488a-4f09-b43a-00ca3ec1ee27
1114,146200,21.92452311515808,1.0,1.0,1.0,0.9951079999999999,0.0,0.0,0.0,0.0,0.0,0.0,0.0,0.0,0.0,0.0,0.0,0.0,0.0,0.0,0.0025,0.9975,0.047880855019754906,1888,0.0004949049719895987,4.161341547462147e-07,0.00010841376385792494,16,20,False,0.995,0.005,0.66,fixed,100,none,eefd7eeb-488a-4f09-b43a-00ca3ec1ee27
1115,146300,21.93697190284729,1.0,1.0,1.0,0.9951079999999999,0.0,0.0,0.0,0.0,0.0,0.0,0.0,0.0,0.0,0.0,0.0,0.0,0.0,0.0,0.0025,0.9975,0.047880855019754906,1888,0.0004956220106300994,4.1731892784132787e-07,0.00010857094872321861,16,20,False,0.995,0.005,0.66,fixed,100,none,eefd7eeb-488a-4f09-b43a-00ca3ec1ee27
1116,146400,21.949755430221558,1.0,1.0,1.0,0.9951079999999999,0.0,0.0,0.0,0.0,0.0,0.0,0.0,0.0,0.0,0.0,0.0,0.0,0.0,0.0,0.0025,0.9975,0.047880855019754906,1888,0.0004951672474788011,4.17023350485914e-07,0.0001084713449097019,16,20,False,0.995,0.005,0.66,fixed,100,none,eefd7eeb-488a-4f09-b43a-00ca3ec1ee27
1117,146700,21.962348461151123,1.0,1.0,1.0,0.9951079999999999,0.0,0.0,0.0,0.0,0.0,0.0,0.0,0.0,0.0,0.0,0.0,0.0,0.0,0.0,0.0025,0.9975,0.04788085501975489,1888,0.0004969342043858357,4.2159748439976297e-07,0.0001088590008620954,16,20,False,0.995,0.005,0.66,fixed,100,none,eefd7eeb-488a-4f09-b43a-00ca3ec1ee27
1118,146800,21.97458577156067,1.0,1.0,1.0,0.9951079999999999,0.0,0.0,0.0,0.0,0.0,0.0,0.0,0.0,0.0,0.0,0.0,0.0,0.0,0.0,0.0025,0.9975,0.04788085501975489,1888,0.0004974048130974083,4.235823087071194e-07,0.00010896239422567704,16,20,False,0.995,0.005,0.66,fixed,100,none,eefd7eeb-488a-4f09-b43a-00ca3ec1ee27
1119,147000,21.98690366744995,1.0,1.0,1.0,0.9951079999999999,0.0,0.0,0.0,0.0,0.0,0.0,0.0,0.0,0.0,0.0,0.0,0.0,0.0,0.0,0.0025,0.9975,0.04827406863022218,1887,0.0004973049925845677,4.248487636474137e-07,0.00010894078414185487,16,20,False,0.995,0.005,0.66,fixed,100,none,eefd7eeb-488a-4f09-b43a-00ca3ec1ee27
1120,147100,21.999255418777466,1.0,1.0,1.0,0.9951079999999999,0.0,0.0,0.0,0.0,0.0,0.0,0.0,0.0,0.0,0.0,0.0,0.0,0.0,0.0,0.0025,0.9975,0.04827406863022218,1887,0.0004973049925845677,4.248487636474137e-07,0.00010894078414185487,16,20,False,0.995,0.005,0.66,fixed,100,none,eefd7eeb-488a-4f09-b43a-00ca3ec1ee27
1121,147300,22.011757612228394,1.0,1.0,1.0,0.9951079999999999,0.0,0.0,0.0,0.0,0.0,0.0,0.0,0.0,0.0,0.0,0.0,0.0,0.0,0.0,0.0025,0.9975,0.04866627722187673,1886,0.0004976740288762286,4.253108739112009e-07,0.00010902165398704957,16,20,False,0.995,0.005,0.66,fixed,100,none,eefd7eeb-488a-4f09-b43a-00ca3ec1ee27
1122,147400,22.024699687957764,1.0,1.0,1.0,0.9951079999999999,0.0,0.0,0.0,0.0,0.0,0.0,0.0,0.0,0.0,0.0,0.0,0.0,0.0,0.0,0.0025,0.9975,0.04827406863022218,1887,0.000497568704912453,4.249100050562286e-07,0.00010899852240629665,16,20,False,0.995,0.005,0.66,fixed,100,none,eefd7eeb-488a-4f09-b43a-00ca3ec1ee27
1123,147500,22.037232398986816,1.0,1.0,1.0,0.9951079999999999,0.0,0.0,0.0,0.0,0.0,0.0,0.0,0.0,0.0,0.0,0.0,0.0,0.0,0.0,0.0025,0.9975,0.04866627722187673,1886,0.0004982524294501311,4.262603970444607e-07,0.00010914844628207215,16,20,False,0.995,0.005,0.66,fixed,100,none,eefd7eeb-488a-4f09-b43a-00ca3ec1ee27
1124,147700,22.049601316452026,1.0,1.0,1.0,0.9951079999999999,0.0,0.0,0.0,0.0,0.0,0.0,0.0,0.0,0.0,0.0,0.0,0.0,0.0,0.0,0.0025,0.9975,0.04866627722187673,1886,0.0004976730136429,4.2551279973136694e-07,0.00010902147011837977,16,20,False,0.995,0.005,0.66,fixed,100,none,eefd7eeb-488a-4f09-b43a-00ca3ec1ee27
1125,147800,22.061851739883423,1.0,1.0,1.0,0.9951079999999999,0.0,0.0,0.0,0.0,0.0,0.0,0.0,0.0,0.0,0.0,0.0,0.0,0.0,0.0,0.0025,0.9975,0.04866627722187673,1886,0.0005017979407750522,4.299867242307493e-07,0.00010992526671326276,16,20,False,0.995,0.005,0.66,fixed,100,none,eefd7eeb-488a-4f09-b43a-00ca3ec1ee27
1126,148100,22.07376766204834,1.0,1.0,1.0,0.9951079999999999,0.0,0.0,0.0,0.0,0.0,0.0,0.0,0.0,0.0,0.0,0.0,0.0,0.0,0.0,0.0025,0.9975,0.04866627722187673,1886,0.000501635748899964,4.2946240012823465e-07,0.00010988966329022649,16,20,False,0.995,0.005,0.66,fixed,100,none,eefd7eeb-488a-4f09-b43a-00ca3ec1ee27
1127,148200,22.085524320602417,1.0,1.0,1.0,0.9951079999999999,0.0,0.0,0.0,0.0,0.0,0.0,0.0,0.0,0.0,0.0,0.0,0.0,0.0,0.0,0.0025,0.9975,0.04827406863022217,1887,0.0005022681006779886,4.3142867017312743e-07,0.0001100284586857446,16,20,False,0.995,0.005,0.66,fixed,100,none,eefd7eeb-488a-4f09-b43a-00ca3ec1ee27
1128,148500,22.09743309020996,1.0,1.0,1.0,0.9951079999999999,0.0,0.0,0.0,0.0,0.0,0.0,0.0,0.0,0.0,0.0,0.0,0.0,0.0,0.0,0.0025,0.9975,0.04827406863022217,1887,0.0005009285395429609,4.3023885478081307e-07,0.00010973500268836249,16,20,False,0.995,0.005,0.66,fixed,100,none,eefd7eeb-488a-4f09-b43a-00ca3ec1ee27
1129,148600,22.109387159347534,1.0,1.0,1.0,0.9951079999999999,0.0,0.0,0.0,0.0,0.0,0.0,0.0,0.0,0.0,0.0,0.0,0.0,0.0,0.0,0.0025,0.9975,0.048274068630222176,1887,0.0005003192445109937,4.2973317373283114e-07,0.00010960153192646577,16,20,False,0.995,0.005,0.66,fixed,100,none,eefd7eeb-488a-4f09-b43a-00ca3ec1ee27
1130,148800,22.12115240097046,1.0,1.0,1.0,0.9951079999999999,0.0,0.0,0.0,0.0,0.0,0.0,0.0,0.0,0.0,0.0,0.0,0.0,0.0,0.0,0.0025,0.9975,0.04866627722187674,1886,0.0005006790378887424,4.306034731333469e-07,0.00010968045605374104,16,20,False,0.995,0.005,0.66,fixed,100,none,eefd7eeb-488a-4f09-b43a-00ca3ec1ee27
1131,148900,22.13353395462036,1.0,1.0,1.0,0.9951079999999999,0.0,0.0,0.0,0.0,0.0,0.0,0.0,0.0,0.0,0.0,0.0,0.0,0.0,0.0,0.0025,0.9975,0.04866627722187674,1886,0.000499892675390995,4.312177194640045e-07,0.00010950843800978698,16,20,False,0.995,0.005,0.66,fixed,100,none,eefd7eeb-488a-4f09-b43a-00ca3ec1ee27
1132,149200,22.145507335662842,1.0,1.0,1.0,0.9951079999999999,0.0,0.0,0.0,0.0,0.0,0.0,0.0,0.0,0.0,0.0,0.0,0.0,0.0,0.0,0.0025,0.9975,0.04866627722187674,1886,0.0005029081961811405,4.3574345600031404e-07,0.00011016939540069172,16,20,False,0.995,0.005,0.66,fixed,100,none,eefd7eeb-488a-4f09-b43a-00ca3ec1ee27
1133,149300,22.157554388046265,1.0,1.0,1.0,0.9951079999999999,0.0,0.0,0.0,0.0,0.0,0.0,0.0,0.0,0.0,0.0,0.0,0.0,0.0,0.0,0.0025,0.9975,0.04866627722187674,1886,0.0005030320036870543,4.35703754975527e-07,0.00011019648932054154,16,20,False,0.995,0.005,0.66,fixed,100,none,eefd7eeb-488a-4f09-b43a-00ca3ec1ee27
1134,149500,22.16936445236206,1.0,1.0,1.0,0.9951079999999999,0.0,0.0,0.0,0.0,0.0,0.0,0.0,0.0,0.0,0.0,0.0,0.0,0.0,0.0,0.0025,0.9975,0.04866627722187674,1886,0.0005020281093708692,4.3462895534823805e-07,0.00010997653264279945,16,20,False,0.995,0.005,0.66,fixed,100,none,eefd7eeb-488a-4f09-b43a-00ca3ec1ee27
1135,149600,22.181615352630615,1.0,1.0,1.0,0.9951079999999999,0.0,0.0,0.0,0.0,0.0,0.0,0.0,0.0,0.0,0.0,0.0,0.0,0.0,0.0,0.0025,0.9975,0.04866627722187674,1886,0.0005017868779890056,4.349987284639703e-07,0.00010992379735020149,16,20,False,0.995,0.005,0.66,fixed,100,none,eefd7eeb-488a-4f09-b43a-00ca3ec1ee27
1136,149700,22.193546056747437,1.0,1.0,1.0,0.9951079999999999,0.0,0.0,0.0,0.0,0.0,0.0,0.0,0.0,0.0,0.0,0.0,0.0,0.0,0.0,0.0025,0.9975,0.04866627722187674,1886,0.0005033818066642643,4.383858650076637e-07,0.0001102735707931589,16,20,False,0.995,0.005,0.66,fixed,100,none,eefd7eeb-488a-4f09-b43a-00ca3ec1ee27
1137,149800,22.205512046813965,1.0,1.0,1.0,0.9951079999999999,0.0,0.0,0.0,0.0,0.0,0.0,0.0,0.0,0.0,0.0,0.0,0.0,0.0,0.0,0.0025,0.9975,0.04866627722187674,1886,0.0005033818066642643,4.383858650076637e-07,0.0001102735707931589,16,20,False,0.995,0.005,0.66,fixed,100,none,eefd7eeb-488a-4f09-b43a-00ca3ec1ee27
1138,149900,22.217639446258545,1.0,1.0,1.0,0.9951079999999999,0.0,0.0,0.0,0.0,0.0,0.0,0.0,0.0,0.0,0.0,0.0,0.0,0.0,0.0,0.0025,0.9975,0.04827406863022217,1887,0.000503220904264056,4.3846425537411137e-07,0.00011023836415192293,16,20,False,0.995,0.005,0.66,fixed,100,none,eefd7eeb-488a-4f09-b43a-00ca3ec1ee27
1139,150000,22.229498863220215,1.0,1.0,1.0,0.9951079999999999,0.0,0.0,0.0,0.0,0.0,0.0,0.0,0.0,0.0,0.0,0.0,0.0,0.0,0.0,0.0025,0.9975,0.04827406863022217,1887,0.000503865400616164,4.393228120791818e-07,0.00011037960752917335,16,20,False,0.995,0.005,0.66,fixed,100,none,eefd7eeb-488a-4f09-b43a-00ca3ec1ee27
1140,150300,22.24133825302124,1.0,1.0,1.0,0.9951079999999999,0.0,0.0,0.0,0.0,0.0,0.0,0.0,0.0,0.0,0.0,0.0,0.0,0.0,0.0,0.0025,0.9975,0.04827406863022217,1887,0.0005055133517392099,4.4252152993623013e-07,0.00011074095178640093,16,20,False,0.995,0.005,0.66,fixed,100,none,eefd7eeb-488a-4f09-b43a-00ca3ec1ee27
1141,150400,22.253577947616577,1.0,1.0,1.0,0.9951079999999999,0.0,0.0,0.0,0.0,0.0,0.0,0.0,0.0,0.0,0.0,0.0,0.0,0.0,0.0,0.0025,0.9975,0.04827406863022217,1887,0.0005048537169289723,4.41121413454703e-07,0.00011059629170430844,16,20,False,0.995,0.005,0.66,fixed,100,none,eefd7eeb-488a-4f09-b43a-00ca3ec1ee27
1142,150600,22.265424251556396,1.0,1.0,1.0,0.9951079999999999,0.0,0.0,0.0,0.0,0.0,0.0,0.0,0.0,0.0,0.0,0.0,0.0,0.0,0.0,0.0025,0.9975,0.04827406863022217,1887,0.0005017437242742022,4.3829181415099607e-07,0.00010991497668831154,16,20,False,0.995,0.005,0.66,fixed,100,none,eefd7eeb-488a-4f09-b43a-00ca3ec1ee27
1143,150700,22.277649402618408,1.0,1.0,1.0,0.9951079999999999,0.0,0.0,0.0,0.0,0.0,0.0,0.0,0.0,0.0,0.0,0.0,0.0,0.0,0.0,0.0025,0.9975,0.04827406863022217,1887,0.0005023554013343217,4.3803101473511526e-07,0.00011004882324488269,16,20,False,0.995,0.005,0.66,fixed,100,none,eefd7eeb-488a-4f09-b43a-00ca3ec1ee27
1144,150900,22.289408922195435,1.0,1.0,1.0,0.9951079999999999,0.0,0.0,0.0,0.0,0.0,0.0,0.0,0.0,0.0,0.0,0.0,0.0,0.0,0.0,0.0025,0.9975,0.04827406863022217,1887,0.0005025978265755717,4.3755383343745655e-07,0.00011010179946574576,16,20,False,0.995,0.005,0.66,fixed,100,none,eefd7eeb-488a-4f09-b43a-00ca3ec1ee27
1145,151000,22.301567316055298,1.0,1.0,1.0,0.9951079999999999,0.0,0.0,0.0,0.0,0.0,0.0,0.0,0.0,0.0,0.0,0.0,0.0,0.0,0.0,0.0025,0.9975,0.04827406863022217,1887,0.0005028166886507602,4.3880525234953294e-07,0.00011014994614359783,16,20,False,0.995,0.005,0.66,fixed,100,none,eefd7eeb-488a-4f09-b43a-00ca3ec1ee27
1146,151100,22.31361413002014,1.0,1.0,1.0,0.9951079999999999,0.0,0.0,0.0,0.0,0.0,0.0,0.0,0.0,0.0,0.0,0.0,0.0,0.0,0.0,0.0025,0.9975,0.04827406863022217,1887,0.0005023815430899815,4.3906207998167184e-07,0.00011005474157759347,16,20,False,0.995,0.005,0.66,fixed,100,none,eefd7eeb-488a-4f09-b43a-00ca3ec1ee27
1147,151400,22.32578754425049,1.0,1.0,1.0,0.9951079999999999,0.0,0.0,0.0,0.0,0.0,0.0,0.0,0.0,0.0,0.0,0.0,0.0,0.0,0.0,0.0025,0.9975,0.04827406863022217,1887,0.0005047414475037546,4.414117426553927e-07,0.00011057177108967641,16,20,False,0.995,0.005,0.66,fixed,100,none,eefd7eeb-488a-4f09-b43a-00ca3ec1ee27
1148,151500,22.33773374557495,1.0,1.0,1.0,0.9951079999999999,0.0,0.0,0.0,0.0,0.0,0.0,0.0,0.0,0.0,0.0,0.0,0.0,0.0,0.0,0.0025,0.9975,0.04827406863022217,1887,0.000506099870680728,4.4287643859980796e-07,0.00011086940821534533,16,20,False,0.995,0.005,0.66,fixed,100,none,eefd7eeb-488a-4f09-b43a-00ca3ec1ee27
1149,151700,22.349674224853516,1.0,1.0,1.0,0.9951079999999999,0.0,0.0,0.0,0.0,0.0,0.0,0.0,0.0,0.0,0.0,0.0,0.0,0.0,0.0,0.0025,0.9975,0.04827406863022217,1887,0.0005067543455948249,4.454407019937825e-07,0.000111013159984086,16,20,False,0.995,0.005,0.66,fixed,100,none,eefd7eeb-488a-4f09-b43a-00ca3ec1ee27
1150,151800,22.361844062805176,1.0,1.0,1.0,0.9951079999999999,0.0,0.0,0.0,0.0,0.0,0.0,0.0,0.0,0.0,0.0,0.0,0.0,0.0,0.0,0.0025,0.9975,0.04827406863022217,1887,0.0005083922549405411,4.46210740411061e-07,0.00011137184464716256,16,20,False,0.995,0.005,0.66,fixed,100,none,eefd7eeb-488a-4f09-b43a-00ca3ec1ee27
1151,152100,22.373605489730835,1.0,1.0,1.0,0.9951079999999999,0.0,0.0,0.0,0.0,0.0,0.0,0.0,0.0,0.0,0.0,0.0,0.0,0.0,0.0,0.0025,0.9975,0.04827406863022217,1887,0.000507364955375277,4.459379219481478e-07,0.00011114691693681829,16,20,False,0.995,0.005,0.66,fixed,100,none,eefd7eeb-488a-4f09-b43a-00ca3ec1ee27
1152,152200,22.385427713394165,1.0,1.0,1.0,0.9951079999999999,0.0,0.0,0.0,0.0,0.0,0.0,0.0,0.0,0.0,0.0,0.0,0.0,0.0,0.0,0.0025,0.9975,0.04827406863022217,1887,0.0005077318217431143,4.4689011938579773e-07,0.00011122740490225102,16,20,False,0.995,0.005,0.66,fixed,100,none,eefd7eeb-488a-4f09-b43a-00ca3ec1ee27
1153,152300,22.397223472595215,1.0,1.0,1.0,0.9951079999999999,0.0,0.0,0.0,0.0,0.0,0.0,0.0,0.0,0.0,0.0,0.0,0.0,0.0,0.0,0.0025,0.9975,0.047880855019754906,1888,0.0005083441545301636,4.4768422741113357e-07,0.00011136159542986093,16,20,False,0.995,0.005,0.66,fixed,100,none,eefd7eeb-488a-4f09-b43a-00ca3ec1ee27
1154,152400,22.408883094787598,1.0,1.0,1.0,0.9951079999999999,0.0,0.0,0.0,0.0,0.0,0.0,0.0,0.0,0.0,0.0,0.0,0.0,0.0,0.0,0.0025,0.9975,0.047880855019754906,1888,0.0005087155465604247,4.483020544350995e-07,0.00011144301053241965,16,20,False,0.995,0.005,0.66,fixed,100,none,eefd7eeb-488a-4f09-b43a-00ca3ec1ee27
1155,152500,22.420710563659668,1.0,1.0,1.0,0.9951079999999999,0.0,0.0,0.0,0.0,0.0,0.0,0.0,0.0,0.0,0.0,0.0,0.0,0.0,0.0,0.0025,0.9975,0.04827406863022217,1887,0.0005079127289839496,4.478770248836117e-07,0.00011126719300931445,16,20,False,0.995,0.005,0.66,fixed,100,none,eefd7eeb-488a-4f09-b43a-00ca3ec1ee27
1156,152800,22.43240761756897,1.0,1.0,1.0,0.9951079999999999,0.0,0.0,0.0,0.0,0.0,0.0,0.0,0.0,0.0,0.0,0.0,0.0,0.0,0.0,0.0025,0.9975,0.047880855019754906,1888,0.0005081701465974033,4.4997923956598286e-07,0.00011132394114568914,16,20,False,0.995,0.005,0.66,fixed,100,none,eefd7eeb-488a-4f09-b43a-00ca3ec1ee27
1157,152900,22.444411754608154,1.0,1.0,1.0,0.9951079999999999,0.0,0.0,0.0,0.0,0.0,0.0,0.0,0.0,0.0,0.0,0.0,0.0,0.0,0.0,0.0025,0.9975,0.04748663639047491,1889,0.0005073027130014069,4.495194532743677e-07,0.00011113397257213011,16,20,False,0.995,0.005,0.66,fixed,100,none,eefd7eeb-488a-4f09-b43a-00ca3ec1ee27
1158,153200,22.456364154815674,1.0,1.0,1.0,0.9951079999999999,0.0,0.0,0.0,0.0,0.0,0.0,0.0,0.0,0.0,0.0,0.0,0.0,0.0,0.0,0.0025,0.9975,0.047880855019754906,1888,0.0005051695974810011,4.471167873648205e-07,0.00011066657707819045,16,20,False,0.995,0.005,0.66,fixed,100,none,eefd7eeb-488a-4f09-b43a-00ca3ec1ee27
1159,153300,22.46826195716858,1.0,1.0,1.0,0.9951079999999999,0.0,0.0,0.0,0.0,0.0,0.0,0.0,0.0,0.0,0.0,0.0,0.0,0.0,0.0,0.0025,0.9975,0.047880855019754906,1888,0.0005055630385711709,4.4806649833126857e-07,0.00011075288177791226,16,20,False,0.995,0.005,0.66,fixed,100,none,eefd7eeb-488a-4f09-b43a-00ca3ec1ee27
1160,153400,22.48030924797058,1.0,1.0,1.0,0.9951079999999999,0.0,0.0,0.0,0.0,0.0,0.0,0.0,0.0,0.0,0.0,0.0,0.0,0.0,0.0,0.0025,0.9975,0.04748663639047491,1889,0.000506521764579384,4.494679671354465e-07,0.00011096301318018288,16,20,False,0.995,0.005,0.66,fixed,100,none,eefd7eeb-488a-4f09-b43a-00ca3ec1ee27
1161,153500,22.49205207824707,1.0,1.0,1.0,0.9951079999999999,0.0,0.0,0.0,0.0,0.0,0.0,0.0,0.0,0.0,0.0,0.0,0.0,0.0,0.0,0.0025,0.9975,0.047880855019754906,1888,0.0005076458170617689,4.520185922157722e-07,0.0001112095528873422,16,20,False,0.995,0.005,0.66,fixed,100,none,eefd7eeb-488a-4f09-b43a-00ca3ec1ee27
1162,153600,22.5038321018219,1.0,1.0,1.0,0.9951079999999999,0.0,0.0,0.0,0.0,0.0,0.0,0.0,0.0,0.0,0.0,0.0,0.0,0.0,0.0,0.0025,0.9975,0.047880855019754906,1888,0.0005067581730258596,4.521370743413454e-07,0.00011101527011948554,16,20,False,0.995,0.005,0.66,fixed,100,none,eefd7eeb-488a-4f09-b43a-00ca3ec1ee27
1163,153900,22.51565194129944,1.0,1.0,1.0,0.9951079999999999,0.0,0.0,0.0,0.0,0.0,0.0,0.0,0.0,0.0,0.0,0.0,0.0,0.0,0.0,0.0025,0.9975,0.047880855019754906,1888,0.0005054537916466667,4.531010555648349e-07,0.00011072992419201266,16,20,False,0.995,0.005,0.66,fixed,100,none,eefd7eeb-488a-4f09-b43a-00ca3ec1ee27
1164,154000,22.527360916137695,1.0,1.0,1.0,0.9951079999999999,0.0,0.0,0.0,0.0,0.0,0.0,0.0,0.0,0.0,0.0,0.0,0.0,0.0,0.0,0.0025,0.9975,0.047880855019754906,1888,0.0005059473621024731,4.5486713351741704e-07,0.00011083830231959968,16,20,False,0.995,0.005,0.66,fixed,100,none,eefd7eeb-488a-4f09-b43a-00ca3ec1ee27
1165,154200,22.539306640625,1.0,1.0,1.0,0.9951079999999999,0.0,0.0,0.0,0.0,0.0,0.0,0.0,0.0,0.0,0.0,0.0,0.0,0.0,0.0,0.0025,0.9975,0.04748663639047491,1889,0.0005048802129492426,4.5301966185160576e-07,0.00011060435235034103,16,20,False,0.995,0.005,0.66,fixed,100,none,eefd7eeb-488a-4f09-b43a-00ca3ec1ee27
1166,154300,22.551124811172485,1.0,1.0,1.0,0.9951079999999999,0.0,0.0,0.0,0.0,0.0,0.0,0.0,0.0,0.0,0.0,0.0,0.0,0.0,0.0,0.0025,0.9975,0.04748663639047491,1889,0.0005048802129492426,4.5301966185160576e-07,0.00011060435235034103,16,20,False,0.995,0.005,0.66,fixed,100,none,eefd7eeb-488a-4f09-b43a-00ca3ec1ee27
1167,154600,22.563326597213745,1.0,1.0,1.0,0.9951079999999999,0.0,0.0,0.0,0.0,0.0,0.0,0.0,0.0,0.0,0.0,0.0,0.0,0.0,0.0,0.0025,0.9975,0.047486636390474915,1889,0.0005072375754309074,4.577651884540029e-07,0.00011112128064763189,16,20,False,0.995,0.005,0.66,fixed,100,none,eefd7eeb-488a-4f09-b43a-00ca3ec1ee27
1168,154700,22.575100421905518,1.0,1.0,1.0,0.9951079999999999,0.0,0.0,0.0,0.0,0.0,0.0,0.0,0.0,0.0,0.0,0.0,0.0,0.0,0.0,0.0025,0.9975,0.047486636390474915,1889,0.000506691781673824,4.5790876571105104e-07,0.00011100183367388518,16,20,False,0.995,0.005,0.66,fixed,100,none,eefd7eeb-488a-4f09-b43a-00ca3ec1ee27
1169,154800,22.586886882781982,1.0,1.0,1.0,0.9951079999999999,0.0,0.0,0.0,0.0,0.0,0.0,0.0,0.0,0.0,0.0,0.0,0.0,0.0,0.0,0.0025,0.9975,0.0478808550197549,1888,0.0005080079726236987,4.5893208032015344e-07,0.00011129014230258848,16,20,False,0.995,0.005,0.66,fixed,100,none,eefd7eeb-488a-4f09-b43a-00ca3ec1ee27
1170,155000,22.598843097686768,1.0,1.0,1.0,0.9951079999999999,0.0,0.0,0.0,0.0,0.0,0.0,0.0,0.0,0.0,0.0,0.0,0.0,0.0,0.0,0.0025,0.9975,0.0478808550197549,1888,0.0005072828373892065,4.595718921863606e-07,0.00011113153176401272,16,20,False,0.995,0.005,0.66,fixed,100,none,eefd7eeb-488a-4f09-b43a-00ca3ec1ee27
1171,155100,22.610675811767578,1.0,1.0,1.0,0.9951079999999999,0.0,0.0,0.0,0.0,0.0,0.0,0.0,0.0,0.0,0.0,0.0,0.0,0.0,0.0,0.0025,0.9975,0.0478808550197549,1888,0.0005078730945943345,4.584806173740503e-07,0.00011126053172400089,16,20,False,0.995,0.005,0.66,fixed,100,none,eefd7eeb-488a-4f09-b43a-00ca3ec1ee27
1172,155300,22.622432231903076,1.0,1.0,1.0,0.9951079999999999,0.0,0.0,0.0,0.0,0.0,0.0,0.0,0.0,0.0,0.0,0.0,0.0,0.0,0.0,0.0025,0.9975,0.047880855019754906,1888,0.0005062527261419663,4.5612187946902117e-07,0.00011090538490957555,16,20,False,0.995,0.005,0.66,fixed,100,none,eefd7eeb-488a-4f09-b43a-00ca3ec1ee27
1173,155400,22.63423228263855,1.0,1.0,1.0,0.9951079999999999,0.0,0.0,0.0,0.0,0.0,0.0,0.0,0.0,0.0,0.0,0.0,0.0,0.0,0.0,0.0025,0.9975,0.047880855019754906,1888,0.0005077030300931985,4.5788908912021283e-07,0.00011122319221433401,16,20,False,0.995,0.005,0.66,fixed,100,none,eefd7eeb-488a-4f09-b43a-00ca3ec1ee27
1174,155700,22.645936250686646,1.0,1.0,1.0,0.9951079999999999,0.0,0.0,0.0,0.0,0.0,0.0,0.0,0.0,0.0,0.0,0.0,0.0,0.0,0.0,0.0025,0.9975,0.047486636390474915,1889,0.0005074676106881378,4.593749496414833e-07,0.00011117194122006525,16,20,False,0.995,0.005,0.66,fixed,100,none,eefd7eeb-488a-4f09-b43a-00ca3ec1ee27
1175,155800,22.65787100791931,1.0,1.0,1.0,0.9951079999999999,0.0,0.0,0.0,0.0,0.0,0.0,0.0,0.0,0.0,0.0,0.0,0.0,0.0,0.0,0.0025,0.9975,0.047486636390474915,1889,0.000507972316936118,4.595173989797534e-07,0.00011128244848312238,16,20,False,0.995,0.005,0.66,fixed,100,none,eefd7eeb-488a-4f09-b43a-00ca3ec1ee27
1176,156000,22.669612646102905,1.0,1.0,1.0,0.9951079999999999,0.0,0.0,0.0,0.0,0.0,0.0,0.0,0.0,0.0,0.0,0.0,0.0,0.0,0.0,0.0025,0.9975,0.047486636390474915,1889,0.0005087028834497657,4.605949611263635e-07,0.00011144257422976772,16,20,False,0.995,0.005,0.66,fixed,100,none,eefd7eeb-488a-4f09-b43a-00ca3ec1ee27
1177,156100,22.681474447250366,1.0,1.0,1.0,0.9951079999999999,0.0,0.0,0.0,0.0,0.0,0.0,0.0,0.0,0.0,0.0,0.0,0.0,0.0,0.0,0.0025,0.9975,0.047880855019754906,1888,0.0005092355001148348,4.613569401463942e-07,0.00011155930879376516,16,20,False,0.995,0.005,0.66,fixed,100,none,eefd7eeb-488a-4f09-b43a-00ca3ec1ee27
1178,156400,22.693299770355225,1.0,1.0,1.0,0.9951079999999999,0.0,0.0,0.0,0.0,0.0,0.0,0.0,0.0,0.0,0.0,0.0,0.0,0.0,0.0,0.0025,0.9975,0.047486636390474915,1889,0.0005096348831220986,4.609297539178254e-07,0.00011164665256867177,16,20,False,0.995,0.005,0.66,fixed,100,none,eefd7eeb-488a-4f09-b43a-00ca3ec1ee27
1179,156500,22.705454111099243,1.0,1.0,1.0,0.9951079999999999,0.0,0.0,0.0,0.0,0.0,0.0,0.0,0.0,0.0,0.0,0.0,0.0,0.0,0.0,0.0025,0.9975,0.047486636390474915,1889,0.0005096348831220986,4.609297539178254e-07,0.00011164665256867177,16,20,False,0.995,0.005,0.66,fixed,100,none,eefd7eeb-488a-4f09-b43a-00ca3ec1ee27
1180,156800,22.717360973358154,1.0,1.0,1.0,0.9951079999999999,0.0,0.0,0.0,0.0,0.0,0.0,0.0,0.0,0.0,0.0,0.0,0.0,0.0,0.0,0.0025,0.9975,0.047486636390474915,1889,0.0005127686300156405,4.6516537204064395e-07,0.00011233343453111143,16,20,False,0.995,0.005,0.66,fixed,100,none,eefd7eeb-488a-4f09-b43a-00ca3ec1ee27
1181,156900,22.72957491874695,1.0,1.0,1.0,0.9951079999999999,0.0,0.0,0.0,0.0,0.0,0.0,0.0,0.0,0.0,0.0,0.0,0.0,0.0,0.0,0.0025,0.9975,0.047486636390474915,1889,0.0005118809272757517,4.645995939350032e-07,0.0001121390089035097,16,20,False,0.995,0.005,0.66,fixed,100,none,eefd7eeb-488a-4f09-b43a-00ca3ec1ee27
1182,157100,22.74139904975891,1.0,1.0,1.0,0.9951079999999999,0.0,0.0,0.0,0.0,0.0,0.0,0.0,0.0,0.0,0.0,0.0,0.0,0.0,0.0,0.0025,0.9975,0.047486636390474915,1889,0.0005124359743273449,4.6627665260332113e-07,0.00011226082734425044,16,20,False,0.995,0.005,0.66,fixed,100,none,eefd7eeb-488a-4f09-b43a-00ca3ec1ee27
1183,157200,22.753141403198242,1.0,1.0,1.0,0.9951079999999999,0.0,0.0,0.0,0.0,0.0,0.0,0.0,0.0,0.0,0.0,0.0,0.0,0.0,0.0,0.0025,0.9975,0.047486636390474915,1889,0.0005114599804972057,4.659155459665721e-07,0.00011204711368457198,16,20,False,0.995,0.005,0.66,fixed,100,none,eefd7eeb-488a-4f09-b43a-00ca3ec1ee27
1184,157300,22.764976739883423,1.0,1.0,1.0,0.9951079999999999,0.0,0.0,0.0,0.0,0.0,0.0,0.0,0.0,0.0,0.0,0.0,0.0,0.0,0.0,0.0025,0.9975,0.047486636390474915,1889,0.000510999320042545,4.651851389439497e-07,0.00011194613633371247,16,20,False,0.995,0.005,0.66,fixed,100,none,eefd7eeb-488a-4f09-b43a-00ca3ec1ee27
1185,157500,22.77684235572815,1.0,1.0,1.0,0.9951079999999999,0.0,0.0,0.0,0.0,0.0,0.0,0.0,0.0,0.0,0.0,0.0,0.0,0.0,0.0,0.0025,0.9975,0.047880855019754906,1888,0.0005121989260532287,4.666934768961535e-07,0.00011220901667366204,16,20,False,0.995,0.005,0.66,fixed,100,none,eefd7eeb-488a-4f09-b43a-00ca3ec1ee27
1186,157600,22.78862190246582,1.0,1.0,1.0,0.9951079999999999,0.0,0.0,0.0,0.0,0.0,0.0,0.0,0.0,0.0,0.0,0.0,0.0,0.0,0.0,0.0025,0.9975,0.047486636390474915,1889,0.000512412757663187,4.6682926062293346e-07,0.00011225585021199,16,20,False,0.995,0.005,0.66,fixed,100,none,eefd7eeb-488a-4f09-b43a-00ca3ec1ee27
1187,157800,22.800880432128906,1.0,1.0,1.0,0.9951079999999999,0.0,0.0,0.0,0.0,0.0,0.0,0.0,0.0,0.0,0.0,0.0,0.0,0.0,0.0,0.0025,0.9975,0.047091412742382266,1890,0.0005128743321602825,4.681780496776305e-07,0.0001123571451393246,16,20,False,0.995,0.005,0.66,fixed,100,none,eefd7eeb-488a-4f09-b43a-00ca3ec1ee27
1188,157900,22.812721490859985,1.0,1.0,1.0,0.9951079999999999,0.0,0.0,0.0,0.0,0.0,0.0,0.0,0.0,0.0,0.0,0.0,0.0,0.0,0.0,0.0025,0.9975,0.0474866363904749,1889,0.0005124969595980119,4.669651100163838e-07,0.00011227430782690793,16,20,False,0.995,0.005,0.66,fixed,100,none,eefd7eeb-488a-4f09-b43a-00ca3ec1ee27
1189,158200,22.82455611228943,1.0,1.0,1.0,0.9951079999999999,0.0,0.0,0.0,0.0,0.0,0.0,0.0,0.0,0.0,0.0,0.0,0.0,0.0,0.0,0.0025,0.9975,0.0474866363904749,1889,0.0005135146154483413,4.6881781534865316e-07,0.00011249742470655816,16,20,False,0.995,0.005,0.66,fixed,100,none,eefd7eeb-488a-4f09-b43a-00ca3ec1ee27
1190,158300,22.836350679397583,1.0,1.0,1.0,0.9951079999999999,0.0,0.0,0.0,0.0,0.0,0.0,0.0,0.0,0.0,0.0,0.0,0.0,0.0,0.0,0.0025,0.9975,0.0474866363904749,1889,0.0005138482845346434,4.688625385200672e-07,0.00011257047336695225,16,20,False,0.995,0.005,0.66,fixed,100,none,eefd7eeb-488a-4f09-b43a-00ca3ec1ee27
1191,158500,22.84827733039856,1.0,1.0,1.0,0.9951079999999999,0.0,0.0,0.0,0.0,0.0,0.0,0.0,0.0,0.0,0.0,0.0,0.0,0.0,0.0,0.0025,0.9975,0.047880855019754906,1888,0.0005144668739334277,4.679588657703222e-07,0.00011270571088852368,16,20,False,0.995,0.005,0.66,fixed,100,none,eefd7eeb-488a-4f09-b43a-00ca3ec1ee27
1192,158600,22.860002040863037,1.0,1.0,1.0,0.9951079999999999,0.0,0.0,0.0,0.0,0.0,0.0,0.0,0.0,0.0,0.0,0.0,0.0,0.0,0.0,0.0025,0.9975,0.047880855019754906,1888,0.0005145104292309289,4.676003040845949e-07,0.00011271517701642641,16,20,False,0.995,0.005,0.66,fixed,100,none,eefd7eeb-488a-4f09-b43a-00ca3ec1ee27
1193,158700,22.87179470062256,1.0,1.0,1.0,0.9951079999999999,0.0,0.0,0.0,0.0,0.0,0.0,0.0,0.0,0.0,0.0,0.0,0.0,0.0,0.0,0.0025,0.9975,0.047880855019754906,1888,0.000514312817733729,4.669448324383493e-07,0.00011267179532007657,16,20,False,0.995,0.005,0.66,fixed,100,none,eefd7eeb-488a-4f09-b43a-00ca3ec1ee27
1194,158900,22.883572101593018,1.0,1.0,1.0,0.9951079999999999,0.0,0.0,0.0,0.0,0.0,0.0,0.0,0.0,0.0,0.0,0.0,0.0,0.0,0.0,0.0025,0.9975,0.0474866363904749,1889,0.0005145249362404998,4.673166190716148e-07,0.00011271829870066902,16,20,False,0.995,0.005,0.66,fixed,100,none,eefd7eeb-488a-4f09-b43a-00ca3ec1ee27
1195,159000,22.89533233642578,1.0,1.0,1.0,0.9951079999999999,0.0,0.0,0.0,0.0,0.0,0.0,0.0,0.0,0.0,0.0,0.0,0.0,0.0,0.0,0.0025,0.9975,0.047880855019754906,1888,0.0005143396181544349,4.67381892520052e-07,0.00011267774497358463,16,20,False,0.995,0.005,0.66,fixed,100,none,eefd7eeb-488a-4f09-b43a-00ca3ec1ee27
1196,159300,22.90709900856018,1.0,1.0,1.0,0.9951079999999999,0.0,0.0,0.0,0.0,0.0,0.0,0.0,0.0,0.0,0.0,0.0,0.0,0.0,0.0,0.0025,0.9975,0.0474866363904749,1889,0.0005139185655507134,4.679014484126862e-07,0.00011258567527424958,16,20,False,0.995,0.005,0.66,fixed,100,none,eefd7eeb-488a-4f09-b43a-00ca3ec1ee27
1197,159400,22.9192156791687,1.0,1.0,1.0,0.9951079999999999,0.0,0.0,0.0,0.0,0.0,0.0,0.0,0.0,0.0,0.0,0.0,0.0,0.0,0.0,0.0025,0.9975,0.0474866363904749,1889,0.0005146207567047569,4.695108463722269e-07,0.00011273969070348202,16,20,False,0.995,0.005,0.66,fixed,100,none,eefd7eeb-488a-4f09-b43a-00ca3ec1ee27
1198,159600,22.930914640426636,1.0,1.0,1.0,0.9951079999999999,0.0,0.0,0.0,0.0,0.0,0.0,0.0,0.0,0.0,0.0,0.0,0.0,0.0,0.0,0.0025,0.9975,0.047880855019754906,1888,0.0005146408108120174,4.719037497553792e-07,0.00011274453519920413,16,20,False,0.995,0.005,0.66,fixed,100,none,eefd7eeb-488a-4f09-b43a-00ca3ec1ee27
1199,159700,22.942673921585083,1.0,1.0,1.0,0.9951079999999999,0.0,0.0,0.0,0.0,0.0,0.0,0.0,0.0,0.0,0.0,0.0,0.0,0.0,0.0,0.0025,0.9975,0.047880855019754906,1888,0.0005162679743389647,4.7292832637388733e-07,0.00011310091596481041,16,20,False,0.995,0.005,0.66,fixed,100,none,eefd7eeb-488a-4f09-b43a-00ca3ec1ee27
1200,159900,22.95446801185608,1.0,1.0,1.0,0.9951079999999999,0.0,0.0,0.0,0.0,0.0,0.0,0.0,0.0,0.0,0.0,0.0,0.0,0.0,0.0,0.0025,0.9975,0.047880855019754906,1888,0.0005175863990048324,4.766614534748207e-07,0.00011339022841831804,16,20,False,0.995,0.005,0.66,fixed,100,none,eefd7eeb-488a-4f09-b43a-00ca3ec1ee27
1201,160000,22.966313362121582,1.0,1.0,1.0,0.9951079999999999,0.0,0.0,0.0,0.0,0.0,0.0,0.0,0.0,0.0,0.0,0.0,0.0,0.0,0.0,0.0025,0.9975,0.047880855019754906,1888,0.0005168462040872449,4.7449095511459173e-07,0.00011322778735616969,16,20,False,0.995,0.005,0.66,fixed,100,none,eefd7eeb-488a-4f09-b43a-00ca3ec1ee27
1202,160100,22.97813606262207,1.0,1.0,1.0,0.9951079999999999,0.0,0.0,0.0,0.0,0.0,0.0,0.0,0.0,0.0,0.0,0.0,0.0,0.0,0.0,0.0025,0.9975,0.047880855019754906,1888,0.0005165782549230121,4.736745960185787e-07,0.00011316897817589088,16,20,False,0.995,0.005,0.66,fixed,100,none,eefd7eeb-488a-4f09-b43a-00ca3ec1ee27
1203,160400,22.989977598190308,1.0,1.0,1.0,0.9951079999999999,0.0,0.0,0.0,0.0,0.0,0.0,0.0,0.0,0.0,0.0,0.0,0.0,0.0,0.0,0.0025,0.9975,0.047880855019754906,1888,0.0005181512829509772,4.7600605529760076e-07,0.00011351375698847545,16,20,False,0.995,0.005,0.66,fixed,100,none,eefd7eeb-488a-4f09-b43a-00ca3ec1ee27
1204,160500,23.00189185142517,1.0,1.0,1.0,0.9951079999999999,0.0,0.0,0.0,0.0,0.0,0.0,0.0,0.0,0.0,0.0,0.0,0.0,0.0,0.0,0.0025,0.9975,0.047880855019754906,1888,0.0005190058573534852,4.761509717113201e-07,0.00011370085085930306,16,20,False,0.995,0.005,0.66,fixed,100,none,eefd7eeb-488a-4f09-b43a-00ca3ec1ee27
1205,160700,23.01370906829834,1.0,1.0,1.0,0.9951079999999999,0.0,0.0,0.0,0.0,0.0,0.0,0.0,0.0,0.0,0.0,0.0,0.0,0.0,0.0,0.0025,0.9975,0.04827406863022217,1887,0.0005174456300568958,4.7368575020303527e-07,0.00011335884871199307,16,20,False,0.995,0.005,0.66,fixed,100,none,eefd7eeb-488a-4f09-b43a-00ca3ec1ee27
1206,160800,23.025615215301514,1.0,1.0,1.0,0.9951079999999999,0.0,0.0,0.0,0.0,0.0,0.0,0.0,0.0,0.0,0.0,0.0,0.0,0.0,0.0,0.0025,0.9975,0.04827406863022217,1887,0.0005182404493695508,4.7496018455363057e-07,0.00011353307680205987,16,20,False,0.995,0.005,0.66,fixed,100,none,eefd7eeb-488a-4f09-b43a-00ca3ec1ee27
1207,161100,23.03748846054077,1.0,1.0,1.0,0.9951079999999999,0.0,0.0,0.0,0.0,0.0,0.0,0.0,0.0,0.0,0.0,0.0,0.0,0.0,0.0,0.0025,0.9975,0.04827406863022217,1887,0.0005187066332230756,4.7666789633219863e-07,0.00011363544891283437,16,20,False,0.995,0.005,0.66,fixed,100,none,eefd7eeb-488a-4f09-b43a-00ca3ec1ee27
1208,161200,23.049356937408447,1.0,1.0,1.0,0.9951079999999999,0.0,0.0,0.0,0.0,0.0,0.0,0.0,0.0,0.0,0.0,0.0,0.0,0.0,0.0,0.0025,0.9975,0.04827406863022217,1887,0.0005200050256683361,4.77824330148249e-07,0.00011391988674152695,16,20,False,0.995,0.005,0.66,fixed,100,none,eefd7eeb-488a-4f09-b43a-00ca3ec1ee27
1209,161300,23.061506032943726,1.0,1.0,1.0,0.9951079999999999,0.0,0.0,0.0,0.0,0.0,0.0,0.0,0.0,0.0,0.0,0.0,0.0,0.0,0.0,0.0025,0.9975,0.04827406863022217,1887,0.0005213832661732271,4.78572044102296e-07,0.00011422172565369885,16,20,False,0.995,0.005,0.66,fixed,100,none,eefd7eeb-488a-4f09-b43a-00ca3ec1ee27
1210,161400,23.073342084884644,1.0,1.0,1.0,0.9951079999999999,0.0,0.0,0.0,0.0,0.0,0.0,0.0,0.0,0.0,0.0,0.0,0.0,0.0,0.0,0.0025,0.9975,0.04827406863022217,1887,0.0005202875583340423,4.782501510589325e-07,0.00011398181404802307,16,20,False,0.995,0.005,0.66,fixed,100,none,eefd7eeb-488a-4f09-b43a-00ca3ec1ee27
1211,161500,23.0850670337677,1.0,1.0,1.0,0.9951079999999999,0.0,0.0,0.0,0.0,0.0,0.0,0.0,0.0,0.0,0.0,0.0,0.0,0.0,0.0,0.0025,0.9975,0.04827406863022217,1887,0.0005210320585660892,4.786268186255468e-07,0.00011414485671565578,16,20,False,0.995,0.005,0.66,fixed,100,none,eefd7eeb-488a-4f09-b43a-00ca3ec1ee27
1212,161800,23.098593950271606,1.0,1.0,1.0,0.9951079999999999,0.0,0.0,0.0,0.0,0.0,0.0,0.0,0.0,0.0,0.0,0.0,0.0,0.0,0.0,0.0025,0.9975,0.04788085501975489,1888,0.0005217980649329895,4.79626512801563e-07,0.0001143127254512637,16,20,False,0.995,0.005,0.66,fixed,100,none,eefd7eeb-488a-4f09-b43a-00ca3ec1ee27
1213,161900,23.11253595352173,1.0,1.0,1.0,0.9951079999999999,0.0,0.0,0.0,0.0,0.0,0.0,0.0,0.0,0.0,0.0,0.0,0.0,0.0,0.0,0.0025,0.9975,0.04788085501975489,1888,0.000521431171056383,4.796937581111918e-07,0.00011423242515828336,16,20,False,0.995,0.005,0.66,fixed,100,none,eefd7eeb-488a-4f09-b43a-00ca3ec1ee27
1214,162200,23.12444257736206,1.0,1.0,1.0,0.9951079999999999,0.0,0.0,0.0,0.0,0.0,0.0,0.0,0.0,0.0,0.0,0.0,0.0,0.0,0.0,0.0025,0.9975,0.048274068630222176,1887,0.0005218892567934468,4.793610582654783e-07,0.00011433263691315597,16,20,False,0.995,0.005,0.66,fixed,100,none,eefd7eeb-488a-4f09-b43a-00ca3ec1ee27
1215,162300,23.13675618171692,1.0,1.0,1.0,0.9951079999999999,0.0,0.0,0.0,0.0,0.0,0.0,0.0,0.0,0.0,0.0,0.0,0.0,0.0,0.0,0.0025,0.9975,0.048274068630222176,1887,0.0005234932174375506,4.811103054589283e-07,0.00011468407625511702,16,20,False,0.995,0.005,0.66,fixed,100,none,eefd7eeb-488a-4f09-b43a-00ca3ec1ee27
1216,162500,23.148650407791138,1.0,1.0,1.0,0.9951079999999999,0.0,0.0,0.0,0.0,0.0,0.0,0.0,0.0,0.0,0.0,0.0,0.0,0.0,0.0,0.0025,0.9975,0.047880855019754906,1888,0.0005227366503116279,4.809828800767097e-07,0.00011451843950042992,16,20,False,0.995,0.005,0.66,fixed,100,none,eefd7eeb-488a-4f09-b43a-00ca3ec1ee27
1217,162600,23.16043186187744,1.0,1.0,1.0,0.9951079999999999,0.0,0.0,0.0,0.0,0.0,0.0,0.0,0.0,0.0,0.0,0.0,0.0,0.0,0.0,0.0025,0.9975,0.047486636390474915,1889,0.0005226939517094149,4.80543642262388e-07,0.0001145090093212208,16,20,False,0.995,0.005,0.66,fixed,100,none,eefd7eeb-488a-4f09-b43a-00ca3ec1ee27
1218,162900,23.172278881072998,1.0,1.0,1.0,0.9951079999999999,0.0,0.0,0.0,0.0,0.0,0.0,0.0,0.0,0.0,0.0,0.0,0.0,0.0,0.0,0.0025,0.9975,0.047486636390474915,1889,0.0005224834569561583,4.807295053266094e-07,0.0001144629673337151,16,20,False,0.995,0.005,0.66,fixed,100,none,eefd7eeb-488a-4f09-b43a-00ca3ec1ee27
1219,163000,23.184621572494507,1.0,1.0,1.0,0.9951079999999999,0.0,0.0,0.0,0.0,0.0,0.0,0.0,0.0,0.0,0.0,0.0,0.0,0.0,0.0,0.0025,0.9975,0.047486636390474915,1889,0.0005225612799557131,4.812324936373265e-07,0.00011448009835609668,16,20,False,0.995,0.005,0.66,fixed,100,none,eefd7eeb-488a-4f09-b43a-00ca3ec1ee27
1220,163200,23.19638991355896,1.0,1.0,1.0,0.9951079999999999,0.0,0.0,0.0,0.0,0.0,0.0,0.0,0.0,0.0,0.0,0.0,0.0,0.0,0.0,0.0025,0.9975,0.047880855019754906,1888,0.0005198942789262908,4.7679428446495084e-07,0.00011389544857101342,16,20,False,0.995,0.005,0.66,fixed,100,none,eefd7eeb-488a-4f09-b43a-00ca3ec1ee27
1221,163300,23.20814847946167,1.0,1.0,1.0,0.9951079999999999,0.0,0.0,0.0,0.0,0.0,0.0,0.0,0.0,0.0,0.0,0.0,0.0,0.0,0.0,0.0025,0.9975,0.047880855019754906,1888,0.000519614859625219,4.765036549405299e-07,0.00011383422846639915,16,20,False,0.995,0.005,0.66,fixed,100,none,eefd7eeb-488a-4f09-b43a-00ca3ec1ee27
1222,163600,23.220017910003662,1.0,1.0,1.0,0.9951079999999999,0.0,0.0,0.0,0.0,0.0,0.0,0.0,0.0,0.0,0.0,0.0,0.0,0.0,0.0,0.0025,0.9975,0.047486636390474915,1889,0.00052027129780165,4.783959928261988e-07,0.00011397828232741816,16,20,False,0.995,0.005,0.66,fixed,100,none,eefd7eeb-488a-4f09-b43a-00ca3ec1ee27
1223,163700,23.231844425201416,1.0,1.0,1.0,0.9951079999999999,0.0,0.0,0.0,0.0,0.0,0.0,0.0,0.0,0.0,0.0,0.0,0.0,0.0,0.0,0.0025,0.9975,0.047880855019754906,1888,0.0005201136720805326,4.786987285504683e-07,0.00011394383557685318,16,20,False,0.995,0.005,0.66,fixed,100,none,eefd7eeb-488a-4f09-b43a-00ca3ec1ee27
1224,163800,23.243704319000244,1.0,1.0,1.0,0.9951079999999999,0.0,0.0,0.0,0.0,0.0,0.0,0.0,0.0,0.0,0.0,0.0,0.0,0.0,0.0,0.0025,0.9975,0.047880855019754906,1888,0.0005198623355462339,4.776524482033041e-07,0.00011388861921622923,16,20,False,0.995,0.005,0.66,fixed,100,none,eefd7eeb-488a-4f09-b43a-00ca3ec1ee27
1225,163900,23.25553607940674,1.0,1.0,1.0,0.9951079999999999,0.0,0.0,0.0,0.0,0.0,0.0,0.0,0.0,0.0,0.0,0.0,0.0,0.0,0.0,0.0025,0.9975,0.047486636390474915,1889,0.0005203090325287004,4.78286400546006e-07,0.00011398652163663626,16,20,False,0.995,0.005,0.66,fixed,100,none,eefd7eeb-488a-4f09-b43a-00ca3ec1ee27
1226,164000,23.267308950424194,1.0,1.0,1.0,0.9951079999999999,0.0,0.0,0.0,0.0,0.0,0.0,0.0,0.0,0.0,0.0,0.0,0.0,0.0,0.0,0.0025,0.9975,0.047880855019754906,1888,0.0005207477285798204,4.778809151774731e-07,0.00011408247516000642,16,20,False,0.995,0.005,0.66,fixed,100,none,eefd7eeb-488a-4f09-b43a-00ca3ec1ee27
1227,164100,23.27910089492798,1.0,1.0,1.0,0.9951079999999999,0.0,0.0,0.0,0.0,0.0,0.0,0.0,0.0,0.0,0.0,0.0,0.0,0.0,0.0,0.0025,0.9975,0.047880855019754906,1888,0.0005210866493068723,4.781424864206175e-07,0.00011415671460569428,16,20,False,0.995,0.005,0.66,fixed,100,none,eefd7eeb-488a-4f09-b43a-00ca3ec1ee27
1228,164300,23.29102325439453,1.0,1.0,1.0,0.9951079999999999,0.0,0.0,0.0,0.0,0.0,0.0,0.0,0.0,0.0,0.0,0.0,0.0,0.0,0.0,0.0025,0.9975,0.04788085501975489,1888,0.0005205808769073516,4.778835432468362e-07,0.00011404595182823618,16,20,False,0.995,0.005,0.66,fixed,100,none,eefd7eeb-488a-4f09-b43a-00ca3ec1ee27
1229,164400,23.30334496498108,1.0,1.0,1.0,0.9951079999999999,0.0,0.0,0.0,0.0,0.0,0.0,0.0,0.0,0.0,0.0,0.0,0.0,0.0,0.0,0.0025,0.9975,0.04788085501975489,1888,0.0005215426880453186,4.791111133978579e-07,0.00011425672552466583,16,20,False,0.995,0.005,0.66,fixed,100,none,eefd7eeb-488a-4f09-b43a-00ca3ec1ee27
1230,164700,23.315260887145996,1.0,1.0,1.0,0.9951079999999999,0.0,0.0,0.0,0.0,0.0,0.0,0.0,0.0,0.0,0.0,0.0,0.0,0.0,0.0,0.0025,0.9975,0.047486636390474915,1889,0.0005216494338438587,4.791093756089492e-07,0.00011428009184978639,16,20,False,0.995,0.005,0.66,fixed,100,none,eefd7eeb-488a-4f09-b43a-00ca3ec1ee27
1231,164800,23.327083587646484,1.0,1.0,1.0,0.9951079999999999,0.0,0.0,0.0,0.0,0.0,0.0,0.0,0.0,0.0,0.0,0.0,0.0,0.0,0.0,0.0025,0.9975,0.047486636390474915,1889,0.0005213033879956994,4.789064770673012e-07,0.00011420430386290139,16,20,False,0.995,0.005,0.66,fixed,100,none,eefd7eeb-488a-4f09-b43a-00ca3ec1ee27
1232,165000,23.3391330242157,1.0,1.0,1.0,0.9951079999999999,0.0,0.0,0.0,0.0,0.0,0.0,0.0,0.0,0.0,0.0,0.0,0.0,0.0,0.0,0.0025,0.9975,0.047486636390474915,1889,0.0005225753992120516,4.788664892694767e-07,0.00011448273952047931,16,20,False,0.995,0.005,0.66,fixed,100,none,eefd7eeb-488a-4f09-b43a-00ca3ec1ee27
1233,165100,23.35096788406372,1.0,1.0,1.0,0.9951079999999999,0.0,0.0,0.0,0.0,0.0,0.0,0.0,0.0,0.0,0.0,0.0,0.0,0.0,0.0,0.0025,0.9975,0.047486636390474915,1889,0.0005226792153130308,4.7907449360748e-07,0.00011450550438580788,16,20,False,0.995,0.005,0.66,fixed,100,none,eefd7eeb-488a-4f09-b43a-00ca3ec1ee27
1234,165200,23.362977027893066,1.0,1.0,1.0,0.9951079999999999,0.0,0.0,0.0,0.0,0.0,0.0,0.0,0.0,0.0,0.0,0.0,0.0,0.0,0.0,0.0025,0.9975,0.047486636390474915,1889,0.0005242829939865781,4.80694235700153e-07,0.00011485687928844498,16,20,False,0.995,0.005,0.66,fixed,100,none,eefd7eeb-488a-4f09-b43a-00ca3ec1ee27
1235,165300,23.374841928482056,1.0,1.0,1.0,0.9951079999999999,0.0,0.0,0.0,0.0,0.0,0.0,0.0,0.0,0.0,0.0,0.0,0.0,0.0,0.0,0.0025,0.9975,0.047486636390474915,1889,0.0005252137179917079,4.818938610590315e-07,0.00011506084270198609,16,20,False,0.995,0.005,0.66,fixed,100,none,eefd7eeb-488a-4f09-b43a-00ca3ec1ee27
1236,165400,23.38662815093994,1.0,1.0,1.0,0.9951079999999999,0.0,0.0,0.0,0.0,0.0,0.0,0.0,0.0,0.0,0.0,0.0,0.0,0.0,0.0,0.0025,0.9975,0.047486636390474915,1889,0.000527139243585334,4.835231161519778e-07,0.0001154826498128985,16,20,False,0.995,0.005,0.66,fixed,100,none,eefd7eeb-488a-4f09-b43a-00ca3ec1ee27
1237,165500,23.39850926399231,1.0,1.0,1.0,0.9951079999999999,0.0,0.0,0.0,0.0,0.0,0.0,0.0,0.0,0.0,0.0,0.0,0.0,0.0,0.0,0.0025,0.9975,0.047486636390474915,1889,0.0005271697648275672,4.823943072821074e-07,0.00011548911643913808,16,20,False,0.995,0.005,0.66,fixed,100,none,eefd7eeb-488a-4f09-b43a-00ca3ec1ee27
1238,165800,23.41036605834961,1.0,1.0,1.0,0.9951079999999999,0.0,0.0,0.0,0.0,0.0,0.0,0.0,0.0,0.0,0.0,0.0,0.0,0.0,0.0,0.0025,0.9975,0.047880855019754906,1888,0.0005278203689552378,4.834577665214964e-07,0.00011563173573994066,16,20,False,0.995,0.005,0.66,fixed,100,none,eefd7eeb-488a-4f09-b43a-00ca3ec1ee27
1239,165900,23.42234468460083,1.0,1.0,1.0,0.9951079999999999,0.0,0.0,0.0,0.0,0.0,0.0,0.0,0.0,0.0,0.0,0.0,0.0,0.0,0.0,0.0025,0.9975,0.047091412742382266,1890,0.0005289320024241821,4.837959458397597e-07,0.00011587513656036303,16,20,False,0.995,0.005,0.66,fixed,100,none,eefd7eeb-488a-4f09-b43a-00ca3ec1ee27
1240,166100,23.434306859970093,1.0,1.0,1.0,0.9951079999999999,0.0,0.0,0.0,0.0,0.0,0.0,0.0,0.0,0.0,0.0,0.0,0.0,0.0,0.0,0.0025,0.9975,0.047091412742382266,1890,0.0005286368043189458,4.866080935998241e-07,0.00011581105200320122,16,20,False,0.995,0.005,0.66,fixed,100,none,eefd7eeb-488a-4f09-b43a-00ca3ec1ee27
1241,166200,23.446176290512085,1.0,1.0,1.0,0.9951079999999999,0.0,0.0,0.0,0.0,0.0,0.0,0.0,0.0,0.0,0.0,0.0,0.0,0.0,0.0,0.0025,0.9975,0.04788085501975489,1888,0.000527585741840009,4.864953696947732e-07,0.00011558095300901998,16,20,False,0.995,0.005,0.66,fixed,100,none,eefd7eeb-488a-4f09-b43a-00ca3ec1ee27
1242,166500,23.45789861679077,1.0,1.0,1.0,0.9951079999999999,0.0,0.0,0.0,0.0,0.0,0.0,0.0,0.0,0.0,0.0,0.0,0.0,0.0,0.0,0.0025,0.9975,0.04788085501975489,1888,0.0005277296448727781,4.888269673407586e-07,0.00011561289638644588,16,20,False,0.995,0.005,0.66,fixed,100,none,eefd7eeb-488a-4f09-b43a-00ca3ec1ee27
1243,166600,23.46965456008911,1.0,1.0,1.0,0.9951079999999999,0.0,0.0,0.0,0.0,0.0,0.0,0.0,0.0,0.0,0.0,0.0,0.0,0.0,0.0,0.0025,0.9975,0.04788085501975489,1888,0.0005283060620224936,4.898192845864717e-07,0.00011573926264079527,16,20,False,0.995,0.005,0.66,fixed,100,none,eefd7eeb-488a-4f09-b43a-00ca3ec1ee27
1244,166800,23.48139238357544,1.0,1.0,1.0,0.9951079999999999,0.0,0.0,0.0,0.0,0.0,0.0,0.0,0.0,0.0,0.0,0.0,0.0,0.0,0.0,0.0025,0.9975,0.047486636390474915,1889,0.0005294147318579378,4.906653187447541e-07,0.00011598211121426409,16,20,False,0.995,0.005,0.66,fixed,100,none,eefd7eeb-488a-4f09-b43a-00ca3ec1ee27
1245,166900,23.49314022064209,1.0,1.0,1.0,0.9951079999999999,0.0,0.0,0.0,0.0,0.0,0.0,0.0,0.0,0.0,0.0,0.0,0.0,0.0,0.0,0.0025,0.9975,0.04788085501975489,1888,0.0005307211473155832,4.921982390988954e-07,0.00011626837681280996,16,20,False,0.995,0.005,0.66,fixed,100,none,eefd7eeb-488a-4f09-b43a-00ca3ec1ee27
1246,167200,23.504801273345947,1.0,1.0,1.0,0.9951079999999999,0.0,0.0,0.0,0.0,0.0,0.0,0.0,0.0,0.0,0.0,0.0,0.0,0.0,0.0,0.0025,0.9975,0.04788085501975489,1888,0.0005344244468141484,4.985001754115463e-07,0.00011708022644094528,16,20,False,0.995,0.005,0.66,fixed,100,none,eefd7eeb-488a-4f09-b43a-00ca3ec1ee27
1247,167300,23.516541719436646,1.0,1.0,1.0,0.9951079999999999,0.0,0.0,0.0,0.0,0.0,0.0,0.0,0.0,0.0,0.0,0.0,0.0,0.0,0.0,0.0025,0.9975,0.04788085501975489,1888,0.0005348515663531192,4.997940839949129e-07,0.00011717396875065683,16,20,False,0.995,0.005,0.66,fixed,100,none,eefd7eeb-488a-4f09-b43a-00ca3ec1ee27
1248,167600,23.528239727020264,1.0,1.0,1.0,0.9951079999999999,0.0,0.0,0.0,0.0,0.0,0.0,0.0,0.0,0.0,0.0,0.0,0.0,0.0,0.0,0.0025,0.9975,0.04788085501975489,1888,0.0005363784860900908,5.004991141421356e-07,0.0001175083454368079,16,20,False,0.995,0.005,0.66,fixed,100,none,eefd7eeb-488a-4f09-b43a-00ca3ec1ee27
1249,167700,23.539870738983154,1.0,1.0,1.0,0.9951079999999999,0.0,0.0,0.0,0.0,0.0,0.0,0.0,0.0,0.0,0.0,0.0,0.0,0.0,0.0,0.0025,0.9975,0.04788085501975489,1888,0.0005369443734005894,5.017109580448454e-07,0.00011763244841941755,16,20,False,0.995,0.005,0.66,fixed,100,none,eefd7eeb-488a-4f09-b43a-00ca3ec1ee27
1250,167900,23.551645278930664,1.0,1.0,1.0,0.9951079999999999,0.0,0.0,0.0,0.0,0.0,0.0,0.0,0.0,0.0,0.0,0.0,0.0,0.0,0.0,0.0025,0.9975,0.04788085501975489,1888,0.0005353972582799862,4.999376836783392e-07,0.00011729344799738787,16,20,False,0.995,0.005,0.66,fixed,100,none,eefd7eeb-488a-4f09-b43a-00ca3ec1ee27
1251,168000,23.56374716758728,1.0,1.0,1.0,0.9951079999999999,0.0,0.0,0.0,0.0,0.0,0.0,0.0,0.0,0.0,0.0,0.0,0.0,0.0,0.0,0.0025,0.9975,0.047880855019754906,1888,0.000535907904606809,5.022533383781987e-07,0.00011740566845272237,16,20,False,0.995,0.005,0.66,fixed,100,none,eefd7eeb-488a-4f09-b43a-00ca3ec1ee27
1252,168300,23.575464963912964,1.0,1.0,1.0,0.9951079999999999,0.0,0.0,0.0,0.0,0.0,0.0,0.0,0.0,0.0,0.0,0.0,0.0,0.0,0.0,0.0025,0.9975,0.047880855019754906,1888,0.0005366656682292561,5.035416094368434e-07,0.00011757178768117716,16,20,False,0.995,0.005,0.66,fixed,100,none,eefd7eeb-488a-4f09-b43a-00ca3ec1ee27
1253,168400,23.587178230285645,1.0,1.0,1.0,0.9951079999999999,0.0,0.0,0.0,0.0,0.0,0.0,0.0,0.0,0.0,0.0,0.0,0.0,0.0,0.0,0.0025,0.9975,0.047880855019754906,1888,0.000537547388705905,5.061675687033884e-07,0.00011776529522577625,16,20,False,0.995,0.005,0.66,fixed,100,none,eefd7eeb-488a-4f09-b43a-00ca3ec1ee27
1254,168600,23.598942279815674,1.0,1.0,1.0,0.9951079999999999,0.0,0.0,0.0,0.0,0.0,0.0,0.0,0.0,0.0,0.0,0.0,0.0,0.0,0.0,0.0025,0.9975,0.047880855019754906,1888,0.0005388140199492646,5.08198389941589e-07,0.00011804294666098291,16,20,False,0.995,0.005,0.66,fixed,100,none,eefd7eeb-488a-4f09-b43a-00ca3ec1ee27
1255,168700,23.610764503479004,1.0,1.0,1.0,0.9951079999999999,0.0,0.0,0.0,0.0,0.0,0.0,0.0,0.0,0.0,0.0,0.0,0.0,0.0,0.0,0.0025,0.9975,0.047880855019754906,1888,0.0005415983184017598,5.115432022328288e-07,0.00011865306510656946,16,20,False,0.995,0.005,0.66,fixed,100,none,eefd7eeb-488a-4f09-b43a-00ca3ec1ee27
1256,169000,23.62250328063965,1.0,1.0,1.0,0.9951079999999999,0.0,0.0,0.0,0.0,0.0,0.0,0.0,0.0,0.0,0.0,0.0,0.0,0.0,0.0,0.0025,0.9975,0.047880855019754906,1888,0.0005426528604703948,5.135251037396444e-07,0.00011888428092667997,16,20,False,0.995,0.005,0.66,fixed,100,none,eefd7eeb-488a-4f09-b43a-00ca3ec1ee27
1257,169100,23.634247303009033,1.0,1.0,1.0,0.9951079999999999,0.0,0.0,0.0,0.0,0.0,0.0,0.0,0.0,0.0,0.0,0.0,0.0,0.0,0.0,0.0025,0.9975,0.047880855019754906,1888,0.0005423668562786429,5.136520181736881e-07,0.00011882169872284794,16,20,False,0.995,0.005,0.66,fixed,100,none,eefd7eeb-488a-4f09-b43a-00ca3ec1ee27
1258,169300,23.646003007888794,1.0,1.0,1.0,0.9951079999999999,0.0,0.0,0.0,0.0,0.0,0.0,0.0,0.0,0.0,0.0,0.0,0.0,0.0,0.0,0.0025,0.9975,0.047880855019754906,1888,0.0005425460834793563,5.14415520506228e-07,0.00011886107662252729,16,20,False,0.995,0.005,0.66,fixed,100,none,eefd7eeb-488a-4f09-b43a-00ca3ec1ee27
1259,169400,23.65777039527893,1.0,1.0,1.0,0.9951079999999999,0.0,0.0,0.0,0.0,0.0,0.0,0.0,0.0,0.0,0.0,0.0,0.0,0.0,0.0,0.0025,0.9975,0.047880855019754906,1888,0.0005437849459377069,5.158272819637293e-07,0.00011913253184933716,16,20,False,0.995,0.005,0.66,fixed,100,none,eefd7eeb-488a-4f09-b43a-00ca3ec1ee27
1260,169500,23.669501543045044,1.0,1.0,1.0,0.9951079999999999,0.0,0.0,0.0,0.0,0.0,0.0,0.0,0.0,0.0,0.0,0.0,0.0,0.0,0.0,0.0025,0.9975,0.047880855019754906,1888,0.0005437550671432899,5.158665519682982e-07,0.00011912599884254014,16,20,False,0.995,0.005,0.66,fixed,100,none,eefd7eeb-488a-4f09-b43a-00ca3ec1ee27
1261,169700,23.6813805103302,1.0,1.0,1.0,0.9951079999999999,0.0,0.0,0.0,0.0,0.0,0.0,0.0,0.0,0.0,0.0,0.0,0.0,0.0,0.0,0.0025,0.9975,0.047880855019754906,1888,0.0005451250329948858,5.185593781627361e-07,0.00011942639600443143,16,20,False,0.995,0.005,0.66,fixed,100,none,eefd7eeb-488a-4f09-b43a-00ca3ec1ee27
1262,169800,23.693133115768433,1.0,1.0,1.0,0.9951079999999999,0.0,0.0,0.0,0.0,0.0,0.0,0.0,0.0,0.0,0.0,0.0,0.0,0.0,0.0,0.0025,0.9975,0.047880855019754906,1888,0.0005450452186904378,5.178996048039139e-07,0.00011940879929624958,16,20,False,0.995,0.005,0.66,fixed,100,none,eefd7eeb-488a-4f09-b43a-00ca3ec1ee27
1263,170100,23.7048978805542,1.0,1.0,1.0,0.9951079999999999,0.0,0.0,0.0,0.0,0.0,0.0,0.0,0.0,0.0,0.0,0.0,0.0,0.0,0.0,0.0025,0.9975,0.047880855019754906,1888,0.0005474433446853242,5.210012893929459e-07,0.00011993433839660213,16,20,False,0.995,0.005,0.66,fixed,100,none,eefd7eeb-488a-4f09-b43a-00ca3ec1ee27
1264,170200,23.716735363006592,1.0,1.0,1.0,0.9951079999999999,0.0,0.0,0.0,0.0,0.0,0.0,0.0,0.0,0.0,0.0,0.0,0.0,0.0,0.0,0.0025,0.9975,0.047880855019754906,1888,0.0005482313011966584,5.239609441424051e-07,0.00012010738441133559,16,20,False,0.995,0.005,0.66,fixed,100,none,eefd7eeb-488a-4f09-b43a-00ca3ec1ee27
1265,170500,23.728466272354126,1.0,1.0,1.0,0.9951079999999999,0.0,0.0,0.0,0.0,0.0,0.0,0.0,0.0,0.0,0.0,0.0,0.0,0.0,0.0,0.0025,0.9975,0.047880855019754906,1888,0.0005489925346586214,5.243405254316564e-07,0.00012027409053660425,16,20,False,0.995,0.005,0.66,fixed,100,none,eefd7eeb-488a-4f09-b43a-00ca3ec1ee27
1266,170600,23.74040675163269,1.0,1.0,1.0,0.9951079999999999,0.0,0.0,0.0,0.0,0.0,0.0,0.0,0.0,0.0,0.0,0.0,0.0,0.0,0.0,0.0025,0.9975,0.047880855019754906,1888,0.0005496762061329076,5.248248639515395e-07,0.00012042383824664428,16,20,False,0.995,0.005,0.66,fixed,100,none,eefd7eeb-488a-4f09-b43a-00ca3ec1ee27
1267,170700,23.752105474472046,1.0,1.0,1.0,0.9951079999999999,0.0,0.0,0.0,0.0,0.0,0.0,0.0,0.0,0.0,0.0,0.0,0.0,0.0,0.0,0.0025,0.9975,0.047880855019754906,1888,0.0005502375858064276,5.242954895863247e-07,0.00012054662367604841,16,20,False,0.995,0.005,0.66,fixed,100,none,eefd7eeb-488a-4f09-b43a-00ca3ec1ee27
1268,170800,23.763896465301514,1.0,1.0,1.0,0.9951079999999999,0.0,0.0,0.0,0.0,0.0,0.0,0.0,0.0,0.0,0.0,0.0,0.0,0.0,0.0,0.0025,0.9975,0.04788085501975489,1888,0.0005490558788196146,5.236687650009575e-07,0.00012028782893896384,16,20,False,0.995,0.005,0.66,fixed,100,none,eefd7eeb-488a-4f09-b43a-00ca3ec1ee27
1269,170900,23.77594256401062,1.0,1.0,1.0,0.9951079999999999,0.0,0.0,0.0,0.0,0.0,0.0,0.0,0.0,0.0,0.0,0.0,0.0,0.0,0.0,0.0025,0.9975,0.04827406863022217,1887,0.0005487473714640995,5.231690926364066e-07,0.00012022020174109231,16,20,False,0.995,0.005,0.66,fixed,100,none,eefd7eeb-488a-4f09-b43a-00ca3ec1ee27
1270,171200,23.787710428237915,1.0,1.0,1.0,0.9951079999999999,0.0,0.0,0.0,0.0,0.0,0.0,0.0,0.0,0.0,0.0,0.0,0.0,0.0,0.0,0.0025,0.9975,0.04748663639047492,1889,0.0005488362899939681,5.238210228560141e-07,0.00012023978987402227,16,20,False,0.995,0.005,0.66,fixed,100,none,eefd7eeb-488a-4f09-b43a-00ca3ec1ee27
1271,171300,23.799593210220337,1.0,1.0,1.0,0.9951079999999999,0.0,0.0,0.0,0.0,0.0,0.0,0.0,0.0,0.0,0.0,0.0,0.0,0.0,0.0,0.0025,0.9975,0.047880855019754906,1888,0.0005472710536700553,5.225835335405693e-07,0.00011989692451974782,16,20,False,0.995,0.005,0.66,fixed,100,none,eefd7eeb-488a-4f09-b43a-00ca3ec1ee27
1272,171500,23.81142544746399,1.0,1.0,1.0,0.9951079999999999,0.0,0.0,0.0,0.0,0.0,0.0,0.0,0.0,0.0,0.0,0.0,0.0,0.0,0.0,0.0025,0.9975,0.047880855019754906,1888,0.0005472871825813004,5.242576317691393e-07,0.0001199007732170828,16,20,False,0.995,0.005,0.66,fixed,100,none,eefd7eeb-488a-4f09-b43a-00ca3ec1ee27
1273,171600,23.82323408126831,1.0,1.0,1.0,0.9951079999999999,0.0,0.0,0.0,0.0,0.0,0.0,0.0,0.0,0.0,0.0,0.0,0.0,0.0,0.0,0.0025,0.9975,0.04788085501975489,1888,0.0005468738004011288,5.225455844587023e-07,0.00011980995856885425,16,20,False,0.995,0.005,0.66,fixed,100,none,eefd7eeb-488a-4f09-b43a-00ca3ec1ee27
1274,171900,23.834999799728394,1.0,1.0,1.0,0.9951079999999999,0.0,0.0,0.0,0.0,0.0,0.0,0.0,0.0,0.0,0.0,0.0,0.0,0.0,0.0,0.0025,0.9975,0.04788085501975489,1888,0.000545594843205045,5.176310766138549e-07,0.00011952906108214099,16,20,False,0.995,0.005,0.66,fixed,100,none,eefd7eeb-488a-4f09-b43a-00ca3ec1ee27
1275,172000,23.84681749343872,0.99900075,0.999002,1.0,0.9960719999999998,0.0,0.0,0.0,0.0,0.0,0.0,0.0005,0.0,0.0,0.0,0.0005,0.0,0.0,0.0,0.002,0.9975,0.04788085501975489,1888,0.0005453214626048788,5.177199179558395e-07,0.00011946923494861958,16,20,False,0.995,0.005,0.66,fixed,100,none,eefd7eeb-488a-4f09-b43a-00ca3ec1ee27
1276,172100,23.858617782592773,1.0,1.0,1.0,0.9951079999999999,0.0,0.0,0.0,0.0,0.0,0.0,0.0,0.0,0.0,0.0,0.0,0.0,0.0,0.0,0.0025,0.9975,0.04788085501975489,1888,0.0005464859750646903,5.187544112270994e-07,0.00011972434327979387,16,20,False,0.995,0.005,0.66,fixed,100,none,eefd7eeb-488a-4f09-b43a-00ca3ec1ee27
1277,172200,23.870328903198242,1.0,1.0,1.0,0.9951079999999999,0.0,0.0,0.0,0.0,0.0,0.0,0.0,0.0,0.0,0.0,0.0,0.0,0.0,0.0,0.0025,0.9975,0.04788085501975489,1888,0.0005467267478779394,5.205204496728772e-07,0.00011977738399591878,16,20,False,0.995,0.005,0.66,fixed,100,none,eefd7eeb-488a-4f09-b43a-00ca3ec1ee27
1278,172300,23.88206696510315,1.0,1.0,1.0,0.9951079999999999,0.0,0.0,0.0,0.0,0.0,0.0,0.0,0.0,0.0,0.0,0.0,0.0,0.0,0.0,0.0025,0.9975,0.04788085501975489,1888,0.0005475552246909137,5.216134021970674e-07,0.00011995894523125845,16,20,False,0.995,0.005,0.66,fixed,100,none,eefd7eeb-488a-4f09-b43a-00ca3ec1ee27
1279,172400,23.89379072189331,1.0,1.0,1.0,0.9951079999999999,0.0,0.0,0.0,0.0,0.0,0.0,0.0,0.0,0.0,0.0,0.0,0.0,0.0,0.0,0.0025,0.9975,0.04788085501975489,1888,0.0005475552246909137,5.216134021970674e-07,0.00011995894523125845,16,20,False,0.995,0.005,0.66,fixed,100,none,eefd7eeb-488a-4f09-b43a-00ca3ec1ee27
1280,172600,23.905542612075806,1.0,1.0,1.0,0.9951079999999999,0.0,0.0,0.0,0.0,0.0,0.0,0.0,0.0,0.0,0.0,0.0,0.0,0.0,0.0,0.0025,0.9975,0.047880855019754906,1888,0.0005480147678559275,5.202942879283637e-07,0.00012005928859836893,16,20,False,0.995,0.005,0.66,fixed,100,none,eefd7eeb-488a-4f09-b43a-00ca3ec1ee27
1281,172700,23.917375564575195,1.0,1.0,1.0,0.9951079999999999,0.0,0.0,0.0,0.0,0.0,0.0,0.0,0.0,0.0,0.0,0.0,0.0,0.0,0.0,0.0025,0.9975,0.047880855019754906,1888,0.000547911442021882,5.20616956350296e-07,0.00012003673188029653,16,20,False,0.995,0.005,0.66,fixed,100,none,eefd7eeb-488a-4f09-b43a-00ca3ec1ee27
1282,173000,23.929120302200317,1.0,1.0,1.0,0.9951079999999999,0.0,0.0,0.0,0.0,0.0,0.0,0.0,0.0,0.0,0.0,0.0,0.0,0.0,0.0,0.0025,0.9975,0.04748663639047491,1889,0.0005470460366416424,5.165299420673495e-07,0.00011984651810984834,16,20,False,0.995,0.005,0.66,fixed,100,none,eefd7eeb-488a-4f09-b43a-00ca3ec1ee27
1283,173100,23.940910816192627,1.0,1.0,1.0,0.9951079999999999,0.0,0.0,0.0,0.0,0.0,0.0,0.0,0.0,0.0,0.0,0.0,0.0,0.0,0.0,0.0025,0.9975,0.047486636390474915,1889,0.0005469332849376611,5.164879758712346e-07,0.00011982182878826956,16,20,False,0.995,0.005,0.66,fixed,100,none,eefd7eeb-488a-4f09-b43a-00ca3ec1ee27
1284,173300,23.952672719955444,1.0,1.0,1.0,0.9951079999999999,0.0,0.0,0.0,0.0,0.0,0.0,0.0,0.0,0.0,0.0,0.0,0.0,0.0,0.0,0.0025,0.9975,0.047880855019754906,1888,0.0005471707345467577,5.170144194253809e-07,0.00011987390653197608,16,20,False,0.995,0.005,0.66,fixed,100,none,eefd7eeb-488a-4f09-b43a-00ca3ec1ee27
1285,173400,23.96452760696411,1.0,1.0,1.0,0.9951079999999999,0.0,0.0,0.0,0.0,0.0,0.0,0.0,0.0,0.0,0.0,0.0,0.0,0.0,0.0,0.0025,0.9975,0.047880855019754906,1888,0.0005485128371671062,5.189529630698748e-07,0.00012016806111886282,16,20,False,0.995,0.005,0.66,fixed,100,none,eefd7eeb-488a-4f09-b43a-00ca3ec1ee27
1286,173500,23.976343631744385,0.99900075,0.999002,1.0,0.9960719999999998,0.0,0.0,0.0,0.0,0.0,0.0,0.0005,0.0,0.0,0.0,0.0005,0.0,0.0,0.0,0.002,0.9975,0.047880855019754906,1888,0.0005494168810495551,5.202340692894042e-07,0.0001203661997349126,16,20,False,0.995,0.005,0.66,fixed,100,none,eefd7eeb-488a-4f09-b43a-00ca3ec1ee27
1287,173600,23.988211154937744,0.99900075,0.999002,1.0,0.9960719999999998,0.0,0.0,0.0,0.0,0.0,0.0,0.0005,0.0,0.0,0.0,0.0005,0.0,0.0,0.0,0.002,0.9975,0.047880855019754906,1888,0.0005497706091997657,5.210684705668631e-07,0.00012044378936323642,16,20,False,0.995,0.005,0.66,fixed,100,none,eefd7eeb-488a-4f09-b43a-00ca3ec1ee27
1288,173700,24.000114679336548,0.99900075,0.999002,1.0,0.9960719999999998,0.0,0.0,0.0,0.0,0.0,0.0,0.0005,0.0,0.0,0.0,0.0005,0.0,0.0,0.0,0.002,0.9975,0.047880855019754906,1888,0.0005493233167315259,5.204044408094161e-07,0.0001203457508762848,16,20,False,0.995,0.005,0.66,fixed,100,none,eefd7eeb-488a-4f09-b43a-00ca3ec1ee27
1289,173800,24.011906623840332,0.99900075,0.999002,1.0,0.9960719999999998,0.0,0.0,0.0,0.0,0.0,0.0,0.0005,0.0,0.0,0.0,0.0005,0.0,0.0,0.0,0.002,0.9975,0.047880855019754906,1888,0.0005495096785227178,5.217476231729996e-07,0.0001203868006770258,16,20,False,0.995,0.005,0.66,fixed,100,none,eefd7eeb-488a-4f09-b43a-00ca3ec1ee27
1290,174100,24.023948192596436,0.99900075,0.999002,1.0,0.9960719999999998,0.0,0.0,0.0,0.0,0.0,0.0,0.0005,0.0,0.0,0.0,0.0005,0.0,0.0,0.0,0.002,0.9975,0.04827406863022218,1887,0.0005491074841289242,5.227509445703597e-07,0.00012029895095528987,16,20,False,0.995,0.005,0.66,fixed,100,none,eefd7eeb-488a-4f09-b43a-00ca3ec1ee27
1291,174200,24.03580117225647,0.99900075,0.999002,1.0,0.9960719999999998,0.0,0.0,0.0,0.0,0.0,0.0,0.0005,0.0,0.0,0.0,0.0005,0.0,0.0,0.0,0.002,0.9975,0.048274068630222176,1887,0.0005500554725028252,5.242948104401528e-07,0.00012050675894485207,16,20,False,0.995,0.005,0.66,fixed,100,none,eefd7eeb-488a-4f09-b43a-00ca3ec1ee27
1292,174400,24.04763388633728,0.99900075,0.999002,1.0,0.9960719999999998,0.0,0.0,0.0,0.0,0.0,0.0,0.0005,0.0,0.0,0.0,0.0005,0.0,0.0,0.0,0.002,0.9975,0.048274068630222176,1887,0.0005478722912233856,5.209807974382665e-07,0.00012002823090031239,16,20,False,0.995,0.005,0.66,fixed,100,none,eefd7eeb-488a-4f09-b43a-00ca3ec1ee27
1293,174500,24.059394121170044,1.0,1.0,1.0,0.9951079999999999,0.0,0.0,0.0,0.0,0.0,0.0,0.0,0.0,0.0,0.0,0.0,0.0,0.0,0.0,0.0025,0.9975,0.04827406863022218,1887,0.0005478910604027001,5.200204988826679e-07,0.00012003215701693876,16,20,False,0.995,0.005,0.66,fixed,100,none,eefd7eeb-488a-4f09-b43a-00ca3ec1ee27
1294,174800,24.071624279022217,0.99900075,0.999002,1.0,0.9960719999999998,0.0,0.0,0.0,0.0,0.0,0.0,0.0005,0.0,0.0,0.0,0.0005,0.0,0.0,0.0,0.002,0.9975,0.0478808550197549,1888,0.000548854357100188,5.225296331985862e-07,0.00012024349939953887,16,20,False,0.995,0.005,0.66,fixed,100,none,eefd7eeb-488a-4f09-b43a-00ca3ec1ee27
1295,174900,24.08351755142212,1.0,1.0,1.0,0.9951079999999999,0.0,0.0,0.0,0.0,0.0,0.0,0.0,0.0,0.0,0.0,0.0,0.0,0.0,0.0,0.0025,0.9975,0.047880855019754906,1888,0.0005491864983968017,5.214499063438437e-07,0.00012031599998126522,16,20,False,0.995,0.005,0.66,fixed,100,none,eefd7eeb-488a-4f09-b43a-00ca3ec1ee27
1296,175000,24.095490217208862,1.0,1.0,1.0,0.9951079999999999,0.0,0.0,0.0,0.0,0.0,0.0,0.0,0.0,0.0,0.0,0.0,0.0,0.0,0.0,0.0025,0.9975,0.048274068630222176,1887,0.0005503958885959974,5.215615166216699e-07,0.00012058075670182196,16,20,False,0.995,0.005,0.66,fixed,100,none,eefd7eeb-488a-4f09-b43a-00ca3ec1ee27
1297,175100,24.107260704040527,1.0,1.0,1.0,0.9951079999999999,0.0,0.0,0.0,0.0,0.0,0.0,0.0,0.0,0.0,0.0,0.0,0.0,0.0,0.0,0.0025,0.9975,0.048274068630222176,1887,0.0005509325793934243,5.232069311638972e-07,0.00012069855094614171,16,20,False,0.995,0.005,0.66,fixed,100,none,eefd7eeb-488a-4f09-b43a-00ca3ec1ee27
1298,175200,24.119151830673218,1.0,1.0,1.0,0.9951079999999999,0.0,0.0,0.0,0.0,0.0,0.0,0.0,0.0,0.0,0.0,0.0,0.0,0.0,0.0,0.0025,0.9975,0.048274068630222176,1887,0.0005512521402232747,5.235887334966796e-07,0.0001207685753542392,16,20,False,0.995,0.005,0.66,fixed,100,none,eefd7eeb-488a-4f09-b43a-00ca3ec1ee27
1299,175500,24.130956649780273,1.0,1.0,1.0,0.9951079999999999,0.0,0.0,0.0,0.0,0.0,0.0,0.0,0.0,0.0,0.0,0.0,0.0,0.0,0.0,0.0025,0.9975,0.048274068630222176,1887,0.0005516869986969775,5.233484750513204e-07,0.00012086372022502812,16,20,False,0.995,0.005,0.66,fixed,100,none,eefd7eeb-488a-4f09-b43a-00ca3ec1ee27
1300,175600,24.142786979675293,1.0,1.0,1.0,0.9951079999999999,0.0,0.0,0.0,0.0,0.0,0.0,0.0,0.0,0.0,0.0,0.0,0.0,0.0,0.0,0.0025,0.9975,0.048274068630222176,1887,0.0005521610614406477,5.231018655675886e-07,0.00012096744570381563,16,20,False,0.995,0.005,0.66,fixed,100,none,eefd7eeb-488a-4f09-b43a-00ca3ec1ee27
1301,175900,24.154686212539673,1.0,1.0,1.0,0.9951079999999999,0.0,0.0,0.0,0.0,0.0,0.0,0.0,0.0,0.0,0.0,0.0,0.0,0.0,0.0,0.0025,0.9975,0.04827406863022218,1887,0.0005502827194670667,5.22264988776219e-07,0.00012055611763920838,16,20,False,0.995,0.005,0.66,fixed,100,none,eefd7eeb-488a-4f09-b43a-00ca3ec1ee27
1302,176000,24.166624069213867,1.0,1.0,1.0,0.9951079999999999,0.0,0.0,0.0,0.0,0.0,0.0,0.0,0.0,0.0,0.0,0.0,0.0,0.0,0.0,0.0025,0.9975,0.048274068630222176,1887,0.0005510208438556925,5.242646130941083e-07,0.00012071807299649899,16,20,False,0.995,0.005,0.66,fixed,100,none,eefd7eeb-488a-4f09-b43a-00ca3ec1ee27
1303,176200,24.1785945892334,1.0,1.0,1.0,0.9951079999999999,0.0,0.0,0.0,0.0,0.0,0.0,0.0,0.0,0.0,0.0,0.0,0.0,0.0,0.0,0.0025,0.9975,0.04827406863022218,1887,0.0005519195977254756,5.269468700207332e-07,0.00012091531984741054,16,20,False,0.995,0.005,0.66,fixed,100,none,eefd7eeb-488a-4f09-b43a-00ca3ec1ee27
1304,176300,24.19032597541809,1.0,1.0,1.0,0.9951079999999999,0.0,0.0,0.0,0.0,0.0,0.0,0.0,0.0,0.0,0.0,0.0,0.0,0.0,0.0,0.0025,0.9975,0.0478808550197549,1888,0.0005517657105129117,5.274422043953605e-07,0.00012088172805011149,16,20,False,0.995,0.005,0.66,fixed,100,none,eefd7eeb-488a-4f09-b43a-00ca3ec1ee27
1305,176400,24.202051639556885,1.0,1.0,1.0,0.9951079999999999,0.0,0.0,0.0,0.0,0.0,0.0,0.0,0.0,0.0,0.0,0.0,0.0,0.0,0.0,0.0025,0.9975,0.0478808550197549,1888,0.0005533558656691929,5.300932794695787e-07,0.00012123031671808554,16,20,False,0.995,0.005,0.66,fixed,100,none,eefd7eeb-488a-4f09-b43a-00ca3ec1ee27
1306,176500,24.213754892349243,1.0,1.0,1.0,0.9951079999999999,0.0,0.0,0.0,0.0,0.0,0.0,0.0,0.0,0.0,0.0,0.0,0.0,0.0,0.0,0.0025,0.9975,0.0478808550197549,1888,0.0005539514053089714,5.31773193694484e-07,0.00012136099952893579,16,20,False,0.995,0.005,0.66,fixed,100,none,eefd7eeb-488a-4f09-b43a-00ca3ec1ee27
1307,176600,24.225584030151367,1.0,1.0,1.0,0.9951079999999999,0.0,0.0,0.0,0.0,0.0,0.0,0.0,0.0,0.0,0.0,0.0,0.0,0.0,0.0,0.0025,0.9975,0.0478808550197549,1888,0.0005535494189468867,5.306942748449624e-07,0.00012127279971969405,16,20,False,0.995,0.005,0.66,fixed,100,none,eefd7eeb-488a-4f09-b43a-00ca3ec1ee27
1308,176700,24.237844467163086,1.0,1.0,1.0,0.9951079999999999,0.0,0.0,0.0,0.0,0.0,0.0,0.0,0.0,0.0,0.0,0.0,0.0,0.0,0.0,0.0025,0.9975,0.0478808550197549,1888,0.0005545207924315969,5.330081012245748e-07,0.00012148587300250924,16,20,False,0.995,0.005,0.66,fixed,100,none,eefd7eeb-488a-4f09-b43a-00ca3ec1ee27
1309,176900,24.24962282180786,1.0,1.0,1.0,0.9951079999999999,0.0,0.0,0.0,0.0,0.0,0.0,0.0,0.0,0.0,0.0,0.0,0.0,0.0,0.0,0.0025,0.9975,0.0478808550197549,1888,0.0005553593781967777,5.356632965183205e-07,0.00012166994391361311,16,20,False,0.995,0.005,0.66,fixed,100,none,eefd7eeb-488a-4f09-b43a-00ca3ec1ee27
1310,177000,24.26136565208435,1.0,1.0,1.0,0.9951079999999999,0.0,0.0,0.0,0.0,0.0,0.0,0.0,0.0,0.0,0.0,0.0,0.0,0.0,0.0,0.0025,0.9975,0.0478808550197549,1888,0.0005552115572938911,5.346790760944699e-07,0.0001216373989160907,16,20,False,0.995,0.005,0.66,fixed,100,none,eefd7eeb-488a-4f09-b43a-00ca3ec1ee27
1311,177300,24.273356914520264,1.0,1.0,1.0,0.9951079999999999,0.0,0.0,0.0,0.0,0.0,0.0,0.0,0.0,0.0,0.0,0.0,0.0,0.0,0.0,0.0025,0.9975,0.0478808550197549,1888,0.0005567430793131735,5.388581095849589e-07,0.00012197344310247483,16,20,False,0.995,0.005,0.66,fixed,100,none,eefd7eeb-488a-4f09-b43a-00ca3ec1ee27
1312,177400,24.28513789176941,1.0,1.0,1.0,0.9951079999999999,0.0,0.0,0.0,0.0,0.0,0.0,0.0,0.0,0.0,0.0,0.0,0.0,0.0,0.0,0.0025,0.9975,0.0478808550197549,1888,0.0005583017146879525,5.411118629184806e-07,0.0001223150565991473,16,20,False,0.995,0.005,0.66,fixed,100,none,eefd7eeb-488a-4f09-b43a-00ca3ec1ee27
1313,177700,24.29694366455078,1.0,1.0,1.0,0.9951079999999999,0.0,0.0,0.0,0.0,0.0,0.0,0.0,0.0,0.0,0.0,0.0,0.0,0.0,0.0,0.0025,0.9975,0.0478808550197549,1888,0.0005590115760528746,5.454159309719418e-07,0.00012247126302485892,16,20,False,0.995,0.005,0.66,fixed,100,none,eefd7eeb-488a-4f09-b43a-00ca3ec1ee27
1314,177800,24.308722019195557,1.0,1.0,1.0,0.9951079999999999,0.0,0.0,0.0,0.0,0.0,0.0,0.0,0.0,0.0,0.0,0.0,0.0,0.0,0.0,0.0025,0.9975,0.0478808550197549,1888,0.0005600040224593886,5.458932664934313e-07,0.00012268860023699393,16,20,False,0.995,0.005,0.66,fixed,100,none,eefd7eeb-488a-4f09-b43a-00ca3ec1ee27
1315,177900,24.32051420211792,1.0,1.0,1.0,0.9951079999999999,0.0,0.0,0.0,0.0,0.0,0.0,0.0,0.0,0.0,0.0,0.0,0.0,0.0,0.0,0.0025,0.9975,0.04827406863022218,1887,0.0005614105570253787,5.467340153455555e-07,0.00012299665039577104,16,20,False,0.995,0.005,0.66,fixed,100,none,eefd7eeb-488a-4f09-b43a-00ca3ec1ee27
1316,178000,24.332422733306885,1.0,1.0,1.0,0.9951079999999999,0.0,0.0,0.0,0.0,0.0,0.0,0.0,0.0,0.0,0.0,0.0,0.0,0.0,0.0,0.0025,0.9975,0.0478808550197549,1888,0.0005613532858410232,5.472083891383715e-07,0.00012298420386453628,16,20,False,0.995,0.005,0.66,fixed,100,none,eefd7eeb-488a-4f09-b43a-00ca3ec1ee27
1317,178100,24.344531774520874,1.0,1.0,1.0,0.9951079999999999,0.0,0.0,0.0,0.0,0.0,0.0,0.0,0.0,0.0,0.0,0.0,0.0,0.0,0.0,0.0025,0.9975,0.0478808550197549,1888,0.0005618569382609892,5.46771371046871e-07,0.00012309437034582947,16,20,False,0.995,0.005,0.66,fixed,100,none,eefd7eeb-488a-4f09-b43a-00ca3ec1ee27
1318,178400,24.356677770614624,1.0,1.0,1.0,0.9951079999999999,0.0,0.0,0.0,0.0,0.0,0.0,0.0,0.0,0.0,0.0,0.0,0.0,0.0,0.0,0.0025,0.9975,0.047486636390474915,1889,0.0005648544844335872,5.516258922633175e-07,0.00012375145556204226,16,20,False,0.995,0.005,0.66,fixed,100,none,eefd7eeb-488a-4f09-b43a-00ca3ec1ee27
1319,178500,24.368426084518433,1.0,1.0,1.0,0.9951079999999999,0.0,0.0,0.0,0.0,0.0,0.0,0.0,0.0,0.0,0.0,0.0,0.0,0.0,0.0,0.0025,0.9975,0.0478808550197549,1888,0.0005658786154465541,5.536047615937978e-07,0.00012397601382595352,16,20,False,0.995,0.005,0.66,fixed,100,none,eefd7eeb-488a-4f09-b43a-00ca3ec1ee27
1320,178700,24.380310773849487,1.0,1.0,1.0,0.9951079999999999,0.0,0.0,0.0,0.0,0.0,0.0,0.0,0.0,0.0,0.0,0.0,0.0,0.0,0.0,0.0025,0.9975,0.047486636390474915,1889,0.0005671321706053454,5.548299736801961e-07,0.00012425064984050938,16,20,False,0.995,0.005,0.66,fixed,100,none,eefd7eeb-488a-4f09-b43a-00ca3ec1ee27
1321,178800,24.392054796218872,1.0,1.0,1.0,0.9951079999999999,0.0,0.0,0.0,0.0,0.0,0.0,0.0,0.0,0.0,0.0,0.0,0.0,0.0,0.0,0.0025,0.9975,0.047486636390474915,1889,0.0005669104222675086,5.551175464579282e-07,0.00012420216376818463,16,20,False,0.995,0.005,0.66,fixed,100,none,eefd7eeb-488a-4f09-b43a-00ca3ec1ee27
1322,179100,24.403728485107422,1.0,1.0,1.0,0.9951079999999999,0.0,0.0,0.0,0.0,0.0,0.0,0.0,0.0,0.0,0.0,0.0,0.0,0.0,0.0,0.0025,0.9975,0.047486636390474915,1889,0.0005675011273872162,5.544494993313697e-07,0.0001243313421899346,16,20,False,0.995,0.005,0.66,fixed,100,none,eefd7eeb-488a-4f09-b43a-00ca3ec1ee27
1323,179200,24.415417432785034,1.0,1.0,1.0,0.9951079999999999,0.0,0.0,0.0,0.0,0.0,0.0,0.0,0.0,0.0,0.0,0.0,0.0,0.0,0.0,0.0025,0.9975,0.047486636390474915,1889,0.0005685729987057182,5.540800918926942e-07,0.00012456590463414134,16,20,False,0.995,0.005,0.66,fixed,100,none,eefd7eeb-488a-4f09-b43a-00ca3ec1ee27
1324,179300,24.427122354507446,1.0,1.0,1.0,0.9951079999999999,0.0,0.0,0.0,0.0,0.0,0.0,0.0,0.0,0.0,0.0,0.0,0.0,0.0,0.0,0.0025,0.9975,0.047486636390474915,1889,0.0005677918557881469,5.539173704088092e-07,0.00012439488153240304,16,20,False,0.995,0.005,0.66,fixed,100,none,eefd7eeb-488a-4f09-b43a-00ca3ec1ee27
1325,179400,24.438944578170776,1.0,1.0,1.0,0.9951079999999999,0.0,0.0,0.0,0.0,0.0,0.0,0.0,0.0,0.0,0.0,0.0,0.0,0.0,0.0,0.0025,0.9975,0.047486636390474915,1889,0.0005696803787979573,5.555105918168714e-07,0.0001248085819313181,16,20,False,0.995,0.005,0.66,fixed,100,none,eefd7eeb-488a-4f09-b43a-00ca3ec1ee27
1326,179500,24.450713872909546,1.0,1.0,1.0,0.9951079999999999,0.0,0.0,0.0,0.0,0.0,0.0,0.0,0.0,0.0,0.0,0.0,0.0,0.0,0.0,0.0025,0.9975,0.04827406863022218,1887,0.0005702894426260889,5.567307072792843e-07,0.0001249421378252339,16,20,False,0.995,0.005,0.66,fixed,100,none,eefd7eeb-488a-4f09-b43a-00ca3ec1ee27
1327,179600,24.46246576309204,1.0,1.0,1.0,0.9951079999999999,0.0,0.0,0.0,0.0,0.0,0.0,0.0,0.0,0.0,0.0,0.0,0.0,0.0,0.0,0.0025,0.9975,0.04827406863022218,1887,0.0005691068517281988,5.554759322746038e-07,0.0001246830302704349,16,20,False,0.995,0.005,0.66,fixed,100,none,eefd7eeb-488a-4f09-b43a-00ca3ec1ee27
1328,179800,24.474355697631836,1.0,1.0,1.0,0.9951079999999999,0.0,0.0,0.0,0.0,0.0,0.0,0.0,0.0,0.0,0.0,0.0,0.0,0.0,0.0,0.0025,0.9975,0.04827406863022218,1887,0.000570360608676249,5.564677901257422e-07,0.0001249576661193548,16,20,False,0.995,0.005,0.66,fixed,100,none,eefd7eeb-488a-4f09-b43a-00ca3ec1ee27
1329,179900,24.486231327056885,1.0,1.0,1.0,0.9951079999999999,0.0,0.0,0.0,0.0,0.0,0.0,0.0,0.0,0.0,0.0,0.0,0.0,0.0,0.0,0.0025,0.9975,0.04827406863022218,1887,0.000570125087196063,5.555824688702948e-07,0.00012490594225630355,16,20,False,0.995,0.005,0.66,fixed,100,none,eefd7eeb-488a-4f09-b43a-00ca3ec1ee27
1330,180200,24.49837565422058,1.0,1.0,1.0,0.9951079999999999,0.0,0.0,0.0,0.0,0.0,0.0,0.0,0.0,0.0,0.0,0.0,0.0,0.0,0.0,0.0025,0.9975,0.0478808550197549,1888,0.0005720741384293896,5.609705654354663e-07,0.0001253336133096261,16,20,False,0.995,0.005,0.66,fixed,100,none,eefd7eeb-488a-4f09-b43a-00ca3ec1ee27
1331,180300,24.51019287109375,1.0,1.0,1.0,0.9951079999999999,0.0,0.0,0.0,0.0,0.0,0.0,0.0,0.0,0.0,0.0,0.0,0.0,0.0,0.0,0.0025,0.9975,0.0478808550197549,1888,0.0005711444656134015,5.604196561828889e-07,0.00012513000325744834,16,20,False,0.995,0.005,0.66,fixed,100,none,eefd7eeb-488a-4f09-b43a-00ca3ec1ee27
1332,180500,24.5221951007843,1.0,1.0,1.0,0.9951079999999999,0.0,0.0,0.0,0.0,0.0,0.0,0.0,0.0,0.0,0.0,0.0,0.0,0.0,0.0,0.0025,0.9975,0.0478808550197549,1888,0.0005699139660216849,5.581550565423115e-07,0.00012486021662288987,16,20,False,0.995,0.005,0.66,fixed,100,none,eefd7eeb-488a-4f09-b43a-00ca3ec1ee27
1333,180600,24.534051656723022,0.99900075,0.999002,1.0,0.9960719999999998,0.0,0.0,0.0,0.0,0.0,0.0,0.0005,0.0,0.0,0.0,0.0005,0.0,0.0,0.0,0.002,0.9975,0.04827406863022218,1887,0.0005704109813695194,5.593028413070265e-07,0.00012496923136163615,16,20,False,0.995,0.005,0.66,fixed,100,none,eefd7eeb-488a-4f09-b43a-00ca3ec1ee27
1334,180800,24.545878648757935,0.99900075,0.999002,1.0,0.9960719999999998,0.0,0.0,0.0,0.0,0.0,0.0,0.0005,0.0,0.0,0.0,0.0005,0.0,0.0,0.0,0.002,0.9975,0.04827406863022218,1887,0.0005698375848283297,5.595326712876604e-07,0.00012484375852646603,16,20,False,0.995,0.005,0.66,fixed,100,none,eefd7eeb-488a-4f09-b43a-00ca3ec1ee27
1335,180900,24.557564973831177,0.99900075,0.999002,1.0,0.9960719999999998,0.0,0.0,0.0,0.0,0.0,0.0,0.0005,0.0,0.0,0.0,0.0005,0.0,0.0,0.0,0.002,0.9975,0.04827406863022218,1887,0.0005716864720932994,5.615915141469391e-07,0.00012524887112891117,16,20,False,0.995,0.005,0.66,fixed,100,none,eefd7eeb-488a-4f09-b43a-00ca3ec1ee27
1336,181000,24.569375038146973,0.99900075,0.999002,1.0,0.9960719999999998,0.0,0.0,0.0,0.0,0.0,0.0,0.0005,0.0,0.0,0.0,0.0005,0.0,0.0,0.0,0.002,0.9975,0.04827406863022218,1887,0.0005738295944130136,5.651434383974826e-07,0.0001257186754703042,16,20,False,0.995,0.005,0.66,fixed,100,none,eefd7eeb-488a-4f09-b43a-00ca3ec1ee27
1337,181300,24.581489324569702,0.99900075,0.999002,1.0,0.9960719999999998,0.0,0.0,0.0,0.0,0.0,0.0,0.0005,0.0,0.0,0.0,0.0005,0.0,0.0,0.0,0.002,0.9975,0.04827406863022218,1887,0.000574897808141344,5.681866066438838e-07,0.00012595308565740252,16,20,False,0.995,0.005,0.66,fixed,100,none,eefd7eeb-488a-4f09-b43a-00ca3ec1ee27
1338,181400,24.59340238571167,1.0,1.0,1.0,0.9951079999999999,0.0,0.0,0.0,0.0,0.0,0.0,0.0,0.0,0.0,0.0,0.0,0.0,0.0,0.0,0.0025,0.9975,0.0478808550197549,1888,0.000575390165122216,5.680221672122518e-07,0.00012606083135702342,16,20,False,0.995,0.005,0.66,fixed,100,none,eefd7eeb-488a-4f09-b43a-00ca3ec1ee27
1339,181600,24.605315446853638,1.0,1.0,1.0,0.9951079999999999,0.0,0.0,0.0,0.0,0.0,0.0,0.0,0.0,0.0,0.0,0.0,0.0,0.0,0.0,0.0025,0.9975,0.0478808550197549,1888,0.000574488783492042,5.665670471985313e-07,0.00012586324244537572,16,20,False,0.995,0.005,0.66,fixed,100,none,eefd7eeb-488a-4f09-b43a-00ca3ec1ee27
1340,181700,24.617010831832886,1.0,1.0,1.0,0.9951079999999999,0.0,0.0,0.0,0.0,0.0,0.0,0.0,0.0,0.0,0.0,0.0,0.0,0.0,0.0,0.0025,0.9975,0.0478808550197549,1888,0.0005750860349458984,5.673869507045379e-07,0.00012599413657029103,16,20,False,0.995,0.005,0.66,fixed,100,none,eefd7eeb-488a-4f09-b43a-00ca3ec1ee27
1341,182000,24.6289324760437,1.0,1.0,1.0,0.9951079999999999,0.0,0.0,0.0,0.0,0.0,0.0,0.0,0.0,0.0,0.0,0.0,0.0,0.0,0.0,0.0025,0.9975,0.04827406863022218,1887,0.0005747933988759259,5.691288805043198e-07,0.00012593040950123602,16,20,False,0.995,0.005,0.66,fixed,100,none,eefd7eeb-488a-4f09-b43a-00ca3ec1ee27
1342,182100,24.640932321548462,1.0,1.0,1.0,0.9951079999999999,0.0,0.0,0.0,0.0,0.0,0.0,0.0,0.0,0.0,0.0,0.0,0.0,0.0,0.0,0.0025,0.9975,0.04827406863022218,1887,0.0005747933988759259,5.691288805043198e-07,0.00012593040950123602,16,20,False,0.995,0.005,0.66,fixed,100,none,eefd7eeb-488a-4f09-b43a-00ca3ec1ee27
1343,182300,24.652760982513428,1.0,1.0,1.0,0.9951079999999999,0.0,0.0,0.0,0.0,0.0,0.0,0.0,0.0,0.0,0.0,0.0,0.0,0.0,0.0,0.0025,0.9975,0.04827406863022218,1887,0.0005738648752629427,5.678461153401831e-07,0.00012572691195697282,16,20,False,0.995,0.005,0.66,fixed,100,none,eefd7eeb-488a-4f09-b43a-00ca3ec1ee27
1344,182400,24.6648371219635,1.0,1.0,1.0,0.9951079999999999,0.0,0.0,0.0,0.0,0.0,0.0,0.0,0.0,0.0,0.0,0.0,0.0,0.0,0.0,0.0025,0.9975,0.04827406863022218,1887,0.0005756410884881773,5.692953819929592e-07,0.00012611600039264068,16,20,False,0.995,0.005,0.66,fixed,100,none,eefd7eeb-488a-4f09-b43a-00ca3ec1ee27
1345,182700,24.676713943481445,1.0,1.0,1.0,0.9951079999999999,0.0,0.0,0.0,0.0,0.0,0.0,0.0,0.0,0.0,0.0,0.0,0.0,0.0,0.0,0.0025,0.9975,0.04827406863022218,1887,0.0005744062230319718,5.662127137659583e-07,0.00012584510263731415,16,20,False,0.995,0.005,0.66,fixed,100,none,eefd7eeb-488a-4f09-b43a-00ca3ec1ee27
1346,182800,24.68858242034912,1.0,1.0,1.0,0.9951079999999999,0.0,0.0,0.0,0.0,0.0,0.0,0.0,0.0,0.0,0.0,0.0,0.0,0.0,0.0,0.0025,0.9975,0.04827406863022218,1887,0.0005750496288348121,5.655143350831057e-07,0.00012598581147560617,16,20,False,0.995,0.005,0.66,fixed,100,none,eefd7eeb-488a-4f09-b43a-00ca3ec1ee27
1347,183100,24.700368642807007,1.0,1.0,1.0,0.9951079999999999,0.0,0.0,0.0,0.0,0.0,0.0,0.0,0.0,0.0,0.0,0.0,0.0,0.0,0.0,0.0025,0.9975,0.04827406863022218,1887,0.000574610182936746,5.658751361079018e-07,0.0001258896853207142,16,20,False,0.995,0.005,0.66,fixed,100,none,eefd7eeb-488a-4f09-b43a-00ca3ec1ee27
1348,183200,24.71222949028015,1.0,1.0,1.0,0.9951079999999999,0.0,0.0,0.0,0.0,0.0,0.0,0.0,0.0,0.0,0.0,0.0,0.0,0.0,0.0,0.0025,0.9975,0.04827406863022218,1887,0.0005753109599949067,5.6652975670544e-07,0.00012604320979665913,16,20,False,0.995,0.005,0.66,fixed,100,none,eefd7eeb-488a-4f09-b43a-00ca3ec1ee27
1349,183400,24.724066734313965,1.0,1.0,1.0,0.9951079999999999,0.0,0.0,0.0,0.0,0.0,0.0,0.0,0.0,0.0,0.0,0.0,0.0,0.0,0.0,0.0025,0.9975,0.04827406863022218,1887,0.0005742513749169417,5.658088117333254e-07,0.00012581112964354788,16,20,False,0.995,0.005,0.66,fixed,100,none,eefd7eeb-488a-4f09-b43a-00ca3ec1ee27
1350,183500,24.736727952957153,1.0,1.0,1.0,0.9951079999999999,0.0,0.0,0.0,0.0,0.0,0.0,0.0,0.0,0.0,0.0,0.0,0.0,0.0,0.0,0.0025,0.9975,0.04827406863022218,1887,0.0005740771291225007,5.66810858602176e-07,0.0001257731776280498,16,20,False,0.995,0.005,0.66,fixed,100,none,eefd7eeb-488a-4f09-b43a-00ca3ec1ee27
1351,183800,24.74862766265869,1.0,1.0,1.0,0.9951079999999999,0.0,0.0,0.0,0.0,0.0,0.0,0.0,0.0,0.0,0.0,0.0,0.0,0.0,0.0,0.0025,0.9975,0.04827406863022218,1887,0.0005756380698312691,5.692798223901523e-07,0.00012611533665231894,16,20,False,0.995,0.005,0.66,fixed,100,none,eefd7eeb-488a-4f09-b43a-00ca3ec1ee27
1352,183900,24.760375022888184,1.0,1.0,1.0,0.9951079999999999,0.0,0.0,0.0,0.0,0.0,0.0,0.0,0.0,0.0,0.0,0.0,0.0,0.0,0.0,0.0025,0.9975,0.04827406863022218,1887,0.0005771145458015671,5.694912505637438e-07,0.00012643857741357015,16,20,False,0.995,0.005,0.66,fixed,100,none,eefd7eeb-488a-4f09-b43a-00ca3ec1ee27
1353,184100,24.772074222564697,1.0,1.0,1.0,0.9951079999999999,0.0,0.0,0.0,0.0,0.0,0.0,0.0,0.0,0.0,0.0,0.0,0.0,0.0,0.0,0.0025,0.9975,0.04827406863022218,1887,0.0005768229917822188,5.704525644462386e-07,0.0001263749388883725,16,20,False,0.995,0.005,0.66,fixed,100,none,eefd7eeb-488a-4f09-b43a-00ca3ec1ee27
1354,184200,24.783822059631348,1.0,1.0,1.0,0.9951079999999999,0.0,0.0,0.0,0.0,0.0,0.0,0.0,0.0,0.0,0.0,0.0,0.0,0.0,0.0,0.0025,0.9975,0.04827406863022218,1887,0.0005775111247499739,5.710888363578196e-07,0.00012652569208667727,16,20,False,0.995,0.005,0.66,fixed,100,none,eefd7eeb-488a-4f09-b43a-00ca3ec1ee27
1355,184500,24.79565405845642,1.0,1.0,1.0,0.9951079999999999,0.0,0.0,0.0,0.0,0.0,0.0,0.0,0.0,0.0,0.0,0.0,0.0,0.0,0.0,0.0025,0.9975,0.04827406863022218,1887,0.0005764471253367009,5.688399950745742e-07,0.000126292355335268,16,20,False,0.995,0.005,0.66,fixed,100,none,eefd7eeb-488a-4f09-b43a-00ca3ec1ee27
1356,184600,24.808489084243774,1.0,1.0,1.0,0.9951079999999999,0.0,0.0,0.0,0.0,0.0,0.0,0.0,0.0,0.0,0.0,0.0,0.0,0.0,0.0,0.0025,0.9975,0.04827406863022218,1887,0.0005777032355899878,5.722352777820087e-07,0.0001265679629734269,16,20,False,0.995,0.005,0.66,fixed,100,none,eefd7eeb-488a-4f09-b43a-00ca3ec1ee27
1357,184900,24.821414947509766,1.0,1.0,1.0,0.9951079999999999,0.0,0.0,0.0,0.0,0.0,0.0,0.0,0.0,0.0,0.0,0.0,0.0,0.0,0.0,0.0025,0.9975,0.04827406863022218,1887,0.0005787528960428875,5.76217913677113e-07,0.00012679849034738676,16,20,False,0.995,0.005,0.66,fixed,100,none,eefd7eeb-488a-4f09-b43a-00ca3ec1ee27
1358,185000,24.834105491638184,1.0,1.0,1.0,0.9951079999999999,0.0,0.0,0.0,0.0,0.0,0.0,0.0,0.0,0.0,0.0,0.0,0.0,0.0,0.0,0.0025,0.9975,0.04827406863022218,1887,0.0005789433835006863,5.764930239773586e-07,0.00012684024032285596,16,20,False,0.995,0.005,0.66,fixed,100,none,eefd7eeb-488a-4f09-b43a-00ca3ec1ee27
1359,185200,24.847090244293213,1.0,1.0,1.0,0.9951079999999999,0.0,0.0,0.0,0.0,0.0,0.0,0.0,0.0,0.0,0.0,0.0,0.0,0.0,0.0,0.0025,0.9975,0.04827406863022218,1887,0.000580563812121429,5.77668461429894e-07,0.0001271951754810525,16,20,False,0.995,0.005,0.66,fixed,100,none,eefd7eeb-488a-4f09-b43a-00ca3ec1ee27
1360,185300,24.859952449798584,1.0,1.0,1.0,0.9951079999999999,0.0,0.0,0.0,0.0,0.0,0.0,0.0,0.0,0.0,0.0,0.0,0.0,0.0,0.0,0.0025,0.9975,0.047880855019754906,1888,0.0005808188548690961,5.772237042554763e-07,0.00012725091983465368,16,20,False,0.995,0.005,0.66,fixed,100,none,eefd7eeb-488a-4f09-b43a-00ca3ec1ee27
1361,185400,24.873695850372314,1.0,1.0,1.0,0.9951079999999999,0.0,0.0,0.0,0.0,0.0,0.0,0.0,0.0,0.0,0.0,0.0,0.0,0.0,0.0,0.0025,0.9975,0.047880855019754906,1888,0.0005802023934611426,5.7856252398274e-07,0.00012711623080820085,16,20,False,0.995,0.005,0.66,fixed,100,none,eefd7eeb-488a-4f09-b43a-00ca3ec1ee27
1362,185600,24.88739323616028,1.0,1.0,1.0,0.9951079999999999,0.0,0.0,0.0,0.0,0.0,0.0,0.0,0.0,0.0,0.0,0.0,0.0,0.0,0.0,0.0025,0.9975,0.04827406863022218,1887,0.0005807160452739531,5.796490845042469e-07,0.00012722887563652415,16,20,False,0.995,0.005,0.66,fixed,100,none,eefd7eeb-488a-4f09-b43a-00ca3ec1ee27
1363,185700,24.901021718978882,1.0,1.0,1.0,0.9951079999999999,0.0,0.0,0.0,0.0,0.0,0.0,0.0,0.0,0.0,0.0,0.0,0.0,0.0,0.0,0.0025,0.9975,0.047880855019754906,1888,0.0005800662655660624,5.805781641868863e-07,0.00012708681538360658,16,20,False,0.995,0.005,0.66,fixed,100,none,eefd7eeb-488a-4f09-b43a-00ca3ec1ee27
1364,185900,24.91473078727722,1.0,1.0,1.0,0.9951079999999999,0.0,0.0,0.0,0.0,0.0,0.0,0.0,0.0,0.0,0.0,0.0,0.0,0.0,0.0,0.0025,0.9975,0.047880855019754906,1888,0.0005800615074070939,5.80563464825317e-07,0.00012708577102972968,16,20,False,0.995,0.005,0.66,fixed,100,none,eefd7eeb-488a-4f09-b43a-00ca3ec1ee27
1365,186000,24.92831587791443,1.0,1.0,1.0,0.9951079999999999,0.0,0.0,0.0,0.0,0.0,0.0,0.0,0.0,0.0,0.0,0.0,0.0,0.0,0.0,0.0025,0.9975,0.04827406863022218,1887,0.0005804072046509114,5.795549563841478e-07,0.0001271612525397975,16,20,False,0.995,0.005,0.66,fixed,100,none,eefd7eeb-488a-4f09-b43a-00ca3ec1ee27
1366,186300,24.942192554473877,1.0,1.0,1.0,0.9951079999999999,0.0,0.0,0.0,0.0,0.0,0.0,0.0,0.0,0.0,0.0,0.0,0.0,0.0,0.0,0.0025,0.9975,0.047880855019754906,1888,0.0005816086392547243,5.809588914814481e-07,0.00012742451332224065,16,20,False,0.995,0.005,0.66,fixed,100,none,eefd7eeb-488a-4f09-b43a-00ca3ec1ee27
1367,186400,24.956081867218018,1.0,1.0,1.0,0.9951079999999999,0.0,0.0,0.0,0.0,0.0,0.0,0.0,0.0,0.0,0.0,0.0,0.0,0.0,0.0,0.0025,0.9975,0.047880855019754906,1888,0.0005821618039019007,5.812870003211012e-07,0.00012754566340418707,16,20,False,0.995,0.005,0.66,fixed,100,none,eefd7eeb-488a-4f09-b43a-00ca3ec1ee27
1368,186700,24.96972393989563,1.0,1.0,1.0,0.9951079999999999,0.0,0.0,0.0,0.0,0.0,0.0,0.0,0.0,0.0,0.0,0.0,0.0,0.0,0.0,0.0025,0.9975,0.047880855019754906,1888,0.0005822990385296117,5.81333671231754e-07,0.00012757571293166604,16,20,False,0.995,0.005,0.66,fixed,100,none,eefd7eeb-488a-4f09-b43a-00ca3ec1ee27
1369,186800,24.98305869102478,1.0,1.0,1.0,0.9951079999999999,0.0,0.0,0.0,0.0,0.0,0.0,0.0,0.0,0.0,0.0,0.0,0.0,0.0,0.0,0.0025,0.9975,0.047880855019754906,1888,0.0005819683618359531,5.805819585144702e-07,0.00012750318497800788,16,20,False,0.995,0.005,0.66,fixed,100,none,eefd7eeb-488a-4f09-b43a-00ca3ec1ee27
1370,186900,24.996329307556152,1.0,1.0,1.0,0.9951079999999999,0.0,0.0,0.0,0.0,0.0,0.0,0.0,0.0,0.0,0.0,0.0,0.0,0.0,0.0,0.0025,0.9975,0.047880855019754906,1888,0.000581588720027965,5.806274818402367e-07,0.00012742009003567116,16,20,False,0.995,0.005,0.66,fixed,100,none,eefd7eeb-488a-4f09-b43a-00ca3ec1ee27
1371,187000,25.009493589401245,1.0,1.0,1.0,0.9951079999999999,0.0,0.0,0.0,0.0,0.0,0.0,0.0,0.0,0.0,0.0,0.0,0.0,0.0,0.0,0.0025,0.9975,0.047880855019754906,1888,0.000581588720027965,5.806274818402367e-07,0.00012742009003567116,16,20,False,0.995,0.005,0.66,fixed,100,none,eefd7eeb-488a-4f09-b43a-00ca3ec1ee27
1372,187100,25.02242088317871,1.0,1.0,1.0,0.9951079999999999,0.0,0.0,0.0,0.0,0.0,0.0,0.0,0.0,0.0,0.0,0.0,0.0,0.0,0.0,0.0025,0.9975,0.047880855019754906,1888,0.0005822325547276234,5.826832354143371e-07,0.0001275614160446055,16,20,False,0.995,0.005,0.66,fixed,100,none,eefd7eeb-488a-4f09-b43a-00ca3ec1ee27
1373,187400,25.035699605941772,1.0,1.0,1.0,0.9951079999999999,0.0,0.0,0.0,0.0,0.0,0.0,0.0,0.0,0.0,0.0,0.0,0.0,0.0,0.0,0.0025,0.9975,0.047880855019754906,1888,0.0005831235799770785,5.834059181145954e-07,0.00012775659878142427,16,20,False,0.995,0.005,0.66,fixed,100,none,eefd7eeb-488a-4f09-b43a-00ca3ec1ee27
1374,187500,25.048211336135864,1.0,1.0,1.0,0.9951079999999999,0.0,0.0,0.0,0.0,0.0,0.0,0.0,0.0,0.0,0.0,0.0,0.0,0.0,0.0,0.0025,0.9975,0.047880855019754906,1888,0.000583807523622375,5.84889969135114e-07,0.0001279065960150736,16,20,False,0.995,0.005,0.66,fixed,100,none,eefd7eeb-488a-4f09-b43a-00ca3ec1ee27
1375,187700,25.060672521591187,1.0,1.0,1.0,0.9951079999999999,0.0,0.0,0.0,0.0,0.0,0.0,0.0,0.0,0.0,0.0,0.0,0.0,0.0,0.0,0.0025,0.9975,0.047880855019754906,1888,0.0005855672568421603,5.890000668513155e-07,0.00012829258253545066,16,20,False,0.995,0.005,0.66,fixed,100,none,eefd7eeb-488a-4f09-b43a-00ca3ec1ee27
1376,187800,25.073034524917603,1.0,1.0,1.0,0.9951079999999999,0.0,0.0,0.0,0.0,0.0,0.0,0.0,0.0,0.0,0.0,0.0,0.0,0.0,0.0,0.0025,0.9975,0.047880855019754906,1888,0.0005851390210286716,5.892074124274136e-07,0.00012819888111153743,16,20,False,0.995,0.005,0.66,fixed,100,none,eefd7eeb-488a-4f09-b43a-00ca3ec1ee27
1377,188100,25.085445880889893,0.99900075,0.999002,1.0,0.9960719999999998,0.0,0.0,0.0,0.0,0.0,0.0,0.0005,0.0,0.0,0.0,0.0005,0.0,0.0,0.0,0.002,0.9975,0.047880855019754906,1888,0.0005830384643190603,5.870207987506605e-07,0.00012773865379120492,16,20,False,0.995,0.005,0.66,fixed,100,none,eefd7eeb-488a-4f09-b43a-00ca3ec1ee27
1378,188200,25.097984075546265,0.99900075,0.999002,1.0,0.9960719999999998,0.0,0.0,0.0,0.0,0.0,0.0,0.0005,0.0,0.0,0.0,0.0005,0.0,0.0,0.0,0.002,0.9975,0.047880855019754906,1888,0.0005844381584538101,5.859839177006279e-07,0.00012804484982990218,16,20,False,0.995,0.005,0.66,fixed,100,none,eefd7eeb-488a-4f09-b43a-00ca3ec1ee27
1379,188300,25.109727382659912,0.99900075,0.999002,1.0,0.9960719999999998,0.0,0.0,0.0,0.0,0.0,0.0,0.0005,0.0,0.0,0.0,0.0005,0.0,0.0,0.0,0.002,0.9975,0.047880855019754906,1888,0.0005843140079352044,5.866531801439973e-07,0.00012801780044124363,16,20,False,0.995,0.005,0.66,fixed,100,none,eefd7eeb-488a-4f09-b43a-00ca3ec1ee27
1380,188400,25.121453285217285,0.99900075,0.999002,1.0,0.9960719999999998,0.0,0.0,0.0,0.0,0.0,0.0,0.0005,0.0,0.0,0.0,0.0005,0.0,0.0,0.0,0.002,0.9975,0.047880855019754906,1888,0.0005839438055811602,5.861027125560804e-07,0.00012793665855710164,16,20,False,0.995,0.005,0.66,fixed,100,none,eefd7eeb-488a-4f09-b43a-00ca3ec1ee27
1381,188500,25.133179426193237,0.99900075,0.999002,1.0,0.9960719999999998,0.0,0.0,0.0,0.0,0.0,0.0,0.0005,0.0,0.0,0.0,0.0005,0.0,0.0,0.0,0.002,0.9975,0.047880855019754906,1888,0.0005850799511975905,5.869860434247143e-07,0.00012818552866540326,16,20,False,0.995,0.005,0.66,fixed,100,none,eefd7eeb-488a-4f09-b43a-00ca3ec1ee27
1382,188600,25.144960403442383,0.99900075,0.999002,1.0,0.9960719999999998,0.0,0.0,0.0,0.0,0.0,0.0,0.0005,0.0,0.0,0.0,0.0005,0.0,0.0,0.0,0.002,0.9975,0.047880855019754906,1888,0.0005853086383755579,5.869014890382512e-07,0.00012823557222332692,16,20,False,0.995,0.005,0.66,fixed,100,none,eefd7eeb-488a-4f09-b43a-00ca3ec1ee27
1383,188800,25.156663417816162,0.99900075,0.999002,1.0,0.9960719999999998,0.0,0.0,0.0,0.0,0.0,0.0,0.0005,0.0,0.0,0.0,0.0005,0.0,0.0,0.0,0.002,0.9975,0.047880855019754906,1888,0.0005847804648514712,5.873759457317858e-07,0.00012812004518567612,16,20,False,0.995,0.005,0.66,fixed,100,none,eefd7eeb-488a-4f09-b43a-00ca3ec1ee27
1384,188900,25.1684672832489,0.99900075,0.999002,1.0,0.9960719999999998,0.0,0.0,0.0,0.0,0.0,0.0,0.0005,0.0,0.0,0.0,0.0005,0.0,0.0,0.0,0.002,0.9975,0.047880855019754906,1888,0.0005847282142901729,5.886735014573196e-07,0.00012810885407339576,16,20,False,0.995,0.005,0.66,fixed,100,none,eefd7eeb-488a-4f09-b43a-00ca3ec1ee27
1385,189200,25.180359840393066,1.0,1.0,1.0,0.9951079999999999,0.0,0.0,0.0,0.0,0.0,0.0,0.0,0.0,0.0,0.0,0.0,0.0,0.0,0.0,0.0025,0.9975,0.047880855019754906,1888,0.000587645131797355,5.911777844453825e-07,0.00012874784312948563,16,20,False,0.995,0.005,0.66,fixed,100,none,eefd7eeb-488a-4f09-b43a-00ca3ec1ee27
1386,189300,25.192452430725098,0.99900075,0.999002,1.0,0.9960719999999998,0.0,0.0,0.0,0.0,0.0,0.0,0.0005,0.0,0.0,0.0,0.0005,0.0,0.0,0.0,0.002,0.9975,0.047880855019754906,1888,0.0005885019739054421,5.933387704206685e-07,0.00012893581645428122,16,20,False,0.995,0.005,0.66,fixed,100,none,eefd7eeb-488a-4f09-b43a-00ca3ec1ee27
1387,189500,25.204341173171997,1.0,1.0,1.0,0.9951079999999999,0.0,0.0,0.0,0.0,0.0,0.0,0.0,0.0,0.0,0.0,0.0,0.0,0.0,0.0,0.0025,0.9975,0.047486636390474915,1889,0.000590322311357498,5.948441929567846e-07,0.0001293345743528181,16,20,False,0.995,0.005,0.66,fixed,100,none,eefd7eeb-488a-4f09-b43a-00ca3ec1ee27
1388,189600,25.21608567237854,1.0,1.0,1.0,0.9951079999999999,0.0,0.0,0.0,0.0,0.0,0.0,0.0,0.0,0.0,0.0,0.0,0.0,0.0,0.0,0.0025,0.9975,0.047486636390474915,1889,0.0005912617486252018,5.971116806104904e-07,0.00012954064799337267,16,20,False,0.995,0.005,0.66,fixed,100,none,eefd7eeb-488a-4f09-b43a-00ca3ec1ee27
1389,189900,25.227907180786133,0.99900075,0.999002,1.0,0.9960719999999998,0.0,0.0,0.0,0.0,0.0,0.0,0.0005,0.0,0.0,0.0,0.0005,0.0,0.0,0.0,0.002,0.9975,0.047880855019754906,1888,0.0005908509830340668,5.993430690195844e-07,0.00012945115536927093,16,20,False,0.995,0.005,0.66,fixed,100,none,eefd7eeb-488a-4f09-b43a-00ca3ec1ee27
1390,190000,25.239612340927124,0.99900075,0.999002,1.0,0.9960719999999998,0.0,0.0,0.0,0.0,0.0,0.0,0.0005,0.0,0.0,0.0,0.0005,0.0,0.0,0.0,0.002,0.9975,0.047880855019754906,1888,0.0005911259838002401,6.023874016240898e-07,0.00012951193146018116,16,20,False,0.995,0.005,0.66,fixed,100,none,eefd7eeb-488a-4f09-b43a-00ca3ec1ee27
1391,190300,25.251405954360962,0.99900075,0.999002,1.0,0.9960719999999998,0.0,0.0,0.0,0.0,0.0,0.0,0.0005,0.0,0.0,0.0,0.0005,0.0,0.0,0.0,0.002,0.9975,0.047880855019754906,1888,0.000594458911118601,6.07681008777052e-07,0.0001302425150355294,16,20,False,0.995,0.005,0.66,fixed,100,none,eefd7eeb-488a-4f09-b43a-00ca3ec1ee27
1392,190400,25.26309823989868,0.99900075,0.999002,1.0,0.9960719999999998,0.0,0.0,0.0,0.0,0.0,0.0,0.0005,0.0,0.0,0.0,0.0005,0.0,0.0,0.0,0.002,0.9975,0.047880855019754906,1888,0.000594458911118601,6.07681008777052e-07,0.0001302425150355294,16,20,False,0.995,0.005,0.66,fixed,100,none,eefd7eeb-488a-4f09-b43a-00ca3ec1ee27
1393,190600,25.274778127670288,0.99900075,0.999002,1.0,0.9960719999999998,0.0,0.0,0.0,0.0,0.0,0.0,0.0005,0.0,0.0,0.0,0.0005,0.0,0.0,0.0,0.002,0.9975,0.047880855019754906,1888,0.0005944856890748786,6.07753378610683e-07,0.00013024839048042695,16,20,False,0.995,0.005,0.66,fixed,100,none,eefd7eeb-488a-4f09-b43a-00ca3ec1ee27
1394,190700,25.286484718322754,0.99900075,0.999002,1.0,0.9960719999999998,0.0,0.0,0.0,0.0,0.0,0.0,0.0005,0.0,0.0,0.0,0.0005,0.0,0.0,0.0,0.002,0.9975,0.047880855019754906,1888,0.0005945122319158228,6.070250421471887e-07,0.00013025406232438155,16,20,False,0.995,0.005,0.66,fixed,100,none,eefd7eeb-488a-4f09-b43a-00ca3ec1ee27
1395,191000,25.298192739486694,0.99900075,0.999002,1.0,0.9960719999999998,0.0,0.0,0.0,0.0,0.0,0.0,0.0005,0.0,0.0,0.0,0.0005,0.0,0.0,0.0,0.002,0.9975,0.047880855019754906,1888,0.0005960633961302484,6.104428353485796e-07,0.00013059426155162762,16,20,False,0.995,0.005,0.66,fixed,100,none,eefd7eeb-488a-4f09-b43a-00ca3ec1ee27
1396,191100,25.31005883216858,0.99900075,0.999002,1.0,0.9960719999999998,0.0,0.0,0.0,0.0,0.0,0.0,0.0005,0.0,0.0,0.0,0.0005,0.0,0.0,0.0,0.002,0.9975,0.047880855019754906,1888,0.0005981713896059114,6.133288116722422e-07,0.00013105624965895174,16,20,False,0.995,0.005,0.66,fixed,100,none,eefd7eeb-488a-4f09-b43a-00ca3ec1ee27
1397,191400,25.321862936019897,0.99900075,0.999002,1.0,0.9960719999999998,0.0,0.0,0.0,0.0,0.0,0.0,0.0005,0.0,0.0,0.0,0.0005,0.0,0.0,0.0,0.002,0.9975,0.047880855019754906,1888,0.0006015008534583342,6.1830287237647e-07,0.0001317860143677809,16,20,False,0.995,0.005,0.66,fixed,100,none,eefd7eeb-488a-4f09-b43a-00ca3ec1ee27
1398,191500,25.333925008773804,0.99900075,0.999002,1.0,0.9960719999999998,0.0,0.0,0.0,0.0,0.0,0.0,0.0005,0.0,0.0,0.0,0.0005,0.0,0.0,0.0,0.002,0.9975,0.047880855019754906,1888,0.0006013993110979721,6.162032689568256e-07,0.0001317633878204479,16,20,False,0.995,0.005,0.66,fixed,100,none,eefd7eeb-488a-4f09-b43a-00ca3ec1ee27
1399,191600,25.34566569328308,0.99900075,0.999002,1.0,0.9960719999999998,0.0,0.0,0.0,0.0,0.0,0.0,0.0005,0.0,0.0,0.0,0.0005,0.0,0.0,0.0,0.002,0.9975,0.047880855019754906,1888,0.0006024764584750931,6.174709657418672e-07,0.00013199941624368884,16,20,False,0.995,0.005,0.66,fixed,100,none,eefd7eeb-488a-4f09-b43a-00ca3ec1ee27
1400,191700,25.357484340667725,0.99900075,0.999002,1.0,0.9960719999999998,0.0,0.0,0.0,0.0,0.0,0.0,0.0005,0.0,0.0,0.0,0.0005,0.0,0.0,0.0,0.002,0.9975,0.04827406863022217,1887,0.0006031718234682905,6.180214157601414e-07,0.00013215173622620324,16,20,False,0.995,0.005,0.66,fixed,100,none,eefd7eeb-488a-4f09-b43a-00ca3ec1ee27
1401,191800,25.369343280792236,0.99900075,0.999002,1.0,0.9960719999999998,0.0,0.0,0.0,0.0,0.0,0.0,0.0005,0.0,0.0,0.0,0.0005,0.0,0.0,0.0,0.002,0.9975,0.04827406863022217,1887,0.0006029028173215007,6.17266706066327e-07,0.0001320927073858291,16,20,False,0.995,0.005,0.66,fixed,100,none,eefd7eeb-488a-4f09-b43a-00ca3ec1ee27
1402,192100,25.381648302078247,0.99900075,0.999002,1.0,0.9960719999999998,0.0,0.0,0.0,0.0,0.0,0.0,0.0005,0.0,0.0,0.0,0.0005,0.0,0.0,0.0,0.002,0.9975,0.04827406863022217,1887,0.0006044008796387042,6.204621874761795e-07,0.00013242124036853283,16,20,False,0.995,0.005,0.66,fixed,100,none,eefd7eeb-488a-4f09-b43a-00ca3ec1ee27
1403,192200,25.393720865249634,0.99900075,0.999002,1.0,0.9960719999999998,0.0,0.0,0.0,0.0,0.0,0.0,0.0005,0.0,0.0,0.0,0.0005,0.0,0.0,0.0,0.002,0.9975,0.04827406863022217,1887,0.0006059586009483095,6.2179377559484e-07,0.00013276247856494798,16,20,False,0.995,0.005,0.66,fixed,100,none,eefd7eeb-488a-4f09-b43a-00ca3ec1ee27
1404,192400,25.405478954315186,0.99900075,0.999002,1.0,0.9960719999999998,0.0,0.0,0.0,0.0,0.0,0.0,0.0005,0.0,0.0,0.0,0.0005,0.0,0.0,0.0,0.002,0.9975,0.04827406863022217,1887,0.0006047196347885402,6.196313388794203e-07,0.00013249085800959854,16,20,False,0.995,0.005,0.66,fixed,100,none,eefd7eeb-488a-4f09-b43a-00ca3ec1ee27
1405,192500,25.417287349700928,0.99900075,0.999002,1.0,0.9960719999999998,0.0,0.0,0.0,0.0,0.0,0.0,0.0005,0.0,0.0,0.0,0.0005,0.0,0.0,0.0,0.002,0.9975,0.04827406863022217,1887,0.0006049015194162098,6.192670229299171e-07,0.000132530603334565,16,20,False,0.995,0.005,0.66,fixed,100,none,eefd7eeb-488a-4f09-b43a-00ca3ec1ee27
1406,192800,25.429102659225464,0.99900075,0.999002,1.0,0.9960719999999998,0.0,0.0,0.0,0.0,0.0,0.0,0.0005,0.0,0.0,0.0,0.0005,0.0,0.0,0.0,0.002,0.9975,0.04827406863022217,1887,0.0006018719314351883,6.152043765426228e-07,0.00013186665462270583,16,20,False,0.995,0.005,0.66,fixed,100,none,eefd7eeb-488a-4f09-b43a-00ca3ec1ee27
1407,192900,25.44087290763855,0.99900075,0.999002,1.0,0.9960719999999998,0.0,0.0,0.0,0.0,0.0,0.0,0.0005,0.0,0.0,0.0,0.0005,0.0,0.0,0.0,0.002,0.9975,0.04827406863022217,1887,0.0006044411236708417,6.187414810261945e-07,0.00013242972285294226,16,20,False,0.995,0.005,0.66,fixed,100,none,eefd7eeb-488a-4f09-b43a-00ca3ec1ee27
1408,193000,25.452738523483276,0.99900075,0.999002,1.0,0.9960719999999998,0.0,0.0,0.0,0.0,0.0,0.0,0.0005,0.0,0.0,0.0,0.0005,0.0,0.0,0.0,0.002,0.9975,0.04827406863022217,1887,0.0006052237818118882,6.205640623044096e-07,0.00013260139301046018,16,20,False,0.995,0.005,0.66,fixed,100,none,eefd7eeb-488a-4f09-b43a-00ca3ec1ee27
1409,193100,25.464503288269043,0.99900075,0.999002,1.0,0.9960719999999998,0.0,0.0,0.0,0.0,0.0,0.0,0.0005,0.0,0.0,0.0,0.0005,0.0,0.0,0.0,0.002,0.9975,0.04788085501975489,1888,0.0006070893142026552,6.238676686584435e-07,0.00013301038573600634,16,20,False,0.995,0.005,0.66,fixed,100,none,eefd7eeb-488a-4f09-b43a-00ca3ec1ee27
1410,193200,25.47650408744812,0.99900075,0.999002,1.0,0.9960719999999998,0.0,0.0,0.0,0.0,0.0,0.0,0.0005,0.0,0.0,0.0,0.0005,0.0,0.0,0.0,0.002,0.9975,0.047486636390474915,1889,0.0006063549057977915,6.227598515920697e-07,0.00013284941325093907,16,20,False,0.995,0.005,0.66,fixed,100,none,eefd7eeb-488a-4f09-b43a-00ca3ec1ee27
1411,193300,25.488231897354126,0.99900075,0.999002,1.0,0.9960719999999998,0.0,0.0,0.0,0.0,0.0,0.0,0.0005,0.0,0.0,0.0,0.0005,0.0,0.0,0.0,0.002,0.9975,0.04788085501975489,1888,0.0006068107539384353,6.238049579786742e-07,0.00013294939697913944,16,20,False,0.995,0.005,0.66,fixed,100,none,eefd7eeb-488a-4f09-b43a-00ca3ec1ee27
1412,193500,25.4999361038208,0.99900075,0.999002,1.0,0.9960719999999998,0.0,0.0,0.0,0.0,0.0,0.0,0.0005,0.0,0.0,0.0,0.0005,0.0,0.0,0.0,0.002,0.9975,0.04788085501975489,1888,0.0006074451371920063,6.234399267113124e-07,0.00013308819411740535,16,20,False,0.995,0.005,0.66,fixed,100,none,eefd7eeb-488a-4f09-b43a-00ca3ec1ee27
1413,193600,25.511624813079834,0.99900075,0.999002,1.0,0.9960719999999998,0.0,0.0,0.0,0.0,0.0,0.0,0.0005,0.0,0.0,0.0,0.0005,0.0,0.0,0.0,0.002,0.9975,0.04788085501975489,1888,0.0006074451371920063,6.234399267113124e-07,0.00013308819411740535,16,20,False,0.995,0.005,0.66,fixed,100,none,eefd7eeb-488a-4f09-b43a-00ca3ec1ee27
1414,193900,25.52344059944153,0.99900075,0.999002,1.0,0.9960719999999998,0.0,0.0,0.0,0.0,0.0,0.0,0.0005,0.0,0.0,0.0,0.0005,0.0,0.0,0.0,0.002,0.9975,0.04788085501975489,1888,0.0006076621910012678,6.239732874355257e-07,0.00013313580853479027,16,20,False,0.995,0.005,0.66,fixed,100,none,eefd7eeb-488a-4f09-b43a-00ca3ec1ee27
1415,194000,25.5352623462677,0.99900075,0.999002,1.0,0.9960719999999998,0.0,0.0,0.0,0.0,0.0,0.0,0.0005,0.0,0.0,0.0,0.0005,0.0,0.0,0.0,0.002,0.9975,0.04788085501975489,1888,0.0006091078699586087,6.250253440497174e-07,0.00013345246754930892,16,20,False,0.995,0.005,0.66,fixed,100,none,eefd7eeb-488a-4f09-b43a-00ca3ec1ee27
1416,194200,25.54698634147644,0.99900075,0.999002,1.0,0.9960719999999998,0.0,0.0,0.0,0.0,0.0,0.0,0.0005,0.0,0.0,0.0,0.0005,0.0,0.0,0.0,0.002,0.9975,0.04788085501975489,1888,0.0006092182645204137,6.235561398193444e-07,0.00013347635377008424,16,20,False,0.995,0.005,0.66,fixed,100,none,eefd7eeb-488a-4f09-b43a-00ca3ec1ee27
1417,194300,25.558949947357178,0.99900075,0.999002,1.0,0.9960719999999998,0.0,0.0,0.0,0.0,0.0,0.0,0.0005,0.0,0.0,0.0,0.0005,0.0,0.0,0.0,0.002,0.9975,0.04788085501975489,1888,0.0006093922810392889,6.238065301064135e-07,0.00013351449356022058,16,20,False,0.995,0.005,0.66,fixed,100,none,eefd7eeb-488a-4f09-b43a-00ca3ec1ee27
1418,194600,25.57084083557129,0.99900075,0.999002,1.0,0.9960719999999998,0.0,0.0,0.0,0.0,0.0,0.0,0.0005,0.0,0.0,0.0,0.0005,0.0,0.0,0.0,0.002,0.9975,0.04788085501975489,1888,0.0006081783792138508,6.242519869809572e-07,0.0001332488550874383,16,20,False,0.995,0.005,0.66,fixed,100,none,eefd7eeb-488a-4f09-b43a-00ca3ec1ee27
1419,194700,25.582775354385376,0.99900075,0.999002,1.0,0.9960719999999998,0.0,0.0,0.0,0.0,0.0,0.0,0.0005,0.0,0.0,0.0,0.0005,0.0,0.0,0.0,0.002,0.9975,0.04788085501975489,1888,0.0006078785007369699,6.243511575466188e-07,0.00013318323053125656,16,20,False,0.995,0.005,0.66,fixed,100,none,eefd7eeb-488a-4f09-b43a-00ca3ec1ee27
1420,195000,25.59448266029358,0.99900075,0.999002,1.0,0.9960719999999998,0.0,0.0,0.0,0.0,0.0,0.0,0.0005,0.0,0.0,0.0,0.0005,0.0,0.0,0.0,0.002,0.9975,0.04788085501975489,1888,0.0006073283017235362,6.256087484290161e-07,0.0001330630309094836,16,20,False,0.995,0.005,0.66,fixed,100,none,eefd7eeb-488a-4f09-b43a-00ca3ec1ee27
1421,195100,25.606327056884766,0.99900075,0.999002,1.0,0.9960719999999998,0.0,0.0,0.0,0.0,0.0,0.0,0.0005,0.0,0.0,0.0,0.0005,0.0,0.0,0.0,0.002,0.9975,0.04788085501975489,1888,0.0006076125420572682,6.256320857761181e-07,0.00013312525555263347,16,20,False,0.995,0.005,0.66,fixed,100,none,eefd7eeb-488a-4f09-b43a-00ca3ec1ee27
1422,195300,25.618043661117554,0.99900075,0.999002,1.0,0.9960719999999998,0.0,0.0,0.0,0.0,0.0,0.0,0.0005,0.0,0.0,0.0,0.0005,0.0,0.0,0.0,0.002,0.9975,0.04788085501975489,1888,0.0006081299944302881,6.274603100641162e-07,0.00013323887323970227,16,20,False,0.995,0.005,0.66,fixed,100,none,eefd7eeb-488a-4f09-b43a-00ca3ec1ee27
1423,195400,25.630002975463867,0.99900075,0.999002,1.0,0.9960719999999998,0.0,0.0,0.0,0.0,0.0,0.0,0.0005,0.0,0.0,0.0,0.0005,0.0,0.0,0.0,0.002,0.9975,0.04788085501975489,1888,0.000607512550881499,6.267130589755412e-07,0.0001331035728691655,16,20,False,0.995,0.005,0.66,fixed,100,none,eefd7eeb-488a-4f09-b43a-00ca3ec1ee27
1424,195700,25.64195942878723,0.99900075,0.999002,1.0,0.9960719999999998,0.0,0.0,0.0,0.0,0.0,0.0,0.0005,0.0,0.0,0.0,0.0005,0.0,0.0,0.0,0.002,0.9975,0.047486636390474915,1889,0.0006059621439128987,6.261711740904012e-07,0.0001327640858256107,16,20,False,0.995,0.005,0.66,fixed,100,none,eefd7eeb-488a-4f09-b43a-00ca3ec1ee27
1425,195800,25.654385328292847,0.99900075,0.999002,1.0,0.9960719999999998,0.0,0.0,0.0,0.0,0.0,0.0,0.0005,0.0,0.0,0.0,0.0005,0.0,0.0,0.0,0.002,0.9975,0.047486636390474915,1889,0.0006059253200314629,6.263056736541973e-07,0.00013275605063288153,16,20,False,0.995,0.005,0.66,fixed,100,none,eefd7eeb-488a-4f09-b43a-00ca3ec1ee27
1426,196000,25.66656255722046,0.99900075,0.999002,1.0,0.9960719999999998,0.0,0.0,0.0,0.0,0.0,0.0,0.0005,0.0,0.0,0.0,0.0005,0.0,0.0,0.0,0.002,0.9975,0.047486636390474915,1889,0.0006062868557209069,6.252261268533558e-07,0.00013283498568140867,16,20,False,0.995,0.005,0.66,fixed,100,none,eefd7eeb-488a-4f09-b43a-00ca3ec1ee27
1427,196100,25.67859125137329,0.99900075,0.999002,1.0,0.9960719999999998,0.0,0.0,0.0,0.0,0.0,0.0,0.0005,0.0,0.0,0.0,0.0005,0.0,0.0,0.0,0.002,0.9975,0.047486636390474915,1889,0.0006064918711701418,6.257590208616434e-07,0.00013287996481310777,16,20,False,0.995,0.005,0.66,fixed,100,none,eefd7eeb-488a-4f09-b43a-00ca3ec1ee27
1428,196200,25.690539598464966,0.99900075,0.999002,1.0,0.9960719999999998,0.0,0.0,0.0,0.0,0.0,0.0,0.0005,0.0,0.0,0.0,0.0005,0.0,0.0,0.0,0.002,0.9975,0.047486636390474915,1889,0.0006078497069957118,6.271909107724775e-07,0.0001331774671344081,16,20,False,0.995,0.005,0.66,fixed,100,none,eefd7eeb-488a-4f09-b43a-00ca3ec1ee27
1429,196300,25.702345371246338,0.99900075,0.999002,1.0,0.9960719999999998,0.0,0.0,0.0,0.0,0.0,0.0,0.0005,0.0,0.0,0.0,0.0005,0.0,0.0,0.0,0.002,0.9975,0.047486636390474915,1889,0.0006072635019460994,6.274470938331197e-07,0.00013304919552382946,16,20,False,0.995,0.005,0.66,fixed,100,none,eefd7eeb-488a-4f09-b43a-00ca3ec1ee27
1430,196400,25.714412689208984,0.99900075,0.999002,1.0,0.9960719999999998,0.0,0.0,0.0,0.0,0.0,0.0,0.0005,0.0,0.0,0.0,0.0005,0.0,0.0,0.0,0.002,0.9975,0.047486636390474915,1889,0.0006073596948826307,6.271406699710347e-07,0.00013307019393710238,16,20,False,0.995,0.005,0.66,fixed,100,none,eefd7eeb-488a-4f09-b43a-00ca3ec1ee27
1431,196500,25.726351737976074,0.99900075,0.999002,1.0,0.9960719999999998,0.0,0.0,0.0,0.0,0.0,0.0,0.0005,0.0,0.0,0.0,0.0005,0.0,0.0,0.0,0.002,0.9975,0.047486636390474915,1889,0.0006081260729596875,6.293478848315399e-07,0.0001332383734689936,16,20,False,0.995,0.005,0.66,fixed,100,none,eefd7eeb-488a-4f09-b43a-00ca3ec1ee27
1432,196800,25.73833394050598,0.99900075,0.999002,1.0,0.9960719999999998,0.0,0.0,0.0,0.0,0.0,0.0,0.0005,0.0,0.0,0.0,0.0005,0.0,0.0,0.0,0.002,0.9975,0.047486636390474915,1889,0.0006092782393819432,6.316919535222726e-07,0.0001334910280718766,16,20,False,0.995,0.005,0.66,fixed,100,none,eefd7eeb-488a-4f09-b43a-00ca3ec1ee27
1433,196900,25.75000309944153,0.99900075,0.999002,1.0,0.9960719999999998,0.0,0.0,0.0,0.0,0.0,0.0,0.0005,0.0,0.0,0.0,0.0005,0.0,0.0,0.0,0.002,0.9975,0.047486636390474915,1889,0.0006094757657230009,6.304028445722767e-07,0.00013353402165723364,16,20,False,0.995,0.005,0.66,fixed,100,none,eefd7eeb-488a-4f09-b43a-00ca3ec1ee27
1434,197100,25.761730909347534,0.99900075,0.999002,1.0,0.9960719999999998,0.0,0.0,0.0,0.0,0.0,0.0,0.0005,0.0,0.0,0.0,0.0005,0.0,0.0,0.0,0.002,0.9975,0.047486636390474915,1889,0.0006096657793266423,6.307456843139165e-07,0.00013357568077462166,16,20,False,0.995,0.005,0.66,fixed,100,none,eefd7eeb-488a-4f09-b43a-00ca3ec1ee27
1435,197200,25.773584127426147,0.99900075,0.999002,1.0,0.9960719999999998,0.0,0.0,0.0,0.0,0.0,0.0,0.0005,0.0,0.0,0.0,0.0005,0.0,0.0,0.0,0.002,0.9975,0.047486636390474915,1889,0.0006103476954482198,6.31214191676784e-07,0.0001337250412300339,16,20,False,0.995,0.005,0.66,fixed,100,none,eefd7eeb-488a-4f09-b43a-00ca3ec1ee27
1436,197500,25.785510540008545,0.99900075,0.999002,1.0,0.9960719999999998,0.0,0.0,0.0,0.0,0.0,0.0,0.0005,0.0,0.0,0.0,0.0005,0.0,0.0,0.0,0.002,0.9975,0.047486636390474915,1889,0.0006118742727249655,6.34299896198092e-07,0.0001340597952797726,16,20,False,0.995,0.005,0.66,fixed,100,none,eefd7eeb-488a-4f09-b43a-00ca3ec1ee27
1437,197600,25.797250986099243,0.99900075,0.999002,1.0,0.9960719999999998,0.0,0.0,0.0,0.0,0.0,0.0,0.0005,0.0,0.0,0.0,0.0005,0.0,0.0,0.0,0.002,0.9975,0.047486636390474915,1889,0.0006112631424828705,6.341884665236166e-07,0.00013392599769813986,16,20,False,0.995,0.005,0.66,fixed,100,none,eefd7eeb-488a-4f09-b43a-00ca3ec1ee27
1438,197800,25.8090763092041,0.99900075,0.999002,1.0,0.9960719999999998,0.0,0.0,0.0,0.0,0.0,0.0,0.0005,0.0,0.0,0.0,0.0005,0.0,0.0,0.0,0.002,0.9975,0.047486636390474915,1889,0.000610790130524853,6.343109975708357e-07,0.0001338224786614288,16,20,False,0.995,0.005,0.66,fixed,100,none,eefd7eeb-488a-4f09-b43a-00ca3ec1ee27
1439,197900,25.82101273536682,0.99900075,0.999002,1.0,0.9960719999999998,0.0,0.0,0.0,0.0,0.0,0.0,0.0005,0.0,0.0,0.0,0.0005,0.0,0.0,0.0,0.002,0.9975,0.047486636390474915,1889,0.0006111041979845734,6.337152412394295e-07,0.00013389111483465862,16,20,False,0.995,0.005,0.66,fixed,100,none,eefd7eeb-488a-4f09-b43a-00ca3ec1ee27
1440,198200,25.83278775215149,0.99900075,0.999002,1.0,0.9960719999999998,0.0,0.0,0.0,0.0,0.0,0.0,0.0005,0.0,0.0,0.0,0.0005,0.0,0.0,0.0,0.002,0.9975,0.047486636390474915,1889,0.000611917007502486,6.362708824972091e-07,0.00013406952440996864,16,20,False,0.995,0.005,0.66,fixed,100,none,eefd7eeb-488a-4f09-b43a-00ca3ec1ee27
1441,198300,25.84456706047058,0.99900075,0.999002,1.0,0.9960719999999998,0.0,0.0,0.0,0.0,0.0,0.0,0.0005,0.0,0.0,0.0,0.0005,0.0,0.0,0.0,0.002,0.9975,0.047486636390474915,1889,0.0006123909039947191,6.362710216280377e-07,0.00013417326037855334,16,20,False,0.995,0.005,0.66,fixed,100,none,eefd7eeb-488a-4f09-b43a-00ca3ec1ee27
1442,198600,25.856337070465088,0.99900075,0.999002,1.0,0.9960719999999998,0.0,0.0,0.0,0.0,0.0,0.0,0.0005,0.0,0.0,0.0,0.0005,0.0,0.0,0.0,0.002,0.9975,0.047486636390474915,1889,0.0006123884124441926,6.360644500183706e-07,0.00013417267572953724,16,20,False,0.995,0.005,0.66,fixed,100,none,eefd7eeb-488a-4f09-b43a-00ca3ec1ee27
1443,198700,25.868196964263916,0.99900075,0.999002,1.0,0.9960719999999998,0.0,0.0,0.0,0.0,0.0,0.0,0.0005,0.0,0.0,0.0,0.0005,0.0,0.0,0.0,0.002,0.9975,0.047486636390474915,1889,0.0006123884124441926,6.360644500183706e-07,0.00013417267572953724,16,20,False,0.995,0.005,0.66,fixed,100,none,eefd7eeb-488a-4f09-b43a-00ca3ec1ee27
1444,198900,25.879841327667236,0.99900075,0.999002,1.0,0.9960719999999998,0.0,0.0,0.0,0.0,0.0,0.0,0.0005,0.0,0.0,0.0,0.0005,0.0,0.0,0.0,0.002,0.9975,0.047486636390474915,1889,0.0006104985624110844,6.362135271950862e-07,0.00013375901588195344,16,20,False,0.995,0.005,0.66,fixed,100,none,eefd7eeb-488a-4f09-b43a-00ca3ec1ee27
1445,199000,25.891581058502197,0.99900075,0.999002,1.0,0.9960719999999998,0.0,0.0,0.0,0.0,0.0,0.0,0.0005,0.0,0.0,0.0,0.0005,0.0,0.0,0.0,0.002,0.9975,0.047486636390474915,1889,0.0006105193597636726,6.354875898857375e-07,0.00013376343049434624,16,20,False,0.995,0.005,0.66,fixed,100,none,eefd7eeb-488a-4f09-b43a-00ca3ec1ee27
1446,199300,25.90331530570984,0.99900075,0.999002,1.0,0.9960719999999998,0.0,0.0,0.0,0.0,0.0,0.0,0.0005,0.0,0.0,0.0,0.0005,0.0,0.0,0.0,0.002,0.9975,0.047486636390474915,1889,0.0006102065746229734,6.341052006858867e-07,0.0001336946991730992,16,20,False,0.995,0.005,0.66,fixed,100,none,eefd7eeb-488a-4f09-b43a-00ca3ec1ee27
1447,199400,25.91500234603882,0.99900075,0.999002,1.0,0.9960719999999998,0.0,0.0,0.0,0.0,0.0,0.0,0.0005,0.0,0.0,0.0,0.0005,0.0,0.0,0.0,0.002,0.9975,0.047091412742382266,1890,0.0006104572037760975,6.35195928992543e-07,0.0001337497691330963,16,20,False,0.995,0.005,0.66,fixed,100,none,eefd7eeb-488a-4f09-b43a-00ca3ec1ee27
1448,199500,25.926812887191772,0.99900075,0.999002,1.0,0.9960719999999998,0.0,0.0,0.0,0.0,0.0,0.0,0.0005,0.0,0.0,0.0,0.0005,0.0,0.0,0.0,0.002,0.9975,0.047091412742382266,1890,0.0006104572037760975,6.35195928992543e-07,0.0001337497691330963,16,20,False,0.995,0.005,0.66,fixed,100,none,eefd7eeb-488a-4f09-b43a-00ca3ec1ee27
1449,199600,25.938633680343628,0.99900075,0.999002,1.0,0.9960719999999998,0.0,0.0,0.0,0.0,0.0,0.0,0.0005,0.0,0.0,0.0,0.0005,0.0,0.0,0.0,0.002,0.9975,0.047091412742382266,1890,0.0006104572037760975,6.35195928992543e-07,0.0001337497691330963,16,20,False,0.995,0.005,0.66,fixed,100,none,eefd7eeb-488a-4f09-b43a-00ca3ec1ee27
1450,199700,25.950366497039795,0.99900075,0.999002,1.0,0.9960719999999998,0.0,0.0,0.0,0.0,0.0,0.0,0.0005,0.0,0.0,0.0,0.0005,0.0,0.0,0.0,0.002,0.9975,0.047091412742382266,1890,0.0006096284352266542,6.322862148368236e-07,0.0001335677988519336,16,20,False,0.995,0.005,0.66,fixed,100,none,eefd7eeb-488a-4f09-b43a-00ca3ec1ee27
1451,200000,25.962045907974243,0.99900075,0.999002,1.0,0.9960719999999998,0.0,0.0,0.0,0.0,0.0,0.0,0.0005,0.0,0.0,0.0,0.0005,0.0,0.0,0.0,0.002,0.9975,0.047091412742382266,1890,0.0006100961943168871,6.330083631377993e-07,0.00013367032852496278,16,20,False,0.995,0.005,0.66,fixed,100,none,eefd7eeb-488a-4f09-b43a-00ca3ec1ee27
1452,200100,25.973636150360107,0.99900075,0.999002,1.0,0.9960719999999998,0.0,0.0,0.0,0.0,0.0,0.0,0.0005,0.0,0.0,0.0,0.0005,0.0,0.0,0.0,0.002,0.9975,0.047091412742382266,1890,0.0006093616127446225,6.321067508816997e-07,0.0001335093573124654,16,20,False,0.995,0.005,0.66,fixed,100,none,eefd7eeb-488a-4f09-b43a-00ca3ec1ee27
1453,200400,25.98570704460144,0.99900075,0.999002,1.0,0.9960719999999998,0.0,0.0,0.0,0.0,0.0,0.0,0.0005,0.0,0.0,0.0,0.0005,0.0,0.0,0.0,0.002,0.9975,0.047091412742382266,1890,0.0006100281120205653,6.328637888071413e-07,0.00013365539784117512,16,20,False,0.995,0.005,0.66,fixed,100,none,eefd7eeb-488a-4f09-b43a-00ca3ec1ee27
1454,200500,25.997337579727173,0.99900075,0.999002,1.0,0.9960719999999998,0.0,0.0,0.0,0.0,0.0,0.0,0.0005,0.0,0.0,0.0,0.0005,0.0,0.0,0.0,0.002,0.9975,0.04669518407547692,1891,0.000610731038039895,6.350826596360375e-07,0.00013380968993226389,16,20,False,0.995,0.005,0.66,fixed,100,none,eefd7eeb-488a-4f09-b43a-00ca3ec1ee27
1455,200700,26.009076356887817,0.99900075,0.999002,1.0,0.9960719999999998,0.0,0.0,0.0,0.0,0.0,0.0,0.0005,0.0,0.0,0.0,0.0005,0.0,0.0,0.0,0.002,0.9975,0.047091412742382266,1890,0.0006114782897042522,6.363135250267459e-07,0.0001339734971860159,16,20,False,0.995,0.005,0.66,fixed,100,none,eefd7eeb-488a-4f09-b43a-00ca3ec1ee27
1456,200800,26.02087640762329,0.99900075,0.999002,1.0,0.9960719999999998,0.0,0.0,0.0,0.0,0.0,0.0,0.0005,0.0,0.0,0.0,0.0005,0.0,0.0,0.0,0.002,0.9975,0.047091412742382266,1890,0.0006111152011440485,6.351860538599895e-07,0.00013389380288066562,16,20,False,0.995,0.005,0.66,fixed,100,none,eefd7eeb-488a-4f09-b43a-00ca3ec1ee27
1457,201100,26.032692432403564,0.99900075,0.999002,1.0,0.9960719999999998,0.0,0.0,0.0,0.0,0.0,0.0,0.0005,0.0,0.0,0.0,0.0005,0.0,0.0,0.0,0.002,0.9975,0.04669518407547692,1891,0.0006125295320732052,6.392777743244232e-07,0.00013420417734794627,16,20,False,0.995,0.005,0.66,fixed,100,none,eefd7eeb-488a-4f09-b43a-00ca3ec1ee27
1458,201200,26.044422149658203,0.99900075,0.999002,1.0,0.9960719999999998,0.0,0.0,0.0,0.0,0.0,0.0,0.0005,0.0,0.0,0.0,0.0005,0.0,0.0,0.0,0.002,0.9975,0.046695184075476924,1891,0.0006137923898926818,6.415683476894305e-07,0.00013448105213356902,16,20,False,0.995,0.005,0.66,fixed,100,none,eefd7eeb-488a-4f09-b43a-00ca3ec1ee27
1459,201400,26.056238412857056,0.99900075,0.999002,1.0,0.9960719999999998,0.0,0.0,0.0,0.0,0.0,0.0,0.0005,0.0,0.0,0.0,0.0005,0.0,0.0,0.0,0.002,0.9975,0.046695184075476924,1891,0.0006133457234272638,6.412466499838513e-07,0.00013438321572172498,16,20,False,0.995,0.005,0.66,fixed,100,none,eefd7eeb-488a-4f09-b43a-00ca3ec1ee27
1460,201500,26.06790328025818,0.99900075,0.999002,1.0,0.9960719999999998,0.0,0.0,0.0,0.0,0.0,0.0,0.0005,0.0,0.0,0.0,0.0005,0.0,0.0,0.0,0.002,0.9975,0.047091412742382266,1890,0.0006154745866965724,6.441792358107029e-07,0.00013484978108268373,16,20,False,0.995,0.005,0.66,fixed,100,none,eefd7eeb-488a-4f09-b43a-00ca3ec1ee27
1461,201800,26.079533338546753,0.99900075,0.999002,1.0,0.9960719999999998,0.0,0.0,0.0,0.0,0.0,0.0,0.0005,0.0,0.0,0.0,0.0005,0.0,0.0,0.0,0.002,0.9975,0.047091412742382266,1890,0.000616365521487855,6.482607653006932e-07,0.0001350455821990986,16,20,False,0.995,0.005,0.66,fixed,100,none,eefd7eeb-488a-4f09-b43a-00ca3ec1ee27
1462,201900,26.091413021087646,0.99900075,0.999002,1.0,0.9960719999999998,0.0,0.0,0.0,0.0,0.0,0.0,0.0005,0.0,0.0,0.0,0.0005,0.0,0.0,0.0,0.002,0.9975,0.047091412742382266,1890,0.0006158697352376624,6.489917398046112e-07,0.0001349371934740872,16,20,False,0.995,0.005,0.66,fixed,100,none,eefd7eeb-488a-4f09-b43a-00ca3ec1ee27
1463,202200,26.103304862976074,0.99900075,0.999002,1.0,0.9960719999999998,0.0,0.0,0.0,0.0,0.0,0.0,0.0005,0.0,0.0,0.0,0.0005,0.0,0.0,0.0,0.002,0.9975,0.047486636390474915,1889,0.0006167256215478632,6.48504326189798e-07,0.00013512445437880333,16,20,False,0.995,0.005,0.66,fixed,100,none,eefd7eeb-488a-4f09-b43a-00ca3ec1ee27
1464,202300,26.115049123764038,0.99900075,0.999002,1.0,0.9960719999999998,0.0,0.0,0.0,0.0,0.0,0.0,0.0005,0.0,0.0,0.0,0.0005,0.0,0.0,0.0,0.002,0.9975,0.047486636390474915,1889,0.000616812436965898,6.482421701438515e-07,0.0001351434084641624,16,20,False,0.995,0.005,0.66,fixed,100,none,eefd7eeb-488a-4f09-b43a-00ca3ec1ee27
1465,202500,26.126739740371704,0.99900075,0.999002,1.0,0.9960719999999998,0.0,0.0,0.0,0.0,0.0,0.0,0.0005,0.0,0.0,0.0,0.0005,0.0,0.0,0.0,0.002,0.9975,0.047486636390474915,1889,0.0006159664652882247,6.495458896368006e-07,0.0001349584729706234,16,20,False,0.995,0.005,0.66,fixed,100,none,eefd7eeb-488a-4f09-b43a-00ca3ec1ee27
1466,202600,26.13861346244812,0.99900075,0.999002,1.0,0.9960719999999998,0.0,0.0,0.0,0.0,0.0,0.0,0.0005,0.0,0.0,0.0,0.0005,0.0,0.0,0.0,0.002,0.9975,0.047486636390474915,1889,0.0006164088318112082,6.520155763335212e-07,0.00013505577624297685,16,20,False,0.995,0.005,0.66,fixed,100,none,eefd7eeb-488a-4f09-b43a-00ca3ec1ee27
1467,202800,26.15067195892334,0.99900075,0.999002,1.0,0.9960719999999998,0.0,0.0,0.0,0.0,0.0,0.0,0.0005,0.0,0.0,0.0,0.0005,0.0,0.0,0.0,0.002,0.9975,0.047486636390474915,1889,0.0006161498188232175,6.516892250636078e-07,0.0001349990162931644,16,20,False,0.995,0.005,0.66,fixed,100,none,eefd7eeb-488a-4f09-b43a-00ca3ec1ee27
1468,202900,26.162424564361572,0.99900075,0.999002,1.0,0.9960719999999998,0.0,0.0,0.0,0.0,0.0,0.0,0.0005,0.0,0.0,0.0,0.0005,0.0,0.0,0.0,0.002,0.9975,0.047486636390474915,1889,0.0006160347913903416,6.503582585060372e-07,0.00013497358390446193,16,20,False,0.995,0.005,0.66,fixed,100,none,eefd7eeb-488a-4f09-b43a-00ca3ec1ee27
1469,203000,26.174253225326538,0.99900075,0.999002,1.0,0.9960719999999998,0.0,0.0,0.0,0.0,0.0,0.0,0.0005,0.0,0.0,0.0,0.0005,0.0,0.0,0.0,0.002,0.9975,0.047486636390474915,1889,0.0006155707709344537,6.492513193976955e-07,0.00013487179950823748,16,20,False,0.995,0.005,0.66,fixed,100,none,eefd7eeb-488a-4f09-b43a-00ca3ec1ee27
1470,203200,26.186055421829224,0.99900075,0.999002,1.0,0.9960719999999998,0.0,0.0,0.0,0.0,0.0,0.0,0.0005,0.0,0.0,0.0,0.0005,0.0,0.0,0.0,0.002,0.9975,0.047486636390474915,1889,0.0006161841194560826,6.515501101167533e-07,0.00013500649826985868,16,20,False,0.995,0.005,0.66,fixed,100,none,eefd7eeb-488a-4f09-b43a-00ca3ec1ee27
1471,203300,26.19783306121826,0.99900075,0.999002,1.0,0.9960719999999998,0.0,0.0,0.0,0.0,0.0,0.0,0.0005,0.0,0.0,0.0,0.0005,0.0,0.0,0.0,0.002,0.9975,0.047486636390474915,1889,0.0006161841194560826,6.515501101167533e-07,0.00013500649826985868,16,20,False,0.995,0.005,0.66,fixed,100,none,eefd7eeb-488a-4f09-b43a-00ca3ec1ee27
1472,203600,26.20961308479309,0.99900075,0.999002,1.0,0.9960719999999998,0.0,0.0,0.0,0.0,0.0,0.0,0.0005,0.0,0.0,0.0,0.0005,0.0,0.0,0.0,0.002,0.9975,0.047091412742382266,1890,0.000612928628082718,6.474739841378065e-07,0.00013429309674429317,16,20,False,0.995,0.005,0.66,fixed,100,none,eefd7eeb-488a-4f09-b43a-00ca3ec1ee27
1473,203700,26.221444129943848,0.99900075,0.999002,1.0,0.9960719999999998,0.0,0.0,0.0,0.0,0.0,0.0,0.0005,0.0,0.0,0.0,0.0005,0.0,0.0,0.0,0.002,0.9975,0.04669518407547691,1891,0.0006121800079679879,6.456270200569716e-07,0.00013412887287800337,16,20,False,0.995,0.005,0.66,fixed,100,none,eefd7eeb-488a-4f09-b43a-00ca3ec1ee27
1474,204000,26.23311758041382,0.99900075,0.999002,1.0,0.9960719999999998,0.0,0.0,0.0,0.0,0.0,0.0,0.0005,0.0,0.0,0.0,0.0005,0.0,0.0,0.0,0.002,0.9975,0.047091412742382266,1890,0.0006096748676794447,6.422074649611494e-07,0.00013357984795337306,16,20,False,0.995,0.005,0.66,fixed,100,none,eefd7eeb-488a-4f09-b43a-00ca3ec1ee27
1475,204100,26.244930744171143,0.99900075,0.999002,1.0,0.9960719999999998,0.0,0.0,0.0,0.0,0.0,0.0,0.0005,0.0,0.0,0.0,0.0005,0.0,0.0,0.0,0.002,0.9975,0.047091412742382266,1890,0.0006098017227319032,6.42022013175761e-07,0.00013360758128851702,16,20,False,0.995,0.005,0.66,fixed,100,none,eefd7eeb-488a-4f09-b43a-00ca3ec1ee27
1476,204300,26.256572246551514,0.99900075,0.999002,1.0,0.9960719999999998,0.0,0.0,0.0,0.0,0.0,0.0,0.0005,0.0,0.0,0.0,0.0005,0.0,0.0,0.0,0.002,0.9975,0.047091412742382266,1890,0.000608753363116795,6.405995503106406e-07,0.00013337782510082543,16,20,False,0.995,0.005,0.66,fixed,100,none,eefd7eeb-488a-4f09-b43a-00ca3ec1ee27
1477,204400,26.268357276916504,0.99900075,0.999002,1.0,0.9960719999999998,0.0,0.0,0.0,0.0,0.0,0.0,0.0005,0.0,0.0,0.0,0.0005,0.0,0.0,0.0,0.002,0.9975,0.047091412742382266,1890,0.0006084552157603819,6.395448425904153e-07,0.0001333123602500398,16,20,False,0.995,0.005,0.66,fixed,100,none,eefd7eeb-488a-4f09-b43a-00ca3ec1ee27
1478,204500,26.28009533882141,0.99900075,0.999002,1.0,0.9960719999999998,0.0,0.0,0.0,0.0,0.0,0.0,0.0005,0.0,0.0,0.0,0.0005,0.0,0.0,0.0,0.002,0.9975,0.047091412742382266,1890,0.0006086651278009736,6.401199453743229e-07,0.00013335841926525425,16,20,False,0.995,0.005,0.66,fixed,100,none,eefd7eeb-488a-4f09-b43a-00ca3ec1ee27
1479,204700,26.291892766952515,0.99900075,0.999002,1.0,0.9960719999999998,0.0,0.0,0.0,0.0,0.0,0.0,0.0005,0.0,0.0,0.0,0.0005,0.0,0.0,0.0,0.002,0.9975,0.047091412742382266,1890,0.0006103766610744972,6.416930804842655e-07,0.00013373337279449943,16,20,False,0.995,0.005,0.66,fixed,100,none,eefd7eeb-488a-4f09-b43a-00ca3ec1ee27
1480,204800,26.30374050140381,0.99900075,0.999002,1.0,0.9960719999999998,0.0,0.0,0.0,0.0,0.0,0.0,0.0005,0.0,0.0,0.0,0.0005,0.0,0.0,0.0,0.002,0.9975,0.047091412742382266,1890,0.0006103766610744972,6.416930804842655e-07,0.00013373337279449943,16,20,False,0.995,0.005,0.66,fixed,100,none,eefd7eeb-488a-4f09-b43a-00ca3ec1ee27
1481,205000,26.315744876861572,0.99900075,0.999002,1.0,0.9960719999999998,0.0,0.0,0.0,0.0,0.0,0.0,0.0005,0.0,0.0,0.0,0.0005,0.0,0.0,0.0,0.002,0.9975,0.047091412742382266,1890,0.0006105418370852833,6.437747117642197e-07,0.0001337699253332037,16,20,False,0.995,0.005,0.66,fixed,100,none,eefd7eeb-488a-4f09-b43a-00ca3ec1ee27
1482,205100,26.327470302581787,0.99900075,0.999002,1.0,0.9960719999999998,0.0,0.0,0.0,0.0,0.0,0.0,0.0005,0.0,0.0,0.0,0.0005,0.0,0.0,0.0,0.002,0.9975,0.047091412742382266,1890,0.0006105418370852833,6.437747117642197e-07,0.0001337699253332037,16,20,False,0.995,0.005,0.66,fixed,100,none,eefd7eeb-488a-4f09-b43a-00ca3ec1ee27
1483,205400,26.33951210975647,0.99900075,0.999002,1.0,0.9960719999999998,0.0,0.0,0.0,0.0,0.0,0.0,0.0005,0.0,0.0,0.0,0.0005,0.0,0.0,0.0,0.002,0.9975,0.04669518407547691,1891,0.0006125912025033662,6.458028020007499e-07,0.000134218916760367,16,20,False,0.995,0.005,0.66,fixed,100,none,eefd7eeb-488a-4f09-b43a-00ca3ec1ee27
1484,205500,26.351357221603394,0.99900075,0.999002,1.0,0.9960719999999998,0.0,0.0,0.0,0.0,0.0,0.0,0.0005,0.0,0.0,0.0,0.0005,0.0,0.0,0.0,0.002,0.9975,0.04669518407547691,1891,0.0006128324485947797,6.467208858171764e-07,0.00013427189996570254,16,20,False,0.995,0.005,0.66,fixed,100,none,eefd7eeb-488a-4f09-b43a-00ca3ec1ee27
1485,205800,26.363585233688354,0.99900075,0.999002,1.0,0.9960719999999998,0.0,0.0,0.0,0.0,0.0,0.0,0.0005,0.0,0.0,0.0,0.0005,0.0,0.0,0.0,0.002,0.9975,0.047091412742382266,1890,0.0006131505414785441,6.469712201019648e-07,0.0001343415780614727,16,20,False,0.995,0.005,0.66,fixed,100,none,eefd7eeb-488a-4f09-b43a-00ca3ec1ee27
1486,205900,26.375610828399658,0.99900075,0.999002,1.0,0.9960719999999998,0.0,0.0,0.0,0.0,0.0,0.0,0.0005,0.0,0.0,0.0,0.0005,0.0,0.0,0.0,0.002,0.9975,0.04669518407547691,1891,0.0006132666398271025,6.481102277093504e-07,0.00013436720840141752,16,20,False,0.995,0.005,0.66,fixed,100,none,eefd7eeb-488a-4f09-b43a-00ca3ec1ee27
1487,206100,26.387345552444458,0.99900075,0.999002,1.0,0.9960719999999998,0.0,0.0,0.0,0.0,0.0,0.0,0.0005,0.0,0.0,0.0,0.0005,0.0,0.0,0.0,0.002,0.9975,0.04669518407547691,1891,0.0006140160149224168,6.495286769297874e-07,0.0001345315161151337,16,20,False,0.995,0.005,0.66,fixed,100,none,eefd7eeb-488a-4f09-b43a-00ca3ec1ee27
1488,206200,26.399022817611694,0.99900075,0.999002,1.0,0.9960719999999998,0.0,0.0,0.0,0.0,0.0,0.0,0.0005,0.0,0.0,0.0,0.0005,0.0,0.0,0.0,0.002,0.9975,0.04669518407547691,1891,0.0006142942855973635,6.503704276841804e-07,0.0001345925894985229,16,20,False,0.995,0.005,0.66,fixed,100,none,eefd7eeb-488a-4f09-b43a-00ca3ec1ee27
1489,206500,26.410751581192017,0.99900075,0.999002,1.0,0.9960719999999998,0.0,0.0,0.0,0.0,0.0,0.0,0.0005,0.0,0.0,0.0,0.0005,0.0,0.0,0.0,0.002,0.9975,0.04669518407547691,1891,0.0006136079540061635,6.512559848056832e-07,0.0001344425197690623,16,20,False,0.995,0.005,0.66,fixed,100,none,eefd7eeb-488a-4f09-b43a-00ca3ec1ee27
1490,206600,26.422472953796387,0.99900075,0.999002,1.0,0.9960719999999998,0.0,0.0,0.0,0.0,0.0,0.0,0.0005,0.0,0.0,0.0,0.0005,0.0,0.0,0.0,0.002,0.9975,0.047091412742382266,1890,0.0006130276811270308,6.515512810615434e-07,0.00013431555414210872,16,20,False,0.995,0.005,0.66,fixed,100,none,eefd7eeb-488a-4f09-b43a-00ca3ec1ee27
1491,206800,26.434131860733032,0.99900075,0.999002,1.0,0.9960719999999998,0.0,0.0,0.0,0.0,0.0,0.0,0.0005,0.0,0.0,0.0,0.0005,0.0,0.0,0.0,0.002,0.9975,0.047091412742382266,1890,0.0006125343623093325,6.515488605346984e-07,0.00013420756619301447,16,20,False,0.995,0.005,0.66,fixed,100,none,eefd7eeb-488a-4f09-b43a-00ca3ec1ee27
1492,206900,26.446027517318726,0.99900075,0.999002,1.0,0.9960719999999998,0.0,0.0,0.0,0.0,0.0,0.0,0.0005,0.0,0.0,0.0,0.0005,0.0,0.0,0.0,0.002,0.9975,0.047091412742382266,1890,0.0006125343623093325,6.515488605346984e-07,0.00013420756619301447,16,20,False,0.995,0.005,0.66,fixed,100,none,eefd7eeb-488a-4f09-b43a-00ca3ec1ee27
1493,207200,26.457980155944824,0.99900075,0.999002,1.0,0.9960719999999998,0.0,0.0,0.0,0.0,0.0,0.0,0.0005,0.0,0.0,0.0,0.0005,0.0,0.0,0.0,0.002,0.9975,0.04669518407547691,1891,0.0006155982710439162,6.578388436229126e-07,0.00013487945091180162,16,20,False,0.995,0.005,0.66,fixed,100,none,eefd7eeb-488a-4f09-b43a-00ca3ec1ee27
1494,207300,26.469781398773193,0.99900075,0.999002,1.0,0.9960719999999998,0.0,0.0,0.0,0.0,0.0,0.0,0.0005,0.0,0.0,0.0,0.0005,0.0,0.0,0.0,0.002,0.9975,0.047091412742382266,1890,0.0006141045617526508,6.57288064962098e-07,0.00013455237329999806,16,20,False,0.995,0.005,0.66,fixed,100,none,eefd7eeb-488a-4f09-b43a-00ca3ec1ee27
1495,207600,26.481640338897705,0.99900075,0.999002,1.0,0.9960719999999998,0.0,0.0,0.0,0.0,0.0,0.0,0.0005,0.0,0.0,0.0,0.0005,0.0,0.0,0.0,0.002,0.9975,0.047091412742382266,1890,0.0006127286826069794,6.566347428251617e-07,0.00013425106922380458,16,20,False,0.995,0.005,0.66,fixed,100,none,eefd7eeb-488a-4f09-b43a-00ca3ec1ee27
1496,207700,26.493598461151123,0.99900075,0.999002,1.0,0.9960719999999998,0.0,0.0,0.0,0.0,0.0,0.0,0.0005,0.0,0.0,0.0,0.0005,0.0,0.0,0.0,0.002,0.9975,0.047091412742382266,1890,0.0006126779939287903,6.551680783719919e-07,0.0001342396948059029,16,20,False,0.995,0.005,0.66,fixed,100,none,eefd7eeb-488a-4f09-b43a-00ca3ec1ee27
1497,207800,26.505402326583862,0.99900075,0.999002,1.0,0.9960719999999998,0.0,0.0,0.0,0.0,0.0,0.0,0.0005,0.0,0.0,0.0,0.0005,0.0,0.0,0.0,0.002,0.9975,0.047091412742382266,1890,0.000611677972932164,6.542806124825983e-07,0.0001340206215912224,16,20,False,0.995,0.005,0.66,fixed,100,none,eefd7eeb-488a-4f09-b43a-00ca3ec1ee27
1498,207900,26.5171160697937,0.99900075,0.999002,1.0,0.9960719999999998,0.0,0.0,0.0,0.0,0.0,0.0,0.0005,0.0,0.0,0.0,0.0005,0.0,0.0,0.0,0.002,0.9975,0.047091412742382266,1890,0.0006109633498657293,6.538370431287022e-07,0.0001338641063238026,16,20,False,0.995,0.005,0.66,fixed,100,none,eefd7eeb-488a-4f09-b43a-00ca3ec1ee27
1499,208000,26.528862237930298,0.99900075,0.999002,1.0,0.9960719999999998,0.0,0.0,0.0,0.0,0.0,0.0,0.0005,0.0,0.0,0.0,0.0005,0.0,0.0,0.0,0.002,0.9975,0.047091412742382266,1890,0.000611210518775785,6.532153942096564e-07,0.00013391809348491917,16,20,False,0.995,0.005,0.66,fixed,100,none,eefd7eeb-488a-4f09-b43a-00ca3ec1ee27
1500,208300,26.540649890899658,0.99900075,0.999002,1.0,0.9960719999999998,0.0,0.0,0.0,0.0,0.0,0.0,0.0005,0.0,0.0,0.0,0.0005,0.0,0.0,0.0,0.002,0.9975,0.04669518407547691,1891,0.000612380510887644,6.552955591238401e-07,0.0001341745999895388,16,20,False,0.995,0.005,0.66,fixed,100,none,eefd7eeb-488a-4f09-b43a-00ca3ec1ee27
1501,208400,26.552443742752075,0.99900075,0.999002,1.0,0.9960719999999998,0.0,0.0,0.0,0.0,0.0,0.0,0.0005,0.0,0.0,0.0,0.0005,0.0,0.0,0.0,0.002,0.9975,0.04669518407547691,1891,0.0006127850067890726,6.555300732531325e-07,0.0001342631887000461,16,20,False,0.995,0.005,0.66,fixed,100,none,eefd7eeb-488a-4f09-b43a-00ca3ec1ee27
1502,208600,26.564375162124634,0.99900075,0.999002,1.0,0.9960719999999998,0.0,0.0,0.0,0.0,0.0,0.0,0.0005,0.0,0.0,0.0,0.0005,0.0,0.0,0.0,0.002,0.9975,0.047091412742382266,1890,0.0006135592668735198,6.553646694766928e-07,0.00013443264280581403,16,20,False,0.995,0.005,0.66,fixed,100,none,eefd7eeb-488a-4f09-b43a-00ca3ec1ee27
1503,208700,26.576206922531128,0.99900075,0.999002,1.0,0.9960719999999998,0.0,0.0,0.0,0.0,0.0,0.0,0.0005,0.0,0.0,0.0,0.0005,0.0,0.0,0.0,0.002,0.9975,0.04629795038975885,1892,0.0006174729553634087,6.602158148559171e-07,0.0001352902709338728,16,20,False,0.995,0.005,0.66,fixed,100,none,eefd7eeb-488a-4f09-b43a-00ca3ec1ee27
1504,209000,26.58796525001526,0.99900075,0.999002,1.0,0.9960719999999998,0.0,0.0,0.0,0.0,0.0,0.0,0.0005,0.0,0.0,0.0,0.0005,0.0,0.0,0.0,0.002,0.9975,0.045899711685228106,1893,0.0006161884733952106,6.560558921212675e-07,0.00013500830744571463,16,20,False,0.995,0.005,0.66,fixed,100,none,eefd7eeb-488a-4f09-b43a-00ca3ec1ee27
1505,209100,26.59975266456604,0.99900075,0.999002,1.0,0.9960719999999998,0.0,0.0,0.0,0.0,0.0,0.0,0.0005,0.0,0.0,0.0,0.0005,0.0,0.0,0.0,0.002,0.9975,0.045899711685228106,1893,0.0006161456262017474,6.56287011425871e-07,0.00013499897210773342,16,20,False,0.995,0.005,0.66,fixed,100,none,eefd7eeb-488a-4f09-b43a-00ca3ec1ee27
1506,209400,26.61156153678894,0.99900075,0.999002,1.0,0.9960719999999998,0.0,0.0,0.0,0.0,0.0,0.0,0.0005,0.0,0.0,0.0,0.0005,0.0,0.0,0.0,0.002,0.9975,0.04629795038975885,1892,0.0006171408460703891,6.576714353446821e-07,0.00013521708877752367,16,20,False,0.995,0.005,0.66,fixed,100,none,eefd7eeb-488a-4f09-b43a-00ca3ec1ee27
1507,209500,26.62336826324463,0.99900075,0.999002,1.0,0.9960719999999998,0.0,0.0,0.0,0.0,0.0,0.0,0.0005,0.0,0.0,0.0,0.0005,0.0,0.0,0.0,0.002,0.9975,0.04629795038975885,1892,0.0006187598703504137,6.607238917854376e-07,0.0001355720731591448,16,20,False,0.995,0.005,0.66,fixed,100,none,eefd7eeb-488a-4f09-b43a-00ca3ec1ee27
1508,209600,26.635197162628174,0.99900075,0.999002,1.0,0.9960719999999998,0.0,0.0,0.0,0.0,0.0,0.0,0.0005,0.0,0.0,0.0,0.0005,0.0,0.0,0.0,0.002,0.9975,0.04669518407547692,1891,0.0006209928170499484,6.627868414657394e-07,0.00013606125715211222,16,20,False,0.995,0.005,0.66,fixed,100,none,eefd7eeb-488a-4f09-b43a-00ca3ec1ee27
1509,209700,26.646963119506836,0.99900075,0.999002,1.0,0.9960719999999998,0.0,0.0,0.0,0.0,0.0,0.0,0.0005,0.0,0.0,0.0,0.0005,0.0,0.0,0.0,0.002,0.9975,0.04669518407547691,1891,0.0006202496102162529,6.606774866294111e-07,0.00013589816839879734,16,20,False,0.995,0.005,0.66,fixed,100,none,eefd7eeb-488a-4f09-b43a-00ca3ec1ee27
1510,209800,26.660109996795654,0.99900075,0.999002,1.0,0.9960719999999998,0.0,0.0,0.0,0.0,0.0,0.0,0.0005,0.0,0.0,0.0,0.0005,0.0,0.0,0.0,0.002,0.9975,0.047091412742382266,1890,0.0006227951979988398,6.628228519347888e-07,0.00013645580518381365,16,20,False,0.995,0.005,0.66,fixed,100,none,eefd7eeb-488a-4f09-b43a-00ca3ec1ee27
1511,210100,26.672523736953735,0.99900075,0.999002,1.0,0.9960719999999998,0.0,0.0,0.0,0.0,0.0,0.0,0.0005,0.0,0.0,0.0,0.0005,0.0,0.0,0.0,0.002,0.9975,0.04669518407547691,1891,0.0006237630446200768,6.657198817391284e-07,0.00013666821724486524,16,20,False,0.995,0.005,0.66,fixed,100,none,eefd7eeb-488a-4f09-b43a-00ca3ec1ee27
1512,210200,26.687238216400146,0.99900075,0.999002,1.0,0.9960719999999998,0.0,0.0,0.0,0.0,0.0,0.0,0.0005,0.0,0.0,0.0,0.0005,0.0,0.0,0.0,0.002,0.9975,0.04669518407547692,1891,0.0006235890225522494,6.659707720086916e-07,0.00013663017148336906,16,20,False,0.995,0.005,0.66,fixed,100,none,eefd7eeb-488a-4f09-b43a-00ca3ec1ee27
1513,210500,26.701632261276245,0.99900075,0.999002,1.0,0.9960719999999998,0.0,0.0,0.0,0.0,0.0,0.0,0.0005,0.0,0.0,0.0,0.0005,0.0,0.0,0.0,0.002,0.9975,0.046297950389758855,1892,0.0006244081928490936,6.670286302839106e-07,0.00013680968885442052,16,20,False,0.995,0.005,0.66,fixed,100,none,eefd7eeb-488a-4f09-b43a-00ca3ec1ee27
1514,210600,26.71346616744995,0.99900075,0.999002,1.0,0.9960719999999998,0.0,0.0,0.0,0.0,0.0,0.0,0.0005,0.0,0.0,0.0,0.0005,0.0,0.0,0.0,0.002,0.9975,0.046297950389758855,1892,0.0006239259169904706,6.685454942041392e-07,0.0001367044068731128,16,20,False,0.995,0.005,0.66,fixed,100,none,eefd7eeb-488a-4f09-b43a-00ca3ec1ee27
1515,210800,26.725204706192017,0.99900075,0.999002,1.0,0.9960719999999998,0.0,0.0,0.0,0.0,0.0,0.0,0.0005,0.0,0.0,0.0,0.0005,0.0,0.0,0.0,0.002,0.9975,0.046297950389758855,1892,0.0006241684024965851,6.683151057516306e-07,0.0001367574431765953,16,20,False,0.995,0.005,0.66,fixed,100,none,eefd7eeb-488a-4f09-b43a-00ca3ec1ee27
1516,210900,26.73741579055786,0.99900075,0.999002,1.0,0.9960719999999998,0.0,0.0,0.0,0.0,0.0,0.0,0.0005,0.0,0.0,0.0,0.0005,0.0,0.0,0.0,0.002,0.9975,0.046297950389758855,1892,0.0006250881041766853,6.69428357396917e-07,0.00013695897739218182,16,20,False,0.995,0.005,0.66,fixed,100,none,eefd7eeb-488a-4f09-b43a-00ca3ec1ee27
1517,211200,26.74923348426819,0.99900075,0.999002,1.0,0.9960719999999998,0.0,0.0,0.0,0.0,0.0,0.0,0.0005,0.0,0.0,0.0,0.0005,0.0,0.0,0.0,0.002,0.9975,0.04669518407547692,1891,0.00062596208179009,6.70519780440975e-07,0.0001371504984621345,16,20,False,0.995,0.005,0.66,fixed,100,none,eefd7eeb-488a-4f09-b43a-00ca3ec1ee27
1518,211300,26.760915517807007,0.99900075,0.999002,1.0,0.9960719999999998,0.0,0.0,0.0,0.0,0.0,0.0,0.0005,0.0,0.0,0.0,0.0005,0.0,0.0,0.0,0.002,0.9975,0.046297950389758855,1892,0.0006263799794117702,6.711521336101623e-07,0.00013724209639862244,16,20,False,0.995,0.005,0.66,fixed,100,none,eefd7eeb-488a-4f09-b43a-00ca3ec1ee27
1519,211400,26.77296257019043,0.99900075,0.999002,1.0,0.9960719999999998,0.0,0.0,0.0,0.0,0.0,0.0,0.0005,0.0,0.0,0.0,0.0005,0.0,0.0,0.0,0.002,0.9975,0.046297950389758855,1892,0.000626250505430267,6.714247324250162e-07,0.0001372138063378462,16,20,False,0.995,0.005,0.66,fixed,100,none,eefd7eeb-488a-4f09-b43a-00ca3ec1ee27
1520,211500,26.78512167930603,0.99900075,0.999002,1.0,0.9960719999999998,0.0,0.0,0.0,0.0,0.0,0.0,0.0005,0.0,0.0,0.0,0.0005,0.0,0.0,0.0,0.002,0.9975,0.046297950389758855,1892,0.0006271462842343762,6.727421180033738e-07,0.0001374101426213256,16,20,False,0.995,0.005,0.66,fixed,100,none,eefd7eeb-488a-4f09-b43a-00ca3ec1ee27
1521,211600,26.79695725440979,0.99900075,0.999002,1.0,0.9960719999999998,0.0,0.0,0.0,0.0,0.0,0.0,0.0005,0.0,0.0,0.0,0.0005,0.0,0.0,0.0,0.002,0.9975,0.046297950389758855,1892,0.0006267385632400847,6.733749127000403e-07,0.00013732101272666757,16,20,False,0.995,0.005,0.66,fixed,100,none,eefd7eeb-488a-4f09-b43a-00ca3ec1ee27
1522,211900,26.80879497528076,0.99900075,0.999002,1.0,0.9960719999999998,0.0,0.0,0.0,0.0,0.0,0.0,0.0005,0.0,0.0,0.0,0.0005,0.0,0.0,0.0,0.002,0.9975,0.045899711685228106,1893,0.0006248441964834871,6.70197623461609e-07,0.00013690573215869304,16,20,False,0.995,0.005,0.66,fixed,100,none,eefd7eeb-488a-4f09-b43a-00ca3ec1ee27
1523,212000,26.820547819137573,0.99900075,0.999002,1.0,0.9960719999999998,0.0,0.0,0.0,0.0,0.0,0.0,0.0005,0.0,0.0,0.0,0.0005,0.0,0.0,0.0,0.002,0.9975,0.045899711685228106,1893,0.0006250757766869843,6.687268687075755e-07,0.0001369561456218353,16,20,False,0.995,0.005,0.66,fixed,100,none,eefd7eeb-488a-4f09-b43a-00ca3ec1ee27
1524,212300,26.832315921783447,0.99900075,0.999002,1.0,0.9960719999999998,0.0,0.0,0.0,0.0,0.0,0.0,0.0005,0.0,0.0,0.0,0.0005,0.0,0.0,0.0,0.002,0.9975,0.045899711685228106,1893,0.0006278109962371443,6.725726212576685e-07,0.00013755561587434984,16,20,False,0.995,0.005,0.66,fixed,100,none,eefd7eeb-488a-4f09-b43a-00ca3ec1ee27
1525,212400,26.844019412994385,0.99900075,0.999002,1.0,0.9960719999999998,0.0,0.0,0.0,0.0,0.0,0.0,0.0005,0.0,0.0,0.0,0.0005,0.0,0.0,0.0,0.002,0.9975,0.045899711685228106,1893,0.0006276082652642439,6.734192852743514e-07,0.0001375113989305451,16,20,False,0.995,0.005,0.66,fixed,100,none,eefd7eeb-488a-4f09-b43a-00ca3ec1ee27
1526,212600,26.855748891830444,0.99900075,0.999002,1.0,0.9960719999999998,0.0,0.0,0.0,0.0,0.0,0.0,0.0005,0.0,0.0,0.0,0.0005,0.0,0.0,0.0,0.002,0.9975,0.04589971168522809,1893,0.0006269470016630227,6.722378513470892e-07,0.00013736642385579162,16,20,False,0.995,0.005,0.66,fixed,100,none,eefd7eeb-488a-4f09-b43a-00ca3ec1ee27
1527,212700,26.867451190948486,0.99900075,0.999002,1.0,0.9960719999999998,0.0,0.0,0.0,0.0,0.0,0.0,0.0005,0.0,0.0,0.0,0.0005,0.0,0.0,0.0,0.002,0.9975,0.04589971168522809,1893,0.0006269470016630227,6.722378513470892e-07,0.00013736642385579162,16,20,False,0.995,0.005,0.66,fixed,100,none,eefd7eeb-488a-4f09-b43a-00ca3ec1ee27
1528,213000,26.87912678718567,0.99900075,0.999002,1.0,0.9960719999999998,0.0,0.0,0.0,0.0,0.0,0.0,0.0005,0.0,0.0,0.0,0.0005,0.0,0.0,0.0,0.002,0.9975,0.04550046796188467,1894,0.0006283080243304039,6.768756279210393e-07,0.00013766523289523042,16,20,False,0.995,0.005,0.66,fixed,100,none,eefd7eeb-488a-4f09-b43a-00ca3ec1ee27
1529,213100,26.890925407409668,0.99900075,0.999002,1.0,0.9960719999999998,0.0,0.0,0.0,0.0,0.0,0.0,0.0005,0.0,0.0,0.0,0.0005,0.0,0.0,0.0,0.002,0.9975,0.04550046796188467,1894,0.0006282365193780303,6.764565142302118e-07,0.00013764950082955456,16,20,False,0.995,0.005,0.66,fixed,100,none,eefd7eeb-488a-4f09-b43a-00ca3ec1ee27
1530,213300,26.902540922164917,0.99900075,0.999002,1.0,0.9960719999999998,0.0,0.0,0.0,0.0,0.0,0.0,0.0005,0.0,0.0,0.0,0.0005,0.0,0.0,0.0,0.002,0.9975,0.04629795038975885,1892,0.0006263988162284547,6.756591299160728e-07,0.0001372470761070928,16,20,False,0.995,0.005,0.66,fixed,100,none,eefd7eeb-488a-4f09-b43a-00ca3ec1ee27
1531,213400,26.914260149002075,0.99900075,0.999002,1.0,0.9960719999999998,0.0,0.0,0.0,0.0,0.0,0.0,0.0005,0.0,0.0,0.0,0.0005,0.0,0.0,0.0,0.002,0.9975,0.04629795038975885,1892,0.0006263988162284547,6.756591299160728e-07,0.0001372470761070928,16,20,False,0.995,0.005,0.66,fixed,100,none,eefd7eeb-488a-4f09-b43a-00ca3ec1ee27
1532,213700,26.926424741744995,0.99900075,0.999002,1.0,0.9960719999999998,0.0,0.0,0.0,0.0,0.0,0.0,0.0005,0.0,0.0,0.0,0.0005,0.0,0.0,0.0,0.002,0.9975,0.04629795038975885,1892,0.000625901493529297,6.766865863845918e-07,0.0001371384073849762,16,20,False,0.995,0.005,0.66,fixed,100,none,eefd7eeb-488a-4f09-b43a-00ca3ec1ee27
1533,213800,26.938259840011597,0.99900075,0.999002,1.0,0.9960719999999998,0.0,0.0,0.0,0.0,0.0,0.0,0.0005,0.0,0.0,0.0,0.0005,0.0,0.0,0.0,0.002,0.9975,0.04629795038975885,1892,0.000625901493529297,6.766865863845918e-07,0.0001371384073849762,16,20,False,0.995,0.005,0.66,fixed,100,none,eefd7eeb-488a-4f09-b43a-00ca3ec1ee27
1534,214100,26.950008630752563,0.99900075,0.999002,1.0,0.9960719999999998,0.0,0.0,0.0,0.0,0.0,0.0,0.0005,0.0,0.0,0.0,0.0005,0.0,0.0,0.0,0.002,0.9975,0.04629795038975885,1892,0.0006265115058679896,6.820748272537628e-07,0.00013727296285168117,16,20,False,0.995,0.005,0.66,fixed,100,none,eefd7eeb-488a-4f09-b43a-00ca3ec1ee27
1535,214200,26.961744785308838,0.99900075,0.999002,1.0,0.9960719999999998,0.0,0.0,0.0,0.0,0.0,0.0,0.0005,0.0,0.0,0.0,0.0005,0.0,0.0,0.0,0.002,0.9975,0.04629795038975885,1892,0.0006265274489086737,6.816233252805513e-07,0.00013727636699791196,16,20,False,0.995,0.005,0.66,fixed,100,none,eefd7eeb-488a-4f09-b43a-00ca3ec1ee27
1536,214400,26.973480939865112,0.99900075,0.999002,1.0,0.9960719999999998,0.0,0.0,0.0,0.0,0.0,0.0,0.0005,0.0,0.0,0.0,0.0005,0.0,0.0,0.0,0.002,0.9975,0.04629795038975885,1892,0.0006261276302651908,6.799880486722565e-07,0.00013718853599429802,16,20,False,0.995,0.005,0.66,fixed,100,none,eefd7eeb-488a-4f09-b43a-00ca3ec1ee27
1537,214500,26.985305547714233,0.99900075,0.999002,1.0,0.9960719999999998,0.0,0.0,0.0,0.0,0.0,0.0,0.0005,0.0,0.0,0.0,0.0005,0.0,0.0,0.0,0.002,0.9975,0.04629795038975885,1892,0.0006262969043835664,6.8094545307204e-07,0.00013722577200564638,16,20,False,0.995,0.005,0.66,fixed,100,none,eefd7eeb-488a-4f09-b43a-00ca3ec1ee27
1538,214800,26.99707341194153,0.99900075,0.999002,1.0,0.9960719999999998,0.0,0.0,0.0,0.0,0.0,0.0,0.0005,0.0,0.0,0.0,0.0005,0.0,0.0,0.0,0.002,0.9975,0.04629795038975885,1892,0.0006263911693429202,6.793976571326459e-07,0.00013724611252402045,16,20,False,0.995,0.005,0.66,fixed,100,none,eefd7eeb-488a-4f09-b43a-00ca3ec1ee27
1539,214900,27.00885820388794,0.99900075,0.999002,1.0,0.9960719999999998,0.0,0.0,0.0,0.0,0.0,0.0,0.0005,0.0,0.0,0.0,0.0005,0.0,0.0,0.0,0.002,0.9975,0.045899711685228106,1893,0.0006269729604315003,6.809192552246182e-07,0.00013737375569694812,16,20,False,0.995,0.005,0.66,fixed,100,none,eefd7eeb-488a-4f09-b43a-00ca3ec1ee27
1540,215100,27.020572662353516,0.99900075,0.999002,1.0,0.9960719999999998,0.0,0.0,0.0,0.0,0.0,0.0,0.0005,0.0,0.0,0.0,0.0005,0.0,0.0,0.0,0.002,0.9975,0.045899711685228106,1893,0.0006259945085235652,6.793186751172238e-07,0.0001371592684640807,16,20,False,0.995,0.005,0.66,fixed,100,none,eefd7eeb-488a-4f09-b43a-00ca3ec1ee27
1541,215200,27.03228759765625,0.99900075,0.999002,1.0,0.9960719999999998,0.0,0.0,0.0,0.0,0.0,0.0,0.0005,0.0,0.0,0.0,0.0005,0.0,0.0,0.0,0.002,0.9975,0.04629795038975885,1892,0.0006262242141434778,6.789860447156505e-07,0.00013720948782450327,16,20,False,0.995,0.005,0.66,fixed,100,none,eefd7eeb-488a-4f09-b43a-00ca3ec1ee27
1542,215500,27.04391884803772,0.99900075,0.999002,1.0,0.9960719999999998,0.0,0.0,0.0,0.0,0.0,0.0,0.0005,0.0,0.0,0.0,0.0005,0.0,0.0,0.0,0.002,0.9975,0.045899711685228106,1893,0.0006268401230659663,6.798310076927592e-07,0.00013734447083060166,16,20,False,0.995,0.005,0.66,fixed,100,none,eefd7eeb-488a-4f09-b43a-00ca3ec1ee27
1543,215600,27.055689096450806,0.99900075,0.999002,1.0,0.9960719999999998,0.0,0.0,0.0,0.0,0.0,0.0,0.0005,0.0,0.0,0.0,0.0005,0.0,0.0,0.0,0.002,0.9975,0.04669518407547691,1891,0.0006269416962865161,6.795987576905699e-07,0.0001373666610810796,16,20,False,0.995,0.005,0.66,fixed,100,none,eefd7eeb-488a-4f09-b43a-00ca3ec1ee27
1544,215900,27.06748914718628,0.99900075,0.999002,1.0,0.9960719999999998,0.0,0.0,0.0,0.0,0.0,0.0,0.0005,0.0,0.0,0.0,0.0005,0.0,0.0,0.0,0.002,0.9975,0.047091412742382266,1890,0.0006259352254933886,6.814393687503888e-07,0.00013714669434056534,16,20,False,0.995,0.005,0.66,fixed,100,none,eefd7eeb-488a-4f09-b43a-00ca3ec1ee27
1545,216000,27.079206943511963,0.99900075,0.999002,1.0,0.9960719999999998,0.0,0.0,0.0,0.0,0.0,0.0,0.0005,0.0,0.0,0.0,0.0005,0.0,0.0,0.0,0.002,0.9975,0.047091412742382266,1890,0.000625907034687823,6.811520973995628e-07,0.0001371404687916704,16,20,False,0.995,0.005,0.66,fixed,100,none,eefd7eeb-488a-4f09-b43a-00ca3ec1ee27
1546,216200,27.09087109565735,0.99900075,0.999002,1.0,0.9960719999999998,0.0,0.0,0.0,0.0,0.0,0.0,0.0005,0.0,0.0,0.0,0.0005,0.0,0.0,0.0,0.002,0.9975,0.047091412742382266,1890,0.0006259630596236034,6.82117856326155e-07,0.00013715291614430875,16,20,False,0.995,0.005,0.66,fixed,100,none,eefd7eeb-488a-4f09-b43a-00ca3ec1ee27
1547,216300,27.102660655975342,0.99900075,0.999002,1.0,0.9960719999999998,0.0,0.0,0.0,0.0,0.0,0.0,0.0005,0.0,0.0,0.0,0.0005,0.0,0.0,0.0,0.002,0.9975,0.047091412742382266,1890,0.0006256261000210443,6.83792328826474e-07,0.00013707947383708363,16,20,False,0.995,0.005,0.66,fixed,100,none,eefd7eeb-488a-4f09-b43a-00ca3ec1ee27
1548,216500,27.11436176300049,0.99900075,0.999002,1.0,0.9960719999999998,0.0,0.0,0.0,0.0,0.0,0.0,0.0005,0.0,0.0,0.0,0.0005,0.0,0.0,0.0,0.002,0.9975,0.04669518407547691,1891,0.0006248087077244299,6.826129663353182e-07,0.00013690032258448142,16,20,False,0.995,0.005,0.66,fixed,100,none,eefd7eeb-488a-4f09-b43a-00ca3ec1ee27
1549,216600,27.126179456710815,0.99900075,0.999002,1.0,0.9960719999999998,0.0,0.0,0.0,0.0,0.0,0.0,0.0005,0.0,0.0,0.0,0.0005,0.0,0.0,0.0,0.002,0.9975,0.04669518407547691,1891,0.0006251260909919434,6.825435097518229e-07,0.00013696978458498926,16,20,False,0.995,0.005,0.66,fixed,100,none,eefd7eeb-488a-4f09-b43a-00ca3ec1ee27
1550,216700,27.13794207572937,0.99900075,0.999002,1.0,0.9960719999999998,0.0,0.0,0.0,0.0,0.0,0.0,0.0005,0.0,0.0,0.0,0.0005,0.0,0.0,0.0,0.002,0.9975,0.04669518407547691,1891,0.0006250602582838537,6.842757059829409e-07,0.00013695570292247234,16,20,False,0.995,0.005,0.66,fixed,100,none,eefd7eeb-488a-4f09-b43a-00ca3ec1ee27
1551,216900,27.149592399597168,0.99900075,0.999002,1.0,0.9960719999999998,0.0,0.0,0.0,0.0,0.0,0.0,0.0005,0.0,0.0,0.0,0.0005,0.0,0.0,0.0,0.002,0.9975,0.04669518407547691,1891,0.0006244665088268409,6.841501368263236e-07,0.00013682570730819246,16,20,False,0.995,0.005,0.66,fixed,100,none,eefd7eeb-488a-4f09-b43a-00ca3ec1ee27
1552,217000,27.161378860473633,0.99900075,0.999002,1.0,0.9960719999999998,0.0,0.0,0.0,0.0,0.0,0.0,0.0005,0.0,0.0,0.0,0.0005,0.0,0.0,0.0,0.002,0.9975,0.04669518407547691,1891,0.0006247390611799468,6.842202318683162e-07,0.00013688538233634534,16,20,False,0.995,0.005,0.66,fixed,100,none,eefd7eeb-488a-4f09-b43a-00ca3ec1ee27
1553,217300,27.173206567764282,0.99900075,0.999002,1.0,0.9960719999999998,0.0,0.0,0.0,0.0,0.0,0.0,0.0005,0.0,0.0,0.0,0.0005,0.0,0.0,0.0,0.002,0.9975,0.04669518407547691,1891,0.0006248613440131191,6.843596298092787e-07,0.00013691217653413556,16,20,False,0.995,0.005,0.66,fixed,100,none,eefd7eeb-488a-4f09-b43a-00ca3ec1ee27
1554,217400,27.18510603904724,0.99900075,0.999002,1.0,0.9960719999999998,0.0,0.0,0.0,0.0,0.0,0.0,0.0005,0.0,0.0,0.0,0.0005,0.0,0.0,0.0,0.002,0.9975,0.04669518407547691,1891,0.0006248613440131191,6.843596298092787e-07,0.00013691217653413556,16,20,False,0.995,0.005,0.66,fixed,100,none,eefd7eeb-488a-4f09-b43a-00ca3ec1ee27
1555,217700,27.196797132492065,0.99900075,0.999002,1.0,0.9960719999999998,0.0,0.0,0.0,0.0,0.0,0.0,0.0005,0.0,0.0,0.0,0.0005,0.0,0.0,0.0,0.002,0.9975,0.04669518407547691,1891,0.0006254767848558818,6.844606659841059e-07,0.0001370469157314895,16,20,False,0.995,0.005,0.66,fixed,100,none,eefd7eeb-488a-4f09-b43a-00ca3ec1ee27
1556,217800,27.208742380142212,0.99900075,0.999002,1.0,0.9960719999999998,0.0,0.0,0.0,0.0,0.0,0.0,0.0005,0.0,0.0,0.0,0.0005,0.0,0.0,0.0,0.002,0.9975,0.04669518407547691,1891,0.0006267588891839281,6.861932492032278e-07,0.00013732789755971047,16,20,False,0.995,0.005,0.66,fixed,100,none,eefd7eeb-488a-4f09-b43a-00ca3ec1ee27
1557,218000,27.22047710418701,0.99900075,0.999002,1.0,0.9960719999999998,0.0,0.0,0.0,0.0,0.0,0.0,0.0005,0.0,0.0,0.0,0.0005,0.0,0.0,0.0,0.002,0.9975,0.047091412742382266,1890,0.0006256064602762007,6.8532387612568e-07,0.00013707546569092423,16,20,False,0.995,0.005,0.66,fixed,100,none,eefd7eeb-488a-4f09-b43a-00ca3ec1ee27
1558,218100,27.232250928878784,0.99900075,0.999002,1.0,0.9960719999999998,0.0,0.0,0.0,0.0,0.0,0.0,0.0005,0.0,0.0,0.0,0.0005,0.0,0.0,0.0,0.002,0.9975,0.04669518407547691,1891,0.0006264525650356613,6.865230125459891e-07,0.00013726090585869,16,20,False,0.995,0.005,0.66,fixed,100,none,eefd7eeb-488a-4f09-b43a-00ca3ec1ee27
1559,218300,27.243990898132324,0.99900075,0.999002,1.0,0.9960719999999998,0.0,0.0,0.0,0.0,0.0,0.0,0.0005,0.0,0.0,0.0,0.0005,0.0,0.0,0.0,0.002,0.9975,0.047091412742382266,1890,0.0006278397653067428,6.891927195308623e-07,0.00013756507124235688,16,20,False,0.995,0.005,0.66,fixed,100,none,eefd7eeb-488a-4f09-b43a-00ca3ec1ee27
1560,218400,27.25586438179016,0.99900075,0.999002,1.0,0.9960719999999998,0.0,0.0,0.0,0.0,0.0,0.0,0.0005,0.0,0.0,0.0,0.0005,0.0,0.0,0.0,0.002,0.9975,0.04669518407547691,1891,0.0006274707892089823,6.892373444158554e-07,0.00013748431085328525,16,20,False,0.995,0.005,0.66,fixed,100,none,eefd7eeb-488a-4f09-b43a-00ca3ec1ee27
1561,218500,27.26757025718689,0.99900075,0.999002,1.0,0.9960719999999998,0.0,0.0,0.0,0.0,0.0,0.0,0.0005,0.0,0.0,0.0,0.0005,0.0,0.0,0.0,0.002,0.9975,0.04669518407547691,1891,0.0006272528338994566,6.885378654072792e-07,0.00013743646753501843,16,20,False,0.995,0.005,0.66,fixed,100,none,eefd7eeb-488a-4f09-b43a-00ca3ec1ee27
1562,218700,27.279308080673218,0.99900075,0.999002,1.0,0.9960719999999998,0.0,0.0,0.0,0.0,0.0,0.0,0.0005,0.0,0.0,0.0,0.0005,0.0,0.0,0.0,0.002,0.9975,0.04669518407547691,1891,0.0006291548701252411,6.919687936247133e-07,0.00013785347514120398,16,20,False,0.995,0.005,0.66,fixed,100,none,eefd7eeb-488a-4f09-b43a-00ca3ec1ee27
1563,218800,27.291070461273193,0.99900075,0.999002,1.0,0.9960719999999998,0.0,0.0,0.0,0.0,0.0,0.0,0.0005,0.0,0.0,0.0,0.0005,0.0,0.0,0.0,0.002,0.9975,0.04669518407547691,1891,0.0006291489571820119,6.908808548799855e-07,0.00013785197408956962,16,20,False,0.995,0.005,0.66,fixed,100,none,eefd7eeb-488a-4f09-b43a-00ca3ec1ee27
1564,219100,27.302827835083008,0.99900075,0.999002,1.0,0.9960719999999998,0.0,0.0,0.0,0.0,0.0,0.0,0.0005,0.0,0.0,0.0,0.0005,0.0,0.0,0.0,0.002,0.9975,0.047091412742382266,1890,0.0006273672156658293,6.886071932349532e-07,0.00013746151887596467,16,20,False,0.995,0.005,0.66,fixed,100,none,eefd7eeb-488a-4f09-b43a-00ca3ec1ee27
1565,219200,27.314553260803223,0.99900075,0.999002,1.0,0.9960719999999998,0.0,0.0,0.0,0.0,0.0,0.0,0.0005,0.0,0.0,0.0,0.0005,0.0,0.0,0.0,0.002,0.9975,0.047091412742382266,1890,0.0006270056223904396,6.875468027328132e-07,0.00013738216463378647,16,20,False,0.995,0.005,0.66,fixed,100,none,eefd7eeb-488a-4f09-b43a-00ca3ec1ee27
1566,219500,27.326378345489502,0.99900075,0.999002,1.0,0.9960719999999998,0.0,0.0,0.0,0.0,0.0,0.0,0.0005,0.0,0.0,0.0,0.0005,0.0,0.0,0.0,0.002,0.9975,0.047091412742382266,1890,0.0006272474170487631,6.866493814782726e-07,0.0001374349229744551,16,20,False,0.995,0.005,0.66,fixed,100,none,eefd7eeb-488a-4f09-b43a-00ca3ec1ee27
1567,219600,27.338348388671875,0.99900075,0.999002,1.0,0.9960719999999998,0.0,0.0,0.0,0.0,0.0,0.0,0.0005,0.0,0.0,0.0,0.0005,0.0,0.0,0.0,0.002,0.9975,0.047091412742382266,1890,0.0006256998725016987,6.858878059514642e-07,0.00013709602077375264,16,20,False,0.995,0.005,0.66,fixed,100,none,eefd7eeb-488a-4f09-b43a-00ca3ec1ee27
1568,219800,27.35013222694397,0.99900075,0.999002,1.0,0.9960719999999998,0.0,0.0,0.0,0.0,0.0,0.0,0.0005,0.0,0.0,0.0,0.0005,0.0,0.0,0.0,0.002,0.9975,0.047091412742382266,1890,0.0006254234139097047,6.863976755872184e-07,0.00013703560086319596,16,20,False,0.995,0.005,0.66,fixed,100,none,eefd7eeb-488a-4f09-b43a-00ca3ec1ee27
1569,219900,27.36192560195923,0.99900075,0.999002,1.0,0.9960719999999998,0.0,0.0,0.0,0.0,0.0,0.0,0.0005,0.0,0.0,0.0,0.0005,0.0,0.0,0.0,0.002,0.9975,0.047091412742382266,1890,0.0006262872714757873,6.865727319794549e-07,0.00013722473254512593,16,20,False,0.995,0.005,0.66,fixed,100,none,eefd7eeb-488a-4f09-b43a-00ca3ec1ee27
1570,220100,27.373681783676147,0.99900075,0.999002,1.0,0.9960719999999998,0.0,0.0,0.0,0.0,0.0,0.0,0.0005,0.0,0.0,0.0,0.0005,0.0,0.0,0.0,0.002,0.9975,0.047091412742382266,1890,0.0006264482869737732,6.873494970361281e-07,0.00013726012642299582,16,20,False,0.995,0.005,0.66,fixed,100,none,eefd7eeb-488a-4f09-b43a-00ca3ec1ee27
1571,220200,27.38544988632202,0.99900075,0.999002,1.0,0.9960719999999998,0.0,0.0,0.0,0.0,0.0,0.0,0.0005,0.0,0.0,0.0,0.0005,0.0,0.0,0.0,0.002,0.9975,0.047091412742382266,1890,0.0006250018824477563,6.857939412852506e-07,0.00013694321291665807,16,20,False,0.995,0.005,0.66,fixed,100,none,eefd7eeb-488a-4f09-b43a-00ca3ec1ee27
1572,220300,27.397250652313232,0.99900075,0.999002,1.0,0.9960719999999998,0.0,0.0,0.0,0.0,0.0,0.0,0.0005,0.0,0.0,0.0,0.0005,0.0,0.0,0.0,0.002,0.9975,0.047091412742382266,1890,0.0006267425139318742,6.877317168818178e-07,0.00013732460532589483,16,20,False,0.995,0.005,0.66,fixed,100,none,eefd7eeb-488a-4f09-b43a-00ca3ec1ee27
1573,220500,27.409021615982056,0.99900075,0.999002,1.0,0.9960719999999998,0.0,0.0,0.0,0.0,0.0,0.0,0.0005,0.0,0.0,0.0,0.0005,0.0,0.0,0.0,0.002,0.9975,0.047091412742382266,1890,0.0006255302129016767,6.859950375986928e-07,0.00013705890266132079,16,20,False,0.995,0.005,0.66,fixed,100,none,eefd7eeb-488a-4f09-b43a-00ca3ec1ee27
1574,220600,27.42083430290222,0.99900075,0.999002,1.0,0.9960719999999998,0.0,0.0,0.0,0.0,0.0,0.0,0.0005,0.0,0.0,0.0,0.0005,0.0,0.0,0.0,0.002,0.9975,0.047091412742382266,1890,0.0006264336997437289,6.87035686023756e-07,0.00013725687365424678,16,20,False,0.995,0.005,0.66,fixed,100,none,eefd7eeb-488a-4f09-b43a-00ca3ec1ee27
1575,220900,27.432945728302002,0.99900075,0.999002,1.0,0.9960719999999998,0.0,0.0,0.0,0.0,0.0,0.0,0.0005,0.0,0.0,0.0,0.0005,0.0,0.0,0.0,0.002,0.9975,0.047091412742382266,1890,0.0006270182828905508,6.88380226834568e-07,0.00013738509436784013,16,20,False,0.995,0.005,0.66,fixed,100,none,eefd7eeb-488a-4f09-b43a-00ca3ec1ee27
1576,221000,27.444956064224243,0.99900075,0.999002,1.0,0.9960719999999998,0.0,0.0,0.0,0.0,0.0,0.0,0.0005,0.0,0.0,0.0,0.0005,0.0,0.0,0.0,0.002,0.9975,0.047091412742382266,1890,0.0006270182828905508,6.88380226834568e-07,0.00013738509436784013,16,20,False,0.995,0.005,0.66,fixed,100,none,eefd7eeb-488a-4f09-b43a-00ca3ec1ee27
1577,221300,27.456600189208984,0.99900075,0.999002,1.0,0.9960719999999998,0.0,0.0,0.0,0.0,0.0,0.0,0.0005,0.0,0.0,0.0,0.0005,0.0,0.0,0.0,0.002,0.9975,0.047091412742382266,1890,0.0006275591703266776,6.8734778761619e-07,0.00013750329846415682,16,20,False,0.995,0.005,0.66,fixed,100,none,eefd7eeb-488a-4f09-b43a-00ca3ec1ee27
1578,221400,27.468334913253784,0.99900075,0.999002,1.0,0.9960719999999998,0.0,0.0,0.0,0.0,0.0,0.0,0.0005,0.0,0.0,0.0,0.0005,0.0,0.0,0.0,0.002,0.9975,0.047091412742382266,1890,0.0006279070580823136,6.884546500819737e-07,0.00013757966139773403,16,20,False,0.995,0.005,0.66,fixed,100,none,eefd7eeb-488a-4f09-b43a-00ca3ec1ee27
1579,221600,27.48022723197937,0.99900075,0.999002,1.0,0.9960719999999998,0.0,0.0,0.0,0.0,0.0,0.0,0.0005,0.0,0.0,0.0,0.0005,0.0,0.0,0.0,0.002,0.9975,0.047091412742382266,1890,0.0006279717440510936,6.902285682127313e-07,0.00013759415820074482,16,20,False,0.995,0.005,0.66,fixed,100,none,eefd7eeb-488a-4f09-b43a-00ca3ec1ee27
1580,221700,27.491970539093018,0.99900075,0.999002,1.0,0.9960719999999998,0.0,0.0,0.0,0.0,0.0,0.0,0.0005,0.0,0.0,0.0,0.0005,0.0,0.0,0.0,0.002,0.9975,0.047091412742382266,1890,0.0006279851555232174,6.901738984153427e-07,0.0001375970835847312,16,20,False,0.995,0.005,0.66,fixed,100,none,eefd7eeb-488a-4f09-b43a-00ca3ec1ee27
1581,221900,27.50372314453125,0.99900075,0.999002,1.0,0.9960719999999998,0.0,0.0,0.0,0.0,0.0,0.0,0.0005,0.0,0.0,0.0,0.0005,0.0,0.0,0.0,0.002,0.9975,0.047091412742382266,1890,0.0006314493458915646,6.963341532649745e-07,0.00013835656530478385,16,20,False,0.995,0.005,0.66,fixed,100,none,eefd7eeb-488a-4f09-b43a-00ca3ec1ee27
1582,222000,27.515616416931152,0.99900075,0.999002,1.0,0.9960719999999998,0.0,0.0,0.0,0.0,0.0,0.0,0.0005,0.0,0.0,0.0,0.0005,0.0,0.0,0.0,0.002,0.9975,0.04669518407547691,1891,0.0006318313168197331,6.962805998728693e-07,0.00013844016856581545,16,20,False,0.995,0.005,0.66,fixed,100,none,eefd7eeb-488a-4f09-b43a-00ca3ec1ee27
1583,222100,27.527283191680908,0.99900075,0.999002,1.0,0.9960719999999998,0.0,0.0,0.0,0.0,0.0,0.0,0.0005,0.0,0.0,0.0,0.0005,0.0,0.0,0.0,0.002,0.9975,0.047091412742382266,1890,0.0006327374570739525,6.990489973688605e-07,0.00013863904866298832,16,20,False,0.995,0.005,0.66,fixed,100,none,eefd7eeb-488a-4f09-b43a-00ca3ec1ee27
1584,222300,27.538989305496216,0.99900075,0.999002,1.0,0.9960719999999998,0.0,0.0,0.0,0.0,0.0,0.0,0.0005,0.0,0.0,0.0,0.0005,0.0,0.0,0.0,0.002,0.9975,0.047091412742382266,1890,0.0006323498433541773,6.987884040650386e-07,0.0001385541505070018,16,20,False,0.995,0.005,0.66,fixed,100,none,eefd7eeb-488a-4f09-b43a-00ca3ec1ee27
1585,222400,27.550732374191284,0.99900075,0.999002,1.0,0.9960719999999998,0.0,0.0,0.0,0.0,0.0,0.0,0.0005,0.0,0.0,0.0,0.0005,0.0,0.0,0.0,0.002,0.9975,0.04669518407547691,1891,0.0006331235529355903,7.005330182509895e-07,0.00013872384701106843,16,20,False,0.995,0.005,0.66,fixed,100,none,eefd7eeb-488a-4f09-b43a-00ca3ec1ee27
1586,222700,27.56250810623169,0.99900075,0.999002,1.0,0.9960719999999998,0.0,0.0,0.0,0.0,0.0,0.0,0.0005,0.0,0.0,0.0,0.0005,0.0,0.0,0.0,0.002,0.9975,0.047091412742382266,1890,0.0006322156726880734,6.993206156160327e-07,0.0001385248816683863,16,20,False,0.995,0.005,0.66,fixed,100,none,eefd7eeb-488a-4f09-b43a-00ca3ec1ee27
1587,222800,27.574183702468872,0.99900075,0.999002,1.0,0.9960719999999998,0.0,0.0,0.0,0.0,0.0,0.0,0.0005,0.0,0.0,0.0,0.0005,0.0,0.0,0.0,0.002,0.9975,0.04669518407547691,1891,0.0006329645030903666,7.013429204766454e-07,0.00013868918488137182,16,20,False,0.995,0.005,0.66,fixed,100,none,eefd7eeb-488a-4f09-b43a-00ca3ec1ee27
1588,223100,27.585811614990234,0.99900075,0.999002,1.0,0.9960719999999998,0.0,0.0,0.0,0.0,0.0,0.0,0.0005,0.0,0.0,0.0,0.0005,0.0,0.0,0.0,0.002,0.9975,0.04669518407547691,1891,0.0006329429591700099,7.033509243234707e-07,0.00013868485043793663,16,20,False,0.995,0.005,0.66,fixed,100,none,eefd7eeb-488a-4f09-b43a-00ca3ec1ee27
1589,223200,27.59752631187439,0.99900075,0.999002,1.0,0.9960719999999998,0.0,0.0,0.0,0.0,0.0,0.0,0.0005,0.0,0.0,0.0,0.0005,0.0,0.0,0.0,0.002,0.9975,0.04669518407547691,1891,0.0006349842652064459,7.068555422862052e-07,0.00013913235820672539,16,20,False,0.995,0.005,0.66,fixed,100,none,eefd7eeb-488a-4f09-b43a-00ca3ec1ee27
1590,223400,27.609174013137817,0.99900075,0.999002,1.0,0.9960719999999998,0.0,0.0,0.0,0.0,0.0,0.0,0.0005,0.0,0.0,0.0,0.0005,0.0,0.0,0.0,0.002,0.9975,0.04669518407547691,1891,0.0006356267732371136,7.086712520060894e-07,0.00013927334819948534,16,20,False,0.995,0.005,0.66,fixed,100,none,eefd7eeb-488a-4f09-b43a-00ca3ec1ee27
1591,223500,27.62092900276184,0.99900075,0.999002,1.0,0.9960719999999998,0.0,0.0,0.0,0.0,0.0,0.0,0.0005,0.0,0.0,0.0,0.0005,0.0,0.0,0.0,0.002,0.9975,0.04669518407547691,1891,0.0006367536633635515,7.100700226463586e-07,0.00013952029021458424,16,20,False,0.995,0.005,0.66,fixed,100,none,eefd7eeb-488a-4f09-b43a-00ca3ec1ee27
1592,223700,27.632622003555298,0.99900075,0.999002,1.0,0.9960719999999998,0.0,0.0,0.0,0.0,0.0,0.0,0.0005,0.0,0.0,0.0,0.0005,0.0,0.0,0.0,0.002,0.9975,0.04669518407547691,1891,0.0006387156554616929,7.130639832646691e-07,0.00013995033913738488,16,20,False,0.995,0.005,0.66,fixed,100,none,eefd7eeb-488a-4f09-b43a-00ca3ec1ee27
1593,223800,27.64441967010498,0.99900075,0.999002,1.0,0.9960719999999998,0.0,0.0,0.0,0.0,0.0,0.0,0.0005,0.0,0.0,0.0,0.0005,0.0,0.0,0.0,0.002,0.9975,0.04669518407547691,1891,0.000636870813737052,7.111834838052777e-07,0.0001395461459889637,16,20,False,0.995,0.005,0.66,fixed,100,none,eefd7eeb-488a-4f09-b43a-00ca3ec1ee27
1594,223900,27.656307697296143,0.99900075,0.999002,1.0,0.9960719999999998,0.0,0.0,0.0,0.0,0.0,0.0,0.0005,0.0,0.0,0.0,0.0005,0.0,0.0,0.0,0.002,0.9975,0.04669518407547691,1891,0.0006363224820489526,7.105670038611592e-07,0.00013942599905124935,16,20,False,0.995,0.005,0.66,fixed,100,none,eefd7eeb-488a-4f09-b43a-00ca3ec1ee27
1595,224100,27.668135404586792,0.99900075,0.999002,1.0,0.9960719999999998,0.0,0.0,0.0,0.0,0.0,0.0,0.0005,0.0,0.0,0.0,0.0005,0.0,0.0,0.0,0.002,0.9975,0.04669518407547691,1891,0.0006363030645898256,7.109818300820915e-07,0.00013942182738642842,16,20,False,0.995,0.005,0.66,fixed,100,none,eefd7eeb-488a-4f09-b43a-00ca3ec1ee27
1596,224200,27.67988681793213,0.99900075,0.999002,1.0,0.9960719999999998,0.0,0.0,0.0,0.0,0.0,0.0,0.0005,0.0,0.0,0.0,0.0005,0.0,0.0,0.0,0.002,0.9975,0.04669518407547691,1891,0.0006361473186730633,7.099228767648865e-07,0.00013938753340411887,16,20,False,0.995,0.005,0.66,fixed,100,none,eefd7eeb-488a-4f09-b43a-00ca3ec1ee27
1597,224500,27.69171643257141,0.99900075,0.999002,1.0,0.9960719999999998,0.0,0.0,0.0,0.0,0.0,0.0,0.0005,0.0,0.0,0.0,0.0005,0.0,0.0,0.0,0.002,0.9975,0.04669518407547691,1891,0.0006363793719020214,7.11701090718079e-07,0.00013943866771658892,16,20,False,0.995,0.005,0.66,fixed,100,none,eefd7eeb-488a-4f09-b43a-00ca3ec1ee27
1598,224600,27.703813076019287,0.99900075,0.999002,1.0,0.9960719999999998,0.0,0.0,0.0,0.0,0.0,0.0,0.0005,0.0,0.0,0.0,0.0005,0.0,0.0,0.0,0.002,0.9975,0.04629795038975885,1892,0.000636366103752855,7.103530236531861e-07,0.00013943550718599409,16,20,False,0.995,0.005,0.66,fixed,100,none,eefd7eeb-488a-4f09-b43a-00ca3ec1ee27
1599,224900,27.715728282928467,0.99900075,0.999002,1.0,0.9960719999999998,0.0,0.0,0.0,0.0,0.0,0.0,0.0005,0.0,0.0,0.0,0.0005,0.0,0.0,0.0,0.002,0.9975,0.04669518407547691,1891,0.0006358803359240101,7.102117195786265e-07,0.00013932914576048576,16,20,False,0.995,0.005,0.66,fixed,100,none,eefd7eeb-488a-4f09-b43a-00ca3ec1ee27
1600,225000,27.727894067764282,0.99900075,0.999002,1.0,0.9960719999999998,0.0,0.0,0.0,0.0,0.0,0.0,0.0005,0.0,0.0,0.0,0.0005,0.0,0.0,0.0,0.002,0.9975,0.04669518407547691,1891,0.0006349793584680229,7.080514430856866e-07,0.0001391315113428365,16,20,False,0.995,0.005,0.66,fixed,100,none,eefd7eeb-488a-4f09-b43a-00ca3ec1ee27
1601,225200,27.7397677898407,0.99900075,0.999002,1.0,0.9960719999999998,0.0,0.0,0.0,0.0,0.0,0.0,0.0005,0.0,0.0,0.0,0.0005,0.0,0.0,0.0,0.002,0.9975,0.04748663639047491,1889,0.0006354596454005276,7.080161391250636e-07,0.00013923663944460926,16,20,False,0.995,0.005,0.66,fixed,100,none,eefd7eeb-488a-4f09-b43a-00ca3ec1ee27
1602,225300,27.752217292785645,0.99900075,0.999002,1.0,0.9960719999999998,0.0,0.0,0.0,0.0,0.0,0.0,0.0005,0.0,0.0,0.0,0.0005,0.0,0.0,0.0,0.002,0.9975,0.047091412742382266,1890,0.0006353727844155718,7.083511011230395e-07,0.00013921768921778207,16,20,False,0.995,0.005,0.66,fixed,100,none,eefd7eeb-488a-4f09-b43a-00ca3ec1ee27
1603,225600,27.76432228088379,0.99900075,0.999002,1.0,0.9960719999999998,0.0,0.0,0.0,0.0,0.0,0.0,0.0005,0.0,0.0,0.0,0.0005,0.0,0.0,0.0,0.002,0.9975,0.04748663639047491,1889,0.0006379461034930708,7.124502918626766e-07,0.00013978176761008713,16,20,False,0.995,0.005,0.66,fixed,100,none,eefd7eeb-488a-4f09-b43a-00ca3ec1ee27
1604,225700,27.77613067626953,0.99900075,0.999002,1.0,0.9960719999999998,0.0,0.0,0.0,0.0,0.0,0.0,0.0005,0.0,0.0,0.0,0.0005,0.0,0.0,0.0,0.002,0.9975,0.04748663639047491,1889,0.0006378590646645428,7.131200497003926e-07,0.0001397628420645115,16,20,False,0.995,0.005,0.66,fixed,100,none,eefd7eeb-488a-4f09-b43a-00ca3ec1ee27
1605,225900,27.788044929504395,0.99900075,0.999002,1.0,0.9960719999999998,0.0,0.0,0.0,0.0,0.0,0.0,0.0005,0.0,0.0,0.0,0.0005,0.0,0.0,0.0,0.002,0.9975,0.04669518407547691,1891,0.0006389248781585758,7.150132828913003e-07,0.00013999650835266162,16,20,False,0.995,0.005,0.66,fixed,100,none,eefd7eeb-488a-4f09-b43a-00ca3ec1ee27
1606,226000,27.79998540878296,0.99900075,0.999002,1.0,0.9960719999999998,0.0,0.0,0.0,0.0,0.0,0.0,0.0005,0.0,0.0,0.0,0.0005,0.0,0.0,0.0,0.002,0.9975,0.047091412742382266,1890,0.0006390597627982942,7.161432079406002e-07,0.00014002624928605533,16,20,False,0.995,0.005,0.66,fixed,100,none,eefd7eeb-488a-4f09-b43a-00ca3ec1ee27
1607,226300,27.811675310134888,0.99900075,0.999002,1.0,0.9960719999999998,0.0,0.0,0.0,0.0,0.0,0.0,0.0005,0.0,0.0,0.0,0.0005,0.0,0.0,0.0,0.002,0.9975,0.047091412742382266,1890,0.000639026616750821,7.190140366088976e-07,0.0001400195390737104,16,20,False,0.995,0.005,0.66,fixed,100,none,eefd7eeb-488a-4f09-b43a-00ca3ec1ee27
1608,226400,27.823403120040894,0.99900075,0.999002,1.0,0.9960719999999998,0.0,0.0,0.0,0.0,0.0,0.0,0.0005,0.0,0.0,0.0,0.0005,0.0,0.0,0.0,0.002,0.9975,0.047091412742382266,1890,0.000639484554970079,7.196427884731325e-07,0.0001401199012127602,16,20,False,0.995,0.005,0.66,fixed,100,none,eefd7eeb-488a-4f09-b43a-00ca3ec1ee27
1609,226700,27.83515763282776,0.99900075,0.999002,1.0,0.9960719999999998,0.0,0.0,0.0,0.0,0.0,0.0,0.0005,0.0,0.0,0.0,0.0005,0.0,0.0,0.0,0.002,0.9975,0.047091412742382266,1890,0.0006390105253254051,7.201693577482053e-07,0.00014001623617170334,16,20,False,0.995,0.005,0.66,fixed,100,none,eefd7eeb-488a-4f09-b43a-00ca3ec1ee27
1610,226800,27.846928119659424,0.99900075,0.999002,1.0,0.9960719999999998,0.0,0.0,0.0,0.0,0.0,0.0,0.0005,0.0,0.0,0.0,0.0005,0.0,0.0,0.0,0.002,0.9975,0.047091412742382266,1890,0.0006390701183749566,7.205226904867495e-07,0.0001400293482234705,16,20,False,0.995,0.005,0.66,fixed,100,none,eefd7eeb-488a-4f09-b43a-00ca3ec1ee27
1611,227000,27.858721017837524,0.99900075,0.999002,1.0,0.9960719999999998,0.0,0.0,0.0,0.0,0.0,0.0,0.0005,0.0,0.0,0.0,0.0005,0.0,0.0,0.0,0.002,0.9975,0.047091412742382266,1890,0.0006387106308347734,7.200055700685984e-07,0.00013995055814804494,16,20,False,0.995,0.005,0.66,fixed,100,none,eefd7eeb-488a-4f09-b43a-00ca3ec1ee27
1612,227100,27.871190547943115,0.99900075,0.999002,1.0,0.9960719999999998,0.0,0.0,0.0,0.0,0.0,0.0,0.0005,0.0,0.0,0.0,0.0005,0.0,0.0,0.0,0.002,0.9975,0.047091412742382266,1890,0.0006391403466343057,7.209773183150975e-07,0.0001400448075687294,16,20,False,0.995,0.005,0.66,fixed,100,none,eefd7eeb-488a-4f09-b43a-00ca3ec1ee27
1613,227400,27.88324475288391,0.99900075,0.999002,1.0,0.9960719999999998,0.0,0.0,0.0,0.0,0.0,0.0,0.0005,0.0,0.0,0.0,0.0005,0.0,0.0,0.0,0.002,0.9975,0.047091412742382266,1890,0.0006389526796955969,7.211474782795378e-07,0.0001400037596062393,16,20,False,0.995,0.005,0.66,fixed,100,none,eefd7eeb-488a-4f09-b43a-00ca3ec1ee27
1614,227500,27.89493227005005,0.99900075,0.999002,1.0,0.9960719999999998,0.0,0.0,0.0,0.0,0.0,0.0,0.0005,0.0,0.0,0.0,0.0005,0.0,0.0,0.0,0.002,0.9975,0.047091412742382266,1890,0.000637576172427417,7.193205295455853e-07,0.00013970209504497524,16,20,False,0.995,0.005,0.66,fixed,100,none,eefd7eeb-488a-4f09-b43a-00ca3ec1ee27
1615,227700,27.906646013259888,0.99900075,0.999002,1.0,0.9960719999999998,0.0,0.0,0.0,0.0,0.0,0.0,0.0005,0.0,0.0,0.0,0.0005,0.0,0.0,0.0,0.002,0.9975,0.047091412742382266,1890,0.00063871094984017,7.217052676016515e-07,0.0001399509509208575,16,20,False,0.995,0.005,0.66,fixed,100,none,eefd7eeb-488a-4f09-b43a-00ca3ec1ee27
1616,227800,27.918334245681763,0.99900075,0.999002,1.0,0.9960719999999998,0.0,0.0,0.0,0.0,0.0,0.0,0.0005,0.0,0.0,0.0,0.0005,0.0,0.0,0.0,0.002,0.9975,0.047091412742382266,1890,0.0006375352650202161,7.184370031634586e-07,0.0001396929725435264,16,20,False,0.995,0.005,0.66,fixed,100,none,eefd7eeb-488a-4f09-b43a-00ca3ec1ee27
1617,228100,27.930428981781006,0.99900075,0.999002,1.0,0.9960719999999998,0.0,0.0,0.0,0.0,0.0,0.0,0.0005,0.0,0.0,0.0,0.0005,0.0,0.0,0.0,0.002,0.9975,0.04669518407547691,1891,0.0006380715781550927,7.214109679498929e-07,0.0001398109365420603,16,20,False,0.995,0.005,0.66,fixed,100,none,eefd7eeb-488a-4f09-b43a-00ca3ec1ee27
1618,228200,27.943329334259033,0.99900075,0.999002,1.0,0.9960719999999998,0.0,0.0,0.0,0.0,0.0,0.0,0.0005,0.0,0.0,0.0,0.0005,0.0,0.0,0.0,0.002,0.9975,0.04669518407547691,1891,0.0006383768089933262,7.214546253924862e-07,0.00013987775986746366,16,20,False,0.995,0.005,0.66,fixed,100,none,eefd7eeb-488a-4f09-b43a-00ca3ec1ee27
1619,228500,27.95621967315674,0.99900075,0.999002,1.0,0.9960719999999998,0.0,0.0,0.0,0.0,0.0,0.0,0.0005,0.0,0.0,0.0,0.0005,0.0,0.0,0.0,0.002,0.9975,0.04629795038975885,1892,0.0006394507909311686,7.233769067464111e-07,0.00014011321974711463,16,20,False,0.995,0.005,0.66,fixed,100,none,eefd7eeb-488a-4f09-b43a-00ca3ec1ee27
1620,228600,27.969191074371338,0.99900075,0.999002,1.0,0.9960719999999998,0.0,0.0,0.0,0.0,0.0,0.0,0.0005,0.0,0.0,0.0,0.0005,0.0,0.0,0.0,0.002,0.9975,0.04629795038975885,1892,0.00063949695810557,7.236090025956581e-07,0.00014012336983980245,16,20,False,0.995,0.005,0.66,fixed,100,none,eefd7eeb-488a-4f09-b43a-00ca3ec1ee27
1621,228800,27.98284673690796,0.99900075,0.999002,1.0,0.9960719999999998,0.0,0.0,0.0,0.0,0.0,0.0,0.0005,0.0,0.0,0.0,0.0005,0.0,0.0,0.0,0.002,0.9975,0.04629795038975885,1892,0.000639739227157028,7.246383835450908e-07,0.000140176598117547,16,20,False,0.995,0.005,0.66,fixed,100,none,eefd7eeb-488a-4f09-b43a-00ca3ec1ee27
1622,228900,27.99646782875061,0.99900075,0.999002,1.0,0.9960719999999998,0.0,0.0,0.0,0.0,0.0,0.0,0.0005,0.0,0.0,0.0,0.0005,0.0,0.0,0.0,0.002,0.9975,0.04669518407547691,1891,0.0006402467328533396,7.257654120776005e-07,0.00014028790524989076,16,20,False,0.995,0.005,0.66,fixed,100,none,eefd7eeb-488a-4f09-b43a-00ca3ec1ee27
1623,229200,28.01001214981079,0.99900075,0.999002,1.0,0.9960719999999998,0.0,0.0,0.0,0.0,0.0,0.0,0.0005,0.0,0.0,0.0,0.0005,0.0,0.0,0.0,0.002,0.9975,0.04669518407547691,1891,0.0006416677401299959,7.253795156149884e-07,0.00014059889042242294,16,20,False,0.995,0.005,0.66,fixed,100,none,eefd7eeb-488a-4f09-b43a-00ca3ec1ee27
1624,229300,28.02349615097046,0.99900075,0.999002,1.0,0.9960719999999998,0.0,0.0,0.0,0.0,0.0,0.0,0.0005,0.0,0.0,0.0,0.0005,0.0,0.0,0.0,0.002,0.9975,0.04669518407547691,1891,0.0006409587768844407,7.250558872359073e-07,0.0001404436368785789,16,20,False,0.995,0.005,0.66,fixed,100,none,eefd7eeb-488a-4f09-b43a-00ca3ec1ee27
1625,229400,28.037936449050903,0.99900075,0.999002,1.0,0.9960719999999998,0.0,0.0,0.0,0.0,0.0,0.0,0.0005,0.0,0.0,0.0,0.0005,0.0,0.0,0.0,0.002,0.9975,0.04629795038975885,1892,0.0006412033464468559,7.253660677374139e-07,0.00014049723209008687,16,20,False,0.995,0.005,0.66,fixed,100,none,eefd7eeb-488a-4f09-b43a-00ca3ec1ee27
1626,229500,28.052300691604614,0.99900075,0.999002,1.0,0.9960719999999998,0.0,0.0,0.0,0.0,0.0,0.0,0.0005,0.0,0.0,0.0,0.0005,0.0,0.0,0.0,0.002,0.9975,0.04629795038975885,1892,0.0006414456309000874,7.252763992035457e-07,0.00014055025111987782,16,20,False,0.995,0.005,0.66,fixed,100,none,eefd7eeb-488a-4f09-b43a-00ca3ec1ee27
1627,229600,28.06630849838257,0.99900075,0.999002,1.0,0.9960719999999998,0.0,0.0,0.0,0.0,0.0,0.0,0.0005,0.0,0.0,0.0,0.0005,0.0,0.0,0.0,0.002,0.9975,0.04629795038975885,1892,0.000641514316077991,7.257714615589684e-07,0.00014056538036716845,16,20,False,0.995,0.005,0.66,fixed,100,none,eefd7eeb-488a-4f09-b43a-00ca3ec1ee27
1628,229900,28.080139875411987,0.99900075,0.999002,1.0,0.9960719999999998,0.0,0.0,0.0,0.0,0.0,0.0,0.0005,0.0,0.0,0.0,0.0005,0.0,0.0,0.0,0.002,0.9975,0.04669518407547691,1891,0.0006436600879518306,7.290200950179199e-07,0.00014103570707070913,16,20,False,0.995,0.005,0.66,fixed,100,none,eefd7eeb-488a-4f09-b43a-00ca3ec1ee27
1629,230000,28.093727350234985,0.99900075,0.999002,1.0,0.9960719999999998,0.0,0.0,0.0,0.0,0.0,0.0,0.0005,0.0,0.0,0.0,0.0005,0.0,0.0,0.0,0.002,0.9975,0.047091412742382266,1890,0.0006444155947340367,7.300748205188054e-07,0.00014120128790317922,16,20,False,0.995,0.005,0.66,fixed,100,none,eefd7eeb-488a-4f09-b43a-00ca3ec1ee27
1630,230300,28.107264518737793,0.99900075,0.999002,1.0,0.9960719999999998,0.0,0.0,0.0,0.0,0.0,0.0,0.0005,0.0,0.0,0.0,0.0005,0.0,0.0,0.0,0.002,0.9975,0.04748663639047491,1889,0.00064422131844715,7.296586848516135e-07,0.00014115868175820296,16,20,False,0.995,0.005,0.66,fixed,100,none,eefd7eeb-488a-4f09-b43a-00ca3ec1ee27
1631,230400,28.12077784538269,0.99900075,0.999002,1.0,0.9960719999999998,0.0,0.0,0.0,0.0,0.0,0.0,0.0005,0.0,0.0,0.0,0.0005,0.0,0.0,0.0,0.002,0.9975,0.04748663639047491,1889,0.0006442104737162425,7.301427904766469e-07,0.00014115639982667606,16,20,False,0.995,0.005,0.66,fixed,100,none,eefd7eeb-488a-4f09-b43a-00ca3ec1ee27
1632,230600,28.134343147277832,0.99900075,0.999002,1.0,0.9960719999999998,0.0,0.0,0.0,0.0,0.0,0.0,0.0005,0.0,0.0,0.0,0.0005,0.0,0.0,0.0,0.002,0.9975,0.047091412742382266,1890,0.0006441944455388818,7.283555324864333e-07,0.00014115255167963364,16,20,False,0.995,0.005,0.66,fixed,100,none,eefd7eeb-488a-4f09-b43a-00ca3ec1ee27
1633,230700,28.14757752418518,0.99900075,0.999002,1.0,0.9960719999999998,0.0,0.0,0.0,0.0,0.0,0.0,0.0005,0.0,0.0,0.0,0.0005,0.0,0.0,0.0,0.002,0.9975,0.047091412742382266,1890,0.0006447297371422388,7.284832839570227e-07,0.0001412697512843879,16,20,False,0.995,0.005,0.66,fixed,100,none,eefd7eeb-488a-4f09-b43a-00ca3ec1ee27
1634,231000,28.16059398651123,0.99900075,0.999002,1.0,0.9960719999999998,0.0,0.0,0.0,0.0,0.0,0.0,0.0005,0.0,0.0,0.0,0.0005,0.0,0.0,0.0,0.002,0.9975,0.047091412742382266,1890,0.0006463463666633757,7.287914575201175e-07,0.00014162369003954176,16,20,False,0.995,0.005,0.66,fixed,100,none,eefd7eeb-488a-4f09-b43a-00ca3ec1ee27
1635,231100,28.17348051071167,0.99900075,0.999002,1.0,0.9960719999999998,0.0,0.0,0.0,0.0,0.0,0.0,0.0005,0.0,0.0,0.0,0.0005,0.0,0.0,0.0,0.002,0.9975,0.047091412742382266,1890,0.0006470274430243249,7.293556672623215e-07,0.00014177288485480458,16,20,False,0.995,0.005,0.66,fixed,100,none,eefd7eeb-488a-4f09-b43a-00ca3ec1ee27
1636,231200,28.185949325561523,0.99900075,0.999002,1.0,0.9960719999999998,0.0,0.0,0.0,0.0,0.0,0.0,0.0005,0.0,0.0,0.0,0.0005,0.0,0.0,0.0,0.002,0.9975,0.047091412742382266,1890,0.0006479128646628838,7.30325295715675e-07,0.00014196688788089125,16,20,False,0.995,0.005,0.66,fixed,100,none,eefd7eeb-488a-4f09-b43a-00ca3ec1ee27
1637,231300,28.198742151260376,0.99900075,0.999002,1.0,0.9960719999999998,0.0,0.0,0.0,0.0,0.0,0.0,0.0005,0.0,0.0,0.0,0.0005,0.0,0.0,0.0,0.002,0.9975,0.04669518407547691,1891,0.000647169073160062,7.288332394488564e-07,0.00014180378843023286,16,20,False,0.995,0.005,0.66,fixed,100,none,eefd7eeb-488a-4f09-b43a-00ca3ec1ee27
1638,231400,28.211103200912476,0.99900075,0.999002,1.0,0.9960719999999998,0.0,0.0,0.0,0.0,0.0,0.0,0.0005,0.0,0.0,0.0,0.0005,0.0,0.0,0.0,0.002,0.9975,0.04669518407547691,1891,0.0006474182471367583,7.281290929083932e-07,0.000141858198825889,16,20,False,0.995,0.005,0.66,fixed,100,none,eefd7eeb-488a-4f09-b43a-00ca3ec1ee27
1639,231500,28.223748207092285,0.99900075,0.999002,1.0,0.9960719999999998,0.0,0.0,0.0,0.0,0.0,0.0,0.0005,0.0,0.0,0.0,0.0005,0.0,0.0,0.0,0.002,0.9975,0.04669518407547691,1891,0.0006469956674844657,7.273233222793202e-07,0.00014176554304358262,16,20,False,0.995,0.005,0.66,fixed,100,none,eefd7eeb-488a-4f09-b43a-00ca3ec1ee27
1640,231700,28.2366361618042,0.99900075,0.999002,1.0,0.9960719999999998,0.0,0.0,0.0,0.0,0.0,0.0,0.0005,0.0,0.0,0.0,0.0005,0.0,0.0,0.0,0.002,0.9975,0.047091412742382266,1890,0.0006480519133743078,7.298336541789328e-07,0.00014199723223192996,16,20,False,0.995,0.005,0.66,fixed,100,none,eefd7eeb-488a-4f09-b43a-00ca3ec1ee27
1641,231800,28.249420166015625,0.99900075,0.999002,1.0,0.9960719999999998,0.0,0.0,0.0,0.0,0.0,0.0,0.0005,0.0,0.0,0.0,0.0005,0.0,0.0,0.0,0.002,0.9975,0.04669518407547691,1891,0.0006494831504550229,7.331767069642996e-07,0.00014231116520892773,16,20,False,0.995,0.005,0.66,fixed,100,none,eefd7eeb-488a-4f09-b43a-00ca3ec1ee27
1642,232100,28.26169776916504,0.99900075,0.999002,1.0,0.9960719999999998,0.0,0.0,0.0,0.0,0.0,0.0,0.0005,0.0,0.0,0.0,0.0005,0.0,0.0,0.0,0.002,0.9975,0.047091412742382266,1890,0.0006489794983773989,7.320326187278306e-07,0.00014220069839237089,16,20,False,0.995,0.005,0.66,fixed,100,none,eefd7eeb-488a-4f09-b43a-00ca3ec1ee27
1643,232200,28.274104356765747,0.99900075,0.999002,1.0,0.9960719999999998,0.0,0.0,0.0,0.0,0.0,0.0,0.0005,0.0,0.0,0.0,0.0005,0.0,0.0,0.0,0.002,0.9975,0.04669518407547691,1891,0.0006499788644494151,7.314494170168632e-07,0.00014241934881721016,16,20,False,0.995,0.005,0.66,fixed,100,none,eefd7eeb-488a-4f09-b43a-00ca3ec1ee27
1644,232400,28.286481618881226,0.99900075,0.999002,1.0,0.9960719999999998,0.0,0.0,0.0,0.0,0.0,0.0,0.0005,0.0,0.0,0.0,0.0005,0.0,0.0,0.0,0.002,0.9975,0.04669518407547691,1891,0.0006499971312862046,7.315155120260794e-07,0.00014242335998583517,16,20,False,0.995,0.005,0.66,fixed,100,none,eefd7eeb-488a-4f09-b43a-00ca3ec1ee27
1645,232500,28.29870629310608,0.99900075,0.999002,1.0,0.9960719999999998,0.0,0.0,0.0,0.0,0.0,0.0,0.0005,0.0,0.0,0.0,0.0005,0.0,0.0,0.0,0.002,0.9975,0.04669518407547691,1891,0.0006496430709813288,7.293792092728625e-07,0.00014234545028757472,16,20,False,0.995,0.005,0.66,fixed,100,none,eefd7eeb-488a-4f09-b43a-00ca3ec1ee27
1646,232800,28.311187744140625,0.99900075,0.999002,1.0,0.9960719999999998,0.0,0.0,0.0,0.0,0.0,0.0,0.0005,0.0,0.0,0.0,0.0005,0.0,0.0,0.0,0.002,0.9975,0.04669518407547691,1891,0.0006495984308578064,7.29049242227114e-07,0.00014233561587079696,16,20,False,0.995,0.005,0.66,fixed,100,none,eefd7eeb-488a-4f09-b43a-00ca3ec1ee27
1647,232900,28.32344675064087,0.99900075,0.999002,1.0,0.9960719999999998,0.0,0.0,0.0,0.0,0.0,0.0,0.0005,0.0,0.0,0.0,0.0005,0.0,0.0,0.0,0.002,0.9975,0.04669518407547691,1891,0.0006493332128288017,7.30260731764073e-07,0.00014227778982725986,16,20,False,0.995,0.005,0.66,fixed,100,none,eefd7eeb-488a-4f09-b43a-00ca3ec1ee27
1648,233100,28.335741996765137,0.99900075,0.999002,1.0,0.9960719999999998,0.0,0.0,0.0,0.0,0.0,0.0,0.0005,0.0,0.0,0.0,0.0005,0.0,0.0,0.0,0.002,0.9975,0.04669518407547691,1891,0.0006489165167292886,7.30501507502904e-07,0.00014218662079846684,16,20,False,0.995,0.005,0.66,fixed,100,none,eefd7eeb-488a-4f09-b43a-00ca3ec1ee27
1649,233200,28.348208904266357,0.99900075,0.999002,1.0,0.9960719999999998,0.0,0.0,0.0,0.0,0.0,0.0,0.0005,0.0,0.0,0.0,0.0005,0.0,0.0,0.0,0.002,0.9975,0.04669518407547691,1891,0.0006486097840846567,7.292822398383839e-07,0.00014211924536170064,16,20,False,0.995,0.005,0.66,fixed,100,none,eefd7eeb-488a-4f09-b43a-00ca3ec1ee27
1650,233300,28.360758543014526,0.99900075,0.999002,1.0,0.9960719999999998,0.0,0.0,0.0,0.0,0.0,0.0,0.0005,0.0,0.0,0.0,0.0005,0.0,0.0,0.0,0.002,0.9975,0.04669518407547691,1891,0.0006486508069692297,7.286786726722987e-07,0.0001421281105933721,16,20,False,0.995,0.005,0.66,fixed,100,none,eefd7eeb-488a-4f09-b43a-00ca3ec1ee27
1651,233500,28.372284650802612,0.99900075,0.999002,1.0,0.9960719999999998,0.0,0.0,0.0,0.0,0.0,0.0,0.0005,0.0,0.0,0.0,0.0005,0.0,0.0,0.0,0.002,0.9975,0.04669518407547691,1891,0.0006497832317080916,7.287154823248335e-07,0.00014237600536254298,16,20,False,0.995,0.005,0.66,fixed,100,none,eefd7eeb-488a-4f09-b43a-00ca3ec1ee27
1652,233600,28.384613513946533,0.99900075,0.999002,1.0,0.9960719999999998,0.0,0.0,0.0,0.0,0.0,0.0,0.0005,0.0,0.0,0.0,0.0005,0.0,0.0,0.0,0.002,0.9975,0.04669518407547691,1891,0.0006491222345505095,7.279751777846371e-07,0.0001422311724268856,16,20,False,0.995,0.005,0.66,fixed,100,none,eefd7eeb-488a-4f09-b43a-00ca3ec1ee27
1653,233900,28.396900415420532,0.99900075,0.999002,1.0,0.9960719999999998,0.0,0.0,0.0,0.0,0.0,0.0,0.0005,0.0,0.0,0.0,0.0005,0.0,0.0,0.0,0.002,0.9975,0.04669518407547691,1891,0.0006487699613377623,7.279420741722295e-07,0.0001421540535309289,16,20,False,0.995,0.005,0.66,fixed,100,none,eefd7eeb-488a-4f09-b43a-00ca3ec1ee27
1654,234000,28.40930461883545,0.99900075,0.999002,1.0,0.9960719999999998,0.0,0.0,0.0,0.0,0.0,0.0,0.0005,0.0,0.0,0.0,0.0005,0.0,0.0,0.0,0.002,0.9975,0.04669518407547691,1891,0.0006493169707513642,7.278285596873794e-07,0.00014227377232381422,16,20,False,0.995,0.005,0.66,fixed,100,none,eefd7eeb-488a-4f09-b43a-00ca3ec1ee27
1655,234200,28.421504259109497,0.99900075,0.999002,1.0,0.9960719999999998,0.0,0.0,0.0,0.0,0.0,0.0,0.0005,0.0,0.0,0.0,0.0005,0.0,0.0,0.0,0.002,0.9975,0.04669518407547691,1891,0.0006526638831687496,7.333654689222455e-07,0.0001430074634647345,16,20,False,0.995,0.005,0.66,fixed,100,none,eefd7eeb-488a-4f09-b43a-00ca3ec1ee27
1656,234300,28.433531999588013,0.99900075,0.999002,1.0,0.9960719999999998,0.0,0.0,0.0,0.0,0.0,0.0,0.0005,0.0,0.0,0.0,0.0005,0.0,0.0,0.0,0.002,0.9975,0.04669518407547691,1891,0.000652692185310996,7.336956308245029e-07,0.00014301372153443368,16,20,False,0.995,0.005,0.66,fixed,100,none,eefd7eeb-488a-4f09-b43a-00ca3ec1ee27
1657,234600,28.44580388069153,0.99900075,0.999002,1.0,0.9960719999999998,0.0,0.0,0.0,0.0,0.0,0.0,0.0005,0.0,0.0,0.0,0.0005,0.0,0.0,0.0,0.002,0.9975,0.04669518407547691,1891,0.0006539852939256281,7.351660280522378e-07,0.00014329706238564994,16,20,False,0.995,0.005,0.66,fixed,100,none,eefd7eeb-488a-4f09-b43a-00ca3ec1ee27
1658,234700,28.458157539367676,0.99900075,0.999002,1.0,0.9960719999999998,0.0,0.0,0.0,0.0,0.0,0.0,0.0005,0.0,0.0,0.0,0.0005,0.0,0.0,0.0,0.002,0.9975,0.047091412742382266,1890,0.0006545101122875898,7.353644311137202e-07,0.000143411982821665,16,20,False,0.995,0.005,0.66,fixed,100,none,eefd7eeb-488a-4f09-b43a-00ca3ec1ee27
1659,235000,28.470427989959717,0.99900075,0.999002,1.0,0.9960719999999998,0.0,0.0,0.0,0.0,0.0,0.0,0.0005,0.0,0.0,0.0,0.0005,0.0,0.0,0.0,0.002,0.9975,0.047091412742382266,1890,0.0006547919466272738,7.333004632648334e-07,0.00014347328420473055,16,20,False,0.995,0.005,0.66,fixed,100,none,eefd7eeb-488a-4f09-b43a-00ca3ec1ee27
1660,235100,28.482725620269775,0.99900075,0.999002,1.0,0.9960719999999998,0.0,0.0,0.0,0.0,0.0,0.0,0.0005,0.0,0.0,0.0,0.0005,0.0,0.0,0.0,0.002,0.9975,0.047091412742382266,1890,0.0006532270888775203,7.300458936375139e-07,0.00014313011847508033,16,20,False,0.995,0.005,0.66,fixed,100,none,eefd7eeb-488a-4f09-b43a-00ca3ec1ee27
1661,235300,28.49500823020935,0.99900075,0.999002,1.0,0.9960719999999998,0.0,0.0,0.0,0.0,0.0,0.0,0.0005,0.0,0.0,0.0,0.0005,0.0,0.0,0.0,0.002,0.9975,0.047091412742382266,1890,0.0006537433266980865,7.301591459538827e-07,0.00014324314445194236,16,20,False,0.995,0.005,0.66,fixed,100,none,eefd7eeb-488a-4f09-b43a-00ca3ec1ee27
1662,235400,28.507216691970825,0.99900075,0.999002,1.0,0.9960719999999998,0.0,0.0,0.0,0.0,0.0,0.0,0.0005,0.0,0.0,0.0,0.0005,0.0,0.0,0.0,0.002,0.9975,0.047091412742382266,1890,0.000653691973685366,7.309919701372345e-07,0.0001432320615140527,16,20,False,0.995,0.005,0.66,fixed,100,none,eefd7eeb-488a-4f09-b43a-00ca3ec1ee27
1663,235700,28.519859790802002,0.99900075,0.999002,1.0,0.9960719999999998,0.0,0.0,0.0,0.0,0.0,0.0,0.0005,0.0,0.0,0.0,0.0005,0.0,0.0,0.0,0.002,0.9975,0.04669518407547691,1891,0.0006527506632309345,7.292575672100223e-07,0.00014302567911902148,16,20,False,0.995,0.005,0.66,fixed,100,none,eefd7eeb-488a-4f09-b43a-00ca3ec1ee27
1664,235800,28.53261089324951,0.99900075,0.999002,1.0,0.9960719999999998,0.0,0.0,0.0,0.0,0.0,0.0,0.0005,0.0,0.0,0.0,0.0005,0.0,0.0,0.0,0.002,0.9975,0.04669518407547691,1891,0.0006523612189973893,7.295382700493116e-07,0.0001429404831098379,16,20,False,0.995,0.005,0.66,fixed,100,none,eefd7eeb-488a-4f09-b43a-00ca3ec1ee27
1665,236000,28.544841766357422,0.99900075,0.999002,1.0,0.9960719999999998,0.0,0.0,0.0,0.0,0.0,0.0,0.0005,0.0,0.0,0.0,0.0005,0.0,0.0,0.0,0.002,0.9975,0.04669518407547691,1891,0.0006540265788263498,7.313270115132697e-07,0.0001433053702372755,16,20,False,0.995,0.005,0.66,fixed,100,none,eefd7eeb-488a-4f09-b43a-00ca3ec1ee27
1666,236100,28.557345867156982,0.99900075,0.999002,1.0,0.9960719999999998,0.0,0.0,0.0,0.0,0.0,0.0,0.0005,0.0,0.0,0.0,0.0005,0.0,0.0,0.0,0.002,0.9975,0.04669518407547691,1891,0.0006541797365776663,7.332558238644226e-07,0.0001433392629433854,16,20,False,0.995,0.005,0.66,fixed,100,none,eefd7eeb-488a-4f09-b43a-00ca3ec1ee27
1667,236400,28.56976342201233,0.99900075,0.999002,1.0,0.9960719999999998,0.0,0.0,0.0,0.0,0.0,0.0,0.0005,0.0,0.0,0.0,0.0005,0.0,0.0,0.0,0.002,0.9975,0.04669518407547691,1891,0.0006534291261996081,7.313905930832809e-07,0.00014317459993778005,16,20,False,0.995,0.005,0.66,fixed,100,none,eefd7eeb-488a-4f09-b43a-00ca3ec1ee27
1668,236500,28.58204746246338,0.99900075,0.999002,1.0,0.9960719999999998,0.0,0.0,0.0,0.0,0.0,0.0,0.0005,0.0,0.0,0.0,0.0005,0.0,0.0,0.0,0.002,0.9975,0.04669518407547691,1891,0.0006538949836261702,7.320641043723157e-07,0.0001432767040955994,16,20,False,0.995,0.005,0.66,fixed,100,none,eefd7eeb-488a-4f09-b43a-00ca3ec1ee27
1669,236800,28.594301223754883,0.99900075,0.999002,1.0,0.9960719999999998,0.0,0.0,0.0,0.0,0.0,0.0,0.0005,0.0,0.0,0.0,0.0005,0.0,0.0,0.0,0.002,0.9975,0.04669518407547691,1891,0.000654794772417336,7.33651786828051e-07,0.0001434739695216522,16,20,False,0.995,0.005,0.66,fixed,100,none,eefd7eeb-488a-4f09-b43a-00ca3ec1ee27
1670,236900,28.60703682899475,0.99900075,0.999002,1.0,0.9960719999999998,0.0,0.0,0.0,0.0,0.0,0.0,0.0005,0.0,0.0,0.0,0.0005,0.0,0.0,0.0,0.002,0.9975,0.04669518407547691,1891,0.0006554357574764919,7.344544990167769e-07,0.00014361443366641728,16,20,False,0.995,0.005,0.66,fixed,100,none,eefd7eeb-488a-4f09-b43a-00ca3ec1ee27
1671,237000,28.61932063102722,0.99900075,0.999002,1.0,0.9960719999999998,0.0,0.0,0.0,0.0,0.0,0.0,0.0005,0.0,0.0,0.0,0.0005,0.0,0.0,0.0,0.002,0.9975,0.04669518407547691,1891,0.000656356365523763,7.357480401436229e-07,0.00014381620054077903,16,20,False,0.995,0.005,0.66,fixed,100,none,eefd7eeb-488a-4f09-b43a-00ca3ec1ee27
1672,237100,28.63174796104431,0.99900075,0.999002,1.0,0.9960719999999998,0.0,0.0,0.0,0.0,0.0,0.0,0.0005,0.0,0.0,0.0,0.0005,0.0,0.0,0.0,0.002,0.9975,0.04669518407547691,1891,0.0006570492555519447,7.365572322143316e-07,0.00014396802791444142,16,20,False,0.995,0.005,0.66,fixed,100,none,eefd7eeb-488a-4f09-b43a-00ca3ec1ee27
1673,237200,28.644206762313843,0.99900075,0.999002,1.0,0.9960719999999998,0.0,0.0,0.0,0.0,0.0,0.0,0.0005,0.0,0.0,0.0,0.0005,0.0,0.0,0.0,0.002,0.9975,0.04669518407547691,1891,0.0006569497032360673,7.368191832874591e-07,0.00014394628568319975,16,20,False,0.995,0.005,0.66,fixed,100,none,eefd7eeb-488a-4f09-b43a-00ca3ec1ee27
1674,237500,28.657057285308838,0.99900075,0.999002,1.0,0.9960719999999998,0.0,0.0,0.0,0.0,0.0,0.0,0.0005,0.0,0.0,0.0,0.0005,0.0,0.0,0.0,0.002,0.9975,0.04669518407547691,1891,0.0006559811408572584,7.345980748689312e-07,0.00014373384536787897,16,20,False,0.995,0.005,0.66,fixed,100,none,eefd7eeb-488a-4f09-b43a-00ca3ec1ee27
1675,237600,28.66959571838379,0.99900075,0.999002,1.0,0.9960719999999998,0.0,0.0,0.0,0.0,0.0,0.0,0.0005,0.0,0.0,0.0,0.0005,0.0,0.0,0.0,0.002,0.9975,0.047091412742382266,1890,0.0006556022121429442,7.368520653341973e-07,0.000143651326130504,16,20,False,0.995,0.005,0.66,fixed,100,none,eefd7eeb-488a-4f09-b43a-00ca3ec1ee27
1676,237800,28.68193745613098,0.99900075,0.999002,1.0,0.9960719999999998,0.0,0.0,0.0,0.0,0.0,0.0,0.0005,0.0,0.0,0.0,0.0005,0.0,0.0,0.0,0.002,0.9975,0.04669518407547691,1891,0.0006563504545307121,7.405674480549459e-07,0.00014381582231190332,16,20,False,0.995,0.005,0.66,fixed,100,none,eefd7eeb-488a-4f09-b43a-00ca3ec1ee27
1677,237900,28.694303512573242,0.99900075,0.999002,1.0,0.9960719999999998,0.0,0.0,0.0,0.0,0.0,0.0,0.0005,0.0,0.0,0.0,0.0005,0.0,0.0,0.0,0.002,0.9975,0.04669518407547691,1891,0.0006577833165186371,7.426875818647953e-07,0.000144129878626484,16,20,False,0.995,0.005,0.66,fixed,100,none,eefd7eeb-488a-4f09-b43a-00ca3ec1ee27
1678,238200,28.706645965576172,0.99900075,0.999002,1.0,0.9960719999999998,0.0,0.0,0.0,0.0,0.0,0.0,0.0005,0.0,0.0,0.0,0.0005,0.0,0.0,0.0,0.002,0.9975,0.047091412742382266,1890,0.0006588817863165616,7.465825252571071e-07,0.00014437107370449419,16,20,False,0.995,0.005,0.66,fixed,100,none,eefd7eeb-488a-4f09-b43a-00ca3ec1ee27
1679,238300,28.719130277633667,0.99900075,0.999002,1.0,0.9960719999999998,0.0,0.0,0.0,0.0,0.0,0.0,0.0005,0.0,0.0,0.0,0.0005,0.0,0.0,0.0,0.002,0.9975,0.047091412742382266,1890,0.000659639759882363,7.481274634851179e-07,0.00014453728765631145,16,20,False,0.995,0.005,0.66,fixed,100,none,eefd7eeb-488a-4f09-b43a-00ca3ec1ee27
1680,238600,28.731463193893433,0.99900075,0.999002,1.0,0.9960719999999998,0.0,0.0,0.0,0.0,0.0,0.0,0.0005,0.0,0.0,0.0,0.0005,0.0,0.0,0.0,0.002,0.9975,0.047091412742382266,1890,0.0006616775021003308,7.526968858747453e-07,0.00014498421761807863,16,20,False,0.995,0.005,0.66,fixed,100,none,eefd7eeb-488a-4f09-b43a-00ca3ec1ee27
1681,238700,28.7437846660614,0.99900075,0.999002,1.0,0.9960719999999998,0.0,0.0,0.0,0.0,0.0,0.0,0.0005,0.0,0.0,0.0,0.0005,0.0,0.0,0.0,0.002,0.9975,0.047091412742382266,1890,0.0006617553706034126,7.527661566919295e-07,0.00014500127619485848,16,20,False,0.995,0.005,0.66,fixed,100,none,eefd7eeb-488a-4f09-b43a-00ca3ec1ee27
1682,238900,28.75611114501953,0.99900075,0.999002,1.0,0.9960719999999998,0.0,0.0,0.0,0.0,0.0,0.0,0.0005,0.0,0.0,0.0,0.0005,0.0,0.0,0.0,0.002,0.9975,0.047091412742382266,1890,0.0006616289379680644,7.523724784493597e-07,0.00014497352529211467,16,20,False,0.995,0.005,0.66,fixed,100,none,eefd7eeb-488a-4f09-b43a-00ca3ec1ee27
1683,239000,28.768528699874878,0.99900075,0.999002,1.0,0.9960719999999998,0.0,0.0,0.0,0.0,0.0,0.0,0.0005,0.0,0.0,0.0,0.0005,0.0,0.0,0.0,0.002,0.9975,0.047091412742382266,1890,0.0006628725725645132,7.532982931302294e-07,0.0001452459328100667,16,20,False,0.995,0.005,0.66,fixed,100,none,eefd7eeb-488a-4f09-b43a-00ca3ec1ee27
1684,239300,28.780885457992554,0.99900075,0.999002,1.0,0.9960719999999998,0.0,0.0,0.0,0.0,0.0,0.0,0.0005,0.0,0.0,0.0,0.0005,0.0,0.0,0.0,0.002,0.9975,0.047091412742382266,1890,0.0006618200702614406,7.519354803901272e-07,0.00014501528112150346,16,20,False,0.995,0.005,0.66,fixed,100,none,eefd7eeb-488a-4f09-b43a-00ca3ec1ee27
1685,239400,28.793145179748535,0.99900075,0.999002,1.0,0.9960719999999998,0.0,0.0,0.0,0.0,0.0,0.0,0.0005,0.0,0.0,0.0,0.0005,0.0,0.0,0.0,0.002,0.9975,0.047091412742382266,1890,0.0006628497983367027,7.518923730598052e-07,0.00014524068040678559,16,20,False,0.995,0.005,0.66,fixed,100,none,eefd7eeb-488a-4f09-b43a-00ca3ec1ee27
1686,239600,28.805631399154663,0.99900075,0.999002,1.0,0.9960719999999998,0.0,0.0,0.0,0.0,0.0,0.0,0.0005,0.0,0.0,0.0,0.0005,0.0,0.0,0.0,0.002,0.9975,0.047091412742382266,1890,0.0006601720543070079,7.495825911748276e-07,0.00014465408338012727,16,20,False,0.995,0.005,0.66,fixed,100,none,eefd7eeb-488a-4f09-b43a-00ca3ec1ee27
1687,239700,28.817956686019897,0.99900075,0.999002,1.0,0.9960719999999998,0.0,0.0,0.0,0.0,0.0,0.0,0.0005,0.0,0.0,0.0,0.0005,0.0,0.0,0.0,0.002,0.9975,0.047091412742382266,1890,0.0006607760724718562,7.508813984079626e-07,0.00014478654972978686,16,20,False,0.995,0.005,0.66,fixed,100,none,eefd7eeb-488a-4f09-b43a-00ca3ec1ee27
1688,240000,28.830194234848022,0.99900075,0.999002,1.0,0.9960719999999998,0.0,0.0,0.0,0.0,0.0,0.0,0.0005,0.0,0.0,0.0,0.0005,0.0,0.0,0.0,0.002,0.9975,0.047091412742382266,1890,0.000662593365045666,7.535279001520413e-07,0.00014518485790952518,16,20,False,0.995,0.005,0.66,fixed,100,none,eefd7eeb-488a-4f09-b43a-00ca3ec1ee27
1689,240100,28.842403888702393,0.99900075,0.999002,1.0,0.9960719999999998,0.0,0.0,0.0,0.0,0.0,0.0,0.0005,0.0,0.0,0.0,0.0005,0.0,0.0,0.0,0.002,0.9975,0.04669518407547691,1891,0.0006641646178104183,7.589385875310086e-07,0.00014552983317033148,16,20,False,0.995,0.005,0.66,fixed,100,none,eefd7eeb-488a-4f09-b43a-00ca3ec1ee27
1690,240400,28.854543924331665,0.99900075,0.999002,1.0,0.9960719999999998,0.0,0.0,0.0,0.0,0.0,0.0,0.0005,0.0,0.0,0.0,0.0005,0.0,0.0,0.0,0.002,0.9975,0.04669518407547691,1891,0.0006649200734872429,7.594032936999101e-07,0.00014569529071216045,16,20,False,0.995,0.005,0.66,fixed,100,none,eefd7eeb-488a-4f09-b43a-00ca3ec1ee27
1691,240500,28.866348266601562,0.99900075,0.999002,1.0,0.9960719999999998,0.0,0.0,0.0,0.0,0.0,0.0,0.0005,0.0,0.0,0.0,0.0005,0.0,0.0,0.0,0.002,0.9975,0.047091412742382266,1890,0.0006639241853028829,7.588468085993888e-07,0.00014547718505643497,16,20,False,0.995,0.005,0.66,fixed,100,none,eefd7eeb-488a-4f09-b43a-00ca3ec1ee27
1692,240700,28.87808346748352,0.99900075,0.999002,1.0,0.9960719999999998,0.0,0.0,0.0,0.0,0.0,0.0,0.0005,0.0,0.0,0.0,0.0005,0.0,0.0,0.0,0.002,0.9975,0.047091412742382266,1890,0.0006655181080636734,7.61274444200011e-07,0.00014582655599953612,16,20,False,0.995,0.005,0.66,fixed,100,none,eefd7eeb-488a-4f09-b43a-00ca3ec1ee27
1693,240800,28.889886379241943,0.99900075,0.999002,1.0,0.9960719999999998,0.0,0.0,0.0,0.0,0.0,0.0,0.0005,0.0,0.0,0.0,0.0005,0.0,0.0,0.0,0.002,0.9975,0.047091412742382266,1890,0.000666760836523895,7.64186608531189e-07,0.00014609914257070157,16,20,False,0.995,0.005,0.66,fixed,100,none,eefd7eeb-488a-4f09-b43a-00ca3ec1ee27
1694,240900,28.901602029800415,0.99900075,0.999002,1.0,0.9960719999999998,0.0,0.0,0.0,0.0,0.0,0.0,0.0005,0.0,0.0,0.0,0.0005,0.0,0.0,0.0,0.002,0.9975,0.047091412742382266,1890,0.0006670854764454676,7.636995281001331e-07,0.0001461701137042519,16,20,False,0.995,0.005,0.66,fixed,100,none,eefd7eeb-488a-4f09-b43a-00ca3ec1ee27
1695,241000,28.91331648826599,0.99900075,0.999002,1.0,0.9960719999999998,0.0,0.0,0.0,0.0,0.0,0.0,0.0005,0.0,0.0,0.0,0.0005,0.0,0.0,0.0,0.002,0.9975,0.04669518407547691,1891,0.0006673565332062182,7.647214225991467e-07,0.000146229642189135,16,20,False,0.995,0.005,0.66,fixed,100,none,eefd7eeb-488a-4f09-b43a-00ca3ec1ee27
1696,241100,28.92507529258728,0.99900075,0.999002,1.0,0.9960719999999998,0.0,0.0,0.0,0.0,0.0,0.0,0.0005,0.0,0.0,0.0,0.0005,0.0,0.0,0.0,0.002,0.9975,0.04669518407547691,1891,0.0006675012704472128,7.644158512353473e-07,0.0001462612671126296,16,20,False,0.995,0.005,0.66,fixed,100,none,eefd7eeb-488a-4f09-b43a-00ca3ec1ee27
1697,241200,28.936787843704224,0.99900075,0.999002,1.0,0.9960719999999998,0.0,0.0,0.0,0.0,0.0,0.0,0.0005,0.0,0.0,0.0,0.0005,0.0,0.0,0.0,0.002,0.9975,0.046297950389758855,1892,0.0006668430254803734,7.652320018743232e-07,0.00014611733235800987,16,20,False,0.995,0.005,0.66,fixed,100,none,eefd7eeb-488a-4f09-b43a-00ca3ec1ee27
1698,241400,28.94847559928894,0.99900075,0.999002,1.0,0.9960719999999998,0.0,0.0,0.0,0.0,0.0,0.0,0.0005,0.0,0.0,0.0,0.0005,0.0,0.0,0.0,0.002,0.9975,0.04669518407547691,1891,0.0006687573052830348,7.706365640558821e-07,0.00014653739507362694,16,20,False,0.995,0.005,0.66,fixed,100,none,eefd7eeb-488a-4f09-b43a-00ca3ec1ee27
1699,241500,28.960359573364258,0.99900075,0.999002,1.0,0.9960719999999998,0.0,0.0,0.0,0.0,0.0,0.0,0.0005,0.0,0.0,0.0,0.0005,0.0,0.0,0.0,0.002,0.9975,0.047091412742382266,1890,0.0006696196115665586,7.722519683242397e-07,0.00014672646084590128,16,20,False,0.995,0.005,0.66,fixed,100,none,eefd7eeb-488a-4f09-b43a-00ca3ec1ee27
1700,241800,28.972095012664795,0.99900075,0.999002,1.0,0.9960719999999998,0.0,0.0,0.0,0.0,0.0,0.0,0.0005,0.0,0.0,0.0,0.0005,0.0,0.0,0.0,0.002,0.9975,0.04669518407547691,1891,0.0006719423404940197,7.767478522200533e-07,0.00014723576042606276,16,20,False,0.995,0.005,0.66,fixed,100,none,eefd7eeb-488a-4f09-b43a-00ca3ec1ee27
1701,241900,28.983823776245117,0.99900075,0.999002,1.0,0.9960719999999998,0.0,0.0,0.0,0.0,0.0,0.0,0.0005,0.0,0.0,0.0,0.0005,0.0,0.0,0.0,0.002,0.9975,0.04669518407547691,1891,0.0006719423404940197,7.767478522200533e-07,0.00014723576042606276,16,20,False,0.995,0.005,0.66,fixed,100,none,eefd7eeb-488a-4f09-b43a-00ca3ec1ee27
1702,242200,28.99558711051941,0.99900075,0.999002,1.0,0.9960719999999998,0.0,0.0,0.0,0.0,0.0,0.0,0.0005,0.0,0.0,0.0,0.0005,0.0,0.0,0.0,0.002,0.9975,0.047091412742382266,1890,0.000672738048491287,7.776454080880618e-07,0.00014741011144227945,16,20,False,0.995,0.005,0.66,fixed,100,none,eefd7eeb-488a-4f09-b43a-00ca3ec1ee27
1703,242300,29.007462978363037,0.99900075,0.999002,1.0,0.9960719999999998,0.0,0.0,0.0,0.0,0.0,0.0,0.0005,0.0,0.0,0.0,0.0005,0.0,0.0,0.0,0.002,0.9975,0.047091412742382266,1890,0.0006738155389735569,7.809769410002763e-07,0.00014764660710010167,16,20,False,0.995,0.005,0.66,fixed,100,none,eefd7eeb-488a-4f09-b43a-00ca3ec1ee27
1704,242500,29.019212007522583,0.99900075,0.999002,1.0,0.9960719999999998,0.0,0.0,0.0,0.0,0.0,0.0,0.0005,0.0,0.0,0.0,0.0005,0.0,0.0,0.0,0.002,0.9975,0.04669518407547691,1891,0.0006764468931660219,7.856050740228053e-07,0.0001482234898781065,16,20,False,0.995,0.005,0.66,fixed,100,none,eefd7eeb-488a-4f09-b43a-00ca3ec1ee27
1705,242600,29.030864238739014,0.99900075,0.999002,1.0,0.9960719999999998,0.0,0.0,0.0,0.0,0.0,0.0,0.0005,0.0,0.0,0.0,0.0005,0.0,0.0,0.0,0.002,0.9975,0.04629795038975885,1892,0.0006772058162420231,7.872358328308414e-07,0.00014838992798361673,16,20,False,0.995,0.005,0.66,fixed,100,none,eefd7eeb-488a-4f09-b43a-00ca3ec1ee27
1706,242900,29.04306435585022,0.99900075,0.999002,1.0,0.9960719999999998,0.0,0.0,0.0,0.0,0.0,0.0,0.0005,0.0,0.0,0.0,0.0005,0.0,0.0,0.0,0.002,0.9975,0.045899711685228106,1893,0.0006791109562055022,7.890171534597978e-07,0.0001488073015725418,16,20,False,0.995,0.005,0.66,fixed,100,none,eefd7eeb-488a-4f09-b43a-00ca3ec1ee27
1707,243000,29.05471897125244,0.99900075,0.999002,1.0,0.9960719999999998,0.0,0.0,0.0,0.0,0.0,0.0,0.0005,0.0,0.0,0.0,0.0005,0.0,0.0,0.0,0.002,0.9975,0.045899711685228106,1893,0.0006791265847739412,7.897382258857589e-07,0.00014881085966993404,16,20,False,0.995,0.005,0.66,fixed,100,none,eefd7eeb-488a-4f09-b43a-00ca3ec1ee27
1708,243200,29.066665172576904,0.99900075,0.999002,1.0,0.9960719999999998,0.0,0.0,0.0,0.0,0.0,0.0,0.0005,0.0,0.0,0.0,0.0005,0.0,0.0,0.0,0.002,0.9975,0.04629795038975885,1892,0.0006802086800397028,7.921393481824125e-07,0.0001490481865368456,16,20,False,0.995,0.005,0.66,fixed,100,none,eefd7eeb-488a-4f09-b43a-00ca3ec1ee27
1709,243300,29.07842206954956,0.99900075,0.999002,1.0,0.9960719999999998,0.0,0.0,0.0,0.0,0.0,0.0,0.0005,0.0,0.0,0.0,0.0005,0.0,0.0,0.0,0.002,0.9975,0.04629795038975885,1892,0.0006811055502676399,7.936522728969767e-07,0.0001492447988854368,16,20,False,0.995,0.005,0.66,fixed,100,none,eefd7eeb-488a-4f09-b43a-00ca3ec1ee27
1710,243600,29.090113878250122,0.99900075,0.999002,1.0,0.9960719999999998,0.0,0.0,0.0,0.0,0.0,0.0,0.0005,0.0,0.0,0.0,0.0005,0.0,0.0,0.0,0.002,0.9975,0.047091412742382266,1890,0.0006814243518239993,7.961087274842182e-07,0.00014931505127249546,16,20,False,0.995,0.005,0.66,fixed,100,none,eefd7eeb-488a-4f09-b43a-00ca3ec1ee27
1711,243700,29.10197353363037,0.99900075,0.999002,1.0,0.9960719999999998,0.0,0.0,0.0,0.0,0.0,0.0,0.0005,0.0,0.0,0.0,0.0005,0.0,0.0,0.0,0.002,0.9975,0.047091412742382266,1890,0.0006808658513455857,7.956828926587233e-07,0.0001491927146091539,16,20,False,0.995,0.005,0.66,fixed,100,none,eefd7eeb-488a-4f09-b43a-00ca3ec1ee27
1712,244000,29.134594202041626,0.99900075,0.999002,1.0,0.9960719999999998,0.0,0.0,0.0,0.0,0.0,0.0,0.0005,0.0,0.0,0.0,0.0005,0.0,0.0,0.0,0.002,0.9975,0.04669518407547691,1891,0.0006833356455841672,8.002381750074428e-07,0.0001497342180716256,16,20,False,0.995,0.005,0.66,fixed,100,none,eefd7eeb-488a-4f09-b43a-00ca3ec1ee27
1713,244100,29.146448135375977,0.99900075,0.999002,1.0,0.9960719999999998,0.0,0.0,0.0,0.0,0.0,0.0,0.0005,0.0,0.0,0.0,0.0005,0.0,0.0,0.0,0.002,0.9975,0.04669518407547691,1891,0.0006832811879393295,8.013921865916319e-07,0.00014972251655537164,16,20,False,0.995,0.005,0.66,fixed,100,none,eefd7eeb-488a-4f09-b43a-00ca3ec1ee27
1714,244300,29.158260583877563,0.99900075,0.999002,1.0,0.9960719999999998,0.0,0.0,0.0,0.0,0.0,0.0,0.0005,0.0,0.0,0.0,0.0005,0.0,0.0,0.0,0.002,0.9975,0.04669518407547691,1891,0.0006841981718766281,8.016794067006352e-07,0.00014992329891106703,16,20,False,0.995,0.005,0.66,fixed,100,none,eefd7eeb-488a-4f09-b43a-00ca3ec1ee27
1715,244400,29.16993761062622,0.99900075,0.999002,1.0,0.9960719999999998,0.0,0.0,0.0,0.0,0.0,0.0,0.0005,0.0,0.0,0.0,0.0005,0.0,0.0,0.0,0.002,0.9975,0.04669518407547691,1891,0.0006841459064202102,8.011983491075309e-07,0.00014991176660171445,16,20,False,0.995,0.005,0.66,fixed,100,none,eefd7eeb-488a-4f09-b43a-00ca3ec1ee27
1716,244700,29.181631803512573,0.99900075,0.999002,1.0,0.9960719999999998,0.0,0.0,0.0,0.0,0.0,0.0,0.0005,0.0,0.0,0.0,0.0005,0.0,0.0,0.0,0.002,0.9975,0.04629795038975885,1892,0.0006838851109002655,7.989965408206928e-07,0.00014985426011882404,16,20,False,0.995,0.005,0.66,fixed,100,none,eefd7eeb-488a-4f09-b43a-00ca3ec1ee27
1717,244800,29.19335389137268,0.99900075,0.999002,1.0,0.9960719999999998,0.0,0.0,0.0,0.0,0.0,0.0,0.0005,0.0,0.0,0.0,0.0005,0.0,0.0,0.0,0.002,0.9975,0.04629795038975885,1892,0.0006850123905741446,8.003040447569147e-07,0.00015010127006518406,16,20,False,0.995,0.005,0.66,fixed,100,none,eefd7eeb-488a-4f09-b43a-00ca3ec1ee27
1718,244900,29.205024242401123,0.99900075,0.999002,1.0,0.9960719999999998,0.0,0.0,0.0,0.0,0.0,0.0,0.0005,0.0,0.0,0.0,0.0005,0.0,0.0,0.0,0.002,0.9975,0.045899711685228106,1893,0.0006842553501191146,7.995394229191726e-07,0.00014993540863142885,16,20,False,0.995,0.005,0.66,fixed,100,none,eefd7eeb-488a-4f09-b43a-00ca3ec1ee27
1719,245000,29.216771841049194,0.99900075,0.999002,1.0,0.9960719999999998,0.0,0.0,0.0,0.0,0.0,0.0,0.0005,0.0,0.0,0.0,0.0005,0.0,0.0,0.0,0.002,0.9975,0.045899711685228106,1893,0.0006841243252308073,7.98823264857449e-07,0.00014990659121334664,16,20,False,0.995,0.005,0.66,fixed,100,none,eefd7eeb-488a-4f09-b43a-00ca3ec1ee27
1720,245100,29.228705883026123,0.99900075,0.999002,1.0,0.9960719999999998,0.0,0.0,0.0,0.0,0.0,0.0,0.0005,0.0,0.0,0.0,0.0005,0.0,0.0,0.0,0.002,0.9975,0.045899711685228106,1893,0.0006828375829457832,7.972088141892436e-07,0.00014962461658152792,16,20,False,0.995,0.005,0.66,fixed,100,none,eefd7eeb-488a-4f09-b43a-00ca3ec1ee27
1721,245400,29.240638732910156,0.99900075,0.999002,1.0,0.9960719999999998,0.0,0.0,0.0,0.0,0.0,0.0,0.0005,0.0,0.0,0.0,0.0005,0.0,0.0,0.0,0.002,0.9975,0.045899711685228106,1893,0.0006823508215564223,7.960305260712075e-07,0.00014951784063865436,16,20,False,0.995,0.005,0.66,fixed,100,none,eefd7eeb-488a-4f09-b43a-00ca3ec1ee27
1722,245500,29.252391815185547,0.99900075,0.999002,1.0,0.9960719999999998,0.0,0.0,0.0,0.0,0.0,0.0,0.0005,0.0,0.0,0.0,0.0005,0.0,0.0,0.0,0.002,0.9975,0.046297950389758855,1892,0.0006839599416771851,7.987466868899474e-07,0.0001498705931036449,16,20,False,0.995,0.005,0.66,fixed,100,none,eefd7eeb-488a-4f09-b43a-00ca3ec1ee27
1723,245800,29.264063835144043,0.99900075,0.999002,1.0,0.9960719999999998,0.0,0.0,0.0,0.0,0.0,0.0,0.0005,0.0,0.0,0.0,0.0005,0.0,0.0,0.0,0.002,0.9975,0.04669518407547691,1891,0.0006870996099828699,8.01553835097715e-07,0.0001505583998539188,16,20,False,0.995,0.005,0.66,fixed,100,none,eefd7eeb-488a-4f09-b43a-00ca3ec1ee27
1724,245900,29.275734901428223,0.99900075,0.999002,1.0,0.9960719999999998,0.0,0.0,0.0,0.0,0.0,0.0,0.0005,0.0,0.0,0.0,0.0005,0.0,0.0,0.0,0.002,0.9975,0.045899711685228106,1893,0.0006881510270303154,8.022320615315753e-07,0.00015078868390862706,16,20,False,0.995,0.005,0.66,fixed,100,none,eefd7eeb-488a-4f09-b43a-00ca3ec1ee27
1725,246100,29.287474155426025,0.99900075,0.999002,1.0,0.9960719999999998,0.0,0.0,0.0,0.0,0.0,0.0,0.0005,0.0,0.0,0.0,0.0005,0.0,0.0,0.0,0.002,0.9975,0.045899711685228106,1893,0.0006861032321882367,7.988772117000535e-07,0.00015033978419622804,16,20,False,0.995,0.005,0.66,fixed,100,none,eefd7eeb-488a-4f09-b43a-00ca3ec1ee27
1726,246200,29.29921817779541,0.99900075,0.999002,1.0,0.9960719999999998,0.0,0.0,0.0,0.0,0.0,0.0,0.0005,0.0,0.0,0.0,0.0005,0.0,0.0,0.0,0.002,0.9975,0.0458997116852281,1893,0.0006873520645552429,8.022554638025636e-07,0.00015061379546926515,16,20,False,0.995,0.005,0.66,fixed,100,none,eefd7eeb-488a-4f09-b43a-00ca3ec1ee27
1727,246500,29.310980319976807,0.99900075,0.999002,1.0,0.9960719999999998,0.0,0.0,0.0,0.0,0.0,0.0,0.0005,0.0,0.0,0.0,0.0005,0.0,0.0,0.0,0.002,0.9975,0.0458997116852281,1893,0.0006855180882495941,7.982487259847144e-07,0.00015021157677577328,16,20,False,0.995,0.005,0.66,fixed,100,none,eefd7eeb-488a-4f09-b43a-00ca3ec1ee27
1728,246600,29.32269597053528,0.99900075,0.999002,1.0,0.9960719999999998,0.0,0.0,0.0,0.0,0.0,0.0,0.0005,0.0,0.0,0.0,0.0005,0.0,0.0,0.0,0.002,0.9975,0.0458997116852281,1893,0.0006845786957666514,7.974052272423165e-07,0.00015000578349649602,16,20,False,0.995,0.005,0.66,fixed,100,none,eefd7eeb-488a-4f09-b43a-00ca3ec1ee27
1729,246800,29.334442377090454,0.99900075,0.999002,1.0,0.9960719999999998,0.0,0.0,0.0,0.0,0.0,0.0,0.0005,0.0,0.0,0.0,0.0005,0.0,0.0,0.0,0.002,0.9975,0.0458997116852281,1893,0.0006859219818919377,8.0023535719281e-07,0.0001503003665540118,16,20,False,0.995,0.005,0.66,fixed,100,none,eefd7eeb-488a-4f09-b43a-00ca3ec1ee27
1730,246900,29.34611701965332,0.99900075,0.999002,1.0,0.9960719999999998,0.0,0.0,0.0,0.0,0.0,0.0,0.0005,0.0,0.0,0.0,0.0005,0.0,0.0,0.0,0.002,0.9975,0.0458997116852281,1893,0.0006874313591399437,8.017253860586625e-07,0.00015063105233908484,16,20,False,0.995,0.005,0.66,fixed,100,none,eefd7eeb-488a-4f09-b43a-00ca3ec1ee27
1731,247000,29.357824325561523,0.99900075,0.999002,1.0,0.9960719999999998,0.0,0.0,0.0,0.0,0.0,0.0,0.0005,0.0,0.0,0.0,0.0005,0.0,0.0,0.0,0.002,0.9975,0.0458997116852281,1893,0.0006865304415728726,8.025048050922916e-07,0.00015043398957326938,16,20,False,0.995,0.005,0.66,fixed,100,none,eefd7eeb-488a-4f09-b43a-00ca3ec1ee27
1732,247200,29.369524478912354,0.99900075,0.999002,1.0,0.9960719999999998,0.0,0.0,0.0,0.0,0.0,0.0,0.0005,0.0,0.0,0.0,0.0005,0.0,0.0,0.0,0.002,0.9975,0.046297950389758855,1892,0.0006863620889356577,8.026038461547285e-07,0.00015039715599878488,16,20,False,0.995,0.005,0.66,fixed,100,none,eefd7eeb-488a-4f09-b43a-00ca3ec1ee27
1733,247300,29.381368398666382,0.99900075,0.999002,1.0,0.9960719999999998,0.0,0.0,0.0,0.0,0.0,0.0,0.0005,0.0,0.0,0.0,0.0005,0.0,0.0,0.0,0.002,0.9975,0.046297950389758855,1892,0.0006875537098977089,8.017686641256811e-07,0.00015065784314279238,16,20,False,0.995,0.005,0.66,fixed,100,none,eefd7eeb-488a-4f09-b43a-00ca3ec1ee27
1734,247600,29.393078327178955,0.99900075,0.999002,1.0,0.9960719999999998,0.0,0.0,0.0,0.0,0.0,0.0,0.0005,0.0,0.0,0.0,0.0005,0.0,0.0,0.0,0.002,0.9975,0.045899711685228106,1893,0.0006880486459532404,8.027648937392856e-07,0.0001507663739289748,16,20,False,0.995,0.005,0.66,fixed,100,none,eefd7eeb-488a-4f09-b43a-00ca3ec1ee27
1735,247700,29.404737949371338,0.99900075,0.999002,1.0,0.9960719999999998,0.0,0.0,0.0,0.0,0.0,0.0,0.0005,0.0,0.0,0.0,0.0005,0.0,0.0,0.0,0.002,0.9975,0.045899711685228106,1893,0.0006867599492550232,8.015455730226524e-07,0.00015048404655079888,16,20,False,0.995,0.005,0.66,fixed,100,none,eefd7eeb-488a-4f09-b43a-00ca3ec1ee27
1736,247900,29.416394472122192,0.99900075,0.999002,1.0,0.9960719999999998,0.0,0.0,0.0,0.0,0.0,0.0,0.0005,0.0,0.0,0.0,0.0005,0.0,0.0,0.0,0.002,0.9975,0.046297950389758855,1892,0.0006871532075860245,8.004399092501847e-07,0.00015056992072333828,16,20,False,0.995,0.005,0.66,fixed,100,none,eefd7eeb-488a-4f09-b43a-00ca3ec1ee27
1737,248000,29.428011655807495,0.99900075,0.999002,1.0,0.9960719999999998,0.0,0.0,0.0,0.0,0.0,0.0,0.0005,0.0,0.0,0.0,0.0005,0.0,0.0,0.0,0.002,0.9975,0.046297950389758855,1892,0.0006878996656132564,8.011588247348427e-07,0.00015073345697944144,16,20,False,0.995,0.005,0.66,fixed,100,none,eefd7eeb-488a-4f09-b43a-00ca3ec1ee27
1738,248300,29.43967866897583,0.99900075,0.999002,1.0,0.9960719999999998,0.0,0.0,0.0,0.0,0.0,0.0,0.0005,0.0,0.0,0.0,0.0005,0.0,0.0,0.0,0.002,0.9975,0.04669518407547692,1891,0.000688971512128362,8.036434598475994e-07,0.00015096855626226948,16,20,False,0.995,0.005,0.66,fixed,100,none,eefd7eeb-488a-4f09-b43a-00ca3ec1ee27
1739,248400,29.45138645172119,0.99900075,0.999002,1.0,0.9960719999999998,0.0,0.0,0.0,0.0,0.0,0.0,0.0005,0.0,0.0,0.0,0.0005,0.0,0.0,0.0,0.002,0.9975,0.046297950389758855,1892,0.0006876198994599767,8.024840795605184e-07,0.0001506724679669054,16,20,False,0.995,0.005,0.66,fixed,100,none,eefd7eeb-488a-4f09-b43a-00ca3ec1ee27
1740,248600,29.46324062347412,0.99900075,0.999002,1.0,0.9960719999999998,0.0,0.0,0.0,0.0,0.0,0.0,0.0005,0.0,0.0,0.0,0.0005,0.0,0.0,0.0,0.002,0.9975,0.04669518407547692,1891,0.0006867151503153971,8.024231596357183e-07,0.00015047440680437125,16,20,False,0.995,0.005,0.66,fixed,100,none,eefd7eeb-488a-4f09-b43a-00ca3ec1ee27
1741,248700,29.474995613098145,0.99900075,0.999002,1.0,0.9960719999999998,0.0,0.0,0.0,0.0,0.0,0.0,0.0005,0.0,0.0,0.0,0.0005,0.0,0.0,0.0,0.002,0.9975,0.04669518407547692,1891,0.0006857583114490359,7.999902179789959e-07,0.00015026449251760997,16,20,False,0.995,0.005,0.66,fixed,100,none,eefd7eeb-488a-4f09-b43a-00ca3ec1ee27
1742,248900,29.486730813980103,0.99900075,0.999002,1.0,0.9960719999999998,0.0,0.0,0.0,0.0,0.0,0.0,0.0005,0.0,0.0,0.0,0.0005,0.0,0.0,0.0,0.002,0.9975,0.046297950389758855,1892,0.0006845824496513638,7.990906679030031e-07,0.0001500069254555851,16,20,False,0.995,0.005,0.66,fixed,100,none,eefd7eeb-488a-4f09-b43a-00ca3ec1ee27
1743,249000,29.498453378677368,0.99900075,0.999002,1.0,0.9960719999999998,0.0,0.0,0.0,0.0,0.0,0.0,0.0005,0.0,0.0,0.0,0.0005,0.0,0.0,0.0,0.002,0.9975,0.046297950389758855,1892,0.0006849918205338965,7.99245289168633e-07,0.00015009656611981198,16,20,False,0.995,0.005,0.66,fixed,100,none,eefd7eeb-488a-4f09-b43a-00ca3ec1ee27
1744,249100,29.510143280029297,0.99900075,0.999002,1.0,0.9960719999999998,0.0,0.0,0.0,0.0,0.0,0.0,0.0005,0.0,0.0,0.0,0.0005,0.0,0.0,0.0,0.002,0.9975,0.046297950389758855,1892,0.000685337352750692,7.99017470730935e-07,0.00015017215983656538,16,20,False,0.995,0.005,0.66,fixed,100,none,eefd7eeb-488a-4f09-b43a-00ca3ec1ee27
1745,249400,29.521999835968018,0.99900075,0.999002,1.0,0.9960719999999998,0.0,0.0,0.0,0.0,0.0,0.0,0.0005,0.0,0.0,0.0,0.0005,0.0,0.0,0.0,0.002,0.9975,0.046297950389758855,1892,0.0006841750257982957,7.978386837504567e-07,0.0001499175024971595,16,20,False,0.995,0.005,0.66,fixed,100,none,eefd7eeb-488a-4f09-b43a-00ca3ec1ee27
1746,249500,29.533792734146118,0.99900075,0.999002,1.0,0.9960719999999998,0.0,0.0,0.0,0.0,0.0,0.0,0.0005,0.0,0.0,0.0,0.0005,0.0,0.0,0.0,0.002,0.9975,0.04669518407547692,1891,0.0006834245997917343,7.964240230215718e-07,0.00014975296545878474,16,20,False,0.995,0.005,0.66,fixed,100,none,eefd7eeb-488a-4f09-b43a-00ca3ec1ee27
1747,249700,29.545583248138428,0.99900075,0.999002,1.0,0.9960719999999998,0.0,0.0,0.0,0.0,0.0,0.0,0.0005,0.0,0.0,0.0,0.0005,0.0,0.0,0.0,0.002,0.9975,0.045899711685228106,1893,0.0006840161992604353,7.95462354007923e-07,0.0001498822838653708,16,20,False,0.995,0.005,0.66,fixed,100,none,eefd7eeb-488a-4f09-b43a-00ca3ec1ee27
1748,249800,29.557326555252075,0.99900075,0.999002,1.0,0.9960719999999998,0.0,0.0,0.0,0.0,0.0,0.0,0.0005,0.0,0.0,0.0,0.0005,0.0,0.0,0.0,0.002,0.9975,0.045899711685228106,1893,0.0006839004306869559,7.952547578702685e-07,0.00014985690268137,16,20,False,0.995,0.005,0.66,fixed,100,none,eefd7eeb-488a-4f09-b43a-00ca3ec1ee27
1749,250100,29.569002389907837,0.99900075,0.999002,1.0,0.9960719999999998,0.0,0.0,0.0,0.0,0.0,0.0,0.0005,0.0,0.0,0.0,0.0005,0.0,0.0,0.0,0.002,0.9975,0.046297950389758855,1892,0.0006815383746186937,7.937064996033545e-07,0.0001493395544389567,16,20,False,0.995,0.005,0.66,fixed,100,none,eefd7eeb-488a-4f09-b43a-00ca3ec1ee27
1750,250200,29.580697059631348,0.99900075,0.999002,1.0,0.9960719999999998,0.0,0.0,0.0,0.0,0.0,0.0,0.0005,0.0,0.0,0.0,0.0005,0.0,0.0,0.0,0.002,0.9975,0.04629795038975885,1892,0.0006810429844129676,7.915877687409989e-07,0.00014923071096405941,16,20,False,0.995,0.005,0.66,fixed,100,none,eefd7eeb-488a-4f09-b43a-00ca3ec1ee27
1751,250500,29.592421293258667,0.99900075,0.999002,1.0,0.9960719999999998,0.0,0.0,0.0,0.0,0.0,0.0,0.0005,0.0,0.0,0.0,0.0005,0.0,0.0,0.0,0.002,0.9975,0.04629795038975885,1892,0.0006806050669970173,7.911871648257403e-07,0.000149134774726964,16,20,False,0.995,0.005,0.66,fixed,100,none,eefd7eeb-488a-4f09-b43a-00ca3ec1ee27
1752,250600,29.604339599609375,0.99900075,0.999002,1.0,0.9960719999999998,0.0,0.0,0.0,0.0,0.0,0.0,0.0005,0.0,0.0,0.0,0.0005,0.0,0.0,0.0,0.002,0.9975,0.04629795038975885,1892,0.0006805412591785689,7.91069915704414e-07,0.0001491207849181726,16,20,False,0.995,0.005,0.66,fixed,100,none,eefd7eeb-488a-4f09-b43a-00ca3ec1ee27
1753,250800,29.616049766540527,0.99900075,0.999002,1.0,0.9960719999999998,0.0,0.0,0.0,0.0,0.0,0.0,0.0005,0.0,0.0,0.0,0.0005,0.0,0.0,0.0,0.002,0.9975,0.04629795038975885,1892,0.0006815739972770717,7.937901000570752e-07,0.00014934736812296183,16,20,False,0.995,0.005,0.66,fixed,100,none,eefd7eeb-488a-4f09-b43a-00ca3ec1ee27
1754,250900,29.627878189086914,0.99900075,0.999002,1.0,0.9960719999999998,0.0,0.0,0.0,0.0,0.0,0.0,0.0005,0.0,0.0,0.0,0.0005,0.0,0.0,0.0,0.002,0.9975,0.047091412742382266,1890,0.0006813183855769688,7.937795226385476e-07,0.0001492914127120998,16,20,False,0.995,0.005,0.66,fixed,100,none,eefd7eeb-488a-4f09-b43a-00ca3ec1ee27
1755,251000,29.63959574699402,0.99900075,0.999002,1.0,0.9960719999999998,0.0,0.0,0.0,0.0,0.0,0.0,0.0005,0.0,0.0,0.0,0.0005,0.0,0.0,0.0,0.002,0.9975,0.04669518407547691,1891,0.000679875520393632,7.930060338612051e-07,0.00014897542256059966,16,20,False,0.995,0.005,0.66,fixed,100,none,eefd7eeb-488a-4f09-b43a-00ca3ec1ee27
1756,251100,29.651488780975342,0.99900075,0.999002,1.0,0.9960719999999998,0.0,0.0,0.0,0.0,0.0,0.0,0.0005,0.0,0.0,0.0,0.0005,0.0,0.0,0.0,0.002,0.9975,0.04669518407547691,1891,0.000679875520393632,7.930060338612051e-07,0.00014897542256059966,16,20,False,0.995,0.005,0.66,fixed,100,none,eefd7eeb-488a-4f09-b43a-00ca3ec1ee27
1757,251200,29.663317680358887,0.99900075,0.999002,1.0,0.9960719999999998,0.0,0.0,0.0,0.0,0.0,0.0,0.0005,0.0,0.0,0.0,0.0005,0.0,0.0,0.0,0.002,0.9975,0.046297950389758855,1892,0.0006808662596402366,7.947731202141629e-07,0.00014919263112808852,16,20,False,0.995,0.005,0.66,fixed,100,none,eefd7eeb-488a-4f09-b43a-00ca3ec1ee27
1758,251300,29.675015449523926,0.99900075,0.999002,1.0,0.9960719999999998,0.0,0.0,0.0,0.0,0.0,0.0,0.0005,0.0,0.0,0.0,0.0005,0.0,0.0,0.0,0.002,0.9975,0.046297950389758855,1892,0.0006806622147824984,7.952908874181958e-07,0.00014914806408449838,16,20,False,0.995,0.005,0.66,fixed,100,none,eefd7eeb-488a-4f09-b43a-00ca3ec1ee27
1759,251500,29.686796188354492,0.99900075,0.999002,1.0,0.9960719999999998,0.0,0.0,0.0,0.0,0.0,0.0,0.0005,0.0,0.0,0.0,0.0005,0.0,0.0,0.0,0.002,0.9975,0.04669518407547691,1891,0.0006822424907500359,7.960866313473639e-07,0.00014949413768513886,16,20,False,0.995,0.005,0.66,fixed,100,none,eefd7eeb-488a-4f09-b43a-00ca3ec1ee27
1760,251600,29.698551416397095,0.99900075,0.999002,1.0,0.9960719999999998,0.0,0.0,0.0,0.0,0.0,0.0,0.0005,0.0,0.0,0.0,0.0005,0.0,0.0,0.0,0.002,0.9975,0.04669518407547691,1891,0.0006851376610829349,8.016436184732675e-07,0.00015012894629856438,16,20,False,0.995,0.005,0.66,fixed,100,none,eefd7eeb-488a-4f09-b43a-00ca3ec1ee27
1761,251900,29.710492849349976,0.99900075,0.999002,1.0,0.9960719999999998,0.0,0.0,0.0,0.0,0.0,0.0,0.0005,0.0,0.0,0.0,0.0005,0.0,0.0,0.0,0.002,0.9975,0.04669518407547691,1891,0.00068775249234952,8.061214026708862e-07,0.00015070218364181742,16,20,False,0.995,0.005,0.66,fixed,100,none,eefd7eeb-488a-4f09-b43a-00ca3ec1ee27
1762,252000,29.722201108932495,0.99900075,0.999002,1.0,0.9960719999999998,0.0,0.0,0.0,0.0,0.0,0.0,0.0005,0.0,0.0,0.0,0.0005,0.0,0.0,0.0,0.002,0.9975,0.04669518407547691,1891,0.000687665232737964,8.059568040002122e-07,0.00015068305123910037,16,20,False,0.995,0.005,0.66,fixed,100,none,eefd7eeb-488a-4f09-b43a-00ca3ec1ee27
1763,252300,29.734260320663452,0.99900075,0.999002,1.0,0.9960719999999998,0.0,0.0,0.0,0.0,0.0,0.0,0.0005,0.0,0.0,0.0,0.0005,0.0,0.0,0.0,0.002,0.9975,0.04629795038975885,1892,0.0006888692089849976,8.09643101605099e-07,0.00015094730203612096,16,20,False,0.995,0.005,0.66,fixed,100,none,eefd7eeb-488a-4f09-b43a-00ca3ec1ee27
1764,252400,29.74612331390381,0.99900075,0.999002,1.0,0.9960719999999998,0.0,0.0,0.0,0.0,0.0,0.0,0.0005,0.0,0.0,0.0,0.0005,0.0,0.0,0.0,0.002,0.9975,0.04629795038975885,1892,0.0006882594965607506,8.093119620190955e-07,0.00015081377306993196,16,20,False,0.995,0.005,0.66,fixed,100,none,eefd7eeb-488a-4f09-b43a-00ca3ec1ee27
1765,252600,29.757867336273193,0.99900075,0.999002,1.0,0.9960719999999998,0.0,0.0,0.0,0.0,0.0,0.0,0.0005,0.0,0.0,0.0,0.0005,0.0,0.0,0.0,0.002,0.9975,0.04629795038975885,1892,0.0006893779198319501,8.133012394535299e-07,0.00015105935388671005,16,20,False,0.995,0.005,0.66,fixed,100,none,eefd7eeb-488a-4f09-b43a-00ca3ec1ee27
1766,252700,29.769632816314697,0.99900075,0.999002,1.0,0.9960719999999998,0.0,0.0,0.0,0.0,0.0,0.0,0.0005,0.0,0.0,0.0,0.0005,0.0,0.0,0.0,0.002,0.9975,0.04629795038975885,1892,0.0006892749694750915,8.132712031365758e-07,0.0001510368123466935,16,20,False,0.995,0.005,0.66,fixed,100,none,eefd7eeb-488a-4f09-b43a-00ca3ec1ee27
1767,253000,29.781520128250122,0.99900075,0.999002,1.0,0.9960719999999998,0.0,0.0,0.0,0.0,0.0,0.0,0.0005,0.0,0.0,0.0,0.0005,0.0,0.0,0.0,0.002,0.9975,0.04669518407547691,1891,0.0006890708671426856,8.136645175796831e-07,0.000150992209075874,16,20,False,0.995,0.005,0.66,fixed,100,none,eefd7eeb-488a-4f09-b43a-00ca3ec1ee27
1768,253100,29.793274641036987,0.99900075,0.999002,1.0,0.9960719999999998,0.0,0.0,0.0,0.0,0.0,0.0,0.0005,0.0,0.0,0.0,0.0005,0.0,0.0,0.0,0.002,0.9975,0.04669518407547691,1891,0.0006877888205362065,8.112216545996895e-07,0.00015071110492974956,16,20,False,0.995,0.005,0.66,fixed,100,none,eefd7eeb-488a-4f09-b43a-00ca3ec1ee27
1769,253300,29.805039405822754,0.99900075,0.999002,1.0,0.9960719999999998,0.0,0.0,0.0,0.0,0.0,0.0,0.0005,0.0,0.0,0.0,0.0005,0.0,0.0,0.0,0.002,0.9975,0.045899711685228106,1893,0.0006870366822339013,8.109611261106752e-07,0.00015054641235496204,16,20,False,0.995,0.005,0.66,fixed,100,none,eefd7eeb-488a-4f09-b43a-00ca3ec1ee27
1770,253400,29.816782236099243,0.99900075,0.999002,1.0,0.9960719999999998,0.0,0.0,0.0,0.0,0.0,0.0,0.0005,0.0,0.0,0.0,0.0005,0.0,0.0,0.0,0.002,0.9975,0.04629795038975885,1892,0.0006870782369586072,8.108370443023378e-07,0.00015055548510865656,16,20,False,0.995,0.005,0.66,fixed,100,none,eefd7eeb-488a-4f09-b43a-00ca3ec1ee27
1771,253700,29.828561305999756,0.99900075,0.999002,1.0,0.9960719999999998,0.0,0.0,0.0,0.0,0.0,0.0,0.0005,0.0,0.0,0.0,0.0005,0.0,0.0,0.0,0.002,0.9975,0.045899711685228106,1893,0.0006888606057966,8.128837551323706e-07,0.00015094603452235088,16,20,False,0.995,0.005,0.66,fixed,100,none,eefd7eeb-488a-4f09-b43a-00ca3ec1ee27
1772,253800,29.84061574935913,0.99900075,0.999002,1.0,0.9960719999999998,0.0,0.0,0.0,0.0,0.0,0.0,0.0005,0.0,0.0,0.0,0.0005,0.0,0.0,0.0,0.002,0.9975,0.04629795038975885,1892,0.0006883585400866707,8.126693783896007e-07,0.00015083609160686628,16,20,False,0.995,0.005,0.66,fixed,100,none,eefd7eeb-488a-4f09-b43a-00ca3ec1ee27
1773,254100,29.852791786193848,0.99900075,0.999002,1.0,0.9960719999999998,0.0,0.0,0.0,0.0,0.0,0.0,0.0005,0.0,0.0,0.0,0.0005,0.0,0.0,0.0,0.002,0.9975,0.04629795038975885,1892,0.00068740137446653,8.114127868218186e-07,0.00015062632930021956,16,20,False,0.995,0.005,0.66,fixed,100,none,eefd7eeb-488a-4f09-b43a-00ca3ec1ee27
1774,254200,29.86463165283203,0.99900075,0.999002,1.0,0.9960719999999998,0.0,0.0,0.0,0.0,0.0,0.0,0.0005,0.0,0.0,0.0,0.0005,0.0,0.0,0.0,0.002,0.9975,0.04669518407547691,1891,0.0006879548167191773,8.118947972426819e-07,0.00015074756939130403,16,20,False,0.995,0.005,0.66,fixed,100,none,eefd7eeb-488a-4f09-b43a-00ca3ec1ee27
1775,254400,29.87632989883423,0.99900075,0.999002,1.0,0.9960719999999998,0.0,0.0,0.0,0.0,0.0,0.0,0.0005,0.0,0.0,0.0,0.0005,0.0,0.0,0.0,0.002,0.9975,0.04629795038975885,1892,0.0006868579228335441,8.088547099733092e-07,0.00015050688170315774,16,20,False,0.995,0.005,0.66,fixed,100,none,eefd7eeb-488a-4f09-b43a-00ca3ec1ee27
1776,254500,29.88804531097412,0.99900075,0.999002,1.0,0.9960719999999998,0.0,0.0,0.0,0.0,0.0,0.0,0.0005,0.0,0.0,0.0,0.0005,0.0,0.0,0.0,0.002,0.9975,0.04629795038975885,1892,0.0006881216394352497,8.113630393956934e-07,0.00015078398584986136,16,20,False,0.995,0.005,0.66,fixed,100,none,eefd7eeb-488a-4f09-b43a-00ca3ec1ee27
1777,254800,29.899811029434204,0.99900075,0.999002,1.0,0.9960719999999998,0.0,0.0,0.0,0.0,0.0,0.0,0.0005,0.0,0.0,0.0,0.0005,0.0,0.0,0.0,0.002,0.9975,0.04629795038975885,1892,0.0006876622530506311,8.088468815017587e-07,0.0001506829481002685,16,20,False,0.995,0.005,0.66,fixed,100,none,eefd7eeb-488a-4f09-b43a-00ca3ec1ee27
1778,254900,29.911675930023193,0.99900075,0.999002,1.0,0.9960719999999998,0.0,0.0,0.0,0.0,0.0,0.0,0.0005,0.0,0.0,0.0,0.0005,0.0,0.0,0.0,0.002,0.9975,0.04629795038975885,1892,0.000687434603174188,8.087059915760631e-07,0.00015063308877322923,16,20,False,0.995,0.005,0.66,fixed,100,none,eefd7eeb-488a-4f09-b43a-00ca3ec1ee27
1779,255100,29.923797607421875,0.99900075,0.999002,1.0,0.9960719999999998,0.0,0.0,0.0,0.0,0.0,0.0,0.0005,0.0,0.0,0.0,0.0005,0.0,0.0,0.0,0.002,0.9975,0.045899711685228106,1893,0.0006875771076009605,8.084461325062873e-07,0.00015066423361902645,16,20,False,0.995,0.005,0.66,fixed,100,none,eefd7eeb-488a-4f09-b43a-00ca3ec1ee27
1780,255200,29.935547351837158,0.99900075,0.999002,1.0,0.9960719999999998,0.0,0.0,0.0,0.0,0.0,0.0,0.0005,0.0,0.0,0.0,0.0005,0.0,0.0,0.0,0.002,0.9975,0.045899711685228106,1893,0.0006878533121006277,8.092479006333043e-07,0.00015072484711994773,16,20,False,0.995,0.005,0.66,fixed,100,none,eefd7eeb-488a-4f09-b43a-00ca3ec1ee27
1781,255500,29.94745945930481,0.99900075,0.999002,1.0,0.9960719999999998,0.0,0.0,0.0,0.0,0.0,0.0,0.0005,0.0,0.0,0.0,0.0005,0.0,0.0,0.0,0.002,0.9975,0.045899711685228106,1893,0.0006886043290175209,8.093666623545204e-07,0.0001508892672877827,16,20,False,0.995,0.005,0.66,fixed,100,none,eefd7eeb-488a-4f09-b43a-00ca3ec1ee27
1782,255600,29.95918345451355,0.99900075,0.999002,1.0,0.9960719999999998,0.0,0.0,0.0,0.0,0.0,0.0,0.0005,0.0,0.0,0.0,0.0005,0.0,0.0,0.0,0.002,0.9975,0.045899711685228106,1893,0.0006893654993907348,8.1035589263208e-07,0.00015105607543623194,16,20,False,0.995,0.005,0.66,fixed,100,none,eefd7eeb-488a-4f09-b43a-00ca3ec1ee27
1783,255900,29.971027374267578,0.99900075,0.999002,1.0,0.9960719999999998,0.0,0.0,0.0,0.0,0.0,0.0,0.0005,0.0,0.0,0.0,0.0005,0.0,0.0,0.0,0.002,0.9975,0.046297950389758855,1892,0.0006881033706754437,8.081498153869809e-07,0.00015077937630577818,16,20,False,0.995,0.005,0.66,fixed,100,none,eefd7eeb-488a-4f09-b43a-00ca3ec1ee27
1784,256000,29.982800006866455,0.99900075,0.999002,1.0,0.9960719999999998,0.0,0.0,0.0,0.0,0.0,0.0,0.0005,0.0,0.0,0.0,0.0005,0.0,0.0,0.0,0.002,0.9975,0.046297950389758855,1892,0.0006881033706754437,8.081498153869809e-07,0.00015077937630577818,16,20,False,0.995,0.005,0.66,fixed,100,none,eefd7eeb-488a-4f09-b43a-00ca3ec1ee27
1785,256200,29.994439840316772,0.99900075,0.999002,1.0,0.9960719999999998,0.0,0.0,0.0,0.0,0.0,0.0,0.0005,0.0,0.0,0.0,0.0005,0.0,0.0,0.0,0.002,0.9975,0.045899711685228106,1893,0.0006893104391122209,8.135696888144888e-07,0.00015104463336253993,16,20,False,0.995,0.005,0.66,fixed,100,none,eefd7eeb-488a-4f09-b43a-00ca3ec1ee27
1786,256300,30.00610637664795,0.99900075,0.999002,1.0,0.9960719999999998,0.0,0.0,0.0,0.0,0.0,0.0,0.0005,0.0,0.0,0.0,0.0005,0.0,0.0,0.0,0.002,0.9975,0.045899711685228106,1893,0.0006890337968875446,8.139814785820339e-07,0.0001509841546196141,16,20,False,0.995,0.005,0.66,fixed,100,none,eefd7eeb-488a-4f09-b43a-00ca3ec1ee27
1787,256600,30.017807483673096,0.99900075,0.999002,1.0,0.9960719999999998,0.0,0.0,0.0,0.0,0.0,0.0,0.0005,0.0,0.0,0.0,0.0005,0.0,0.0,0.0,0.002,0.9975,0.045899711685228106,1893,0.0006900842490215952,8.15091686829585e-07,0.0001512143095313248,16,20,False,0.995,0.005,0.66,fixed,100,none,eefd7eeb-488a-4f09-b43a-00ca3ec1ee27
1788,256700,30.029768466949463,0.99900075,0.999002,1.0,0.9960719999999998,0.0,0.0,0.0,0.0,0.0,0.0,0.0005,0.0,0.0,0.0,0.0005,0.0,0.0,0.0,0.002,0.9975,0.04550046796188468,1894,0.0006902150554421365,8.151787006051867e-07,0.0001512429595893987,16,20,False,0.995,0.005,0.66,fixed,100,none,eefd7eeb-488a-4f09-b43a-00ca3ec1ee27
1789,256900,30.041738510131836,0.99900075,0.999002,1.0,0.9960719999999998,0.0,0.0,0.0,0.0,0.0,0.0,0.0005,0.0,0.0,0.0,0.0005,0.0,0.0,0.0,0.002,0.9975,0.045899711685228106,1893,0.0006903202397833424,8.137650063509373e-07,0.00015126571583978034,16,20,False,0.995,0.005,0.66,fixed,100,none,eefd7eeb-488a-4f09-b43a-00ca3ec1ee27
1790,257000,30.053565502166748,0.99900075,0.999002,1.0,0.9960719999999998,0.0,0.0,0.0,0.0,0.0,0.0,0.0005,0.0,0.0,0.0,0.0005,0.0,0.0,0.0,0.002,0.9975,0.045899711685228106,1893,0.0006903582158195705,8.14616655193174e-07,0.0001512741906073907,16,20,False,0.995,0.005,0.66,fixed,100,none,eefd7eeb-488a-4f09-b43a-00ca3ec1ee27
1791,257200,30.065370321273804,0.99900075,0.999002,1.0,0.9960719999999998,0.0,0.0,0.0,0.0,0.0,0.0,0.0005,0.0,0.0,0.0,0.0005,0.0,0.0,0.0,0.002,0.9975,0.045899711685228106,1893,0.0006919527297874502,8.167101299650267e-07,0.0001516236274751662,16,20,False,0.995,0.005,0.66,fixed,100,none,eefd7eeb-488a-4f09-b43a-00ca3ec1ee27
1792,257300,30.077110052108765,0.99900075,0.999002,1.0,0.9960719999999998,0.0,0.0,0.0,0.0,0.0,0.0,0.0005,0.0,0.0,0.0,0.0005,0.0,0.0,0.0,0.002,0.9975,0.045899711685228106,1893,0.000691839845113882,8.168551789748762e-07,0.000151598944579434,16,20,False,0.995,0.005,0.66,fixed,100,none,eefd7eeb-488a-4f09-b43a-00ca3ec1ee27
1793,257400,30.08904194831848,0.99900075,0.999002,1.0,0.9960719999999998,0.0,0.0,0.0,0.0,0.0,0.0,0.0005,0.0,0.0,0.0,0.0005,0.0,0.0,0.0,0.002,0.9975,0.045899711685228106,1893,0.0006930402663126999,8.185705207716666e-07,0.00015186204269479662,16,20,False,0.995,0.005,0.66,fixed,100,none,eefd7eeb-488a-4f09-b43a-00ca3ec1ee27
1794,257700,30.100871086120605,0.99900075,0.999002,1.0,0.9960719999999998,0.0,0.0,0.0,0.0,0.0,0.0,0.0005,0.0,0.0,0.0,0.0005,0.0,0.0,0.0,0.002,0.9975,0.045899711685228106,1893,0.0006930485094192749,8.177872873727718e-07,0.00015186369829648012,16,20,False,0.995,0.005,0.66,fixed,100,none,eefd7eeb-488a-4f09-b43a-00ca3ec1ee27
1795,257800,30.11278247833252,0.99900075,0.999002,1.0,0.9960719999999998,0.0,0.0,0.0,0.0,0.0,0.0,0.0005,0.0,0.0,0.0,0.0005,0.0,0.0,0.0,0.002,0.9975,0.045899711685228106,1893,0.0006918895157266103,8.170287330716066e-07,0.00015160985045183862,16,20,False,0.995,0.005,0.66,fixed,100,none,eefd7eeb-488a-4f09-b43a-00ca3ec1ee27
1796,258000,30.124927520751953,0.99900075,0.999002,1.0,0.9960719999999998,0.0,0.0,0.0,0.0,0.0,0.0,0.0005,0.0,0.0,0.0,0.0005,0.0,0.0,0.0,0.002,0.9975,0.045899711685228106,1893,0.0006902450876590545,8.143683544910994e-07,0.00015124937967592037,16,20,False,0.995,0.005,0.66,fixed,100,none,eefd7eeb-488a-4f09-b43a-00ca3ec1ee27
1797,258100,30.136829614639282,0.99900075,0.999002,1.0,0.9960719999999998,0.0,0.0,0.0,0.0,0.0,0.0,0.0005,0.0,0.0,0.0,0.0005,0.0,0.0,0.0,0.002,0.9975,0.04629795038975885,1892,0.0006891292937938211,8.129832639944642e-07,0.0001510048692316264,16,20,False,0.995,0.005,0.66,fixed,100,none,eefd7eeb-488a-4f09-b43a-00ca3ec1ee27
1798,258400,30.148491621017456,0.99900075,0.999002,1.0,0.9960719999999998,0.0,0.0,0.0,0.0,0.0,0.0,0.0005,0.0,0.0,0.0,0.0005,0.0,0.0,0.0,0.002,0.9975,0.045899711685228106,1893,0.0006907748812820902,8.151213234766568e-07,0.0001513654945641101,16,20,False,0.995,0.005,0.66,fixed,100,none,eefd7eeb-488a-4f09-b43a-00ca3ec1ee27
1799,258500,30.160316944122314,0.99900075,0.999002,1.0,0.9960719999999998,0.0,0.0,0.0,0.0,0.0,0.0,0.0005,0.0,0.0,0.0,0.0005,0.0,0.0,0.0,0.002,0.9975,0.045899711685228106,1893,0.0006907833065603742,8.180759766788835e-07,0.00015136790024163492,16,20,False,0.995,0.005,0.66,fixed,100,none,eefd7eeb-488a-4f09-b43a-00ca3ec1ee27
1800,258700,30.171962022781372,0.99900075,0.999002,1.0,0.9960719999999998,0.0,0.0,0.0,0.0,0.0,0.0,0.0005,0.0,0.0,0.0,0.0005,0.0,0.0,0.0,0.002,0.9975,0.045899711685228106,1893,0.0006905773497461742,8.176055182041443e-07,0.00015132272690789636,16,20,False,0.995,0.005,0.66,fixed,100,none,eefd7eeb-488a-4f09-b43a-00ca3ec1ee27
1801,258800,30.183624744415283,0.99900075,0.999002,1.0,0.9960719999999998,0.0,0.0,0.0,0.0,0.0,0.0,0.0005,0.0,0.0,0.0,0.0005,0.0,0.0,0.0,0.002,0.9975,0.045899711685228106,1893,0.000690646983741832,8.173075323601114e-07,0.00015133791317223545,16,20,False,0.995,0.005,0.66,fixed,100,none,eefd7eeb-488a-4f09-b43a-00ca3ec1ee27
1802,259100,30.195258140563965,0.99900075,0.999002,1.0,0.9960719999999998,0.0,0.0,0.0,0.0,0.0,0.0,0.0005,0.0,0.0,0.0,0.0005,0.0,0.0,0.0,0.002,0.9975,0.04629795038975885,1892,0.0006897554852255445,8.183743727205648e-07,0.00015114296684668862,16,20,False,0.995,0.005,0.66,fixed,100,none,eefd7eeb-488a-4f09-b43a-00ca3ec1ee27
1803,259200,30.207019090652466,0.99900075,0.999002,1.0,0.9960719999999998,0.0,0.0,0.0,0.0,0.0,0.0,0.0005,0.0,0.0,0.0,0.0005,0.0,0.0,0.0,0.002,0.9975,0.04669518407547691,1891,0.0006894343903184022,8.162260840683607e-07,0.00015107227099667124,16,20,False,0.995,0.005,0.66,fixed,100,none,eefd7eeb-488a-4f09-b43a-00ca3ec1ee27
1804,259300,30.218786478042603,0.99900075,0.999002,1.0,0.9960719999999998,0.0,0.0,0.0,0.0,0.0,0.0,0.0005,0.0,0.0,0.0,0.0005,0.0,0.0,0.0,0.002,0.9975,0.04669518407547691,1891,0.0006902076603111476,8.175682985203182e-07,0.00015124179481882906,16,20,False,0.995,0.005,0.66,fixed,100,none,eefd7eeb-488a-4f09-b43a-00ca3ec1ee27
1805,259400,30.230496406555176,0.99900075,0.999002,1.0,0.9960719999999998,0.0,0.0,0.0,0.0,0.0,0.0,0.0005,0.0,0.0,0.0,0.0005,0.0,0.0,0.0,0.002,0.9975,0.04669518407547691,1891,0.0006906473228056716,8.176705394733834e-07,0.00015133805636466144,16,20,False,0.995,0.005,0.66,fixed,100,none,eefd7eeb-488a-4f09-b43a-00ca3ec1ee27
1806,259500,30.24236488342285,0.99900075,0.999002,1.0,0.9960719999999998,0.0,0.0,0.0,0.0,0.0,0.0,0.0005,0.0,0.0,0.0,0.0005,0.0,0.0,0.0,0.002,0.9975,0.04669518407547691,1891,0.000692097454638992,8.207006911009882e-07,0.00015165606595178452,16,20,False,0.995,0.005,0.66,fixed,100,none,eefd7eeb-488a-4f09-b43a-00ca3ec1ee27
1807,259600,30.254080533981323,0.99900075,0.999002,1.0,0.9960719999999998,0.0,0.0,0.0,0.0,0.0,0.0,0.0005,0.0,0.0,0.0,0.0005,0.0,0.0,0.0,0.002,0.9975,0.04669518407547691,1891,0.000692013349475843,8.183086322388798e-07,0.00015163720084038744,16,20,False,0.995,0.005,0.66,fixed,100,none,eefd7eeb-488a-4f09-b43a-00ca3ec1ee27
1808,259800,30.26585340499878,0.99900075,0.999002,1.0,0.9960719999999998,0.0,0.0,0.0,0.0,0.0,0.0,0.0005,0.0,0.0,0.0,0.0005,0.0,0.0,0.0,0.002,0.9975,0.04669518407547691,1891,0.0006925626400373773,8.190318214083313e-07,0.0001517575779502495,16,20,False,0.995,0.005,0.66,fixed,100,none,eefd7eeb-488a-4f09-b43a-00ca3ec1ee27
1809,259900,30.277593851089478,0.99900075,0.999002,1.0,0.9960719999999998,0.0,0.0,0.0,0.0,0.0,0.0,0.0005,0.0,0.0,0.0,0.0005,0.0,0.0,0.0,0.002,0.9975,0.045899711685228106,1893,0.0006928233524535714,8.211269737028427e-07,0.00015181504597709032,16,20,False,0.995,0.005,0.66,fixed,100,none,eefd7eeb-488a-4f09-b43a-00ca3ec1ee27
1810,260200,30.28933072090149,0.99900075,0.999002,1.0,0.9960719999999998,0.0,0.0,0.0,0.0,0.0,0.0,0.0005,0.0,0.0,0.0,0.0005,0.0,0.0,0.0,0.002,0.9975,0.04550046796188467,1894,0.00069466497700782,8.234243947684784e-07,0.0001522186141020178,16,20,False,0.995,0.005,0.66,fixed,100,none,eefd7eeb-488a-4f09-b43a-00ca3ec1ee27
1811,260300,30.30108904838562,0.99900075,0.999002,1.0,0.9960719999999998,0.0,0.0,0.0,0.0,0.0,0.0,0.0005,0.0,0.0,0.0,0.0005,0.0,0.0,0.0,0.002,0.9975,0.045899711685228106,1893,0.0006946987089868058,8.214423471475185e-07,0.00015222562144316982,16,20,False,0.995,0.005,0.66,fixed,100,none,eefd7eeb-488a-4f09-b43a-00ca3ec1ee27
1812,260500,30.312923431396484,0.99900075,0.999002,1.0,0.9960719999999998,0.0,0.0,0.0,0.0,0.0,0.0,0.0005,0.0,0.0,0.0,0.0005,0.0,0.0,0.0,0.002,0.9975,0.045899711685228106,1893,0.0006925893541636781,8.183382025401285e-07,0.00015176329388491176,16,20,False,0.995,0.005,0.66,fixed,100,none,eefd7eeb-488a-4f09-b43a-00ca3ec1ee27
1813,260600,30.32463812828064,0.99900075,0.999002,1.0,0.9960719999999998,0.0,0.0,0.0,0.0,0.0,0.0,0.0005,0.0,0.0,0.0,0.0005,0.0,0.0,0.0,0.002,0.9975,0.045899711685228106,1893,0.0006922671398120231,8.184940883192712e-07,0.00015169279078163254,16,20,False,0.995,0.005,0.66,fixed,100,none,eefd7eeb-488a-4f09-b43a-00ca3ec1ee27
1814,260900,30.336373329162598,0.99900075,0.999002,1.0,0.9960719999999998,0.0,0.0,0.0,0.0,0.0,0.0,0.0005,0.0,0.0,0.0,0.0005,0.0,0.0,0.0,0.002,0.9975,0.046297950389758855,1892,0.0006936287314259498,8.205932098679357e-07,0.00015199124201901534,16,20,False,0.995,0.005,0.66,fixed,100,none,eefd7eeb-488a-4f09-b43a-00ca3ec1ee27
1815,261000,30.348052501678467,0.99900075,0.999002,1.0,0.9960719999999998,0.0,0.0,0.0,0.0,0.0,0.0,0.0005,0.0,0.0,0.0,0.0005,0.0,0.0,0.0,0.002,0.9975,0.046297950389758855,1892,0.0006951985075206241,8.227042922921058e-07,0.00015233526711180012,16,20,False,0.995,0.005,0.66,fixed,100,none,eefd7eeb-488a-4f09-b43a-00ca3ec1ee27
1816,261300,30.359729766845703,0.99900075,0.999002,1.0,0.9960719999999998,0.0,0.0,0.0,0.0,0.0,0.0,0.0005,0.0,0.0,0.0,0.0005,0.0,0.0,0.0,0.002,0.9975,0.046297950389758855,1892,0.0006956597944102012,8.22537625384768e-07,0.00015243621114521615,16,20,False,0.995,0.005,0.66,fixed,100,none,eefd7eeb-488a-4f09-b43a-00ca3ec1ee27
1817,261400,30.371411085128784,0.99900075,0.999002,1.0,0.9960719999999998,0.0,0.0,0.0,0.0,0.0,0.0,0.0005,0.0,0.0,0.0,0.0005,0.0,0.0,0.0,0.002,0.9975,0.045899711685228106,1893,0.0006950144497161499,8.219416043974461e-07,0.00015229483194770073,16,20,False,0.995,0.005,0.66,fixed,100,none,eefd7eeb-488a-4f09-b43a-00ca3ec1ee27
1818,261500,30.383099794387817,0.99900075,0.999002,1.0,0.9960719999999998,0.0,0.0,0.0,0.0,0.0,0.0,0.0005,0.0,0.0,0.0,0.0005,0.0,0.0,0.0,0.002,0.9975,0.045899711685228106,1893,0.000696883274409708,8.253509054308497e-07,0.00015270456544031694,16,20,False,0.995,0.005,0.66,fixed,100,none,eefd7eeb-488a-4f09-b43a-00ca3ec1ee27
1819,261600,30.394848823547363,0.99900075,0.999002,1.0,0.9960719999999998,0.0,0.0,0.0,0.0,0.0,0.0,0.0005,0.0,0.0,0.0,0.0005,0.0,0.0,0.0,0.002,0.9975,0.045899711685228106,1893,0.0006963915340372284,8.247079141479485e-07,0.0001525968013044374,16,20,False,0.995,0.005,0.66,fixed,100,none,eefd7eeb-488a-4f09-b43a-00ca3ec1ee27
1820,261700,30.406571626663208,0.99900075,0.999002,1.0,0.9960719999999998,0.0,0.0,0.0,0.0,0.0,0.0,0.0005,0.0,0.0,0.0,0.0005,0.0,0.0,0.0,0.002,0.9975,0.045899711685228106,1893,0.0006962299421739894,8.24847612060509e-07,0.00015256145538817777,16,20,False,0.995,0.005,0.66,fixed,100,none,eefd7eeb-488a-4f09-b43a-00ca3ec1ee27
1821,262000,30.418308973312378,0.99900075,0.999002,1.0,0.9960719999999998,0.0,0.0,0.0,0.0,0.0,0.0,0.0005,0.0,0.0,0.0,0.0005,0.0,0.0,0.0,0.002,0.9975,0.045899711685228106,1893,0.0006972208135359151,8.276683417788192e-07,0.00015277889306794979,16,20,False,0.995,0.005,0.66,fixed,100,none,eefd7eeb-488a-4f09-b43a-00ca3ec1ee27
1822,262100,30.42995047569275,0.99900075,0.999002,1.0,0.9960719999999998,0.0,0.0,0.0,0.0,0.0,0.0,0.0005,0.0,0.0,0.0,0.0005,0.0,0.0,0.0,0.002,0.9975,0.046297950389758855,1892,0.000697294853708757,8.286613126572551e-07,0.0001527952891262518,16,20,False,0.995,0.005,0.66,fixed,100,none,eefd7eeb-488a-4f09-b43a-00ca3ec1ee27
1823,262300,30.441737174987793,0.99900075,0.999002,1.0,0.9960719999999998,0.0,0.0,0.0,0.0,0.0,0.0,0.0005,0.0,0.0,0.0,0.0005,0.0,0.0,0.0,0.002,0.9975,0.04669518407547691,1891,0.0007009979269025586,8.337383571680924e-07,0.00015360685648683204,16,20,False,0.995,0.005,0.66,fixed,100,none,eefd7eeb-488a-4f09-b43a-00ca3ec1ee27
1824,262400,30.453375577926636,0.99900075,0.999002,1.0,0.9960719999999998,0.0,0.0,0.0,0.0,0.0,0.0,0.0005,0.0,0.0,0.0,0.0005,0.0,0.0,0.0,0.002,0.9975,0.045899711685228106,1893,0.000700309029484724,8.330740092121295e-07,0.00015345593061595638,16,20,False,0.995,0.005,0.66,fixed,100,none,eefd7eeb-488a-4f09-b43a-00ca3ec1ee27
1825,262700,30.465044498443604,0.99900075,0.999002,1.0,0.9960719999999998,0.0,0.0,0.0,0.0,0.0,0.0,0.0005,0.0,0.0,0.0,0.0005,0.0,0.0,0.0,0.002,0.9975,0.04629795038975885,1892,0.0007036721855724293,8.397837182444235e-07,0.00015419340032827122,16,20,False,0.995,0.005,0.66,fixed,100,none,eefd7eeb-488a-4f09-b43a-00ca3ec1ee27
1826,262800,30.476873636245728,0.99900075,0.999002,1.0,0.9960719999999998,0.0,0.0,0.0,0.0,0.0,0.0,0.0005,0.0,0.0,0.0,0.0005,0.0,0.0,0.0,0.002,0.9975,0.04629795038975885,1892,0.0007048545624841582,8.431053702889539e-07,0.00015445285374813712,16,20,False,0.995,0.005,0.66,fixed,100,none,eefd7eeb-488a-4f09-b43a-00ca3ec1ee27
1827,263100,30.4885892868042,0.99900075,0.999002,1.0,0.9960719999999998,0.0,0.0,0.0,0.0,0.0,0.0,0.0005,0.0,0.0,0.0,0.0005,0.0,0.0,0.0,0.002,0.9975,0.04629795038975885,1892,0.0007062168525763817,8.477952602079541e-07,0.0001547519501284095,16,20,False,0.995,0.005,0.66,fixed,100,none,eefd7eeb-488a-4f09-b43a-00ca3ec1ee27
1828,263200,30.500312328338623,0.99900075,0.999002,1.0,0.9960719999999998,0.0,0.0,0.0,0.0,0.0,0.0,0.0005,0.0,0.0,0.0,0.0005,0.0,0.0,0.0,0.002,0.9975,0.04629795038975885,1892,0.0007080745745841323,8.504998432195611e-07,0.0001551591193466783,16,20,False,0.995,0.005,0.66,fixed,100,none,eefd7eeb-488a-4f09-b43a-00ca3ec1ee27
1829,263400,30.512004613876343,0.99900075,0.999002,1.0,0.9960719999999998,0.0,0.0,0.0,0.0,0.0,0.0,0.0005,0.0,0.0,0.0,0.0005,0.0,0.0,0.0,0.002,0.9975,0.04629795038975885,1892,0.0007077810718088718,8.506214127652095e-07,0.00015509489468738742,16,20,False,0.995,0.005,0.66,fixed,100,none,eefd7eeb-488a-4f09-b43a-00ca3ec1ee27
1830,263500,30.523818492889404,0.99900075,0.999002,1.0,0.9960719999999998,0.0,0.0,0.0,0.0,0.0,0.0,0.0005,0.0,0.0,0.0,0.0005,0.0,0.0,0.0,0.002,0.9975,0.04629795038975885,1892,0.0007081987871166413,8.519908502852026e-07,0.000155186592761387,16,20,False,0.995,0.005,0.66,fixed,100,none,eefd7eeb-488a-4f09-b43a-00ca3ec1ee27
1831,263600,30.535571098327637,0.99900075,0.999002,1.0,0.9960719999999998,0.0,0.0,0.0,0.0,0.0,0.0,0.0005,0.0,0.0,0.0,0.0005,0.0,0.0,0.0,0.002,0.9975,0.04629795038975885,1892,0.0007081987871166413,8.519908502852026e-07,0.000155186592761387,16,20,False,0.995,0.005,0.66,fixed,100,none,eefd7eeb-488a-4f09-b43a-00ca3ec1ee27
1832,263700,30.547298192977905,0.99900075,0.999002,1.0,0.9960719999999998,0.0,0.0,0.0,0.0,0.0,0.0,0.0005,0.0,0.0,0.0,0.0005,0.0,0.0,0.0,0.002,0.9975,0.04669518407547691,1891,0.0007070180213916744,8.503519564658854e-07,0.00015492781175436605,16,20,False,0.995,0.005,0.66,fixed,100,none,eefd7eeb-488a-4f09-b43a-00ca3ec1ee27
1833,263800,30.5589542388916,0.99900075,0.999002,1.0,0.9960719999999998,0.0,0.0,0.0,0.0,0.0,0.0,0.0005,0.0,0.0,0.0,0.0005,0.0,0.0,0.0,0.002,0.9975,0.04669518407547691,1891,0.0007063825285015999,8.500981350443413e-07,0.00015478865413465863,16,20,False,0.995,0.005,0.66,fixed,100,none,eefd7eeb-488a-4f09-b43a-00ca3ec1ee27
1834,263900,30.570821523666382,0.99900075,0.999002,1.0,0.9960719999999998,0.0,0.0,0.0,0.0,0.0,0.0,0.0005,0.0,0.0,0.0,0.0005,0.0,0.0,0.0,0.002,0.9975,0.04669518407547691,1891,0.0007066112098634776,8.517135574803018e-07,0.0001548390194150365,16,20,False,0.995,0.005,0.66,fixed,100,none,eefd7eeb-488a-4f09-b43a-00ca3ec1ee27
1835,264100,30.582463026046753,0.99900075,0.999002,1.0,0.9960719999999998,0.0,0.0,0.0,0.0,0.0,0.0,0.0005,0.0,0.0,0.0,0.0005,0.0,0.0,0.0,0.002,0.9975,0.04669518407547691,1891,0.0007057034497165475,8.507761622148222e-07,0.00015464013261377307,16,20,False,0.995,0.005,0.66,fixed,100,none,eefd7eeb-488a-4f09-b43a-00ca3ec1ee27
1836,264200,30.59422755241394,0.99900075,0.999002,1.0,0.9960719999999998,0.0,0.0,0.0,0.0,0.0,0.0,0.0005,0.0,0.0,0.0,0.0005,0.0,0.0,0.0,0.002,0.9975,0.046297950389758855,1892,0.0007057357257186679,8.506803388377555e-07,0.00015464717962419556,16,20,False,0.995,0.005,0.66,fixed,100,none,eefd7eeb-488a-4f09-b43a-00ca3ec1ee27
1837,264500,30.60600709915161,0.99900075,0.999002,1.0,0.9960719999999998,0.0,0.0,0.0,0.0,0.0,0.0,0.0005,0.0,0.0,0.0,0.0005,0.0,0.0,0.0,0.002,0.9975,0.046297950389758855,1892,0.0007062387503138897,8.525768911756365e-07,0.00015475765205303382,16,20,False,0.995,0.005,0.66,fixed,100,none,eefd7eeb-488a-4f09-b43a-00ca3ec1ee27
1838,264600,30.617709398269653,0.99900075,0.999002,1.0,0.9960719999999998,0.0,0.0,0.0,0.0,0.0,0.0,0.0005,0.0,0.0,0.0,0.0005,0.0,0.0,0.0,0.002,0.9975,0.046297950389758855,1892,0.0007056895024050962,8.531115691875381e-07,0.0001546375232746212,16,20,False,0.995,0.005,0.66,fixed,100,none,eefd7eeb-488a-4f09-b43a-00ca3ec1ee27
1839,264900,30.629363775253296,0.99900075,0.999002,1.0,0.9960719999999998,0.0,0.0,0.0,0.0,0.0,0.0,0.0005,0.0,0.0,0.0,0.0005,0.0,0.0,0.0,0.002,0.9975,0.04669518407547691,1891,0.0007048792007057951,8.526711258780262e-07,0.0001544600645484154,16,20,False,0.995,0.005,0.66,fixed,100,none,eefd7eeb-488a-4f09-b43a-00ca3ec1ee27
1840,265000,30.641138553619385,0.99900075,0.999002,1.0,0.9960719999999998,0.0,0.0,0.0,0.0,0.0,0.0,0.0005,0.0,0.0,0.0,0.0005,0.0,0.0,0.0,0.002,0.9975,0.04669518407547691,1891,0.0007042383838500182,8.520913683125159e-07,0.00015431967958474838,16,20,False,0.995,0.005,0.66,fixed,100,none,eefd7eeb-488a-4f09-b43a-00ca3ec1ee27
1841,265200,30.65287947654724,0.99900075,0.999002,1.0,0.9960719999999998,0.0,0.0,0.0,0.0,0.0,0.0,0.0005,0.0,0.0,0.0,0.0005,0.0,0.0,0.0,0.002,0.9975,0.04669518407547691,1891,0.0007065516025238178,8.58119342387303e-07,0.0001548271884675173,16,20,False,0.995,0.005,0.66,fixed,100,none,eefd7eeb-488a-4f09-b43a-00ca3ec1ee27
1842,265300,30.66461443901062,0.99900075,0.999002,1.0,0.9960719999999998,0.0,0.0,0.0,0.0,0.0,0.0,0.0005,0.0,0.0,0.0,0.0005,0.0,0.0,0.0,0.002,0.9975,0.04669518407547691,1891,0.0007079421341698161,8.60174867848461e-07,0.00015513196639466395,16,20,False,0.995,0.005,0.66,fixed,100,none,eefd7eeb-488a-4f09-b43a-00ca3ec1ee27
1843,265600,30.676424264907837,0.99900075,0.999002,1.0,0.9960719999999998,0.0,0.0,0.0,0.0,0.0,0.0,0.0005,0.0,0.0,0.0,0.0005,0.0,0.0,0.0,0.002,0.9975,0.04669518407547691,1891,0.0007077972220483457,8.575696285662387e-07,0.00015509975013581047,16,20,False,0.995,0.005,0.66,fixed,100,none,eefd7eeb-488a-4f09-b43a-00ca3ec1ee27
1844,265700,30.688247680664062,0.99900075,0.999002,1.0,0.9960719999999998,0.0,0.0,0.0,0.0,0.0,0.0,0.0005,0.0,0.0,0.0,0.0005,0.0,0.0,0.0,0.002,0.9975,0.04669518407547691,1891,0.0007078614908175053,8.591843084451584e-07,0.0001551141253585565,16,20,False,0.995,0.005,0.66,fixed,100,none,eefd7eeb-488a-4f09-b43a-00ca3ec1ee27
1845,265800,30.700013160705566,0.99900075,0.999002,1.0,0.9960719999999998,0.0,0.0,0.0,0.0,0.0,0.0,0.0005,0.0,0.0,0.0,0.0005,0.0,0.0,0.0,0.002,0.9975,0.04669518407547691,1891,0.0007084315550106336,8.615038509484932e-07,0.00015523935312350794,16,20,False,0.995,0.005,0.66,fixed,100,none,eefd7eeb-488a-4f09-b43a-00ca3ec1ee27
1846,265900,30.711913347244263,0.99900075,0.999002,1.0,0.9960719999999998,0.0,0.0,0.0,0.0,0.0,0.0,0.0005,0.0,0.0,0.0,0.0005,0.0,0.0,0.0,0.002,0.9975,0.04669518407547691,1891,0.0007084020874091072,8.607132230546286e-07,0.00015523275244623398,16,20,False,0.995,0.005,0.66,fixed,100,none,eefd7eeb-488a-4f09-b43a-00ca3ec1ee27
1847,266000,30.723684310913086,0.99900075,0.999002,1.0,0.9960719999999998,0.0,0.0,0.0,0.0,0.0,0.0,0.0005,0.0,0.0,0.0,0.0005,0.0,0.0,0.0,0.002,0.9975,0.04669518407547691,1891,0.0007092464925769972,8.610632946439505e-07,0.00015541765925108705,16,20,False,0.995,0.005,0.66,fixed,100,none,eefd7eeb-488a-4f09-b43a-00ca3ec1ee27
1848,266300,30.73547673225403,0.99900075,0.999002,1.0,0.9960719999999998,0.0,0.0,0.0,0.0,0.0,0.0,0.0005,0.0,0.0,0.0,0.0005,0.0,0.0,0.0,0.002,0.9975,0.04669518407547691,1891,0.0007094805452520944,8.6494901419378e-07,0.0001554696316683803,16,20,False,0.995,0.005,0.66,fixed,100,none,eefd7eeb-488a-4f09-b43a-00ca3ec1ee27
1849,266400,30.74733853340149,0.99900075,0.999002,1.0,0.9960719999999998,0.0,0.0,0.0,0.0,0.0,0.0,0.0005,0.0,0.0,0.0,0.0005,0.0,0.0,0.0,0.002,0.9975,0.04669518407547691,1891,0.0007091884251598418,8.652671340958765e-07,0.00015540574702296758,16,20,False,0.995,0.005,0.66,fixed,100,none,eefd7eeb-488a-4f09-b43a-00ca3ec1ee27
1850,266700,30.759042739868164,0.99900075,0.999002,1.0,0.9960719999999998,0.0,0.0,0.0,0.0,0.0,0.0,0.0005,0.0,0.0,0.0,0.0005,0.0,0.0,0.0,0.002,0.9975,0.04669518407547691,1891,0.0007130650491586578,8.703489214231923e-07,0.0001562553055559006,16,20,False,0.995,0.005,0.66,fixed,100,none,eefd7eeb-488a-4f09-b43a-00ca3ec1ee27
1851,266800,30.770756006240845,0.99900075,0.999002,1.0,0.9960719999999998,0.0,0.0,0.0,0.0,0.0,0.0,0.0005,0.0,0.0,0.0,0.0005,0.0,0.0,0.0,0.002,0.9975,0.04669518407547691,1891,0.0007131614956199399,8.716671071384765e-07,0.00015627666814156115,16,20,False,0.995,0.005,0.66,fixed,100,none,eefd7eeb-488a-4f09-b43a-00ca3ec1ee27
1852,267000,30.782577753067017,0.99900075,0.999002,1.0,0.9960719999999998,0.0,0.0,0.0,0.0,0.0,0.0,0.0005,0.0,0.0,0.0,0.0005,0.0,0.0,0.0,0.002,0.9975,0.04669518407547691,1891,0.0007108987235153078,8.694428217837426e-07,0.0001557809247136398,16,20,False,0.995,0.005,0.66,fixed,100,none,eefd7eeb-488a-4f09-b43a-00ca3ec1ee27
1853,267100,30.79431414604187,0.99900075,0.999002,1.0,0.9960719999999998,0.0,0.0,0.0,0.0,0.0,0.0,0.0005,0.0,0.0,0.0,0.0005,0.0,0.0,0.0,0.002,0.9975,0.04669518407547691,1891,0.0007110484806783609,8.694226410389168e-07,0.0001558137027222906,16,20,False,0.995,0.005,0.66,fixed,100,none,eefd7eeb-488a-4f09-b43a-00ca3ec1ee27
1854,267400,30.80607581138611,0.99900075,0.999002,1.0,0.9960719999999998,0.0,0.0,0.0,0.0,0.0,0.0,0.0005,0.0,0.0,0.0,0.0005,0.0,0.0,0.0,0.002,0.9975,0.04669518407547691,1891,0.0007098955630767288,8.691993464540608e-07,0.00015556128663332222,16,20,False,0.995,0.005,0.66,fixed,100,none,eefd7eeb-488a-4f09-b43a-00ca3ec1ee27
1855,267500,30.817756175994873,0.99900075,0.999002,1.0,0.9960719999999998,0.0,0.0,0.0,0.0,0.0,0.0,0.0005,0.0,0.0,0.0,0.0005,0.0,0.0,0.0,0.002,0.9975,0.04669518407547691,1891,0.0007119731556324254,8.723800539778759e-07,0.00015601667597819373,16,20,False,0.995,0.005,0.66,fixed,100,none,eefd7eeb-488a-4f09-b43a-00ca3ec1ee27
1856,267700,30.82946538925171,0.99900075,0.999002,1.0,0.9960719999999998,0.0,0.0,0.0,0.0,0.0,0.0,0.0005,0.0,0.0,0.0,0.0005,0.0,0.0,0.0,0.002,0.9975,0.04629795038975885,1892,0.0007145551219503146,8.781968106438215e-07,0.0001565829735889462,16,20,False,0.995,0.005,0.66,fixed,100,none,eefd7eeb-488a-4f09-b43a-00ca3ec1ee27
1857,267800,30.841128826141357,0.99900075,0.999002,1.0,0.9960719999999998,0.0,0.0,0.0,0.0,0.0,0.0,0.0005,0.0,0.0,0.0,0.0005,0.0,0.0,0.0,0.002,0.9975,0.04629795038975885,1892,0.0007159638642609201,8.815088348914983e-07,0.00015689197656534482,16,20,False,0.995,0.005,0.66,fixed,100,none,eefd7eeb-488a-4f09-b43a-00ca3ec1ee27
1858,268000,30.853020429611206,0.99900075,0.999002,1.0,0.9960719999999998,0.0,0.0,0.0,0.0,0.0,0.0,0.0005,0.0,0.0,0.0,0.0005,0.0,0.0,0.0,0.002,0.9975,0.04669518407547691,1891,0.0007153406303791747,8.78990388928681e-07,0.0001567550721638978,16,20,False,0.995,0.005,0.66,fixed,100,none,eefd7eeb-488a-4f09-b43a-00ca3ec1ee27
1859,268100,30.864799976348877,0.99900075,0.999002,1.0,0.9960719999999998,0.0,0.0,0.0,0.0,0.0,0.0,0.0005,0.0,0.0,0.0,0.0005,0.0,0.0,0.0,0.002,0.9975,0.04669518407547691,1891,0.000715225396968292,8.792764250917215e-07,0.00015672990191712655,16,20,False,0.995,0.005,0.66,fixed,100,none,eefd7eeb-488a-4f09-b43a-00ca3ec1ee27
1860,268200,30.876660346984863,0.99900075,0.999002,1.0,0.9960719999999998,0.0,0.0,0.0,0.0,0.0,0.0,0.0005,0.0,0.0,0.0,0.0005,0.0,0.0,0.0,0.002,0.9975,0.04669518407547691,1891,0.000714721124408213,8.792428373164958e-07,0.00015661951027204796,16,20,False,0.995,0.005,0.66,fixed,100,none,eefd7eeb-488a-4f09-b43a-00ca3ec1ee27
1861,268500,30.88846755027771,0.99900075,0.999002,1.0,0.9960719999999998,0.0,0.0,0.0,0.0,0.0,0.0,0.0005,0.0,0.0,0.0,0.0005,0.0,0.0,0.0,0.002,0.9975,0.04669518407547691,1891,0.0007133516445492988,8.799498444528725e-07,0.00015631986546228756,16,20,False,0.995,0.005,0.66,fixed,100,none,eefd7eeb-488a-4f09-b43a-00ca3ec1ee27
1862,268600,30.900229692459106,0.99900075,0.999002,1.0,0.9960719999999998,0.0,0.0,0.0,0.0,0.0,0.0,0.0005,0.0,0.0,0.0,0.0005,0.0,0.0,0.0,0.002,0.9975,0.04669518407547691,1891,0.0007135679833145044,8.784563417256113e-07,0.00015636693825247288,16,20,False,0.995,0.005,0.66,fixed,100,none,eefd7eeb-488a-4f09-b43a-00ca3ec1ee27
1863,268800,30.91204595565796,0.99900075,0.999002,1.0,0.9960719999999998,0.0,0.0,0.0,0.0,0.0,0.0,0.0005,0.0,0.0,0.0,0.0005,0.0,0.0,0.0,0.002,0.9975,0.04669518407547691,1891,0.0007133590039365576,8.783120709533624e-07,0.0001563211652551936,16,20,False,0.995,0.005,0.66,fixed,100,none,eefd7eeb-488a-4f09-b43a-00ca3ec1ee27
1864,268900,30.923710346221924,0.99900075,0.999002,1.0,0.9960719999999998,0.0,0.0,0.0,0.0,0.0,0.0,0.0005,0.0,0.0,0.0,0.0005,0.0,0.0,0.0,0.002,0.9975,0.04669518407547691,1891,0.0007154797893849614,8.821340554356163e-07,0.0001567861313669008,16,20,False,0.995,0.005,0.66,fixed,100,none,eefd7eeb-488a-4f09-b43a-00ca3ec1ee27
1865,269200,30.93541646003723,0.99900075,0.999002,1.0,0.9960719999999998,0.0,0.0,0.0,0.0,0.0,0.0,0.0005,0.0,0.0,0.0,0.0005,0.0,0.0,0.0,0.002,0.9975,0.04669518407547691,1891,0.0007132414913150634,8.802083500401944e-07,0.00015629580203537502,16,20,False,0.995,0.005,0.66,fixed,100,none,eefd7eeb-488a-4f09-b43a-00ca3ec1ee27
1866,269300,30.947202682495117,0.99900075,0.999002,1.0,0.9960719999999998,0.0,0.0,0.0,0.0,0.0,0.0,0.0005,0.0,0.0,0.0,0.0005,0.0,0.0,0.0,0.002,0.9975,0.04669518407547691,1891,0.0007128257149707163,8.786698443556082e-07,0.00015620449627751736,16,20,False,0.995,0.005,0.66,fixed,100,none,eefd7eeb-488a-4f09-b43a-00ca3ec1ee27
1867,269500,30.95891571044922,0.99900075,0.999002,1.0,0.9960719999999998,0.0,0.0,0.0,0.0,0.0,0.0,0.0005,0.0,0.0,0.0,0.0005,0.0,0.0,0.0,0.002,0.9975,0.04669518407547691,1891,0.0007142091320995525,8.7808337141469e-07,0.00015650721485716083,16,20,False,0.995,0.005,0.66,fixed,100,none,eefd7eeb-488a-4f09-b43a-00ca3ec1ee27
1868,269600,30.970627546310425,0.99900075,0.999002,1.0,0.9960719999999998,0.0,0.0,0.0,0.0,0.0,0.0,0.0005,0.0,0.0,0.0,0.0005,0.0,0.0,0.0,0.002,0.9975,0.04669518407547691,1891,0.000716104018368543,8.826027767648081e-07,0.00015692286414845937,16,20,False,0.995,0.005,0.66,fixed,100,none,eefd7eeb-488a-4f09-b43a-00ca3ec1ee27
1869,269900,30.982360124588013,0.99900075,0.999002,1.0,0.9960719999999998,0.0,0.0,0.0,0.0,0.0,0.0,0.0005,0.0,0.0,0.0,0.0005,0.0,0.0,0.0,0.002,0.9975,0.04669518407547691,1891,0.0007155724760958147,8.787030628328576e-07,0.0001568057685993121,16,20,False,0.995,0.005,0.66,fixed,100,none,eefd7eeb-488a-4f09-b43a-00ca3ec1ee27
1870,270000,30.994072914123535,0.99900075,0.999002,1.0,0.9960719999999998,0.0,0.0,0.0,0.0,0.0,0.0,0.0005,0.0,0.0,0.0,0.0005,0.0,0.0,0.0,0.002,0.9975,0.04669518407547691,1891,0.0007169996452612141,8.817032074503786e-07,0.00015711874595709534,16,20,False,0.995,0.005,0.66,fixed,100,none,eefd7eeb-488a-4f09-b43a-00ca3ec1ee27
1871,270200,31.006786108016968,0.99900075,0.999002,1.0,0.9960719999999998,0.0,0.0,0.0,0.0,0.0,0.0,0.0005,0.0,0.0,0.0,0.0005,0.0,0.0,0.0,0.002,0.9975,0.04669518407547691,1891,0.0007159941682607192,8.793444749498399e-07,0.0001568981988825119,16,20,False,0.995,0.005,0.66,fixed,100,none,eefd7eeb-488a-4f09-b43a-00ca3ec1ee27
1872,270300,31.018543243408203,0.99900075,0.999002,1.0,0.9960719999999998,0.0,0.0,0.0,0.0,0.0,0.0,0.0005,0.0,0.0,0.0,0.0005,0.0,0.0,0.0,0.002,0.9975,0.04669518407547691,1891,0.0007173832777066761,8.825059325170092e-07,0.00015720287561716962,16,20,False,0.995,0.005,0.66,fixed,100,none,eefd7eeb-488a-4f09-b43a-00ca3ec1ee27
1873,270400,31.030285120010376,0.99900075,0.999002,1.0,0.9960719999999998,0.0,0.0,0.0,0.0,0.0,0.0,0.0005,0.0,0.0,0.0,0.0005,0.0,0.0,0.0,0.002,0.9975,0.04669518407547691,1891,0.0007168545838936455,8.834387587155412e-07,0.00015708732177847497,16,20,False,0.995,0.005,0.66,fixed,100,none,eefd7eeb-488a-4f09-b43a-00ca3ec1ee27
1874,270600,31.04194927215576,0.99900075,0.999002,1.0,0.9960719999999998,0.0,0.0,0.0,0.0,0.0,0.0,0.0005,0.0,0.0,0.0,0.0005,0.0,0.0,0.0,0.002,0.9975,0.04669518407547691,1891,0.0007176286148918676,8.846634966825078e-07,0.0001572569898641995,16,20,False,0.995,0.005,0.66,fixed,100,none,eefd7eeb-488a-4f09-b43a-00ca3ec1ee27
1875,270700,31.054039001464844,0.99900075,0.999002,1.0,0.9960719999999998,0.0,0.0,0.0,0.0,0.0,0.0,0.0005,0.0,0.0,0.0,0.0005,0.0,0.0,0.0,0.002,0.9975,0.04669518407547691,1891,0.0007180146146914547,8.851428799178897e-07,0.00015734157630314385,16,20,False,0.995,0.005,0.66,fixed,100,none,eefd7eeb-488a-4f09-b43a-00ca3ec1ee27
1876,271000,31.065724849700928,0.99900075,0.999002,1.0,0.9960719999999998,0.0,0.0,0.0,0.0,0.0,0.0,0.0005,0.0,0.0,0.0,0.0005,0.0,0.0,0.0,0.002,0.9975,0.04669518407547691,1891,0.0007200996656469882,8.893522884962069e-07,0.00015779879374494,16,20,False,0.995,0.005,0.66,fixed,100,none,eefd7eeb-488a-4f09-b43a-00ca3ec1ee27
1877,271100,31.077458381652832,0.99900075,0.999002,1.0,0.9960719999999998,0.0,0.0,0.0,0.0,0.0,0.0,0.0005,0.0,0.0,0.0,0.0005,0.0,0.0,0.0,0.002,0.9975,0.04669518407547691,1891,0.0007213716767680122,8.919523963192621e-07,0.00015807773099981855,16,20,False,0.995,0.005,0.66,fixed,100,none,eefd7eeb-488a-4f09-b43a-00ca3ec1ee27
1878,271400,31.089245796203613,0.99900075,0.999002,1.0,0.9960719999999998,0.0,0.0,0.0,0.0,0.0,0.0,0.0005,0.0,0.0,0.0,0.0005,0.0,0.0,0.0,0.002,0.9975,0.04669518407547691,1891,0.0007224340147141638,8.927137003534921e-07,0.00015831042142399763,16,20,False,0.995,0.005,0.66,fixed,100,none,eefd7eeb-488a-4f09-b43a-00ca3ec1ee27
1879,271500,31.101067781448364,0.99900075,0.999002,1.0,0.9960719999999998,0.0,0.0,0.0,0.0,0.0,0.0,0.0005,0.0,0.0,0.0,0.0005,0.0,0.0,0.0,0.002,0.9975,0.04669518407547691,1891,0.0007236731025805881,8.927728905004259e-07,0.00015858166900408583,16,20,False,0.995,0.005,0.66,fixed,100,none,eefd7eeb-488a-4f09-b43a-00ca3ec1ee27
1880,271700,31.11293363571167,0.99900075,0.999002,1.0,0.9960719999999998,0.0,0.0,0.0,0.0,0.0,0.0,0.0005,0.0,0.0,0.0,0.0005,0.0,0.0,0.0,0.002,0.9975,0.04669518407547691,1891,0.000723726939751535,8.964331632511069e-07,0.00015859414941262872,16,20,False,0.995,0.005,0.66,fixed,100,none,eefd7eeb-488a-4f09-b43a-00ca3ec1ee27
1881,271800,31.12476134300232,0.99900075,0.999002,1.0,0.9960719999999998,0.0,0.0,0.0,0.0,0.0,0.0,0.0005,0.0,0.0,0.0,0.0005,0.0,0.0,0.0,0.002,0.9975,0.04669518407547691,1891,0.000724182734160835,8.959108127147211e-07,0.00015869382356222258,16,20,False,0.995,0.005,0.66,fixed,100,none,eefd7eeb-488a-4f09-b43a-00ca3ec1ee27
1882,272100,31.136444568634033,0.99900075,0.999002,1.0,0.9960719999999998,0.0,0.0,0.0,0.0,0.0,0.0,0.0005,0.0,0.0,0.0,0.0005,0.0,0.0,0.0,0.002,0.9975,0.04669518407547691,1891,0.0007229514328541929,8.97873419099611e-07,0.00015842466460141175,16,20,False,0.995,0.005,0.66,fixed,100,none,eefd7eeb-488a-4f09-b43a-00ca3ec1ee27
1883,272200,31.148102045059204,0.99900075,0.999002,1.0,0.9960719999999998,0.0,0.0,0.0,0.0,0.0,0.0,0.0005,0.0,0.0,0.0,0.0005,0.0,0.0,0.0,0.002,0.9975,0.04669518407547691,1891,0.0007232875649111638,8.996676892315601e-07,0.00015849858482000777,16,20,False,0.995,0.005,0.66,fixed,100,none,eefd7eeb-488a-4f09-b43a-00ca3ec1ee27
1884,272400,31.159785509109497,0.99900075,0.999002,1.0,0.9960719999999998,0.0,0.0,0.0,0.0,0.0,0.0,0.0005,0.0,0.0,0.0,0.0005,0.0,0.0,0.0,0.002,0.9975,0.04669518407547691,1891,0.0007243970989894814,9.006632610247913e-07,0.00015874165098839218,16,20,False,0.995,0.005,0.66,fixed,100,none,eefd7eeb-488a-4f09-b43a-00ca3ec1ee27
1885,272500,31.1714506149292,0.99900075,0.999002,1.0,0.9960719999999998,0.0,0.0,0.0,0.0,0.0,0.0,0.0005,0.0,0.0,0.0,0.0005,0.0,0.0,0.0,0.002,0.9975,0.04669518407547691,1891,0.0007252102677514798,9.029807749364326e-07,0.00015892009395803686,16,20,False,0.995,0.005,0.66,fixed,100,none,eefd7eeb-488a-4f09-b43a-00ca3ec1ee27
1886,272800,31.18309736251831,0.99900075,0.999002,1.0,0.9960719999999998,0.0,0.0,0.0,0.0,0.0,0.0,0.0005,0.0,0.0,0.0,0.0005,0.0,0.0,0.0,0.002,0.9975,0.04629795038975885,1892,0.0007252330698787914,9.06381489279448e-07,0.00015892573147943055,16,20,False,0.995,0.005,0.66,fixed,100,none,eefd7eeb-488a-4f09-b43a-00ca3ec1ee27
1887,272900,31.194865942001343,0.99900075,0.999002,1.0,0.9960719999999998,0.0,0.0,0.0,0.0,0.0,0.0,0.0005,0.0,0.0,0.0,0.0005,0.0,0.0,0.0,0.002,0.9975,0.04629795038975885,1892,0.0007243507459046323,9.04208697315966e-07,0.00015873217793101408,16,20,False,0.995,0.005,0.66,fixed,100,none,eefd7eeb-488a-4f09-b43a-00ca3ec1ee27
1888,273200,31.20660161972046,0.99900075,0.999002,1.0,0.9960719999999998,0.0,0.0,0.0,0.0,0.0,0.0,0.0005,0.0,0.0,0.0,0.0005,0.0,0.0,0.0,0.002,0.9975,0.04669518407547691,1891,0.0007257935443804715,9.081349354648269e-07,0.00015904875250262354,16,20,False,0.995,0.005,0.66,fixed,100,none,eefd7eeb-488a-4f09-b43a-00ca3ec1ee27
1889,273300,31.218424320220947,0.99900075,0.999002,1.0,0.9960719999999998,0.0,0.0,0.0,0.0,0.0,0.0,0.0005,0.0,0.0,0.0,0.0005,0.0,0.0,0.0,0.002,0.9975,0.04669518407547691,1891,0.0007248114882110323,9.075482480594421e-07,0.00015883366893652625,16,20,False,0.995,0.005,0.66,fixed,100,none,eefd7eeb-488a-4f09-b43a-00ca3ec1ee27
1890,273500,31.23025107383728,0.99900075,0.999002,1.0,0.9960719999999998,0.0,0.0,0.0,0.0,0.0,0.0,0.0005,0.0,0.0,0.0,0.0005,0.0,0.0,0.0,0.002,0.9975,0.04669518407547691,1891,0.000724738710568327,9.102829403364078e-07,0.00015881825750207072,16,20,False,0.995,0.005,0.66,fixed,100,none,eefd7eeb-488a-4f09-b43a-00ca3ec1ee27
1891,273600,31.241958141326904,0.99900075,0.999002,1.0,0.9960719999999998,0.0,0.0,0.0,0.0,0.0,0.0,0.0005,0.0,0.0,0.0,0.0005,0.0,0.0,0.0,0.002,0.9975,0.04669518407547691,1891,0.000724738710568327,9.102829403364078e-07,0.00015881825750207072,16,20,False,0.995,0.005,0.66,fixed,100,none,eefd7eeb-488a-4f09-b43a-00ca3ec1ee27
1892,273900,31.253830432891846,0.99900075,0.999002,1.0,0.9960719999999998,0.0,0.0,0.0,0.0,0.0,0.0,0.0005,0.0,0.0,0.0,0.0005,0.0,0.0,0.0,0.002,0.9975,0.04669518407547691,1891,0.0007250503117398436,9.083378152789473e-07,0.00015888609742475477,16,20,False,0.995,0.005,0.66,fixed,100,none,eefd7eeb-488a-4f09-b43a-00ca3ec1ee27
1893,274000,31.265486478805542,0.99900075,0.999002,1.0,0.9960719999999998,0.0,0.0,0.0,0.0,0.0,0.0,0.0005,0.0,0.0,0.0,0.0005,0.0,0.0,0.0,0.002,0.9975,0.04669518407547691,1891,0.0007234263583452788,9.064353756262608e-07,0.00015853025256315053,16,20,False,0.995,0.005,0.66,fixed,100,none,eefd7eeb-488a-4f09-b43a-00ca3ec1ee27
1894,274200,31.277222394943237,0.99900075,0.999002,1.0,0.9960719999999998,0.0,0.0,0.0,0.0,0.0,0.0,0.0005,0.0,0.0,0.0,0.0005,0.0,0.0,0.0,0.002,0.9975,0.04669518407547691,1891,0.0007251944021370204,9.083468280878004e-07,0.00015891764052513045,16,20,False,0.995,0.005,0.66,fixed,100,none,eefd7eeb-488a-4f09-b43a-00ca3ec1ee27
1895,274300,31.289029598236084,0.99900075,0.999002,1.0,0.9960719999999998,0.0,0.0,0.0,0.0,0.0,0.0,0.0005,0.0,0.0,0.0,0.0005,0.0,0.0,0.0,0.002,0.9975,0.04669518407547691,1891,0.0007247912020760354,9.079729210165835e-07,0.00015882930898943731,16,20,False,0.995,0.005,0.66,fixed,100,none,eefd7eeb-488a-4f09-b43a-00ca3ec1ee27
1896,274600,31.300690412521362,0.99900075,0.999002,1.0,0.9960719999999998,0.0,0.0,0.0,0.0,0.0,0.0,0.0005,0.0,0.0,0.0,0.0005,0.0,0.0,0.0,0.002,0.9975,0.04669518407547691,1891,0.0007234751745952065,9.072191247493838e-07,0.0001585410873525931,16,20,False,0.995,0.005,0.66,fixed,100,none,eefd7eeb-488a-4f09-b43a-00ca3ec1ee27
1897,274700,31.312488555908203,0.99900075,0.999002,1.0,0.9960719999999998,0.0,0.0,0.0,0.0,0.0,0.0,0.0005,0.0,0.0,0.0,0.0005,0.0,0.0,0.0,0.002,0.9975,0.04669518407547691,1891,0.0007235503835779638,9.085985704299335e-07,0.00015855781269359797,16,20,False,0.995,0.005,0.66,fixed,100,none,eefd7eeb-488a-4f09-b43a-00ca3ec1ee27
1898,274800,31.32422161102295,0.99900075,0.999002,1.0,0.9960719999999998,0.0,0.0,0.0,0.0,0.0,0.0,0.0005,0.0,0.0,0.0,0.0005,0.0,0.0,0.0,0.002,0.9975,0.04669518407547691,1891,0.0007240452530390798,9.113311160879169e-07,0.00015866665880231128,16,20,False,0.995,0.005,0.66,fixed,100,none,eefd7eeb-488a-4f09-b43a-00ca3ec1ee27
1899,275000,31.336068391799927,0.99900075,0.999002,1.0,0.9960719999999998,0.0,0.0,0.0,0.0,0.0,0.0,0.0005,0.0,0.0,0.0,0.0005,0.0,0.0,0.0,0.002,0.9975,0.04669518407547691,1891,0.0007255346692646872,9.147943912255387e-07,0.0001589933500363729,16,20,False,0.995,0.005,0.66,fixed,100,none,eefd7eeb-488a-4f09-b43a-00ca3ec1ee27
1900,275100,31.34785509109497,0.99900075,0.999002,1.0,0.9960719999999998,0.0,0.0,0.0,0.0,0.0,0.0,0.0005,0.0,0.0,0.0,0.0005,0.0,0.0,0.0,0.002,0.9975,0.04669518407547691,1891,0.0007253027429601909,9.141157550136092e-07,0.0001589424524274384,16,20,False,0.995,0.005,0.66,fixed,100,none,eefd7eeb-488a-4f09-b43a-00ca3ec1ee27
1901,275300,31.359663009643555,0.99900075,0.999002,1.0,0.9960719999999998,0.0,0.0,0.0,0.0,0.0,0.0,0.0005,0.0,0.0,0.0,0.0005,0.0,0.0,0.0,0.002,0.9975,0.04669518407547691,1891,0.0007248273588144193,9.121978025434996e-07,0.00015883802642695967,16,20,False,0.995,0.005,0.66,fixed,100,none,eefd7eeb-488a-4f09-b43a-00ca3ec1ee27
1902,275400,31.372414112091064,0.99900075,0.999002,1.0,0.9960719999999998,0.0,0.0,0.0,0.0,0.0,0.0,0.0005,0.0,0.0,0.0,0.0005,0.0,0.0,0.0,0.002,0.9975,0.04669518407547691,1891,0.0007259217292046319,9.141023095606044e-07,0.00015907794596171045,16,20,False,0.995,0.005,0.66,fixed,100,none,eefd7eeb-488a-4f09-b43a-00ca3ec1ee27
1903,275700,31.384190797805786,0.99900075,0.999002,1.0,0.9960719999999998,0.0,0.0,0.0,0.0,0.0,0.0,0.0005,0.0,0.0,0.0,0.0005,0.0,0.0,0.0,0.002,0.9975,0.04669518407547691,1891,0.0007248073945895421,9.165132854437049e-07,0.00015883447619988506,16,20,False,0.995,0.005,0.66,fixed,100,none,eefd7eeb-488a-4f09-b43a-00ca3ec1ee27
1904,275800,31.395893812179565,0.99900075,0.999002,1.0,0.9960719999999998,0.0,0.0,0.0,0.0,0.0,0.0,0.0005,0.0,0.0,0.0,0.0005,0.0,0.0,0.0,0.002,0.9975,0.04669518407547691,1891,0.0007274142944500284,9.210380053360999e-07,0.00015940598627612508,16,20,False,0.995,0.005,0.66,fixed,100,none,eefd7eeb-488a-4f09-b43a-00ca3ec1ee27
1905,276000,31.40777015686035,0.99900075,0.999002,1.0,0.9960719999999998,0.0,0.0,0.0,0.0,0.0,0.0,0.0005,0.0,0.0,0.0,0.0005,0.0,0.0,0.0,0.002,0.9975,0.04669518407547691,1891,0.0007273515275398597,9.209366074759093e-07,0.00015939222733389572,16,20,False,0.995,0.005,0.66,fixed,100,none,eefd7eeb-488a-4f09-b43a-00ca3ec1ee27
1906,276100,31.419567823410034,0.99900075,0.999002,1.0,0.9960719999999998,0.0,0.0,0.0,0.0,0.0,0.0,0.0005,0.0,0.0,0.0,0.0005,0.0,0.0,0.0,0.002,0.9975,0.04669518407547691,1891,0.0007277828926242874,9.221269800809309e-07,0.0001594868793216719,16,20,False,0.995,0.005,0.66,fixed,100,none,eefd7eeb-488a-4f09-b43a-00ca3ec1ee27
1907,276400,31.431411266326904,0.99900075,0.999002,1.0,0.9960719999999998,0.0,0.0,0.0,0.0,0.0,0.0,0.0005,0.0,0.0,0.0,0.0005,0.0,0.0,0.0,0.002,0.9975,0.04669518407547691,1891,0.0007285426272156162,9.263628905331753e-07,0.0001596539900466997,16,20,False,0.995,0.005,0.66,fixed,100,none,eefd7eeb-488a-4f09-b43a-00ca3ec1ee27
1908,276500,31.443105459213257,0.99900075,0.999002,1.0,0.9960719999999998,0.0,0.0,0.0,0.0,0.0,0.0,0.0005,0.0,0.0,0.0,0.0005,0.0,0.0,0.0,0.002,0.9975,0.04669518407547691,1891,0.0007302335731961779,9.285441349482148e-07,0.0001600245525582835,16,20,False,0.995,0.005,0.66,fixed,100,none,eefd7eeb-488a-4f09-b43a-00ca3ec1ee27
1909,276800,31.45492458343506,0.99900075,0.999002,1.0,0.9960719999999998,0.0,0.0,0.0,0.0,0.0,0.0,0.0005,0.0,0.0,0.0,0.0005,0.0,0.0,0.0,0.002,0.9975,0.04669518407547691,1891,0.0007319549347259591,9.342313729695014e-07,0.0001604024391723767,16,20,False,0.995,0.005,0.66,fixed,100,none,eefd7eeb-488a-4f09-b43a-00ca3ec1ee27
1910,276900,31.466629028320312,0.99900075,0.999002,1.0,0.9960719999999998,0.0,0.0,0.0,0.0,0.0,0.0,0.0005,0.0,0.0,0.0,0.0005,0.0,0.0,0.0,0.002,0.9975,0.04669518407547691,1891,0.0007318285391711977,9.341906835817969e-07,0.00016037476345445573,16,20,False,0.995,0.005,0.66,fixed,100,none,eefd7eeb-488a-4f09-b43a-00ca3ec1ee27
1911,277000,31.478403091430664,0.99900075,0.999002,1.0,0.9960719999999998,0.0,0.0,0.0,0.0,0.0,0.0,0.0005,0.0,0.0,0.0,0.0005,0.0,0.0,0.0,0.002,0.9975,0.04669518407547691,1891,0.0007305600029674177,9.313529311399049e-07,0.0001600965417064843,16,20,False,0.995,0.005,0.66,fixed,100,none,eefd7eeb-488a-4f09-b43a-00ca3ec1ee27
1912,277100,31.49010729789734,0.99900075,0.999002,1.0,0.9960719999999998,0.0,0.0,0.0,0.0,0.0,0.0,0.0005,0.0,0.0,0.0,0.0005,0.0,0.0,0.0,0.002,0.9975,0.04669518407547691,1891,0.0007306017617620407,9.341373798763279e-07,0.0001601062117518872,16,20,False,0.995,0.005,0.66,fixed,100,none,eefd7eeb-488a-4f09-b43a-00ca3ec1ee27
1913,277200,31.501933574676514,0.99900075,0.999002,1.0,0.9960719999999998,0.0,0.0,0.0,0.0,0.0,0.0,0.0005,0.0,0.0,0.0,0.0005,0.0,0.0,0.0,0.002,0.9975,0.04669518407547691,1891,0.0007313034208301869,9.361920605496437e-07,0.00016026019531123234,16,20,False,0.995,0.005,0.66,fixed,100,none,eefd7eeb-488a-4f09-b43a-00ca3ec1ee27
1914,277500,31.51393151283264,0.99900075,0.999002,1.0,0.9960719999999998,0.0,0.0,0.0,0.0,0.0,0.0,0.0005,0.0,0.0,0.0,0.0005,0.0,0.0,0.0,0.002,0.9975,0.04669518407547691,1891,0.00073387966194065,9.414805586741104e-07,0.00016082513930495637,16,20,False,0.995,0.005,0.66,fixed,100,none,eefd7eeb-488a-4f09-b43a-00ca3ec1ee27
1915,277600,31.525658130645752,0.99900075,0.999002,1.0,0.9960719999999998,0.0,0.0,0.0,0.0,0.0,0.0,0.0005,0.0,0.0,0.0,0.0005,0.0,0.0,0.0,0.002,0.9975,0.04669518407547691,1891,0.0007371968874825469,9.454858869640335e-07,0.0001615520409884527,16,20,False,0.995,0.005,0.66,fixed,100,none,eefd7eeb-488a-4f09-b43a-00ca3ec1ee27
1916,277800,31.53735661506653,0.99900075,0.999002,1.0,0.9960719999999998,0.0,0.0,0.0,0.0,0.0,0.0,0.0005,0.0,0.0,0.0,0.0005,0.0,0.0,0.0,0.002,0.9975,0.04669518407547691,1891,0.0007364986524472442,9.454066268001877e-07,0.00016139918227979378,16,20,False,0.995,0.005,0.66,fixed,100,none,eefd7eeb-488a-4f09-b43a-00ca3ec1ee27
1917,277900,31.548996686935425,0.99900075,0.999002,1.0,0.9960719999999998,0.0,0.0,0.0,0.0,0.0,0.0,0.0005,0.0,0.0,0.0,0.0005,0.0,0.0,0.0,0.002,0.9975,0.04669518407547691,1891,0.0007368277861635375,9.467511632387151e-07,0.00016147148511221375,16,20,False,0.995,0.005,0.66,fixed,100,none,eefd7eeb-488a-4f09-b43a-00ca3ec1ee27
1918,278200,31.560654878616333,0.99900075,0.999002,1.0,0.9960719999999998,0.0,0.0,0.0,0.0,0.0,0.0,0.0005,0.0,0.0,0.0,0.0005,0.0,0.0,0.0,0.002,0.9975,0.04669518407547691,1891,0.0007379489336143953,9.499014917083783e-07,0.00016171750285161573,16,20,False,0.995,0.005,0.66,fixed,100,none,eefd7eeb-488a-4f09-b43a-00ca3ec1ee27
1919,278300,31.572331428527832,0.99900075,0.999002,1.0,0.9960719999999998,0.0,0.0,0.0,0.0,0.0,0.0,0.0005,0.0,0.0,0.0,0.0005,0.0,0.0,0.0,0.002,0.9975,0.04669518407547691,1891,0.0007384403967186682,9.508019701915457e-07,0.00016182525521605287,16,20,False,0.995,0.005,0.66,fixed,100,none,eefd7eeb-488a-4f09-b43a-00ca3ec1ee27
1920,278600,31.584216594696045,0.99900075,0.999002,1.0,0.9960719999999998,0.0,0.0,0.0,0.0,0.0,0.0,0.0005,0.0,0.0,0.0,0.0005,0.0,0.0,0.0,0.002,0.9975,0.047091412742382266,1890,0.0007396103128036913,9.527243974477109e-07,0.0001620817151082431,16,20,False,0.995,0.005,0.66,fixed,100,none,eefd7eeb-488a-4f09-b43a-00ca3ec1ee27
1921,278700,31.59605073928833,0.99900075,0.999002,1.0,0.9960719999999998,0.0,0.0,0.0,0.0,0.0,0.0,0.0005,0.0,0.0,0.0,0.0005,0.0,0.0,0.0,0.002,0.9975,0.047091412742382266,1890,0.0007394367001416088,9.530022523725298e-07,0.00016204376408894894,16,20,False,0.995,0.005,0.66,fixed,100,none,eefd7eeb-488a-4f09-b43a-00ca3ec1ee27
1922,278900,31.607852697372437,0.99900075,0.999002,1.0,0.9960719999999998,0.0,0.0,0.0,0.0,0.0,0.0,0.0005,0.0,0.0,0.0,0.0005,0.0,0.0,0.0,0.002,0.9975,0.047091412742382266,1890,0.0007389820332306361,9.527687712929593e-07,0.00016194419314073192,16,20,False,0.995,0.005,0.66,fixed,100,none,eefd7eeb-488a-4f09-b43a-00ca3ec1ee27
1923,279000,31.619549036026,0.99900075,0.999002,1.0,0.9960719999999998,0.0,0.0,0.0,0.0,0.0,0.0,0.0005,0.0,0.0,0.0,0.0005,0.0,0.0,0.0,0.002,0.9975,0.047091412742382266,1890,0.0007385706812837178,9.531995651015155e-07,0.00016185423005037514,16,20,False,0.995,0.005,0.66,fixed,100,none,eefd7eeb-488a-4f09-b43a-00ca3ec1ee27
1924,279200,31.631465196609497,0.99900075,0.999002,1.0,0.9960719999999998,0.0,0.0,0.0,0.0,0.0,0.0,0.0005,0.0,0.0,0.0,0.0005,0.0,0.0,0.0,0.002,0.9975,0.047091412742382266,1890,0.000740237925327429,9.556460830734075e-07,0.00016221965460995816,16,20,False,0.995,0.005,0.66,fixed,100,none,eefd7eeb-488a-4f09-b43a-00ca3ec1ee27
1925,279300,31.64328145980835,0.99900075,0.999002,1.0,0.9960719999999998,0.0,0.0,0.0,0.0,0.0,0.0,0.0005,0.0,0.0,0.0,0.0005,0.0,0.0,0.0,0.002,0.9975,0.047091412742382266,1890,0.0007378085549168734,9.518775154671721e-07,0.00016168714939924237,16,20,False,0.995,0.005,0.66,fixed,100,none,eefd7eeb-488a-4f09-b43a-00ca3ec1ee27
1926,279400,31.654935836791992,0.99900075,0.999002,1.0,0.9960719999999998,0.0,0.0,0.0,0.0,0.0,0.0,0.0005,0.0,0.0,0.0,0.0005,0.0,0.0,0.0,0.002,0.9975,0.047091412742382266,1890,0.0007373092484252697,9.515925225843712e-07,0.00016157779705958258,16,20,False,0.995,0.005,0.66,fixed,100,none,eefd7eeb-488a-4f09-b43a-00ca3ec1ee27
1927,279600,31.666651964187622,0.99900075,0.999002,1.0,0.9960719999999998,0.0,0.0,0.0,0.0,0.0,0.0,0.0005,0.0,0.0,0.0,0.0005,0.0,0.0,0.0,0.002,0.9975,0.047091412742382266,1890,0.0007368494482543356,9.515307034950087e-07,0.00016147713505653812,16,20,False,0.995,0.005,0.66,fixed,100,none,eefd7eeb-488a-4f09-b43a-00ca3ec1ee27
1928,279700,31.678566694259644,0.99900075,0.999002,1.0,0.9960719999999998,0.0,0.0,0.0,0.0,0.0,0.0,0.0005,0.0,0.0,0.0,0.0005,0.0,0.0,0.0,0.002,0.9975,0.047091412742382266,1890,0.000738002768676159,9.536436365158345e-07,0.00016172999835414924,16,20,False,0.995,0.005,0.66,fixed,100,none,eefd7eeb-488a-4f09-b43a-00ca3ec1ee27
1929,280000,31.690387964248657,0.99900075,0.999002,1.0,0.9960719999999998,0.0,0.0,0.0,0.0,0.0,0.0,0.0005,0.0,0.0,0.0,0.0005,0.0,0.0,0.0,0.002,0.9975,0.047091412742382266,1890,0.000736926189210645,9.531738597499005e-07,0.00016149424585156267,16,20,False,0.995,0.005,0.66,fixed,100,none,eefd7eeb-488a-4f09-b43a-00ca3ec1ee27
1930,280100,31.702043294906616,0.99900075,0.999002,1.0,0.9960719999999998,0.0,0.0,0.0,0.0,0.0,0.0,0.0005,0.0,0.0,0.0,0.0005,0.0,0.0,0.0,0.002,0.9975,0.047091412742382266,1890,0.0007369922122274608,9.545415227320556e-07,0.00016150895814591028,16,20,False,0.995,0.005,0.66,fixed,100,none,eefd7eeb-488a-4f09-b43a-00ca3ec1ee27
1931,280400,31.71373677253723,0.99900075,0.999002,1.0,0.9960719999999998,0.0,0.0,0.0,0.0,0.0,0.0,0.0005,0.0,0.0,0.0,0.0005,0.0,0.0,0.0,0.002,0.9975,0.047091412742382266,1890,0.0007391202206303863,9.588144149529945e-07,0.00016197559103483261,16,20,False,0.995,0.005,0.66,fixed,100,none,eefd7eeb-488a-4f09-b43a-00ca3ec1ee27
1932,280500,31.7254319190979,0.99900075,0.999002,1.0,0.9960719999999998,0.0,0.0,0.0,0.0,0.0,0.0,0.0005,0.0,0.0,0.0,0.0005,0.0,0.0,0.0,0.002,0.9975,0.047091412742382266,1890,0.0007411552062499678,9.613992480567947e-07,0.00016242154050524876,16,20,False,0.995,0.005,0.66,fixed,100,none,eefd7eeb-488a-4f09-b43a-00ca3ec1ee27
1933,280700,31.737194538116455,0.99900075,0.999002,1.0,0.9960719999999998,0.0,0.0,0.0,0.0,0.0,0.0,0.0005,0.0,0.0,0.0,0.0005,0.0,0.0,0.0,0.002,0.9975,0.047091412742382266,1890,0.0007411539598308563,9.6145426351454e-07,0.00016242127811704222,16,20,False,0.995,0.005,0.66,fixed,100,none,eefd7eeb-488a-4f09-b43a-00ca3ec1ee27
1934,280800,31.74923801422119,0.99900075,0.999002,1.0,0.9960719999999998,0.0,0.0,0.0,0.0,0.0,0.0,0.0005,0.0,0.0,0.0,0.0005,0.0,0.0,0.0,0.002,0.9975,0.047091412742382266,1890,0.0007414229036033019,9.632886189742096e-07,0.0001624804984363679,16,20,False,0.995,0.005,0.66,fixed,100,none,eefd7eeb-488a-4f09-b43a-00ca3ec1ee27
1935,281100,31.76103973388672,0.99900075,0.999002,1.0,0.9960719999999998,0.0,0.0,0.0,0.0,0.0,0.0,0.0005,0.0,0.0,0.0,0.0005,0.0,0.0,0.0,0.002,0.9975,0.047091412742382266,1890,0.0007410761096669628,9.637826425229921e-07,0.00016240467910817754,16,20,False,0.995,0.005,0.66,fixed,100,none,eefd7eeb-488a-4f09-b43a-00ca3ec1ee27
1936,281200,31.772737741470337,0.99900075,0.999002,1.0,0.9960719999999998,0.0,0.0,0.0,0.0,0.0,0.0,0.0005,0.0,0.0,0.0,0.0005,0.0,0.0,0.0,0.002,0.9975,0.047091412742382266,1890,0.000740655599077695,9.633652339717477e-07,0.00016231255003256207,16,20,False,0.995,0.005,0.66,fixed,100,none,eefd7eeb-488a-4f09-b43a-00ca3ec1ee27
1937,281400,31.7845561504364,0.99900075,0.999002,1.0,0.9960719999999998,0.0,0.0,0.0,0.0,0.0,0.0,0.0005,0.0,0.0,0.0,0.0005,0.0,0.0,0.0,0.002,0.9975,0.047091412742382266,1890,0.0007414807911930468,9.653170652453125e-07,0.00016249355543455457,16,20,False,0.995,0.005,0.66,fixed,100,none,eefd7eeb-488a-4f09-b43a-00ca3ec1ee27
1938,281500,31.796283960342407,0.99900075,0.999002,1.0,0.9960719999999998,0.0,0.0,0.0,0.0,0.0,0.0,0.0005,0.0,0.0,0.0,0.0005,0.0,0.0,0.0,0.002,0.9975,0.047091412742382266,1890,0.0007421655178314291,9.663766537011653e-07,0.00016264364341750308,16,20,False,0.995,0.005,0.66,fixed,100,none,eefd7eeb-488a-4f09-b43a-00ca3ec1ee27
1939,281600,31.808003902435303,0.99900075,0.999002,1.0,0.9960719999999998,0.0,0.0,0.0,0.0,0.0,0.0,0.0005,0.0,0.0,0.0,0.0005,0.0,0.0,0.0,0.002,0.9975,0.047091412742382266,1890,0.0007421655178314291,9.663766537011653e-07,0.00016264364341750308,16,20,False,0.995,0.005,0.66,fixed,100,none,eefd7eeb-488a-4f09-b43a-00ca3ec1ee27
1940,281800,31.819778203964233,0.99900075,0.999002,1.0,0.9960719999999998,0.0,0.0,0.0,0.0,0.0,0.0,0.0005,0.0,0.0,0.0,0.0005,0.0,0.0,0.0,0.002,0.9975,0.047091412742382266,1890,0.000742848106881828,9.693513120926559e-07,0.00016279362734572975,16,20,False,0.995,0.005,0.66,fixed,100,none,eefd7eeb-488a-4f09-b43a-00ca3ec1ee27
1941,281900,31.831523180007935,0.99900075,0.999002,1.0,0.9960719999999998,0.0,0.0,0.0,0.0,0.0,0.0,0.0005,0.0,0.0,0.0,0.0005,0.0,0.0,0.0,0.002,0.9975,0.047091412742382266,1890,0.0007431847519041976,9.682751745181026e-07,0.00016286711447498732,16,20,False,0.995,0.005,0.66,fixed,100,none,eefd7eeb-488a-4f09-b43a-00ca3ec1ee27
1942,282200,31.843672275543213,0.99900075,0.999002,1.0,0.9960719999999998,0.0,0.0,0.0,0.0,0.0,0.0,0.0005,0.0,0.0,0.0,0.0005,0.0,0.0,0.0,0.002,0.9975,0.047091412742382266,1890,0.0007444424071433354,9.706697731094602e-07,0.00016314287018056694,16,20,False,0.995,0.005,0.66,fixed,100,none,eefd7eeb-488a-4f09-b43a-00ca3ec1ee27
1943,282300,31.855385303497314,0.99900075,0.999002,1.0,0.9960719999999998,0.0,0.0,0.0,0.0,0.0,0.0,0.0005,0.0,0.0,0.0,0.0005,0.0,0.0,0.0,0.002,0.9975,0.047091412742382266,1890,0.0007445805206418398,9.696565339543257e-07,0.00016317291070995005,16,20,False,0.995,0.005,0.66,fixed,100,none,eefd7eeb-488a-4f09-b43a-00ca3ec1ee27
1944,282500,31.86731266975403,0.99900075,0.999002,1.0,0.9960719999999998,0.0,0.0,0.0,0.0,0.0,0.0,0.0005,0.0,0.0,0.0,0.0005,0.0,0.0,0.0,0.002,0.9975,0.047091412742382266,1890,0.0007441475452210114,9.703510641289186e-07,0.0001630782643510639,16,20,False,0.995,0.005,0.66,fixed,100,none,eefd7eeb-488a-4f09-b43a-00ca3ec1ee27
1945,282600,31.87900424003601,0.99900075,0.999002,1.0,0.9960719999999998,0.0,0.0,0.0,0.0,0.0,0.0,0.0005,0.0,0.0,0.0,0.0005,0.0,0.0,0.0,0.002,0.9975,0.047091412742382266,1890,0.0007433259855127886,9.689033129149918e-07,0.0001628981498582033,16,20,False,0.995,0.005,0.66,fixed,100,none,eefd7eeb-488a-4f09-b43a-00ca3ec1ee27
1946,282900,31.890801191329956,0.99900075,0.999002,1.0,0.9960719999999998,0.0,0.0,0.0,0.0,0.0,0.0,0.0005,0.0,0.0,0.0,0.0005,0.0,0.0,0.0,0.002,0.9975,0.047091412742382266,1890,0.0007460747452900943,9.781313498229928e-07,0.00016350160670046803,16,20,False,0.995,0.005,0.66,fixed,100,none,eefd7eeb-488a-4f09-b43a-00ca3ec1ee27
1947,283000,31.9025239944458,0.99900075,0.999002,1.0,0.9960719999999998,0.0,0.0,0.0,0.0,0.0,0.0,0.0005,0.0,0.0,0.0,0.0005,0.0,0.0,0.0,0.002,0.9975,0.047091412742382266,1890,0.0007455404925132314,9.782793356032883e-07,0.000163384686884911,16,20,False,0.995,0.005,0.66,fixed,100,none,eefd7eeb-488a-4f09-b43a-00ca3ec1ee27
1948,283200,31.914313793182373,0.99900075,0.999002,1.0,0.9960719999999998,0.0,0.0,0.0,0.0,0.0,0.0,0.0005,0.0,0.0,0.0,0.0005,0.0,0.0,0.0,0.002,0.9975,0.047091412742382266,1890,0.00074554657974851,9.790713732392731e-07,0.0001633861698678643,16,20,False,0.995,0.005,0.66,fixed,100,none,eefd7eeb-488a-4f09-b43a-00ca3ec1ee27
1949,283300,31.92603039741516,0.99900075,0.999002,1.0,0.9960719999999998,0.0,0.0,0.0,0.0,0.0,0.0,0.0005,0.0,0.0,0.0,0.0005,0.0,0.0,0.0,0.002,0.9975,0.04669518407547691,1891,0.0007448186444935359,9.80198436290376e-07,0.0001632270389825302,16,20,False,0.995,0.005,0.66,fixed,100,none,eefd7eeb-488a-4f09-b43a-00ca3ec1ee27
1950,283600,31.937772035598755,0.99900075,0.999002,1.0,0.9960719999999998,0.0,0.0,0.0,0.0,0.0,0.0,0.0005,0.0,0.0,0.0,0.0005,0.0,0.0,0.0,0.002,0.9975,0.045899711685228106,1893,0.0007443566989995029,9.797699304585513e-07,0.0001631258376977783,16,20,False,0.995,0.005,0.66,fixed,100,none,eefd7eeb-488a-4f09-b43a-00ca3ec1ee27
1951,283700,31.94959592819214,0.99900075,0.999002,1.0,0.9960719999999998,0.0,0.0,0.0,0.0,0.0,0.0,0.0005,0.0,0.0,0.0,0.0005,0.0,0.0,0.0,0.002,0.9975,0.045899711685228106,1893,0.0007441899379362041,9.797828131351485e-07,0.00016308933614873075,16,20,False,0.995,0.005,0.66,fixed,100,none,eefd7eeb-488a-4f09-b43a-00ca3ec1ee27
1952,283800,31.961486339569092,0.99900075,0.999002,1.0,0.9960719999999998,0.0,0.0,0.0,0.0,0.0,0.0,0.0005,0.0,0.0,0.0,0.0005,0.0,0.0,0.0,0.002,0.9975,0.045899711685228106,1893,0.0007456755443645123,9.828101590612636e-07,0.0001634151105916134,16,20,False,0.995,0.005,0.66,fixed,100,none,eefd7eeb-488a-4f09-b43a-00ca3ec1ee27
1953,283900,31.973227739334106,0.99900075,0.999002,1.0,0.9960719999999998,0.0,0.0,0.0,0.0,0.0,0.0,0.0005,0.0,0.0,0.0,0.0005,0.0,0.0,0.0,0.002,0.9975,0.045899711685228106,1893,0.0007441562793650816,9.798655072799912e-07,0.00016308198399939957,16,20,False,0.995,0.005,0.66,fixed,100,none,eefd7eeb-488a-4f09-b43a-00ca3ec1ee27
1954,284000,31.9849534034729,0.99900075,0.999002,1.0,0.9960719999999998,0.0,0.0,0.0,0.0,0.0,0.0,0.0005,0.0,0.0,0.0,0.0005,0.0,0.0,0.0,0.002,0.9975,0.046297950389758855,1892,0.0007445821356382764,9.795517557835092e-07,0.00016317514432481758,16,20,False,0.995,0.005,0.66,fixed,100,none,eefd7eeb-488a-4f09-b43a-00ca3ec1ee27
1955,284100,31.996838569641113,0.99900075,0.999002,1.0,0.9960719999999998,0.0,0.0,0.0,0.0,0.0,0.0,0.0005,0.0,0.0,0.0,0.0005,0.0,0.0,0.0,0.002,0.9975,0.046297950389758855,1892,0.0007451971789713066,9.812409388052576e-07,0.00016331009825519202,16,20,False,0.995,0.005,0.66,fixed,100,none,eefd7eeb-488a-4f09-b43a-00ca3ec1ee27
1956,284300,32.008769035339355,0.99900075,0.999002,1.0,0.9960719999999998,0.0,0.0,0.0,0.0,0.0,0.0,0.0005,0.0,0.0,0.0,0.0005,0.0,0.0,0.0,0.002,0.9975,0.046297950389758855,1892,0.0007452586476541814,9.818807607512576e-07,0.00016332367531604307,16,20,False,0.995,0.005,0.66,fixed,100,none,eefd7eeb-488a-4f09-b43a-00ca3ec1ee27
1957,284400,32.02046203613281,0.99900075,0.999002,1.0,0.9960719999999998,0.0,0.0,0.0,0.0,0.0,0.0,0.0005,0.0,0.0,0.0,0.0005,0.0,0.0,0.0,0.002,0.9975,0.04669518407547691,1891,0.0007443033099936849,9.806188431710687e-07,0.00016311431213782013,16,20,False,0.995,0.005,0.66,fixed,100,none,eefd7eeb-488a-4f09-b43a-00ca3ec1ee27
1958,284700,32.032124280929565,0.99900075,0.999002,1.0,0.9960719999999998,0.0,0.0,0.0,0.0,0.0,0.0,0.0005,0.0,0.0,0.0,0.0005,0.0,0.0,0.0,0.002,0.9975,0.04669518407547691,1891,0.0007437644398160764,9.790631302387984e-07,0.00016299605787048452,16,20,False,0.995,0.005,0.66,fixed,100,none,eefd7eeb-488a-4f09-b43a-00ca3ec1ee27
1959,284800,32.04380750656128,0.99900075,0.999002,1.0,0.9960719999999998,0.0,0.0,0.0,0.0,0.0,0.0,0.0005,0.0,0.0,0.0,0.0005,0.0,0.0,0.0,0.002,0.9975,0.04669518407547691,1891,0.000746100104794436,9.81846772165759e-07,0.00016350786382621354,16,20,False,0.995,0.005,0.66,fixed,100,none,eefd7eeb-488a-4f09-b43a-00ca3ec1ee27
1960,285000,32.05561661720276,0.99900075,0.999002,1.0,0.9960719999999998,0.0,0.0,0.0,0.0,0.0,0.0,0.0005,0.0,0.0,0.0,0.0005,0.0,0.0,0.0,0.002,0.9975,0.045899711685228106,1893,0.0007464432392759576,9.844561499847939e-07,0.00016358347174600423,16,20,False,0.995,0.005,0.66,fixed,100,none,eefd7eeb-488a-4f09-b43a-00ca3ec1ee27
1961,285100,32.067410707473755,0.99900075,0.999002,1.0,0.9960719999999998,0.0,0.0,0.0,0.0,0.0,0.0,0.0005,0.0,0.0,0.0,0.0005,0.0,0.0,0.0,0.002,0.9975,0.045899711685228106,1893,0.0007464432392759576,9.844561499847939e-07,0.00016358347174600423,16,20,False,0.995,0.005,0.66,fixed,100,none,eefd7eeb-488a-4f09-b43a-00ca3ec1ee27
1962,285400,32.079155921936035,0.99900075,0.999002,1.0,0.9960719999999998,0.0,0.0,0.0,0.0,0.0,0.0,0.0005,0.0,0.0,0.0,0.0005,0.0,0.0,0.0,0.002,0.9975,0.045899711685228106,1893,0.0007462650740635442,9.865676576975305e-07,0.00016354487256747236,16,20,False,0.995,0.005,0.66,fixed,100,none,eefd7eeb-488a-4f09-b43a-00ca3ec1ee27
1963,285500,32.09086799621582,0.99900075,0.999002,1.0,0.9960719999999998,0.0,0.0,0.0,0.0,0.0,0.0,0.0005,0.0,0.0,0.0,0.0005,0.0,0.0,0.0,0.002,0.9975,0.045899711685228106,1893,0.0007465520520424745,9.875320081885863e-07,0.00016360787527365352,16,20,False,0.995,0.005,0.66,fixed,100,none,eefd7eeb-488a-4f09-b43a-00ca3ec1ee27
1964,285800,32.102707862854004,0.99900075,0.999002,1.0,0.9960719999999998,0.0,0.0,0.0,0.0,0.0,0.0,0.0005,0.0,0.0,0.0,0.0005,0.0,0.0,0.0,0.002,0.9975,0.045899711685228106,1893,0.0007460209155102228,9.91089526235793e-07,0.00016349228541517256,16,20,False,0.995,0.005,0.66,fixed,100,none,eefd7eeb-488a-4f09-b43a-00ca3ec1ee27
1965,285900,32.114461183547974,0.99900075,0.999002,1.0,0.9960719999999998,0.0,0.0,0.0,0.0,0.0,0.0,0.0005,0.0,0.0,0.0,0.0005,0.0,0.0,0.0,0.002,0.9975,0.045899711685228106,1893,0.0007470284041840572,9.925316251607627e-07,0.00016371309868467066,16,20,False,0.995,0.005,0.66,fixed,100,none,eefd7eeb-488a-4f09-b43a-00ca3ec1ee27
1966,286100,32.12622308731079,0.99900075,0.999002,1.0,0.9960719999999998,0.0,0.0,0.0,0.0,0.0,0.0,0.0005,0.0,0.0,0.0,0.0005,0.0,0.0,0.0,0.002,0.9975,0.045899711685228106,1893,0.000747719338390713,9.955658149914994e-07,0.00016386492067857545,16,20,False,0.995,0.005,0.66,fixed,100,none,eefd7eeb-488a-4f09-b43a-00ca3ec1ee27
1967,286200,32.13793396949768,0.99900075,0.999002,1.0,0.9960719999999998,0.0,0.0,0.0,0.0,0.0,0.0,0.0005,0.0,0.0,0.0,0.0005,0.0,0.0,0.0,0.002,0.9975,0.045899711685228106,1893,0.0007486950499990423,9.965445483918719e-07,0.00016407868990898482,16,20,False,0.995,0.005,0.66,fixed,100,none,eefd7eeb-488a-4f09-b43a-00ca3ec1ee27
1968,286500,32.149731397628784,0.99900075,0.999002,1.0,0.9960719999999998,0.0,0.0,0.0,0.0,0.0,0.0,0.0005,0.0,0.0,0.0,0.0005,0.0,0.0,0.0,0.002,0.9975,0.045899711685228106,1893,0.0007497568396924481,9.98091541377531e-07,0.00016431140960153863,16,20,False,0.995,0.005,0.66,fixed,100,none,eefd7eeb-488a-4f09-b43a-00ca3ec1ee27
1969,286600,32.16170597076416,0.99900075,0.999002,1.0,0.9960719999999998,0.0,0.0,0.0,0.0,0.0,0.0,0.0005,0.0,0.0,0.0,0.0005,0.0,0.0,0.0,0.002,0.9975,0.045899711685228106,1893,0.0007506933269629104,9.98125463393581e-07,0.00016451641311022587,16,20,False,0.995,0.005,0.66,fixed,100,none,eefd7eeb-488a-4f09-b43a-00ca3ec1ee27
1970,286800,32.173479080200195,0.99900075,0.999002,1.0,0.9960719999999998,0.0,0.0,0.0,0.0,0.0,0.0,0.0005,0.0,0.0,0.0,0.0005,0.0,0.0,0.0,0.002,0.9975,0.045899711685228106,1893,0.0007504729524064961,9.998822462460854e-07,0.00016446850690856875,16,20,False,0.995,0.005,0.66,fixed,100,none,eefd7eeb-488a-4f09-b43a-00ca3ec1ee27
1971,286900,32.18521809577942,0.99900075,0.999002,1.0,0.9960719999999998,0.0,0.0,0.0,0.0,0.0,0.0,0.0005,0.0,0.0,0.0,0.0005,0.0,0.0,0.0,0.002,0.9975,0.046297950389758855,1892,0.0007502938291263576,1.0017862666852766e-06,0.0001644296585864299,16,20,False,0.995,0.005,0.66,fixed,100,none,eefd7eeb-488a-4f09-b43a-00ca3ec1ee27
1972,287200,32.197410345077515,0.99900075,0.999002,1.0,0.9960719999999998,0.0,0.0,0.0,0.0,0.0,0.0,0.0005,0.0,0.0,0.0,0.0005,0.0,0.0,0.0,0.002,0.9975,0.046297950389758855,1892,0.0007476860374389363,9.954875166777058e-07,0.00016385761622355192,16,20,False,0.995,0.005,0.66,fixed,100,none,eefd7eeb-488a-4f09-b43a-00ca3ec1ee27
1973,287300,32.20923566818237,0.99900075,0.999002,1.0,0.9960719999999998,0.0,0.0,0.0,0.0,0.0,0.0,0.0005,0.0,0.0,0.0,0.0005,0.0,0.0,0.0,0.002,0.9975,0.046297950389758855,1892,0.0007481000789126003,9.948260652631136e-07,0.0001639481242263682,16,20,False,0.995,0.005,0.66,fixed,100,none,eefd7eeb-488a-4f09-b43a-00ca3ec1ee27
1974,287600,32.22102618217468,0.99900075,0.999002,1.0,0.9960719999999998,0.0,0.0,0.0,0.0,0.0,0.0,0.0005,0.0,0.0,0.0,0.0005,0.0,0.0,0.0,0.002,0.9975,0.04669518407547691,1891,0.0007488684845904455,9.978580136101596e-07,0.00016411690429943445,16,20,False,0.995,0.005,0.66,fixed,100,none,eefd7eeb-488a-4f09-b43a-00ca3ec1ee27
1975,287700,32.232743978500366,0.99900075,0.999002,1.0,0.9960719999999998,0.0,0.0,0.0,0.0,0.0,0.0,0.0005,0.0,0.0,0.0,0.0005,0.0,0.0,0.0,0.002,0.9975,0.04669518407547691,1891,0.00074881375113307,9.981796605647858e-07,0.00016410498425853634,16,20,False,0.995,0.005,0.66,fixed,100,none,eefd7eeb-488a-4f09-b43a-00ca3ec1ee27
1976,287900,32.24458169937134,0.99900075,0.999002,1.0,0.9960719999999998,0.0,0.0,0.0,0.0,0.0,0.0,0.0005,0.0,0.0,0.0,0.0005,0.0,0.0,0.0,0.002,0.9975,0.04629795038975885,1892,0.0007476965436231644,9.965840576151668e-07,0.0001638601243700576,16,20,False,0.995,0.005,0.66,fixed,100,none,eefd7eeb-488a-4f09-b43a-00ca3ec1ee27
1977,288000,32.25635075569153,0.99900075,0.999002,1.0,0.9960719999999998,0.0,0.0,0.0,0.0,0.0,0.0,0.0005,0.0,0.0,0.0,0.0005,0.0,0.0,0.0,0.002,0.9975,0.04629795038975885,1892,0.0007479961447688579,9.979117269304204e-07,0.00016392595931801978,16,20,False,0.995,0.005,0.66,fixed,100,none,eefd7eeb-488a-4f09-b43a-00ca3ec1ee27
1978,288300,32.26805591583252,0.99900075,0.999002,1.0,0.9960719999999998,0.0,0.0,0.0,0.0,0.0,0.0,0.0005,0.0,0.0,0.0,0.0005,0.0,0.0,0.0,0.002,0.9975,0.04629795038975885,1892,0.0007446683433418755,9.921906709761788e-07,0.000163196416585022,16,20,False,0.995,0.005,0.66,fixed,100,none,eefd7eeb-488a-4f09-b43a-00ca3ec1ee27
1979,288400,32.27982783317566,0.99900075,0.999002,1.0,0.9960719999999998,0.0,0.0,0.0,0.0,0.0,0.0,0.0005,0.0,0.0,0.0,0.0005,0.0,0.0,0.0,0.002,0.9975,0.04629795038975885,1892,0.000745044497600805,9.927907262328236e-07,0.00016327887076280045,16,20,False,0.995,0.005,0.66,fixed,100,none,eefd7eeb-488a-4f09-b43a-00ca3ec1ee27
1980,288500,32.291643381118774,0.99900075,0.999002,1.0,0.9960719999999998,0.0,0.0,0.0,0.0,0.0,0.0,0.0005,0.0,0.0,0.0,0.0005,0.0,0.0,0.0,0.002,0.9975,0.04629795038975885,1892,0.0007444878431286589,9.917386129265645e-07,0.00016315681919731946,16,20,False,0.995,0.005,0.66,fixed,100,none,eefd7eeb-488a-4f09-b43a-00ca3ec1ee27
1981,288600,32.303412199020386,0.99900075,0.999002,1.0,0.9960719999999998,0.0,0.0,0.0,0.0,0.0,0.0,0.0005,0.0,0.0,0.0,0.0005,0.0,0.0,0.0,0.002,0.9975,0.04629795038975885,1892,0.0007441964305096938,9.916928248755576e-07,0.00016309302027529832,16,20,False,0.995,0.005,0.66,fixed,100,none,eefd7eeb-488a-4f09-b43a-00ca3ec1ee27
1982,288700,32.315155029296875,0.99900075,0.999002,1.0,0.9960719999999998,0.0,0.0,0.0,0.0,0.0,0.0,0.0005,0.0,0.0,0.0,0.0005,0.0,0.0,0.0,0.002,0.9975,0.04629795038975885,1892,0.0007434767633228527,9.921224027386332e-07,0.0001629355667478928,16,20,False,0.995,0.005,0.66,fixed,100,none,eefd7eeb-488a-4f09-b43a-00ca3ec1ee27
1983,289000,32.326876401901245,0.99900075,0.999002,1.0,0.9960719999999998,0.0,0.0,0.0,0.0,0.0,0.0,0.0005,0.0,0.0,0.0,0.0005,0.0,0.0,0.0,0.002,0.9975,0.04589971168522809,1893,0.0007464096681601036,9.966683492637485e-07,0.0001635784433466068,16,20,False,0.995,0.005,0.66,fixed,100,none,eefd7eeb-488a-4f09-b43a-00ca3ec1ee27
1984,289100,32.33862662315369,0.99900075,0.999002,1.0,0.9960719999999998,0.0,0.0,0.0,0.0,0.0,0.0,0.0005,0.0,0.0,0.0,0.0005,0.0,0.0,0.0,0.002,0.9975,0.045500467961884665,1894,0.000746817534455172,9.965377512463084e-07,0.00016366770046497396,16,20,False,0.995,0.005,0.66,fixed,100,none,eefd7eeb-488a-4f09-b43a-00ca3ec1ee27
1985,289400,32.35037684440613,0.99900075,0.999002,1.0,0.9960719999999998,0.0,0.0,0.0,0.0,0.0,0.0,0.0005,0.0,0.0,0.0,0.0005,0.0,0.0,0.0,0.002,0.9975,0.045500467961884665,1894,0.0007474401917632957,9.967308670830643e-07,0.00016380403684173122,16,20,False,0.995,0.005,0.66,fixed,100,none,eefd7eeb-488a-4f09-b43a-00ca3ec1ee27
1986,289500,32.36218786239624,0.99900075,0.999002,1.0,0.9960719999999998,0.0,0.0,0.0,0.0,0.0,0.0,0.0005,0.0,0.0,0.0,0.0005,0.0,0.0,0.0,0.002,0.9975,0.045500467961884665,1894,0.0007478630272735314,9.973965017600466e-07,0.00016389672200551044,16,20,False,0.995,0.005,0.66,fixed,100,none,eefd7eeb-488a-4f09-b43a-00ca3ec1ee27
1987,289700,32.373884201049805,0.99900075,0.999002,1.0,0.9960719999999998,0.0,0.0,0.0,0.0,0.0,0.0,0.0005,0.0,0.0,0.0,0.0005,0.0,0.0,0.0,0.002,0.9975,0.045500467961884665,1894,0.0007478805221330574,9.97037147537858e-07,0.0001639004833529585,16,20,False,0.995,0.005,0.66,fixed,100,none,eefd7eeb-488a-4f09-b43a-00ca3ec1ee27
1988,289800,32.385952949523926,0.99900075,0.999002,1.0,0.9960719999999998,0.0,0.0,0.0,0.0,0.0,0.0,0.0005,0.0,0.0,0.0,0.0005,0.0,0.0,0.0,0.002,0.9975,0.045500467961884665,1894,0.0007486733086525383,9.970473552990698e-07,0.00016407402626154746,16,20,False,0.995,0.005,0.66,fixed,100,none,eefd7eeb-488a-4f09-b43a-00ca3ec1ee27
1989,290100,32.39794564247131,0.99900075,0.999002,1.0,0.9960719999999998,0.0,0.0,0.0,0.0,0.0,0.0,0.0005,0.0,0.0,0.0,0.0005,0.0,0.0,0.0,0.002,0.9975,0.045500467961884665,1894,0.0007503565805300725,1.0026296825181125e-06,0.0001644435551177113,16,20,False,0.995,0.005,0.66,fixed,100,none,eefd7eeb-488a-4f09-b43a-00ca3ec1ee27
1990,290200,32.410141468048096,0.99900075,0.999002,1.0,0.9960719999999998,0.0,0.0,0.0,0.0,0.0,0.0,0.0005,0.0,0.0,0.0,0.0005,0.0,0.0,0.0,0.002,0.9975,0.045500467961884665,1894,0.0007493446195790395,1.0001649758177759e-06,0.00016422156857125712,16,20,False,0.995,0.005,0.66,fixed,100,none,eefd7eeb-488a-4f09-b43a-00ca3ec1ee27
1991,290500,32.42233991622925,0.99900075,0.999002,1.0,0.9960719999999998,0.0,0.0,0.0,0.0,0.0,0.0,0.0005,0.0,0.0,0.0,0.0005,0.0,0.0,0.0,0.002,0.9975,0.045899711685228106,1893,0.0007480602317148683,9.9729010130229e-07,0.00016393986984163212,16,20,False,0.995,0.005,0.66,fixed,100,none,eefd7eeb-488a-4f09-b43a-00ca3ec1ee27
1992,290600,32.434985637664795,0.99900075,0.999002,1.0,0.9960719999999998,0.0,0.0,0.0,0.0,0.0,0.0,0.0005,0.0,0.0,0.0,0.0005,0.0,0.0,0.0,0.002,0.9975,0.045899711685228106,1893,0.0007473245730065011,9.95078393754354e-07,0.00016377841392593644,16,20,False,0.995,0.005,0.66,fixed,100,none,eefd7eeb-488a-4f09-b43a-00ca3ec1ee27
1993,290800,32.447227478027344,0.99900075,0.999002,1.0,0.9960719999999998,0.0,0.0,0.0,0.0,0.0,0.0,0.0005,0.0,0.0,0.0,0.0005,0.0,0.0,0.0,0.002,0.9975,0.045899711685228106,1893,0.0007482500232893737,9.948131308317228e-07,0.00016398094459290193,16,20,False,0.995,0.005,0.66,fixed,100,none,eefd7eeb-488a-4f09-b43a-00ca3ec1ee27
1994,290900,32.459869623184204,0.99900075,0.999002,1.0,0.9960719999999998,0.0,0.0,0.0,0.0,0.0,0.0,0.0005,0.0,0.0,0.0,0.0005,0.0,0.0,0.0,0.002,0.9975,0.045899711685228106,1893,0.0007480737310443297,9.949062045118015e-07,0.00016394237190446101,16,20,False,0.995,0.005,0.66,fixed,100,none,eefd7eeb-488a-4f09-b43a-00ca3ec1ee27
1995,291000,32.47203016281128,0.99900075,0.999002,1.0,0.9960719999999998,0.0,0.0,0.0,0.0,0.0,0.0,0.0005,0.0,0.0,0.0,0.0005,0.0,0.0,0.0,0.002,0.9975,0.045899711685228106,1893,0.0007480737310443297,9.949062045118015e-07,0.00016394237190446101,16,20,False,0.995,0.005,0.66,fixed,100,none,eefd7eeb-488a-4f09-b43a-00ca3ec1ee27
1996,291200,32.483983278274536,0.99900075,0.999002,1.0,0.9960719999999998,0.0,0.0,0.0,0.0,0.0,0.0,0.0005,0.0,0.0,0.0,0.0005,0.0,0.0,0.0,0.002,0.9975,0.045500467961884665,1894,0.0007462072101112715,9.93619610187821e-07,0.000163533546019293,16,20,False,0.995,0.005,0.66,fixed,100,none,eefd7eeb-488a-4f09-b43a-00ca3ec1ee27
1997,291300,32.49606108665466,0.99900075,0.999002,1.0,0.9960719999999998,0.0,0.0,0.0,0.0,0.0,0.0,0.0005,0.0,0.0,0.0,0.0005,0.0,0.0,0.0,0.002,0.9975,0.045500467961884665,1894,0.0007454466764672381,9.920269341216478e-07,0.00016336676259616153,16,20,False,0.995,0.005,0.66,fixed,100,none,eefd7eeb-488a-4f09-b43a-00ca3ec1ee27
1998,291500,32.50837206840515,0.99900075,0.999002,1.0,0.9960719999999998,0.0,0.0,0.0,0.0,0.0,0.0,0.0005,0.0,0.0,0.0,0.0005,0.0,0.0,0.0,0.002,0.9975,0.045500467961884665,1894,0.0007452416431963009,9.954398725102423e-07,0.00016332252927144723,16,20,False,0.995,0.005,0.66,fixed,100,none,eefd7eeb-488a-4f09-b43a-00ca3ec1ee27
1999,291600,32.521307945251465,0.99900075,0.999002,1.0,0.9960719999999998,0.0,0.0,0.0,0.0,0.0,0.0,0.0005,0.0,0.0,0.0,0.0005,0.0,0.0,0.0,0.002,0.9975,0.045500467961884665,1894,0.0007446101746370624,9.955569268886482e-07,0.00016318432304416182,16,20,False,0.995,0.005,0.66,fixed,100,none,eefd7eeb-488a-4f09-b43a-00ca3ec1ee27
2000,291900,32.53449988365173,0.99900075,0.999002,1.0,0.9960719999999998,0.0,0.0,0.0,0.0,0.0,0.0,0.0005,0.0,0.0,0.0,0.0005,0.0,0.0,0.0,0.002,0.9975,0.0458997116852281,1893,0.0007437029124781595,9.94804584108158e-07,0.0001629855804124497,16,20,False,0.995,0.005,0.66,fixed,100,none,eefd7eeb-488a-4f09-b43a-00ca3ec1ee27
2001,292000,32.54843354225159,0.99900075,0.999002,1.0,0.9960719999999998,0.0,0.0,0.0,0.0,0.0,0.0,0.0005,0.0,0.0,0.0,0.0005,0.0,0.0,0.0,0.002,0.9975,0.0458997116852281,1893,0.000744409809736599,9.96042579091266e-07,0.00016314055544136886,16,20,False,0.995,0.005,0.66,fixed,100,none,eefd7eeb-488a-4f09-b43a-00ca3ec1ee27
2002,292300,32.56284785270691,0.99900075,0.999002,1.0,0.9960719999999998,0.0,0.0,0.0,0.0,0.0,0.0,0.0005,0.0,0.0,0.0,0.0005,0.0,0.0,0.0,0.002,0.9975,0.0458997116852281,1893,0.0007446932366744144,9.968405293897523e-07,0.00016320274920861335,16,20,False,0.995,0.005,0.66,fixed,100,none,eefd7eeb-488a-4f09-b43a-00ca3ec1ee27
2003,292400,32.57655620574951,0.99900075,0.999002,1.0,0.9960719999999998,0.0,0.0,0.0,0.0,0.0,0.0,0.0005,0.0,0.0,0.0,0.0005,0.0,0.0,0.0,0.002,0.9975,0.0458997116852281,1893,0.0007441532767768018,9.966086530385854e-07,0.00016308450793051926,16,20,False,0.995,0.005,0.66,fixed,100,none,eefd7eeb-488a-4f09-b43a-00ca3ec1ee27
2004,292600,32.590073585510254,0.99900075,0.999002,1.0,0.9960719999999998,0.0,0.0,0.0,0.0,0.0,0.0,0.0005,0.0,0.0,0.0,0.0005,0.0,0.0,0.0,0.002,0.9975,0.045500467961884665,1894,0.0007434374145382083,9.966663518019165e-07,0.0001629278166492562,16,20,False,0.995,0.005,0.66,fixed,100,none,eefd7eeb-488a-4f09-b43a-00ca3ec1ee27
2005,292700,32.604207277297974,0.99900075,0.999002,1.0,0.9960719999999998,0.0,0.0,0.0,0.0,0.0,0.0,0.0005,0.0,0.0,0.0,0.0005,0.0,0.0,0.0,0.002,0.9975,0.045500467961884665,1894,0.0007439817111368467,9.992626495616627e-07,0.00016304745647127247,16,20,False,0.995,0.005,0.66,fixed,100,none,eefd7eeb-488a-4f09-b43a-00ca3ec1ee27
2006,293000,32.618542432785034,0.99900075,0.999002,1.0,0.9960719999999998,0.0,0.0,0.0,0.0,0.0,0.0,0.0005,0.0,0.0,0.0,0.0005,0.0,0.0,0.0,0.002,0.9975,0.0458997116852281,1893,0.0007453671119491849,1.0033716566635132e-06,0.00016335150142044266,16,20,False,0.995,0.005,0.66,fixed,100,none,eefd7eeb-488a-4f09-b43a-00ca3ec1ee27
2007,293100,32.632755756378174,0.99900075,0.999002,1.0,0.9960719999999998,0.0,0.0,0.0,0.0,0.0,0.0,0.0005,0.0,0.0,0.0,0.0005,0.0,0.0,0.0,0.002,0.9975,0.045500467961884665,1894,0.0007453258409138527,1.0037785165329068e-06,0.00016334254449418362,16,20,False,0.995,0.005,0.66,fixed,100,none,eefd7eeb-488a-4f09-b43a-00ca3ec1ee27
2008,293300,32.64678478240967,0.99900075,0.999002,1.0,0.9960719999999998,0.0,0.0,0.0,0.0,0.0,0.0,0.0005,0.0,0.0,0.0,0.0005,0.0,0.0,0.0,0.002,0.9975,0.045500467961884665,1894,0.0007464781226373078,1.0043351566647723e-06,0.000163594884725073,16,20,False,0.995,0.005,0.66,fixed,100,none,eefd7eeb-488a-4f09-b43a-00ca3ec1ee27
2009,293400,32.66054630279541,0.99900075,0.999002,1.0,0.9960719999999998,0.0,0.0,0.0,0.0,0.0,0.0,0.0005,0.0,0.0,0.0,0.0005,0.0,0.0,0.0,0.002,0.9975,0.045500467961884665,1894,0.0007469672194949413,1.0072818081106318e-06,0.0001637025078909837,16,20,False,0.995,0.005,0.66,fixed,100,none,eefd7eeb-488a-4f09-b43a-00ca3ec1ee27
2010,293700,32.674017906188965,0.99900075,0.999002,1.0,0.9960719999999998,0.0,0.0,0.0,0.0,0.0,0.0,0.0005,0.0,0.0,0.0,0.0005,0.0,0.0,0.0,0.002,0.9975,0.045500467961884665,1894,0.0007475904036205536,1.0100263691297795e-06,0.00016383944436267384,16,20,False,0.995,0.005,0.66,fixed,100,none,eefd7eeb-488a-4f09-b43a-00ca3ec1ee27
2011,293800,32.68763566017151,0.99900075,0.999002,1.0,0.9960719999999998,0.0,0.0,0.0,0.0,0.0,0.0,0.0005,0.0,0.0,0.0,0.0005,0.0,0.0,0.0,0.002,0.9975,0.045500467961884665,1894,0.00074729264756355,1.0079840761445713e-06,0.00016377387752612856,16,20,False,0.995,0.005,0.66,fixed,100,none,eefd7eeb-488a-4f09-b43a-00ca3ec1ee27
2012,294100,32.701154947280884,0.99900075,0.999002,1.0,0.9960719999999998,0.0,0.0,0.0,0.0,0.0,0.0,0.0005,0.0,0.0,0.0,0.0005,0.0,0.0,0.0,0.002,0.9975,0.0458997116852281,1893,0.0007476523124398314,1.0075141066134624e-06,0.00016385251887333566,16,20,False,0.995,0.005,0.66,fixed,100,none,eefd7eeb-488a-4f09-b43a-00ca3ec1ee27
2013,294200,32.71476936340332,0.99900075,0.999002,1.0,0.9960719999999998,0.0,0.0,0.0,0.0,0.0,0.0,0.0005,0.0,0.0,0.0,0.0005,0.0,0.0,0.0,0.002,0.9975,0.045500467961884665,1894,0.0007474471745451842,1.0078771299023424e-06,0.00016380768316262228,16,20,False,0.995,0.005,0.66,fixed,100,none,eefd7eeb-488a-4f09-b43a-00ca3ec1ee27
2014,294400,32.727980613708496,0.99900075,0.999002,1.0,0.9960719999999998,0.0,0.0,0.0,0.0,0.0,0.0,0.0005,0.0,0.0,0.0,0.0005,0.0,0.0,0.0,0.002,0.9975,0.045500467961884665,1894,0.0007495926798044144,1.0140629382480316e-06,0.00016427850956745343,16,20,False,0.995,0.005,0.66,fixed,100,none,eefd7eeb-488a-4f09-b43a-00ca3ec1ee27
2015,294500,32.741129875183105,0.99900075,0.999002,1.0,0.9960719999999998,0.0,0.0,0.0,0.0,0.0,0.0,0.0005,0.0,0.0,0.0,0.0005,0.0,0.0,0.0,0.002,0.9975,0.045500467961884665,1894,0.0007491016757853034,1.0117836952084989e-06,0.00016417059573149253,16,20,False,0.995,0.005,0.66,fixed,100,none,eefd7eeb-488a-4f09-b43a-00ca3ec1ee27
2016,294800,32.75409460067749,0.99900075,0.999002,1.0,0.9960719999999998,0.0,0.0,0.0,0.0,0.0,0.0,0.0005,0.0,0.0,0.0,0.0005,0.0,0.0,0.0,0.002,0.9975,0.045500467961884665,1894,0.0007502454417418574,1.0103846107916787e-06,0.000164420700273343,16,20,False,0.995,0.005,0.66,fixed,100,none,eefd7eeb-488a-4f09-b43a-00ca3ec1ee27
2017,294900,32.766897678375244,0.99900075,0.999002,1.0,0.9960719999999998,0.0,0.0,0.0,0.0,0.0,0.0,0.0005,0.0,0.0,0.0,0.0005,0.0,0.0,0.0,0.002,0.9975,0.045500467961884665,1894,0.000750712918868109,1.0142749504101884e-06,0.000164523770180807,16,20,False,0.995,0.005,0.66,fixed,100,none,eefd7eeb-488a-4f09-b43a-00ca3ec1ee27
2018,295100,32.77963995933533,0.99900075,0.999002,1.0,0.9960719999999998,0.0,0.0,0.0,0.0,0.0,0.0,0.0005,0.0,0.0,0.0,0.0005,0.0,0.0,0.0,0.002,0.9975,0.045500467961884665,1894,0.0007511427844011234,1.0177904368189376e-06,0.00016461853568840152,16,20,False,0.995,0.005,0.66,fixed,100,none,eefd7eeb-488a-4f09-b43a-00ca3ec1ee27
2019,295200,32.79244899749756,0.99900075,0.999002,1.0,0.9960719999999998,0.0,0.0,0.0,0.0,0.0,0.0,0.0005,0.0,0.0,0.0,0.0005,0.0,0.0,0.0,0.002,0.9975,0.045500467961884665,1894,0.0007521206310902876,1.0184166709253278e-06,0.00016483270531313977,16,20,False,0.995,0.005,0.66,fixed,100,none,eefd7eeb-488a-4f09-b43a-00ca3ec1ee27
2020,295500,32.80463004112244,0.99900075,0.999002,1.0,0.9960719999999998,0.0,0.0,0.0,0.0,0.0,0.0,0.0005,0.0,0.0,0.0,0.0005,0.0,0.0,0.0,0.002,0.9975,0.045500467961884665,1894,0.0007529953836897865,1.0220776016639695e-06,0.00016502488423401045,16,20,False,0.995,0.005,0.66,fixed,100,none,eefd7eeb-488a-4f09-b43a-00ca3ec1ee27
2021,295600,32.81656742095947,0.99900075,0.999002,1.0,0.9960719999999998,0.0,0.0,0.0,0.0,0.0,0.0,0.0005,0.0,0.0,0.0,0.0005,0.0,0.0,0.0,0.002,0.9975,0.045500467961884665,1894,0.0007538115059524396,1.0223687968479887e-06,0.00016520358872439014,16,20,False,0.995,0.005,0.66,fixed,100,none,eefd7eeb-488a-4f09-b43a-00ca3ec1ee27
2022,295700,32.82853937149048,0.99900075,0.999002,1.0,0.9960719999999998,0.0,0.0,0.0,0.0,0.0,0.0,0.0005,0.0,0.0,0.0,0.0005,0.0,0.0,0.0,0.002,0.9975,0.045500467961884665,1894,0.0007539728653775029,1.0207397263657746e-06,0.0001652386007791449,16,20,False,0.995,0.005,0.66,fixed,100,none,eefd7eeb-488a-4f09-b43a-00ca3ec1ee27
2023,295800,32.84065866470337,0.99900075,0.999002,1.0,0.9960719999999998,0.0,0.0,0.0,0.0,0.0,0.0,0.0005,0.0,0.0,0.0,0.0005,0.0,0.0,0.0,0.002,0.9975,0.045500467961884665,1894,0.0007537594536148572,1.0205121657722626e-06,0.00016519184170778897,16,20,False,0.995,0.005,0.66,fixed,100,none,eefd7eeb-488a-4f09-b43a-00ca3ec1ee27
2024,295900,32.852585315704346,0.99900075,0.999002,1.0,0.9960719999999998,0.0,0.0,0.0,0.0,0.0,0.0,0.0005,0.0,0.0,0.0,0.0005,0.0,0.0,0.0,0.002,0.9975,0.045500467961884665,1894,0.0007535781212999446,1.0206372290476025e-06,0.00016515217182607692,16,20,False,0.995,0.005,0.66,fixed,100,none,eefd7eeb-488a-4f09-b43a-00ca3ec1ee27
2025,296000,32.86439108848572,0.99900075,0.999002,1.0,0.9960719999999998,0.0,0.0,0.0,0.0,0.0,0.0,0.0005,0.0,0.0,0.0,0.0005,0.0,0.0,0.0,0.002,0.9975,0.045500467961884665,1894,0.0007542284864451214,1.022594146112907e-06,0.00016529490857059852,16,20,False,0.995,0.005,0.66,fixed,100,none,eefd7eeb-488a-4f09-b43a-00ca3ec1ee27
2026,296200,32.87675476074219,0.99900075,0.999002,1.0,0.9960719999999998,0.0,0.0,0.0,0.0,0.0,0.0,0.0005,0.0,0.0,0.0,0.0005,0.0,0.0,0.0,0.002,0.9975,0.045500467961884665,1894,0.0007547376485654053,1.0233903012671045e-06,0.00016540651542820798,16,20,False,0.995,0.005,0.66,fixed,100,none,eefd7eeb-488a-4f09-b43a-00ca3ec1ee27
2027,296300,32.888840675354004,0.99900075,0.999002,1.0,0.9960719999999998,0.0,0.0,0.0,0.0,0.0,0.0,0.0005,0.0,0.0,0.0,0.0005,0.0,0.0,0.0,0.002,0.9975,0.045500467961884665,1894,0.0007548713521980991,1.023684439305015e-06,0.00016543583903963184,16,20,False,0.995,0.005,0.66,fixed,100,none,eefd7eeb-488a-4f09-b43a-00ca3ec1ee27
2028,296600,32.90090227127075,0.99900075,0.999002,1.0,0.9960719999999998,0.0,0.0,0.0,0.0,0.0,0.0,0.0005,0.0,0.0,0.0,0.0005,0.0,0.0,0.0,0.002,0.9975,0.045500467961884665,1894,0.0007535819869176167,1.023091451989212e-06,0.00016515348431214423,16,20,False,0.995,0.005,0.66,fixed,100,none,eefd7eeb-488a-4f09-b43a-00ca3ec1ee27
2029,296700,32.91278553009033,0.99900075,0.999002,1.0,0.9960719999999998,0.0,0.0,0.0,0.0,0.0,0.0,0.0005,0.0,0.0,0.0,0.0005,0.0,0.0,0.0,0.002,0.9975,0.045500467961884665,1894,0.0007541313410694204,1.0248365847194955e-06,0.00016527406951119284,16,20,False,0.995,0.005,0.66,fixed,100,none,eefd7eeb-488a-4f09-b43a-00ca3ec1ee27
2030,296900,32.924646615982056,0.99900075,0.999002,1.0,0.9960719999999998,0.0,0.0,0.0,0.0,0.0,0.0,0.0005,0.0,0.0,0.0,0.0005,0.0,0.0,0.0,0.002,0.9975,0.045500467961884665,1894,0.0007541180985112444,1.0249602685739337e-06,0.00016527119421514048,16,20,False,0.995,0.005,0.66,fixed,100,none,eefd7eeb-488a-4f09-b43a-00ca3ec1ee27
2031,297000,32.9366500377655,0.99900075,0.999002,1.0,0.9960719999999998,0.0,0.0,0.0,0.0,0.0,0.0,0.0005,0.0,0.0,0.0,0.0005,0.0,0.0,0.0,0.002,0.9975,0.045500467961884665,1894,0.0007541032395261196,1.0236332375063493e-06,0.00016526768944739382,16,20,False,0.995,0.005,0.66,fixed,100,none,eefd7eeb-488a-4f09-b43a-00ca3ec1ee27
2032,297300,32.94869327545166,0.99900075,0.999002,1.0,0.9960719999999998,0.0,0.0,0.0,0.0,0.0,0.0,0.0005,0.0,0.0,0.0,0.0005,0.0,0.0,0.0,0.002,0.9975,0.045500467961884665,1894,0.0007527435347991586,1.0222506969591427e-06,0.00016496978739995806,16,20,False,0.995,0.005,0.66,fixed,100,none,eefd7eeb-488a-4f09-b43a-00ca3ec1ee27
2033,297400,32.960708141326904,0.99900075,0.999002,1.0,0.9960719999999998,0.0,0.0,0.0,0.0,0.0,0.0,0.0005,0.0,0.0,0.0,0.0005,0.0,0.0,0.0,0.002,0.9975,0.045500467961884665,1894,0.0007528278919508853,1.0230495873110629e-06,0.0001649884049696379,16,20,False,0.995,0.005,0.66,fixed,100,none,eefd7eeb-488a-4f09-b43a-00ca3ec1ee27
2034,297700,32.972705125808716,0.99900075,0.999002,1.0,0.9960719999999998,0.0,0.0,0.0,0.0,0.0,0.0,0.0005,0.0,0.0,0.0,0.0005,0.0,0.0,0.0,0.002,0.9975,0.045500467961884665,1894,0.0007516421054370155,1.020516134897623e-06,0.00016472835494579324,16,20,False,0.995,0.005,0.66,fixed,100,none,eefd7eeb-488a-4f09-b43a-00ca3ec1ee27
2035,297800,32.984612464904785,0.99900075,0.999002,1.0,0.9960719999999998,0.0,0.0,0.0,0.0,0.0,0.0,0.0005,0.0,0.0,0.0,0.0005,0.0,0.0,0.0,0.002,0.9975,0.045500467961884665,1894,0.0007520779372503175,1.022113407147591e-06,0.00016482406201145252,16,20,False,0.995,0.005,0.66,fixed,100,none,eefd7eeb-488a-4f09-b43a-00ca3ec1ee27
2036,298000,32.99628710746765,0.99900075,0.999002,1.0,0.9960719999999998,0.0,0.0,0.0,0.0,0.0,0.0,0.0005,0.0,0.0,0.0,0.0005,0.0,0.0,0.0,0.002,0.9975,0.045500467961884665,1894,0.0007525891568737973,1.0234965459407392e-06,0.00016493623078340296,16,20,False,0.995,0.005,0.66,fixed,100,none,eefd7eeb-488a-4f09-b43a-00ca3ec1ee27
2037,298100,33.008076429367065,0.99900075,0.999002,1.0,0.9960719999999998,0.0,0.0,0.0,0.0,0.0,0.0,0.0005,0.0,0.0,0.0,0.0005,0.0,0.0,0.0,0.002,0.9975,0.045500467961884665,1894,0.0007521740514046274,1.0230555702381187e-06,0.00016484528041081818,16,20,False,0.995,0.005,0.66,fixed,100,none,eefd7eeb-488a-4f09-b43a-00ca3ec1ee27
2038,298200,33.01975965499878,0.99900075,0.999002,1.0,0.9960719999999998,0.0,0.0,0.0,0.0,0.0,0.0,0.0005,0.0,0.0,0.0,0.0005,0.0,0.0,0.0,0.002,0.9975,0.045500467961884665,1894,0.0007515228977144817,1.0222109979500952e-06,0.00016470258239931055,16,20,False,0.995,0.005,0.66,fixed,100,none,eefd7eeb-488a-4f09-b43a-00ca3ec1ee27
2039,298400,33.03176975250244,0.99900075,0.999002,1.0,0.9960719999999998,0.0,0.0,0.0,0.0,0.0,0.0,0.0005,0.0,0.0,0.0,0.0005,0.0,0.0,0.0,0.002,0.9975,0.045500467961884665,1894,0.0007539021230904695,1.0268052787584203e-06,0.0001652242677474679,16,20,False,0.995,0.005,0.66,fixed,100,none,eefd7eeb-488a-4f09-b43a-00ca3ec1ee27
2040,298500,33.043508768081665,0.99900075,0.999002,1.0,0.9960719999999998,0.0,0.0,0.0,0.0,0.0,0.0,0.0005,0.0,0.0,0.0,0.0005,0.0,0.0,0.0,0.002,0.9975,0.045500467961884665,1894,0.0007529917002247872,1.0262557323636185e-06,0.000165024871768355,16,20,False,0.995,0.005,0.66,fixed,100,none,eefd7eeb-488a-4f09-b43a-00ca3ec1ee27
2041,298700,33.05522894859314,0.99900075,0.999002,1.0,0.9960719999999998,0.0,0.0,0.0,0.0,0.0,0.0,0.0005,0.0,0.0,0.0,0.0005,0.0,0.0,0.0,0.002,0.9975,0.045500467961884665,1894,0.0007530324913470967,1.0281067032389542e-06,0.00016503415262949486,16,20,False,0.995,0.005,0.66,fixed,100,none,eefd7eeb-488a-4f09-b43a-00ca3ec1ee27
2042,298800,33.06709909439087,0.99900075,0.999002,1.0,0.9960719999999998,0.0,0.0,0.0,0.0,0.0,0.0,0.0005,0.0,0.0,0.0,0.0005,0.0,0.0,0.0,0.002,0.9975,0.045500467961884665,1894,0.0007551397430653478,1.032667313136973e-06,0.00016549629654650068,16,20,False,0.995,0.005,0.66,fixed,100,none,eefd7eeb-488a-4f09-b43a-00ca3ec1ee27
2043,299100,33.078797578811646,0.99900075,0.999002,1.0,0.9960719999999998,0.0,0.0,0.0,0.0,0.0,0.0,0.0005,0.0,0.0,0.0,0.0005,0.0,0.0,0.0,0.002,0.9975,0.045500467961884665,1894,0.0007558070507653794,1.038462995976696e-06,0.00016564347138177713,16,20,False,0.995,0.005,0.66,fixed,100,none,eefd7eeb-488a-4f09-b43a-00ca3ec1ee27
2044,299200,33.09044647216797,0.99900075,0.999002,1.0,0.9960719999999998,0.0,0.0,0.0,0.0,0.0,0.0,0.0005,0.0,0.0,0.0,0.0005,0.0,0.0,0.0,0.002,0.9975,0.045500467961884665,1894,0.0007566505095239995,1.0404395447229876e-06,0.00016582848004830086,16,20,False,0.995,0.005,0.66,fixed,100,none,eefd7eeb-488a-4f09-b43a-00ca3ec1ee27
2045,299500,33.10215902328491,0.99900075,0.999002,1.0,0.9960719999999998,0.0,0.0,0.0,0.0,0.0,0.0,0.0005,0.0,0.0,0.0,0.0005,0.0,0.0,0.0,0.002,0.9975,0.045500467961884665,1894,0.0007569817475702649,1.0402107283725354e-06,0.00016590094458152177,16,20,False,0.995,0.005,0.66,fixed,100,none,eefd7eeb-488a-4f09-b43a-00ca3ec1ee27
2046,299600,33.113919496536255,0.99900075,0.999002,1.0,0.9960719999999998,0.0,0.0,0.0,0.0,0.0,0.0,0.0005,0.0,0.0,0.0,0.0005,0.0,0.0,0.0,0.002,0.9975,0.045500467961884665,1894,0.0007566704584538677,1.0397276432004779e-06,0.00016583271160775976,16,20,False,0.995,0.005,0.66,fixed,100,none,eefd7eeb-488a-4f09-b43a-00ca3ec1ee27
2047,299800,33.1255943775177,0.99900075,0.999002,1.0,0.9960719999999998,0.0,0.0,0.0,0.0,0.0,0.0,0.0005,0.0,0.0,0.0,0.0005,0.0,0.0,0.0,0.002,0.9975,0.045500467961884665,1894,0.0007554991493790247,1.0385944143206934e-06,0.00016557609673778945,16,20,False,0.995,0.005,0.66,fixed,100,none,eefd7eeb-488a-4f09-b43a-00ca3ec1ee27
2048,299900,33.13723421096802,0.99900075,0.999002,1.0,0.9960719999999998,0.0,0.0,0.0,0.0,0.0,0.0,0.0005,0.0,0.0,0.0,0.0005,0.0,0.0,0.0,0.002,0.9975,0.045500467961884665,1894,0.0007554971785123095,1.041198461462032e-06,0.00016557616008402233,16,20,False,0.995,0.005,0.66,fixed,100,none,eefd7eeb-488a-4f09-b43a-00ca3ec1ee27
2049,300200,33.14901041984558,0.99900075,0.999002,1.0,0.9960719999999998,0.0,0.0,0.0,0.0,0.0,0.0,0.0005,0.0,0.0,0.0,0.0005,0.0,0.0,0.0,0.002,0.9975,0.045500467961884665,1894,0.0007578172346784838,1.0449898055892632e-06,0.00016608474073418207,16,20,False,0.995,0.005,0.66,fixed,100,none,eefd7eeb-488a-4f09-b43a-00ca3ec1ee27
2050,300300,33.160823583602905,0.99900075,0.999002,1.0,0.9960719999999998,0.0,0.0,0.0,0.0,0.0,0.0,0.0005,0.0,0.0,0.0,0.0005,0.0,0.0,0.0,0.002,0.9975,0.045500467961884665,1894,0.0007578172921563933,1.0458047053644512e-06,0.00016608490814705375,16,20,False,0.995,0.005,0.66,fixed,100,none,eefd7eeb-488a-4f09-b43a-00ca3ec1ee27
2051,300500,33.172581911087036,0.99900075,0.999002,1.0,0.9960719999999998,0.0,0.0,0.0,0.0,0.0,0.0,0.0005,0.0,0.0,0.0,0.0005,0.0,0.0,0.0,0.002,0.9975,0.045500467961884665,1894,0.0007564324195705156,1.0444431893207487e-06,0.00016578150084995682,16,20,False,0.995,0.005,0.66,fixed,100,none,eefd7eeb-488a-4f09-b43a-00ca3ec1ee27
2052,300600,33.18428993225098,0.99900075,0.999002,1.0,0.9960719999999998,0.0,0.0,0.0,0.0,0.0,0.0,0.0005,0.0,0.0,0.0,0.0005,0.0,0.0,0.0,0.002,0.9975,0.045500467961884665,1894,0.0007570506790632248,1.045045925216366e-06,0.00016591695237273103,16,20,False,0.995,0.005,0.66,fixed,100,none,eefd7eeb-488a-4f09-b43a-00ca3ec1ee27
2053,300700,33.19589185714722,0.99900075,0.999002,1.0,0.9960719999999998,0.0,0.0,0.0,0.0,0.0,0.0,0.0005,0.0,0.0,0.0,0.0005,0.0,0.0,0.0,0.002,0.9975,0.045500467961884665,1894,0.0007573901118505334,1.0461098423051565e-06,0.00016599145635411977,16,20,False,0.995,0.005,0.66,fixed,100,none,eefd7eeb-488a-4f09-b43a-00ca3ec1ee27
2054,300900,33.207624673843384,0.99900075,0.999002,1.0,0.9960719999999998,0.0,0.0,0.0,0.0,0.0,0.0,0.0005,0.0,0.0,0.0,0.0005,0.0,0.0,0.0,0.002,0.9975,0.045500467961884665,1894,0.0007578872337765966,1.0454857114900712e-06,0.0001661001577588801,16,20,False,0.995,0.005,0.66,fixed,100,none,eefd7eeb-488a-4f09-b43a-00ca3ec1ee27
2055,301000,33.2193341255188,0.99900075,0.999002,1.0,0.9960719999999998,0.0,0.0,0.0,0.0,0.0,0.0,0.0005,0.0,0.0,0.0,0.0005,0.0,0.0,0.0,0.002,0.9975,0.045500467961884665,1894,0.000759241876560804,1.048856561642675e-06,0.0001663973295258721,16,20,False,0.995,0.005,0.66,fixed,100,none,eefd7eeb-488a-4f09-b43a-00ca3ec1ee27
2056,301300,33.23106789588928,0.99900075,0.999002,1.0,0.9960719999999998,0.0,0.0,0.0,0.0,0.0,0.0,0.0005,0.0,0.0,0.0,0.0005,0.0,0.0,0.0,0.002,0.9975,0.0458997116852281,1893,0.0007604923611321358,1.047748204777007e-06,0.00016667085001073216,16,20,False,0.995,0.005,0.66,fixed,100,none,eefd7eeb-488a-4f09-b43a-00ca3ec1ee27
2057,301400,33.242897510528564,0.99900075,0.999002,1.0,0.9960719999999998,0.0,0.0,0.0,0.0,0.0,0.0,0.0005,0.0,0.0,0.0,0.0005,0.0,0.0,0.0,0.002,0.9975,0.0458997116852281,1893,0.0007613799347095815,1.0492947067987717e-06,0.00016686543370221917,16,20,False,0.995,0.005,0.66,fixed,100,none,eefd7eeb-488a-4f09-b43a-00ca3ec1ee27
2058,301600,33.254955768585205,0.99900075,0.999002,1.0,0.9960719999999998,0.0,0.0,0.0,0.0,0.0,0.0,0.0005,0.0,0.0,0.0,0.0005,0.0,0.0,0.0,0.002,0.9975,0.0458997116852281,1893,0.0007607029129468951,1.0477298220542954e-06,0.00016671693631026567,16,20,False,0.995,0.005,0.66,fixed,100,none,eefd7eeb-488a-4f09-b43a-00ca3ec1ee27
2059,301700,33.26652956008911,0.99900075,0.999002,1.0,0.9960719999999998,0.0,0.0,0.0,0.0,0.0,0.0,0.0005,0.0,0.0,0.0,0.0005,0.0,0.0,0.0,0.002,0.9975,0.0458997116852281,1893,0.0007609695229769625,1.0477112890481942e-06,0.00016677529372457627,16,20,False,0.995,0.005,0.66,fixed,100,none,eefd7eeb-488a-4f09-b43a-00ca3ec1ee27
2060,302000,33.27815103530884,0.99900075,0.999002,1.0,0.9960719999999998,0.0,0.0,0.0,0.0,0.0,0.0,0.0005,0.0,0.0,0.0,0.0005,0.0,0.0,0.0,0.002,0.9975,0.0458997116852281,1893,0.0007629024856323083,1.051636685045249e-06,0.00016719916507507092,16,20,False,0.995,0.005,0.66,fixed,100,none,eefd7eeb-488a-4f09-b43a-00ca3ec1ee27
2061,302100,33.28979468345642,0.99900075,0.999002,1.0,0.9960719999999998,0.0,0.0,0.0,0.0,0.0,0.0,0.0005,0.0,0.0,0.0,0.0005,0.0,0.0,0.0,0.002,0.9975,0.0458997116852281,1893,0.0007635270271386999,1.0509448158631194e-06,0.0001673357457556754,16,20,False,0.995,0.005,0.66,fixed,100,none,eefd7eeb-488a-4f09-b43a-00ca3ec1ee27
2062,302300,33.30142569541931,0.99900075,0.999002,1.0,0.9960719999999998,0.0,0.0,0.0,0.0,0.0,0.0,0.0005,0.0,0.0,0.0,0.0005,0.0,0.0,0.0,0.002,0.9975,0.0458997116852281,1893,0.0007660377674314458,1.0550236553072527e-06,0.00016788612178525187,16,20,False,0.995,0.005,0.66,fixed,100,none,eefd7eeb-488a-4f09-b43a-00ca3ec1ee27
2063,302400,33.31323456764221,0.99900075,0.999002,1.0,0.9960719999999998,0.0,0.0,0.0,0.0,0.0,0.0,0.0005,0.0,0.0,0.0,0.0005,0.0,0.0,0.0,0.002,0.9975,0.04629795038975885,1892,0.0007657942253845665,1.054835333733855e-06,0.00016783277465009104,16,20,False,0.995,0.005,0.66,fixed,100,none,eefd7eeb-488a-4f09-b43a-00ca3ec1ee27
2064,302700,33.32496452331543,0.99900075,0.999002,1.0,0.9960719999999998,0.0,0.0,0.0,0.0,0.0,0.0,0.0005,0.0,0.0,0.0,0.0005,0.0,0.0,0.0,0.002,0.9975,0.045899711685228106,1893,0.0007684494719276294,1.0581457284619664e-06,0.00016841463709336586,16,20,False,0.995,0.005,0.66,fixed,100,none,eefd7eeb-488a-4f09-b43a-00ca3ec1ee27
2065,302800,33.33662748336792,0.99900075,0.999002,1.0,0.9960719999999998,0.0,0.0,0.0,0.0,0.0,0.0,0.0005,0.0,0.0,0.0,0.0005,0.0,0.0,0.0,0.002,0.9975,0.04550046796188468,1894,0.0007695065613412402,1.0595866676782104e-06,0.00016864630774445633,16,20,False,0.995,0.005,0.66,fixed,100,none,eefd7eeb-488a-4f09-b43a-00ca3ec1ee27
2066,303100,33.34839153289795,0.99900075,0.999002,1.0,0.9960719999999998,0.0,0.0,0.0,0.0,0.0,0.0,0.0005,0.0,0.0,0.0,0.0005,0.0,0.0,0.0,0.002,0.9975,0.045899711685228106,1893,0.0007700964551260383,1.0609554049678754e-06,0.00016877569555403366,16,20,False,0.995,0.005,0.66,fixed,100,none,eefd7eeb-488a-4f09-b43a-00ca3ec1ee27
2067,303200,33.360032081604004,0.99900075,0.999002,1.0,0.9960719999999998,0.0,0.0,0.0,0.0,0.0,0.0,0.0005,0.0,0.0,0.0,0.0005,0.0,0.0,0.0,0.002,0.9975,0.045899711685228106,1893,0.0007704169899166008,1.0612655815652735e-06,0.00016884591955324135,16,20,False,0.995,0.005,0.66,fixed,100,none,eefd7eeb-488a-4f09-b43a-00ca3ec1ee27
2068,303400,33.37185215950012,0.99900075,0.999002,1.0,0.9960719999999998,0.0,0.0,0.0,0.0,0.0,0.0,0.0005,0.0,0.0,0.0,0.0005,0.0,0.0,0.0,0.002,0.9975,0.045899711685228106,1893,0.0007713062829016125,1.0665519515082712e-06,0.00016904159019794958,16,20,False,0.995,0.005,0.66,fixed,100,none,eefd7eeb-488a-4f09-b43a-00ca3ec1ee27
2069,303500,33.383538246154785,0.99900075,0.999002,1.0,0.9960719999999998,0.0,0.0,0.0,0.0,0.0,0.0,0.0005,0.0,0.0,0.0,0.0005,0.0,0.0,0.0,0.002,0.9975,0.045899711685228106,1893,0.0007717684571832388,1.0671765700477939e-06,0.00016914287882572007,16,20,False,0.995,0.005,0.66,fixed,100,none,eefd7eeb-488a-4f09-b43a-00ca3ec1ee27
2070,303800,33.395209074020386,0.99900075,0.999002,1.0,0.9960719999999998,0.0,0.0,0.0,0.0,0.0,0.0,0.0005,0.0,0.0,0.0,0.0005,0.0,0.0,0.0,0.002,0.9975,0.04629795038975885,1892,0.0007707036512093909,1.0646076909434485e-06,0.00016890930471101493,16,20,False,0.995,0.005,0.66,fixed,100,none,eefd7eeb-488a-4f09-b43a-00ca3ec1ee27
2071,303900,33.40697741508484,0.99900075,0.999002,1.0,0.9960719999999998,0.0,0.0,0.0,0.0,0.0,0.0,0.0005,0.0,0.0,0.0,0.0005,0.0,0.0,0.0,0.002,0.9975,0.04629795038975885,1892,0.0007722620192156715,1.0683964017204807e-06,0.0001692511513226374,16,20,False,0.995,0.005,0.66,fixed,100,none,eefd7eeb-488a-4f09-b43a-00ca3ec1ee27
2072,304100,33.41897392272949,0.99900075,0.999002,1.0,0.9960719999999998,0.0,0.0,0.0,0.0,0.0,0.0,0.0005,0.0,0.0,0.0,0.0005,0.0,0.0,0.0,0.002,0.9975,0.0458997116852281,1893,0.0007715762053814952,1.0681640129723679e-06,0.00016910098252047404,16,20,False,0.995,0.005,0.66,fixed,100,none,eefd7eeb-488a-4f09-b43a-00ca3ec1ee27
2073,304200,33.430630922317505,0.99900075,0.999002,1.0,0.9960719999999998,0.0,0.0,0.0,0.0,0.0,0.0,0.0005,0.0,0.0,0.0,0.0005,0.0,0.0,0.0,0.002,0.9975,0.0458997116852281,1893,0.0007726535052480306,1.069147250800269e-06,0.00016933699027644596,16,20,False,0.995,0.005,0.66,fixed,100,none,eefd7eeb-488a-4f09-b43a-00ca3ec1ee27
2074,304500,33.44221353530884,0.99900075,0.999002,1.0,0.9960719999999998,0.0,0.0,0.0,0.0,0.0,0.0,0.0005,0.0,0.0,0.0,0.0005,0.0,0.0,0.0,0.002,0.9975,0.04550046796188468,1894,0.000774327696051959,1.074767896008486e-06,0.00016970453856601545,16,20,False,0.995,0.005,0.66,fixed,100,none,eefd7eeb-488a-4f09-b43a-00ca3ec1ee27
2075,304600,33.45387625694275,0.99900075,0.999002,1.0,0.9960719999999998,0.0,0.0,0.0,0.0,0.0,0.0,0.0005,0.0,0.0,0.0,0.0005,0.0,0.0,0.0,0.002,0.9975,0.0458997116852281,1893,0.0007733277005228933,1.0733272998331196e-06,0.00016948536583142964,16,20,False,0.995,0.005,0.66,fixed,100,none,eefd7eeb-488a-4f09-b43a-00ca3ec1ee27
2076,304900,33.46570611000061,0.99900075,0.999002,1.0,0.9960719999999998,0.0,0.0,0.0,0.0,0.0,0.0,0.0005,0.0,0.0,0.0,0.0005,0.0,0.0,0.0,0.002,0.9975,0.04629795038975885,1892,0.0007751801933937041,1.0802523717984789e-06,0.00016989219228452356,16,20,False,0.995,0.005,0.66,fixed,100,none,eefd7eeb-488a-4f09-b43a-00ca3ec1ee27
2077,305000,33.477471590042114,0.99900075,0.999002,1.0,0.9960719999999998,0.0,0.0,0.0,0.0,0.0,0.0,0.0005,0.0,0.0,0.0,0.0005,0.0,0.0,0.0,0.002,0.9975,0.0458997116852281,1893,0.0007761843425082804,1.084025041656588e-06,0.00017011271733297735,16,20,False,0.995,0.005,0.66,fixed,100,none,eefd7eeb-488a-4f09-b43a-00ca3ec1ee27
2078,305200,33.48926663398743,0.99900075,0.999002,1.0,0.9960719999999998,0.0,0.0,0.0,0.0,0.0,0.0,0.0005,0.0,0.0,0.0,0.0005,0.0,0.0,0.0,0.002,0.9975,0.04629795038975885,1892,0.0007776156793615274,1.0872018432919654e-06,0.0001704266405624638,16,20,False,0.995,0.005,0.66,fixed,100,none,eefd7eeb-488a-4f09-b43a-00ca3ec1ee27
2079,305300,33.50080466270447,0.99900075,0.999002,1.0,0.9960719999999998,0.0,0.0,0.0,0.0,0.0,0.0,0.0005,0.0,0.0,0.0,0.0005,0.0,0.0,0.0,0.002,0.9975,0.04629795038975885,1892,0.0007779230720129153,1.0880360880795991e-06,0.00017049408732036227,16,20,False,0.995,0.005,0.66,fixed,100,none,eefd7eeb-488a-4f09-b43a-00ca3ec1ee27
2080,305500,33.512375593185425,0.99900075,0.999002,1.0,0.9960719999999998,0.0,0.0,0.0,0.0,0.0,0.0,0.0005,0.0,0.0,0.0,0.0005,0.0,0.0,0.0,0.002,0.9975,0.04629795038975885,1892,0.0007798889671342767,1.091607700229465e-06,0.00017092510036873678,16,20,False,0.995,0.005,0.66,fixed,100,none,eefd7eeb-488a-4f09-b43a-00ca3ec1ee27
2081,305600,33.52393841743469,0.99900075,0.999002,1.0,0.9960719999999998,0.0,0.0,0.0,0.0,0.0,0.0,0.0005,0.0,0.0,0.0,0.0005,0.0,0.0,0.0,0.002,0.9975,0.04629795038975885,1892,0.0007793604613836318,1.0929114859231225e-06,0.00017080965817920242,16,20,False,0.995,0.005,0.66,fixed,100,none,eefd7eeb-488a-4f09-b43a-00ca3ec1ee27
2082,305700,33.53554844856262,0.99900075,0.999002,1.0,0.9960719999999998,0.0,0.0,0.0,0.0,0.0,0.0,0.0005,0.0,0.0,0.0,0.0005,0.0,0.0,0.0,0.002,0.9975,0.04629795038975885,1892,0.0007804778631810866,1.0946647325480911e-06,0.00017105459054952402,16,20,False,0.995,0.005,0.66,fixed,100,none,eefd7eeb-488a-4f09-b43a-00ca3ec1ee27
2083,305900,33.547138929367065,0.99900075,0.999002,1.0,0.9960719999999998,0.0,0.0,0.0,0.0,0.0,0.0,0.0005,0.0,0.0,0.0,0.0005,0.0,0.0,0.0,0.002,0.9975,0.04629795038975885,1892,0.0007807026526672468,1.0961147541350473e-06,0.000171104072472146,16,20,False,0.995,0.005,0.66,fixed,100,none,eefd7eeb-488a-4f09-b43a-00ca3ec1ee27
2084,306000,33.55877614021301,0.99900075,0.999002,1.0,0.9960719999999998,0.0,0.0,0.0,0.0,0.0,0.0,0.0005,0.0,0.0,0.0,0.0005,0.0,0.0,0.0,0.002,0.9975,0.04629795038975885,1892,0.0007807026526672468,1.0961147541350473e-06,0.000171104072472146,16,20,False,0.995,0.005,0.66,fixed,100,none,eefd7eeb-488a-4f09-b43a-00ca3ec1ee27
2085,306300,33.57037544250488,0.99900075,0.999002,1.0,0.9960719999999998,0.0,0.0,0.0,0.0,0.0,0.0,0.0005,0.0,0.0,0.0,0.0005,0.0,0.0,0.0,0.002,0.9975,0.04629795038975885,1892,0.000782998632766557,1.0986274203873527e-06,0.0001716071399224729,16,20,False,0.995,0.005,0.66,fixed,100,none,eefd7eeb-488a-4f09-b43a-00ca3ec1ee27
2086,306400,33.58237314224243,0.99900075,0.999002,1.0,0.9960719999999998,0.0,0.0,0.0,0.0,0.0,0.0,0.0005,0.0,0.0,0.0,0.0005,0.0,0.0,0.0,0.002,0.9975,0.04629795038975885,1892,0.0007827744455941979,1.0985112071102626e-06,0.0001715580432699209,16,20,False,0.995,0.005,0.66,fixed,100,none,eefd7eeb-488a-4f09-b43a-00ca3ec1ee27
2087,306700,33.59407162666321,0.99900075,0.999002,1.0,0.9960719999999998,0.0,0.0,0.0,0.0,0.0,0.0,0.0005,0.0,0.0,0.0,0.0005,0.0,0.0,0.0,0.002,0.9975,0.04629795038975885,1892,0.0007830254991810538,1.0998076394922207e-06,0.00017161324522223622,16,20,False,0.995,0.005,0.66,fixed,100,none,eefd7eeb-488a-4f09-b43a-00ca3ec1ee27
2088,306800,33.60596966743469,0.99900075,0.999002,1.0,0.9960719999999998,0.0,0.0,0.0,0.0,0.0,0.0,0.0005,0.0,0.0,0.0,0.0005,0.0,0.0,0.0,0.002,0.9975,0.04629795038975885,1892,0.000782316947200703,1.0988990832233998e-06,0.00017145797056804634,16,20,False,0.995,0.005,0.66,fixed,100,none,eefd7eeb-488a-4f09-b43a-00ca3ec1ee27
2089,307000,33.61764359474182,0.99900075,0.999002,1.0,0.9960719999999998,0.0,0.0,0.0,0.0,0.0,0.0,0.0005,0.0,0.0,0.0,0.0005,0.0,0.0,0.0,0.002,0.9975,0.04669518407547691,1891,0.0007837690743197994,1.1006490997065758e-06,0.00017177617369754832,16,20,False,0.995,0.005,0.66,fixed,100,none,eefd7eeb-488a-4f09-b43a-00ca3ec1ee27
2090,307100,33.62941288948059,0.99900075,0.999002,1.0,0.9960719999999998,0.0,0.0,0.0,0.0,0.0,0.0,0.0005,0.0,0.0,0.0,0.0005,0.0,0.0,0.0,0.002,0.9975,0.04669518407547691,1891,0.0007844520511869387,1.1010272041347961e-06,0.0001719257491736065,16,20,False,0.995,0.005,0.66,fixed,100,none,eefd7eeb-488a-4f09-b43a-00ca3ec1ee27
2091,307400,33.64135932922363,0.99900075,0.999002,1.0,0.9960719999999998,0.0,0.0,0.0,0.0,0.0,0.0,0.0005,0.0,0.0,0.0,0.0005,0.0,0.0,0.0,0.002,0.9975,0.04629795038975885,1892,0.0007863273884735513,1.1065900991544616e-06,0.00017233731745569972,16,20,False,0.995,0.005,0.66,fixed,100,none,eefd7eeb-488a-4f09-b43a-00ca3ec1ee27
2092,307500,33.652921199798584,0.99900075,0.999002,1.0,0.9960719999999998,0.0,0.0,0.0,0.0,0.0,0.0,0.0005,0.0,0.0,0.0,0.0005,0.0,0.0,0.0,0.002,0.9975,0.04629795038975885,1892,0.0007867755075452852,1.1082158796153025e-06,0.00017243571961878985,16,20,False,0.995,0.005,0.66,fixed,100,none,eefd7eeb-488a-4f09-b43a-00ca3ec1ee27
2093,307700,33.66452193260193,0.99900075,0.999002,1.0,0.9960719999999998,0.0,0.0,0.0,0.0,0.0,0.0,0.0005,0.0,0.0,0.0,0.0005,0.0,0.0,0.0,0.002,0.9975,0.04629795038975885,1892,0.0007865439956274724,1.1080127260813762e-06,0.00017238500306080917,16,20,False,0.995,0.005,0.66,fixed,100,none,eefd7eeb-488a-4f09-b43a-00ca3ec1ee27
2094,307800,33.67613387107849,0.99900075,0.999002,1.0,0.9960719999999998,0.0,0.0,0.0,0.0,0.0,0.0,0.0005,0.0,0.0,0.0,0.0005,0.0,0.0,0.0,0.002,0.9975,0.04629795038975885,1892,0.0007879291787951535,1.110439630066421e-06,0.00017268868076797172,16,20,False,0.995,0.005,0.66,fixed,100,none,eefd7eeb-488a-4f09-b43a-00ca3ec1ee27
2095,308100,33.687772035598755,0.99900075,0.999002,1.0,0.9960719999999998,0.0,0.0,0.0,0.0,0.0,0.0,0.0005,0.0,0.0,0.0,0.0005,0.0,0.0,0.0,0.002,0.9975,0.0458997116852281,1893,0.0007898818522055172,1.1137407162723547e-06,0.00017311674818387948,16,20,False,0.995,0.005,0.66,fixed,100,none,eefd7eeb-488a-4f09-b43a-00ca3ec1ee27
2096,308200,33.69946622848511,0.99900075,0.999002,1.0,0.9960719999999998,0.0,0.0,0.0,0.0,0.0,0.0,0.0005,0.0,0.0,0.0,0.0005,0.0,0.0,0.0,0.002,0.9975,0.0458997116852281,1893,0.0007898096069586886,1.1134002681661918e-06,0.00017310086901420853,16,20,False,0.995,0.005,0.66,fixed,100,none,eefd7eeb-488a-4f09-b43a-00ca3ec1ee27
2097,308500,33.71106219291687,0.99900075,0.999002,1.0,0.9960719999999998,0.0,0.0,0.0,0.0,0.0,0.0,0.0005,0.0,0.0,0.0,0.0005,0.0,0.0,0.0,0.002,0.9975,0.04629795038975885,1892,0.0007891061047963515,1.1131386075282368e-06,0.00017294682267535172,16,20,False,0.995,0.005,0.66,fixed,100,none,eefd7eeb-488a-4f09-b43a-00ca3ec1ee27
2098,308600,33.722721338272095,0.99900075,0.999002,1.0,0.9960719999999998,0.0,0.0,0.0,0.0,0.0,0.0,0.0005,0.0,0.0,0.0,0.0005,0.0,0.0,0.0,0.002,0.9975,0.0458997116852281,1893,0.0007893585011853389,1.1125786113817268e-06,0.00017300196584563323,16,20,False,0.995,0.005,0.66,fixed,100,none,eefd7eeb-488a-4f09-b43a-00ca3ec1ee27
2099,308800,33.73428821563721,0.99900075,0.999002,1.0,0.9960719999999998,0.0,0.0,0.0,0.0,0.0,0.0,0.0005,0.0,0.0,0.0,0.0005,0.0,0.0,0.0,0.002,0.9975,0.0458997116852281,1893,0.0007901873324734582,1.1176651099657305e-06,0.0001731843634493335,16,20,False,0.995,0.005,0.66,fixed,100,none,eefd7eeb-488a-4f09-b43a-00ca3ec1ee27
2100,308900,33.74594831466675,0.99900075,0.999002,1.0,0.9960719999999998,0.0,0.0,0.0,0.0,0.0,0.0,0.0005,0.0,0.0,0.0,0.0005,0.0,0.0,0.0,0.002,0.9975,0.0458997116852281,1893,0.0007892610976471816,1.1181978483753768e-06,0.00017298171186615937,16,20,False,0.995,0.005,0.66,fixed,100,none,eefd7eeb-488a-4f09-b43a-00ca3ec1ee27
2101,309200,33.75763416290283,0.99900075,0.999002,1.0,0.9960719999999998,0.0,0.0,0.0,0.0,0.0,0.0,0.0005,0.0,0.0,0.0,0.0005,0.0,0.0,0.0,0.002,0.9975,0.0458997116852281,1893,0.0007921581429145389,1.1216184284133317e-06,0.0001736165249853911,16,20,False,0.995,0.005,0.66,fixed,100,none,eefd7eeb-488a-4f09-b43a-00ca3ec1ee27
2102,309300,33.7694456577301,0.99900075,0.999002,1.0,0.9960719999999998,0.0,0.0,0.0,0.0,0.0,0.0,0.0005,0.0,0.0,0.0,0.0005,0.0,0.0,0.0,0.002,0.9975,0.0458997116852281,1893,0.0007931270260034212,1.1217189308176037e-06,0.00017382863258900424,16,20,False,0.995,0.005,0.66,fixed,100,none,eefd7eeb-488a-4f09-b43a-00ca3ec1ee27
2103,309500,33.78118705749512,0.99900075,0.999002,1.0,0.9960719999999998,0.0,0.0,0.0,0.0,0.0,0.0,0.0005,0.0,0.0,0.0,0.0005,0.0,0.0,0.0,0.002,0.9975,0.0458997116852281,1893,0.0007937920016094956,1.123332049298033e-06,0.00017397450224168522,16,20,False,0.995,0.005,0.66,fixed,100,none,eefd7eeb-488a-4f09-b43a-00ca3ec1ee27
2104,309600,33.7928991317749,0.99900075,0.999002,1.0,0.9960719999999998,0.0,0.0,0.0,0.0,0.0,0.0,0.0005,0.0,0.0,0.0,0.0005,0.0,0.0,0.0,0.002,0.9975,0.0458997116852281,1893,0.0007954430779255681,1.1254315926129527e-06,0.0001743363217605033,16,20,False,0.995,0.005,0.66,fixed,100,none,eefd7eeb-488a-4f09-b43a-00ca3ec1ee27
2105,309900,33.80467128753662,0.99900075,0.999002,1.0,0.9960719999999998,0.0,0.0,0.0,0.0,0.0,0.0,0.0005,0.0,0.0,0.0,0.0005,0.0,0.0,0.0,0.002,0.9975,0.04629795038975885,1892,0.0007958722111169384,1.1275501424134834e-06,0.00017443066154055638,16,20,False,0.995,0.005,0.66,fixed,100,none,eefd7eeb-488a-4f09-b43a-00ca3ec1ee27
2106,310000,33.81649732589722,0.99900075,0.999002,1.0,0.9960719999999998,0.0,0.0,0.0,0.0,0.0,0.0,0.0005,0.0,0.0,0.0,0.0005,0.0,0.0,0.0,0.002,0.9975,0.04629795038975885,1892,0.0007972347481282964,1.1303326451674651e-06,0.00017472944956786589,16,20,False,0.995,0.005,0.66,fixed,100,none,eefd7eeb-488a-4f09-b43a-00ca3ec1ee27
2107,310300,33.828131675720215,0.99900075,0.999002,1.0,0.9960719999999998,0.0,0.0,0.0,0.0,0.0,0.0,0.0005,0.0,0.0,0.0,0.0005,0.0,0.0,0.0,0.002,0.9975,0.0458997116852281,1893,0.0007962402063606032,1.1277321388717753e-06,0.0001745112502787217,16,20,False,0.995,0.005,0.66,fixed,100,none,eefd7eeb-488a-4f09-b43a-00ca3ec1ee27
2108,310400,33.84018635749817,0.99900075,0.999002,1.0,0.9960719999999998,0.0,0.0,0.0,0.0,0.0,0.0,0.0005,0.0,0.0,0.0,0.0005,0.0,0.0,0.0,0.002,0.9975,0.0458997116852281,1893,0.0007971322324740584,1.1287249467608805e-06,0.00017470670342845598,16,20,False,0.995,0.005,0.66,fixed,100,none,eefd7eeb-488a-4f09-b43a-00ca3ec1ee27
2109,310600,33.8517906665802,0.99900075,0.999002,1.0,0.9960719999999998,0.0,0.0,0.0,0.0,0.0,0.0,0.0005,0.0,0.0,0.0,0.0005,0.0,0.0,0.0,0.002,0.9975,0.0458997116852281,1893,0.0007973761063496209,1.1290505029287857e-06,0.0001747601492754885,16,20,False,0.995,0.005,0.66,fixed,100,none,eefd7eeb-488a-4f09-b43a-00ca3ec1ee27
2110,310700,33.863388776779175,0.99900075,0.999002,1.0,0.9960719999999998,0.0,0.0,0.0,0.0,0.0,0.0,0.0005,0.0,0.0,0.0,0.0005,0.0,0.0,0.0,0.002,0.9975,0.0458997116852281,1893,0.0007969848500103406,1.1276797703997806e-06,0.00017467424282363952,16,20,False,0.995,0.005,0.66,fixed,100,none,eefd7eeb-488a-4f09-b43a-00ca3ec1ee27
2111,311000,33.87540817260742,0.99900075,0.999002,1.0,0.9960719999999998,0.0,0.0,0.0,0.0,0.0,0.0,0.0005,0.0,0.0,0.0,0.0005,0.0,0.0,0.0,0.002,0.9975,0.04629795038975885,1892,0.0007989120845874635,1.128028601630151e-06,0.00017509618075050548,16,20,False,0.995,0.005,0.66,fixed,100,none,eefd7eeb-488a-4f09-b43a-00ca3ec1ee27
2112,311100,33.88709378242493,0.99900075,0.999002,1.0,0.9960719999999998,0.0,0.0,0.0,0.0,0.0,0.0,0.0005,0.0,0.0,0.0,0.0005,0.0,0.0,0.0,0.002,0.9975,0.0458997116852281,1893,0.0007994445630633773,1.1269804449031645e-06,0.00017521254113910494,16,20,False,0.995,0.005,0.66,fixed,100,none,eefd7eeb-488a-4f09-b43a-00ca3ec1ee27
2113,311400,33.8989417552948,0.99900075,0.999002,1.0,0.9960719999999998,0.0,0.0,0.0,0.0,0.0,0.0,0.0005,0.0,0.0,0.0,0.0005,0.0,0.0,0.0,0.002,0.9975,0.0458997116852281,1893,0.00079899671445296,1.1292239388784913e-06,0.00017511493334213985,16,20,False,0.995,0.005,0.66,fixed,100,none,eefd7eeb-488a-4f09-b43a-00ca3ec1ee27
2114,311500,33.910608768463135,0.99900075,0.999002,1.0,0.9960719999999998,0.0,0.0,0.0,0.0,0.0,0.0,0.0005,0.0,0.0,0.0,0.0005,0.0,0.0,0.0,0.002,0.9975,0.0458997116852281,1893,0.00079899671445296,1.1292239388784913e-06,0.00017511493334213985,16,20,False,0.995,0.005,0.66,fixed,100,none,eefd7eeb-488a-4f09-b43a-00ca3ec1ee27
2115,311700,33.922547817230225,0.99900075,0.999002,1.0,0.9960719999999998,0.0,0.0,0.0,0.0,0.0,0.0,0.0005,0.0,0.0,0.0,0.0005,0.0,0.0,0.0,0.002,0.9975,0.04550046796188468,1894,0.0007977544120370196,1.1261329233785524e-06,0.00017484240605034553,16,20,False,0.995,0.005,0.66,fixed,100,none,eefd7eeb-488a-4f09-b43a-00ca3ec1ee27
2116,311800,33.934396505355835,0.99900075,0.999002,1.0,0.9960719999999998,0.0,0.0,0.0,0.0,0.0,0.0,0.0005,0.0,0.0,0.0,0.0005,0.0,0.0,0.0,0.002,0.9975,0.04550046796188468,1894,0.0007990890793188838,1.1280264025058302e-06,0.0001751349244793798,16,20,False,0.995,0.005,0.66,fixed,100,none,eefd7eeb-488a-4f09-b43a-00ca3ec1ee27
2117,312100,33.94606256484985,0.99900075,0.999002,1.0,0.9960719999999998,0.0,0.0,0.0,0.0,0.0,0.0,0.0005,0.0,0.0,0.0,0.0005,0.0,0.0,0.0,0.002,0.9975,0.04550046796188468,1894,0.0008010163120479727,1.1317887015751198e-06,0.0001755575105606005,16,20,False,0.995,0.005,0.66,fixed,100,none,eefd7eeb-488a-4f09-b43a-00ca3ec1ee27
2118,312200,33.95768117904663,0.99900075,0.999002,1.0,0.9960719999999998,0.0,0.0,0.0,0.0,0.0,0.0,0.0005,0.0,0.0,0.0,0.0005,0.0,0.0,0.0,0.002,0.9975,0.04550046796188468,1894,0.0008014088123512666,1.1327918493440804e-06,0.00017564361947506766,16,20,False,0.995,0.005,0.66,fixed,100,none,eefd7eeb-488a-4f09-b43a-00ca3ec1ee27
2119,312400,33.969752073287964,0.99900075,0.999002,1.0,0.9960719999999998,0.0,0.0,0.0,0.0,0.0,0.0,0.0005,0.0,0.0,0.0,0.0005,0.0,0.0,0.0,0.002,0.9975,0.04550046796188468,1894,0.0008013823934754992,1.1325693108978647e-06,0.00017563779410085736,16,20,False,0.995,0.005,0.66,fixed,100,none,eefd7eeb-488a-4f09-b43a-00ca3ec1ee27
2120,312500,33.98207926750183,0.99900075,0.999002,1.0,0.9960719999999998,0.0,0.0,0.0,0.0,0.0,0.0,0.0005,0.0,0.0,0.0,0.0005,0.0,0.0,0.0,0.002,0.9975,0.04550046796188468,1894,0.0008018165261693685,1.1313824289929495e-06,0.00017573260023998343,16,20,False,0.995,0.005,0.66,fixed,100,none,eefd7eeb-488a-4f09-b43a-00ca3ec1ee27
2121,312800,33.99361848831177,0.99900075,0.999002,1.0,0.9960719999999998,0.0,0.0,0.0,0.0,0.0,0.0,0.0005,0.0,0.0,0.0,0.0005,0.0,0.0,0.0,0.002,0.9975,0.04550046796188468,1894,0.0008030995256229709,1.1304787819597612e-06,0.0001760132771274407,16,20,False,0.995,0.005,0.66,fixed,100,none,eefd7eeb-488a-4f09-b43a-00ca3ec1ee27
2122,312900,34.00546741485596,0.99900075,0.999002,1.0,0.9960719999999998,0.0,0.0,0.0,0.0,0.0,0.0,0.0005,0.0,0.0,0.0,0.0005,0.0,0.0,0.0,0.002,0.9975,0.04550046796188468,1894,0.0008035662402382232,1.1321714280235463e-06,0.00017611576255947153,16,20,False,0.995,0.005,0.66,fixed,100,none,eefd7eeb-488a-4f09-b43a-00ca3ec1ee27
2123,313200,34.0170795917511,0.99900075,0.999002,1.0,0.9960719999999998,0.0,0.0,0.0,0.0,0.0,0.0,0.0005,0.0,0.0,0.0,0.0005,0.0,0.0,0.0,0.002,0.9975,0.04550046796188468,1894,0.0008054806511977583,1.1336541640496304e-06,0.00017653510883835873,16,20,False,0.995,0.005,0.66,fixed,100,none,eefd7eeb-488a-4f09-b43a-00ca3ec1ee27
2124,313300,34.02894115447998,0.99900075,0.999002,1.0,0.9960719999999998,0.0,0.0,0.0,0.0,0.0,0.0,0.0005,0.0,0.0,0.0,0.0005,0.0,0.0,0.0,0.002,0.9975,0.04550046796188468,1894,0.0008059547129051089,1.1340335636722688e-06,0.00017663895303202606,16,20,False,0.995,0.005,0.66,fixed,100,none,eefd7eeb-488a-4f09-b43a-00ca3ec1ee27
2125,313500,34.04100275039673,0.99900075,0.999002,1.0,0.9960719999999998,0.0,0.0,0.0,0.0,0.0,0.0,0.0005,0.0,0.0,0.0,0.0005,0.0,0.0,0.0,0.002,0.9975,0.04550046796188468,1894,0.0008051186073210555,1.1337429528479058e-06,0.00017645587430362017,16,20,False,0.995,0.005,0.66,fixed,100,none,eefd7eeb-488a-4f09-b43a-00ca3ec1ee27
2126,313600,34.05274987220764,0.99900075,0.999002,1.0,0.9960719999999998,0.0,0.0,0.0,0.0,0.0,0.0,0.0005,0.0,0.0,0.0,0.0005,0.0,0.0,0.0,0.002,0.9975,0.04550046796188468,1894,0.0008064901748293241,1.1363824682644633e-06,0.00017675661193910928,16,20,False,0.995,0.005,0.66,fixed,100,none,eefd7eeb-488a-4f09-b43a-00ca3ec1ee27
2127,313900,34.06440448760986,0.99900075,0.999002,1.0,0.9960719999999998,0.0,0.0,0.0,0.0,0.0,0.0,0.0005,0.0,0.0,0.0,0.0005,0.0,0.0,0.0,0.002,0.9975,0.04550046796188468,1894,0.0008072429322737594,1.1412583600656634e-06,0.00017692231696313842,16,20,False,0.995,0.005,0.66,fixed,100,none,eefd7eeb-488a-4f09-b43a-00ca3ec1ee27
2128,314000,34.07614016532898,0.99900075,0.999002,1.0,0.9960719999999998,0.0,0.0,0.0,0.0,0.0,0.0,0.0005,0.0,0.0,0.0,0.0005,0.0,0.0,0.0,0.002,0.9975,0.04550046796188468,1894,0.0008064809884392897,1.1414024542149177e-06,0.00017675555483566134,16,20,False,0.995,0.005,0.66,fixed,100,none,eefd7eeb-488a-4f09-b43a-00ca3ec1ee27
2129,314200,34.08793544769287,0.99900075,0.999002,1.0,0.9960719999999998,0.0,0.0,0.0,0.0,0.0,0.0,0.0005,0.0,0.0,0.0,0.0005,0.0,0.0,0.0,0.002,0.9975,0.04550046796188468,1894,0.0008064665587906152,1.1432852375663388e-06,0.00017675275391440328,16,20,False,0.995,0.005,0.66,fixed,100,none,eefd7eeb-488a-4f09-b43a-00ca3ec1ee27
2130,314300,34.10004019737244,0.99900075,0.999002,1.0,0.9960719999999998,0.0,0.0,0.0,0.0,0.0,0.0,0.0005,0.0,0.0,0.0,0.0005,0.0,0.0,0.0,0.002,0.9975,0.045899711685228106,1893,0.0008067401195005691,1.1442573969869976e-06,0.0001768128210641021,16,20,False,0.995,0.005,0.66,fixed,100,none,eefd7eeb-488a-4f09-b43a-00ca3ec1ee27
2131,314600,34.1116669178009,0.99900075,0.999002,1.0,0.9960719999999998,0.0,0.0,0.0,0.0,0.0,0.0,0.0005,0.0,0.0,0.0,0.0005,0.0,0.0,0.0,0.002,0.9975,0.045899711685228106,1893,0.0008061577064106495,1.143609343467356e-06,0.00017668520770854998,16,20,False,0.995,0.005,0.66,fixed,100,none,eefd7eeb-488a-4f09-b43a-00ca3ec1ee27
2132,314700,34.12358236312866,0.99900075,0.999002,1.0,0.9960719999999998,0.0,0.0,0.0,0.0,0.0,0.0,0.0005,0.0,0.0,0.0,0.0005,0.0,0.0,0.0,0.002,0.9975,0.045899711685228106,1893,0.0008063783270328974,1.1440729500429214e-06,0.0001767335896480094,16,20,False,0.995,0.005,0.66,fixed,100,none,eefd7eeb-488a-4f09-b43a-00ca3ec1ee27
2133,315000,34.13535261154175,0.99900075,0.999002,1.0,0.9960719999999998,0.0,0.0,0.0,0.0,0.0,0.0,0.0005,0.0,0.0,0.0,0.0005,0.0,0.0,0.0,0.002,0.9975,0.045899711685228106,1893,0.000805149925763301,1.1415889020299278e-06,0.0001764642206409723,16,20,False,0.995,0.005,0.66,fixed,100,none,eefd7eeb-488a-4f09-b43a-00ca3ec1ee27
2134,315100,34.147215843200684,0.99900075,0.999002,1.0,0.9960719999999998,0.0,0.0,0.0,0.0,0.0,0.0,0.0005,0.0,0.0,0.0,0.0005,0.0,0.0,0.0,0.002,0.9975,0.04550046796188467,1894,0.0008045927370823009,1.1403395585278716e-06,0.00017634201466343598,16,20,False,0.995,0.005,0.66,fixed,100,none,eefd7eeb-488a-4f09-b43a-00ca3ec1ee27
2135,315300,34.15914869308472,0.99900075,0.999002,1.0,0.9960719999999998,0.0,0.0,0.0,0.0,0.0,0.0,0.0005,0.0,0.0,0.0,0.0005,0.0,0.0,0.0,0.002,0.9975,0.045899711685228106,1893,0.000803054698322921,1.1408434211905771e-06,0.00017600543371291364,16,20,False,0.995,0.005,0.66,fixed,100,none,eefd7eeb-488a-4f09-b43a-00ca3ec1ee27
2136,315400,34.17078447341919,0.99900075,0.999002,1.0,0.9960719999999998,0.0,0.0,0.0,0.0,0.0,0.0,0.0005,0.0,0.0,0.0,0.0005,0.0,0.0,0.0,0.002,0.9975,0.045899711685228106,1893,0.0008030198455573072,1.1401743565019173e-06,0.0001759976773202299,16,20,False,0.995,0.005,0.66,fixed,100,none,eefd7eeb-488a-4f09-b43a-00ca3ec1ee27
2137,315700,34.18274664878845,0.99900075,0.999002,1.0,0.9960719999999998,0.0,0.0,0.0,0.0,0.0,0.0,0.0005,0.0,0.0,0.0,0.0005,0.0,0.0,0.0,0.002,0.9975,0.04629795038975885,1892,0.000804371894297082,1.1405055030770362e-06,0.0001762937037072159,16,20,False,0.995,0.005,0.66,fixed,100,none,eefd7eeb-488a-4f09-b43a-00ca3ec1ee27
2138,315800,34.19441342353821,0.99900075,0.999002,1.0,0.9960719999999998,0.0,0.0,0.0,0.0,0.0,0.0,0.0005,0.0,0.0,0.0,0.0005,0.0,0.0,0.0,0.002,0.9975,0.04550046796188467,1894,0.0008062719531865942,1.1442337532744034e-06,0.00017671033496566762,16,20,False,0.995,0.005,0.66,fixed,100,none,eefd7eeb-488a-4f09-b43a-00ca3ec1ee27
2139,316000,34.20602488517761,0.99900075,0.999002,1.0,0.9960719999999998,0.0,0.0,0.0,0.0,0.0,0.0,0.0005,0.0,0.0,0.0,0.0005,0.0,0.0,0.0,0.002,0.9975,0.04629795038975885,1892,0.0008066995635699681,1.1465405032400816e-06,0.00017680437716108163,16,20,False,0.995,0.005,0.66,fixed,100,none,eefd7eeb-488a-4f09-b43a-00ca3ec1ee27
2140,316100,34.21780347824097,0.99900075,0.999002,1.0,0.9960719999999998,0.0,0.0,0.0,0.0,0.0,0.0,0.0005,0.0,0.0,0.0,0.0005,0.0,0.0,0.0,0.002,0.9975,0.04629795038975885,1892,0.0008065619651305233,1.1444013720177637e-06,0.00017677385042775493,16,20,False,0.995,0.005,0.66,fixed,100,none,eefd7eeb-488a-4f09-b43a-00ca3ec1ee27
2141,316400,34.22939205169678,0.99900075,0.999002,1.0,0.9960719999999998,0.0,0.0,0.0,0.0,0.0,0.0,0.0005,0.0,0.0,0.0,0.0005,0.0,0.0,0.0,0.002,0.9975,0.04629795038975885,1892,0.0008056565972509831,1.1461695503447797e-06,0.00017657600135280574,16,20,False,0.995,0.005,0.66,fixed,100,none,eefd7eeb-488a-4f09-b43a-00ca3ec1ee27
2142,316500,34.24101448059082,0.99900075,0.999002,1.0,0.9960719999999998,0.0,0.0,0.0,0.0,0.0,0.0,0.0005,0.0,0.0,0.0,0.0005,0.0,0.0,0.0,0.002,0.9975,0.04629795038975885,1892,0.0008054982550347819,1.1461125646736836e-06,0.00017654132941440176,16,20,False,0.995,0.005,0.66,fixed,100,none,eefd7eeb-488a-4f09-b43a-00ca3ec1ee27
2143,316800,34.25267791748047,0.99900075,0.999002,1.0,0.9960719999999998,0.0,0.0,0.0,0.0,0.0,0.0,0.0005,0.0,0.0,0.0,0.0005,0.0,0.0,0.0,0.002,0.9975,0.04629795038975885,1892,0.0008099399560172803,1.1551007031375745e-06,0.0001775153255057788,16,20,False,0.995,0.005,0.66,fixed,100,none,eefd7eeb-488a-4f09-b43a-00ca3ec1ee27
2144,316900,34.26463508605957,0.99900075,0.999002,1.0,0.9960719999999998,0.0,0.0,0.0,0.0,0.0,0.0,0.0005,0.0,0.0,0.0,0.0005,0.0,0.0,0.0,0.002,0.9975,0.04629795038975885,1892,0.0008099912700612065,1.1565423970995105e-06,0.00017752683207184703,16,20,False,0.995,0.005,0.66,fixed,100,none,eefd7eeb-488a-4f09-b43a-00ca3ec1ee27
2145,317100,34.27627944946289,0.99900075,0.999002,1.0,0.9960719999999998,0.0,0.0,0.0,0.0,0.0,0.0,0.0005,0.0,0.0,0.0,0.0005,0.0,0.0,0.0,0.002,0.9975,0.04629795038975885,1892,0.0008109155846217072,1.160437131104654e-06,0.0001777299045286016,16,20,False,0.995,0.005,0.66,fixed,100,none,eefd7eeb-488a-4f09-b43a-00ca3ec1ee27
2146,317200,34.28794503211975,0.99900075,0.999002,1.0,0.9960719999999998,0.0,0.0,0.0,0.0,0.0,0.0,0.0005,0.0,0.0,0.0,0.0005,0.0,0.0,0.0,0.002,0.9975,0.04629795038975885,1892,0.0008106669056914097,1.1611504197036864e-06,0.0001776756042355933,16,20,False,0.995,0.005,0.66,fixed,100,none,eefd7eeb-488a-4f09-b43a-00ca3ec1ee27
2147,317500,34.29970192909241,0.99900075,0.999002,1.0,0.9960719999999998,0.0,0.0,0.0,0.0,0.0,0.0,0.0005,0.0,0.0,0.0,0.0005,0.0,0.0,0.0,0.002,0.9975,0.04629795038975885,1892,0.0008115853755749746,1.1663627824954195e-06,0.0001778776476420361,16,20,False,0.995,0.005,0.66,fixed,100,none,eefd7eeb-488a-4f09-b43a-00ca3ec1ee27
2148,317600,34.31138634681702,0.99900075,0.999002,1.0,0.9960719999999998,0.0,0.0,0.0,0.0,0.0,0.0,0.0005,0.0,0.0,0.0,0.0005,0.0,0.0,0.0,0.002,0.9975,0.04629795038975885,1892,0.0008120584400979247,1.1677955967294296e-06,0.00017798147370081435,16,20,False,0.995,0.005,0.66,fixed,100,none,eefd7eeb-488a-4f09-b43a-00ca3ec1ee27
2149,317800,34.3234121799469,0.99900075,0.999002,1.0,0.9960719999999998,0.0,0.0,0.0,0.0,0.0,0.0,0.0005,0.0,0.0,0.0,0.0005,0.0,0.0,0.0,0.002,0.9975,0.045899711685228106,1893,0.0008145656895042204,1.1723876864694475e-06,0.00017853118309290306,16,20,False,0.995,0.005,0.66,fixed,100,none,eefd7eeb-488a-4f09-b43a-00ca3ec1ee27
2150,317900,34.3353111743927,0.99900075,0.999002,1.0,0.9960719999999998,0.0,0.0,0.0,0.0,0.0,0.0,0.0005,0.0,0.0,0.0,0.0005,0.0,0.0,0.0,0.002,0.9975,0.045899711685228106,1893,0.0008141110287575742,1.1697737398230684e-06,0.00017843116120559938,16,20,False,0.995,0.005,0.66,fixed,100,none,eefd7eeb-488a-4f09-b43a-00ca3ec1ee27
2151,318200,34.34698486328125,0.99900075,0.999002,1.0,0.9960719999999998,0.0,0.0,0.0,0.0,0.0,0.0,0.0005,0.0,0.0,0.0,0.0005,0.0,0.0,0.0,0.002,0.9975,0.045899711685228106,1893,0.0008154370932905348,1.1720495034225674e-06,0.00017872186912694837,16,20,False,0.995,0.005,0.66,fixed,100,none,eefd7eeb-488a-4f09-b43a-00ca3ec1ee27
2152,318300,34.35869288444519,0.99900075,0.999002,1.0,0.9960719999999998,0.0,0.0,0.0,0.0,0.0,0.0,0.0005,0.0,0.0,0.0,0.0005,0.0,0.0,0.0,0.002,0.9975,0.045899711685228106,1893,0.0008150473410294243,1.1727126369007377e-06,0.00017863667835235213,16,20,False,0.995,0.005,0.66,fixed,100,none,eefd7eeb-488a-4f09-b43a-00ca3ec1ee27
2153,318400,34.37031102180481,0.99900075,0.999002,1.0,0.9960719999999998,0.0,0.0,0.0,0.0,0.0,0.0,0.0005,0.0,0.0,0.0,0.0005,0.0,0.0,0.0,0.002,0.9975,0.045899711685228106,1893,0.0008146033293109912,1.172302507378718e-06,0.00017853940626257796,16,20,False,0.995,0.005,0.66,fixed,100,none,eefd7eeb-488a-4f09-b43a-00ca3ec1ee27
2154,318600,34.38205099105835,0.99900075,0.999002,1.0,0.9960719999999998,0.0,0.0,0.0,0.0,0.0,0.0,0.0005,0.0,0.0,0.0,0.0005,0.0,0.0,0.0,0.002,0.9975,0.045899711685228106,1893,0.0008162640091512642,1.1754327679762103e-06,0.00017890352382912721,16,20,False,0.995,0.005,0.66,fixed,100,none,eefd7eeb-488a-4f09-b43a-00ca3ec1ee27
2155,318700,34.393736839294434,0.99900075,0.999002,1.0,0.9960719999999998,0.0,0.0,0.0,0.0,0.0,0.0,0.0005,0.0,0.0,0.0,0.0005,0.0,0.0,0.0,0.002,0.9975,0.045899711685228106,1893,0.0008152664298880201,1.174557405963488e-06,0.00017868498740962067,16,20,False,0.995,0.005,0.66,fixed,100,none,eefd7eeb-488a-4f09-b43a-00ca3ec1ee27
2156,318900,34.40538716316223,0.99900075,0.999002,1.0,0.9960719999999998,0.0,0.0,0.0,0.0,0.0,0.0,0.0005,0.0,0.0,0.0,0.0005,0.0,0.0,0.0,0.002,0.9975,0.045899711685228106,1893,0.0008154895729614531,1.1753196333337498e-06,0.0001787339782515955,16,20,False,0.995,0.005,0.66,fixed,100,none,eefd7eeb-488a-4f09-b43a-00ca3ec1ee27
2157,319000,34.41701579093933,0.99900075,0.999002,1.0,0.9960719999999998,0.0,0.0,0.0,0.0,0.0,0.0,0.0005,0.0,0.0,0.0,0.0005,0.0,0.0,0.0,0.002,0.9975,0.045899711685228106,1893,0.0008161496067860656,1.1763987785077015e-06,0.0001788786646933862,16,20,False,0.995,0.005,0.66,fixed,100,none,eefd7eeb-488a-4f09-b43a-00ca3ec1ee27
2158,319300,34.42866778373718,0.99900075,0.999002,1.0,0.9960719999999998,0.0,0.0,0.0,0.0,0.0,0.0,0.0005,0.0,0.0,0.0,0.0005,0.0,0.0,0.0,0.002,0.9975,0.045899711685228106,1893,0.0008164057617273135,1.1742927834857104e-06,0.00017893433687097123,16,20,False,0.995,0.005,0.66,fixed,100,none,eefd7eeb-488a-4f09-b43a-00ca3ec1ee27
2159,319400,34.44037747383118,0.99900075,0.999002,1.0,0.9960719999999998,0.0,0.0,0.0,0.0,0.0,0.0,0.0005,0.0,0.0,0.0,0.0005,0.0,0.0,0.0,0.002,0.9975,0.04629795038975884,1892,0.0008166460105057878,1.1749326178465385e-06,0.0001789870488971078,16,20,False,0.995,0.005,0.66,fixed,100,none,eefd7eeb-488a-4f09-b43a-00ca3ec1ee27
2160,319600,34.45205879211426,0.99900075,0.999002,1.0,0.9960719999999998,0.0,0.0,0.0,0.0,0.0,0.0,0.0005,0.0,0.0,0.0,0.0005,0.0,0.0,0.0,0.002,0.9975,0.045899711685228106,1893,0.0008184314388351101,1.1764264045131418e-06,0.0001793781629778631,16,20,False,0.995,0.005,0.66,fixed,100,none,eefd7eeb-488a-4f09-b43a-00ca3ec1ee27
2161,319700,34.46365284919739,0.99900075,0.999002,1.0,0.9960719999999998,0.0,0.0,0.0,0.0,0.0,0.0,0.0005,0.0,0.0,0.0,0.0005,0.0,0.0,0.0,0.002,0.9975,0.045899711685228106,1893,0.0008190265269252813,1.1785462742161964e-06,0.00017950883053604517,16,20,False,0.995,0.005,0.66,fixed,100,none,eefd7eeb-488a-4f09-b43a-00ca3ec1ee27
2162,320000,34.475327014923096,0.99900075,0.999002,1.0,0.9960719999999998,0.0,0.0,0.0,0.0,0.0,0.0,0.0005,0.0,0.0,0.0,0.0005,0.0,0.0,0.0,0.002,0.9975,0.045899711685228106,1893,0.0008192374771865258,1.1806330761682202e-06,0.00017955540404060246,16,20,False,0.995,0.005,0.66,fixed,100,none,eefd7eeb-488a-4f09-b43a-00ca3ec1ee27
2163,320100,34.48684310913086,0.99900075,0.999002,1.0,0.9960719999999998,0.0,0.0,0.0,0.0,0.0,0.0,0.0005,0.0,0.0,0.0,0.0005,0.0,0.0,0.0,0.002,0.9975,0.045899711685228106,1893,0.0008205479008517993,1.1841397593095943e-06,0.0001798429220507277,16,20,False,0.995,0.005,0.66,fixed,100,none,eefd7eeb-488a-4f09-b43a-00ca3ec1ee27
2164,320400,34.49843215942383,0.99900075,0.999002,1.0,0.9960719999999998,0.0,0.0,0.0,0.0,0.0,0.0,0.0005,0.0,0.0,0.0,0.0005,0.0,0.0,0.0,0.002,0.9975,0.045899711685228106,1893,0.0008229314761820824,1.1867292088033863e-06,0.00018036517868593048,16,20,False,0.995,0.005,0.66,fixed,100,none,eefd7eeb-488a-4f09-b43a-00ca3ec1ee27
2165,320500,34.51000738143921,0.99900075,0.999002,1.0,0.9960719999999998,0.0,0.0,0.0,0.0,0.0,0.0,0.0005,0.0,0.0,0.0,0.0005,0.0,0.0,0.0,0.002,0.9975,0.045899711685228106,1893,0.0008233884963618171,1.1883103744823375e-06,0.00018046552082475343,16,20,False,0.995,0.005,0.66,fixed,100,none,eefd7eeb-488a-4f09-b43a-00ca3ec1ee27
2166,320700,34.52166390419006,0.99900075,0.999002,1.0,0.9960719999999998,0.0,0.0,0.0,0.0,0.0,0.0,0.0005,0.0,0.0,0.0,0.0005,0.0,0.0,0.0,0.002,0.9975,0.045899711685228106,1893,0.0008232409078517252,1.1877112840726726e-06,0.00018043309987271643,16,20,False,0.995,0.005,0.66,fixed,100,none,eefd7eeb-488a-4f09-b43a-00ca3ec1ee27
2167,320800,34.53327488899231,0.99900075,0.999002,1.0,0.9960719999999998,0.0,0.0,0.0,0.0,0.0,0.0,0.0005,0.0,0.0,0.0,0.0005,0.0,0.0,0.0,0.002,0.9975,0.045899711685228106,1893,0.0008216023406331032,1.1848531628626156e-06,0.0001800738744655302,16,20,False,0.995,0.005,0.66,fixed,100,none,eefd7eeb-488a-4f09-b43a-00ca3ec1ee27
2168,321000,34.54504346847534,0.99900075,0.999002,1.0,0.9960719999999998,0.0,0.0,0.0,0.0,0.0,0.0,0.0005,0.0,0.0,0.0,0.0005,0.0,0.0,0.0,0.002,0.9975,0.045899711685228106,1893,0.0008212326224880324,1.1843984615445194e-06,0.0001799928567703238,16,20,False,0.995,0.005,0.66,fixed,100,none,eefd7eeb-488a-4f09-b43a-00ca3ec1ee27
2169,321100,34.55667972564697,0.99900075,0.999002,1.0,0.9960719999999998,0.0,0.0,0.0,0.0,0.0,0.0,0.0005,0.0,0.0,0.0,0.0005,0.0,0.0,0.0,0.002,0.9975,0.045899711685228106,1893,0.0008228844594691715,1.18832066205006e-06,0.00018035518910359117,16,20,False,0.995,0.005,0.66,fixed,100,none,eefd7eeb-488a-4f09-b43a-00ca3ec1ee27
2170,321200,34.56833457946777,0.99900075,0.999002,1.0,0.9960719999999998,0.0,0.0,0.0,0.0,0.0,0.0,0.0005,0.0,0.0,0.0,0.0005,0.0,0.0,0.0,0.002,0.9975,0.045899711685228106,1893,0.0008218938156165342,1.186929461874998e-06,0.0001801380728362156,16,20,False,0.995,0.005,0.66,fixed,100,none,eefd7eeb-488a-4f09-b43a-00ca3ec1ee27
2171,321400,34.57991552352905,0.99900075,0.999002,1.0,0.9960719999999998,0.0,0.0,0.0,0.0,0.0,0.0,0.0005,0.0,0.0,0.0,0.0005,0.0,0.0,0.0,0.002,0.9975,0.045899711685228106,1893,0.0008238040278290859,1.1885943868736936e-06,0.0001805565346252929,16,20,False,0.995,0.005,0.66,fixed,100,none,eefd7eeb-488a-4f09-b43a-00ca3ec1ee27
2172,321500,34.59156775474548,0.99900075,0.999002,1.0,0.9960719999999998,0.0,0.0,0.0,0.0,0.0,0.0,0.0005,0.0,0.0,0.0,0.0005,0.0,0.0,0.0,0.002,0.9975,0.045899711685228106,1893,0.0008254278440682881,1.1933450647398552e-06,0.00018091289062884886,16,20,False,0.995,0.005,0.66,fixed,100,none,eefd7eeb-488a-4f09-b43a-00ca3ec1ee27
2173,321800,34.60344839096069,0.99900075,0.999002,1.0,0.9960719999999998,0.0,0.0,0.0,0.0,0.0,0.0,0.0005,0.0,0.0,0.0,0.0005,0.0,0.0,0.0,0.002,0.9975,0.045899711685228106,1893,0.0008253767117321978,1.1922643887716593e-06,0.0001809014924320447,16,20,False,0.995,0.005,0.66,fixed,100,none,eefd7eeb-488a-4f09-b43a-00ca3ec1ee27
2174,321900,34.615123987197876,0.99900075,0.999002,1.0,0.9960719999999998,0.0,0.0,0.0,0.0,0.0,0.0,0.0005,0.0,0.0,0.0,0.0005,0.0,0.0,0.0,0.002,0.9975,0.04629795038975884,1892,0.0008264423392745921,1.195380495887582e-06,0.00018113535036142685,16,20,False,0.995,0.005,0.66,fixed,100,none,eefd7eeb-488a-4f09-b43a-00ca3ec1ee27
2175,322200,34.626763105392456,0.99900075,0.999002,1.0,0.9960719999999998,0.0,0.0,0.0,0.0,0.0,0.0,0.0005,0.0,0.0,0.0,0.0005,0.0,0.0,0.0,0.002,0.9975,0.04629795038975884,1892,0.0008271141149316935,1.1959592266498638e-06,0.0001812825120116112,16,20,False,0.995,0.005,0.66,fixed,100,none,eefd7eeb-488a-4f09-b43a-00ca3ec1ee27
2176,322300,34.63831853866577,0.99900075,0.999002,1.0,0.9960719999999998,0.0,0.0,0.0,0.0,0.0,0.0,0.0005,0.0,0.0,0.0,0.0005,0.0,0.0,0.0,0.002,0.9975,0.04629795038975884,1892,0.0008271434996449379,1.1959655024863522e-06,0.0001812889455177493,16,20,False,0.995,0.005,0.66,fixed,100,none,eefd7eeb-488a-4f09-b43a-00ca3ec1ee27
2177,322500,34.64990758895874,0.99900075,0.999002,1.0,0.9960719999999998,0.0,0.0,0.0,0.0,0.0,0.0,0.0005,0.0,0.0,0.0,0.0005,0.0,0.0,0.0,0.002,0.9975,0.04629795038975884,1892,0.0008288294257621924,1.1999969799474696e-06,0.00018165876072553396,16,20,False,0.995,0.005,0.66,fixed,100,none,eefd7eeb-488a-4f09-b43a-00ca3ec1ee27
2178,322600,34.661625623703,0.99900075,0.999002,1.0,0.9960719999999998,0.0,0.0,0.0,0.0,0.0,0.0,0.0005,0.0,0.0,0.0,0.0005,0.0,0.0,0.0,0.002,0.9975,0.04629795038975884,1892,0.0008284364532554793,1.2009575952692316e-06,0.00018157292156072556,16,20,False,0.995,0.005,0.66,fixed,100,none,eefd7eeb-488a-4f09-b43a-00ca3ec1ee27
2179,322900,34.673799991607666,0.99900075,0.999002,1.0,0.9960719999999998,0.0,0.0,0.0,0.0,0.0,0.0,0.0005,0.0,0.0,0.0,0.0005,0.0,0.0,0.0,0.002,0.9975,0.04629795038975884,1892,0.0008301915780929523,1.2036493035713676e-06,0.00018195762981222582,16,20,False,0.995,0.005,0.66,fixed,100,none,eefd7eeb-488a-4f09-b43a-00ca3ec1ee27
2180,323000,34.6854681968689,0.99900075,0.999002,1.0,0.9960719999999998,0.0,0.0,0.0,0.0,0.0,0.0,0.0005,0.0,0.0,0.0,0.0005,0.0,0.0,0.0,0.002,0.9975,0.04629795038975884,1892,0.0008297764642179923,1.2018924010232332e-06,0.00018186642757351296,16,20,False,0.995,0.005,0.66,fixed,100,none,eefd7eeb-488a-4f09-b43a-00ca3ec1ee27
2181,323200,34.697126626968384,0.99900075,0.999002,1.0,0.9960719999999998,0.0,0.0,0.0,0.0,0.0,0.0,0.0005,0.0,0.0,0.0,0.0005,0.0,0.0,0.0,0.002,0.9975,0.04629795038975884,1892,0.0008313141309741882,1.2048715939393998e-06,0.0001822035888730983,16,20,False,0.995,0.005,0.66,fixed,100,none,eefd7eeb-488a-4f09-b43a-00ca3ec1ee27
2182,323300,34.70922088623047,0.99900075,0.999002,1.0,0.9960719999999998,0.0,0.0,0.0,0.0,0.0,0.0,0.0005,0.0,0.0,0.0,0.0005,0.0,0.0,0.0,0.002,0.9975,0.04629795038975884,1892,0.0008313141309741882,1.2048715939393998e-06,0.0001822035888730983,16,20,False,0.995,0.005,0.66,fixed,100,none,eefd7eeb-488a-4f09-b43a-00ca3ec1ee27
2183,323600,34.72096800804138,0.99900075,0.999002,1.0,0.9960719999999998,0.0,0.0,0.0,0.0,0.0,0.0,0.0005,0.0,0.0,0.0,0.0005,0.0,0.0,0.0,0.002,0.9975,0.04629795038975885,1892,0.0008329028484493842,1.2070889305737133e-06,0.0001825517804223792,16,20,False,0.995,0.005,0.66,fixed,100,none,eefd7eeb-488a-4f09-b43a-00ca3ec1ee27
2184,323700,34.73255777359009,0.99900075,0.999002,1.0,0.9960719999999998,0.0,0.0,0.0,0.0,0.0,0.0,0.0005,0.0,0.0,0.0,0.0005,0.0,0.0,0.0,0.002,0.9975,0.045899711685228106,1893,0.0008331158781382923,1.2078772267884057e-06,0.000182598562397562,16,20,False,0.995,0.005,0.66,fixed,100,none,eefd7eeb-488a-4f09-b43a-00ca3ec1ee27
2185,324000,34.744099140167236,0.99900075,0.999002,1.0,0.9960719999999998,0.0,0.0,0.0,0.0,0.0,0.0,0.0005,0.0,0.0,0.0,0.0005,0.0,0.0,0.0,0.002,0.9975,0.04629795038975885,1892,0.0008334109667757716,1.2138800825612465e-06,0.00018266429784290304,16,20,False,0.995,0.005,0.66,fixed,100,none,eefd7eeb-488a-4f09-b43a-00ca3ec1ee27
2186,324100,34.755813121795654,0.99900075,0.999002,1.0,0.9960719999999998,0.0,0.0,0.0,0.0,0.0,0.0,0.0005,0.0,0.0,0.0,0.0005,0.0,0.0,0.0,0.002,0.9975,0.045899711685228106,1893,0.0008354919468433659,1.2195613239615026e-06,0.00018312090381556552,16,20,False,0.995,0.005,0.66,fixed,100,none,eefd7eeb-488a-4f09-b43a-00ca3ec1ee27
2187,324300,34.76744508743286,0.99900075,0.999002,1.0,0.9960719999999998,0.0,0.0,0.0,0.0,0.0,0.0,0.0005,0.0,0.0,0.0,0.0005,0.0,0.0,0.0,0.002,0.9975,0.045899711685228106,1893,0.0008350990757168049,1.2198095386861984e-06,0.00018303495148675895,16,20,False,0.995,0.005,0.66,fixed,100,none,eefd7eeb-488a-4f09-b43a-00ca3ec1ee27
2188,324400,34.77922773361206,0.99900075,0.999002,1.0,0.9960719999999998,0.0,0.0,0.0,0.0,0.0,0.0,0.0005,0.0,0.0,0.0,0.0005,0.0,0.0,0.0,0.002,0.9975,0.04629795038975885,1892,0.000834679422371142,1.2190284606337742e-06,0.0001829429409645634,16,20,False,0.995,0.005,0.66,fixed,100,none,eefd7eeb-488a-4f09-b43a-00ca3ec1ee27
2189,324700,34.79085993766785,0.99900075,0.999002,1.0,0.9960719999999998,0.0,0.0,0.0,0.0,0.0,0.0,0.0005,0.0,0.0,0.0,0.0005,0.0,0.0,0.0,0.002,0.9975,0.04629795038975885,1892,0.0008365056866639925,1.2252693732753496e-06,0.00018334389599167027,16,20,False,0.995,0.005,0.66,fixed,100,none,eefd7eeb-488a-4f09-b43a-00ca3ec1ee27
2190,324800,34.80243968963623,0.99900075,0.999002,1.0,0.9960719999999998,0.0,0.0,0.0,0.0,0.0,0.0,0.0005,0.0,0.0,0.0,0.0005,0.0,0.0,0.0,0.002,0.9975,0.04629795038975885,1892,0.0008380171370344586,1.2277616287772102e-06,0.00018367522600631065,16,20,False,0.995,0.005,0.66,fixed,100,none,eefd7eeb-488a-4f09-b43a-00ca3ec1ee27
2191,325000,34.81395173072815,0.99900075,0.999002,1.0,0.9960719999999998,0.0,0.0,0.0,0.0,0.0,0.0,0.0005,0.0,0.0,0.0,0.0005,0.0,0.0,0.0,0.002,0.9975,0.04669518407547692,1891,0.0008394789181204779,1.2319531787236162e-06,0.00018399600628053012,16,20,False,0.995,0.005,0.66,fixed,100,none,eefd7eeb-488a-4f09-b43a-00ca3ec1ee27
2192,325100,34.82588171958923,0.99900075,0.999002,1.0,0.9960719999999998,0.0,0.0,0.0,0.0,0.0,0.0,0.0005,0.0,0.0,0.0,0.0005,0.0,0.0,0.0,0.002,0.9975,0.04669518407547692,1891,0.0008385855003330379,1.2315443716704064e-06,0.00018380035945351938,16,20,False,0.995,0.005,0.66,fixed,100,none,eefd7eeb-488a-4f09-b43a-00ca3ec1ee27
2193,325400,34.83751654624939,0.99900075,0.999002,1.0,0.9960719999999998,0.0,0.0,0.0,0.0,0.0,0.0,0.0005,0.0,0.0,0.0,0.0005,0.0,0.0,0.0,0.002,0.9975,0.046297950389758855,1892,0.0008398156488520016,1.233745438750352e-06,0.00018407005716706572,16,20,False,0.995,0.005,0.66,fixed,100,none,eefd7eeb-488a-4f09-b43a-00ca3ec1ee27
2194,325500,34.849092960357666,0.99900075,0.999002,1.0,0.9960719999999998,0.0,0.0,0.0,0.0,0.0,0.0,0.0005,0.0,0.0,0.0,0.0005,0.0,0.0,0.0,0.002,0.9975,0.046297950389758855,1892,0.0008418827769119918,1.2385790284834193e-06,0.00018452346988144687,16,20,False,0.995,0.005,0.66,fixed,100,none,eefd7eeb-488a-4f09-b43a-00ca3ec1ee27
2195,325800,34.86073708534241,0.99900075,0.999002,1.0,0.9960719999999998,0.0,0.0,0.0,0.0,0.0,0.0,0.0005,0.0,0.0,0.0,0.0005,0.0,0.0,0.0,0.002,0.9975,0.046297950389758855,1892,0.0008423089555891456,1.2397391699840707e-06,0.00018461698082076098,16,20,False,0.995,0.005,0.66,fixed,100,none,eefd7eeb-488a-4f09-b43a-00ca3ec1ee27
2196,325900,34.87239193916321,0.99900075,0.999002,1.0,0.9960719999999998,0.0,0.0,0.0,0.0,0.0,0.0,0.0005,0.0,0.0,0.0,0.0005,0.0,0.0,0.0,0.002,0.9975,0.046297950389758855,1892,0.00084279068620298,1.2418504706685085e-06,0.00018472283279925933,16,20,False,0.995,0.005,0.66,fixed,100,none,eefd7eeb-488a-4f09-b43a-00ca3ec1ee27
2197,326100,34.884095191955566,0.99900075,0.999002,1.0,0.9960719999999998,0.0,0.0,0.0,0.0,0.0,0.0,0.0005,0.0,0.0,0.0,0.0005,0.0,0.0,0.0,0.002,0.9975,0.045899711685228106,1893,0.0008423228646872639,1.2417700834593959e-06,0.00018462041139589934,16,20,False,0.995,0.005,0.66,fixed,100,none,eefd7eeb-488a-4f09-b43a-00ca3ec1ee27
2198,326200,34.89580774307251,0.99900075,0.999002,1.0,0.9960719999999998,0.0,0.0,0.0,0.0,0.0,0.0,0.0005,0.0,0.0,0.0,0.0005,0.0,0.0,0.0,0.002,0.9975,0.045899711685228106,1893,0.0008420433730064354,1.242345657315921e-06,0.00018455934002599875,16,20,False,0.995,0.005,0.66,fixed,100,none,eefd7eeb-488a-4f09-b43a-00ca3ec1ee27
2199,326300,34.907554149627686,0.99900075,0.999002,1.0,0.9960719999999998,0.0,0.0,0.0,0.0,0.0,0.0,0.0005,0.0,0.0,0.0,0.0005,0.0,0.0,0.0,0.002,0.9975,0.045899711685228106,1893,0.0008406491747446129,1.241607428454993e-06,0.00018425400976300224,16,20,False,0.995,0.005,0.66,fixed,100,none,eefd7eeb-488a-4f09-b43a-00ca3ec1ee27
2200,326400,34.91920447349548,0.99900075,0.999002,1.0,0.9960719999999998,0.0,0.0,0.0,0.0,0.0,0.0,0.0005,0.0,0.0,0.0,0.0005,0.0,0.0,0.0,0.002,0.9975,0.045899711685228106,1893,0.000840495414194661,1.2408141330746392e-06,0.00018422020085249546,16,20,False,0.995,0.005,0.66,fixed,100,none,eefd7eeb-488a-4f09-b43a-00ca3ec1ee27
2201,326500,34.931092262268066,0.99900075,0.999002,1.0,0.9960719999999998,0.0,0.0,0.0,0.0,0.0,0.0,0.0005,0.0,0.0,0.0,0.0005,0.0,0.0,0.0,0.002,0.9975,0.045899711685228106,1893,0.000839430081736304,1.2399682306293662e-06,0.00018398683885589653,16,20,False,0.995,0.005,0.66,fixed,100,none,eefd7eeb-488a-4f09-b43a-00ca3ec1ee27
2202,326600,34.94308876991272,0.99900075,0.999002,1.0,0.9960719999999998,0.0,0.0,0.0,0.0,0.0,0.0,0.0005,0.0,0.0,0.0,0.0005,0.0,0.0,0.0,0.002,0.9975,0.045899711685228106,1893,0.00084029341163877,1.2417219208550207e-06,0.0001841761549726892,16,20,False,0.995,0.005,0.66,fixed,100,none,eefd7eeb-488a-4f09-b43a-00ca3ec1ee27
2203,326800,34.95476961135864,0.99900075,0.999002,1.0,0.9960719999999998,0.0,0.0,0.0,0.0,0.0,0.0,0.0005,0.0,0.0,0.0,0.0005,0.0,0.0,0.0,0.002,0.9975,0.045500467961884665,1894,0.000840282566089674,1.241913151851299e-06,0.00018417381721588138,16,20,False,0.995,0.005,0.66,fixed,100,none,eefd7eeb-488a-4f09-b43a-00ca3ec1ee27
2204,326900,34.96637725830078,0.99900075,0.999002,1.0,0.9960719999999998,0.0,0.0,0.0,0.0,0.0,0.0,0.0005,0.0,0.0,0.0,0.0005,0.0,0.0,0.0,0.002,0.9975,0.04669518407547692,1891,0.0008412173483830895,1.244425968585736e-06,0.0001843789184950896,16,20,False,0.995,0.005,0.66,fixed,100,none,eefd7eeb-488a-4f09-b43a-00ca3ec1ee27
2205,327200,34.97804522514343,0.99900075,0.999002,1.0,0.9960719999999998,0.0,0.0,0.0,0.0,0.0,0.0,0.0005,0.0,0.0,0.0,0.0005,0.0,0.0,0.0,0.002,0.9975,0.045899711685228106,1893,0.0008420017792411154,1.244612802334567e-06,0.00018455066590832375,16,20,False,0.995,0.005,0.66,fixed,100,none,eefd7eeb-488a-4f09-b43a-00ca3ec1ee27
2206,327300,34.98962616920471,0.99900075,0.999002,1.0,0.9960719999999998,0.0,0.0,0.0,0.0,0.0,0.0,0.0005,0.0,0.0,0.0,0.0005,0.0,0.0,0.0,0.002,0.9975,0.04629795038975885,1892,0.0008419852819169605,1.2423355068113447e-06,0.00018454662195791684,16,20,False,0.995,0.005,0.66,fixed,100,none,eefd7eeb-488a-4f09-b43a-00ca3ec1ee27
2207,327600,35.00119924545288,0.99900075,0.999002,1.0,0.9960719999999998,0.0,0.0,0.0,0.0,0.0,0.0,0.0005,0.0,0.0,0.0,0.0005,0.0,0.0,0.0,0.002,0.9975,0.04550046796188467,1894,0.0008426737327833875,1.243782246723564e-06,0.00018469759873316103,16,20,False,0.995,0.005,0.66,fixed,100,none,eefd7eeb-488a-4f09-b43a-00ca3ec1ee27
2208,327700,35.01287269592285,0.99900075,0.999002,1.0,0.9960719999999998,0.0,0.0,0.0,0.0,0.0,0.0,0.0005,0.0,0.0,0.0,0.0005,0.0,0.0,0.0,0.002,0.9975,0.04550046796188467,1894,0.0008431861085826418,1.2456074002913928e-06,0.00018481010457479567,16,20,False,0.995,0.005,0.66,fixed,100,none,eefd7eeb-488a-4f09-b43a-00ca3ec1ee27
2209,327900,35.024784564971924,0.99900075,0.999002,1.0,0.9960719999999998,0.0,0.0,0.0,0.0,0.0,0.0,0.0005,0.0,0.0,0.0,0.0005,0.0,0.0,0.0,0.002,0.9975,0.045899711685228106,1893,0.0008428757861004744,1.2437522584370962e-06,0.0001847418225064969,16,20,False,0.995,0.005,0.66,fixed,100,none,eefd7eeb-488a-4f09-b43a-00ca3ec1ee27
2210,328000,35.03632211685181,0.99900075,0.999002,1.0,0.9960719999999998,0.0,0.0,0.0,0.0,0.0,0.0,0.0005,0.0,0.0,0.0,0.0005,0.0,0.0,0.0,0.002,0.9975,0.04550046796188467,1894,0.0008424798951963429,1.2429510716964176e-06,0.00018465500976210178,16,20,False,0.995,0.005,0.66,fixed,100,none,eefd7eeb-488a-4f09-b43a-00ca3ec1ee27
2211,328300,35.04801869392395,0.99900075,0.999002,1.0,0.9960719999999998,0.0,0.0,0.0,0.0,0.0,0.0,0.0005,0.0,0.0,0.0,0.0005,0.0,0.0,0.0,0.002,0.9975,0.04550046796188467,1894,0.0008422281573553785,1.2426558019458623e-06,0.00018459984824746207,16,20,False,0.995,0.005,0.66,fixed,100,none,eefd7eeb-488a-4f09-b43a-00ca3ec1ee27
2212,328400,35.05963134765625,0.99900075,0.999002,1.0,0.9960719999999998,0.0,0.0,0.0,0.0,0.0,0.0,0.0005,0.0,0.0,0.0,0.0005,0.0,0.0,0.0,0.002,0.9975,0.045899711685228106,1893,0.0008433593945844246,1.2437240237982437e-06,0.00018484767903905223,16,20,False,0.995,0.005,0.66,fixed,100,none,eefd7eeb-488a-4f09-b43a-00ca3ec1ee27
2213,328600,35.07167100906372,0.99900075,0.999002,1.0,0.9960719999999998,0.0,0.0,0.0,0.0,0.0,0.0,0.0005,0.0,0.0,0.0,0.0005,0.0,0.0,0.0,0.002,0.9975,0.045899711685228106,1893,0.0008438738435226962,1.2444614953810662e-06,0.00018496043203124063,16,20,False,0.995,0.005,0.66,fixed,100,none,eefd7eeb-488a-4f09-b43a-00ca3ec1ee27
2214,328700,35.08328914642334,0.99900075,0.999002,1.0,0.9960719999999998,0.0,0.0,0.0,0.0,0.0,0.0,0.0005,0.0,0.0,0.0,0.0005,0.0,0.0,0.0,0.002,0.9975,0.045899711685228106,1893,0.0008438907737203476,1.245538310023986e-06,0.00018496434264628865,16,20,False,0.995,0.005,0.66,fixed,100,none,eefd7eeb-488a-4f09-b43a-00ca3ec1ee27
2215,329000,35.09490394592285,0.99900075,0.999002,1.0,0.9960719999999998,0.0,0.0,0.0,0.0,0.0,0.0,0.0005,0.0,0.0,0.0,0.0005,0.0,0.0,0.0,0.002,0.9975,0.04550046796188467,1894,0.0008444410118798895,1.2466787863717767e-06,0.00018508500646991847,16,20,False,0.995,0.005,0.66,fixed,100,none,eefd7eeb-488a-4f09-b43a-00ca3ec1ee27
2216,329100,35.10659956932068,0.99900075,0.999002,1.0,0.9960719999999998,0.0,0.0,0.0,0.0,0.0,0.0,0.0005,0.0,0.0,0.0,0.0005,0.0,0.0,0.0,0.002,0.9975,0.04510021921972853,1895,0.0008445085739286693,1.2487170491273198e-06,0.00018510018307231992,16,20,False,0.995,0.005,0.66,fixed,100,none,eefd7eeb-488a-4f09-b43a-00ca3ec1ee27
2217,329400,35.1186785697937,0.99900075,0.999002,1.0,0.9960719999999998,0.0,0.0,0.0,0.0,0.0,0.0,0.0005,0.0,0.0,0.0,0.0005,0.0,0.0,0.0,0.002,0.9975,0.04510021921972853,1895,0.000845178345422675,1.252116394365261e-06,0.00018524744192795296,16,20,False,0.995,0.005,0.66,fixed,100,none,eefd7eeb-488a-4f09-b43a-00ca3ec1ee27
2218,329500,35.13111639022827,0.99900075,0.999002,1.0,0.9960719999999998,0.0,0.0,0.0,0.0,0.0,0.0,0.0005,0.0,0.0,0.0,0.0005,0.0,0.0,0.0,0.002,0.9975,0.04510021921972853,1895,0.0008450315343561035,1.2518763041517756e-06,0.0001852152593683399,16,20,False,0.995,0.005,0.66,fixed,100,none,eefd7eeb-488a-4f09-b43a-00ca3ec1ee27
2219,329700,35.14305901527405,0.99900075,0.999002,1.0,0.9960719999999998,0.0,0.0,0.0,0.0,0.0,0.0,0.0005,0.0,0.0,0.0,0.0005,0.0,0.0,0.0,0.002,0.9975,0.04469896545875967,1896,0.00084605992503235,1.2523468444812061e-06,0.00018544046349003285,16,20,False,0.995,0.005,0.66,fixed,100,none,eefd7eeb-488a-4f09-b43a-00ca3ec1ee27
2220,329800,35.15508055686951,0.99900075,0.999002,1.0,0.9960719999999998,0.0,0.0,0.0,0.0,0.0,0.0,0.0005,0.0,0.0,0.0,0.0005,0.0,0.0,0.0,0.002,0.9975,0.04469896545875967,1896,0.0008463140854898006,1.2548901203403315e-06,0.000185496582436582,16,20,False,0.995,0.005,0.66,fixed,100,none,eefd7eeb-488a-4f09-b43a-00ca3ec1ee27
2221,330100,35.166770696640015,0.99900075,0.999002,1.0,0.9960719999999998,0.0,0.0,0.0,0.0,0.0,0.0,0.0005,0.0,0.0,0.0,0.0005,0.0,0.0,0.0,0.002,0.9975,0.04469896545875967,1896,0.0008466766384434153,1.2573812799217446e-06,0.00018557641859844875,16,20,False,0.995,0.005,0.66,fixed,100,none,eefd7eeb-488a-4f09-b43a-00ca3ec1ee27
2222,330200,35.178449869155884,0.99900075,0.999002,1.0,0.9960719999999998,0.0,0.0,0.0,0.0,0.0,0.0,0.0005,0.0,0.0,0.0,0.0005,0.0,0.0,0.0,0.002,0.9975,0.045500467961884665,1894,0.0008451059637719735,1.255937187088339e-06,0.0001852323235352318,16,20,False,0.995,0.005,0.66,fixed,100,none,eefd7eeb-488a-4f09-b43a-00ca3ec1ee27
2223,330500,35.1903772354126,0.99900075,0.999002,1.0,0.9960719999999998,0.0,0.0,0.0,0.0,0.0,0.0,0.0005,0.0,0.0,0.0,0.0005,0.0,0.0,0.0,0.002,0.9975,0.045100219219728524,1895,0.0008503400600550644,1.2656650940452498e-06,0.00018637991551392219,16,20,False,0.995,0.005,0.66,fixed,100,none,eefd7eeb-488a-4f09-b43a-00ca3ec1ee27
2224,330600,35.20333385467529,0.99900075,0.999002,1.0,0.9960719999999998,0.0,0.0,0.0,0.0,0.0,0.0,0.0005,0.0,0.0,0.0,0.0005,0.0,0.0,0.0,0.002,0.9975,0.045100219219728524,1895,0.0008509556815042043,1.2673690707680945e-06,0.00018651499880471627,16,20,False,0.995,0.005,0.66,fixed,100,none,eefd7eeb-488a-4f09-b43a-00ca3ec1ee27
2225,330800,35.21513557434082,0.99900075,0.999002,1.0,0.9960719999999998,0.0,0.0,0.0,0.0,0.0,0.0,0.0005,0.0,0.0,0.0,0.0005,0.0,0.0,0.0,0.002,0.9975,0.045100219219728524,1895,0.0008506739730861406,1.267654873389603e-06,0.00018645338713450018,16,20,False,0.995,0.005,0.66,fixed,100,none,eefd7eeb-488a-4f09-b43a-00ca3ec1ee27
2226,330900,35.22676420211792,0.99900075,0.999002,1.0,0.9960719999999998,0.0,0.0,0.0,0.0,0.0,0.0,0.0005,0.0,0.0,0.0,0.0005,0.0,0.0,0.0,0.002,0.9975,0.045100219219728524,1895,0.0008513467141273414,1.2701168688509015e-06,0.00018660111792755671,16,20,False,0.995,0.005,0.66,fixed,100,none,eefd7eeb-488a-4f09-b43a-00ca3ec1ee27
2227,331200,35.238372564315796,0.99900075,0.999002,1.0,0.9960719999999998,0.0,0.0,0.0,0.0,0.0,0.0,0.0005,0.0,0.0,0.0,0.0005,0.0,0.0,0.0,0.002,0.9975,0.045100219219728524,1895,0.000852341798955269,1.2701964579394206e-06,0.0001868189571183169,16,20,False,0.995,0.005,0.66,fixed,100,none,eefd7eeb-488a-4f09-b43a-00ca3ec1ee27
2228,331300,35.25001573562622,0.99900075,0.999002,1.0,0.9960719999999998,0.0,0.0,0.0,0.0,0.0,0.0,0.0005,0.0,0.0,0.0,0.0005,0.0,0.0,0.0,0.002,0.9975,0.04469896545875967,1896,0.0008537973874611661,1.2742857195838988e-06,0.00018713836240197022,16,20,False,0.995,0.005,0.66,fixed,100,none,eefd7eeb-488a-4f09-b43a-00ca3ec1ee27
2229,331500,35.2616548538208,0.99900075,0.999002,1.0,0.9960719999999998,0.0,0.0,0.0,0.0,0.0,0.0,0.0005,0.0,0.0,0.0,0.0005,0.0,0.0,0.0,0.002,0.9975,0.045100219219728524,1895,0.0008539567314442598,1.2738186708250727e-06,0.00018717315406060523,16,20,False,0.995,0.005,0.66,fixed,100,none,eefd7eeb-488a-4f09-b43a-00ca3ec1ee27
2230,331600,35.27325105667114,0.99900075,0.999002,1.0,0.9960719999999998,0.0,0.0,0.0,0.0,0.0,0.0,0.0005,0.0,0.0,0.0,0.0005,0.0,0.0,0.0,0.002,0.9975,0.045100219219728524,1895,0.0008539567314442598,1.2738186708250727e-06,0.00018717315406060523,16,20,False,0.995,0.005,0.66,fixed,100,none,eefd7eeb-488a-4f09-b43a-00ca3ec1ee27
2231,331700,35.28481125831604,0.99900075,0.999002,1.0,0.9960719999999998,0.0,0.0,0.0,0.0,0.0,0.0,0.0005,0.0,0.0,0.0,0.0005,0.0,0.0,0.0,0.002,0.9975,0.045100219219728524,1895,0.0008528627600192275,1.2722094662146067e-06,0.00018693337796678967,16,20,False,0.995,0.005,0.66,fixed,100,none,eefd7eeb-488a-4f09-b43a-00ca3ec1ee27
2232,331800,35.296456813812256,0.99900075,0.999002,1.0,0.9960719999999998,0.0,0.0,0.0,0.0,0.0,0.0,0.0005,0.0,0.0,0.0,0.0005,0.0,0.0,0.0,0.002,0.9975,0.045100219219728524,1895,0.0008523479939768495,1.2710269554002225e-06,0.00018682047100305842,16,20,False,0.995,0.005,0.66,fixed,100,none,eefd7eeb-488a-4f09-b43a-00ca3ec1ee27
2233,331900,35.30807018280029,0.99900075,0.999002,1.0,0.9960719999999998,0.0,0.0,0.0,0.0,0.0,0.0,0.0005,0.0,0.0,0.0,0.0005,0.0,0.0,0.0,0.002,0.9975,0.045100219219728524,1895,0.0008524648064243902,1.272174814171763e-06,0.00018684625934099164,16,20,False,0.995,0.005,0.66,fixed,100,none,eefd7eeb-488a-4f09-b43a-00ca3ec1ee27
2234,332000,35.31971788406372,0.99900075,0.999002,1.0,0.9960719999999998,0.0,0.0,0.0,0.0,0.0,0.0,0.0005,0.0,0.0,0.0,0.0005,0.0,0.0,0.0,0.002,0.9975,0.045100219219728524,1895,0.0008527892487862075,1.2707156410403408e-06,0.0001869170025310985,16,20,False,0.995,0.005,0.66,fixed,100,none,eefd7eeb-488a-4f09-b43a-00ca3ec1ee27
2235,332300,35.33129382133484,0.99900075,0.999002,1.0,0.9960719999999998,0.0,0.0,0.0,0.0,0.0,0.0,0.0005,0.0,0.0,0.0,0.0005,0.0,0.0,0.0,0.002,0.9975,0.04510021921972853,1895,0.0008568335999621236,1.2797419794115006e-06,0.00018780402600779706,16,20,False,0.995,0.005,0.66,fixed,100,none,eefd7eeb-488a-4f09-b43a-00ca3ec1ee27
2236,332400,35.34291696548462,0.99900075,0.999002,1.0,0.9960719999999998,0.0,0.0,0.0,0.0,0.0,0.0,0.0005,0.0,0.0,0.0,0.0005,0.0,0.0,0.0,0.002,0.9975,0.045100219219728524,1895,0.0008585670277788804,1.2837948519227329e-06,0.00018818424340266227,16,20,False,0.995,0.005,0.66,fixed,100,none,eefd7eeb-488a-4f09-b43a-00ca3ec1ee27
2237,332600,35.354552030563354,0.99900075,0.999002,1.0,0.9960719999999998,0.0,0.0,0.0,0.0,0.0,0.0,0.0005,0.0,0.0,0.0,0.0005,0.0,0.0,0.0,0.002,0.9975,0.045100219219728524,1895,0.0008593635187466246,1.2860563840234317e-06,0.00018835902496660057,16,20,False,0.995,0.005,0.66,fixed,100,none,eefd7eeb-488a-4f09-b43a-00ca3ec1ee27
2238,332700,35.366647243499756,0.99900075,0.999002,1.0,0.9960719999999998,0.0,0.0,0.0,0.0,0.0,0.0,0.0005,0.0,0.0,0.0,0.0005,0.0,0.0,0.0,0.002,0.9975,0.045100219219728524,1895,0.0008584252801483984,1.2867470853436103e-06,0.00018815377577069973,16,20,False,0.995,0.005,0.66,fixed,100,none,eefd7eeb-488a-4f09-b43a-00ca3ec1ee27
2239,333000,35.37825345993042,0.99900075,0.999002,1.0,0.9960719999999998,0.0,0.0,0.0,0.0,0.0,0.0,0.0005,0.0,0.0,0.0,0.0005,0.0,0.0,0.0,0.002,0.9975,0.04510021921972853,1895,0.0008584898508195892,1.2874686349916747e-06,0.0001881680473850565,16,20,False,0.995,0.005,0.66,fixed,100,none,eefd7eeb-488a-4f09-b43a-00ca3ec1ee27
2240,333100,35.389970779418945,0.99900075,0.999002,1.0,0.9960719999999998,0.0,0.0,0.0,0.0,0.0,0.0,0.0005,0.0,0.0,0.0,0.0005,0.0,0.0,0.0,0.002,0.9975,0.04550046796188467,1894,0.0008573318170215538,1.2872029692437507e-06,0.00018791450331017445,16,20,False,0.995,0.005,0.66,fixed,100,none,eefd7eeb-488a-4f09-b43a-00ca3ec1ee27
2241,333300,35.40168380737305,0.99900075,0.999002,1.0,0.9960719999999998,0.0,0.0,0.0,0.0,0.0,0.0,0.0005,0.0,0.0,0.0,0.0005,0.0,0.0,0.0,0.002,0.9975,0.04550046796188467,1894,0.0008567526391610519,1.2874568268777799e-06,0.00018778776950946106,16,20,False,0.995,0.005,0.66,fixed,100,none,eefd7eeb-488a-4f09-b43a-00ca3ec1ee27
2242,333400,35.41334414482117,0.99900075,0.999002,1.0,0.9960719999999998,0.0,0.0,0.0,0.0,0.0,0.0,0.0005,0.0,0.0,0.0,0.0005,0.0,0.0,0.0,0.002,0.9975,0.045100219219728524,1895,0.0008581627416060882,1.2897074014127962e-06,0.00018809686854384113,16,20,False,0.995,0.005,0.66,fixed,100,none,eefd7eeb-488a-4f09-b43a-00ca3ec1ee27
2243,333700,35.42555260658264,0.99900075,0.999002,1.0,0.9960719999999998,0.0,0.0,0.0,0.0,0.0,0.0,0.0005,0.0,0.0,0.0,0.0005,0.0,0.0,0.0,0.002,0.9975,0.04550046796188467,1894,0.0008582502152019096,1.2898093811203614e-06,0.0001881160358901109,16,20,False,0.995,0.005,0.66,fixed,100,none,eefd7eeb-488a-4f09-b43a-00ca3ec1ee27
2244,333800,35.43722343444824,0.99900075,0.999002,1.0,0.9960719999999998,0.0,0.0,0.0,0.0,0.0,0.0,0.0005,0.0,0.0,0.0,0.0005,0.0,0.0,0.0,0.002,0.9975,0.04550046796188467,1894,0.0008582502152019096,1.2898093811203614e-06,0.0001881160358901109,16,20,False,0.995,0.005,0.66,fixed,100,none,eefd7eeb-488a-4f09-b43a-00ca3ec1ee27
2245,334100,35.448888063430786,0.99900075,0.999002,1.0,0.9960719999999998,0.0,0.0,0.0,0.0,0.0,0.0,0.0005,0.0,0.0,0.0,0.0005,0.0,0.0,0.0,0.002,0.9975,0.04550046796188467,1894,0.0008568373282883272,1.285842290733423e-06,0.0001878060011975542,16,20,False,0.995,0.005,0.66,fixed,100,none,eefd7eeb-488a-4f09-b43a-00ca3ec1ee27
2246,334200,35.46095633506775,0.99900075,0.999002,1.0,0.9960719999999998,0.0,0.0,0.0,0.0,0.0,0.0,0.0005,0.0,0.0,0.0,0.0005,0.0,0.0,0.0,0.002,0.9975,0.04550046796188467,1894,0.0008563418690696234,1.284888251593658e-06,0.00018769736390714334,16,20,False,0.995,0.005,0.66,fixed,100,none,eefd7eeb-488a-4f09-b43a-00ca3ec1ee27
2247,334400,35.47260284423828,0.99900075,0.999002,1.0,0.9960719999999998,0.0,0.0,0.0,0.0,0.0,0.0,0.0005,0.0,0.0,0.0,0.0005,0.0,0.0,0.0,0.002,0.9975,0.04550046796188467,1894,0.0008563007313065205,1.2848355799817133e-06,0.00018768834884319387,16,20,False,0.995,0.005,0.66,fixed,100,none,eefd7eeb-488a-4f09-b43a-00ca3ec1ee27
2248,334500,35.48435568809509,0.99900075,0.999002,1.0,0.9960719999999998,0.0,0.0,0.0,0.0,0.0,0.0,0.0005,0.0,0.0,0.0,0.0005,0.0,0.0,0.0,0.002,0.9975,0.04510021921972853,1895,0.0008560331233425015,1.2845810009642662e-06,0.0001876297210898568,16,20,False,0.995,0.005,0.66,fixed,100,none,eefd7eeb-488a-4f09-b43a-00ca3ec1ee27
2249,334800,35.496370792388916,0.99900075,0.999002,1.0,0.9960719999999998,0.0,0.0,0.0,0.0,0.0,0.0,0.0005,0.0,0.0,0.0,0.0005,0.0,0.0,0.0,0.002,0.9975,0.04550046796188467,1894,0.0008570527620641022,1.2863555237342772e-06,0.0001878532571653415,16,20,False,0.995,0.005,0.66,fixed,100,none,eefd7eeb-488a-4f09-b43a-00ca3ec1ee27
2250,334900,35.507927894592285,0.99900075,0.999002,1.0,0.9960719999999998,0.0,0.0,0.0,0.0,0.0,0.0,0.0005,0.0,0.0,0.0,0.0005,0.0,0.0,0.0,0.002,0.9975,0.04510021921972853,1895,0.0008571254720379762,1.2869350842941761e-06,0.0001878692834951289,16,20,False,0.995,0.005,0.66,fixed,100,none,eefd7eeb-488a-4f09-b43a-00ca3ec1ee27
2251,335100,35.519535541534424,0.99900075,0.999002,1.0,0.9960719999999998,0.0,0.0,0.0,0.0,0.0,0.0,0.0005,0.0,0.0,0.0,0.0005,0.0,0.0,0.0,0.002,0.9975,0.04550046796188467,1894,0.0008579465016003023,1.2900656557993985e-06,0.00018804960167490806,16,20,False,0.995,0.005,0.66,fixed,100,none,eefd7eeb-488a-4f09-b43a-00ca3ec1ee27
2252,335200,35.53122401237488,0.99900075,0.999002,1.0,0.9960719999999998,0.0,0.0,0.0,0.0,0.0,0.0,0.0005,0.0,0.0,0.0,0.0005,0.0,0.0,0.0,0.002,0.9975,0.04550046796188467,1894,0.0008579465016003023,1.2900656557993985e-06,0.00018804960167490806,16,20,False,0.995,0.005,0.66,fixed,100,none,eefd7eeb-488a-4f09-b43a-00ca3ec1ee27
2253,335500,35.54288029670715,0.99900075,0.999002,1.0,0.9960719999999998,0.0,0.0,0.0,0.0,0.0,0.0,0.0005,0.0,0.0,0.0,0.0005,0.0,0.0,0.0,0.002,0.9975,0.045899711685228106,1893,0.0008569304065960098,1.2891546047362859e-06,0.00018782700537876645,16,20,False,0.995,0.005,0.66,fixed,100,none,eefd7eeb-488a-4f09-b43a-00ca3ec1ee27
2254,335600,35.554672956466675,0.99900075,0.999002,1.0,0.9960719999999998,0.0,0.0,0.0,0.0,0.0,0.0,0.0005,0.0,0.0,0.0,0.0005,0.0,0.0,0.0,0.002,0.9975,0.04550046796188467,1894,0.0008576140988488076,1.288963705989293e-06,0.00018797662934214198,16,20,False,0.995,0.005,0.66,fixed,100,none,eefd7eeb-488a-4f09-b43a-00ca3ec1ee27
2255,335900,35.566816329956055,0.99900075,0.999002,1.0,0.9960719999999998,0.0,0.0,0.0,0.0,0.0,0.0,0.0005,0.0,0.0,0.0,0.0005,0.0,0.0,0.0,0.002,0.9975,0.046297950389758855,1892,0.0008568654679766329,1.2883773649136337e-06,0.00018781264263941852,16,20,False,0.995,0.005,0.66,fixed,100,none,eefd7eeb-488a-4f09-b43a-00ca3ec1ee27
2256,336000,35.578468561172485,0.99900075,0.999002,1.0,0.9960719999999998,0.0,0.0,0.0,0.0,0.0,0.0,0.0005,0.0,0.0,0.0,0.0005,0.0,0.0,0.0,0.002,0.9975,0.04550046796188467,1894,0.000856471308525536,1.288336505595051e-06,0.0001877263533723029,16,20,False,0.995,0.005,0.66,fixed,100,none,eefd7eeb-488a-4f09-b43a-00ca3ec1ee27
2257,336200,35.59003400802612,0.99900075,0.999002,1.0,0.9960719999999998,0.0,0.0,0.0,0.0,0.0,0.0,0.0005,0.0,0.0,0.0,0.0005,0.0,0.0,0.0,0.002,0.9975,0.0458997116852281,1893,0.0008572759704106475,1.2904355770633267e-06,0.00018790289268253278,16,20,False,0.995,0.005,0.66,fixed,100,none,eefd7eeb-488a-4f09-b43a-00ca3ec1ee27
2258,336300,35.60171604156494,0.99900075,0.999002,1.0,0.9960719999999998,0.0,0.0,0.0,0.0,0.0,0.0,0.0005,0.0,0.0,0.0,0.0005,0.0,0.0,0.0,0.002,0.9975,0.04629795038975885,1892,0.0008573430621086882,1.2924209912906472e-06,0.00018791795628393708,16,20,False,0.995,0.005,0.66,fixed,100,none,eefd7eeb-488a-4f09-b43a-00ca3ec1ee27
2259,336600,35.61337637901306,0.99900075,0.999002,1.0,0.9960719999999998,0.0,0.0,0.0,0.0,0.0,0.0,0.0005,0.0,0.0,0.0,0.0005,0.0,0.0,0.0,0.002,0.9975,0.04629795038975884,1892,0.0008600045426196149,1.295592326028229e-06,0.00018850115692137907,16,20,False,0.995,0.005,0.66,fixed,100,none,eefd7eeb-488a-4f09-b43a-00ca3ec1ee27
2260,336700,35.62505626678467,0.99900075,0.999002,1.0,0.9960719999999998,0.0,0.0,0.0,0.0,0.0,0.0,0.0005,0.0,0.0,0.0,0.0005,0.0,0.0,0.0,0.002,0.9975,0.04669518407547691,1891,0.0008599313594814058,1.2934265555393756e-06,0.0001884847256360322,16,20,False,0.995,0.005,0.66,fixed,100,none,eefd7eeb-488a-4f09-b43a-00ca3ec1ee27
2261,336900,35.63665294647217,0.99900075,0.999002,1.0,0.9960719999999998,0.0,0.0,0.0,0.0,0.0,0.0,0.0005,0.0,0.0,0.0,0.0005,0.0,0.0,0.0,0.002,0.9975,0.04629795038975884,1892,0.0008604716189576763,1.293172531152129e-06,0.00018860294017075427,16,20,False,0.995,0.005,0.66,fixed,100,none,eefd7eeb-488a-4f09-b43a-00ca3ec1ee27
2262,337000,35.64878296852112,0.99900075,0.999002,1.0,0.9960719999999998,0.0,0.0,0.0,0.0,0.0,0.0,0.0005,0.0,0.0,0.0,0.0005,0.0,0.0,0.0,0.002,0.9975,0.04669518407547691,1891,0.0008608365711473424,1.2935342981132592e-06,0.0001886828969407948,16,20,False,0.995,0.005,0.66,fixed,100,none,eefd7eeb-488a-4f09-b43a-00ca3ec1ee27
2263,337100,35.66042375564575,0.99900075,0.999002,1.0,0.9960719999999998,0.0,0.0,0.0,0.0,0.0,0.0,0.0005,0.0,0.0,0.0,0.0005,0.0,0.0,0.0,0.002,0.9975,0.04669518407547691,1891,0.0008608365711473424,1.2935342981132592e-06,0.0001886828969407948,16,20,False,0.995,0.005,0.66,fixed,100,none,eefd7eeb-488a-4f09-b43a-00ca3ec1ee27
2264,337200,35.67213821411133,0.99900075,0.999002,1.0,0.9960719999999998,0.0,0.0,0.0,0.0,0.0,0.0,0.0005,0.0,0.0,0.0,0.0005,0.0,0.0,0.0,0.002,0.9975,0.04669518407547691,1891,0.0008608365711473424,1.2935342981132592e-06,0.0001886828969407948,16,20,False,0.995,0.005,0.66,fixed,100,none,eefd7eeb-488a-4f09-b43a-00ca3ec1ee27
2265,337300,35.68393588066101,0.99900075,0.999002,1.0,0.9960719999999998,0.0,0.0,0.0,0.0,0.0,0.0,0.0005,0.0,0.0,0.0,0.0005,0.0,0.0,0.0,0.002,0.9975,0.04669518407547691,1891,0.000861233604757953,1.2920630907420185e-06,0.00018876952806875692,16,20,False,0.995,0.005,0.66,fixed,100,none,eefd7eeb-488a-4f09-b43a-00ca3ec1ee27
2266,337400,35.695640563964844,0.99900075,0.999002,1.0,0.9960719999999998,0.0,0.0,0.0,0.0,0.0,0.0,0.0005,0.0,0.0,0.0,0.0005,0.0,0.0,0.0,0.002,0.9975,0.04669518407547691,1891,0.000861233604757953,1.2920630907420185e-06,0.00018876952806875692,16,20,False,0.995,0.005,0.66,fixed,100,none,eefd7eeb-488a-4f09-b43a-00ca3ec1ee27
2267,337700,35.70733880996704,0.99900075,0.999002,1.0,0.9960719999999998,0.0,0.0,0.0,0.0,0.0,0.0,0.0005,0.0,0.0,0.0,0.0005,0.0,0.0,0.0,0.002,0.9975,0.04669518407547691,1891,0.0008617359614234988,1.294162561835504e-06,0.00018887989284235266,16,20,False,0.995,0.005,0.66,fixed,100,none,eefd7eeb-488a-4f09-b43a-00ca3ec1ee27
2268,337800,35.71926546096802,0.99900075,0.999002,1.0,0.9960719999999998,0.0,0.0,0.0,0.0,0.0,0.0,0.0005,0.0,0.0,0.0,0.0005,0.0,0.0,0.0,0.002,0.9975,0.04669518407547691,1891,0.000861523009244276,1.2938680989752529e-06,0.00018883322166237732,16,20,False,0.995,0.005,0.66,fixed,100,none,eefd7eeb-488a-4f09-b43a-00ca3ec1ee27
2269,338000,35.73090672492981,0.99900075,0.999002,1.0,0.9960719999999998,0.0,0.0,0.0,0.0,0.0,0.0,0.0005,0.0,0.0,0.0,0.0005,0.0,0.0,0.0,0.002,0.9975,0.04669518407547691,1891,0.0008622983376359198,1.2956868456415165e-06,0.00018900328660917474,16,20,False,0.995,0.005,0.66,fixed,100,none,eefd7eeb-488a-4f09-b43a-00ca3ec1ee27
2270,338100,35.74246406555176,0.99900075,0.999002,1.0,0.9960719999999998,0.0,0.0,0.0,0.0,0.0,0.0,0.0005,0.0,0.0,0.0,0.0005,0.0,0.0,0.0,0.002,0.9975,0.04669518407547691,1891,0.0008624481084734571,1.2953982299560719e-06,0.00018903601660853143,16,20,False,0.995,0.005,0.66,fixed,100,none,eefd7eeb-488a-4f09-b43a-00ca3ec1ee27
2271,338400,35.75418210029602,0.99900075,0.999002,1.0,0.9960719999999998,0.0,0.0,0.0,0.0,0.0,0.0,0.0005,0.0,0.0,0.0,0.0005,0.0,0.0,0.0,0.002,0.9975,0.04669518407547691,1891,0.0008649218147415781,1.300929510569568e-06,0.00018957856185393968,16,20,False,0.995,0.005,0.66,fixed,100,none,eefd7eeb-488a-4f09-b43a-00ca3ec1ee27
2272,338500,35.76611638069153,0.99900075,0.999002,1.0,0.9960719999999998,0.0,0.0,0.0,0.0,0.0,0.0,0.0005,0.0,0.0,0.0,0.0005,0.0,0.0,0.0,0.002,0.9975,0.04669518407547691,1891,0.0008662301803541984,1.3033658663195643e-06,0.00018986542599413477,16,20,False,0.995,0.005,0.66,fixed,100,none,eefd7eeb-488a-4f09-b43a-00ca3ec1ee27
2273,338700,35.778016805648804,0.99900075,0.999002,1.0,0.9960719999999998,0.0,0.0,0.0,0.0,0.0,0.0,0.0005,0.0,0.0,0.0,0.0005,0.0,0.0,0.0,0.002,0.9975,0.04669518407547691,1891,0.0008658606941883136,1.3049387022080537e-06,0.0001897848443112414,16,20,False,0.995,0.005,0.66,fixed,100,none,eefd7eeb-488a-4f09-b43a-00ca3ec1ee27
2274,338800,35.78972363471985,0.99900075,0.999002,1.0,0.9960719999999998,0.0,0.0,0.0,0.0,0.0,0.0,0.0005,0.0,0.0,0.0,0.0005,0.0,0.0,0.0,0.002,0.9975,0.04669518407547691,1891,0.0008661268510228348,1.3053368013611088e-06,0.00018984318168115716,16,20,False,0.995,0.005,0.66,fixed,100,none,eefd7eeb-488a-4f09-b43a-00ca3ec1ee27
2275,339100,35.801517486572266,0.99900075,0.999002,1.0,0.9960719999999998,0.0,0.0,0.0,0.0,0.0,0.0,0.0005,0.0,0.0,0.0,0.0005,0.0,0.0,0.0,0.002,0.9975,0.04669518407547691,1891,0.000867040310433927,1.3067472353265954e-06,0.00019004340592869868,16,20,False,0.995,0.005,0.66,fixed,100,none,eefd7eeb-488a-4f09-b43a-00ca3ec1ee27
2276,339200,35.813276290893555,0.99900075,0.999002,1.0,0.9960719999999998,0.0,0.0,0.0,0.0,0.0,0.0,0.0005,0.0,0.0,0.0,0.0005,0.0,0.0,0.0,0.002,0.9975,0.04669518407547691,1891,0.0008675640648312552,1.306476609831028e-06,0.00019015800434742965,16,20,False,0.995,0.005,0.66,fixed,100,none,eefd7eeb-488a-4f09-b43a-00ca3ec1ee27
2277,339500,35.82503342628479,0.99900075,0.999002,1.0,0.9960719999999998,0.0,0.0,0.0,0.0,0.0,0.0,0.0005,0.0,0.0,0.0,0.0005,0.0,0.0,0.0,0.002,0.9975,0.04669518407547691,1891,0.0008677717956375175,1.3087220728513497e-06,0.00019020390325889434,16,20,False,0.995,0.005,0.66,fixed,100,none,eefd7eeb-488a-4f09-b43a-00ca3ec1ee27
2278,339600,35.8368136882782,0.99900075,0.999002,1.0,0.9960719999999998,0.0,0.0,0.0,0.0,0.0,0.0,0.0005,0.0,0.0,0.0,0.0005,0.0,0.0,0.0,0.002,0.9975,0.04669518407547691,1891,0.0008687719852104124,1.3099466797028577e-06,0.00019042307743170284,16,20,False,0.995,0.005,0.66,fixed,100,none,eefd7eeb-488a-4f09-b43a-00ca3ec1ee27
2279,339800,35.848588705062866,0.99900075,0.999002,1.0,0.9960719999999998,0.0,0.0,0.0,0.0,0.0,0.0,0.0005,0.0,0.0,0.0,0.0005,0.0,0.0,0.0,0.002,0.9975,0.04629795038975884,1892,0.0008711437408375596,1.315997119684746e-06,0.0001909434043220819,16,20,False,0.995,0.005,0.66,fixed,100,none,eefd7eeb-488a-4f09-b43a-00ca3ec1ee27
2280,339900,35.86026620864868,0.99900075,0.999002,1.0,0.9960719999999998,0.0,0.0,0.0,0.0,0.0,0.0,0.0005,0.0,0.0,0.0,0.0005,0.0,0.0,0.0,0.002,0.9975,0.04629795038975884,1892,0.0008694523170658356,1.31325453024322e-06,0.00019057263056645763,16,20,False,0.995,0.005,0.66,fixed,100,none,eefd7eeb-488a-4f09-b43a-00ca3ec1ee27
2281,340000,35.871917963027954,0.99900075,0.999002,1.0,0.9960719999999998,0.0,0.0,0.0,0.0,0.0,0.0,0.0005,0.0,0.0,0.0,0.0005,0.0,0.0,0.0,0.002,0.9975,0.04629795038975884,1892,0.0008689737245963654,1.3141034107805628e-06,0.0001904680279621927,16,20,False,0.995,0.005,0.66,fixed,100,none,eefd7eeb-488a-4f09-b43a-00ca3ec1ee27
2282,340200,35.88355755805969,0.99900075,0.999002,1.0,0.9960719999999998,0.0,0.0,0.0,0.0,0.0,0.0,0.0005,0.0,0.0,0.0,0.0005,0.0,0.0,0.0,0.002,0.9975,0.04629795038975884,1892,0.0008714600916831175,1.320183365494456e-06,0.00019101344890887838,16,20,False,0.995,0.005,0.66,fixed,100,none,eefd7eeb-488a-4f09-b43a-00ca3ec1ee27
2283,340300,35.89527988433838,0.99900075,0.999002,1.0,0.9960719999999998,0.0,0.0,0.0,0.0,0.0,0.0,0.0005,0.0,0.0,0.0,0.0005,0.0,0.0,0.0,0.002,0.9975,0.04629795038975884,1892,0.0008710627393616377,1.318727086752759e-06,0.00019092619179274554,16,20,False,0.995,0.005,0.66,fixed,100,none,eefd7eeb-488a-4f09-b43a-00ca3ec1ee27
2284,340500,35.90703725814819,0.99900075,0.999002,1.0,0.9960719999999998,0.0,0.0,0.0,0.0,0.0,0.0,0.0005,0.0,0.0,0.0,0.0005,0.0,0.0,0.0,0.002,0.9975,0.04629795038975884,1892,0.0008719984804640207,1.3230827588278345e-06,0.00019113185309775141,16,20,False,0.995,0.005,0.66,fixed,100,none,eefd7eeb-488a-4f09-b43a-00ca3ec1ee27
2285,340600,35.91878843307495,0.99900075,0.999002,1.0,0.9960719999999998,0.0,0.0,0.0,0.0,0.0,0.0,0.0005,0.0,0.0,0.0,0.0005,0.0,0.0,0.0,0.002,0.9975,0.04629795038975884,1892,0.0008723616514890804,1.3217464116959933e-06,0.00019121109732918195,16,20,False,0.995,0.005,0.66,fixed,100,none,eefd7eeb-488a-4f09-b43a-00ca3ec1ee27
2286,340900,35.93060517311096,0.99900075,0.999002,1.0,0.9960719999999998,0.0,0.0,0.0,0.0,0.0,0.0,0.0005,0.0,0.0,0.0,0.0005,0.0,0.0,0.0,0.002,0.9975,0.04669518407547691,1891,0.0008722363989771815,1.32520603236095e-06,0.0001911843368822536,16,20,False,0.995,0.005,0.66,fixed,100,none,eefd7eeb-488a-4f09-b43a-00ca3ec1ee27
2287,341000,35.942259311676025,0.99900075,0.999002,1.0,0.9960719999999998,0.0,0.0,0.0,0.0,0.0,0.0,0.0005,0.0,0.0,0.0,0.0005,0.0,0.0,0.0,0.002,0.9975,0.04669518407547691,1891,0.0008726528667314293,1.3270432990572313e-06,0.00019127585075433075,16,20,False,0.995,0.005,0.66,fixed,100,none,eefd7eeb-488a-4f09-b43a-00ca3ec1ee27
2288,341300,35.95392990112305,0.99900075,0.999002,1.0,0.9960719999999998,0.0,0.0,0.0,0.0,0.0,0.0,0.0005,0.0,0.0,0.0,0.0005,0.0,0.0,0.0,0.002,0.9975,0.04669518407547691,1891,0.0008749222540517643,1.330438992041182e-06,0.00019177326482041905,16,20,False,0.995,0.005,0.66,fixed,100,none,eefd7eeb-488a-4f09-b43a-00ca3ec1ee27
2289,341400,35.96555829048157,0.99900075,0.999002,1.0,0.9960719999999998,0.0,0.0,0.0,0.0,0.0,0.0,0.0005,0.0,0.0,0.0,0.0005,0.0,0.0,0.0,0.002,0.9975,0.04669518407547691,1891,0.0008752170917011591,1.3308394498358812e-06,0.00019183788086885256,16,20,False,0.995,0.005,0.66,fixed,100,none,eefd7eeb-488a-4f09-b43a-00ca3ec1ee27
2290,341600,35.97766709327698,0.99900075,0.999002,1.0,0.9960719999999998,0.0,0.0,0.0,0.0,0.0,0.0,0.0005,0.0,0.0,0.0,0.0005,0.0,0.0,0.0,0.002,0.9975,0.04629795038975884,1892,0.0008760595971539948,1.3299335080644772e-06,0.00019202213318354172,16,20,False,0.995,0.005,0.66,fixed,100,none,eefd7eeb-488a-4f09-b43a-00ca3ec1ee27
2291,341700,35.989380836486816,0.99900075,0.999002,1.0,0.9960719999999998,0.0,0.0,0.0,0.0,0.0,0.0,0.0005,0.0,0.0,0.0,0.0005,0.0,0.0,0.0,0.002,0.9975,0.04629795038975884,1892,0.0008784777362137483,1.3339746264248098e-06,0.00019255223163621024,16,20,False,0.995,0.005,0.66,fixed,100,none,eefd7eeb-488a-4f09-b43a-00ca3ec1ee27
2292,342000,36.00133204460144,0.99900075,0.999002,1.0,0.9960719999999998,0.0,0.0,0.0,0.0,0.0,0.0,0.0005,0.0,0.0,0.0,0.0005,0.0,0.0,0.0,0.002,0.9975,0.04629795038975884,1892,0.0008769201561315598,1.3335456738650618e-06,0.00019221119585523282,16,20,False,0.995,0.005,0.66,fixed,100,none,eefd7eeb-488a-4f09-b43a-00ca3ec1ee27
2293,342100,36.013062953948975,0.99900075,0.999002,1.0,0.9960719999999998,0.0,0.0,0.0,0.0,0.0,0.0,0.0005,0.0,0.0,0.0,0.0005,0.0,0.0,0.0,0.002,0.9975,0.04629795038975884,1892,0.0008772938678605771,1.3341187502905174e-06,0.00019229311023723556,16,20,False,0.995,0.005,0.66,fixed,100,none,eefd7eeb-488a-4f09-b43a-00ca3ec1ee27
2294,342300,36.02494144439697,0.99900075,0.999002,1.0,0.9960719999999998,0.0,0.0,0.0,0.0,0.0,0.0,0.0005,0.0,0.0,0.0,0.0005,0.0,0.0,0.0,0.002,0.9975,0.04629795038975884,1892,0.000875359366533435,1.333759329929942e-06,0.00019186957960685562,16,20,False,0.995,0.005,0.66,fixed,100,none,eefd7eeb-488a-4f09-b43a-00ca3ec1ee27
2295,342400,36.03663897514343,0.99900075,0.999002,1.0,0.9960719999999998,0.0,0.0,0.0,0.0,0.0,0.0,0.0005,0.0,0.0,0.0,0.0005,0.0,0.0,0.0,0.002,0.9975,0.045899711685228106,1893,0.0008763579178417492,1.3359550823546488e-06,0.0001920885796812063,16,20,False,0.995,0.005,0.66,fixed,100,none,eefd7eeb-488a-4f09-b43a-00ca3ec1ee27
2296,342700,36.04874563217163,0.99900075,0.999002,1.0,0.9960719999999998,0.0,0.0,0.0,0.0,0.0,0.0,0.0005,0.0,0.0,0.0,0.0005,0.0,0.0,0.0,0.002,0.9975,0.04669518407547691,1891,0.0008771386260763561,1.3355862530329934e-06,0.0001922594066361906,16,20,False,0.995,0.005,0.66,fixed,100,none,eefd7eeb-488a-4f09-b43a-00ca3ec1ee27
2297,342800,36.06048226356506,0.99900075,0.999002,1.0,0.9960719999999998,0.0,0.0,0.0,0.0,0.0,0.0,0.0005,0.0,0.0,0.0,0.0005,0.0,0.0,0.0,0.002,0.9975,0.047091412742382266,1890,0.0008782478304983979,1.3386963718334555e-06,0.00019250280240674768,16,20,False,0.995,0.005,0.66,fixed,100,none,eefd7eeb-488a-4f09-b43a-00ca3ec1ee27
2298,343100,36.07242465019226,0.99900075,0.999002,1.0,0.9960719999999998,0.0,0.0,0.0,0.0,0.0,0.0,0.0005,0.0,0.0,0.0,0.0005,0.0,0.0,0.0,0.002,0.9975,0.04669518407547691,1891,0.0008819933348861883,1.345398005634848e-06,0.00019332396662765725,16,20,False,0.995,0.005,0.66,fixed,100,none,eefd7eeb-488a-4f09-b43a-00ca3ec1ee27
2299,343200,36.08409571647644,0.99900075,0.999002,1.0,0.9960719999999998,0.0,0.0,0.0,0.0,0.0,0.0,0.0005,0.0,0.0,0.0,0.0005,0.0,0.0,0.0,0.002,0.9975,0.04669518407547691,1891,0.0008818974115114302,1.3455609561254048e-06,0.0001933029999615159,16,20,False,0.995,0.005,0.66,fixed,100,none,eefd7eeb-488a-4f09-b43a-00ca3ec1ee27
2300,343400,36.096405029296875,0.99900075,0.999002,1.0,0.9960719999999998,0.0,0.0,0.0,0.0,0.0,0.0,0.0005,0.0,0.0,0.0,0.0005,0.0,0.0,0.0,0.002,0.9975,0.04629795038975885,1892,0.000881693849320811,1.3433651249468175e-06,0.00019325802299006544,16,20,False,0.995,0.005,0.66,fixed,100,none,eefd7eeb-488a-4f09-b43a-00ca3ec1ee27
2301,343500,36.108086585998535,0.99900075,0.999002,1.0,0.9960719999999998,0.0,0.0,0.0,0.0,0.0,0.0,0.0005,0.0,0.0,0.0,0.0005,0.0,0.0,0.0,0.002,0.9975,0.04669518407547691,1891,0.0008821084094428503,1.3439642437957078e-06,0.00019334888403336114,16,20,False,0.995,0.005,0.66,fixed,100,none,eefd7eeb-488a-4f09-b43a-00ca3ec1ee27
2302,343800,36.11972403526306,0.99900075,0.999002,1.0,0.9960719999999998,0.0,0.0,0.0,0.0,0.0,0.0,0.0005,0.0,0.0,0.0,0.0005,0.0,0.0,0.0,0.002,0.9975,0.045899711685228106,1893,0.0008833464516529974,1.347608633049774e-06,0.00019362058390712058,16,20,False,0.995,0.005,0.66,fixed,100,none,eefd7eeb-488a-4f09-b43a-00ca3ec1ee27
2303,343900,36.131481885910034,0.99900075,0.999002,1.0,0.9960719999999998,0.0,0.0,0.0,0.0,0.0,0.0,0.0005,0.0,0.0,0.0,0.0005,0.0,0.0,0.0,0.002,0.9975,0.045899711685228106,1893,0.0008839558937581747,1.349712136985324e-06,0.00019375439044969168,16,20,False,0.995,0.005,0.66,fixed,100,none,eefd7eeb-488a-4f09-b43a-00ca3ec1ee27
2304,344100,36.143216133117676,0.99900075,0.999002,1.0,0.9960719999999998,0.0,0.0,0.0,0.0,0.0,0.0,0.0005,0.0,0.0,0.0,0.0005,0.0,0.0,0.0,0.002,0.9975,0.045899711685228106,1893,0.0008862486551892315,1.3547699565580988e-06,0.00019425723691266882,16,20,False,0.995,0.005,0.66,fixed,100,none,eefd7eeb-488a-4f09-b43a-00ca3ec1ee27
2305,344200,36.15508222579956,0.99900075,0.999002,1.0,0.9960719999999998,0.0,0.0,0.0,0.0,0.0,0.0,0.0005,0.0,0.0,0.0,0.0005,0.0,0.0,0.0,0.002,0.9975,0.045899711685228106,1893,0.0008862991799796916,1.355133861269489e-06,0.0001942683659311957,16,20,False,0.995,0.005,0.66,fixed,100,none,eefd7eeb-488a-4f09-b43a-00ca3ec1ee27
2306,344500,36.166781425476074,0.99900075,0.999002,1.0,0.9960719999999998,0.0,0.0,0.0,0.0,0.0,0.0,0.0005,0.0,0.0,0.0,0.0005,0.0,0.0,0.0,0.002,0.9975,0.045899711685228106,1893,0.0008876550435489839,1.357382842146866e-06,0.00019456559177288049,16,20,False,0.995,0.005,0.66,fixed,100,none,eefd7eeb-488a-4f09-b43a-00ca3ec1ee27
2307,344600,36.178499937057495,0.99900075,0.999002,1.0,0.9960719999999998,0.0,0.0,0.0,0.0,0.0,0.0,0.0005,0.0,0.0,0.0,0.0005,0.0,0.0,0.0,0.002,0.9975,0.04629795038975885,1892,0.0008878724014347678,1.3563517892353034e-06,0.0001946129755140254,16,20,False,0.995,0.005,0.66,fixed,100,none,eefd7eeb-488a-4f09-b43a-00ca3ec1ee27
2308,344900,36.190091609954834,0.99900075,0.999002,1.0,0.9960719999999998,0.0,0.0,0.0,0.0,0.0,0.0,0.0005,0.0,0.0,0.0,0.0005,0.0,0.0,0.0,0.002,0.9975,0.045899711685228106,1893,0.0008875127980096346,1.3542352352616715e-06,0.00019453385617900873,16,20,False,0.995,0.005,0.66,fixed,100,none,eefd7eeb-488a-4f09-b43a-00ca3ec1ee27
2309,345000,36.201958894729614,0.99900075,0.999002,1.0,0.9960719999999998,0.0,0.0,0.0,0.0,0.0,0.0,0.0005,0.0,0.0,0.0,0.0005,0.0,0.0,0.0,0.002,0.9975,0.04550046796188467,1894,0.0008875527276258681,1.3565246917283947e-06,0.00019454303176873094,16,20,False,0.995,0.005,0.66,fixed,100,none,eefd7eeb-488a-4f09-b43a-00ca3ec1ee27
2310,345200,36.21368622779846,0.99900075,0.999002,1.0,0.9960719999999998,0.0,0.0,0.0,0.0,0.0,0.0,0.0005,0.0,0.0,0.0,0.0005,0.0,0.0,0.0,0.002,0.9975,0.045899711685228106,1893,0.0008876948393932345,1.3534033049012712e-06,0.00019457354697111027,16,20,False,0.995,0.005,0.66,fixed,100,none,eefd7eeb-488a-4f09-b43a-00ca3ec1ee27
2311,345300,36.225412368774414,0.99900075,0.999002,1.0,0.9960719999999998,0.0,0.0,0.0,0.0,0.0,0.0,0.0005,0.0,0.0,0.0,0.0005,0.0,0.0,0.0,0.002,0.9975,0.04550046796188467,1894,0.0008876420346185028,1.3537175636753124e-06,0.0001945620477150886,16,20,False,0.995,0.005,0.66,fixed,100,none,eefd7eeb-488a-4f09-b43a-00ca3ec1ee27
2312,345500,36.2370662689209,0.99900075,0.999002,1.0,0.9960719999999998,0.0,0.0,0.0,0.0,0.0,0.0,0.0005,0.0,0.0,0.0,0.0005,0.0,0.0,0.0,0.002,0.9975,0.045899711685228106,1893,0.0008872641132035317,1.3521340802845407e-06,0.00019447901985550716,16,20,False,0.995,0.005,0.66,fixed,100,none,eefd7eeb-488a-4f09-b43a-00ca3ec1ee27
2313,345600,36.248854875564575,0.99900075,0.999002,1.0,0.9960719999999998,0.0,0.0,0.0,0.0,0.0,0.0,0.0005,0.0,0.0,0.0,0.0005,0.0,0.0,0.0,0.002,0.9975,0.045899711685228106,1893,0.0008868160458389523,1.3531440156915508e-06,0.00019438112979712808,16,20,False,0.995,0.005,0.66,fixed,100,none,eefd7eeb-488a-4f09-b43a-00ca3ec1ee27
2314,345700,36.260610818862915,0.99900075,0.999002,1.0,0.9960719999999998,0.0,0.0,0.0,0.0,0.0,0.0,0.0005,0.0,0.0,0.0,0.0005,0.0,0.0,0.0,0.002,0.9975,0.04550046796188467,1894,0.0008872582329515358,1.3536724764955528e-06,0.00019447802496362534,16,20,False,0.995,0.005,0.66,fixed,100,none,eefd7eeb-488a-4f09-b43a-00ca3ec1ee27
2315,345900,36.27236485481262,0.99900075,0.999002,1.0,0.9960719999999998,0.0,0.0,0.0,0.0,0.0,0.0,0.0005,0.0,0.0,0.0,0.0005,0.0,0.0,0.0,0.002,0.9975,0.04550046796188467,1894,0.000887069430041629,1.3548449559655109e-06,0.00019443691877774606,16,20,False,0.995,0.005,0.66,fixed,100,none,eefd7eeb-488a-4f09-b43a-00ca3ec1ee27
2316,346000,36.28415656089783,0.99900075,0.999002,1.0,0.9960719999999998,0.0,0.0,0.0,0.0,0.0,0.0,0.0005,0.0,0.0,0.0,0.0005,0.0,0.0,0.0,0.002,0.9975,0.04550046796188467,1894,0.0008880884356652372,1.3580296358047867e-06,0.0001946605841979233,16,20,False,0.995,0.005,0.66,fixed,100,none,eefd7eeb-488a-4f09-b43a-00ca3ec1ee27
2317,346300,36.29585886001587,0.99900075,0.999002,1.0,0.9960719999999998,0.0,0.0,0.0,0.0,0.0,0.0,0.0005,0.0,0.0,0.0,0.0005,0.0,0.0,0.0,0.002,0.9975,0.045899711685228106,1893,0.0008882029793636545,1.3583288280999846e-06,0.00019468571466004297,16,20,False,0.995,0.005,0.66,fixed,100,none,eefd7eeb-488a-4f09-b43a-00ca3ec1ee27
2318,346400,36.307934522628784,0.99900075,0.999002,1.0,0.9960719999999998,0.0,0.0,0.0,0.0,0.0,0.0,0.0005,0.0,0.0,0.0,0.0005,0.0,0.0,0.0,0.002,0.9975,0.045899711685228106,1893,0.0008879881484458575,1.3591804516142805e-06,0.00019463884998060496,16,20,False,0.995,0.005,0.66,fixed,100,none,eefd7eeb-488a-4f09-b43a-00ca3ec1ee27
2319,346700,36.31969952583313,0.99900075,0.999002,1.0,0.9960719999999998,0.0,0.0,0.0,0.0,0.0,0.0,0.0005,0.0,0.0,0.0,0.0005,0.0,0.0,0.0,0.002,0.9975,0.045899711685228106,1893,0.0008903494695957117,1.3628571755221317e-06,0.00019515644175785053,16,20,False,0.995,0.005,0.66,fixed,100,none,eefd7eeb-488a-4f09-b43a-00ca3ec1ee27
2320,346800,36.331323862075806,0.99900075,0.999002,1.0,0.9960719999999998,0.0,0.0,0.0,0.0,0.0,0.0,0.0005,0.0,0.0,0.0,0.0005,0.0,0.0,0.0,0.002,0.9975,0.045899711685228106,1893,0.0008903494695957117,1.3628571755221317e-06,0.00019515644175785053,16,20,False,0.995,0.005,0.66,fixed,100,none,eefd7eeb-488a-4f09-b43a-00ca3ec1ee27
2321,347000,36.342971086502075,0.99900075,0.999002,1.0,0.9960719999999998,0.0,0.0,0.0,0.0,0.0,0.0,0.0005,0.0,0.0,0.0,0.0005,0.0,0.0,0.0,0.002,0.9975,0.045899711685228106,1893,0.0008914176165350439,1.3660752426065574e-06,0.00019539087055561638,16,20,False,0.995,0.005,0.66,fixed,100,none,eefd7eeb-488a-4f09-b43a-00ca3ec1ee27
2322,347100,36.35520076751709,0.99900075,0.999002,1.0,0.9960719999999998,0.0,0.0,0.0,0.0,0.0,0.0,0.0005,0.0,0.0,0.0,0.0005,0.0,0.0,0.0,0.002,0.9975,0.045899711685228106,1893,0.0008913104925628947,1.3640925381218745e-06,0.00019536704440426084,16,20,False,0.995,0.005,0.66,fixed,100,none,eefd7eeb-488a-4f09-b43a-00ca3ec1ee27
2323,347400,36.36700224876404,0.99900075,0.999002,1.0,0.9960719999999998,0.0,0.0,0.0,0.0,0.0,0.0,0.0005,0.0,0.0,0.0,0.0005,0.0,0.0,0.0,0.002,0.9975,0.045899711685228106,1893,0.0008897784986248568,1.3649139056915374e-06,0.00019503184699106257,16,20,False,0.995,0.005,0.66,fixed,100,none,eefd7eeb-488a-4f09-b43a-00ca3ec1ee27
2324,347500,36.37914443016052,0.99900075,0.999002,1.0,0.9960719999999998,0.0,0.0,0.0,0.0,0.0,0.0,0.0005,0.0,0.0,0.0,0.0005,0.0,0.0,0.0,0.002,0.9975,0.045899711685228106,1893,0.0008908826501635075,1.36798075464272e-06,0.00019527412846417392,16,20,False,0.995,0.005,0.66,fixed,100,none,eefd7eeb-488a-4f09-b43a-00ca3ec1ee27
2325,347700,36.390952348709106,0.99900075,0.999002,1.0,0.9960719999999998,0.0,0.0,0.0,0.0,0.0,0.0,0.0005,0.0,0.0,0.0,0.0005,0.0,0.0,0.0,0.002,0.9975,0.045899711685228106,1893,0.0008917167898879946,1.3689358981837114e-06,0.00019545690312713693,16,20,False,0.995,0.005,0.66,fixed,100,none,eefd7eeb-488a-4f09-b43a-00ca3ec1ee27
2326,347800,36.4025502204895,0.99900075,0.999002,1.0,0.9960719999999998,0.0,0.0,0.0,0.0,0.0,0.0,0.0005,0.0,0.0,0.0,0.0005,0.0,0.0,0.0,0.002,0.9975,0.045899711685228106,1893,0.0008908423730763513,1.3686368482537626e-06,0.00019526543646758153,16,20,False,0.995,0.005,0.66,fixed,100,none,eefd7eeb-488a-4f09-b43a-00ca3ec1ee27
2327,348100,36.41436290740967,0.99900075,0.999002,1.0,0.9960719999999998,0.0,0.0,0.0,0.0,0.0,0.0,0.0005,0.0,0.0,0.0,0.0005,0.0,0.0,0.0,0.002,0.9975,0.045899711685228106,1893,0.0008929230912660368,1.3754559553059324e-06,0.0001957222013096436,16,20,False,0.995,0.005,0.66,fixed,100,none,eefd7eeb-488a-4f09-b43a-00ca3ec1ee27
2328,348200,36.42641544342041,0.99900075,0.999002,1.0,0.9960719999999998,0.0,0.0,0.0,0.0,0.0,0.0,0.0005,0.0,0.0,0.0,0.0005,0.0,0.0,0.0,0.002,0.9975,0.045899711685228106,1893,0.0008925640172840234,1.3744277630653403e-06,0.00019564340465845517,16,20,False,0.995,0.005,0.66,fixed,100,none,eefd7eeb-488a-4f09-b43a-00ca3ec1ee27
2329,348400,36.438042879104614,0.99900075,0.999002,1.0,0.9960719999999998,0.0,0.0,0.0,0.0,0.0,0.0,0.0005,0.0,0.0,0.0,0.0005,0.0,0.0,0.0,0.002,0.9975,0.045899711685228106,1893,0.0008891927453709976,1.3682909941148198e-06,0.00019490426725059319,16,20,False,0.995,0.005,0.66,fixed,100,none,eefd7eeb-488a-4f09-b43a-00ca3ec1ee27
2330,348500,36.45011591911316,0.99900075,0.999002,1.0,0.9960719999999998,0.0,0.0,0.0,0.0,0.0,0.0,0.0005,0.0,0.0,0.0,0.0005,0.0,0.0,0.0,0.002,0.9975,0.045899711685228106,1893,0.0008898014960430157,1.3687354534737395e-06,0.00019503760721997613,16,20,False,0.995,0.005,0.66,fixed,100,none,eefd7eeb-488a-4f09-b43a-00ca3ec1ee27
2331,348600,36.46183633804321,0.99900075,0.999002,1.0,0.9960719999999998,0.0,0.0,0.0,0.0,0.0,0.0,0.0005,0.0,0.0,0.0,0.0005,0.0,0.0,0.0,0.002,0.9975,0.045899711685228106,1893,0.0008895342367546348,1.3691627844195353e-06,0.00019497918535462926,16,20,False,0.995,0.005,0.66,fixed,100,none,eefd7eeb-488a-4f09-b43a-00ca3ec1ee27
2332,348800,36.473464488983154,0.99900075,0.999002,1.0,0.9960719999999998,0.0,0.0,0.0,0.0,0.0,0.0,0.0005,0.0,0.0,0.0,0.0005,0.0,0.0,0.0,0.002,0.9975,0.04550046796188467,1894,0.0008900095654045913,1.369932218354915e-06,0.00019508338098855248,16,20,False,0.995,0.005,0.66,fixed,100,none,eefd7eeb-488a-4f09-b43a-00ca3ec1ee27
2333,348900,36.485541105270386,0.99900075,0.999002,1.0,0.9960719999999998,0.0,0.0,0.0,0.0,0.0,0.0,0.0005,0.0,0.0,0.0,0.0005,0.0,0.0,0.0,0.002,0.9975,0.04550046796188467,1894,0.0008903520018510799,1.3707077345577055e-06,0.00019515848767476737,16,20,False,0.995,0.005,0.66,fixed,100,none,eefd7eeb-488a-4f09-b43a-00ca3ec1ee27
2334,349200,36.497183084487915,0.99900075,0.999002,1.0,0.9960719999999998,0.0,0.0,0.0,0.0,0.0,0.0,0.0005,0.0,0.0,0.0,0.0005,0.0,0.0,0.0,0.002,0.9975,0.04550046796188467,1894,0.0008922938160006321,1.3743520843323384e-06,0.00019558424321856153,16,20,False,0.995,0.005,0.66,fixed,100,none,eefd7eeb-488a-4f09-b43a-00ca3ec1ee27
2335,349300,36.50878882408142,0.99900075,0.999002,1.0,0.9960719999999998,0.0,0.0,0.0,0.0,0.0,0.0,0.0005,0.0,0.0,0.0,0.0005,0.0,0.0,0.0,0.002,0.9975,0.045899711685228106,1893,0.0008929577491513591,1.3753630900870332e-06,0.00019572977027634903,16,20,False,0.995,0.005,0.66,fixed,100,none,eefd7eeb-488a-4f09-b43a-00ca3ec1ee27
2336,349500,36.52094578742981,0.99900075,0.999002,1.0,0.9960719999999998,0.0,0.0,0.0,0.0,0.0,0.0,0.0005,0.0,0.0,0.0,0.0005,0.0,0.0,0.0,0.002,0.9975,0.045899711685228106,1893,0.0008921382673819453,1.3742460107620577e-06,0.00019555017347195263,16,20,False,0.995,0.005,0.66,fixed,100,none,eefd7eeb-488a-4f09-b43a-00ca3ec1ee27
2337,349600,36.53261733055115,0.99900075,0.999002,1.0,0.9960719999999998,0.0,0.0,0.0,0.0,0.0,0.0,0.0005,0.0,0.0,0.0,0.0005,0.0,0.0,0.0,0.002,0.9975,0.045899711685228106,1893,0.0008919947138004689,1.374268812356014e-06,0.00019551875392527032,16,20,False,0.995,0.005,0.66,fixed,100,none,eefd7eeb-488a-4f09-b43a-00ca3ec1ee27
2338,349900,36.544376850128174,0.99900075,0.999002,1.0,0.9960719999999998,0.0,0.0,0.0,0.0,0.0,0.0,0.0005,0.0,0.0,0.0,0.0005,0.0,0.0,0.0,0.002,0.9975,0.045899711685228106,1893,0.0008928140565300309,1.3762757132503801e-06,0.00019569848935994136,16,20,False,0.995,0.005,0.66,fixed,100,none,eefd7eeb-488a-4f09-b43a-00ca3ec1ee27
2339,350000,36.556002378463745,0.99900075,0.999002,1.0,0.9960719999999998,0.0,0.0,0.0,0.0,0.0,0.0,0.0005,0.0,0.0,0.0,0.0005,0.0,0.0,0.0,0.002,0.9975,0.045899711685228106,1893,0.0008929853857917974,1.3782856792272397e-06,0.00019573637522887763,16,20,False,0.995,0.005,0.66,fixed,100,none,eefd7eeb-488a-4f09-b43a-00ca3ec1ee27
2340,350300,36.56759285926819,0.99900075,0.999002,1.0,0.9960719999999998,0.0,0.0,0.0,0.0,0.0,0.0,0.0005,0.0,0.0,0.0,0.0005,0.0,0.0,0.0,0.002,0.9975,0.045899711685228106,1893,0.000892773236192577,1.3777270691431604e-06,0.0001956898295456923,16,20,False,0.995,0.005,0.66,fixed,100,none,eefd7eeb-488a-4f09-b43a-00ca3ec1ee27
2341,350400,36.579407691955566,0.99900075,0.999002,1.0,0.9960719999999998,0.0,0.0,0.0,0.0,0.0,0.0,0.0005,0.0,0.0,0.0,0.0005,0.0,0.0,0.0,0.002,0.9975,0.045899711685228106,1893,0.0008923391715296074,1.3779607813127166e-06,0.00019559485719628048,16,20,False,0.995,0.005,0.66,fixed,100,none,eefd7eeb-488a-4f09-b43a-00ca3ec1ee27
2342,350600,36.591025590896606,0.99900075,0.999002,1.0,0.9960719999999998,0.0,0.0,0.0,0.0,0.0,0.0,0.0005,0.0,0.0,0.0,0.0005,0.0,0.0,0.0,0.002,0.9975,0.045899711685228106,1893,0.0008912467470853142,1.3792527724304804e-06,0.0001953559709637371,16,20,False,0.995,0.005,0.66,fixed,100,none,eefd7eeb-488a-4f09-b43a-00ca3ec1ee27
2343,350700,36.60272002220154,0.99900075,0.999002,1.0,0.9960719999999998,0.0,0.0,0.0,0.0,0.0,0.0,0.0005,0.0,0.0,0.0,0.0005,0.0,0.0,0.0,0.002,0.9975,0.045899711685228106,1893,0.000890820847247301,1.3776196386126416e-06,0.0001952624311937706,16,20,False,0.995,0.005,0.66,fixed,100,none,eefd7eeb-488a-4f09-b43a-00ca3ec1ee27
2344,351000,36.614357471466064,0.99900075,0.999002,1.0,0.9960719999999998,0.0,0.0,0.0,0.0,0.0,0.0,0.0005,0.0,0.0,0.0,0.0005,0.0,0.0,0.0,0.002,0.9975,0.045899711685228106,1893,0.0008920449839045131,1.3796290863894329e-06,0.0001955307765031119,16,20,False,0.995,0.005,0.66,fixed,100,none,eefd7eeb-488a-4f09-b43a-00ca3ec1ee27
2345,351100,36.62599730491638,0.99900075,0.999002,1.0,0.9960719999999998,0.0,0.0,0.0,0.0,0.0,0.0,0.0005,0.0,0.0,0.0,0.0005,0.0,0.0,0.0,0.002,0.9975,0.045899711685228106,1893,0.000892149448235948,1.3805424625018884e-06,0.00019555381728672438,16,20,False,0.995,0.005,0.66,fixed,100,none,eefd7eeb-488a-4f09-b43a-00ca3ec1ee27
2346,351300,36.63793754577637,0.99900075,0.999002,1.0,0.9960719999999998,0.0,0.0,0.0,0.0,0.0,0.0,0.0005,0.0,0.0,0.0,0.0005,0.0,0.0,0.0,0.002,0.9975,0.045899711685228106,1893,0.0008926004646775185,1.3811507670187159e-06,0.00019565266036364237,16,20,False,0.995,0.005,0.66,fixed,100,none,eefd7eeb-488a-4f09-b43a-00ca3ec1ee27
2347,351400,36.649489641189575,0.99900075,0.999002,1.0,0.9960719999999998,0.0,0.0,0.0,0.0,0.0,0.0,0.0005,0.0,0.0,0.0,0.0005,0.0,0.0,0.0,0.002,0.9975,0.045899711685228106,1893,0.0008922569050340469,1.3823200653448512e-06,0.0001955776773243684,16,20,False,0.995,0.005,0.66,fixed,100,none,eefd7eeb-488a-4f09-b43a-00ca3ec1ee27
2348,351500,36.66126728057861,0.99900075,0.999002,1.0,0.9960719999999998,0.0,0.0,0.0,0.0,0.0,0.0,0.0005,0.0,0.0,0.0,0.0005,0.0,0.0,0.0,0.002,0.9975,0.045899711685228106,1893,0.000892095589642333,1.3815069372261526e-06,0.00019554221089077969,16,20,False,0.995,0.005,0.66,fixed,100,none,eefd7eeb-488a-4f09-b43a-00ca3ec1ee27
2349,351700,36.672919511795044,0.99900075,0.999002,1.0,0.9960719999999998,0.0,0.0,0.0,0.0,0.0,0.0,0.0005,0.0,0.0,0.0,0.0005,0.0,0.0,0.0,0.002,0.9975,0.045899711685228106,1893,0.0008894893146858401,1.3778887185786983e-06,0.00019497100984126038,16,20,False,0.995,0.005,0.66,fixed,100,none,eefd7eeb-488a-4f09-b43a-00ca3ec1ee27
2350,351800,36.68463492393494,0.99900075,0.999002,1.0,0.9960719999999998,0.0,0.0,0.0,0.0,0.0,0.0,0.0005,0.0,0.0,0.0,0.0005,0.0,0.0,0.0,0.002,0.9975,0.045899711685228106,1893,0.0008888517816884665,1.3764346908272138e-06,0.0001948311776028625,16,20,False,0.995,0.005,0.66,fixed,100,none,eefd7eeb-488a-4f09-b43a-00ca3ec1ee27
2351,352100,36.69677686691284,0.99900075,0.999002,1.0,0.9960719999999998,0.0,0.0,0.0,0.0,0.0,0.0,0.0005,0.0,0.0,0.0,0.0005,0.0,0.0,0.0,0.002,0.9975,0.045899711685228106,1893,0.0008893072915894954,1.3792322447493823e-06,0.00019493142025544293,16,20,False,0.995,0.005,0.66,fixed,100,none,eefd7eeb-488a-4f09-b43a-00ca3ec1ee27
2352,352200,36.708601236343384,0.99900075,0.999002,1.0,0.9960719999999998,0.0,0.0,0.0,0.0,0.0,0.0,0.0005,0.0,0.0,0.0,0.0005,0.0,0.0,0.0,0.002,0.9975,0.045899711685228106,1893,0.0008886697171543114,1.3772366102143897e-06,0.00019479147604101952,16,20,False,0.995,0.005,0.66,fixed,100,none,eefd7eeb-488a-4f09-b43a-00ca3ec1ee27
2353,352400,36.7202627658844,0.99900075,0.999002,1.0,0.9960719999999998,0.0,0.0,0.0,0.0,0.0,0.0,0.0005,0.0,0.0,0.0,0.0005,0.0,0.0,0.0,0.002,0.9975,0.045899711685228106,1893,0.0008893814111816999,1.3791795944004373e-06,0.00019494763503061018,16,20,False,0.995,0.005,0.66,fixed,100,none,eefd7eeb-488a-4f09-b43a-00ca3ec1ee27
2354,352500,36.73189401626587,0.99900075,0.999002,1.0,0.9960719999999998,0.0,0.0,0.0,0.0,0.0,0.0,0.0005,0.0,0.0,0.0,0.0005,0.0,0.0,0.0,0.002,0.9975,0.046297950389758855,1892,0.0008906267782664186,1.3823875706339767e-06,0.0001952208554009395,16,20,False,0.995,0.005,0.66,fixed,100,none,eefd7eeb-488a-4f09-b43a-00ca3ec1ee27
2355,352800,36.7437105178833,0.99900075,0.999002,1.0,0.9960719999999998,0.0,0.0,0.0,0.0,0.0,0.0,0.0005,0.0,0.0,0.0,0.0005,0.0,0.0,0.0,0.002,0.9975,0.046297950389758855,1892,0.0008885102020657253,1.3807455173318328e-06,0.00019475722488048033,16,20,False,0.995,0.005,0.66,fixed,100,none,eefd7eeb-488a-4f09-b43a-00ca3ec1ee27
2356,352900,36.755953550338745,0.99900075,0.999002,1.0,0.9960719999999998,0.0,0.0,0.0,0.0,0.0,0.0,0.0005,0.0,0.0,0.0,0.0005,0.0,0.0,0.0,0.002,0.9975,0.045899711685228106,1893,0.0008888716174990438,1.3821469071993323e-06,0.0001948366049829086,16,20,False,0.995,0.005,0.66,fixed,100,none,eefd7eeb-488a-4f09-b43a-00ca3ec1ee27
2357,353200,36.767741441726685,0.99900075,0.999002,1.0,0.9960719999999998,0.0,0.0,0.0,0.0,0.0,0.0,0.0005,0.0,0.0,0.0,0.0005,0.0,0.0,0.0,0.002,0.9975,0.045899711685228106,1893,0.0008872209437544453,1.3802435951039102e-06,0.00019447491087091782,16,20,False,0.995,0.005,0.66,fixed,100,none,eefd7eeb-488a-4f09-b43a-00ca3ec1ee27
2358,353300,36.77987837791443,0.99900075,0.999002,1.0,0.9960719999999998,0.0,0.0,0.0,0.0,0.0,0.0,0.0005,0.0,0.0,0.0,0.0005,0.0,0.0,0.0,0.002,0.9975,0.045899711685228106,1893,0.0008872209437544453,1.3802435951039102e-06,0.00019447491087091782,16,20,False,0.995,0.005,0.66,fixed,100,none,eefd7eeb-488a-4f09-b43a-00ca3ec1ee27
2359,353500,36.79167819023132,0.99900075,0.999002,1.0,0.9960719999999998,0.0,0.0,0.0,0.0,0.0,0.0,0.0005,0.0,0.0,0.0,0.0005,0.0,0.0,0.0,0.002,0.9975,0.045899711685228106,1893,0.0008893302511563656,1.386160431300376e-06,0.0001949377624600755,16,20,False,0.995,0.005,0.66,fixed,100,none,eefd7eeb-488a-4f09-b43a-00ca3ec1ee27
2360,353600,36.80338525772095,0.99900075,0.999002,1.0,0.9960719999999998,0.0,0.0,0.0,0.0,0.0,0.0,0.0005,0.0,0.0,0.0,0.0005,0.0,0.0,0.0,0.002,0.9975,0.046297950389758855,1892,0.0008910146492664842,1.3898793116638833e-06,0.00019530718379364955,16,20,False,0.995,0.005,0.66,fixed,100,none,eefd7eeb-488a-4f09-b43a-00ca3ec1ee27
2361,353900,36.81514835357666,0.99900075,0.999002,1.0,0.9960719999999998,0.0,0.0,0.0,0.0,0.0,0.0,0.0005,0.0,0.0,0.0,0.0005,0.0,0.0,0.0,0.002,0.9975,0.046297950389758855,1892,0.0008927161388157732,1.3935718242288399e-06,0.00019568034143337625,16,20,False,0.995,0.005,0.66,fixed,100,none,eefd7eeb-488a-4f09-b43a-00ca3ec1ee27
2362,354000,36.826786518096924,0.99900075,0.999002,1.0,0.9960719999999998,0.0,0.0,0.0,0.0,0.0,0.0,0.0005,0.0,0.0,0.0,0.0005,0.0,0.0,0.0,0.002,0.9975,0.046297950389758855,1892,0.000892514122905942,1.3953140942302796e-06,0.00019563645118201447,16,20,False,0.995,0.005,0.66,fixed,100,none,eefd7eeb-488a-4f09-b43a-00ca3ec1ee27
2363,354100,36.83885908126831,0.99900075,0.999002,1.0,0.9960719999999998,0.0,0.0,0.0,0.0,0.0,0.0,0.0005,0.0,0.0,0.0,0.0005,0.0,0.0,0.0,0.002,0.9975,0.046297950389758855,1892,0.0008930725867710873,1.395892285628535e-06,0.00019575880877846044,16,20,False,0.995,0.005,0.66,fixed,100,none,eefd7eeb-488a-4f09-b43a-00ca3ec1ee27
2364,354200,36.85057997703552,0.99900075,0.999002,1.0,0.9960719999999998,0.0,0.0,0.0,0.0,0.0,0.0,0.0005,0.0,0.0,0.0,0.0005,0.0,0.0,0.0,0.002,0.9975,0.046297950389758855,1892,0.0008936716004799294,1.3970088522922148e-06,0.0001958901450269921,16,20,False,0.995,0.005,0.66,fixed,100,none,eefd7eeb-488a-4f09-b43a-00ca3ec1ee27
2365,354300,36.86236333847046,0.99900075,0.999002,1.0,0.9960719999999998,0.0,0.0,0.0,0.0,0.0,0.0,0.0005,0.0,0.0,0.0,0.0005,0.0,0.0,0.0,0.002,0.9975,0.046297950389758855,1892,0.000894668285239658,1.3995843481314331e-06,0.0001961088086651061,16,20,False,0.995,0.005,0.66,fixed,100,none,eefd7eeb-488a-4f09-b43a-00ca3ec1ee27
2366,354600,36.87440729141235,0.99900075,0.999002,1.0,0.9960719999999998,0.0,0.0,0.0,0.0,0.0,0.0,0.0005,0.0,0.0,0.0,0.0005,0.0,0.0,0.0,0.002,0.9975,0.046297950389758855,1892,0.0008956861479705107,1.404761705790657e-06,0.00019633260251484503,16,20,False,0.995,0.005,0.66,fixed,100,none,eefd7eeb-488a-4f09-b43a-00ca3ec1ee27
2367,354700,36.886090993881226,0.99900075,0.999002,1.0,0.9960719999999998,0.0,0.0,0.0,0.0,0.0,0.0,0.0005,0.0,0.0,0.0,0.0005,0.0,0.0,0.0,0.002,0.9975,0.046297950389758855,1892,0.0008955550266974891,1.4063207071778223e-06,0.00019630419627844416,16,20,False,0.995,0.005,0.66,fixed,100,none,eefd7eeb-488a-4f09-b43a-00ca3ec1ee27
2368,355000,36.897791147232056,0.99900075,0.999002,1.0,0.9960719999999998,0.0,0.0,0.0,0.0,0.0,0.0,0.0005,0.0,0.0,0.0,0.0005,0.0,0.0,0.0,0.002,0.9975,0.045899711685228106,1893,0.0008958397017387709,1.4081840656684795e-06,0.00019636686568309399,16,20,False,0.995,0.005,0.66,fixed,100,none,eefd7eeb-488a-4f09-b43a-00ca3ec1ee27
2369,355100,36.909404277801514,0.99900075,0.999002,1.0,0.9960719999999998,0.0,0.0,0.0,0.0,0.0,0.0,0.0005,0.0,0.0,0.0,0.0005,0.0,0.0,0.0,0.002,0.9975,0.045899711685228106,1893,0.0008949310132570716,1.4053523829649103e-06,0.00019616741575473632,16,20,False,0.995,0.005,0.66,fixed,100,none,eefd7eeb-488a-4f09-b43a-00ca3ec1ee27
2370,355300,36.92115092277527,0.99900075,0.999002,1.0,0.9960719999999998,0.0,0.0,0.0,0.0,0.0,0.0,0.0005,0.0,0.0,0.0,0.0005,0.0,0.0,0.0,0.002,0.9975,0.045899711685228106,1893,0.0008955187326825709,1.4056621885607002e-06,0.00019629612640004128,16,20,False,0.995,0.005,0.66,fixed,100,none,eefd7eeb-488a-4f09-b43a-00ca3ec1ee27
2371,355400,36.9328408241272,0.99900075,0.999002,1.0,0.9960719999999998,0.0,0.0,0.0,0.0,0.0,0.0,0.0005,0.0,0.0,0.0,0.0005,0.0,0.0,0.0,0.002,0.9975,0.04550046796188467,1894,0.000895055156104559,1.4026314109519354e-06,0.00019619407363936884,16,20,False,0.995,0.005,0.66,fixed,100,none,eefd7eeb-488a-4f09-b43a-00ca3ec1ee27
2372,355700,36.9444842338562,0.99900075,0.999002,1.0,0.9960719999999998,0.0,0.0,0.0,0.0,0.0,0.0,0.0005,0.0,0.0,0.0,0.0005,0.0,0.0,0.0,0.002,0.9975,0.04550046796188467,1894,0.0008957969251829443,1.4017673771789006e-06,0.0001963562827242105,16,20,False,0.995,0.005,0.66,fixed,100,none,eefd7eeb-488a-4f09-b43a-00ca3ec1ee27
2373,355800,36.95621299743652,0.99900075,0.999002,1.0,0.9960719999999998,0.0,0.0,0.0,0.0,0.0,0.0,0.0005,0.0,0.0,0.0,0.0005,0.0,0.0,0.0,0.002,0.9975,0.04550046796188467,1894,0.0008958919293883678,1.4012973195353377e-06,0.00019637698983382545,16,20,False,0.995,0.005,0.66,fixed,100,none,eefd7eeb-488a-4f09-b43a-00ca3ec1ee27
2374,356000,36.967859983444214,0.99900075,0.999002,1.0,0.9960719999999998,0.0,0.0,0.0,0.0,0.0,0.0,0.0005,0.0,0.0,0.0,0.0005,0.0,0.0,0.0,0.002,0.9975,0.04550046796188467,1894,0.0008962340461523431,1.4003822721614509e-06,0.00019645170533445858,16,20,False,0.995,0.005,0.66,fixed,100,none,eefd7eeb-488a-4f09-b43a-00ca3ec1ee27
2375,356100,36.97945427894592,0.99900075,0.999002,1.0,0.9960719999999998,0.0,0.0,0.0,0.0,0.0,0.0,0.0005,0.0,0.0,0.0,0.0005,0.0,0.0,0.0,0.002,0.9975,0.04550046796188467,1894,0.0008964105500801707,1.4005885750993745e-06,0.00019649038124181824,16,20,False,0.995,0.005,0.66,fixed,100,none,eefd7eeb-488a-4f09-b43a-00ca3ec1ee27
2376,356400,36.991116523742676,0.99900075,0.999002,1.0,0.9960719999999998,0.0,0.0,0.0,0.0,0.0,0.0,0.0005,0.0,0.0,0.0,0.0005,0.0,0.0,0.0,0.002,0.9975,0.04550046796188467,1894,0.0008992763912062648,1.4084723894851517e-06,0.00019711921178905355,16,20,False,0.995,0.005,0.66,fixed,100,none,eefd7eeb-488a-4f09-b43a-00ca3ec1ee27
2377,356500,37.00281357765198,0.99900075,0.999002,1.0,0.9960719999999998,0.0,0.0,0.0,0.0,0.0,0.0,0.0005,0.0,0.0,0.0,0.0005,0.0,0.0,0.0,0.002,0.9975,0.04550046796188467,1894,0.0008984614105655772,1.404351445982807e-06,0.0001969400295475416,16,20,False,0.995,0.005,0.66,fixed,100,none,eefd7eeb-488a-4f09-b43a-00ca3ec1ee27
2378,356800,37.014488220214844,0.99900075,0.999002,1.0,0.9960719999999998,0.0,0.0,0.0,0.0,0.0,0.0,0.0005,0.0,0.0,0.0,0.0005,0.0,0.0,0.0,0.002,0.9975,0.045899711685228106,1893,0.0009025447372497757,1.4124322061608422e-06,0.00019783540510314647,16,20,False,0.995,0.005,0.66,fixed,100,none,eefd7eeb-488a-4f09-b43a-00ca3ec1ee27
2379,356900,37.026102781295776,0.99900075,0.999002,1.0,0.9960719999999998,0.0,0.0,0.0,0.0,0.0,0.0,0.0005,0.0,0.0,0.0,0.0005,0.0,0.0,0.0,0.002,0.9975,0.045899711685228106,1893,0.0009034026554466558,1.4150964596590793e-06,0.0001980237096046082,16,20,False,0.995,0.005,0.66,fixed,100,none,eefd7eeb-488a-4f09-b43a-00ca3ec1ee27
2380,357100,37.037739515304565,0.99900075,0.999002,1.0,0.9960719999999998,0.0,0.0,0.0,0.0,0.0,0.0,0.0005,0.0,0.0,0.0,0.0005,0.0,0.0,0.0,0.002,0.9975,0.045899711685228106,1893,0.0009030228884223654,1.414659199062873e-06,0.00019794049552347774,16,20,False,0.995,0.005,0.66,fixed,100,none,eefd7eeb-488a-4f09-b43a-00ca3ec1ee27
2381,357200,37.04979133605957,0.99900075,0.999002,1.0,0.9960719999999998,0.0,0.0,0.0,0.0,0.0,0.0,0.0005,0.0,0.0,0.0,0.0005,0.0,0.0,0.0,0.002,0.9975,0.045899711685228106,1893,0.0009028999982182561,1.414522844526475e-06,0.0001979135689504363,16,20,False,0.995,0.005,0.66,fixed,100,none,eefd7eeb-488a-4f09-b43a-00ca3ec1ee27
2382,357500,37.0619261264801,0.99900075,0.999002,1.0,0.9960719999999998,0.0,0.0,0.0,0.0,0.0,0.0,0.0005,0.0,0.0,0.0,0.0005,0.0,0.0,0.0,0.002,0.9975,0.045899711685228106,1893,0.0009036374686033119,1.415487328226503e-06,0.00019807518446962803,16,20,False,0.995,0.005,0.66,fixed,100,none,eefd7eeb-488a-4f09-b43a-00ca3ec1ee27
2383,357600,37.073681354522705,0.99900075,0.999002,1.0,0.9960719999999998,0.0,0.0,0.0,0.0,0.0,0.0,0.0005,0.0,0.0,0.0,0.0005,0.0,0.0,0.0,0.002,0.9975,0.046297950389758855,1892,0.0009035622876340566,1.416224223289143e-06,0.00019805886736551994,16,20,False,0.995,0.005,0.66,fixed,100,none,eefd7eeb-488a-4f09-b43a-00ca3ec1ee27
2384,357800,37.085476875305176,0.99900075,0.999002,1.0,0.9960719999999998,0.0,0.0,0.0,0.0,0.0,0.0,0.0005,0.0,0.0,0.0,0.0005,0.0,0.0,0.0,0.002,0.9975,0.04629795038975885,1892,0.0009032202618107569,1.4177624370705975e-06,0.00019798429017341812,16,20,False,0.995,0.005,0.66,fixed,100,none,eefd7eeb-488a-4f09-b43a-00ca3ec1ee27
2385,357900,37.097326040267944,0.99900075,0.999002,1.0,0.9960719999999998,0.0,0.0,0.0,0.0,0.0,0.0,0.0005,0.0,0.0,0.0,0.0005,0.0,0.0,0.0,0.002,0.9975,0.046297950389758855,1892,0.0009037545183626772,1.4206658306160027e-06,0.0001981017905774071,16,20,False,0.995,0.005,0.66,fixed,100,none,eefd7eeb-488a-4f09-b43a-00ca3ec1ee27
2386,358200,37.10936450958252,0.99900075,0.999002,1.0,0.9960719999999998,0.0,0.0,0.0,0.0,0.0,0.0,0.0005,0.0,0.0,0.0,0.0005,0.0,0.0,0.0,0.002,0.9975,0.045899711685228106,1893,0.0009037530631313446,1.423175211402265e-06,0.00019810194880961777,16,20,False,0.995,0.005,0.66,fixed,100,none,eefd7eeb-488a-4f09-b43a-00ca3ec1ee27
2387,358300,37.12105846405029,0.99900075,0.999002,1.0,0.9960719999999998,0.0,0.0,0.0,0.0,0.0,0.0,0.0005,0.0,0.0,0.0,0.0005,0.0,0.0,0.0,0.002,0.9975,0.04550046796188467,1894,0.0009048450526854174,1.425386585403862e-06,0.0001983414054840646,16,20,False,0.995,0.005,0.66,fixed,100,none,eefd7eeb-488a-4f09-b43a-00ca3ec1ee27
2388,358600,37.13310670852661,0.99900075,0.999002,1.0,0.9960719999999998,0.0,0.0,0.0,0.0,0.0,0.0,0.0005,0.0,0.0,0.0,0.0005,0.0,0.0,0.0,0.002,0.9975,0.045899711685228106,1893,0.0009045145308358199,1.4257867049038507e-06,0.00019826913027389272,16,20,False,0.995,0.005,0.66,fixed,100,none,eefd7eeb-488a-4f09-b43a-00ca3ec1ee27
2389,358700,37.14498543739319,0.99900075,0.999002,1.0,0.9960719999999998,0.0,0.0,0.0,0.0,0.0,0.0,0.0005,0.0,0.0,0.0,0.0005,0.0,0.0,0.0,0.002,0.9975,0.045899711685228106,1893,0.0009043041765889741,1.4280658930009688e-06,0.00019822351677499663,16,20,False,0.995,0.005,0.66,fixed,100,none,eefd7eeb-488a-4f09-b43a-00ca3ec1ee27
2390,358900,37.156787157058716,0.99900075,0.999002,1.0,0.9960719999999998,0.0,0.0,0.0,0.0,0.0,0.0,0.0005,0.0,0.0,0.0,0.0005,0.0,0.0,0.0,0.002,0.9975,0.04550046796188467,1894,0.00090424585041197,1.4314560296770023e-06,0.0001982113933008189,16,20,False,0.995,0.005,0.66,fixed,100,none,eefd7eeb-488a-4f09-b43a-00ca3ec1ee27
2391,359000,37.1684513092041,0.99900075,0.999002,1.0,0.9960719999999998,0.0,0.0,0.0,0.0,0.0,0.0,0.0005,0.0,0.0,0.0,0.0005,0.0,0.0,0.0,0.002,0.9975,0.04550046796188467,1894,0.0009044815792051747,1.4309430390938247e-06,0.00019826289686544058,16,20,False,0.995,0.005,0.66,fixed,100,none,eefd7eeb-488a-4f09-b43a-00ca3ec1ee27
2392,359300,37.18012309074402,0.99900075,0.999002,1.0,0.9960719999999998,0.0,0.0,0.0,0.0,0.0,0.0,0.0005,0.0,0.0,0.0,0.0005,0.0,0.0,0.0,0.002,0.9975,0.04550046796188467,1894,0.0009050485560607149,1.4329732429566068e-06,0.00019838739383785226,16,20,False,0.995,0.005,0.66,fixed,100,none,eefd7eeb-488a-4f09-b43a-00ca3ec1ee27
2393,359400,37.19186854362488,0.99900075,0.999002,1.0,0.9960719999999998,0.0,0.0,0.0,0.0,0.0,0.0,0.0005,0.0,0.0,0.0,0.0005,0.0,0.0,0.0,0.002,0.9975,0.04550046796188467,1894,0.0009058124566641653,1.4341540684172376e-06,0.00019855483603678509,16,20,False,0.995,0.005,0.66,fixed,100,none,eefd7eeb-488a-4f09-b43a-00ca3ec1ee27
2394,359600,37.20351552963257,0.99900075,0.999002,1.0,0.9960719999999998,0.0,0.0,0.0,0.0,0.0,0.0,0.0005,0.0,0.0,0.0,0.0005,0.0,0.0,0.0,0.002,0.9975,0.04550046796188467,1894,0.000904213982846075,1.4295545002621691e-06,0.00019820405620005562,16,20,False,0.995,0.005,0.66,fixed,100,none,eefd7eeb-488a-4f09-b43a-00ca3ec1ee27
2395,359700,37.21535325050354,0.99900075,0.999002,1.0,0.9960719999999998,0.0,0.0,0.0,0.0,0.0,0.0,0.0005,0.0,0.0,0.0,0.0005,0.0,0.0,0.0,0.002,0.9975,0.04550046796188467,1894,0.000903827036955388,1.427144981491356e-06,0.00019811889593601782,16,20,False,0.995,0.005,0.66,fixed,100,none,eefd7eeb-488a-4f09-b43a-00ca3ec1ee27
2396,360000,37.22700572013855,0.99900075,0.999002,1.0,0.9960719999999998,0.0,0.0,0.0,0.0,0.0,0.0,0.0005,0.0,0.0,0.0,0.0005,0.0,0.0,0.0,0.002,0.9975,0.04550046796188467,1894,0.0009035045735501992,1.426228330256808e-06,0.0001980481345328874,16,20,False,0.995,0.005,0.66,fixed,100,none,eefd7eeb-488a-4f09-b43a-00ca3ec1ee27
