epoch,generation,walltime_sec,pure_train_chi2,test_chi2,blip_train_chi2,bitflip_chi2,test1_frac,test2_frac,test3_frac,test4_frac,test5_frac,test6_frac,test7_frac,test8_frac,train1_frac,train2_frac,train3_frac,s1_blip_match_frac,s2_blip_match_frac,s3_blip_match_frac,bitflip_frac,other_frac,other_chi2,other_n_classes,l1_loss,l2_loss,regularization_loss,v,seed,zero_init,l1_scale,l2_scale,blip_freq,blip_mode,num_epoch,schedule_mode,replicate_uid
0,0,12.23224401473999,1.0,1.0,1.0,0.9960959999999999,0.0,0.0,0.0,0.0,0.0,0.0,0.0,0.0,0.0,0.0,0.0,0.0,0.0,0.0,0.002,0.998,0.05402839747631537,1873,0.0,0.0,0.0,16,20,False,0.995,0.005,0.66,fixed,100,none,371c9e91-ddfd-4fc0-aac2-c83fd387c776
1,100,12.25644302368164,1.0,1.0,1.0,0.9960959999999999,0.0,0.0,0.0,0.0,0.0,0.0,0.0,0.0,0.0,0.0,0.0,0.0,0.0,0.0,0.002,0.998,0.05402839747631537,1873,1.7040121537041606e-05,4.472483889572082e-10,3.7301675816523097e-06,16,20,False,0.995,0.005,0.66,fixed,100,none,371c9e91-ddfd-4fc0-aac2-c83fd387c776
2,200,12.2764892578125,1.0,1.0,1.0,0.9960959999999999,0.0,0.0,0.0,0.0,0.0,0.0,0.0,0.0,0.0,0.0,0.0,0.0,0.0,0.0,0.002,0.998,0.053271372404126875,1875,2.0899997997681197e-05,6.900667803896082e-10,4.575140674380688e-06,16,20,False,0.995,0.005,0.66,fixed,100,none,371c9e91-ddfd-4fc0-aac2-c83fd387c776
3,300,12.296631813049316,1.0,1.0,1.0,0.9960959999999999,0.0,0.0,0.0,0.0,0.0,0.0,0.0,0.0,0.0,0.0,0.0,0.0,0.0,0.0,0.002,0.998,0.053271372404126875,1875,2.31034050638558e-05,8.40092109020925e-10,5.057494985978749e-06,16,20,False,0.995,0.005,0.66,fixed,100,none,371c9e91-ddfd-4fc0-aac2-c83fd387c776
4,400,12.316687822341919,1.0,1.0,1.0,0.9960959999999999,0.0,0.0,0.0,0.0,0.0,0.0,0.0,0.0,0.0,0.0,0.0,0.0,0.0,0.0,0.002,0.998,0.053271372404126875,1875,2.8717526935471043e-05,1.2968628368827966e-09,6.286513050113619e-06,16,20,False,0.995,0.005,0.66,fixed,100,none,371c9e91-ddfd-4fc0-aac2-c83fd387c776
5,500,12.336628437042236,1.0,1.0,1.0,0.9960959999999999,0.0,0.0,0.0,0.0,0.0,0.0,0.0,0.0,0.0,0.0,0.0,0.0,0.0,0.0,0.002,0.998,0.05365038694623715,1874,3.44222410464906e-05,1.8139892804726127e-09,7.5353732230400814e-06,16,20,False,0.995,0.005,0.66,fixed,100,none,371c9e91-ddfd-4fc0-aac2-c83fd387c776
6,600,12.356443166732788,1.0,1.0,1.0,0.9960959999999999,0.0,0.0,0.0,0.0,0.0,0.0,0.0,0.0,0.0,0.0,0.0,0.0,0.0,0.0,0.002,0.998,0.05289135384998454,1876,3.6611473569789346e-05,2.0921584055772465e-09,8.01464907452395e-06,16,20,False,0.995,0.005,0.66,fixed,100,none,371c9e91-ddfd-4fc0-aac2-c83fd387c776
7,700,12.376530170440674,1.0,1.0,1.0,0.9960959999999999,0.0,0.0,0.0,0.0,0.0,0.0,0.0,0.0,0.0,0.0,0.0,0.0,0.0,0.0,0.002,0.998,0.053271372404126875,1875,4.0348118389398966e-05,2.5009132775051256e-09,8.83267828896216e-06,16,20,False,0.995,0.005,0.66,fixed,100,none,371c9e91-ddfd-4fc0-aac2-c83fd387c776
8,800,12.396713018417358,1.0,1.0,1.0,0.9960959999999999,0.0,0.0,0.0,0.0,0.0,0.0,0.0,0.0,0.0,0.0,0.0,0.0,0.0,0.0,0.002,0.998,0.053271372404126875,1875,4.16680622210083e-05,2.675485576600415e-09,9.121647162438272e-06,16,20,False,0.995,0.005,0.66,fixed,100,none,371c9e91-ddfd-4fc0-aac2-c83fd387c776
9,900,12.417126417160034,1.0,1.0,1.0,0.9960959999999999,0.0,0.0,0.0,0.0,0.0,0.0,0.0,0.0,0.0,0.0,0.0,0.0,0.0,0.0,0.002,0.998,0.053271372404126875,1875,4.428520885426774e-05,3.077961133745907e-09,9.69461703081462e-06,16,20,False,0.995,0.005,0.66,fixed,100,none,371c9e91-ddfd-4fc0-aac2-c83fd387c776
10,1000,12.437278032302856,1.0,1.0,1.0,0.9960959999999999,0.0,0.0,0.0,0.0,0.0,0.0,0.0,0.0,0.0,0.0,0.0,0.0,0.0,0.0,0.002,0.998,0.053271372404126875,1875,4.825926115022705e-05,3.7075914549991062e-09,1.056465670816115e-05,16,20,False,0.995,0.005,0.66,fixed,100,none,371c9e91-ddfd-4fc0-aac2-c83fd387c776
11,1100,12.45730209350586,1.0,1.0,1.0,0.9960959999999999,0.0,0.0,0.0,0.0,0.0,0.0,0.0,0.0,0.0,0.0,0.0,0.0,0.0,0.0,0.002,0.998,0.05289135384998454,1876,5.163632475091533e-05,4.1567998619110885e-09,1.130398127994913e-05,16,20,False,0.995,0.005,0.66,fixed,100,none,371c9e91-ddfd-4fc0-aac2-c83fd387c776
12,1200,12.477227210998535,1.0,1.0,1.0,0.9960959999999999,0.0,0.0,0.0,0.0,0.0,0.0,0.0,0.0,0.0,0.0,0.0,0.0,0.0,0.0,0.002,0.998,0.05289135384998454,1876,5.23690242843917e-05,4.224417404646936e-09,1.1464382055160226e-05,16,20,False,0.995,0.005,0.66,fixed,100,none,371c9e91-ddfd-4fc0-aac2-c83fd387c776
13,1300,12.497060298919678,1.0,1.0,1.0,0.9960959999999999,0.0,0.0,0.0,0.0,0.0,0.0,0.0,0.0,0.0,0.0,0.0,0.0,0.0,0.0,0.002,0.998,0.05289135384998455,1876,5.25727101736621e-05,4.324503485029851e-09,1.150898791267679e-05,16,20,False,0.995,0.005,0.66,fixed,100,none,371c9e91-ddfd-4fc0-aac2-c83fd387c776
14,1400,12.516818046569824,1.0,1.0,1.0,0.9960959999999999,0.0,0.0,0.0,0.0,0.0,0.0,0.0,0.0,0.0,0.0,0.0,0.0,0.0,0.0,0.002,0.998,0.052891353849984536,1876,5.471854868789108e-05,4.85866423992795e-09,1.1978813453984945e-05,16,20,False,0.995,0.005,0.66,fixed,100,none,371c9e91-ddfd-4fc0-aac2-c83fd387c776
15,1500,12.536782026290894,1.0,1.0,1.0,0.9960959999999999,0.0,0.0,0.0,0.0,0.0,0.0,0.0,0.0,0.0,0.0,0.0,0.0,0.0,0.0,0.002,0.998,0.052891353849984536,1876,5.512361480832215e-05,4.924712817100294e-09,1.2067494976976969e-05,16,20,False,0.995,0.005,0.66,fixed,100,none,371c9e91-ddfd-4fc0-aac2-c83fd387c776
16,1600,12.559189081192017,1.0,1.0,1.0,0.9960959999999999,0.0,0.0,0.0,0.0,0.0,0.0,0.0,0.0,0.0,0.0,0.0,0.0,0.0,0.0,0.002,0.998,0.052891353849984536,1876,5.590356883621892e-05,4.9953247588690664e-09,1.2238240329952508e-05,16,20,False,0.995,0.005,0.66,fixed,100,none,371c9e91-ddfd-4fc0-aac2-c83fd387c776
17,1700,12.579423189163208,1.0,1.0,1.0,0.9960959999999999,0.0,0.0,0.0,0.0,0.0,0.0,0.0,0.0,0.0,0.0,0.0,0.0,0.0,0.0,0.002,0.998,0.052891353849984536,1876,5.88532335077799e-05,5.46292668657537e-09,1.288401077092347e-05,16,20,False,0.995,0.005,0.66,fixed,100,none,371c9e91-ddfd-4fc0-aac2-c83fd387c776
18,1800,12.59937572479248,1.0,1.0,1.0,0.9960959999999999,0.0,0.0,0.0,0.0,0.0,0.0,0.0,0.0,0.0,0.0,0.0,0.0,0.0,0.0,0.002,0.998,0.052891353849984536,1876,6.02347218179696e-05,5.65630715345715e-09,1.3186455304312704e-05,16,20,False,0.995,0.005,0.66,fixed,100,none,371c9e91-ddfd-4fc0-aac2-c83fd387c776
19,1900,12.619342803955078,1.0,1.0,1.0,0.9960959999999999,0.0,0.0,0.0,0.0,0.0,0.0,0.0,0.0,0.0,0.0,0.0,0.0,0.0,0.0,0.002,0.998,0.053271372404126875,1875,6.0662947381319495e-05,5.745702101518485e-09,1.3280210865170126e-05,16,20,False,0.995,0.005,0.66,fixed,100,none,371c9e91-ddfd-4fc0-aac2-c83fd387c776
20,2000,12.64008641242981,1.0,1.0,1.0,0.9960959999999999,0.0,0.0,0.0,0.0,0.0,0.0,0.0,0.0,0.0,0.0,0.0,0.0,0.0,0.0,0.002,0.998,0.053271372404126875,1875,6.23037460187599e-05,6.099758561194647e-09,1.363944895763317e-05,16,20,False,0.995,0.005,0.66,fixed,100,none,371c9e91-ddfd-4fc0-aac2-c83fd387c776
21,2100,12.660002946853638,1.0,1.0,1.0,0.9960959999999999,0.0,0.0,0.0,0.0,0.0,0.0,0.0,0.0,0.0,0.0,0.0,0.0,0.0,0.0,0.002,0.998,0.053271372404126875,1875,6.273505756873159e-05,6.295839939809958e-09,1.373390031138391e-05,16,20,False,0.995,0.005,0.66,fixed,100,none,371c9e91-ddfd-4fc0-aac2-c83fd387c776
22,2200,12.680031776428223,1.0,1.0,1.0,0.9960959999999999,0.0,0.0,0.0,0.0,0.0,0.0,0.0,0.0,0.0,0.0,0.0,0.0,0.0,0.0,0.002,0.998,0.053271372404126875,1875,6.291617884856212e-05,6.368803520856423e-09,1.3773561622619211e-05,16,20,False,0.995,0.005,0.66,fixed,100,none,371c9e91-ddfd-4fc0-aac2-c83fd387c776
23,2300,12.699814558029175,1.0,1.0,1.0,0.9960959999999999,0.0,0.0,0.0,0.0,0.0,0.0,0.0,0.0,0.0,0.0,0.0,0.0,0.0,0.0,0.002,0.998,0.053271372404126875,1875,6.417370245713715e-05,6.619126507622076e-09,1.404888110190377e-05,16,20,False,0.995,0.005,0.66,fixed,100,none,371c9e91-ddfd-4fc0-aac2-c83fd387c776
24,2400,12.719533443450928,1.0,1.0,1.0,0.9960959999999999,0.0,0.0,0.0,0.0,0.0,0.0,0.0,0.0,0.0,0.0,0.0,0.0,0.0,0.0,0.002,0.998,0.053271372404126875,1875,6.516441954793336e-05,6.818907706805439e-09,1.4265787031506904e-05,16,20,False,0.995,0.005,0.66,fixed,100,none,371c9e91-ddfd-4fc0-aac2-c83fd387c776
25,2500,12.739268779754639,1.0,1.0,1.0,0.9960959999999999,0.0,0.0,0.0,0.0,0.0,0.0,0.0,0.0,0.0,0.0,0.0,0.0,0.0,0.0,0.002,0.998,0.053271372404126875,1875,6.602324052060861e-05,6.963467486530665e-09,1.4453810408783666e-05,16,20,False,0.995,0.005,0.66,fixed,100,none,371c9e91-ddfd-4fc0-aac2-c83fd387c776
26,2600,12.758982419967651,1.0,1.0,1.0,0.9960959999999999,0.0,0.0,0.0,0.0,0.0,0.0,0.0,0.0,0.0,0.0,0.0,0.0,0.0,0.0,0.002,0.998,0.053271372404126875,1875,6.755953497887279e-05,7.277090608998628e-09,1.4790164854090964e-05,16,20,False,0.995,0.005,0.66,fixed,100,none,371c9e91-ddfd-4fc0-aac2-c83fd387c776
27,2700,12.77858304977417,1.0,1.0,1.0,0.9960959999999999,0.0,0.0,0.0,0.0,0.0,0.0,0.0,0.0,0.0,0.0,0.0,0.0,0.0,0.0,0.002,0.998,0.053271372404126875,1875,6.913549927174892e-05,7.543259122181518e-09,1.5135194009819056e-05,16,20,False,0.995,0.005,0.66,fixed,100,none,371c9e91-ddfd-4fc0-aac2-c83fd387c776
28,2800,12.79823350906372,1.0,1.0,1.0,0.9960959999999999,0.0,0.0,0.0,0.0,0.0,0.0,0.0,0.0,0.0,0.0,0.0,0.0,0.0,0.0,0.002,0.998,0.053271372404126875,1875,6.984662711826706e-05,7.692346419478962e-09,1.529088822200836e-05,16,20,False,0.995,0.005,0.66,fixed,100,none,371c9e91-ddfd-4fc0-aac2-c83fd387c776
29,2900,12.817898750305176,1.0,1.0,1.0,0.9960959999999999,0.0,0.0,0.0,0.0,0.0,0.0,0.0,0.0,0.0,0.0,0.0,0.0,0.0,0.0,0.002,0.998,0.053271372404126875,1875,7.100714090443389e-05,7.99217187307736e-09,1.5544981656636467e-05,16,20,False,0.995,0.005,0.66,fixed,100,none,371c9e91-ddfd-4fc0-aac2-c83fd387c776
30,3000,12.837714910507202,1.0,1.0,1.0,0.9960959999999999,0.0,0.0,0.0,0.0,0.0,0.0,0.0,0.0,0.0,0.0,0.0,0.0,0.0,0.0,0.002,0.998,0.053271372404126875,1875,7.202647964514364e-05,8.251890887919616e-09,1.5768164253590647e-05,16,20,False,0.995,0.005,0.66,fixed,100,none,371c9e91-ddfd-4fc0-aac2-c83fd387c776
31,3100,12.8575119972229,1.0,1.0,1.0,0.9960959999999999,0.0,0.0,0.0,0.0,0.0,0.0,0.0,0.0,0.0,0.0,0.0,0.0,0.0,0.0,0.002,0.998,0.053271372404126875,1875,7.202647964514364e-05,8.251890887919616e-09,1.5768164253590647e-05,16,20,False,0.995,0.005,0.66,fixed,100,none,371c9e91-ddfd-4fc0-aac2-c83fd387c776
32,3200,12.877409934997559,1.0,1.0,1.0,0.9960959999999999,0.0,0.0,0.0,0.0,0.0,0.0,0.0,0.0,0.0,0.0,0.0,0.0,0.0,0.0,0.002,0.998,0.053271372404126875,1875,7.411472283041187e-05,8.597370941658675e-09,1.6225346328056075e-05,16,20,False,0.995,0.005,0.66,fixed,100,none,371c9e91-ddfd-4fc0-aac2-c83fd387c776
33,3300,12.897414445877075,1.0,1.0,1.0,0.9960959999999999,0.0,0.0,0.0,0.0,0.0,0.0,0.0,0.0,0.0,0.0,0.0,0.0,0.0,0.0,0.002,0.998,0.053271372404126875,1875,7.54433993623762e-05,8.81496092866e-09,1.6516234963000597e-05,16,20,False,0.995,0.005,0.66,fixed,100,none,371c9e91-ddfd-4fc0-aac2-c83fd387c776
34,3400,12.917356252670288,1.0,1.0,1.0,0.9960959999999999,0.0,0.0,0.0,0.0,0.0,0.0,0.0,0.0,0.0,0.0,0.0,0.0,0.0,0.0,0.002,0.998,0.05289135384998455,1876,7.50730153424029e-05,8.931647915859513e-09,1.643518007155601e-05,16,20,False,0.995,0.005,0.66,fixed,100,none,371c9e91-ddfd-4fc0-aac2-c83fd387c776
35,3500,12.937088966369629,1.0,1.0,1.0,0.9960959999999999,0.0,0.0,0.0,0.0,0.0,0.0,0.0,0.0,0.0,0.0,0.0,0.0,0.0,0.0,0.002,0.998,0.05251033128381009,1877,7.621474859100082e-05,9.13231840875732e-09,1.6685143607067742e-05,16,20,False,0.995,0.005,0.66,fixed,100,none,371c9e91-ddfd-4fc0-aac2-c83fd387c776
36,3600,12.956764698028564,1.0,1.0,1.0,0.9960959999999999,0.0,0.0,0.0,0.0,0.0,0.0,0.0,0.0,0.0,0.0,0.0,0.0,0.0,0.0,0.002,0.998,0.053271372404126875,1875,7.720259793043856e-05,9.406489976627e-09,1.690143592006856e-05,16,20,False,0.995,0.005,0.66,fixed,100,none,371c9e91-ddfd-4fc0-aac2-c83fd387c776
37,3700,12.976714849472046,1.0,1.0,1.0,0.9960959999999999,0.0,0.0,0.0,0.0,0.0,0.0,0.0,0.0,0.0,0.0,0.0,0.0,0.0,0.0,0.002,0.998,0.053271372404126875,1875,8.023366294437255e-05,1.0010601921026441e-08,1.7565050832888146e-05,16,20,False,0.995,0.005,0.66,fixed,100,none,371c9e91-ddfd-4fc0-aac2-c83fd387c776
38,3800,12.996480226516724,1.0,1.0,1.0,0.9960959999999999,0.0,0.0,0.0,0.0,0.0,0.0,0.0,0.0,0.0,0.0,0.0,0.0,0.0,0.0,0.002,0.998,0.053271372404126875,1875,8.023366294437255e-05,1.0010601921026441e-08,1.7565050832888146e-05,16,20,False,0.995,0.005,0.66,fixed,100,none,371c9e91-ddfd-4fc0-aac2-c83fd387c776
39,3900,13.016166687011719,1.0,1.0,1.0,0.9960959999999999,0.0,0.0,0.0,0.0,0.0,0.0,0.0,0.0,0.0,0.0,0.0,0.0,0.0,0.0,0.002,0.998,0.05289135384998454,1876,8.076652646730842e-05,1.0134460084948254e-08,1.7681718191109952e-05,16,20,False,0.995,0.005,0.66,fixed,100,none,371c9e91-ddfd-4fc0-aac2-c83fd387c776
40,4000,13.035850763320923,1.0,1.0,1.0,0.9960959999999999,0.0,0.0,0.0,0.0,0.0,0.0,0.0,0.0,0.0,0.0,0.0,0.0,0.0,0.0,0.002,0.998,0.05289135384998454,1876,8.277007161980164e-05,1.0479148513001357e-08,1.8120359715792048e-05,16,20,False,0.995,0.005,0.66,fixed,100,none,371c9e91-ddfd-4fc0-aac2-c83fd387c776
41,4100,13.055490016937256,1.0,1.0,1.0,0.9960959999999999,0.0,0.0,0.0,0.0,0.0,0.0,0.0,0.0,0.0,0.0,0.0,0.0,0.0,0.0,0.002,0.998,0.052510331283810094,1877,8.310381846248014e-05,1.0616973927741019e-08,1.8193443086483174e-05,16,20,False,0.995,0.005,0.66,fixed,100,none,371c9e91-ddfd-4fc0-aac2-c83fd387c776
42,4200,13.075288534164429,1.0,1.0,1.0,0.9960959999999999,0.0,0.0,0.0,0.0,0.0,0.0,0.0,0.0,0.0,0.0,0.0,0.0,0.0,0.0,0.002,0.998,0.05289135384998454,1876,8.351571776886138e-05,1.0745407490850713e-08,1.8283632247027018e-05,16,20,False,0.995,0.005,0.66,fixed,100,none,371c9e91-ddfd-4fc0-aac2-c83fd387c776
43,4300,13.094964027404785,1.0,1.0,1.0,0.9960959999999999,0.0,0.0,0.0,0.0,0.0,0.0,0.0,0.0,0.0,0.0,0.0,0.0,0.0,0.0,0.002,0.998,0.05289135384998454,1876,8.506577811930601e-05,1.1096471658938169e-08,1.8623007159931283e-05,16,20,False,0.995,0.005,0.66,fixed,100,none,371c9e91-ddfd-4fc0-aac2-c83fd387c776
44,4400,13.11473035812378,1.0,1.0,1.0,0.9960959999999999,0.0,0.0,0.0,0.0,0.0,0.0,0.0,0.0,0.0,0.0,0.0,0.0,0.0,0.0,0.002,0.998,0.05289135384998454,1876,8.605302977790857e-05,1.1405275495842134e-08,1.8839175220728396e-05,16,20,False,0.995,0.005,0.66,fixed,100,none,371c9e91-ddfd-4fc0-aac2-c83fd387c776
45,4500,13.13438868522644,1.0,1.0,1.0,0.9960959999999999,0.0,0.0,0.0,0.0,0.0,0.0,0.0,0.0,0.0,0.0,0.0,0.0,0.0,0.0,0.002,0.998,0.053271372404126875,1875,8.701939390467705e-05,1.1709573004647392e-08,1.905077014460469e-05,16,20,False,0.995,0.005,0.66,fixed,100,none,371c9e91-ddfd-4fc0-aac2-c83fd387c776
46,4600,13.154166221618652,1.0,1.0,1.0,0.9960959999999999,0.0,0.0,0.0,0.0,0.0,0.0,0.0,0.0,0.0,0.0,0.0,0.0,0.0,0.0,0.002,0.998,0.053271372404126875,1875,8.861904107748637e-05,1.2071015468593766e-08,1.94010015848008e-05,16,20,False,0.995,0.005,0.66,fixed,100,none,371c9e91-ddfd-4fc0-aac2-c83fd387c776
47,4700,13.174153566360474,1.0,1.0,1.0,0.9960959999999999,0.0,0.0,0.0,0.0,0.0,0.0,0.0,0.0,0.0,0.0,0.0,0.0,0.0,0.0,0.002,0.998,0.05289135384998454,1876,8.900961278387262e-05,1.2277386235859092e-08,1.948653694177453e-05,16,20,False,0.995,0.005,0.66,fixed,100,none,371c9e91-ddfd-4fc0-aac2-c83fd387c776
48,4800,13.193949460983276,1.0,1.0,1.0,0.9960959999999999,0.0,0.0,0.0,0.0,0.0,0.0,0.0,0.0,0.0,0.0,0.0,0.0,0.0,0.0,0.002,0.998,0.05289135384998454,1876,8.989113950764995e-05,1.259760325473511e-08,1.9679563982842974e-05,16,20,False,0.995,0.005,0.66,fixed,100,none,371c9e91-ddfd-4fc0-aac2-c83fd387c776
49,4900,13.213767528533936,1.0,1.0,1.0,0.9960959999999999,0.0,0.0,0.0,0.0,0.0,0.0,0.0,0.0,0.0,0.0,0.0,0.0,0.0,0.0,0.002,0.998,0.05289135384998454,1876,9.143889690791265e-05,1.3351514877642824e-08,2.001851132096883e-05,16,20,False,0.995,0.005,0.66,fixed,100,none,371c9e91-ddfd-4fc0-aac2-c83fd387c776
50,5000,13.23391604423523,1.0,1.0,1.0,0.9960959999999999,0.0,0.0,0.0,0.0,0.0,0.0,0.0,0.0,0.0,0.0,0.0,0.0,0.0,0.0,0.002,0.998,0.05289135384998454,1876,9.128108207730327e-05,1.346387952210675e-08,1.9983987003830888e-05,16,20,False,0.995,0.005,0.66,fixed,100,none,371c9e91-ddfd-4fc0-aac2-c83fd387c776
51,5100,13.253798961639404,1.0,1.0,1.0,0.9960959999999999,0.0,0.0,0.0,0.0,0.0,0.0,0.0,0.0,0.0,0.0,0.0,0.0,0.0,0.0,0.002,0.998,0.053271372404126875,1875,9.157898833603443e-05,1.3534422371822914e-08,2.0049212087008584e-05,16,20,False,0.995,0.005,0.66,fixed,100,none,371c9e91-ddfd-4fc0-aac2-c83fd387c776
52,5200,13.273725509643555,1.0,1.0,1.0,0.9960959999999999,0.0,0.0,0.0,0.0,0.0,0.0,0.0,0.0,0.0,0.0,0.0,0.0,0.0,0.0,0.002,0.998,0.05289135384998454,1876,9.535935986435184e-05,1.43856096341474e-08,2.0876897140137107e-05,16,20,False,0.995,0.005,0.66,fixed,100,none,371c9e91-ddfd-4fc0-aac2-c83fd387c776
53,5300,13.293626308441162,1.0,1.0,1.0,0.9960959999999999,0.0,0.0,0.0,0.0,0.0,0.0,0.0,0.0,0.0,0.0,0.0,0.0,0.0,0.0,0.002,0.998,0.053271372404126875,1875,9.667725639725946e-05,1.4557953007507763e-08,2.1165417436431523e-05,16,20,False,0.995,0.005,0.66,fixed,100,none,371c9e91-ddfd-4fc0-aac2-c83fd387c776
54,5400,13.313791513442993,1.0,1.0,1.0,0.9960959999999999,0.0,0.0,0.0,0.0,0.0,0.0,0.0,0.0,0.0,0.0,0.0,0.0,0.0,0.0,0.002,0.998,0.053271372404126875,1875,9.677680227077981e-05,1.4774887432598719e-08,2.1187249245685898e-05,16,20,False,0.995,0.005,0.66,fixed,100,none,371c9e91-ddfd-4fc0-aac2-c83fd387c776
55,5500,13.333998441696167,1.0,1.0,1.0,0.9960959999999999,0.0,0.0,0.0,0.0,0.0,0.0,0.0,0.0,0.0,0.0,0.0,0.0,0.0,0.0,0.002,0.998,0.053271372404126875,1875,9.896090303981614e-05,1.55045171696992e-08,2.1665487533677996e-05,16,20,False,0.995,0.005,0.66,fixed,100,none,371c9e91-ddfd-4fc0-aac2-c83fd387c776
56,5600,13.353922843933105,1.0,1.0,1.0,0.9960959999999999,0.0,0.0,0.0,0.0,0.0,0.0,0.0,0.0,0.0,0.0,0.0,0.0,0.0,0.0,0.002,0.998,0.053271372404126875,1875,9.986576761163985e-05,1.6032536273678307e-08,2.1863662712079963e-05,16,20,False,0.995,0.005,0.66,fixed,100,none,371c9e91-ddfd-4fc0-aac2-c83fd387c776
57,5700,13.373801708221436,1.0,1.0,1.0,0.9960959999999999,0.0,0.0,0.0,0.0,0.0,0.0,0.0,0.0,0.0,0.0,0.0,0.0,0.0,0.0,0.002,0.998,0.053271372404126875,1875,0.00010112388841418066,1.6544438299039178e-08,2.2139162617140964e-05,16,20,False,0.995,0.005,0.66,fixed,100,none,371c9e91-ddfd-4fc0-aac2-c83fd387c776
58,5800,13.393640279769897,1.0,1.0,1.0,0.9960959999999999,0.0,0.0,0.0,0.0,0.0,0.0,0.0,0.0,0.0,0.0,0.0,0.0,0.0,0.0,0.002,0.998,0.053271372404126875,1875,0.00010313122933187455,1.7100210475908987e-08,2.2578675140737763e-05,16,20,False,0.995,0.005,0.66,fixed,100,none,371c9e91-ddfd-4fc0-aac2-c83fd387c776
59,5900,13.413496494293213,1.0,1.0,1.0,0.9960959999999999,0.0,0.0,0.0,0.0,0.0,0.0,0.0,0.0,0.0,0.0,0.0,0.0,0.0,0.0,0.002,0.998,0.053271372404126875,1875,0.00010301366263124364,1.714828242344828e-08,2.255294892363969e-05,16,20,False,0.995,0.005,0.66,fixed,100,none,371c9e91-ddfd-4fc0-aac2-c83fd387c776
60,6000,13.43337082862854,1.0,1.0,1.0,0.9960959999999999,0.0,0.0,0.0,0.0,0.0,0.0,0.0,0.0,0.0,0.0,0.0,0.0,0.0,0.0,0.002,0.998,0.053271372404126875,1875,0.00010486172514617501,1.7553161652803657e-08,2.2957566735211743e-05,16,20,False,0.995,0.005,0.66,fixed,100,none,371c9e91-ddfd-4fc0-aac2-c83fd387c776
61,6100,13.453174829483032,1.0,1.0,1.0,0.9960959999999999,0.0,0.0,0.0,0.0,0.0,0.0,0.0,0.0,0.0,0.0,0.0,0.0,0.0,0.0,0.002,0.998,0.05289135384998454,1876,0.00010553971894872196,1.7667646938852873e-08,2.310600133079362e-05,16,20,False,0.995,0.005,0.66,fixed,100,none,371c9e91-ddfd-4fc0-aac2-c83fd387c776
62,6200,13.47291111946106,1.0,1.0,1.0,0.9960959999999999,0.0,0.0,0.0,0.0,0.0,0.0,0.0,0.0,0.0,0.0,0.0,0.0,0.0,0.0,0.002,0.998,0.053271372404126875,1875,0.00010653168912117908,1.8036446747837286e-08,2.332321367350819e-05,16,20,False,0.995,0.005,0.66,fixed,100,none,371c9e91-ddfd-4fc0-aac2-c83fd387c776
63,6300,13.492626190185547,1.0,1.0,1.0,0.9960959999999999,0.0,0.0,0.0,0.0,0.0,0.0,0.0,0.0,0.0,0.0,0.0,0.0,0.0,0.0,0.002,0.998,0.05289135384998455,1876,0.00010781455432674346,1.870282385639808e-08,2.360415947865686e-05,16,20,False,0.995,0.005,0.66,fixed,100,none,371c9e91-ddfd-4fc0-aac2-c83fd387c776
64,6400,13.512245655059814,1.0,1.0,1.0,0.9960959999999999,0.0,0.0,0.0,0.0,0.0,0.0,0.0,0.0,0.0,0.0,0.0,0.0,0.0,0.0,0.002,0.998,0.05289135384998454,1876,0.0001080715338168511,1.8970007595911722e-08,2.366046305395193e-05,16,20,False,0.995,0.005,0.66,fixed,100,none,371c9e91-ddfd-4fc0-aac2-c83fd387c776
65,6500,13.531974792480469,1.0,1.0,1.0,0.9960959999999999,0.0,0.0,0.0,0.0,0.0,0.0,0.0,0.0,0.0,0.0,0.0,0.0,0.0,0.0,0.002,0.998,0.053271372404126875,1875,0.00010955675588721487,1.9409196619330875e-08,2.398566161106901e-05,16,20,False,0.995,0.005,0.66,fixed,100,none,371c9e91-ddfd-4fc0-aac2-c83fd387c776
66,6600,13.55170726776123,1.0,1.0,1.0,0.9960959999999999,0.0,0.0,0.0,0.0,0.0,0.0,0.0,0.0,0.0,0.0,0.0,0.0,0.0,0.0,0.002,0.998,0.053271372404126875,1875,0.00011027622091114136,1.9658847101459104e-08,2.4143199938398122e-05,16,20,False,0.995,0.005,0.66,fixed,100,none,371c9e91-ddfd-4fc0-aac2-c83fd387c776
67,6700,13.571370840072632,1.0,1.0,1.0,0.9960959999999999,0.0,0.0,0.0,0.0,0.0,0.0,0.0,0.0,0.0,0.0,0.0,0.0,0.0,0.0,0.002,0.998,0.053271372404126875,1875,0.00011085024308098026,1.9835523452125686e-08,2.4268886959882482e-05,16,20,False,0.995,0.005,0.66,fixed,100,none,371c9e91-ddfd-4fc0-aac2-c83fd387c776
68,6800,13.5912344455719,1.0,1.0,1.0,0.9960959999999999,0.0,0.0,0.0,0.0,0.0,0.0,0.0,0.0,0.0,0.0,0.0,0.0,0.0,0.0,0.002,0.998,0.05289135384998454,1876,0.00011156238974108463,2.0123240733398056e-08,2.4424830530062775e-05,16,20,False,0.995,0.005,0.66,fixed,100,none,371c9e91-ddfd-4fc0-aac2-c83fd387c776
69,6900,13.611050605773926,1.0,1.0,1.0,0.9960959999999999,0.0,0.0,0.0,0.0,0.0,0.0,0.0,0.0,0.0,0.0,0.0,0.0,0.0,0.0,0.002,0.998,0.05251033128381009,1877,0.00011126882623509573,2.003374881939759e-08,2.436055247513814e-05,16,20,False,0.995,0.005,0.66,fixed,100,none,371c9e91-ddfd-4fc0-aac2-c83fd387c776
70,7000,13.630741834640503,1.0,1.0,1.0,0.9960959999999999,0.0,0.0,0.0,0.0,0.0,0.0,0.0,0.0,0.0,0.0,0.0,0.0,0.0,0.0,0.002,0.998,0.05289135384998454,1876,0.00011263145986885635,2.0403783396712227e-08,2.4658903284138032e-05,16,20,False,0.995,0.005,0.66,fixed,100,none,371c9e91-ddfd-4fc0-aac2-c83fd387c776
71,7100,13.65044617652893,1.0,1.0,1.0,0.9960959999999999,0.0,0.0,0.0,0.0,0.0,0.0,0.0,0.0,0.0,0.0,0.0,0.0,0.0,0.0,0.002,0.998,0.05289135384998454,1876,0.00011452993664671753,2.096857446554014e-08,2.507458716111492e-05,16,20,False,0.995,0.005,0.66,fixed,100,none,371c9e91-ddfd-4fc0-aac2-c83fd387c776
72,7200,13.670092582702637,1.0,1.0,1.0,0.9960959999999999,0.0,0.0,0.0,0.0,0.0,0.0,0.0,0.0,0.0,0.0,0.0,0.0,0.0,0.0,0.002,0.998,0.05289135384998454,1876,0.00011544497678395898,2.1400719070345415e-08,2.5274971554631985e-05,16,20,False,0.995,0.005,0.66,fixed,100,none,371c9e91-ddfd-4fc0-aac2-c83fd387c776
73,7300,13.689733266830444,1.0,1.0,1.0,0.9960959999999999,0.0,0.0,0.0,0.0,0.0,0.0,0.0,0.0,0.0,0.0,0.0,0.0,0.0,0.0,0.002,0.998,0.052510331283810094,1877,0.00011836623425225481,2.1969235606284355e-08,2.5914542832583774e-05,16,20,False,0.995,0.005,0.66,fixed,100,none,371c9e91-ddfd-4fc0-aac2-c83fd387c776
74,7400,13.709540128707886,1.0,1.0,1.0,0.9960959999999999,0.0,0.0,0.0,0.0,0.0,0.0,0.0,0.0,0.0,0.0,0.0,0.0,0.0,0.0,0.002,0.998,0.052510331283810094,1877,0.00011880348139055481,2.2042250671857425e-08,2.6010270104020103e-05,16,20,False,0.995,0.005,0.66,fixed,100,none,371c9e91-ddfd-4fc0-aac2-c83fd387c776
75,7500,13.72922420501709,1.0,1.0,1.0,0.9960959999999999,0.0,0.0,0.0,0.0,0.0,0.0,0.0,0.0,0.0,0.0,0.0,0.0,0.0,0.0,0.002,0.998,0.052128304705603576,1878,0.00011922993568709429,2.2255932814638813e-08,2.6103661549139722e-05,16,20,False,0.995,0.005,0.66,fixed,100,none,371c9e91-ddfd-4fc0-aac2-c83fd387c776
76,7600,13.748965740203857,1.0,1.0,1.0,0.9960959999999999,0.0,0.0,0.0,0.0,0.0,0.0,0.0,0.0,0.0,0.0,0.0,0.0,0.0,0.0,0.002,0.998,0.052128304705603576,1878,0.00011962903617586935,2.261151386644088e-08,2.619109220653243e-05,16,20,False,0.995,0.005,0.66,fixed,100,none,371c9e91-ddfd-4fc0-aac2-c83fd387c776
77,7700,13.772972583770752,1.0,1.0,1.0,0.9960959999999999,0.0,0.0,0.0,0.0,0.0,0.0,0.0,0.0,0.0,0.0,0.0,0.0,0.0,0.0,0.002,0.998,0.052128304705603576,1878,0.00012046971195560587,2.2951118334519128e-08,2.6375180659565684e-05,16,20,False,0.995,0.005,0.66,fixed,100,none,371c9e91-ddfd-4fc0-aac2-c83fd387c776
78,7800,13.792743921279907,1.0,1.0,1.0,0.9960959999999999,0.0,0.0,0.0,0.0,0.0,0.0,0.0,0.0,0.0,0.0,0.0,0.0,0.0,0.0,0.002,0.998,0.052128304705603576,1878,0.00012065086031742066,2.2972358640180028e-08,2.641483807162502e-05,16,20,False,0.995,0.005,0.66,fixed,100,none,371c9e91-ddfd-4fc0-aac2-c83fd387c776
79,7900,13.812575340270996,1.0,1.0,1.0,0.9960959999999999,0.0,0.0,0.0,0.0,0.0,0.0,0.0,0.0,0.0,0.0,0.0,0.0,0.0,0.0,0.002,0.998,0.05251033128381009,1877,0.0001215697469342344,2.3229484610393245e-08,2.6616031205979885e-05,16,20,False,0.995,0.005,0.66,fixed,100,none,371c9e91-ddfd-4fc0-aac2-c83fd387c776
80,8000,13.832391262054443,1.0,1.0,1.0,0.9960959999999999,0.0,0.0,0.0,0.0,0.0,0.0,0.0,0.0,0.0,0.0,0.0,0.0,0.0,0.0,0.002,0.998,0.052128304705603576,1878,0.00012281957790846016,2.3534078815221923e-08,2.6889677079136823e-05,16,20,False,0.995,0.005,0.66,fixed,100,none,371c9e91-ddfd-4fc0-aac2-c83fd387c776
81,8100,13.852168321609497,1.0,1.0,1.0,0.9960959999999999,0.0,0.0,0.0,0.0,0.0,0.0,0.0,0.0,0.0,0.0,0.0,0.0,0.0,0.0,0.002,0.998,0.052128304705603576,1878,0.00012381609053249492,2.3894075198922554e-08,2.7107882091850934e-05,16,20,False,0.995,0.005,0.66,fixed,100,none,371c9e91-ddfd-4fc0-aac2-c83fd387c776
82,8200,13.872200727462769,1.0,1.0,1.0,0.9960959999999999,0.0,0.0,0.0,0.0,0.0,0.0,0.0,0.0,0.0,0.0,0.0,0.0,0.0,0.0,0.002,0.998,0.052128304705603576,1878,0.00012389457849421625,2.3928624900821228e-08,2.7125069671115094e-05,16,20,False,0.995,0.005,0.66,fixed,100,none,371c9e91-ddfd-4fc0-aac2-c83fd387c776
83,8300,13.89250111579895,1.0,1.0,1.0,0.9960959999999999,0.0,0.0,0.0,0.0,0.0,0.0,0.0,0.0,0.0,0.0,0.0,0.0,0.0,0.0,0.002,0.998,0.052128304705603576,1878,0.0001237349526109362,2.373209491003864e-08,2.709009022456684e-05,16,20,False,0.995,0.005,0.66,fixed,100,none,371c9e91-ddfd-4fc0-aac2-c83fd387c776
84,8400,13.91277527809143,1.0,1.0,1.0,0.9960959999999999,0.0,0.0,0.0,0.0,0.0,0.0,0.0,0.0,0.0,0.0,0.0,0.0,0.0,0.0,0.002,0.998,0.052128304705603576,1878,0.00012598805902455052,2.4275184561937423e-08,2.7583398405540878e-05,16,20,False,0.995,0.005,0.66,fixed,100,none,371c9e91-ddfd-4fc0-aac2-c83fd387c776
85,8500,13.932920694351196,1.0,1.0,1.0,0.9960959999999999,0.0,0.0,0.0,0.0,0.0,0.0,0.0,0.0,0.0,0.0,0.0,0.0,0.0,0.0,0.002,0.998,0.052128304705603576,1878,0.00012614586505281817,2.4355976880514478e-08,2.7617957495669198e-05,16,20,False,0.995,0.005,0.66,fixed,100,none,371c9e91-ddfd-4fc0-aac2-c83fd387c776
86,8600,13.952754497528076,1.0,1.0,1.0,0.9960959999999999,0.0,0.0,0.0,0.0,0.0,0.0,0.0,0.0,0.0,0.0,0.0,0.0,0.0,0.0,0.002,0.998,0.052510331283810094,1877,0.00012676136672231883,2.473522623505981e-08,2.7752762868500254e-05,16,20,False,0.995,0.005,0.66,fixed,100,none,371c9e91-ddfd-4fc0-aac2-c83fd387c776
87,8700,13.97274899482727,1.0,1.0,1.0,0.9960959999999999,0.0,0.0,0.0,0.0,0.0,0.0,0.0,0.0,0.0,0.0,0.0,0.0,0.0,0.0,0.002,0.998,0.052128304705603576,1878,0.00012661035679597206,2.47953195902833e-08,2.771971821336044e-05,16,20,False,0.995,0.005,0.66,fixed,100,none,371c9e91-ddfd-4fc0-aac2-c83fd387c776
88,8800,13.992827892303467,1.0,1.0,1.0,0.9960959999999999,0.0,0.0,0.0,0.0,0.0,0.0,0.0,0.0,0.0,0.0,0.0,0.0,0.0,0.0,0.002,0.998,0.052510331283810094,1877,0.00012758578419700463,2.513141995943208e-08,2.793330313051661e-05,16,20,False,0.995,0.005,0.66,fixed,100,none,371c9e91-ddfd-4fc0-aac2-c83fd387c776
89,8900,14.01330852508545,1.0,1.0,1.0,0.9960959999999999,0.0,0.0,0.0,0.0,0.0,0.0,0.0,0.0,0.0,0.0,0.0,0.0,0.0,0.0,0.002,0.998,0.05251033128381009,1877,0.00012580248317909079,2.479797580304345e-08,2.7542875183305555e-05,16,20,False,0.995,0.005,0.66,fixed,100,none,371c9e91-ddfd-4fc0-aac2-c83fd387c776
90,9000,14.033518552780151,1.0,1.0,1.0,0.9960959999999999,0.0,0.0,0.0,0.0,0.0,0.0,0.0,0.0,0.0,0.0,0.0,0.0,0.0,0.0,0.002,0.998,0.05212830470560358,1878,0.00012641008423153286,2.5181500049862844e-08,2.7675951923292018e-05,16,20,False,0.995,0.005,0.66,fixed,100,none,371c9e91-ddfd-4fc0-aac2-c83fd387c776
91,9100,14.053435802459717,1.0,1.0,1.0,0.9960959999999999,0.0,0.0,0.0,0.0,0.0,0.0,0.0,0.0,0.0,0.0,0.0,0.0,0.0,0.0,0.002,0.998,0.052128304705603576,1878,0.00012635400493337276,2.5509581330615042e-08,2.7663738500368117e-05,16,20,False,0.995,0.005,0.66,fixed,100,none,371c9e91-ddfd-4fc0-aac2-c83fd387c776
92,9200,14.073358297348022,1.0,1.0,1.0,0.9960959999999999,0.0,0.0,0.0,0.0,0.0,0.0,0.0,0.0,0.0,0.0,0.0,0.0,0.0,0.0,0.002,0.998,0.052128304705603576,1878,0.00012736386470360887,2.594181089933405e-08,2.7884878927690854e-05,16,20,False,0.995,0.005,0.66,fixed,100,none,371c9e91-ddfd-4fc0-aac2-c83fd387c776
93,9300,14.093197584152222,1.0,1.0,1.0,0.9960959999999999,0.0,0.0,0.0,0.0,0.0,0.0,0.0,0.0,0.0,0.0,0.0,0.0,0.0,0.0,0.002,0.998,0.051745274115365,1879,0.00012719295896848308,2.5914918106644414e-08,2.784746255264121e-05,16,20,False,0.995,0.005,0.66,fixed,100,none,371c9e91-ddfd-4fc0-aac2-c83fd387c776
94,9400,14.113064289093018,1.0,1.0,1.0,0.9960959999999999,0.0,0.0,0.0,0.0,0.0,0.0,0.0,0.0,0.0,0.0,0.0,0.0,0.0,0.0,0.002,0.998,0.051745274115365,1879,0.0001269660439298858,2.5889893985202852e-08,2.779778609610919e-05,16,20,False,0.995,0.005,0.66,fixed,100,none,371c9e91-ddfd-4fc0-aac2-c83fd387c776
95,9500,14.132908344268799,1.0,1.0,1.0,0.9960959999999999,0.0,0.0,0.0,0.0,0.0,0.0,0.0,0.0,0.0,0.0,0.0,0.0,0.0,0.0,0.002,0.998,0.051745274115364996,1879,0.00012921383414137924,2.6553756148016753e-08,2.828995350721604e-05,16,20,False,0.995,0.005,0.66,fixed,100,none,371c9e91-ddfd-4fc0-aac2-c83fd387c776
96,9600,14.152825355529785,1.0,1.0,1.0,0.9960959999999999,0.0,0.0,0.0,0.0,0.0,0.0,0.0,0.0,0.0,0.0,0.0,0.0,0.0,0.0,0.002,0.998,0.051745274115365,1879,0.0001293805402137099,2.6765407474415904e-08,2.832648568020124e-05,16,20,False,0.995,0.005,0.66,fixed,100,none,371c9e91-ddfd-4fc0-aac2-c83fd387c776
97,9700,14.172708749771118,1.0,1.0,1.0,0.9960959999999999,0.0,0.0,0.0,0.0,0.0,0.0,0.0,0.0,0.0,0.0,0.0,0.0,0.0,0.0,0.002,0.998,0.05212830470560358,1878,0.00013125509313158108,2.7257516333978192e-08,2.8736918814606553e-05,16,20,False,0.995,0.005,0.66,fixed,100,none,371c9e91-ddfd-4fc0-aac2-c83fd387c776
98,9800,14.192383766174316,1.0,1.0,1.0,0.9960959999999999,0.0,0.0,0.0,0.0,0.0,0.0,0.0,0.0,0.0,0.0,0.0,0.0,0.0,0.0,0.002,0.998,0.052128304705603576,1878,0.00013379432651679704,2.803126842728957e-08,2.929290401552806e-05,16,20,False,0.995,0.005,0.66,fixed,100,none,371c9e91-ddfd-4fc0-aac2-c83fd387c776
99,9900,14.212120771408081,1.0,1.0,1.0,0.9960959999999999,0.0,0.0,0.0,0.0,0.0,0.0,0.0,0.0,0.0,0.0,0.0,0.0,0.0,0.0,0.002,0.998,0.052128304705603576,1878,0.00013411903750029904,2.8323240765339024e-08,2.9364038724560876e-05,16,20,False,0.995,0.005,0.66,fixed,100,none,371c9e91-ddfd-4fc0-aac2-c83fd387c776
100,10000,14.232070207595825,1.0,1.0,1.0,0.9960959999999999,0.0,0.0,0.0,0.0,0.0,0.0,0.0,0.0,0.0,0.0,0.0,0.0,0.0,0.0,0.002,0.998,0.052128304705603576,1878,0.00013399793747016021,2.8305112595278123e-08,2.9337526483611177e-05,16,20,False,0.995,0.005,0.66,fixed,100,none,371c9e91-ddfd-4fc0-aac2-c83fd387c776
101,10100,14.25208044052124,1.0,1.0,1.0,0.9960959999999999,0.0,0.0,0.0,0.0,0.0,0.0,0.0,0.0,0.0,0.0,0.0,0.0,0.0,0.0,0.002,0.998,0.05251033128381009,1877,0.00013488885095157602,2.8606926831674803e-08,2.9532604789398013e-05,16,20,False,0.995,0.005,0.66,fixed,100,none,371c9e91-ddfd-4fc0-aac2-c83fd387c776
102,10200,14.271897077560425,1.0,1.0,1.0,0.9960959999999999,0.0,0.0,0.0,0.0,0.0,0.0,0.0,0.0,0.0,0.0,0.0,0.0,0.0,0.0,0.002,0.998,0.05251033128381009,1877,0.00013396806666405667,2.879300421512272e-08,2.933108046356288e-05,16,20,False,0.995,0.005,0.66,fixed,100,none,371c9e91-ddfd-4fc0-aac2-c83fd387c776
103,10300,14.291714906692505,1.0,1.0,1.0,0.9960959999999999,0.0,0.0,0.0,0.0,0.0,0.0,0.0,0.0,0.0,0.0,0.0,0.0,0.0,0.0,0.002,0.998,0.052128304705603576,1878,0.00013456748857896772,2.8872226723829958e-08,2.9462308973013563e-05,16,20,False,0.995,0.005,0.66,fixed,100,none,371c9e91-ddfd-4fc0-aac2-c83fd387c776
104,10400,14.311451196670532,1.0,1.0,1.0,0.9960959999999999,0.0,0.0,0.0,0.0,0.0,0.0,0.0,0.0,0.0,0.0,0.0,0.0,0.0,0.0,0.002,0.998,0.051745274115365,1879,0.0001371186855190161,2.9752488690699286e-08,3.002093323296386e-05,16,20,False,0.995,0.005,0.66,fixed,100,none,371c9e91-ddfd-4fc0-aac2-c83fd387c776
105,10500,14.331243991851807,1.0,1.0,1.0,0.9960959999999999,0.0,0.0,0.0,0.0,0.0,0.0,0.0,0.0,0.0,0.0,0.0,0.0,0.0,0.0,0.002,0.998,0.0513612395130943,1880,0.00013665110338988032,2.9713832834674184e-08,2.9918572160283393e-05,16,20,False,0.995,0.005,0.66,fixed,100,none,371c9e91-ddfd-4fc0-aac2-c83fd387c776
106,10600,14.351140260696411,1.0,1.0,1.0,0.9960959999999999,0.0,0.0,0.0,0.0,0.0,0.0,0.0,0.0,0.0,0.0,0.0,0.0,0.0,0.0,0.002,0.998,0.0513612395130943,1880,0.00013665110338988032,2.9713832834674184e-08,2.9918572160283393e-05,16,20,False,0.995,0.005,0.66,fixed,100,none,371c9e91-ddfd-4fc0-aac2-c83fd387c776
107,10700,14.37096381187439,1.0,1.0,1.0,0.9960959999999999,0.0,0.0,0.0,0.0,0.0,0.0,0.0,0.0,0.0,0.0,0.0,0.0,0.0,0.0,0.002,0.998,0.051745274115365,1879,0.00013711980889457385,2.991403068165405e-08,3.0021209832851733e-05,16,20,False,0.995,0.005,0.66,fixed,100,none,371c9e91-ddfd-4fc0-aac2-c83fd387c776
108,10800,14.390859365463257,1.0,1.0,1.0,0.9960959999999999,0.0,0.0,0.0,0.0,0.0,0.0,0.0,0.0,0.0,0.0,0.0,0.0,0.0,0.0,0.002,0.998,0.051745274115364996,1879,0.00013623000175195626,2.9784156179800244e-08,2.982640637317739e-05,16,20,False,0.995,0.005,0.66,fixed,100,none,371c9e91-ddfd-4fc0-aac2-c83fd387c776
109,10900,14.410955667495728,1.0,1.0,1.0,0.9960959999999999,0.0,0.0,0.0,0.0,0.0,0.0,0.0,0.0,0.0,0.0,0.0,0.0,0.0,0.0,0.002,0.998,0.052128304705603576,1878,0.0001381398591101277,3.0734097519376413e-08,3.0244654637735635e-05,16,20,False,0.995,0.005,0.66,fixed,100,none,371c9e91-ddfd-4fc0-aac2-c83fd387c776
110,11000,14.430986642837524,1.0,1.0,1.0,0.9960959999999999,0.0,0.0,0.0,0.0,0.0,0.0,0.0,0.0,0.0,0.0,0.0,0.0,0.0,0.0,0.002,0.998,0.051745274115365,1879,0.00013881018237683229,3.091527551383465e-08,3.039142282463622e-05,16,20,False,0.995,0.005,0.66,fixed,100,none,371c9e91-ddfd-4fc0-aac2-c83fd387c776
111,11100,14.450806856155396,1.0,1.0,1.0,0.9960959999999999,0.0,0.0,0.0,0.0,0.0,0.0,0.0,0.0,0.0,0.0,0.0,0.0,0.0,0.0,0.002,0.998,0.052128304705603576,1878,0.00013978709842812207,3.125013832316424e-08,3.060533337219732e-05,16,20,False,0.995,0.005,0.66,fixed,100,none,371c9e91-ddfd-4fc0-aac2-c83fd387c776
112,11200,14.470714569091797,1.0,1.0,1.0,0.9960959999999999,0.0,0.0,0.0,0.0,0.0,0.0,0.0,0.0,0.0,0.0,0.0,0.0,0.0,0.0,0.002,0.998,0.052128304705603576,1878,0.00014013888790036087,3.154489563378818e-08,3.0682396091559415e-05,16,20,False,0.995,0.005,0.66,fixed,100,none,371c9e91-ddfd-4fc0-aac2-c83fd387c776
113,11300,14.4904944896698,1.0,1.0,1.0,0.9960959999999999,0.0,0.0,0.0,0.0,0.0,0.0,0.0,0.0,0.0,0.0,0.0,0.0,0.0,0.0,0.002,0.998,0.052128304705603576,1878,0.0001410003197852803,3.174908264195616e-08,3.087100232669983e-05,16,20,False,0.995,0.005,0.66,fixed,100,none,371c9e91-ddfd-4fc0-aac2-c83fd387c776
114,11400,14.510140895843506,1.0,1.0,1.0,0.9960959999999999,0.0,0.0,0.0,0.0,0.0,0.0,0.0,0.0,0.0,0.0,0.0,0.0,0.0,0.0,0.002,0.998,0.052128304705603576,1878,0.0001410003197852803,3.174908264195616e-08,3.087100232669983e-05,16,20,False,0.995,0.005,0.66,fixed,100,none,371c9e91-ddfd-4fc0-aac2-c83fd387c776
115,11500,14.529764652252197,1.0,1.0,1.0,0.9960959999999999,0.0,0.0,0.0,0.0,0.0,0.0,0.0,0.0,0.0,0.0,0.0,0.0,0.0,0.0,0.002,0.998,0.051361239513094306,1880,0.00013876502531584646,3.140588718132448e-08,3.0381631160203243e-05,16,20,False,0.995,0.005,0.66,fixed,100,none,371c9e91-ddfd-4fc0-aac2-c83fd387c776
116,11600,14.549426317214966,1.0,1.0,1.0,0.9960959999999999,0.0,0.0,0.0,0.0,0.0,0.0,0.0,0.0,0.0,0.0,0.0,0.0,0.0,0.0,0.002,0.998,0.051745274115365,1879,0.00013999770805407652,3.207954526910088e-08,3.0651593406638486e-05,16,20,False,0.995,0.005,0.66,fixed,100,none,371c9e91-ddfd-4fc0-aac2-c83fd387c776
117,11700,14.569149255752563,1.0,1.0,1.0,0.9960959999999999,0.0,0.0,0.0,0.0,0.0,0.0,0.0,0.0,0.0,0.0,0.0,0.0,0.0,0.0,0.002,0.998,0.052128304705603576,1878,0.0001398174667128053,3.216395461501111e-08,3.061215461480993e-05,16,20,False,0.995,0.005,0.66,fixed,100,none,371c9e91-ddfd-4fc0-aac2-c83fd387c776
118,11800,14.58879542350769,1.0,1.0,1.0,0.9960959999999999,0.0,0.0,0.0,0.0,0.0,0.0,0.0,0.0,0.0,0.0,0.0,0.0,0.0,0.0,0.002,0.998,0.052128304705603576,1878,0.00014082363570924486,3.2522688134749395e-08,3.08324731674993e-05,16,20,False,0.995,0.005,0.66,fixed,100,none,371c9e91-ddfd-4fc0-aac2-c83fd387c776
119,11900,14.608490705490112,1.0,1.0,1.0,0.9960959999999999,0.0,0.0,0.0,0.0,0.0,0.0,0.0,0.0,0.0,0.0,0.0,0.0,0.0,0.0,0.002,0.998,0.05289135384998455,1876,0.0001400554754355932,3.255374989505562e-08,3.0664328785331415e-05,16,20,False,0.995,0.005,0.66,fixed,100,none,371c9e91-ddfd-4fc0-aac2-c83fd387c776
120,12000,14.628260850906372,1.0,1.0,1.0,0.9960959999999999,0.0,0.0,0.0,0.0,0.0,0.0,0.0,0.0,0.0,0.0,0.0,0.0,0.0,0.0,0.002,0.998,0.05289135384998455,1876,0.000140598940426274,3.2712229861004205e-08,3.078332338298497e-05,16,20,False,0.995,0.005,0.66,fixed,100,none,371c9e91-ddfd-4fc0-aac2-c83fd387c776
121,12100,14.648013591766357,1.0,1.0,1.0,0.9960959999999999,0.0,0.0,0.0,0.0,0.0,0.0,0.0,0.0,0.0,0.0,0.0,0.0,0.0,0.0,0.002,0.998,0.05289135384998455,1876,0.000140598940426274,3.2712229861004205e-08,3.078332338298497e-05,16,20,False,0.995,0.005,0.66,fixed,100,none,371c9e91-ddfd-4fc0-aac2-c83fd387c776
122,12200,14.667896747589111,1.0,1.0,1.0,0.9960959999999999,0.0,0.0,0.0,0.0,0.0,0.0,0.0,0.0,0.0,0.0,0.0,0.0,0.0,0.0,0.002,0.998,0.05251033128381009,1877,0.00014043495890703217,3.242342316417951e-08,3.0747372955150536e-05,16,20,False,0.995,0.005,0.66,fixed,100,none,371c9e91-ddfd-4fc0-aac2-c83fd387c776
123,12300,14.688320875167847,1.0,1.0,1.0,0.9960959999999999,0.0,0.0,0.0,0.0,0.0,0.0,0.0,0.0,0.0,0.0,0.0,0.0,0.0,0.0,0.002,0.998,0.052510331283810094,1877,0.00014162521732898742,3.31363472399359e-08,3.100805597929093e-05,16,20,False,0.995,0.005,0.66,fixed,100,none,371c9e91-ddfd-4fc0-aac2-c83fd387c776
124,12400,14.708387613296509,1.0,1.0,1.0,0.9960959999999999,0.0,0.0,0.0,0.0,0.0,0.0,0.0,0.0,0.0,0.0,0.0,0.0,0.0,0.0,0.002,0.998,0.052510331283810094,1877,0.00014189179997424703,3.320849605614594e-08,3.106642462861334e-05,16,20,False,0.995,0.005,0.66,fixed,100,none,371c9e91-ddfd-4fc0-aac2-c83fd387c776
125,12500,14.728480577468872,1.0,1.0,1.0,0.9960959999999999,0.0,0.0,0.0,0.0,0.0,0.0,0.0,0.0,0.0,0.0,0.0,0.0,0.0,0.0,0.002,0.998,0.05251033128381009,1877,0.00014237991052326997,3.3402049722752597e-08,3.117330880299112e-05,16,20,False,0.995,0.005,0.66,fixed,100,none,371c9e91-ddfd-4fc0-aac2-c83fd387c776
126,12600,14.748496532440186,1.0,1.0,1.0,0.9960959999999999,0.0,0.0,0.0,0.0,0.0,0.0,0.0,0.0,0.0,0.0,0.0,0.0,0.0,0.0,0.002,0.998,0.05251033128381009,1877,0.0001425369035519463,3.3401780183188616e-08,3.120767452575585e-05,16,20,False,0.995,0.005,0.66,fixed,100,none,371c9e91-ddfd-4fc0-aac2-c83fd387c776
127,12700,14.768522262573242,1.0,1.0,1.0,0.9960959999999999,0.0,0.0,0.0,0.0,0.0,0.0,0.0,0.0,0.0,0.0,0.0,0.0,0.0,0.0,0.002,0.998,0.052128304705603576,1878,0.00014300985845115701,3.340256833289263e-08,3.1311204502941523e-05,16,20,False,0.995,0.005,0.66,fixed,100,none,371c9e91-ddfd-4fc0-aac2-c83fd387c776
128,12800,14.788689136505127,1.0,1.0,1.0,0.9960959999999999,0.0,0.0,0.0,0.0,0.0,0.0,0.0,0.0,0.0,0.0,0.0,0.0,0.0,0.0,0.002,0.998,0.051745274115364996,1879,0.00014357821275637553,3.355467914421279e-08,3.1435646161408e-05,16,20,False,0.995,0.005,0.66,fixed,100,none,371c9e91-ddfd-4fc0-aac2-c83fd387c776
129,12900,14.808609008789062,1.0,1.0,1.0,0.9960959999999999,0.0,0.0,0.0,0.0,0.0,0.0,0.0,0.0,0.0,0.0,0.0,0.0,0.0,0.0,0.002,0.998,0.051745274115364996,1879,0.00014423390986556802,3.3996941787990364e-08,3.157926228851256e-05,16,20,False,0.995,0.005,0.66,fixed,100,none,371c9e91-ddfd-4fc0-aac2-c83fd387c776
130,13000,14.828405141830444,1.0,1.0,1.0,0.9960959999999999,0.0,0.0,0.0,0.0,0.0,0.0,0.0,0.0,0.0,0.0,0.0,0.0,0.0,0.0,0.002,0.998,0.05251033128381009,1877,0.00014565633165874572,3.427090827125055e-08,3.1890682472670975e-05,16,20,False,0.995,0.005,0.66,fixed,100,none,371c9e91-ddfd-4fc0-aac2-c83fd387c776
131,13100,14.848122835159302,1.0,1.0,1.0,0.9960959999999999,0.0,0.0,0.0,0.0,0.0,0.0,0.0,0.0,0.0,0.0,0.0,0.0,0.0,0.0,0.002,0.998,0.052128304705603576,1878,0.00014614366608310648,3.459759004206806e-08,3.19974220477e-05,16,20,False,0.995,0.005,0.66,fixed,100,none,371c9e91-ddfd-4fc0-aac2-c83fd387c776
132,13200,14.867917537689209,1.0,1.0,1.0,0.9960959999999999,0.0,0.0,0.0,0.0,0.0,0.0,0.0,0.0,0.0,0.0,0.0,0.0,0.0,0.0,0.002,0.998,0.05251033128381009,1877,0.0001455712987540424,3.4484562672793664e-08,3.187210936416772e-05,16,20,False,0.995,0.005,0.66,fixed,100,none,371c9e91-ddfd-4fc0-aac2-c83fd387c776
133,13300,14.887985706329346,1.0,1.0,1.0,0.9960959999999999,0.0,0.0,0.0,0.0,0.0,0.0,0.0,0.0,0.0,0.0,0.0,0.0,0.0,0.0,0.002,0.998,0.052128304705603576,1878,0.00014579529145569985,3.440082392777571e-08,3.192112545619897e-05,16,20,False,0.995,0.005,0.66,fixed,100,none,371c9e91-ddfd-4fc0-aac2-c83fd387c776
134,13400,14.908034324645996,1.0,1.0,1.0,0.9960959999999999,0.0,0.0,0.0,0.0,0.0,0.0,0.0,0.0,0.0,0.0,0.0,0.0,0.0,0.0,0.002,0.998,0.05251033128381009,1877,0.000146894044483418,3.536137160652637e-08,3.216182499802544e-05,16,20,False,0.995,0.005,0.66,fixed,100,none,371c9e91-ddfd-4fc0-aac2-c83fd387c776
135,13500,14.928268909454346,1.0,1.0,1.0,0.9960959999999999,0.0,0.0,0.0,0.0,0.0,0.0,0.0,0.0,0.0,0.0,0.0,0.0,0.0,0.0,0.002,0.998,0.05251033128381009,1877,0.00014724038342378662,3.562989507419634e-08,3.223768961153099e-05,16,20,False,0.995,0.005,0.66,fixed,100,none,371c9e91-ddfd-4fc0-aac2-c83fd387c776
136,13600,14.948339462280273,1.0,1.0,1.0,0.9960959999999999,0.0,0.0,0.0,0.0,0.0,0.0,0.0,0.0,0.0,0.0,0.0,0.0,0.0,0.0,0.002,0.998,0.051745274115364996,1879,0.00014722527884960244,3.5469520276530123e-08,3.2234352749030517e-05,16,20,False,0.995,0.005,0.66,fixed,100,none,371c9e91-ddfd-4fc0-aac2-c83fd387c776
137,13700,14.96828293800354,1.0,1.0,1.0,0.9960959999999999,0.0,0.0,0.0,0.0,0.0,0.0,0.0,0.0,0.0,0.0,0.0,0.0,0.0,0.0,0.002,0.998,0.052128304705603576,1878,0.0001478610322198552,3.598399398239081e-08,3.237361691178296e-05,16,20,False,0.995,0.005,0.66,fixed,100,none,371c9e91-ddfd-4fc0-aac2-c83fd387c776
138,13800,14.98817753791809,1.0,1.0,1.0,0.9960959999999999,0.0,0.0,0.0,0.0,0.0,0.0,0.0,0.0,0.0,0.0,0.0,0.0,0.0,0.0,0.002,0.998,0.052128304705603576,1878,0.00014759064660782361,3.5954232246391065e-08,3.2314423846579405e-05,16,20,False,0.995,0.005,0.66,fixed,100,none,371c9e91-ddfd-4fc0-aac2-c83fd387c776
139,13900,15.008010149002075,1.0,1.0,1.0,0.9960959999999999,0.0,0.0,0.0,0.0,0.0,0.0,0.0,0.0,0.0,0.0,0.0,0.0,0.0,0.0,0.002,0.998,0.052128304705603576,1878,0.00014847232891288033,3.6259675081877785e-08,3.2507482137295066e-05,16,20,False,0.995,0.005,0.66,fixed,100,none,371c9e91-ddfd-4fc0-aac2-c83fd387c776
140,14000,15.0277681350708,1.0,1.0,1.0,0.9960959999999999,0.0,0.0,0.0,0.0,0.0,0.0,0.0,0.0,0.0,0.0,0.0,0.0,0.0,0.0,0.002,0.998,0.051745274115364996,1879,0.00014916979104001604,3.6547207746681565e-08,3.266021122813138e-05,16,20,False,0.995,0.005,0.66,fixed,100,none,371c9e91-ddfd-4fc0-aac2-c83fd387c776
141,14100,15.047585010528564,1.0,1.0,1.0,0.9960959999999999,0.0,0.0,0.0,0.0,0.0,0.0,0.0,0.0,0.0,0.0,0.0,0.0,0.0,0.0,0.002,0.998,0.051745274115364996,1879,0.00015253509329391649,3.802704775752717e-08,3.339715706111225e-05,16,20,False,0.995,0.005,0.66,fixed,100,none,371c9e91-ddfd-4fc0-aac2-c83fd387c776
142,14200,15.067324161529541,1.0,1.0,1.0,0.9960959999999999,0.0,0.0,0.0,0.0,0.0,0.0,0.0,0.0,0.0,0.0,0.0,0.0,0.0,0.0,0.002,0.998,0.051745274115364996,1879,0.00015250732601594728,3.833267850357975e-08,3.339113687380654e-05,16,20,False,0.995,0.005,0.66,fixed,100,none,371c9e91-ddfd-4fc0-aac2-c83fd387c776
143,14300,15.087013721466064,1.0,1.0,1.0,0.9960959999999999,0.0,0.0,0.0,0.0,0.0,0.0,0.0,0.0,0.0,0.0,0.0,0.0,0.0,0.0,0.002,0.998,0.052128304705603576,1878,0.00015405175285547153,3.892833939416848e-08,3.372932508454761e-05,16,20,False,0.995,0.005,0.66,fixed,100,none,371c9e91-ddfd-4fc0-aac2-c83fd387c776
144,14400,15.106672286987305,1.0,1.0,1.0,0.9960959999999999,0.0,0.0,0.0,0.0,0.0,0.0,0.0,0.0,0.0,0.0,0.0,0.0,0.0,0.0,0.002,0.998,0.051745274115364996,1879,0.00015526451698523943,3.951299502517494e-08,3.39949102371237e-05,16,20,False,0.995,0.005,0.66,fixed,100,none,371c9e91-ddfd-4fc0-aac2-c83fd387c776
145,14500,15.126414060592651,1.0,1.0,1.0,0.9960959999999999,0.0,0.0,0.0,0.0,0.0,0.0,0.0,0.0,0.0,0.0,0.0,0.0,0.0,0.0,0.002,0.998,0.052128304705603576,1878,0.00015553526311494186,3.971748424950252e-08,3.405421541786818e-05,16,20,False,0.995,0.005,0.66,fixed,100,none,371c9e91-ddfd-4fc0-aac2-c83fd387c776
146,14600,15.146145582199097,1.0,1.0,1.0,0.9960959999999999,0.0,0.0,0.0,0.0,0.0,0.0,0.0,0.0,0.0,0.0,0.0,0.0,0.0,0.0,0.002,0.998,0.05136123951309429,1880,0.00015522990210793666,3.971303244091911e-08,3.398737104759111e-05,16,20,False,0.995,0.005,0.66,fixed,100,none,371c9e91-ddfd-4fc0-aac2-c83fd387c776
147,14700,15.166284799575806,1.0,1.0,1.0,0.9960959999999999,0.0,0.0,0.0,0.0,0.0,0.0,0.0,0.0,0.0,0.0,0.0,0.0,0.0,0.0,0.002,0.998,0.05136123951309429,1880,0.00015581298543025654,4.0111275306705395e-08,3.411508365299143e-05,16,20,False,0.995,0.005,0.66,fixed,100,none,371c9e91-ddfd-4fc0-aac2-c83fd387c776
148,14800,15.186230897903442,1.0,1.0,1.0,0.9960959999999999,0.0,0.0,0.0,0.0,0.0,0.0,0.0,0.0,0.0,0.0,0.0,0.0,0.0,0.0,0.002,0.998,0.05136123951309429,1880,0.0001570509961249256,4.03077210089253e-08,3.438612151873791e-05,16,20,False,0.995,0.005,0.66,fixed,100,none,371c9e91-ddfd-4fc0-aac2-c83fd387c776
149,14900,15.205985069274902,1.0,1.0,1.0,0.9960959999999999,0.0,0.0,0.0,0.0,0.0,0.0,0.0,0.0,0.0,0.0,0.0,0.0,0.0,0.0,0.002,0.998,0.05136123951309429,1880,0.0001571632539178946,4.0300778234588144e-08,3.4410693430491695e-05,16,20,False,0.995,0.005,0.66,fixed,100,none,371c9e91-ddfd-4fc0-aac2-c83fd387c776
150,15000,15.225661754608154,1.0,1.0,1.0,0.9960959999999999,0.0,0.0,0.0,0.0,0.0,0.0,0.0,0.0,0.0,0.0,0.0,0.0,0.0,0.0,0.002,0.998,0.05136123951309429,1880,0.00015593935393586723,3.990559100837424e-08,3.414270663885293e-05,16,20,False,0.995,0.005,0.66,fixed,100,none,371c9e91-ddfd-4fc0-aac2-c83fd387c776
151,15100,15.24541163444519,1.0,1.0,1.0,0.9960959999999999,0.0,0.0,0.0,0.0,0.0,0.0,0.0,0.0,0.0,0.0,0.0,0.0,0.0,0.0,0.002,0.998,0.05136123951309429,1880,0.00015663550761554651,4.0587895308039534e-08,3.429522431715166e-05,16,20,False,0.995,0.005,0.66,fixed,100,none,371c9e91-ddfd-4fc0-aac2-c83fd387c776
152,15200,15.265253782272339,1.0,1.0,1.0,0.9960959999999999,0.0,0.0,0.0,0.0,0.0,0.0,0.0,0.0,0.0,0.0,0.0,0.0,0.0,0.0,0.002,0.998,0.05136123951309429,1880,0.00015743690219277928,4.09067815860508e-08,3.447071017850073e-05,16,20,False,0.995,0.005,0.66,fixed,100,none,371c9e91-ddfd-4fc0-aac2-c83fd387c776
153,15300,15.285078287124634,1.0,1.0,1.0,0.9960959999999999,0.0,0.0,0.0,0.0,0.0,0.0,0.0,0.0,0.0,0.0,0.0,0.0,0.0,0.0,0.002,0.998,0.05136123951309429,1880,0.00015838717215339203,4.136874951355345e-08,3.467881204678509e-05,16,20,False,0.995,0.005,0.66,fixed,100,none,371c9e91-ddfd-4fc0-aac2-c83fd387c776
154,15400,15.304783344268799,1.0,1.0,1.0,0.9960959999999999,0.0,0.0,0.0,0.0,0.0,0.0,0.0,0.0,0.0,0.0,0.0,0.0,0.0,0.0,0.002,0.998,0.05136123951309429,1880,0.0001587872118257987,4.153771177824751e-08,3.47664128339052e-05,16,20,False,0.995,0.005,0.66,fixed,100,none,371c9e91-ddfd-4fc0-aac2-c83fd387c776
155,15500,15.324638843536377,1.0,1.0,1.0,0.9960959999999999,0.0,0.0,0.0,0.0,0.0,0.0,0.0,0.0,0.0,0.0,0.0,0.0,0.0,0.0,0.002,0.998,0.05136123951309429,1880,0.0001586850786815721,4.150839664649947e-08,3.474405031875897e-05,16,20,False,0.995,0.005,0.66,fixed,100,none,371c9e91-ddfd-4fc0-aac2-c83fd387c776
156,15600,15.344389200210571,1.0,1.0,1.0,0.9960959999999999,0.0,0.0,0.0,0.0,0.0,0.0,0.0,0.0,0.0,0.0,0.0,0.0,0.0,0.0,0.002,0.998,0.0513612395130943,1880,0.0001584237433082879,4.158394196922435e-08,3.4686858359158375e-05,16,20,False,0.995,0.005,0.66,fixed,100,none,371c9e91-ddfd-4fc0-aac2-c83fd387c776
157,15700,15.364369630813599,1.0,1.0,1.0,0.9960959999999999,0.0,0.0,0.0,0.0,0.0,0.0,0.0,0.0,0.0,0.0,0.0,0.0,0.0,0.0,0.002,0.998,0.0513612395130943,1880,0.00015818002932615222,4.149350475733258e-08,3.463349218539862e-05,16,20,False,0.995,0.005,0.66,fixed,100,none,371c9e91-ddfd-4fc0-aac2-c83fd387c776
158,15800,15.384237051010132,1.0,1.0,1.0,0.9960959999999999,0.0,0.0,0.0,0.0,0.0,0.0,0.0,0.0,0.0,0.0,0.0,0.0,0.0,0.0,0.002,0.998,0.0513612395130943,1880,0.0001589346927484512,4.177366450470617e-08,3.479874123889186e-05,16,20,False,0.995,0.005,0.66,fixed,100,none,371c9e91-ddfd-4fc0-aac2-c83fd387c776
159,15900,15.404433250427246,1.0,1.0,1.0,0.9960959999999999,0.0,0.0,0.0,0.0,0.0,0.0,0.0,0.0,0.0,0.0,0.0,0.0,0.0,0.0,0.002,0.998,0.0513612395130943,1880,0.00015705325646563347,4.1337443260793676e-08,3.438681195454672e-05,16,20,False,0.995,0.005,0.66,fixed,100,none,371c9e91-ddfd-4fc0-aac2-c83fd387c776
160,16000,15.424658298492432,1.0,1.0,1.0,0.9960959999999999,0.0,0.0,0.0,0.0,0.0,0.0,0.0,0.0,0.0,0.0,0.0,0.0,0.0,0.0,0.002,0.998,0.0513612395130943,1880,0.00015772615950424462,4.150627489276423e-08,3.453414250770878e-05,16,20,False,0.995,0.005,0.66,fixed,100,none,371c9e91-ddfd-4fc0-aac2-c83fd387c776
161,16100,15.44506549835205,1.0,1.0,1.0,0.9960959999999999,0.0,0.0,0.0,0.0,0.0,0.0,0.0,0.0,0.0,0.0,0.0,0.0,0.0,0.0,0.002,0.998,0.0513612395130943,1880,0.0001586190275536822,4.190235914490079e-08,3.472966657973857e-05,16,20,False,0.995,0.005,0.66,fixed,100,none,371c9e91-ddfd-4fc0-aac2-c83fd387c776
162,16200,15.46561074256897,1.0,1.0,1.0,0.9960959999999999,0.0,0.0,0.0,0.0,0.0,0.0,0.0,0.0,0.0,0.0,0.0,0.0,0.0,0.0,0.002,0.998,0.051745274115364996,1879,0.0001582815440206546,4.203027880381067e-08,3.465581573909402e-05,16,20,False,0.995,0.005,0.66,fixed,100,none,371c9e91-ddfd-4fc0-aac2-c83fd387c776
163,16300,15.48597002029419,1.0,1.0,1.0,0.9960959999999999,0.0,0.0,0.0,0.0,0.0,0.0,0.0,0.0,0.0,0.0,0.0,0.0,0.0,0.0,0.002,0.998,0.0513612395130943,1880,0.00015865589205457195,4.223709662861461e-08,3.4737799819105236e-05,16,20,False,0.995,0.005,0.66,fixed,100,none,371c9e91-ddfd-4fc0-aac2-c83fd387c776
164,16400,15.50576663017273,1.0,1.0,1.0,0.9960959999999999,0.0,0.0,0.0,0.0,0.0,0.0,0.0,0.0,0.0,0.0,0.0,0.0,0.0,0.0,0.002,0.998,0.0513612395130943,1880,0.00015832764551642516,4.215337868551785e-08,3.466593074549572e-05,16,20,False,0.995,0.005,0.66,fixed,100,none,371c9e91-ddfd-4fc0-aac2-c83fd387c776
165,16500,15.527055501937866,1.0,1.0,1.0,0.9960959999999999,0.0,0.0,0.0,0.0,0.0,0.0,0.0,0.0,0.0,0.0,0.0,0.0,0.0,0.0,0.002,0.998,0.051745274115364996,1879,0.00015936208446290067,4.2382185607980005e-08,3.4892412904194475e-05,16,20,False,0.995,0.005,0.66,fixed,100,none,371c9e91-ddfd-4fc0-aac2-c83fd387c776
166,16600,15.547032117843628,1.0,1.0,1.0,0.9960959999999999,0.0,0.0,0.0,0.0,0.0,0.0,0.0,0.0,0.0,0.0,0.0,0.0,0.0,0.0,0.002,0.998,0.0513612395130943,1880,0.00016041113628502868,4.2784157748135036e-08,3.5122126722764925e-05,16,20,False,0.995,0.005,0.66,fixed,100,none,371c9e91-ddfd-4fc0-aac2-c83fd387c776
167,16700,15.566957473754883,1.0,1.0,1.0,0.9960959999999999,0.0,0.0,0.0,0.0,0.0,0.0,0.0,0.0,0.0,0.0,0.0,0.0,0.0,0.0,0.002,0.998,0.051745274115364996,1879,0.00016205766629094474,4.308031126749296e-08,3.548260841022863e-05,16,20,False,0.995,0.005,0.66,fixed,100,none,371c9e91-ddfd-4fc0-aac2-c83fd387c776
168,16800,15.586820840835571,1.0,1.0,1.0,0.9960959999999999,0.0,0.0,0.0,0.0,0.0,0.0,0.0,0.0,0.0,0.0,0.0,0.0,0.0,0.0,0.002,0.998,0.051745274115364996,1879,0.0001619236549737249,4.314350059583468e-08,3.5453285338861596e-05,16,20,False,0.995,0.005,0.66,fixed,100,none,371c9e91-ddfd-4fc0-aac2-c83fd387c776
169,16900,15.606674432754517,1.0,1.0,1.0,0.9960959999999999,0.0,0.0,0.0,0.0,0.0,0.0,0.0,0.0,0.0,0.0,0.0,0.0,0.0,0.0,0.002,0.998,0.051745274115364996,1879,0.00016098529178756662,4.272487089294347e-08,3.5247798097768e-05,16,20,False,0.995,0.005,0.66,fixed,100,none,371c9e91-ddfd-4fc0-aac2-c83fd387c776
170,17000,15.626531839370728,1.0,1.0,1.0,0.9960959999999999,0.0,0.0,0.0,0.0,0.0,0.0,0.0,0.0,0.0,0.0,0.0,0.0,0.0,0.0,0.002,0.998,0.0513612395130943,1880,0.00016113109726883907,4.2851165732692903e-08,3.5279738913638086e-05,16,20,False,0.995,0.005,0.66,fixed,100,none,371c9e91-ddfd-4fc0-aac2-c83fd387c776
171,17100,15.64646029472351,1.0,1.0,1.0,0.9960959999999999,0.0,0.0,0.0,0.0,0.0,0.0,0.0,0.0,0.0,0.0,0.0,0.0,0.0,0.0,0.002,0.998,0.0513612395130943,1880,0.00016119671990621817,4.262078063470189e-08,3.5294059935791754e-05,16,20,False,0.995,0.005,0.66,fixed,100,none,371c9e91-ddfd-4fc0-aac2-c83fd387c776
172,17200,15.666424036026001,1.0,1.0,1.0,0.9960959999999999,0.0,0.0,0.0,0.0,0.0,0.0,0.0,0.0,0.0,0.0,0.0,0.0,0.0,0.0,0.002,0.998,0.052128304705603576,1878,0.00016269916594666923,4.323710790516585e-08,3.562306247622787e-05,16,20,False,0.995,0.005,0.66,fixed,100,none,371c9e91-ddfd-4fc0-aac2-c83fd387c776
173,17300,15.686416625976562,1.0,1.0,1.0,0.9960959999999999,0.0,0.0,0.0,0.0,0.0,0.0,0.0,0.0,0.0,0.0,0.0,0.0,0.0,0.0,0.002,0.998,0.05251033128381009,1877,0.00016261906092073723,4.3552088131274285e-08,3.5605587332294326e-05,16,20,False,0.995,0.005,0.66,fixed,100,none,371c9e91-ddfd-4fc0-aac2-c83fd387c776
174,17400,15.706335544586182,1.0,1.0,1.0,0.9960959999999999,0.0,0.0,0.0,0.0,0.0,0.0,0.0,0.0,0.0,0.0,0.0,0.0,0.0,0.0,0.002,0.998,0.052128304705603576,1878,0.000162761030993954,4.3801055003244855e-08,3.5636711885027146e-05,16,20,False,0.995,0.005,0.66,fixed,100,none,371c9e91-ddfd-4fc0-aac2-c83fd387c776
175,17500,15.726421117782593,1.0,1.0,1.0,0.9960959999999999,0.0,0.0,0.0,0.0,0.0,0.0,0.0,0.0,0.0,0.0,0.0,0.0,0.0,0.0,0.002,0.998,0.05251033128381009,1877,0.0001627328371615718,4.355220179460859e-08,3.563049297300905e-05,16,20,False,0.995,0.005,0.66,fixed,100,none,371c9e91-ddfd-4fc0-aac2-c83fd387c776
176,17600,15.74614429473877,1.0,1.0,1.0,0.9960959999999999,0.0,0.0,0.0,0.0,0.0,0.0,0.0,0.0,0.0,0.0,0.0,0.0,0.0,0.0,0.002,0.998,0.052128304705603576,1878,0.00016307106949218827,4.3746638946340855e-08,3.570456897323982e-05,16,20,False,0.995,0.005,0.66,fixed,100,none,371c9e91-ddfd-4fc0-aac2-c83fd387c776
177,17700,15.766272068023682,1.0,1.0,1.0,0.9960959999999999,0.0,0.0,0.0,0.0,0.0,0.0,0.0,0.0,0.0,0.0,0.0,0.0,0.0,0.0,0.002,0.998,0.052510331283810094,1877,0.00016321306795651753,4.366144483634082e-08,3.573563625020059e-05,16,20,False,0.995,0.005,0.66,fixed,100,none,371c9e91-ddfd-4fc0-aac2-c83fd387c776
178,17800,15.787399053573608,1.0,1.0,1.0,0.9960959999999999,0.0,0.0,0.0,0.0,0.0,0.0,0.0,0.0,0.0,0.0,0.0,0.0,0.0,0.0,0.002,0.998,0.052128304705603576,1878,0.00016377947180356672,4.3952031538738526e-08,3.585967726379311e-05,16,20,False,0.995,0.005,0.66,fixed,100,none,371c9e91-ddfd-4fc0-aac2-c83fd387c776
179,17900,15.808674335479736,1.0,1.0,1.0,0.9960959999999999,0.0,0.0,0.0,0.0,0.0,0.0,0.0,0.0,0.0,0.0,0.0,0.0,0.0,0.0,0.002,0.998,0.052128304705603576,1878,0.00016458723129401926,4.441890468141106e-08,3.6036584522150285e-05,16,20,False,0.995,0.005,0.66,fixed,100,none,371c9e91-ddfd-4fc0-aac2-c83fd387c776
180,18000,15.829163789749146,1.0,1.0,1.0,0.9960959999999999,0.0,0.0,0.0,0.0,0.0,0.0,0.0,0.0,0.0,0.0,0.0,0.0,0.0,0.0,0.002,0.998,0.051745274115365,1879,0.0001646064792591807,4.436306472297422e-08,3.604078729213203e-05,16,20,False,0.995,0.005,0.66,fixed,100,none,371c9e91-ddfd-4fc0-aac2-c83fd387c776
181,18100,15.84931206703186,1.0,1.0,1.0,0.9960959999999999,0.0,0.0,0.0,0.0,0.0,0.0,0.0,0.0,0.0,0.0,0.0,0.0,0.0,0.0,0.002,0.998,0.051745274115365,1879,0.00016539436704372606,4.4814131508442246e-08,3.621334163085824e-05,16,20,False,0.995,0.005,0.66,fixed,100,none,371c9e91-ddfd-4fc0-aac2-c83fd387c776
182,18200,15.869387149810791,1.0,1.0,1.0,0.9960959999999999,0.0,0.0,0.0,0.0,0.0,0.0,0.0,0.0,0.0,0.0,0.0,0.0,0.0,0.0,0.002,0.998,0.051745274115365,1879,0.00016532282516238064,4.492650936603714e-08,3.619770246482468e-05,16,20,False,0.995,0.005,0.66,fixed,100,none,371c9e91-ddfd-4fc0-aac2-c83fd387c776
183,18300,15.889448165893555,1.0,1.0,1.0,0.9960959999999999,0.0,0.0,0.0,0.0,0.0,0.0,0.0,0.0,0.0,0.0,0.0,0.0,0.0,0.0,0.002,0.998,0.051745274115365,1879,0.00016532282516238064,4.492650936603714e-08,3.619770246482468e-05,16,20,False,0.995,0.005,0.66,fixed,100,none,371c9e91-ddfd-4fc0-aac2-c83fd387c776
184,18400,15.910025596618652,1.0,1.0,1.0,0.9960959999999999,0.0,0.0,0.0,0.0,0.0,0.0,0.0,0.0,0.0,0.0,0.0,0.0,0.0,0.0,0.002,0.998,0.051745274115365,1879,0.000165876375940428,4.4524938522142545e-08,3.63187984316789e-05,16,20,False,0.995,0.005,0.66,fixed,100,none,371c9e91-ddfd-4fc0-aac2-c83fd387c776
185,18500,15.930875778198242,1.0,1.0,1.0,0.9960959999999999,0.0,0.0,0.0,0.0,0.0,0.0,0.0,0.0,0.0,0.0,0.0,0.0,0.0,0.0,0.002,0.998,0.051745274115364996,1879,0.0001678967535805076,4.515278295718478e-08,3.676117838753498e-05,16,20,False,0.995,0.005,0.66,fixed,100,none,371c9e91-ddfd-4fc0-aac2-c83fd387c776
186,18600,15.951520919799805,1.0,1.0,1.0,0.9960959999999999,0.0,0.0,0.0,0.0,0.0,0.0,0.0,0.0,0.0,0.0,0.0,0.0,0.0,0.0,0.002,0.998,0.051745274115364996,1879,0.0001685746469017028,4.541227809227024e-08,3.690961853962028e-05,16,20,False,0.995,0.005,0.66,fixed,100,none,371c9e91-ddfd-4fc0-aac2-c83fd387c776
187,18700,15.971673488616943,1.0,1.0,1.0,0.9960959999999999,0.0,0.0,0.0,0.0,0.0,0.0,0.0,0.0,0.0,0.0,0.0,0.0,0.0,0.0,0.002,0.998,0.051745274115364996,1879,0.00017002337921096183,4.5892575101069274e-08,3.722683729854875e-05,16,20,False,0.995,0.005,0.66,fixed,100,none,371c9e91-ddfd-4fc0-aac2-c83fd387c776
188,18800,15.992688179016113,1.0,1.0,1.0,0.9960959999999999,0.0,0.0,0.0,0.0,0.0,0.0,0.0,0.0,0.0,0.0,0.0,0.0,0.0,0.0,0.002,0.998,0.051745274115364996,1879,0.00017014739424717144,4.605799906508876e-08,3.72540156205282e-05,16,20,False,0.995,0.005,0.66,fixed,100,none,371c9e91-ddfd-4fc0-aac2-c83fd387c776
189,18900,16.012615203857422,1.0,1.0,1.0,0.9960959999999999,0.0,0.0,0.0,0.0,0.0,0.0,0.0,0.0,0.0,0.0,0.0,0.0,0.0,0.0,0.002,0.998,0.051745274115364996,1879,0.00016960811564094505,4.5778451506277174e-08,3.713591441958907e-05,16,20,False,0.995,0.005,0.66,fixed,100,none,371c9e91-ddfd-4fc0-aac2-c83fd387c776
190,19000,16.03239345550537,1.0,1.0,1.0,0.9960959999999999,0.0,0.0,0.0,0.0,0.0,0.0,0.0,0.0,0.0,0.0,0.0,0.0,0.0,0.0,0.002,0.998,0.051745274115364996,1879,0.00017030675923780452,4.582519224019172e-08,3.728885638368105e-05,16,20,False,0.995,0.005,0.66,fixed,100,none,371c9e91-ddfd-4fc0-aac2-c83fd387c776
191,19100,16.052111387252808,1.0,1.0,1.0,0.9960959999999999,0.0,0.0,0.0,0.0,0.0,0.0,0.0,0.0,0.0,0.0,0.0,0.0,0.0,0.0,0.002,0.998,0.051745274115364996,1879,0.00017158617810514572,4.618216486776178e-08,3.7568988998541276e-05,16,20,False,0.995,0.005,0.66,fixed,100,none,371c9e91-ddfd-4fc0-aac2-c83fd387c776
192,19200,16.071730852127075,1.0,1.0,1.0,0.9960959999999999,0.0,0.0,0.0,0.0,0.0,0.0,0.0,0.0,0.0,0.0,0.0,0.0,0.0,0.0,0.002,0.998,0.051745274115364996,1879,0.0001720777152926687,4.647823179518511e-08,3.7676642741606266e-05,16,20,False,0.995,0.005,0.66,fixed,100,none,371c9e91-ddfd-4fc0-aac2-c83fd387c776
193,19300,16.09141516685486,1.0,1.0,1.0,0.9960959999999999,0.0,0.0,0.0,0.0,0.0,0.0,0.0,0.0,0.0,0.0,0.0,0.0,0.0,0.0,0.002,0.998,0.05212830470560358,1878,0.00017158747061682978,4.618213594198465e-08,3.756927192385302e-05,16,20,False,0.995,0.005,0.66,fixed,100,none,371c9e91-ddfd-4fc0-aac2-c83fd387c776
194,19400,16.111135721206665,1.0,1.0,1.0,0.9960959999999999,0.0,0.0,0.0,0.0,0.0,0.0,0.0,0.0,0.0,0.0,0.0,0.0,0.0,0.0,0.002,0.998,0.05212830470560358,1878,0.00017317423723555065,4.697448339422986e-08,3.791676568270694e-05,16,20,False,0.995,0.005,0.66,fixed,100,none,371c9e91-ddfd-4fc0-aac2-c83fd387c776
195,19500,16.13080358505249,1.0,1.0,1.0,0.9960959999999999,0.0,0.0,0.0,0.0,0.0,0.0,0.0,0.0,0.0,0.0,0.0,0.0,0.0,0.0,0.002,0.998,0.05212830470560358,1878,0.0001736825148324095,4.724822944861231e-08,3.802807966040967e-05,16,20,False,0.995,0.005,0.66,fixed,100,none,371c9e91-ddfd-4fc0-aac2-c83fd387c776
196,19600,16.15050172805786,1.0,1.0,1.0,0.9960959999999999,0.0,0.0,0.0,0.0,0.0,0.0,0.0,0.0,0.0,0.0,0.0,0.0,0.0,0.0,0.002,0.998,0.051745274115364996,1879,0.0001742885576870695,4.762106640136603e-08,3.8160813280315774e-05,16,20,False,0.995,0.005,0.66,fixed,100,none,371c9e91-ddfd-4fc0-aac2-c83fd387c776
197,19700,16.169723987579346,1.0,1.0,1.0,0.9960959999999999,0.0,0.0,0.0,0.0,0.0,0.0,0.0,0.0,0.0,0.0,0.0,0.0,0.0,0.0,0.002,0.998,0.051745274115364996,1879,0.0001740172132984294,4.7712793496723455e-08,3.810143342179057e-05,16,20,False,0.995,0.005,0.66,fixed,100,none,371c9e91-ddfd-4fc0-aac2-c83fd387c776
198,19800,16.18949246406555,1.0,1.0,1.0,0.9960959999999999,0.0,0.0,0.0,0.0,0.0,0.0,0.0,0.0,0.0,0.0,0.0,0.0,0.0,0.0,0.002,0.998,0.052128304705603576,1878,0.00017336571257709074,4.791684348097045e-08,3.7958858683386546e-05,16,20,False,0.995,0.005,0.66,fixed,100,none,371c9e91-ddfd-4fc0-aac2-c83fd387c776
199,19900,16.209157466888428,1.0,1.0,1.0,0.9960959999999999,0.0,0.0,0.0,0.0,0.0,0.0,0.0,0.0,0.0,0.0,0.0,0.0,0.0,0.0,0.002,0.998,0.052128304705603576,1878,0.00017482500732021172,4.8804643379053135e-08,3.827846698463637e-05,16,20,False,0.995,0.005,0.66,fixed,100,none,371c9e91-ddfd-4fc0-aac2-c83fd387c776
200,20000,16.228880882263184,1.0,1.0,1.0,0.9960959999999999,0.0,0.0,0.0,0.0,0.0,0.0,0.0,0.0,0.0,0.0,0.0,0.0,0.0,0.0,0.002,0.998,0.052128304705603576,1878,0.00017504365272208298,4.90949397752241e-08,3.832638361942126e-05,16,20,False,0.995,0.005,0.66,fixed,100,none,371c9e91-ddfd-4fc0-aac2-c83fd387c776
201,20100,16.248591899871826,1.0,1.0,1.0,0.9960959999999999,0.0,0.0,0.0,0.0,0.0,0.0,0.0,0.0,0.0,0.0,0.0,0.0,0.0,0.0,0.002,0.998,0.052128304705603576,1878,0.00017554998588793596,4.9371360028055883e-08,3.843727246927451e-05,16,20,False,0.995,0.005,0.66,fixed,100,none,371c9e91-ddfd-4fc0-aac2-c83fd387c776
202,20200,16.268282890319824,1.0,1.0,1.0,0.9960959999999999,0.0,0.0,0.0,0.0,0.0,0.0,0.0,0.0,0.0,0.0,0.0,0.0,0.0,0.0,0.002,0.998,0.052128304705603576,1878,0.0001765318895764949,4.972718729043498e-08,3.865227879387992e-05,16,20,False,0.995,0.005,0.66,fixed,100,none,371c9e91-ddfd-4fc0-aac2-c83fd387c776
203,20300,16.288026094436646,1.0,1.0,1.0,0.9960959999999999,0.0,0.0,0.0,0.0,0.0,0.0,0.0,0.0,0.0,0.0,0.0,0.0,0.0,0.0,0.002,0.998,0.052128304705603576,1878,0.00017643266746478897,4.9767814010220676e-08,3.863056679270425e-05,16,20,False,0.995,0.005,0.66,fixed,100,none,371c9e91-ddfd-4fc0-aac2-c83fd387c776
204,20400,16.307749271392822,1.0,1.0,1.0,0.9960959999999999,0.0,0.0,0.0,0.0,0.0,0.0,0.0,0.0,0.0,0.0,0.0,0.0,0.0,0.0,0.002,0.998,0.052128304705603576,1878,0.00017581295336253935,4.945803178914178e-08,3.84948525170998e-05,16,20,False,0.995,0.005,0.66,fixed,100,none,371c9e91-ddfd-4fc0-aac2-c83fd387c776
205,20500,16.32752251625061,1.0,1.0,1.0,0.9960959999999999,0.0,0.0,0.0,0.0,0.0,0.0,0.0,0.0,0.0,0.0,0.0,0.0,0.0,0.0,0.002,0.998,0.052128304705603576,1878,0.000175145954617165,4.9368586894407795e-08,3.834882949720736e-05,16,20,False,0.995,0.005,0.66,fixed,100,none,371c9e91-ddfd-4fc0-aac2-c83fd387c776
206,20600,16.347755670547485,1.0,1.0,1.0,0.9960959999999999,0.0,0.0,0.0,0.0,0.0,0.0,0.0,0.0,0.0,0.0,0.0,0.0,0.0,0.0,0.002,0.998,0.052128304705603576,1878,0.00017575764853435105,5.0162745445923644e-08,3.8482880185804174e-05,16,20,False,0.995,0.005,0.66,fixed,100,none,371c9e91-ddfd-4fc0-aac2-c83fd387c776
207,20700,16.367807865142822,1.0,1.0,1.0,0.9960959999999999,0.0,0.0,0.0,0.0,0.0,0.0,0.0,0.0,0.0,0.0,0.0,0.0,0.0,0.0,0.002,0.998,0.052128304705603576,1878,0.0001763185368900961,5.059051230945414e-08,3.8605739922580834e-05,16,20,False,0.995,0.005,0.66,fixed,100,none,371c9e91-ddfd-4fc0-aac2-c83fd387c776
208,20800,16.387712240219116,1.0,1.0,1.0,0.9960959999999999,0.0,0.0,0.0,0.0,0.0,0.0,0.0,0.0,0.0,0.0,0.0,0.0,0.0,0.0,0.002,0.998,0.052128304705603576,1878,0.00017685562443209516,5.114719311973651e-08,3.872341415487838e-05,16,20,False,0.995,0.005,0.66,fixed,100,none,371c9e91-ddfd-4fc0-aac2-c83fd387c776
209,20900,16.40749716758728,1.0,1.0,1.0,0.9960959999999999,0.0,0.0,0.0,0.0,0.0,0.0,0.0,0.0,0.0,0.0,0.0,0.0,0.0,0.0,0.002,0.998,0.052128304705603576,1878,0.00017738835764889192,5.137020631761917e-08,3.884007182854279e-05,16,20,False,0.995,0.005,0.66,fixed,100,none,371c9e91-ddfd-4fc0-aac2-c83fd387c776
210,21000,16.427401065826416,1.0,1.0,1.0,0.9960959999999999,0.0,0.0,0.0,0.0,0.0,0.0,0.0,0.0,0.0,0.0,0.0,0.0,0.0,0.0,0.002,0.998,0.052128304705603576,1878,0.00017855724401310812,5.206380757584807e-08,3.909607283790878e-05,16,20,False,0.995,0.005,0.66,fixed,100,none,371c9e91-ddfd-4fc0-aac2-c83fd387c776
211,21100,16.447571277618408,1.0,1.0,1.0,0.9960959999999999,0.0,0.0,0.0,0.0,0.0,0.0,0.0,0.0,0.0,0.0,0.0,0.0,0.0,0.0,0.002,0.998,0.052128304705603576,1878,0.0001788760814638639,5.2110377243105833e-08,3.9165875204116e-05,16,20,False,0.995,0.005,0.66,fixed,100,none,371c9e91-ddfd-4fc0-aac2-c83fd387c776
212,21200,16.467509508132935,1.0,1.0,1.0,0.9960959999999999,0.0,0.0,0.0,0.0,0.0,0.0,0.0,0.0,0.0,0.0,0.0,0.0,0.0,0.0,0.002,0.998,0.052128304705603576,1878,0.00017960921898857695,5.271634868510475e-08,3.9326474142849666e-05,16,20,False,0.995,0.005,0.66,fixed,100,none,371c9e91-ddfd-4fc0-aac2-c83fd387c776
213,21300,16.487593412399292,1.0,1.0,1.0,0.9960959999999999,0.0,0.0,0.0,0.0,0.0,0.0,0.0,0.0,0.0,0.0,0.0,0.0,0.0,0.0,0.002,0.998,0.052128304705603576,1878,0.00018078280481558957,5.287359154669996e-08,3.958340195652643e-05,16,20,False,0.995,0.005,0.66,fixed,100,none,371c9e91-ddfd-4fc0-aac2-c83fd387c776
214,21400,16.50757384300232,1.0,1.0,1.0,0.9960959999999999,0.0,0.0,0.0,0.0,0.0,0.0,0.0,0.0,0.0,0.0,0.0,0.0,0.0,0.0,0.002,0.998,0.052128304705603576,1878,0.00018185960283667612,5.364431916172256e-08,3.9819259481589135e-05,16,20,False,0.995,0.005,0.66,fixed,100,none,371c9e91-ddfd-4fc0-aac2-c83fd387c776
215,21500,16.52772307395935,1.0,1.0,1.0,0.9960959999999999,0.0,0.0,0.0,0.0,0.0,0.0,0.0,0.0,0.0,0.0,0.0,0.0,0.0,0.0,0.002,0.998,0.052128304705603576,1878,0.00018185960283667612,5.364431916172256e-08,3.9819259481589135e-05,16,20,False,0.995,0.005,0.66,fixed,100,none,371c9e91-ddfd-4fc0-aac2-c83fd387c776
216,21600,16.550063610076904,1.0,1.0,1.0,0.9960959999999999,0.0,0.0,0.0,0.0,0.0,0.0,0.0,0.0,0.0,0.0,0.0,0.0,0.0,0.0,0.002,0.998,0.052128304705603576,1878,0.0001818553560000127,5.370435550703193e-08,3.9818341255949115e-05,16,20,False,0.995,0.005,0.66,fixed,100,none,371c9e91-ddfd-4fc0-aac2-c83fd387c776
217,21700,16.57006549835205,1.0,1.0,1.0,0.9960959999999999,0.0,0.0,0.0,0.0,0.0,0.0,0.0,0.0,0.0,0.0,0.0,0.0,0.0,0.0,0.002,0.998,0.052128304705603576,1878,0.00018179693338743399,5.387275460673998e-08,3.9805584541884585e-05,16,20,False,0.995,0.005,0.66,fixed,100,none,371c9e91-ddfd-4fc0-aac2-c83fd387c776
218,21800,16.59010338783264,1.0,1.0,1.0,0.9960959999999999,0.0,0.0,0.0,0.0,0.0,0.0,0.0,0.0,0.0,0.0,0.0,0.0,0.0,0.0,0.002,0.998,0.051745274115364996,1879,0.00018320211645167826,5.478891781856046e-08,4.01133531856579e-05,16,20,False,0.995,0.005,0.66,fixed,100,none,371c9e91-ddfd-4fc0-aac2-c83fd387c776
219,21900,16.610089540481567,1.0,1.0,1.0,0.9960959999999999,0.0,0.0,0.0,0.0,0.0,0.0,0.0,0.0,0.0,0.0,0.0,0.0,0.0,0.0,0.002,0.998,0.052128304705603576,1878,0.0001837448371220569,5.503275767986075e-08,4.023220106997743e-05,16,20,False,0.995,0.005,0.66,fixed,100,none,371c9e91-ddfd-4fc0-aac2-c83fd387c776
220,22000,16.6301748752594,1.0,1.0,1.0,0.9960959999999999,0.0,0.0,0.0,0.0,0.0,0.0,0.0,0.0,0.0,0.0,0.0,0.0,0.0,0.0,0.002,0.998,0.052128304705603576,1878,0.00018465601703507772,5.5301778108696055e-08,4.043170946681917e-05,16,20,False,0.995,0.005,0.66,fixed,100,none,371c9e91-ddfd-4fc0-aac2-c83fd387c776
221,22100,16.650437355041504,1.0,1.0,1.0,0.9960959999999999,0.0,0.0,0.0,0.0,0.0,0.0,0.0,0.0,0.0,0.0,0.0,0.0,0.0,0.0,0.002,0.998,0.052128304705603576,1878,0.00018465984530919007,5.540876405859669e-08,4.043256780335284e-05,16,20,False,0.995,0.005,0.66,fixed,100,none,371c9e91-ddfd-4fc0-aac2-c83fd387c776
222,22200,16.670613527297974,1.0,1.0,1.0,0.9960959999999999,0.0,0.0,0.0,0.0,0.0,0.0,0.0,0.0,0.0,0.0,0.0,0.0,0.0,0.0,0.002,0.998,0.052128304705603576,1878,0.00018447958182762558,5.548410119582906e-08,4.0393122441294446e-05,16,20,False,0.995,0.005,0.66,fixed,100,none,371c9e91-ddfd-4fc0-aac2-c83fd387c776
223,22300,16.69067645072937,1.0,1.0,1.0,0.9960959999999999,0.0,0.0,0.0,0.0,0.0,0.0,0.0,0.0,0.0,0.0,0.0,0.0,0.0,0.0,0.002,0.998,0.052128304705603576,1878,0.0001827724010818796,5.531547105241171e-08,4.0019388536323406e-05,16,20,False,0.995,0.005,0.66,fixed,100,none,371c9e91-ddfd-4fc0-aac2-c83fd387c776
224,22400,16.710639476776123,1.0,1.0,1.0,0.9960959999999999,0.0,0.0,0.0,0.0,0.0,0.0,0.0,0.0,0.0,0.0,0.0,0.0,0.0,0.0,0.002,0.998,0.052128304705603576,1878,0.00018366174169532116,5.6094170218169675e-08,4.0214213149447255e-05,16,20,False,0.995,0.005,0.66,fixed,100,none,371c9e91-ddfd-4fc0-aac2-c83fd387c776
225,22500,16.730810165405273,1.0,1.0,1.0,0.9960959999999999,0.0,0.0,0.0,0.0,0.0,0.0,0.0,0.0,0.0,0.0,0.0,0.0,0.0,0.0,0.002,0.998,0.052128304705603576,1878,0.0001837408561850223,5.632807730108446e-08,4.023157575358859e-05,16,20,False,0.995,0.005,0.66,fixed,100,none,371c9e91-ddfd-4fc0-aac2-c83fd387c776
226,22600,16.75102138519287,1.0,1.0,1.0,0.9960959999999999,0.0,0.0,0.0,0.0,0.0,0.0,0.0,0.0,0.0,0.0,0.0,0.0,0.0,0.0,0.002,0.998,0.052128304705603576,1878,0.00018228275486479418,5.573612863733913e-08,3.991228490434454e-05,16,20,False,0.995,0.005,0.66,fixed,100,none,371c9e91-ddfd-4fc0-aac2-c83fd387c776
227,22700,16.771127700805664,1.0,1.0,1.0,0.9960959999999999,0.0,0.0,0.0,0.0,0.0,0.0,0.0,0.0,0.0,0.0,0.0,0.0,0.0,0.0,0.002,0.998,0.052128304705603576,1878,0.00018303402201624446,5.5867735730932946e-08,4.007676228914479e-05,16,20,False,0.995,0.005,0.66,fixed,100,none,371c9e91-ddfd-4fc0-aac2-c83fd387c776
228,22800,16.79094123840332,1.0,1.0,1.0,0.9960959999999999,0.0,0.0,0.0,0.0,0.0,0.0,0.0,0.0,0.0,0.0,0.0,0.0,0.0,0.0,0.002,0.998,0.052128304705603576,1878,0.0001826979922609798,5.5792233978915295e-08,4.000319103038447e-05,16,20,False,0.995,0.005,0.66,fixed,100,none,371c9e91-ddfd-4fc0-aac2-c83fd387c776
229,22900,16.81072473526001,1.0,1.0,1.0,0.9960959999999999,0.0,0.0,0.0,0.0,0.0,0.0,0.0,0.0,0.0,0.0,0.0,0.0,0.0,0.0,0.002,0.998,0.052128304705603576,1878,0.00018345510150429307,5.614769034715125e-08,4.0168989780455715e-05,16,20,False,0.995,0.005,0.66,fixed,100,none,371c9e91-ddfd-4fc0-aac2-c83fd387c776
230,23000,16.830633878707886,1.0,1.0,1.0,0.9960959999999999,0.0,0.0,0.0,0.0,0.0,0.0,0.0,0.0,0.0,0.0,0.0,0.0,0.0,0.0,0.002,0.998,0.052128304705603576,1878,0.0001846734293172177,5.7078171370890404e-08,4.043585853009943e-05,16,20,False,0.995,0.005,0.66,fixed,100,none,371c9e91-ddfd-4fc0-aac2-c83fd387c776
231,23100,16.850507974624634,1.0,1.0,1.0,0.9960959999999999,0.0,0.0,0.0,0.0,0.0,0.0,0.0,0.0,0.0,0.0,0.0,0.0,0.0,0.0,0.002,0.998,0.052128304705603576,1878,0.00018442781040315035,5.6672481807319395e-08,4.038201546879301e-05,16,20,False,0.995,0.005,0.66,fixed,100,none,371c9e91-ddfd-4fc0-aac2-c83fd387c776
232,23200,16.870399475097656,1.0,1.0,1.0,0.9960959999999999,0.0,0.0,0.0,0.0,0.0,0.0,0.0,0.0,0.0,0.0,0.0,0.0,0.0,0.0,0.002,0.998,0.052128304705603576,1878,0.0001846804400364116,5.6882405586309456e-08,4.0437355981031896e-05,16,20,False,0.995,0.005,0.66,fixed,100,none,371c9e91-ddfd-4fc0-aac2-c83fd387c776
233,23300,16.890204191207886,1.0,1.0,1.0,0.9960959999999999,0.0,0.0,0.0,0.0,0.0,0.0,0.0,0.0,0.0,0.0,0.0,0.0,0.0,0.0,0.002,0.998,0.052128304705603576,1878,0.00018468192412405426,5.662771992916471e-08,4.0437632457542026e-05,16,20,False,0.995,0.005,0.66,fixed,100,none,371c9e91-ddfd-4fc0-aac2-c83fd387c776
234,23400,16.91008949279785,1.0,1.0,1.0,0.9960959999999999,0.0,0.0,0.0,0.0,0.0,0.0,0.0,0.0,0.0,0.0,0.0,0.0,0.0,0.0,0.002,0.998,0.052128304705603576,1878,0.00018587339368785597,5.760856792593745e-08,4.069863150617761e-05,16,20,False,0.995,0.005,0.66,fixed,100,none,371c9e91-ddfd-4fc0-aac2-c83fd387c776
235,23500,16.930042028427124,1.0,1.0,1.0,0.9960959999999999,0.0,0.0,0.0,0.0,0.0,0.0,0.0,0.0,0.0,0.0,0.0,0.0,0.0,0.0,0.002,0.998,0.052128304705603576,1878,0.00018527327849629638,5.752627350890849e-08,4.056725065480597e-05,16,20,False,0.995,0.005,0.66,fixed,100,none,371c9e91-ddfd-4fc0-aac2-c83fd387c776
236,23600,16.949811935424805,1.0,1.0,1.0,0.9960959999999999,0.0,0.0,0.0,0.0,0.0,0.0,0.0,0.0,0.0,0.0,0.0,0.0,0.0,0.0,0.002,0.998,0.052128304705603576,1878,0.00018756975317514403,5.808090327778301e-08,4.1070054341661804e-05,16,20,False,0.995,0.005,0.66,fixed,100,none,371c9e91-ddfd-4fc0-aac2-c83fd387c776
237,23700,16.969686269760132,1.0,1.0,1.0,0.9960959999999999,0.0,0.0,0.0,0.0,0.0,0.0,0.0,0.0,0.0,0.0,0.0,0.0,0.0,0.0,0.002,0.998,0.052128304705603576,1878,0.00018741364828730631,5.798899060061013e-08,4.1035865518305466e-05,16,20,False,0.995,0.005,0.66,fixed,100,none,371c9e91-ddfd-4fc0-aac2-c83fd387c776
238,23800,16.990469217300415,1.0,1.0,1.0,0.9960959999999999,0.0,0.0,0.0,0.0,0.0,0.0,0.0,0.0,0.0,0.0,0.0,0.0,0.0,0.0,0.002,0.998,0.052128304705603576,1878,0.00018824707215179526,5.869700757678734e-08,4.121843652546758e-05,16,20,False,0.995,0.005,0.66,fixed,100,none,371c9e91-ddfd-4fc0-aac2-c83fd387c776
239,23900,17.010456562042236,1.0,1.0,1.0,0.9960959999999999,0.0,0.0,0.0,0.0,0.0,0.0,0.0,0.0,0.0,0.0,0.0,0.0,0.0,0.0,0.002,0.998,0.052128304705603576,1878,0.00018824094829679886,5.8793733599778836e-08,4.121711439155323e-05,16,20,False,0.995,0.005,0.66,fixed,100,none,371c9e91-ddfd-4fc0-aac2-c83fd387c776
240,24000,17.030519723892212,1.0,1.0,1.0,0.9960959999999999,0.0,0.0,0.0,0.0,0.0,0.0,0.0,0.0,0.0,0.0,0.0,0.0,0.0,0.0,0.002,0.998,0.052128304705603576,1878,0.00018886039835545716,5.892055564570685e-08,4.135273610558226e-05,16,20,False,0.995,0.005,0.66,fixed,100,none,371c9e91-ddfd-4fc0-aac2-c83fd387c776
241,24100,17.0504310131073,1.0,1.0,1.0,0.9960959999999999,0.0,0.0,0.0,0.0,0.0,0.0,0.0,0.0,0.0,0.0,0.0,0.0,0.0,0.0,0.002,0.998,0.052128304705603576,1878,0.0001884703530393445,5.856223004715568e-08,4.1267287104021475e-05,16,20,False,0.995,0.005,0.66,fixed,100,none,371c9e91-ddfd-4fc0-aac2-c83fd387c776
242,24200,17.070359468460083,1.0,1.0,1.0,0.9960959999999999,0.0,0.0,0.0,0.0,0.0,0.0,0.0,0.0,0.0,0.0,0.0,0.0,0.0,0.0,0.002,0.998,0.052128304705603576,1878,0.00019005792636151965,5.926461750222404e-08,4.161494035786208e-05,16,20,False,0.995,0.005,0.66,fixed,100,none,371c9e91-ddfd-4fc0-aac2-c83fd387c776
243,24300,17.090294122695923,1.0,1.0,1.0,0.9960959999999999,0.0,0.0,0.0,0.0,0.0,0.0,0.0,0.0,0.0,0.0,0.0,0.0,0.0,0.0,0.002,0.998,0.051745274115364996,1879,0.0001896166121733598,5.9208195781305185e-08,4.151832596194691e-05,16,20,False,0.995,0.005,0.66,fixed,100,none,371c9e91-ddfd-4fc0-aac2-c83fd387c776
244,24400,17.11017346382141,1.0,1.0,1.0,0.9960959999999999,0.0,0.0,0.0,0.0,0.0,0.0,0.0,0.0,0.0,0.0,0.0,0.0,0.0,0.0,0.002,0.998,0.052128304705603576,1878,0.0001895000300267359,5.898779075292621e-08,4.1492764253095544e-05,16,20,False,0.995,0.005,0.66,fixed,100,none,371c9e91-ddfd-4fc0-aac2-c83fd387c776
245,24500,17.129953861236572,1.0,1.0,1.0,0.9960959999999999,0.0,0.0,0.0,0.0,0.0,0.0,0.0,0.0,0.0,0.0,0.0,0.0,0.0,0.0,0.002,0.998,0.052128304705603576,1878,0.00018955830991766102,5.9285831311675396e-08,4.150557834892522e-05,16,20,False,0.995,0.005,0.66,fixed,100,none,371c9e91-ddfd-4fc0-aac2-c83fd387c776
246,24600,17.149820804595947,1.0,1.0,1.0,0.9960959999999999,0.0,0.0,0.0,0.0,0.0,0.0,0.0,0.0,0.0,0.0,0.0,0.0,0.0,0.0,0.002,0.998,0.052128304705603576,1878,0.00018989987826074437,5.9545542565823305e-08,4.1580397004364453e-05,16,20,False,0.995,0.005,0.66,fixed,100,none,371c9e91-ddfd-4fc0-aac2-c83fd387c776
247,24700,17.16997456550598,1.0,1.0,1.0,0.9960959999999999,0.0,0.0,0.0,0.0,0.0,0.0,0.0,0.0,0.0,0.0,0.0,0.0,0.0,0.0,0.002,0.998,0.052128304705603576,1878,0.0001920804361681424,6.065695355753825e-08,4.205793229838231e-05,16,20,False,0.995,0.005,0.66,fixed,100,none,371c9e91-ddfd-4fc0-aac2-c83fd387c776
248,24800,17.189823627471924,1.0,1.0,1.0,0.9960959999999999,0.0,0.0,0.0,0.0,0.0,0.0,0.0,0.0,0.0,0.0,0.0,0.0,0.0,0.0,0.002,0.998,0.052128304705603576,1878,0.00019169605182718687,6.078166585642688e-08,4.197381426148393e-05,16,20,False,0.995,0.005,0.66,fixed,100,none,371c9e91-ddfd-4fc0-aac2-c83fd387c776
249,24900,17.2096426486969,1.0,1.0,1.0,0.9960959999999999,0.0,0.0,0.0,0.0,0.0,0.0,0.0,0.0,0.0,0.0,0.0,0.0,0.0,0.0,0.002,0.998,0.052128304705603576,1878,0.00019283323162507305,6.114541809202918e-08,4.222281203216598e-05,16,20,False,0.995,0.005,0.66,fixed,100,none,371c9e91-ddfd-4fc0-aac2-c83fd387c776
250,25000,17.229433298110962,1.0,1.0,1.0,0.9960959999999999,0.0,0.0,0.0,0.0,0.0,0.0,0.0,0.0,0.0,0.0,0.0,0.0,0.0,0.0,0.002,0.998,0.051745274115364996,1879,0.0001929461520108934,6.074182672199747e-08,4.2247453622261746e-05,16,20,False,0.995,0.005,0.66,fixed,100,none,371c9e91-ddfd-4fc0-aac2-c83fd387c776
251,25100,17.249208688735962,1.0,1.0,1.0,0.9960959999999999,0.0,0.0,0.0,0.0,0.0,0.0,0.0,0.0,0.0,0.0,0.0,0.0,0.0,0.0,0.002,0.998,0.052128304705603576,1878,0.00019391851550721069,6.060174175106891e-08,4.2460277375461124e-05,16,20,False,0.995,0.005,0.66,fixed,100,none,371c9e91-ddfd-4fc0-aac2-c83fd387c776
252,25200,17.26898431777954,1.0,1.0,1.0,0.9960959999999999,0.0,0.0,0.0,0.0,0.0,0.0,0.0,0.0,0.0,0.0,0.0,0.0,0.0,0.0,0.002,0.998,0.052128304705603576,1878,0.00019382582172111315,6.041416347482501e-08,4.2439951065811885e-05,16,20,False,0.995,0.005,0.66,fixed,100,none,371c9e91-ddfd-4fc0-aac2-c83fd387c776
253,25300,17.2887179851532,1.0,1.0,1.0,0.9960959999999999,0.0,0.0,0.0,0.0,0.0,0.0,0.0,0.0,0.0,0.0,0.0,0.0,0.0,0.0,0.002,0.998,0.051745274115364996,1879,0.00019443588179464898,6.117962067114565e-08,4.2573638652776186e-05,16,20,False,0.995,0.005,0.66,fixed,100,none,371c9e91-ddfd-4fc0-aac2-c83fd387c776
254,25400,17.308704137802124,1.0,1.0,1.0,0.9960959999999999,0.0,0.0,0.0,0.0,0.0,0.0,0.0,0.0,0.0,0.0,0.0,0.0,0.0,0.0,0.002,0.998,0.052128304705603576,1878,0.00019446035861858964,6.111019658839077e-08,4.257898343896106e-05,16,20,False,0.995,0.005,0.66,fixed,100,none,371c9e91-ddfd-4fc0-aac2-c83fd387c776
255,25500,17.328853607177734,1.0,1.0,1.0,0.9960959999999999,0.0,0.0,0.0,0.0,0.0,0.0,0.0,0.0,0.0,0.0,0.0,0.0,0.0,0.0,0.002,0.998,0.052128304705603576,1878,0.00019484742877041436,6.135456478526174e-08,4.26637595251529e-05,16,20,False,0.995,0.005,0.66,fixed,100,none,371c9e91-ddfd-4fc0-aac2-c83fd387c776
256,25600,17.34874176979065,1.0,1.0,1.0,0.9960959999999999,0.0,0.0,0.0,0.0,0.0,0.0,0.0,0.0,0.0,0.0,0.0,0.0,0.0,0.0,0.002,0.998,0.051745274115364996,1879,0.0001949578874993115,6.16563071107108e-08,4.268799627195033e-05,16,20,False,0.995,0.005,0.66,fixed,100,none,371c9e91-ddfd-4fc0-aac2-c83fd387c776
257,25700,17.3687641620636,1.0,1.0,1.0,0.9960959999999999,0.0,0.0,0.0,0.0,0.0,0.0,0.0,0.0,0.0,0.0,0.0,0.0,0.0,0.0,0.002,0.998,0.051745274115364996,1879,0.0001949238599196396,6.17150972276143e-08,4.2680558804882356e-05,16,20,False,0.995,0.005,0.66,fixed,100,none,371c9e91-ddfd-4fc0-aac2-c83fd387c776
258,25800,17.388606548309326,1.0,1.0,1.0,0.9960959999999999,0.0,0.0,0.0,0.0,0.0,0.0,0.0,0.0,0.0,0.0,0.0,0.0,0.0,0.0,0.002,0.998,0.051745274115364996,1879,0.0001949853758179047,6.245514109027014e-08,4.269416524334649e-05,16,20,False,0.995,0.005,0.66,fixed,100,none,371c9e91-ddfd-4fc0-aac2-c83fd387c776
259,25900,17.408331632614136,1.0,1.0,1.0,0.9960959999999999,0.0,0.0,0.0,0.0,0.0,0.0,0.0,0.0,0.0,0.0,0.0,0.0,0.0,0.0,0.002,0.998,0.051745274115364996,1879,0.00019550715394035147,6.276580062056529e-08,4.2808441499660846e-05,16,20,False,0.995,0.005,0.66,fixed,100,none,371c9e91-ddfd-4fc0-aac2-c83fd387c776
260,26000,17.427030086517334,1.0,1.0,1.0,0.9960959999999999,0.0,0.0,0.0,0.0,0.0,0.0,0.0,0.0,0.0,0.0,0.0,0.0,0.0,0.0,0.002,0.998,0.051745274115364996,1879,0.0001952666290064014,6.254739893929101e-08,4.275574909529973e-05,16,20,False,0.995,0.005,0.66,fixed,100,none,371c9e91-ddfd-4fc0-aac2-c83fd387c776
261,26100,17.44674801826477,1.0,1.0,1.0,0.9960959999999999,0.0,0.0,0.0,0.0,0.0,0.0,0.0,0.0,0.0,0.0,0.0,0.0,0.0,0.0,0.002,0.998,0.051745274115364996,1879,0.0001952666290064014,6.254739893929101e-08,4.275574909529973e-05,16,20,False,0.995,0.005,0.66,fixed,100,none,371c9e91-ddfd-4fc0-aac2-c83fd387c776
262,26300,17.467391967773438,1.0,1.0,1.0,0.9960959999999999,0.0,0.0,0.0,0.0,0.0,0.0,0.0,0.0,0.0,0.0,0.0,0.0,0.0,0.0,0.002,0.998,0.051745274115364996,1879,0.00019736618447927846,6.423008517599446e-08,4.32156614986975e-05,16,20,False,0.995,0.005,0.66,fixed,100,none,371c9e91-ddfd-4fc0-aac2-c83fd387c776
263,26400,17.487491369247437,1.0,1.0,1.0,0.9960959999999999,0.0,0.0,0.0,0.0,0.0,0.0,0.0,0.0,0.0,0.0,0.0,0.0,0.0,0.0,0.002,0.998,0.051745274115364996,1879,0.0001968022615409545,6.447164727915495e-08,4.309226466429798e-05,16,20,False,0.995,0.005,0.66,fixed,100,none,371c9e91-ddfd-4fc0-aac2-c83fd387c776
264,26500,17.507678031921387,1.0,1.0,1.0,0.9960959999999999,0.0,0.0,0.0,0.0,0.0,0.0,0.0,0.0,0.0,0.0,0.0,0.0,0.0,0.0,0.002,0.998,0.051745274115364996,1879,0.00019834196538822635,6.530417730667046e-08,4.342946401717102e-05,16,20,False,0.995,0.005,0.66,fixed,100,none,371c9e91-ddfd-4fc0-aac2-c83fd387c776
265,26600,17.527607202529907,1.0,1.0,1.0,0.9960959999999999,0.0,0.0,0.0,0.0,0.0,0.0,0.0,0.0,0.0,0.0,0.0,0.0,0.0,0.0,0.002,0.998,0.051745274115364996,1879,0.00019802360883306794,6.528086545079852e-08,4.3359771337994225e-05,16,20,False,0.995,0.005,0.66,fixed,100,none,371c9e91-ddfd-4fc0-aac2-c83fd387c776
266,26700,17.547547340393066,1.0,1.0,1.0,0.9960959999999999,0.0,0.0,0.0,0.0,0.0,0.0,0.0,0.0,0.0,0.0,0.0,0.0,0.0,0.0,0.002,0.998,0.051745274115364996,1879,0.00019867235460679784,6.587683963521678e-08,4.350189502295874e-05,16,20,False,0.995,0.005,0.66,fixed,100,none,371c9e91-ddfd-4fc0-aac2-c83fd387c776
267,26800,17.567561626434326,1.0,1.0,1.0,0.9960959999999999,0.0,0.0,0.0,0.0,0.0,0.0,0.0,0.0,0.0,0.0,0.0,0.0,0.0,0.0,0.002,0.998,0.051745274115364996,1879,0.0001990152198575322,6.613328053985754e-08,4.357699695011637e-05,16,20,False,0.995,0.005,0.66,fixed,100,none,371c9e91-ddfd-4fc0-aac2-c83fd387c776
268,26900,17.586955547332764,1.0,1.0,1.0,0.9960959999999999,0.0,0.0,0.0,0.0,0.0,0.0,0.0,0.0,0.0,0.0,0.0,0.0,0.0,0.0,0.002,0.998,0.051745274115364996,1879,0.0001987521149274097,6.664647282417051e-08,4.3519500787446574e-05,16,20,False,0.995,0.005,0.66,fixed,100,none,371c9e91-ddfd-4fc0-aac2-c83fd387c776
269,27000,17.60664129257202,1.0,1.0,1.0,0.9960959999999999,0.0,0.0,0.0,0.0,0.0,0.0,0.0,0.0,0.0,0.0,0.0,0.0,0.0,0.0,0.002,0.998,0.051745274115364996,1879,0.0001989723510814902,6.678602973690624e-08,4.356773699738822e-05,16,20,False,0.995,0.005,0.66,fixed,100,none,371c9e91-ddfd-4fc0-aac2-c83fd387c776
270,27100,17.626373529434204,1.0,1.0,1.0,0.9960959999999999,0.0,0.0,0.0,0.0,0.0,0.0,0.0,0.0,0.0,0.0,0.0,0.0,0.0,0.0,0.002,0.998,0.051745274115364996,1879,0.000199451484949185,6.7156798403718e-08,4.36726898470733e-05,16,20,False,0.995,0.005,0.66,fixed,100,none,371c9e91-ddfd-4fc0-aac2-c83fd387c776
271,27200,17.647030115127563,1.0,1.0,1.0,0.9960959999999999,0.0,0.0,0.0,0.0,0.0,0.0,0.0,0.0,0.0,0.0,0.0,0.0,0.0,0.0,0.002,0.998,0.051745274115364996,1879,0.00020046324729937435,6.790313130021292e-08,4.3894306428780086e-05,16,20,False,0.995,0.005,0.66,fixed,100,none,371c9e91-ddfd-4fc0-aac2-c83fd387c776
272,27400,17.668059587478638,1.0,1.0,1.0,0.9960959999999999,0.0,0.0,0.0,0.0,0.0,0.0,0.0,0.0,0.0,0.0,0.0,0.0,0.0,0.0,0.002,0.998,0.051745274115364996,1879,0.0002004435243784615,6.788889702455782e-08,4.3889986376879886e-05,16,20,False,0.995,0.005,0.66,fixed,100,none,371c9e91-ddfd-4fc0-aac2-c83fd387c776
273,27500,17.68777847290039,1.0,1.0,1.0,0.9960959999999999,0.0,0.0,0.0,0.0,0.0,0.0,0.0,0.0,0.0,0.0,0.0,0.0,0.0,0.0,0.002,0.998,0.051745274115364996,1879,0.00020062351201011988,6.778666423869294e-08,4.39293662452206e-05,16,20,False,0.995,0.005,0.66,fixed,100,none,371c9e91-ddfd-4fc0-aac2-c83fd387c776
274,27600,17.707468509674072,1.0,1.0,1.0,0.9960959999999999,0.0,0.0,0.0,0.0,0.0,0.0,0.0,0.0,0.0,0.0,0.0,0.0,0.0,0.0,0.002,0.998,0.051745274115364996,1879,0.00020022466367601872,6.787443503546362e-08,4.384207502133724e-05,16,20,False,0.995,0.005,0.66,fixed,100,none,371c9e91-ddfd-4fc0-aac2-c83fd387c776
275,27700,17.727307558059692,1.0,1.0,1.0,0.9960959999999999,0.0,0.0,0.0,0.0,0.0,0.0,0.0,0.0,0.0,0.0,0.0,0.0,0.0,0.0,0.002,0.998,0.051745274115364996,1879,0.00020005212381845816,6.837619940489405e-08,4.380440138174743e-05,16,20,False,0.995,0.005,0.66,fixed,100,none,371c9e91-ddfd-4fc0-aac2-c83fd387c776
276,27800,17.747108459472656,1.0,1.0,1.0,0.9960959999999999,0.0,0.0,0.0,0.0,0.0,0.0,0.0,0.0,0.0,0.0,0.0,0.0,0.0,0.0,0.002,0.998,0.0513612395130943,1880,0.0002001616141270584,6.844400076352871e-08,4.3828381692558156e-05,16,20,False,0.995,0.005,0.66,fixed,100,none,371c9e91-ddfd-4fc0-aac2-c83fd387c776
277,27900,17.76678204536438,1.0,1.0,1.0,0.9960959999999999,0.0,0.0,0.0,0.0,0.0,0.0,0.0,0.0,0.0,0.0,0.0,0.0,0.0,0.0,0.002,0.998,0.0513612395130943,1880,0.0002007680797129115,6.891091442215346e-08,4.396122572289654e-05,16,20,False,0.995,0.005,0.66,fixed,100,none,371c9e91-ddfd-4fc0-aac2-c83fd387c776
278,28000,17.786483764648438,1.0,1.0,1.0,0.9960959999999999,0.0,0.0,0.0,0.0,0.0,0.0,0.0,0.0,0.0,0.0,0.0,0.0,0.0,0.0,0.002,0.998,0.052128304705603576,1878,0.00020163089896047765,6.896137436667038e-08,4.4150106443578224e-05,16,20,False,0.995,0.005,0.66,fixed,100,none,371c9e91-ddfd-4fc0-aac2-c83fd387c776
279,28100,17.8061420917511,1.0,1.0,1.0,0.9960959999999999,0.0,0.0,0.0,0.0,0.0,0.0,0.0,0.0,0.0,0.0,0.0,0.0,0.0,0.0,0.002,0.998,0.051745274115364996,1879,0.00020166163930411725,6.914777958868154e-08,4.4156870921793114e-05,16,20,False,0.995,0.005,0.66,fixed,100,none,371c9e91-ddfd-4fc0-aac2-c83fd387c776
280,28200,17.825907707214355,1.0,1.0,1.0,0.9960959999999999,0.0,0.0,0.0,0.0,0.0,0.0,0.0,0.0,0.0,0.0,0.0,0.0,0.0,0.0,0.002,0.998,0.051745274115364996,1879,0.0002017560065882024,6.896429413251723e-08,4.417749305804269e-05,16,20,False,0.995,0.005,0.66,fixed,100,none,371c9e91-ddfd-4fc0-aac2-c83fd387c776
281,28300,17.845622301101685,1.0,1.0,1.0,0.9960959999999999,0.0,0.0,0.0,0.0,0.0,0.0,0.0,0.0,0.0,0.0,0.0,0.0,0.0,0.0,0.002,0.998,0.051745274115364996,1879,0.00020283665279711462,6.95934101507477e-08,4.441416604521704e-05,16,20,False,0.995,0.005,0.66,fixed,100,none,371c9e91-ddfd-4fc0-aac2-c83fd387c776
282,28400,17.86576199531555,1.0,1.0,1.0,0.9960959999999999,0.0,0.0,0.0,0.0,0.0,0.0,0.0,0.0,0.0,0.0,0.0,0.0,0.0,0.0,0.002,0.998,0.051745274115364996,1879,0.00020398012679026734,7.04123565472165e-08,4.4664628102133494e-05,16,20,False,0.995,0.005,0.66,fixed,100,none,371c9e91-ddfd-4fc0-aac2-c83fd387c776
283,28500,17.885438442230225,1.0,1.0,1.0,0.9960959999999999,0.0,0.0,0.0,0.0,0.0,0.0,0.0,0.0,0.0,0.0,0.0,0.0,0.0,0.0,0.002,0.998,0.051745274115364996,1879,0.00020535780554107038,7.117039778879384e-08,4.496634600852018e-05,16,20,False,0.995,0.005,0.66,fixed,100,none,371c9e91-ddfd-4fc0-aac2-c83fd387c776
284,28600,17.90516757965088,1.0,1.0,1.0,0.9960959999999999,0.0,0.0,0.0,0.0,0.0,0.0,0.0,0.0,0.0,0.0,0.0,0.0,0.0,0.0,0.002,0.998,0.051745274115364996,1879,0.00020674112252994212,7.154276778672905e-08,4.526922484768381e-05,16,20,False,0.995,0.005,0.66,fixed,100,none,371c9e91-ddfd-4fc0-aac2-c83fd387c776
285,28700,17.925034761428833,1.0,1.0,1.0,0.9960959999999999,0.0,0.0,0.0,0.0,0.0,0.0,0.0,0.0,0.0,0.0,0.0,0.0,0.0,0.0,0.002,0.998,0.051745274115364996,1879,0.00020692359662380998,7.161968606397594e-08,4.530918304130416e-05,16,20,False,0.995,0.005,0.66,fixed,100,none,371c9e91-ddfd-4fc0-aac2-c83fd387c776
286,28800,17.944796800613403,1.0,1.0,1.0,0.9960959999999999,0.0,0.0,0.0,0.0,0.0,0.0,0.0,0.0,0.0,0.0,0.0,0.0,0.0,0.0,0.002,0.998,0.052128304705603576,1878,0.00020680597883696646,7.179175374846768e-08,4.528346920062417e-05,16,20,False,0.995,0.005,0.66,fixed,100,none,371c9e91-ddfd-4fc0-aac2-c83fd387c776
287,28900,17.964460849761963,1.0,1.0,1.0,0.9960959999999999,0.0,0.0,0.0,0.0,0.0,0.0,0.0,0.0,0.0,0.0,0.0,0.0,0.0,0.0,0.002,0.998,0.052128304705603576,1878,0.00020663528394942454,7.189140144174256e-08,4.5246123022802964e-05,16,20,False,0.995,0.005,0.66,fixed,100,none,371c9e91-ddfd-4fc0-aac2-c83fd387c776
288,29000,17.984304428100586,1.0,1.0,1.0,0.9960959999999999,0.0,0.0,0.0,0.0,0.0,0.0,0.0,0.0,0.0,0.0,0.0,0.0,0.0,0.0,0.002,0.998,0.052128304705603576,1878,0.00020683790426076818,7.204781857958656e-08,4.5290506328212276e-05,16,20,False,0.995,0.005,0.66,fixed,100,none,371c9e91-ddfd-4fc0-aac2-c83fd387c776
289,29100,18.004103660583496,1.0,1.0,1.0,0.9960959999999999,0.0,0.0,0.0,0.0,0.0,0.0,0.0,0.0,0.0,0.0,0.0,0.0,0.0,0.0,0.002,0.998,0.052128304705603576,1878,0.00020770395676767594,7.217973807128554e-08,4.548011028667781e-05,16,20,False,0.995,0.005,0.66,fixed,100,none,371c9e91-ddfd-4fc0-aac2-c83fd387c776
290,29200,18.023805141448975,1.0,1.0,1.0,0.9960959999999999,0.0,0.0,0.0,0.0,0.0,0.0,0.0,0.0,0.0,0.0,0.0,0.0,0.0,0.0,0.002,0.998,0.052128304705603576,1878,0.00020822541162600686,7.238745359466984e-08,4.559429622111589e-05,16,20,False,0.995,0.005,0.66,fixed,100,none,371c9e91-ddfd-4fc0-aac2-c83fd387c776
291,29300,18.04354453086853,1.0,1.0,1.0,0.9960959999999999,0.0,0.0,0.0,0.0,0.0,0.0,0.0,0.0,0.0,0.0,0.0,0.0,0.0,0.0,0.002,0.998,0.052128304705603576,1878,0.00020766496423892558,7.243931626607774e-08,4.547162414199137e-05,16,20,False,0.995,0.005,0.66,fixed,100,none,371c9e91-ddfd-4fc0-aac2-c83fd387c776
292,29500,18.063149213790894,1.0,1.0,1.0,0.9960959999999999,0.0,0.0,0.0,0.0,0.0,0.0,0.0,0.0,0.0,0.0,0.0,0.0,0.0,0.0,0.002,0.998,0.051745274115364996,1879,0.00021123511318907586,7.421951305880049e-08,4.625346798456988e-05,16,20,False,0.995,0.005,0.66,fixed,100,none,371c9e91-ddfd-4fc0-aac2-c83fd387c776
293,29600,18.08273148536682,1.0,1.0,1.0,0.9960959999999999,0.0,0.0,0.0,0.0,0.0,0.0,0.0,0.0,0.0,0.0,0.0,0.0,0.0,0.0,0.002,0.998,0.051745274115364996,1879,0.000210976338500354,7.45817493523935e-08,4.6196891030104446e-05,16,20,False,0.995,0.005,0.66,fixed,100,none,371c9e91-ddfd-4fc0-aac2-c83fd387c776
294,29700,18.10238289833069,1.0,1.0,1.0,0.9960959999999999,0.0,0.0,0.0,0.0,0.0,0.0,0.0,0.0,0.0,0.0,0.0,0.0,0.0,0.0,0.002,0.998,0.051745274115364996,1879,0.00021180847766650156,7.478940699535833e-08,4.637908574852631e-05,16,20,False,0.995,0.005,0.66,fixed,100,none,371c9e91-ddfd-4fc0-aac2-c83fd387c776
295,29800,18.121984481811523,1.0,1.0,1.0,0.9960959999999999,0.0,0.0,0.0,0.0,0.0,0.0,0.0,0.0,0.0,0.0,0.0,0.0,0.0,0.0,0.002,0.998,0.051745274115364996,1879,0.00021125472280134145,7.464633835120486e-08,4.625784162550037e-05,16,20,False,0.995,0.005,0.66,fixed,100,none,371c9e91-ddfd-4fc0-aac2-c83fd387c776
296,29900,18.141610860824585,1.0,1.0,1.0,0.9960959999999999,0.0,0.0,0.0,0.0,0.0,0.0,0.0,0.0,0.0,0.0,0.0,0.0,0.0,0.0,0.002,0.998,0.051745274115364996,1879,0.00021110511229613927,7.476829431574537e-08,4.6225115057544884e-05,16,20,False,0.995,0.005,0.66,fixed,100,none,371c9e91-ddfd-4fc0-aac2-c83fd387c776
297,30000,18.161329746246338,1.0,1.0,1.0,0.9960959999999999,0.0,0.0,0.0,0.0,0.0,0.0,0.0,0.0,0.0,0.0,0.0,0.0,0.0,0.0,0.002,0.998,0.051745274115364996,1879,0.00021034659920436617,7.445900854452239e-08,4.605901777745921e-05,16,20,False,0.995,0.005,0.66,fixed,100,none,371c9e91-ddfd-4fc0-aac2-c83fd387c776
298,30200,18.181054830551147,1.0,1.0,1.0,0.9960959999999999,0.0,0.0,0.0,0.0,0.0,0.0,0.0,0.0,0.0,0.0,0.0,0.0,0.0,0.0,0.002,0.998,0.052128304705603576,1878,0.00021184728715759472,7.501615325772092e-08,4.6387624227916456e-05,16,20,False,0.995,0.005,0.66,fixed,100,none,371c9e91-ddfd-4fc0-aac2-c83fd387c776
299,30300,18.20069718360901,1.0,1.0,1.0,0.9960959999999999,0.0,0.0,0.0,0.0,0.0,0.0,0.0,0.0,0.0,0.0,0.0,0.0,0.0,0.0,0.002,0.998,0.052128304705603576,1878,0.00021128665194334952,7.491704798055244e-08,4.626488234951552e-05,16,20,False,0.995,0.005,0.66,fixed,100,none,371c9e91-ddfd-4fc0-aac2-c83fd387c776
300,30400,18.220375776290894,1.0,1.0,1.0,0.9960959999999999,0.0,0.0,0.0,0.0,0.0,0.0,0.0,0.0,0.0,0.0,0.0,0.0,0.0,0.0,0.002,0.998,0.052128304705603576,1878,0.00021236639728252648,7.58695973529187e-08,4.6501419588642105e-05,16,20,False,0.995,0.005,0.66,fixed,100,none,371c9e91-ddfd-4fc0-aac2-c83fd387c776
301,30500,18.24009943008423,1.0,1.0,1.0,0.9960959999999999,0.0,0.0,0.0,0.0,0.0,0.0,0.0,0.0,0.0,0.0,0.0,0.0,0.0,0.0,0.002,0.998,0.052128304705603576,1878,0.00021337132783096362,7.674391566792551e-08,4.6721565006174844e-05,16,20,False,0.995,0.005,0.66,fixed,100,none,371c9e91-ddfd-4fc0-aac2-c83fd387c776
302,30600,18.25978660583496,1.0,1.0,1.0,0.9960959999999999,0.0,0.0,0.0,0.0,0.0,0.0,0.0,0.0,0.0,0.0,0.0,0.0,0.0,0.0,0.002,0.998,0.052128304705603576,1878,0.0002138820747914227,7.716576158128025e-08,4.683344766654288e-05,16,20,False,0.995,0.005,0.66,fixed,100,none,371c9e91-ddfd-4fc0-aac2-c83fd387c776
303,30700,18.279699563980103,1.0,1.0,1.0,0.9960959999999999,0.0,0.0,0.0,0.0,0.0,0.0,0.0,0.0,0.0,0.0,0.0,0.0,0.0,0.0,0.002,0.998,0.05251033128381009,1877,0.00021471048146210904,7.737234219801069e-08,4.701482513707329e-05,16,20,False,0.995,0.005,0.66,fixed,100,none,371c9e91-ddfd-4fc0-aac2-c83fd387c776
304,30800,18.29998517036438,1.0,1.0,1.0,0.9960959999999999,0.0,0.0,0.0,0.0,0.0,0.0,0.0,0.0,0.0,0.0,0.0,0.0,0.0,0.0,0.002,0.998,0.052128304705603576,1878,0.00021621665044743602,7.792068616570783e-08,4.734462971331523e-05,16,20,False,0.995,0.005,0.66,fixed,100,none,371c9e91-ddfd-4fc0-aac2-c83fd387c776
305,30900,18.320129871368408,1.0,1.0,1.0,0.9960959999999999,0.0,0.0,0.0,0.0,0.0,0.0,0.0,0.0,0.0,0.0,0.0,0.0,0.0,0.0,0.002,0.998,0.051745274115364996,1879,0.00021668272355582376,7.8613901487902e-08,4.744678482765252e-05,16,20,False,0.995,0.005,0.66,fixed,100,none,371c9e91-ddfd-4fc0-aac2-c83fd387c776
306,31000,18.340020418167114,1.0,1.0,1.0,0.9960959999999999,0.0,0.0,0.0,0.0,0.0,0.0,0.0,0.0,0.0,0.0,0.0,0.0,0.0,0.0,0.002,0.998,0.051745274115364996,1879,0.00021915662492120547,8.013455508505113e-08,4.798861076071804e-05,16,20,False,0.995,0.005,0.66,fixed,100,none,371c9e91-ddfd-4fc0-aac2-c83fd387c776
307,31100,18.360212802886963,1.0,1.0,1.0,0.9960959999999999,0.0,0.0,0.0,0.0,0.0,0.0,0.0,0.0,0.0,0.0,0.0,0.0,0.0,0.0,0.002,0.998,0.051745274115364996,1879,0.00021738936945977266,7.894314560135934e-08,4.760153217240849e-05,16,20,False,0.995,0.005,0.66,fixed,100,none,371c9e91-ddfd-4fc0-aac2-c83fd387c776
308,31200,18.380297422409058,1.0,1.0,1.0,0.9960959999999999,0.0,0.0,0.0,0.0,0.0,0.0,0.0,0.0,0.0,0.0,0.0,0.0,0.0,0.0,0.002,0.998,0.051745274115364996,1879,0.00021751489670729376,7.909367177131909e-08,4.762903868686316e-05,16,20,False,0.995,0.005,0.66,fixed,100,none,371c9e91-ddfd-4fc0-aac2-c83fd387c776
309,31300,18.40043306350708,1.0,1.0,1.0,0.9960959999999999,0.0,0.0,0.0,0.0,0.0,0.0,0.0,0.0,0.0,0.0,0.0,0.0,0.0,0.0,0.002,0.998,0.051745274115364996,1879,0.0002185319565805804,7.941692531931023e-08,4.7851734511299723e-05,16,20,False,0.995,0.005,0.66,fixed,100,none,371c9e91-ddfd-4fc0-aac2-c83fd387c776
310,31400,18.420302152633667,1.0,1.0,1.0,0.9960959999999999,0.0,0.0,0.0,0.0,0.0,0.0,0.0,0.0,0.0,0.0,0.0,0.0,0.0,0.0,0.002,0.998,0.051745274115364996,1879,0.0002181730450815497,7.915830577598681e-08,4.777311964644867e-05,16,20,False,0.995,0.005,0.66,fixed,100,none,371c9e91-ddfd-4fc0-aac2-c83fd387c776
311,31500,18.44046115875244,1.0,1.0,1.0,0.9960959999999999,0.0,0.0,0.0,0.0,0.0,0.0,0.0,0.0,0.0,0.0,0.0,0.0,0.0,0.0,0.002,0.998,0.051745274115364996,1879,0.0002180764949405704,7.926551882402776e-08,4.7752005191067424e-05,16,20,False,0.995,0.005,0.66,fixed,100,none,371c9e91-ddfd-4fc0-aac2-c83fd387c776
312,31600,18.460882663726807,1.0,1.0,1.0,0.9960959999999999,0.0,0.0,0.0,0.0,0.0,0.0,0.0,0.0,0.0,0.0,0.0,0.0,0.0,0.0,0.002,0.998,0.051745274115364996,1879,0.0002180764949405704,7.926551882402776e-08,4.7752005191067424e-05,16,20,False,0.995,0.005,0.66,fixed,100,none,371c9e91-ddfd-4fc0-aac2-c83fd387c776
313,31700,18.48100256919861,1.0,1.0,1.0,0.9960959999999999,0.0,0.0,0.0,0.0,0.0,0.0,0.0,0.0,0.0,0.0,0.0,0.0,0.0,0.0,0.002,0.998,0.051745274115364996,1879,0.00022006213515587156,8.053366999494588e-08,4.8186902782919326e-05,16,20,False,0.995,0.005,0.66,fixed,100,none,371c9e91-ddfd-4fc0-aac2-c83fd387c776
314,31800,18.50080680847168,1.0,1.0,1.0,0.9960959999999999,0.0,0.0,0.0,0.0,0.0,0.0,0.0,0.0,0.0,0.0,0.0,0.0,0.0,0.0,0.002,0.998,0.051745274115364996,1879,0.00022055112390294163,8.095192880517192e-08,4.829402188882691e-05,16,20,False,0.995,0.005,0.66,fixed,100,none,371c9e91-ddfd-4fc0-aac2-c83fd387c776
315,32000,18.52052903175354,1.0,1.0,1.0,0.9960959999999999,0.0,0.0,0.0,0.0,0.0,0.0,0.0,0.0,0.0,0.0,0.0,0.0,0.0,0.0,0.002,0.998,0.052128304705603576,1878,0.0002216127482371223,8.10500533851234e-08,4.852643009924925e-05,16,20,False,0.995,0.005,0.66,fixed,100,none,371c9e91-ddfd-4fc0-aac2-c83fd387c776
316,32100,18.54036545753479,1.0,1.0,1.0,0.9960959999999999,0.0,0.0,0.0,0.0,0.0,0.0,0.0,0.0,0.0,0.0,0.0,0.0,0.0,0.0,0.002,0.998,0.052128304705603576,1878,0.0002224606194511466,8.151181850734546e-08,4.871211684337239e-05,16,20,False,0.995,0.005,0.66,fixed,100,none,371c9e91-ddfd-4fc0-aac2-c83fd387c776
317,32200,18.560341596603394,1.0,1.0,1.0,0.9960959999999999,0.0,0.0,0.0,0.0,0.0,0.0,0.0,0.0,0.0,0.0,0.0,0.0,0.0,0.0,0.002,0.998,0.052128304705603576,1878,0.00022234645224657095,8.14266416571068e-08,4.8687109458689234e-05,16,20,False,0.995,0.005,0.66,fixed,100,none,371c9e91-ddfd-4fc0-aac2-c83fd387c776
318,32300,18.580087184906006,1.0,1.0,1.0,0.9960959999999999,0.0,0.0,0.0,0.0,0.0,0.0,0.0,0.0,0.0,0.0,0.0,0.0,0.0,0.0,0.002,0.998,0.052128304705603576,1878,0.0002226683751964446,8.18552833684696e-08,4.8757659834341734e-05,16,20,False,0.995,0.005,0.66,fixed,100,none,371c9e91-ddfd-4fc0-aac2-c83fd387c776
319,32400,18.59972596168518,1.0,1.0,1.0,0.9960959999999999,0.0,0.0,0.0,0.0,0.0,0.0,0.0,0.0,0.0,0.0,0.0,0.0,0.0,0.0,0.002,0.998,0.052128304705603576,1878,0.00022110469411668434,8.126774083292792e-08,4.8415258412900456e-05,16,20,False,0.995,0.005,0.66,fixed,100,none,371c9e91-ddfd-4fc0-aac2-c83fd387c776
320,32500,18.619470834732056,1.0,1.0,1.0,0.9960959999999999,0.0,0.0,0.0,0.0,0.0,0.0,0.0,0.0,0.0,0.0,0.0,0.0,0.0,0.0,0.002,0.998,0.052510331283810094,1877,0.00022002108034544843,8.11717761108832e-08,4.817803712507973e-05,16,20,False,0.995,0.005,0.66,fixed,100,none,371c9e91-ddfd-4fc0-aac2-c83fd387c776
321,32600,18.639217615127563,1.0,1.0,1.0,0.9960959999999999,0.0,0.0,0.0,0.0,0.0,0.0,0.0,0.0,0.0,0.0,0.0,0.0,0.0,0.0,0.002,0.998,0.052128304705603576,1878,0.00022018036988991036,8.133017015667072e-08,4.821293570123115e-05,16,20,False,0.995,0.005,0.66,fixed,100,none,371c9e91-ddfd-4fc0-aac2-c83fd387c776
322,32800,18.6588876247406,1.0,1.0,1.0,0.9960959999999999,0.0,0.0,0.0,0.0,0.0,0.0,0.0,0.0,0.0,0.0,0.0,0.0,0.0,0.0,0.002,0.998,0.052510331283810094,1877,0.000219828887030445,8.139093996856093e-08,4.813600764955844e-05,16,20,False,0.995,0.005,0.66,fixed,100,none,371c9e91-ddfd-4fc0-aac2-c83fd387c776
323,32900,18.678614854812622,1.0,1.0,1.0,0.9960959999999999,0.0,0.0,0.0,0.0,0.0,0.0,0.0,0.0,0.0,0.0,0.0,0.0,0.0,0.0,0.002,0.998,0.052510331283810094,1877,0.00022004999255170667,8.123580759787879e-08,4.8184378173012184e-05,16,20,False,0.995,0.005,0.66,fixed,100,none,371c9e91-ddfd-4fc0-aac2-c83fd387c776
324,33000,18.698318481445312,1.0,1.0,1.0,0.9960959999999999,0.0,0.0,0.0,0.0,0.0,0.0,0.0,0.0,0.0,0.0,0.0,0.0,0.0,0.0,0.002,0.998,0.052128304705603576,1878,0.00021908423218118222,8.022382858610101e-08,4.7972780951892144e-05,16,20,False,0.995,0.005,0.66,fixed,100,none,371c9e91-ddfd-4fc0-aac2-c83fd387c776
325,33100,18.717979907989502,1.0,1.0,1.0,0.9960959999999999,0.0,0.0,0.0,0.0,0.0,0.0,0.0,0.0,0.0,0.0,0.0,0.0,0.0,0.0,0.002,0.998,0.052128304705603576,1878,0.00021942359080651458,8.055093367710619e-08,4.8047128704944694e-05,16,20,False,0.995,0.005,0.66,fixed,100,none,371c9e91-ddfd-4fc0-aac2-c83fd387c776
326,33200,18.737924098968506,1.0,1.0,1.0,0.9960959999999999,0.0,0.0,0.0,0.0,0.0,0.0,0.0,0.0,0.0,0.0,0.0,0.0,0.0,0.0,0.002,0.998,0.05251033128381009,1877,0.00021972693305734886,8.080501802912752e-08,4.81135785996792e-05,16,20,False,0.995,0.005,0.66,fixed,100,none,371c9e91-ddfd-4fc0-aac2-c83fd387c776
327,33300,18.75745916366577,1.0,1.0,1.0,0.9960959999999999,0.0,0.0,0.0,0.0,0.0,0.0,0.0,0.0,0.0,0.0,0.0,0.0,0.0,0.0,0.002,0.998,0.05251033128381009,1877,0.00021975492567499202,8.062020860007386e-08,4.8119671069889766e-05,16,20,False,0.995,0.005,0.66,fixed,100,none,371c9e91-ddfd-4fc0-aac2-c83fd387c776
328,33400,18.777043342590332,1.0,1.0,1.0,0.9960959999999999,0.0,0.0,0.0,0.0,0.0,0.0,0.0,0.0,0.0,0.0,0.0,0.0,0.0,0.0,0.002,0.998,0.05251033128381009,1877,0.0002194226414221241,8.053327703767402e-08,4.804691752994012e-05,16,20,False,0.995,0.005,0.66,fixed,100,none,371c9e91-ddfd-4fc0-aac2-c83fd387c776
329,33500,18.796630382537842,1.0,1.0,1.0,0.9960959999999999,0.0,0.0,0.0,0.0,0.0,0.0,0.0,0.0,0.0,0.0,0.0,0.0,0.0,0.0,0.002,0.998,0.052128304705603576,1878,0.00021869344058004665,8.04586026722081e-08,4.788728127747993e-05,16,20,False,0.995,0.005,0.66,fixed,100,none,371c9e91-ddfd-4fc0-aac2-c83fd387c776
330,33600,18.816204071044922,1.0,1.0,1.0,0.9960959999999999,0.0,0.0,0.0,0.0,0.0,0.0,0.0,0.0,0.0,0.0,0.0,0.0,0.0,0.0,0.002,0.998,0.052128304705603576,1878,0.00021869344058004665,8.04586026722081e-08,4.788728127747993e-05,16,20,False,0.995,0.005,0.66,fixed,100,none,371c9e91-ddfd-4fc0-aac2-c83fd387c776
331,33700,18.83573579788208,1.0,1.0,1.0,0.9960959999999999,0.0,0.0,0.0,0.0,0.0,0.0,0.0,0.0,0.0,0.0,0.0,0.0,0.0,0.0,0.002,0.998,0.05251033128381009,1877,0.00021972750534789858,8.08556568850912e-08,4.811371349546317e-05,16,20,False,0.995,0.005,0.66,fixed,100,none,371c9e91-ddfd-4fc0-aac2-c83fd387c776
332,33900,18.855195999145508,1.0,1.0,1.0,0.9960959999999999,0.0,0.0,0.0,0.0,0.0,0.0,0.0,0.0,0.0,0.0,0.0,0.0,0.0,0.0,0.002,0.998,0.052128304705603576,1878,0.00022532984441866316,8.41923258700523e-08,4.934069948516068e-05,16,20,False,0.995,0.005,0.66,fixed,100,none,371c9e91-ddfd-4fc0-aac2-c83fd387c776
333,34000,18.87470316886902,1.0,1.0,1.0,0.9960959999999999,0.0,0.0,0.0,0.0,0.0,0.0,0.0,0.0,0.0,0.0,0.0,0.0,0.0,0.0,0.002,0.998,0.052128304705603576,1878,0.00022521114806721876,8.436212464702693e-08,4.9314749115597125e-05,16,20,False,0.995,0.005,0.66,fixed,100,none,371c9e91-ddfd-4fc0-aac2-c83fd387c776
334,34200,18.894447088241577,1.0,1.0,1.0,0.9960959999999999,0.0,0.0,0.0,0.0,0.0,0.0,0.0,0.0,0.0,0.0,0.0,0.0,0.0,0.0,0.002,0.998,0.052128304705603576,1878,0.00022718197547328303,8.623391162725066e-08,4.9746518874310835e-05,16,20,False,0.995,0.005,0.66,fixed,100,none,371c9e91-ddfd-4fc0-aac2-c83fd387c776
335,34300,18.9142963886261,1.0,1.0,1.0,0.9960959999999999,0.0,0.0,0.0,0.0,0.0,0.0,0.0,0.0,0.0,0.0,0.0,0.0,0.0,0.0,0.002,0.998,0.052128304705603576,1878,0.00022919612355605168,8.703269829003641e-08,5.0187567659094825e-05,16,20,False,0.995,0.005,0.66,fixed,100,none,371c9e91-ddfd-4fc0-aac2-c83fd387c776
336,34400,18.934056997299194,1.0,1.0,1.0,0.9960959999999999,0.0,0.0,0.0,0.0,0.0,0.0,0.0,0.0,0.0,0.0,0.0,0.0,0.0,0.0,0.002,0.998,0.052128304705603576,1878,0.0002297785430850944,8.734067313950993e-08,5.0315117809223675e-05,16,20,False,0.995,0.005,0.66,fixed,100,none,371c9e91-ddfd-4fc0-aac2-c83fd387c776
337,34500,18.953668355941772,1.0,1.0,1.0,0.9960959999999999,0.0,0.0,0.0,0.0,0.0,0.0,0.0,0.0,0.0,0.0,0.0,0.0,0.0,0.0,0.002,0.998,0.052128304705603576,1878,0.00022902359221649272,8.72659722470928e-08,5.01498448709172e-05,16,20,False,0.995,0.005,0.66,fixed,100,none,371c9e91-ddfd-4fc0-aac2-c83fd387c776
338,34600,18.973461627960205,1.0,1.0,1.0,0.9960959999999999,0.0,0.0,0.0,0.0,0.0,0.0,0.0,0.0,0.0,0.0,0.0,0.0,0.0,0.0,0.002,0.998,0.052128304705603576,1878,0.0002286247133888377,8.682260511440066e-08,5.006244605578831e-05,16,20,False,0.995,0.005,0.66,fixed,100,none,371c9e91-ddfd-4fc0-aac2-c83fd387c776
339,34700,18.993255853652954,1.0,1.0,1.0,0.9960959999999999,0.0,0.0,0.0,0.0,0.0,0.0,0.0,0.0,0.0,0.0,0.0,0.0,0.0,0.0,0.002,0.998,0.052128304705603576,1878,0.00022936007837366185,8.68470006124326e-08,5.0223422086110946e-05,16,20,False,0.995,0.005,0.66,fixed,100,none,371c9e91-ddfd-4fc0-aac2-c83fd387c776
340,34800,19.013187408447266,1.0,1.0,1.0,0.9960959999999999,0.0,0.0,0.0,0.0,0.0,0.0,0.0,0.0,0.0,0.0,0.0,0.0,0.0,0.0,0.002,0.998,0.052128304705603576,1878,0.00022852644643213928,8.67233229421537e-08,5.00409165553543e-05,16,20,False,0.995,0.005,0.66,fixed,100,none,371c9e91-ddfd-4fc0-aac2-c83fd387c776
341,35000,19.033366680145264,1.0,1.0,1.0,0.9960959999999999,0.0,0.0,0.0,0.0,0.0,0.0,0.0,0.0,0.0,0.0,0.0,0.0,0.0,0.0,0.002,0.998,0.052128304705603576,1878,0.000230473411221083,8.792771557553385e-08,5.0467335982254425e-05,16,20,False,0.995,0.005,0.66,fixed,100,none,371c9e91-ddfd-4fc0-aac2-c83fd387c776
342,35100,19.053166151046753,1.0,1.0,1.0,0.9960959999999999,0.0,0.0,0.0,0.0,0.0,0.0,0.0,0.0,0.0,0.0,0.0,0.0,0.0,0.0,0.002,0.998,0.052128304705603576,1878,0.00022957006640120215,8.765129425008072e-08,5.0269541281130665e-05,16,20,False,0.995,0.005,0.66,fixed,100,none,371c9e91-ddfd-4fc0-aac2-c83fd387c776
343,35300,19.07281804084778,1.0,1.0,1.0,0.9960959999999999,0.0,0.0,0.0,0.0,0.0,0.0,0.0,0.0,0.0,0.0,0.0,0.0,0.0,0.0,0.002,0.998,0.052128304705603576,1878,0.00022945682703559006,8.804798811605315e-08,5.024482855583271e-05,16,20,False,0.995,0.005,0.66,fixed,100,none,371c9e91-ddfd-4fc0-aac2-c83fd387c776
344,35400,19.092576265335083,1.0,1.0,1.0,0.9960959999999999,0.0,0.0,0.0,0.0,0.0,0.0,0.0,0.0,0.0,0.0,0.0,0.0,0.0,0.0,0.002,0.998,0.052128304705603576,1878,0.00022990682711367252,8.846070677711443e-08,5.034341198947057e-05,16,20,False,0.995,0.005,0.66,fixed,100,none,371c9e91-ddfd-4fc0-aac2-c83fd387c776
345,35600,19.112561464309692,1.0,1.0,1.0,0.9960959999999999,0.0,0.0,0.0,0.0,0.0,0.0,0.0,0.0,0.0,0.0,0.0,0.0,0.0,0.0,0.002,0.998,0.052128304705603576,1878,0.00023133660121821197,8.897984350545859e-08,5.065648817693264e-05,16,20,False,0.995,0.005,0.66,fixed,100,none,371c9e91-ddfd-4fc0-aac2-c83fd387c776
346,35700,19.132477283477783,1.0,1.0,1.0,0.9960959999999999,0.0,0.0,0.0,0.0,0.0,0.0,0.0,0.0,0.0,0.0,0.0,0.0,0.0,0.0,0.002,0.998,0.052128304705603576,1878,0.00023203000175642371,8.934145994633383e-08,5.080834226187096e-05,16,20,False,0.995,0.005,0.66,fixed,100,none,371c9e91-ddfd-4fc0-aac2-c83fd387c776
347,35800,19.152165412902832,1.0,1.0,1.0,0.9960959999999999,0.0,0.0,0.0,0.0,0.0,0.0,0.0,0.0,0.0,0.0,0.0,0.0,0.0,0.0,0.002,0.998,0.052128304705603576,1878,0.00023241541722309408,8.964260820144284e-08,5.089276692569357e-05,16,20,False,0.995,0.005,0.66,fixed,100,none,371c9e91-ddfd-4fc0-aac2-c83fd387c776
348,35900,19.171968460083008,1.0,1.0,1.0,0.9960959999999999,0.0,0.0,0.0,0.0,0.0,0.0,0.0,0.0,0.0,0.0,0.0,0.0,0.0,0.0,0.002,0.998,0.052128304705603576,1878,0.00023252168025298422,8.977867582803185e-08,5.0916053755785574e-05,16,20,False,0.995,0.005,0.66,fixed,100,none,371c9e91-ddfd-4fc0-aac2-c83fd387c776
349,36000,19.191735982894897,1.0,1.0,1.0,0.9960959999999999,0.0,0.0,0.0,0.0,0.0,0.0,0.0,0.0,0.0,0.0,0.0,0.0,0.0,0.0,0.002,0.998,0.052128304705603576,1878,0.0002340431745366066,9.05281539694404e-08,5.124925125531738e-05,16,20,False,0.995,0.005,0.66,fixed,100,none,371c9e91-ddfd-4fc0-aac2-c83fd387c776
350,36100,19.21137762069702,1.0,1.0,1.0,0.9960959999999999,0.0,0.0,0.0,0.0,0.0,0.0,0.0,0.0,0.0,0.0,0.0,0.0,0.0,0.0,0.002,0.998,0.051745274115364996,1879,0.0002336135822850261,9.047487511136938e-08,5.115520338846338e-05,16,20,False,0.995,0.005,0.66,fixed,100,none,371c9e91-ddfd-4fc0-aac2-c83fd387c776
351,36200,19.231018781661987,1.0,1.0,1.0,0.9960959999999999,0.0,0.0,0.0,0.0,0.0,0.0,0.0,0.0,0.0,0.0,0.0,0.0,0.0,0.0,0.002,0.998,0.051745274115364996,1879,0.0002336135822850261,9.047487511136938e-08,5.115520338846338e-05,16,20,False,0.995,0.005,0.66,fixed,100,none,371c9e91-ddfd-4fc0-aac2-c83fd387c776
352,36300,19.250603437423706,1.0,1.0,1.0,0.9960959999999999,0.0,0.0,0.0,0.0,0.0,0.0,0.0,0.0,0.0,0.0,0.0,0.0,0.0,0.0,0.002,0.998,0.051745274115364996,1879,0.00023426773542368237,9.081901792463711e-08,5.129846289764976e-05,16,20,False,0.995,0.005,0.66,fixed,100,none,371c9e91-ddfd-4fc0-aac2-c83fd387c776
353,36400,19.2704758644104,1.0,1.0,1.0,0.9960959999999999,0.0,0.0,0.0,0.0,0.0,0.0,0.0,0.0,0.0,0.0,0.0,0.0,0.0,0.0,0.002,0.998,0.05251033128381009,1877,0.00023554394658864368,9.136493903632163e-08,5.157792924667101e-05,16,20,False,0.995,0.005,0.66,fixed,100,none,371c9e91-ddfd-4fc0-aac2-c83fd387c776
354,36500,19.294084548950195,1.0,1.0,1.0,0.9960959999999999,0.0,0.0,0.0,0.0,0.0,0.0,0.0,0.0,0.0,0.0,0.0,0.0,0.0,0.0,0.002,0.998,0.05251033128381009,1877,0.00023547680343344673,9.141820615857942e-08,5.156324173075162e-05,16,20,False,0.995,0.005,0.66,fixed,100,none,371c9e91-ddfd-4fc0-aac2-c83fd387c776
355,36600,19.313915014266968,1.0,1.0,1.0,0.9960959999999999,0.0,0.0,0.0,0.0,0.0,0.0,0.0,0.0,0.0,0.0,0.0,0.0,0.0,0.0,0.002,0.998,0.05251033128381009,1877,0.00023509635884361394,9.173374419199966e-08,5.148002236226357e-05,16,20,False,0.995,0.005,0.66,fixed,100,none,371c9e91-ddfd-4fc0-aac2-c83fd387c776
356,36800,19.333446502685547,1.0,1.0,1.0,0.9960959999999999,0.0,0.0,0.0,0.0,0.0,0.0,0.0,0.0,0.0,0.0,0.0,0.0,0.0,0.0,0.002,0.998,0.052128304705603576,1878,0.0002335374136111127,9.05524343222576e-08,5.11385448019938e-05,16,20,False,0.995,0.005,0.66,fixed,100,none,371c9e91-ddfd-4fc0-aac2-c83fd387c776
357,36900,19.353009700775146,1.0,1.0,1.0,0.9960959999999999,0.0,0.0,0.0,0.0,0.0,0.0,0.0,0.0,0.0,0.0,0.0,0.0,0.0,0.0,0.002,0.998,0.05251033128381009,1877,0.0002329198531668406,9.027202173841026e-08,5.100330754235171e-05,16,20,False,0.995,0.005,0.66,fixed,100,none,371c9e91-ddfd-4fc0-aac2-c83fd387c776
358,37100,19.372711658477783,1.0,1.0,1.0,0.9960959999999999,0.0,0.0,0.0,0.0,0.0,0.0,0.0,0.0,0.0,0.0,0.0,0.0,0.0,0.0,0.002,0.998,0.051745274115364996,1879,0.0002339616379227667,9.05967211937907e-08,5.123141591832045e-05,16,20,False,0.995,0.005,0.66,fixed,100,none,371c9e91-ddfd-4fc0-aac2-c83fd387c776
359,37200,19.392706632614136,1.0,1.0,1.0,0.9960959999999999,0.0,0.0,0.0,0.0,0.0,0.0,0.0,0.0,0.0,0.0,0.0,0.0,0.0,0.0,0.002,0.998,0.051745274115364996,1879,0.00023269644333553065,9.052546749620536e-08,5.095445128497194e-05,16,20,False,0.995,0.005,0.66,fixed,100,none,371c9e91-ddfd-4fc0-aac2-c83fd387c776
360,37400,19.41249942779541,1.0,1.0,1.0,0.9960959999999999,0.0,0.0,0.0,0.0,0.0,0.0,0.0,0.0,0.0,0.0,0.0,0.0,0.0,0.0,0.002,0.998,0.051745274115364996,1879,0.00023252708799777655,9.064073608615838e-08,5.091740130256966e-05,16,20,False,0.995,0.005,0.66,fixed,100,none,371c9e91-ddfd-4fc0-aac2-c83fd387c776
361,37500,19.432268381118774,1.0,1.0,1.0,0.9960959999999999,0.0,0.0,0.0,0.0,0.0,0.0,0.0,0.0,0.0,0.0,0.0,0.0,0.0,0.0,0.002,0.998,0.051745274115364996,1879,0.00023401194033543255,9.177168766445182e-08,5.1242650360082433e-05,16,20,False,0.995,0.005,0.66,fixed,100,none,371c9e91-ddfd-4fc0-aac2-c83fd387c776
362,37600,19.45209312438965,1.0,1.0,1.0,0.9960959999999999,0.0,0.0,0.0,0.0,0.0,0.0,0.0,0.0,0.0,0.0,0.0,0.0,0.0,0.0,0.002,0.998,0.052128304705603576,1878,0.00023421715009627934,9.129430960471951e-08,5.128748007490045e-05,16,20,False,0.995,0.005,0.66,fixed,100,none,371c9e91-ddfd-4fc0-aac2-c83fd387c776
363,37700,19.4720196723938,1.0,1.0,1.0,0.9960959999999999,0.0,0.0,0.0,0.0,0.0,0.0,0.0,0.0,0.0,0.0,0.0,0.0,0.0,0.0,0.002,0.998,0.052128304705603576,1878,0.00023498025158324415,9.201883724179887e-08,5.145466065064809e-05,16,20,False,0.995,0.005,0.66,fixed,100,none,371c9e91-ddfd-4fc0-aac2-c83fd387c776
364,37800,19.49246311187744,1.0,1.0,1.0,0.9960959999999999,0.0,0.0,0.0,0.0,0.0,0.0,0.0,0.0,0.0,0.0,0.0,0.0,0.0,0.0,0.002,0.998,0.052128304705603576,1878,0.0002327190024919681,9.075633591567845e-08,5.09594333493158e-05,16,20,False,0.995,0.005,0.66,fixed,100,none,371c9e91-ddfd-4fc0-aac2-c83fd387c776
365,37900,19.512161254882812,1.0,1.0,1.0,0.9960959999999999,0.0,0.0,0.0,0.0,0.0,0.0,0.0,0.0,0.0,0.0,0.0,0.0,0.0,0.0,0.002,0.998,0.052128304705603576,1878,0.0002308839661451242,8.998070490739258e-08,5.055759652310009e-05,16,20,False,0.995,0.005,0.66,fixed,100,none,371c9e91-ddfd-4fc0-aac2-c83fd387c776
366,38000,19.531912088394165,1.0,1.0,1.0,0.9960959999999999,0.0,0.0,0.0,0.0,0.0,0.0,0.0,0.0,0.0,0.0,0.0,0.0,0.0,0.0,0.002,0.998,0.051745274115364996,1879,0.00023050539808287563,8.929938565851148e-08,5.04745985236166e-05,16,20,False,0.995,0.005,0.66,fixed,100,none,371c9e91-ddfd-4fc0-aac2-c83fd387c776
367,38100,19.55171799659729,1.0,1.0,1.0,0.9960959999999999,0.0,0.0,0.0,0.0,0.0,0.0,0.0,0.0,0.0,0.0,0.0,0.0,0.0,0.0,0.002,0.998,0.051745274115364996,1879,0.00023050539808287563,8.929938565851148e-08,5.04745985236166e-05,16,20,False,0.995,0.005,0.66,fixed,100,none,371c9e91-ddfd-4fc0-aac2-c83fd387c776
368,38200,19.571863174438477,1.0,1.0,1.0,0.9960959999999999,0.0,0.0,0.0,0.0,0.0,0.0,0.0,0.0,0.0,0.0,0.0,0.0,0.0,0.0,0.002,0.998,0.051745274115364996,1879,0.00023033140465191914,8.966064500849843e-08,5.043658000085671e-05,16,20,False,0.995,0.005,0.66,fixed,100,none,371c9e91-ddfd-4fc0-aac2-c83fd387c776
369,38300,19.59238886833191,1.0,1.0,1.0,0.9960959999999999,0.0,0.0,0.0,0.0,0.0,0.0,0.0,0.0,0.0,0.0,0.0,0.0,0.0,0.0,0.002,0.998,0.051745274115364996,1879,0.0002312243205343194,9.001957064498106e-08,5.0632107483385066e-05,16,20,False,0.995,0.005,0.66,fixed,100,none,371c9e91-ddfd-4fc0-aac2-c83fd387c776
370,38400,19.612889766693115,1.0,1.0,1.0,0.9960959999999999,0.0,0.0,0.0,0.0,0.0,0.0,0.0,0.0,0.0,0.0,0.0,0.0,0.0,0.0,0.002,0.998,0.051745274115364996,1879,0.00023165326707870487,9.005754615556876e-08,5.0726011097298057e-05,16,20,False,0.995,0.005,0.66,fixed,100,none,371c9e91-ddfd-4fc0-aac2-c83fd387c776
371,38600,19.633283853530884,1.0,1.0,1.0,0.9960959999999999,0.0,0.0,0.0,0.0,0.0,0.0,0.0,0.0,0.0,0.0,0.0,0.0,0.0,0.0,0.002,0.998,0.051745274115364996,1879,0.00023119524845401256,8.939747089500814e-08,5.06256254060534e-05,16,20,False,0.995,0.005,0.66,fixed,100,none,371c9e91-ddfd-4fc0-aac2-c83fd387c776
372,38700,19.65340566635132,1.0,1.0,1.0,0.9960959999999999,0.0,0.0,0.0,0.0,0.0,0.0,0.0,0.0,0.0,0.0,0.0,0.0,0.0,0.0,0.002,0.998,0.052128304705603576,1878,0.0002316367089180112,9.015251955097003e-08,5.072240456086734e-05,16,20,False,0.995,0.005,0.66,fixed,100,none,371c9e91-ddfd-4fc0-aac2-c83fd387c776
373,38900,19.673131942749023,1.0,1.0,1.0,0.9960959999999999,0.0,0.0,0.0,0.0,0.0,0.0,0.0,0.0,0.0,0.0,0.0,0.0,0.0,0.0,0.002,0.998,0.052128304705603576,1878,0.0002326835677190386,9.016273270766595e-08,5.095156389291201e-05,16,20,False,0.995,0.005,0.66,fixed,100,none,371c9e91-ddfd-4fc0-aac2-c83fd387c776
374,39000,19.692855834960938,1.0,1.0,1.0,0.9960959999999999,0.0,0.0,0.0,0.0,0.0,0.0,0.0,0.0,0.0,0.0,0.0,0.0,0.0,0.0,0.002,0.998,0.052128304705603576,1878,0.0002326835677190386,9.016273270766595e-08,5.095156389291201e-05,16,20,False,0.995,0.005,0.66,fixed,100,none,371c9e91-ddfd-4fc0-aac2-c83fd387c776
375,39100,19.712464094161987,1.0,1.0,1.0,0.9960959999999999,0.0,0.0,0.0,0.0,0.0,0.0,0.0,0.0,0.0,0.0,0.0,0.0,0.0,0.0,0.002,0.998,0.052128304705603576,1878,0.00023552292880733231,9.212706173940956e-08,5.157347325765553e-05,16,20,False,0.995,0.005,0.66,fixed,100,none,371c9e91-ddfd-4fc0-aac2-c83fd387c776
376,39300,19.732377767562866,1.0,1.0,1.0,0.9960959999999999,0.0,0.0,0.0,0.0,0.0,0.0,0.0,0.0,0.0,0.0,0.0,0.0,0.0,0.0,0.002,0.998,0.052128304705603576,1878,0.00023530246608648682,9.23637998728565e-08,5.152525894830781e-05,16,20,False,0.995,0.005,0.66,fixed,100,none,371c9e91-ddfd-4fc0-aac2-c83fd387c776
377,39400,19.752473831176758,1.0,1.0,1.0,0.9960959999999999,0.0,0.0,0.0,0.0,0.0,0.0,0.0,0.0,0.0,0.0,0.0,0.0,0.0,0.0,0.002,0.998,0.052128304705603576,1878,0.00023628665033959456,9.332005492416839e-08,5.1740878569772844e-05,16,20,False,0.995,0.005,0.66,fixed,100,none,371c9e91-ddfd-4fc0-aac2-c83fd387c776
378,39600,19.7722430229187,1.0,1.0,1.0,0.9960959999999999,0.0,0.0,0.0,0.0,0.0,0.0,0.0,0.0,0.0,0.0,0.0,0.0,0.0,0.0,0.002,0.998,0.051745274115364996,1879,0.00023964041997078165,9.494501428436e-08,5.2475327484318134e-05,16,20,False,0.995,0.005,0.66,fixed,100,none,371c9e91-ddfd-4fc0-aac2-c83fd387c776
379,39700,19.791895627975464,1.0,1.0,1.0,0.9960959999999999,0.0,0.0,0.0,0.0,0.0,0.0,0.0,0.0,0.0,0.0,0.0,0.0,0.0,0.0,0.002,0.998,0.051745274115364996,1879,0.00024147297783477976,9.598743934358378e-08,5.2876672461508576e-05,16,20,False,0.995,0.005,0.66,fixed,100,none,371c9e91-ddfd-4fc0-aac2-c83fd387c776
380,39900,19.8116672039032,1.0,1.0,1.0,0.9960959999999999,0.0,0.0,0.0,0.0,0.0,0.0,0.0,0.0,0.0,0.0,0.0,0.0,0.0,0.0,0.002,0.998,0.051745274115364996,1879,0.000240420937329573,9.592600515247003e-08,5.26463691224225e-05,16,20,False,0.995,0.005,0.66,fixed,100,none,371c9e91-ddfd-4fc0-aac2-c83fd387c776
381,40000,19.831495761871338,1.0,1.0,1.0,0.9960959999999999,0.0,0.0,0.0,0.0,0.0,0.0,0.0,0.0,0.0,0.0,0.0,0.0,0.0,0.0,0.002,0.998,0.051745274115364996,1879,0.000241014694602707,9.611568551085728e-08,5.277637862877963e-05,16,20,False,0.995,0.005,0.66,fixed,100,none,371c9e91-ddfd-4fc0-aac2-c83fd387c776
382,40100,19.851553916931152,1.0,1.0,1.0,0.9960959999999999,0.0,0.0,0.0,0.0,0.0,0.0,0.0,0.0,0.0,0.0,0.0,0.0,0.0,0.0,0.002,0.998,0.051745274115364996,1879,0.00024084062914632792,9.614094315043009e-08,5.2738280499329766e-05,16,20,False,0.995,0.005,0.66,fixed,100,none,371c9e91-ddfd-4fc0-aac2-c83fd387c776
383,40300,19.87528944015503,1.0,1.0,1.0,0.9960959999999999,0.0,0.0,0.0,0.0,0.0,0.0,0.0,0.0,0.0,0.0,0.0,0.0,0.0,0.0,0.002,0.998,0.051745274115364996,1879,0.00024148110015637586,9.664406364180809e-08,5.287857519632262e-05,16,20,False,0.995,0.005,0.66,fixed,100,none,371c9e91-ddfd-4fc0-aac2-c83fd387c776
384,40400,19.89517903327942,1.0,1.0,1.0,0.9960959999999999,0.0,0.0,0.0,0.0,0.0,0.0,0.0,0.0,0.0,0.0,0.0,0.0,0.0,0.0,0.002,0.998,0.051745274115364996,1879,0.00024128142178132418,9.649548451747527e-08,5.2834837369990184e-05,16,20,False,0.995,0.005,0.66,fixed,100,none,371c9e91-ddfd-4fc0-aac2-c83fd387c776
385,40500,19.91516399383545,1.0,1.0,1.0,0.9960959999999999,0.0,0.0,0.0,0.0,0.0,0.0,0.0,0.0,0.0,0.0,0.0,0.0,0.0,0.0,0.002,0.998,0.051745274115364996,1879,0.00024196769370664578,9.777408998128041e-08,5.2985305229481205e-05,16,20,False,0.995,0.005,0.66,fixed,100,none,371c9e91-ddfd-4fc0-aac2-c83fd387c776
386,40600,19.935282945632935,1.0,1.0,1.0,0.9960959999999999,0.0,0.0,0.0,0.0,0.0,0.0,0.0,0.0,0.0,0.0,0.0,0.0,0.0,0.0,0.002,0.998,0.051745274115364996,1879,0.00024289194393055648,9.783326020782402e-08,5.3187634845838304e-05,16,20,False,0.995,0.005,0.66,fixed,100,none,371c9e91-ddfd-4fc0-aac2-c83fd387c776
387,40700,19.955080032348633,1.0,1.0,1.0,0.9960959999999999,0.0,0.0,0.0,0.0,0.0,0.0,0.0,0.0,0.0,0.0,0.0,0.0,0.0,0.0,0.002,0.998,0.051745274115364996,1879,0.00024346590428472924,9.771937814750631e-08,5.331325312977526e-05,16,20,False,0.995,0.005,0.66,fixed,100,none,371c9e91-ddfd-4fc0-aac2-c83fd387c776
388,40800,19.974757432937622,1.0,1.0,1.0,0.9960959999999999,0.0,0.0,0.0,0.0,0.0,0.0,0.0,0.0,0.0,0.0,0.0,0.0,0.0,0.0,0.002,0.998,0.051745274115364996,1879,0.00024441796232387936,9.804687118424331e-08,5.35217208582222e-05,16,20,False,0.995,0.005,0.66,fixed,100,none,371c9e91-ddfd-4fc0-aac2-c83fd387c776
389,40900,19.994409322738647,1.0,1.0,1.0,0.9960959999999999,0.0,0.0,0.0,0.0,0.0,0.0,0.0,0.0,0.0,0.0,0.0,0.0,0.0,0.0,0.002,0.998,0.051745274115364996,1879,0.00024378156390424843,9.764604945704816e-08,5.3382337088036823e-05,16,20,False,0.995,0.005,0.66,fixed,100,none,371c9e91-ddfd-4fc0-aac2-c83fd387c776
390,41000,20.013949394226074,1.0,1.0,1.0,0.9960959999999999,0.0,0.0,0.0,0.0,0.0,0.0,0.0,0.0,0.0,0.0,0.0,0.0,0.0,0.0,0.002,0.998,0.051745274115364996,1879,0.00024561112975495723,9.835358999951902e-08,5.378296348546005e-05,16,20,False,0.995,0.005,0.66,fixed,100,none,371c9e91-ddfd-4fc0-aac2-c83fd387c776
391,41100,20.03345775604248,1.0,1.0,1.0,0.9960959999999999,0.0,0.0,0.0,0.0,0.0,0.0,0.0,0.0,0.0,0.0,0.0,0.0,0.0,0.0,0.002,0.998,0.051745274115364996,1879,0.00024563502817567703,9.873391231949636e-08,5.378826711099641e-05,16,20,False,0.995,0.005,0.66,fixed,100,none,371c9e91-ddfd-4fc0-aac2-c83fd387c776
392,41200,20.053107023239136,1.0,1.0,1.0,0.9960959999999999,0.0,0.0,0.0,0.0,0.0,0.0,0.0,0.0,0.0,0.0,0.0,0.0,0.0,0.0,0.002,0.998,0.051745274115364996,1879,0.0002459635681421402,9.930499731600233e-08,5.3860293015804534e-05,16,20,False,0.995,0.005,0.66,fixed,100,none,371c9e91-ddfd-4fc0-aac2-c83fd387c776
393,41300,20.072812795639038,1.0,1.0,1.0,0.9960959999999999,0.0,0.0,0.0,0.0,0.0,0.0,0.0,0.0,0.0,0.0,0.0,0.0,0.0,0.0,0.002,0.998,0.051745274115364996,1879,0.0002445669053786226,9.928403444468951e-08,5.355455955392498e-05,16,20,False,0.995,0.005,0.66,fixed,100,none,371c9e91-ddfd-4fc0-aac2-c83fd387c776
394,41400,20.09248948097229,1.0,1.0,1.0,0.9960959999999999,0.0,0.0,0.0,0.0,0.0,0.0,0.0,0.0,0.0,0.0,0.0,0.0,0.0,0.0,0.002,0.998,0.051745274115364996,1879,0.0002453626656339974,9.988860433376087e-08,5.3728866342105454e-05,16,20,False,0.995,0.005,0.66,fixed,100,none,371c9e91-ddfd-4fc0-aac2-c83fd387c776
395,41500,20.112229585647583,1.0,1.0,1.0,0.9960959999999999,0.0,0.0,0.0,0.0,0.0,0.0,0.0,0.0,0.0,0.0,0.0,0.0,0.0,0.0,0.002,0.998,0.051745274115364996,1879,0.00024473844972139986,9.978423590818885e-08,5.359220564883699e-05,16,20,False,0.995,0.005,0.66,fixed,100,none,371c9e91-ddfd-4fc0-aac2-c83fd387c776
396,41600,20.131856203079224,1.0,1.0,1.0,0.9960959999999999,0.0,0.0,0.0,0.0,0.0,0.0,0.0,0.0,0.0,0.0,0.0,0.0,0.0,0.0,0.002,0.998,0.051745274115364996,1879,0.00024603059294910534,1.0083062907490174e-07,5.387525461608339e-05,16,20,False,0.995,0.005,0.66,fixed,100,none,371c9e91-ddfd-4fc0-aac2-c83fd387c776
397,41700,20.151451110839844,1.0,1.0,1.0,0.9960959999999999,0.0,0.0,0.0,0.0,0.0,0.0,0.0,0.0,0.0,0.0,0.0,0.0,0.0,0.0,0.002,0.998,0.051745274115364996,1879,0.00024567406426273796,1.011585880601784e-07,5.379727279884478e-05,16,20,False,0.995,0.005,0.66,fixed,100,none,371c9e91-ddfd-4fc0-aac2-c83fd387c776
398,41800,20.171270608901978,1.0,1.0,1.0,0.9960959999999999,0.0,0.0,0.0,0.0,0.0,0.0,0.0,0.0,0.0,0.0,0.0,0.0,0.0,0.0,0.002,0.998,0.051745274115364996,1879,0.0002460755676746655,1.0153762275592072e-07,5.3885233912307916e-05,16,20,False,0.995,0.005,0.66,fixed,100,none,371c9e91-ddfd-4fc0-aac2-c83fd387c776
399,41900,20.191221714019775,1.0,1.0,1.0,0.9960959999999999,0.0,0.0,0.0,0.0,0.0,0.0,0.0,0.0,0.0,0.0,0.0,0.0,0.0,0.0,0.002,0.998,0.051745274115364996,1879,0.00024630612588081793,1.0178645656382889e-07,5.393575038205818e-05,16,20,False,0.995,0.005,0.66,fixed,100,none,371c9e91-ddfd-4fc0-aac2-c83fd387c776
400,42000,20.21082377433777,1.0,1.0,1.0,0.9960959999999999,0.0,0.0,0.0,0.0,0.0,0.0,0.0,0.0,0.0,0.0,0.0,0.0,0.0,0.0,0.002,0.998,0.051745274115364996,1879,0.00024574301401109874,1.0166752720898813e-07,5.381246259719922e-05,16,20,False,0.995,0.005,0.66,fixed,100,none,371c9e91-ddfd-4fc0-aac2-c83fd387c776
401,42200,20.230407238006592,1.0,1.0,1.0,0.9960959999999999,0.0,0.0,0.0,0.0,0.0,0.0,0.0,0.0,0.0,0.0,0.0,0.0,0.0,0.0,0.002,0.998,0.051745274115364996,1879,0.0002462560562057939,1.0201647757589667e-07,5.392483383418771e-05,16,20,False,0.995,0.005,0.66,fixed,100,none,371c9e91-ddfd-4fc0-aac2-c83fd387c776
402,42300,20.249959230422974,1.0,1.0,1.0,0.9960959999999999,0.0,0.0,0.0,0.0,0.0,0.0,0.0,0.0,0.0,0.0,0.0,0.0,0.0,0.0,0.002,0.998,0.051745274115364996,1879,0.0002481980635844997,1.0295424664902085e-07,5.43501174255103e-05,16,20,False,0.995,0.005,0.66,fixed,100,none,371c9e91-ddfd-4fc0-aac2-c83fd387c776
403,42400,20.2695574760437,1.0,1.0,1.0,0.9960959999999999,0.0,0.0,0.0,0.0,0.0,0.0,0.0,0.0,0.0,0.0,0.0,0.0,0.0,0.0,0.002,0.998,0.051745274115364996,1879,0.0002474149848608001,1.0307460909067691e-07,5.417872436175638e-05,16,20,False,0.995,0.005,0.66,fixed,100,none,371c9e91-ddfd-4fc0-aac2-c83fd387c776
404,42500,20.289071559906006,1.0,1.0,1.0,0.9960959999999999,0.0,0.0,0.0,0.0,0.0,0.0,0.0,0.0,0.0,0.0,0.0,0.0,0.0,0.0,0.002,0.998,0.051745274115364996,1879,0.0002471397061715124,1.0333398706453853e-07,5.4118515138486324e-05,16,20,False,0.995,0.005,0.66,fixed,100,none,371c9e91-ddfd-4fc0-aac2-c83fd387c776
405,42600,20.308605670928955,1.0,1.0,1.0,0.9960959999999999,0.0,0.0,0.0,0.0,0.0,0.0,0.0,0.0,0.0,0.0,0.0,0.0,0.0,0.0,0.002,0.998,0.051745274115364996,1879,0.00024663985618217534,1.0315290452370362e-07,5.400906357013769e-05,16,20,False,0.995,0.005,0.66,fixed,100,none,371c9e91-ddfd-4fc0-aac2-c83fd387c776
406,42700,20.328303575515747,1.0,1.0,1.0,0.9960959999999999,0.0,0.0,0.0,0.0,0.0,0.0,0.0,0.0,0.0,0.0,0.0,0.0,0.0,0.0,0.002,0.998,0.051745274115365,1879,0.0002477552571488225,1.0307587676371073e-07,5.425321020646235e-05,16,20,False,0.995,0.005,0.66,fixed,100,none,371c9e91-ddfd-4fc0-aac2-c83fd387c776
407,42900,20.34798574447632,1.0,1.0,1.0,0.9960959999999999,0.0,0.0,0.0,0.0,0.0,0.0,0.0,0.0,0.0,0.0,0.0,0.0,0.0,0.0,0.002,0.998,0.0513612395130943,1880,0.00025070310316606506,1.04878516127289e-07,5.4898836201115826e-05,16,20,False,0.995,0.005,0.66,fixed,100,none,371c9e91-ddfd-4fc0-aac2-c83fd387c776
408,43000,20.367729425430298,1.0,1.0,1.0,0.9960959999999999,0.0,0.0,0.0,0.0,0.0,0.0,0.0,0.0,0.0,0.0,0.0,0.0,0.0,0.0,0.002,0.998,0.0513612395130943,1880,0.0002521334756470253,1.0545426832483312e-07,5.5212054130115564e-05,16,20,False,0.995,0.005,0.66,fixed,100,none,371c9e91-ddfd-4fc0-aac2-c83fd387c776
409,43100,20.387590885162354,1.0,1.0,1.0,0.9960959999999999,0.0,0.0,0.0,0.0,0.0,0.0,0.0,0.0,0.0,0.0,0.0,0.0,0.0,0.0,0.002,0.998,0.0513612395130943,1880,0.00025296062187100217,1.0573382022827942e-07,5.539316955340575e-05,16,20,False,0.995,0.005,0.66,fixed,100,none,371c9e91-ddfd-4fc0-aac2-c83fd387c776
410,43200,20.40780258178711,1.0,1.0,1.0,0.9960959999999999,0.0,0.0,0.0,0.0,0.0,0.0,0.0,0.0,0.0,0.0,0.0,0.0,0.0,0.0,0.002,0.998,0.0513612395130943,1880,0.00025210020358448456,1.0532310910041726e-07,5.520474595537276e-05,16,20,False,0.995,0.005,0.66,fixed,100,none,371c9e91-ddfd-4fc0-aac2-c83fd387c776
411,43300,20.427499294281006,1.0,1.0,1.0,0.9960959999999999,0.0,0.0,0.0,0.0,0.0,0.0,0.0,0.0,0.0,0.0,0.0,0.0,0.0,0.0,0.002,0.998,0.0513612395130943,1880,0.0002524208487450013,1.0583509718731754e-07,5.5275032458746386e-05,16,20,False,0.995,0.005,0.66,fixed,100,none,371c9e91-ddfd-4fc0-aac2-c83fd387c776
412,43400,20.447218656539917,1.0,1.0,1.0,0.9960959999999999,0.0,0.0,0.0,0.0,0.0,0.0,0.0,0.0,0.0,0.0,0.0,0.0,0.0,0.0,0.002,0.998,0.0513612395130943,1880,0.0002534552819261323,1.0612942517438409e-07,5.55015258044135e-05,16,20,False,0.995,0.005,0.66,fixed,100,none,371c9e91-ddfd-4fc0-aac2-c83fd387c776
413,43600,20.466804027557373,1.0,1.0,1.0,0.9960959999999999,0.0,0.0,0.0,0.0,0.0,0.0,0.0,0.0,0.0,0.0,0.0,0.0,0.0,0.0,0.002,0.998,0.0513612395130943,1880,0.00025399263299494474,1.0651603507546095e-07,5.5619225409257744e-05,16,20,False,0.995,0.005,0.66,fixed,100,none,371c9e91-ddfd-4fc0-aac2-c83fd387c776
414,43700,20.486512899398804,1.0,1.0,1.0,0.9960959999999999,0.0,0.0,0.0,0.0,0.0,0.0,0.0,0.0,0.0,0.0,0.0,0.0,0.0,0.0,0.002,0.998,0.0513612395130943,1880,0.0002547414369181423,1.0722097945691023e-07,5.578327252747817e-05,16,20,False,0.995,0.005,0.66,fixed,100,none,371c9e91-ddfd-4fc0-aac2-c83fd387c776
415,43800,20.506213426589966,1.0,1.0,1.0,0.9960959999999999,0.0,0.0,0.0,0.0,0.0,0.0,0.0,0.0,0.0,0.0,0.0,0.0,0.0,0.0,0.002,0.998,0.0513612395130943,1880,0.0002543715899087778,1.0692575128352896e-07,5.570225692377533e-05,16,20,False,0.995,0.005,0.66,fixed,100,none,371c9e91-ddfd-4fc0-aac2-c83fd387c776
416,44000,20.5258047580719,1.0,1.0,1.0,0.9960959999999999,0.0,0.0,0.0,0.0,0.0,0.0,0.0,0.0,0.0,0.0,0.0,0.0,0.0,0.0,0.002,0.998,0.0513612395130943,1880,0.0002540808131621709,1.0693758059828826e-07,5.5638608141512895e-05,16,20,False,0.995,0.005,0.66,fixed,100,none,371c9e91-ddfd-4fc0-aac2-c83fd387c776
417,44100,20.547117948532104,1.0,1.0,1.0,0.9960959999999999,0.0,0.0,0.0,0.0,0.0,0.0,0.0,0.0,0.0,0.0,0.0,0.0,0.0,0.0,0.002,0.998,0.0513612395130943,1880,0.0002540808131621709,1.0693758059828826e-07,5.5638608141512895e-05,16,20,False,0.995,0.005,0.66,fixed,100,none,371c9e91-ddfd-4fc0-aac2-c83fd387c776
418,44200,20.566999197006226,1.0,1.0,1.0,0.9960959999999999,0.0,0.0,0.0,0.0,0.0,0.0,0.0,0.0,0.0,0.0,0.0,0.0,0.0,0.0,0.002,0.998,0.0513612395130943,1880,0.00025471296811437457,1.0746686343022078e-07,5.5777087424288334e-05,16,20,False,0.995,0.005,0.66,fixed,100,none,371c9e91-ddfd-4fc0-aac2-c83fd387c776
419,44300,20.58660578727722,1.0,1.0,1.0,0.9960959999999999,0.0,0.0,0.0,0.0,0.0,0.0,0.0,0.0,0.0,0.0,0.0,0.0,0.0,0.0,0.002,0.998,0.0513612395130943,1880,0.0002543046055423265,1.0748666292805613e-07,5.568770061917161e-05,16,20,False,0.995,0.005,0.66,fixed,100,none,371c9e91-ddfd-4fc0-aac2-c83fd387c776
420,44400,20.60635209083557,1.0,1.0,1.0,0.9960959999999999,0.0,0.0,0.0,0.0,0.0,0.0,0.0,0.0,0.0,0.0,0.0,0.0,0.0,0.0,0.002,0.998,0.0513612395130943,1880,0.00025462461611738574,1.0801554859309434e-07,5.575785142232843e-05,16,20,False,0.995,0.005,0.66,fixed,100,none,371c9e91-ddfd-4fc0-aac2-c83fd387c776
421,44500,20.628069639205933,1.0,1.0,1.0,0.9960959999999999,0.0,0.0,0.0,0.0,0.0,0.0,0.0,0.0,0.0,0.0,0.0,0.0,0.0,0.0,0.002,0.998,0.0513612395130943,1880,0.00025437003082096727,1.0754384814570901e-07,5.5702033077857425e-05,16,20,False,0.995,0.005,0.66,fixed,100,none,371c9e91-ddfd-4fc0-aac2-c83fd387c776
422,44700,20.64772391319275,1.0,1.0,1.0,0.9960959999999999,0.0,0.0,0.0,0.0,0.0,0.0,0.0,0.0,0.0,0.0,0.0,0.0,0.0,0.0,0.002,0.998,0.0513612395130943,1880,0.0002557945891995448,1.0868351317398069e-07,5.601408544328341e-05,16,20,False,0.995,0.005,0.66,fixed,100,none,371c9e91-ddfd-4fc0-aac2-c83fd387c776
423,44800,20.667360067367554,1.0,1.0,1.0,0.9960959999999999,0.0,0.0,0.0,0.0,0.0,0.0,0.0,0.0,0.0,0.0,0.0,0.0,0.0,0.0,0.002,0.998,0.0513612395130943,1880,0.00025555271180958456,1.0866510311302989e-07,5.5961134984709535e-05,16,20,False,0.995,0.005,0.66,fixed,100,none,371c9e91-ddfd-4fc0-aac2-c83fd387c776
424,44900,20.687013626098633,1.0,1.0,1.0,0.9960959999999999,0.0,0.0,0.0,0.0,0.0,0.0,0.0,0.0,0.0,0.0,0.0,0.0,0.0,0.0,0.002,0.998,0.0513612395130943,1880,0.0002571954814988795,1.1021044442390574e-07,5.6321030884545265e-05,16,20,False,0.995,0.005,0.66,fixed,100,none,371c9e91-ddfd-4fc0-aac2-c83fd387c776
425,45000,20.706597805023193,1.0,1.0,1.0,0.9960959999999999,0.0,0.0,0.0,0.0,0.0,0.0,0.0,0.0,0.0,0.0,0.0,0.0,0.0,0.0,0.002,0.998,0.0513612395130943,1880,0.0002571954814988795,1.1021044442390574e-07,5.6321030884545265e-05,16,20,False,0.995,0.005,0.66,fixed,100,none,371c9e91-ddfd-4fc0-aac2-c83fd387c776
426,45100,20.726234197616577,1.0,1.0,1.0,0.9960959999999999,0.0,0.0,0.0,0.0,0.0,0.0,0.0,0.0,0.0,0.0,0.0,0.0,0.0,0.0,0.002,0.998,0.0513612395130943,1880,0.0002579592212400822,1.1046725917094741e-07,5.648826230869647e-05,16,20,False,0.995,0.005,0.66,fixed,100,none,371c9e91-ddfd-4fc0-aac2-c83fd387c776
427,45200,20.74989604949951,1.0,1.0,1.0,0.9960959999999999,0.0,0.0,0.0,0.0,0.0,0.0,0.0,0.0,0.0,0.0,0.0,0.0,0.0,0.0,0.002,0.998,0.0513612395130943,1880,0.00025921827397473106,1.1154518420566046e-07,5.676407375806771e-05,16,20,False,0.995,0.005,0.66,fixed,100,none,371c9e91-ddfd-4fc0-aac2-c83fd387c776
428,45300,20.769529342651367,1.0,1.0,1.0,0.9960959999999999,0.0,0.0,0.0,0.0,0.0,0.0,0.0,0.0,0.0,0.0,0.0,0.0,0.0,0.0,0.002,0.998,0.0513612395130943,1880,0.00026096841780958336,1.1295938618044783e-07,5.7147448941892085e-05,16,20,False,0.995,0.005,0.66,fixed,100,none,371c9e91-ddfd-4fc0-aac2-c83fd387c776
429,45400,20.78925085067749,1.0,1.0,1.0,0.9960959999999999,0.0,0.0,0.0,0.0,0.0,0.0,0.0,0.0,0.0,0.0,0.0,0.0,0.0,0.0,0.002,0.998,0.0513612395130943,1880,0.00026290346024153346,1.1407348392689861e-07,5.757124140881779e-05,16,20,False,0.995,0.005,0.66,fixed,100,none,371c9e91-ddfd-4fc0-aac2-c83fd387c776
430,45500,20.808964252471924,1.0,1.0,1.0,0.9960959999999999,0.0,0.0,0.0,0.0,0.0,0.0,0.0,0.0,0.0,0.0,0.0,0.0,0.0,0.0,0.002,0.998,0.0513612395130943,1880,0.00026167448839002736,1.125933466935231e-07,5.730193824444876e-05,16,20,False,0.995,0.005,0.66,fixed,100,none,371c9e91-ddfd-4fc0-aac2-c83fd387c776
431,45600,20.82856822013855,1.0,1.0,1.0,0.9960959999999999,0.0,0.0,0.0,0.0,0.0,0.0,0.0,0.0,0.0,0.0,0.0,0.0,0.0,0.0,0.002,0.998,0.0513612395130943,1880,0.0002620648141321176,1.1246643274895807e-07,5.7387356435742844e-05,16,20,False,0.995,0.005,0.66,fixed,100,none,371c9e91-ddfd-4fc0-aac2-c83fd387c776
432,45800,20.84817361831665,1.0,1.0,1.0,0.9960959999999999,0.0,0.0,0.0,0.0,0.0,0.0,0.0,0.0,0.0,0.0,0.0,0.0,0.0,0.0,0.002,0.998,0.0513612395130943,1880,0.00026239860363325303,1.1283204611396918e-07,5.746049242408075e-05,16,20,False,0.995,0.005,0.66,fixed,100,none,371c9e91-ddfd-4fc0-aac2-c83fd387c776
433,45900,20.86769676208496,1.0,1.0,1.0,0.9960959999999999,0.0,0.0,0.0,0.0,0.0,0.0,0.0,0.0,0.0,0.0,0.0,0.0,0.0,0.0,0.002,0.998,0.0513612395130943,1880,0.00026387082293356757,1.140994625355688e-07,5.7783002038039705e-05,16,20,False,0.995,0.005,0.66,fixed,100,none,371c9e91-ddfd-4fc0-aac2-c83fd387c776
434,46000,20.887327909469604,1.0,1.0,1.0,0.9960959999999999,0.0,0.0,0.0,0.0,0.0,0.0,0.0,0.0,0.0,0.0,0.0,0.0,0.0,0.0,0.002,0.998,0.0513612395130943,1880,0.0002662547085258064,1.1616811585371355e-07,5.830522763831123e-05,16,20,False,0.995,0.005,0.66,fixed,100,none,371c9e91-ddfd-4fc0-aac2-c83fd387c776
435,46100,20.907057762145996,1.0,1.0,1.0,0.9960959999999999,0.0,0.0,0.0,0.0,0.0,0.0,0.0,0.0,0.0,0.0,0.0,0.0,0.0,0.0,0.002,0.998,0.0513612395130943,1880,0.0002671295398316245,1.1662614626309839e-07,5.84968152369326e-05,16,20,False,0.995,0.005,0.66,fixed,100,none,371c9e91-ddfd-4fc0-aac2-c83fd387c776
436,46200,20.926711559295654,1.0,1.0,1.0,0.9960959999999999,0.0,0.0,0.0,0.0,0.0,0.0,0.0,0.0,0.0,0.0,0.0,0.0,0.0,0.0,0.002,0.998,0.0513612395130943,1880,0.0002687262640781422,1.1754583738606817e-07,5.884651291580869e-05,16,20,False,0.995,0.005,0.66,fixed,100,none,371c9e91-ddfd-4fc0-aac2-c83fd387c776
437,46300,20.946308374404907,1.0,1.0,1.0,0.9960959999999999,0.0,0.0,0.0,0.0,0.0,0.0,0.0,0.0,0.0,0.0,0.0,0.0,0.0,0.0,0.002,0.998,0.0513612395130943,1880,0.0002687262640781422,1.1754583738606817e-07,5.884651291580869e-05,16,20,False,0.995,0.005,0.66,fixed,100,none,371c9e91-ddfd-4fc0-aac2-c83fd387c776
438,46400,20.96603798866272,1.0,1.0,1.0,0.9960959999999999,0.0,0.0,0.0,0.0,0.0,0.0,0.0,0.0,0.0,0.0,0.0,0.0,0.0,0.0,0.002,0.998,0.0513612395130943,1880,0.00026906304611462004,1.1731312359200178e-07,5.892019028797281e-05,16,20,False,0.995,0.005,0.66,fixed,100,none,371c9e91-ddfd-4fc0-aac2-c83fd387c776
439,46500,20.985800743103027,1.0,1.0,1.0,0.9960959999999999,0.0,0.0,0.0,0.0,0.0,0.0,0.0,0.0,0.0,0.0,0.0,0.0,0.0,0.0,0.002,0.998,0.0513612395130943,1880,0.00026956818485539985,1.1832759371525259e-07,5.903095790765293e-05,16,20,False,0.995,0.005,0.66,fixed,100,none,371c9e91-ddfd-4fc0-aac2-c83fd387c776
440,46600,21.00541114807129,1.0,1.0,1.0,0.9960959999999999,0.0,0.0,0.0,0.0,0.0,0.0,0.0,0.0,0.0,0.0,0.0,0.0,0.0,0.0,0.002,0.998,0.0513612395130943,1880,0.0002711319461438308,1.198845232396579e-07,5.93735610703001e-05,16,20,False,0.995,0.005,0.66,fixed,100,none,371c9e91-ddfd-4fc0-aac2-c83fd387c776
441,46700,21.02525019645691,1.0,1.0,1.0,0.9960959999999999,0.0,0.0,0.0,0.0,0.0,0.0,0.0,0.0,0.0,0.0,0.0,0.0,0.0,0.0,0.002,0.998,0.0513612395130943,1880,0.0002711319461438308,1.198845232396579e-07,5.93735610703001e-05,16,20,False,0.995,0.005,0.66,fixed,100,none,371c9e91-ddfd-4fc0-aac2-c83fd387c776
442,46800,21.04481792449951,1.0,1.0,1.0,0.9960959999999999,0.0,0.0,0.0,0.0,0.0,0.0,0.0,0.0,0.0,0.0,0.0,0.0,0.0,0.0,0.002,0.998,0.0513612395130943,1880,0.0002710514356682131,1.199706287853829e-07,5.935595368724107e-05,16,20,False,0.995,0.005,0.66,fixed,100,none,371c9e91-ddfd-4fc0-aac2-c83fd387c776
443,46900,21.065159559249878,1.0,1.0,1.0,0.9960959999999999,0.0,0.0,0.0,0.0,0.0,0.0,0.0,0.0,0.0,0.0,0.0,0.0,0.0,0.0,0.002,0.998,0.0513612395130943,1880,0.0002717811556673292,1.1992982464345463e-07,5.951568164226062e-05,16,20,False,0.995,0.005,0.66,fixed,100,none,371c9e91-ddfd-4fc0-aac2-c83fd387c776
444,47100,21.084900617599487,1.0,1.0,1.0,0.9960959999999999,0.0,0.0,0.0,0.0,0.0,0.0,0.0,0.0,0.0,0.0,0.0,0.0,0.0,0.0,0.002,0.998,0.0513612395130943,1880,0.0002724665435674281,1.1992408307012273e-07,5.966571196269334e-05,16,20,False,0.995,0.005,0.66,fixed,100,none,371c9e91-ddfd-4fc0-aac2-c83fd387c776
445,47200,21.104567527770996,1.0,1.0,1.0,0.9960959999999999,0.0,0.0,0.0,0.0,0.0,0.0,0.0,0.0,0.0,0.0,0.0,0.0,0.0,0.0,0.002,0.998,0.0513612395130943,1880,0.0002723161323750238,1.200728493135341e-07,5.963281521826229e-05,16,20,False,0.995,0.005,0.66,fixed,100,none,371c9e91-ddfd-4fc0-aac2-c83fd387c776
446,47300,21.124202966690063,1.0,1.0,1.0,0.9960959999999999,0.0,0.0,0.0,0.0,0.0,0.0,0.0,0.0,0.0,0.0,0.0,0.0,0.0,0.0,0.002,0.998,0.0513612395130943,1880,0.0002720130578020664,1.2002281515440548e-07,5.956646268775167e-05,16,20,False,0.995,0.005,0.66,fixed,100,none,371c9e91-ddfd-4fc0-aac2-c83fd387c776
447,47400,21.143792867660522,1.0,1.0,1.0,0.9960959999999999,0.0,0.0,0.0,0.0,0.0,0.0,0.0,0.0,0.0,0.0,0.0,0.0,0.0,0.0,0.002,0.998,0.0513612395130943,1880,0.00027240161046679774,1.2045942544594888e-07,5.9651599822016765e-05,16,20,False,0.995,0.005,0.66,fixed,100,none,371c9e91-ddfd-4fc0-aac2-c83fd387c776
448,47500,21.164517164230347,1.0,1.0,1.0,0.9960959999999999,0.0,0.0,0.0,0.0,0.0,0.0,0.0,0.0,0.0,0.0,0.0,0.0,0.0,0.0,0.002,0.998,0.0513612395130943,1880,0.00027321520466834666,1.2145437538912205e-07,5.9829884633225024e-05,16,20,False,0.995,0.005,0.66,fixed,100,none,371c9e91-ddfd-4fc0-aac2-c83fd387c776
449,47600,21.184550762176514,1.0,1.0,1.0,0.9960959999999999,0.0,0.0,0.0,0.0,0.0,0.0,0.0,0.0,0.0,0.0,0.0,0.0,0.0,0.0,0.002,0.998,0.0513612395130943,1880,0.0002728710508273603,1.2127512937611354e-07,5.975451530069063e-05,16,20,False,0.995,0.005,0.66,fixed,100,none,371c9e91-ddfd-4fc0-aac2-c83fd387c776
450,47700,21.204355478286743,1.0,1.0,1.0,0.9960959999999999,0.0,0.0,0.0,0.0,0.0,0.0,0.0,0.0,0.0,0.0,0.0,0.0,0.0,0.0,0.002,0.998,0.0513612395130943,1880,0.00027518527605584735,1.233844751230673e-07,6.0261499978898375e-05,16,20,False,0.995,0.005,0.66,fixed,100,none,371c9e91-ddfd-4fc0-aac2-c83fd387c776
451,47800,21.22398805618286,1.0,1.0,1.0,0.9960959999999999,0.0,0.0,0.0,0.0,0.0,0.0,0.0,0.0,0.0,0.0,0.0,0.0,0.0,0.0,0.002,0.998,0.0513612395130943,1880,0.00027516326784485343,1.2308754880496574e-07,6.025662596551136e-05,16,20,False,0.995,0.005,0.66,fixed,100,none,371c9e91-ddfd-4fc0-aac2-c83fd387c776
452,47900,21.243600130081177,1.0,1.0,1.0,0.9960959999999999,0.0,0.0,0.0,0.0,0.0,0.0,0.0,0.0,0.0,0.0,0.0,0.0,0.0,0.0,0.002,0.998,0.0513612395130943,1880,0.00027597455007184193,1.23496663682712e-07,6.0434293376825916e-05,16,20,False,0.995,0.005,0.66,fixed,100,none,371c9e91-ddfd-4fc0-aac2-c83fd387c776
453,48000,21.263174057006836,1.0,1.0,1.0,0.9960959999999999,0.0,0.0,0.0,0.0,0.0,0.0,0.0,0.0,0.0,0.0,0.0,0.0,0.0,0.0,0.002,0.998,0.0513612395130943,1880,0.00027628434608254816,1.233403343246584e-07,6.050207802099148e-05,16,20,False,0.995,0.005,0.66,fixed,100,none,371c9e91-ddfd-4fc0-aac2-c83fd387c776
454,48200,21.282742023468018,1.0,1.0,1.0,0.9960959999999999,0.0,0.0,0.0,0.0,0.0,0.0,0.0,0.0,0.0,0.0,0.0,0.0,0.0,0.0,0.002,0.998,0.05097620089879156,1881,0.00027775934093433137,1.2360131304975516e-07,6.0825003980004593e-05,16,20,False,0.995,0.005,0.66,fixed,100,none,371c9e91-ddfd-4fc0-aac2-c83fd387c776
455,48300,21.30245089530945,1.0,1.0,1.0,0.9960959999999999,0.0,0.0,0.0,0.0,0.0,0.0,0.0,0.0,0.0,0.0,0.0,0.0,0.0,0.0,0.002,0.998,0.05097620089879156,1881,0.0002782744776598902,1.2387491950711173e-07,6.093781939445633e-05,16,20,False,0.995,0.005,0.66,fixed,100,none,371c9e91-ddfd-4fc0-aac2-c83fd387c776
456,48400,21.322197675704956,1.0,1.0,1.0,0.9960959999999999,0.0,0.0,0.0,0.0,0.0,0.0,0.0,0.0,0.0,0.0,0.0,0.0,0.0,0.0,0.002,0.998,0.05097620089879156,1881,0.0002799181283513182,1.2509515969249403e-07,6.129784637644515e-05,16,20,False,0.995,0.005,0.66,fixed,100,none,371c9e91-ddfd-4fc0-aac2-c83fd387c776
457,48600,21.341760635375977,1.0,1.0,1.0,0.9960959999999999,0.0,0.0,0.0,0.0,0.0,0.0,0.0,0.0,0.0,0.0,0.0,0.0,0.0,0.0,0.002,0.998,0.05097620089879156,1881,0.000282395743296937,1.268754155433804e-07,6.184053453665274e-05,16,20,False,0.995,0.005,0.66,fixed,100,none,371c9e91-ddfd-4fc0-aac2-c83fd387c776
458,48700,21.361377239227295,1.0,1.0,1.0,0.9960959999999999,0.0,0.0,0.0,0.0,0.0,0.0,0.0,0.0,0.0,0.0,0.0,0.0,0.0,0.0,0.002,0.998,0.05097620089879156,1881,0.0002829842367369648,1.2752022638772384e-07,6.196947826473526e-05,16,20,False,0.995,0.005,0.66,fixed,100,none,371c9e91-ddfd-4fc0-aac2-c83fd387c776
459,49000,21.380853414535522,1.0,1.0,1.0,0.9960959999999999,0.0,0.0,0.0,0.0,0.0,0.0,0.0,0.0,0.0,0.0,0.0,0.0,0.0,0.0,0.002,0.998,0.05097620089879156,1881,0.0002841676844805044,1.2908467872908085e-07,6.222883222174094e-05,16,20,False,0.995,0.005,0.66,fixed,100,none,371c9e91-ddfd-4fc0-aac2-c83fd387c776
460,49100,21.400469064712524,1.0,1.0,1.0,0.9960959999999999,0.0,0.0,0.0,0.0,0.0,0.0,0.0,0.0,0.0,0.0,0.0,0.0,0.0,0.0,0.002,0.998,0.05097620089879156,1881,0.00028434942661404524,1.2954619210782562e-07,6.2268703262315e-05,16,20,False,0.995,0.005,0.66,fixed,100,none,371c9e91-ddfd-4fc0-aac2-c83fd387c776
461,49400,21.42031192779541,1.0,1.0,1.0,0.9960959999999999,0.0,0.0,0.0,0.0,0.0,0.0,0.0,0.0,0.0,0.0,0.0,0.0,0.0,0.0,0.002,0.998,0.0513612395130943,1880,0.0002844421350351241,1.3010418335132186e-07,6.228910315402543e-05,16,20,False,0.995,0.005,0.66,fixed,100,none,371c9e91-ddfd-4fc0-aac2-c83fd387c776
462,49500,21.439991235733032,1.0,1.0,1.0,0.9960959999999999,0.0,0.0,0.0,0.0,0.0,0.0,0.0,0.0,0.0,0.0,0.0,0.0,0.0,0.0,0.002,0.998,0.0513612395130943,1880,0.000283995728321781,1.2931356561968097e-07,6.21912345071056e-05,16,20,False,0.995,0.005,0.66,fixed,100,none,371c9e91-ddfd-4fc0-aac2-c83fd387c776
463,49700,21.459638357162476,1.0,1.0,1.0,0.9960959999999999,0.0,0.0,0.0,0.0,0.0,0.0,0.0,0.0,0.0,0.0,0.0,0.0,0.0,0.0,0.002,0.998,0.0513612395130943,1880,0.00028558630384374183,1.3091460431435094e-07,6.253971568621482e-05,16,20,False,0.995,0.005,0.66,fixed,100,none,371c9e91-ddfd-4fc0-aac2-c83fd387c776
464,49800,21.47925901412964,1.0,1.0,1.0,0.9960959999999999,0.0,0.0,0.0,0.0,0.0,0.0,0.0,0.0,0.0,0.0,0.0,0.0,0.0,0.0,0.002,0.998,0.0513612395130943,1880,0.000287193091240456,1.3250350953945858e-07,6.28917433393483e-05,16,20,False,0.995,0.005,0.66,fixed,100,none,371c9e91-ddfd-4fc0-aac2-c83fd387c776
465,49900,21.499009370803833,1.0,1.0,1.0,0.9960959999999999,0.0,0.0,0.0,0.0,0.0,0.0,0.0,0.0,0.0,0.0,0.0,0.0,0.0,0.0,0.002,0.998,0.05097620089879156,1881,0.00028763892092586763,1.3266196404870418e-07,6.298936556384168e-05,16,20,False,0.995,0.005,0.66,fixed,100,none,371c9e91-ddfd-4fc0-aac2-c83fd387c776
466,50100,21.518656015396118,1.0,1.0,1.0,0.9960959999999999,0.0,0.0,0.0,0.0,0.0,0.0,0.0,0.0,0.0,0.0,0.0,0.0,0.0,0.0,0.002,0.998,0.05097620089879156,1881,0.0002877413755406152,1.3298932698096828e-07,6.301185507796705e-05,16,20,False,0.995,0.005,0.66,fixed,100,none,371c9e91-ddfd-4fc0-aac2-c83fd387c776
467,50200,21.53830862045288,1.0,1.0,1.0,0.9960959999999999,0.0,0.0,0.0,0.0,0.0,0.0,0.0,0.0,0.0,0.0,0.0,0.0,0.0,0.0,0.002,0.998,0.0513612395130943,1880,0.00028767102279509424,1.3304839041320374e-07,6.299646608402464e-05,16,20,False,0.995,0.005,0.66,fixed,100,none,371c9e91-ddfd-4fc0-aac2-c83fd387c776
468,50300,21.55786681175232,1.0,1.0,1.0,0.9960959999999999,0.0,0.0,0.0,0.0,0.0,0.0,0.0,0.0,0.0,0.0,0.0,0.0,0.0,0.0,0.002,0.998,0.05097620089879156,1881,0.00028703038776950105,1.3334123135228235e-07,6.285628671670071e-05,16,20,False,0.995,0.005,0.66,fixed,100,none,371c9e91-ddfd-4fc0-aac2-c83fd387c776
469,50400,21.577494621276855,1.0,1.0,1.0,0.9960959999999999,0.0,0.0,0.0,0.0,0.0,0.0,0.0,0.0,0.0,0.0,0.0,0.0,0.0,0.0,0.002,0.998,0.0513612395130943,1880,0.0002885518683108436,1.3477336066263763e-07,6.318961091176957e-05,16,20,False,0.995,0.005,0.66,fixed,100,none,371c9e91-ddfd-4fc0-aac2-c83fd387c776
470,50500,21.59698510169983,1.0,1.0,1.0,0.9960959999999999,0.0,0.0,0.0,0.0,0.0,0.0,0.0,0.0,0.0,0.0,0.0,0.0,0.0,0.0,0.002,0.998,0.0513612395130943,1880,0.00028909481787001227,1.3490391080966767e-07,6.330848737479953e-05,16,20,False,0.995,0.005,0.66,fixed,100,none,371c9e91-ddfd-4fc0-aac2-c83fd387c776
471,50600,21.61644148826599,1.0,1.0,1.0,0.9960959999999999,0.0,0.0,0.0,0.0,0.0,0.0,0.0,0.0,0.0,0.0,0.0,0.0,0.0,0.0,0.002,0.998,0.05097620089879156,1881,0.0002874572435974108,1.3412545931666712e-07,6.29498744607434e-05,16,20,False,0.995,0.005,0.66,fixed,100,none,371c9e91-ddfd-4fc0-aac2-c83fd387c776
472,50700,21.635973930358887,1.0,1.0,1.0,0.9960959999999999,0.0,0.0,0.0,0.0,0.0,0.0,0.0,0.0,0.0,0.0,0.0,0.0,0.0,0.0,0.002,0.998,0.05097620089879156,1881,0.0002879510073079507,1.346996325734257e-07,6.305806842989937e-05,16,20,False,0.995,0.005,0.66,fixed,100,none,371c9e91-ddfd-4fc0-aac2-c83fd387c776
473,50800,21.655422687530518,1.0,1.0,1.0,0.9960959999999999,0.0,0.0,0.0,0.0,0.0,0.0,0.0,0.0,0.0,0.0,0.0,0.0,0.0,0.0,0.002,0.998,0.05097620089879156,1881,0.00028885256042493463,1.3505623523609568e-07,6.325548616171305e-05,16,20,False,0.995,0.005,0.66,fixed,100,none,371c9e91-ddfd-4fc0-aac2-c83fd387c776
474,50900,21.675164937973022,1.0,1.0,1.0,0.9960959999999999,0.0,0.0,0.0,0.0,0.0,0.0,0.0,0.0,0.0,0.0,0.0,0.0,0.0,0.0,0.002,0.998,0.05097620089879156,1881,0.0002894967020700421,1.3653469989536088e-07,6.339676967611234e-05,16,20,False,0.995,0.005,0.66,fixed,100,none,371c9e91-ddfd-4fc0-aac2-c83fd387c776
475,51100,21.694988012313843,1.0,1.0,1.0,0.9960959999999999,0.0,0.0,0.0,0.0,0.0,0.0,0.0,0.0,0.0,0.0,0.0,0.0,0.0,0.0,0.002,0.998,0.05097620089879156,1881,0.0002905238934730458,1.3670623995722574e-07,6.362165446684161e-05,16,20,False,0.995,0.005,0.66,fixed,100,none,371c9e91-ddfd-4fc0-aac2-c83fd387c776
476,51200,21.714539766311646,1.0,1.0,1.0,0.9960959999999999,0.0,0.0,0.0,0.0,0.0,0.0,0.0,0.0,0.0,0.0,0.0,0.0,0.0,0.0,0.002,0.998,0.0513612395130943,1880,0.0002910613109928619,1.368966715835461e-07,6.373933134393835e-05,16,20,False,0.995,0.005,0.66,fixed,100,none,371c9e91-ddfd-4fc0-aac2-c83fd387c776
477,51300,21.734137773513794,1.0,1.0,1.0,0.9960959999999999,0.0,0.0,0.0,0.0,0.0,0.0,0.0,0.0,0.0,0.0,0.0,0.0,0.0,0.0,0.002,0.998,0.0513612395130943,1880,0.0002910613109928619,1.368966715835461e-07,6.373933134393835e-05,16,20,False,0.995,0.005,0.66,fixed,100,none,371c9e91-ddfd-4fc0-aac2-c83fd387c776
478,51500,21.753681898117065,1.0,1.0,1.0,0.9960959999999999,0.0,0.0,0.0,0.0,0.0,0.0,0.0,0.0,0.0,0.0,0.0,0.0,0.0,0.0,0.002,0.998,0.0513612395130943,1880,0.0002935605421894859,1.38900955247721e-07,6.428679386677554e-05,16,20,False,0.995,0.005,0.66,fixed,100,none,371c9e91-ddfd-4fc0-aac2-c83fd387c776
479,51600,21.773361444473267,1.0,1.0,1.0,0.9960959999999999,0.0,0.0,0.0,0.0,0.0,0.0,0.0,0.0,0.0,0.0,0.0,0.0,0.0,0.0,0.002,0.998,0.0513612395130943,1880,0.0002943948213434379,1.3968816222807665e-07,6.446956714290189e-05,16,20,False,0.995,0.005,0.66,fixed,100,none,371c9e91-ddfd-4fc0-aac2-c83fd387c776
480,51900,21.793174743652344,1.0,1.0,1.0,0.9960959999999999,0.0,0.0,0.0,0.0,0.0,0.0,0.0,0.0,0.0,0.0,0.0,0.0,0.0,0.0,0.002,0.998,0.05097620089879156,1881,0.0002974437619791116,1.4156598426814933e-07,6.513733703423847e-05,16,20,False,0.995,0.005,0.66,fixed,100,none,371c9e91-ddfd-4fc0-aac2-c83fd387c776
481,52000,21.812767505645752,1.0,1.0,1.0,0.9960959999999999,0.0,0.0,0.0,0.0,0.0,0.0,0.0,0.0,0.0,0.0,0.0,0.0,0.0,0.0,0.002,0.998,0.05097620089879156,1881,0.0002981378410909374,1.421190938456417e-07,6.528937604263688e-05,16,20,False,0.995,0.005,0.66,fixed,100,none,371c9e91-ddfd-4fc0-aac2-c83fd387c776
482,52300,21.83243227005005,1.0,1.0,1.0,0.9960959999999999,0.0,0.0,0.0,0.0,0.0,0.0,0.0,0.0,0.0,0.0,0.0,0.0,0.0,0.0,0.002,0.998,0.05097620089879156,1881,0.00029960754107422635,1.419325781634796e-07,6.561105793099922e-05,16,20,False,0.995,0.005,0.66,fixed,100,none,371c9e91-ddfd-4fc0-aac2-c83fd387c776
483,52400,21.85210132598877,1.0,1.0,1.0,0.9960959999999999,0.0,0.0,0.0,0.0,0.0,0.0,0.0,0.0,0.0,0.0,0.0,0.0,0.0,0.0,0.002,0.998,0.05097620089879156,1881,0.00030006761491620677,1.4198957852574284e-07,6.571177892507756e-05,16,20,False,0.995,0.005,0.66,fixed,100,none,371c9e91-ddfd-4fc0-aac2-c83fd387c776
484,52500,21.87181830406189,1.0,1.0,1.0,0.9960959999999999,0.0,0.0,0.0,0.0,0.0,0.0,0.0,0.0,0.0,0.0,0.0,0.0,0.0,0.0,0.002,0.998,0.05097620089879156,1881,0.000300463840461143,1.4258930245896466e-07,6.57986266444114e-05,16,20,False,0.995,0.005,0.66,fixed,100,none,371c9e91-ddfd-4fc0-aac2-c83fd387c776
485,52600,21.89163565635681,1.0,1.0,1.0,0.9960959999999999,0.0,0.0,0.0,0.0,0.0,0.0,0.0,0.0,0.0,0.0,0.0,0.0,0.0,0.0,0.002,0.998,0.05097620089879156,1881,0.0002984757229201766,1.4214258965975338e-07,6.536334283926202e-05,16,20,False,0.995,0.005,0.66,fixed,100,none,371c9e91-ddfd-4fc0-aac2-c83fd387c776
486,52700,21.911348581314087,1.0,1.0,1.0,0.9960959999999999,0.0,0.0,0.0,0.0,0.0,0.0,0.0,0.0,0.0,0.0,0.0,0.0,0.0,0.0,0.002,0.998,0.05097620089879156,1881,0.00029703833745042433,1.4176957334280974e-07,6.504862828683302e-05,16,20,False,0.995,0.005,0.66,fixed,100,none,371c9e91-ddfd-4fc0-aac2-c83fd387c776
487,52800,21.931030750274658,1.0,1.0,1.0,0.9960959999999999,0.0,0.0,0.0,0.0,0.0,0.0,0.0,0.0,0.0,0.0,0.0,0.0,0.0,0.0,0.002,0.998,0.05097620089879156,1881,0.00029829898224994345,1.4169603531532373e-07,6.532456946122253e-05,16,20,False,0.995,0.005,0.66,fixed,100,none,371c9e91-ddfd-4fc0-aac2-c83fd387c776
488,52900,21.950878620147705,1.0,1.0,1.0,0.9960959999999999,0.0,0.0,0.0,0.0,0.0,0.0,0.0,0.0,0.0,0.0,0.0,0.0,0.0,0.0,0.002,0.998,0.05097620089879156,1881,0.00029790242864579,1.414281893789822e-07,6.523771298654543e-05,16,20,False,0.995,0.005,0.66,fixed,100,none,371c9e91-ddfd-4fc0-aac2-c83fd387c776
489,53000,21.970881700515747,1.0,1.0,1.0,0.9960959999999999,0.0,0.0,0.0,0.0,0.0,0.0,0.0,0.0,0.0,0.0,0.0,0.0,0.0,0.0,0.002,0.998,0.05097620089879156,1881,0.00029683862258369695,1.4099225200728878e-07,6.500476301145265e-05,16,20,False,0.995,0.005,0.66,fixed,100,none,371c9e91-ddfd-4fc0-aac2-c83fd387c776
490,53100,21.991125106811523,1.0,1.0,1.0,0.9960959999999999,0.0,0.0,0.0,0.0,0.0,0.0,0.0,0.0,0.0,0.0,0.0,0.0,0.0,0.0,0.002,0.998,0.05097620089879156,1881,0.0002973482102553115,1.4116777704931166e-07,6.511634510252706e-05,16,20,False,0.995,0.005,0.66,fixed,100,none,371c9e91-ddfd-4fc0-aac2-c83fd387c776
491,53200,22.011087656021118,1.0,1.0,1.0,0.9960959999999999,0.0,0.0,0.0,0.0,0.0,0.0,0.0,0.0,0.0,0.0,0.0,0.0,0.0,0.0,0.002,0.998,0.05097620089879156,1881,0.0002964786841841844,1.411281056846978e-07,6.492599830799807e-05,16,20,False,0.995,0.005,0.66,fixed,100,none,371c9e91-ddfd-4fc0-aac2-c83fd387c776
492,53300,22.030988693237305,1.0,1.0,1.0,0.9960959999999999,0.0,0.0,0.0,0.0,0.0,0.0,0.0,0.0,0.0,0.0,0.0,0.0,0.0,0.0,0.002,0.998,0.05097620089879156,1881,0.0002972777259161413,1.4171950049675228e-07,6.510102090813771e-05,16,20,False,0.995,0.005,0.66,fixed,100,none,371c9e91-ddfd-4fc0-aac2-c83fd387c776
493,53400,22.050705671310425,1.0,1.0,1.0,0.9960959999999999,0.0,0.0,0.0,0.0,0.0,0.0,0.0,0.0,0.0,0.0,0.0,0.0,0.0,0.0,0.002,0.998,0.05097620089879156,1881,0.0002972777259161413,1.4171950049675228e-07,6.510102090813771e-05,16,20,False,0.995,0.005,0.66,fixed,100,none,371c9e91-ddfd-4fc0-aac2-c83fd387c776
494,53700,22.070472478866577,1.0,1.0,1.0,0.9960959999999999,0.0,0.0,0.0,0.0,0.0,0.0,0.0,0.0,0.0,0.0,0.0,0.0,0.0,0.0,0.002,0.998,0.05097620089879156,1881,0.0002969054434953702,1.4197263863760003e-07,6.501957638247768e-05,16,20,False,0.995,0.005,0.66,fixed,100,none,371c9e91-ddfd-4fc0-aac2-c83fd387c776
495,53800,22.09025502204895,1.0,1.0,1.0,0.9960959999999999,0.0,0.0,0.0,0.0,0.0,0.0,0.0,0.0,0.0,0.0,0.0,0.0,0.0,0.0,0.002,0.998,0.05097620089879156,1881,0.0002962852321187237,1.421021742819123e-07,6.488383672390218e-05,16,20,False,0.995,0.005,0.66,fixed,100,none,371c9e91-ddfd-4fc0-aac2-c83fd387c776
496,54100,22.110154390335083,1.0,1.0,1.0,0.9960959999999999,0.0,0.0,0.0,0.0,0.0,0.0,0.0,0.0,0.0,0.0,0.0,0.0,0.0,0.0,0.002,0.998,0.05097620089879156,1881,0.000296525808736253,1.4130111751929115e-07,6.493634674469446e-05,16,20,False,0.995,0.005,0.66,fixed,100,none,371c9e91-ddfd-4fc0-aac2-c83fd387c776
497,54200,22.129863262176514,1.0,1.0,1.0,0.9960959999999999,0.0,0.0,0.0,0.0,0.0,0.0,0.0,0.0,0.0,0.0,0.0,0.0,0.0,0.0,0.002,0.998,0.05097620089879156,1881,0.00029610104188431384,1.406853201547272e-07,6.48432482793057e-05,16,20,False,0.995,0.005,0.66,fixed,100,none,371c9e91-ddfd-4fc0-aac2-c83fd387c776
498,54400,22.149645805358887,1.0,1.0,1.0,0.9960959999999999,0.0,0.0,0.0,0.0,0.0,0.0,0.0,0.0,0.0,0.0,0.0,0.0,0.0,0.0,0.002,0.998,0.05097620089879156,1881,0.0002972231050623077,1.4203228954232724e-07,6.50891238331522e-05,16,20,False,0.995,0.005,0.66,fixed,100,none,371c9e91-ddfd-4fc0-aac2-c83fd387c776
499,54500,22.169578552246094,1.0,1.0,1.0,0.9960959999999999,0.0,0.0,0.0,0.0,0.0,0.0,0.0,0.0,0.0,0.0,0.0,0.0,0.0,0.0,0.002,0.998,0.05097620089879156,1881,0.00029670473692411365,1.419217912265046e-07,6.497563205302151e-05,16,20,False,0.995,0.005,0.66,fixed,100,none,371c9e91-ddfd-4fc0-aac2-c83fd387c776
500,54600,22.189287900924683,1.0,1.0,1.0,0.9960959999999999,0.0,0.0,0.0,0.0,0.0,0.0,0.0,0.0,0.0,0.0,0.0,0.0,0.0,0.0,0.002,0.998,0.05097620089879156,1881,0.00029625632690900833,1.4149199354159788e-07,6.487739343915483e-05,16,20,False,0.995,0.005,0.66,fixed,100,none,371c9e91-ddfd-4fc0-aac2-c83fd387c776
501,54700,22.208961486816406,1.0,1.0,1.0,0.9960959999999999,0.0,0.0,0.0,0.0,0.0,0.0,0.0,0.0,0.0,0.0,0.0,0.0,0.0,0.0,0.002,0.998,0.05097620089879156,1881,0.00029689465832849347,1.4180940061843825e-07,6.501718449422473e-05,16,20,False,0.995,0.005,0.66,fixed,100,none,371c9e91-ddfd-4fc0-aac2-c83fd387c776
502,54800,22.228498935699463,1.0,1.0,1.0,0.9960959999999999,0.0,0.0,0.0,0.0,0.0,0.0,0.0,0.0,0.0,0.0,0.0,0.0,0.0,0.0,0.002,0.998,0.05136123951309429,1880,0.00029919847905464283,1.4298146341550573e-07,6.552171354311027e-05,16,20,False,0.995,0.005,0.66,fixed,100,none,371c9e91-ddfd-4fc0-aac2-c83fd387c776
503,54900,22.248071670532227,1.0,1.0,1.0,0.9960959999999999,0.0,0.0,0.0,0.0,0.0,0.0,0.0,0.0,0.0,0.0,0.0,0.0,0.0,0.0,0.002,0.998,0.05136123951309429,1880,0.00029739238889793203,1.419168015230184e-07,6.512615812204669e-05,16,20,False,0.995,0.005,0.66,fixed,100,none,371c9e91-ddfd-4fc0-aac2-c83fd387c776
504,55000,22.26788067817688,1.0,1.0,1.0,0.9960959999999999,0.0,0.0,0.0,0.0,0.0,0.0,0.0,0.0,0.0,0.0,0.0,0.0,0.0,0.0,0.002,0.998,0.05136123951309429,1880,0.0002968248743267585,1.418626423273566e-07,6.500191889216964e-05,16,20,False,0.995,0.005,0.66,fixed,100,none,371c9e91-ddfd-4fc0-aac2-c83fd387c776
505,55100,22.28767442703247,1.0,1.0,1.0,0.9960959999999999,0.0,0.0,0.0,0.0,0.0,0.0,0.0,0.0,0.0,0.0,0.0,0.0,0.0,0.0,0.002,0.998,0.05136123951309429,1880,0.00029595546838946966,1.4140342261486633e-07,6.481151868075174e-05,16,20,False,0.995,0.005,0.66,fixed,100,none,371c9e91-ddfd-4fc0-aac2-c83fd387c776
506,55200,22.307268857955933,1.0,1.0,1.0,0.9960959999999999,0.0,0.0,0.0,0.0,0.0,0.0,0.0,0.0,0.0,0.0,0.0,0.0,0.0,0.0,0.002,0.998,0.05136123951309429,1880,0.00029572800409158773,1.415810478372863e-07,6.476176049473764e-05,16,20,False,0.995,0.005,0.66,fixed,100,none,371c9e91-ddfd-4fc0-aac2-c83fd387c776
507,55500,22.326780319213867,1.0,1.0,1.0,0.9960959999999999,0.0,0.0,0.0,0.0,0.0,0.0,0.0,0.0,0.0,0.0,0.0,0.0,0.0,0.0,0.002,0.998,0.05136123951309429,1880,0.0002949156045706533,1.411361128450004e-07,6.458384170195656e-05,16,20,False,0.995,0.005,0.66,fixed,100,none,371c9e91-ddfd-4fc0-aac2-c83fd387c776
508,55600,22.346388339996338,1.0,1.0,1.0,0.9960959999999999,0.0,0.0,0.0,0.0,0.0,0.0,0.0,0.0,0.0,0.0,0.0,0.0,0.0,0.0,0.002,0.998,0.05136123951309429,1880,0.0002939384119908202,1.4027279109302024e-07,6.436977021509821e-05,16,20,False,0.995,0.005,0.66,fixed,100,none,371c9e91-ddfd-4fc0-aac2-c83fd387c776
509,55900,22.366133451461792,1.0,1.0,1.0,0.9960959999999999,0.0,0.0,0.0,0.0,0.0,0.0,0.0,0.0,0.0,0.0,0.0,0.0,0.0,0.0,0.002,0.998,0.05136123951309429,1880,0.00029683370375301456,1.4298466680568153e-07,6.500406483822797e-05,16,20,False,0.995,0.005,0.66,fixed,100,none,371c9e91-ddfd-4fc0-aac2-c83fd387c776
510,56000,22.38587236404419,1.0,1.0,1.0,0.9960959999999999,0.0,0.0,0.0,0.0,0.0,0.0,0.0,0.0,0.0,0.0,0.0,0.0,0.0,0.0,0.002,0.998,0.05136123951309429,1880,0.0002965109523232616,1.4318079674459074e-07,6.493345181494343e-05,16,20,False,0.995,0.005,0.66,fixed,100,none,371c9e91-ddfd-4fc0-aac2-c83fd387c776
511,56200,22.405957221984863,1.0,1.0,1.0,0.9960959999999999,0.0,0.0,0.0,0.0,0.0,0.0,0.0,0.0,0.0,0.0,0.0,0.0,0.0,0.0,0.002,0.998,0.0513612395130943,1880,0.00029784798769184596,1.435985084882053e-07,6.522620822235784e-05,16,20,False,0.995,0.005,0.66,fixed,100,none,371c9e91-ddfd-4fc0-aac2-c83fd387c776
512,56300,22.42611575126648,1.0,1.0,1.0,0.9960959999999999,0.0,0.0,0.0,0.0,0.0,0.0,0.0,0.0,0.0,0.0,0.0,0.0,0.0,0.0,0.002,0.998,0.05097620089879156,1881,0.0002983614456182948,1.4474231682685458e-07,6.533882148604183e-05,16,20,False,0.995,0.005,0.66,fixed,100,none,371c9e91-ddfd-4fc0-aac2-c83fd387c776
513,56400,22.44596767425537,1.0,1.0,1.0,0.9960959999999999,0.0,0.0,0.0,0.0,0.0,0.0,0.0,0.0,0.0,0.0,0.0,0.0,0.0,0.0,0.002,0.998,0.05097620089879156,1881,0.0002978972804034042,1.4443151548454575e-07,6.523715666824725e-05,16,20,False,0.995,0.005,0.66,fixed,100,none,371c9e91-ddfd-4fc0-aac2-c83fd387c776
514,56500,22.465771436691284,1.0,1.0,1.0,0.9960959999999999,0.0,0.0,0.0,0.0,0.0,0.0,0.0,0.0,0.0,0.0,0.0,0.0,0.0,0.0,0.002,0.998,0.05097620089879156,1881,0.00029728706044935914,1.4422005773896846e-07,6.510353934333512e-05,16,20,False,0.995,0.005,0.66,fixed,100,none,371c9e91-ddfd-4fc0-aac2-c83fd387c776
515,56600,22.486162185668945,1.0,1.0,1.0,0.9960959999999999,0.0,0.0,0.0,0.0,0.0,0.0,0.0,0.0,0.0,0.0,0.0,0.0,0.0,0.0,0.002,0.998,0.05097620089879156,1881,0.00029800391948922594,1.4516397132561465e-07,6.526063913074343e-05,16,20,False,0.995,0.005,0.66,fixed,100,none,371c9e91-ddfd-4fc0-aac2-c83fd387c776
516,56700,22.506059885025024,1.0,1.0,1.0,0.9960959999999999,0.0,0.0,0.0,0.0,0.0,0.0,0.0,0.0,0.0,0.0,0.0,0.0,0.0,0.0,0.002,0.998,0.05097620089879156,1881,0.0002981179244980153,1.4526407588723393e-07,6.528561384703413e-05,16,20,False,0.995,0.005,0.66,fixed,100,none,371c9e91-ddfd-4fc0-aac2-c83fd387c776
517,56800,22.526045083999634,1.0,1.0,1.0,0.9960959999999999,0.0,0.0,0.0,0.0,0.0,0.0,0.0,0.0,0.0,0.0,0.0,0.0,0.0,0.0,0.002,0.998,0.05097620089879156,1881,0.0003006314439622026,1.46856566175089e-07,6.583612583089941e-05,16,20,False,0.995,0.005,0.66,fixed,100,none,371c9e91-ddfd-4fc0-aac2-c83fd387c776
518,56900,22.546181201934814,1.0,1.0,1.0,0.9960959999999999,0.0,0.0,0.0,0.0,0.0,0.0,0.0,0.0,0.0,0.0,0.0,0.0,0.0,0.0,0.002,0.998,0.05097620089879156,1881,0.0003005231954386045,1.4715550575457316e-07,6.58124870276039e-05,16,20,False,0.995,0.005,0.66,fixed,100,none,371c9e91-ddfd-4fc0-aac2-c83fd387c776
519,57000,22.56667470932007,1.0,1.0,1.0,0.9960959999999999,0.0,0.0,0.0,0.0,0.0,0.0,0.0,0.0,0.0,0.0,0.0,0.0,0.0,0.0,0.002,0.998,0.0513612395130943,1880,0.00029851661903996856,1.4627237062757562e-07,6.537307965826836e-05,16,20,False,0.995,0.005,0.66,fixed,100,none,371c9e91-ddfd-4fc0-aac2-c83fd387c776
520,57300,22.586683988571167,1.0,1.0,1.0,0.9960959999999999,0.0,0.0,0.0,0.0,0.0,0.0,0.0,0.0,0.0,0.0,0.0,0.0,0.0,0.0,0.002,0.998,0.0513612395130943,1880,0.000300793358272929,1.4784359002768787e-07,6.587175640804942e-05,16,20,False,0.995,0.005,0.66,fixed,100,none,371c9e91-ddfd-4fc0-aac2-c83fd387c776
521,57400,22.606671571731567,1.0,1.0,1.0,0.9960959999999999,0.0,0.0,0.0,0.0,0.0,0.0,0.0,0.0,0.0,0.0,0.0,0.0,0.0,0.0,0.002,0.998,0.05097620089879156,1881,0.0003036478519298977,1.4961575728416825e-07,6.64969417813386e-05,16,20,False,0.995,0.005,0.66,fixed,100,none,371c9e91-ddfd-4fc0-aac2-c83fd387c776
522,57700,22.62671446800232,1.0,1.0,1.0,0.9960959999999999,0.0,0.0,0.0,0.0,0.0,0.0,0.0,0.0,0.0,0.0,0.0,0.0,0.0,0.0,0.002,0.998,0.05097620089879156,1881,0.0003033638963692965,1.5017145363020782e-07,6.643488949142875e-05,16,20,False,0.995,0.005,0.66,fixed,100,none,371c9e91-ddfd-4fc0-aac2-c83fd387c776
523,57800,22.64658761024475,1.0,1.0,1.0,0.9960959999999999,0.0,0.0,0.0,0.0,0.0,0.0,0.0,0.0,0.0,0.0,0.0,0.0,0.0,0.0,0.002,0.998,0.05136123951309429,1880,0.0003046588833213417,1.5129203212872417e-07,6.671857504514617e-05,16,20,False,0.995,0.005,0.66,fixed,100,none,371c9e91-ddfd-4fc0-aac2-c83fd387c776
524,57900,22.666316032409668,1.0,1.0,1.0,0.9960959999999999,0.0,0.0,0.0,0.0,0.0,0.0,0.0,0.0,0.0,0.0,0.0,0.0,0.0,0.0,0.002,0.998,0.05136123951309429,1880,0.00030446000017498253,1.5103778857563084e-07,6.667499121813304e-05,16,20,False,0.995,0.005,0.66,fixed,100,none,371c9e91-ddfd-4fc0-aac2-c83fd387c776
525,58000,22.68613839149475,1.0,1.0,1.0,0.9960959999999999,0.0,0.0,0.0,0.0,0.0,0.0,0.0,0.0,0.0,0.0,0.0,0.0,0.0,0.0,0.002,0.998,0.05136123951309429,1880,0.0003049034368465924,1.513396757724769e-07,6.677211686411585e-05,16,20,False,0.995,0.005,0.66,fixed,100,none,371c9e91-ddfd-4fc0-aac2-c83fd387c776
526,58100,22.705825090408325,1.0,1.0,1.0,0.9960959999999999,0.0,0.0,0.0,0.0,0.0,0.0,0.0,0.0,0.0,0.0,0.0,0.0,0.0,0.0,0.002,0.998,0.05136123951309429,1880,0.00030422130646343007,1.516192486192283e-07,6.662285164208251e-05,16,20,False,0.995,0.005,0.66,fixed,100,none,371c9e91-ddfd-4fc0-aac2-c83fd387c776
527,58300,22.725557565689087,1.0,1.0,1.0,0.9960959999999999,0.0,0.0,0.0,0.0,0.0,0.0,0.0,0.0,0.0,0.0,0.0,0.0,0.0,0.0,0.002,0.998,0.05136123951309429,1880,0.0003052329822455822,1.517458232104733e-07,6.684433151996794e-05,16,20,False,0.995,0.005,0.66,fixed,100,none,371c9e91-ddfd-4fc0-aac2-c83fd387c776
528,58400,22.74542808532715,1.0,1.0,1.0,0.9960959999999999,0.0,0.0,0.0,0.0,0.0,0.0,0.0,0.0,0.0,0.0,0.0,0.0,0.0,0.0,0.002,0.998,0.05136123951309429,1880,0.0003045770536005856,1.5122467577865406e-07,6.670064972156613e-05,16,20,False,0.995,0.005,0.66,fixed,100,none,371c9e91-ddfd-4fc0-aac2-c83fd387c776
529,58500,22.765270948410034,1.0,1.0,1.0,0.9960959999999999,0.0,0.0,0.0,0.0,0.0,0.0,0.0,0.0,0.0,0.0,0.0,0.0,0.0,0.0,0.002,0.998,0.05136123951309429,1880,0.0003057750456809598,1.5248942499044588e-07,6.696313049031029e-05,16,20,False,0.995,0.005,0.66,fixed,100,none,371c9e91-ddfd-4fc0-aac2-c83fd387c776
530,58700,22.785337686538696,1.0,1.0,1.0,0.9960959999999999,0.0,0.0,0.0,0.0,0.0,0.0,0.0,0.0,0.0,0.0,0.0,0.0,0.0,0.0,0.002,0.998,0.05136123951309429,1880,0.00030553058293069274,1.5291399229199945e-07,6.690969826206413e-05,16,20,False,0.995,0.005,0.66,fixed,100,none,371c9e91-ddfd-4fc0-aac2-c83fd387c776
531,58800,22.805264234542847,1.0,1.0,1.0,0.9960959999999999,0.0,0.0,0.0,0.0,0.0,0.0,0.0,0.0,0.0,0.0,0.0,0.0,0.0,0.0,0.002,0.998,0.05097620089879156,1881,0.000306152595094289,1.538421044625426e-07,6.704603306598775e-05,16,20,False,0.995,0.005,0.66,fixed,100,none,371c9e91-ddfd-4fc0-aac2-c83fd387c776
532,59100,22.82516384124756,1.0,1.0,1.0,0.9960959999999999,0.0,0.0,0.0,0.0,0.0,0.0,0.0,0.0,0.0,0.0,0.0,0.0,0.0,0.0,0.002,0.998,0.05136123951309429,1880,0.00031003618339355796,1.5772071052115523e-07,6.789688747984886e-05,16,20,False,0.995,0.005,0.66,fixed,100,none,371c9e91-ddfd-4fc0-aac2-c83fd387c776
533,59200,22.844868421554565,1.0,1.0,1.0,0.9960959999999999,0.0,0.0,0.0,0.0,0.0,0.0,0.0,0.0,0.0,0.0,0.0,0.0,0.0,0.0,0.002,0.998,0.05136123951309429,1880,0.00031137376258508323,1.5918720681989503e-07,6.818996219917051e-05,16,20,False,0.995,0.005,0.66,fixed,100,none,371c9e91-ddfd-4fc0-aac2-c83fd387c776
534,59300,22.864463090896606,1.0,1.0,1.0,0.9960959999999999,0.0,0.0,0.0,0.0,0.0,0.0,0.0,0.0,0.0,0.0,0.0,0.0,0.0,0.0,0.002,0.998,0.05136123951309429,1880,0.00030996100187442605,1.5809707307460856e-07,6.788050175419603e-05,16,20,False,0.995,0.005,0.66,fixed,100,none,371c9e91-ddfd-4fc0-aac2-c83fd387c776
535,59500,22.8841073513031,1.0,1.0,1.0,0.9960959999999999,0.0,0.0,0.0,0.0,0.0,0.0,0.0,0.0,0.0,0.0,0.0,0.0,0.0,0.0,0.002,0.998,0.05136123951309429,1880,0.0003107717610512049,1.5938247791675549e-07,6.805822116491294e-05,16,20,False,0.995,0.005,0.66,fixed,100,none,371c9e91-ddfd-4fc0-aac2-c83fd387c776
536,59600,22.903641939163208,1.0,1.0,1.0,0.9960959999999999,0.0,0.0,0.0,0.0,0.0,0.0,0.0,0.0,0.0,0.0,0.0,0.0,0.0,0.0,0.002,0.998,0.05136123951309429,1880,0.00031216310143748966,1.6090015406505874e-07,6.836307393393886e-05,16,20,False,0.995,0.005,0.66,fixed,100,none,371c9e91-ddfd-4fc0-aac2-c83fd387c776
537,59700,22.923208951950073,1.0,1.0,1.0,0.9960959999999999,0.0,0.0,0.0,0.0,0.0,0.0,0.0,0.0,0.0,0.0,0.0,0.0,0.0,0.0,0.002,0.998,0.05136123951309429,1880,0.0003114621084467627,1.6080796394859222e-07,6.820960905214659e-05,16,20,False,0.995,0.005,0.66,fixed,100,none,371c9e91-ddfd-4fc0-aac2-c83fd387c776
538,59800,22.94291877746582,1.0,1.0,1.0,0.9960959999999999,0.0,0.0,0.0,0.0,0.0,0.0,0.0,0.0,0.0,0.0,0.0,0.0,0.0,0.0,0.002,0.998,0.05136123951309429,1880,0.00031198622979338424,1.609957071210727e-07,6.832437488612482e-05,16,20,False,0.995,0.005,0.66,fixed,100,none,371c9e91-ddfd-4fc0-aac2-c83fd387c776
539,59900,22.962583780288696,1.0,1.0,1.0,0.9960959999999999,0.0,0.0,0.0,0.0,0.0,0.0,0.0,0.0,0.0,0.0,0.0,0.0,0.0,0.0,0.002,0.998,0.05136123951309429,1880,0.0003120351679981496,1.6061370525346355e-07,6.83350148787931e-05,16,20,False,0.995,0.005,0.66,fixed,100,none,371c9e91-ddfd-4fc0-aac2-c83fd387c776
540,60200,22.982197523117065,1.0,1.0,1.0,0.9960959999999999,0.0,0.0,0.0,0.0,0.0,0.0,0.0,0.0,0.0,0.0,0.0,0.0,0.0,0.0,0.002,0.998,0.05136123951309429,1880,0.0003120071839997641,1.5992091731399142e-07,6.832875755183802e-05,16,20,False,0.995,0.005,0.66,fixed,100,none,371c9e91-ddfd-4fc0-aac2-c83fd387c776
541,60300,23.002870559692383,1.0,1.0,1.0,0.9960959999999999,0.0,0.0,0.0,0.0,0.0,0.0,0.0,0.0,0.0,0.0,0.0,0.0,0.0,0.0,0.002,0.998,0.05136123951309429,1880,0.00031052288531642795,1.5999493868361222e-07,6.800385863411596e-05,16,20,False,0.995,0.005,0.66,fixed,100,none,371c9e91-ddfd-4fc0-aac2-c83fd387c776
542,60500,23.023202419281006,1.0,1.0,1.0,0.9960959999999999,0.0,0.0,0.0,0.0,0.0,0.0,0.0,0.0,0.0,0.0,0.0,0.0,0.0,0.0,0.002,0.998,0.05136123951309429,1880,0.0003091095327850452,1.5938655092415048e-07,6.769436017132199e-05,16,20,False,0.995,0.005,0.66,fixed,100,none,371c9e91-ddfd-4fc0-aac2-c83fd387c776
543,60600,23.043638467788696,1.0,1.0,1.0,0.9960959999999999,0.0,0.0,0.0,0.0,0.0,0.0,0.0,0.0,0.0,0.0,0.0,0.0,0.0,0.0,0.002,0.998,0.05136123951309429,1880,0.00030879628108291163,1.589299685216043e-07,6.762570262306845e-05,16,20,False,0.995,0.005,0.66,fixed,100,none,371c9e91-ddfd-4fc0-aac2-c83fd387c776
544,60700,23.063644886016846,1.0,1.0,1.0,0.9960959999999999,0.0,0.0,0.0,0.0,0.0,0.0,0.0,0.0,0.0,0.0,0.0,0.0,0.0,0.0,0.002,0.998,0.05136123951309429,1880,0.0003084132004228667,1.5946705701000749e-07,6.754194831339742e-05,16,20,False,0.995,0.005,0.66,fixed,100,none,371c9e91-ddfd-4fc0-aac2-c83fd387c776
545,60800,23.08344078063965,1.0,1.0,1.0,0.9960959999999999,0.0,0.0,0.0,0.0,0.0,0.0,0.0,0.0,0.0,0.0,0.0,0.0,0.0,0.0,0.002,0.998,0.05136123951309429,1880,0.00030851622092700683,1.5992490694763193e-07,6.756458649324185e-05,16,20,False,0.995,0.005,0.66,fixed,100,none,371c9e91-ddfd-4fc0-aac2-c83fd387c776
546,60900,23.103266716003418,1.0,1.0,1.0,0.9960959999999999,0.0,0.0,0.0,0.0,0.0,0.0,0.0,0.0,0.0,0.0,0.0,0.0,0.0,0.0,0.002,0.998,0.05136123951309429,1880,0.00030881368675718493,1.601693041699386e-07,6.762974819894007e-05,16,20,False,0.995,0.005,0.66,fixed,100,none,371c9e91-ddfd-4fc0-aac2-c83fd387c776
547,61000,23.122977018356323,1.0,1.0,1.0,0.9960959999999999,0.0,0.0,0.0,0.0,0.0,0.0,0.0,0.0,0.0,0.0,0.0,0.0,0.0,0.0,0.002,0.998,0.051745274115364996,1879,0.0003096990570396407,1.605402969366333e-07,6.78236262423953e-05,16,20,False,0.995,0.005,0.66,fixed,100,none,371c9e91-ddfd-4fc0-aac2-c83fd387c776
548,61200,23.142531394958496,1.0,1.0,1.0,0.9960959999999999,0.0,0.0,0.0,0.0,0.0,0.0,0.0,0.0,0.0,0.0,0.0,0.0,0.0,0.0,0.002,0.998,0.051745274115364996,1879,0.00030888035645134065,1.597371124673316e-07,6.764426007856726e-05,16,20,False,0.995,0.005,0.66,fixed,100,none,371c9e91-ddfd-4fc0-aac2-c83fd387c776
549,61300,23.162312269210815,1.0,1.0,1.0,0.9960959999999999,0.0,0.0,0.0,0.0,0.0,0.0,0.0,0.0,0.0,0.0,0.0,0.0,0.0,0.0,0.002,0.998,0.051745274115364996,1879,0.000308099558052417,1.5869205138576319e-07,6.747314474743737e-05,16,20,False,0.995,0.005,0.66,fixed,100,none,371c9e91-ddfd-4fc0-aac2-c83fd387c776
550,61400,23.182222604751587,1.0,1.0,1.0,0.9960959999999999,0.0,0.0,0.0,0.0,0.0,0.0,0.0,0.0,0.0,0.0,0.0,0.0,0.0,0.0,0.002,0.998,0.051745274115364996,1879,0.0003082313549312704,1.5890756990550772e-07,6.750203603273714e-05,16,20,False,0.995,0.005,0.66,fixed,100,none,371c9e91-ddfd-4fc0-aac2-c83fd387c776
551,61600,23.201810121536255,1.0,1.0,1.0,0.9960959999999999,0.0,0.0,0.0,0.0,0.0,0.0,0.0,0.0,0.0,0.0,0.0,0.0,0.0,0.0,0.002,0.998,0.051745274115364996,1879,0.00030786765579964996,1.587918645520634e-07,6.742240030880827e-05,16,20,False,0.995,0.005,0.66,fixed,100,none,371c9e91-ddfd-4fc0-aac2-c83fd387c776
552,61700,23.22132158279419,1.0,1.0,1.0,0.9960959999999999,0.0,0.0,0.0,0.0,0.0,0.0,0.0,0.0,0.0,0.0,0.0,0.0,0.0,0.0,0.002,0.998,0.05136123951309429,1880,0.0003089562064768897,1.5998506266549383e-07,6.766091075969761e-05,16,20,False,0.995,0.005,0.66,fixed,100,none,371c9e91-ddfd-4fc0-aac2-c83fd387c776
553,61800,23.240898847579956,1.0,1.0,1.0,0.9960959999999999,0.0,0.0,0.0,0.0,0.0,0.0,0.0,0.0,0.0,0.0,0.0,0.0,0.0,0.0,0.002,0.998,0.051745274115364996,1879,0.00030903295734048753,1.6029383929353436e-07,6.76777701912985e-05,16,20,False,0.995,0.005,0.66,fixed,100,none,371c9e91-ddfd-4fc0-aac2-c83fd387c776
554,62000,23.260467052459717,1.0,1.0,1.0,0.9960959999999999,0.0,0.0,0.0,0.0,0.0,0.0,0.0,0.0,0.0,0.0,0.0,0.0,0.0,0.0,0.002,0.998,0.052128304705603576,1878,0.00030847892380877833,1.5967360547672187e-07,6.755637440678215e-05,16,20,False,0.995,0.005,0.66,fixed,100,none,371c9e91-ddfd-4fc0-aac2-c83fd387c776
555,62100,23.280001401901245,1.0,1.0,1.0,0.9960959999999999,0.0,0.0,0.0,0.0,0.0,0.0,0.0,0.0,0.0,0.0,0.0,0.0,0.0,0.0,0.002,0.998,0.052128304705603576,1878,0.0003091022667556017,1.6023317602498523e-07,6.769293049624596e-05,16,20,False,0.995,0.005,0.66,fixed,100,none,371c9e91-ddfd-4fc0-aac2-c83fd387c776
556,62200,23.29957890510559,1.0,1.0,1.0,0.9960959999999999,0.0,0.0,0.0,0.0,0.0,0.0,0.0,0.0,0.0,0.0,0.0,0.0,0.0,0.0,0.002,0.998,0.051745274115364996,1879,0.0003102622718311964,1.6183569223665533e-07,6.794716008537386e-05,16,20,False,0.995,0.005,0.66,fixed,100,none,371c9e91-ddfd-4fc0-aac2-c83fd387c776
557,62300,23.319233655929565,1.0,1.0,1.0,0.9960959999999999,0.0,0.0,0.0,0.0,0.0,0.0,0.0,0.0,0.0,0.0,0.0,0.0,0.0,0.0,0.002,0.998,0.051745274115364996,1879,0.0003102622718311964,1.6183569223665533e-07,6.794716008537386e-05,16,20,False,0.995,0.005,0.66,fixed,100,none,371c9e91-ddfd-4fc0-aac2-c83fd387c776
558,62400,23.339021682739258,1.0,1.0,1.0,0.9960959999999999,0.0,0.0,0.0,0.0,0.0,0.0,0.0,0.0,0.0,0.0,0.0,0.0,0.0,0.0,0.002,0.998,0.051745274115364996,1879,0.0003113761315105365,1.6311212196001012e-07,6.819122649082884e-05,16,20,False,0.995,0.005,0.66,fixed,100,none,371c9e91-ddfd-4fc0-aac2-c83fd387c776
559,62700,23.358933925628662,1.0,1.0,1.0,0.9960959999999999,0.0,0.0,0.0,0.0,0.0,0.0,0.0,0.0,0.0,0.0,0.0,0.0,0.0,0.0,0.002,0.998,0.051745274115364996,1879,0.00031011062805977096,1.631751673635813e-07,6.791421976408295e-05,16,20,False,0.995,0.005,0.66,fixed,100,none,371c9e91-ddfd-4fc0-aac2-c83fd387c776
560,62800,23.383010864257812,1.0,1.0,1.0,0.9960959999999999,0.0,0.0,0.0,0.0,0.0,0.0,0.0,0.0,0.0,0.0,0.0,0.0,0.0,0.0,0.002,0.998,0.051745274115364996,1879,0.00030905836148869355,1.6163308824631626e-07,6.768358561664183e-05,16,20,False,0.995,0.005,0.66,fixed,100,none,371c9e91-ddfd-4fc0-aac2-c83fd387c776
561,63100,23.402974843978882,1.0,1.0,1.0,0.9960959999999999,0.0,0.0,0.0,0.0,0.0,0.0,0.0,0.0,0.0,0.0,0.0,0.0,0.0,0.0,0.002,0.998,0.051745274115364996,1879,0.0003109569215284961,1.635277304161471e-07,6.809954039136687e-05,16,20,False,0.995,0.005,0.66,fixed,100,none,371c9e91-ddfd-4fc0-aac2-c83fd387c776
562,63200,23.422801733016968,1.0,1.0,1.0,0.9960959999999999,0.0,0.0,0.0,0.0,0.0,0.0,0.0,0.0,0.0,0.0,0.0,0.0,0.0,0.0,0.002,0.998,0.051745274115364996,1879,0.00031023291904454475,1.6302346146050145e-07,6.794096043652835e-05,16,20,False,0.995,0.005,0.66,fixed,100,none,371c9e91-ddfd-4fc0-aac2-c83fd387c776
563,63300,23.442414045333862,1.0,1.0,1.0,0.9960959999999999,0.0,0.0,0.0,0.0,0.0,0.0,0.0,0.0,0.0,0.0,0.0,0.0,0.0,0.0,0.002,0.998,0.051745274115364996,1879,0.00030963082481417624,1.6267040022793496e-07,6.780909492786649e-05,16,20,False,0.995,0.005,0.66,fixed,100,none,371c9e91-ddfd-4fc0-aac2-c83fd387c776
564,63400,23.46195077896118,1.0,1.0,1.0,0.9960959999999999,0.0,0.0,0.0,0.0,0.0,0.0,0.0,0.0,0.0,0.0,0.0,0.0,0.0,0.0,0.002,0.998,0.051745274115364996,1879,0.0003104660380828064,1.6348234801638887e-07,6.799207738244944e-05,16,20,False,0.995,0.005,0.66,fixed,100,none,371c9e91-ddfd-4fc0-aac2-c83fd387c776
565,63500,23.48165798187256,1.0,1.0,1.0,0.9960959999999999,0.0,0.0,0.0,0.0,0.0,0.0,0.0,0.0,0.0,0.0,0.0,0.0,0.0,0.0,0.002,0.998,0.051745274115364996,1879,0.00030991559226000673,1.632955032867904e-07,6.787154929133997e-05,16,20,False,0.995,0.005,0.66,fixed,100,none,371c9e91-ddfd-4fc0-aac2-c83fd387c776
566,63800,23.50155472755432,1.0,1.0,1.0,0.9960959999999999,0.0,0.0,0.0,0.0,0.0,0.0,0.0,0.0,0.0,0.0,0.0,0.0,0.0,0.0,0.002,0.998,0.051745274115364996,1879,0.00031320584777264716,1.6492174853273892e-07,6.859209520965369e-05,16,20,False,0.995,0.005,0.66,fixed,100,none,371c9e91-ddfd-4fc0-aac2-c83fd387c776
567,63900,23.52139377593994,1.0,1.0,1.0,0.9960959999999999,0.0,0.0,0.0,0.0,0.0,0.0,0.0,0.0,0.0,0.0,0.0,0.0,0.0,0.0,0.002,0.998,0.05136123951309429,1880,0.00031283495947113054,1.6471219620363272e-07,6.851086794550917e-05,16,20,False,0.995,0.005,0.66,fixed,100,none,371c9e91-ddfd-4fc0-aac2-c83fd387c776
568,64100,23.541394472122192,1.0,1.0,1.0,0.9960959999999999,0.0,0.0,0.0,0.0,0.0,0.0,0.0,0.0,0.0,0.0,0.0,0.0,0.0,0.0,0.002,0.998,0.051745274115364996,1879,0.00031475304513020456,1.6581795953797677e-07,6.8930946991314e-05,16,20,False,0.995,0.005,0.66,fixed,100,none,371c9e91-ddfd-4fc0-aac2-c83fd387c776
569,64200,23.561177968978882,1.0,1.0,1.0,0.9960959999999999,0.0,0.0,0.0,0.0,0.0,0.0,0.0,0.0,0.0,0.0,0.0,0.0,0.0,0.0,0.002,0.998,0.051745274115364996,1879,0.00031642879808962683,1.6562564622658792e-07,6.929773277460236e-05,16,20,False,0.995,0.005,0.66,fixed,100,none,371c9e91-ddfd-4fc0-aac2-c83fd387c776
570,64300,23.580765962600708,1.0,1.0,1.0,0.9960959999999999,0.0,0.0,0.0,0.0,0.0,0.0,0.0,0.0,0.0,0.0,0.0,0.0,0.0,0.0,0.002,0.998,0.051745274115364996,1879,0.00031642879808962683,1.6562564622658792e-07,6.929773277460236e-05,16,20,False,0.995,0.005,0.66,fixed,100,none,371c9e91-ddfd-4fc0-aac2-c83fd387c776
571,64400,23.598637342453003,1.0,1.0,1.0,0.9960959999999999,0.0,0.0,0.0,0.0,0.0,0.0,0.0,0.0,0.0,0.0,0.0,0.0,0.0,0.0,0.002,0.998,0.051361239513094306,1880,0.00031735782988248623,1.6720008873630466e-07,6.950139697813614e-05,16,20,False,0.995,0.005,0.66,fixed,100,none,371c9e91-ddfd-4fc0-aac2-c83fd387c776
572,64500,23.618258953094482,1.0,1.0,1.0,0.9960959999999999,0.0,0.0,0.0,0.0,0.0,0.0,0.0,0.0,0.0,0.0,0.0,0.0,0.0,0.0,0.002,0.998,0.051361239513094306,1880,0.00031812842817780375,1.6716254854372662e-07,6.967007381234454e-05,16,20,False,0.995,0.005,0.66,fixed,100,none,371c9e91-ddfd-4fc0-aac2-c83fd387c776
573,64600,23.63782024383545,1.0,1.0,1.0,0.9960959999999999,0.0,0.0,0.0,0.0,0.0,0.0,0.0,0.0,0.0,0.0,0.0,0.0,0.0,0.0,0.002,0.998,0.051361239513094306,1880,0.00031777347367750215,1.6619991409205977e-07,6.959219137168272e-05,16,20,False,0.995,0.005,0.66,fixed,100,none,371c9e91-ddfd-4fc0-aac2-c83fd387c776
574,64800,23.657400846481323,1.0,1.0,1.0,0.9960959999999999,0.0,0.0,0.0,0.0,0.0,0.0,0.0,0.0,0.0,0.0,0.0,0.0,0.0,0.0,0.002,0.998,0.051745274115364996,1879,0.00031977803300986757,1.6864085610909942e-07,7.003145318852075e-05,16,20,False,0.995,0.005,0.66,fixed,100,none,371c9e91-ddfd-4fc0-aac2-c83fd387c776
575,64900,23.67719030380249,1.0,1.0,1.0,0.9960959999999999,0.0,0.0,0.0,0.0,0.0,0.0,0.0,0.0,0.0,0.0,0.0,0.0,0.0,0.0,0.002,0.998,0.051745274115364996,1879,0.0003199180412247153,1.7021532570202978e-07,7.006240013597357e-05,16,20,False,0.995,0.005,0.66,fixed,100,none,371c9e91-ddfd-4fc0-aac2-c83fd387c776
576,65000,23.696868419647217,1.0,1.0,1.0,0.9960959999999999,0.0,0.0,0.0,0.0,0.0,0.0,0.0,0.0,0.0,0.0,0.0,0.0,0.0,0.0,0.002,0.998,0.051745274115364996,1879,0.0003202807708440095,1.6994225974289296e-07,7.014174976710484e-05,16,20,False,0.995,0.005,0.66,fixed,100,none,371c9e91-ddfd-4fc0-aac2-c83fd387c776
577,65200,23.716425895690918,1.0,1.0,1.0,0.9960959999999999,0.0,0.0,0.0,0.0,0.0,0.0,0.0,0.0,0.0,0.0,0.0,0.0,0.0,0.0,0.002,0.998,0.0513612395130943,1880,0.0003199224206560216,1.699282290839876e-07,7.006330424512909e-05,16,20,False,0.995,0.005,0.66,fixed,100,none,371c9e91-ddfd-4fc0-aac2-c83fd387c776
578,65300,23.736021041870117,1.0,1.0,1.0,0.9960959999999999,0.0,0.0,0.0,0.0,0.0,0.0,0.0,0.0,0.0,0.0,0.0,0.0,0.0,0.0,0.002,0.998,0.051745274115364996,1879,0.0003201570918194803,1.6990066397426932e-07,7.011466852543935e-05,16,20,False,0.995,0.005,0.66,fixed,100,none,371c9e91-ddfd-4fc0-aac2-c83fd387c776
579,65400,23.755562782287598,1.0,1.0,1.0,0.9960959999999999,0.0,0.0,0.0,0.0,0.0,0.0,0.0,0.0,0.0,0.0,0.0,0.0,0.0,0.0,0.002,0.998,0.05097620089879157,1881,0.00032101282777878966,1.7107106561869288e-07,7.030221150324461e-05,16,20,False,0.995,0.005,0.66,fixed,100,none,371c9e91-ddfd-4fc0-aac2-c83fd387c776
580,65500,23.775280952453613,1.0,1.0,1.0,0.9960959999999999,0.0,0.0,0.0,0.0,0.0,0.0,0.0,0.0,0.0,0.0,0.0,0.0,0.0,0.0,0.002,0.998,0.05097620089879156,1881,0.0003211381800773983,1.7138688881698907e-07,7.032971112781772e-05,16,20,False,0.995,0.005,0.66,fixed,100,none,371c9e91-ddfd-4fc0-aac2-c83fd387c776
581,65600,23.795125007629395,1.0,1.0,1.0,0.9960959999999999,0.0,0.0,0.0,0.0,0.0,0.0,0.0,0.0,0.0,0.0,0.0,0.0,0.0,0.0,0.002,0.998,0.05097620089879157,1881,0.00032274695296086425,1.7223400678574752e-07,7.068203246442248e-05,16,20,False,0.995,0.005,0.66,fixed,100,none,371c9e91-ddfd-4fc0-aac2-c83fd387c776
582,65700,23.814743757247925,1.0,1.0,1.0,0.9960959999999999,0.0,0.0,0.0,0.0,0.0,0.0,0.0,0.0,0.0,0.0,0.0,0.0,0.0,0.0,0.002,0.998,0.0513612395130943,1880,0.0003248887456641135,1.7419364203139062e-07,7.115124321786041e-05,16,20,False,0.995,0.005,0.66,fixed,100,none,371c9e91-ddfd-4fc0-aac2-c83fd387c776
583,65900,23.834456205368042,1.0,1.0,1.0,0.9960959999999999,0.0,0.0,0.0,0.0,0.0,0.0,0.0,0.0,0.0,0.0,0.0,0.0,0.0,0.0,0.002,0.998,0.05097620089879156,1881,0.0003245806766251868,1.7440856297099856e-07,7.108384774021788e-05,16,20,False,0.995,0.005,0.66,fixed,100,none,371c9e91-ddfd-4fc0-aac2-c83fd387c776
584,66000,23.854145765304565,1.0,1.0,1.0,0.9960959999999999,0.0,0.0,0.0,0.0,0.0,0.0,0.0,0.0,0.0,0.0,0.0,0.0,0.0,0.0,0.002,0.998,0.05097620089879156,1881,0.0003249358187323247,1.7509065308887589e-07,7.116171794459277e-05,16,20,False,0.995,0.005,0.66,fixed,100,none,371c9e91-ddfd-4fc0-aac2-c83fd387c776
585,66300,23.873881340026855,1.0,1.0,1.0,0.9960959999999999,0.0,0.0,0.0,0.0,0.0,0.0,0.0,0.0,0.0,0.0,0.0,0.0,0.0,0.0,0.002,0.998,0.05097620089879157,1881,0.0003262359304931871,1.7523608234572997e-07,7.144634004060434e-05,16,20,False,0.995,0.005,0.66,fixed,100,none,371c9e91-ddfd-4fc0-aac2-c83fd387c776
586,66400,23.893457174301147,1.0,1.0,1.0,0.9960959999999999,0.0,0.0,0.0,0.0,0.0,0.0,0.0,0.0,0.0,0.0,0.0,0.0,0.0,0.0,0.002,0.998,0.05097620089879157,1881,0.0003257878017175788,1.7532832694320444e-07,7.134826217809722e-05,16,20,False,0.995,0.005,0.66,fixed,100,none,371c9e91-ddfd-4fc0-aac2-c83fd387c776
587,66500,23.913052797317505,1.0,1.0,1.0,0.9960959999999999,0.0,0.0,0.0,0.0,0.0,0.0,0.0,0.0,0.0,0.0,0.0,0.0,0.0,0.0,0.002,0.998,0.05097620089879156,1881,0.0003268800389934621,1.757840773824977e-07,7.158743951037153e-05,16,20,False,0.995,0.005,0.66,fixed,100,none,371c9e91-ddfd-4fc0-aac2-c83fd387c776
588,66700,23.932713270187378,1.0,1.0,1.0,0.9960959999999999,0.0,0.0,0.0,0.0,0.0,0.0,0.0,0.0,0.0,0.0,0.0,0.0,0.0,0.0,0.002,0.998,0.050590158272456734,1882,0.0003271869657179493,1.7594996300627957e-07,7.165465728863029e-05,16,20,False,0.995,0.005,0.66,fixed,100,none,371c9e91-ddfd-4fc0-aac2-c83fd387c776
589,66800,23.952594757080078,1.0,1.0,1.0,0.9960959999999999,0.0,0.0,0.0,0.0,0.0,0.0,0.0,0.0,0.0,0.0,0.0,0.0,0.0,0.0,0.002,0.998,0.050590158272456734,1882,0.0003275275755588539,1.765144625655818e-07,7.172932403772058e-05,16,20,False,0.995,0.005,0.66,fixed,100,none,371c9e91-ddfd-4fc0-aac2-c83fd387c776
590,67000,23.972537755966187,1.0,1.0,1.0,0.9960959999999999,0.0,0.0,0.0,0.0,0.0,0.0,0.0,0.0,0.0,0.0,0.0,0.0,0.0,0.0,0.002,0.998,0.05097620089879156,1881,0.0003261602665123555,1.750853648889793e-07,7.142974855888354e-05,16,20,False,0.995,0.005,0.66,fixed,100,none,371c9e91-ddfd-4fc0-aac2-c83fd387c776
591,67100,23.99229621887207,1.0,1.0,1.0,0.9960959999999999,0.0,0.0,0.0,0.0,0.0,0.0,0.0,0.0,0.0,0.0,0.0,0.0,0.0,0.0,0.002,0.998,0.050590158272456734,1882,0.00032652562935428443,1.7587315382527585e-07,7.150987616487967e-05,16,20,False,0.995,0.005,0.66,fixed,100,none,371c9e91-ddfd-4fc0-aac2-c83fd387c776
592,67400,24.01225733757019,1.0,1.0,1.0,0.9960959999999999,0.0,0.0,0.0,0.0,0.0,0.0,0.0,0.0,0.0,0.0,0.0,0.0,0.0,0.0,0.002,0.998,0.050590158272456734,1882,0.0003273390173212401,1.7764748917503878e-07,7.168826391456271e-05,16,20,False,0.995,0.005,0.66,fixed,100,none,371c9e91-ddfd-4fc0-aac2-c83fd387c776
593,67500,24.032538414001465,1.0,1.0,1.0,0.9960959999999999,0.0,0.0,0.0,0.0,0.0,0.0,0.0,0.0,0.0,0.0,0.0,0.0,0.0,0.0,0.002,0.998,0.050590158272456734,1882,0.0003274992327467676,1.795323408931502e-07,7.172369319303713e-05,16,20,False,0.995,0.005,0.66,fixed,100,none,371c9e91-ddfd-4fc0-aac2-c83fd387c776
594,67600,24.05252432823181,1.0,1.0,1.0,0.9960959999999999,0.0,0.0,0.0,0.0,0.0,0.0,0.0,0.0,0.0,0.0,0.0,0.0,0.0,0.0,0.002,0.998,0.050590158272456734,1882,0.0003281732180504724,1.7965486789924292e-07,7.187125185614926e-05,16,20,False,0.995,0.005,0.66,fixed,100,none,371c9e91-ddfd-4fc0-aac2-c83fd387c776
595,67700,24.072287797927856,1.0,1.0,1.0,0.9960959999999999,0.0,0.0,0.0,0.0,0.0,0.0,0.0,0.0,0.0,0.0,0.0,0.0,0.0,0.0,0.002,0.998,0.050590158272456734,1882,0.0003281732180504724,1.7965486789924292e-07,7.187125185614926e-05,16,20,False,0.995,0.005,0.66,fixed,100,none,371c9e91-ddfd-4fc0-aac2-c83fd387c776
596,67800,24.091978788375854,1.0,1.0,1.0,0.9960959999999999,0.0,0.0,0.0,0.0,0.0,0.0,0.0,0.0,0.0,0.0,0.0,0.0,0.0,0.0,0.002,0.998,0.050590158272456734,1882,0.0003289402193286032,1.7990139477957206e-07,7.203919527603936e-05,16,20,False,0.995,0.005,0.66,fixed,100,none,371c9e91-ddfd-4fc0-aac2-c83fd387c776
597,68100,24.11164140701294,1.0,1.0,1.0,0.9960959999999999,0.0,0.0,0.0,0.0,0.0,0.0,0.0,0.0,0.0,0.0,0.0,0.0,0.0,0.0,0.002,0.998,0.050590158272456734,1882,0.0003289241112176264,1.7966816628264146e-07,7.203562489713212e-05,16,20,False,0.995,0.005,0.66,fixed,100,none,371c9e91-ddfd-4fc0-aac2-c83fd387c776
598,68200,24.131535530090332,1.0,1.0,1.0,0.9960959999999999,0.0,0.0,0.0,0.0,0.0,0.0,0.0,0.0,0.0,0.0,0.0,0.0,0.0,0.0,0.002,0.998,0.050590158272456734,1882,0.0003313595258297344,1.8258385587765403e-07,7.256929113674561e-05,16,20,False,0.995,0.005,0.66,fixed,100,none,371c9e91-ddfd-4fc0-aac2-c83fd387c776
599,68500,24.15167546272278,1.0,1.0,1.0,0.9960959999999999,0.0,0.0,0.0,0.0,0.0,0.0,0.0,0.0,0.0,0.0,0.0,0.0,0.0,0.0,0.002,0.998,0.050590158272456734,1882,0.00033152511473403065,1.8231989198819976e-07,7.260548839475706e-05,16,20,False,0.995,0.005,0.66,fixed,100,none,371c9e91-ddfd-4fc0-aac2-c83fd387c776
600,68600,24.171607494354248,1.0,1.0,1.0,0.9960959999999999,0.0,0.0,0.0,0.0,0.0,0.0,0.0,0.0,0.0,0.0,0.0,0.0,0.0,0.0,0.002,0.998,0.05059015827245674,1882,0.0003313042733815912,1.8187949525644998e-07,7.255706254732905e-05,16,20,False,0.995,0.005,0.66,fixed,100,none,371c9e91-ddfd-4fc0-aac2-c83fd387c776
601,68700,24.191420316696167,1.0,1.0,1.0,0.9960959999999999,0.0,0.0,0.0,0.0,0.0,0.0,0.0,0.0,0.0,0.0,0.0,0.0,0.0,0.0,0.002,0.998,0.05059015827245674,1882,0.00033144175073171765,1.8227742475747829e-07,7.258723194587692e-05,16,20,False,0.995,0.005,0.66,fixed,100,none,371c9e91-ddfd-4fc0-aac2-c83fd387c776
602,68800,24.211339235305786,1.0,1.0,1.0,0.9960959999999999,0.0,0.0,0.0,0.0,0.0,0.0,0.0,0.0,0.0,0.0,0.0,0.0,0.0,0.0,0.002,0.998,0.05059015827245674,1882,0.0003328503036468161,1.835999230103794e-07,7.289581545366003e-05,16,20,False,0.995,0.005,0.66,fixed,100,none,371c9e91-ddfd-4fc0-aac2-c83fd387c776
603,68900,24.23167085647583,1.0,1.0,1.0,0.9960959999999999,0.0,0.0,0.0,0.0,0.0,0.0,0.0,0.0,0.0,0.0,0.0,0.0,0.0,0.0,0.002,0.998,0.050590158272456734,1882,0.00033318397333439954,1.835734723496592e-07,7.29688507226465e-05,16,20,False,0.995,0.005,0.66,fixed,100,none,371c9e91-ddfd-4fc0-aac2-c83fd387c776
604,69200,24.25188398361206,1.0,1.0,1.0,0.9960959999999999,0.0,0.0,0.0,0.0,0.0,0.0,0.0,0.0,0.0,0.0,0.0,0.0,0.0,0.0,0.002,0.998,0.050590158272456734,1882,0.0003331769537223906,1.8377994018054263e-07,7.296735335846561e-05,16,20,False,0.995,0.005,0.66,fixed,100,none,371c9e91-ddfd-4fc0-aac2-c83fd387c776
605,69300,24.271653652191162,1.0,1.0,1.0,0.9960959999999999,0.0,0.0,0.0,0.0,0.0,0.0,0.0,0.0,0.0,0.0,0.0,0.0,0.0,0.0,0.002,0.998,0.050590158272456734,1882,0.00033457338058680617,1.856758598774377e-07,7.327339142382859e-05,16,20,False,0.995,0.005,0.66,fixed,100,none,371c9e91-ddfd-4fc0-aac2-c83fd387c776
606,69500,24.29128074645996,1.0,1.0,1.0,0.9960959999999999,0.0,0.0,0.0,0.0,0.0,0.0,0.0,0.0,0.0,0.0,0.0,0.0,0.0,0.0,0.002,0.998,0.050590158272456734,1882,0.00033799755246759515,1.8847463584590809e-07,7.40234744159673e-05,16,20,False,0.995,0.005,0.66,fixed,100,none,371c9e91-ddfd-4fc0-aac2-c83fd387c776
607,69600,24.310948610305786,1.0,1.0,1.0,0.9960959999999999,0.0,0.0,0.0,0.0,0.0,0.0,0.0,0.0,0.0,0.0,0.0,0.0,0.0,0.0,0.002,0.998,0.050590158272456734,1882,0.00034028104685757154,1.9042710209214947e-07,7.452370230651992e-05,16,20,False,0.995,0.005,0.66,fixed,100,none,371c9e91-ddfd-4fc0-aac2-c83fd387c776
608,69800,24.330496311187744,1.0,1.0,1.0,0.9960959999999999,0.0,0.0,0.0,0.0,0.0,0.0,0.0,0.0,0.0,0.0,0.0,0.0,0.0,0.0,0.002,0.998,0.050590158272456734,1882,0.0003408958008701623,1.9034781350486662e-07,7.465825689504446e-05,16,20,False,0.995,0.005,0.66,fixed,100,none,371c9e91-ddfd-4fc0-aac2-c83fd387c776
609,69900,24.35004496574402,1.0,1.0,1.0,0.9960959999999999,0.0,0.0,0.0,0.0,0.0,0.0,0.0,0.0,0.0,0.0,0.0,0.0,0.0,0.0,0.002,0.998,0.050590158272456734,1882,0.000340313906795716,1.903431142723968e-07,7.4530879389294e-05,16,20,False,0.995,0.005,0.66,fixed,100,none,371c9e91-ddfd-4fc0-aac2-c83fd387c776
610,70000,24.369767665863037,1.0,1.0,1.0,0.9960959999999999,0.0,0.0,0.0,0.0,0.0,0.0,0.0,0.0,0.0,0.0,0.0,0.0,0.0,0.0,0.002,0.998,0.050590158272456734,1882,0.00034198601037004837,1.910724786433332e-07,7.489704144094583e-05,16,20,False,0.995,0.005,0.66,fixed,100,none,371c9e91-ddfd-4fc0-aac2-c83fd387c776
611,70300,24.389710187911987,1.0,1.0,1.0,0.9960959999999999,0.0,0.0,0.0,0.0,0.0,0.0,0.0,0.0,0.0,0.0,0.0,0.0,0.0,0.0,0.002,0.998,0.05097620089879156,1881,0.00034126457903646215,1.909559945486539e-07,7.473909799004582e-05,16,20,False,0.995,0.005,0.66,fixed,100,none,371c9e91-ddfd-4fc0-aac2-c83fd387c776
612,70400,24.409532070159912,1.0,1.0,1.0,0.9960959999999999,0.0,0.0,0.0,0.0,0.0,0.0,0.0,0.0,0.0,0.0,0.0,0.0,0.0,0.0,0.002,0.998,0.05097620089879156,1881,0.00034157399509363024,1.9163574736873127e-07,7.480695831799572e-05,16,20,False,0.995,0.005,0.66,fixed,100,none,371c9e91-ddfd-4fc0-aac2-c83fd387c776
613,70500,24.42972683906555,1.0,1.0,1.0,0.9960959999999999,0.0,0.0,0.0,0.0,0.0,0.0,0.0,0.0,0.0,0.0,0.0,0.0,0.0,0.0,0.002,0.998,0.05097620089879156,1881,0.00034157399509363024,1.9163574736873127e-07,7.480695831799572e-05,16,20,False,0.995,0.005,0.66,fixed,100,none,371c9e91-ddfd-4fc0-aac2-c83fd387c776
614,70600,24.449631214141846,1.0,1.0,1.0,0.9960959999999999,0.0,0.0,0.0,0.0,0.0,0.0,0.0,0.0,0.0,0.0,0.0,0.0,0.0,0.0,0.002,0.998,0.05097620089879156,1881,0.0003422241165954557,1.9189545926000585e-07,7.494931926000465e-05,16,20,False,0.995,0.005,0.66,fixed,100,none,371c9e91-ddfd-4fc0-aac2-c83fd387c776
615,70700,24.469447135925293,1.0,1.0,1.0,0.9960959999999999,0.0,0.0,0.0,0.0,0.0,0.0,0.0,0.0,0.0,0.0,0.0,0.0,0.0,0.0,0.002,0.998,0.05097620089879156,1881,0.00034359056949167686,1.929907355696652e-07,7.52486439014863e-05,16,20,False,0.995,0.005,0.66,fixed,100,none,371c9e91-ddfd-4fc0-aac2-c83fd387c776
616,70900,24.489197731018066,1.0,1.0,1.0,0.9960959999999999,0.0,0.0,0.0,0.0,0.0,0.0,0.0,0.0,0.0,0.0,0.0,0.0,0.0,0.0,0.002,0.998,0.05097620089879156,1881,0.0003440973702966282,1.9308768251730968e-07,7.53596010176102e-05,16,20,False,0.995,0.005,0.66,fixed,100,none,371c9e91-ddfd-4fc0-aac2-c83fd387c776
617,71000,24.509113311767578,1.0,1.0,1.0,0.9960959999999999,0.0,0.0,0.0,0.0,0.0,0.0,0.0,0.0,0.0,0.0,0.0,0.0,0.0,0.0,0.002,0.998,0.05097620089879156,1881,0.00034463777620324736,1.9350091625528027e-07,7.547797438497935e-05,16,20,False,0.995,0.005,0.66,fixed,100,none,371c9e91-ddfd-4fc0-aac2-c83fd387c776
618,71100,24.528964042663574,1.0,1.0,1.0,0.9960959999999999,0.0,0.0,0.0,0.0,0.0,0.0,0.0,0.0,0.0,0.0,0.0,0.0,0.0,0.0,0.002,0.998,0.05097620089879156,1881,0.00034417949224378784,1.938017170866855e-07,7.537771317841164e-05,16,20,False,0.995,0.005,0.66,fixed,100,none,371c9e91-ddfd-4fc0-aac2-c83fd387c776
619,71400,24.549006462097168,1.0,1.0,1.0,0.9960959999999999,0.0,0.0,0.0,0.0,0.0,0.0,0.0,0.0,0.0,0.0,0.0,0.0,0.0,0.0,0.002,0.998,0.05059015827245674,1882,0.00034723168697080607,1.9663001860989919e-07,7.604637598144533e-05,16,20,False,0.995,0.005,0.66,fixed,100,none,371c9e91-ddfd-4fc0-aac2-c83fd387c776
620,71500,24.569185256958008,1.0,1.0,1.0,0.9960959999999999,0.0,0.0,0.0,0.0,0.0,0.0,0.0,0.0,0.0,0.0,0.0,0.0,0.0,0.0,0.002,0.998,0.05059015827245674,1882,0.00034710310980154966,1.9701128939798548e-07,7.601830288054485e-05,16,20,False,0.995,0.005,0.66,fixed,100,none,371c9e91-ddfd-4fc0-aac2-c83fd387c776
621,71600,24.588939666748047,1.0,1.0,1.0,0.9960959999999999,0.0,0.0,0.0,0.0,0.0,0.0,0.0,0.0,0.0,0.0,0.0,0.0,0.0,0.0,0.002,0.998,0.05059015827245674,1882,0.0003462935813054967,1.962138747113489e-07,7.584094558396838e-05,16,20,False,0.995,0.005,0.66,fixed,100,none,371c9e91-ddfd-4fc0-aac2-c83fd387c776
622,71700,24.608680963516235,1.0,1.0,1.0,0.9960959999999999,0.0,0.0,0.0,0.0,0.0,0.0,0.0,0.0,0.0,0.0,0.0,0.0,0.0,0.0,0.002,0.998,0.05097620089879156,1881,0.00034733957760873005,1.976054983720281e-07,7.60701785832417e-05,16,20,False,0.995,0.005,0.66,fixed,100,none,371c9e91-ddfd-4fc0-aac2-c83fd387c776
623,71800,24.628355026245117,1.0,1.0,1.0,0.9960959999999999,0.0,0.0,0.0,0.0,0.0,0.0,0.0,0.0,0.0,0.0,0.0,0.0,0.0,0.0,0.002,0.998,0.05097620089879156,1881,0.00034705561799212457,1.9745432177542334e-07,7.600799109961341e-05,16,20,False,0.995,0.005,0.66,fixed,100,none,371c9e91-ddfd-4fc0-aac2-c83fd387c776
624,72100,24.647936820983887,1.0,1.0,1.0,0.9960959999999999,0.0,0.0,0.0,0.0,0.0,0.0,0.0,0.0,0.0,0.0,0.0,0.0,0.0,0.0,0.002,0.998,0.05097620089879156,1881,0.00034683871421705835,1.9880293791041774e-07,7.596076710031706e-05,16,20,False,0.995,0.005,0.66,fixed,100,none,371c9e91-ddfd-4fc0-aac2-c83fd387c776
625,72200,24.66753125190735,1.0,1.0,1.0,0.9960959999999999,0.0,0.0,0.0,0.0,0.0,0.0,0.0,0.0,0.0,0.0,0.0,0.0,0.0,0.0,0.002,0.998,0.05097620089879156,1881,0.0003471745472359745,1.9880765361442619e-07,7.603428184414156e-05,16,20,False,0.995,0.005,0.66,fixed,100,none,371c9e91-ddfd-4fc0-aac2-c83fd387c776
626,72400,24.68730330467224,1.0,1.0,1.0,0.9960959999999999,0.0,0.0,0.0,0.0,0.0,0.0,0.0,0.0,0.0,0.0,0.0,0.0,0.0,0.0,0.002,0.998,0.05097620089879156,1881,0.0003494084401682805,2.0053339591466746e-07,7.652360889806039e-05,16,20,False,0.995,0.005,0.66,fixed,100,none,371c9e91-ddfd-4fc0-aac2-c83fd387c776
627,72500,24.707016229629517,1.0,1.0,1.0,0.9960959999999999,0.0,0.0,0.0,0.0,0.0,0.0,0.0,0.0,0.0,0.0,0.0,0.0,0.0,0.0,0.002,0.998,0.05097620089879156,1881,0.0003489885578730188,2.0069452732211288e-07,7.643172727859501e-05,16,20,False,0.995,0.005,0.66,fixed,100,none,371c9e91-ddfd-4fc0-aac2-c83fd387c776
628,72700,24.726630687713623,1.0,1.0,1.0,0.9960959999999999,0.0,0.0,0.0,0.0,0.0,0.0,0.0,0.0,0.0,0.0,0.0,0.0,0.0,0.0,0.002,0.998,0.05097620089879156,1881,0.0003491722479245289,2.0131606447217766e-07,7.64720551229291e-05,16,20,False,0.995,0.005,0.66,fixed,100,none,371c9e91-ddfd-4fc0-aac2-c83fd387c776
629,72800,24.746229887008667,1.0,1.0,1.0,0.9960959999999999,0.0,0.0,0.0,0.0,0.0,0.0,0.0,0.0,0.0,0.0,0.0,0.0,0.0,0.0,0.002,0.998,0.05097620089879156,1881,0.00034929019589812366,2.013743988105692e-07,7.649788501787327e-05,16,20,False,0.995,0.005,0.66,fixed,100,none,371c9e91-ddfd-4fc0-aac2-c83fd387c776
630,72900,24.76578998565674,1.0,1.0,1.0,0.9960959999999999,0.0,0.0,0.0,0.0,0.0,0.0,0.0,0.0,0.0,0.0,0.0,0.0,0.0,0.0,0.002,0.998,0.05097620089879156,1881,0.0003495625423609607,2.008940356385119e-07,7.655741038958562e-05,16,20,False,0.995,0.005,0.66,fixed,100,none,371c9e91-ddfd-4fc0-aac2-c83fd387c776
631,73200,24.785322666168213,1.0,1.0,1.0,0.9960959999999999,0.0,0.0,0.0,0.0,0.0,0.0,0.0,0.0,0.0,0.0,0.0,0.0,0.0,0.0,0.002,0.998,0.05097620089879156,1881,0.00035043478281765217,2.0199220408330495e-07,7.67485524775599e-05,16,20,False,0.995,0.005,0.66,fixed,100,none,371c9e91-ddfd-4fc0-aac2-c83fd387c776
632,73300,24.805009365081787,1.0,1.0,1.0,0.9960959999999999,0.0,0.0,0.0,0.0,0.0,0.0,0.0,0.0,0.0,0.0,0.0,0.0,0.0,0.0,0.002,0.998,0.05097620089879156,1881,0.00035043478281765217,2.0199220408330495e-07,7.67485524775599e-05,16,20,False,0.995,0.005,0.66,fixed,100,none,371c9e91-ddfd-4fc0-aac2-c83fd387c776
633,73400,24.824594736099243,1.0,1.0,1.0,0.9960959999999999,0.0,0.0,0.0,0.0,0.0,0.0,0.0,0.0,0.0,0.0,0.0,0.0,0.0,0.0,0.002,0.998,0.0513612395130943,1880,0.0003511431459472156,2.0262305994202788e-07,7.69037330292345e-05,16,20,False,0.995,0.005,0.66,fixed,100,none,371c9e91-ddfd-4fc0-aac2-c83fd387c776
634,73500,24.844252586364746,1.0,1.0,1.0,0.9960959999999999,0.0,0.0,0.0,0.0,0.0,0.0,0.0,0.0,0.0,0.0,0.0,0.0,0.0,0.0,0.002,0.998,0.0513612395130943,1880,0.00034982652750969193,2.0179153502716468e-07,7.661536726352673e-05,16,20,False,0.995,0.005,0.66,fixed,100,none,371c9e91-ddfd-4fc0-aac2-c83fd387c776
635,73600,24.864115953445435,1.0,1.0,1.0,0.9960959999999999,0.0,0.0,0.0,0.0,0.0,0.0,0.0,0.0,0.0,0.0,0.0,0.0,0.0,0.0,0.002,0.998,0.0513612395130943,1880,0.00034982652750969193,2.0179153502716468e-07,7.661536726352673e-05,16,20,False,0.995,0.005,0.66,fixed,100,none,371c9e91-ddfd-4fc0-aac2-c83fd387c776
636,73900,24.88392734527588,1.0,1.0,1.0,0.9960959999999999,0.0,0.0,0.0,0.0,0.0,0.0,0.0,0.0,0.0,0.0,0.0,0.0,0.0,0.0,0.002,0.998,0.051745274115365,1879,0.0003498226068473228,2.0188482602559079e-07,7.661452675582382e-05,16,20,False,0.995,0.005,0.66,fixed,100,none,371c9e91-ddfd-4fc0-aac2-c83fd387c776
637,74000,24.903703689575195,1.0,1.0,1.0,0.9960959999999999,0.0,0.0,0.0,0.0,0.0,0.0,0.0,0.0,0.0,0.0,0.0,0.0,0.0,0.0,0.002,0.998,0.051745274115365,1879,0.00034998276564954635,2.02212366234993e-07,7.664964775027035e-05,16,20,False,0.995,0.005,0.66,fixed,100,none,371c9e91-ddfd-4fc0-aac2-c83fd387c776
638,74200,24.92362332344055,1.0,1.0,1.0,0.9960959999999999,0.0,0.0,0.0,0.0,0.0,0.0,0.0,0.0,0.0,0.0,0.0,0.0,0.0,0.0,0.002,0.998,0.051745274115365,1879,0.000350459452800835,2.026178816581003e-07,7.675407161561782e-05,16,20,False,0.995,0.005,0.66,fixed,100,none,371c9e91-ddfd-4fc0-aac2-c83fd387c776
639,74300,24.943796396255493,1.0,1.0,1.0,0.9960959999999999,0.0,0.0,0.0,0.0,0.0,0.0,0.0,0.0,0.0,0.0,0.0,0.0,0.0,0.0,0.002,0.998,0.051745274115365,1879,0.00035161460514978693,2.031470617301845e-07,7.70070350090171e-05,16,20,False,0.995,0.005,0.66,fixed,100,none,371c9e91-ddfd-4fc0-aac2-c83fd387c776
640,74500,24.963802337646484,1.0,1.0,1.0,0.9960959999999999,0.0,0.0,0.0,0.0,0.0,0.0,0.0,0.0,0.0,0.0,0.0,0.0,0.0,0.0,0.002,0.998,0.051745274115365,1879,0.0003505162963713572,2.0237382043699175e-07,7.676646830157311e-05,16,20,False,0.995,0.005,0.66,fixed,100,none,371c9e91-ddfd-4fc0-aac2-c83fd387c776
641,74600,24.983949899673462,1.0,1.0,1.0,0.9960959999999999,0.0,0.0,0.0,0.0,0.0,0.0,0.0,0.0,0.0,0.0,0.0,0.0,0.0,0.0,0.002,0.998,0.051745274115365,1879,0.0003507197192927569,2.0202733628107892e-07,7.68109317470779e-05,16,20,False,0.995,0.005,0.66,fixed,100,none,371c9e91-ddfd-4fc0-aac2-c83fd387c776
642,74700,25.00395894050598,1.0,1.0,1.0,0.9960959999999999,0.0,0.0,0.0,0.0,0.0,0.0,0.0,0.0,0.0,0.0,0.0,0.0,0.0,0.0,0.002,0.998,0.051745274115365,1879,0.00035118404893445565,2.019986317974122e-07,7.691256805179386e-05,16,20,False,0.995,0.005,0.66,fixed,100,none,371c9e91-ddfd-4fc0-aac2-c83fd387c776
643,75000,25.02378535270691,1.0,1.0,1.0,0.9960959999999999,0.0,0.0,0.0,0.0,0.0,0.0,0.0,0.0,0.0,0.0,0.0,0.0,0.0,0.0,0.002,0.998,0.051745274115365,1879,0.0003532438332210408,2.0385095019110804e-07,7.736380677262215e-05,16,20,False,0.995,0.005,0.66,fixed,100,none,371c9e91-ddfd-4fc0-aac2-c83fd387c776
644,75100,25.043620109558105,1.0,1.0,1.0,0.9960959999999999,0.0,0.0,0.0,0.0,0.0,0.0,0.0,0.0,0.0,0.0,0.0,0.0,0.0,0.0,0.002,0.998,0.051745274115365,1879,0.0003542140584811046,2.0640209942626228e-07,7.757667380040478e-05,16,20,False,0.995,0.005,0.66,fixed,100,none,371c9e91-ddfd-4fc0-aac2-c83fd387c776
645,75200,25.06332015991211,1.0,1.0,1.0,0.9960959999999999,0.0,0.0,0.0,0.0,0.0,0.0,0.0,0.0,0.0,0.0,0.0,0.0,0.0,0.0,0.002,0.998,0.051745274115365,1879,0.00035535927341176607,2.072041519377983e-07,7.782751373870378e-05,16,20,False,0.995,0.005,0.66,fixed,100,none,371c9e91-ddfd-4fc0-aac2-c83fd387c776
646,75300,25.083202123641968,1.0,1.0,1.0,0.9960959999999999,0.0,0.0,0.0,0.0,0.0,0.0,0.0,0.0,0.0,0.0,0.0,0.0,0.0,0.0,0.002,0.998,0.051745274115365,1879,0.0003555821990318759,2.0702193827052766e-07,7.787627753634904e-05,16,20,False,0.995,0.005,0.66,fixed,100,none,371c9e91-ddfd-4fc0-aac2-c83fd387c776
647,75400,25.10287642478943,1.0,1.0,1.0,0.9960959999999999,0.0,0.0,0.0,0.0,0.0,0.0,0.0,0.0,0.0,0.0,0.0,0.0,0.0,0.0,0.002,0.998,0.0513612395130943,1880,0.00035660368766348273,2.0793336402187757e-07,7.810005456870054e-05,16,20,False,0.995,0.005,0.66,fixed,100,none,371c9e91-ddfd-4fc0-aac2-c83fd387c776
648,75700,25.122610330581665,1.0,1.0,1.0,0.9960959999999999,0.0,0.0,0.0,0.0,0.0,0.0,0.0,0.0,0.0,0.0,0.0,0.0,0.0,0.0,0.002,0.998,0.0513612395130943,1880,0.00035490855239692234,2.075111826814823e-07,7.772890924439578e-05,16,20,False,0.995,0.005,0.66,fixed,100,none,371c9e91-ddfd-4fc0-aac2-c83fd387c776
649,75800,25.142397165298462,1.0,1.0,1.0,0.9960959999999999,0.0,0.0,0.0,0.0,0.0,0.0,0.0,0.0,0.0,0.0,0.0,0.0,0.0,0.0,0.002,0.998,0.0513612395130943,1880,0.00035398757942839,2.0742253027635904e-07,7.752729141762708e-05,16,20,False,0.995,0.005,0.66,fixed,100,none,371c9e91-ddfd-4fc0-aac2-c83fd387c776
650,75900,25.16219472885132,1.0,1.0,1.0,0.9960959999999999,0.0,0.0,0.0,0.0,0.0,0.0,0.0,0.0,0.0,0.0,0.0,0.0,0.0,0.0,0.002,0.998,0.0513612395130943,1880,0.0003545584455795805,2.0846469256129226e-07,7.765245202895682e-05,16,20,False,0.995,0.005,0.66,fixed,100,none,371c9e91-ddfd-4fc0-aac2-c83fd387c776
651,76000,25.182104349136353,1.0,1.0,1.0,0.9960959999999999,0.0,0.0,0.0,0.0,0.0,0.0,0.0,0.0,0.0,0.0,0.0,0.0,0.0,0.0,0.002,0.998,0.0513612395130943,1880,0.00035477857760185907,2.0857420770230809e-07,7.77006597365104e-05,16,20,False,0.995,0.005,0.66,fixed,100,none,371c9e91-ddfd-4fc0-aac2-c83fd387c776
652,76100,25.201953411102295,1.0,1.0,1.0,0.9960959999999999,0.0,0.0,0.0,0.0,0.0,0.0,0.0,0.0,0.0,0.0,0.0,0.0,0.0,0.0,0.002,0.998,0.0513612395130943,1880,0.00035471609859441056,2.0836771395650904e-07,7.768694384796822e-05,16,20,False,0.995,0.005,0.66,fixed,100,none,371c9e91-ddfd-4fc0-aac2-c83fd387c776
653,76400,25.225627183914185,1.0,1.0,1.0,0.9960959999999999,0.0,0.0,0.0,0.0,0.0,0.0,0.0,0.0,0.0,0.0,0.0,0.0,0.0,0.0,0.002,0.998,0.0513612395130943,1880,0.00035783328623584465,2.10978009867719e-07,7.836979217890126e-05,16,20,False,0.995,0.005,0.66,fixed,100,none,371c9e91-ddfd-4fc0-aac2-c83fd387c776
654,76500,25.245624780654907,1.0,1.0,1.0,0.9960959999999999,0.0,0.0,0.0,0.0,0.0,0.0,0.0,0.0,0.0,0.0,0.0,0.0,0.0,0.0,0.002,0.998,0.0513612395130943,1880,0.0003569352399278102,2.1106140773852568e-07,7.817322568766797e-05,16,20,False,0.995,0.005,0.66,fixed,100,none,371c9e91-ddfd-4fc0-aac2-c83fd387c776
655,76800,25.26588773727417,1.0,1.0,1.0,0.9960959999999999,0.0,0.0,0.0,0.0,0.0,0.0,0.0,0.0,0.0,0.0,0.0,0.0,0.0,0.0,0.002,0.998,0.05097620089879156,1881,0.0003582435705088258,2.121259853206751e-07,7.845982152159289e-05,16,20,False,0.995,0.005,0.66,fixed,100,none,371c9e91-ddfd-4fc0-aac2-c83fd387c776
656,76900,25.285736083984375,1.0,1.0,1.0,0.9960959999999999,0.0,0.0,0.0,0.0,0.0,0.0,0.0,0.0,0.0,0.0,0.0,0.0,0.0,0.0,0.002,0.998,0.05097620089879156,1881,0.0003582435705088258,2.121259853206751e-07,7.845982152159289e-05,16,20,False,0.995,0.005,0.66,fixed,100,none,371c9e91-ddfd-4fc0-aac2-c83fd387c776
657,77000,25.305694580078125,1.0,1.0,1.0,0.9960959999999999,0.0,0.0,0.0,0.0,0.0,0.0,0.0,0.0,0.0,0.0,0.0,0.0,0.0,0.0,0.002,0.998,0.0513612395130943,1880,0.00035998409281041825,2.1311154428898667e-07,7.884100910961546e-05,16,20,False,0.995,0.005,0.66,fixed,100,none,371c9e91-ddfd-4fc0-aac2-c83fd387c776
658,77100,25.325690507888794,1.0,1.0,1.0,0.9960959999999999,0.0,0.0,0.0,0.0,0.0,0.0,0.0,0.0,0.0,0.0,0.0,0.0,0.0,0.0,0.002,0.998,0.05097620089879156,1881,0.00035914728434883596,2.12333735387314e-07,7.865768395368378e-05,16,20,False,0.995,0.005,0.66,fixed,100,none,371c9e91-ddfd-4fc0-aac2-c83fd387c776
659,77200,25.345544576644897,1.0,1.0,1.0,0.9960959999999999,0.0,0.0,0.0,0.0,0.0,0.0,0.0,0.0,0.0,0.0,0.0,0.0,0.0,0.0,0.002,0.998,0.05097620089879156,1881,0.0003596184524471103,2.129106591176173e-07,7.87609322659048e-05,16,20,False,0.995,0.005,0.66,fixed,100,none,371c9e91-ddfd-4fc0-aac2-c83fd387c776
660,77500,25.365260124206543,1.0,1.0,1.0,0.9960959999999999,0.0,0.0,0.0,0.0,0.0,0.0,0.0,0.0,0.0,0.0,0.0,0.0,0.0,0.0,0.002,0.998,0.0513612395130943,1880,0.00036025949760850473,2.1189030275354466e-07,7.890106318402488e-05,16,20,False,0.995,0.005,0.66,fixed,100,none,371c9e91-ddfd-4fc0-aac2-c83fd387c776
661,77600,25.385010957717896,1.0,1.0,1.0,0.9960959999999999,0.0,0.0,0.0,0.0,0.0,0.0,0.0,0.0,0.0,0.0,0.0,0.0,0.0,0.0,0.002,0.998,0.0513612395130943,1880,0.00035985503583634243,2.1185166040845193e-07,7.881251916005296e-05,16,20,False,0.995,0.005,0.66,fixed,100,none,371c9e91-ddfd-4fc0-aac2-c83fd387c776
662,77700,25.405009746551514,1.0,1.0,1.0,0.9960959999999999,0.0,0.0,0.0,0.0,0.0,0.0,0.0,0.0,0.0,0.0,0.0,0.0,0.0,0.0,0.002,0.998,0.0513612395130943,1880,0.0003588574725128195,2.107615374758238e-07,7.859394542517661e-05,16,20,False,0.995,0.005,0.66,fixed,100,none,371c9e91-ddfd-4fc0-aac2-c83fd387c776
663,77800,25.425318002700806,1.0,1.0,1.0,0.9960959999999999,0.0,0.0,0.0,0.0,0.0,0.0,0.0,0.0,0.0,0.0,0.0,0.0,0.0,0.0,0.002,0.998,0.05097620089879156,1881,0.000358964631034247,2.1142022764935266e-07,7.861752757665005e-05,16,20,False,0.995,0.005,0.66,fixed,100,none,371c9e91-ddfd-4fc0-aac2-c83fd387c776
664,77900,25.44510316848755,1.0,1.0,1.0,0.9960959999999999,0.0,0.0,0.0,0.0,0.0,0.0,0.0,0.0,0.0,0.0,0.0,0.0,0.0,0.0,0.002,0.998,0.05097620089879156,1881,0.0003596016497454083,2.1142266820237045e-07,7.875697143622834e-05,16,20,False,0.995,0.005,0.66,fixed,100,none,371c9e91-ddfd-4fc0-aac2-c83fd387c776
665,78200,25.464762687683105,1.0,1.0,1.0,0.9960959999999999,0.0,0.0,0.0,0.0,0.0,0.0,0.0,0.0,0.0,0.0,0.0,0.0,0.0,0.0,0.002,0.998,0.05097620089879156,1881,0.00035980712296114123,2.1279004981386426e-07,7.880220932565846e-05,16,20,False,0.995,0.005,0.66,fixed,100,none,371c9e91-ddfd-4fc0-aac2-c83fd387c776
666,78300,25.484534740447998,1.0,1.0,1.0,0.9960959999999999,0.0,0.0,0.0,0.0,0.0,0.0,0.0,0.0,0.0,0.0,0.0,0.0,0.0,0.0,0.002,0.998,0.05097620089879156,1881,0.00036092080129809996,2.1293881663833882e-07,7.904602177931536e-05,16,20,False,0.995,0.005,0.66,fixed,100,none,371c9e91-ddfd-4fc0-aac2-c83fd387c776
667,78400,25.50458288192749,1.0,1.0,1.0,0.9960959999999999,0.0,0.0,0.0,0.0,0.0,0.0,0.0,0.0,0.0,0.0,0.0,0.0,0.0,0.0,0.002,0.998,0.05097620089879156,1881,0.0003607869727887323,2.122774126284162e-07,7.90166010518529e-05,16,20,False,0.995,0.005,0.66,fixed,100,none,371c9e91-ddfd-4fc0-aac2-c83fd387c776
668,78600,25.524341106414795,1.0,1.0,1.0,0.9960959999999999,0.0,0.0,0.0,0.0,0.0,0.0,0.0,0.0,0.0,0.0,0.0,0.0,0.0,0.0,0.002,0.998,0.050590158272456734,1882,0.0003628458004390603,2.1334876433730973e-07,7.946748198133439e-05,16,20,False,0.995,0.005,0.66,fixed,100,none,371c9e91-ddfd-4fc0-aac2-c83fd387c776
669,78700,25.544013738632202,1.0,1.0,1.0,0.9960959999999999,0.0,0.0,0.0,0.0,0.0,0.0,0.0,0.0,0.0,0.0,0.0,0.0,0.0,0.0,0.002,0.998,0.050590158272456734,1882,0.00036272119683998885,2.1332575188104377e-07,7.944020188113096e-05,16,20,False,0.995,0.005,0.66,fixed,100,none,371c9e91-ddfd-4fc0-aac2-c83fd387c776
670,78900,25.563687801361084,1.0,1.0,1.0,0.9960959999999999,0.0,0.0,0.0,0.0,0.0,0.0,0.0,0.0,0.0,0.0,0.0,0.0,0.0,0.0,0.002,0.998,0.05097620089879156,1881,0.00036341797445190604,2.149337840104232e-07,7.959303202648422e-05,16,20,False,0.995,0.005,0.66,fixed,100,none,371c9e91-ddfd-4fc0-aac2-c83fd387c776
671,79000,25.583296537399292,1.0,1.0,1.0,0.9960959999999999,0.0,0.0,0.0,0.0,0.0,0.0,0.0,0.0,0.0,0.0,0.0,0.0,0.0,0.0,0.002,0.998,0.05097620089879156,1881,0.00036296491949565303,2.1464892232844956e-07,7.949380417284086e-05,16,20,False,0.995,0.005,0.66,fixed,100,none,371c9e91-ddfd-4fc0-aac2-c83fd387c776
672,79300,25.602914571762085,1.0,1.0,1.0,0.9960959999999999,0.0,0.0,0.0,0.0,0.0,0.0,0.0,0.0,0.0,0.0,0.0,0.0,0.0,0.0,0.002,0.998,0.0513612395130943,1880,0.00036422194947306063,2.1557312755331112e-07,7.97691436338881e-05,16,20,False,0.995,0.005,0.66,fixed,100,none,371c9e91-ddfd-4fc0-aac2-c83fd387c776
673,79400,25.62277126312256,1.0,1.0,1.0,0.9960959999999999,0.0,0.0,0.0,0.0,0.0,0.0,0.0,0.0,0.0,0.0,0.0,0.0,0.0,0.0,0.002,0.998,0.0513612395130943,1880,0.00036460111585086546,2.1573064798651948e-07,7.98521730828719e-05,16,20,False,0.995,0.005,0.66,fixed,100,none,371c9e91-ddfd-4fc0-aac2-c83fd387c776
674,79600,25.64279341697693,1.0,1.0,1.0,0.9960959999999999,0.0,0.0,0.0,0.0,0.0,0.0,0.0,0.0,0.0,0.0,0.0,0.0,0.0,0.0,0.002,0.998,0.0513612395130943,1880,0.00036551406952725065,2.1615947809323541e-07,8.005210012035288e-05,16,20,False,0.995,0.005,0.66,fixed,100,none,371c9e91-ddfd-4fc0-aac2-c83fd387c776
675,79700,25.662618398666382,1.0,1.0,1.0,0.9960959999999999,0.0,0.0,0.0,0.0,0.0,0.0,0.0,0.0,0.0,0.0,0.0,0.0,0.0,0.0,0.002,0.998,0.0513612395130943,1880,0.0003651074849042969,2.158496940874543e-07,7.99630398874272e-05,16,20,False,0.995,0.005,0.66,fixed,100,none,371c9e91-ddfd-4fc0-aac2-c83fd387c776
676,80000,25.68240237236023,1.0,1.0,1.0,0.9960959999999999,0.0,0.0,0.0,0.0,0.0,0.0,0.0,0.0,0.0,0.0,0.0,0.0,0.0,0.0,0.002,0.998,0.0513612395130943,1880,0.0003654129667789646,2.1590616835797688e-07,8.002992059990336e-05,16,20,False,0.995,0.005,0.66,fixed,100,none,371c9e91-ddfd-4fc0-aac2-c83fd387c776
677,80100,25.702158212661743,1.0,1.0,1.0,0.9960959999999999,0.0,0.0,0.0,0.0,0.0,0.0,0.0,0.0,0.0,0.0,0.0,0.0,0.0,0.0,0.002,0.998,0.0513612395130943,1880,0.0003669893731768358,2.1655773754751024e-07,8.037511975854339e-05,16,20,False,0.995,0.005,0.66,fixed,100,none,371c9e91-ddfd-4fc0-aac2-c83fd387c776
678,80200,25.721853971481323,1.0,1.0,1.0,0.9960959999999999,0.0,0.0,0.0,0.0,0.0,0.0,0.0,0.0,0.0,0.0,0.0,0.0,0.0,0.0,0.002,0.998,0.0513612395130943,1880,0.00036700593605649105,2.1612313280875205e-07,8.037866279799956e-05,16,20,False,0.995,0.005,0.66,fixed,100,none,371c9e91-ddfd-4fc0-aac2-c83fd387c776
679,80300,25.741493463516235,1.0,1.0,1.0,0.9960959999999999,0.0,0.0,0.0,0.0,0.0,0.0,0.0,0.0,0.0,0.0,0.0,0.0,0.0,0.0,0.002,0.998,0.0513612395130943,1880,0.00036707684262254274,2.160468900538189e-07,8.039416975918483e-05,16,20,False,0.995,0.005,0.66,fixed,100,none,371c9e91-ddfd-4fc0-aac2-c83fd387c776
680,80400,25.761258602142334,1.0,1.0,1.0,0.9960959999999999,0.0,0.0,0.0,0.0,0.0,0.0,0.0,0.0,0.0,0.0,0.0,0.0,0.0,0.0,0.002,0.998,0.0513612395130943,1880,0.00036841482175331786,2.1779123909788693e-07,8.068738481722988e-05,16,20,False,0.995,0.005,0.66,fixed,100,none,371c9e91-ddfd-4fc0-aac2-c83fd387c776
681,80500,25.780810832977295,1.0,1.0,1.0,0.9960959999999999,0.0,0.0,0.0,0.0,0.0,0.0,0.0,0.0,0.0,0.0,0.0,0.0,0.0,0.0,0.002,0.998,0.0513612395130943,1880,0.00036889391718846495,2.1841579165852494e-07,8.07923774729701e-05,16,20,False,0.995,0.005,0.66,fixed,100,none,371c9e91-ddfd-4fc0-aac2-c83fd387c776
682,80700,25.80046844482422,1.0,1.0,1.0,0.9960959999999999,0.0,0.0,0.0,0.0,0.0,0.0,0.0,0.0,0.0,0.0,0.0,0.0,0.0,0.0,0.002,0.998,0.0513612395130943,1880,0.0003664221571394043,2.1566924197246092e-07,8.025078735379037e-05,16,20,False,0.995,0.005,0.66,fixed,100,none,371c9e91-ddfd-4fc0-aac2-c83fd387c776
683,80800,25.82009792327881,1.0,1.0,1.0,0.9960959999999999,0.0,0.0,0.0,0.0,0.0,0.0,0.0,0.0,0.0,0.0,0.0,0.0,0.0,0.0,0.002,0.998,0.05097620089879156,1881,0.00036635963180766616,2.1729696719228233e-07,8.023740982646466e-05,16,20,False,0.995,0.005,0.66,fixed,100,none,371c9e91-ddfd-4fc0-aac2-c83fd387c776
684,80900,25.839803218841553,1.0,1.0,1.0,0.9960959999999999,0.0,0.0,0.0,0.0,0.0,0.0,0.0,0.0,0.0,0.0,0.0,0.0,0.0,0.0,0.002,0.998,0.05097620089879156,1881,0.00036635963180766616,2.1729696719228233e-07,8.023740982646466e-05,16,20,False,0.995,0.005,0.66,fixed,100,none,371c9e91-ddfd-4fc0-aac2-c83fd387c776
685,81000,25.85979700088501,1.0,1.0,1.0,0.9960959999999999,0.0,0.0,0.0,0.0,0.0,0.0,0.0,0.0,0.0,0.0,0.0,0.0,0.0,0.0,0.002,0.998,0.05097620089879156,1881,0.00036607393983350146,2.1740791019689734e-07,8.017489293249088e-05,16,20,False,0.995,0.005,0.66,fixed,100,none,371c9e91-ddfd-4fc0-aac2-c83fd387c776
686,81100,25.87970209121704,1.0,1.0,1.0,0.9960959999999999,0.0,0.0,0.0,0.0,0.0,0.0,0.0,0.0,0.0,0.0,0.0,0.0,0.0,0.0,0.002,0.998,0.05097620089879156,1881,0.00036607393983350146,2.1740791019689734e-07,8.017489293249088e-05,16,20,False,0.995,0.005,0.66,fixed,100,none,371c9e91-ddfd-4fc0-aac2-c83fd387c776
687,81200,25.89950394630432,1.0,1.0,1.0,0.9960959999999999,0.0,0.0,0.0,0.0,0.0,0.0,0.0,0.0,0.0,0.0,0.0,0.0,0.0,0.0,0.002,0.998,0.05097620089879156,1881,0.0003675656412801647,2.1896390059834535e-07,8.050172201734174e-05,16,20,False,0.995,0.005,0.66,fixed,100,none,371c9e91-ddfd-4fc0-aac2-c83fd387c776
688,81400,25.919350624084473,1.0,1.0,1.0,0.9960959999999999,0.0,0.0,0.0,0.0,0.0,0.0,0.0,0.0,0.0,0.0,0.0,0.0,0.0,0.0,0.002,0.998,0.05097620089879156,1881,0.0003694847388708824,2.1961770173766088e-07,8.09219367021663e-05,16,20,False,0.995,0.005,0.66,fixed,100,none,371c9e91-ddfd-4fc0-aac2-c83fd387c776
689,81500,25.939028024673462,1.0,1.0,1.0,0.9960959999999999,0.0,0.0,0.0,0.0,0.0,0.0,0.0,0.0,0.0,0.0,0.0,0.0,0.0,0.0,0.002,0.998,0.05097620089879156,1881,0.00037109970093852636,2.2151116157777087e-07,8.12758116561432e-05,16,20,False,0.995,0.005,0.66,fixed,100,none,371c9e91-ddfd-4fc0-aac2-c83fd387c776
690,81600,25.958679676055908,1.0,1.0,1.0,0.9960959999999999,0.0,0.0,0.0,0.0,0.0,0.0,0.0,0.0,0.0,0.0,0.0,0.0,0.0,0.0,0.002,0.998,0.05097620089879156,1881,0.0003703332899334314,2.2079246670300837e-07,8.110790773510172e-05,16,20,False,0.995,0.005,0.66,fixed,100,none,371c9e91-ddfd-4fc0-aac2-c83fd387c776
691,81700,25.978373527526855,1.0,1.0,1.0,0.9960959999999999,0.0,0.0,0.0,0.0,0.0,0.0,0.0,0.0,0.0,0.0,0.0,0.0,0.0,0.0,0.002,0.998,0.0513612395130943,1880,0.0003706125326510301,2.2030260865012925e-07,8.116894089295401e-05,16,20,False,0.995,0.005,0.66,fixed,100,none,371c9e91-ddfd-4fc0-aac2-c83fd387c776
692,81800,25.99807620048523,1.0,1.0,1.0,0.9960959999999999,0.0,0.0,0.0,0.0,0.0,0.0,0.0,0.0,0.0,0.0,0.0,0.0,0.0,0.0,0.002,0.998,0.05097620089879156,1881,0.00037140588257919256,2.2096084274992234e-07,8.134273025670773e-05,16,20,False,0.995,0.005,0.66,fixed,100,none,371c9e91-ddfd-4fc0-aac2-c83fd387c776
693,81900,26.017863512039185,1.0,1.0,1.0,0.9960959999999999,0.0,0.0,0.0,0.0,0.0,0.0,0.0,0.0,0.0,0.0,0.0,0.0,0.0,0.0,0.002,0.998,0.05097620089879156,1881,0.0003705569910921824,2.2050875832980922e-07,8.115682201416139e-05,16,20,False,0.995,0.005,0.66,fixed,100,none,371c9e91-ddfd-4fc0-aac2-c83fd387c776
694,82200,26.037546634674072,1.0,1.0,1.0,0.9960959999999999,0.0,0.0,0.0,0.0,0.0,0.0,0.0,0.0,0.0,0.0,0.0,0.0,0.0,0.0,0.002,0.998,0.0513612395130943,1880,0.0003709731085563783,2.2246398703764644e-07,8.124828162052836e-05,16,20,False,0.995,0.005,0.66,fixed,100,none,371c9e91-ddfd-4fc0-aac2-c83fd387c776
695,82300,26.05724048614502,1.0,1.0,1.0,0.9960959999999999,0.0,0.0,0.0,0.0,0.0,0.0,0.0,0.0,0.0,0.0,0.0,0.0,0.0,0.0,0.002,0.998,0.0513612395130943,1880,0.0003710069269199532,2.2262097954381182e-07,8.125571428889108e-05,16,20,False,0.995,0.005,0.66,fixed,100,none,371c9e91-ddfd-4fc0-aac2-c83fd387c776
696,82500,26.076877117156982,1.0,1.0,1.0,0.9960959999999999,0.0,0.0,0.0,0.0,0.0,0.0,0.0,0.0,0.0,0.0,0.0,0.0,0.0,0.0,0.002,0.998,0.05097620089879156,1881,0.00037044736525139265,2.236699048060431e-07,8.113342553544301e-05,16,20,False,0.995,0.005,0.66,fixed,100,none,371c9e91-ddfd-4fc0-aac2-c83fd387c776
697,82600,26.096859216690063,1.0,1.0,1.0,0.9960959999999999,0.0,0.0,0.0,0.0,0.0,0.0,0.0,0.0,0.0,0.0,0.0,0.0,0.0,0.0,0.002,0.998,0.05097620089879156,1881,0.00037044736525139265,2.236699048060431e-07,8.113342553544301e-05,16,20,False,0.995,0.005,0.66,fixed,100,none,371c9e91-ddfd-4fc0-aac2-c83fd387c776
698,82900,26.117215394973755,1.0,1.0,1.0,0.9960959999999999,0.0,0.0,0.0,0.0,0.0,0.0,0.0,0.0,0.0,0.0,0.0,0.0,0.0,0.0,0.002,0.998,0.050590158272456734,1882,0.0003709596346609639,2.2352039232300527e-07,8.124553290182637e-05,16,20,False,0.995,0.005,0.66,fixed,100,none,371c9e91-ddfd-4fc0-aac2-c83fd387c776
699,83000,26.13739252090454,1.0,1.0,1.0,0.9960959999999999,0.0,0.0,0.0,0.0,0.0,0.0,0.0,0.0,0.0,0.0,0.0,0.0,0.0,0.0,0.002,0.998,0.050590158272456734,1882,0.0003712948671521801,2.2365854822292166e-07,8.13189415437746e-05,16,20,False,0.995,0.005,0.66,fixed,100,none,371c9e91-ddfd-4fc0-aac2-c83fd387c776
700,83200,26.157355308532715,1.0,1.0,1.0,0.9960959999999999,0.0,0.0,0.0,0.0,0.0,0.0,0.0,0.0,0.0,0.0,0.0,0.0,0.0,0.0,0.002,0.998,0.050590158272456734,1882,0.00037420412645513835,2.259391083825643e-07,8.195621171162248e-05,16,20,False,0.995,0.005,0.66,fixed,100,none,371c9e91-ddfd-4fc0-aac2-c83fd387c776
701,83300,26.177419424057007,1.0,1.0,1.0,0.9960959999999999,0.0,0.0,0.0,0.0,0.0,0.0,0.0,0.0,0.0,0.0,0.0,0.0,0.0,0.0,0.002,0.998,0.050590158272456734,1882,0.0003741540663369513,2.2571319745226073e-07,8.194521062867458e-05,16,20,False,0.995,0.005,0.66,fixed,100,none,371c9e91-ddfd-4fc0-aac2-c83fd387c776
702,83600,26.197558879852295,1.0,1.0,1.0,0.9960959999999999,0.0,0.0,0.0,0.0,0.0,0.0,0.0,0.0,0.0,0.0,0.0,0.0,0.0,0.0,0.002,0.998,0.050590158272456734,1882,0.00037558867840827676,2.2698967740189296e-07,8.225948974227814e-05,16,20,False,0.995,0.005,0.66,fixed,100,none,371c9e91-ddfd-4fc0-aac2-c83fd387c776
703,83700,26.22127866744995,1.0,1.0,1.0,0.9960959999999999,0.0,0.0,0.0,0.0,0.0,0.0,0.0,0.0,0.0,0.0,0.0,0.0,0.0,0.0,0.002,0.998,0.050590158272456734,1882,0.00037630215216855593,2.2740827799507304e-07,8.241574868251597e-05,16,20,False,0.995,0.005,0.66,fixed,100,none,371c9e91-ddfd-4fc0-aac2-c83fd387c776
704,84000,26.241281509399414,1.0,1.0,1.0,0.9960959999999999,0.0,0.0,0.0,0.0,0.0,0.0,0.0,0.0,0.0,0.0,0.0,0.0,0.0,0.0,0.002,0.998,0.05097620089879156,1881,0.00037574707908160157,2.2786266932280894e-07,8.229432951813392e-05,16,20,False,0.995,0.005,0.66,fixed,100,none,371c9e91-ddfd-4fc0-aac2-c83fd387c776
705,84100,26.261357307434082,1.0,1.0,1.0,0.9960959999999999,0.0,0.0,0.0,0.0,0.0,0.0,0.0,0.0,0.0,0.0,0.0,0.0,0.0,0.0,0.002,0.998,0.050590158272456734,1882,0.0003770278826748129,2.2996332553588963e-07,8.257509654936837e-05,16,20,False,0.995,0.005,0.66,fixed,100,none,371c9e91-ddfd-4fc0-aac2-c83fd387c776
706,84300,26.28109049797058,1.0,1.0,1.0,0.9960959999999999,0.0,0.0,0.0,0.0,0.0,0.0,0.0,0.0,0.0,0.0,0.0,0.0,0.0,0.0,0.002,0.998,0.050590158272456734,1882,0.0003770295123513897,2.29389439283794e-07,8.257534424718313e-05,16,20,False,0.995,0.005,0.66,fixed,100,none,371c9e91-ddfd-4fc0-aac2-c83fd387c776
707,84400,26.300663709640503,1.0,1.0,1.0,0.9960959999999999,0.0,0.0,0.0,0.0,0.0,0.0,0.0,0.0,0.0,0.0,0.0,0.0,0.0,0.0,0.002,0.998,0.050590158272456734,1882,0.0003774879761638263,2.301230263767871e-07,8.267584135727316e-05,16,20,False,0.995,0.005,0.66,fixed,100,none,371c9e91-ddfd-4fc0-aac2-c83fd387c776
708,84700,26.320276021957397,1.0,1.0,1.0,0.9960959999999999,0.0,0.0,0.0,0.0,0.0,0.0,0.0,0.0,0.0,0.0,0.0,0.0,0.0,0.0,0.002,0.998,0.050590158272456734,1882,0.00037773631306313573,2.3052605063742186e-07,8.273027887914153e-05,16,20,False,0.995,0.005,0.66,fixed,100,none,371c9e91-ddfd-4fc0-aac2-c83fd387c776
709,84800,26.339827060699463,1.0,1.0,1.0,0.9960959999999999,0.0,0.0,0.0,0.0,0.0,0.0,0.0,0.0,0.0,0.0,0.0,0.0,0.0,0.0,0.002,0.998,0.05097620089879156,1881,0.00037720838351920595,2.3008939291678808e-07,8.261463213700838e-05,16,20,False,0.995,0.005,0.66,fixed,100,none,371c9e91-ddfd-4fc0-aac2-c83fd387c776
710,85000,26.359469890594482,1.0,1.0,1.0,0.9960959999999999,0.0,0.0,0.0,0.0,0.0,0.0,0.0,0.0,0.0,0.0,0.0,0.0,0.0,0.0,0.002,0.998,0.05059015827245674,1882,0.0003768359944369479,2.3050476349698626e-07,8.253319508731233e-05,16,20,False,0.995,0.005,0.66,fixed,100,none,371c9e91-ddfd-4fc0-aac2-c83fd387c776
711,85100,26.379230737686157,1.0,1.0,1.0,0.9960959999999999,0.0,0.0,0.0,0.0,0.0,0.0,0.0,0.0,0.0,0.0,0.0,0.0,0.0,0.0,0.002,0.998,0.05059015827245674,1882,0.00037693570396466245,2.2994028781882213e-07,8.25549142525502e-05,16,20,False,0.995,0.005,0.66,fixed,100,none,371c9e91-ddfd-4fc0-aac2-c83fd387c776
712,85400,26.39956259727478,1.0,1.0,1.0,0.9960959999999999,0.0,0.0,0.0,0.0,0.0,0.0,0.0,0.0,0.0,0.0,0.0,0.0,0.0,0.0,0.002,0.998,0.05097620089879156,1881,0.00037776068904770934,2.3126983302604553e-07,8.273575610081852e-05,16,20,False,0.995,0.005,0.66,fixed,100,none,371c9e91-ddfd-4fc0-aac2-c83fd387c776
713,85500,26.419698238372803,1.0,1.0,1.0,0.9960959999999999,0.0,0.0,0.0,0.0,0.0,0.0,0.0,0.0,0.0,0.0,0.0,0.0,0.0,0.0,0.002,0.998,0.050590158272456734,1882,0.0003784892656665012,2.3190103357298173e-07,8.289536145077599e-05,16,20,False,0.995,0.005,0.66,fixed,100,none,371c9e91-ddfd-4fc0-aac2-c83fd387c776
714,85700,26.439446210861206,1.0,1.0,1.0,0.9960959999999999,0.0,0.0,0.0,0.0,0.0,0.0,0.0,0.0,0.0,0.0,0.0,0.0,0.0,0.0,0.002,0.998,0.050590158272456734,1882,0.00038199505492833916,2.354774569382725e-07,8.366345824063172e-05,16,20,False,0.995,0.005,0.66,fixed,100,none,371c9e91-ddfd-4fc0-aac2-c83fd387c776
715,85800,26.459041595458984,1.0,1.0,1.0,0.9960959999999999,0.0,0.0,0.0,0.0,0.0,0.0,0.0,0.0,0.0,0.0,0.0,0.0,0.0,0.0,0.002,0.998,0.050590158272456734,1882,0.00038317214214338645,2.3649475942638283e-07,8.39213159194783e-05,16,20,False,0.995,0.005,0.66,fixed,100,none,371c9e91-ddfd-4fc0-aac2-c83fd387c776
716,85900,26.478679895401,1.0,1.0,1.0,0.9960959999999999,0.0,0.0,0.0,0.0,0.0,0.0,0.0,0.0,0.0,0.0,0.0,0.0,0.0,0.0,0.002,0.998,0.050590158272456734,1882,0.000382886221311102,2.3616057799735506e-07,8.385866435481974e-05,16,20,False,0.995,0.005,0.66,fixed,100,none,371c9e91-ddfd-4fc0-aac2-c83fd387c776
717,86100,26.49874472618103,1.0,1.0,1.0,0.9960959999999999,0.0,0.0,0.0,0.0,0.0,0.0,0.0,0.0,0.0,0.0,0.0,0.0,0.0,0.0,0.002,0.998,0.04981506098369082,1884,0.0003837817932979344,2.3873932616757686e-07,8.405519502488969e-05,16,20,False,0.995,0.005,0.66,fixed,100,none,371c9e91-ddfd-4fc0-aac2-c83fd387c776
718,86200,26.518551111221313,1.0,1.0,1.0,0.9960959999999999,0.0,0.0,0.0,0.0,0.0,0.0,0.0,0.0,0.0,0.0,0.0,0.0,0.0,0.0,0.002,0.998,0.04981506098369082,1884,0.0003837817932979344,2.3873932616757686e-07,8.405519502488969e-05,16,20,False,0.995,0.005,0.66,fixed,100,none,371c9e91-ddfd-4fc0-aac2-c83fd387c776
719,86400,26.53837299346924,1.0,1.0,1.0,0.9960959999999999,0.0,0.0,0.0,0.0,0.0,0.0,0.0,0.0,0.0,0.0,0.0,0.0,0.0,0.0,0.002,0.998,0.05020311163408981,1883,0.00038570801083604513,2.405363938408131e-07,8.447718548684004e-05,16,20,False,0.995,0.005,0.66,fixed,100,none,371c9e91-ddfd-4fc0-aac2-c83fd387c776
720,86500,26.55845308303833,1.0,1.0,1.0,0.9960959999999999,0.0,0.0,0.0,0.0,0.0,0.0,0.0,0.0,0.0,0.0,0.0,0.0,0.0,0.0,0.002,0.998,0.05020311163408981,1883,0.0003857915408477284,2.4062187460129833e-07,8.4495486447742e-05,16,20,False,0.995,0.005,0.66,fixed,100,none,371c9e91-ddfd-4fc0-aac2-c83fd387c776
721,86600,26.578436374664307,1.0,1.0,1.0,0.9960959999999999,0.0,0.0,0.0,0.0,0.0,0.0,0.0,0.0,0.0,0.0,0.0,0.0,0.0,0.0,0.002,0.998,0.050590158272456734,1882,0.0003864742831623047,2.416042862905156e-07,8.46451253986237e-05,16,20,False,0.995,0.005,0.66,fixed,100,none,371c9e91-ddfd-4fc0-aac2-c83fd387c776
722,86800,26.598418712615967,1.0,1.0,1.0,0.9960959999999999,0.0,0.0,0.0,0.0,0.0,0.0,0.0,0.0,0.0,0.0,0.0,0.0,0.0,0.0,0.002,0.998,0.050590158272456734,1882,0.0003867706013228444,2.4262875574907177e-07,8.471018409316298e-05,16,20,False,0.995,0.005,0.66,fixed,100,none,371c9e91-ddfd-4fc0-aac2-c83fd387c776
723,86900,26.618414878845215,1.0,1.0,1.0,0.9960959999999999,0.0,0.0,0.0,0.0,0.0,0.0,0.0,0.0,0.0,0.0,0.0,0.0,0.0,0.0,0.002,0.998,0.050590158272456734,1882,0.0003871086381924353,2.4298069724821026e-07,8.478424723280125e-05,16,20,False,0.995,0.005,0.66,fixed,100,none,371c9e91-ddfd-4fc0-aac2-c83fd387c776
724,87100,26.63822317123413,1.0,1.0,1.0,0.9960959999999999,0.0,0.0,0.0,0.0,0.0,0.0,0.0,0.0,0.0,0.0,0.0,0.0,0.0,0.0,0.002,0.998,0.050590158272456734,1882,0.00038959562990433633,2.4506744180426556e-07,8.532904620000203e-05,16,20,False,0.995,0.005,0.66,fixed,100,none,371c9e91-ddfd-4fc0-aac2-c83fd387c776
725,87200,26.657816886901855,1.0,1.0,1.0,0.9960959999999999,0.0,0.0,0.0,0.0,0.0,0.0,0.0,0.0,0.0,0.0,0.0,0.0,0.0,0.0,0.002,0.998,0.05020311163408981,1883,0.0003903270357687317,2.449118856514785e-07,8.548912138804916e-05,16,20,False,0.995,0.005,0.66,fixed,100,none,371c9e91-ddfd-4fc0-aac2-c83fd387c776
726,87300,26.67762064933777,1.0,1.0,1.0,0.9960959999999999,0.0,0.0,0.0,0.0,0.0,0.0,0.0,0.0,0.0,0.0,0.0,0.0,0.0,0.0,0.002,0.998,0.05020311163408981,1883,0.00039064866017909385,2.4492593587518497e-07,8.555952764101995e-05,16,20,False,0.995,0.005,0.66,fixed,100,none,371c9e91-ddfd-4fc0-aac2-c83fd387c776
727,87600,26.697730779647827,1.0,1.0,1.0,0.9960959999999999,0.0,0.0,0.0,0.0,0.0,0.0,0.0,0.0,0.0,0.0,0.0,0.0,0.0,0.0,0.002,0.998,0.05020311163408981,1883,0.00039061235178029145,2.4513065305819493e-07,8.555161862878686e-05,16,20,False,0.995,0.005,0.66,fixed,100,none,371c9e91-ddfd-4fc0-aac2-c83fd387c776
728,87700,26.71756625175476,1.0,1.0,1.0,0.9960959999999999,0.0,0.0,0.0,0.0,0.0,0.0,0.0,0.0,0.0,0.0,0.0,0.0,0.0,0.0,0.002,0.998,0.05097620089879156,1881,0.0003909593087332279,2.4471571973050124e-07,8.562748866845238e-05,16,20,False,0.995,0.005,0.66,fixed,100,none,371c9e91-ddfd-4fc0-aac2-c83fd387c776
729,87800,26.737544059753418,1.0,1.0,1.0,0.9960959999999999,0.0,0.0,0.0,0.0,0.0,0.0,0.0,0.0,0.0,0.0,0.0,0.0,0.0,0.0,0.002,0.998,0.05097620089879156,1881,0.0003925746052609045,2.462811037328549e-07,8.598137450132125e-05,16,20,False,0.995,0.005,0.66,fixed,100,none,371c9e91-ddfd-4fc0-aac2-c83fd387c776
730,87900,26.757555961608887,1.0,1.0,1.0,0.9960959999999999,0.0,0.0,0.0,0.0,0.0,0.0,0.0,0.0,0.0,0.0,0.0,0.0,0.0,0.0,0.002,0.998,0.05097620089879156,1881,0.00039311587155766423,2.45923458918462e-07,8.609978974116721e-05,16,20,False,0.995,0.005,0.66,fixed,100,none,371c9e91-ddfd-4fc0-aac2-c83fd387c776
731,88000,26.777507305145264,1.0,1.0,1.0,0.9960959999999999,0.0,0.0,0.0,0.0,0.0,0.0,0.0,0.0,0.0,0.0,0.0,0.0,0.0,0.0,0.002,0.998,0.050590158272456734,1882,0.0003940739815872151,2.471863521662236e-07,8.630975997635297e-05,16,20,False,0.995,0.005,0.66,fixed,100,none,371c9e91-ddfd-4fc0-aac2-c83fd387c776
732,88300,26.797609090805054,1.0,1.0,1.0,0.9960959999999999,0.0,0.0,0.0,0.0,0.0,0.0,0.0,0.0,0.0,0.0,0.0,0.0,0.0,0.0,0.002,0.998,0.050590158272456734,1882,0.0003951011605610274,2.4727267328552027e-07,8.653462585473315e-05,16,20,False,0.995,0.005,0.66,fixed,100,none,371c9e91-ddfd-4fc0-aac2-c83fd387c776
733,88400,26.818013906478882,1.0,1.0,1.0,0.9960959999999999,0.0,0.0,0.0,0.0,0.0,0.0,0.0,0.0,0.0,0.0,0.0,0.0,0.0,0.0,0.002,0.998,0.050590158272456734,1882,0.00039506833285796357,2.4678605670425436e-07,8.652734741338203e-05,16,20,False,0.995,0.005,0.66,fixed,100,none,371c9e91-ddfd-4fc0-aac2-c83fd387c776
734,88500,26.838158130645752,1.0,1.0,1.0,0.9960959999999999,0.0,0.0,0.0,0.0,0.0,0.0,0.0,0.0,0.0,0.0,0.0,0.0,0.0,0.0,0.002,0.998,0.050590158272456734,1882,0.00039538955898137085,2.470609868471005e-07,8.659771604852304e-05,16,20,False,0.995,0.005,0.66,fixed,100,none,371c9e91-ddfd-4fc0-aac2-c83fd387c776
735,88600,26.85801649093628,1.0,1.0,1.0,0.9960959999999999,0.0,0.0,0.0,0.0,0.0,0.0,0.0,0.0,0.0,0.0,0.0,0.0,0.0,0.0,0.002,0.998,0.050590158272456734,1882,0.00039458419389010397,2.469951752190565e-07,8.642140912583537e-05,16,20,False,0.995,0.005,0.66,fixed,100,none,371c9e91-ddfd-4fc0-aac2-c83fd387c776
736,88700,26.87769865989685,1.0,1.0,1.0,0.9960959999999999,0.0,0.0,0.0,0.0,0.0,0.0,0.0,0.0,0.0,0.0,0.0,0.0,0.0,0.0,0.002,0.998,0.050590158272456734,1882,0.00039458419389010397,2.469951752190565e-07,8.642140912583537e-05,16,20,False,0.995,0.005,0.66,fixed,100,none,371c9e91-ddfd-4fc0-aac2-c83fd387c776
737,89000,26.89749050140381,1.0,1.0,1.0,0.9960959999999999,0.0,0.0,0.0,0.0,0.0,0.0,0.0,0.0,0.0,0.0,0.0,0.0,0.0,0.0,0.002,0.998,0.05020311163408982,1883,0.0003978817090303674,2.52128193662038e-07,8.714421046354322e-05,16,20,False,0.995,0.005,0.66,fixed,100,none,371c9e91-ddfd-4fc0-aac2-c83fd387c776
738,89100,26.917136192321777,1.0,1.0,1.0,0.9960959999999999,0.0,0.0,0.0,0.0,0.0,0.0,0.0,0.0,0.0,0.0,0.0,0.0,0.0,0.0,0.002,0.998,0.05020311163408982,1883,0.00039740796260884627,2.519763979188329e-07,8.704047853068103e-05,16,20,False,0.995,0.005,0.66,fixed,100,none,371c9e91-ddfd-4fc0-aac2-c83fd387c776
739,89300,26.936761379241943,1.0,1.0,1.0,0.9960959999999999,0.0,0.0,0.0,0.0,0.0,0.0,0.0,0.0,0.0,0.0,0.0,0.0,0.0,0.0,0.002,0.998,0.050590158272456734,1882,0.0003990105109479472,2.5246298659817234e-07,8.739136881395929e-05,16,20,False,0.995,0.005,0.66,fixed,100,none,371c9e91-ddfd-4fc0-aac2-c83fd387c776
740,89400,26.956620931625366,1.0,1.0,1.0,0.9960959999999999,0.0,0.0,0.0,0.0,0.0,0.0,0.0,0.0,0.0,0.0,0.0,0.0,0.0,0.0,0.002,0.998,0.050590158272456734,1882,0.000399957886320642,2.5418576567861926e-07,8.759907661106748e-05,16,20,False,0.995,0.005,0.66,fixed,100,none,371c9e91-ddfd-4fc0-aac2-c83fd387c776
741,89500,26.976574420928955,1.0,1.0,1.0,0.9960959999999999,0.0,0.0,0.0,0.0,0.0,0.0,0.0,0.0,0.0,0.0,0.0,0.0,0.0,0.0,0.002,0.998,0.05020311163408982,1883,0.0003999181235563736,2.544282707549539e-07,8.759041861793363e-05,16,20,False,0.995,0.005,0.66,fixed,100,none,371c9e91-ddfd-4fc0-aac2-c83fd387c776
742,89700,26.996492385864258,1.0,1.0,1.0,0.9960959999999999,0.0,0.0,0.0,0.0,0.0,0.0,0.0,0.0,0.0,0.0,0.0,0.0,0.0,0.0,0.002,0.998,0.050590158272456734,1882,0.0004008585511847426,2.554960658763428e-07,8.779648110685668e-05,16,20,False,0.995,0.005,0.66,fixed,100,none,371c9e91-ddfd-4fc0-aac2-c83fd387c776
743,89800,27.01669144630432,1.0,1.0,1.0,0.9960959999999999,0.0,0.0,0.0,0.0,0.0,0.0,0.0,0.0,0.0,0.0,0.0,0.0,0.0,0.0,0.002,0.998,0.05059015827245674,1882,0.00040204426764732764,2.565098866758734e-07,8.805622706646844e-05,16,20,False,0.995,0.005,0.66,fixed,100,none,371c9e91-ddfd-4fc0-aac2-c83fd387c776
744,90000,27.036654233932495,1.0,1.0,1.0,0.9960959999999999,0.0,0.0,0.0,0.0,0.0,0.0,0.0,0.0,0.0,0.0,0.0,0.0,0.0,0.0,0.002,0.998,0.05020311163408981,1883,0.0004025344114027891,2.565812786707429e-07,8.816353309901798e-05,16,20,False,0.995,0.005,0.66,fixed,100,none,371c9e91-ddfd-4fc0-aac2-c83fd387c776
745,90100,27.056552171707153,1.0,1.0,1.0,0.9960959999999999,0.0,0.0,0.0,0.0,0.0,0.0,0.0,0.0,0.0,0.0,0.0,0.0,0.0,0.0,0.002,0.998,0.05020311163408981,1883,0.00040209914766219405,2.5689073000082614e-07,8.806831266195444e-05,16,20,False,0.995,0.005,0.66,fixed,100,none,371c9e91-ddfd-4fc0-aac2-c83fd387c776
746,90200,27.07625102996826,1.0,1.0,1.0,0.9960959999999999,0.0,0.0,0.0,0.0,0.0,0.0,0.0,0.0,0.0,0.0,0.0,0.0,0.0,0.0,0.002,0.998,0.05020311163408981,1883,0.00040102551337120254,2.558420777692185e-07,8.783309487173239e-05,16,20,False,0.995,0.005,0.66,fixed,100,none,371c9e91-ddfd-4fc0-aac2-c83fd387c776
747,90500,27.096001148223877,1.0,1.0,1.0,0.9960959999999999,0.0,0.0,0.0,0.0,0.0,0.0,0.0,0.0,0.0,0.0,0.0,0.0,0.0,0.0,0.002,0.998,0.05020311163408981,1883,0.0004000942970682851,2.5576220052920993e-07,8.762923644634816e-05,16,20,False,0.995,0.005,0.66,fixed,100,none,371c9e91-ddfd-4fc0-aac2-c83fd387c776
748,90600,27.11602807044983,1.0,1.0,1.0,0.9960959999999999,0.0,0.0,0.0,0.0,0.0,0.0,0.0,0.0,0.0,0.0,0.0,0.0,0.0,0.0,0.002,0.998,0.05020311163408981,1883,0.00040084544267983635,2.5720885279177726e-07,8.779393708464662e-05,16,20,False,0.995,0.005,0.66,fixed,100,none,371c9e91-ddfd-4fc0-aac2-c83fd387c776
749,90800,27.135917901992798,1.0,1.0,1.0,0.9960959999999999,0.0,0.0,0.0,0.0,0.0,0.0,0.0,0.0,0.0,0.0,0.0,0.0,0.0,0.0,0.002,0.998,0.04981506098369082,1884,0.0004020358339386376,2.5768154609809765e-07,8.805460354292642e-05,16,20,False,0.995,0.005,0.66,fixed,100,none,371c9e91-ddfd-4fc0-aac2-c83fd387c776
750,90900,27.155529022216797,1.0,1.0,1.0,0.9960959999999999,0.0,0.0,0.0,0.0,0.0,0.0,0.0,0.0,0.0,0.0,0.0,0.0,0.0,0.0,0.002,0.998,0.04981506098369082,1884,0.0004028558024071309,2.5781438286816474e-07,8.823411987966591e-05,16,20,False,0.995,0.005,0.66,fixed,100,none,371c9e91-ddfd-4fc0-aac2-c83fd387c776
751,91200,27.17501926422119,1.0,1.0,1.0,0.9960959999999999,0.0,0.0,0.0,0.0,0.0,0.0,0.0,0.0,0.0,0.0,0.0,0.0,0.0,0.0,0.002,0.998,0.05020311163408982,1883,0.0004003328326359962,2.568569372611369e-07,8.768165988209919e-05,16,20,False,0.995,0.005,0.66,fixed,100,none,371c9e91-ddfd-4fc0-aac2-c83fd387c776
752,91300,27.19465398788452,1.0,1.0,1.0,0.9960959999999999,0.0,0.0,0.0,0.0,0.0,0.0,0.0,0.0,0.0,0.0,0.0,0.0,0.0,0.0,0.002,0.998,0.05020311163408982,1883,0.0004002580346624713,2.5711160899026607e-07,8.766533499332313e-05,16,20,False,0.995,0.005,0.66,fixed,100,none,371c9e91-ddfd-4fc0-aac2-c83fd387c776
753,91500,27.21435284614563,1.0,1.0,1.0,0.9960959999999999,0.0,0.0,0.0,0.0,0.0,0.0,0.0,0.0,0.0,0.0,0.0,0.0,0.0,0.0,0.002,0.998,0.05020311163408982,1883,0.00040279549300539677,2.6030368885904896e-07,8.822139111976457e-05,16,20,False,0.995,0.005,0.66,fixed,100,none,371c9e91-ddfd-4fc0-aac2-c83fd387c776
754,91600,27.23402237892151,1.0,1.0,1.0,0.9960959999999999,0.0,0.0,0.0,0.0,0.0,0.0,0.0,0.0,0.0,0.0,0.0,0.0,0.0,0.0,0.002,0.998,0.05020311163408982,1883,0.00040237237101004665,2.608807184361172e-07,8.812887935060208e-05,16,20,False,0.995,0.005,0.66,fixed,100,none,371c9e91-ddfd-4fc0-aac2-c83fd387c776
755,91900,27.25357413291931,1.0,1.0,1.0,0.9960959999999999,0.0,0.0,0.0,0.0,0.0,0.0,0.0,0.0,0.0,0.0,0.0,0.0,0.0,0.0,0.002,0.998,0.05020311163408981,1883,0.0004035991165726234,2.6239403332809305e-07,8.83977014840796e-05,16,20,False,0.995,0.005,0.66,fixed,100,none,371c9e91-ddfd-4fc0-aac2-c83fd387c776
756,92000,27.27338933944702,1.0,1.0,1.0,0.9960959999999999,0.0,0.0,0.0,0.0,0.0,0.0,0.0,0.0,0.0,0.0,0.0,0.0,0.0,0.0,0.002,0.998,0.05020311163408981,1883,0.00040413833966126614,2.624110358022755e-07,8.85157406486536e-05,16,20,False,0.995,0.005,0.66,fixed,100,none,371c9e91-ddfd-4fc0-aac2-c83fd387c776
757,92300,27.292957305908203,1.0,1.0,1.0,0.9960959999999999,0.0,0.0,0.0,0.0,0.0,0.0,0.0,0.0,0.0,0.0,0.0,0.0,0.0,0.0,0.002,0.998,0.05020311163408981,1883,0.0004031892830038073,2.6156373423678866e-07,8.830783115903842e-05,16,20,False,0.995,0.005,0.66,fixed,100,none,371c9e91-ddfd-4fc0-aac2-c83fd387c776
758,92400,27.312488317489624,1.0,1.0,1.0,0.9960959999999999,0.0,0.0,0.0,0.0,0.0,0.0,0.0,0.0,0.0,0.0,0.0,0.0,0.0,0.0,0.002,0.998,0.05020311163408981,1883,0.00040261426049776705,2.6058894329175564e-07,8.818177352218664e-05,16,20,False,0.995,0.005,0.66,fixed,100,none,371c9e91-ddfd-4fc0-aac2-c83fd387c776
759,92600,27.332153797149658,1.0,1.0,1.0,0.9960959999999999,0.0,0.0,0.0,0.0,0.0,0.0,0.0,0.0,0.0,0.0,0.0,0.0,0.0,0.0,0.002,0.998,0.05020311163408981,1883,0.00040303153512439503,2.6111846886944057e-07,8.827321554781527e-05,16,20,False,0.995,0.005,0.66,fixed,100,none,371c9e91-ddfd-4fc0-aac2-c83fd387c776
760,92700,27.3523690700531,1.0,1.0,1.0,0.9960959999999999,0.0,0.0,0.0,0.0,0.0,0.0,0.0,0.0,0.0,0.0,0.0,0.0,0.0,0.0,0.002,0.998,0.04981506098369082,1884,0.00040241855040126464,2.610282437430764e-07,8.813901604914802e-05,16,20,False,0.995,0.005,0.66,fixed,100,none,371c9e91-ddfd-4fc0-aac2-c83fd387c776
761,93000,27.37305235862732,1.0,1.0,1.0,0.9960959999999999,0.0,0.0,0.0,0.0,0.0,0.0,0.0,0.0,0.0,0.0,0.0,0.0,0.0,0.0,0.002,0.998,0.04981506098369082,1884,0.00040428842325605617,2.6280506823529306e-07,8.854866881371541e-05,16,20,False,0.995,0.005,0.66,fixed,100,none,371c9e91-ddfd-4fc0-aac2-c83fd387c776
762,93100,27.393025398254395,1.0,1.0,1.0,0.9960959999999999,0.0,0.0,0.0,0.0,0.0,0.0,0.0,0.0,0.0,0.0,0.0,0.0,0.0,0.0,0.002,0.998,0.04981506098369082,1884,0.00040289568445324637,2.616062966025868e-07,8.824357052317012e-05,16,20,False,0.995,0.005,0.66,fixed,100,none,371c9e91-ddfd-4fc0-aac2-c83fd387c776
763,93300,27.412928819656372,1.0,1.0,1.0,0.9960959999999999,0.0,0.0,0.0,0.0,0.0,0.0,0.0,0.0,0.0,0.0,0.0,0.0,0.0,0.0,0.002,0.998,0.04981506098369082,1884,0.00040339964261826224,2.6067310315980817e-07,8.835370965873797e-05,16,20,False,0.995,0.005,0.66,fixed,100,none,371c9e91-ddfd-4fc0-aac2-c83fd387c776
764,93400,27.433099508285522,1.0,1.0,1.0,0.9960959999999999,0.0,0.0,0.0,0.0,0.0,0.0,0.0,0.0,0.0,0.0,0.0,0.0,0.0,0.0,0.002,0.998,0.04981506098369082,1884,0.00040390412641118687,2.613932092542088e-07,8.846427798116711e-05,16,20,False,0.995,0.005,0.66,fixed,100,none,371c9e91-ddfd-4fc0-aac2-c83fd387c776
765,93700,27.45287823677063,1.0,1.0,1.0,0.9960959999999999,0.0,0.0,0.0,0.0,0.0,0.0,0.0,0.0,0.0,0.0,0.0,0.0,0.0,0.0,0.002,0.998,0.04981506098369082,1884,0.0004052174689587157,2.6199112827421145e-07,8.875188226943496e-05,16,20,False,0.995,0.005,0.66,fixed,100,none,371c9e91-ddfd-4fc0-aac2-c83fd387c776
766,93800,27.472546339035034,1.0,1.0,1.0,0.9960959999999999,0.0,0.0,0.0,0.0,0.0,0.0,0.0,0.0,0.0,0.0,0.0,0.0,0.0,0.0,0.002,0.998,0.05020311163408982,1883,0.00040751237297496483,2.6463757173814956e-07,8.925473958285006e-05,16,20,False,0.995,0.005,0.66,fixed,100,none,371c9e91-ddfd-4fc0-aac2-c83fd387c776
767,93900,27.492392778396606,1.0,1.0,1.0,0.9960959999999999,0.0,0.0,0.0,0.0,0.0,0.0,0.0,0.0,0.0,0.0,0.0,0.0,0.0,0.0,0.002,0.998,0.050203111634089824,1883,0.0004080419925129177,2.6526953490728007e-07,8.937079337271008e-05,16,20,False,0.995,0.005,0.66,fixed,100,none,371c9e91-ddfd-4fc0-aac2-c83fd387c776
768,94100,27.512407064437866,1.0,1.0,1.0,0.9960959999999999,0.0,0.0,0.0,0.0,0.0,0.0,0.0,0.0,0.0,0.0,0.0,0.0,0.0,0.0,0.002,0.998,0.04981506098369082,1884,0.00040816302742845313,2.65561047512526e-07,8.939734330311576e-05,16,20,False,0.995,0.005,0.66,fixed,100,none,371c9e91-ddfd-4fc0-aac2-c83fd387c776
769,94200,27.53229022026062,1.0,1.0,1.0,0.9960959999999999,0.0,0.0,0.0,0.0,0.0,0.0,0.0,0.0,0.0,0.0,0.0,0.0,0.0,0.0,0.002,0.998,0.04942600632125975,1885,0.0004080832339244755,2.662054344391414e-07,8.937999893861112e-05,16,20,False,0.995,0.005,0.66,fixed,100,none,371c9e91-ddfd-4fc0-aac2-c83fd387c776
770,94400,27.5526020526886,1.0,1.0,1.0,0.9960959999999999,0.0,0.0,0.0,0.0,0.0,0.0,0.0,0.0,0.0,0.0,0.0,0.0,0.0,0.0,0.002,0.998,0.05059015827245674,1882,0.00040799893650175496,2.6689229517773175e-07,8.936167673631793e-05,16,20,False,0.995,0.005,0.66,fixed,100,none,371c9e91-ddfd-4fc0-aac2-c83fd387c776
771,94500,27.572558164596558,1.0,1.0,1.0,0.9960959999999999,0.0,0.0,0.0,0.0,0.0,0.0,0.0,0.0,0.0,0.0,0.0,0.0,0.0,0.0,0.002,0.998,0.05020311163408981,1883,0.00040674025218864535,2.6547288356535546e-07,8.908588105197189e-05,16,20,False,0.995,0.005,0.66,fixed,100,none,371c9e91-ddfd-4fc0-aac2-c83fd387c776
772,94600,27.592391967773438,1.0,1.0,1.0,0.9960959999999999,0.0,0.0,0.0,0.0,0.0,0.0,0.0,0.0,0.0,0.0,0.0,0.0,0.0,0.0,0.002,0.998,0.05020311163408981,1883,0.0004055413921274979,2.644880300898128e-07,8.882326346242635e-05,16,20,False,0.995,0.005,0.66,fixed,100,none,371c9e91-ddfd-4fc0-aac2-c83fd387c776
773,94700,27.612232446670532,1.0,1.0,1.0,0.9960959999999999,0.0,0.0,0.0,0.0,0.0,0.0,0.0,0.0,0.0,0.0,0.0,0.0,0.0,0.0,0.002,0.998,0.04981506098369082,1884,0.0004066896325553204,2.646966299095559e-07,8.907465292604245e-05,16,20,False,0.995,0.005,0.66,fixed,100,none,371c9e91-ddfd-4fc0-aac2-c83fd387c776
774,94800,27.632051706314087,1.0,1.0,1.0,0.9960959999999999,0.0,0.0,0.0,0.0,0.0,0.0,0.0,0.0,0.0,0.0,0.0,0.0,0.0,0.0,0.002,0.998,0.04981506098369082,1884,0.00040680156592615065,2.652163426119273e-07,8.909925388633066e-05,16,20,False,0.995,0.005,0.66,fixed,100,none,371c9e91-ddfd-4fc0-aac2-c83fd387c776
775,94900,27.65180802345276,1.0,1.0,1.0,0.9960959999999999,0.0,0.0,0.0,0.0,0.0,0.0,0.0,0.0,0.0,0.0,0.0,0.0,0.0,0.0,0.002,0.998,0.04981506098369082,1884,0.00040684036718913825,2.645046963949561e-07,8.910761227001741e-05,16,20,False,0.995,0.005,0.66,fixed,100,none,371c9e91-ddfd-4fc0-aac2-c83fd387c776
776,95100,27.671622276306152,1.0,1.0,1.0,0.9960959999999999,0.0,0.0,0.0,0.0,0.0,0.0,0.0,0.0,0.0,0.0,0.0,0.0,0.0,0.0,0.002,0.998,0.04981506098369082,1884,0.00040742812861718834,2.657945355225134e-07,8.92365183160518e-05,16,20,False,0.995,0.005,0.66,fixed,100,none,371c9e91-ddfd-4fc0-aac2-c83fd387c776
777,95200,27.691590785980225,1.0,1.0,1.0,0.9960959999999999,0.0,0.0,0.0,0.0,0.0,0.0,0.0,0.0,0.0,0.0,0.0,0.0,0.0,0.0,0.002,0.998,0.04981506098369082,1884,0.0004067304270547574,2.651515944542175e-07,8.90836692852327e-05,16,20,False,0.995,0.005,0.66,fixed,100,none,371c9e91-ddfd-4fc0-aac2-c83fd387c776
778,95300,27.71154761314392,1.0,1.0,1.0,0.9960959999999999,0.0,0.0,0.0,0.0,0.0,0.0,0.0,0.0,0.0,0.0,0.0,0.0,0.0,0.0,0.002,0.998,0.04981506098369082,1884,0.00040696486902586017,2.661544474523062e-07,8.913517917477675e-05,16,20,False,0.995,0.005,0.66,fixed,100,none,371c9e91-ddfd-4fc0-aac2-c83fd387c776
779,95400,27.731479167938232,1.0,1.0,1.0,0.9960959999999999,0.0,0.0,0.0,0.0,0.0,0.0,0.0,0.0,0.0,0.0,0.0,0.0,0.0,0.0,0.002,0.998,0.04981506098369082,1884,0.00040670925992927466,2.660788390743736e-07,8.907921197794235e-05,16,20,False,0.995,0.005,0.66,fixed,100,none,371c9e91-ddfd-4fc0-aac2-c83fd387c776
780,95500,27.751338243484497,1.0,1.0,1.0,0.9960959999999999,0.0,0.0,0.0,0.0,0.0,0.0,0.0,0.0,0.0,0.0,0.0,0.0,0.0,0.0,0.002,0.998,0.04981506098369082,1884,0.0004061566990276594,2.663087345336917e-07,8.895830007671605e-05,16,20,False,0.995,0.005,0.66,fixed,100,none,371c9e91-ddfd-4fc0-aac2-c83fd387c776
781,95600,27.771355867385864,1.0,1.0,1.0,0.9960959999999999,0.0,0.0,0.0,0.0,0.0,0.0,0.0,0.0,0.0,0.0,0.0,0.0,0.0,0.0,0.002,0.998,0.04981506098369082,1884,0.0004060791520806076,2.6575899636011053e-07,8.894122059975343e-05,16,20,False,0.995,0.005,0.66,fixed,100,none,371c9e91-ddfd-4fc0-aac2-c83fd387c776
782,95900,27.79107975959778,1.0,1.0,1.0,0.9960959999999999,0.0,0.0,0.0,0.0,0.0,0.0,0.0,0.0,0.0,0.0,0.0,0.0,0.0,0.0,0.002,0.998,0.04981506098369082,1884,0.0004049664283826081,2.648425705500478e-07,8.869747126135743e-05,16,20,False,0.995,0.005,0.66,fixed,100,none,371c9e91-ddfd-4fc0-aac2-c83fd387c776
783,96000,27.810696601867676,1.0,1.0,1.0,0.9960959999999999,0.0,0.0,0.0,0.0,0.0,0.0,0.0,0.0,0.0,0.0,0.0,0.0,0.0,0.0,0.002,0.998,0.04981506098369082,1884,0.00040439657943557597,2.643351544684205e-07,8.857263491779658e-05,16,20,False,0.995,0.005,0.66,fixed,100,none,371c9e91-ddfd-4fc0-aac2-c83fd387c776
784,96100,27.83046531677246,1.0,1.0,1.0,0.9960959999999999,0.0,0.0,0.0,0.0,0.0,0.0,0.0,0.0,0.0,0.0,0.0,0.0,0.0,0.0,0.002,0.998,0.04981506098369082,1884,0.0004043742592927079,2.645779979846812e-07,8.856779517879085e-05,16,20,False,0.995,0.005,0.66,fixed,100,none,371c9e91-ddfd-4fc0-aac2-c83fd387c776
785,96200,27.85016918182373,1.0,1.0,1.0,0.9960959999999999,0.0,0.0,0.0,0.0,0.0,0.0,0.0,0.0,0.0,0.0,0.0,0.0,0.0,0.0,0.002,0.998,0.04981506098369082,1884,0.0004037624190975775,2.638499005910654e-07,8.843372502157203e-05,16,20,False,0.995,0.005,0.66,fixed,100,none,371c9e91-ddfd-4fc0-aac2-c83fd387c776
786,96300,27.86988663673401,1.0,1.0,1.0,0.9960959999999999,0.0,0.0,0.0,0.0,0.0,0.0,0.0,0.0,0.0,0.0,0.0,0.0,0.0,0.0,0.002,0.998,0.04981506098369082,1884,0.0004035098357301107,2.6471878288726884e-07,8.837859961006981e-05,16,20,False,0.995,0.005,0.66,fixed,100,none,371c9e91-ddfd-4fc0-aac2-c83fd387c776
787,96600,27.889527797698975,1.0,1.0,1.0,0.9960959999999999,0.0,0.0,0.0,0.0,0.0,0.0,0.0,0.0,0.0,0.0,0.0,0.0,0.0,0.0,0.002,0.998,0.04981506098369082,1884,0.0004052751765402378,2.6634601864450346e-07,8.876534188820051e-05,16,20,False,0.995,0.005,0.66,fixed,100,none,371c9e91-ddfd-4fc0-aac2-c83fd387c776
788,96700,27.90938639640808,1.0,1.0,1.0,0.9960959999999999,0.0,0.0,0.0,0.0,0.0,0.0,0.0,0.0,0.0,0.0,0.0,0.0,0.0,0.0,0.002,0.998,0.04981506098369082,1884,0.0004052751765402378,2.6634601864450346e-07,8.876534188820051e-05,16,20,False,0.995,0.005,0.66,fixed,100,none,371c9e91-ddfd-4fc0-aac2-c83fd387c776
789,96900,27.929064989089966,1.0,1.0,1.0,0.9960959999999999,0.0,0.0,0.0,0.0,0.0,0.0,0.0,0.0,0.0,0.0,0.0,0.0,0.0,0.0,0.002,0.998,0.04981506098369082,1884,0.0004053607342959283,2.6759910241458976e-07,8.878430856683748e-05,16,20,False,0.995,0.005,0.66,fixed,100,none,371c9e91-ddfd-4fc0-aac2-c83fd387c776
790,97000,27.94867777824402,1.0,1.0,1.0,0.9960959999999999,0.0,0.0,0.0,0.0,0.0,0.0,0.0,0.0,0.0,0.0,0.0,0.0,0.0,0.0,0.002,0.998,0.04981506098369082,1884,0.0004044466764726166,2.6763482769125137e-07,8.858422809711711e-05,16,20,False,0.995,0.005,0.66,fixed,100,none,371c9e91-ddfd-4fc0-aac2-c83fd387c776
791,97300,27.96835684776306,1.0,1.0,1.0,0.9960959999999999,0.0,0.0,0.0,0.0,0.0,0.0,0.0,0.0,0.0,0.0,0.0,0.0,0.0,0.0,0.002,0.998,0.04981506098369082,1884,0.0004054122627273099,2.685233003578267e-07,8.879576373807614e-05,16,20,False,0.995,0.005,0.66,fixed,100,none,371c9e91-ddfd-4fc0-aac2-c83fd387c776
792,97400,27.988110542297363,1.0,1.0,1.0,0.9960959999999999,0.0,0.0,0.0,0.0,0.0,0.0,0.0,0.0,0.0,0.0,0.0,0.0,0.0,0.0,0.002,0.998,0.05020311163408982,1883,0.0004051711963233316,2.6789027784943375e-07,8.874287402796868e-05,16,20,False,0.995,0.005,0.66,fixed,100,none,371c9e91-ddfd-4fc0-aac2-c83fd387c776
793,97700,28.007729053497314,1.0,1.0,1.0,0.9960959999999999,0.0,0.0,0.0,0.0,0.0,0.0,0.0,0.0,0.0,0.0,0.0,0.0,0.0,0.0,0.002,0.998,0.04981506098369082,1884,0.00040794390393053944,2.695154409644614e-07,8.935012850417833e-05,16,20,False,0.995,0.005,0.66,fixed,100,none,371c9e91-ddfd-4fc0-aac2-c83fd387c776
794,97800,28.02745509147644,1.0,1.0,1.0,0.9960959999999999,0.0,0.0,0.0,0.0,0.0,0.0,0.0,0.0,0.0,0.0,0.0,0.0,0.0,0.0,0.002,0.998,0.04981506098369082,1884,0.0004071923590973701,2.6867082074933976e-07,8.91854548623567e-05,16,20,False,0.995,0.005,0.66,fixed,100,none,371c9e91-ddfd-4fc0-aac2-c83fd387c776
795,98000,28.047093629837036,1.0,1.0,1.0,0.9960959999999999,0.0,0.0,0.0,0.0,0.0,0.0,0.0,0.0,0.0,0.0,0.0,0.0,0.0,0.0,0.002,0.998,0.04981506098369082,1884,0.0004092499684920652,2.702185738832141e-07,8.963615963195088e-05,16,20,False,0.995,0.005,0.66,fixed,100,none,371c9e91-ddfd-4fc0-aac2-c83fd387c776
796,98100,28.06673002243042,1.0,1.0,1.0,0.9960959999999999,0.0,0.0,0.0,0.0,0.0,0.0,0.0,0.0,0.0,0.0,0.0,0.0,0.0,0.0,0.002,0.998,0.04942600632125975,1885,0.00041142869964883944,2.7188200074109673e-07,9.011339993327177e-05,16,20,False,0.995,0.005,0.66,fixed,100,none,371c9e91-ddfd-4fc0-aac2-c83fd387c776
797,98400,28.086580276489258,1.0,1.0,1.0,0.9960959999999999,0.0,0.0,0.0,0.0,0.0,0.0,0.0,0.0,0.0,0.0,0.0,0.0,0.0,0.0,0.002,0.998,0.04981506098369082,1884,0.000413519390315556,2.74175008638253e-07,9.057148779171648e-05,16,20,False,0.995,0.005,0.66,fixed,100,none,371c9e91-ddfd-4fc0-aac2-c83fd387c776
798,98500,28.10642671585083,1.0,1.0,1.0,0.9960959999999999,0.0,0.0,0.0,0.0,0.0,0.0,0.0,0.0,0.0,0.0,0.0,0.0,0.0,0.0,0.002,0.998,0.04942600632125975,1885,0.000413641586828334,2.7460387692149526e-07,9.05983180933374e-05,16,20,False,0.995,0.005,0.66,fixed,100,none,371c9e91-ddfd-4fc0-aac2-c83fd387c776
799,98600,28.126377820968628,1.0,1.0,1.0,0.9960959999999999,0.0,0.0,0.0,0.0,0.0,0.0,0.0,0.0,0.0,0.0,0.0,0.0,0.0,0.0,0.002,0.998,0.04942600632125975,1885,0.0004142568104831243,2.7463341099863517e-07,9.073299616284565e-05,16,20,False,0.995,0.005,0.66,fixed,100,none,371c9e91-ddfd-4fc0-aac2-c83fd387c776
800,98700,28.146277904510498,1.0,1.0,1.0,0.9960959999999999,0.0,0.0,0.0,0.0,0.0,0.0,0.0,0.0,0.0,0.0,0.0,0.0,0.0,0.0,0.002,0.998,0.04942600632125975,1885,0.0004148840321036516,2.7592090071749644e-07,9.087053959862567e-05,16,20,False,0.995,0.005,0.66,fixed,100,none,371c9e91-ddfd-4fc0-aac2-c83fd387c776
801,98800,28.166004419326782,1.0,1.0,1.0,0.9960959999999999,0.0,0.0,0.0,0.0,0.0,0.0,0.0,0.0,0.0,0.0,0.0,0.0,0.0,0.0,0.002,0.998,0.04942600632125975,1885,0.0004151929294995789,2.7605078107867063e-07,9.093818191586277e-05,16,20,False,0.995,0.005,0.66,fixed,100,none,371c9e91-ddfd-4fc0-aac2-c83fd387c776
802,99100,28.186000108718872,1.0,1.0,1.0,0.9960959999999999,0.0,0.0,0.0,0.0,0.0,0.0,0.0,0.0,0.0,0.0,0.0,0.0,0.0,0.0,0.002,0.998,0.04942600632125975,1885,0.0004153989870579067,2.776929453365133e-07,9.098359992658972e-05,16,20,False,0.995,0.005,0.66,fixed,100,none,371c9e91-ddfd-4fc0-aac2-c83fd387c776
803,99200,28.206315755844116,1.0,1.0,1.0,0.9960959999999999,0.0,0.0,0.0,0.0,0.0,0.0,0.0,0.0,0.0,0.0,0.0,0.0,0.0,0.0,0.002,0.998,0.04981506098369082,1884,0.0004167286615135826,2.794182838676547e-07,9.12749934792581e-05,16,20,False,0.995,0.005,0.66,fixed,100,none,371c9e91-ddfd-4fc0-aac2-c83fd387c776
804,99300,28.226913928985596,1.0,1.0,1.0,0.9960959999999999,0.0,0.0,0.0,0.0,0.0,0.0,0.0,0.0,0.0,0.0,0.0,0.0,0.0,0.0,0.002,0.998,0.04981506098369082,1884,0.00041609928736062137,2.789605896490944e-07,9.113713651527335e-05,16,20,False,0.995,0.005,0.66,fixed,100,none,371c9e91-ddfd-4fc0-aac2-c83fd387c776
805,99400,28.2474422454834,1.0,1.0,1.0,0.9960959999999999,0.0,0.0,0.0,0.0,0.0,0.0,0.0,0.0,0.0,0.0,0.0,0.0,0.0,0.0,0.002,0.998,0.04981506098369082,1884,0.00041706708947505505,2.803132361254794e-07,9.134924540095339e-05,16,20,False,0.995,0.005,0.66,fixed,100,none,371c9e91-ddfd-4fc0-aac2-c83fd387c776
806,99500,28.267406702041626,1.0,1.0,1.0,0.9960959999999999,0.0,0.0,0.0,0.0,0.0,0.0,0.0,0.0,0.0,0.0,0.0,0.0,0.0,0.0,0.002,0.998,0.04981506098369082,1884,0.00041706537763378984,2.8094871327186187e-07,9.134899141955826e-05,16,20,False,0.995,0.005,0.66,fixed,100,none,371c9e91-ddfd-4fc0-aac2-c83fd387c776
807,99600,28.28738784790039,1.0,1.0,1.0,0.9960959999999999,0.0,0.0,0.0,0.0,0.0,0.0,0.0,0.0,0.0,0.0,0.0,0.0,0.0,0.0,0.002,0.998,0.04981506098369082,1884,0.0004174519074338396,2.814405028470792e-07,9.143369623280844e-05,16,20,False,0.995,0.005,0.66,fixed,100,none,371c9e91-ddfd-4fc0-aac2-c83fd387c776
808,99800,28.311094522476196,1.0,1.0,1.0,0.9960959999999999,0.0,0.0,0.0,0.0,0.0,0.0,0.0,0.0,0.0,0.0,0.0,0.0,0.0,0.0,0.002,0.998,0.04981506098369082,1884,0.00041576513657463524,2.7958753403024657e-07,9.10641100276534e-05,16,20,False,0.995,0.005,0.66,fixed,100,none,371c9e91-ddfd-4fc0-aac2-c83fd387c776
809,99900,28.33076286315918,1.0,1.0,1.0,0.9960959999999999,0.0,0.0,0.0,0.0,0.0,0.0,0.0,0.0,0.0,0.0,0.0,0.0,0.0,0.0,0.002,0.998,0.04981506098369082,1884,0.00041546271939761197,2.793560882000651e-07,9.099786693289527e-05,16,20,False,0.995,0.005,0.66,fixed,100,none,371c9e91-ddfd-4fc0-aac2-c83fd387c776
810,100100,28.350439310073853,1.0,1.0,1.0,0.9960959999999999,0.0,0.0,0.0,0.0,0.0,0.0,0.0,0.0,0.0,0.0,0.0,0.0,0.0,0.0,0.002,0.998,0.04981506098369082,1884,0.0004147938462625617,2.784602197709569e-07,9.085128038863125e-05,16,20,False,0.995,0.005,0.66,fixed,100,none,371c9e91-ddfd-4fc0-aac2-c83fd387c776
811,100200,28.370144367218018,1.0,1.0,1.0,0.9960959999999999,0.0,0.0,0.0,0.0,0.0,0.0,0.0,0.0,0.0,0.0,0.0,0.0,0.0,0.0,0.002,0.998,0.04942600632125975,1885,0.0004149686208003045,2.785918868829887e-07,9.088956355169442e-05,16,20,False,0.995,0.005,0.66,fixed,100,none,371c9e91-ddfd-4fc0-aac2-c83fd387c776
812,100300,28.38998770713806,1.0,1.0,1.0,0.9960959999999999,0.0,0.0,0.0,0.0,0.0,0.0,0.0,0.0,0.0,0.0,0.0,0.0,0.0,0.0,0.002,0.998,0.04942600632125975,1885,0.00041667639199087915,2.8042117450255125e-07,9.126374222995893e-05,16,20,False,0.995,0.005,0.66,fixed,100,none,371c9e91-ddfd-4fc0-aac2-c83fd387c776
813,100500,28.409937143325806,1.0,1.0,1.0,0.9960959999999999,0.0,0.0,0.0,0.0,0.0,0.0,0.0,0.0,0.0,0.0,0.0,0.0,0.0,0.0,0.002,0.998,0.04942600632125975,1885,0.00041602704692378855,2.7950194706657007e-07,9.112142594155997e-05,16,20,False,0.995,0.005,0.66,fixed,100,none,371c9e91-ddfd-4fc0-aac2-c83fd387c776
814,100600,28.43005895614624,1.0,1.0,1.0,0.9960959999999999,0.0,0.0,0.0,0.0,0.0,0.0,0.0,0.0,0.0,0.0,0.0,0.0,0.0,0.0,0.002,0.998,0.04942600632125975,1885,0.0004158412315349462,2.7840498675961733e-07,9.108054253048404e-05,16,20,False,0.995,0.005,0.66,fixed,100,none,371c9e91-ddfd-4fc0-aac2-c83fd387c776
815,100900,28.449910879135132,1.0,1.0,1.0,0.9960959999999999,0.0,0.0,0.0,0.0,0.0,0.0,0.0,0.0,0.0,0.0,0.0,0.0,0.0,0.0,0.002,0.998,0.04981506098369082,1884,0.0004171874809378096,2.8075440625964246e-07,9.137568291447586e-05,16,20,False,0.995,0.005,0.66,fixed,100,none,371c9e91-ddfd-4fc0-aac2-c83fd387c776
816,101000,28.469672679901123,1.0,1.0,1.0,0.9960959999999999,0.0,0.0,0.0,0.0,0.0,0.0,0.0,0.0,0.0,0.0,0.0,0.0,0.0,0.0,0.002,0.998,0.04942600632125975,1885,0.00041878534979935834,2.823794181309596e-07,9.172576516052443e-05,16,20,False,0.995,0.005,0.66,fixed,100,none,371c9e91-ddfd-4fc0-aac2-c83fd387c776
817,101100,28.48952341079712,1.0,1.0,1.0,0.9960959999999999,0.0,0.0,0.0,0.0,0.0,0.0,0.0,0.0,0.0,0.0,0.0,0.0,0.0,0.0,0.002,0.998,0.04942600632125975,1885,0.0004195463591780028,2.827286504367598e-07,9.18924164676478e-05,16,20,False,0.995,0.005,0.66,fixed,100,none,371c9e91-ddfd-4fc0-aac2-c83fd387c776
818,101300,28.5097439289093,1.0,1.0,1.0,0.9951079999999999,0.0,0.0,0.0,0.0,0.0,0.0,0.0,0.0,0.0,0.0,0.0,0.0,0.0,0.0,0.0025,0.9975,0.04944767934874782,1884,0.0004213245432138564,2.847868973008748e-07,9.228205202000034e-05,16,20,False,0.995,0.005,0.66,fixed,100,none,371c9e91-ddfd-4fc0-aac2-c83fd387c776
819,101400,28.529661178588867,1.0,1.0,1.0,0.9951079999999999,0.0,0.0,0.0,0.0,0.0,0.0,0.0,0.0,0.0,0.0,0.0,0.0,0.0,0.0,0.0025,0.9975,0.049836872883964295,1883,0.00042048576766234483,2.844589835666514e-07,9.209838174816495e-05,16,20,False,0.995,0.005,0.66,fixed,100,none,371c9e91-ddfd-4fc0-aac2-c83fd387c776
820,101600,28.549630403518677,1.0,1.0,1.0,0.9951079999999999,0.0,0.0,0.0,0.0,0.0,0.0,0.0,0.0,0.0,0.0,0.0,0.0,0.0,0.0,0.0025,0.9975,0.049836872883964295,1883,0.00042227833904376436,2.8680604697251057e-07,9.24912215656048e-05,16,20,False,0.995,0.005,0.66,fixed,100,none,371c9e91-ddfd-4fc0-aac2-c83fd387c776
821,101700,28.569504261016846,1.0,1.0,1.0,0.9951079999999999,0.0,0.0,0.0,0.0,0.0,0.0,0.0,0.0,0.0,0.0,0.0,0.0,0.0,0.0,0.0025,0.9975,0.04944767934874782,1884,0.0004220927099491324,2.873247108363988e-07,9.2450685902924e-05,16,20,False,0.995,0.005,0.66,fixed,100,none,371c9e91-ddfd-4fc0-aac2-c83fd387c776
822,101800,28.589391946792603,1.0,1.0,1.0,0.9951079999999999,0.0,0.0,0.0,0.0,0.0,0.0,0.0,0.0,0.0,0.0,0.0,0.0,0.0,0.0,0.0025,0.9975,0.049057480794718625,1885,0.000422222140180831,2.878206705397873e-07,9.247911241298648e-05,16,20,False,0.995,0.005,0.66,fixed,100,none,371c9e91-ddfd-4fc0-aac2-c83fd387c776
823,101900,28.609241724014282,1.0,1.0,1.0,0.9951079999999999,0.0,0.0,0.0,0.0,0.0,0.0,0.0,0.0,0.0,0.0,0.0,0.0,0.0,0.0,0.0025,0.9975,0.049057480794718625,1885,0.00042206084268225555,2.8783295263942466e-07,9.244380672414724e-05,16,20,False,0.995,0.005,0.66,fixed,100,none,371c9e91-ddfd-4fc0-aac2-c83fd387c776
824,102000,28.62901473045349,1.0,1.0,1.0,0.9951079999999999,0.0,0.0,0.0,0.0,0.0,0.0,0.0,0.0,0.0,0.0,0.0,0.0,0.0,0.0,0.0025,0.9975,0.049447679348747824,1884,0.0004212320875439996,2.8817336264116793e-07,9.226245690228333e-05,16,20,False,0.995,0.005,0.66,fixed,100,none,371c9e91-ddfd-4fc0-aac2-c83fd387c776
825,102100,28.648902416229248,1.0,1.0,1.0,0.9951079999999999,0.0,0.0,0.0,0.0,0.0,0.0,0.0,0.0,0.0,0.0,0.0,0.0,0.0,0.0,0.0025,0.9975,0.049836872883964295,1883,0.00042081086229903185,2.88553493494964e-07,9.217032292102212e-05,16,20,False,0.995,0.005,0.66,fixed,100,none,371c9e91-ddfd-4fc0-aac2-c83fd387c776
826,102300,28.668782472610474,1.0,1.0,1.0,0.9951079999999999,0.0,0.0,0.0,0.0,0.0,0.0,0.0,0.0,0.0,0.0,0.0,0.0,0.0,0.0,0.0025,0.9975,0.049836872883964295,1883,0.00042146876333117955,2.892579839260372e-07,9.231447131014115e-05,16,20,False,0.995,0.005,0.66,fixed,100,none,371c9e91-ddfd-4fc0-aac2-c83fd387c776
827,102400,28.68870210647583,1.0,1.0,1.0,0.9951079999999999,0.0,0.0,0.0,0.0,0.0,0.0,0.0,0.0,0.0,0.0,0.0,0.0,0.0,0.0,0.0025,0.9975,0.05022506140036809,1882,0.0004216137602557797,2.903096989246993e-07,9.234641096278587e-05,16,20,False,0.995,0.005,0.66,fixed,100,none,371c9e91-ddfd-4fc0-aac2-c83fd387c776
828,102600,28.708497285842896,1.0,1.0,1.0,0.9951079999999999,0.0,0.0,0.0,0.0,0.0,0.0,0.0,0.0,0.0,0.0,0.0,0.0,0.0,0.0,0.0025,0.9975,0.04944767934874782,1884,0.0004200209957576267,2.887626486949796e-07,9.199746087459654e-05,16,20,False,0.995,0.005,0.66,fixed,100,none,371c9e91-ddfd-4fc0-aac2-c83fd387c776
829,102700,28.72830104827881,1.0,1.0,1.0,0.9951079999999999,0.0,0.0,0.0,0.0,0.0,0.0,0.0,0.0,0.0,0.0,0.0,0.0,0.0,0.0,0.0025,0.9975,0.04944767934874782,1884,0.00042033108709588375,2.8930013230496434e-07,9.20654419904269e-05,16,20,False,0.995,0.005,0.66,fixed,100,none,371c9e91-ddfd-4fc0-aac2-c83fd387c776
830,102800,28.748167276382446,1.0,1.0,1.0,0.9951079999999999,0.0,0.0,0.0,0.0,0.0,0.0,0.0,0.0,0.0,0.0,0.0,0.0,0.0,0.0,0.0025,0.9975,0.04944767934874782,1884,0.00042149185000182063,2.9007099138330454e-07,9.231967945376137e-05,16,20,False,0.995,0.005,0.66,fixed,100,none,371c9e91-ddfd-4fc0-aac2-c83fd387c776
831,103100,28.768198251724243,1.0,1.0,1.0,0.9951079999999999,0.0,0.0,0.0,0.0,0.0,0.0,0.0,0.0,0.0,0.0,0.0,0.0,0.0,0.0,0.0025,0.9975,0.049836872883964295,1883,0.0004191764604527068,2.8753055096983014e-07,9.181235799778179e-05,16,20,False,0.995,0.005,0.66,fixed,100,none,371c9e91-ddfd-4fc0-aac2-c83fd387c776
832,103200,28.788071155548096,1.0,1.0,1.0,0.9951079999999999,0.0,0.0,0.0,0.0,0.0,0.0,0.0,0.0,0.0,0.0,0.0,0.0,0.0,0.0,0.0025,0.9975,0.049836872883964295,1883,0.0004191764604527068,2.8753055096983014e-07,9.181235799778179e-05,16,20,False,0.995,0.005,0.66,fixed,100,none,371c9e91-ddfd-4fc0-aac2-c83fd387c776
833,103400,28.80788540840149,1.0,1.0,1.0,0.9951079999999999,0.0,0.0,0.0,0.0,0.0,0.0,0.0,0.0,0.0,0.0,0.0,0.0,0.0,0.0,0.0025,0.9975,0.049836872883964295,1883,0.00041890061390196625,2.874565367592849e-07,9.175196112512467e-05,16,20,False,0.995,0.005,0.66,fixed,100,none,371c9e91-ddfd-4fc0-aac2-c83fd387c776
834,103500,28.82767653465271,1.0,1.0,1.0,0.9951079999999999,0.0,0.0,0.0,0.0,0.0,0.0,0.0,0.0,0.0,0.0,0.0,0.0,0.0,0.0,0.0025,0.9975,0.04944767934874782,1884,0.00042068131186501266,2.892692418352612e-07,9.214210032319998e-05,16,20,False,0.995,0.005,0.66,fixed,100,none,371c9e91-ddfd-4fc0-aac2-c83fd387c776
835,103600,28.84755301475525,1.0,1.0,1.0,0.9951079999999999,0.0,0.0,0.0,0.0,0.0,0.0,0.0,0.0,0.0,0.0,0.0,0.0,0.0,0.0,0.0025,0.9975,0.04944767934874782,1884,0.00042412521436867886,2.938060346994428e-07,9.28968325718967e-05,16,20,False,0.995,0.005,0.66,fixed,100,none,371c9e91-ddfd-4fc0-aac2-c83fd387c776
836,103800,28.86741304397583,1.0,1.0,1.0,0.9951079999999999,0.0,0.0,0.0,0.0,0.0,0.0,0.0,0.0,0.0,0.0,0.0,0.0,0.0,0.0,0.0025,0.9975,0.04944767934874782,1884,0.00042191682573880057,2.919154548434201e-07,9.241305709064369e-05,16,20,False,0.995,0.005,0.66,fixed,100,none,371c9e91-ddfd-4fc0-aac2-c83fd387c776
837,103900,28.88706874847412,1.0,1.0,1.0,0.9951079999999999,0.0,0.0,0.0,0.0,0.0,0.0,0.0,0.0,0.0,0.0,0.0,0.0,0.0,0.0,0.0025,0.9975,0.04944767934874782,1884,0.00042259732376702267,2.92528331147695e-07,9.256213455551933e-05,16,20,False,0.995,0.005,0.66,fixed,100,none,371c9e91-ddfd-4fc0-aac2-c83fd387c776
838,104100,28.906882524490356,1.0,1.0,1.0,0.9951079999999999,0.0,0.0,0.0,0.0,0.0,0.0,0.0,0.0,0.0,0.0,0.0,0.0,0.0,0.0,0.0025,0.9975,0.04944767934874782,1884,0.0004219427586235769,2.9176191479722775e-07,9.241870462651246e-05,16,20,False,0.995,0.005,0.66,fixed,100,none,371c9e91-ddfd-4fc0-aac2-c83fd387c776
839,104200,28.926704168319702,1.0,1.0,1.0,0.9951079999999999,0.0,0.0,0.0,0.0,0.0,0.0,0.0,0.0,0.0,0.0,0.0,0.0,0.0,0.0,0.0025,0.9975,0.04944767934874782,1884,0.0004227265019970223,2.932169869644295e-07,9.259054251467143e-05,16,20,False,0.995,0.005,0.66,fixed,100,none,371c9e91-ddfd-4fc0-aac2-c83fd387c776
840,104300,28.946502208709717,1.0,1.0,1.0,0.9951079999999999,0.0,0.0,0.0,0.0,0.0,0.0,0.0,0.0,0.0,0.0,0.0,0.0,0.0,0.0,0.0025,0.9975,0.049057480794718625,1885,0.0004235759219177779,2.9508221372399707e-07,9.277683492840913e-05,16,20,False,0.995,0.005,0.66,fixed,100,none,371c9e91-ddfd-4fc0-aac2-c83fd387c776
841,104400,28.966320514678955,1.0,1.0,1.0,0.9951079999999999,0.0,0.0,0.0,0.0,0.0,0.0,0.0,0.0,0.0,0.0,0.0,0.0,0.0,0.0,0.0025,0.9975,0.04944767934874782,1884,0.000424202057978503,2.963101217910003e-07,9.29141294146346e-05,16,20,False,0.995,0.005,0.66,fixed,100,none,371c9e91-ddfd-4fc0-aac2-c83fd387c776
842,104500,28.9860622882843,1.0,1.0,1.0,0.9951079999999999,0.0,0.0,0.0,0.0,0.0,0.0,0.0,0.0,0.0,0.0,0.0,0.0,0.0,0.0,0.0025,0.9975,0.04944767934874782,1884,0.0004238670222041729,2.961433611557762e-07,9.284075839911304e-05,16,20,False,0.995,0.005,0.66,fixed,100,none,371c9e91-ddfd-4fc0-aac2-c83fd387c776
843,104600,29.005725860595703,1.0,1.0,1.0,0.9951079999999999,0.0,0.0,0.0,0.0,0.0,0.0,0.0,0.0,0.0,0.0,0.0,0.0,0.0,0.0,0.0025,0.9975,0.04944767934874782,1884,0.0004237440947406146,2.959748350106796e-07,9.281381755737256e-05,16,20,False,0.995,0.005,0.66,fixed,100,none,371c9e91-ddfd-4fc0-aac2-c83fd387c776
844,104900,29.02687406539917,1.0,1.0,1.0,0.9951079999999999,0.0,0.0,0.0,0.0,0.0,0.0,0.0,0.0,0.0,0.0,0.0,0.0,0.0,0.0,0.0025,0.9975,0.04944767934874782,1884,0.000425929682461226,2.9814627847930027e-07,9.329265528367345e-05,16,20,False,0.995,0.005,0.66,fixed,100,none,371c9e91-ddfd-4fc0-aac2-c83fd387c776
845,105000,29.046999216079712,1.0,1.0,1.0,0.9951079999999999,0.0,0.0,0.0,0.0,0.0,0.0,0.0,0.0,0.0,0.0,0.0,0.0,0.0,0.0,0.0025,0.9975,0.04944767934874782,1884,0.0004269394846862153,2.9958576806818695e-07,9.351397449374549e-05,16,20,False,0.995,0.005,0.66,fixed,100,none,371c9e91-ddfd-4fc0-aac2-c83fd387c776
846,105200,29.066871404647827,1.0,1.0,1.0,0.9951079999999999,0.0,0.0,0.0,0.0,0.0,0.0,0.0,0.0,0.0,0.0,0.0,0.0,0.0,0.0,0.0025,0.9975,0.04944767934874782,1884,0.00042699105467436003,3.0137334852262565e-07,9.352560280443672e-05,16,20,False,0.995,0.005,0.66,fixed,100,none,371c9e91-ddfd-4fc0-aac2-c83fd387c776
847,105300,29.08661127090454,1.0,1.0,1.0,0.9951079999999999,0.0,0.0,0.0,0.0,0.0,0.0,0.0,0.0,0.0,0.0,0.0,0.0,0.0,0.0,0.0025,0.9975,0.04944767934874782,1884,0.0004271708069110403,3.0212886617888625e-07,9.356509411740071e-05,16,20,False,0.995,0.005,0.66,fixed,100,none,371c9e91-ddfd-4fc0-aac2-c83fd387c776
848,105600,29.106338024139404,1.0,1.0,1.0,0.9951079999999999,0.0,0.0,0.0,0.0,0.0,0.0,0.0,0.0,0.0,0.0,0.0,0.0,0.0,0.0,0.0025,0.9975,0.04944767934874782,1884,0.00042831809065302747,3.037631655885526e-07,9.381654504540955e-05,16,20,False,0.995,0.005,0.66,fixed,100,none,371c9e91-ddfd-4fc0-aac2-c83fd387c776
849,105700,29.12609553337097,1.0,1.0,1.0,0.9951079999999999,0.0,0.0,0.0,0.0,0.0,0.0,0.0,0.0,0.0,0.0,0.0,0.0,0.0,0.0,0.0025,0.9975,0.04944767934874782,1884,0.00042750491925405395,3.0306178295304946e-07,9.363840856347349e-05,16,20,False,0.995,0.005,0.66,fixed,100,none,371c9e91-ddfd-4fc0-aac2-c83fd387c776
850,105900,29.145708560943604,1.0,1.0,1.0,0.9951079999999999,0.0,0.0,0.0,0.0,0.0,0.0,0.0,0.0,0.0,0.0,0.0,0.0,0.0,0.0,0.0025,0.9975,0.04944767934874782,1884,0.00042706456736805136,3.0229050037156615e-07,9.354186899193705e-05,16,20,False,0.995,0.005,0.66,fixed,100,none,371c9e91-ddfd-4fc0-aac2-c83fd387c776
851,106000,29.165470600128174,1.0,1.0,1.0,0.9951079999999999,0.0,0.0,0.0,0.0,0.0,0.0,0.0,0.0,0.0,0.0,0.0,0.0,0.0,0.0,0.0025,0.9975,0.04944767934874782,1884,0.00042706456736805136,3.0229050037156615e-07,9.354186899193705e-05,16,20,False,0.995,0.005,0.66,fixed,100,none,371c9e91-ddfd-4fc0-aac2-c83fd387c776
852,106100,29.18524932861328,1.0,1.0,1.0,0.9951079999999999,0.0,0.0,0.0,0.0,0.0,0.0,0.0,0.0,0.0,0.0,0.0,0.0,0.0,0.0,0.0025,0.9975,0.04944767934874782,1884,0.00042673486290190706,3.0184631022011345e-07,9.346961228816927e-05,16,20,False,0.995,0.005,0.66,fixed,100,none,371c9e91-ddfd-4fc0-aac2-c83fd387c776
853,106200,29.2051899433136,1.0,1.0,1.0,0.9951079999999999,0.0,0.0,0.0,0.0,0.0,0.0,0.0,0.0,0.0,0.0,0.0,0.0,0.0,0.0,0.0025,0.9975,0.049836872883964295,1883,0.0004264690221452985,3.0142425256936467e-07,9.341133955559403e-05,16,20,False,0.995,0.005,0.66,fixed,100,none,371c9e91-ddfd-4fc0-aac2-c83fd387c776
854,106300,29.225045442581177,1.0,1.0,1.0,0.9951079999999999,0.0,0.0,0.0,0.0,0.0,0.0,0.0,0.0,0.0,0.0,0.0,0.0,0.0,0.0,0.0025,0.9975,0.04944767934874782,1884,0.00042680970424979455,3.020991739075767e-07,9.348604310332247e-05,16,20,False,0.995,0.005,0.66,fixed,100,none,371c9e91-ddfd-4fc0-aac2-c83fd387c776
855,106400,29.244827270507812,1.0,1.0,1.0,0.9951079999999999,0.0,0.0,0.0,0.0,0.0,0.0,0.0,0.0,0.0,0.0,0.0,0.0,0.0,0.0,0.0025,0.9975,0.04905748079471863,1885,0.0004261628718166554,3.007099163669098e-07,9.334418752477558e-05,16,20,False,0.995,0.005,0.66,fixed,100,none,371c9e91-ddfd-4fc0-aac2-c83fd387c776
856,106700,29.26472020149231,1.0,1.0,1.0,0.9951079999999999,0.0,0.0,0.0,0.0,0.0,0.0,0.0,0.0,0.0,0.0,0.0,0.0,0.0,0.0,0.0025,0.9975,0.04866627722187674,1886,0.0004237429442295841,2.986370557319027e-07,9.281407153244504e-05,16,20,False,0.995,0.005,0.66,fixed,100,none,371c9e91-ddfd-4fc0-aac2-c83fd387c776
857,106800,29.284735918045044,1.0,1.0,1.0,0.9951079999999999,0.0,0.0,0.0,0.0,0.0,0.0,0.0,0.0,0.0,0.0,0.0,0.0,0.0,0.0,0.0025,0.9975,0.04866627722187674,1886,0.0004242809339613314,2.993982081149694e-07,9.29319821036773e-05,16,20,False,0.995,0.005,0.66,fixed,100,none,371c9e91-ddfd-4fc0-aac2-c83fd387c776
858,106900,29.30607318878174,1.0,1.0,1.0,0.9951079999999999,0.0,0.0,0.0,0.0,0.0,0.0,0.0,0.0,0.0,0.0,0.0,0.0,0.0,0.0,0.0025,0.9975,0.04866627722187674,1886,0.00042633133423279,3.0116421256257087e-07,9.338115026394463e-05,16,20,False,0.995,0.005,0.66,fixed,100,none,371c9e91-ddfd-4fc0-aac2-c83fd387c776
859,107000,29.325746059417725,1.0,1.0,1.0,0.9951079999999999,0.0,0.0,0.0,0.0,0.0,0.0,0.0,0.0,0.0,0.0,0.0,0.0,0.0,0.0,0.0025,0.9975,0.04866627722187674,1886,0.00042614923196580037,3.0047904285286707e-07,9.334115789545574e-05,16,20,False,0.995,0.005,0.66,fixed,100,none,371c9e91-ddfd-4fc0-aac2-c83fd387c776
860,107100,29.345359563827515,1.0,1.0,1.0,0.9951079999999999,0.0,0.0,0.0,0.0,0.0,0.0,0.0,0.0,0.0,0.0,0.0,0.0,0.0,0.0,0.0025,0.9975,0.04866627722187674,1886,0.00042678179277619755,3.0173948035857326e-07,9.347986493997779e-05,16,20,False,0.995,0.005,0.66,fixed,100,none,371c9e91-ddfd-4fc0-aac2-c83fd387c776
861,107400,29.36515522003174,1.0,1.0,1.0,0.9951079999999999,0.0,0.0,0.0,0.0,0.0,0.0,0.0,0.0,0.0,0.0,0.0,0.0,0.0,0.0,0.0025,0.9975,0.04866627722187674,1886,0.000427218925169914,3.025273797241745e-07,9.357570292184177e-05,16,20,False,0.995,0.005,0.66,fixed,100,none,371c9e91-ddfd-4fc0-aac2-c83fd387c776
862,107500,29.38491654396057,1.0,1.0,1.0,0.9951079999999999,0.0,0.0,0.0,0.0,0.0,0.0,0.0,0.0,0.0,0.0,0.0,0.0,0.0,0.0,0.0025,0.9975,0.04866627722187674,1886,0.00042731737131611824,3.034046869118986e-07,9.359741947161154e-05,16,20,False,0.995,0.005,0.66,fixed,100,none,371c9e91-ddfd-4fc0-aac2-c83fd387c776
863,107700,29.404714345932007,1.0,1.0,1.0,0.9951079999999999,0.0,0.0,0.0,0.0,0.0,0.0,0.0,0.0,0.0,0.0,0.0,0.0,0.0,0.0,0.0025,0.9975,0.04905748079471863,1885,0.00042659722077772425,3.029826861680593e-07,9.343969833861579e-05,16,20,False,0.995,0.005,0.66,fixed,100,none,371c9e91-ddfd-4fc0-aac2-c83fd387c776
864,107800,29.424965620040894,1.0,1.0,1.0,0.9951079999999999,0.0,0.0,0.0,0.0,0.0,0.0,0.0,0.0,0.0,0.0,0.0,0.0,0.0,0.0,0.0025,0.9975,0.04905748079471863,1885,0.00042665759558247173,3.027989032767701e-07,9.345287946462565e-05,16,20,False,0.995,0.005,0.66,fixed,100,none,371c9e91-ddfd-4fc0-aac2-c83fd387c776
865,107900,29.44487452507019,1.0,1.0,1.0,0.9951079999999999,0.0,0.0,0.0,0.0,0.0,0.0,0.0,0.0,0.0,0.0,0.0,0.0,0.0,0.0,0.0025,0.9975,0.04905748079471863,1885,0.00042693578334722425,3.0323180066248047e-07,9.351385701683326e-05,16,20,False,0.995,0.005,0.66,fixed,100,none,371c9e91-ddfd-4fc0-aac2-c83fd387c776
866,108100,29.46489691734314,1.0,1.0,1.0,0.9951079999999999,0.0,0.0,0.0,0.0,0.0,0.0,0.0,0.0,0.0,0.0,0.0,0.0,0.0,0.0,0.0025,0.9975,0.04866627722187674,1886,0.00042890369570542703,3.064273823033426e-07,9.394524019255562e-05,16,20,False,0.995,0.005,0.66,fixed,100,none,371c9e91-ddfd-4fc0-aac2-c83fd387c776
867,108200,29.484633445739746,1.0,1.0,1.0,0.9951079999999999,0.0,0.0,0.0,0.0,0.0,0.0,0.0,0.0,0.0,0.0,0.0,0.0,0.0,0.0,0.0025,0.9975,0.04866627722187674,1886,0.000429652105707643,3.079054333633809e-07,9.41093479717421e-05,16,20,False,0.995,0.005,0.66,fixed,100,none,371c9e91-ddfd-4fc0-aac2-c83fd387c776
868,108500,29.50457763671875,1.0,1.0,1.0,0.9951079999999999,0.0,0.0,0.0,0.0,0.0,0.0,0.0,0.0,0.0,0.0,0.0,0.0,0.0,0.0,0.0025,0.9975,0.04866627722187674,1886,0.00042802655630345195,3.0673411585761974e-07,9.375329265683859e-05,16,20,False,0.995,0.005,0.66,fixed,100,none,371c9e91-ddfd-4fc0-aac2-c83fd387c776
869,108600,29.52439832687378,1.0,1.0,1.0,0.9951079999999999,0.0,0.0,0.0,0.0,0.0,0.0,0.0,0.0,0.0,0.0,0.0,0.0,0.0,0.0,0.0025,0.9975,0.04866627722187674,1886,0.0004279070104844081,3.060187392600946e-07,9.372698815549636e-05,16,20,False,0.995,0.005,0.66,fixed,100,none,371c9e91-ddfd-4fc0-aac2-c83fd387c776
870,108700,29.544223070144653,1.0,1.0,1.0,0.9951079999999999,0.0,0.0,0.0,0.0,0.0,0.0,0.0,0.0,0.0,0.0,0.0,0.0,0.0,0.0,0.0025,0.9975,0.04866627722187674,1886,0.00042785032320157864,3.0576696512985906e-07,9.371453147220024e-05,16,20,False,0.995,0.005,0.66,fixed,100,none,371c9e91-ddfd-4fc0-aac2-c83fd387c776
871,108800,29.56385087966919,1.0,1.0,1.0,0.9951079999999999,0.0,0.0,0.0,0.0,0.0,0.0,0.0,0.0,0.0,0.0,0.0,0.0,0.0,0.0,0.0025,0.9975,0.04866627722187674,1886,0.0004287517407239712,3.0843897181653823e-07,9.391235944912245e-05,16,20,False,0.995,0.005,0.66,fixed,100,none,371c9e91-ddfd-4fc0-aac2-c83fd387c776
872,108900,29.583466053009033,1.0,1.0,1.0,0.9951079999999999,0.0,0.0,0.0,0.0,0.0,0.0,0.0,0.0,0.0,0.0,0.0,0.0,0.0,0.0,0.0025,0.9975,0.04866627722187674,1886,0.0004288019596238634,3.089788924466696e-07,9.392345495122857e-05,16,20,False,0.995,0.005,0.66,fixed,100,none,371c9e91-ddfd-4fc0-aac2-c83fd387c776
873,109200,29.60306453704834,1.0,1.0,1.0,0.9951079999999999,0.0,0.0,0.0,0.0,0.0,0.0,0.0,0.0,0.0,0.0,0.0,0.0,0.0,0.0,0.0025,0.9975,0.048274068630222176,1887,0.00042895817162720806,3.0994835099833086e-07,9.395783395588553e-05,16,20,False,0.995,0.005,0.66,fixed,100,none,371c9e91-ddfd-4fc0-aac2-c83fd387c776
874,109300,29.622743368148804,1.0,1.0,1.0,0.9951079999999999,0.0,0.0,0.0,0.0,0.0,0.0,0.0,0.0,0.0,0.0,0.0,0.0,0.0,0.0,0.0025,0.9975,0.04866627722187674,1886,0.0004296672812320122,3.0968782020560274e-07,9.411300854752654e-05,16,20,False,0.995,0.005,0.66,fixed,100,none,371c9e91-ddfd-4fc0-aac2-c83fd387c776
875,109500,29.642415523529053,1.0,1.0,1.0,0.9951079999999999,0.0,0.0,0.0,0.0,0.0,0.0,0.0,0.0,0.0,0.0,0.0,0.0,0.0,0.0,0.0025,0.9975,0.04905748079471863,1885,0.00042921918150022934,3.0926263420204693e-07,9.40148387308986e-05,16,20,False,0.995,0.005,0.66,fixed,100,none,371c9e91-ddfd-4fc0-aac2-c83fd387c776
876,109600,29.662074327468872,1.0,1.0,1.0,0.9951079999999999,0.0,0.0,0.0,0.0,0.0,0.0,0.0,0.0,0.0,0.0,0.0,0.0,0.0,0.0,0.0025,0.9975,0.04944767934874782,1884,0.0004292858003798578,3.0959387864878054e-07,9.402948454009414e-05,16,20,False,0.995,0.005,0.66,fixed,100,none,371c9e91-ddfd-4fc0-aac2-c83fd387c776
877,109700,29.681825637817383,1.0,1.0,1.0,0.9951079999999999,0.0,0.0,0.0,0.0,0.0,0.0,0.0,0.0,0.0,0.0,0.0,0.0,0.0,0.0,0.0025,0.9975,0.04944767934874782,1884,0.0004292858003798578,3.0959387864878054e-07,9.402948454009414e-05,16,20,False,0.995,0.005,0.66,fixed,100,none,371c9e91-ddfd-4fc0-aac2-c83fd387c776
878,109900,29.701524257659912,1.0,1.0,1.0,0.9951079999999999,0.0,0.0,0.0,0.0,0.0,0.0,0.0,0.0,0.0,0.0,0.0,0.0,0.0,0.0,0.0025,0.9975,0.04944767934874782,1884,0.0004298491456263703,3.101522028101612e-07,9.41529068961464e-05,16,20,False,0.995,0.005,0.66,fixed,100,none,371c9e91-ddfd-4fc0-aac2-c83fd387c776
879,110000,29.721249103546143,1.0,1.0,1.0,0.9951079999999999,0.0,0.0,0.0,0.0,0.0,0.0,0.0,0.0,0.0,0.0,0.0,0.0,0.0,0.0,0.0025,0.9975,0.04944767934874782,1884,0.00042976359962531847,3.0997633219607495e-07,9.413414746109947e-05,16,20,False,0.995,0.005,0.66,fixed,100,none,371c9e91-ddfd-4fc0-aac2-c83fd387c776
880,110300,29.741297245025635,1.0,1.0,1.0,0.9951079999999999,0.0,0.0,0.0,0.0,0.0,0.0,0.0,0.0,0.0,0.0,0.0,0.0,0.0,0.0,0.0025,0.9975,0.04944767934874782,1884,0.000430816862656081,3.1259001019553867e-07,9.436520333735328e-05,16,20,False,0.995,0.005,0.66,fixed,100,none,371c9e91-ddfd-4fc0-aac2-c83fd387c776
881,110400,29.761491298675537,1.0,1.0,1.0,0.9951079999999999,0.0,0.0,0.0,0.0,0.0,0.0,0.0,0.0,0.0,0.0,0.0,0.0,0.0,0.0,0.0025,0.9975,0.04944767934874782,1884,0.0004304948455187716,3.126743736610791e-07,9.42947298150547e-05,16,20,False,0.995,0.005,0.66,fixed,100,none,371c9e91-ddfd-4fc0-aac2-c83fd387c776
882,110500,29.782187938690186,1.0,1.0,1.0,0.9951079999999999,0.0,0.0,0.0,0.0,0.0,0.0,0.0,0.0,0.0,0.0,0.0,0.0,0.0,0.0,0.0025,0.9975,0.04944767934874782,1884,0.0004305521467144448,3.132781906944211e-07,9.430738777202391e-05,16,20,False,0.995,0.005,0.66,fixed,100,none,371c9e91-ddfd-4fc0-aac2-c83fd387c776
883,110600,29.802441358566284,1.0,1.0,1.0,0.9951079999999999,0.0,0.0,0.0,0.0,0.0,0.0,0.0,0.0,0.0,0.0,0.0,0.0,0.0,0.0,0.0025,0.9975,0.04944767934874782,1884,0.0004293842127032986,3.135449452156325e-07,9.405177770034305e-05,16,20,False,0.995,0.005,0.66,fixed,100,none,371c9e91-ddfd-4fc0-aac2-c83fd387c776
884,110700,29.822350025177002,1.0,1.0,1.0,0.9951079999999999,0.0,0.0,0.0,0.0,0.0,0.0,0.0,0.0,0.0,0.0,0.0,0.0,0.0,0.0,0.0025,0.9975,0.04944767934874782,1884,0.0004290701416840422,3.1292439670614525e-07,9.3982909650011e-05,16,20,False,0.995,0.005,0.66,fixed,100,none,371c9e91-ddfd-4fc0-aac2-c83fd387c776
885,111000,29.841896057128906,1.0,1.0,1.0,0.9951079999999999,0.0,0.0,0.0,0.0,0.0,0.0,0.0,0.0,0.0,0.0,0.0,0.0,0.0,0.0,0.0025,0.9975,0.04944767934874782,1884,0.0004301414652191781,3.1392785889717647e-07,9.421761302966856e-05,16,20,False,0.995,0.005,0.66,fixed,100,none,371c9e91-ddfd-4fc0-aac2-c83fd387c776
886,111100,29.861488580703735,1.0,1.0,1.0,0.9951079999999999,0.0,0.0,0.0,0.0,0.0,0.0,0.0,0.0,0.0,0.0,0.0,0.0,0.0,0.0,0.0025,0.9975,0.04944767934874782,1884,0.0004296800112131903,3.133071695461942e-07,9.411648281678114e-05,16,20,False,0.995,0.005,0.66,fixed,100,none,371c9e91-ddfd-4fc0-aac2-c83fd387c776
887,111400,29.881062984466553,1.0,1.0,1.0,0.9951079999999999,0.0,0.0,0.0,0.0,0.0,0.0,0.0,0.0,0.0,0.0,0.0,0.0,0.0,0.0,0.0025,0.9975,0.04944767934874782,1884,0.00042957417272601183,3.138596083778874e-07,9.409341973531578e-05,16,20,False,0.995,0.005,0.66,fixed,100,none,371c9e91-ddfd-4fc0-aac2-c83fd387c776
888,111500,29.900667905807495,1.0,1.0,1.0,0.9951079999999999,0.0,0.0,0.0,0.0,0.0,0.0,0.0,0.0,0.0,0.0,0.0,0.0,0.0,0.0,0.0025,0.9975,0.04944767934874782,1884,0.00043051232099498176,3.143448076953783e-07,9.429887257926364e-05,16,20,False,0.995,0.005,0.66,fixed,100,none,371c9e91-ddfd-4fc0-aac2-c83fd387c776
889,111700,29.9204158782959,1.0,1.0,1.0,0.9951079999999999,0.0,0.0,0.0,0.0,0.0,0.0,0.0,0.0,0.0,0.0,0.0,0.0,0.0,0.0,0.0025,0.9975,0.04944767934874782,1884,0.00043273034434118045,3.158151379350119e-07,9.478467725249206e-05,16,20,False,0.995,0.005,0.66,fixed,100,none,371c9e91-ddfd-4fc0-aac2-c83fd387c776
890,111800,29.940351247787476,1.0,1.0,1.0,0.9951079999999999,0.0,0.0,0.0,0.0,0.0,0.0,0.0,0.0,0.0,0.0,0.0,0.0,0.0,0.0,0.0025,0.9975,0.04944767934874782,1884,0.0004330898696308736,3.158431897930277e-07,9.486338266825891e-05,16,20,False,0.995,0.005,0.66,fixed,100,none,371c9e91-ddfd-4fc0-aac2-c83fd387c776
891,112100,29.96009063720703,1.0,1.0,1.0,0.9951079999999999,0.0,0.0,0.0,0.0,0.0,0.0,0.0,0.0,0.0,0.0,0.0,0.0,0.0,0.0,0.0025,0.9975,0.04944767934874782,1884,0.0004336409788869204,3.1580219881069316e-07,9.498401269612091e-05,16,20,False,0.995,0.005,0.66,fixed,100,none,371c9e91-ddfd-4fc0-aac2-c83fd387c776
892,112200,29.98000979423523,1.0,1.0,1.0,0.9951079999999999,0.0,0.0,0.0,0.0,0.0,0.0,0.0,0.0,0.0,0.0,0.0,0.0,0.0,0.0,0.0025,0.9975,0.04944767934874782,1884,0.0004336409788869204,3.1580219881069316e-07,9.498401269612091e-05,16,20,False,0.995,0.005,0.66,fixed,100,none,371c9e91-ddfd-4fc0-aac2-c83fd387c776
893,112300,29.999927520751953,1.0,1.0,1.0,0.9951079999999999,0.0,0.0,0.0,0.0,0.0,0.0,0.0,0.0,0.0,0.0,0.0,0.0,0.0,0.0,0.0025,0.9975,0.04905748079471863,1885,0.0004345031173429407,3.173066725988025e-07,9.51730206541635e-05,16,20,False,0.995,0.005,0.66,fixed,100,none,371c9e91-ddfd-4fc0-aac2-c83fd387c776
894,112400,30.019810914993286,1.0,1.0,1.0,0.9951079999999999,0.0,0.0,0.0,0.0,0.0,0.0,0.0,0.0,0.0,0.0,0.0,0.0,0.0,0.0,0.0025,0.9975,0.04944767934874782,1884,0.00043472557463669376,3.169530759061228e-07,9.522164937239444e-05,16,20,False,0.995,0.005,0.66,fixed,100,none,371c9e91-ddfd-4fc0-aac2-c83fd387c776
895,112500,30.03951120376587,1.0,1.0,1.0,0.9951079999999999,0.0,0.0,0.0,0.0,0.0,0.0,0.0,0.0,0.0,0.0,0.0,0.0,0.0,0.0,0.0025,0.9975,0.04944767934874782,1884,0.0004348906742670269,3.174647741264321e-07,9.525788690413622e-05,16,20,False,0.995,0.005,0.66,fixed,100,none,371c9e91-ddfd-4fc0-aac2-c83fd387c776
896,112800,30.059130907058716,1.0,1.0,1.0,0.9951079999999999,0.0,0.0,0.0,0.0,0.0,0.0,0.0,0.0,0.0,0.0,0.0,0.0,0.0,0.0,0.0025,0.9975,0.04944767934874782,1884,0.00043541614926610137,3.180841363313e-07,9.537303106025254e-05,16,20,False,0.995,0.005,0.66,fixed,100,none,371c9e91-ddfd-4fc0-aac2-c83fd387c776
897,112900,30.078821182250977,1.0,1.0,1.0,0.9951079999999999,0.0,0.0,0.0,0.0,0.0,0.0,0.0,0.0,0.0,0.0,0.0,0.0,0.0,0.0,0.0025,0.9975,0.04944767934874782,1884,0.00043589638540982674,3.186899673495714e-07,9.547826986000749e-05,16,20,False,0.995,0.005,0.66,fixed,100,none,371c9e91-ddfd-4fc0-aac2-c83fd387c776
898,113200,30.098478078842163,1.0,1.0,1.0,0.9951079999999999,0.0,0.0,0.0,0.0,0.0,0.0,0.0,0.0,0.0,0.0,0.0,0.0,0.0,0.0,0.0025,0.9975,0.04944767934874782,1884,0.0004338173800283069,3.1654026481625167e-07,9.502276713851147e-05,16,20,False,0.995,0.005,0.66,fixed,100,none,371c9e91-ddfd-4fc0-aac2-c83fd387c776
899,113300,30.118101119995117,1.0,1.0,1.0,0.9951079999999999,0.0,0.0,0.0,0.0,0.0,0.0,0.0,0.0,0.0,0.0,0.0,0.0,0.0,0.0,0.0025,0.9975,0.04944767934874782,1884,0.0004322910689101365,3.155154427864058e-07,9.46884629185583e-05,16,20,False,0.995,0.005,0.66,fixed,100,none,371c9e91-ddfd-4fc0-aac2-c83fd387c776
900,113400,30.137737035751343,1.0,1.0,1.0,0.9951079999999999,0.0,0.0,0.0,0.0,0.0,0.0,0.0,0.0,0.0,0.0,0.0,0.0,0.0,0.0,0.0025,0.9975,0.04905748079471862,1885,0.0004323831419929521,3.155669258774655e-07,9.470862749817395e-05,16,20,False,0.995,0.005,0.66,fixed,100,none,371c9e91-ddfd-4fc0-aac2-c83fd387c776
901,113500,30.15736675262451,1.0,1.0,1.0,0.9951079999999999,0.0,0.0,0.0,0.0,0.0,0.0,0.0,0.0,0.0,0.0,0.0,0.0,0.0,0.0,0.0025,0.9975,0.04905748079471862,1885,0.00043347643731833294,3.1569529825993323e-07,9.494797423565248e-05,16,20,False,0.995,0.005,0.66,fixed,100,none,371c9e91-ddfd-4fc0-aac2-c83fd387c776
902,113600,30.176903009414673,1.0,1.0,1.0,0.9951079999999999,0.0,0.0,0.0,0.0,0.0,0.0,0.0,0.0,0.0,0.0,0.0,0.0,0.0,0.0,0.0025,0.9975,0.04905748079471862,1885,0.00043280528314593533,3.151381092700756e-07,9.480095272140655e-05,16,20,False,0.995,0.005,0.66,fixed,100,none,371c9e91-ddfd-4fc0-aac2-c83fd387c776
903,113900,30.196349382400513,1.0,1.0,1.0,0.9951079999999999,0.0,0.0,0.0,0.0,0.0,0.0,0.0,0.0,0.0,0.0,0.0,0.0,0.0,0.0,0.0025,0.9975,0.049057480794718625,1885,0.0004330383380343938,3.166894330228976e-07,9.485226318800315e-05,16,20,False,0.995,0.005,0.66,fixed,100,none,371c9e91-ddfd-4fc0-aac2-c83fd387c776
904,114000,30.215930938720703,1.0,1.0,1.0,0.9951079999999999,0.0,0.0,0.0,0.0,0.0,0.0,0.0,0.0,0.0,0.0,0.0,0.0,0.0,0.0,0.0025,0.9975,0.049057480794718625,1885,0.00043291543480063,3.1685249226049256e-07,9.48253906513874e-05,16,20,False,0.995,0.005,0.66,fixed,100,none,371c9e91-ddfd-4fc0-aac2-c83fd387c776
905,114200,30.23940086364746,1.0,1.0,1.0,0.9951079999999999,0.0,0.0,0.0,0.0,0.0,0.0,0.0,0.0,0.0,0.0,0.0,0.0,0.0,0.0,0.0025,0.9975,0.04944767934874782,1884,0.00043406597779261215,3.1716920312752266e-07,9.507730468739703e-05,16,20,False,0.995,0.005,0.66,fixed,100,none,371c9e91-ddfd-4fc0-aac2-c83fd387c776
906,114300,30.259215116500854,1.0,1.0,1.0,0.9951079999999999,0.0,0.0,0.0,0.0,0.0,0.0,0.0,0.0,0.0,0.0,0.0,0.0,0.0,0.0,0.0025,0.9975,0.04944767934874782,1884,0.0004335881863929297,3.1627050023069093e-07,9.497254539645614e-05,16,20,False,0.995,0.005,0.66,fixed,100,none,371c9e91-ddfd-4fc0-aac2-c83fd387c776
907,114600,30.279003143310547,1.0,1.0,1.0,0.9951079999999999,0.0,0.0,0.0,0.0,0.0,0.0,0.0,0.0,0.0,0.0,0.0,0.0,0.0,0.0,0.0025,0.9975,0.049057480794718625,1885,0.0004338028534681434,3.149988051862547e-07,9.501929439716198e-05,16,20,False,0.995,0.005,0.66,fixed,100,none,371c9e91-ddfd-4fc0-aac2-c83fd387c776
908,114700,30.298652410507202,1.0,1.0,1.0,0.9951079999999999,0.0,0.0,0.0,0.0,0.0,0.0,0.0,0.0,0.0,0.0,0.0,0.0,0.0,0.0,0.0025,0.9975,0.049057480794718625,1885,0.0004338028534681434,3.149988051862547e-07,9.501929439716198e-05,16,20,False,0.995,0.005,0.66,fixed,100,none,371c9e91-ddfd-4fc0-aac2-c83fd387c776
909,115000,30.31848692893982,1.0,1.0,1.0,0.9951079999999999,0.0,0.0,0.0,0.0,0.0,0.0,0.0,0.0,0.0,0.0,0.0,0.0,0.0,0.0,0.0025,0.9975,0.04944767934874782,1884,0.00043470351061556805,3.166855944712534e-07,9.521676873669739e-05,16,20,False,0.995,0.005,0.66,fixed,100,none,371c9e91-ddfd-4fc0-aac2-c83fd387c776
910,115100,30.338415145874023,1.0,1.0,1.0,0.9951079999999999,0.0,0.0,0.0,0.0,0.0,0.0,0.0,0.0,0.0,0.0,0.0,0.0,0.0,0.0,0.0025,0.9975,0.04944767934874782,1884,0.000434718730310128,3.1776953365834515e-07,9.522030627628211e-05,16,20,False,0.995,0.005,0.66,fixed,100,none,371c9e91-ddfd-4fc0-aac2-c83fd387c776
911,115200,30.3585422039032,1.0,1.0,1.0,0.9951079999999999,0.0,0.0,0.0,0.0,0.0,0.0,0.0,0.0,0.0,0.0,0.0,0.0,0.0,0.0,0.0025,0.9975,0.049057480794718625,1885,0.00043533018743993596,3.178760667051682e-07,9.535417448327597e-05,16,20,False,0.995,0.005,0.66,fixed,100,none,371c9e91-ddfd-4fc0-aac2-c83fd387c776
912,115300,30.37875747680664,1.0,1.0,1.0,0.9951079999999999,0.0,0.0,0.0,0.0,0.0,0.0,0.0,0.0,0.0,0.0,0.0,0.0,0.0,0.0,0.0025,0.9975,0.04944767934874782,1884,0.00043424257787286197,3.1599447011020923e-07,9.511573924569043e-05,16,20,False,0.995,0.005,0.66,fixed,100,none,371c9e91-ddfd-4fc0-aac2-c83fd387c776
913,115400,30.399315357208252,1.0,1.0,1.0,0.9951079999999999,0.0,0.0,0.0,0.0,0.0,0.0,0.0,0.0,0.0,0.0,0.0,0.0,0.0,0.0,0.0025,0.9975,0.04944767934874782,1884,0.0004342329411404643,3.1604672466001787e-07,9.511363969333304e-05,16,20,False,0.995,0.005,0.66,fixed,100,none,371c9e91-ddfd-4fc0-aac2-c83fd387c776
914,115700,30.419580459594727,1.0,1.0,1.0,0.9951079999999999,0.0,0.0,0.0,0.0,0.0,0.0,0.0,0.0,0.0,0.0,0.0,0.0,0.0,0.0,0.0025,0.9975,0.04944767934874782,1884,0.0004355380663387347,3.17570322235119e-07,9.53996210827737e-05,16,20,False,0.995,0.005,0.66,fixed,100,none,371c9e91-ddfd-4fc0-aac2-c83fd387c776
915,115800,30.4396493434906,1.0,1.0,1.0,0.9951079999999999,0.0,0.0,0.0,0.0,0.0,0.0,0.0,0.0,0.0,0.0,0.0,0.0,0.0,0.0,0.0025,0.9975,0.04944767934874782,1884,0.0004357768748830564,3.181715571446783e-07,9.545201050775853e-05,16,20,False,0.995,0.005,0.66,fixed,100,none,371c9e91-ddfd-4fc0-aac2-c83fd387c776
916,116000,30.459608554840088,1.0,1.0,1.0,0.9951079999999999,0.0,0.0,0.0,0.0,0.0,0.0,0.0,0.0,0.0,0.0,0.0,0.0,0.0,0.0,0.0025,0.9975,0.049057480794718625,1885,0.0004384089098201406,3.207487679870479e-07,9.602865262554632e-05,16,20,False,0.995,0.005,0.66,fixed,100,none,371c9e91-ddfd-4fc0-aac2-c83fd387c776
917,116100,30.479609966278076,1.0,1.0,1.0,0.9951079999999999,0.0,0.0,0.0,0.0,0.0,0.0,0.0,0.0,0.0,0.0,0.0,0.0,0.0,0.0,0.0025,0.9975,0.049057480794718625,1885,0.0004388796065899319,3.2104969746140033e-07,9.613174532505376e-05,16,20,False,0.995,0.005,0.66,fixed,100,none,371c9e91-ddfd-4fc0-aac2-c83fd387c776
918,116200,30.499922037124634,1.0,1.0,1.0,0.9951079999999999,0.0,0.0,0.0,0.0,0.0,0.0,0.0,0.0,0.0,0.0,0.0,0.0,0.0,0.0,0.0025,0.9975,0.049057480794718625,1885,0.0004388796065899319,3.2104969746140033e-07,9.613174532505376e-05,16,20,False,0.995,0.005,0.66,fixed,100,none,371c9e91-ddfd-4fc0-aac2-c83fd387c776
919,116400,30.519899368286133,1.0,1.0,1.0,0.9951079999999999,0.0,0.0,0.0,0.0,0.0,0.0,0.0,0.0,0.0,0.0,0.0,0.0,0.0,0.0,0.0025,0.9975,0.04866627722187674,1886,0.000441707045096557,3.2420235935101616e-07,9.675127061991303e-05,16,20,False,0.995,0.005,0.66,fixed,100,none,371c9e91-ddfd-4fc0-aac2-c83fd387c776
920,116500,30.539621353149414,1.0,1.0,1.0,0.9951079999999999,0.0,0.0,0.0,0.0,0.0,0.0,0.0,0.0,0.0,0.0,0.0,0.0,0.0,0.0,0.0025,0.9975,0.049057480794718625,1885,0.0004415979487726545,3.2396947028955995e-07,9.67273451856891e-05,16,20,False,0.995,0.005,0.66,fixed,100,none,371c9e91-ddfd-4fc0-aac2-c83fd387c776
921,116800,30.55927085876465,1.0,1.0,1.0,0.9951079999999999,0.0,0.0,0.0,0.0,0.0,0.0,0.0,0.0,0.0,0.0,0.0,0.0,0.0,0.0,0.0025,0.9975,0.04866627722187673,1886,0.000442729139861976,3.255481831206293e-07,9.697526287057947e-05,16,20,False,0.995,0.005,0.66,fixed,100,none,371c9e91-ddfd-4fc0-aac2-c83fd387c776
922,116900,30.5788996219635,1.0,1.0,1.0,0.9951079999999999,0.0,0.0,0.0,0.0,0.0,0.0,0.0,0.0,0.0,0.0,0.0,0.0,0.0,0.0,0.0025,0.9975,0.04866627722187673,1886,0.0004437615422076621,3.265872798581138e-07,9.720145317243028e-05,16,20,False,0.995,0.005,0.66,fixed,100,none,371c9e91-ddfd-4fc0-aac2-c83fd387c776
923,117000,30.598567724227905,1.0,1.0,1.0,0.9951079999999999,0.0,0.0,0.0,0.0,0.0,0.0,0.0,0.0,0.0,0.0,0.0,0.0,0.0,0.0,0.0025,0.9975,0.04866627722187673,1886,0.0004429737266754325,3.2603761982029637e-07,9.702889591701803e-05,16,20,False,0.995,0.005,0.66,fixed,100,none,371c9e91-ddfd-4fc0-aac2-c83fd387c776
924,117100,30.61820340156555,1.0,1.0,1.0,0.9951079999999999,0.0,0.0,0.0,0.0,0.0,0.0,0.0,0.0,0.0,0.0,0.0,0.0,0.0,0.0,0.0025,0.9975,0.04827406863022217,1887,0.0004426424458669795,3.2582930971687165e-07,9.695633896912802e-05,16,20,False,0.995,0.005,0.66,fixed,100,none,371c9e91-ddfd-4fc0-aac2-c83fd387c776
925,117200,30.637877464294434,1.0,1.0,1.0,0.9951079999999999,0.0,0.0,0.0,0.0,0.0,0.0,0.0,0.0,0.0,0.0,0.0,0.0,0.0,0.0,0.0025,0.9975,0.04827406863022217,1887,0.0004436784879789938,3.270878529333915e-07,9.718336771065909e-05,16,20,False,0.995,0.005,0.66,fixed,100,none,371c9e91-ddfd-4fc0-aac2-c83fd387c776
926,117500,30.657498598098755,1.0,1.0,1.0,0.9951079999999999,0.0,0.0,0.0,0.0,0.0,0.0,0.0,0.0,0.0,0.0,0.0,0.0,0.0,0.0,0.0025,0.9975,0.04866627722187674,1886,0.0004459395056884048,3.3227382721848183e-07,9.767928982236332e-05,16,20,False,0.995,0.005,0.66,fixed,100,none,371c9e91-ddfd-4fc0-aac2-c83fd387c776
927,117600,30.677309036254883,1.0,1.0,1.0,0.9951079999999999,0.0,0.0,0.0,0.0,0.0,0.0,0.0,0.0,0.0,0.0,0.0,0.0,0.0,0.0,0.0025,0.9975,0.049057480794718625,1885,0.00044432147190863437,3.3206156795663095e-07,9.732506189871183e-05,16,20,False,0.995,0.005,0.66,fixed,100,none,371c9e91-ddfd-4fc0-aac2-c83fd387c776
928,117800,30.697173833847046,1.0,1.0,1.0,0.9951079999999999,0.0,0.0,0.0,0.0,0.0,0.0,0.0,0.0,0.0,0.0,0.0,0.0,0.0,0.0,0.0025,0.9975,0.049057480794718625,1885,0.00044630571711647924,3.3524521984037697e-07,9.776001806856699e-05,16,20,False,0.995,0.005,0.66,fixed,100,none,371c9e91-ddfd-4fc0-aac2-c83fd387c776
929,117900,30.7168231010437,1.0,1.0,1.0,0.9951079999999999,0.0,0.0,0.0,0.0,0.0,0.0,0.0,0.0,0.0,0.0,0.0,0.0,0.0,0.0,0.0025,0.9975,0.049057480794718625,1885,0.00044561275937242005,3.3411882775238137e-07,9.760811560389571e-05,16,20,False,0.995,0.005,0.66,fixed,100,none,371c9e91-ddfd-4fc0-aac2-c83fd387c776
930,118000,30.73658776283264,1.0,1.0,1.0,0.9951079999999999,0.0,0.0,0.0,0.0,0.0,0.0,0.0,0.0,0.0,0.0,0.0,0.0,0.0,0.0,0.0025,0.9975,0.049057480794718625,1885,0.0004454683313820011,3.341160377528749e-07,9.757649978669309e-05,16,20,False,0.995,0.005,0.66,fixed,100,none,371c9e91-ddfd-4fc0-aac2-c83fd387c776
931,118100,30.75620126724243,1.0,1.0,1.0,0.9951079999999999,0.0,0.0,0.0,0.0,0.0,0.0,0.0,0.0,0.0,0.0,0.0,0.0,0.0,0.0,0.0025,0.9975,0.049057480794718625,1885,0.0004456524235449125,3.3467793209400895e-07,9.761690432107921e-05,16,20,False,0.995,0.005,0.66,fixed,100,none,371c9e91-ddfd-4fc0-aac2-c83fd387c776
932,118200,30.77587056159973,1.0,1.0,1.0,0.9951079999999999,0.0,0.0,0.0,0.0,0.0,0.0,0.0,0.0,0.0,0.0,0.0,0.0,0.0,0.0,0.0025,0.9975,0.049057480794718625,1885,0.00044548061597754046,3.355651465805513e-07,9.75794642153339e-05,16,20,False,0.995,0.005,0.66,fixed,100,none,371c9e91-ddfd-4fc0-aac2-c83fd387c776
933,118300,30.795647144317627,1.0,1.0,1.0,0.9951079999999999,0.0,0.0,0.0,0.0,0.0,0.0,0.0,0.0,0.0,0.0,0.0,0.0,0.0,0.0,0.0025,0.9975,0.04866627722187674,1886,0.00044551042178497883,3.356775550470379e-07,9.75860100641908e-05,16,20,False,0.995,0.005,0.66,fixed,100,none,371c9e91-ddfd-4fc0-aac2-c83fd387c776
934,118600,30.815481662750244,1.0,1.0,1.0,0.9951079999999999,0.0,0.0,0.0,0.0,0.0,0.0,0.0,0.0,0.0,0.0,0.0,0.0,0.0,0.0,0.0025,0.9975,0.049057480794718625,1885,0.00044404738919237406,3.3418413968160283e-07,9.726546848075019e-05,16,20,False,0.995,0.005,0.66,fixed,100,none,371c9e91-ddfd-4fc0-aac2-c83fd387c776
935,118700,30.83565878868103,1.0,1.0,1.0,0.9951079999999999,0.0,0.0,0.0,0.0,0.0,0.0,0.0,0.0,0.0,0.0,0.0,0.0,0.0,0.0,0.0025,0.9975,0.049057480794718625,1885,0.0004443185790724859,3.341779398545789e-07,9.732483076753954e-05,16,20,False,0.995,0.005,0.66,fixed,100,none,371c9e91-ddfd-4fc0-aac2-c83fd387c776
936,118900,30.855852842330933,1.0,1.0,1.0,0.9951079999999999,0.0,0.0,0.0,0.0,0.0,0.0,0.0,0.0,0.0,0.0,0.0,0.0,0.0,0.0,0.0025,0.9975,0.049057480794718625,1885,0.00044349888570516596,3.3241031681857235e-07,9.714506404105637e-05,16,20,False,0.995,0.005,0.66,fixed,100,none,371c9e91-ddfd-4fc0-aac2-c83fd387c776
937,119000,30.875774383544922,1.0,1.0,1.0,0.9951079999999999,0.0,0.0,0.0,0.0,0.0,0.0,0.0,0.0,0.0,0.0,0.0,0.0,0.0,0.0,0.0025,0.9975,0.049057480794718625,1885,0.0004416965794058067,3.312862813366126e-07,9.675032562538505e-05,16,20,False,0.995,0.005,0.66,fixed,100,none,371c9e91-ddfd-4fc0-aac2-c83fd387c776
938,119100,30.895893812179565,1.0,1.0,1.0,0.9951079999999999,0.0,0.0,0.0,0.0,0.0,0.0,0.0,0.0,0.0,0.0,0.0,0.0,0.0,0.0,0.0025,0.9975,0.04866627722187673,1886,0.0004412485915146197,3.3046256322295727e-07,9.665210456956263e-05,16,20,False,0.995,0.005,0.66,fixed,100,none,371c9e91-ddfd-4fc0-aac2-c83fd387c776
939,119300,30.915607213974,1.0,1.0,1.0,0.9951079999999999,0.0,0.0,0.0,0.0,0.0,0.0,0.0,0.0,0.0,0.0,0.0,0.0,0.0,0.0,0.0025,0.9975,0.049447679348747824,1884,0.000440237615056377,3.2972480965174044e-07,9.643066164967476e-05,16,20,False,0.995,0.005,0.66,fixed,100,none,371c9e91-ddfd-4fc0-aac2-c83fd387c776
940,119400,30.935443878173828,1.0,1.0,1.0,0.9951079999999999,0.0,0.0,0.0,0.0,0.0,0.0,0.0,0.0,0.0,0.0,0.0,0.0,0.0,0.0,0.0025,0.9975,0.049447679348747824,1884,0.0004400616959319383,3.2950508711687155e-07,9.639211120605352e-05,16,20,False,0.995,0.005,0.66,fixed,100,none,371c9e91-ddfd-4fc0-aac2-c83fd387c776
941,119600,30.955182313919067,1.0,1.0,1.0,0.9951079999999999,0.0,0.0,0.0,0.0,0.0,0.0,0.0,0.0,0.0,0.0,0.0,0.0,0.0,0.0,0.0025,0.9975,0.049447679348747824,1884,0.0004406220450559378,3.279131173338846e-07,9.651446915503824e-05,16,20,False,0.995,0.005,0.66,fixed,100,none,371c9e91-ddfd-4fc0-aac2-c83fd387c776
942,119700,30.97507882118225,1.0,1.0,1.0,0.9951079999999999,0.0,0.0,0.0,0.0,0.0,0.0,0.0,0.0,0.0,0.0,0.0,0.0,0.0,0.0,0.0025,0.9975,0.049057480794718625,1885,0.0004393056514384334,3.2669720925686006e-07,9.622607956963187e-05,16,20,False,0.995,0.005,0.66,fixed,100,none,371c9e91-ddfd-4fc0-aac2-c83fd387c776
943,120000,30.995254278182983,1.0,1.0,1.0,0.9951079999999999,0.0,0.0,0.0,0.0,0.0,0.0,0.0,0.0,0.0,0.0,0.0,0.0,0.0,0.0,0.0025,0.9975,0.04866627722187673,1886,0.00043968981486597157,3.2813469944742336e-07,9.63104460670562e-05,16,20,False,0.995,0.005,0.66,fixed,100,none,371c9e91-ddfd-4fc0-aac2-c83fd387c776
944,120100,31.01556658744812,1.0,1.0,1.0,0.9951079999999999,0.0,0.0,0.0,0.0,0.0,0.0,0.0,0.0,0.0,0.0,0.0,0.0,0.0,0.0,0.0025,0.9975,0.04866627722187673,1886,0.00044021927520388046,3.2656760558563714e-07,9.642604718719071e-05,16,20,False,0.995,0.005,0.66,fixed,100,none,371c9e91-ddfd-4fc0-aac2-c83fd387c776
945,120400,31.03557538986206,1.0,1.0,1.0,0.9951079999999999,0.0,0.0,0.0,0.0,0.0,0.0,0.0,0.0,0.0,0.0,0.0,0.0,0.0,0.0,0.0025,0.9975,0.04866627722187673,1886,0.00044153886692920274,3.2895549214975247e-07,9.671535951431094e-05,16,20,False,0.995,0.005,0.66,fixed,100,none,371c9e91-ddfd-4fc0-aac2-c83fd387c776
946,120500,31.055548667907715,1.0,1.0,1.0,0.9951079999999999,0.0,0.0,0.0,0.0,0.0,0.0,0.0,0.0,0.0,0.0,0.0,0.0,0.0,0.0,0.0025,0.9975,0.04866627722187673,1886,0.0004409780423599618,3.287980933682561e-07,9.659256511033561e-05,16,20,False,0.995,0.005,0.66,fixed,100,none,371c9e91-ddfd-4fc0-aac2-c83fd387c776
947,120700,31.075381755828857,1.0,1.0,1.0,0.9951079999999999,0.0,0.0,0.0,0.0,0.0,0.0,0.0,0.0,0.0,0.0,0.0,0.0,0.0,0.0,0.0025,0.9975,0.04866627722187673,1886,0.0004390129227209071,3.260651528343692e-07,9.616188116264509e-05,16,20,False,0.995,0.005,0.66,fixed,100,none,371c9e91-ddfd-4fc0-aac2-c83fd387c776
948,120800,31.09600019454956,1.0,1.0,1.0,0.9951079999999999,0.0,0.0,0.0,0.0,0.0,0.0,0.0,0.0,0.0,0.0,0.0,0.0,0.0,0.0,0.0025,0.9975,0.04866627722187673,1886,0.00043942478005112753,3.2611739339035405e-07,9.625204665793598e-05,16,20,False,0.995,0.005,0.66,fixed,100,none,371c9e91-ddfd-4fc0-aac2-c83fd387c776
949,120900,31.115787982940674,1.0,1.0,1.0,0.9951079999999999,0.0,0.0,0.0,0.0,0.0,0.0,0.0,0.0,0.0,0.0,0.0,0.0,0.0,0.0,0.0025,0.9975,0.04866627722187673,1886,0.00043947166752977135,3.266368552104889e-07,9.626240902475694e-05,16,20,False,0.995,0.005,0.66,fixed,100,none,371c9e91-ddfd-4fc0-aac2-c83fd387c776
950,121000,31.135629415512085,1.0,1.0,1.0,0.9951079999999999,0.0,0.0,0.0,0.0,0.0,0.0,0.0,0.0,0.0,0.0,0.0,0.0,0.0,0.0,0.0025,0.9975,0.04866627722187673,1886,0.00043964581547686904,3.259098363158682e-07,9.630039187678666e-05,16,20,False,0.995,0.005,0.66,fixed,100,none,371c9e91-ddfd-4fc0-aac2-c83fd387c776
951,121100,31.157152891159058,1.0,1.0,1.0,0.9951079999999999,0.0,0.0,0.0,0.0,0.0,0.0,0.0,0.0,0.0,0.0,0.0,0.0,0.0,0.0,0.0025,0.9975,0.04866627722187673,1886,0.00043842985905142575,3.2501164300827874e-07,9.603404835852868e-05,16,20,False,0.995,0.005,0.66,fixed,100,none,371c9e91-ddfd-4fc0-aac2-c83fd387c776
952,121200,31.176883220672607,1.0,1.0,1.0,0.9951079999999999,0.0,0.0,0.0,0.0,0.0,0.0,0.0,0.0,0.0,0.0,0.0,0.0,0.0,0.0,0.0025,0.9975,0.049057480794718625,1885,0.0004393029270930061,3.271862032607111e-07,9.622557611927857e-05,16,20,False,0.995,0.005,0.66,fixed,100,none,371c9e91-ddfd-4fc0-aac2-c83fd387c776
953,121400,31.196606159210205,1.0,1.0,1.0,0.9951079999999999,0.0,0.0,0.0,0.0,0.0,0.0,0.0,0.0,0.0,0.0,0.0,0.0,0.0,0.0,0.0025,0.9975,0.04866627722187673,1886,0.00044160746723786483,3.283121181444184e-07,9.673025388081606e-05,16,20,False,0.995,0.005,0.66,fixed,100,none,371c9e91-ddfd-4fc0-aac2-c83fd387c776
954,121500,31.2165846824646,1.0,1.0,1.0,0.9951079999999999,0.0,0.0,0.0,0.0,0.0,0.0,0.0,0.0,0.0,0.0,0.0,0.0,0.0,0.0,0.0025,0.9975,0.04866627722187673,1886,0.00044160746723786483,3.283121181444184e-07,9.673025388081606e-05,16,20,False,0.995,0.005,0.66,fixed,100,none,371c9e91-ddfd-4fc0-aac2-c83fd387c776
955,121800,31.236609935760498,1.0,1.0,1.0,0.9951079999999999,0.0,0.0,0.0,0.0,0.0,0.0,0.0,0.0,0.0,0.0,0.0,0.0,0.0,0.0,0.0025,0.9975,0.049057480794718625,1885,0.0004437101438497409,3.291699638947217e-07,9.71906927818483e-05,16,20,False,0.995,0.005,0.66,fixed,100,none,371c9e91-ddfd-4fc0-aac2-c83fd387c776
956,121900,31.256665468215942,1.0,1.0,1.0,0.9951079999999999,0.0,0.0,0.0,0.0,0.0,0.0,0.0,0.0,0.0,0.0,0.0,0.0,0.0,0.0,0.0025,0.9975,0.049447679348747824,1884,0.00044345531461916166,3.2948544305754134e-07,9.713497060431542e-05,16,20,False,0.995,0.005,0.66,fixed,100,none,371c9e91-ddfd-4fc0-aac2-c83fd387c776
957,122000,31.276489973068237,1.0,1.0,1.0,0.9951079999999999,0.0,0.0,0.0,0.0,0.0,0.0,0.0,0.0,0.0,0.0,0.0,0.0,0.0,0.0,0.0025,0.9975,0.049447679348747824,1884,0.00044408816049591753,3.3024186822723016e-07,9.727364428751954e-05,16,20,False,0.995,0.005,0.66,fixed,100,none,371c9e91-ddfd-4fc0-aac2-c83fd387c776
958,122200,31.29636025428772,1.0,1.0,1.0,0.9951079999999999,0.0,0.0,0.0,0.0,0.0,0.0,0.0,0.0,0.0,0.0,0.0,0.0,0.0,0.0,0.0025,0.9975,0.049447679348747824,1884,0.00044420343733501304,3.324442541236935e-07,9.729929684091786e-05,16,20,False,0.995,0.005,0.66,fixed,100,none,371c9e91-ddfd-4fc0-aac2-c83fd387c776
959,122300,31.316258430480957,1.0,1.0,1.0,0.9951079999999999,0.0,0.0,0.0,0.0,0.0,0.0,0.0,0.0,0.0,0.0,0.0,0.0,0.0,0.0,0.0025,0.9975,0.04866627722187673,1886,0.0004442943256806551,3.3307758930728286e-07,9.731931263346379e-05,16,20,False,0.995,0.005,0.66,fixed,100,none,371c9e91-ddfd-4fc0-aac2-c83fd387c776
960,122500,31.336153030395508,1.0,1.0,1.0,0.9951079999999999,0.0,0.0,0.0,0.0,0.0,0.0,0.0,0.0,0.0,0.0,0.0,0.0,0.0,0.0,0.0025,0.9975,0.049057480794718625,1885,0.00044379668780098115,3.3371722715321767e-07,9.721050123279389e-05,16,20,False,0.995,0.005,0.66,fixed,100,none,371c9e91-ddfd-4fc0-aac2-c83fd387c776
961,122600,31.356133699417114,1.0,1.0,1.0,0.9951079999999999,0.0,0.0,0.0,0.0,0.0,0.0,0.0,0.0,0.0,0.0,0.0,0.0,0.0,0.0,0.0025,0.9975,0.04866627722187673,1886,0.00044317400467251927,3.337064793520061e-07,9.707419385389135e-05,16,20,False,0.995,0.005,0.66,fixed,100,none,371c9e91-ddfd-4fc0-aac2-c83fd387c776
962,122900,31.375925540924072,1.0,1.0,1.0,0.9951079999999999,0.0,0.0,0.0,0.0,0.0,0.0,0.0,0.0,0.0,0.0,0.0,0.0,0.0,0.0,0.0025,0.9975,0.04866627722187673,1886,0.00044403347271793124,3.361242294005657e-07,9.726279078154126e-05,16,20,False,0.995,0.005,0.66,fixed,100,none,371c9e91-ddfd-4fc0-aac2-c83fd387c776
963,123000,31.3957200050354,1.0,1.0,1.0,0.9951079999999999,0.0,0.0,0.0,0.0,0.0,0.0,0.0,0.0,0.0,0.0,0.0,0.0,0.0,0.0,0.0025,0.9975,0.048274068630222176,1887,0.0004442938951409009,3.380540247196555e-07,9.732016391103994e-05,16,20,False,0.995,0.005,0.66,fixed,100,none,371c9e91-ddfd-4fc0-aac2-c83fd387c776
964,123200,31.415731191635132,1.0,1.0,1.0,0.9951079999999999,0.0,0.0,0.0,0.0,0.0,0.0,0.0,0.0,0.0,0.0,0.0,0.0,0.0,0.0,0.0025,0.9975,0.04866627722187673,1886,0.00044424531877590824,3.3783360018613876e-07,9.730948866408169e-05,16,20,False,0.995,0.005,0.66,fixed,100,none,371c9e91-ddfd-4fc0-aac2-c83fd387c776
965,123300,31.43558168411255,1.0,1.0,1.0,0.9951079999999999,0.0,0.0,0.0,0.0,0.0,0.0,0.0,0.0,0.0,0.0,0.0,0.0,0.0,0.0,0.0025,0.9975,0.04866627722187675,1886,0.000443863905490357,3.3725045535409835e-07,9.722588649835643e-05,16,20,False,0.995,0.005,0.66,fixed,100,none,371c9e91-ddfd-4fc0-aac2-c83fd387c776
966,123600,31.455499172210693,1.0,1.0,1.0,0.9951079999999999,0.0,0.0,0.0,0.0,0.0,0.0,0.0,0.0,0.0,0.0,0.0,0.0,0.0,0.0,0.0025,0.9975,0.048274068630222176,1887,0.0004447757136146629,3.391947415522101e-07,9.742585071114465e-05,16,20,False,0.995,0.005,0.66,fixed,100,none,371c9e91-ddfd-4fc0-aac2-c83fd387c776
967,123700,31.475690603256226,1.0,1.0,1.0,0.9951079999999999,0.0,0.0,0.0,0.0,0.0,0.0,0.0,0.0,0.0,0.0,0.0,0.0,0.0,0.0,0.0025,0.9975,0.048274068630222176,1887,0.0004442230838164849,3.395638513050147e-07,9.73049501791765e-05,16,20,False,0.995,0.005,0.66,fixed,100,none,371c9e91-ddfd-4fc0-aac2-c83fd387c776
968,124000,31.496461391448975,1.0,1.0,1.0,0.9951079999999999,0.0,0.0,0.0,0.0,0.0,0.0,0.0,0.0,0.0,0.0,0.0,0.0,0.0,0.0,0.0025,0.9975,0.04866627722187673,1886,0.0004441547162710768,3.400545071335307e-07,9.729007774809408e-05,16,20,False,0.995,0.005,0.66,fixed,100,none,371c9e91-ddfd-4fc0-aac2-c83fd387c776
969,124100,31.51674199104309,1.0,1.0,1.0,0.9951079999999999,0.0,0.0,0.0,0.0,0.0,0.0,0.0,0.0,0.0,0.0,0.0,0.0,0.0,0.0,0.0025,0.9975,0.04866627722187673,1886,0.0004441547162710768,3.400545071335307e-07,9.729007774809408e-05,16,20,False,0.995,0.005,0.66,fixed,100,none,371c9e91-ddfd-4fc0-aac2-c83fd387c776
970,124300,31.537015676498413,1.0,1.0,1.0,0.9951079999999999,0.0,0.0,0.0,0.0,0.0,0.0,0.0,0.0,0.0,0.0,0.0,0.0,0.0,0.0,0.0025,0.9975,0.048274068630222176,1887,0.00044581146978689917,3.418540239997937e-07,9.76530830009122e-05,16,20,False,0.995,0.005,0.66,fixed,100,none,371c9e91-ddfd-4fc0-aac2-c83fd387c776
971,124400,31.55720067024231,1.0,1.0,1.0,0.9951079999999999,0.0,0.0,0.0,0.0,0.0,0.0,0.0,0.0,0.0,0.0,0.0,0.0,0.0,0.0,0.0025,0.9975,0.047880855019754906,1888,0.00044485869889364615,3.405222068476576e-07,9.744426840712019e-05,16,20,False,0.995,0.005,0.66,fixed,100,none,371c9e91-ddfd-4fc0-aac2-c83fd387c776
972,124700,31.57701849937439,1.0,1.0,1.0,0.9951079999999999,0.0,0.0,0.0,0.0,0.0,0.0,0.0,0.0,0.0,0.0,0.0,0.0,0.0,0.0,0.0025,0.9975,0.04866627722187673,1886,0.00044569632914795833,3.4009119763964246e-07,9.762754377803962e-05,16,20,False,0.995,0.005,0.66,fixed,100,none,371c9e91-ddfd-4fc0-aac2-c83fd387c776
973,124800,31.596755027770996,1.0,1.0,1.0,0.9951079999999999,0.0,0.0,0.0,0.0,0.0,0.0,0.0,0.0,0.0,0.0,0.0,0.0,0.0,0.0,0.0025,0.9975,0.04866627722187673,1886,0.00044513540536575066,3.4017702788744794e-07,9.750477386986144e-05,16,20,False,0.995,0.005,0.66,fixed,100,none,371c9e91-ddfd-4fc0-aac2-c83fd387c776
974,125000,31.616493940353394,1.0,1.0,1.0,0.9951079999999999,0.0,0.0,0.0,0.0,0.0,0.0,0.0,0.0,0.0,0.0,0.0,0.0,0.0,0.0,0.0025,0.9975,0.04866627722187673,1886,0.00044523683646963336,3.4100216921171295e-07,9.752713391535297e-05,16,20,False,0.995,0.005,0.66,fixed,100,none,371c9e91-ddfd-4fc0-aac2-c83fd387c776
975,125100,31.637327432632446,1.0,1.0,1.0,0.9951079999999999,0.0,0.0,0.0,0.0,0.0,0.0,0.0,0.0,0.0,0.0,0.0,0.0,0.0,0.0,0.0025,0.9975,0.04866627722187673,1886,0.0004455329937766307,3.4153451422299866e-07,9.759206389540684e-05,16,20,False,0.995,0.005,0.66,fixed,100,none,371c9e91-ddfd-4fc0-aac2-c83fd387c776
976,125400,31.657119035720825,1.0,1.0,1.0,0.9951079999999999,0.0,0.0,0.0,0.0,0.0,0.0,0.0,0.0,0.0,0.0,0.0,0.0,0.0,0.0,0.0025,0.9975,0.049057480794718625,1885,0.00044442198703344106,3.401162911502709e-07,9.734859505693881e-05,16,20,False,0.995,0.005,0.66,fixed,100,none,371c9e91-ddfd-4fc0-aac2-c83fd387c776
977,125500,31.676895141601562,1.0,1.0,1.0,0.9951079999999999,0.0,0.0,0.0,0.0,0.0,0.0,0.0,0.0,0.0,0.0,0.0,0.0,0.0,0.0,0.0025,0.9975,0.04866627722187673,1886,0.00044308670190448547,3.386065493400821e-07,9.705601429126648e-05,16,20,False,0.995,0.005,0.66,fixed,100,none,371c9e91-ddfd-4fc0-aac2-c83fd387c776
978,125800,31.696730375289917,1.0,1.0,1.0,0.9951079999999999,0.0,0.0,0.0,0.0,0.0,0.0,0.0,0.0,0.0,0.0,0.0,0.0,0.0,0.0,0.0025,0.9975,0.049057480794718625,1885,0.0004445968235573513,3.3976462181967156e-07,9.738679995484994e-05,16,20,False,0.995,0.005,0.66,fixed,100,none,371c9e91-ddfd-4fc0-aac2-c83fd387c776
979,125900,31.716715335845947,1.0,1.0,1.0,0.9951079999999999,0.0,0.0,0.0,0.0,0.0,0.0,0.0,0.0,0.0,0.0,0.0,0.0,0.0,0.0,0.0025,0.9975,0.04866627722187673,1886,0.00044472177736008757,3.4017108475603373e-07,9.741422957022683e-05,16,20,False,0.995,0.005,0.66,fixed,100,none,371c9e91-ddfd-4fc0-aac2-c83fd387c776
980,126000,31.736608266830444,1.0,1.0,1.0,0.9951079999999999,0.0,0.0,0.0,0.0,0.0,0.0,0.0,0.0,0.0,0.0,0.0,0.0,0.0,0.0,0.0025,0.9975,0.04866627722187673,1886,0.0004443816111114257,3.4020106572368614e-07,9.733977287477859e-05,16,20,False,0.995,0.005,0.66,fixed,100,none,371c9e91-ddfd-4fc0-aac2-c83fd387c776
981,126100,31.756399393081665,1.0,1.0,1.0,0.9951079999999999,0.0,0.0,0.0,0.0,0.0,0.0,0.0,0.0,0.0,0.0,0.0,0.0,0.0,0.0,0.0025,0.9975,0.049057480794718625,1885,0.00044441130779714023,3.3979231985474677e-07,9.73461958175664e-05,16,20,False,0.995,0.005,0.66,fixed,100,none,371c9e91-ddfd-4fc0-aac2-c83fd387c776
982,126200,31.776281118392944,1.0,1.0,1.0,0.9951079999999999,0.0,0.0,0.0,0.0,0.0,0.0,0.0,0.0,0.0,0.0,0.0,0.0,0.0,0.0,0.0025,0.9975,0.049057480794718625,1885,0.00044468694301219314,3.4029177756564286e-07,9.740662726310655e-05,16,20,False,0.995,0.005,0.66,fixed,100,none,371c9e91-ddfd-4fc0-aac2-c83fd387c776
983,126500,31.79611325263977,1.0,1.0,1.0,0.9951079999999999,0.0,0.0,0.0,0.0,0.0,0.0,0.0,0.0,0.0,0.0,0.0,0.0,0.0,0.0,0.0025,0.9975,0.04866627722187673,1886,0.0004432406158840742,3.402807617412951e-07,9.709002416175469e-05,16,20,False,0.995,0.005,0.66,fixed,100,none,371c9e91-ddfd-4fc0-aac2-c83fd387c776
984,126600,31.815917015075684,1.0,1.0,1.0,0.9951079999999999,0.0,0.0,0.0,0.0,0.0,0.0,0.0,0.0,0.0,0.0,0.0,0.0,0.0,0.0,0.0025,0.9975,0.04866627722187673,1886,0.00044281660894416724,3.3927800291474286e-07,9.699701851843202e-05,16,20,False,0.995,0.005,0.66,fixed,100,none,371c9e91-ddfd-4fc0-aac2-c83fd387c776
985,126800,31.835878372192383,1.0,1.0,1.0,0.9951079999999999,0.0,0.0,0.0,0.0,0.0,0.0,0.0,0.0,0.0,0.0,0.0,0.0,0.0,0.0,0.0025,0.9975,0.04866627722187673,1886,0.00044421847092403877,3.4246589778970895e-07,9.730449180585214e-05,16,20,False,0.995,0.005,0.66,fixed,100,none,371c9e91-ddfd-4fc0-aac2-c83fd387c776
986,126900,31.855746269226074,1.0,1.0,1.0,0.9951079999999999,0.0,0.0,0.0,0.0,0.0,0.0,0.0,0.0,0.0,0.0,0.0,0.0,0.0,0.0,0.0025,0.9975,0.04866627722187673,1886,0.0004425474283275304,3.41539539311565e-07,9.693852457336561e-05,16,20,False,0.995,0.005,0.66,fixed,100,none,371c9e91-ddfd-4fc0-aac2-c83fd387c776
987,127000,31.87566113471985,1.0,1.0,1.0,0.9951079999999999,0.0,0.0,0.0,0.0,0.0,0.0,0.0,0.0,0.0,0.0,0.0,0.0,0.0,0.0,0.0025,0.9975,0.04866627722187673,1886,0.00044420032610302025,3.4413248511968196e-07,9.730083655612387e-05,16,20,False,0.995,0.005,0.66,fixed,100,none,371c9e91-ddfd-4fc0-aac2-c83fd387c776
988,127100,31.89537024497986,1.0,1.0,1.0,0.9951079999999999,0.0,0.0,0.0,0.0,0.0,0.0,0.0,0.0,0.0,0.0,0.0,0.0,0.0,0.0,0.0025,0.9975,0.04866627722187673,1886,0.00044421947095279953,3.448711404130091e-07,9.730516770824629e-05,16,20,False,0.995,0.005,0.66,fixed,100,none,371c9e91-ddfd-4fc0-aac2-c83fd387c776
989,127200,31.915170431137085,1.0,1.0,1.0,0.9951079999999999,0.0,0.0,0.0,0.0,0.0,0.0,0.0,0.0,0.0,0.0,0.0,0.0,0.0,0.0,0.0025,0.9975,0.04866627722187673,1886,0.00044377279665447225,3.448640859668104e-07,9.720738936399767e-05,16,20,False,0.995,0.005,0.66,fixed,100,none,371c9e91-ddfd-4fc0-aac2-c83fd387c776
990,127300,31.93514347076416,1.0,1.0,1.0,0.9951079999999999,0.0,0.0,0.0,0.0,0.0,0.0,0.0,0.0,0.0,0.0,0.0,0.0,0.0,0.0,0.0025,0.9975,0.04827406863022217,1887,0.00044351319437866354,3.446504856754796e-07,9.71505218417678e-05,16,20,False,0.995,0.005,0.66,fixed,100,none,371c9e91-ddfd-4fc0-aac2-c83fd387c776
991,127600,31.955302476882935,1.0,1.0,1.0,0.9951079999999999,0.0,0.0,0.0,0.0,0.0,0.0,0.0,0.0,0.0,0.0,0.0,0.0,0.0,0.0,0.0025,0.9975,0.04827406863022217,1887,0.00044220149890627434,3.4396302512631557e-07,9.686326108535746e-05,16,20,False,0.995,0.005,0.66,fixed,100,none,371c9e91-ddfd-4fc0-aac2-c83fd387c776
992,127700,31.975716590881348,1.0,1.0,1.0,0.9951079999999999,0.0,0.0,0.0,0.0,0.0,0.0,0.0,0.0,0.0,0.0,0.0,0.0,0.0,0.0,0.0025,0.9975,0.04827406863022217,1887,0.00044251429495797176,3.4457045798472497e-07,9.693184755331712e-05,16,20,False,0.995,0.005,0.66,fixed,100,none,371c9e91-ddfd-4fc0-aac2-c83fd387c776
993,127900,31.99591374397278,1.0,1.0,1.0,0.9951079999999999,0.0,0.0,0.0,0.0,0.0,0.0,0.0,0.0,0.0,0.0,0.0,0.0,0.0,0.0,0.0025,0.9975,0.04827406863022217,1887,0.0004422259158610806,3.436942629350345e-07,9.68685548919482e-05,16,20,False,0.995,0.005,0.66,fixed,100,none,371c9e91-ddfd-4fc0-aac2-c83fd387c776
994,128000,32.01588320732117,1.0,1.0,1.0,0.9951079999999999,0.0,0.0,0.0,0.0,0.0,0.0,0.0,0.0,0.0,0.0,0.0,0.0,0.0,0.0,0.0025,0.9975,0.04827406863022217,1887,0.00044390681850587407,3.4532723681516536e-07,9.723681474593072e-05,16,20,False,0.995,0.005,0.66,fixed,100,none,371c9e91-ddfd-4fc0-aac2-c83fd387c776
995,128100,32.03605365753174,1.0,1.0,1.0,0.9951079999999999,0.0,0.0,0.0,0.0,0.0,0.0,0.0,0.0,0.0,0.0,0.0,0.0,0.0,0.0,0.0025,0.9975,0.04866627722187674,1886,0.0004454101149252541,3.475355635084086e-07,9.756630591420473e-05,16,20,False,0.995,0.005,0.66,fixed,100,none,371c9e91-ddfd-4fc0-aac2-c83fd387c776
996,128200,32.05614519119263,1.0,1.0,1.0,0.9951079999999999,0.0,0.0,0.0,0.0,0.0,0.0,0.0,0.0,0.0,0.0,0.0,0.0,0.0,0.0,0.0025,0.9975,0.04866627722187674,1886,0.0004454223287874337,3.476405738042366e-07,9.756899948059204e-05,16,20,False,0.995,0.005,0.66,fixed,100,none,371c9e91-ddfd-4fc0-aac2-c83fd387c776
997,128300,32.076173543930054,1.0,1.0,1.0,0.9951079999999999,0.0,0.0,0.0,0.0,0.0,0.0,0.0,0.0,0.0,0.0,0.0,0.0,0.0,0.0,0.0025,0.9975,0.04866627722187674,1886,0.0004466158244529121,3.481463672779707e-07,9.783035178252529e-05,16,20,False,0.995,0.005,0.66,fixed,100,none,371c9e91-ddfd-4fc0-aac2-c83fd387c776
998,128400,32.0966100692749,1.0,1.0,1.0,0.9951079999999999,0.0,0.0,0.0,0.0,0.0,0.0,0.0,0.0,0.0,0.0,0.0,0.0,0.0,0.0,0.0025,0.9975,0.04866627722187674,1886,0.000448382681934317,3.498112126662393e-07,9.821743320582859e-05,16,20,False,0.995,0.005,0.66,fixed,100,none,371c9e91-ddfd-4fc0-aac2-c83fd387c776
999,128600,32.11719846725464,1.0,1.0,1.0,0.9951079999999999,0.0,0.0,0.0,0.0,0.0,0.0,0.0,0.0,0.0,0.0,0.0,0.0,0.0,0.0,0.0025,0.9975,0.04866627722187674,1886,0.00044829372832433796,3.496059857174145e-07,9.81979222674839e-05,16,20,False,0.995,0.005,0.66,fixed,100,none,371c9e91-ddfd-4fc0-aac2-c83fd387c776
1000,128700,32.137598276138306,1.0,1.0,1.0,0.9951079999999999,0.0,0.0,0.0,0.0,0.0,0.0,0.0,0.0,0.0,0.0,0.0,0.0,0.0,0.0,0.0025,0.9975,0.049057480794718625,1885,0.00044854689720730533,3.4955836444120714e-07,9.825333188792297e-05,16,20,False,0.995,0.005,0.66,fixed,100,none,371c9e91-ddfd-4fc0-aac2-c83fd387c776
1001,129000,32.15800380706787,1.0,1.0,1.0,0.9951079999999999,0.0,0.0,0.0,0.0,0.0,0.0,0.0,0.0,0.0,0.0,0.0,0.0,0.0,0.0,0.0025,0.9975,0.049057480794718625,1885,0.0004483281415381013,3.502600562728332e-07,9.820557959338221e-05,16,20,False,0.995,0.005,0.66,fixed,100,none,371c9e91-ddfd-4fc0-aac2-c83fd387c776
1002,129100,32.17839026451111,1.0,1.0,1.0,0.9951079999999999,0.0,0.0,0.0,0.0,0.0,0.0,0.0,0.0,0.0,0.0,0.0,0.0,0.0,0.0,0.0025,0.9975,0.049057480794718625,1885,0.0004479131517859454,3.5000986009095897e-07,9.811469079936072e-05,16,20,False,0.995,0.005,0.66,fixed,100,none,371c9e91-ddfd-4fc0-aac2-c83fd387c776
1003,129200,32.198691844940186,1.0,1.0,1.0,0.9951079999999999,0.0,0.0,0.0,0.0,0.0,0.0,0.0,0.0,0.0,0.0,0.0,0.0,0.0,0.0,0.0025,0.9975,0.049057480794718625,1885,0.0004479131517859454,3.5000986009095897e-07,9.811469079936072e-05,16,20,False,0.995,0.005,0.66,fixed,100,none,371c9e91-ddfd-4fc0-aac2-c83fd387c776
1004,129400,32.21900010108948,1.0,1.0,1.0,0.9951079999999999,0.0,0.0,0.0,0.0,0.0,0.0,0.0,0.0,0.0,0.0,0.0,0.0,0.0,0.0,0.0025,0.9975,0.049057480794718625,1885,0.0004469353653065611,3.4938194511685935e-07,9.790053403517845e-05,16,20,False,0.995,0.005,0.66,fixed,100,none,371c9e91-ddfd-4fc0-aac2-c83fd387c776
1005,129500,32.23938822746277,1.0,1.0,1.0,0.9951079999999999,0.0,0.0,0.0,0.0,0.0,0.0,0.0,0.0,0.0,0.0,0.0,0.0,0.0,0.0,0.0025,0.9975,0.049057480794718625,1885,0.00044753447145008473,3.501775955498407e-07,9.803182954357803e-05,16,20,False,0.995,0.005,0.66,fixed,100,none,371c9e91-ddfd-4fc0-aac2-c83fd387c776
1006,129700,32.259719371795654,1.0,1.0,1.0,0.9951079999999999,0.0,0.0,0.0,0.0,0.0,0.0,0.0,0.0,0.0,0.0,0.0,0.0,0.0,0.0,0.0025,0.9975,0.049057480794718625,1885,0.0004469485529475514,3.4947172883006686e-07,9.790343786869672e-05,16,20,False,0.995,0.005,0.66,fixed,100,none,371c9e91-ddfd-4fc0-aac2-c83fd387c776
1007,129800,32.28008055686951,1.0,1.0,1.0,0.9951079999999999,0.0,0.0,0.0,0.0,0.0,0.0,0.0,0.0,0.0,0.0,0.0,0.0,0.0,0.0,0.0025,0.9975,0.049057480794718625,1885,0.0004459988174436191,3.4923717027983875e-07,9.76954962007614e-05,16,20,False,0.995,0.005,0.66,fixed,100,none,371c9e91-ddfd-4fc0-aac2-c83fd387c776
1008,130100,32.30023193359375,1.0,1.0,1.0,0.9951079999999999,0.0,0.0,0.0,0.0,0.0,0.0,0.0,0.0,0.0,0.0,0.0,0.0,0.0,0.0,0.0025,0.9975,0.049057480794718625,1885,0.00044908394624489035,3.516466562751657e-07,9.837128869769879e-05,16,20,False,0.995,0.005,0.66,fixed,100,none,371c9e91-ddfd-4fc0-aac2-c83fd387c776
1009,130200,32.32012677192688,1.0,1.0,1.0,0.9951079999999999,0.0,0.0,0.0,0.0,0.0,0.0,0.0,0.0,0.0,0.0,0.0,0.0,0.0,0.0,0.0025,0.9975,0.049057480794718625,1885,0.0004483118570112146,3.514033047569659e-07,9.820223212765871e-05,16,20,False,0.995,0.005,0.66,fixed,100,none,371c9e91-ddfd-4fc0-aac2-c83fd387c776
1010,130300,32.33993649482727,1.0,1.0,1.0,0.9951079999999999,0.0,0.0,0.0,0.0,0.0,0.0,0.0,0.0,0.0,0.0,0.0,0.0,0.0,0.0,0.0025,0.9975,0.049057480794718625,1885,0.00044864456175803933,3.518644388935335e-07,9.827514881222458e-05,16,20,False,0.995,0.005,0.66,fixed,100,none,371c9e91-ddfd-4fc0-aac2-c83fd387c776
1011,130500,32.35972571372986,1.0,1.0,1.0,0.9951079999999999,0.0,0.0,0.0,0.0,0.0,0.0,0.0,0.0,0.0,0.0,0.0,0.0,0.0,0.0,0.0025,0.9975,0.049057480794718625,1885,0.00045226943294900547,3.552921577322065e-07,9.906928438250642e-05,16,20,False,0.995,0.005,0.66,fixed,100,none,371c9e91-ddfd-4fc0-aac2-c83fd387c776
1012,130600,32.37965512275696,1.0,1.0,1.0,0.9951079999999999,0.0,0.0,0.0,0.0,0.0,0.0,0.0,0.0,0.0,0.0,0.0,0.0,0.0,0.0,0.0025,0.9975,0.049057480794718625,1885,0.00045252472609124875,3.5498636565530617e-07,9.912510995084886e-05,16,20,False,0.995,0.005,0.66,fixed,100,none,371c9e91-ddfd-4fc0-aac2-c83fd387c776
1013,130800,32.399389028549194,1.0,1.0,1.0,0.9951079999999999,0.0,0.0,0.0,0.0,0.0,0.0,0.0,0.0,0.0,0.0,0.0,0.0,0.0,0.0,0.0025,0.9975,0.049057480794718625,1885,0.00045356309202487934,3.5643757263161454e-07,9.93526839830461e-05,16,20,False,0.995,0.005,0.66,fixed,100,none,371c9e91-ddfd-4fc0-aac2-c83fd387c776
1014,130900,32.41934275627136,1.0,1.0,1.0,0.9951079999999999,0.0,0.0,0.0,0.0,0.0,0.0,0.0,0.0,0.0,0.0,0.0,0.0,0.0,0.0,0.0025,0.9975,0.049057480794718625,1885,0.00045462716960748077,3.573129193397769e-07,9.95857768817521e-05,16,20,False,0.995,0.005,0.66,fixed,100,none,371c9e91-ddfd-4fc0-aac2-c83fd387c776
1015,131200,32.439332246780396,1.0,1.0,1.0,0.9951079999999999,0.0,0.0,0.0,0.0,0.0,0.0,0.0,0.0,0.0,0.0,0.0,0.0,0.0,0.0,0.0025,0.9975,0.04866627722187673,1886,0.00045486815420265584,3.568770556690133e-07,9.963844559553848e-05,16,20,False,0.995,0.005,0.66,fixed,100,none,371c9e91-ddfd-4fc0-aac2-c83fd387c776
1016,131300,32.45925545692444,1.0,1.0,1.0,0.9951079999999999,0.0,0.0,0.0,0.0,0.0,0.0,0.0,0.0,0.0,0.0,0.0,0.0,0.0,0.0,0.0025,0.9975,0.049057480794718625,1885,0.0004555840267266468,3.5745490657057523e-07,9.97952598827114e-05,16,20,False,0.995,0.005,0.66,fixed,100,none,371c9e91-ddfd-4fc0-aac2-c83fd387c776
1017,131400,32.479148626327515,1.0,1.0,1.0,0.9951079999999999,0.0,0.0,0.0,0.0,0.0,0.0,0.0,0.0,0.0,0.0,0.0,0.0,0.0,0.0,0.0025,0.9975,0.04866627722187675,1886,0.00045618051196563806,3.589539196820723e-07,9.992611531401777e-05,16,20,False,0.995,0.005,0.66,fixed,100,none,371c9e91-ddfd-4fc0-aac2-c83fd387c776
1018,131500,32.4996657371521,1.0,1.0,1.0,0.9951079999999999,0.0,0.0,0.0,0.0,0.0,0.0,0.0,0.0,0.0,0.0,0.0,0.0,0.0,0.0,0.0025,0.9975,0.04866627722187675,1886,0.00045660392099509636,3.5935028191220537e-07,0.00010001887485938992,16,20,False,0.995,0.005,0.66,fixed,100,none,371c9e91-ddfd-4fc0-aac2-c83fd387c776
1019,131600,32.519718408584595,1.0,1.0,1.0,0.9951079999999999,0.0,0.0,0.0,0.0,0.0,0.0,0.0,0.0,0.0,0.0,0.0,0.0,0.0,0.0,0.0025,0.9975,0.04866627722187675,1886,0.00045844462724410937,3.602288164559256e-07,0.00010042197237886218,16,20,False,0.995,0.005,0.66,fixed,100,none,371c9e91-ddfd-4fc0-aac2-c83fd387c776
1020,131900,32.54103064537048,1.0,1.0,1.0,0.9951079999999999,0.0,0.0,0.0,0.0,0.0,0.0,0.0,0.0,0.0,0.0,0.0,0.0,0.0,0.0,0.0025,0.9975,0.04866627722187675,1886,0.0004581819003551455,3.587765491954674e-07,0.0001003641855320885,16,20,False,0.995,0.005,0.66,fixed,100,none,371c9e91-ddfd-4fc0-aac2-c83fd387c776
1021,132000,32.56135845184326,1.0,1.0,1.0,0.9951079999999999,0.0,0.0,0.0,0.0,0.0,0.0,0.0,0.0,0.0,0.0,0.0,0.0,0.0,0.0,0.0025,0.9975,0.04866627722187673,1886,0.0004589043895885765,3.603080211641833e-07,0.0001005226294049606,16,20,False,0.995,0.005,0.66,fixed,100,none,371c9e91-ddfd-4fc0-aac2-c83fd387c776
1022,132300,32.58220958709717,1.0,1.0,1.0,0.9951079999999999,0.0,0.0,0.0,0.0,0.0,0.0,0.0,0.0,0.0,0.0,0.0,0.0,0.0,0.0,0.0025,0.9975,0.04866627722187673,1886,0.00045817215836948513,3.5977336463674344e-07,0.00010036224240636127,16,20,False,0.995,0.005,0.66,fixed,100,none,371c9e91-ddfd-4fc0-aac2-c83fd387c776
1023,132400,32.60238814353943,1.0,1.0,1.0,0.9951079999999999,0.0,0.0,0.0,0.0,0.0,0.0,0.0,0.0,0.0,0.0,0.0,0.0,0.0,0.0,0.0025,0.9975,0.04866627722187673,1886,0.00045812050448119647,3.604331730089346e-07,0.00010035106073380561,16,20,False,0.995,0.005,0.66,fixed,100,none,371c9e91-ddfd-4fc0-aac2-c83fd387c776
1024,132500,32.6222186088562,1.0,1.0,1.0,0.9951079999999999,0.0,0.0,0.0,0.0,0.0,0.0,0.0,0.0,0.0,0.0,0.0,0.0,0.0,0.0,0.0025,0.9975,0.04866627722187673,1886,0.0004582613625211536,3.6000778631107324e-07,0.00010038181373527964,16,20,False,0.995,0.005,0.66,fixed,100,none,371c9e91-ddfd-4fc0-aac2-c83fd387c776
1025,132600,32.642420530319214,1.0,1.0,1.0,0.9951079999999999,0.0,0.0,0.0,0.0,0.0,0.0,0.0,0.0,0.0,0.0,0.0,0.0,0.0,0.0,0.0025,0.9975,0.04866627722187673,1886,0.00045817146796606575,3.6028012226336225e-07,0.00010036218756100183,16,20,False,0.995,0.005,0.66,fixed,100,none,371c9e91-ddfd-4fc0-aac2-c83fd387c776
1026,132700,32.66241669654846,1.0,1.0,1.0,0.9951079999999999,0.0,0.0,0.0,0.0,0.0,0.0,0.0,0.0,0.0,0.0,0.0,0.0,0.0,0.0,0.0025,0.9975,0.04866627722187673,1886,0.00045817146796606575,3.6028012226336225e-07,0.00010036218756100183,16,20,False,0.995,0.005,0.66,fixed,100,none,371c9e91-ddfd-4fc0-aac2-c83fd387c776
1027,133000,32.68241548538208,1.0,1.0,1.0,0.9951079999999999,0.0,0.0,0.0,0.0,0.0,0.0,0.0,0.0,0.0,0.0,0.0,0.0,0.0,0.0,0.0025,0.9975,0.04866627722187673,1886,0.0004590405912272076,3.6126807135265036e-07,0.00010055262635319275,16,20,False,0.995,0.005,0.66,fixed,100,none,371c9e91-ddfd-4fc0-aac2-c83fd387c776
1028,133100,32.70227408409119,1.0,1.0,1.0,0.9951079999999999,0.0,0.0,0.0,0.0,0.0,0.0,0.0,0.0,0.0,0.0,0.0,0.0,0.0,0.0,0.0025,0.9975,0.049057480794718625,1885,0.0004599483007678421,3.618506797664505e-07,0.00010075143466723627,16,20,False,0.995,0.005,0.66,fixed,100,none,371c9e91-ddfd-4fc0-aac2-c83fd387c776
1029,133300,32.722177028656006,1.0,1.0,1.0,0.9951079999999999,0.0,0.0,0.0,0.0,0.0,0.0,0.0,0.0,0.0,0.0,0.0,0.0,0.0,0.0,0.0025,0.9975,0.04866627722187673,1886,0.00046050180658011963,3.6216902192812583e-07,0.00010087265757455455,16,20,False,0.995,0.005,0.66,fixed,100,none,371c9e91-ddfd-4fc0-aac2-c83fd387c776
1030,133400,32.74226975440979,1.0,1.0,1.0,0.9951079999999999,0.0,0.0,0.0,0.0,0.0,0.0,0.0,0.0,0.0,0.0,0.0,0.0,0.0,0.0,0.0025,0.9975,0.04866627722187673,1886,0.000460950028916141,3.6275766137079395e-07,0.00010097088528540372,16,20,False,0.995,0.005,0.66,fixed,100,none,371c9e91-ddfd-4fc0-aac2-c83fd387c776
1031,133500,32.762171506881714,1.0,1.0,1.0,0.9951079999999999,0.0,0.0,0.0,0.0,0.0,0.0,0.0,0.0,0.0,0.0,0.0,0.0,0.0,0.0,0.0025,0.9975,0.04866627722187673,1886,0.0004601555834297896,3.624052118962926e-07,0.00010079691420304123,16,20,False,0.995,0.005,0.66,fixed,100,none,371c9e91-ddfd-4fc0-aac2-c83fd387c776
1032,133600,32.78233051300049,1.0,1.0,1.0,0.9951079999999999,0.0,0.0,0.0,0.0,0.0,0.0,0.0,0.0,0.0,0.0,0.0,0.0,0.0,0.0,0.0025,0.9975,0.04866627722187673,1886,0.00046054383073342454,3.6283026238763915e-07,0.00010088198229740029,16,20,False,0.995,0.005,0.66,fixed,100,none,371c9e91-ddfd-4fc0-aac2-c83fd387c776
1033,133700,32.80240869522095,1.0,1.0,1.0,0.9951079999999999,0.0,0.0,0.0,0.0,0.0,0.0,0.0,0.0,0.0,0.0,0.0,0.0,0.0,0.0,0.0025,0.9975,0.04866627722187673,1886,0.0004604594810984008,3.631310263353458e-07,0.00010086357530744365,16,20,False,0.995,0.005,0.66,fixed,100,none,371c9e91-ddfd-4fc0-aac2-c83fd387c776
1034,133800,32.82249402999878,1.0,1.0,1.0,0.9951079999999999,0.0,0.0,0.0,0.0,0.0,0.0,0.0,0.0,0.0,0.0,0.0,0.0,0.0,0.0,0.0025,0.9975,0.04866627722187673,1886,0.00046039897076588016,3.6355507703774034e-07,0.00010085041016528834,16,20,False,0.995,0.005,0.66,fixed,100,none,371c9e91-ddfd-4fc0-aac2-c83fd387c776
1035,134100,32.842344760894775,1.0,1.0,1.0,0.9951079999999999,0.0,0.0,0.0,0.0,0.0,0.0,0.0,0.0,0.0,0.0,0.0,0.0,0.0,0.0,0.0025,0.9975,0.04866627722187673,1886,0.0004604298271526963,3.635483860964856e-07,0.00010085716335708356,16,20,False,0.995,0.005,0.66,fixed,100,none,371c9e91-ddfd-4fc0-aac2-c83fd387c776
1036,134200,32.8621871471405,1.0,1.0,1.0,0.9951079999999999,0.0,0.0,0.0,0.0,0.0,0.0,0.0,0.0,0.0,0.0,0.0,0.0,0.0,0.0,0.0025,0.9975,0.04866627722187673,1886,0.00046175785847331964,3.6370949830317675e-07,0.00010114790002448728,16,20,False,0.995,0.005,0.66,fixed,100,none,371c9e91-ddfd-4fc0-aac2-c83fd387c776
1037,134400,32.88201141357422,1.0,1.0,1.0,0.9951079999999999,0.0,0.0,0.0,0.0,0.0,0.0,0.0,0.0,0.0,0.0,0.0,0.0,0.0,0.0,0.0025,0.9975,0.049057480794718625,1885,0.0004632888823190977,3.666632073728821e-07,0.00010148360234905132,16,20,False,0.995,0.005,0.66,fixed,100,none,371c9e91-ddfd-4fc0-aac2-c83fd387c776
1038,134500,32.901926040649414,1.0,1.0,1.0,0.9951079999999999,0.0,0.0,0.0,0.0,0.0,0.0,0.0,0.0,0.0,0.0,0.0,0.0,0.0,0.0,0.0025,0.9975,0.04866627722187673,1886,0.0004634267898794314,3.6686713325143927e-07,0.00010151382905992531,16,20,False,0.995,0.005,0.66,fixed,100,none,371c9e91-ddfd-4fc0-aac2-c83fd387c776
1039,134600,32.92203450202942,1.0,1.0,1.0,0.9951079999999999,0.0,0.0,0.0,0.0,0.0,0.0,0.0,0.0,0.0,0.0,0.0,0.0,0.0,0.0,0.0025,0.9975,0.04866627722187673,1886,0.00046519261197837977,3.6934773019055354e-07,0.00010190083883080353,16,20,False,0.995,0.005,0.66,fixed,100,none,371c9e91-ddfd-4fc0-aac2-c83fd387c776
1040,134700,32.94179105758667,1.0,1.0,1.0,0.9951079999999999,0.0,0.0,0.0,0.0,0.0,0.0,0.0,0.0,0.0,0.0,0.0,0.0,0.0,0.0,0.0025,0.9975,0.04866627722187673,1886,0.00046622024561488617,3.708081063605653e-07,0.0001021260653053071,16,20,False,0.995,0.005,0.66,fixed,100,none,371c9e91-ddfd-4fc0-aac2-c83fd387c776
1041,134800,32.96155881881714,1.0,1.0,1.0,0.9951079999999999,0.0,0.0,0.0,0.0,0.0,0.0,0.0,0.0,0.0,0.0,0.0,0.0,0.0,0.0,0.0025,0.9975,0.04866627722187673,1886,0.00046807405541564496,3.727682642459671e-07,0.00010253223670069142,16,20,False,0.995,0.005,0.66,fixed,100,none,371c9e91-ddfd-4fc0-aac2-c83fd387c776
1042,134900,32.981417417526245,1.0,1.0,1.0,0.9951079999999999,0.0,0.0,0.0,0.0,0.0,0.0,0.0,0.0,0.0,0.0,0.0,0.0,0.0,0.0,0.0025,0.9975,0.04866627722187673,1886,0.0004676215973093506,3.7280904565498627e-07,0.00010243320136969131,16,20,False,0.995,0.005,0.66,fixed,100,none,371c9e91-ddfd-4fc0-aac2-c83fd387c776
1043,135100,33.00140976905823,1.0,1.0,1.0,0.9951079999999999,0.0,0.0,0.0,0.0,0.0,0.0,0.0,0.0,0.0,0.0,0.0,0.0,0.0,0.0,0.0025,0.9975,0.04866627722187673,1886,0.00046840030299408886,3.736359854202723e-07,0.0001026038171626359,16,20,False,0.995,0.005,0.66,fixed,100,none,371c9e91-ddfd-4fc0-aac2-c83fd387c776
1044,135200,33.02153778076172,1.0,1.0,1.0,0.9951079999999999,0.0,0.0,0.0,0.0,0.0,0.0,0.0,0.0,0.0,0.0,0.0,0.0,0.0,0.0,0.0025,0.9975,0.04866627722187673,1886,0.00046942602896847687,3.7518258111475914e-07,0.0001028286424316114,16,20,False,0.995,0.005,0.66,fixed,100,none,371c9e91-ddfd-4fc0-aac2-c83fd387c776
1045,135500,33.0415301322937,1.0,1.0,1.0,0.9951079999999999,0.0,0.0,0.0,0.0,0.0,0.0,0.0,0.0,0.0,0.0,0.0,0.0,0.0,0.0,0.0025,0.9975,0.04866627722187673,1886,0.0004693583242424217,3.756905101415221e-07,0.00010281391837359301,16,20,False,0.995,0.005,0.66,fixed,100,none,371c9e91-ddfd-4fc0-aac2-c83fd387c776
1046,135600,33.06130266189575,1.0,1.0,1.0,0.9951079999999999,0.0,0.0,0.0,0.0,0.0,0.0,0.0,0.0,0.0,0.0,0.0,0.0,0.0,0.0,0.0025,0.9975,0.04866627722187673,1886,0.0004698043811022666,3.7590755242013167e-07,0.00010291160145824599,16,20,False,0.995,0.005,0.66,fixed,100,none,371c9e91-ddfd-4fc0-aac2-c83fd387c776
1047,135700,33.082112312316895,1.0,1.0,1.0,0.9951079999999999,0.0,0.0,0.0,0.0,0.0,0.0,0.0,0.0,0.0,0.0,0.0,0.0,0.0,0.0,0.0025,0.9975,0.04866627722187673,1886,0.00047038435711804967,3.7794530889987996e-07,0.00010303894538183206,16,20,False,0.995,0.005,0.66,fixed,100,none,371c9e91-ddfd-4fc0-aac2-c83fd387c776
1048,135800,33.102072954177856,1.0,1.0,1.0,0.9951079999999999,0.0,0.0,0.0,0.0,0.0,0.0,0.0,0.0,0.0,0.0,0.0,0.0,0.0,0.0,0.0025,0.9975,0.04866627722187673,1886,0.0004717720565797772,3.8095770751617403e-07,0.0001033432851497413,16,20,False,0.995,0.005,0.66,fixed,100,none,371c9e91-ddfd-4fc0-aac2-c83fd387c776
1049,135900,33.12189793586731,1.0,1.0,1.0,0.9951079999999999,0.0,0.0,0.0,0.0,0.0,0.0,0.0,0.0,0.0,0.0,0.0,0.0,0.0,0.0,0.0025,0.9975,0.04866627722187673,1886,0.000471218691497204,3.8145988909176156e-07,0.0001032222489476654,16,20,False,0.995,0.005,0.66,fixed,100,none,371c9e91-ddfd-4fc0-aac2-c83fd387c776
1050,136000,33.1416540145874,1.0,1.0,1.0,0.9951079999999999,0.0,0.0,0.0,0.0,0.0,0.0,0.0,0.0,0.0,0.0,0.0,0.0,0.0,0.0,0.0025,0.9975,0.04866627722187673,1886,0.00047059214816567177,3.812909507575974e-07,0.00010308506651410951,16,20,False,0.995,0.005,0.66,fixed,100,none,371c9e91-ddfd-4fc0-aac2-c83fd387c776
1051,136200,33.16217398643494,1.0,1.0,1.0,0.9951079999999999,0.0,0.0,0.0,0.0,0.0,0.0,0.0,0.0,0.0,0.0,0.0,0.0,0.0,0.0,0.0025,0.9975,0.04866627722187673,1886,0.000470790569433338,3.8130229987756397e-07,0.00010312850308593442,16,20,False,0.995,0.005,0.66,fixed,100,none,371c9e91-ddfd-4fc0-aac2-c83fd387c776
1052,136300,33.18193054199219,1.0,1.0,1.0,0.9951079999999999,0.0,0.0,0.0,0.0,0.0,0.0,0.0,0.0,0.0,0.0,0.0,0.0,0.0,0.0,0.0025,0.9975,0.04866627722187673,1886,0.00047100824704622096,3.8184435639766964e-07,0.00010317625570613333,16,20,False,0.995,0.005,0.66,fixed,100,none,371c9e91-ddfd-4fc0-aac2-c83fd387c776
1053,136600,33.201711654663086,1.0,1.0,1.0,0.9951079999999999,0.0,0.0,0.0,0.0,0.0,0.0,0.0,0.0,0.0,0.0,0.0,0.0,0.0,0.0,0.0025,0.9975,0.04866627722187673,1886,0.0004708488206100344,3.828251429622919e-07,0.00010314154360869938,16,20,False,0.995,0.005,0.66,fixed,100,none,371c9e91-ddfd-4fc0-aac2-c83fd387c776
1054,136700,33.22154951095581,1.0,1.0,1.0,0.9951079999999999,0.0,0.0,0.0,0.0,0.0,0.0,0.0,0.0,0.0,0.0,0.0,0.0,0.0,0.0,0.0025,0.9975,0.04866627722187673,1886,0.00047073075327005873,3.8315168484532025e-07,0.00010311576071093648,16,20,False,0.995,0.005,0.66,fixed,100,none,371c9e91-ddfd-4fc0-aac2-c83fd387c776
1055,136800,33.24153399467468,1.0,1.0,1.0,0.9951079999999999,0.0,0.0,0.0,0.0,0.0,0.0,0.0,0.0,0.0,0.0,0.0,0.0,0.0,0.0,0.0025,0.9975,0.04866627722187673,1886,0.00047107806732740455,3.8324809784909846e-07,0.00010319180607656019,16,20,False,0.995,0.005,0.66,fixed,100,none,371c9e91-ddfd-4fc0-aac2-c83fd387c776
1056,136900,33.26116418838501,1.0,1.0,1.0,0.9951079999999999,0.0,0.0,0.0,0.0,0.0,0.0,0.0,0.0,0.0,0.0,0.0,0.0,0.0,0.0,0.0025,0.9975,0.04866627722187673,1886,0.0004716488823944838,3.8400835935991127e-07,0.0001033169019444309,16,20,False,0.995,0.005,0.66,fixed,100,none,371c9e91-ddfd-4fc0-aac2-c83fd387c776
1057,137000,33.28491401672363,1.0,1.0,1.0,0.9951079999999999,0.0,0.0,0.0,0.0,0.0,0.0,0.0,0.0,0.0,0.0,0.0,0.0,0.0,0.0,0.0025,0.9975,0.04866627722187673,1886,0.00047269196392348803,3.849132529419315e-07,0.0001035454044209105,16,20,False,0.995,0.005,0.66,fixed,100,none,371c9e91-ddfd-4fc0-aac2-c83fd387c776
1058,137300,33.304888010025024,1.0,1.0,1.0,0.9951079999999999,0.0,0.0,0.0,0.0,0.0,0.0,0.0,0.0,0.0,0.0,0.0,0.0,0.0,0.0,0.0025,0.9975,0.04788085501975489,1888,0.00047407443584238486,3.840916932521201e-07,0.00010384787142761595,16,20,False,0.995,0.005,0.66,fixed,100,none,371c9e91-ddfd-4fc0-aac2-c83fd387c776
1059,137400,33.32481670379639,1.0,1.0,1.0,0.9951079999999999,0.0,0.0,0.0,0.0,0.0,0.0,0.0,0.0,0.0,0.0,0.0,0.0,0.0,0.0,0.0025,0.9975,0.04788085501975489,1888,0.00047343687567020593,3.8355012097290186e-07,0.00010370820660719293,16,20,False,0.995,0.005,0.66,fixed,100,none,371c9e91-ddfd-4fc0-aac2-c83fd387c776
1060,137700,33.344659090042114,1.0,1.0,1.0,0.9951079999999999,0.0,0.0,0.0,0.0,0.0,0.0,0.0,0.0,0.0,0.0,0.0,0.0,0.0,0.0,0.0025,0.9975,0.04788085501975489,1888,0.00047296786921131027,3.8319283620216077e-07,0.00010360547320923423,16,20,False,0.995,0.005,0.66,fixed,100,none,371c9e91-ddfd-4fc0-aac2-c83fd387c776
1061,137800,33.36444425582886,1.0,1.0,1.0,0.9951079999999999,0.0,0.0,0.0,0.0,0.0,0.0,0.0,0.0,0.0,0.0,0.0,0.0,0.0,0.0,0.0025,0.9975,0.047486636390474915,1889,0.00047330224544575486,3.8343553626882576e-07,0.00010367871427996683,16,20,False,0.995,0.005,0.66,fixed,100,none,371c9e91-ddfd-4fc0-aac2-c83fd387c776
1062,137900,33.384186029434204,1.0,1.0,1.0,0.9951079999999999,0.0,0.0,0.0,0.0,0.0,0.0,0.0,0.0,0.0,0.0,0.0,0.0,0.0,0.0,0.0025,0.9975,0.04788085501975489,1888,0.0004738177785268205,3.843413876372618e-07,0.0001037917365831721,16,20,False,0.995,0.005,0.66,fixed,100,none,371c9e91-ddfd-4fc0-aac2-c83fd387c776
1063,138000,33.40395903587341,1.0,1.0,1.0,0.9951079999999999,0.0,0.0,0.0,0.0,0.0,0.0,0.0,0.0,0.0,0.0,0.0,0.0,0.0,0.0,0.0025,0.9975,0.04788085501975489,1888,0.0004729781457417498,3.8227994951163154e-07,0.00010360754929327624,16,20,False,0.995,0.005,0.66,fixed,100,none,371c9e91-ddfd-4fc0-aac2-c83fd387c776
1064,138100,33.42390465736389,1.0,1.0,1.0,0.9951079999999999,0.0,0.0,0.0,0.0,0.0,0.0,0.0,0.0,0.0,0.0,0.0,0.0,0.0,0.0,0.0025,0.9975,0.04788085501975489,1888,0.0004718270822442239,3.8121323559795517e-07,0.00010335537881802423,16,20,False,0.995,0.005,0.66,fixed,100,none,371c9e91-ddfd-4fc0-aac2-c83fd387c776
1065,138400,33.44419860839844,1.0,1.0,1.0,0.9951079999999999,0.0,0.0,0.0,0.0,0.0,0.0,0.0,0.0,0.0,0.0,0.0,0.0,0.0,0.0,0.0025,0.9975,0.048274068630222176,1887,0.0004711404015355216,3.8152344690864903e-07,0.00010320512335103833,16,20,False,0.995,0.005,0.66,fixed,100,none,371c9e91-ddfd-4fc0-aac2-c83fd387c776
1066,138500,33.46421837806702,1.0,1.0,1.0,0.9951079999999999,0.0,0.0,0.0,0.0,0.0,0.0,0.0,0.0,0.0,0.0,0.0,0.0,0.0,0.0,0.0025,0.9975,0.04788085501975489,1888,0.00047127802816255144,3.8240337524513906e-07,0.00010323541700607909,16,20,False,0.995,0.005,0.66,fixed,100,none,371c9e91-ddfd-4fc0-aac2-c83fd387c776
1067,138700,33.48407506942749,1.0,1.0,1.0,0.9951079999999999,0.0,0.0,0.0,0.0,0.0,0.0,0.0,0.0,0.0,0.0,0.0,0.0,0.0,0.0,0.0025,0.9975,0.04788085501975489,1888,0.00047169594411317214,3.831685556364054e-07,0.0001033270441919443,16,20,False,0.995,0.005,0.66,fixed,100,none,371c9e91-ddfd-4fc0-aac2-c83fd387c776
1068,138800,33.504048109054565,1.0,1.0,1.0,0.9951079999999999,0.0,0.0,0.0,0.0,0.0,0.0,0.0,0.0,0.0,0.0,0.0,0.0,0.0,0.0,0.0025,0.9975,0.047486636390474915,1889,0.00047217509919530727,3.829615552329573e-07,0.00010343189190934703,16,20,False,0.995,0.005,0.66,fixed,100,none,371c9e91-ddfd-4fc0-aac2-c83fd387c776
1069,139000,33.524202823638916,1.0,1.0,1.0,0.9951079999999999,0.0,0.0,0.0,0.0,0.0,0.0,0.0,0.0,0.0,0.0,0.0,0.0,0.0,0.0,0.0025,0.9975,0.047486636390474915,1889,0.0004730609412193878,3.8178925452874166e-07,0.00010362557999128445,16,20,False,0.995,0.005,0.66,fixed,100,none,371c9e91-ddfd-4fc0-aac2-c83fd387c776
1070,139100,33.54425358772278,1.0,1.0,1.0,0.9951079999999999,0.0,0.0,0.0,0.0,0.0,0.0,0.0,0.0,0.0,0.0,0.0,0.0,0.0,0.0,0.0025,0.9975,0.04788085501975489,1888,0.000473178641843096,3.8208416152278164e-07,0.00010365140069014305,16,20,False,0.995,0.005,0.66,fixed,100,none,371c9e91-ddfd-4fc0-aac2-c83fd387c776
1071,139200,33.56421709060669,1.0,1.0,1.0,0.9951079999999999,0.0,0.0,0.0,0.0,0.0,0.0,0.0,0.0,0.0,0.0,0.0,0.0,0.0,0.0,0.0025,0.9975,0.04788085501975489,1888,0.0004726761536927506,3.8189979624612e-07,0.00010354137100462987,16,20,False,0.995,0.005,0.66,fixed,100,none,371c9e91-ddfd-4fc0-aac2-c83fd387c776
1072,139500,33.584184408187866,1.0,1.0,1.0,0.9951079999999999,0.0,0.0,0.0,0.0,0.0,0.0,0.0,0.0,0.0,0.0,0.0,0.0,0.0,0.0,0.0025,0.9975,0.04866627722187673,1886,0.00047491387897117773,3.8594368345409383e-07,0.00010403197740664708,16,20,False,0.995,0.005,0.66,fixed,100,none,371c9e91-ddfd-4fc0-aac2-c83fd387c776
1073,139600,33.60404992103577,1.0,1.0,1.0,0.9951079999999999,0.0,0.0,0.0,0.0,0.0,0.0,0.0,0.0,0.0,0.0,0.0,0.0,0.0,0.0,0.0025,0.9975,0.048274068630222176,1887,0.00047482710914875133,3.857757199301298e-07,0.0001040129515794484,16,20,False,0.995,0.005,0.66,fixed,100,none,371c9e91-ddfd-4fc0-aac2-c83fd387c776
1074,139800,33.62386083602905,1.0,1.0,1.0,0.9951079999999999,0.0,0.0,0.0,0.0,0.0,0.0,0.0,0.0,0.0,0.0,0.0,0.0,0.0,0.0,0.0025,0.9975,0.048274068630222176,1887,0.0004768652619333973,3.8752272905640156e-07,0.0001044594351557414,16,20,False,0.995,0.005,0.66,fixed,100,none,371c9e91-ddfd-4fc0-aac2-c83fd387c776
1075,139900,33.6439266204834,1.0,1.0,1.0,0.9951079999999999,0.0,0.0,0.0,0.0,0.0,0.0,0.0,0.0,0.0,0.0,0.0,0.0,0.0,0.0,0.0025,0.9975,0.048274068630222176,1887,0.00047616174777012957,3.86994457356422e-07,0.00010430533553377908,16,20,False,0.995,0.005,0.66,fixed,100,none,371c9e91-ddfd-4fc0-aac2-c83fd387c776
1076,140200,33.66376280784607,1.0,1.0,1.0,0.9951079999999999,0.0,0.0,0.0,0.0,0.0,0.0,0.0,0.0,0.0,0.0,0.0,0.0,0.0,0.0,0.0025,0.9975,0.047486636390474915,1889,0.00047761991791694957,3.8775906130994165e-07,0.00010462467425366915,16,20,False,0.995,0.005,0.66,fixed,100,none,371c9e91-ddfd-4fc0-aac2-c83fd387c776
1077,140300,33.68358325958252,1.0,1.0,1.0,0.9951079999999999,0.0,0.0,0.0,0.0,0.0,0.0,0.0,0.0,0.0,0.0,0.0,0.0,0.0,0.0,0.0025,0.9975,0.047486636390474915,1889,0.00047553379375364754,3.863173775483107e-07,0.00010416774775440764,16,20,False,0.995,0.005,0.66,fixed,100,none,371c9e91-ddfd-4fc0-aac2-c83fd387c776
1078,140500,33.703439474105835,1.0,1.0,1.0,0.9951079999999999,0.0,0.0,0.0,0.0,0.0,0.0,0.0,0.0,0.0,0.0,0.0,0.0,0.0,0.0,0.0025,0.9975,0.04788085501975489,1888,0.0004763735847645378,3.8752558555208745e-07,0.00010435180756621222,16,20,False,0.995,0.005,0.66,fixed,100,none,371c9e91-ddfd-4fc0-aac2-c83fd387c776
1079,140600,33.72317862510681,1.0,1.0,1.0,0.9951079999999999,0.0,0.0,0.0,0.0,0.0,0.0,0.0,0.0,0.0,0.0,0.0,0.0,0.0,0.0,0.0025,0.9975,0.047486636390474915,1889,0.00047668850108144117,3.8811103687782095e-07,0.00010442085398373427,16,20,False,0.995,0.005,0.66,fixed,100,none,371c9e91-ddfd-4fc0-aac2-c83fd387c776
1080,140900,33.74304676055908,1.0,1.0,1.0,0.9951079999999999,0.0,0.0,0.0,0.0,0.0,0.0,0.0,0.0,0.0,0.0,0.0,0.0,0.0,0.0,0.0025,0.9975,0.047486636390474915,1889,0.0004774586531201319,3.8933559177710785e-07,0.00010458967293043453,16,20,False,0.995,0.005,0.66,fixed,100,none,371c9e91-ddfd-4fc0-aac2-c83fd387c776
1081,141000,33.762632846832275,1.0,1.0,1.0,0.9951079999999999,0.0,0.0,0.0,0.0,0.0,0.0,0.0,0.0,0.0,0.0,0.0,0.0,0.0,0.0,0.0025,0.9975,0.047486636390474915,1889,0.0004778834732580754,3.8985863303020344e-07,0.00010468276543646844,16,20,False,0.995,0.005,0.66,fixed,100,none,371c9e91-ddfd-4fc0-aac2-c83fd387c776
1082,141300,33.78236746788025,1.0,1.0,1.0,0.9951079999999999,0.0,0.0,0.0,0.0,0.0,0.0,0.0,0.0,0.0,0.0,0.0,0.0,0.0,0.0,0.0025,0.9975,0.047486636390474915,1889,0.000477527744767463,3.898239497109103e-07,0.00010460488988004272,16,20,False,0.995,0.005,0.66,fixed,100,none,371c9e91-ddfd-4fc0-aac2-c83fd387c776
1083,141400,33.80209994316101,1.0,1.0,1.0,0.9951079999999999,0.0,0.0,0.0,0.0,0.0,0.0,0.0,0.0,0.0,0.0,0.0,0.0,0.0,0.0,0.0025,0.9975,0.04788085501975489,1888,0.0004774620508169795,3.893782777040134e-07,0.00010459042479660056,16,20,False,0.995,0.005,0.66,fixed,100,none,371c9e91-ddfd-4fc0-aac2-c83fd387c776
1084,141600,33.82174587249756,1.0,1.0,1.0,0.9951079999999999,0.0,0.0,0.0,0.0,0.0,0.0,0.0,0.0,0.0,0.0,0.0,0.0,0.0,0.0,0.0025,0.9975,0.04788085501975489,1888,0.00047951895118749694,3.9141210610258485e-07,0.00010504106671510259,16,20,False,0.995,0.005,0.66,fixed,100,none,371c9e91-ddfd-4fc0-aac2-c83fd387c776
1085,141700,33.84140205383301,1.0,1.0,1.0,0.9951079999999999,0.0,0.0,0.0,0.0,0.0,0.0,0.0,0.0,0.0,0.0,0.0,0.0,0.0,0.0,0.0025,0.9975,0.04788085501975489,1888,0.0004791502370922074,3.917501454999328e-07,0.00010496041942712919,16,20,False,0.995,0.005,0.66,fixed,100,none,371c9e91-ddfd-4fc0-aac2-c83fd387c776
1086,142000,33.86146950721741,1.0,1.0,1.0,0.9951079999999999,0.0,0.0,0.0,0.0,0.0,0.0,0.0,0.0,0.0,0.0,0.0,0.0,0.0,0.0,0.0025,0.9975,0.0478808550197549,1888,0.00048192893967603665,3.937813491872925e-07,0.00010556906335143001,16,20,False,0.995,0.005,0.66,fixed,100,none,371c9e91-ddfd-4fc0-aac2-c83fd387c776
1087,142100,33.88139867782593,1.0,1.0,1.0,0.9951079999999999,0.0,0.0,0.0,0.0,0.0,0.0,0.0,0.0,0.0,0.0,0.0,0.0,0.0,0.0,0.0025,0.9975,0.0478808550197549,1888,0.0004819844863911794,3.9328972479563356e-07,0.00010558112911874035,16,20,False,0.995,0.005,0.66,fixed,100,none,371c9e91-ddfd-4fc0-aac2-c83fd387c776
1088,142300,33.901084899902344,1.0,1.0,1.0,0.9951079999999999,0.0,0.0,0.0,0.0,0.0,0.0,0.0,0.0,0.0,0.0,0.0,0.0,0.0,0.0,0.0025,0.9975,0.0478808550197549,1888,0.00048380289299530235,3.9652576787154525e-07,0.00010597979317256728,16,20,False,0.995,0.005,0.66,fixed,100,none,371c9e91-ddfd-4fc0-aac2-c83fd387c776
1089,142400,33.920876264572144,1.0,1.0,1.0,0.9951079999999999,0.0,0.0,0.0,0.0,0.0,0.0,0.0,0.0,0.0,0.0,0.0,0.0,0.0,0.0,0.0025,0.9975,0.0478808550197549,1888,0.00048413529584808823,3.966444963153217e-07,0.00010605257871544642,16,20,False,0.995,0.005,0.66,fixed,100,none,371c9e91-ddfd-4fc0-aac2-c83fd387c776
1090,142500,33.940572023391724,1.0,1.0,1.0,0.9951079999999999,0.0,0.0,0.0,0.0,0.0,0.0,0.0,0.0,0.0,0.0,0.0,0.0,0.0,0.0,0.0025,0.9975,0.0478808550197549,1888,0.00048434216947026813,3.971955018254862e-07,0.00010609796804238854,16,20,False,0.995,0.005,0.66,fixed,100,none,371c9e91-ddfd-4fc0-aac2-c83fd387c776
1091,142600,33.9602632522583,1.0,1.0,1.0,0.9951079999999999,0.0,0.0,0.0,0.0,0.0,0.0,0.0,0.0,0.0,0.0,0.0,0.0,0.0,0.0,0.0025,0.9975,0.0478808550197549,1888,0.0004847700707990364,3.9804076477892695e-07,0.00010619179624321706,16,20,False,0.995,0.005,0.66,fixed,100,none,371c9e91-ddfd-4fc0-aac2-c83fd387c776
1092,142700,33.983513593673706,1.0,1.0,1.0,0.9951079999999999,0.0,0.0,0.0,0.0,0.0,0.0,0.0,0.0,0.0,0.0,0.0,0.0,0.0,0.0,0.0025,0.9975,0.04788085501975489,1888,0.0004843059682966701,3.988102051247434e-07,0.00010609035039911479,16,20,False,0.995,0.005,0.66,fixed,100,none,371c9e91-ddfd-4fc0-aac2-c83fd387c776
1093,142800,34.00373125076294,1.0,1.0,1.0,0.9951079999999999,0.0,0.0,0.0,0.0,0.0,0.0,0.0,0.0,0.0,0.0,0.0,0.0,0.0,0.0,0.0025,0.9975,0.04788085501975489,1888,0.00048452762518685417,3.996493685310447e-07,0.00010613903053342328,16,20,False,0.995,0.005,0.66,fixed,100,none,371c9e91-ddfd-4fc0-aac2-c83fd387c776
1094,143100,34.02391505241394,1.0,1.0,1.0,0.9951079999999999,0.0,0.0,0.0,0.0,0.0,0.0,0.0,0.0,0.0,0.0,0.0,0.0,0.0,0.0,0.0025,0.9975,0.04788085501975489,1888,0.00048718742650769,4.0386894142380663e-07,0.00010672206276140386,16,20,False,0.995,0.005,0.66,fixed,100,none,371c9e91-ddfd-4fc0-aac2-c83fd387c776
1095,143200,34.04423403739929,1.0,1.0,1.0,0.9951079999999999,0.0,0.0,0.0,0.0,0.0,0.0,0.0,0.0,0.0,0.0,0.0,0.0,0.0,0.0,0.0025,0.9975,0.04788085501975489,1888,0.0004880861564103268,4.0491267586863886e-07,0.00010691899304663559,16,20,False,0.995,0.005,0.66,fixed,100,none,371c9e91-ddfd-4fc0-aac2-c83fd387c776
1096,143400,34.06431221961975,1.0,1.0,1.0,0.9951079999999999,0.0,0.0,0.0,0.0,0.0,0.0,0.0,0.0,0.0,0.0,0.0,0.0,0.0,0.0,0.0025,0.9975,0.04788085501975489,1888,0.0004880420823709001,4.053103248231297e-07,0.00010690942079270643,16,20,False,0.995,0.005,0.66,fixed,100,none,371c9e91-ddfd-4fc0-aac2-c83fd387c776
1097,143500,34.08435034751892,1.0,1.0,1.0,0.9951079999999999,0.0,0.0,0.0,0.0,0.0,0.0,0.0,0.0,0.0,0.0,0.0,0.0,0.0,0.0,0.0025,0.9975,0.0478808550197549,1888,0.0004912162980268101,4.077143637976766e-07,0.00010760471336719029,16,20,False,0.995,0.005,0.66,fixed,100,none,371c9e91-ddfd-4fc0-aac2-c83fd387c776
1098,143700,34.104182958602905,1.0,1.0,1.0,0.9951079999999999,0.0,0.0,0.0,0.0,0.0,0.0,0.0,0.0,0.0,0.0,0.0,0.0,0.0,0.0,0.0025,0.9975,0.0478808550197549,1888,0.0004913526111481873,4.0855555143339707e-07,0.00010763471213511056,16,20,False,0.995,0.005,0.66,fixed,100,none,371c9e91-ddfd-4fc0-aac2-c83fd387c776
1099,143800,34.12395668029785,1.0,1.0,1.0,0.9951079999999999,0.0,0.0,0.0,0.0,0.0,0.0,0.0,0.0,0.0,0.0,0.0,0.0,0.0,0.0,0.0025,0.9975,0.0478808550197549,1888,0.0004913256045129384,4.090521216120827e-07,0.00010762889473098852,16,20,False,0.995,0.005,0.66,fixed,100,none,371c9e91-ddfd-4fc0-aac2-c83fd387c776
1100,143900,34.14375591278076,1.0,1.0,1.0,0.9951079999999999,0.0,0.0,0.0,0.0,0.0,0.0,0.0,0.0,0.0,0.0,0.0,0.0,0.0,0.0,0.0025,0.9975,0.0478808550197549,1888,0.0004906130496348183,4.0826595908494215e-07,0.00010747276709728786,16,20,False,0.995,0.005,0.66,fixed,100,none,371c9e91-ddfd-4fc0-aac2-c83fd387c776
1101,144100,34.16350173950195,1.0,1.0,1.0,0.9951079999999999,0.0,0.0,0.0,0.0,0.0,0.0,0.0,0.0,0.0,0.0,0.0,0.0,0.0,0.0,0.0025,0.9975,0.0478808550197549,1888,0.0004921750126911038,4.084418558512316e-07,0.00010781471423069436,16,20,False,0.995,0.005,0.66,fixed,100,none,371c9e91-ddfd-4fc0-aac2-c83fd387c776
1102,144200,34.18315863609314,1.0,1.0,1.0,0.9951079999999999,0.0,0.0,0.0,0.0,0.0,0.0,0.0,0.0,0.0,0.0,0.0,0.0,0.0,0.0,0.0025,0.9975,0.0478808550197549,1888,0.0004921750126911038,4.084418558512316e-07,0.00010781471423069436,16,20,False,0.995,0.005,0.66,fixed,100,none,371c9e91-ddfd-4fc0-aac2-c83fd387c776
1103,144500,34.20277643203735,1.0,1.0,1.0,0.9951079999999999,0.0,0.0,0.0,0.0,0.0,0.0,0.0,0.0,0.0,0.0,0.0,0.0,0.0,0.0,0.0025,0.9975,0.0478808550197549,1888,0.0004936782344033668,4.092201906086768e-07,0.00010814391734711264,16,20,False,0.995,0.005,0.66,fixed,100,none,371c9e91-ddfd-4fc0-aac2-c83fd387c776
1104,144600,34.2225399017334,1.0,1.0,1.0,0.9951079999999999,0.0,0.0,0.0,0.0,0.0,0.0,0.0,0.0,0.0,0.0,0.0,0.0,0.0,0.0,0.0025,0.9975,0.0478808550197549,1888,0.000492676892682523,4.0728775474446493e-07,0.00010792435648160573,16,20,False,0.995,0.005,0.66,fixed,100,none,371c9e91-ddfd-4fc0-aac2-c83fd387c776
1105,144900,34.242560386657715,1.0,1.0,1.0,0.9951079999999999,0.0,0.0,0.0,0.0,0.0,0.0,0.0,0.0,0.0,0.0,0.0,0.0,0.0,0.0,0.0025,0.9975,0.0478808550197549,1888,0.0004926679219662832,4.0763905327774027e-07,0.00010792245953854216,16,20,False,0.995,0.005,0.66,fixed,100,none,371c9e91-ddfd-4fc0-aac2-c83fd387c776
1106,145000,34.262675285339355,1.0,1.0,1.0,0.9951079999999999,0.0,0.0,0.0,0.0,0.0,0.0,0.0,0.0,0.0,0.0,0.0,0.0,0.0,0.0,0.0025,0.9975,0.0478808550197549,1888,0.0004930814326143652,4.0908809545608223e-07,0.0001080132523374212,16,20,False,0.995,0.005,0.66,fixed,100,none,371c9e91-ddfd-4fc0-aac2-c83fd387c776
1107,145200,34.28247833251953,1.0,1.0,1.0,0.9951079999999999,0.0,0.0,0.0,0.0,0.0,0.0,0.0,0.0,0.0,0.0,0.0,0.0,0.0,0.0,0.0025,0.9975,0.0478808550197549,1888,0.0004931439930781573,4.101872146171342e-07,0.00010802715565558589,16,20,False,0.995,0.005,0.66,fixed,100,none,371c9e91-ddfd-4fc0-aac2-c83fd387c776
1108,145300,34.30215239524841,1.0,1.0,1.0,0.9951079999999999,0.0,0.0,0.0,0.0,0.0,0.0,0.0,0.0,0.0,0.0,0.0,0.0,0.0,0.0,0.0025,0.9975,0.0478808550197549,1888,0.0004932377268356468,4.1067191318889413e-07,0.00010804776606782898,16,20,False,0.995,0.005,0.66,fixed,100,none,371c9e91-ddfd-4fc0-aac2-c83fd387c776
1109,145600,34.32194209098816,1.0,1.0,1.0,0.9951079999999999,0.0,0.0,0.0,0.0,0.0,0.0,0.0,0.0,0.0,0.0,0.0,0.0,0.0,0.0,0.0025,0.9975,0.04827406863022217,1887,0.0004939287200037535,4.124526763979531e-07,0.00010819936281733725,16,20,False,0.995,0.005,0.66,fixed,100,none,371c9e91-ddfd-4fc0-aac2-c83fd387c776
1110,145700,34.341612339019775,1.0,1.0,1.0,0.9951079999999999,0.0,0.0,0.0,0.0,0.0,0.0,0.0,0.0,0.0,0.0,0.0,0.0,0.0,0.0,0.0025,0.9975,0.04827406863022217,1887,0.0004937410919353837,4.121519869496817e-07,0.00010815823390217594,16,20,False,0.995,0.005,0.66,fixed,100,none,371c9e91-ddfd-4fc0-aac2-c83fd387c776
1111,145900,34.361236810684204,1.0,1.0,1.0,0.9951079999999999,0.0,0.0,0.0,0.0,0.0,0.0,0.0,0.0,0.0,0.0,0.0,0.0,0.0,0.0,0.0025,0.9975,0.04827406863022217,1887,0.0004939524005834603,4.134252187958016e-07,0.00010820473127929066,16,20,False,0.995,0.005,0.66,fixed,100,none,371c9e91-ddfd-4fc0-aac2-c83fd387c776
1112,146000,34.38094449043274,1.0,1.0,1.0,0.9951079999999999,0.0,0.0,0.0,0.0,0.0,0.0,0.0,0.0,0.0,0.0,0.0,0.0,0.0,0.0,0.0025,0.9975,0.04827406863022218,1887,0.000493539938363358,4.1322190064405145e-07,0.00010811440466886145,16,20,False,0.995,0.005,0.66,fixed,100,none,371c9e91-ddfd-4fc0-aac2-c83fd387c776
1113,146100,34.400609493255615,1.0,1.0,1.0,0.9951079999999999,0.0,0.0,0.0,0.0,0.0,0.0,0.0,0.0,0.0,0.0,0.0,0.0,0.0,0.0,0.0025,0.9975,0.047880855019754906,1888,0.0004949049719895987,4.161341547462147e-07,0.00010841376385792494,16,20,False,0.995,0.005,0.66,fixed,100,none,371c9e91-ddfd-4fc0-aac2-c83fd387c776
1114,146200,34.420374631881714,1.0,1.0,1.0,0.9951079999999999,0.0,0.0,0.0,0.0,0.0,0.0,0.0,0.0,0.0,0.0,0.0,0.0,0.0,0.0,0.0025,0.9975,0.047880855019754906,1888,0.0004949049719895987,4.161341547462147e-07,0.00010841376385792494,16,20,False,0.995,0.005,0.66,fixed,100,none,371c9e91-ddfd-4fc0-aac2-c83fd387c776
1115,146300,34.440205097198486,1.0,1.0,1.0,0.9951079999999999,0.0,0.0,0.0,0.0,0.0,0.0,0.0,0.0,0.0,0.0,0.0,0.0,0.0,0.0,0.0025,0.9975,0.047880855019754906,1888,0.0004956220106300994,4.1731892784132787e-07,0.00010857094872321861,16,20,False,0.995,0.005,0.66,fixed,100,none,371c9e91-ddfd-4fc0-aac2-c83fd387c776
1116,146400,34.46048903465271,1.0,1.0,1.0,0.9951079999999999,0.0,0.0,0.0,0.0,0.0,0.0,0.0,0.0,0.0,0.0,0.0,0.0,0.0,0.0,0.0025,0.9975,0.047880855019754906,1888,0.0004951672474788011,4.17023350485914e-07,0.0001084713449097019,16,20,False,0.995,0.005,0.66,fixed,100,none,371c9e91-ddfd-4fc0-aac2-c83fd387c776
1117,146700,34.480937480926514,1.0,1.0,1.0,0.9951079999999999,0.0,0.0,0.0,0.0,0.0,0.0,0.0,0.0,0.0,0.0,0.0,0.0,0.0,0.0,0.0025,0.9975,0.04788085501975489,1888,0.0004969342043858357,4.2159748439976297e-07,0.0001088590008620954,16,20,False,0.995,0.005,0.66,fixed,100,none,371c9e91-ddfd-4fc0-aac2-c83fd387c776
1118,146800,34.50162696838379,1.0,1.0,1.0,0.9951079999999999,0.0,0.0,0.0,0.0,0.0,0.0,0.0,0.0,0.0,0.0,0.0,0.0,0.0,0.0,0.0025,0.9975,0.04788085501975489,1888,0.0004974048130974083,4.235823087071194e-07,0.00010896239422567704,16,20,False,0.995,0.005,0.66,fixed,100,none,371c9e91-ddfd-4fc0-aac2-c83fd387c776
1119,147000,34.52214598655701,1.0,1.0,1.0,0.9951079999999999,0.0,0.0,0.0,0.0,0.0,0.0,0.0,0.0,0.0,0.0,0.0,0.0,0.0,0.0,0.0025,0.9975,0.04827406863022218,1887,0.0004973049925845677,4.248487636474137e-07,0.00010894078414185487,16,20,False,0.995,0.005,0.66,fixed,100,none,371c9e91-ddfd-4fc0-aac2-c83fd387c776
1120,147100,34.542460441589355,1.0,1.0,1.0,0.9951079999999999,0.0,0.0,0.0,0.0,0.0,0.0,0.0,0.0,0.0,0.0,0.0,0.0,0.0,0.0,0.0025,0.9975,0.04827406863022218,1887,0.0004973049925845677,4.248487636474137e-07,0.00010894078414185487,16,20,False,0.995,0.005,0.66,fixed,100,none,371c9e91-ddfd-4fc0-aac2-c83fd387c776
1121,147300,34.56270933151245,1.0,1.0,1.0,0.9951079999999999,0.0,0.0,0.0,0.0,0.0,0.0,0.0,0.0,0.0,0.0,0.0,0.0,0.0,0.0,0.0025,0.9975,0.04866627722187673,1886,0.0004976740288762286,4.253108739112009e-07,0.00010902165398704957,16,20,False,0.995,0.005,0.66,fixed,100,none,371c9e91-ddfd-4fc0-aac2-c83fd387c776
1122,147400,34.58267617225647,1.0,1.0,1.0,0.9951079999999999,0.0,0.0,0.0,0.0,0.0,0.0,0.0,0.0,0.0,0.0,0.0,0.0,0.0,0.0,0.0025,0.9975,0.04827406863022218,1887,0.000497568704912453,4.249100050562286e-07,0.00010899852240629665,16,20,False,0.995,0.005,0.66,fixed,100,none,371c9e91-ddfd-4fc0-aac2-c83fd387c776
1123,147500,34.60264778137207,1.0,1.0,1.0,0.9951079999999999,0.0,0.0,0.0,0.0,0.0,0.0,0.0,0.0,0.0,0.0,0.0,0.0,0.0,0.0,0.0025,0.9975,0.04866627722187673,1886,0.0004982524294501311,4.262603970444607e-07,0.00010914844628207215,16,20,False,0.995,0.005,0.66,fixed,100,none,371c9e91-ddfd-4fc0-aac2-c83fd387c776
1124,147700,34.62316012382507,1.0,1.0,1.0,0.9951079999999999,0.0,0.0,0.0,0.0,0.0,0.0,0.0,0.0,0.0,0.0,0.0,0.0,0.0,0.0,0.0025,0.9975,0.04866627722187673,1886,0.0004976730136429,4.2551279973136694e-07,0.00010902147011837977,16,20,False,0.995,0.005,0.66,fixed,100,none,371c9e91-ddfd-4fc0-aac2-c83fd387c776
1125,147800,34.643707513809204,1.0,1.0,1.0,0.9951079999999999,0.0,0.0,0.0,0.0,0.0,0.0,0.0,0.0,0.0,0.0,0.0,0.0,0.0,0.0,0.0025,0.9975,0.04866627722187673,1886,0.0005017979407750522,4.299867242307493e-07,0.00010992526671326276,16,20,False,0.995,0.005,0.66,fixed,100,none,371c9e91-ddfd-4fc0-aac2-c83fd387c776
1126,148100,34.66418099403381,1.0,1.0,1.0,0.9951079999999999,0.0,0.0,0.0,0.0,0.0,0.0,0.0,0.0,0.0,0.0,0.0,0.0,0.0,0.0,0.0025,0.9975,0.04866627722187673,1886,0.000501635748899964,4.2946240012823465e-07,0.00010988966329022649,16,20,False,0.995,0.005,0.66,fixed,100,none,371c9e91-ddfd-4fc0-aac2-c83fd387c776
1127,148200,34.684492111206055,1.0,1.0,1.0,0.9951079999999999,0.0,0.0,0.0,0.0,0.0,0.0,0.0,0.0,0.0,0.0,0.0,0.0,0.0,0.0,0.0025,0.9975,0.04827406863022217,1887,0.0005022681006779886,4.3142867017312743e-07,0.0001100284586857446,16,20,False,0.995,0.005,0.66,fixed,100,none,371c9e91-ddfd-4fc0-aac2-c83fd387c776
1128,148500,34.704415798187256,1.0,1.0,1.0,0.9951079999999999,0.0,0.0,0.0,0.0,0.0,0.0,0.0,0.0,0.0,0.0,0.0,0.0,0.0,0.0,0.0025,0.9975,0.04827406863022217,1887,0.0005009285395429609,4.3023885478081307e-07,0.00010973500268836249,16,20,False,0.995,0.005,0.66,fixed,100,none,371c9e91-ddfd-4fc0-aac2-c83fd387c776
1129,148600,34.724225997924805,1.0,1.0,1.0,0.9951079999999999,0.0,0.0,0.0,0.0,0.0,0.0,0.0,0.0,0.0,0.0,0.0,0.0,0.0,0.0,0.0025,0.9975,0.048274068630222176,1887,0.0005003192445109937,4.2973317373283114e-07,0.00010960153192646577,16,20,False,0.995,0.005,0.66,fixed,100,none,371c9e91-ddfd-4fc0-aac2-c83fd387c776
1130,148800,34.74397110939026,1.0,1.0,1.0,0.9951079999999999,0.0,0.0,0.0,0.0,0.0,0.0,0.0,0.0,0.0,0.0,0.0,0.0,0.0,0.0,0.0025,0.9975,0.04866627722187674,1886,0.0005006790378887424,4.306034731333469e-07,0.00010968045605374104,16,20,False,0.995,0.005,0.66,fixed,100,none,371c9e91-ddfd-4fc0-aac2-c83fd387c776
1131,148900,34.76366066932678,1.0,1.0,1.0,0.9951079999999999,0.0,0.0,0.0,0.0,0.0,0.0,0.0,0.0,0.0,0.0,0.0,0.0,0.0,0.0,0.0025,0.9975,0.04866627722187674,1886,0.000499892675390995,4.312177194640045e-07,0.00010950843800978698,16,20,False,0.995,0.005,0.66,fixed,100,none,371c9e91-ddfd-4fc0-aac2-c83fd387c776
1132,149200,34.78342914581299,1.0,1.0,1.0,0.9951079999999999,0.0,0.0,0.0,0.0,0.0,0.0,0.0,0.0,0.0,0.0,0.0,0.0,0.0,0.0,0.0025,0.9975,0.04866627722187674,1886,0.0005029081961811405,4.3574345600031404e-07,0.00011016939540069172,16,20,False,0.995,0.005,0.66,fixed,100,none,371c9e91-ddfd-4fc0-aac2-c83fd387c776
1133,149300,34.80305051803589,1.0,1.0,1.0,0.9951079999999999,0.0,0.0,0.0,0.0,0.0,0.0,0.0,0.0,0.0,0.0,0.0,0.0,0.0,0.0,0.0025,0.9975,0.04866627722187674,1886,0.0005030320036870543,4.35703754975527e-07,0.00011019648932054154,16,20,False,0.995,0.005,0.66,fixed,100,none,371c9e91-ddfd-4fc0-aac2-c83fd387c776
1134,149500,34.82261633872986,1.0,1.0,1.0,0.9951079999999999,0.0,0.0,0.0,0.0,0.0,0.0,0.0,0.0,0.0,0.0,0.0,0.0,0.0,0.0,0.0025,0.9975,0.04866627722187674,1886,0.0005020281093708692,4.3462895534823805e-07,0.00010997653264279945,16,20,False,0.995,0.005,0.66,fixed,100,none,371c9e91-ddfd-4fc0-aac2-c83fd387c776
1135,149600,34.84220218658447,1.0,1.0,1.0,0.9951079999999999,0.0,0.0,0.0,0.0,0.0,0.0,0.0,0.0,0.0,0.0,0.0,0.0,0.0,0.0,0.0025,0.9975,0.04866627722187674,1886,0.0005017868779890056,4.349987284639703e-07,0.00010992379735020149,16,20,False,0.995,0.005,0.66,fixed,100,none,371c9e91-ddfd-4fc0-aac2-c83fd387c776
1136,149700,34.8617787361145,1.0,1.0,1.0,0.9951079999999999,0.0,0.0,0.0,0.0,0.0,0.0,0.0,0.0,0.0,0.0,0.0,0.0,0.0,0.0,0.0025,0.9975,0.04866627722187674,1886,0.0005033818066642643,4.383858650076637e-07,0.0001102735707931589,16,20,False,0.995,0.005,0.66,fixed,100,none,371c9e91-ddfd-4fc0-aac2-c83fd387c776
1137,149800,34.88162636756897,1.0,1.0,1.0,0.9951079999999999,0.0,0.0,0.0,0.0,0.0,0.0,0.0,0.0,0.0,0.0,0.0,0.0,0.0,0.0,0.0025,0.9975,0.04866627722187674,1886,0.0005033818066642643,4.383858650076637e-07,0.0001102735707931589,16,20,False,0.995,0.005,0.66,fixed,100,none,371c9e91-ddfd-4fc0-aac2-c83fd387c776
1138,149900,34.90194535255432,1.0,1.0,1.0,0.9951079999999999,0.0,0.0,0.0,0.0,0.0,0.0,0.0,0.0,0.0,0.0,0.0,0.0,0.0,0.0,0.0025,0.9975,0.04827406863022217,1887,0.000503220904264056,4.3846425537411137e-07,0.00011023836415192293,16,20,False,0.995,0.005,0.66,fixed,100,none,371c9e91-ddfd-4fc0-aac2-c83fd387c776
1139,150000,34.92187857627869,1.0,1.0,1.0,0.9951079999999999,0.0,0.0,0.0,0.0,0.0,0.0,0.0,0.0,0.0,0.0,0.0,0.0,0.0,0.0,0.0025,0.9975,0.04827406863022217,1887,0.000503865400616164,4.393228120791818e-07,0.00011037960752917335,16,20,False,0.995,0.005,0.66,fixed,100,none,371c9e91-ddfd-4fc0-aac2-c83fd387c776
1140,150300,34.941760301589966,1.0,1.0,1.0,0.9951079999999999,0.0,0.0,0.0,0.0,0.0,0.0,0.0,0.0,0.0,0.0,0.0,0.0,0.0,0.0,0.0025,0.9975,0.04827406863022217,1887,0.0005055133517392099,4.4252152993623013e-07,0.00011074095178640093,16,20,False,0.995,0.005,0.66,fixed,100,none,371c9e91-ddfd-4fc0-aac2-c83fd387c776
1141,150400,34.96203660964966,1.0,1.0,1.0,0.9951079999999999,0.0,0.0,0.0,0.0,0.0,0.0,0.0,0.0,0.0,0.0,0.0,0.0,0.0,0.0,0.0025,0.9975,0.04827406863022217,1887,0.0005048537169289723,4.41121413454703e-07,0.00011059629170430844,16,20,False,0.995,0.005,0.66,fixed,100,none,371c9e91-ddfd-4fc0-aac2-c83fd387c776
1142,150600,34.982004165649414,1.0,1.0,1.0,0.9951079999999999,0.0,0.0,0.0,0.0,0.0,0.0,0.0,0.0,0.0,0.0,0.0,0.0,0.0,0.0,0.0025,0.9975,0.04827406863022217,1887,0.0005017437242742022,4.3829181415099607e-07,0.00010991497668831154,16,20,False,0.995,0.005,0.66,fixed,100,none,371c9e91-ddfd-4fc0-aac2-c83fd387c776
1143,150700,35.00190830230713,1.0,1.0,1.0,0.9951079999999999,0.0,0.0,0.0,0.0,0.0,0.0,0.0,0.0,0.0,0.0,0.0,0.0,0.0,0.0,0.0025,0.9975,0.04827406863022217,1887,0.0005023554013343217,4.3803101473511526e-07,0.00011004882324488269,16,20,False,0.995,0.005,0.66,fixed,100,none,371c9e91-ddfd-4fc0-aac2-c83fd387c776
1144,150900,35.02197194099426,1.0,1.0,1.0,0.9951079999999999,0.0,0.0,0.0,0.0,0.0,0.0,0.0,0.0,0.0,0.0,0.0,0.0,0.0,0.0,0.0025,0.9975,0.04827406863022217,1887,0.0005025978265755717,4.3755383343745655e-07,0.00011010179946574576,16,20,False,0.995,0.005,0.66,fixed,100,none,371c9e91-ddfd-4fc0-aac2-c83fd387c776
1145,151000,35.04305458068848,1.0,1.0,1.0,0.9951079999999999,0.0,0.0,0.0,0.0,0.0,0.0,0.0,0.0,0.0,0.0,0.0,0.0,0.0,0.0,0.0025,0.9975,0.04827406863022217,1887,0.0005028166886507602,4.3880525234953294e-07,0.00011014994614359783,16,20,False,0.995,0.005,0.66,fixed,100,none,371c9e91-ddfd-4fc0-aac2-c83fd387c776
1146,151100,35.062983989715576,1.0,1.0,1.0,0.9951079999999999,0.0,0.0,0.0,0.0,0.0,0.0,0.0,0.0,0.0,0.0,0.0,0.0,0.0,0.0,0.0025,0.9975,0.04827406863022217,1887,0.0005023815430899815,4.3906207998167184e-07,0.00011005474157759347,16,20,False,0.995,0.005,0.66,fixed,100,none,371c9e91-ddfd-4fc0-aac2-c83fd387c776
1147,151400,35.08279585838318,1.0,1.0,1.0,0.9951079999999999,0.0,0.0,0.0,0.0,0.0,0.0,0.0,0.0,0.0,0.0,0.0,0.0,0.0,0.0,0.0025,0.9975,0.04827406863022217,1887,0.0005047414475037546,4.414117426553927e-07,0.00011057177108967641,16,20,False,0.995,0.005,0.66,fixed,100,none,371c9e91-ddfd-4fc0-aac2-c83fd387c776
1148,151500,35.10272145271301,1.0,1.0,1.0,0.9951079999999999,0.0,0.0,0.0,0.0,0.0,0.0,0.0,0.0,0.0,0.0,0.0,0.0,0.0,0.0,0.0025,0.9975,0.04827406863022217,1887,0.000506099870680728,4.4287643859980796e-07,0.00011086940821534533,16,20,False,0.995,0.005,0.66,fixed,100,none,371c9e91-ddfd-4fc0-aac2-c83fd387c776
1149,151700,35.122642278671265,1.0,1.0,1.0,0.9951079999999999,0.0,0.0,0.0,0.0,0.0,0.0,0.0,0.0,0.0,0.0,0.0,0.0,0.0,0.0,0.0025,0.9975,0.04827406863022217,1887,0.0005067543455948249,4.454407019937825e-07,0.000111013159984086,16,20,False,0.995,0.005,0.66,fixed,100,none,371c9e91-ddfd-4fc0-aac2-c83fd387c776
1150,151800,35.14374589920044,1.0,1.0,1.0,0.9951079999999999,0.0,0.0,0.0,0.0,0.0,0.0,0.0,0.0,0.0,0.0,0.0,0.0,0.0,0.0,0.0025,0.9975,0.04827406863022217,1887,0.0005083922549405411,4.46210740411061e-07,0.00011137184464716256,16,20,False,0.995,0.005,0.66,fixed,100,none,371c9e91-ddfd-4fc0-aac2-c83fd387c776
1151,152100,35.163679122924805,1.0,1.0,1.0,0.9951079999999999,0.0,0.0,0.0,0.0,0.0,0.0,0.0,0.0,0.0,0.0,0.0,0.0,0.0,0.0,0.0025,0.9975,0.04827406863022217,1887,0.000507364955375277,4.459379219481478e-07,0.00011114691693681829,16,20,False,0.995,0.005,0.66,fixed,100,none,371c9e91-ddfd-4fc0-aac2-c83fd387c776
1152,152200,35.18353080749512,1.0,1.0,1.0,0.9951079999999999,0.0,0.0,0.0,0.0,0.0,0.0,0.0,0.0,0.0,0.0,0.0,0.0,0.0,0.0,0.0025,0.9975,0.04827406863022217,1887,0.0005077318217431143,4.4689011938579773e-07,0.00011122740490225102,16,20,False,0.995,0.005,0.66,fixed,100,none,371c9e91-ddfd-4fc0-aac2-c83fd387c776
1153,152300,35.20345711708069,1.0,1.0,1.0,0.9951079999999999,0.0,0.0,0.0,0.0,0.0,0.0,0.0,0.0,0.0,0.0,0.0,0.0,0.0,0.0,0.0025,0.9975,0.047880855019754906,1888,0.0005083441545301636,4.4768422741113357e-07,0.00011136159542986093,16,20,False,0.995,0.005,0.66,fixed,100,none,371c9e91-ddfd-4fc0-aac2-c83fd387c776
1154,152400,35.22316074371338,1.0,1.0,1.0,0.9951079999999999,0.0,0.0,0.0,0.0,0.0,0.0,0.0,0.0,0.0,0.0,0.0,0.0,0.0,0.0,0.0025,0.9975,0.047880855019754906,1888,0.0005087155465604247,4.483020544350995e-07,0.00011144301053241965,16,20,False,0.995,0.005,0.66,fixed,100,none,371c9e91-ddfd-4fc0-aac2-c83fd387c776
1155,152500,35.24276399612427,1.0,1.0,1.0,0.9951079999999999,0.0,0.0,0.0,0.0,0.0,0.0,0.0,0.0,0.0,0.0,0.0,0.0,0.0,0.0,0.0025,0.9975,0.04827406863022217,1887,0.0005079127289839496,4.478770248836117e-07,0.00011126719300931445,16,20,False,0.995,0.005,0.66,fixed,100,none,371c9e91-ddfd-4fc0-aac2-c83fd387c776
1156,152800,35.26239013671875,1.0,1.0,1.0,0.9951079999999999,0.0,0.0,0.0,0.0,0.0,0.0,0.0,0.0,0.0,0.0,0.0,0.0,0.0,0.0,0.0025,0.9975,0.047880855019754906,1888,0.0005081701465974033,4.4997923956598286e-07,0.00011132394114568914,16,20,False,0.995,0.005,0.66,fixed,100,none,371c9e91-ddfd-4fc0-aac2-c83fd387c776
1157,152900,35.282185554504395,1.0,1.0,1.0,0.9951079999999999,0.0,0.0,0.0,0.0,0.0,0.0,0.0,0.0,0.0,0.0,0.0,0.0,0.0,0.0,0.0025,0.9975,0.04748663639047491,1889,0.0005073027130014069,4.495194532743677e-07,0.00011113397257213011,16,20,False,0.995,0.005,0.66,fixed,100,none,371c9e91-ddfd-4fc0-aac2-c83fd387c776
1158,153200,35.30190873146057,1.0,1.0,1.0,0.9951079999999999,0.0,0.0,0.0,0.0,0.0,0.0,0.0,0.0,0.0,0.0,0.0,0.0,0.0,0.0,0.0025,0.9975,0.047880855019754906,1888,0.0005051695974810011,4.471167873648205e-07,0.00011066657707819045,16,20,False,0.995,0.005,0.66,fixed,100,none,371c9e91-ddfd-4fc0-aac2-c83fd387c776
1159,153300,35.321592569351196,1.0,1.0,1.0,0.9951079999999999,0.0,0.0,0.0,0.0,0.0,0.0,0.0,0.0,0.0,0.0,0.0,0.0,0.0,0.0,0.0025,0.9975,0.047880855019754906,1888,0.0005055630385711709,4.4806649833126857e-07,0.00011075288177791226,16,20,False,0.995,0.005,0.66,fixed,100,none,371c9e91-ddfd-4fc0-aac2-c83fd387c776
1160,153400,35.34134221076965,1.0,1.0,1.0,0.9951079999999999,0.0,0.0,0.0,0.0,0.0,0.0,0.0,0.0,0.0,0.0,0.0,0.0,0.0,0.0,0.0025,0.9975,0.04748663639047491,1889,0.000506521764579384,4.494679671354465e-07,0.00011096301318018288,16,20,False,0.995,0.005,0.66,fixed,100,none,371c9e91-ddfd-4fc0-aac2-c83fd387c776
1161,153500,35.3611581325531,1.0,1.0,1.0,0.9951079999999999,0.0,0.0,0.0,0.0,0.0,0.0,0.0,0.0,0.0,0.0,0.0,0.0,0.0,0.0,0.0025,0.9975,0.047880855019754906,1888,0.0005076458170617689,4.520185922157722e-07,0.0001112095528873422,16,20,False,0.995,0.005,0.66,fixed,100,none,371c9e91-ddfd-4fc0-aac2-c83fd387c776
1162,153600,35.38123440742493,1.0,1.0,1.0,0.9951079999999999,0.0,0.0,0.0,0.0,0.0,0.0,0.0,0.0,0.0,0.0,0.0,0.0,0.0,0.0,0.0025,0.9975,0.047880855019754906,1888,0.0005067581730258596,4.521370743413454e-07,0.00011101527011948554,16,20,False,0.995,0.005,0.66,fixed,100,none,371c9e91-ddfd-4fc0-aac2-c83fd387c776
1163,153900,35.4011754989624,1.0,1.0,1.0,0.9951079999999999,0.0,0.0,0.0,0.0,0.0,0.0,0.0,0.0,0.0,0.0,0.0,0.0,0.0,0.0,0.0025,0.9975,0.047880855019754906,1888,0.0005054537916466667,4.531010555648349e-07,0.00011072992419201266,16,20,False,0.995,0.005,0.66,fixed,100,none,371c9e91-ddfd-4fc0-aac2-c83fd387c776
1164,154000,35.4210000038147,1.0,1.0,1.0,0.9951079999999999,0.0,0.0,0.0,0.0,0.0,0.0,0.0,0.0,0.0,0.0,0.0,0.0,0.0,0.0,0.0025,0.9975,0.047880855019754906,1888,0.0005059473621024731,4.5486713351741704e-07,0.00011083830231959968,16,20,False,0.995,0.005,0.66,fixed,100,none,371c9e91-ddfd-4fc0-aac2-c83fd387c776
1165,154200,35.440714597702026,1.0,1.0,1.0,0.9951079999999999,0.0,0.0,0.0,0.0,0.0,0.0,0.0,0.0,0.0,0.0,0.0,0.0,0.0,0.0,0.0025,0.9975,0.04748663639047491,1889,0.0005048802129492426,4.5301966185160576e-07,0.00011060435235034103,16,20,False,0.995,0.005,0.66,fixed,100,none,371c9e91-ddfd-4fc0-aac2-c83fd387c776
1166,154300,35.46071743965149,1.0,1.0,1.0,0.9951079999999999,0.0,0.0,0.0,0.0,0.0,0.0,0.0,0.0,0.0,0.0,0.0,0.0,0.0,0.0,0.0025,0.9975,0.04748663639047491,1889,0.0005048802129492426,4.5301966185160576e-07,0.00011060435235034103,16,20,False,0.995,0.005,0.66,fixed,100,none,371c9e91-ddfd-4fc0-aac2-c83fd387c776
1167,154600,35.48088788986206,1.0,1.0,1.0,0.9951079999999999,0.0,0.0,0.0,0.0,0.0,0.0,0.0,0.0,0.0,0.0,0.0,0.0,0.0,0.0,0.0025,0.9975,0.047486636390474915,1889,0.0005072375754309074,4.577651884540029e-07,0.00011112128064763189,16,20,False,0.995,0.005,0.66,fixed,100,none,371c9e91-ddfd-4fc0-aac2-c83fd387c776
1168,154700,35.50111746788025,1.0,1.0,1.0,0.9951079999999999,0.0,0.0,0.0,0.0,0.0,0.0,0.0,0.0,0.0,0.0,0.0,0.0,0.0,0.0,0.0025,0.9975,0.047486636390474915,1889,0.000506691781673824,4.5790876571105104e-07,0.00011100183367388518,16,20,False,0.995,0.005,0.66,fixed,100,none,371c9e91-ddfd-4fc0-aac2-c83fd387c776
1169,154800,35.52141809463501,1.0,1.0,1.0,0.9951079999999999,0.0,0.0,0.0,0.0,0.0,0.0,0.0,0.0,0.0,0.0,0.0,0.0,0.0,0.0,0.0025,0.9975,0.0478808550197549,1888,0.0005080079726236987,4.5893208032015344e-07,0.00011129014230258848,16,20,False,0.995,0.005,0.66,fixed,100,none,371c9e91-ddfd-4fc0-aac2-c83fd387c776
1170,155000,35.54117488861084,1.0,1.0,1.0,0.9951079999999999,0.0,0.0,0.0,0.0,0.0,0.0,0.0,0.0,0.0,0.0,0.0,0.0,0.0,0.0,0.0025,0.9975,0.0478808550197549,1888,0.0005072828373892065,4.595718921863606e-07,0.00011113153176401272,16,20,False,0.995,0.005,0.66,fixed,100,none,371c9e91-ddfd-4fc0-aac2-c83fd387c776
1171,155100,35.56092643737793,1.0,1.0,1.0,0.9951079999999999,0.0,0.0,0.0,0.0,0.0,0.0,0.0,0.0,0.0,0.0,0.0,0.0,0.0,0.0,0.0025,0.9975,0.0478808550197549,1888,0.0005078730945943345,4.584806173740503e-07,0.00011126053172400089,16,20,False,0.995,0.005,0.66,fixed,100,none,371c9e91-ddfd-4fc0-aac2-c83fd387c776
1172,155300,35.580567836761475,1.0,1.0,1.0,0.9951079999999999,0.0,0.0,0.0,0.0,0.0,0.0,0.0,0.0,0.0,0.0,0.0,0.0,0.0,0.0,0.0025,0.9975,0.047880855019754906,1888,0.0005062527261419663,4.5612187946902117e-07,0.00011090538490957555,16,20,False,0.995,0.005,0.66,fixed,100,none,371c9e91-ddfd-4fc0-aac2-c83fd387c776
1173,155400,35.600244760513306,1.0,1.0,1.0,0.9951079999999999,0.0,0.0,0.0,0.0,0.0,0.0,0.0,0.0,0.0,0.0,0.0,0.0,0.0,0.0,0.0025,0.9975,0.047880855019754906,1888,0.0005077030300931985,4.5788908912021283e-07,0.00011122319221433401,16,20,False,0.995,0.005,0.66,fixed,100,none,371c9e91-ddfd-4fc0-aac2-c83fd387c776
1174,155700,35.62002086639404,1.0,1.0,1.0,0.9951079999999999,0.0,0.0,0.0,0.0,0.0,0.0,0.0,0.0,0.0,0.0,0.0,0.0,0.0,0.0,0.0025,0.9975,0.047486636390474915,1889,0.0005074676106881378,4.593749496414833e-07,0.00011117194122006525,16,20,False,0.995,0.005,0.66,fixed,100,none,371c9e91-ddfd-4fc0-aac2-c83fd387c776
1175,155800,35.63985514640808,1.0,1.0,1.0,0.9951079999999999,0.0,0.0,0.0,0.0,0.0,0.0,0.0,0.0,0.0,0.0,0.0,0.0,0.0,0.0,0.0025,0.9975,0.047486636390474915,1889,0.000507972316936118,4.595173989797534e-07,0.00011128244848312238,16,20,False,0.995,0.005,0.66,fixed,100,none,371c9e91-ddfd-4fc0-aac2-c83fd387c776
1176,156000,35.659464597702026,1.0,1.0,1.0,0.9951079999999999,0.0,0.0,0.0,0.0,0.0,0.0,0.0,0.0,0.0,0.0,0.0,0.0,0.0,0.0,0.0025,0.9975,0.047486636390474915,1889,0.0005087028834497657,4.605949611263635e-07,0.00011144257422976772,16,20,False,0.995,0.005,0.66,fixed,100,none,371c9e91-ddfd-4fc0-aac2-c83fd387c776
1177,156100,35.67918848991394,1.0,1.0,1.0,0.9951079999999999,0.0,0.0,0.0,0.0,0.0,0.0,0.0,0.0,0.0,0.0,0.0,0.0,0.0,0.0,0.0025,0.9975,0.047880855019754906,1888,0.0005092355001148348,4.613569401463942e-07,0.00011155930879376516,16,20,False,0.995,0.005,0.66,fixed,100,none,371c9e91-ddfd-4fc0-aac2-c83fd387c776
1178,156400,35.69914150238037,1.0,1.0,1.0,0.9951079999999999,0.0,0.0,0.0,0.0,0.0,0.0,0.0,0.0,0.0,0.0,0.0,0.0,0.0,0.0,0.0025,0.9975,0.047486636390474915,1889,0.0005096348831220986,4.609297539178254e-07,0.00011164665256867177,16,20,False,0.995,0.005,0.66,fixed,100,none,371c9e91-ddfd-4fc0-aac2-c83fd387c776
1179,156500,35.719022274017334,1.0,1.0,1.0,0.9951079999999999,0.0,0.0,0.0,0.0,0.0,0.0,0.0,0.0,0.0,0.0,0.0,0.0,0.0,0.0,0.0025,0.9975,0.047486636390474915,1889,0.0005096348831220986,4.609297539178254e-07,0.00011164665256867177,16,20,False,0.995,0.005,0.66,fixed,100,none,371c9e91-ddfd-4fc0-aac2-c83fd387c776
1180,156800,35.73892378807068,1.0,1.0,1.0,0.9951079999999999,0.0,0.0,0.0,0.0,0.0,0.0,0.0,0.0,0.0,0.0,0.0,0.0,0.0,0.0,0.0025,0.9975,0.047486636390474915,1889,0.0005127686300156405,4.6516537204064395e-07,0.00011233343453111143,16,20,False,0.995,0.005,0.66,fixed,100,none,371c9e91-ddfd-4fc0-aac2-c83fd387c776
1181,156900,35.75874352455139,1.0,1.0,1.0,0.9951079999999999,0.0,0.0,0.0,0.0,0.0,0.0,0.0,0.0,0.0,0.0,0.0,0.0,0.0,0.0,0.0025,0.9975,0.047486636390474915,1889,0.0005118809272757517,4.645995939350032e-07,0.0001121390089035097,16,20,False,0.995,0.005,0.66,fixed,100,none,371c9e91-ddfd-4fc0-aac2-c83fd387c776
1182,157100,35.77863955497742,1.0,1.0,1.0,0.9951079999999999,0.0,0.0,0.0,0.0,0.0,0.0,0.0,0.0,0.0,0.0,0.0,0.0,0.0,0.0,0.0025,0.9975,0.047486636390474915,1889,0.0005124359743273449,4.6627665260332113e-07,0.00011226082734425044,16,20,False,0.995,0.005,0.66,fixed,100,none,371c9e91-ddfd-4fc0-aac2-c83fd387c776
1183,157200,35.7983603477478,1.0,1.0,1.0,0.9951079999999999,0.0,0.0,0.0,0.0,0.0,0.0,0.0,0.0,0.0,0.0,0.0,0.0,0.0,0.0,0.0025,0.9975,0.047486636390474915,1889,0.0005114599804972057,4.659155459665721e-07,0.00011204711368457198,16,20,False,0.995,0.005,0.66,fixed,100,none,371c9e91-ddfd-4fc0-aac2-c83fd387c776
1184,157300,35.81802177429199,1.0,1.0,1.0,0.9951079999999999,0.0,0.0,0.0,0.0,0.0,0.0,0.0,0.0,0.0,0.0,0.0,0.0,0.0,0.0,0.0025,0.9975,0.047486636390474915,1889,0.000510999320042545,4.651851389439497e-07,0.00011194613633371247,16,20,False,0.995,0.005,0.66,fixed,100,none,371c9e91-ddfd-4fc0-aac2-c83fd387c776
1185,157500,35.837228536605835,1.0,1.0,1.0,0.9951079999999999,0.0,0.0,0.0,0.0,0.0,0.0,0.0,0.0,0.0,0.0,0.0,0.0,0.0,0.0,0.0025,0.9975,0.047880855019754906,1888,0.0005121989260532287,4.666934768961535e-07,0.00011220901667366204,16,20,False,0.995,0.005,0.66,fixed,100,none,371c9e91-ddfd-4fc0-aac2-c83fd387c776
1186,157600,35.856950998306274,1.0,1.0,1.0,0.9951079999999999,0.0,0.0,0.0,0.0,0.0,0.0,0.0,0.0,0.0,0.0,0.0,0.0,0.0,0.0,0.0025,0.9975,0.047486636390474915,1889,0.000512412757663187,4.6682926062293346e-07,0.00011225585021199,16,20,False,0.995,0.005,0.66,fixed,100,none,371c9e91-ddfd-4fc0-aac2-c83fd387c776
1187,157800,35.8766667842865,1.0,1.0,1.0,0.9951079999999999,0.0,0.0,0.0,0.0,0.0,0.0,0.0,0.0,0.0,0.0,0.0,0.0,0.0,0.0,0.0025,0.9975,0.047091412742382266,1890,0.0005128743321602825,4.681780496776305e-07,0.0001123571451393246,16,20,False,0.995,0.005,0.66,fixed,100,none,371c9e91-ddfd-4fc0-aac2-c83fd387c776
1188,157900,35.90030336380005,1.0,1.0,1.0,0.9951079999999999,0.0,0.0,0.0,0.0,0.0,0.0,0.0,0.0,0.0,0.0,0.0,0.0,0.0,0.0,0.0025,0.9975,0.0474866363904749,1889,0.0005124969595980119,4.669651100163838e-07,0.00011227430782690793,16,20,False,0.995,0.005,0.66,fixed,100,none,371c9e91-ddfd-4fc0-aac2-c83fd387c776
1189,158200,35.920289516448975,1.0,1.0,1.0,0.9951079999999999,0.0,0.0,0.0,0.0,0.0,0.0,0.0,0.0,0.0,0.0,0.0,0.0,0.0,0.0,0.0025,0.9975,0.0474866363904749,1889,0.0005135146154483413,4.6881781534865316e-07,0.00011249742470655816,16,20,False,0.995,0.005,0.66,fixed,100,none,371c9e91-ddfd-4fc0-aac2-c83fd387c776
1190,158300,35.94013977050781,1.0,1.0,1.0,0.9951079999999999,0.0,0.0,0.0,0.0,0.0,0.0,0.0,0.0,0.0,0.0,0.0,0.0,0.0,0.0,0.0025,0.9975,0.0474866363904749,1889,0.0005138482845346434,4.688625385200672e-07,0.00011257047336695225,16,20,False,0.995,0.005,0.66,fixed,100,none,371c9e91-ddfd-4fc0-aac2-c83fd387c776
1191,158500,35.95994472503662,1.0,1.0,1.0,0.9951079999999999,0.0,0.0,0.0,0.0,0.0,0.0,0.0,0.0,0.0,0.0,0.0,0.0,0.0,0.0,0.0025,0.9975,0.047880855019754906,1888,0.0005144668739334277,4.679588657703222e-07,0.00011270571088852368,16,20,False,0.995,0.005,0.66,fixed,100,none,371c9e91-ddfd-4fc0-aac2-c83fd387c776
1192,158600,35.97971534729004,1.0,1.0,1.0,0.9951079999999999,0.0,0.0,0.0,0.0,0.0,0.0,0.0,0.0,0.0,0.0,0.0,0.0,0.0,0.0,0.0025,0.9975,0.047880855019754906,1888,0.0005145104292309289,4.676003040845949e-07,0.00011271517701642641,16,20,False,0.995,0.005,0.66,fixed,100,none,371c9e91-ddfd-4fc0-aac2-c83fd387c776
1193,158700,35.999733448028564,1.0,1.0,1.0,0.9951079999999999,0.0,0.0,0.0,0.0,0.0,0.0,0.0,0.0,0.0,0.0,0.0,0.0,0.0,0.0,0.0025,0.9975,0.047880855019754906,1888,0.000514312817733729,4.669448324383493e-07,0.00011267179532007657,16,20,False,0.995,0.005,0.66,fixed,100,none,371c9e91-ddfd-4fc0-aac2-c83fd387c776
1194,158900,36.019890785217285,1.0,1.0,1.0,0.9951079999999999,0.0,0.0,0.0,0.0,0.0,0.0,0.0,0.0,0.0,0.0,0.0,0.0,0.0,0.0,0.0025,0.9975,0.0474866363904749,1889,0.0005145249362404998,4.673166190716148e-07,0.00011271829870066902,16,20,False,0.995,0.005,0.66,fixed,100,none,371c9e91-ddfd-4fc0-aac2-c83fd387c776
1195,159000,36.03989315032959,1.0,1.0,1.0,0.9951079999999999,0.0,0.0,0.0,0.0,0.0,0.0,0.0,0.0,0.0,0.0,0.0,0.0,0.0,0.0,0.0025,0.9975,0.047880855019754906,1888,0.0005143396181544349,4.67381892520052e-07,0.00011267774497358463,16,20,False,0.995,0.005,0.66,fixed,100,none,371c9e91-ddfd-4fc0-aac2-c83fd387c776
1196,159300,36.05994415283203,1.0,1.0,1.0,0.9951079999999999,0.0,0.0,0.0,0.0,0.0,0.0,0.0,0.0,0.0,0.0,0.0,0.0,0.0,0.0,0.0025,0.9975,0.0474866363904749,1889,0.0005139185655507134,4.679014484126862e-07,0.00011258567527424958,16,20,False,0.995,0.005,0.66,fixed,100,none,371c9e91-ddfd-4fc0-aac2-c83fd387c776
1197,159400,36.07971715927124,1.0,1.0,1.0,0.9951079999999999,0.0,0.0,0.0,0.0,0.0,0.0,0.0,0.0,0.0,0.0,0.0,0.0,0.0,0.0,0.0025,0.9975,0.0474866363904749,1889,0.0005146207567047569,4.695108463722269e-07,0.00011273969070348202,16,20,False,0.995,0.005,0.66,fixed,100,none,371c9e91-ddfd-4fc0-aac2-c83fd387c776
1198,159600,36.09956383705139,1.0,1.0,1.0,0.9951079999999999,0.0,0.0,0.0,0.0,0.0,0.0,0.0,0.0,0.0,0.0,0.0,0.0,0.0,0.0,0.0025,0.9975,0.047880855019754906,1888,0.0005146408108120174,4.719037497553792e-07,0.00011274453519920413,16,20,False,0.995,0.005,0.66,fixed,100,none,371c9e91-ddfd-4fc0-aac2-c83fd387c776
1199,159700,36.11976432800293,1.0,1.0,1.0,0.9951079999999999,0.0,0.0,0.0,0.0,0.0,0.0,0.0,0.0,0.0,0.0,0.0,0.0,0.0,0.0,0.0025,0.9975,0.047880855019754906,1888,0.0005162679743389647,4.7292832637388733e-07,0.00011310091596481041,16,20,False,0.995,0.005,0.66,fixed,100,none,371c9e91-ddfd-4fc0-aac2-c83fd387c776
1200,159900,36.1396107673645,1.0,1.0,1.0,0.9951079999999999,0.0,0.0,0.0,0.0,0.0,0.0,0.0,0.0,0.0,0.0,0.0,0.0,0.0,0.0,0.0025,0.9975,0.047880855019754906,1888,0.0005175863990048324,4.766614534748207e-07,0.00011339022841831804,16,20,False,0.995,0.005,0.66,fixed,100,none,371c9e91-ddfd-4fc0-aac2-c83fd387c776
1201,160000,36.15956449508667,1.0,1.0,1.0,0.9951079999999999,0.0,0.0,0.0,0.0,0.0,0.0,0.0,0.0,0.0,0.0,0.0,0.0,0.0,0.0,0.0025,0.9975,0.047880855019754906,1888,0.0005168462040872449,4.7449095511459173e-07,0.00011322778735616969,16,20,False,0.995,0.005,0.66,fixed,100,none,371c9e91-ddfd-4fc0-aac2-c83fd387c776
1202,160100,36.17937731742859,1.0,1.0,1.0,0.9951079999999999,0.0,0.0,0.0,0.0,0.0,0.0,0.0,0.0,0.0,0.0,0.0,0.0,0.0,0.0,0.0025,0.9975,0.047880855019754906,1888,0.0005165782549230121,4.736745960185787e-07,0.00011316897817589088,16,20,False,0.995,0.005,0.66,fixed,100,none,371c9e91-ddfd-4fc0-aac2-c83fd387c776
1203,160400,36.19915270805359,1.0,1.0,1.0,0.9951079999999999,0.0,0.0,0.0,0.0,0.0,0.0,0.0,0.0,0.0,0.0,0.0,0.0,0.0,0.0,0.0025,0.9975,0.047880855019754906,1888,0.0005181512829509772,4.7600605529760076e-07,0.00011351375698847545,16,20,False,0.995,0.005,0.66,fixed,100,none,371c9e91-ddfd-4fc0-aac2-c83fd387c776
1204,160500,36.219078540802,1.0,1.0,1.0,0.9951079999999999,0.0,0.0,0.0,0.0,0.0,0.0,0.0,0.0,0.0,0.0,0.0,0.0,0.0,0.0,0.0025,0.9975,0.047880855019754906,1888,0.0005190058573534852,4.761509717113201e-07,0.00011370085085930306,16,20,False,0.995,0.005,0.66,fixed,100,none,371c9e91-ddfd-4fc0-aac2-c83fd387c776
1205,160700,36.23900365829468,1.0,1.0,1.0,0.9951079999999999,0.0,0.0,0.0,0.0,0.0,0.0,0.0,0.0,0.0,0.0,0.0,0.0,0.0,0.0,0.0025,0.9975,0.04827406863022217,1887,0.0005174456300568958,4.7368575020303527e-07,0.00011335884871199307,16,20,False,0.995,0.005,0.66,fixed,100,none,371c9e91-ddfd-4fc0-aac2-c83fd387c776
1206,160800,36.258657932281494,1.0,1.0,1.0,0.9951079999999999,0.0,0.0,0.0,0.0,0.0,0.0,0.0,0.0,0.0,0.0,0.0,0.0,0.0,0.0,0.0025,0.9975,0.04827406863022217,1887,0.0005182404493695508,4.7496018455363057e-07,0.00011353307680205987,16,20,False,0.995,0.005,0.66,fixed,100,none,371c9e91-ddfd-4fc0-aac2-c83fd387c776
1207,161100,36.27851748466492,1.0,1.0,1.0,0.9951079999999999,0.0,0.0,0.0,0.0,0.0,0.0,0.0,0.0,0.0,0.0,0.0,0.0,0.0,0.0,0.0025,0.9975,0.04827406863022217,1887,0.0005187066332230756,4.7666789633219863e-07,0.00011363544891283437,16,20,False,0.995,0.005,0.66,fixed,100,none,371c9e91-ddfd-4fc0-aac2-c83fd387c776
1208,161200,36.2983078956604,1.0,1.0,1.0,0.9951079999999999,0.0,0.0,0.0,0.0,0.0,0.0,0.0,0.0,0.0,0.0,0.0,0.0,0.0,0.0,0.0025,0.9975,0.04827406863022217,1887,0.0005200050256683361,4.77824330148249e-07,0.00011391988674152695,16,20,False,0.995,0.005,0.66,fixed,100,none,371c9e91-ddfd-4fc0-aac2-c83fd387c776
1209,161300,36.318095445632935,1.0,1.0,1.0,0.9951079999999999,0.0,0.0,0.0,0.0,0.0,0.0,0.0,0.0,0.0,0.0,0.0,0.0,0.0,0.0,0.0025,0.9975,0.04827406863022217,1887,0.0005213832661732271,4.78572044102296e-07,0.00011422172565369885,16,20,False,0.995,0.005,0.66,fixed,100,none,371c9e91-ddfd-4fc0-aac2-c83fd387c776
1210,161400,36.337955474853516,1.0,1.0,1.0,0.9951079999999999,0.0,0.0,0.0,0.0,0.0,0.0,0.0,0.0,0.0,0.0,0.0,0.0,0.0,0.0,0.0025,0.9975,0.04827406863022217,1887,0.0005202875583340423,4.782501510589325e-07,0.00011398181404802307,16,20,False,0.995,0.005,0.66,fixed,100,none,371c9e91-ddfd-4fc0-aac2-c83fd387c776
1211,161500,36.35770273208618,1.0,1.0,1.0,0.9951079999999999,0.0,0.0,0.0,0.0,0.0,0.0,0.0,0.0,0.0,0.0,0.0,0.0,0.0,0.0,0.0025,0.9975,0.04827406863022217,1887,0.0005210320585660892,4.786268186255468e-07,0.00011414485671565578,16,20,False,0.995,0.005,0.66,fixed,100,none,371c9e91-ddfd-4fc0-aac2-c83fd387c776
1212,161800,36.37751317024231,1.0,1.0,1.0,0.9951079999999999,0.0,0.0,0.0,0.0,0.0,0.0,0.0,0.0,0.0,0.0,0.0,0.0,0.0,0.0,0.0025,0.9975,0.04788085501975489,1888,0.0005217980649329895,4.79626512801563e-07,0.0001143127254512637,16,20,False,0.995,0.005,0.66,fixed,100,none,371c9e91-ddfd-4fc0-aac2-c83fd387c776
1213,161900,36.39721751213074,1.0,1.0,1.0,0.9951079999999999,0.0,0.0,0.0,0.0,0.0,0.0,0.0,0.0,0.0,0.0,0.0,0.0,0.0,0.0,0.0025,0.9975,0.04788085501975489,1888,0.000521431171056383,4.796937581111918e-07,0.00011423242515828336,16,20,False,0.995,0.005,0.66,fixed,100,none,371c9e91-ddfd-4fc0-aac2-c83fd387c776
1214,162200,36.417065382003784,1.0,1.0,1.0,0.9951079999999999,0.0,0.0,0.0,0.0,0.0,0.0,0.0,0.0,0.0,0.0,0.0,0.0,0.0,0.0,0.0025,0.9975,0.048274068630222176,1887,0.0005218892567934468,4.793610582654783e-07,0.00011433263691315597,16,20,False,0.995,0.005,0.66,fixed,100,none,371c9e91-ddfd-4fc0-aac2-c83fd387c776
1215,162300,36.436705589294434,1.0,1.0,1.0,0.9951079999999999,0.0,0.0,0.0,0.0,0.0,0.0,0.0,0.0,0.0,0.0,0.0,0.0,0.0,0.0,0.0025,0.9975,0.048274068630222176,1887,0.0005234932174375506,4.811103054589283e-07,0.00011468407625511702,16,20,False,0.995,0.005,0.66,fixed,100,none,371c9e91-ddfd-4fc0-aac2-c83fd387c776
1216,162500,36.45641827583313,1.0,1.0,1.0,0.9951079999999999,0.0,0.0,0.0,0.0,0.0,0.0,0.0,0.0,0.0,0.0,0.0,0.0,0.0,0.0,0.0025,0.9975,0.047880855019754906,1888,0.0005227366503116279,4.809828800767097e-07,0.00011451843950042992,16,20,False,0.995,0.005,0.66,fixed,100,none,371c9e91-ddfd-4fc0-aac2-c83fd387c776
1217,162600,36.47622799873352,1.0,1.0,1.0,0.9951079999999999,0.0,0.0,0.0,0.0,0.0,0.0,0.0,0.0,0.0,0.0,0.0,0.0,0.0,0.0,0.0025,0.9975,0.047486636390474915,1889,0.0005226939517094149,4.80543642262388e-07,0.0001145090093212208,16,20,False,0.995,0.005,0.66,fixed,100,none,371c9e91-ddfd-4fc0-aac2-c83fd387c776
1218,162900,36.49587965011597,1.0,1.0,1.0,0.9951079999999999,0.0,0.0,0.0,0.0,0.0,0.0,0.0,0.0,0.0,0.0,0.0,0.0,0.0,0.0,0.0025,0.9975,0.047486636390474915,1889,0.0005224834569561583,4.807295053266094e-07,0.0001144629673337151,16,20,False,0.995,0.005,0.66,fixed,100,none,371c9e91-ddfd-4fc0-aac2-c83fd387c776
1219,163000,36.51582407951355,1.0,1.0,1.0,0.9951079999999999,0.0,0.0,0.0,0.0,0.0,0.0,0.0,0.0,0.0,0.0,0.0,0.0,0.0,0.0,0.0025,0.9975,0.047486636390474915,1889,0.0005225612799557131,4.812324936373265e-07,0.00011448009835609668,16,20,False,0.995,0.005,0.66,fixed,100,none,371c9e91-ddfd-4fc0-aac2-c83fd387c776
1220,163200,36.535613775253296,1.0,1.0,1.0,0.9951079999999999,0.0,0.0,0.0,0.0,0.0,0.0,0.0,0.0,0.0,0.0,0.0,0.0,0.0,0.0,0.0025,0.9975,0.047880855019754906,1888,0.0005198942789262908,4.7679428446495084e-07,0.00011389544857101342,16,20,False,0.995,0.005,0.66,fixed,100,none,371c9e91-ddfd-4fc0-aac2-c83fd387c776
1221,163300,36.55530405044556,1.0,1.0,1.0,0.9951079999999999,0.0,0.0,0.0,0.0,0.0,0.0,0.0,0.0,0.0,0.0,0.0,0.0,0.0,0.0,0.0025,0.9975,0.047880855019754906,1888,0.000519614859625219,4.765036549405299e-07,0.00011383422846639915,16,20,False,0.995,0.005,0.66,fixed,100,none,371c9e91-ddfd-4fc0-aac2-c83fd387c776
1222,163600,36.57490086555481,1.0,1.0,1.0,0.9951079999999999,0.0,0.0,0.0,0.0,0.0,0.0,0.0,0.0,0.0,0.0,0.0,0.0,0.0,0.0,0.0025,0.9975,0.047486636390474915,1889,0.00052027129780165,4.783959928261988e-07,0.00011397828232741816,16,20,False,0.995,0.005,0.66,fixed,100,none,371c9e91-ddfd-4fc0-aac2-c83fd387c776
1223,163700,36.5945348739624,1.0,1.0,1.0,0.9951079999999999,0.0,0.0,0.0,0.0,0.0,0.0,0.0,0.0,0.0,0.0,0.0,0.0,0.0,0.0,0.0025,0.9975,0.047880855019754906,1888,0.0005201136720805326,4.786987285504683e-07,0.00011394383557685318,16,20,False,0.995,0.005,0.66,fixed,100,none,371c9e91-ddfd-4fc0-aac2-c83fd387c776
1224,163800,36.61426019668579,1.0,1.0,1.0,0.9951079999999999,0.0,0.0,0.0,0.0,0.0,0.0,0.0,0.0,0.0,0.0,0.0,0.0,0.0,0.0,0.0025,0.9975,0.047880855019754906,1888,0.0005198623355462339,4.776524482033041e-07,0.00011388861921622923,16,20,False,0.995,0.005,0.66,fixed,100,none,371c9e91-ddfd-4fc0-aac2-c83fd387c776
1225,163900,36.63432002067566,1.0,1.0,1.0,0.9951079999999999,0.0,0.0,0.0,0.0,0.0,0.0,0.0,0.0,0.0,0.0,0.0,0.0,0.0,0.0,0.0025,0.9975,0.047486636390474915,1889,0.0005203090325287004,4.78286400546006e-07,0.00011398652163663626,16,20,False,0.995,0.005,0.66,fixed,100,none,371c9e91-ddfd-4fc0-aac2-c83fd387c776
1226,164000,36.654200077056885,1.0,1.0,1.0,0.9951079999999999,0.0,0.0,0.0,0.0,0.0,0.0,0.0,0.0,0.0,0.0,0.0,0.0,0.0,0.0,0.0025,0.9975,0.047880855019754906,1888,0.0005207477285798204,4.778809151774731e-07,0.00011408247516000642,16,20,False,0.995,0.005,0.66,fixed,100,none,371c9e91-ddfd-4fc0-aac2-c83fd387c776
1227,164100,36.67403745651245,1.0,1.0,1.0,0.9951079999999999,0.0,0.0,0.0,0.0,0.0,0.0,0.0,0.0,0.0,0.0,0.0,0.0,0.0,0.0,0.0025,0.9975,0.047880855019754906,1888,0.0005210866493068723,4.781424864206175e-07,0.00011415671460569428,16,20,False,0.995,0.005,0.66,fixed,100,none,371c9e91-ddfd-4fc0-aac2-c83fd387c776
1228,164300,36.69401979446411,1.0,1.0,1.0,0.9951079999999999,0.0,0.0,0.0,0.0,0.0,0.0,0.0,0.0,0.0,0.0,0.0,0.0,0.0,0.0,0.0025,0.9975,0.04788085501975489,1888,0.0005205808769073516,4.778835432468362e-07,0.00011404595182823618,16,20,False,0.995,0.005,0.66,fixed,100,none,371c9e91-ddfd-4fc0-aac2-c83fd387c776
1229,164400,36.713823318481445,1.0,1.0,1.0,0.9951079999999999,0.0,0.0,0.0,0.0,0.0,0.0,0.0,0.0,0.0,0.0,0.0,0.0,0.0,0.0,0.0025,0.9975,0.04788085501975489,1888,0.0005215426880453186,4.791111133978579e-07,0.00011425672552466583,16,20,False,0.995,0.005,0.66,fixed,100,none,371c9e91-ddfd-4fc0-aac2-c83fd387c776
1230,164700,36.73395562171936,1.0,1.0,1.0,0.9951079999999999,0.0,0.0,0.0,0.0,0.0,0.0,0.0,0.0,0.0,0.0,0.0,0.0,0.0,0.0,0.0025,0.9975,0.047486636390474915,1889,0.0005216494338438587,4.791093756089492e-07,0.00011428009184978639,16,20,False,0.995,0.005,0.66,fixed,100,none,371c9e91-ddfd-4fc0-aac2-c83fd387c776
1231,164800,36.7538948059082,1.0,1.0,1.0,0.9951079999999999,0.0,0.0,0.0,0.0,0.0,0.0,0.0,0.0,0.0,0.0,0.0,0.0,0.0,0.0,0.0025,0.9975,0.047486636390474915,1889,0.0005213033879956994,4.789064770673012e-07,0.00011420430386290139,16,20,False,0.995,0.005,0.66,fixed,100,none,371c9e91-ddfd-4fc0-aac2-c83fd387c776
1232,165000,36.77363610267639,1.0,1.0,1.0,0.9951079999999999,0.0,0.0,0.0,0.0,0.0,0.0,0.0,0.0,0.0,0.0,0.0,0.0,0.0,0.0,0.0025,0.9975,0.047486636390474915,1889,0.0005225753992120516,4.788664892694767e-07,0.00011448273952047931,16,20,False,0.995,0.005,0.66,fixed,100,none,371c9e91-ddfd-4fc0-aac2-c83fd387c776
1233,165100,36.79337787628174,1.0,1.0,1.0,0.9951079999999999,0.0,0.0,0.0,0.0,0.0,0.0,0.0,0.0,0.0,0.0,0.0,0.0,0.0,0.0,0.0025,0.9975,0.047486636390474915,1889,0.0005226792153130308,4.7907449360748e-07,0.00011450550438580788,16,20,False,0.995,0.005,0.66,fixed,100,none,371c9e91-ddfd-4fc0-aac2-c83fd387c776
1234,165200,36.81311082839966,1.0,1.0,1.0,0.9951079999999999,0.0,0.0,0.0,0.0,0.0,0.0,0.0,0.0,0.0,0.0,0.0,0.0,0.0,0.0,0.0025,0.9975,0.047486636390474915,1889,0.0005242829939865781,4.80694235700153e-07,0.00011485687928844498,16,20,False,0.995,0.005,0.66,fixed,100,none,371c9e91-ddfd-4fc0-aac2-c83fd387c776
1235,165300,36.83291554450989,1.0,1.0,1.0,0.9951079999999999,0.0,0.0,0.0,0.0,0.0,0.0,0.0,0.0,0.0,0.0,0.0,0.0,0.0,0.0,0.0025,0.9975,0.047486636390474915,1889,0.0005252137179917079,4.818938610590315e-07,0.00011506084270198609,16,20,False,0.995,0.005,0.66,fixed,100,none,371c9e91-ddfd-4fc0-aac2-c83fd387c776
1236,165400,36.85264253616333,1.0,1.0,1.0,0.9951079999999999,0.0,0.0,0.0,0.0,0.0,0.0,0.0,0.0,0.0,0.0,0.0,0.0,0.0,0.0,0.0025,0.9975,0.047486636390474915,1889,0.000527139243585334,4.835231161519778e-07,0.0001154826498128985,16,20,False,0.995,0.005,0.66,fixed,100,none,371c9e91-ddfd-4fc0-aac2-c83fd387c776
1237,165500,36.872360706329346,1.0,1.0,1.0,0.9951079999999999,0.0,0.0,0.0,0.0,0.0,0.0,0.0,0.0,0.0,0.0,0.0,0.0,0.0,0.0,0.0025,0.9975,0.047486636390474915,1889,0.0005271697648275672,4.823943072821074e-07,0.00011548911643913808,16,20,False,0.995,0.005,0.66,fixed,100,none,371c9e91-ddfd-4fc0-aac2-c83fd387c776
1238,165800,36.89198637008667,1.0,1.0,1.0,0.9951079999999999,0.0,0.0,0.0,0.0,0.0,0.0,0.0,0.0,0.0,0.0,0.0,0.0,0.0,0.0,0.0025,0.9975,0.047880855019754906,1888,0.0005278203689552378,4.834577665214964e-07,0.00011563173573994066,16,20,False,0.995,0.005,0.66,fixed,100,none,371c9e91-ddfd-4fc0-aac2-c83fd387c776
1239,165900,36.91186189651489,1.0,1.0,1.0,0.9951079999999999,0.0,0.0,0.0,0.0,0.0,0.0,0.0,0.0,0.0,0.0,0.0,0.0,0.0,0.0,0.0025,0.9975,0.047091412742382266,1890,0.0005289320024241821,4.837959458397597e-07,0.00011587513656036303,16,20,False,0.995,0.005,0.66,fixed,100,none,371c9e91-ddfd-4fc0-aac2-c83fd387c776
1240,166100,36.93152165412903,1.0,1.0,1.0,0.9951079999999999,0.0,0.0,0.0,0.0,0.0,0.0,0.0,0.0,0.0,0.0,0.0,0.0,0.0,0.0,0.0025,0.9975,0.047091412742382266,1890,0.0005286368043189458,4.866080935998241e-07,0.00011581105200320122,16,20,False,0.995,0.005,0.66,fixed,100,none,371c9e91-ddfd-4fc0-aac2-c83fd387c776
1241,166200,36.951181411743164,1.0,1.0,1.0,0.9951079999999999,0.0,0.0,0.0,0.0,0.0,0.0,0.0,0.0,0.0,0.0,0.0,0.0,0.0,0.0,0.0025,0.9975,0.04788085501975489,1888,0.000527585741840009,4.864953696947732e-07,0.00011558095300901998,16,20,False,0.995,0.005,0.66,fixed,100,none,371c9e91-ddfd-4fc0-aac2-c83fd387c776
1242,166500,36.97093749046326,1.0,1.0,1.0,0.9951079999999999,0.0,0.0,0.0,0.0,0.0,0.0,0.0,0.0,0.0,0.0,0.0,0.0,0.0,0.0,0.0025,0.9975,0.04788085501975489,1888,0.0005277296448727781,4.888269673407586e-07,0.00011561289638644588,16,20,False,0.995,0.005,0.66,fixed,100,none,371c9e91-ddfd-4fc0-aac2-c83fd387c776
1243,166600,36.99057126045227,1.0,1.0,1.0,0.9951079999999999,0.0,0.0,0.0,0.0,0.0,0.0,0.0,0.0,0.0,0.0,0.0,0.0,0.0,0.0,0.0025,0.9975,0.04788085501975489,1888,0.0005283060620224936,4.898192845864717e-07,0.00011573926264079527,16,20,False,0.995,0.005,0.66,fixed,100,none,371c9e91-ddfd-4fc0-aac2-c83fd387c776
1244,166800,37.01030874252319,1.0,1.0,1.0,0.9951079999999999,0.0,0.0,0.0,0.0,0.0,0.0,0.0,0.0,0.0,0.0,0.0,0.0,0.0,0.0,0.0025,0.9975,0.047486636390474915,1889,0.0005294147318579378,4.906653187447541e-07,0.00011598211121426409,16,20,False,0.995,0.005,0.66,fixed,100,none,371c9e91-ddfd-4fc0-aac2-c83fd387c776
1245,166900,37.03045439720154,1.0,1.0,1.0,0.9951079999999999,0.0,0.0,0.0,0.0,0.0,0.0,0.0,0.0,0.0,0.0,0.0,0.0,0.0,0.0,0.0025,0.9975,0.04788085501975489,1888,0.0005307211473155832,4.921982390988954e-07,0.00011626837681280996,16,20,False,0.995,0.005,0.66,fixed,100,none,371c9e91-ddfd-4fc0-aac2-c83fd387c776
1246,167200,37.050968170166016,1.0,1.0,1.0,0.9951079999999999,0.0,0.0,0.0,0.0,0.0,0.0,0.0,0.0,0.0,0.0,0.0,0.0,0.0,0.0,0.0025,0.9975,0.04788085501975489,1888,0.0005344244468141484,4.985001754115463e-07,0.00011708022644094528,16,20,False,0.995,0.005,0.66,fixed,100,none,371c9e91-ddfd-4fc0-aac2-c83fd387c776
1247,167300,37.07154893875122,1.0,1.0,1.0,0.9951079999999999,0.0,0.0,0.0,0.0,0.0,0.0,0.0,0.0,0.0,0.0,0.0,0.0,0.0,0.0,0.0025,0.9975,0.04788085501975489,1888,0.0005348515663531192,4.997940839949129e-07,0.00011717396875065683,16,20,False,0.995,0.005,0.66,fixed,100,none,371c9e91-ddfd-4fc0-aac2-c83fd387c776
1248,167600,37.09191608428955,1.0,1.0,1.0,0.9951079999999999,0.0,0.0,0.0,0.0,0.0,0.0,0.0,0.0,0.0,0.0,0.0,0.0,0.0,0.0,0.0025,0.9975,0.04788085501975489,1888,0.0005363784860900908,5.004991141421356e-07,0.0001175083454368079,16,20,False,0.995,0.005,0.66,fixed,100,none,371c9e91-ddfd-4fc0-aac2-c83fd387c776
1249,167700,37.11234712600708,1.0,1.0,1.0,0.9951079999999999,0.0,0.0,0.0,0.0,0.0,0.0,0.0,0.0,0.0,0.0,0.0,0.0,0.0,0.0,0.0025,0.9975,0.04788085501975489,1888,0.0005369443734005894,5.017109580448454e-07,0.00011763244841941755,16,20,False,0.995,0.005,0.66,fixed,100,none,371c9e91-ddfd-4fc0-aac2-c83fd387c776
1250,167900,37.132965087890625,1.0,1.0,1.0,0.9951079999999999,0.0,0.0,0.0,0.0,0.0,0.0,0.0,0.0,0.0,0.0,0.0,0.0,0.0,0.0,0.0025,0.9975,0.04788085501975489,1888,0.0005353972582799862,4.999376836783392e-07,0.00011729344799738787,16,20,False,0.995,0.005,0.66,fixed,100,none,371c9e91-ddfd-4fc0-aac2-c83fd387c776
1251,168000,37.15359306335449,1.0,1.0,1.0,0.9951079999999999,0.0,0.0,0.0,0.0,0.0,0.0,0.0,0.0,0.0,0.0,0.0,0.0,0.0,0.0,0.0025,0.9975,0.047880855019754906,1888,0.000535907904606809,5.022533383781987e-07,0.00011740566845272237,16,20,False,0.995,0.005,0.66,fixed,100,none,371c9e91-ddfd-4fc0-aac2-c83fd387c776
1252,168300,37.174256801605225,1.0,1.0,1.0,0.9951079999999999,0.0,0.0,0.0,0.0,0.0,0.0,0.0,0.0,0.0,0.0,0.0,0.0,0.0,0.0,0.0025,0.9975,0.047880855019754906,1888,0.0005366656682292561,5.035416094368434e-07,0.00011757178768117716,16,20,False,0.995,0.005,0.66,fixed,100,none,371c9e91-ddfd-4fc0-aac2-c83fd387c776
1253,168400,37.19479942321777,1.0,1.0,1.0,0.9951079999999999,0.0,0.0,0.0,0.0,0.0,0.0,0.0,0.0,0.0,0.0,0.0,0.0,0.0,0.0,0.0025,0.9975,0.047880855019754906,1888,0.000537547388705905,5.061675687033884e-07,0.00011776529522577625,16,20,False,0.995,0.005,0.66,fixed,100,none,371c9e91-ddfd-4fc0-aac2-c83fd387c776
1254,168600,37.21549129486084,1.0,1.0,1.0,0.9951079999999999,0.0,0.0,0.0,0.0,0.0,0.0,0.0,0.0,0.0,0.0,0.0,0.0,0.0,0.0,0.0025,0.9975,0.047880855019754906,1888,0.0005388140199492646,5.08198389941589e-07,0.00011804294666098291,16,20,False,0.995,0.005,0.66,fixed,100,none,371c9e91-ddfd-4fc0-aac2-c83fd387c776
1255,168700,37.236100912094116,1.0,1.0,1.0,0.9951079999999999,0.0,0.0,0.0,0.0,0.0,0.0,0.0,0.0,0.0,0.0,0.0,0.0,0.0,0.0,0.0025,0.9975,0.047880855019754906,1888,0.0005415983184017598,5.115432022328288e-07,0.00011865306510656946,16,20,False,0.995,0.005,0.66,fixed,100,none,371c9e91-ddfd-4fc0-aac2-c83fd387c776
1256,169000,37.25650191307068,1.0,1.0,1.0,0.9951079999999999,0.0,0.0,0.0,0.0,0.0,0.0,0.0,0.0,0.0,0.0,0.0,0.0,0.0,0.0,0.0025,0.9975,0.047880855019754906,1888,0.0005426528604703948,5.135251037396444e-07,0.00011888428092667997,16,20,False,0.995,0.005,0.66,fixed,100,none,371c9e91-ddfd-4fc0-aac2-c83fd387c776
1257,169100,37.276968240737915,1.0,1.0,1.0,0.9951079999999999,0.0,0.0,0.0,0.0,0.0,0.0,0.0,0.0,0.0,0.0,0.0,0.0,0.0,0.0,0.0025,0.9975,0.047880855019754906,1888,0.0005423668562786429,5.136520181736881e-07,0.00011882169872284794,16,20,False,0.995,0.005,0.66,fixed,100,none,371c9e91-ddfd-4fc0-aac2-c83fd387c776
1258,169300,37.29732346534729,1.0,1.0,1.0,0.9951079999999999,0.0,0.0,0.0,0.0,0.0,0.0,0.0,0.0,0.0,0.0,0.0,0.0,0.0,0.0,0.0025,0.9975,0.047880855019754906,1888,0.0005425460834793563,5.14415520506228e-07,0.00011886107662252729,16,20,False,0.995,0.005,0.66,fixed,100,none,371c9e91-ddfd-4fc0-aac2-c83fd387c776
1259,169400,37.31729483604431,1.0,1.0,1.0,0.9951079999999999,0.0,0.0,0.0,0.0,0.0,0.0,0.0,0.0,0.0,0.0,0.0,0.0,0.0,0.0,0.0025,0.9975,0.047880855019754906,1888,0.0005437849459377069,5.158272819637293e-07,0.00011913253184933716,16,20,False,0.995,0.005,0.66,fixed,100,none,371c9e91-ddfd-4fc0-aac2-c83fd387c776
1260,169500,37.3370885848999,1.0,1.0,1.0,0.9951079999999999,0.0,0.0,0.0,0.0,0.0,0.0,0.0,0.0,0.0,0.0,0.0,0.0,0.0,0.0,0.0025,0.9975,0.047880855019754906,1888,0.0005437550671432899,5.158665519682982e-07,0.00011912599884254014,16,20,False,0.995,0.005,0.66,fixed,100,none,371c9e91-ddfd-4fc0-aac2-c83fd387c776
1261,169700,37.35667872428894,1.0,1.0,1.0,0.9951079999999999,0.0,0.0,0.0,0.0,0.0,0.0,0.0,0.0,0.0,0.0,0.0,0.0,0.0,0.0,0.0025,0.9975,0.047880855019754906,1888,0.0005451250329948858,5.185593781627361e-07,0.00011942639600443143,16,20,False,0.995,0.005,0.66,fixed,100,none,371c9e91-ddfd-4fc0-aac2-c83fd387c776
1262,169800,37.37674379348755,1.0,1.0,1.0,0.9951079999999999,0.0,0.0,0.0,0.0,0.0,0.0,0.0,0.0,0.0,0.0,0.0,0.0,0.0,0.0,0.0025,0.9975,0.047880855019754906,1888,0.0005450452186904378,5.178996048039139e-07,0.00011940879929624958,16,20,False,0.995,0.005,0.66,fixed,100,none,371c9e91-ddfd-4fc0-aac2-c83fd387c776
1263,170100,37.39638686180115,1.0,1.0,1.0,0.9951079999999999,0.0,0.0,0.0,0.0,0.0,0.0,0.0,0.0,0.0,0.0,0.0,0.0,0.0,0.0,0.0025,0.9975,0.047880855019754906,1888,0.0005474433446853242,5.210012893929459e-07,0.00011993433839660213,16,20,False,0.995,0.005,0.66,fixed,100,none,371c9e91-ddfd-4fc0-aac2-c83fd387c776
1264,170200,37.4160795211792,1.0,1.0,1.0,0.9951079999999999,0.0,0.0,0.0,0.0,0.0,0.0,0.0,0.0,0.0,0.0,0.0,0.0,0.0,0.0,0.0025,0.9975,0.047880855019754906,1888,0.0005482313011966584,5.239609441424051e-07,0.00012010738441133559,16,20,False,0.995,0.005,0.66,fixed,100,none,371c9e91-ddfd-4fc0-aac2-c83fd387c776
1265,170500,37.43568563461304,1.0,1.0,1.0,0.9951079999999999,0.0,0.0,0.0,0.0,0.0,0.0,0.0,0.0,0.0,0.0,0.0,0.0,0.0,0.0,0.0025,0.9975,0.047880855019754906,1888,0.0005489925346586214,5.243405254316564e-07,0.00012027409053660425,16,20,False,0.995,0.005,0.66,fixed,100,none,371c9e91-ddfd-4fc0-aac2-c83fd387c776
1266,170600,37.45559811592102,1.0,1.0,1.0,0.9951079999999999,0.0,0.0,0.0,0.0,0.0,0.0,0.0,0.0,0.0,0.0,0.0,0.0,0.0,0.0,0.0025,0.9975,0.047880855019754906,1888,0.0005496762061329076,5.248248639515395e-07,0.00012042383824664428,16,20,False,0.995,0.005,0.66,fixed,100,none,371c9e91-ddfd-4fc0-aac2-c83fd387c776
1267,170700,37.476123332977295,1.0,1.0,1.0,0.9951079999999999,0.0,0.0,0.0,0.0,0.0,0.0,0.0,0.0,0.0,0.0,0.0,0.0,0.0,0.0,0.0025,0.9975,0.047880855019754906,1888,0.0005502375858064276,5.242954895863247e-07,0.00012054662367604841,16,20,False,0.995,0.005,0.66,fixed,100,none,371c9e91-ddfd-4fc0-aac2-c83fd387c776
1268,170800,37.496264934539795,1.0,1.0,1.0,0.9951079999999999,0.0,0.0,0.0,0.0,0.0,0.0,0.0,0.0,0.0,0.0,0.0,0.0,0.0,0.0,0.0025,0.9975,0.04788085501975489,1888,0.0005490558788196146,5.236687650009575e-07,0.00012028782893896384,16,20,False,0.995,0.005,0.66,fixed,100,none,371c9e91-ddfd-4fc0-aac2-c83fd387c776
1269,170900,37.516634464263916,1.0,1.0,1.0,0.9951079999999999,0.0,0.0,0.0,0.0,0.0,0.0,0.0,0.0,0.0,0.0,0.0,0.0,0.0,0.0,0.0025,0.9975,0.04827406863022217,1887,0.0005487473714640995,5.231690926364066e-07,0.00012022020174109231,16,20,False,0.995,0.005,0.66,fixed,100,none,371c9e91-ddfd-4fc0-aac2-c83fd387c776
1270,171200,37.53705453872681,1.0,1.0,1.0,0.9951079999999999,0.0,0.0,0.0,0.0,0.0,0.0,0.0,0.0,0.0,0.0,0.0,0.0,0.0,0.0,0.0025,0.9975,0.04748663639047492,1889,0.0005488362899939681,5.238210228560141e-07,0.00012023978987402227,16,20,False,0.995,0.005,0.66,fixed,100,none,371c9e91-ddfd-4fc0-aac2-c83fd387c776
1271,171300,37.55701541900635,1.0,1.0,1.0,0.9951079999999999,0.0,0.0,0.0,0.0,0.0,0.0,0.0,0.0,0.0,0.0,0.0,0.0,0.0,0.0,0.0025,0.9975,0.047880855019754906,1888,0.0005472710536700553,5.225835335405693e-07,0.00011989692451974782,16,20,False,0.995,0.005,0.66,fixed,100,none,371c9e91-ddfd-4fc0-aac2-c83fd387c776
1272,171500,37.57728433609009,1.0,1.0,1.0,0.9951079999999999,0.0,0.0,0.0,0.0,0.0,0.0,0.0,0.0,0.0,0.0,0.0,0.0,0.0,0.0,0.0025,0.9975,0.047880855019754906,1888,0.0005472871825813004,5.242576317691393e-07,0.0001199007732170828,16,20,False,0.995,0.005,0.66,fixed,100,none,371c9e91-ddfd-4fc0-aac2-c83fd387c776
1273,171600,37.597928524017334,1.0,1.0,1.0,0.9951079999999999,0.0,0.0,0.0,0.0,0.0,0.0,0.0,0.0,0.0,0.0,0.0,0.0,0.0,0.0,0.0025,0.9975,0.04788085501975489,1888,0.0005468738004011288,5.225455844587023e-07,0.00011980995856885425,16,20,False,0.995,0.005,0.66,fixed,100,none,371c9e91-ddfd-4fc0-aac2-c83fd387c776
1274,171900,37.61842942237854,1.0,1.0,1.0,0.9951079999999999,0.0,0.0,0.0,0.0,0.0,0.0,0.0,0.0,0.0,0.0,0.0,0.0,0.0,0.0,0.0025,0.9975,0.04788085501975489,1888,0.000545594843205045,5.176310766138549e-07,0.00011952906108214099,16,20,False,0.995,0.005,0.66,fixed,100,none,371c9e91-ddfd-4fc0-aac2-c83fd387c776
1275,172000,37.63875436782837,0.99900075,0.999002,1.0,0.9960719999999998,0.0,0.0,0.0,0.0,0.0,0.0,0.0005,0.0,0.0,0.0,0.0005,0.0,0.0,0.0,0.002,0.9975,0.04788085501975489,1888,0.0005453214626048788,5.177199179558395e-07,0.00011946923494861958,16,20,False,0.995,0.005,0.66,fixed,100,none,371c9e91-ddfd-4fc0-aac2-c83fd387c776
1276,172100,37.65866446495056,1.0,1.0,1.0,0.9951079999999999,0.0,0.0,0.0,0.0,0.0,0.0,0.0,0.0,0.0,0.0,0.0,0.0,0.0,0.0,0.0025,0.9975,0.04788085501975489,1888,0.0005464859750646903,5.187544112270994e-07,0.00011972434327979387,16,20,False,0.995,0.005,0.66,fixed,100,none,371c9e91-ddfd-4fc0-aac2-c83fd387c776
1277,172200,37.678446531295776,1.0,1.0,1.0,0.9951079999999999,0.0,0.0,0.0,0.0,0.0,0.0,0.0,0.0,0.0,0.0,0.0,0.0,0.0,0.0,0.0025,0.9975,0.04788085501975489,1888,0.0005467267478779394,5.205204496728772e-07,0.00011977738399591878,16,20,False,0.995,0.005,0.66,fixed,100,none,371c9e91-ddfd-4fc0-aac2-c83fd387c776
1278,172300,37.69830632209778,1.0,1.0,1.0,0.9951079999999999,0.0,0.0,0.0,0.0,0.0,0.0,0.0,0.0,0.0,0.0,0.0,0.0,0.0,0.0,0.0025,0.9975,0.04788085501975489,1888,0.0005475552246909137,5.216134021970674e-07,0.00011995894523125845,16,20,False,0.995,0.005,0.66,fixed,100,none,371c9e91-ddfd-4fc0-aac2-c83fd387c776
1279,172400,37.718122720718384,1.0,1.0,1.0,0.9951079999999999,0.0,0.0,0.0,0.0,0.0,0.0,0.0,0.0,0.0,0.0,0.0,0.0,0.0,0.0,0.0025,0.9975,0.04788085501975489,1888,0.0005475552246909137,5.216134021970674e-07,0.00011995894523125845,16,20,False,0.995,0.005,0.66,fixed,100,none,371c9e91-ddfd-4fc0-aac2-c83fd387c776
1280,172600,37.73776125907898,1.0,1.0,1.0,0.9951079999999999,0.0,0.0,0.0,0.0,0.0,0.0,0.0,0.0,0.0,0.0,0.0,0.0,0.0,0.0,0.0025,0.9975,0.047880855019754906,1888,0.0005480147678559275,5.202942879283637e-07,0.00012005928859836893,16,20,False,0.995,0.005,0.66,fixed,100,none,371c9e91-ddfd-4fc0-aac2-c83fd387c776
1281,172700,37.75734806060791,1.0,1.0,1.0,0.9951079999999999,0.0,0.0,0.0,0.0,0.0,0.0,0.0,0.0,0.0,0.0,0.0,0.0,0.0,0.0,0.0025,0.9975,0.047880855019754906,1888,0.000547911442021882,5.20616956350296e-07,0.00012003673188029653,16,20,False,0.995,0.005,0.66,fixed,100,none,371c9e91-ddfd-4fc0-aac2-c83fd387c776
1282,173000,37.77701735496521,1.0,1.0,1.0,0.9951079999999999,0.0,0.0,0.0,0.0,0.0,0.0,0.0,0.0,0.0,0.0,0.0,0.0,0.0,0.0,0.0025,0.9975,0.04748663639047491,1889,0.0005470460366416424,5.165299420673495e-07,0.00011984651810984834,16,20,False,0.995,0.005,0.66,fixed,100,none,371c9e91-ddfd-4fc0-aac2-c83fd387c776
1283,173100,37.79666042327881,1.0,1.0,1.0,0.9951079999999999,0.0,0.0,0.0,0.0,0.0,0.0,0.0,0.0,0.0,0.0,0.0,0.0,0.0,0.0,0.0025,0.9975,0.047486636390474915,1889,0.0005469332849376611,5.164879758712346e-07,0.00011982182878826956,16,20,False,0.995,0.005,0.66,fixed,100,none,371c9e91-ddfd-4fc0-aac2-c83fd387c776
1284,173300,37.816314458847046,1.0,1.0,1.0,0.9951079999999999,0.0,0.0,0.0,0.0,0.0,0.0,0.0,0.0,0.0,0.0,0.0,0.0,0.0,0.0,0.0025,0.9975,0.047880855019754906,1888,0.0005471707345467577,5.170144194253809e-07,0.00011987390653197608,16,20,False,0.995,0.005,0.66,fixed,100,none,371c9e91-ddfd-4fc0-aac2-c83fd387c776
1285,173400,37.8360812664032,1.0,1.0,1.0,0.9951079999999999,0.0,0.0,0.0,0.0,0.0,0.0,0.0,0.0,0.0,0.0,0.0,0.0,0.0,0.0,0.0025,0.9975,0.047880855019754906,1888,0.0005485128371671062,5.189529630698748e-07,0.00012016806111886282,16,20,False,0.995,0.005,0.66,fixed,100,none,371c9e91-ddfd-4fc0-aac2-c83fd387c776
1286,173500,37.856237173080444,0.99900075,0.999002,1.0,0.9960719999999998,0.0,0.0,0.0,0.0,0.0,0.0,0.0005,0.0,0.0,0.0,0.0005,0.0,0.0,0.0,0.002,0.9975,0.047880855019754906,1888,0.0005494168810495551,5.202340692894042e-07,0.0001203661997349126,16,20,False,0.995,0.005,0.66,fixed,100,none,371c9e91-ddfd-4fc0-aac2-c83fd387c776
1287,173600,37.87619233131409,0.99900075,0.999002,1.0,0.9960719999999998,0.0,0.0,0.0,0.0,0.0,0.0,0.0005,0.0,0.0,0.0,0.0005,0.0,0.0,0.0,0.002,0.9975,0.047880855019754906,1888,0.0005497706091997657,5.210684705668631e-07,0.00012044378936323642,16,20,False,0.995,0.005,0.66,fixed,100,none,371c9e91-ddfd-4fc0-aac2-c83fd387c776
1288,173700,37.895949602127075,0.99900075,0.999002,1.0,0.9960719999999998,0.0,0.0,0.0,0.0,0.0,0.0,0.0005,0.0,0.0,0.0,0.0005,0.0,0.0,0.0,0.002,0.9975,0.047880855019754906,1888,0.0005493233167315259,5.204044408094161e-07,0.0001203457508762848,16,20,False,0.995,0.005,0.66,fixed,100,none,371c9e91-ddfd-4fc0-aac2-c83fd387c776
1289,173800,37.915693044662476,0.99900075,0.999002,1.0,0.9960719999999998,0.0,0.0,0.0,0.0,0.0,0.0,0.0005,0.0,0.0,0.0,0.0005,0.0,0.0,0.0,0.002,0.9975,0.047880855019754906,1888,0.0005495096785227178,5.217476231729996e-07,0.0001203868006770258,16,20,False,0.995,0.005,0.66,fixed,100,none,371c9e91-ddfd-4fc0-aac2-c83fd387c776
1290,174100,37.935511112213135,0.99900075,0.999002,1.0,0.9960719999999998,0.0,0.0,0.0,0.0,0.0,0.0,0.0005,0.0,0.0,0.0,0.0005,0.0,0.0,0.0,0.002,0.9975,0.04827406863022218,1887,0.0005491074841289242,5.227509445703597e-07,0.00012029895095528987,16,20,False,0.995,0.005,0.66,fixed,100,none,371c9e91-ddfd-4fc0-aac2-c83fd387c776
1291,174200,37.95543718338013,0.99900075,0.999002,1.0,0.9960719999999998,0.0,0.0,0.0,0.0,0.0,0.0,0.0005,0.0,0.0,0.0,0.0005,0.0,0.0,0.0,0.002,0.9975,0.048274068630222176,1887,0.0005500554725028252,5.242948104401528e-07,0.00012050675894485207,16,20,False,0.995,0.005,0.66,fixed,100,none,371c9e91-ddfd-4fc0-aac2-c83fd387c776
1292,174400,37.97516441345215,0.99900075,0.999002,1.0,0.9960719999999998,0.0,0.0,0.0,0.0,0.0,0.0,0.0005,0.0,0.0,0.0,0.0005,0.0,0.0,0.0,0.002,0.9975,0.048274068630222176,1887,0.0005478722912233856,5.209807974382665e-07,0.00012002823090031239,16,20,False,0.995,0.005,0.66,fixed,100,none,371c9e91-ddfd-4fc0-aac2-c83fd387c776
1293,174500,37.994993448257446,1.0,1.0,1.0,0.9951079999999999,0.0,0.0,0.0,0.0,0.0,0.0,0.0,0.0,0.0,0.0,0.0,0.0,0.0,0.0,0.0025,0.9975,0.04827406863022218,1887,0.0005478910604027001,5.200204988826679e-07,0.00012003215701693876,16,20,False,0.995,0.005,0.66,fixed,100,none,371c9e91-ddfd-4fc0-aac2-c83fd387c776
1294,174800,38.01494765281677,0.99900075,0.999002,1.0,0.9960719999999998,0.0,0.0,0.0,0.0,0.0,0.0,0.0005,0.0,0.0,0.0,0.0005,0.0,0.0,0.0,0.002,0.9975,0.0478808550197549,1888,0.000548854357100188,5.225296331985862e-07,0.00012024349939953887,16,20,False,0.995,0.005,0.66,fixed,100,none,371c9e91-ddfd-4fc0-aac2-c83fd387c776
1295,174900,38.035446882247925,1.0,1.0,1.0,0.9951079999999999,0.0,0.0,0.0,0.0,0.0,0.0,0.0,0.0,0.0,0.0,0.0,0.0,0.0,0.0,0.0025,0.9975,0.047880855019754906,1888,0.0005491864983968017,5.214499063438437e-07,0.00012031599998126522,16,20,False,0.995,0.005,0.66,fixed,100,none,371c9e91-ddfd-4fc0-aac2-c83fd387c776
1296,175000,38.05567288398743,1.0,1.0,1.0,0.9951079999999999,0.0,0.0,0.0,0.0,0.0,0.0,0.0,0.0,0.0,0.0,0.0,0.0,0.0,0.0,0.0025,0.9975,0.048274068630222176,1887,0.0005503958885959974,5.215615166216699e-07,0.00012058075670182196,16,20,False,0.995,0.005,0.66,fixed,100,none,371c9e91-ddfd-4fc0-aac2-c83fd387c776
1297,175100,38.075820207595825,1.0,1.0,1.0,0.9951079999999999,0.0,0.0,0.0,0.0,0.0,0.0,0.0,0.0,0.0,0.0,0.0,0.0,0.0,0.0,0.0025,0.9975,0.048274068630222176,1887,0.0005509325793934243,5.232069311638972e-07,0.00012069855094614171,16,20,False,0.995,0.005,0.66,fixed,100,none,371c9e91-ddfd-4fc0-aac2-c83fd387c776
1298,175200,38.095980167388916,1.0,1.0,1.0,0.9951079999999999,0.0,0.0,0.0,0.0,0.0,0.0,0.0,0.0,0.0,0.0,0.0,0.0,0.0,0.0,0.0025,0.9975,0.048274068630222176,1887,0.0005512521402232747,5.235887334966796e-07,0.0001207685753542392,16,20,False,0.995,0.005,0.66,fixed,100,none,371c9e91-ddfd-4fc0-aac2-c83fd387c776
1299,175500,38.11593246459961,1.0,1.0,1.0,0.9951079999999999,0.0,0.0,0.0,0.0,0.0,0.0,0.0,0.0,0.0,0.0,0.0,0.0,0.0,0.0,0.0025,0.9975,0.048274068630222176,1887,0.0005516869986969775,5.233484750513204e-07,0.00012086372022502812,16,20,False,0.995,0.005,0.66,fixed,100,none,371c9e91-ddfd-4fc0-aac2-c83fd387c776
1300,175600,38.1358597278595,1.0,1.0,1.0,0.9951079999999999,0.0,0.0,0.0,0.0,0.0,0.0,0.0,0.0,0.0,0.0,0.0,0.0,0.0,0.0,0.0025,0.9975,0.048274068630222176,1887,0.0005521610614406477,5.231018655675886e-07,0.00012096744570381563,16,20,False,0.995,0.005,0.66,fixed,100,none,371c9e91-ddfd-4fc0-aac2-c83fd387c776
1301,175900,38.15561866760254,1.0,1.0,1.0,0.9951079999999999,0.0,0.0,0.0,0.0,0.0,0.0,0.0,0.0,0.0,0.0,0.0,0.0,0.0,0.0,0.0025,0.9975,0.04827406863022218,1887,0.0005502827194670667,5.22264988776219e-07,0.00012055611763920838,16,20,False,0.995,0.005,0.66,fixed,100,none,371c9e91-ddfd-4fc0-aac2-c83fd387c776
1302,176000,38.17541217803955,1.0,1.0,1.0,0.9951079999999999,0.0,0.0,0.0,0.0,0.0,0.0,0.0,0.0,0.0,0.0,0.0,0.0,0.0,0.0,0.0025,0.9975,0.048274068630222176,1887,0.0005510208438556925,5.242646130941083e-07,0.00012071807299649899,16,20,False,0.995,0.005,0.66,fixed,100,none,371c9e91-ddfd-4fc0-aac2-c83fd387c776
1303,176200,38.195263385772705,1.0,1.0,1.0,0.9951079999999999,0.0,0.0,0.0,0.0,0.0,0.0,0.0,0.0,0.0,0.0,0.0,0.0,0.0,0.0,0.0025,0.9975,0.04827406863022218,1887,0.0005519195977254756,5.269468700207332e-07,0.00012091531984741054,16,20,False,0.995,0.005,0.66,fixed,100,none,371c9e91-ddfd-4fc0-aac2-c83fd387c776
1304,176300,38.21512007713318,1.0,1.0,1.0,0.9951079999999999,0.0,0.0,0.0,0.0,0.0,0.0,0.0,0.0,0.0,0.0,0.0,0.0,0.0,0.0,0.0025,0.9975,0.0478808550197549,1888,0.0005517657105129117,5.274422043953605e-07,0.00012088172805011149,16,20,False,0.995,0.005,0.66,fixed,100,none,371c9e91-ddfd-4fc0-aac2-c83fd387c776
1305,176400,38.23499298095703,1.0,1.0,1.0,0.9951079999999999,0.0,0.0,0.0,0.0,0.0,0.0,0.0,0.0,0.0,0.0,0.0,0.0,0.0,0.0,0.0025,0.9975,0.0478808550197549,1888,0.0005533558656691929,5.300932794695787e-07,0.00012123031671808554,16,20,False,0.995,0.005,0.66,fixed,100,none,371c9e91-ddfd-4fc0-aac2-c83fd387c776
1306,176500,38.25487494468689,1.0,1.0,1.0,0.9951079999999999,0.0,0.0,0.0,0.0,0.0,0.0,0.0,0.0,0.0,0.0,0.0,0.0,0.0,0.0,0.0025,0.9975,0.0478808550197549,1888,0.0005539514053089714,5.31773193694484e-07,0.00012136099952893579,16,20,False,0.995,0.005,0.66,fixed,100,none,371c9e91-ddfd-4fc0-aac2-c83fd387c776
1307,176600,38.2747859954834,1.0,1.0,1.0,0.9951079999999999,0.0,0.0,0.0,0.0,0.0,0.0,0.0,0.0,0.0,0.0,0.0,0.0,0.0,0.0,0.0025,0.9975,0.0478808550197549,1888,0.0005535494189468867,5.306942748449624e-07,0.00012127279971969405,16,20,False,0.995,0.005,0.66,fixed,100,none,371c9e91-ddfd-4fc0-aac2-c83fd387c776
1308,176700,38.29480028152466,1.0,1.0,1.0,0.9951079999999999,0.0,0.0,0.0,0.0,0.0,0.0,0.0,0.0,0.0,0.0,0.0,0.0,0.0,0.0,0.0025,0.9975,0.0478808550197549,1888,0.0005545207924315969,5.330081012245748e-07,0.00012148587300250924,16,20,False,0.995,0.005,0.66,fixed,100,none,371c9e91-ddfd-4fc0-aac2-c83fd387c776
1309,176900,38.3147394657135,1.0,1.0,1.0,0.9951079999999999,0.0,0.0,0.0,0.0,0.0,0.0,0.0,0.0,0.0,0.0,0.0,0.0,0.0,0.0,0.0025,0.9975,0.0478808550197549,1888,0.0005553593781967777,5.356632965183205e-07,0.00012166994391361311,16,20,False,0.995,0.005,0.66,fixed,100,none,371c9e91-ddfd-4fc0-aac2-c83fd387c776
1310,177000,38.334481716156006,1.0,1.0,1.0,0.9951079999999999,0.0,0.0,0.0,0.0,0.0,0.0,0.0,0.0,0.0,0.0,0.0,0.0,0.0,0.0,0.0025,0.9975,0.0478808550197549,1888,0.0005552115572938911,5.346790760944699e-07,0.0001216373989160907,16,20,False,0.995,0.005,0.66,fixed,100,none,371c9e91-ddfd-4fc0-aac2-c83fd387c776
1311,177300,38.354284048080444,1.0,1.0,1.0,0.9951079999999999,0.0,0.0,0.0,0.0,0.0,0.0,0.0,0.0,0.0,0.0,0.0,0.0,0.0,0.0,0.0025,0.9975,0.0478808550197549,1888,0.0005567430793131735,5.388581095849589e-07,0.00012197344310247483,16,20,False,0.995,0.005,0.66,fixed,100,none,371c9e91-ddfd-4fc0-aac2-c83fd387c776
1312,177400,38.37401604652405,1.0,1.0,1.0,0.9951079999999999,0.0,0.0,0.0,0.0,0.0,0.0,0.0,0.0,0.0,0.0,0.0,0.0,0.0,0.0,0.0025,0.9975,0.0478808550197549,1888,0.0005583017146879525,5.411118629184806e-07,0.0001223150565991473,16,20,False,0.995,0.005,0.66,fixed,100,none,371c9e91-ddfd-4fc0-aac2-c83fd387c776
1313,177700,38.39365267753601,1.0,1.0,1.0,0.9951079999999999,0.0,0.0,0.0,0.0,0.0,0.0,0.0,0.0,0.0,0.0,0.0,0.0,0.0,0.0,0.0025,0.9975,0.0478808550197549,1888,0.0005590115760528746,5.454159309719418e-07,0.00012247126302485892,16,20,False,0.995,0.005,0.66,fixed,100,none,371c9e91-ddfd-4fc0-aac2-c83fd387c776
1314,177800,38.41339302062988,1.0,1.0,1.0,0.9951079999999999,0.0,0.0,0.0,0.0,0.0,0.0,0.0,0.0,0.0,0.0,0.0,0.0,0.0,0.0,0.0025,0.9975,0.0478808550197549,1888,0.0005600040224593886,5.458932664934313e-07,0.00012268860023699393,16,20,False,0.995,0.005,0.66,fixed,100,none,371c9e91-ddfd-4fc0-aac2-c83fd387c776
1315,177900,38.4330530166626,1.0,1.0,1.0,0.9951079999999999,0.0,0.0,0.0,0.0,0.0,0.0,0.0,0.0,0.0,0.0,0.0,0.0,0.0,0.0,0.0025,0.9975,0.04827406863022218,1887,0.0005614105570253787,5.467340153455555e-07,0.00012299665039577104,16,20,False,0.995,0.005,0.66,fixed,100,none,371c9e91-ddfd-4fc0-aac2-c83fd387c776
1316,178000,38.45265293121338,1.0,1.0,1.0,0.9951079999999999,0.0,0.0,0.0,0.0,0.0,0.0,0.0,0.0,0.0,0.0,0.0,0.0,0.0,0.0,0.0025,0.9975,0.0478808550197549,1888,0.0005613532858410232,5.472083891383715e-07,0.00012298420386453628,16,20,False,0.995,0.005,0.66,fixed,100,none,371c9e91-ddfd-4fc0-aac2-c83fd387c776
1317,178100,38.47243309020996,1.0,1.0,1.0,0.9951079999999999,0.0,0.0,0.0,0.0,0.0,0.0,0.0,0.0,0.0,0.0,0.0,0.0,0.0,0.0,0.0025,0.9975,0.0478808550197549,1888,0.0005618569382609892,5.46771371046871e-07,0.00012309437034582947,16,20,False,0.995,0.005,0.66,fixed,100,none,371c9e91-ddfd-4fc0-aac2-c83fd387c776
1318,178400,38.492302894592285,1.0,1.0,1.0,0.9951079999999999,0.0,0.0,0.0,0.0,0.0,0.0,0.0,0.0,0.0,0.0,0.0,0.0,0.0,0.0,0.0025,0.9975,0.047486636390474915,1889,0.0005648544844335872,5.516258922633175e-07,0.00012375145556204226,16,20,False,0.995,0.005,0.66,fixed,100,none,371c9e91-ddfd-4fc0-aac2-c83fd387c776
1319,178500,38.513450384140015,1.0,1.0,1.0,0.9951079999999999,0.0,0.0,0.0,0.0,0.0,0.0,0.0,0.0,0.0,0.0,0.0,0.0,0.0,0.0,0.0025,0.9975,0.0478808550197549,1888,0.0005658786154465541,5.536047615937978e-07,0.00012397601382595352,16,20,False,0.995,0.005,0.66,fixed,100,none,371c9e91-ddfd-4fc0-aac2-c83fd387c776
1320,178700,38.53338956832886,1.0,1.0,1.0,0.9951079999999999,0.0,0.0,0.0,0.0,0.0,0.0,0.0,0.0,0.0,0.0,0.0,0.0,0.0,0.0,0.0025,0.9975,0.047486636390474915,1889,0.0005671321706053454,5.548299736801961e-07,0.00012425064984050938,16,20,False,0.995,0.005,0.66,fixed,100,none,371c9e91-ddfd-4fc0-aac2-c83fd387c776
1321,178800,38.55318784713745,1.0,1.0,1.0,0.9951079999999999,0.0,0.0,0.0,0.0,0.0,0.0,0.0,0.0,0.0,0.0,0.0,0.0,0.0,0.0,0.0025,0.9975,0.047486636390474915,1889,0.0005669104222675086,5.551175464579282e-07,0.00012420216376818463,16,20,False,0.995,0.005,0.66,fixed,100,none,371c9e91-ddfd-4fc0-aac2-c83fd387c776
1322,179100,38.57295751571655,1.0,1.0,1.0,0.9951079999999999,0.0,0.0,0.0,0.0,0.0,0.0,0.0,0.0,0.0,0.0,0.0,0.0,0.0,0.0,0.0025,0.9975,0.047486636390474915,1889,0.0005675011273872162,5.544494993313697e-07,0.0001243313421899346,16,20,False,0.995,0.005,0.66,fixed,100,none,371c9e91-ddfd-4fc0-aac2-c83fd387c776
1323,179200,38.59676766395569,1.0,1.0,1.0,0.9951079999999999,0.0,0.0,0.0,0.0,0.0,0.0,0.0,0.0,0.0,0.0,0.0,0.0,0.0,0.0,0.0025,0.9975,0.047486636390474915,1889,0.0005685729987057182,5.540800918926942e-07,0.00012456590463414134,16,20,False,0.995,0.005,0.66,fixed,100,none,371c9e91-ddfd-4fc0-aac2-c83fd387c776
1324,179300,38.6169753074646,1.0,1.0,1.0,0.9951079999999999,0.0,0.0,0.0,0.0,0.0,0.0,0.0,0.0,0.0,0.0,0.0,0.0,0.0,0.0,0.0025,0.9975,0.047486636390474915,1889,0.0005677918557881469,5.539173704088092e-07,0.00012439488153240304,16,20,False,0.995,0.005,0.66,fixed,100,none,371c9e91-ddfd-4fc0-aac2-c83fd387c776
1325,179400,38.63707137107849,1.0,1.0,1.0,0.9951079999999999,0.0,0.0,0.0,0.0,0.0,0.0,0.0,0.0,0.0,0.0,0.0,0.0,0.0,0.0,0.0025,0.9975,0.047486636390474915,1889,0.0005696803787979573,5.555105918168714e-07,0.0001248085819313181,16,20,False,0.995,0.005,0.66,fixed,100,none,371c9e91-ddfd-4fc0-aac2-c83fd387c776
1326,179500,38.65704536437988,1.0,1.0,1.0,0.9951079999999999,0.0,0.0,0.0,0.0,0.0,0.0,0.0,0.0,0.0,0.0,0.0,0.0,0.0,0.0,0.0025,0.9975,0.04827406863022218,1887,0.0005702894426260889,5.567307072792843e-07,0.0001249421378252339,16,20,False,0.995,0.005,0.66,fixed,100,none,371c9e91-ddfd-4fc0-aac2-c83fd387c776
1327,179600,38.6768696308136,1.0,1.0,1.0,0.9951079999999999,0.0,0.0,0.0,0.0,0.0,0.0,0.0,0.0,0.0,0.0,0.0,0.0,0.0,0.0,0.0025,0.9975,0.04827406863022218,1887,0.0005691068517281988,5.554759322746038e-07,0.0001246830302704349,16,20,False,0.995,0.005,0.66,fixed,100,none,371c9e91-ddfd-4fc0-aac2-c83fd387c776
1328,179800,38.69676899909973,1.0,1.0,1.0,0.9951079999999999,0.0,0.0,0.0,0.0,0.0,0.0,0.0,0.0,0.0,0.0,0.0,0.0,0.0,0.0,0.0025,0.9975,0.04827406863022218,1887,0.000570360608676249,5.564677901257422e-07,0.0001249576661193548,16,20,False,0.995,0.005,0.66,fixed,100,none,371c9e91-ddfd-4fc0-aac2-c83fd387c776
1329,179900,38.71673655509949,1.0,1.0,1.0,0.9951079999999999,0.0,0.0,0.0,0.0,0.0,0.0,0.0,0.0,0.0,0.0,0.0,0.0,0.0,0.0,0.0025,0.9975,0.04827406863022218,1887,0.000570125087196063,5.555824688702948e-07,0.00012490594225630355,16,20,False,0.995,0.005,0.66,fixed,100,none,371c9e91-ddfd-4fc0-aac2-c83fd387c776
1330,180200,38.73655676841736,1.0,1.0,1.0,0.9951079999999999,0.0,0.0,0.0,0.0,0.0,0.0,0.0,0.0,0.0,0.0,0.0,0.0,0.0,0.0,0.0025,0.9975,0.0478808550197549,1888,0.0005720741384293896,5.609705654354663e-07,0.0001253336133096261,16,20,False,0.995,0.005,0.66,fixed,100,none,371c9e91-ddfd-4fc0-aac2-c83fd387c776
1331,180300,38.75627398490906,1.0,1.0,1.0,0.9951079999999999,0.0,0.0,0.0,0.0,0.0,0.0,0.0,0.0,0.0,0.0,0.0,0.0,0.0,0.0,0.0025,0.9975,0.0478808550197549,1888,0.0005711444656134015,5.604196561828889e-07,0.00012513000325744834,16,20,False,0.995,0.005,0.66,fixed,100,none,371c9e91-ddfd-4fc0-aac2-c83fd387c776
1332,180500,38.77603816986084,1.0,1.0,1.0,0.9951079999999999,0.0,0.0,0.0,0.0,0.0,0.0,0.0,0.0,0.0,0.0,0.0,0.0,0.0,0.0,0.0025,0.9975,0.0478808550197549,1888,0.0005699139660216849,5.581550565423115e-07,0.00012486021662288987,16,20,False,0.995,0.005,0.66,fixed,100,none,371c9e91-ddfd-4fc0-aac2-c83fd387c776
1333,180600,38.79556846618652,0.99900075,0.999002,1.0,0.9960719999999998,0.0,0.0,0.0,0.0,0.0,0.0,0.0005,0.0,0.0,0.0,0.0005,0.0,0.0,0.0,0.002,0.9975,0.04827406863022218,1887,0.0005704109813695194,5.593028413070265e-07,0.00012496923136163615,16,20,False,0.995,0.005,0.66,fixed,100,none,371c9e91-ddfd-4fc0-aac2-c83fd387c776
1334,180800,38.81510281562805,0.99900075,0.999002,1.0,0.9960719999999998,0.0,0.0,0.0,0.0,0.0,0.0,0.0005,0.0,0.0,0.0,0.0005,0.0,0.0,0.0,0.002,0.9975,0.04827406863022218,1887,0.0005698375848283297,5.595326712876604e-07,0.00012484375852646603,16,20,False,0.995,0.005,0.66,fixed,100,none,371c9e91-ddfd-4fc0-aac2-c83fd387c776
1335,180900,38.834752321243286,0.99900075,0.999002,1.0,0.9960719999999998,0.0,0.0,0.0,0.0,0.0,0.0,0.0005,0.0,0.0,0.0,0.0005,0.0,0.0,0.0,0.002,0.9975,0.04827406863022218,1887,0.0005716864720932994,5.615915141469391e-07,0.00012524887112891117,16,20,False,0.995,0.005,0.66,fixed,100,none,371c9e91-ddfd-4fc0-aac2-c83fd387c776
1336,181000,38.8543758392334,0.99900075,0.999002,1.0,0.9960719999999998,0.0,0.0,0.0,0.0,0.0,0.0,0.0005,0.0,0.0,0.0,0.0005,0.0,0.0,0.0,0.002,0.9975,0.04827406863022218,1887,0.0005738295944130136,5.651434383974826e-07,0.0001257186754703042,16,20,False,0.995,0.005,0.66,fixed,100,none,371c9e91-ddfd-4fc0-aac2-c83fd387c776
1337,181300,38.874114990234375,0.99900075,0.999002,1.0,0.9960719999999998,0.0,0.0,0.0,0.0,0.0,0.0,0.0005,0.0,0.0,0.0,0.0005,0.0,0.0,0.0,0.002,0.9975,0.04827406863022218,1887,0.000574897808141344,5.681866066438838e-07,0.00012595308565740252,16,20,False,0.995,0.005,0.66,fixed,100,none,371c9e91-ddfd-4fc0-aac2-c83fd387c776
1338,181400,38.893640756607056,1.0,1.0,1.0,0.9951079999999999,0.0,0.0,0.0,0.0,0.0,0.0,0.0,0.0,0.0,0.0,0.0,0.0,0.0,0.0,0.0025,0.9975,0.0478808550197549,1888,0.000575390165122216,5.680221672122518e-07,0.00012606083135702342,16,20,False,0.995,0.005,0.66,fixed,100,none,371c9e91-ddfd-4fc0-aac2-c83fd387c776
1339,181600,38.91329002380371,1.0,1.0,1.0,0.9951079999999999,0.0,0.0,0.0,0.0,0.0,0.0,0.0,0.0,0.0,0.0,0.0,0.0,0.0,0.0,0.0025,0.9975,0.0478808550197549,1888,0.000574488783492042,5.665670471985313e-07,0.00012586324244537572,16,20,False,0.995,0.005,0.66,fixed,100,none,371c9e91-ddfd-4fc0-aac2-c83fd387c776
1340,181700,38.93328261375427,1.0,1.0,1.0,0.9951079999999999,0.0,0.0,0.0,0.0,0.0,0.0,0.0,0.0,0.0,0.0,0.0,0.0,0.0,0.0,0.0025,0.9975,0.0478808550197549,1888,0.0005750860349458984,5.673869507045379e-07,0.00012599413657029103,16,20,False,0.995,0.005,0.66,fixed,100,none,371c9e91-ddfd-4fc0-aac2-c83fd387c776
1341,182000,38.95317554473877,1.0,1.0,1.0,0.9951079999999999,0.0,0.0,0.0,0.0,0.0,0.0,0.0,0.0,0.0,0.0,0.0,0.0,0.0,0.0,0.0025,0.9975,0.04827406863022218,1887,0.0005747933988759259,5.691288805043198e-07,0.00012593040950123602,16,20,False,0.995,0.005,0.66,fixed,100,none,371c9e91-ddfd-4fc0-aac2-c83fd387c776
1342,182100,38.97298812866211,1.0,1.0,1.0,0.9951079999999999,0.0,0.0,0.0,0.0,0.0,0.0,0.0,0.0,0.0,0.0,0.0,0.0,0.0,0.0,0.0025,0.9975,0.04827406863022218,1887,0.0005747933988759259,5.691288805043198e-07,0.00012593040950123602,16,20,False,0.995,0.005,0.66,fixed,100,none,371c9e91-ddfd-4fc0-aac2-c83fd387c776
1343,182300,38.9927818775177,1.0,1.0,1.0,0.9951079999999999,0.0,0.0,0.0,0.0,0.0,0.0,0.0,0.0,0.0,0.0,0.0,0.0,0.0,0.0,0.0025,0.9975,0.04827406863022218,1887,0.0005738648752629427,5.678461153401831e-07,0.00012572691195697282,16,20,False,0.995,0.005,0.66,fixed,100,none,371c9e91-ddfd-4fc0-aac2-c83fd387c776
1344,182400,39.01272702217102,1.0,1.0,1.0,0.9951079999999999,0.0,0.0,0.0,0.0,0.0,0.0,0.0,0.0,0.0,0.0,0.0,0.0,0.0,0.0,0.0025,0.9975,0.04827406863022218,1887,0.0005756410884881773,5.692953819929592e-07,0.00012611600039264068,16,20,False,0.995,0.005,0.66,fixed,100,none,371c9e91-ddfd-4fc0-aac2-c83fd387c776
1345,182700,39.03265690803528,1.0,1.0,1.0,0.9951079999999999,0.0,0.0,0.0,0.0,0.0,0.0,0.0,0.0,0.0,0.0,0.0,0.0,0.0,0.0,0.0025,0.9975,0.04827406863022218,1887,0.0005744062230319718,5.662127137659583e-07,0.00012584510263731415,16,20,False,0.995,0.005,0.66,fixed,100,none,371c9e91-ddfd-4fc0-aac2-c83fd387c776
1346,182800,39.052653312683105,1.0,1.0,1.0,0.9951079999999999,0.0,0.0,0.0,0.0,0.0,0.0,0.0,0.0,0.0,0.0,0.0,0.0,0.0,0.0,0.0025,0.9975,0.04827406863022218,1887,0.0005750496288348121,5.655143350831057e-07,0.00012598581147560617,16,20,False,0.995,0.005,0.66,fixed,100,none,371c9e91-ddfd-4fc0-aac2-c83fd387c776
1347,183100,39.07246160507202,1.0,1.0,1.0,0.9951079999999999,0.0,0.0,0.0,0.0,0.0,0.0,0.0,0.0,0.0,0.0,0.0,0.0,0.0,0.0,0.0025,0.9975,0.04827406863022218,1887,0.000574610182936746,5.658751361079018e-07,0.0001258896853207142,16,20,False,0.995,0.005,0.66,fixed,100,none,371c9e91-ddfd-4fc0-aac2-c83fd387c776
1348,183200,39.09228301048279,1.0,1.0,1.0,0.9951079999999999,0.0,0.0,0.0,0.0,0.0,0.0,0.0,0.0,0.0,0.0,0.0,0.0,0.0,0.0,0.0025,0.9975,0.04827406863022218,1887,0.0005753109599949067,5.6652975670544e-07,0.00012604320979665913,16,20,False,0.995,0.005,0.66,fixed,100,none,371c9e91-ddfd-4fc0-aac2-c83fd387c776
1349,183400,39.1119863986969,1.0,1.0,1.0,0.9951079999999999,0.0,0.0,0.0,0.0,0.0,0.0,0.0,0.0,0.0,0.0,0.0,0.0,0.0,0.0,0.0025,0.9975,0.04827406863022218,1887,0.0005742513749169417,5.658088117333254e-07,0.00012581112964354788,16,20,False,0.995,0.005,0.66,fixed,100,none,371c9e91-ddfd-4fc0-aac2-c83fd387c776
1350,183500,39.13167667388916,1.0,1.0,1.0,0.9951079999999999,0.0,0.0,0.0,0.0,0.0,0.0,0.0,0.0,0.0,0.0,0.0,0.0,0.0,0.0,0.0025,0.9975,0.04827406863022218,1887,0.0005740771291225007,5.66810858602176e-07,0.0001257731776280498,16,20,False,0.995,0.005,0.66,fixed,100,none,371c9e91-ddfd-4fc0-aac2-c83fd387c776
1351,183800,39.15133237838745,1.0,1.0,1.0,0.9951079999999999,0.0,0.0,0.0,0.0,0.0,0.0,0.0,0.0,0.0,0.0,0.0,0.0,0.0,0.0,0.0025,0.9975,0.04827406863022218,1887,0.0005756380698312691,5.692798223901523e-07,0.00012611533665231894,16,20,False,0.995,0.005,0.66,fixed,100,none,371c9e91-ddfd-4fc0-aac2-c83fd387c776
1352,183900,39.17110252380371,1.0,1.0,1.0,0.9951079999999999,0.0,0.0,0.0,0.0,0.0,0.0,0.0,0.0,0.0,0.0,0.0,0.0,0.0,0.0,0.0025,0.9975,0.04827406863022218,1887,0.0005771145458015671,5.694912505637438e-07,0.00012643857741357015,16,20,False,0.995,0.005,0.66,fixed,100,none,371c9e91-ddfd-4fc0-aac2-c83fd387c776
1353,184100,39.1907901763916,1.0,1.0,1.0,0.9951079999999999,0.0,0.0,0.0,0.0,0.0,0.0,0.0,0.0,0.0,0.0,0.0,0.0,0.0,0.0,0.0025,0.9975,0.04827406863022218,1887,0.0005768229917822188,5.704525644462386e-07,0.0001263749388883725,16,20,False,0.995,0.005,0.66,fixed,100,none,371c9e91-ddfd-4fc0-aac2-c83fd387c776
1354,184200,39.210543155670166,1.0,1.0,1.0,0.9951079999999999,0.0,0.0,0.0,0.0,0.0,0.0,0.0,0.0,0.0,0.0,0.0,0.0,0.0,0.0,0.0025,0.9975,0.04827406863022218,1887,0.0005775111247499739,5.710888363578196e-07,0.00012652569208667727,16,20,False,0.995,0.005,0.66,fixed,100,none,371c9e91-ddfd-4fc0-aac2-c83fd387c776
1355,184500,39.230576515197754,1.0,1.0,1.0,0.9951079999999999,0.0,0.0,0.0,0.0,0.0,0.0,0.0,0.0,0.0,0.0,0.0,0.0,0.0,0.0,0.0025,0.9975,0.04827406863022218,1887,0.0005764471253367009,5.688399950745742e-07,0.000126292355335268,16,20,False,0.995,0.005,0.66,fixed,100,none,371c9e91-ddfd-4fc0-aac2-c83fd387c776
1356,184600,39.250590801239014,1.0,1.0,1.0,0.9951079999999999,0.0,0.0,0.0,0.0,0.0,0.0,0.0,0.0,0.0,0.0,0.0,0.0,0.0,0.0,0.0025,0.9975,0.04827406863022218,1887,0.0005777032355899878,5.722352777820087e-07,0.0001265679629734269,16,20,False,0.995,0.005,0.66,fixed,100,none,371c9e91-ddfd-4fc0-aac2-c83fd387c776
1357,184900,39.270565032958984,1.0,1.0,1.0,0.9951079999999999,0.0,0.0,0.0,0.0,0.0,0.0,0.0,0.0,0.0,0.0,0.0,0.0,0.0,0.0,0.0025,0.9975,0.04827406863022218,1887,0.0005787528960428875,5.76217913677113e-07,0.00012679849034738676,16,20,False,0.995,0.005,0.66,fixed,100,none,371c9e91-ddfd-4fc0-aac2-c83fd387c776
1358,185000,39.290515661239624,1.0,1.0,1.0,0.9951079999999999,0.0,0.0,0.0,0.0,0.0,0.0,0.0,0.0,0.0,0.0,0.0,0.0,0.0,0.0,0.0025,0.9975,0.04827406863022218,1887,0.0005789433835006863,5.764930239773586e-07,0.00012684024032285596,16,20,False,0.995,0.005,0.66,fixed,100,none,371c9e91-ddfd-4fc0-aac2-c83fd387c776
1359,185200,39.31027412414551,1.0,1.0,1.0,0.9951079999999999,0.0,0.0,0.0,0.0,0.0,0.0,0.0,0.0,0.0,0.0,0.0,0.0,0.0,0.0,0.0025,0.9975,0.04827406863022218,1887,0.000580563812121429,5.77668461429894e-07,0.0001271951754810525,16,20,False,0.995,0.005,0.66,fixed,100,none,371c9e91-ddfd-4fc0-aac2-c83fd387c776
1360,185300,39.3300142288208,1.0,1.0,1.0,0.9951079999999999,0.0,0.0,0.0,0.0,0.0,0.0,0.0,0.0,0.0,0.0,0.0,0.0,0.0,0.0,0.0025,0.9975,0.047880855019754906,1888,0.0005808188548690961,5.772237042554763e-07,0.00012725091983465368,16,20,False,0.995,0.005,0.66,fixed,100,none,371c9e91-ddfd-4fc0-aac2-c83fd387c776
1361,185400,39.349751710891724,1.0,1.0,1.0,0.9951079999999999,0.0,0.0,0.0,0.0,0.0,0.0,0.0,0.0,0.0,0.0,0.0,0.0,0.0,0.0,0.0025,0.9975,0.047880855019754906,1888,0.0005802023934611426,5.7856252398274e-07,0.00012711623080820085,16,20,False,0.995,0.005,0.66,fixed,100,none,371c9e91-ddfd-4fc0-aac2-c83fd387c776
1362,185600,39.36958432197571,1.0,1.0,1.0,0.9951079999999999,0.0,0.0,0.0,0.0,0.0,0.0,0.0,0.0,0.0,0.0,0.0,0.0,0.0,0.0,0.0025,0.9975,0.04827406863022218,1887,0.0005807160452739531,5.796490845042469e-07,0.00012722887563652415,16,20,False,0.995,0.005,0.66,fixed,100,none,371c9e91-ddfd-4fc0-aac2-c83fd387c776
1363,185700,39.38946866989136,1.0,1.0,1.0,0.9951079999999999,0.0,0.0,0.0,0.0,0.0,0.0,0.0,0.0,0.0,0.0,0.0,0.0,0.0,0.0,0.0025,0.9975,0.047880855019754906,1888,0.0005800662655660624,5.805781641868863e-07,0.00012708681538360658,16,20,False,0.995,0.005,0.66,fixed,100,none,371c9e91-ddfd-4fc0-aac2-c83fd387c776
1364,185900,39.40932512283325,1.0,1.0,1.0,0.9951079999999999,0.0,0.0,0.0,0.0,0.0,0.0,0.0,0.0,0.0,0.0,0.0,0.0,0.0,0.0,0.0025,0.9975,0.047880855019754906,1888,0.0005800615074070939,5.80563464825317e-07,0.00012708577102972968,16,20,False,0.995,0.005,0.66,fixed,100,none,371c9e91-ddfd-4fc0-aac2-c83fd387c776
1365,186000,39.4290075302124,1.0,1.0,1.0,0.9951079999999999,0.0,0.0,0.0,0.0,0.0,0.0,0.0,0.0,0.0,0.0,0.0,0.0,0.0,0.0,0.0025,0.9975,0.04827406863022218,1887,0.0005804072046509114,5.795549563841478e-07,0.0001271612525397975,16,20,False,0.995,0.005,0.66,fixed,100,none,371c9e91-ddfd-4fc0-aac2-c83fd387c776
1366,186300,39.44861555099487,1.0,1.0,1.0,0.9951079999999999,0.0,0.0,0.0,0.0,0.0,0.0,0.0,0.0,0.0,0.0,0.0,0.0,0.0,0.0,0.0025,0.9975,0.047880855019754906,1888,0.0005816086392547243,5.809588914814481e-07,0.00012742451332224065,16,20,False,0.995,0.005,0.66,fixed,100,none,371c9e91-ddfd-4fc0-aac2-c83fd387c776
1367,186400,39.468411445617676,1.0,1.0,1.0,0.9951079999999999,0.0,0.0,0.0,0.0,0.0,0.0,0.0,0.0,0.0,0.0,0.0,0.0,0.0,0.0,0.0025,0.9975,0.047880855019754906,1888,0.0005821618039019007,5.812870003211012e-07,0.00012754566340418707,16,20,False,0.995,0.005,0.66,fixed,100,none,371c9e91-ddfd-4fc0-aac2-c83fd387c776
1368,186700,39.48836159706116,1.0,1.0,1.0,0.9951079999999999,0.0,0.0,0.0,0.0,0.0,0.0,0.0,0.0,0.0,0.0,0.0,0.0,0.0,0.0,0.0025,0.9975,0.047880855019754906,1888,0.0005822990385296117,5.81333671231754e-07,0.00012757571293166604,16,20,False,0.995,0.005,0.66,fixed,100,none,371c9e91-ddfd-4fc0-aac2-c83fd387c776
1369,186800,39.50855016708374,1.0,1.0,1.0,0.9951079999999999,0.0,0.0,0.0,0.0,0.0,0.0,0.0,0.0,0.0,0.0,0.0,0.0,0.0,0.0,0.0025,0.9975,0.047880855019754906,1888,0.0005819683618359531,5.805819585144702e-07,0.00012750318497800788,16,20,False,0.995,0.005,0.66,fixed,100,none,371c9e91-ddfd-4fc0-aac2-c83fd387c776
1370,186900,39.528929233551025,1.0,1.0,1.0,0.9951079999999999,0.0,0.0,0.0,0.0,0.0,0.0,0.0,0.0,0.0,0.0,0.0,0.0,0.0,0.0,0.0025,0.9975,0.047880855019754906,1888,0.000581588720027965,5.806274818402367e-07,0.00012742009003567116,16,20,False,0.995,0.005,0.66,fixed,100,none,371c9e91-ddfd-4fc0-aac2-c83fd387c776
1371,187000,39.54919767379761,1.0,1.0,1.0,0.9951079999999999,0.0,0.0,0.0,0.0,0.0,0.0,0.0,0.0,0.0,0.0,0.0,0.0,0.0,0.0,0.0025,0.9975,0.047880855019754906,1888,0.000581588720027965,5.806274818402367e-07,0.00012742009003567116,16,20,False,0.995,0.005,0.66,fixed,100,none,371c9e91-ddfd-4fc0-aac2-c83fd387c776
1372,187100,39.56897830963135,1.0,1.0,1.0,0.9951079999999999,0.0,0.0,0.0,0.0,0.0,0.0,0.0,0.0,0.0,0.0,0.0,0.0,0.0,0.0,0.0025,0.9975,0.047880855019754906,1888,0.0005822325547276234,5.826832354143371e-07,0.0001275614160446055,16,20,False,0.995,0.005,0.66,fixed,100,none,371c9e91-ddfd-4fc0-aac2-c83fd387c776
1373,187400,39.588688373565674,1.0,1.0,1.0,0.9951079999999999,0.0,0.0,0.0,0.0,0.0,0.0,0.0,0.0,0.0,0.0,0.0,0.0,0.0,0.0,0.0025,0.9975,0.047880855019754906,1888,0.0005831235799770785,5.834059181145954e-07,0.00012775659878142427,16,20,False,0.995,0.005,0.66,fixed,100,none,371c9e91-ddfd-4fc0-aac2-c83fd387c776
1374,187500,39.60833978652954,1.0,1.0,1.0,0.9951079999999999,0.0,0.0,0.0,0.0,0.0,0.0,0.0,0.0,0.0,0.0,0.0,0.0,0.0,0.0,0.0025,0.9975,0.047880855019754906,1888,0.000583807523622375,5.84889969135114e-07,0.0001279065960150736,16,20,False,0.995,0.005,0.66,fixed,100,none,371c9e91-ddfd-4fc0-aac2-c83fd387c776
1375,187700,39.62807321548462,1.0,1.0,1.0,0.9951079999999999,0.0,0.0,0.0,0.0,0.0,0.0,0.0,0.0,0.0,0.0,0.0,0.0,0.0,0.0,0.0025,0.9975,0.047880855019754906,1888,0.0005855672568421603,5.890000668513155e-07,0.00012829258253545066,16,20,False,0.995,0.005,0.66,fixed,100,none,371c9e91-ddfd-4fc0-aac2-c83fd387c776
1376,187800,39.647876262664795,1.0,1.0,1.0,0.9951079999999999,0.0,0.0,0.0,0.0,0.0,0.0,0.0,0.0,0.0,0.0,0.0,0.0,0.0,0.0,0.0025,0.9975,0.047880855019754906,1888,0.0005851390210286716,5.892074124274136e-07,0.00012819888111153743,16,20,False,0.995,0.005,0.66,fixed,100,none,371c9e91-ddfd-4fc0-aac2-c83fd387c776
1377,188100,39.66769194602966,0.99900075,0.999002,1.0,0.9960719999999998,0.0,0.0,0.0,0.0,0.0,0.0,0.0005,0.0,0.0,0.0,0.0005,0.0,0.0,0.0,0.002,0.9975,0.047880855019754906,1888,0.0005830384643190603,5.870207987506605e-07,0.00012773865379120492,16,20,False,0.995,0.005,0.66,fixed,100,none,371c9e91-ddfd-4fc0-aac2-c83fd387c776
1378,188200,39.687339305877686,0.99900075,0.999002,1.0,0.9960719999999998,0.0,0.0,0.0,0.0,0.0,0.0,0.0005,0.0,0.0,0.0,0.0005,0.0,0.0,0.0,0.002,0.9975,0.047880855019754906,1888,0.0005844381584538101,5.859839177006279e-07,0.00012804484982990218,16,20,False,0.995,0.005,0.66,fixed,100,none,371c9e91-ddfd-4fc0-aac2-c83fd387c776
1379,188300,39.7070198059082,0.99900075,0.999002,1.0,0.9960719999999998,0.0,0.0,0.0,0.0,0.0,0.0,0.0005,0.0,0.0,0.0,0.0005,0.0,0.0,0.0,0.002,0.9975,0.047880855019754906,1888,0.0005843140079352044,5.866531801439973e-07,0.00012801780044124363,16,20,False,0.995,0.005,0.66,fixed,100,none,371c9e91-ddfd-4fc0-aac2-c83fd387c776
1380,188400,39.72658681869507,0.99900075,0.999002,1.0,0.9960719999999998,0.0,0.0,0.0,0.0,0.0,0.0,0.0005,0.0,0.0,0.0,0.0005,0.0,0.0,0.0,0.002,0.9975,0.047880855019754906,1888,0.0005839438055811602,5.861027125560804e-07,0.00012793665855710164,16,20,False,0.995,0.005,0.66,fixed,100,none,371c9e91-ddfd-4fc0-aac2-c83fd387c776
1381,188500,39.74619126319885,0.99900075,0.999002,1.0,0.9960719999999998,0.0,0.0,0.0,0.0,0.0,0.0,0.0005,0.0,0.0,0.0,0.0005,0.0,0.0,0.0,0.002,0.9975,0.047880855019754906,1888,0.0005850799511975905,5.869860434247143e-07,0.00012818552866540326,16,20,False,0.995,0.005,0.66,fixed,100,none,371c9e91-ddfd-4fc0-aac2-c83fd387c776
1382,188600,39.76578688621521,0.99900075,0.999002,1.0,0.9960719999999998,0.0,0.0,0.0,0.0,0.0,0.0,0.0005,0.0,0.0,0.0,0.0005,0.0,0.0,0.0,0.002,0.9975,0.047880855019754906,1888,0.0005853086383755579,5.869014890382512e-07,0.00012823557222332692,16,20,False,0.995,0.005,0.66,fixed,100,none,371c9e91-ddfd-4fc0-aac2-c83fd387c776
1383,188800,39.78554439544678,0.99900075,0.999002,1.0,0.9960719999999998,0.0,0.0,0.0,0.0,0.0,0.0,0.0005,0.0,0.0,0.0,0.0005,0.0,0.0,0.0,0.002,0.9975,0.047880855019754906,1888,0.0005847804648514712,5.873759457317858e-07,0.00012812004518567612,16,20,False,0.995,0.005,0.66,fixed,100,none,371c9e91-ddfd-4fc0-aac2-c83fd387c776
1384,188900,39.80524563789368,0.99900075,0.999002,1.0,0.9960719999999998,0.0,0.0,0.0,0.0,0.0,0.0,0.0005,0.0,0.0,0.0,0.0005,0.0,0.0,0.0,0.002,0.9975,0.047880855019754906,1888,0.0005847282142901729,5.886735014573196e-07,0.00012810885407339576,16,20,False,0.995,0.005,0.66,fixed,100,none,371c9e91-ddfd-4fc0-aac2-c83fd387c776
1385,189200,39.824912786483765,1.0,1.0,1.0,0.9951079999999999,0.0,0.0,0.0,0.0,0.0,0.0,0.0,0.0,0.0,0.0,0.0,0.0,0.0,0.0,0.0025,0.9975,0.047880855019754906,1888,0.000587645131797355,5.911777844453825e-07,0.00012874784312948563,16,20,False,0.995,0.005,0.66,fixed,100,none,371c9e91-ddfd-4fc0-aac2-c83fd387c776
1386,189300,39.8445086479187,0.99900075,0.999002,1.0,0.9960719999999998,0.0,0.0,0.0,0.0,0.0,0.0,0.0005,0.0,0.0,0.0,0.0005,0.0,0.0,0.0,0.002,0.9975,0.047880855019754906,1888,0.0005885019739054421,5.933387704206685e-07,0.00012893581645428122,16,20,False,0.995,0.005,0.66,fixed,100,none,371c9e91-ddfd-4fc0-aac2-c83fd387c776
1387,189500,39.86410689353943,1.0,1.0,1.0,0.9951079999999999,0.0,0.0,0.0,0.0,0.0,0.0,0.0,0.0,0.0,0.0,0.0,0.0,0.0,0.0,0.0025,0.9975,0.047486636390474915,1889,0.000590322311357498,5.948441929567846e-07,0.0001293345743528181,16,20,False,0.995,0.005,0.66,fixed,100,none,371c9e91-ddfd-4fc0-aac2-c83fd387c776
1388,189600,39.88371825218201,1.0,1.0,1.0,0.9951079999999999,0.0,0.0,0.0,0.0,0.0,0.0,0.0,0.0,0.0,0.0,0.0,0.0,0.0,0.0,0.0025,0.9975,0.047486636390474915,1889,0.0005912617486252018,5.971116806104904e-07,0.00012954064799337267,16,20,False,0.995,0.005,0.66,fixed,100,none,371c9e91-ddfd-4fc0-aac2-c83fd387c776
1389,189900,39.90334606170654,0.99900075,0.999002,1.0,0.9960719999999998,0.0,0.0,0.0,0.0,0.0,0.0,0.0005,0.0,0.0,0.0,0.0005,0.0,0.0,0.0,0.002,0.9975,0.047880855019754906,1888,0.0005908509830340668,5.993430690195844e-07,0.00012945115536927093,16,20,False,0.995,0.005,0.66,fixed,100,none,371c9e91-ddfd-4fc0-aac2-c83fd387c776
1390,190000,39.92300748825073,0.99900075,0.999002,1.0,0.9960719999999998,0.0,0.0,0.0,0.0,0.0,0.0,0.0005,0.0,0.0,0.0,0.0005,0.0,0.0,0.0,0.002,0.9975,0.047880855019754906,1888,0.0005911259838002401,6.023874016240898e-07,0.00012951193146018116,16,20,False,0.995,0.005,0.66,fixed,100,none,371c9e91-ddfd-4fc0-aac2-c83fd387c776
1391,190300,39.94266390800476,0.99900075,0.999002,1.0,0.9960719999999998,0.0,0.0,0.0,0.0,0.0,0.0,0.0005,0.0,0.0,0.0,0.0005,0.0,0.0,0.0,0.002,0.9975,0.047880855019754906,1888,0.000594458911118601,6.07681008777052e-07,0.0001302425150355294,16,20,False,0.995,0.005,0.66,fixed,100,none,371c9e91-ddfd-4fc0-aac2-c83fd387c776
1392,190400,39.96271252632141,0.99900075,0.999002,1.0,0.9960719999999998,0.0,0.0,0.0,0.0,0.0,0.0,0.0005,0.0,0.0,0.0,0.0005,0.0,0.0,0.0,0.002,0.9975,0.047880855019754906,1888,0.000594458911118601,6.07681008777052e-07,0.0001302425150355294,16,20,False,0.995,0.005,0.66,fixed,100,none,371c9e91-ddfd-4fc0-aac2-c83fd387c776
1393,190600,39.98255372047424,0.99900075,0.999002,1.0,0.9960719999999998,0.0,0.0,0.0,0.0,0.0,0.0,0.0005,0.0,0.0,0.0,0.0005,0.0,0.0,0.0,0.002,0.9975,0.047880855019754906,1888,0.0005944856890748786,6.07753378610683e-07,0.00013024839048042695,16,20,False,0.995,0.005,0.66,fixed,100,none,371c9e91-ddfd-4fc0-aac2-c83fd387c776
1394,190700,40.00242781639099,0.99900075,0.999002,1.0,0.9960719999999998,0.0,0.0,0.0,0.0,0.0,0.0,0.0005,0.0,0.0,0.0,0.0005,0.0,0.0,0.0,0.002,0.9975,0.047880855019754906,1888,0.0005945122319158228,6.070250421471887e-07,0.00013025406232438155,16,20,False,0.995,0.005,0.66,fixed,100,none,371c9e91-ddfd-4fc0-aac2-c83fd387c776
1395,191000,40.02222490310669,0.99900075,0.999002,1.0,0.9960719999999998,0.0,0.0,0.0,0.0,0.0,0.0,0.0005,0.0,0.0,0.0,0.0005,0.0,0.0,0.0,0.002,0.9975,0.047880855019754906,1888,0.0005960633961302484,6.104428353485796e-07,0.00013059426155162762,16,20,False,0.995,0.005,0.66,fixed,100,none,371c9e91-ddfd-4fc0-aac2-c83fd387c776
1396,191100,40.04242420196533,0.99900075,0.999002,1.0,0.9960719999999998,0.0,0.0,0.0,0.0,0.0,0.0,0.0005,0.0,0.0,0.0,0.0005,0.0,0.0,0.0,0.002,0.9975,0.047880855019754906,1888,0.0005981713896059114,6.133288116722422e-07,0.00013105624965895174,16,20,False,0.995,0.005,0.66,fixed,100,none,371c9e91-ddfd-4fc0-aac2-c83fd387c776
1397,191400,40.06290793418884,0.99900075,0.999002,1.0,0.9960719999999998,0.0,0.0,0.0,0.0,0.0,0.0,0.0005,0.0,0.0,0.0,0.0005,0.0,0.0,0.0,0.002,0.9975,0.047880855019754906,1888,0.0006015008534583342,6.1830287237647e-07,0.0001317860143677809,16,20,False,0.995,0.005,0.66,fixed,100,none,371c9e91-ddfd-4fc0-aac2-c83fd387c776
1398,191500,40.083484172821045,0.99900075,0.999002,1.0,0.9960719999999998,0.0,0.0,0.0,0.0,0.0,0.0,0.0005,0.0,0.0,0.0,0.0005,0.0,0.0,0.0,0.002,0.9975,0.047880855019754906,1888,0.0006013993110979721,6.162032689568256e-07,0.0001317633878204479,16,20,False,0.995,0.005,0.66,fixed,100,none,371c9e91-ddfd-4fc0-aac2-c83fd387c776
1399,191600,40.103981018066406,0.99900075,0.999002,1.0,0.9960719999999998,0.0,0.0,0.0,0.0,0.0,0.0,0.0005,0.0,0.0,0.0,0.0005,0.0,0.0,0.0,0.002,0.9975,0.047880855019754906,1888,0.0006024764584750931,6.174709657418672e-07,0.00013199941624368884,16,20,False,0.995,0.005,0.66,fixed,100,none,371c9e91-ddfd-4fc0-aac2-c83fd387c776
1400,191700,40.12515926361084,0.99900075,0.999002,1.0,0.9960719999999998,0.0,0.0,0.0,0.0,0.0,0.0,0.0005,0.0,0.0,0.0,0.0005,0.0,0.0,0.0,0.002,0.9975,0.04827406863022217,1887,0.0006031718234682905,6.180214157601414e-07,0.00013215173622620324,16,20,False,0.995,0.005,0.66,fixed,100,none,371c9e91-ddfd-4fc0-aac2-c83fd387c776
1401,191800,40.14532423019409,0.99900075,0.999002,1.0,0.9960719999999998,0.0,0.0,0.0,0.0,0.0,0.0,0.0005,0.0,0.0,0.0,0.0005,0.0,0.0,0.0,0.002,0.9975,0.04827406863022217,1887,0.0006029028173215007,6.17266706066327e-07,0.0001320927073858291,16,20,False,0.995,0.005,0.66,fixed,100,none,371c9e91-ddfd-4fc0-aac2-c83fd387c776
1402,192100,40.16513919830322,0.99900075,0.999002,1.0,0.9960719999999998,0.0,0.0,0.0,0.0,0.0,0.0,0.0005,0.0,0.0,0.0,0.0005,0.0,0.0,0.0,0.002,0.9975,0.04827406863022217,1887,0.0006044008796387042,6.204621874761795e-07,0.00013242124036853283,16,20,False,0.995,0.005,0.66,fixed,100,none,371c9e91-ddfd-4fc0-aac2-c83fd387c776
1403,192200,40.18501019477844,0.99900075,0.999002,1.0,0.9960719999999998,0.0,0.0,0.0,0.0,0.0,0.0,0.0005,0.0,0.0,0.0,0.0005,0.0,0.0,0.0,0.002,0.9975,0.04827406863022217,1887,0.0006059586009483095,6.2179377559484e-07,0.00013276247856494798,16,20,False,0.995,0.005,0.66,fixed,100,none,371c9e91-ddfd-4fc0-aac2-c83fd387c776
1404,192400,40.20464539527893,0.99900075,0.999002,1.0,0.9960719999999998,0.0,0.0,0.0,0.0,0.0,0.0,0.0005,0.0,0.0,0.0,0.0005,0.0,0.0,0.0,0.002,0.9975,0.04827406863022217,1887,0.0006047196347885402,6.196313388794203e-07,0.00013249085800959854,16,20,False,0.995,0.005,0.66,fixed,100,none,371c9e91-ddfd-4fc0-aac2-c83fd387c776
1405,192500,40.22459936141968,0.99900075,0.999002,1.0,0.9960719999999998,0.0,0.0,0.0,0.0,0.0,0.0,0.0005,0.0,0.0,0.0,0.0005,0.0,0.0,0.0,0.002,0.9975,0.04827406863022217,1887,0.0006049015194162098,6.192670229299171e-07,0.000132530603334565,16,20,False,0.995,0.005,0.66,fixed,100,none,371c9e91-ddfd-4fc0-aac2-c83fd387c776
1406,192800,40.24456763267517,0.99900075,0.999002,1.0,0.9960719999999998,0.0,0.0,0.0,0.0,0.0,0.0,0.0005,0.0,0.0,0.0,0.0005,0.0,0.0,0.0,0.002,0.9975,0.04827406863022217,1887,0.0006018719314351883,6.152043765426228e-07,0.00013186665462270583,16,20,False,0.995,0.005,0.66,fixed,100,none,371c9e91-ddfd-4fc0-aac2-c83fd387c776
1407,192900,40.26446890830994,0.99900075,0.999002,1.0,0.9960719999999998,0.0,0.0,0.0,0.0,0.0,0.0,0.0005,0.0,0.0,0.0,0.0005,0.0,0.0,0.0,0.002,0.9975,0.04827406863022217,1887,0.0006044411236708417,6.187414810261945e-07,0.00013242972285294226,16,20,False,0.995,0.005,0.66,fixed,100,none,371c9e91-ddfd-4fc0-aac2-c83fd387c776
1408,193000,40.28432369232178,0.99900075,0.999002,1.0,0.9960719999999998,0.0,0.0,0.0,0.0,0.0,0.0,0.0005,0.0,0.0,0.0,0.0005,0.0,0.0,0.0,0.002,0.9975,0.04827406863022217,1887,0.0006052237818118882,6.205640623044096e-07,0.00013260139301046018,16,20,False,0.995,0.005,0.66,fixed,100,none,371c9e91-ddfd-4fc0-aac2-c83fd387c776
1409,193100,40.3040235042572,0.99900075,0.999002,1.0,0.9960719999999998,0.0,0.0,0.0,0.0,0.0,0.0,0.0005,0.0,0.0,0.0,0.0005,0.0,0.0,0.0,0.002,0.9975,0.04788085501975489,1888,0.0006070893142026552,6.238676686584435e-07,0.00013301038573600634,16,20,False,0.995,0.005,0.66,fixed,100,none,371c9e91-ddfd-4fc0-aac2-c83fd387c776
1410,193200,40.32370686531067,0.99900075,0.999002,1.0,0.9960719999999998,0.0,0.0,0.0,0.0,0.0,0.0,0.0005,0.0,0.0,0.0,0.0005,0.0,0.0,0.0,0.002,0.9975,0.047486636390474915,1889,0.0006063549057977915,6.227598515920697e-07,0.00013284941325093907,16,20,False,0.995,0.005,0.66,fixed,100,none,371c9e91-ddfd-4fc0-aac2-c83fd387c776
1411,193300,40.343350887298584,0.99900075,0.999002,1.0,0.9960719999999998,0.0,0.0,0.0,0.0,0.0,0.0,0.0005,0.0,0.0,0.0,0.0005,0.0,0.0,0.0,0.002,0.9975,0.04788085501975489,1888,0.0006068107539384353,6.238049579786742e-07,0.00013294939697913944,16,20,False,0.995,0.005,0.66,fixed,100,none,371c9e91-ddfd-4fc0-aac2-c83fd387c776
1412,193500,40.362876415252686,0.99900075,0.999002,1.0,0.9960719999999998,0.0,0.0,0.0,0.0,0.0,0.0,0.0005,0.0,0.0,0.0,0.0005,0.0,0.0,0.0,0.002,0.9975,0.04788085501975489,1888,0.0006074451371920063,6.234399267113124e-07,0.00013308819411740535,16,20,False,0.995,0.005,0.66,fixed,100,none,371c9e91-ddfd-4fc0-aac2-c83fd387c776
1413,193600,40.38245105743408,0.99900075,0.999002,1.0,0.9960719999999998,0.0,0.0,0.0,0.0,0.0,0.0,0.0005,0.0,0.0,0.0,0.0005,0.0,0.0,0.0,0.002,0.9975,0.04788085501975489,1888,0.0006074451371920063,6.234399267113124e-07,0.00013308819411740535,16,20,False,0.995,0.005,0.66,fixed,100,none,371c9e91-ddfd-4fc0-aac2-c83fd387c776
1414,193900,40.40198230743408,0.99900075,0.999002,1.0,0.9960719999999998,0.0,0.0,0.0,0.0,0.0,0.0,0.0005,0.0,0.0,0.0,0.0005,0.0,0.0,0.0,0.002,0.9975,0.04788085501975489,1888,0.0006076621910012678,6.239732874355257e-07,0.00013313580853479027,16,20,False,0.995,0.005,0.66,fixed,100,none,371c9e91-ddfd-4fc0-aac2-c83fd387c776
1415,194000,40.421571493148804,0.99900075,0.999002,1.0,0.9960719999999998,0.0,0.0,0.0,0.0,0.0,0.0,0.0005,0.0,0.0,0.0,0.0005,0.0,0.0,0.0,0.002,0.9975,0.04788085501975489,1888,0.0006091078699586087,6.250253440497174e-07,0.00013345246754930892,16,20,False,0.995,0.005,0.66,fixed,100,none,371c9e91-ddfd-4fc0-aac2-c83fd387c776
1416,194200,40.44111251831055,0.99900075,0.999002,1.0,0.9960719999999998,0.0,0.0,0.0,0.0,0.0,0.0,0.0005,0.0,0.0,0.0,0.0005,0.0,0.0,0.0,0.002,0.9975,0.04788085501975489,1888,0.0006092182645204137,6.235561398193444e-07,0.00013347635377008424,16,20,False,0.995,0.005,0.66,fixed,100,none,371c9e91-ddfd-4fc0-aac2-c83fd387c776
1417,194300,40.46064114570618,0.99900075,0.999002,1.0,0.9960719999999998,0.0,0.0,0.0,0.0,0.0,0.0,0.0005,0.0,0.0,0.0,0.0005,0.0,0.0,0.0,0.002,0.9975,0.04788085501975489,1888,0.0006093922810392889,6.238065301064135e-07,0.00013351449356022058,16,20,False,0.995,0.005,0.66,fixed,100,none,371c9e91-ddfd-4fc0-aac2-c83fd387c776
1418,194600,40.48038291931152,0.99900075,0.999002,1.0,0.9960719999999998,0.0,0.0,0.0,0.0,0.0,0.0,0.0005,0.0,0.0,0.0,0.0005,0.0,0.0,0.0,0.002,0.9975,0.04788085501975489,1888,0.0006081783792138508,6.242519869809572e-07,0.0001332488550874383,16,20,False,0.995,0.005,0.66,fixed,100,none,371c9e91-ddfd-4fc0-aac2-c83fd387c776
1419,194700,40.50043606758118,0.99900075,0.999002,1.0,0.9960719999999998,0.0,0.0,0.0,0.0,0.0,0.0,0.0005,0.0,0.0,0.0,0.0005,0.0,0.0,0.0,0.002,0.9975,0.04788085501975489,1888,0.0006078785007369699,6.243511575466188e-07,0.00013318323053125656,16,20,False,0.995,0.005,0.66,fixed,100,none,371c9e91-ddfd-4fc0-aac2-c83fd387c776
1420,195000,40.520824909210205,0.99900075,0.999002,1.0,0.9960719999999998,0.0,0.0,0.0,0.0,0.0,0.0,0.0005,0.0,0.0,0.0,0.0005,0.0,0.0,0.0,0.002,0.9975,0.04788085501975489,1888,0.0006073283017235362,6.256087484290161e-07,0.0001330630309094836,16,20,False,0.995,0.005,0.66,fixed,100,none,371c9e91-ddfd-4fc0-aac2-c83fd387c776
1421,195100,40.54080057144165,0.99900075,0.999002,1.0,0.9960719999999998,0.0,0.0,0.0,0.0,0.0,0.0,0.0005,0.0,0.0,0.0,0.0005,0.0,0.0,0.0,0.002,0.9975,0.04788085501975489,1888,0.0006076125420572682,6.256320857761181e-07,0.00013312525555263347,16,20,False,0.995,0.005,0.66,fixed,100,none,371c9e91-ddfd-4fc0-aac2-c83fd387c776
1422,195300,40.56061863899231,0.99900075,0.999002,1.0,0.9960719999999998,0.0,0.0,0.0,0.0,0.0,0.0,0.0005,0.0,0.0,0.0,0.0005,0.0,0.0,0.0,0.002,0.9975,0.04788085501975489,1888,0.0006081299944302881,6.274603100641162e-07,0.00013323887323970227,16,20,False,0.995,0.005,0.66,fixed,100,none,371c9e91-ddfd-4fc0-aac2-c83fd387c776
1423,195400,40.58040118217468,0.99900075,0.999002,1.0,0.9960719999999998,0.0,0.0,0.0,0.0,0.0,0.0,0.0005,0.0,0.0,0.0,0.0005,0.0,0.0,0.0,0.002,0.9975,0.04788085501975489,1888,0.000607512550881499,6.267130589755412e-07,0.0001331035728691655,16,20,False,0.995,0.005,0.66,fixed,100,none,371c9e91-ddfd-4fc0-aac2-c83fd387c776
1424,195700,40.60104250907898,0.99900075,0.999002,1.0,0.9960719999999998,0.0,0.0,0.0,0.0,0.0,0.0,0.0005,0.0,0.0,0.0,0.0005,0.0,0.0,0.0,0.002,0.9975,0.047486636390474915,1889,0.0006059621439128987,6.261711740904012e-07,0.0001327640858256107,16,20,False,0.995,0.005,0.66,fixed,100,none,371c9e91-ddfd-4fc0-aac2-c83fd387c776
1425,195800,40.62076020240784,0.99900075,0.999002,1.0,0.9960719999999998,0.0,0.0,0.0,0.0,0.0,0.0,0.0005,0.0,0.0,0.0,0.0005,0.0,0.0,0.0,0.002,0.9975,0.047486636390474915,1889,0.0006059253200314629,6.263056736541973e-07,0.00013275605063288153,16,20,False,0.995,0.005,0.66,fixed,100,none,371c9e91-ddfd-4fc0-aac2-c83fd387c776
1426,196000,40.64059329032898,0.99900075,0.999002,1.0,0.9960719999999998,0.0,0.0,0.0,0.0,0.0,0.0,0.0005,0.0,0.0,0.0,0.0005,0.0,0.0,0.0,0.002,0.9975,0.047486636390474915,1889,0.0006062868557209069,6.252261268533558e-07,0.00013283498568140867,16,20,False,0.995,0.005,0.66,fixed,100,none,371c9e91-ddfd-4fc0-aac2-c83fd387c776
1427,196100,40.6602942943573,0.99900075,0.999002,1.0,0.9960719999999998,0.0,0.0,0.0,0.0,0.0,0.0,0.0005,0.0,0.0,0.0,0.0005,0.0,0.0,0.0,0.002,0.9975,0.047486636390474915,1889,0.0006064918711701418,6.257590208616434e-07,0.00013287996481310777,16,20,False,0.995,0.005,0.66,fixed,100,none,371c9e91-ddfd-4fc0-aac2-c83fd387c776
1428,196200,40.68012475967407,0.99900075,0.999002,1.0,0.9960719999999998,0.0,0.0,0.0,0.0,0.0,0.0,0.0005,0.0,0.0,0.0,0.0005,0.0,0.0,0.0,0.002,0.9975,0.047486636390474915,1889,0.0006078497069957118,6.271909107724775e-07,0.0001331774671344081,16,20,False,0.995,0.005,0.66,fixed,100,none,371c9e91-ddfd-4fc0-aac2-c83fd387c776
1429,196300,40.69992423057556,0.99900075,0.999002,1.0,0.9960719999999998,0.0,0.0,0.0,0.0,0.0,0.0,0.0005,0.0,0.0,0.0,0.0005,0.0,0.0,0.0,0.002,0.9975,0.047486636390474915,1889,0.0006072635019460994,6.274470938331197e-07,0.00013304919552382946,16,20,False,0.995,0.005,0.66,fixed,100,none,371c9e91-ddfd-4fc0-aac2-c83fd387c776
1430,196400,40.719786643981934,0.99900075,0.999002,1.0,0.9960719999999998,0.0,0.0,0.0,0.0,0.0,0.0,0.0005,0.0,0.0,0.0,0.0005,0.0,0.0,0.0,0.002,0.9975,0.047486636390474915,1889,0.0006073596948826307,6.271406699710347e-07,0.00013307019393710238,16,20,False,0.995,0.005,0.66,fixed,100,none,371c9e91-ddfd-4fc0-aac2-c83fd387c776
1431,196500,40.73961114883423,0.99900075,0.999002,1.0,0.9960719999999998,0.0,0.0,0.0,0.0,0.0,0.0,0.0005,0.0,0.0,0.0,0.0005,0.0,0.0,0.0,0.002,0.9975,0.047486636390474915,1889,0.0006081260729596875,6.293478848315399e-07,0.0001332383734689936,16,20,False,0.995,0.005,0.66,fixed,100,none,371c9e91-ddfd-4fc0-aac2-c83fd387c776
1432,196800,40.7593719959259,0.99900075,0.999002,1.0,0.9960719999999998,0.0,0.0,0.0,0.0,0.0,0.0,0.0005,0.0,0.0,0.0,0.0005,0.0,0.0,0.0,0.002,0.9975,0.047486636390474915,1889,0.0006092782393819432,6.316919535222726e-07,0.0001334910280718766,16,20,False,0.995,0.005,0.66,fixed,100,none,371c9e91-ddfd-4fc0-aac2-c83fd387c776
1433,196900,40.7791006565094,0.99900075,0.999002,1.0,0.9960719999999998,0.0,0.0,0.0,0.0,0.0,0.0,0.0005,0.0,0.0,0.0,0.0005,0.0,0.0,0.0,0.002,0.9975,0.047486636390474915,1889,0.0006094757657230009,6.304028445722767e-07,0.00013353402165723364,16,20,False,0.995,0.005,0.66,fixed,100,none,371c9e91-ddfd-4fc0-aac2-c83fd387c776
1434,197100,40.80280685424805,0.99900075,0.999002,1.0,0.9960719999999998,0.0,0.0,0.0,0.0,0.0,0.0,0.0005,0.0,0.0,0.0,0.0005,0.0,0.0,0.0,0.002,0.9975,0.047486636390474915,1889,0.0006096657793266423,6.307456843139165e-07,0.00013357568077462166,16,20,False,0.995,0.005,0.66,fixed,100,none,371c9e91-ddfd-4fc0-aac2-c83fd387c776
1435,197200,40.82268977165222,0.99900075,0.999002,1.0,0.9960719999999998,0.0,0.0,0.0,0.0,0.0,0.0,0.0005,0.0,0.0,0.0,0.0005,0.0,0.0,0.0,0.002,0.9975,0.047486636390474915,1889,0.0006103476954482198,6.31214191676784e-07,0.0001337250412300339,16,20,False,0.995,0.005,0.66,fixed,100,none,371c9e91-ddfd-4fc0-aac2-c83fd387c776
1436,197500,40.84265923500061,0.99900075,0.999002,1.0,0.9960719999999998,0.0,0.0,0.0,0.0,0.0,0.0,0.0005,0.0,0.0,0.0,0.0005,0.0,0.0,0.0,0.002,0.9975,0.047486636390474915,1889,0.0006118742727249655,6.34299896198092e-07,0.0001340597952797726,16,20,False,0.995,0.005,0.66,fixed,100,none,371c9e91-ddfd-4fc0-aac2-c83fd387c776
1437,197600,40.86265540122986,0.99900075,0.999002,1.0,0.9960719999999998,0.0,0.0,0.0,0.0,0.0,0.0,0.0005,0.0,0.0,0.0,0.0005,0.0,0.0,0.0,0.002,0.9975,0.047486636390474915,1889,0.0006112631424828705,6.341884665236166e-07,0.00013392599769813986,16,20,False,0.995,0.005,0.66,fixed,100,none,371c9e91-ddfd-4fc0-aac2-c83fd387c776
1438,197800,40.88252854347229,0.99900075,0.999002,1.0,0.9960719999999998,0.0,0.0,0.0,0.0,0.0,0.0,0.0005,0.0,0.0,0.0,0.0005,0.0,0.0,0.0,0.002,0.9975,0.047486636390474915,1889,0.000610790130524853,6.343109975708357e-07,0.0001338224786614288,16,20,False,0.995,0.005,0.66,fixed,100,none,371c9e91-ddfd-4fc0-aac2-c83fd387c776
1439,197900,40.902350425720215,0.99900075,0.999002,1.0,0.9960719999999998,0.0,0.0,0.0,0.0,0.0,0.0,0.0005,0.0,0.0,0.0,0.0005,0.0,0.0,0.0,0.002,0.9975,0.047486636390474915,1889,0.0006111041979845734,6.337152412394295e-07,0.00013389111483465862,16,20,False,0.995,0.005,0.66,fixed,100,none,371c9e91-ddfd-4fc0-aac2-c83fd387c776
1440,198200,40.922101974487305,0.99900075,0.999002,1.0,0.9960719999999998,0.0,0.0,0.0,0.0,0.0,0.0,0.0005,0.0,0.0,0.0,0.0005,0.0,0.0,0.0,0.002,0.9975,0.047486636390474915,1889,0.000611917007502486,6.362708824972091e-07,0.00013406952440996864,16,20,False,0.995,0.005,0.66,fixed,100,none,371c9e91-ddfd-4fc0-aac2-c83fd387c776
1441,198300,40.94185972213745,0.99900075,0.999002,1.0,0.9960719999999998,0.0,0.0,0.0,0.0,0.0,0.0,0.0005,0.0,0.0,0.0,0.0005,0.0,0.0,0.0,0.002,0.9975,0.047486636390474915,1889,0.0006123909039947191,6.362710216280377e-07,0.00013417326037855334,16,20,False,0.995,0.005,0.66,fixed,100,none,371c9e91-ddfd-4fc0-aac2-c83fd387c776
1442,198600,40.96158766746521,0.99900075,0.999002,1.0,0.9960719999999998,0.0,0.0,0.0,0.0,0.0,0.0,0.0005,0.0,0.0,0.0,0.0005,0.0,0.0,0.0,0.002,0.9975,0.047486636390474915,1889,0.0006123884124441926,6.360644500183706e-07,0.00013417267572953724,16,20,False,0.995,0.005,0.66,fixed,100,none,371c9e91-ddfd-4fc0-aac2-c83fd387c776
1443,198700,40.9814555644989,0.99900075,0.999002,1.0,0.9960719999999998,0.0,0.0,0.0,0.0,0.0,0.0,0.0005,0.0,0.0,0.0,0.0005,0.0,0.0,0.0,0.002,0.9975,0.047486636390474915,1889,0.0006123884124441926,6.360644500183706e-07,0.00013417267572953724,16,20,False,0.995,0.005,0.66,fixed,100,none,371c9e91-ddfd-4fc0-aac2-c83fd387c776
1444,198900,41.00139784812927,0.99900075,0.999002,1.0,0.9960719999999998,0.0,0.0,0.0,0.0,0.0,0.0,0.0005,0.0,0.0,0.0,0.0005,0.0,0.0,0.0,0.002,0.9975,0.047486636390474915,1889,0.0006104985624110844,6.362135271950862e-07,0.00013375901588195344,16,20,False,0.995,0.005,0.66,fixed,100,none,371c9e91-ddfd-4fc0-aac2-c83fd387c776
1445,199000,41.02120923995972,0.99900075,0.999002,1.0,0.9960719999999998,0.0,0.0,0.0,0.0,0.0,0.0,0.0005,0.0,0.0,0.0,0.0005,0.0,0.0,0.0,0.002,0.9975,0.047486636390474915,1889,0.0006105193597636726,6.354875898857375e-07,0.00013376343049434624,16,20,False,0.995,0.005,0.66,fixed,100,none,371c9e91-ddfd-4fc0-aac2-c83fd387c776
1446,199300,41.041173219680786,0.99900075,0.999002,1.0,0.9960719999999998,0.0,0.0,0.0,0.0,0.0,0.0,0.0005,0.0,0.0,0.0,0.0005,0.0,0.0,0.0,0.002,0.9975,0.047486636390474915,1889,0.0006102065746229734,6.341052006858867e-07,0.0001336946991730992,16,20,False,0.995,0.005,0.66,fixed,100,none,371c9e91-ddfd-4fc0-aac2-c83fd387c776
1447,199400,41.061588525772095,0.99900075,0.999002,1.0,0.9960719999999998,0.0,0.0,0.0,0.0,0.0,0.0,0.0005,0.0,0.0,0.0,0.0005,0.0,0.0,0.0,0.002,0.9975,0.047091412742382266,1890,0.0006104572037760975,6.35195928992543e-07,0.0001337497691330963,16,20,False,0.995,0.005,0.66,fixed,100,none,371c9e91-ddfd-4fc0-aac2-c83fd387c776
1448,199500,41.08167600631714,0.99900075,0.999002,1.0,0.9960719999999998,0.0,0.0,0.0,0.0,0.0,0.0,0.0005,0.0,0.0,0.0,0.0005,0.0,0.0,0.0,0.002,0.9975,0.047091412742382266,1890,0.0006104572037760975,6.35195928992543e-07,0.0001337497691330963,16,20,False,0.995,0.005,0.66,fixed,100,none,371c9e91-ddfd-4fc0-aac2-c83fd387c776
1449,199600,41.101536989212036,0.99900075,0.999002,1.0,0.9960719999999998,0.0,0.0,0.0,0.0,0.0,0.0,0.0005,0.0,0.0,0.0,0.0005,0.0,0.0,0.0,0.002,0.9975,0.047091412742382266,1890,0.0006104572037760975,6.35195928992543e-07,0.0001337497691330963,16,20,False,0.995,0.005,0.66,fixed,100,none,371c9e91-ddfd-4fc0-aac2-c83fd387c776
1450,199700,41.12155604362488,0.99900075,0.999002,1.0,0.9960719999999998,0.0,0.0,0.0,0.0,0.0,0.0,0.0005,0.0,0.0,0.0,0.0005,0.0,0.0,0.0,0.002,0.9975,0.047091412742382266,1890,0.0006096284352266542,6.322862148368236e-07,0.0001335677988519336,16,20,False,0.995,0.005,0.66,fixed,100,none,371c9e91-ddfd-4fc0-aac2-c83fd387c776
1451,200000,41.142277002334595,0.99900075,0.999002,1.0,0.9960719999999998,0.0,0.0,0.0,0.0,0.0,0.0,0.0005,0.0,0.0,0.0,0.0005,0.0,0.0,0.0,0.002,0.9975,0.047091412742382266,1890,0.0006100961943168871,6.330083631377993e-07,0.00013367032852496278,16,20,False,0.995,0.005,0.66,fixed,100,none,371c9e91-ddfd-4fc0-aac2-c83fd387c776
1452,200100,41.16232967376709,0.99900075,0.999002,1.0,0.9960719999999998,0.0,0.0,0.0,0.0,0.0,0.0,0.0005,0.0,0.0,0.0,0.0005,0.0,0.0,0.0,0.002,0.9975,0.047091412742382266,1890,0.0006093616127446225,6.321067508816997e-07,0.0001335093573124654,16,20,False,0.995,0.005,0.66,fixed,100,none,371c9e91-ddfd-4fc0-aac2-c83fd387c776
1453,200400,41.182143211364746,0.99900075,0.999002,1.0,0.9960719999999998,0.0,0.0,0.0,0.0,0.0,0.0,0.0005,0.0,0.0,0.0,0.0005,0.0,0.0,0.0,0.002,0.9975,0.047091412742382266,1890,0.0006100281120205653,6.328637888071413e-07,0.00013365539784117512,16,20,False,0.995,0.005,0.66,fixed,100,none,371c9e91-ddfd-4fc0-aac2-c83fd387c776
1454,200500,41.20233917236328,0.99900075,0.999002,1.0,0.9960719999999998,0.0,0.0,0.0,0.0,0.0,0.0,0.0005,0.0,0.0,0.0,0.0005,0.0,0.0,0.0,0.002,0.9975,0.04669518407547692,1891,0.000610731038039895,6.350826596360375e-07,0.00013380968993226389,16,20,False,0.995,0.005,0.66,fixed,100,none,371c9e91-ddfd-4fc0-aac2-c83fd387c776
1455,200700,41.22255849838257,0.99900075,0.999002,1.0,0.9960719999999998,0.0,0.0,0.0,0.0,0.0,0.0,0.0005,0.0,0.0,0.0,0.0005,0.0,0.0,0.0,0.002,0.9975,0.047091412742382266,1890,0.0006114782897042522,6.363135250267459e-07,0.0001339734971860159,16,20,False,0.995,0.005,0.66,fixed,100,none,371c9e91-ddfd-4fc0-aac2-c83fd387c776
1456,200800,41.24252963066101,0.99900075,0.999002,1.0,0.9960719999999998,0.0,0.0,0.0,0.0,0.0,0.0,0.0005,0.0,0.0,0.0,0.0005,0.0,0.0,0.0,0.002,0.9975,0.047091412742382266,1890,0.0006111152011440485,6.351860538599895e-07,0.00013389380288066562,16,20,False,0.995,0.005,0.66,fixed,100,none,371c9e91-ddfd-4fc0-aac2-c83fd387c776
1457,201100,41.26247310638428,0.99900075,0.999002,1.0,0.9960719999999998,0.0,0.0,0.0,0.0,0.0,0.0,0.0005,0.0,0.0,0.0,0.0005,0.0,0.0,0.0,0.002,0.9975,0.04669518407547692,1891,0.0006125295320732052,6.392777743244232e-07,0.00013420417734794627,16,20,False,0.995,0.005,0.66,fixed,100,none,371c9e91-ddfd-4fc0-aac2-c83fd387c776
1458,201200,41.28233361244202,0.99900075,0.999002,1.0,0.9960719999999998,0.0,0.0,0.0,0.0,0.0,0.0,0.0005,0.0,0.0,0.0,0.0005,0.0,0.0,0.0,0.002,0.9975,0.046695184075476924,1891,0.0006137923898926818,6.415683476894305e-07,0.00013448105213356902,16,20,False,0.995,0.005,0.66,fixed,100,none,371c9e91-ddfd-4fc0-aac2-c83fd387c776
1459,201400,41.302160024642944,0.99900075,0.999002,1.0,0.9960719999999998,0.0,0.0,0.0,0.0,0.0,0.0,0.0005,0.0,0.0,0.0,0.0005,0.0,0.0,0.0,0.002,0.9975,0.046695184075476924,1891,0.0006133457234272638,6.412466499838513e-07,0.00013438321572172498,16,20,False,0.995,0.005,0.66,fixed,100,none,371c9e91-ddfd-4fc0-aac2-c83fd387c776
1460,201500,41.32199048995972,0.99900075,0.999002,1.0,0.9960719999999998,0.0,0.0,0.0,0.0,0.0,0.0,0.0005,0.0,0.0,0.0,0.0005,0.0,0.0,0.0,0.002,0.9975,0.047091412742382266,1890,0.0006154745866965724,6.441792358107029e-07,0.00013484978108268373,16,20,False,0.995,0.005,0.66,fixed,100,none,371c9e91-ddfd-4fc0-aac2-c83fd387c776
1461,201800,41.34167456626892,0.99900075,0.999002,1.0,0.9960719999999998,0.0,0.0,0.0,0.0,0.0,0.0,0.0005,0.0,0.0,0.0,0.0005,0.0,0.0,0.0,0.002,0.9975,0.047091412742382266,1890,0.000616365521487855,6.482607653006932e-07,0.0001350455821990986,16,20,False,0.995,0.005,0.66,fixed,100,none,371c9e91-ddfd-4fc0-aac2-c83fd387c776
1462,201900,41.36149501800537,0.99900075,0.999002,1.0,0.9960719999999998,0.0,0.0,0.0,0.0,0.0,0.0,0.0005,0.0,0.0,0.0,0.0005,0.0,0.0,0.0,0.002,0.9975,0.047091412742382266,1890,0.0006158697352376624,6.489917398046112e-07,0.0001349371934740872,16,20,False,0.995,0.005,0.66,fixed,100,none,371c9e91-ddfd-4fc0-aac2-c83fd387c776
1463,202200,41.3813259601593,0.99900075,0.999002,1.0,0.9960719999999998,0.0,0.0,0.0,0.0,0.0,0.0,0.0005,0.0,0.0,0.0,0.0005,0.0,0.0,0.0,0.002,0.9975,0.047486636390474915,1889,0.0006167256215478632,6.48504326189798e-07,0.00013512445437880333,16,20,False,0.995,0.005,0.66,fixed,100,none,371c9e91-ddfd-4fc0-aac2-c83fd387c776
1464,202300,41.40122604370117,0.99900075,0.999002,1.0,0.9960719999999998,0.0,0.0,0.0,0.0,0.0,0.0,0.0005,0.0,0.0,0.0,0.0005,0.0,0.0,0.0,0.002,0.9975,0.047486636390474915,1889,0.000616812436965898,6.482421701438515e-07,0.0001351434084641624,16,20,False,0.995,0.005,0.66,fixed,100,none,371c9e91-ddfd-4fc0-aac2-c83fd387c776
1465,202500,41.421151876449585,0.99900075,0.999002,1.0,0.9960719999999998,0.0,0.0,0.0,0.0,0.0,0.0,0.0005,0.0,0.0,0.0,0.0005,0.0,0.0,0.0,0.002,0.9975,0.047486636390474915,1889,0.0006159664652882247,6.495458896368006e-07,0.0001349584729706234,16,20,False,0.995,0.005,0.66,fixed,100,none,371c9e91-ddfd-4fc0-aac2-c83fd387c776
1466,202600,41.440871477127075,0.99900075,0.999002,1.0,0.9960719999999998,0.0,0.0,0.0,0.0,0.0,0.0,0.0005,0.0,0.0,0.0,0.0005,0.0,0.0,0.0,0.002,0.9975,0.047486636390474915,1889,0.0006164088318112082,6.520155763335212e-07,0.00013505577624297685,16,20,False,0.995,0.005,0.66,fixed,100,none,371c9e91-ddfd-4fc0-aac2-c83fd387c776
1467,202800,41.460594177246094,0.99900075,0.999002,1.0,0.9960719999999998,0.0,0.0,0.0,0.0,0.0,0.0,0.0005,0.0,0.0,0.0,0.0005,0.0,0.0,0.0,0.002,0.9975,0.047486636390474915,1889,0.0006161498188232175,6.516892250636078e-07,0.0001349990162931644,16,20,False,0.995,0.005,0.66,fixed,100,none,371c9e91-ddfd-4fc0-aac2-c83fd387c776
1468,202900,41.48042321205139,0.99900075,0.999002,1.0,0.9960719999999998,0.0,0.0,0.0,0.0,0.0,0.0,0.0005,0.0,0.0,0.0,0.0005,0.0,0.0,0.0,0.002,0.9975,0.047486636390474915,1889,0.0006160347913903416,6.503582585060372e-07,0.00013497358390446193,16,20,False,0.995,0.005,0.66,fixed,100,none,371c9e91-ddfd-4fc0-aac2-c83fd387c776
1469,203000,41.50028157234192,0.99900075,0.999002,1.0,0.9960719999999998,0.0,0.0,0.0,0.0,0.0,0.0,0.0005,0.0,0.0,0.0,0.0005,0.0,0.0,0.0,0.002,0.9975,0.047486636390474915,1889,0.0006155707709344537,6.492513193976955e-07,0.00013487179950823748,16,20,False,0.995,0.005,0.66,fixed,100,none,371c9e91-ddfd-4fc0-aac2-c83fd387c776
1470,203200,41.520660638809204,0.99900075,0.999002,1.0,0.9960719999999998,0.0,0.0,0.0,0.0,0.0,0.0,0.0005,0.0,0.0,0.0,0.0005,0.0,0.0,0.0,0.002,0.9975,0.047486636390474915,1889,0.0006161841194560826,6.515501101167533e-07,0.00013500649826985868,16,20,False,0.995,0.005,0.66,fixed,100,none,371c9e91-ddfd-4fc0-aac2-c83fd387c776
1471,203300,41.54067063331604,0.99900075,0.999002,1.0,0.9960719999999998,0.0,0.0,0.0,0.0,0.0,0.0,0.0005,0.0,0.0,0.0,0.0005,0.0,0.0,0.0,0.002,0.9975,0.047486636390474915,1889,0.0006161841194560826,6.515501101167533e-07,0.00013500649826985868,16,20,False,0.995,0.005,0.66,fixed,100,none,371c9e91-ddfd-4fc0-aac2-c83fd387c776
1472,203600,41.56075859069824,0.99900075,0.999002,1.0,0.9960719999999998,0.0,0.0,0.0,0.0,0.0,0.0,0.0005,0.0,0.0,0.0,0.0005,0.0,0.0,0.0,0.002,0.9975,0.047091412742382266,1890,0.000612928628082718,6.474739841378065e-07,0.00013429309674429317,16,20,False,0.995,0.005,0.66,fixed,100,none,371c9e91-ddfd-4fc0-aac2-c83fd387c776
1473,203700,41.58072233200073,0.99900075,0.999002,1.0,0.9960719999999998,0.0,0.0,0.0,0.0,0.0,0.0,0.0005,0.0,0.0,0.0,0.0005,0.0,0.0,0.0,0.002,0.9975,0.04669518407547691,1891,0.0006121800079679879,6.456270200569716e-07,0.00013412887287800337,16,20,False,0.995,0.005,0.66,fixed,100,none,371c9e91-ddfd-4fc0-aac2-c83fd387c776
1474,204000,41.60059404373169,0.99900075,0.999002,1.0,0.9960719999999998,0.0,0.0,0.0,0.0,0.0,0.0,0.0005,0.0,0.0,0.0,0.0005,0.0,0.0,0.0,0.002,0.9975,0.047091412742382266,1890,0.0006096748676794447,6.422074649611494e-07,0.00013357984795337306,16,20,False,0.995,0.005,0.66,fixed,100,none,371c9e91-ddfd-4fc0-aac2-c83fd387c776
1475,204100,41.62044405937195,0.99900075,0.999002,1.0,0.9960719999999998,0.0,0.0,0.0,0.0,0.0,0.0,0.0005,0.0,0.0,0.0,0.0005,0.0,0.0,0.0,0.002,0.9975,0.047091412742382266,1890,0.0006098017227319032,6.42022013175761e-07,0.00013360758128851702,16,20,False,0.995,0.005,0.66,fixed,100,none,371c9e91-ddfd-4fc0-aac2-c83fd387c776
1476,204300,41.6402702331543,0.99900075,0.999002,1.0,0.9960719999999998,0.0,0.0,0.0,0.0,0.0,0.0,0.0005,0.0,0.0,0.0,0.0005,0.0,0.0,0.0,0.002,0.9975,0.047091412742382266,1890,0.000608753363116795,6.405995503106406e-07,0.00013337782510082543,16,20,False,0.995,0.005,0.66,fixed,100,none,371c9e91-ddfd-4fc0-aac2-c83fd387c776
1477,204400,41.66205430030823,0.99900075,0.999002,1.0,0.9960719999999998,0.0,0.0,0.0,0.0,0.0,0.0,0.0005,0.0,0.0,0.0,0.0005,0.0,0.0,0.0,0.002,0.9975,0.047091412742382266,1890,0.0006084552157603819,6.395448425904153e-07,0.0001333123602500398,16,20,False,0.995,0.005,0.66,fixed,100,none,371c9e91-ddfd-4fc0-aac2-c83fd387c776
1478,204500,41.68193197250366,0.99900075,0.999002,1.0,0.9960719999999998,0.0,0.0,0.0,0.0,0.0,0.0,0.0005,0.0,0.0,0.0,0.0005,0.0,0.0,0.0,0.002,0.9975,0.047091412742382266,1890,0.0006086651278009736,6.401199453743229e-07,0.00013335841926525425,16,20,False,0.995,0.005,0.66,fixed,100,none,371c9e91-ddfd-4fc0-aac2-c83fd387c776
1479,204700,41.70163941383362,0.99900075,0.999002,1.0,0.9960719999999998,0.0,0.0,0.0,0.0,0.0,0.0,0.0005,0.0,0.0,0.0,0.0005,0.0,0.0,0.0,0.002,0.9975,0.047091412742382266,1890,0.0006103766610744972,6.416930804842655e-07,0.00013373337279449943,16,20,False,0.995,0.005,0.66,fixed,100,none,371c9e91-ddfd-4fc0-aac2-c83fd387c776
1480,204800,41.721325159072876,0.99900075,0.999002,1.0,0.9960719999999998,0.0,0.0,0.0,0.0,0.0,0.0,0.0005,0.0,0.0,0.0,0.0005,0.0,0.0,0.0,0.002,0.9975,0.047091412742382266,1890,0.0006103766610744972,6.416930804842655e-07,0.00013373337279449943,16,20,False,0.995,0.005,0.66,fixed,100,none,371c9e91-ddfd-4fc0-aac2-c83fd387c776
1481,205000,41.744797229766846,0.99900075,0.999002,1.0,0.9960719999999998,0.0,0.0,0.0,0.0,0.0,0.0,0.0005,0.0,0.0,0.0,0.0005,0.0,0.0,0.0,0.002,0.9975,0.047091412742382266,1890,0.0006105418370852833,6.437747117642197e-07,0.0001337699253332037,16,20,False,0.995,0.005,0.66,fixed,100,none,371c9e91-ddfd-4fc0-aac2-c83fd387c776
1482,205100,41.764809370040894,0.99900075,0.999002,1.0,0.9960719999999998,0.0,0.0,0.0,0.0,0.0,0.0,0.0005,0.0,0.0,0.0,0.0005,0.0,0.0,0.0,0.002,0.9975,0.047091412742382266,1890,0.0006105418370852833,6.437747117642197e-07,0.0001337699253332037,16,20,False,0.995,0.005,0.66,fixed,100,none,371c9e91-ddfd-4fc0-aac2-c83fd387c776
1483,205400,41.78486490249634,0.99900075,0.999002,1.0,0.9960719999999998,0.0,0.0,0.0,0.0,0.0,0.0,0.0005,0.0,0.0,0.0,0.0005,0.0,0.0,0.0,0.002,0.9975,0.04669518407547691,1891,0.0006125912025033662,6.458028020007499e-07,0.000134218916760367,16,20,False,0.995,0.005,0.66,fixed,100,none,371c9e91-ddfd-4fc0-aac2-c83fd387c776
1484,205500,41.80518078804016,0.99900075,0.999002,1.0,0.9960719999999998,0.0,0.0,0.0,0.0,0.0,0.0,0.0005,0.0,0.0,0.0,0.0005,0.0,0.0,0.0,0.002,0.9975,0.04669518407547691,1891,0.0006128324485947797,6.467208858171764e-07,0.00013427189996570254,16,20,False,0.995,0.005,0.66,fixed,100,none,371c9e91-ddfd-4fc0-aac2-c83fd387c776
1485,205800,41.825637102127075,0.99900075,0.999002,1.0,0.9960719999999998,0.0,0.0,0.0,0.0,0.0,0.0,0.0005,0.0,0.0,0.0,0.0005,0.0,0.0,0.0,0.002,0.9975,0.047091412742382266,1890,0.0006131505414785441,6.469712201019648e-07,0.0001343415780614727,16,20,False,0.995,0.005,0.66,fixed,100,none,371c9e91-ddfd-4fc0-aac2-c83fd387c776
1486,205900,41.84592080116272,0.99900075,0.999002,1.0,0.9960719999999998,0.0,0.0,0.0,0.0,0.0,0.0,0.0005,0.0,0.0,0.0,0.0005,0.0,0.0,0.0,0.002,0.9975,0.04669518407547691,1891,0.0006132666398271025,6.481102277093504e-07,0.00013436720840141752,16,20,False,0.995,0.005,0.66,fixed,100,none,371c9e91-ddfd-4fc0-aac2-c83fd387c776
1487,206100,41.8657808303833,0.99900075,0.999002,1.0,0.9960719999999998,0.0,0.0,0.0,0.0,0.0,0.0,0.0005,0.0,0.0,0.0,0.0005,0.0,0.0,0.0,0.002,0.9975,0.04669518407547691,1891,0.0006140160149224168,6.495286769297874e-07,0.0001345315161151337,16,20,False,0.995,0.005,0.66,fixed,100,none,371c9e91-ddfd-4fc0-aac2-c83fd387c776
1488,206200,41.8854558467865,0.99900075,0.999002,1.0,0.9960719999999998,0.0,0.0,0.0,0.0,0.0,0.0,0.0005,0.0,0.0,0.0,0.0005,0.0,0.0,0.0,0.002,0.9975,0.04669518407547691,1891,0.0006142942855973635,6.503704276841804e-07,0.0001345925894985229,16,20,False,0.995,0.005,0.66,fixed,100,none,371c9e91-ddfd-4fc0-aac2-c83fd387c776
1489,206500,41.90506863594055,0.99900075,0.999002,1.0,0.9960719999999998,0.0,0.0,0.0,0.0,0.0,0.0,0.0005,0.0,0.0,0.0,0.0005,0.0,0.0,0.0,0.002,0.9975,0.04669518407547691,1891,0.0006136079540061635,6.512559848056832e-07,0.0001344425197690623,16,20,False,0.995,0.005,0.66,fixed,100,none,371c9e91-ddfd-4fc0-aac2-c83fd387c776
1490,206600,41.92482566833496,0.99900075,0.999002,1.0,0.9960719999999998,0.0,0.0,0.0,0.0,0.0,0.0,0.0005,0.0,0.0,0.0,0.0005,0.0,0.0,0.0,0.002,0.9975,0.047091412742382266,1890,0.0006130276811270308,6.515512810615434e-07,0.00013431555414210872,16,20,False,0.995,0.005,0.66,fixed,100,none,371c9e91-ddfd-4fc0-aac2-c83fd387c776
1491,206800,41.944664478302,0.99900075,0.999002,1.0,0.9960719999999998,0.0,0.0,0.0,0.0,0.0,0.0,0.0005,0.0,0.0,0.0,0.0005,0.0,0.0,0.0,0.002,0.9975,0.047091412742382266,1890,0.0006125343623093325,6.515488605346984e-07,0.00013420756619301447,16,20,False,0.995,0.005,0.66,fixed,100,none,371c9e91-ddfd-4fc0-aac2-c83fd387c776
1492,206900,41.96445393562317,0.99900075,0.999002,1.0,0.9960719999999998,0.0,0.0,0.0,0.0,0.0,0.0,0.0005,0.0,0.0,0.0,0.0005,0.0,0.0,0.0,0.002,0.9975,0.047091412742382266,1890,0.0006125343623093325,6.515488605346984e-07,0.00013420756619301447,16,20,False,0.995,0.005,0.66,fixed,100,none,371c9e91-ddfd-4fc0-aac2-c83fd387c776
1493,207200,41.996270179748535,0.99900075,0.999002,1.0,0.9960719999999998,0.0,0.0,0.0,0.0,0.0,0.0,0.0005,0.0,0.0,0.0,0.0005,0.0,0.0,0.0,0.002,0.9975,0.04669518407547691,1891,0.0006155982710439162,6.578388436229126e-07,0.00013487945091180162,16,20,False,0.995,0.005,0.66,fixed,100,none,371c9e91-ddfd-4fc0-aac2-c83fd387c776
1494,207300,42.01635265350342,0.99900075,0.999002,1.0,0.9960719999999998,0.0,0.0,0.0,0.0,0.0,0.0,0.0005,0.0,0.0,0.0,0.0005,0.0,0.0,0.0,0.002,0.9975,0.047091412742382266,1890,0.0006141045617526508,6.57288064962098e-07,0.00013455237329999806,16,20,False,0.995,0.005,0.66,fixed,100,none,371c9e91-ddfd-4fc0-aac2-c83fd387c776
1495,207600,42.036277294158936,0.99900075,0.999002,1.0,0.9960719999999998,0.0,0.0,0.0,0.0,0.0,0.0,0.0005,0.0,0.0,0.0,0.0005,0.0,0.0,0.0,0.002,0.9975,0.047091412742382266,1890,0.0006127286826069794,6.566347428251617e-07,0.00013425106922380458,16,20,False,0.995,0.005,0.66,fixed,100,none,371c9e91-ddfd-4fc0-aac2-c83fd387c776
1496,207700,42.05615830421448,0.99900075,0.999002,1.0,0.9960719999999998,0.0,0.0,0.0,0.0,0.0,0.0,0.0005,0.0,0.0,0.0,0.0005,0.0,0.0,0.0,0.002,0.9975,0.047091412742382266,1890,0.0006126779939287903,6.551680783719919e-07,0.0001342396948059029,16,20,False,0.995,0.005,0.66,fixed,100,none,371c9e91-ddfd-4fc0-aac2-c83fd387c776
1497,207800,42.07605457305908,0.99900075,0.999002,1.0,0.9960719999999998,0.0,0.0,0.0,0.0,0.0,0.0,0.0005,0.0,0.0,0.0,0.0005,0.0,0.0,0.0,0.002,0.9975,0.047091412742382266,1890,0.000611677972932164,6.542806124825983e-07,0.0001340206215912224,16,20,False,0.995,0.005,0.66,fixed,100,none,371c9e91-ddfd-4fc0-aac2-c83fd387c776
1498,207900,42.09613633155823,0.99900075,0.999002,1.0,0.9960719999999998,0.0,0.0,0.0,0.0,0.0,0.0,0.0005,0.0,0.0,0.0,0.0005,0.0,0.0,0.0,0.002,0.9975,0.047091412742382266,1890,0.0006109633498657293,6.538370431287022e-07,0.0001338641063238026,16,20,False,0.995,0.005,0.66,fixed,100,none,371c9e91-ddfd-4fc0-aac2-c83fd387c776
1499,208000,42.116600036621094,0.99900075,0.999002,1.0,0.9960719999999998,0.0,0.0,0.0,0.0,0.0,0.0,0.0005,0.0,0.0,0.0,0.0005,0.0,0.0,0.0,0.002,0.9975,0.047091412742382266,1890,0.000611210518775785,6.532153942096564e-07,0.00013391809348491917,16,20,False,0.995,0.005,0.66,fixed,100,none,371c9e91-ddfd-4fc0-aac2-c83fd387c776
1500,208300,42.13656735420227,0.99900075,0.999002,1.0,0.9960719999999998,0.0,0.0,0.0,0.0,0.0,0.0,0.0005,0.0,0.0,0.0,0.0005,0.0,0.0,0.0,0.002,0.9975,0.04669518407547691,1891,0.000612380510887644,6.552955591238401e-07,0.0001341745999895388,16,20,False,0.995,0.005,0.66,fixed,100,none,371c9e91-ddfd-4fc0-aac2-c83fd387c776
1501,208400,42.15636920928955,0.99900075,0.999002,1.0,0.9960719999999998,0.0,0.0,0.0,0.0,0.0,0.0,0.0005,0.0,0.0,0.0,0.0005,0.0,0.0,0.0,0.002,0.9975,0.04669518407547691,1891,0.0006127850067890726,6.555300732531325e-07,0.0001342631887000461,16,20,False,0.995,0.005,0.66,fixed,100,none,371c9e91-ddfd-4fc0-aac2-c83fd387c776
1502,208600,42.1762056350708,0.99900075,0.999002,1.0,0.9960719999999998,0.0,0.0,0.0,0.0,0.0,0.0,0.0005,0.0,0.0,0.0,0.0005,0.0,0.0,0.0,0.002,0.9975,0.047091412742382266,1890,0.0006135592668735198,6.553646694766928e-07,0.00013443264280581403,16,20,False,0.995,0.005,0.66,fixed,100,none,371c9e91-ddfd-4fc0-aac2-c83fd387c776
1503,208700,42.19606947898865,0.99900075,0.999002,1.0,0.9960719999999998,0.0,0.0,0.0,0.0,0.0,0.0,0.0005,0.0,0.0,0.0,0.0005,0.0,0.0,0.0,0.002,0.9975,0.04629795038975885,1892,0.0006174729553634087,6.602158148559171e-07,0.0001352902709338728,16,20,False,0.995,0.005,0.66,fixed,100,none,371c9e91-ddfd-4fc0-aac2-c83fd387c776
1504,209000,42.215983152389526,0.99900075,0.999002,1.0,0.9960719999999998,0.0,0.0,0.0,0.0,0.0,0.0,0.0005,0.0,0.0,0.0,0.0005,0.0,0.0,0.0,0.002,0.9975,0.045899711685228106,1893,0.0006161884733952106,6.560558921212675e-07,0.00013500830744571463,16,20,False,0.995,0.005,0.66,fixed,100,none,371c9e91-ddfd-4fc0-aac2-c83fd387c776
1505,209100,42.23581147193909,0.99900075,0.999002,1.0,0.9960719999999998,0.0,0.0,0.0,0.0,0.0,0.0,0.0005,0.0,0.0,0.0,0.0005,0.0,0.0,0.0,0.002,0.9975,0.045899711685228106,1893,0.0006161456262017474,6.56287011425871e-07,0.00013499897210773342,16,20,False,0.995,0.005,0.66,fixed,100,none,371c9e91-ddfd-4fc0-aac2-c83fd387c776
1506,209400,42.255587339401245,0.99900075,0.999002,1.0,0.9960719999999998,0.0,0.0,0.0,0.0,0.0,0.0,0.0005,0.0,0.0,0.0,0.0005,0.0,0.0,0.0,0.002,0.9975,0.04629795038975885,1892,0.0006171408460703891,6.576714353446821e-07,0.00013521708877752367,16,20,False,0.995,0.005,0.66,fixed,100,none,371c9e91-ddfd-4fc0-aac2-c83fd387c776
1507,209500,42.2754123210907,0.99900075,0.999002,1.0,0.9960719999999998,0.0,0.0,0.0,0.0,0.0,0.0,0.0005,0.0,0.0,0.0,0.0005,0.0,0.0,0.0,0.002,0.9975,0.04629795038975885,1892,0.0006187598703504137,6.607238917854376e-07,0.0001355720731591448,16,20,False,0.995,0.005,0.66,fixed,100,none,371c9e91-ddfd-4fc0-aac2-c83fd387c776
1508,209600,42.2953314781189,0.99900075,0.999002,1.0,0.9960719999999998,0.0,0.0,0.0,0.0,0.0,0.0,0.0005,0.0,0.0,0.0,0.0005,0.0,0.0,0.0,0.002,0.9975,0.04669518407547692,1891,0.0006209928170499484,6.627868414657394e-07,0.00013606125715211222,16,20,False,0.995,0.005,0.66,fixed,100,none,371c9e91-ddfd-4fc0-aac2-c83fd387c776
1509,209700,42.31510043144226,0.99900075,0.999002,1.0,0.9960719999999998,0.0,0.0,0.0,0.0,0.0,0.0,0.0005,0.0,0.0,0.0,0.0005,0.0,0.0,0.0,0.002,0.9975,0.04669518407547691,1891,0.0006202496102162529,6.606774866294111e-07,0.00013589816839879734,16,20,False,0.995,0.005,0.66,fixed,100,none,371c9e91-ddfd-4fc0-aac2-c83fd387c776
1510,209800,42.33479857444763,0.99900075,0.999002,1.0,0.9960719999999998,0.0,0.0,0.0,0.0,0.0,0.0,0.0005,0.0,0.0,0.0,0.0005,0.0,0.0,0.0,0.002,0.9975,0.047091412742382266,1890,0.0006227951979988398,6.628228519347888e-07,0.00013645580518381365,16,20,False,0.995,0.005,0.66,fixed,100,none,371c9e91-ddfd-4fc0-aac2-c83fd387c776
1511,210100,42.354511976242065,0.99900075,0.999002,1.0,0.9960719999999998,0.0,0.0,0.0,0.0,0.0,0.0,0.0005,0.0,0.0,0.0,0.0005,0.0,0.0,0.0,0.002,0.9975,0.04669518407547691,1891,0.0006237630446200768,6.657198817391284e-07,0.00013666821724486524,16,20,False,0.995,0.005,0.66,fixed,100,none,371c9e91-ddfd-4fc0-aac2-c83fd387c776
1512,210200,42.374701261520386,0.99900075,0.999002,1.0,0.9960719999999998,0.0,0.0,0.0,0.0,0.0,0.0,0.0005,0.0,0.0,0.0,0.0005,0.0,0.0,0.0,0.002,0.9975,0.04669518407547692,1891,0.0006235890225522494,6.659707720086916e-07,0.00013663017148336906,16,20,False,0.995,0.005,0.66,fixed,100,none,371c9e91-ddfd-4fc0-aac2-c83fd387c776
1513,210500,42.3943145275116,0.99900075,0.999002,1.0,0.9960719999999998,0.0,0.0,0.0,0.0,0.0,0.0,0.0005,0.0,0.0,0.0,0.0005,0.0,0.0,0.0,0.002,0.9975,0.046297950389758855,1892,0.0006244081928490936,6.670286302839106e-07,0.00013680968885442052,16,20,False,0.995,0.005,0.66,fixed,100,none,371c9e91-ddfd-4fc0-aac2-c83fd387c776
1514,210600,42.41390776634216,0.99900075,0.999002,1.0,0.9960719999999998,0.0,0.0,0.0,0.0,0.0,0.0,0.0005,0.0,0.0,0.0,0.0005,0.0,0.0,0.0,0.002,0.9975,0.046297950389758855,1892,0.0006239259169904706,6.685454942041392e-07,0.0001367044068731128,16,20,False,0.995,0.005,0.66,fixed,100,none,371c9e91-ddfd-4fc0-aac2-c83fd387c776
1515,210800,42.433557748794556,0.99900075,0.999002,1.0,0.9960719999999998,0.0,0.0,0.0,0.0,0.0,0.0,0.0005,0.0,0.0,0.0,0.0005,0.0,0.0,0.0,0.002,0.9975,0.046297950389758855,1892,0.0006241684024965851,6.683151057516306e-07,0.0001367574431765953,16,20,False,0.995,0.005,0.66,fixed,100,none,371c9e91-ddfd-4fc0-aac2-c83fd387c776
1516,210900,42.45323324203491,0.99900075,0.999002,1.0,0.9960719999999998,0.0,0.0,0.0,0.0,0.0,0.0,0.0005,0.0,0.0,0.0,0.0005,0.0,0.0,0.0,0.002,0.9975,0.046297950389758855,1892,0.0006250881041766853,6.69428357396917e-07,0.00013695897739218182,16,20,False,0.995,0.005,0.66,fixed,100,none,371c9e91-ddfd-4fc0-aac2-c83fd387c776
1517,211200,42.47287607192993,0.99900075,0.999002,1.0,0.9960719999999998,0.0,0.0,0.0,0.0,0.0,0.0,0.0005,0.0,0.0,0.0,0.0005,0.0,0.0,0.0,0.002,0.9975,0.04669518407547692,1891,0.00062596208179009,6.70519780440975e-07,0.0001371504984621345,16,20,False,0.995,0.005,0.66,fixed,100,none,371c9e91-ddfd-4fc0-aac2-c83fd387c776
1518,211300,42.492663860321045,0.99900075,0.999002,1.0,0.9960719999999998,0.0,0.0,0.0,0.0,0.0,0.0,0.0005,0.0,0.0,0.0,0.0005,0.0,0.0,0.0,0.002,0.9975,0.046297950389758855,1892,0.0006263799794117702,6.711521336101623e-07,0.00013724209639862244,16,20,False,0.995,0.005,0.66,fixed,100,none,371c9e91-ddfd-4fc0-aac2-c83fd387c776
1519,211400,42.51285743713379,0.99900075,0.999002,1.0,0.9960719999999998,0.0,0.0,0.0,0.0,0.0,0.0,0.0005,0.0,0.0,0.0,0.0005,0.0,0.0,0.0,0.002,0.9975,0.046297950389758855,1892,0.000626250505430267,6.714247324250162e-07,0.0001372138063378462,16,20,False,0.995,0.005,0.66,fixed,100,none,371c9e91-ddfd-4fc0-aac2-c83fd387c776
1520,211500,42.533289670944214,0.99900075,0.999002,1.0,0.9960719999999998,0.0,0.0,0.0,0.0,0.0,0.0,0.0005,0.0,0.0,0.0,0.0005,0.0,0.0,0.0,0.002,0.9975,0.046297950389758855,1892,0.0006271462842343762,6.727421180033738e-07,0.0001374101426213256,16,20,False,0.995,0.005,0.66,fixed,100,none,371c9e91-ddfd-4fc0-aac2-c83fd387c776
1521,211600,42.553492307662964,0.99900075,0.999002,1.0,0.9960719999999998,0.0,0.0,0.0,0.0,0.0,0.0,0.0005,0.0,0.0,0.0,0.0005,0.0,0.0,0.0,0.002,0.9975,0.046297950389758855,1892,0.0006267385632400847,6.733749127000403e-07,0.00013732101272666757,16,20,False,0.995,0.005,0.66,fixed,100,none,371c9e91-ddfd-4fc0-aac2-c83fd387c776
1522,211900,42.57331323623657,0.99900075,0.999002,1.0,0.9960719999999998,0.0,0.0,0.0,0.0,0.0,0.0,0.0005,0.0,0.0,0.0,0.0005,0.0,0.0,0.0,0.002,0.9975,0.045899711685228106,1893,0.0006248441964834871,6.70197623461609e-07,0.00013690573215869304,16,20,False,0.995,0.005,0.66,fixed,100,none,371c9e91-ddfd-4fc0-aac2-c83fd387c776
1523,212000,42.593939542770386,0.99900075,0.999002,1.0,0.9960719999999998,0.0,0.0,0.0,0.0,0.0,0.0,0.0005,0.0,0.0,0.0,0.0005,0.0,0.0,0.0,0.002,0.9975,0.045899711685228106,1893,0.0006250757766869843,6.687268687075755e-07,0.0001369561456218353,16,20,False,0.995,0.005,0.66,fixed,100,none,371c9e91-ddfd-4fc0-aac2-c83fd387c776
1524,212300,42.61453652381897,0.99900075,0.999002,1.0,0.9960719999999998,0.0,0.0,0.0,0.0,0.0,0.0,0.0005,0.0,0.0,0.0,0.0005,0.0,0.0,0.0,0.002,0.9975,0.045899711685228106,1893,0.0006278109962371443,6.725726212576685e-07,0.00013755561587434984,16,20,False,0.995,0.005,0.66,fixed,100,none,371c9e91-ddfd-4fc0-aac2-c83fd387c776
1525,212400,42.63423037528992,0.99900075,0.999002,1.0,0.9960719999999998,0.0,0.0,0.0,0.0,0.0,0.0,0.0005,0.0,0.0,0.0,0.0005,0.0,0.0,0.0,0.002,0.9975,0.045899711685228106,1893,0.0006276082652642439,6.734192852743514e-07,0.0001375113989305451,16,20,False,0.995,0.005,0.66,fixed,100,none,371c9e91-ddfd-4fc0-aac2-c83fd387c776
1526,212600,42.65375590324402,0.99900075,0.999002,1.0,0.9960719999999998,0.0,0.0,0.0,0.0,0.0,0.0,0.0005,0.0,0.0,0.0,0.0005,0.0,0.0,0.0,0.002,0.9975,0.04589971168522809,1893,0.0006269470016630227,6.722378513470892e-07,0.00013736642385579162,16,20,False,0.995,0.005,0.66,fixed,100,none,371c9e91-ddfd-4fc0-aac2-c83fd387c776
1527,212700,42.67325568199158,0.99900075,0.999002,1.0,0.9960719999999998,0.0,0.0,0.0,0.0,0.0,0.0,0.0005,0.0,0.0,0.0,0.0005,0.0,0.0,0.0,0.002,0.9975,0.04589971168522809,1893,0.0006269470016630227,6.722378513470892e-07,0.00013736642385579162,16,20,False,0.995,0.005,0.66,fixed,100,none,371c9e91-ddfd-4fc0-aac2-c83fd387c776
1528,213000,42.692922830581665,0.99900075,0.999002,1.0,0.9960719999999998,0.0,0.0,0.0,0.0,0.0,0.0,0.0005,0.0,0.0,0.0,0.0005,0.0,0.0,0.0,0.002,0.9975,0.04550046796188467,1894,0.0006283080243304039,6.768756279210393e-07,0.00013766523289523042,16,20,False,0.995,0.005,0.66,fixed,100,none,371c9e91-ddfd-4fc0-aac2-c83fd387c776
1529,213100,42.71271276473999,0.99900075,0.999002,1.0,0.9960719999999998,0.0,0.0,0.0,0.0,0.0,0.0,0.0005,0.0,0.0,0.0,0.0005,0.0,0.0,0.0,0.002,0.9975,0.04550046796188467,1894,0.0006282365193780303,6.764565142302118e-07,0.00013764950082955456,16,20,False,0.995,0.005,0.66,fixed,100,none,371c9e91-ddfd-4fc0-aac2-c83fd387c776
1530,213300,42.73250675201416,0.99900075,0.999002,1.0,0.9960719999999998,0.0,0.0,0.0,0.0,0.0,0.0,0.0005,0.0,0.0,0.0,0.0005,0.0,0.0,0.0,0.002,0.9975,0.04629795038975885,1892,0.0006263988162284547,6.756591299160728e-07,0.0001372470761070928,16,20,False,0.995,0.005,0.66,fixed,100,none,371c9e91-ddfd-4fc0-aac2-c83fd387c776
1531,213400,42.752145290374756,0.99900075,0.999002,1.0,0.9960719999999998,0.0,0.0,0.0,0.0,0.0,0.0,0.0005,0.0,0.0,0.0,0.0005,0.0,0.0,0.0,0.002,0.9975,0.04629795038975885,1892,0.0006263988162284547,6.756591299160728e-07,0.0001372470761070928,16,20,False,0.995,0.005,0.66,fixed,100,none,371c9e91-ddfd-4fc0-aac2-c83fd387c776
1532,213700,42.771889448165894,0.99900075,0.999002,1.0,0.9960719999999998,0.0,0.0,0.0,0.0,0.0,0.0,0.0005,0.0,0.0,0.0,0.0005,0.0,0.0,0.0,0.002,0.9975,0.04629795038975885,1892,0.000625901493529297,6.766865863845918e-07,0.0001371384073849762,16,20,False,0.995,0.005,0.66,fixed,100,none,371c9e91-ddfd-4fc0-aac2-c83fd387c776
1533,213800,42.791589975357056,0.99900075,0.999002,1.0,0.9960719999999998,0.0,0.0,0.0,0.0,0.0,0.0,0.0005,0.0,0.0,0.0,0.0005,0.0,0.0,0.0,0.002,0.9975,0.04629795038975885,1892,0.000625901493529297,6.766865863845918e-07,0.0001371384073849762,16,20,False,0.995,0.005,0.66,fixed,100,none,371c9e91-ddfd-4fc0-aac2-c83fd387c776
1534,214100,42.81128001213074,0.99900075,0.999002,1.0,0.9960719999999998,0.0,0.0,0.0,0.0,0.0,0.0,0.0005,0.0,0.0,0.0,0.0005,0.0,0.0,0.0,0.002,0.9975,0.04629795038975885,1892,0.0006265115058679896,6.820748272537628e-07,0.00013727296285168117,16,20,False,0.995,0.005,0.66,fixed,100,none,371c9e91-ddfd-4fc0-aac2-c83fd387c776
1535,214200,42.83109927177429,0.99900075,0.999002,1.0,0.9960719999999998,0.0,0.0,0.0,0.0,0.0,0.0,0.0005,0.0,0.0,0.0,0.0005,0.0,0.0,0.0,0.002,0.9975,0.04629795038975885,1892,0.0006265274489086737,6.816233252805513e-07,0.00013727636699791196,16,20,False,0.995,0.005,0.66,fixed,100,none,371c9e91-ddfd-4fc0-aac2-c83fd387c776
1536,214400,42.85082006454468,0.99900075,0.999002,1.0,0.9960719999999998,0.0,0.0,0.0,0.0,0.0,0.0,0.0005,0.0,0.0,0.0,0.0005,0.0,0.0,0.0,0.002,0.9975,0.04629795038975885,1892,0.0006261276302651908,6.799880486722565e-07,0.00013718853599429802,16,20,False,0.995,0.005,0.66,fixed,100,none,371c9e91-ddfd-4fc0-aac2-c83fd387c776
1537,214500,42.87054109573364,0.99900075,0.999002,1.0,0.9960719999999998,0.0,0.0,0.0,0.0,0.0,0.0,0.0005,0.0,0.0,0.0,0.0005,0.0,0.0,0.0,0.002,0.9975,0.04629795038975885,1892,0.0006262969043835664,6.8094545307204e-07,0.00013722577200564638,16,20,False,0.995,0.005,0.66,fixed,100,none,371c9e91-ddfd-4fc0-aac2-c83fd387c776
1538,214800,42.89029669761658,0.99900075,0.999002,1.0,0.9960719999999998,0.0,0.0,0.0,0.0,0.0,0.0,0.0005,0.0,0.0,0.0,0.0005,0.0,0.0,0.0,0.002,0.9975,0.04629795038975885,1892,0.0006263911693429202,6.793976571326459e-07,0.00013724611252402045,16,20,False,0.995,0.005,0.66,fixed,100,none,371c9e91-ddfd-4fc0-aac2-c83fd387c776
1539,214900,42.909926652908325,0.99900075,0.999002,1.0,0.9960719999999998,0.0,0.0,0.0,0.0,0.0,0.0,0.0005,0.0,0.0,0.0,0.0005,0.0,0.0,0.0,0.002,0.9975,0.045899711685228106,1893,0.0006269729604315003,6.809192552246182e-07,0.00013737375569694812,16,20,False,0.995,0.005,0.66,fixed,100,none,371c9e91-ddfd-4fc0-aac2-c83fd387c776
1540,215100,42.9297399520874,0.99900075,0.999002,1.0,0.9960719999999998,0.0,0.0,0.0,0.0,0.0,0.0,0.0005,0.0,0.0,0.0,0.0005,0.0,0.0,0.0,0.002,0.9975,0.045899711685228106,1893,0.0006259945085235652,6.793186751172238e-07,0.0001371592684640807,16,20,False,0.995,0.005,0.66,fixed,100,none,371c9e91-ddfd-4fc0-aac2-c83fd387c776
1541,215200,42.94961214065552,0.99900075,0.999002,1.0,0.9960719999999998,0.0,0.0,0.0,0.0,0.0,0.0,0.0005,0.0,0.0,0.0,0.0005,0.0,0.0,0.0,0.002,0.9975,0.04629795038975885,1892,0.0006262242141434778,6.789860447156505e-07,0.00013720948782450327,16,20,False,0.995,0.005,0.66,fixed,100,none,371c9e91-ddfd-4fc0-aac2-c83fd387c776
1542,215500,42.96972036361694,0.99900075,0.999002,1.0,0.9960719999999998,0.0,0.0,0.0,0.0,0.0,0.0,0.0005,0.0,0.0,0.0,0.0005,0.0,0.0,0.0,0.002,0.9975,0.045899711685228106,1893,0.0006268401230659663,6.798310076927592e-07,0.00013734447083060166,16,20,False,0.995,0.005,0.66,fixed,100,none,371c9e91-ddfd-4fc0-aac2-c83fd387c776
1543,215600,42.98976969718933,0.99900075,0.999002,1.0,0.9960719999999998,0.0,0.0,0.0,0.0,0.0,0.0,0.0005,0.0,0.0,0.0,0.0005,0.0,0.0,0.0,0.002,0.9975,0.04669518407547691,1891,0.0006269416962865161,6.795987576905699e-07,0.0001373666610810796,16,20,False,0.995,0.005,0.66,fixed,100,none,371c9e91-ddfd-4fc0-aac2-c83fd387c776
1544,215900,43.009639263153076,0.99900075,0.999002,1.0,0.9960719999999998,0.0,0.0,0.0,0.0,0.0,0.0,0.0005,0.0,0.0,0.0,0.0005,0.0,0.0,0.0,0.002,0.9975,0.047091412742382266,1890,0.0006259352254933886,6.814393687503888e-07,0.00013714669434056534,16,20,False,0.995,0.005,0.66,fixed,100,none,371c9e91-ddfd-4fc0-aac2-c83fd387c776
1545,216000,43.029350996017456,0.99900075,0.999002,1.0,0.9960719999999998,0.0,0.0,0.0,0.0,0.0,0.0,0.0005,0.0,0.0,0.0,0.0005,0.0,0.0,0.0,0.002,0.9975,0.047091412742382266,1890,0.000625907034687823,6.811520973995628e-07,0.0001371404687916704,16,20,False,0.995,0.005,0.66,fixed,100,none,371c9e91-ddfd-4fc0-aac2-c83fd387c776
1546,216200,43.04912614822388,0.99900075,0.999002,1.0,0.9960719999999998,0.0,0.0,0.0,0.0,0.0,0.0,0.0005,0.0,0.0,0.0,0.0005,0.0,0.0,0.0,0.002,0.9975,0.047091412742382266,1890,0.0006259630596236034,6.82117856326155e-07,0.00013715291614430875,16,20,False,0.995,0.005,0.66,fixed,100,none,371c9e91-ddfd-4fc0-aac2-c83fd387c776
1547,216300,43.068933963775635,0.99900075,0.999002,1.0,0.9960719999999998,0.0,0.0,0.0,0.0,0.0,0.0,0.0005,0.0,0.0,0.0,0.0005,0.0,0.0,0.0,0.002,0.9975,0.047091412742382266,1890,0.0006256261000210443,6.83792328826474e-07,0.00013707947383708363,16,20,False,0.995,0.005,0.66,fixed,100,none,371c9e91-ddfd-4fc0-aac2-c83fd387c776
1548,216500,43.08863425254822,0.99900075,0.999002,1.0,0.9960719999999998,0.0,0.0,0.0,0.0,0.0,0.0,0.0005,0.0,0.0,0.0,0.0005,0.0,0.0,0.0,0.002,0.9975,0.04669518407547691,1891,0.0006248087077244299,6.826129663353182e-07,0.00013690032258448142,16,20,False,0.995,0.005,0.66,fixed,100,none,371c9e91-ddfd-4fc0-aac2-c83fd387c776
1549,216600,43.1083025932312,0.99900075,0.999002,1.0,0.9960719999999998,0.0,0.0,0.0,0.0,0.0,0.0,0.0005,0.0,0.0,0.0,0.0005,0.0,0.0,0.0,0.002,0.9975,0.04669518407547691,1891,0.0006251260909919434,6.825435097518229e-07,0.00013696978458498926,16,20,False,0.995,0.005,0.66,fixed,100,none,371c9e91-ddfd-4fc0-aac2-c83fd387c776
1550,216700,43.1279981136322,0.99900075,0.999002,1.0,0.9960719999999998,0.0,0.0,0.0,0.0,0.0,0.0,0.0005,0.0,0.0,0.0,0.0005,0.0,0.0,0.0,0.002,0.9975,0.04669518407547691,1891,0.0006250602582838537,6.842757059829409e-07,0.00013695570292247234,16,20,False,0.995,0.005,0.66,fixed,100,none,371c9e91-ddfd-4fc0-aac2-c83fd387c776
1551,216900,43.14778470993042,0.99900075,0.999002,1.0,0.9960719999999998,0.0,0.0,0.0,0.0,0.0,0.0,0.0005,0.0,0.0,0.0,0.0005,0.0,0.0,0.0,0.002,0.9975,0.04669518407547691,1891,0.0006244665088268409,6.841501368263236e-07,0.00013682570730819246,16,20,False,0.995,0.005,0.66,fixed,100,none,371c9e91-ddfd-4fc0-aac2-c83fd387c776
1552,217000,43.167595863342285,0.99900075,0.999002,1.0,0.9960719999999998,0.0,0.0,0.0,0.0,0.0,0.0,0.0005,0.0,0.0,0.0,0.0005,0.0,0.0,0.0,0.002,0.9975,0.04669518407547691,1891,0.0006247390611799468,6.842202318683162e-07,0.00013688538233634534,16,20,False,0.995,0.005,0.66,fixed,100,none,371c9e91-ddfd-4fc0-aac2-c83fd387c776
1553,217300,43.187272787094116,0.99900075,0.999002,1.0,0.9960719999999998,0.0,0.0,0.0,0.0,0.0,0.0,0.0005,0.0,0.0,0.0,0.0005,0.0,0.0,0.0,0.002,0.9975,0.04669518407547691,1891,0.0006248613440131191,6.843596298092787e-07,0.00013691217653413556,16,20,False,0.995,0.005,0.66,fixed,100,none,371c9e91-ddfd-4fc0-aac2-c83fd387c776
1554,217400,43.20694899559021,0.99900075,0.999002,1.0,0.9960719999999998,0.0,0.0,0.0,0.0,0.0,0.0,0.0005,0.0,0.0,0.0,0.0005,0.0,0.0,0.0,0.002,0.9975,0.04669518407547691,1891,0.0006248613440131191,6.843596298092787e-07,0.00013691217653413556,16,20,False,0.995,0.005,0.66,fixed,100,none,371c9e91-ddfd-4fc0-aac2-c83fd387c776
1555,217700,43.226667642593384,0.99900075,0.999002,1.0,0.9960719999999998,0.0,0.0,0.0,0.0,0.0,0.0,0.0005,0.0,0.0,0.0,0.0005,0.0,0.0,0.0,0.002,0.9975,0.04669518407547691,1891,0.0006254767848558818,6.844606659841059e-07,0.0001370469157314895,16,20,False,0.995,0.005,0.66,fixed,100,none,371c9e91-ddfd-4fc0-aac2-c83fd387c776
1556,217800,43.24630308151245,0.99900075,0.999002,1.0,0.9960719999999998,0.0,0.0,0.0,0.0,0.0,0.0,0.0005,0.0,0.0,0.0,0.0005,0.0,0.0,0.0,0.002,0.9975,0.04669518407547691,1891,0.0006267588891839281,6.861932492032278e-07,0.00013732789755971047,16,20,False,0.995,0.005,0.66,fixed,100,none,371c9e91-ddfd-4fc0-aac2-c83fd387c776
1557,218000,43.265976905822754,0.99900075,0.999002,1.0,0.9960719999999998,0.0,0.0,0.0,0.0,0.0,0.0,0.0005,0.0,0.0,0.0,0.0005,0.0,0.0,0.0,0.002,0.9975,0.047091412742382266,1890,0.0006256064602762007,6.8532387612568e-07,0.00013707546569092423,16,20,False,0.995,0.005,0.66,fixed,100,none,371c9e91-ddfd-4fc0-aac2-c83fd387c776
1558,218100,43.285956382751465,0.99900075,0.999002,1.0,0.9960719999999998,0.0,0.0,0.0,0.0,0.0,0.0,0.0005,0.0,0.0,0.0,0.0005,0.0,0.0,0.0,0.002,0.9975,0.04669518407547691,1891,0.0006264525650356613,6.865230125459891e-07,0.00013726090585869,16,20,False,0.995,0.005,0.66,fixed,100,none,371c9e91-ddfd-4fc0-aac2-c83fd387c776
1559,218300,43.305588245391846,0.99900075,0.999002,1.0,0.9960719999999998,0.0,0.0,0.0,0.0,0.0,0.0,0.0005,0.0,0.0,0.0,0.0005,0.0,0.0,0.0,0.002,0.9975,0.047091412742382266,1890,0.0006278397653067428,6.891927195308623e-07,0.00013756507124235688,16,20,False,0.995,0.005,0.66,fixed,100,none,371c9e91-ddfd-4fc0-aac2-c83fd387c776
1560,218400,43.32528853416443,0.99900075,0.999002,1.0,0.9960719999999998,0.0,0.0,0.0,0.0,0.0,0.0,0.0005,0.0,0.0,0.0,0.0005,0.0,0.0,0.0,0.002,0.9975,0.04669518407547691,1891,0.0006274707892089823,6.892373444158554e-07,0.00013748431085328525,16,20,False,0.995,0.005,0.66,fixed,100,none,371c9e91-ddfd-4fc0-aac2-c83fd387c776
1561,218500,43.34497117996216,0.99900075,0.999002,1.0,0.9960719999999998,0.0,0.0,0.0,0.0,0.0,0.0,0.0005,0.0,0.0,0.0,0.0005,0.0,0.0,0.0,0.002,0.9975,0.04669518407547691,1891,0.0006272528338994566,6.885378654072792e-07,0.00013743646753501843,16,20,False,0.995,0.005,0.66,fixed,100,none,371c9e91-ddfd-4fc0-aac2-c83fd387c776
1562,218700,43.36458492279053,0.99900075,0.999002,1.0,0.9960719999999998,0.0,0.0,0.0,0.0,0.0,0.0,0.0005,0.0,0.0,0.0,0.0005,0.0,0.0,0.0,0.002,0.9975,0.04669518407547691,1891,0.0006291548701252411,6.919687936247133e-07,0.00013785347514120398,16,20,False,0.995,0.005,0.66,fixed,100,none,371c9e91-ddfd-4fc0-aac2-c83fd387c776
1563,218800,43.3843514919281,0.99900075,0.999002,1.0,0.9960719999999998,0.0,0.0,0.0,0.0,0.0,0.0,0.0005,0.0,0.0,0.0,0.0005,0.0,0.0,0.0,0.002,0.9975,0.04669518407547691,1891,0.0006291489571820119,6.908808548799855e-07,0.00013785197408956962,16,20,False,0.995,0.005,0.66,fixed,100,none,371c9e91-ddfd-4fc0-aac2-c83fd387c776
1564,219100,43.40406680107117,0.99900075,0.999002,1.0,0.9960719999999998,0.0,0.0,0.0,0.0,0.0,0.0,0.0005,0.0,0.0,0.0,0.0005,0.0,0.0,0.0,0.002,0.9975,0.047091412742382266,1890,0.0006273672156658293,6.886071932349532e-07,0.00013746151887596467,16,20,False,0.995,0.005,0.66,fixed,100,none,371c9e91-ddfd-4fc0-aac2-c83fd387c776
1565,219200,43.42417573928833,0.99900075,0.999002,1.0,0.9960719999999998,0.0,0.0,0.0,0.0,0.0,0.0,0.0005,0.0,0.0,0.0,0.0005,0.0,0.0,0.0,0.002,0.9975,0.047091412742382266,1890,0.0006270056223904396,6.875468027328132e-07,0.00013738216463378647,16,20,False,0.995,0.005,0.66,fixed,100,none,371c9e91-ddfd-4fc0-aac2-c83fd387c776
1566,219500,43.44401478767395,0.99900075,0.999002,1.0,0.9960719999999998,0.0,0.0,0.0,0.0,0.0,0.0,0.0005,0.0,0.0,0.0,0.0005,0.0,0.0,0.0,0.002,0.9975,0.047091412742382266,1890,0.0006272474170487631,6.866493814782726e-07,0.0001374349229744551,16,20,False,0.995,0.005,0.66,fixed,100,none,371c9e91-ddfd-4fc0-aac2-c83fd387c776
1567,219600,43.463624477386475,0.99900075,0.999002,1.0,0.9960719999999998,0.0,0.0,0.0,0.0,0.0,0.0,0.0005,0.0,0.0,0.0,0.0005,0.0,0.0,0.0,0.002,0.9975,0.047091412742382266,1890,0.0006256998725016987,6.858878059514642e-07,0.00013709602077375264,16,20,False,0.995,0.005,0.66,fixed,100,none,371c9e91-ddfd-4fc0-aac2-c83fd387c776
1568,219800,43.4832866191864,0.99900075,0.999002,1.0,0.9960719999999998,0.0,0.0,0.0,0.0,0.0,0.0,0.0005,0.0,0.0,0.0,0.0005,0.0,0.0,0.0,0.002,0.9975,0.047091412742382266,1890,0.0006254234139097047,6.863976755872184e-07,0.00013703560086319596,16,20,False,0.995,0.005,0.66,fixed,100,none,371c9e91-ddfd-4fc0-aac2-c83fd387c776
1569,219900,43.502962827682495,0.99900075,0.999002,1.0,0.9960719999999998,0.0,0.0,0.0,0.0,0.0,0.0,0.0005,0.0,0.0,0.0,0.0005,0.0,0.0,0.0,0.002,0.9975,0.047091412742382266,1890,0.0006262872714757873,6.865727319794549e-07,0.00013722473254512593,16,20,False,0.995,0.005,0.66,fixed,100,none,371c9e91-ddfd-4fc0-aac2-c83fd387c776
1570,220100,43.523375511169434,0.99900075,0.999002,1.0,0.9960719999999998,0.0,0.0,0.0,0.0,0.0,0.0,0.0005,0.0,0.0,0.0,0.0005,0.0,0.0,0.0,0.002,0.9975,0.047091412742382266,1890,0.0006264482869737732,6.873494970361281e-07,0.00013726012642299582,16,20,False,0.995,0.005,0.66,fixed,100,none,371c9e91-ddfd-4fc0-aac2-c83fd387c776
1571,220200,43.54347276687622,0.99900075,0.999002,1.0,0.9960719999999998,0.0,0.0,0.0,0.0,0.0,0.0,0.0005,0.0,0.0,0.0,0.0005,0.0,0.0,0.0,0.002,0.9975,0.047091412742382266,1890,0.0006250018824477563,6.857939412852506e-07,0.00013694321291665807,16,20,False,0.995,0.005,0.66,fixed,100,none,371c9e91-ddfd-4fc0-aac2-c83fd387c776
1572,220300,43.56364846229553,0.99900075,0.999002,1.0,0.9960719999999998,0.0,0.0,0.0,0.0,0.0,0.0,0.0005,0.0,0.0,0.0,0.0005,0.0,0.0,0.0,0.002,0.9975,0.047091412742382266,1890,0.0006267425139318742,6.877317168818178e-07,0.00013732460532589483,16,20,False,0.995,0.005,0.66,fixed,100,none,371c9e91-ddfd-4fc0-aac2-c83fd387c776
1573,220500,43.583659410476685,0.99900075,0.999002,1.0,0.9960719999999998,0.0,0.0,0.0,0.0,0.0,0.0,0.0005,0.0,0.0,0.0,0.0005,0.0,0.0,0.0,0.002,0.9975,0.047091412742382266,1890,0.0006255302129016767,6.859950375986928e-07,0.00013705890266132079,16,20,False,0.995,0.005,0.66,fixed,100,none,371c9e91-ddfd-4fc0-aac2-c83fd387c776
1574,220600,43.60355806350708,0.99900075,0.999002,1.0,0.9960719999999998,0.0,0.0,0.0,0.0,0.0,0.0,0.0005,0.0,0.0,0.0,0.0005,0.0,0.0,0.0,0.002,0.9975,0.047091412742382266,1890,0.0006264336997437289,6.87035686023756e-07,0.00013725687365424678,16,20,False,0.995,0.005,0.66,fixed,100,none,371c9e91-ddfd-4fc0-aac2-c83fd387c776
1575,220900,43.62415790557861,0.99900075,0.999002,1.0,0.9960719999999998,0.0,0.0,0.0,0.0,0.0,0.0,0.0005,0.0,0.0,0.0,0.0005,0.0,0.0,0.0,0.002,0.9975,0.047091412742382266,1890,0.0006270182828905508,6.88380226834568e-07,0.00013738509436784013,16,20,False,0.995,0.005,0.66,fixed,100,none,371c9e91-ddfd-4fc0-aac2-c83fd387c776
1576,221000,43.643949031829834,0.99900075,0.999002,1.0,0.9960719999999998,0.0,0.0,0.0,0.0,0.0,0.0,0.0005,0.0,0.0,0.0,0.0005,0.0,0.0,0.0,0.002,0.9975,0.047091412742382266,1890,0.0006270182828905508,6.88380226834568e-07,0.00013738509436784013,16,20,False,0.995,0.005,0.66,fixed,100,none,371c9e91-ddfd-4fc0-aac2-c83fd387c776
1577,221300,43.663548946380615,0.99900075,0.999002,1.0,0.9960719999999998,0.0,0.0,0.0,0.0,0.0,0.0,0.0005,0.0,0.0,0.0,0.0005,0.0,0.0,0.0,0.002,0.9975,0.047091412742382266,1890,0.0006275591703266776,6.8734778761619e-07,0.00013750329846415682,16,20,False,0.995,0.005,0.66,fixed,100,none,371c9e91-ddfd-4fc0-aac2-c83fd387c776
1578,221400,43.683114767074585,0.99900075,0.999002,1.0,0.9960719999999998,0.0,0.0,0.0,0.0,0.0,0.0,0.0005,0.0,0.0,0.0,0.0005,0.0,0.0,0.0,0.002,0.9975,0.047091412742382266,1890,0.0006279070580823136,6.884546500819737e-07,0.00013757966139773403,16,20,False,0.995,0.005,0.66,fixed,100,none,371c9e91-ddfd-4fc0-aac2-c83fd387c776
1579,221600,43.70263934135437,0.99900075,0.999002,1.0,0.9960719999999998,0.0,0.0,0.0,0.0,0.0,0.0,0.0005,0.0,0.0,0.0,0.0005,0.0,0.0,0.0,0.002,0.9975,0.047091412742382266,1890,0.0006279717440510936,6.902285682127313e-07,0.00013759415820074482,16,20,False,0.995,0.005,0.66,fixed,100,none,371c9e91-ddfd-4fc0-aac2-c83fd387c776
1580,221700,43.72217416763306,0.99900075,0.999002,1.0,0.9960719999999998,0.0,0.0,0.0,0.0,0.0,0.0,0.0005,0.0,0.0,0.0,0.0005,0.0,0.0,0.0,0.002,0.9975,0.047091412742382266,1890,0.0006279851555232174,6.901738984153427e-07,0.0001375970835847312,16,20,False,0.995,0.005,0.66,fixed,100,none,371c9e91-ddfd-4fc0-aac2-c83fd387c776
1581,221900,43.74174904823303,0.99900075,0.999002,1.0,0.9960719999999998,0.0,0.0,0.0,0.0,0.0,0.0,0.0005,0.0,0.0,0.0,0.0005,0.0,0.0,0.0,0.002,0.9975,0.047091412742382266,1890,0.0006314493458915646,6.963341532649745e-07,0.00013835656530478385,16,20,False,0.995,0.005,0.66,fixed,100,none,371c9e91-ddfd-4fc0-aac2-c83fd387c776
1582,222000,43.76152539253235,0.99900075,0.999002,1.0,0.9960719999999998,0.0,0.0,0.0,0.0,0.0,0.0,0.0005,0.0,0.0,0.0,0.0005,0.0,0.0,0.0,0.002,0.9975,0.04669518407547691,1891,0.0006318313168197331,6.962805998728693e-07,0.00013844016856581545,16,20,False,0.995,0.005,0.66,fixed,100,none,371c9e91-ddfd-4fc0-aac2-c83fd387c776
1583,222100,43.78142428398132,0.99900075,0.999002,1.0,0.9960719999999998,0.0,0.0,0.0,0.0,0.0,0.0,0.0005,0.0,0.0,0.0,0.0005,0.0,0.0,0.0,0.002,0.9975,0.047091412742382266,1890,0.0006327374570739525,6.990489973688605e-07,0.00013863904866298832,16,20,False,0.995,0.005,0.66,fixed,100,none,371c9e91-ddfd-4fc0-aac2-c83fd387c776
1584,222300,43.8014018535614,0.99900075,0.999002,1.0,0.9960719999999998,0.0,0.0,0.0,0.0,0.0,0.0,0.0005,0.0,0.0,0.0,0.0005,0.0,0.0,0.0,0.002,0.9975,0.047091412742382266,1890,0.0006323498433541773,6.987884040650386e-07,0.0001385541505070018,16,20,False,0.995,0.005,0.66,fixed,100,none,371c9e91-ddfd-4fc0-aac2-c83fd387c776
1585,222400,43.82116460800171,0.99900075,0.999002,1.0,0.9960719999999998,0.0,0.0,0.0,0.0,0.0,0.0,0.0005,0.0,0.0,0.0,0.0005,0.0,0.0,0.0,0.002,0.9975,0.04669518407547691,1891,0.0006331235529355903,7.005330182509895e-07,0.00013872384701106843,16,20,False,0.995,0.005,0.66,fixed,100,none,371c9e91-ddfd-4fc0-aac2-c83fd387c776
1586,222700,43.84079098701477,0.99900075,0.999002,1.0,0.9960719999999998,0.0,0.0,0.0,0.0,0.0,0.0,0.0005,0.0,0.0,0.0,0.0005,0.0,0.0,0.0,0.002,0.9975,0.047091412742382266,1890,0.0006322156726880734,6.993206156160327e-07,0.0001385248816683863,16,20,False,0.995,0.005,0.66,fixed,100,none,371c9e91-ddfd-4fc0-aac2-c83fd387c776
1587,222800,43.86050772666931,0.99900075,0.999002,1.0,0.9960719999999998,0.0,0.0,0.0,0.0,0.0,0.0,0.0005,0.0,0.0,0.0,0.0005,0.0,0.0,0.0,0.002,0.9975,0.04669518407547691,1891,0.0006329645030903666,7.013429204766454e-07,0.00013868918488137182,16,20,False,0.995,0.005,0.66,fixed,100,none,371c9e91-ddfd-4fc0-aac2-c83fd387c776
1588,223100,43.880165576934814,0.99900075,0.999002,1.0,0.9960719999999998,0.0,0.0,0.0,0.0,0.0,0.0,0.0005,0.0,0.0,0.0,0.0005,0.0,0.0,0.0,0.002,0.9975,0.04669518407547691,1891,0.0006329429591700099,7.033509243234707e-07,0.00013868485043793663,16,20,False,0.995,0.005,0.66,fixed,100,none,371c9e91-ddfd-4fc0-aac2-c83fd387c776
1589,223200,43.89974308013916,0.99900075,0.999002,1.0,0.9960719999999998,0.0,0.0,0.0,0.0,0.0,0.0,0.0005,0.0,0.0,0.0,0.0005,0.0,0.0,0.0,0.002,0.9975,0.04669518407547691,1891,0.0006349842652064459,7.068555422862052e-07,0.00013913235820672539,16,20,False,0.995,0.005,0.66,fixed,100,none,371c9e91-ddfd-4fc0-aac2-c83fd387c776
1590,223400,43.919384717941284,0.99900075,0.999002,1.0,0.9960719999999998,0.0,0.0,0.0,0.0,0.0,0.0,0.0005,0.0,0.0,0.0,0.0005,0.0,0.0,0.0,0.002,0.9975,0.04669518407547691,1891,0.0006356267732371136,7.086712520060894e-07,0.00013927334819948534,16,20,False,0.995,0.005,0.66,fixed,100,none,371c9e91-ddfd-4fc0-aac2-c83fd387c776
1591,223500,43.93917512893677,0.99900075,0.999002,1.0,0.9960719999999998,0.0,0.0,0.0,0.0,0.0,0.0,0.0005,0.0,0.0,0.0,0.0005,0.0,0.0,0.0,0.002,0.9975,0.04669518407547691,1891,0.0006367536633635515,7.100700226463586e-07,0.00013952029021458424,16,20,False,0.995,0.005,0.66,fixed,100,none,371c9e91-ddfd-4fc0-aac2-c83fd387c776
1592,223700,43.95888924598694,0.99900075,0.999002,1.0,0.9960719999999998,0.0,0.0,0.0,0.0,0.0,0.0,0.0005,0.0,0.0,0.0,0.0005,0.0,0.0,0.0,0.002,0.9975,0.04669518407547691,1891,0.0006387156554616929,7.130639832646691e-07,0.00013995033913738488,16,20,False,0.995,0.005,0.66,fixed,100,none,371c9e91-ddfd-4fc0-aac2-c83fd387c776
1593,223800,43.97848129272461,0.99900075,0.999002,1.0,0.9960719999999998,0.0,0.0,0.0,0.0,0.0,0.0,0.0005,0.0,0.0,0.0,0.0005,0.0,0.0,0.0,0.002,0.9975,0.04669518407547691,1891,0.000636870813737052,7.111834838052777e-07,0.0001395461459889637,16,20,False,0.995,0.005,0.66,fixed,100,none,371c9e91-ddfd-4fc0-aac2-c83fd387c776
1594,223900,43.99829602241516,0.99900075,0.999002,1.0,0.9960719999999998,0.0,0.0,0.0,0.0,0.0,0.0,0.0005,0.0,0.0,0.0,0.0005,0.0,0.0,0.0,0.002,0.9975,0.04669518407547691,1891,0.0006363224820489526,7.105670038611592e-07,0.00013942599905124935,16,20,False,0.995,0.005,0.66,fixed,100,none,371c9e91-ddfd-4fc0-aac2-c83fd387c776
1595,224100,44.01817059516907,0.99900075,0.999002,1.0,0.9960719999999998,0.0,0.0,0.0,0.0,0.0,0.0,0.0005,0.0,0.0,0.0,0.0005,0.0,0.0,0.0,0.002,0.9975,0.04669518407547691,1891,0.0006363030645898256,7.109818300820915e-07,0.00013942182738642842,16,20,False,0.995,0.005,0.66,fixed,100,none,371c9e91-ddfd-4fc0-aac2-c83fd387c776
1596,224200,44.03807973861694,0.99900075,0.999002,1.0,0.9960719999999998,0.0,0.0,0.0,0.0,0.0,0.0,0.0005,0.0,0.0,0.0,0.0005,0.0,0.0,0.0,0.002,0.9975,0.04669518407547691,1891,0.0006361473186730633,7.099228767648865e-07,0.00013938753340411887,16,20,False,0.995,0.005,0.66,fixed,100,none,371c9e91-ddfd-4fc0-aac2-c83fd387c776
1597,224500,44.058151721954346,0.99900075,0.999002,1.0,0.9960719999999998,0.0,0.0,0.0,0.0,0.0,0.0,0.0005,0.0,0.0,0.0,0.0005,0.0,0.0,0.0,0.002,0.9975,0.04669518407547691,1891,0.0006363793719020214,7.11701090718079e-07,0.00013943866771658892,16,20,False,0.995,0.005,0.66,fixed,100,none,371c9e91-ddfd-4fc0-aac2-c83fd387c776
1598,224600,44.078216552734375,0.99900075,0.999002,1.0,0.9960719999999998,0.0,0.0,0.0,0.0,0.0,0.0,0.0005,0.0,0.0,0.0,0.0005,0.0,0.0,0.0,0.002,0.9975,0.04629795038975885,1892,0.000636366103752855,7.103530236531861e-07,0.00013943550718599409,16,20,False,0.995,0.005,0.66,fixed,100,none,371c9e91-ddfd-4fc0-aac2-c83fd387c776
1599,224900,44.09817314147949,0.99900075,0.999002,1.0,0.9960719999999998,0.0,0.0,0.0,0.0,0.0,0.0,0.0005,0.0,0.0,0.0,0.0005,0.0,0.0,0.0,0.002,0.9975,0.04669518407547691,1891,0.0006358803359240101,7.102117195786265e-07,0.00013932914576048576,16,20,False,0.995,0.005,0.66,fixed,100,none,371c9e91-ddfd-4fc0-aac2-c83fd387c776
1600,225000,44.11793518066406,0.99900075,0.999002,1.0,0.9960719999999998,0.0,0.0,0.0,0.0,0.0,0.0,0.0005,0.0,0.0,0.0,0.0005,0.0,0.0,0.0,0.002,0.9975,0.04669518407547691,1891,0.0006349793584680229,7.080514430856866e-07,0.0001391315113428365,16,20,False,0.995,0.005,0.66,fixed,100,none,371c9e91-ddfd-4fc0-aac2-c83fd387c776
1601,225200,44.13772773742676,0.99900075,0.999002,1.0,0.9960719999999998,0.0,0.0,0.0,0.0,0.0,0.0,0.0005,0.0,0.0,0.0,0.0005,0.0,0.0,0.0,0.002,0.9975,0.04748663639047491,1889,0.0006354596454005276,7.080161391250636e-07,0.00013923663944460926,16,20,False,0.995,0.005,0.66,fixed,100,none,371c9e91-ddfd-4fc0-aac2-c83fd387c776
1602,225300,44.15768814086914,0.99900075,0.999002,1.0,0.9960719999999998,0.0,0.0,0.0,0.0,0.0,0.0,0.0005,0.0,0.0,0.0,0.0005,0.0,0.0,0.0,0.002,0.9975,0.047091412742382266,1890,0.0006353727844155718,7.083511011230395e-07,0.00013921768921778207,16,20,False,0.995,0.005,0.66,fixed,100,none,371c9e91-ddfd-4fc0-aac2-c83fd387c776
1603,225600,44.17740201950073,0.99900075,0.999002,1.0,0.9960719999999998,0.0,0.0,0.0,0.0,0.0,0.0,0.0005,0.0,0.0,0.0,0.0005,0.0,0.0,0.0,0.002,0.9975,0.04748663639047491,1889,0.0006379461034930708,7.124502918626766e-07,0.00013978176761008713,16,20,False,0.995,0.005,0.66,fixed,100,none,371c9e91-ddfd-4fc0-aac2-c83fd387c776
1604,225700,44.19708728790283,0.99900075,0.999002,1.0,0.9960719999999998,0.0,0.0,0.0,0.0,0.0,0.0,0.0005,0.0,0.0,0.0,0.0005,0.0,0.0,0.0,0.002,0.9975,0.04748663639047491,1889,0.0006378590646645428,7.131200497003926e-07,0.0001397628420645115,16,20,False,0.995,0.005,0.66,fixed,100,none,371c9e91-ddfd-4fc0-aac2-c83fd387c776
1605,225900,44.216920614242554,0.99900075,0.999002,1.0,0.9960719999999998,0.0,0.0,0.0,0.0,0.0,0.0,0.0005,0.0,0.0,0.0,0.0005,0.0,0.0,0.0,0.002,0.9975,0.04669518407547691,1891,0.0006389248781585758,7.150132828913003e-07,0.00013999650835266162,16,20,False,0.995,0.005,0.66,fixed,100,none,371c9e91-ddfd-4fc0-aac2-c83fd387c776
1606,226000,44.23696780204773,0.99900075,0.999002,1.0,0.9960719999999998,0.0,0.0,0.0,0.0,0.0,0.0,0.0005,0.0,0.0,0.0,0.0005,0.0,0.0,0.0,0.002,0.9975,0.047091412742382266,1890,0.0006390597627982942,7.161432079406002e-07,0.00014002624928605533,16,20,False,0.995,0.005,0.66,fixed,100,none,371c9e91-ddfd-4fc0-aac2-c83fd387c776
1607,226300,44.256731033325195,0.99900075,0.999002,1.0,0.9960719999999998,0.0,0.0,0.0,0.0,0.0,0.0,0.0005,0.0,0.0,0.0,0.0005,0.0,0.0,0.0,0.002,0.9975,0.047091412742382266,1890,0.000639026616750821,7.190140366088976e-07,0.0001400195390737104,16,20,False,0.995,0.005,0.66,fixed,100,none,371c9e91-ddfd-4fc0-aac2-c83fd387c776
1608,226400,44.280436754226685,0.99900075,0.999002,1.0,0.9960719999999998,0.0,0.0,0.0,0.0,0.0,0.0,0.0005,0.0,0.0,0.0,0.0005,0.0,0.0,0.0,0.002,0.9975,0.047091412742382266,1890,0.000639484554970079,7.196427884731325e-07,0.0001401199012127602,16,20,False,0.995,0.005,0.66,fixed,100,none,371c9e91-ddfd-4fc0-aac2-c83fd387c776
1609,226700,44.300230979919434,0.99900075,0.999002,1.0,0.9960719999999998,0.0,0.0,0.0,0.0,0.0,0.0,0.0005,0.0,0.0,0.0,0.0005,0.0,0.0,0.0,0.002,0.9975,0.047091412742382266,1890,0.0006390105253254051,7.201693577482053e-07,0.00014001623617170334,16,20,False,0.995,0.005,0.66,fixed,100,none,371c9e91-ddfd-4fc0-aac2-c83fd387c776
1610,226800,44.31995415687561,0.99900075,0.999002,1.0,0.9960719999999998,0.0,0.0,0.0,0.0,0.0,0.0,0.0005,0.0,0.0,0.0,0.0005,0.0,0.0,0.0,0.002,0.9975,0.047091412742382266,1890,0.0006390701183749566,7.205226904867495e-07,0.0001400293482234705,16,20,False,0.995,0.005,0.66,fixed,100,none,371c9e91-ddfd-4fc0-aac2-c83fd387c776
1611,227000,44.339595317840576,0.99900075,0.999002,1.0,0.9960719999999998,0.0,0.0,0.0,0.0,0.0,0.0,0.0005,0.0,0.0,0.0,0.0005,0.0,0.0,0.0,0.002,0.9975,0.047091412742382266,1890,0.0006387106308347734,7.200055700685984e-07,0.00013995055814804494,16,20,False,0.995,0.005,0.66,fixed,100,none,371c9e91-ddfd-4fc0-aac2-c83fd387c776
1612,227100,44.359379291534424,0.99900075,0.999002,1.0,0.9960719999999998,0.0,0.0,0.0,0.0,0.0,0.0,0.0005,0.0,0.0,0.0,0.0005,0.0,0.0,0.0,0.002,0.9975,0.047091412742382266,1890,0.0006391403466343057,7.209773183150975e-07,0.0001400448075687294,16,20,False,0.995,0.005,0.66,fixed,100,none,371c9e91-ddfd-4fc0-aac2-c83fd387c776
1613,227400,44.37921142578125,0.99900075,0.999002,1.0,0.9960719999999998,0.0,0.0,0.0,0.0,0.0,0.0,0.0005,0.0,0.0,0.0,0.0005,0.0,0.0,0.0,0.002,0.9975,0.047091412742382266,1890,0.0006389526796955969,7.211474782795378e-07,0.0001400037596062393,16,20,False,0.995,0.005,0.66,fixed,100,none,371c9e91-ddfd-4fc0-aac2-c83fd387c776
1614,227500,44.39893579483032,0.99900075,0.999002,1.0,0.9960719999999998,0.0,0.0,0.0,0.0,0.0,0.0,0.0005,0.0,0.0,0.0,0.0005,0.0,0.0,0.0,0.002,0.9975,0.047091412742382266,1890,0.000637576172427417,7.193205295455853e-07,0.00013970209504497524,16,20,False,0.995,0.005,0.66,fixed,100,none,371c9e91-ddfd-4fc0-aac2-c83fd387c776
1615,227700,44.41859483718872,0.99900075,0.999002,1.0,0.9960719999999998,0.0,0.0,0.0,0.0,0.0,0.0,0.0005,0.0,0.0,0.0,0.0005,0.0,0.0,0.0,0.002,0.9975,0.047091412742382266,1890,0.00063871094984017,7.217052676016515e-07,0.0001399509509208575,16,20,False,0.995,0.005,0.66,fixed,100,none,371c9e91-ddfd-4fc0-aac2-c83fd387c776
1616,227800,44.438291788101196,0.99900075,0.999002,1.0,0.9960719999999998,0.0,0.0,0.0,0.0,0.0,0.0,0.0005,0.0,0.0,0.0,0.0005,0.0,0.0,0.0,0.002,0.9975,0.047091412742382266,1890,0.0006375352650202161,7.184370031634586e-07,0.0001396929725435264,16,20,False,0.995,0.005,0.66,fixed,100,none,371c9e91-ddfd-4fc0-aac2-c83fd387c776
1617,228100,44.458051443099976,0.99900075,0.999002,1.0,0.9960719999999998,0.0,0.0,0.0,0.0,0.0,0.0,0.0005,0.0,0.0,0.0,0.0005,0.0,0.0,0.0,0.002,0.9975,0.04669518407547691,1891,0.0006380715781550927,7.214109679498929e-07,0.0001398109365420603,16,20,False,0.995,0.005,0.66,fixed,100,none,371c9e91-ddfd-4fc0-aac2-c83fd387c776
1618,228200,44.47780394554138,0.99900075,0.999002,1.0,0.9960719999999998,0.0,0.0,0.0,0.0,0.0,0.0,0.0005,0.0,0.0,0.0,0.0005,0.0,0.0,0.0,0.002,0.9975,0.04669518407547691,1891,0.0006383768089933262,7.214546253924862e-07,0.00013987775986746366,16,20,False,0.995,0.005,0.66,fixed,100,none,371c9e91-ddfd-4fc0-aac2-c83fd387c776
1619,228500,44.49763298034668,0.99900075,0.999002,1.0,0.9960719999999998,0.0,0.0,0.0,0.0,0.0,0.0,0.0005,0.0,0.0,0.0,0.0005,0.0,0.0,0.0,0.002,0.9975,0.04629795038975885,1892,0.0006394507909311686,7.233769067464111e-07,0.00014011321974711463,16,20,False,0.995,0.005,0.66,fixed,100,none,371c9e91-ddfd-4fc0-aac2-c83fd387c776
1620,228600,44.51754546165466,0.99900075,0.999002,1.0,0.9960719999999998,0.0,0.0,0.0,0.0,0.0,0.0,0.0005,0.0,0.0,0.0,0.0005,0.0,0.0,0.0,0.002,0.9975,0.04629795038975885,1892,0.00063949695810557,7.236090025956581e-07,0.00014012336983980245,16,20,False,0.995,0.005,0.66,fixed,100,none,371c9e91-ddfd-4fc0-aac2-c83fd387c776
1621,228800,44.53817534446716,0.99900075,0.999002,1.0,0.9960719999999998,0.0,0.0,0.0,0.0,0.0,0.0,0.0005,0.0,0.0,0.0,0.0005,0.0,0.0,0.0,0.002,0.9975,0.04629795038975885,1892,0.000639739227157028,7.246383835450908e-07,0.000140176598117547,16,20,False,0.995,0.005,0.66,fixed,100,none,371c9e91-ddfd-4fc0-aac2-c83fd387c776
1622,228900,44.55814027786255,0.99900075,0.999002,1.0,0.9960719999999998,0.0,0.0,0.0,0.0,0.0,0.0,0.0005,0.0,0.0,0.0,0.0005,0.0,0.0,0.0,0.002,0.9975,0.04669518407547691,1891,0.0006402467328533396,7.257654120776005e-07,0.00014028790524989076,16,20,False,0.995,0.005,0.66,fixed,100,none,371c9e91-ddfd-4fc0-aac2-c83fd387c776
1623,229200,44.57801580429077,0.99900075,0.999002,1.0,0.9960719999999998,0.0,0.0,0.0,0.0,0.0,0.0,0.0005,0.0,0.0,0.0,0.0005,0.0,0.0,0.0,0.002,0.9975,0.04669518407547691,1891,0.0006416677401299959,7.253795156149884e-07,0.00014059889042242294,16,20,False,0.995,0.005,0.66,fixed,100,none,371c9e91-ddfd-4fc0-aac2-c83fd387c776
1624,229300,44.59795022010803,0.99900075,0.999002,1.0,0.9960719999999998,0.0,0.0,0.0,0.0,0.0,0.0,0.0005,0.0,0.0,0.0,0.0005,0.0,0.0,0.0,0.002,0.9975,0.04669518407547691,1891,0.0006409587768844407,7.250558872359073e-07,0.0001404436368785789,16,20,False,0.995,0.005,0.66,fixed,100,none,371c9e91-ddfd-4fc0-aac2-c83fd387c776
1625,229400,44.617774963378906,0.99900075,0.999002,1.0,0.9960719999999998,0.0,0.0,0.0,0.0,0.0,0.0,0.0005,0.0,0.0,0.0,0.0005,0.0,0.0,0.0,0.002,0.9975,0.04629795038975885,1892,0.0006412033464468559,7.253660677374139e-07,0.00014049723209008687,16,20,False,0.995,0.005,0.66,fixed,100,none,371c9e91-ddfd-4fc0-aac2-c83fd387c776
1626,229500,44.63765597343445,0.99900075,0.999002,1.0,0.9960719999999998,0.0,0.0,0.0,0.0,0.0,0.0,0.0005,0.0,0.0,0.0,0.0005,0.0,0.0,0.0,0.002,0.9975,0.04629795038975885,1892,0.0006414456309000874,7.252763992035457e-07,0.00014055025111987782,16,20,False,0.995,0.005,0.66,fixed,100,none,371c9e91-ddfd-4fc0-aac2-c83fd387c776
1627,229600,44.65764355659485,0.99900075,0.999002,1.0,0.9960719999999998,0.0,0.0,0.0,0.0,0.0,0.0,0.0005,0.0,0.0,0.0,0.0005,0.0,0.0,0.0,0.002,0.9975,0.04629795038975885,1892,0.000641514316077991,7.257714615589684e-07,0.00014056538036716845,16,20,False,0.995,0.005,0.66,fixed,100,none,371c9e91-ddfd-4fc0-aac2-c83fd387c776
1628,229900,44.67764687538147,0.99900075,0.999002,1.0,0.9960719999999998,0.0,0.0,0.0,0.0,0.0,0.0,0.0005,0.0,0.0,0.0,0.0005,0.0,0.0,0.0,0.002,0.9975,0.04669518407547691,1891,0.0006436600879518306,7.290200950179199e-07,0.00014103570707070913,16,20,False,0.995,0.005,0.66,fixed,100,none,371c9e91-ddfd-4fc0-aac2-c83fd387c776
1629,230000,44.69756722450256,0.99900075,0.999002,1.0,0.9960719999999998,0.0,0.0,0.0,0.0,0.0,0.0,0.0005,0.0,0.0,0.0,0.0005,0.0,0.0,0.0,0.002,0.9975,0.047091412742382266,1890,0.0006444155947340367,7.300748205188054e-07,0.00014120128790317922,16,20,False,0.995,0.005,0.66,fixed,100,none,371c9e91-ddfd-4fc0-aac2-c83fd387c776
1630,230300,44.717469692230225,0.99900075,0.999002,1.0,0.9960719999999998,0.0,0.0,0.0,0.0,0.0,0.0,0.0005,0.0,0.0,0.0,0.0005,0.0,0.0,0.0,0.002,0.9975,0.04748663639047491,1889,0.00064422131844715,7.296586848516135e-07,0.00014115868175820296,16,20,False,0.995,0.005,0.66,fixed,100,none,371c9e91-ddfd-4fc0-aac2-c83fd387c776
1631,230400,44.737629413604736,0.99900075,0.999002,1.0,0.9960719999999998,0.0,0.0,0.0,0.0,0.0,0.0,0.0005,0.0,0.0,0.0,0.0005,0.0,0.0,0.0,0.002,0.9975,0.04748663639047491,1889,0.0006442104737162425,7.301427904766469e-07,0.00014115639982667606,16,20,False,0.995,0.005,0.66,fixed,100,none,371c9e91-ddfd-4fc0-aac2-c83fd387c776
1632,230600,44.7574348449707,0.99900075,0.999002,1.0,0.9960719999999998,0.0,0.0,0.0,0.0,0.0,0.0,0.0005,0.0,0.0,0.0,0.0005,0.0,0.0,0.0,0.002,0.9975,0.047091412742382266,1890,0.0006441944455388818,7.283555324864333e-07,0.00014115255167963364,16,20,False,0.995,0.005,0.66,fixed,100,none,371c9e91-ddfd-4fc0-aac2-c83fd387c776
1633,230700,44.777204513549805,0.99900075,0.999002,1.0,0.9960719999999998,0.0,0.0,0.0,0.0,0.0,0.0,0.0005,0.0,0.0,0.0,0.0005,0.0,0.0,0.0,0.002,0.9975,0.047091412742382266,1890,0.0006447297371422388,7.284832839570227e-07,0.0001412697512843879,16,20,False,0.995,0.005,0.66,fixed,100,none,371c9e91-ddfd-4fc0-aac2-c83fd387c776
1634,231000,44.79733610153198,0.99900075,0.999002,1.0,0.9960719999999998,0.0,0.0,0.0,0.0,0.0,0.0,0.0005,0.0,0.0,0.0,0.0005,0.0,0.0,0.0,0.002,0.9975,0.047091412742382266,1890,0.0006463463666633757,7.287914575201175e-07,0.00014162369003954176,16,20,False,0.995,0.005,0.66,fixed,100,none,371c9e91-ddfd-4fc0-aac2-c83fd387c776
1635,231100,44.81709909439087,0.99900075,0.999002,1.0,0.9960719999999998,0.0,0.0,0.0,0.0,0.0,0.0,0.0005,0.0,0.0,0.0,0.0005,0.0,0.0,0.0,0.002,0.9975,0.047091412742382266,1890,0.0006470274430243249,7.293556672623215e-07,0.00014177288485480458,16,20,False,0.995,0.005,0.66,fixed,100,none,371c9e91-ddfd-4fc0-aac2-c83fd387c776
1636,231200,44.836865186691284,0.99900075,0.999002,1.0,0.9960719999999998,0.0,0.0,0.0,0.0,0.0,0.0,0.0005,0.0,0.0,0.0,0.0005,0.0,0.0,0.0,0.002,0.9975,0.047091412742382266,1890,0.0006479128646628838,7.30325295715675e-07,0.00014196688788089125,16,20,False,0.995,0.005,0.66,fixed,100,none,371c9e91-ddfd-4fc0-aac2-c83fd387c776
1637,231300,44.85649609565735,0.99900075,0.999002,1.0,0.9960719999999998,0.0,0.0,0.0,0.0,0.0,0.0,0.0005,0.0,0.0,0.0,0.0005,0.0,0.0,0.0,0.002,0.9975,0.04669518407547691,1891,0.000647169073160062,7.288332394488564e-07,0.00014180378843023286,16,20,False,0.995,0.005,0.66,fixed,100,none,371c9e91-ddfd-4fc0-aac2-c83fd387c776
1638,231400,44.87613654136658,0.99900075,0.999002,1.0,0.9960719999999998,0.0,0.0,0.0,0.0,0.0,0.0,0.0005,0.0,0.0,0.0,0.0005,0.0,0.0,0.0,0.002,0.9975,0.04669518407547691,1891,0.0006474182471367583,7.281290929083932e-07,0.000141858198825889,16,20,False,0.995,0.005,0.66,fixed,100,none,371c9e91-ddfd-4fc0-aac2-c83fd387c776
1639,231500,44.89580202102661,0.99900075,0.999002,1.0,0.9960719999999998,0.0,0.0,0.0,0.0,0.0,0.0,0.0005,0.0,0.0,0.0,0.0005,0.0,0.0,0.0,0.002,0.9975,0.04669518407547691,1891,0.0006469956674844657,7.273233222793202e-07,0.00014176554304358262,16,20,False,0.995,0.005,0.66,fixed,100,none,371c9e91-ddfd-4fc0-aac2-c83fd387c776
1640,231700,44.9162232875824,0.99900075,0.999002,1.0,0.9960719999999998,0.0,0.0,0.0,0.0,0.0,0.0,0.0005,0.0,0.0,0.0,0.0005,0.0,0.0,0.0,0.002,0.9975,0.047091412742382266,1890,0.0006480519133743078,7.298336541789328e-07,0.00014199723223192996,16,20,False,0.995,0.005,0.66,fixed,100,none,371c9e91-ddfd-4fc0-aac2-c83fd387c776
1641,231800,44.93590259552002,0.99900075,0.999002,1.0,0.9960719999999998,0.0,0.0,0.0,0.0,0.0,0.0,0.0005,0.0,0.0,0.0,0.0005,0.0,0.0,0.0,0.002,0.9975,0.04669518407547691,1891,0.0006494831504550229,7.331767069642996e-07,0.00014231116520892773,16,20,False,0.995,0.005,0.66,fixed,100,none,371c9e91-ddfd-4fc0-aac2-c83fd387c776
1642,232100,44.955573081970215,0.99900075,0.999002,1.0,0.9960719999999998,0.0,0.0,0.0,0.0,0.0,0.0,0.0005,0.0,0.0,0.0,0.0005,0.0,0.0,0.0,0.002,0.9975,0.047091412742382266,1890,0.0006489794983773989,7.320326187278306e-07,0.00014220069839237089,16,20,False,0.995,0.005,0.66,fixed,100,none,371c9e91-ddfd-4fc0-aac2-c83fd387c776
1643,232200,44.97534489631653,0.99900075,0.999002,1.0,0.9960719999999998,0.0,0.0,0.0,0.0,0.0,0.0,0.0005,0.0,0.0,0.0,0.0005,0.0,0.0,0.0,0.002,0.9975,0.04669518407547691,1891,0.0006499788644494151,7.314494170168632e-07,0.00014241934881721016,16,20,False,0.995,0.005,0.66,fixed,100,none,371c9e91-ddfd-4fc0-aac2-c83fd387c776
1644,232400,44.99518036842346,0.99900075,0.999002,1.0,0.9960719999999998,0.0,0.0,0.0,0.0,0.0,0.0,0.0005,0.0,0.0,0.0,0.0005,0.0,0.0,0.0,0.002,0.9975,0.04669518407547691,1891,0.0006499971312862046,7.315155120260794e-07,0.00014242335998583517,16,20,False,0.995,0.005,0.66,fixed,100,none,371c9e91-ddfd-4fc0-aac2-c83fd387c776
1645,232500,45.015032052993774,0.99900075,0.999002,1.0,0.9960719999999998,0.0,0.0,0.0,0.0,0.0,0.0,0.0005,0.0,0.0,0.0,0.0005,0.0,0.0,0.0,0.002,0.9975,0.04669518407547691,1891,0.0006496430709813288,7.293792092728625e-07,0.00014234545028757472,16,20,False,0.995,0.005,0.66,fixed,100,none,371c9e91-ddfd-4fc0-aac2-c83fd387c776
1646,232800,45.03494191169739,0.99900075,0.999002,1.0,0.9960719999999998,0.0,0.0,0.0,0.0,0.0,0.0,0.0005,0.0,0.0,0.0,0.0005,0.0,0.0,0.0,0.002,0.9975,0.04669518407547691,1891,0.0006495984308578064,7.29049242227114e-07,0.00014233561587079696,16,20,False,0.995,0.005,0.66,fixed,100,none,371c9e91-ddfd-4fc0-aac2-c83fd387c776
1647,232900,45.05366230010986,0.99900075,0.999002,1.0,0.9960719999999998,0.0,0.0,0.0,0.0,0.0,0.0,0.0005,0.0,0.0,0.0,0.0005,0.0,0.0,0.0,0.002,0.9975,0.04669518407547691,1891,0.0006493332128288017,7.30260731764073e-07,0.00014227778982725986,16,20,False,0.995,0.005,0.66,fixed,100,none,371c9e91-ddfd-4fc0-aac2-c83fd387c776
1648,233100,45.07362222671509,0.99900075,0.999002,1.0,0.9960719999999998,0.0,0.0,0.0,0.0,0.0,0.0,0.0005,0.0,0.0,0.0,0.0005,0.0,0.0,0.0,0.002,0.9975,0.04669518407547691,1891,0.0006489165167292886,7.30501507502904e-07,0.00014218662079846684,16,20,False,0.995,0.005,0.66,fixed,100,none,371c9e91-ddfd-4fc0-aac2-c83fd387c776
1649,233200,45.09359955787659,0.99900075,0.999002,1.0,0.9960719999999998,0.0,0.0,0.0,0.0,0.0,0.0,0.0005,0.0,0.0,0.0,0.0005,0.0,0.0,0.0,0.002,0.9975,0.04669518407547691,1891,0.0006486097840846567,7.292822398383839e-07,0.00014211924536170064,16,20,False,0.995,0.005,0.66,fixed,100,none,371c9e91-ddfd-4fc0-aac2-c83fd387c776
1650,233300,45.113903522491455,0.99900075,0.999002,1.0,0.9960719999999998,0.0,0.0,0.0,0.0,0.0,0.0,0.0005,0.0,0.0,0.0,0.0005,0.0,0.0,0.0,0.002,0.9975,0.04669518407547691,1891,0.0006486508069692297,7.286786726722987e-07,0.0001421281105933721,16,20,False,0.995,0.005,0.66,fixed,100,none,371c9e91-ddfd-4fc0-aac2-c83fd387c776
1651,233500,45.13386058807373,0.99900075,0.999002,1.0,0.9960719999999998,0.0,0.0,0.0,0.0,0.0,0.0,0.0005,0.0,0.0,0.0,0.0005,0.0,0.0,0.0,0.002,0.9975,0.04669518407547691,1891,0.0006497832317080916,7.287154823248335e-07,0.00014237600536254298,16,20,False,0.995,0.005,0.66,fixed,100,none,371c9e91-ddfd-4fc0-aac2-c83fd387c776
1652,233600,45.153563261032104,0.99900075,0.999002,1.0,0.9960719999999998,0.0,0.0,0.0,0.0,0.0,0.0,0.0005,0.0,0.0,0.0,0.0005,0.0,0.0,0.0,0.002,0.9975,0.04669518407547691,1891,0.0006491222345505095,7.279751777846371e-07,0.0001422311724268856,16,20,False,0.995,0.005,0.66,fixed,100,none,371c9e91-ddfd-4fc0-aac2-c83fd387c776
1653,233900,45.17340445518494,0.99900075,0.999002,1.0,0.9960719999999998,0.0,0.0,0.0,0.0,0.0,0.0,0.0005,0.0,0.0,0.0,0.0005,0.0,0.0,0.0,0.002,0.9975,0.04669518407547691,1891,0.0006487699613377623,7.279420741722295e-07,0.0001421540535309289,16,20,False,0.995,0.005,0.66,fixed,100,none,371c9e91-ddfd-4fc0-aac2-c83fd387c776
1654,234000,45.193267583847046,0.99900075,0.999002,1.0,0.9960719999999998,0.0,0.0,0.0,0.0,0.0,0.0,0.0005,0.0,0.0,0.0,0.0005,0.0,0.0,0.0,0.002,0.9975,0.04669518407547691,1891,0.0006493169707513642,7.278285596873794e-07,0.00014227377232381422,16,20,False,0.995,0.005,0.66,fixed,100,none,371c9e91-ddfd-4fc0-aac2-c83fd387c776
1655,234200,45.21316862106323,0.99900075,0.999002,1.0,0.9960719999999998,0.0,0.0,0.0,0.0,0.0,0.0,0.0005,0.0,0.0,0.0,0.0005,0.0,0.0,0.0,0.002,0.9975,0.04669518407547691,1891,0.0006526638831687496,7.333654689222455e-07,0.0001430074634647345,16,20,False,0.995,0.005,0.66,fixed,100,none,371c9e91-ddfd-4fc0-aac2-c83fd387c776
1656,234300,45.23309111595154,0.99900075,0.999002,1.0,0.9960719999999998,0.0,0.0,0.0,0.0,0.0,0.0,0.0005,0.0,0.0,0.0,0.0005,0.0,0.0,0.0,0.002,0.9975,0.04669518407547691,1891,0.000652692185310996,7.336956308245029e-07,0.00014301372153443368,16,20,False,0.995,0.005,0.66,fixed,100,none,371c9e91-ddfd-4fc0-aac2-c83fd387c776
1657,234600,45.25285077095032,0.99900075,0.999002,1.0,0.9960719999999998,0.0,0.0,0.0,0.0,0.0,0.0,0.0005,0.0,0.0,0.0,0.0005,0.0,0.0,0.0,0.002,0.9975,0.04669518407547691,1891,0.0006539852939256281,7.351660280522378e-07,0.00014329706238564994,16,20,False,0.995,0.005,0.66,fixed,100,none,371c9e91-ddfd-4fc0-aac2-c83fd387c776
1658,234700,45.272642612457275,0.99900075,0.999002,1.0,0.9960719999999998,0.0,0.0,0.0,0.0,0.0,0.0,0.0005,0.0,0.0,0.0,0.0005,0.0,0.0,0.0,0.002,0.9975,0.047091412742382266,1890,0.0006545101122875898,7.353644311137202e-07,0.000143411982821665,16,20,False,0.995,0.005,0.66,fixed,100,none,371c9e91-ddfd-4fc0-aac2-c83fd387c776
1659,235000,45.292391300201416,0.99900075,0.999002,1.0,0.9960719999999998,0.0,0.0,0.0,0.0,0.0,0.0,0.0005,0.0,0.0,0.0,0.0005,0.0,0.0,0.0,0.002,0.9975,0.047091412742382266,1890,0.0006547919466272738,7.333004632648334e-07,0.00014347328420473055,16,20,False,0.995,0.005,0.66,fixed,100,none,371c9e91-ddfd-4fc0-aac2-c83fd387c776
1660,235100,45.312153577804565,0.99900075,0.999002,1.0,0.9960719999999998,0.0,0.0,0.0,0.0,0.0,0.0,0.0005,0.0,0.0,0.0,0.0005,0.0,0.0,0.0,0.002,0.9975,0.047091412742382266,1890,0.0006532270888775203,7.300458936375139e-07,0.00014313011847508033,16,20,False,0.995,0.005,0.66,fixed,100,none,371c9e91-ddfd-4fc0-aac2-c83fd387c776
1661,235300,45.331926107406616,0.99900075,0.999002,1.0,0.9960719999999998,0.0,0.0,0.0,0.0,0.0,0.0,0.0005,0.0,0.0,0.0,0.0005,0.0,0.0,0.0,0.002,0.9975,0.047091412742382266,1890,0.0006537433266980865,7.301591459538827e-07,0.00014324314445194236,16,20,False,0.995,0.005,0.66,fixed,100,none,371c9e91-ddfd-4fc0-aac2-c83fd387c776
1662,235400,45.35157012939453,0.99900075,0.999002,1.0,0.9960719999999998,0.0,0.0,0.0,0.0,0.0,0.0,0.0005,0.0,0.0,0.0,0.0005,0.0,0.0,0.0,0.002,0.9975,0.047091412742382266,1890,0.000653691973685366,7.309919701372345e-07,0.0001432320615140527,16,20,False,0.995,0.005,0.66,fixed,100,none,371c9e91-ddfd-4fc0-aac2-c83fd387c776
1663,235700,45.371357440948486,0.99900075,0.999002,1.0,0.9960719999999998,0.0,0.0,0.0,0.0,0.0,0.0,0.0005,0.0,0.0,0.0,0.0005,0.0,0.0,0.0,0.002,0.9975,0.04669518407547691,1891,0.0006527506632309345,7.292575672100223e-07,0.00014302567911902148,16,20,False,0.995,0.005,0.66,fixed,100,none,371c9e91-ddfd-4fc0-aac2-c83fd387c776
1664,235800,45.39111137390137,0.99900075,0.999002,1.0,0.9960719999999998,0.0,0.0,0.0,0.0,0.0,0.0,0.0005,0.0,0.0,0.0,0.0005,0.0,0.0,0.0,0.002,0.9975,0.04669518407547691,1891,0.0006523612189973893,7.295382700493116e-07,0.0001429404831098379,16,20,False,0.995,0.005,0.66,fixed,100,none,371c9e91-ddfd-4fc0-aac2-c83fd387c776
1665,236000,45.41100573539734,0.99900075,0.999002,1.0,0.9960719999999998,0.0,0.0,0.0,0.0,0.0,0.0,0.0005,0.0,0.0,0.0,0.0005,0.0,0.0,0.0,0.002,0.9975,0.04669518407547691,1891,0.0006540265788263498,7.313270115132697e-07,0.0001433053702372755,16,20,False,0.995,0.005,0.66,fixed,100,none,371c9e91-ddfd-4fc0-aac2-c83fd387c776
1666,236100,45.43085789680481,0.99900075,0.999002,1.0,0.9960719999999998,0.0,0.0,0.0,0.0,0.0,0.0,0.0005,0.0,0.0,0.0,0.0005,0.0,0.0,0.0,0.002,0.9975,0.04669518407547691,1891,0.0006541797365776663,7.332558238644226e-07,0.0001433392629433854,16,20,False,0.995,0.005,0.66,fixed,100,none,371c9e91-ddfd-4fc0-aac2-c83fd387c776
1667,236400,45.45076322555542,0.99900075,0.999002,1.0,0.9960719999999998,0.0,0.0,0.0,0.0,0.0,0.0,0.0005,0.0,0.0,0.0,0.0005,0.0,0.0,0.0,0.002,0.9975,0.04669518407547691,1891,0.0006534291261996081,7.313905930832809e-07,0.00014317459993778005,16,20,False,0.995,0.005,0.66,fixed,100,none,371c9e91-ddfd-4fc0-aac2-c83fd387c776
1668,236500,45.470412492752075,0.99900075,0.999002,1.0,0.9960719999999998,0.0,0.0,0.0,0.0,0.0,0.0,0.0005,0.0,0.0,0.0,0.0005,0.0,0.0,0.0,0.002,0.9975,0.04669518407547691,1891,0.0006538949836261702,7.320641043723157e-07,0.0001432767040955994,16,20,False,0.995,0.005,0.66,fixed,100,none,371c9e91-ddfd-4fc0-aac2-c83fd387c776
1669,236800,45.49009394645691,0.99900075,0.999002,1.0,0.9960719999999998,0.0,0.0,0.0,0.0,0.0,0.0,0.0005,0.0,0.0,0.0,0.0005,0.0,0.0,0.0,0.002,0.9975,0.04669518407547691,1891,0.000654794772417336,7.33651786828051e-07,0.0001434739695216522,16,20,False,0.995,0.005,0.66,fixed,100,none,371c9e91-ddfd-4fc0-aac2-c83fd387c776
1670,236900,45.50974750518799,0.99900075,0.999002,1.0,0.9960719999999998,0.0,0.0,0.0,0.0,0.0,0.0,0.0005,0.0,0.0,0.0,0.0005,0.0,0.0,0.0,0.002,0.9975,0.04669518407547691,1891,0.0006554357574764919,7.344544990167769e-07,0.00014361443366641728,16,20,False,0.995,0.005,0.66,fixed,100,none,371c9e91-ddfd-4fc0-aac2-c83fd387c776
1671,237000,45.52977895736694,0.99900075,0.999002,1.0,0.9960719999999998,0.0,0.0,0.0,0.0,0.0,0.0,0.0005,0.0,0.0,0.0,0.0005,0.0,0.0,0.0,0.002,0.9975,0.04669518407547691,1891,0.000656356365523763,7.357480401436229e-07,0.00014381620054077903,16,20,False,0.995,0.005,0.66,fixed,100,none,371c9e91-ddfd-4fc0-aac2-c83fd387c776
1672,237100,45.5497841835022,0.99900075,0.999002,1.0,0.9960719999999998,0.0,0.0,0.0,0.0,0.0,0.0,0.0005,0.0,0.0,0.0,0.0005,0.0,0.0,0.0,0.002,0.9975,0.04669518407547691,1891,0.0006570492555519447,7.365572322143316e-07,0.00014396802791444142,16,20,False,0.995,0.005,0.66,fixed,100,none,371c9e91-ddfd-4fc0-aac2-c83fd387c776
1673,237200,45.570051431655884,0.99900075,0.999002,1.0,0.9960719999999998,0.0,0.0,0.0,0.0,0.0,0.0,0.0005,0.0,0.0,0.0,0.0005,0.0,0.0,0.0,0.002,0.9975,0.04669518407547691,1891,0.0006569497032360673,7.368191832874591e-07,0.00014394628568319975,16,20,False,0.995,0.005,0.66,fixed,100,none,371c9e91-ddfd-4fc0-aac2-c83fd387c776
1674,237500,45.589991331100464,0.99900075,0.999002,1.0,0.9960719999999998,0.0,0.0,0.0,0.0,0.0,0.0,0.0005,0.0,0.0,0.0,0.0005,0.0,0.0,0.0,0.002,0.9975,0.04669518407547691,1891,0.0006559811408572584,7.345980748689312e-07,0.00014373384536787897,16,20,False,0.995,0.005,0.66,fixed,100,none,371c9e91-ddfd-4fc0-aac2-c83fd387c776
1675,237600,45.609825134277344,0.99900075,0.999002,1.0,0.9960719999999998,0.0,0.0,0.0,0.0,0.0,0.0,0.0005,0.0,0.0,0.0,0.0005,0.0,0.0,0.0,0.002,0.9975,0.047091412742382266,1890,0.0006556022121429442,7.368520653341973e-07,0.000143651326130504,16,20,False,0.995,0.005,0.66,fixed,100,none,371c9e91-ddfd-4fc0-aac2-c83fd387c776
1676,237800,45.629088401794434,0.99900075,0.999002,1.0,0.9960719999999998,0.0,0.0,0.0,0.0,0.0,0.0,0.0005,0.0,0.0,0.0,0.0005,0.0,0.0,0.0,0.002,0.9975,0.04669518407547691,1891,0.0006563504545307121,7.405674480549459e-07,0.00014381582231190332,16,20,False,0.995,0.005,0.66,fixed,100,none,371c9e91-ddfd-4fc0-aac2-c83fd387c776
1677,237900,45.6489315032959,0.99900075,0.999002,1.0,0.9960719999999998,0.0,0.0,0.0,0.0,0.0,0.0,0.0005,0.0,0.0,0.0,0.0005,0.0,0.0,0.0,0.002,0.9975,0.04669518407547691,1891,0.0006577833165186371,7.426875818647953e-07,0.000144129878626484,16,20,False,0.995,0.005,0.66,fixed,100,none,371c9e91-ddfd-4fc0-aac2-c83fd387c776
1678,238200,45.66862344741821,0.99900075,0.999002,1.0,0.9960719999999998,0.0,0.0,0.0,0.0,0.0,0.0,0.0005,0.0,0.0,0.0,0.0005,0.0,0.0,0.0,0.002,0.9975,0.047091412742382266,1890,0.0006588817863165616,7.465825252571071e-07,0.00014437107370449419,16,20,False,0.995,0.005,0.66,fixed,100,none,371c9e91-ddfd-4fc0-aac2-c83fd387c776
1679,238300,45.688350200653076,0.99900075,0.999002,1.0,0.9960719999999998,0.0,0.0,0.0,0.0,0.0,0.0,0.0005,0.0,0.0,0.0,0.0005,0.0,0.0,0.0,0.002,0.9975,0.047091412742382266,1890,0.000659639759882363,7.481274634851179e-07,0.00014453728765631145,16,20,False,0.995,0.005,0.66,fixed,100,none,371c9e91-ddfd-4fc0-aac2-c83fd387c776
1680,238600,45.7079873085022,0.99900075,0.999002,1.0,0.9960719999999998,0.0,0.0,0.0,0.0,0.0,0.0,0.0005,0.0,0.0,0.0,0.0005,0.0,0.0,0.0,0.002,0.9975,0.047091412742382266,1890,0.0006616775021003308,7.526968858747453e-07,0.00014498421761807863,16,20,False,0.995,0.005,0.66,fixed,100,none,371c9e91-ddfd-4fc0-aac2-c83fd387c776
1681,238700,45.727588176727295,0.99900075,0.999002,1.0,0.9960719999999998,0.0,0.0,0.0,0.0,0.0,0.0,0.0005,0.0,0.0,0.0,0.0005,0.0,0.0,0.0,0.002,0.9975,0.047091412742382266,1890,0.0006617553706034126,7.527661566919295e-07,0.00014500127619485848,16,20,False,0.995,0.005,0.66,fixed,100,none,371c9e91-ddfd-4fc0-aac2-c83fd387c776
1682,238900,45.747236251831055,0.99900075,0.999002,1.0,0.9960719999999998,0.0,0.0,0.0,0.0,0.0,0.0,0.0005,0.0,0.0,0.0,0.0005,0.0,0.0,0.0,0.002,0.9975,0.047091412742382266,1890,0.0006616289379680644,7.523724784493597e-07,0.00014497352529211467,16,20,False,0.995,0.005,0.66,fixed,100,none,371c9e91-ddfd-4fc0-aac2-c83fd387c776
1683,239000,45.766823530197144,0.99900075,0.999002,1.0,0.9960719999999998,0.0,0.0,0.0,0.0,0.0,0.0,0.0005,0.0,0.0,0.0,0.0005,0.0,0.0,0.0,0.002,0.9975,0.047091412742382266,1890,0.0006628725725645132,7.532982931302294e-07,0.0001452459328100667,16,20,False,0.995,0.005,0.66,fixed,100,none,371c9e91-ddfd-4fc0-aac2-c83fd387c776
1684,239300,45.78656888008118,0.99900075,0.999002,1.0,0.9960719999999998,0.0,0.0,0.0,0.0,0.0,0.0,0.0005,0.0,0.0,0.0,0.0005,0.0,0.0,0.0,0.002,0.9975,0.047091412742382266,1890,0.0006618200702614406,7.519354803901272e-07,0.00014501528112150346,16,20,False,0.995,0.005,0.66,fixed,100,none,371c9e91-ddfd-4fc0-aac2-c83fd387c776
1685,239400,45.806549072265625,0.99900075,0.999002,1.0,0.9960719999999998,0.0,0.0,0.0,0.0,0.0,0.0,0.0005,0.0,0.0,0.0,0.0005,0.0,0.0,0.0,0.002,0.9975,0.047091412742382266,1890,0.0006628497983367027,7.518923730598052e-07,0.00014524068040678559,16,20,False,0.995,0.005,0.66,fixed,100,none,371c9e91-ddfd-4fc0-aac2-c83fd387c776
1686,239600,45.826411485672,0.99900075,0.999002,1.0,0.9960719999999998,0.0,0.0,0.0,0.0,0.0,0.0,0.0005,0.0,0.0,0.0,0.0005,0.0,0.0,0.0,0.002,0.9975,0.047091412742382266,1890,0.0006601720543070079,7.495825911748276e-07,0.00014465408338012727,16,20,False,0.995,0.005,0.66,fixed,100,none,371c9e91-ddfd-4fc0-aac2-c83fd387c776
1687,239700,45.84626865386963,0.99900075,0.999002,1.0,0.9960719999999998,0.0,0.0,0.0,0.0,0.0,0.0,0.0005,0.0,0.0,0.0,0.0005,0.0,0.0,0.0,0.002,0.9975,0.047091412742382266,1890,0.0006607760724718562,7.508813984079626e-07,0.00014478654972978686,16,20,False,0.995,0.005,0.66,fixed,100,none,371c9e91-ddfd-4fc0-aac2-c83fd387c776
1688,240000,45.86599254608154,0.99900075,0.999002,1.0,0.9960719999999998,0.0,0.0,0.0,0.0,0.0,0.0,0.0005,0.0,0.0,0.0,0.0005,0.0,0.0,0.0,0.002,0.9975,0.047091412742382266,1890,0.000662593365045666,7.535279001520413e-07,0.00014518485790952518,16,20,False,0.995,0.005,0.66,fixed,100,none,371c9e91-ddfd-4fc0-aac2-c83fd387c776
1689,240100,45.88564968109131,0.99900075,0.999002,1.0,0.9960719999999998,0.0,0.0,0.0,0.0,0.0,0.0,0.0005,0.0,0.0,0.0,0.0005,0.0,0.0,0.0,0.002,0.9975,0.04669518407547691,1891,0.0006641646178104183,7.589385875310086e-07,0.00014552983317033148,16,20,False,0.995,0.005,0.66,fixed,100,none,371c9e91-ddfd-4fc0-aac2-c83fd387c776
1690,240400,45.905357360839844,0.99900075,0.999002,1.0,0.9960719999999998,0.0,0.0,0.0,0.0,0.0,0.0,0.0005,0.0,0.0,0.0,0.0005,0.0,0.0,0.0,0.002,0.9975,0.04669518407547691,1891,0.0006649200734872429,7.594032936999101e-07,0.00014569529071216045,16,20,False,0.995,0.005,0.66,fixed,100,none,371c9e91-ddfd-4fc0-aac2-c83fd387c776
1691,240500,45.92507791519165,0.99900075,0.999002,1.0,0.9960719999999998,0.0,0.0,0.0,0.0,0.0,0.0,0.0005,0.0,0.0,0.0,0.0005,0.0,0.0,0.0,0.002,0.9975,0.047091412742382266,1890,0.0006639241853028829,7.588468085993888e-07,0.00014547718505643497,16,20,False,0.995,0.005,0.66,fixed,100,none,371c9e91-ddfd-4fc0-aac2-c83fd387c776
1692,240700,45.94480061531067,0.99900075,0.999002,1.0,0.9960719999999998,0.0,0.0,0.0,0.0,0.0,0.0,0.0005,0.0,0.0,0.0,0.0005,0.0,0.0,0.0,0.002,0.9975,0.047091412742382266,1890,0.0006655181080636734,7.61274444200011e-07,0.00014582655599953612,16,20,False,0.995,0.005,0.66,fixed,100,none,371c9e91-ddfd-4fc0-aac2-c83fd387c776
1693,240800,45.964797258377075,0.99900075,0.999002,1.0,0.9960719999999998,0.0,0.0,0.0,0.0,0.0,0.0,0.0005,0.0,0.0,0.0,0.0005,0.0,0.0,0.0,0.002,0.9975,0.047091412742382266,1890,0.000666760836523895,7.64186608531189e-07,0.00014609914257070157,16,20,False,0.995,0.005,0.66,fixed,100,none,371c9e91-ddfd-4fc0-aac2-c83fd387c776
1694,240900,45.984617471694946,0.99900075,0.999002,1.0,0.9960719999999998,0.0,0.0,0.0,0.0,0.0,0.0,0.0005,0.0,0.0,0.0,0.0005,0.0,0.0,0.0,0.002,0.9975,0.047091412742382266,1890,0.0006670854764454676,7.636995281001331e-07,0.0001461701137042519,16,20,False,0.995,0.005,0.66,fixed,100,none,371c9e91-ddfd-4fc0-aac2-c83fd387c776
1695,241000,46.004377365112305,0.99900075,0.999002,1.0,0.9960719999999998,0.0,0.0,0.0,0.0,0.0,0.0,0.0005,0.0,0.0,0.0,0.0005,0.0,0.0,0.0,0.002,0.9975,0.04669518407547691,1891,0.0006673565332062182,7.647214225991467e-07,0.000146229642189135,16,20,False,0.995,0.005,0.66,fixed,100,none,371c9e91-ddfd-4fc0-aac2-c83fd387c776
1696,241100,46.02385234832764,0.99900075,0.999002,1.0,0.9960719999999998,0.0,0.0,0.0,0.0,0.0,0.0,0.0005,0.0,0.0,0.0,0.0005,0.0,0.0,0.0,0.002,0.9975,0.04669518407547691,1891,0.0006675012704472128,7.644158512353473e-07,0.0001462612671126296,16,20,False,0.995,0.005,0.66,fixed,100,none,371c9e91-ddfd-4fc0-aac2-c83fd387c776
1697,241200,46.043452739715576,0.99900075,0.999002,1.0,0.9960719999999998,0.0,0.0,0.0,0.0,0.0,0.0,0.0005,0.0,0.0,0.0,0.0005,0.0,0.0,0.0,0.002,0.9975,0.046297950389758855,1892,0.0006668430254803734,7.652320018743232e-07,0.00014611733235800987,16,20,False,0.995,0.005,0.66,fixed,100,none,371c9e91-ddfd-4fc0-aac2-c83fd387c776
1698,241400,46.06308674812317,0.99900075,0.999002,1.0,0.9960719999999998,0.0,0.0,0.0,0.0,0.0,0.0,0.0005,0.0,0.0,0.0,0.0005,0.0,0.0,0.0,0.002,0.9975,0.04669518407547691,1891,0.0006687573052830348,7.706365640558821e-07,0.00014653739507362694,16,20,False,0.995,0.005,0.66,fixed,100,none,371c9e91-ddfd-4fc0-aac2-c83fd387c776
1699,241500,46.08273220062256,0.99900075,0.999002,1.0,0.9960719999999998,0.0,0.0,0.0,0.0,0.0,0.0,0.0005,0.0,0.0,0.0,0.0005,0.0,0.0,0.0,0.002,0.9975,0.047091412742382266,1890,0.0006696196115665586,7.722519683242397e-07,0.00014672646084590128,16,20,False,0.995,0.005,0.66,fixed,100,none,371c9e91-ddfd-4fc0-aac2-c83fd387c776
1700,241800,46.10243558883667,0.99900075,0.999002,1.0,0.9960719999999998,0.0,0.0,0.0,0.0,0.0,0.0,0.0005,0.0,0.0,0.0,0.0005,0.0,0.0,0.0,0.002,0.9975,0.04669518407547691,1891,0.0006719423404940197,7.767478522200533e-07,0.00014723576042606276,16,20,False,0.995,0.005,0.66,fixed,100,none,371c9e91-ddfd-4fc0-aac2-c83fd387c776
1701,241900,46.122066259384155,0.99900075,0.999002,1.0,0.9960719999999998,0.0,0.0,0.0,0.0,0.0,0.0,0.0005,0.0,0.0,0.0,0.0005,0.0,0.0,0.0,0.002,0.9975,0.04669518407547691,1891,0.0006719423404940197,7.767478522200533e-07,0.00014723576042606276,16,20,False,0.995,0.005,0.66,fixed,100,none,371c9e91-ddfd-4fc0-aac2-c83fd387c776
1702,242200,46.141977310180664,0.99900075,0.999002,1.0,0.9960719999999998,0.0,0.0,0.0,0.0,0.0,0.0,0.0005,0.0,0.0,0.0,0.0005,0.0,0.0,0.0,0.002,0.9975,0.047091412742382266,1890,0.000672738048491287,7.776454080880618e-07,0.00014741011144227945,16,20,False,0.995,0.005,0.66,fixed,100,none,371c9e91-ddfd-4fc0-aac2-c83fd387c776
1703,242300,46.16154479980469,0.99900075,0.999002,1.0,0.9960719999999998,0.0,0.0,0.0,0.0,0.0,0.0,0.0005,0.0,0.0,0.0,0.0005,0.0,0.0,0.0,0.002,0.9975,0.047091412742382266,1890,0.0006738155389735569,7.809769410002763e-07,0.00014764660710010167,16,20,False,0.995,0.005,0.66,fixed,100,none,371c9e91-ddfd-4fc0-aac2-c83fd387c776
1704,242500,46.18136525154114,0.99900075,0.999002,1.0,0.9960719999999998,0.0,0.0,0.0,0.0,0.0,0.0,0.0005,0.0,0.0,0.0,0.0005,0.0,0.0,0.0,0.002,0.9975,0.04669518407547691,1891,0.0006764468931660219,7.856050740228053e-07,0.0001482234898781065,16,20,False,0.995,0.005,0.66,fixed,100,none,371c9e91-ddfd-4fc0-aac2-c83fd387c776
1705,242600,46.201205015182495,0.99900075,0.999002,1.0,0.9960719999999998,0.0,0.0,0.0,0.0,0.0,0.0,0.0005,0.0,0.0,0.0,0.0005,0.0,0.0,0.0,0.002,0.9975,0.04629795038975885,1892,0.0006772058162420231,7.872358328308414e-07,0.00014838992798361673,16,20,False,0.995,0.005,0.66,fixed,100,none,371c9e91-ddfd-4fc0-aac2-c83fd387c776
1706,242900,46.221271276474,0.99900075,0.999002,1.0,0.9960719999999998,0.0,0.0,0.0,0.0,0.0,0.0,0.0005,0.0,0.0,0.0,0.0005,0.0,0.0,0.0,0.002,0.9975,0.045899711685228106,1893,0.0006791109562055022,7.890171534597978e-07,0.0001488073015725418,16,20,False,0.995,0.005,0.66,fixed,100,none,371c9e91-ddfd-4fc0-aac2-c83fd387c776
1707,243000,46.241002559661865,0.99900075,0.999002,1.0,0.9960719999999998,0.0,0.0,0.0,0.0,0.0,0.0,0.0005,0.0,0.0,0.0,0.0005,0.0,0.0,0.0,0.002,0.9975,0.045899711685228106,1893,0.0006791265847739412,7.897382258857589e-07,0.00014881085966993404,16,20,False,0.995,0.005,0.66,fixed,100,none,371c9e91-ddfd-4fc0-aac2-c83fd387c776
1708,243200,46.2606201171875,0.99900075,0.999002,1.0,0.9960719999999998,0.0,0.0,0.0,0.0,0.0,0.0,0.0005,0.0,0.0,0.0,0.0005,0.0,0.0,0.0,0.002,0.9975,0.04629795038975885,1892,0.0006802086800397028,7.921393481824125e-07,0.0001490481865368456,16,20,False,0.995,0.005,0.66,fixed,100,none,371c9e91-ddfd-4fc0-aac2-c83fd387c776
1709,243300,46.28032827377319,0.99900075,0.999002,1.0,0.9960719999999998,0.0,0.0,0.0,0.0,0.0,0.0,0.0005,0.0,0.0,0.0,0.0005,0.0,0.0,0.0,0.002,0.9975,0.04629795038975885,1892,0.0006811055502676399,7.936522728969767e-07,0.0001492447988854368,16,20,False,0.995,0.005,0.66,fixed,100,none,371c9e91-ddfd-4fc0-aac2-c83fd387c776
1710,243600,46.29989147186279,0.99900075,0.999002,1.0,0.9960719999999998,0.0,0.0,0.0,0.0,0.0,0.0,0.0005,0.0,0.0,0.0,0.0005,0.0,0.0,0.0,0.002,0.9975,0.047091412742382266,1890,0.0006814243518239993,7.961087274842182e-07,0.00014931505127249546,16,20,False,0.995,0.005,0.66,fixed,100,none,371c9e91-ddfd-4fc0-aac2-c83fd387c776
1711,243700,46.31941294670105,0.99900075,0.999002,1.0,0.9960719999999998,0.0,0.0,0.0,0.0,0.0,0.0,0.0005,0.0,0.0,0.0,0.0005,0.0,0.0,0.0,0.002,0.9975,0.047091412742382266,1890,0.0006808658513455857,7.956828926587233e-07,0.0001491927146091539,16,20,False,0.995,0.005,0.66,fixed,100,none,371c9e91-ddfd-4fc0-aac2-c83fd387c776
1712,244000,46.33890342712402,0.99900075,0.999002,1.0,0.9960719999999998,0.0,0.0,0.0,0.0,0.0,0.0,0.0005,0.0,0.0,0.0,0.0005,0.0,0.0,0.0,0.002,0.9975,0.04669518407547691,1891,0.0006833356455841672,8.002381750074428e-07,0.0001497342180716256,16,20,False,0.995,0.005,0.66,fixed,100,none,371c9e91-ddfd-4fc0-aac2-c83fd387c776
1713,244100,46.35838317871094,0.99900075,0.999002,1.0,0.9960719999999998,0.0,0.0,0.0,0.0,0.0,0.0,0.0005,0.0,0.0,0.0,0.0005,0.0,0.0,0.0,0.002,0.9975,0.04669518407547691,1891,0.0006832811879393295,8.013921865916319e-07,0.00014972251655537164,16,20,False,0.995,0.005,0.66,fixed,100,none,371c9e91-ddfd-4fc0-aac2-c83fd387c776
1714,244300,46.37802767753601,0.99900075,0.999002,1.0,0.9960719999999998,0.0,0.0,0.0,0.0,0.0,0.0,0.0005,0.0,0.0,0.0,0.0005,0.0,0.0,0.0,0.002,0.9975,0.04669518407547691,1891,0.0006841981718766281,8.016794067006352e-07,0.00014992329891106703,16,20,False,0.995,0.005,0.66,fixed,100,none,371c9e91-ddfd-4fc0-aac2-c83fd387c776
1715,244400,46.397738456726074,0.99900075,0.999002,1.0,0.9960719999999998,0.0,0.0,0.0,0.0,0.0,0.0,0.0005,0.0,0.0,0.0,0.0005,0.0,0.0,0.0,0.002,0.9975,0.04669518407547691,1891,0.0006841459064202102,8.011983491075309e-07,0.00014991176660171445,16,20,False,0.995,0.005,0.66,fixed,100,none,371c9e91-ddfd-4fc0-aac2-c83fd387c776
1716,244700,46.417447328567505,0.99900075,0.999002,1.0,0.9960719999999998,0.0,0.0,0.0,0.0,0.0,0.0,0.0005,0.0,0.0,0.0,0.0005,0.0,0.0,0.0,0.002,0.9975,0.04629795038975885,1892,0.0006838851109002655,7.989965408206928e-07,0.00014985426011882404,16,20,False,0.995,0.005,0.66,fixed,100,none,371c9e91-ddfd-4fc0-aac2-c83fd387c776
1717,244800,46.43727111816406,0.99900075,0.999002,1.0,0.9960719999999998,0.0,0.0,0.0,0.0,0.0,0.0,0.0005,0.0,0.0,0.0,0.0005,0.0,0.0,0.0,0.002,0.9975,0.04629795038975885,1892,0.0006850123905741446,8.003040447569147e-07,0.00015010127006518406,16,20,False,0.995,0.005,0.66,fixed,100,none,371c9e91-ddfd-4fc0-aac2-c83fd387c776
1718,244900,46.45697259902954,0.99900075,0.999002,1.0,0.9960719999999998,0.0,0.0,0.0,0.0,0.0,0.0,0.0005,0.0,0.0,0.0,0.0005,0.0,0.0,0.0,0.002,0.9975,0.045899711685228106,1893,0.0006842553501191146,7.995394229191726e-07,0.00014993540863142885,16,20,False,0.995,0.005,0.66,fixed,100,none,371c9e91-ddfd-4fc0-aac2-c83fd387c776
1719,245000,46.47654891014099,0.99900075,0.999002,1.0,0.9960719999999998,0.0,0.0,0.0,0.0,0.0,0.0,0.0005,0.0,0.0,0.0,0.0005,0.0,0.0,0.0,0.002,0.9975,0.045899711685228106,1893,0.0006841243252308073,7.98823264857449e-07,0.00014990659121334664,16,20,False,0.995,0.005,0.66,fixed,100,none,371c9e91-ddfd-4fc0-aac2-c83fd387c776
1720,245100,46.49624681472778,0.99900075,0.999002,1.0,0.9960719999999998,0.0,0.0,0.0,0.0,0.0,0.0,0.0005,0.0,0.0,0.0,0.0005,0.0,0.0,0.0,0.002,0.9975,0.045899711685228106,1893,0.0006828375829457832,7.972088141892436e-07,0.00014962461658152792,16,20,False,0.995,0.005,0.66,fixed,100,none,371c9e91-ddfd-4fc0-aac2-c83fd387c776
1721,245400,46.51589894294739,0.99900075,0.999002,1.0,0.9960719999999998,0.0,0.0,0.0,0.0,0.0,0.0,0.0005,0.0,0.0,0.0,0.0005,0.0,0.0,0.0,0.002,0.9975,0.045899711685228106,1893,0.0006823508215564223,7.960305260712075e-07,0.00014951784063865436,16,20,False,0.995,0.005,0.66,fixed,100,none,371c9e91-ddfd-4fc0-aac2-c83fd387c776
1722,245500,46.53622102737427,0.99900075,0.999002,1.0,0.9960719999999998,0.0,0.0,0.0,0.0,0.0,0.0,0.0005,0.0,0.0,0.0,0.0005,0.0,0.0,0.0,0.002,0.9975,0.046297950389758855,1892,0.0006839599416771851,7.987466868899474e-07,0.0001498705931036449,16,20,False,0.995,0.005,0.66,fixed,100,none,371c9e91-ddfd-4fc0-aac2-c83fd387c776
1723,245800,46.55633354187012,0.99900075,0.999002,1.0,0.9960719999999998,0.0,0.0,0.0,0.0,0.0,0.0,0.0005,0.0,0.0,0.0,0.0005,0.0,0.0,0.0,0.002,0.9975,0.04669518407547691,1891,0.0006870996099828699,8.01553835097715e-07,0.0001505583998539188,16,20,False,0.995,0.005,0.66,fixed,100,none,371c9e91-ddfd-4fc0-aac2-c83fd387c776
1724,245900,46.57629895210266,0.99900075,0.999002,1.0,0.9960719999999998,0.0,0.0,0.0,0.0,0.0,0.0,0.0005,0.0,0.0,0.0,0.0005,0.0,0.0,0.0,0.002,0.9975,0.045899711685228106,1893,0.0006881510270303154,8.022320615315753e-07,0.00015078868390862706,16,20,False,0.995,0.005,0.66,fixed,100,none,371c9e91-ddfd-4fc0-aac2-c83fd387c776
1725,246100,46.596330404281616,0.99900075,0.999002,1.0,0.9960719999999998,0.0,0.0,0.0,0.0,0.0,0.0,0.0005,0.0,0.0,0.0,0.0005,0.0,0.0,0.0,0.002,0.9975,0.045899711685228106,1893,0.0006861032321882367,7.988772117000535e-07,0.00015033978419622804,16,20,False,0.995,0.005,0.66,fixed,100,none,371c9e91-ddfd-4fc0-aac2-c83fd387c776
1726,246200,46.616355657577515,0.99900075,0.999002,1.0,0.9960719999999998,0.0,0.0,0.0,0.0,0.0,0.0,0.0005,0.0,0.0,0.0,0.0005,0.0,0.0,0.0,0.002,0.9975,0.0458997116852281,1893,0.0006873520645552429,8.022554638025636e-07,0.00015061379546926515,16,20,False,0.995,0.005,0.66,fixed,100,none,371c9e91-ddfd-4fc0-aac2-c83fd387c776
1727,246500,46.636667251586914,0.99900075,0.999002,1.0,0.9960719999999998,0.0,0.0,0.0,0.0,0.0,0.0,0.0005,0.0,0.0,0.0,0.0005,0.0,0.0,0.0,0.002,0.9975,0.0458997116852281,1893,0.0006855180882495941,7.982487259847144e-07,0.00015021157677577328,16,20,False,0.995,0.005,0.66,fixed,100,none,371c9e91-ddfd-4fc0-aac2-c83fd387c776
1728,246600,46.65648126602173,0.99900075,0.999002,1.0,0.9960719999999998,0.0,0.0,0.0,0.0,0.0,0.0,0.0005,0.0,0.0,0.0,0.0005,0.0,0.0,0.0,0.002,0.9975,0.0458997116852281,1893,0.0006845786957666514,7.974052272423165e-07,0.00015000578349649602,16,20,False,0.995,0.005,0.66,fixed,100,none,371c9e91-ddfd-4fc0-aac2-c83fd387c776
1729,246800,46.67621207237244,0.99900075,0.999002,1.0,0.9960719999999998,0.0,0.0,0.0,0.0,0.0,0.0,0.0005,0.0,0.0,0.0,0.0005,0.0,0.0,0.0,0.002,0.9975,0.0458997116852281,1893,0.0006859219818919377,8.0023535719281e-07,0.0001503003665540118,16,20,False,0.995,0.005,0.66,fixed,100,none,371c9e91-ddfd-4fc0-aac2-c83fd387c776
1730,246900,46.69594168663025,0.99900075,0.999002,1.0,0.9960719999999998,0.0,0.0,0.0,0.0,0.0,0.0,0.0005,0.0,0.0,0.0,0.0005,0.0,0.0,0.0,0.002,0.9975,0.0458997116852281,1893,0.0006874313591399437,8.017253860586625e-07,0.00015063105233908484,16,20,False,0.995,0.005,0.66,fixed,100,none,371c9e91-ddfd-4fc0-aac2-c83fd387c776
1731,247000,46.715590953826904,0.99900075,0.999002,1.0,0.9960719999999998,0.0,0.0,0.0,0.0,0.0,0.0,0.0005,0.0,0.0,0.0,0.0005,0.0,0.0,0.0,0.002,0.9975,0.0458997116852281,1893,0.0006865304415728726,8.025048050922916e-07,0.00015043398957326938,16,20,False,0.995,0.005,0.66,fixed,100,none,371c9e91-ddfd-4fc0-aac2-c83fd387c776
1732,247200,46.73539328575134,0.99900075,0.999002,1.0,0.9960719999999998,0.0,0.0,0.0,0.0,0.0,0.0,0.0005,0.0,0.0,0.0,0.0005,0.0,0.0,0.0,0.002,0.9975,0.046297950389758855,1892,0.0006863620889356577,8.026038461547285e-07,0.00015039715599878488,16,20,False,0.995,0.005,0.66,fixed,100,none,371c9e91-ddfd-4fc0-aac2-c83fd387c776
1733,247300,46.7550265789032,0.99900075,0.999002,1.0,0.9960719999999998,0.0,0.0,0.0,0.0,0.0,0.0,0.0005,0.0,0.0,0.0,0.0005,0.0,0.0,0.0,0.002,0.9975,0.046297950389758855,1892,0.0006875537098977089,8.017686641256811e-07,0.00015065784314279238,16,20,False,0.995,0.005,0.66,fixed,100,none,371c9e91-ddfd-4fc0-aac2-c83fd387c776
1734,247600,46.77463364601135,0.99900075,0.999002,1.0,0.9960719999999998,0.0,0.0,0.0,0.0,0.0,0.0,0.0005,0.0,0.0,0.0,0.0005,0.0,0.0,0.0,0.002,0.9975,0.045899711685228106,1893,0.0006880486459532404,8.027648937392856e-07,0.0001507663739289748,16,20,False,0.995,0.005,0.66,fixed,100,none,371c9e91-ddfd-4fc0-aac2-c83fd387c776
1735,247700,46.794353008270264,0.99900075,0.999002,1.0,0.9960719999999998,0.0,0.0,0.0,0.0,0.0,0.0,0.0005,0.0,0.0,0.0,0.0005,0.0,0.0,0.0,0.002,0.9975,0.045899711685228106,1893,0.0006867599492550232,8.015455730226524e-07,0.00015048404655079888,16,20,False,0.995,0.005,0.66,fixed,100,none,371c9e91-ddfd-4fc0-aac2-c83fd387c776
1736,247900,46.814013957977295,0.99900075,0.999002,1.0,0.9960719999999998,0.0,0.0,0.0,0.0,0.0,0.0,0.0005,0.0,0.0,0.0,0.0005,0.0,0.0,0.0,0.002,0.9975,0.046297950389758855,1892,0.0006871532075860245,8.004399092501847e-07,0.00015056992072333828,16,20,False,0.995,0.005,0.66,fixed,100,none,371c9e91-ddfd-4fc0-aac2-c83fd387c776
1737,248000,46.83378005027771,0.99900075,0.999002,1.0,0.9960719999999998,0.0,0.0,0.0,0.0,0.0,0.0,0.0005,0.0,0.0,0.0,0.0005,0.0,0.0,0.0,0.002,0.9975,0.046297950389758855,1892,0.0006878996656132564,8.011588247348427e-07,0.00015073345697944144,16,20,False,0.995,0.005,0.66,fixed,100,none,371c9e91-ddfd-4fc0-aac2-c83fd387c776
1738,248300,46.85337591171265,0.99900075,0.999002,1.0,0.9960719999999998,0.0,0.0,0.0,0.0,0.0,0.0,0.0005,0.0,0.0,0.0,0.0005,0.0,0.0,0.0,0.002,0.9975,0.04669518407547692,1891,0.000688971512128362,8.036434598475994e-07,0.00015096855626226948,16,20,False,0.995,0.005,0.66,fixed,100,none,371c9e91-ddfd-4fc0-aac2-c83fd387c776
1739,248400,46.872950315475464,0.99900075,0.999002,1.0,0.9960719999999998,0.0,0.0,0.0,0.0,0.0,0.0,0.0005,0.0,0.0,0.0,0.0005,0.0,0.0,0.0,0.002,0.9975,0.046297950389758855,1892,0.0006876198994599767,8.024840795605184e-07,0.0001506724679669054,16,20,False,0.995,0.005,0.66,fixed,100,none,371c9e91-ddfd-4fc0-aac2-c83fd387c776
1740,248600,46.89242959022522,0.99900075,0.999002,1.0,0.9960719999999998,0.0,0.0,0.0,0.0,0.0,0.0,0.0005,0.0,0.0,0.0,0.0005,0.0,0.0,0.0,0.002,0.9975,0.04669518407547692,1891,0.0006867151503153971,8.024231596357183e-07,0.00015047440680437125,16,20,False,0.995,0.005,0.66,fixed,100,none,371c9e91-ddfd-4fc0-aac2-c83fd387c776
1741,248700,46.91207480430603,0.99900075,0.999002,1.0,0.9960719999999998,0.0,0.0,0.0,0.0,0.0,0.0,0.0005,0.0,0.0,0.0,0.0005,0.0,0.0,0.0,0.002,0.9975,0.04669518407547692,1891,0.0006857583114490359,7.999902179789959e-07,0.00015026449251760997,16,20,False,0.995,0.005,0.66,fixed,100,none,371c9e91-ddfd-4fc0-aac2-c83fd387c776
1742,248900,46.93169069290161,0.99900075,0.999002,1.0,0.9960719999999998,0.0,0.0,0.0,0.0,0.0,0.0,0.0005,0.0,0.0,0.0,0.0005,0.0,0.0,0.0,0.002,0.9975,0.046297950389758855,1892,0.0006845824496513638,7.990906679030031e-07,0.0001500069254555851,16,20,False,0.995,0.005,0.66,fixed,100,none,371c9e91-ddfd-4fc0-aac2-c83fd387c776
1743,249000,46.95133876800537,0.99900075,0.999002,1.0,0.9960719999999998,0.0,0.0,0.0,0.0,0.0,0.0,0.0005,0.0,0.0,0.0,0.0005,0.0,0.0,0.0,0.002,0.9975,0.046297950389758855,1892,0.0006849918205338965,7.99245289168633e-07,0.00015009656611981198,16,20,False,0.995,0.005,0.66,fixed,100,none,371c9e91-ddfd-4fc0-aac2-c83fd387c776
1744,249100,46.971028089523315,0.99900075,0.999002,1.0,0.9960719999999998,0.0,0.0,0.0,0.0,0.0,0.0,0.0005,0.0,0.0,0.0,0.0005,0.0,0.0,0.0,0.002,0.9975,0.046297950389758855,1892,0.000685337352750692,7.99017470730935e-07,0.00015017215983656538,16,20,False,0.995,0.005,0.66,fixed,100,none,371c9e91-ddfd-4fc0-aac2-c83fd387c776
1745,249400,46.99079394340515,0.99900075,0.999002,1.0,0.9960719999999998,0.0,0.0,0.0,0.0,0.0,0.0,0.0005,0.0,0.0,0.0,0.0005,0.0,0.0,0.0,0.002,0.9975,0.046297950389758855,1892,0.0006841750257982957,7.978386837504567e-07,0.0001499175024971595,16,20,False,0.995,0.005,0.66,fixed,100,none,371c9e91-ddfd-4fc0-aac2-c83fd387c776
1746,249500,47.01051950454712,0.99900075,0.999002,1.0,0.9960719999999998,0.0,0.0,0.0,0.0,0.0,0.0,0.0005,0.0,0.0,0.0,0.0005,0.0,0.0,0.0,0.002,0.9975,0.04669518407547692,1891,0.0006834245997917343,7.964240230215718e-07,0.00014975296545878474,16,20,False,0.995,0.005,0.66,fixed,100,none,371c9e91-ddfd-4fc0-aac2-c83fd387c776
1747,249700,47.03057646751404,0.99900075,0.999002,1.0,0.9960719999999998,0.0,0.0,0.0,0.0,0.0,0.0,0.0005,0.0,0.0,0.0,0.0005,0.0,0.0,0.0,0.002,0.9975,0.045899711685228106,1893,0.0006840161992604353,7.95462354007923e-07,0.0001498822838653708,16,20,False,0.995,0.005,0.66,fixed,100,none,371c9e91-ddfd-4fc0-aac2-c83fd387c776
1748,249800,47.05044460296631,0.99900075,0.999002,1.0,0.9960719999999998,0.0,0.0,0.0,0.0,0.0,0.0,0.0005,0.0,0.0,0.0,0.0005,0.0,0.0,0.0,0.002,0.9975,0.045899711685228106,1893,0.0006839004306869559,7.952547578702685e-07,0.00014985690268137,16,20,False,0.995,0.005,0.66,fixed,100,none,371c9e91-ddfd-4fc0-aac2-c83fd387c776
1749,250100,47.07160425186157,0.99900075,0.999002,1.0,0.9960719999999998,0.0,0.0,0.0,0.0,0.0,0.0,0.0005,0.0,0.0,0.0,0.0005,0.0,0.0,0.0,0.002,0.9975,0.046297950389758855,1892,0.0006815383746186937,7.937064996033545e-07,0.0001493395544389567,16,20,False,0.995,0.005,0.66,fixed,100,none,371c9e91-ddfd-4fc0-aac2-c83fd387c776
1750,250200,47.09296894073486,0.99900075,0.999002,1.0,0.9960719999999998,0.0,0.0,0.0,0.0,0.0,0.0,0.0005,0.0,0.0,0.0,0.0005,0.0,0.0,0.0,0.002,0.9975,0.04629795038975885,1892,0.0006810429844129676,7.915877687409989e-07,0.00014923071096405941,16,20,False,0.995,0.005,0.66,fixed,100,none,371c9e91-ddfd-4fc0-aac2-c83fd387c776
1751,250500,47.112996101379395,0.99900075,0.999002,1.0,0.9960719999999998,0.0,0.0,0.0,0.0,0.0,0.0,0.0005,0.0,0.0,0.0,0.0005,0.0,0.0,0.0,0.002,0.9975,0.04629795038975885,1892,0.0006806050669970173,7.911871648257403e-07,0.000149134774726964,16,20,False,0.995,0.005,0.66,fixed,100,none,371c9e91-ddfd-4fc0-aac2-c83fd387c776
1752,250600,47.133018016815186,0.99900075,0.999002,1.0,0.9960719999999998,0.0,0.0,0.0,0.0,0.0,0.0,0.0005,0.0,0.0,0.0,0.0005,0.0,0.0,0.0,0.002,0.9975,0.04629795038975885,1892,0.0006805412591785689,7.91069915704414e-07,0.0001491207849181726,16,20,False,0.995,0.005,0.66,fixed,100,none,371c9e91-ddfd-4fc0-aac2-c83fd387c776
1753,250800,47.152910232543945,0.99900075,0.999002,1.0,0.9960719999999998,0.0,0.0,0.0,0.0,0.0,0.0,0.0005,0.0,0.0,0.0,0.0005,0.0,0.0,0.0,0.002,0.9975,0.04629795038975885,1892,0.0006815739972770717,7.937901000570752e-07,0.00014934736812296183,16,20,False,0.995,0.005,0.66,fixed,100,none,371c9e91-ddfd-4fc0-aac2-c83fd387c776
1754,250900,47.1726610660553,0.99900075,0.999002,1.0,0.9960719999999998,0.0,0.0,0.0,0.0,0.0,0.0,0.0005,0.0,0.0,0.0,0.0005,0.0,0.0,0.0,0.002,0.9975,0.047091412742382266,1890,0.0006813183855769688,7.937795226385476e-07,0.0001492914127120998,16,20,False,0.995,0.005,0.66,fixed,100,none,371c9e91-ddfd-4fc0-aac2-c83fd387c776
1755,251000,47.19237446784973,0.99900075,0.999002,1.0,0.9960719999999998,0.0,0.0,0.0,0.0,0.0,0.0,0.0005,0.0,0.0,0.0,0.0005,0.0,0.0,0.0,0.002,0.9975,0.04669518407547691,1891,0.000679875520393632,7.930060338612051e-07,0.00014897542256059966,16,20,False,0.995,0.005,0.66,fixed,100,none,371c9e91-ddfd-4fc0-aac2-c83fd387c776
1756,251100,47.212148904800415,0.99900075,0.999002,1.0,0.9960719999999998,0.0,0.0,0.0,0.0,0.0,0.0,0.0005,0.0,0.0,0.0,0.0005,0.0,0.0,0.0,0.002,0.9975,0.04669518407547691,1891,0.000679875520393632,7.930060338612051e-07,0.00014897542256059966,16,20,False,0.995,0.005,0.66,fixed,100,none,371c9e91-ddfd-4fc0-aac2-c83fd387c776
1757,251200,47.232112407684326,0.99900075,0.999002,1.0,0.9960719999999998,0.0,0.0,0.0,0.0,0.0,0.0,0.0005,0.0,0.0,0.0,0.0005,0.0,0.0,0.0,0.002,0.9975,0.046297950389758855,1892,0.0006808662596402366,7.947731202141629e-07,0.00014919263112808852,16,20,False,0.995,0.005,0.66,fixed,100,none,371c9e91-ddfd-4fc0-aac2-c83fd387c776
1758,251300,47.252053022384644,0.99900075,0.999002,1.0,0.9960719999999998,0.0,0.0,0.0,0.0,0.0,0.0,0.0005,0.0,0.0,0.0,0.0005,0.0,0.0,0.0,0.002,0.9975,0.046297950389758855,1892,0.0006806622147824984,7.952908874181958e-07,0.00014914806408449838,16,20,False,0.995,0.005,0.66,fixed,100,none,371c9e91-ddfd-4fc0-aac2-c83fd387c776
1759,251500,47.27180027961731,0.99900075,0.999002,1.0,0.9960719999999998,0.0,0.0,0.0,0.0,0.0,0.0,0.0005,0.0,0.0,0.0,0.0005,0.0,0.0,0.0,0.002,0.9975,0.04669518407547691,1891,0.0006822424907500359,7.960866313473639e-07,0.00014949413768513886,16,20,False,0.995,0.005,0.66,fixed,100,none,371c9e91-ddfd-4fc0-aac2-c83fd387c776
1760,251600,47.29156541824341,0.99900075,0.999002,1.0,0.9960719999999998,0.0,0.0,0.0,0.0,0.0,0.0,0.0005,0.0,0.0,0.0,0.0005,0.0,0.0,0.0,0.002,0.9975,0.04669518407547691,1891,0.0006851376610829349,8.016436184732675e-07,0.00015012894629856438,16,20,False,0.995,0.005,0.66,fixed,100,none,371c9e91-ddfd-4fc0-aac2-c83fd387c776
1761,251900,47.311285972595215,0.99900075,0.999002,1.0,0.9960719999999998,0.0,0.0,0.0,0.0,0.0,0.0,0.0005,0.0,0.0,0.0,0.0005,0.0,0.0,0.0,0.002,0.9975,0.04669518407547691,1891,0.00068775249234952,8.061214026708862e-07,0.00015070218364181742,16,20,False,0.995,0.005,0.66,fixed,100,none,371c9e91-ddfd-4fc0-aac2-c83fd387c776
1762,252000,47.33097171783447,0.99900075,0.999002,1.0,0.9960719999999998,0.0,0.0,0.0,0.0,0.0,0.0,0.0005,0.0,0.0,0.0,0.0005,0.0,0.0,0.0,0.002,0.9975,0.04669518407547691,1891,0.000687665232737964,8.059568040002122e-07,0.00015068305123910037,16,20,False,0.995,0.005,0.66,fixed,100,none,371c9e91-ddfd-4fc0-aac2-c83fd387c776
1763,252300,47.3505539894104,0.99900075,0.999002,1.0,0.9960719999999998,0.0,0.0,0.0,0.0,0.0,0.0,0.0005,0.0,0.0,0.0,0.0005,0.0,0.0,0.0,0.002,0.9975,0.04629795038975885,1892,0.0006888692089849976,8.09643101605099e-07,0.00015094730203612096,16,20,False,0.995,0.005,0.66,fixed,100,none,371c9e91-ddfd-4fc0-aac2-c83fd387c776
1764,252400,47.37026262283325,0.99900075,0.999002,1.0,0.9960719999999998,0.0,0.0,0.0,0.0,0.0,0.0,0.0005,0.0,0.0,0.0,0.0005,0.0,0.0,0.0,0.002,0.9975,0.04629795038975885,1892,0.0006882594965607506,8.093119620190955e-07,0.00015081377306993196,16,20,False,0.995,0.005,0.66,fixed,100,none,371c9e91-ddfd-4fc0-aac2-c83fd387c776
1765,252600,47.390336751937866,0.99900075,0.999002,1.0,0.9960719999999998,0.0,0.0,0.0,0.0,0.0,0.0,0.0005,0.0,0.0,0.0,0.0005,0.0,0.0,0.0,0.002,0.9975,0.04629795038975885,1892,0.0006893779198319501,8.133012394535299e-07,0.00015105935388671005,16,20,False,0.995,0.005,0.66,fixed,100,none,371c9e91-ddfd-4fc0-aac2-c83fd387c776
1766,252700,47.410072803497314,0.99900075,0.999002,1.0,0.9960719999999998,0.0,0.0,0.0,0.0,0.0,0.0,0.0005,0.0,0.0,0.0,0.0005,0.0,0.0,0.0,0.002,0.9975,0.04629795038975885,1892,0.0006892749694750915,8.132712031365758e-07,0.0001510368123466935,16,20,False,0.995,0.005,0.66,fixed,100,none,371c9e91-ddfd-4fc0-aac2-c83fd387c776
1767,253000,47.42997741699219,0.99900075,0.999002,1.0,0.9960719999999998,0.0,0.0,0.0,0.0,0.0,0.0,0.0005,0.0,0.0,0.0,0.0005,0.0,0.0,0.0,0.002,0.9975,0.04669518407547691,1891,0.0006890708671426856,8.136645175796831e-07,0.000150992209075874,16,20,False,0.995,0.005,0.66,fixed,100,none,371c9e91-ddfd-4fc0-aac2-c83fd387c776
1768,253100,47.449734687805176,0.99900075,0.999002,1.0,0.9960719999999998,0.0,0.0,0.0,0.0,0.0,0.0,0.0005,0.0,0.0,0.0,0.0005,0.0,0.0,0.0,0.002,0.9975,0.04669518407547691,1891,0.0006877888205362065,8.112216545996895e-07,0.00015071110492974956,16,20,False,0.995,0.005,0.66,fixed,100,none,371c9e91-ddfd-4fc0-aac2-c83fd387c776
1769,253300,47.46935272216797,0.99900075,0.999002,1.0,0.9960719999999998,0.0,0.0,0.0,0.0,0.0,0.0,0.0005,0.0,0.0,0.0,0.0005,0.0,0.0,0.0,0.002,0.9975,0.045899711685228106,1893,0.0006870366822339013,8.109611261106752e-07,0.00015054641235496204,16,20,False,0.995,0.005,0.66,fixed,100,none,371c9e91-ddfd-4fc0-aac2-c83fd387c776
1770,253400,47.488922357559204,0.99900075,0.999002,1.0,0.9960719999999998,0.0,0.0,0.0,0.0,0.0,0.0,0.0005,0.0,0.0,0.0,0.0005,0.0,0.0,0.0,0.002,0.9975,0.04629795038975885,1892,0.0006870782369586072,8.108370443023378e-07,0.00015055548510865656,16,20,False,0.995,0.005,0.66,fixed,100,none,371c9e91-ddfd-4fc0-aac2-c83fd387c776
1771,253700,47.508493185043335,0.99900075,0.999002,1.0,0.9960719999999998,0.0,0.0,0.0,0.0,0.0,0.0,0.0005,0.0,0.0,0.0,0.0005,0.0,0.0,0.0,0.002,0.9975,0.045899711685228106,1893,0.0006888606057966,8.128837551323706e-07,0.00015094603452235088,16,20,False,0.995,0.005,0.66,fixed,100,none,371c9e91-ddfd-4fc0-aac2-c83fd387c776
1772,253800,47.532546520233154,0.99900075,0.999002,1.0,0.9960719999999998,0.0,0.0,0.0,0.0,0.0,0.0,0.0005,0.0,0.0,0.0,0.0005,0.0,0.0,0.0,0.002,0.9975,0.04629795038975885,1892,0.0006883585400866707,8.126693783896007e-07,0.00015083609160686628,16,20,False,0.995,0.005,0.66,fixed,100,none,371c9e91-ddfd-4fc0-aac2-c83fd387c776
1773,254100,47.552656412124634,0.99900075,0.999002,1.0,0.9960719999999998,0.0,0.0,0.0,0.0,0.0,0.0,0.0005,0.0,0.0,0.0,0.0005,0.0,0.0,0.0,0.002,0.9975,0.04629795038975885,1892,0.00068740137446653,8.114127868218186e-07,0.00015062632930021956,16,20,False,0.995,0.005,0.66,fixed,100,none,371c9e91-ddfd-4fc0-aac2-c83fd387c776
1774,254200,47.572936058044434,0.99900075,0.999002,1.0,0.9960719999999998,0.0,0.0,0.0,0.0,0.0,0.0,0.0005,0.0,0.0,0.0,0.0005,0.0,0.0,0.0,0.002,0.9975,0.04669518407547691,1891,0.0006879548167191773,8.118947972426819e-07,0.00015074756939130403,16,20,False,0.995,0.005,0.66,fixed,100,none,371c9e91-ddfd-4fc0-aac2-c83fd387c776
1775,254400,47.59282422065735,0.99900075,0.999002,1.0,0.9960719999999998,0.0,0.0,0.0,0.0,0.0,0.0,0.0005,0.0,0.0,0.0,0.0005,0.0,0.0,0.0,0.002,0.9975,0.04629795038975885,1892,0.0006868579228335441,8.088547099733092e-07,0.00015050688170315774,16,20,False,0.995,0.005,0.66,fixed,100,none,371c9e91-ddfd-4fc0-aac2-c83fd387c776
1776,254500,47.61257243156433,0.99900075,0.999002,1.0,0.9960719999999998,0.0,0.0,0.0,0.0,0.0,0.0,0.0005,0.0,0.0,0.0,0.0005,0.0,0.0,0.0,0.002,0.9975,0.04629795038975885,1892,0.0006881216394352497,8.113630393956934e-07,0.00015078398584986136,16,20,False,0.995,0.005,0.66,fixed,100,none,371c9e91-ddfd-4fc0-aac2-c83fd387c776
1777,254800,47.63238048553467,0.99900075,0.999002,1.0,0.9960719999999998,0.0,0.0,0.0,0.0,0.0,0.0,0.0005,0.0,0.0,0.0,0.0005,0.0,0.0,0.0,0.002,0.9975,0.04629795038975885,1892,0.0006876622530506311,8.088468815017587e-07,0.0001506829481002685,16,20,False,0.995,0.005,0.66,fixed,100,none,371c9e91-ddfd-4fc0-aac2-c83fd387c776
1778,254900,47.65217900276184,0.99900075,0.999002,1.0,0.9960719999999998,0.0,0.0,0.0,0.0,0.0,0.0,0.0005,0.0,0.0,0.0,0.0005,0.0,0.0,0.0,0.002,0.9975,0.04629795038975885,1892,0.000687434603174188,8.087059915760631e-07,0.00015063308877322923,16,20,False,0.995,0.005,0.66,fixed,100,none,371c9e91-ddfd-4fc0-aac2-c83fd387c776
1779,255100,47.671916246414185,0.99900075,0.999002,1.0,0.9960719999999998,0.0,0.0,0.0,0.0,0.0,0.0,0.0005,0.0,0.0,0.0,0.0005,0.0,0.0,0.0,0.002,0.9975,0.045899711685228106,1893,0.0006875771076009605,8.084461325062873e-07,0.00015066423361902645,16,20,False,0.995,0.005,0.66,fixed,100,none,371c9e91-ddfd-4fc0-aac2-c83fd387c776
1780,255200,47.69101285934448,0.99900075,0.999002,1.0,0.9960719999999998,0.0,0.0,0.0,0.0,0.0,0.0,0.0005,0.0,0.0,0.0,0.0005,0.0,0.0,0.0,0.002,0.9975,0.045899711685228106,1893,0.0006878533121006277,8.092479006333043e-07,0.00015072484711994773,16,20,False,0.995,0.005,0.66,fixed,100,none,371c9e91-ddfd-4fc0-aac2-c83fd387c776
1781,255500,47.71063470840454,0.99900075,0.999002,1.0,0.9960719999999998,0.0,0.0,0.0,0.0,0.0,0.0,0.0005,0.0,0.0,0.0,0.0005,0.0,0.0,0.0,0.002,0.9975,0.045899711685228106,1893,0.0006886043290175209,8.093666623545204e-07,0.0001508892672877827,16,20,False,0.995,0.005,0.66,fixed,100,none,371c9e91-ddfd-4fc0-aac2-c83fd387c776
1782,255600,47.73025679588318,0.99900075,0.999002,1.0,0.9960719999999998,0.0,0.0,0.0,0.0,0.0,0.0,0.0005,0.0,0.0,0.0,0.0005,0.0,0.0,0.0,0.002,0.9975,0.045899711685228106,1893,0.0006893654993907348,8.1035589263208e-07,0.00015105607543623194,16,20,False,0.995,0.005,0.66,fixed,100,none,371c9e91-ddfd-4fc0-aac2-c83fd387c776
1783,255900,47.74976682662964,0.99900075,0.999002,1.0,0.9960719999999998,0.0,0.0,0.0,0.0,0.0,0.0,0.0005,0.0,0.0,0.0,0.0005,0.0,0.0,0.0,0.002,0.9975,0.046297950389758855,1892,0.0006881033706754437,8.081498153869809e-07,0.00015077937630577818,16,20,False,0.995,0.005,0.66,fixed,100,none,371c9e91-ddfd-4fc0-aac2-c83fd387c776
1784,256000,47.76941108703613,0.99900075,0.999002,1.0,0.9960719999999998,0.0,0.0,0.0,0.0,0.0,0.0,0.0005,0.0,0.0,0.0,0.0005,0.0,0.0,0.0,0.002,0.9975,0.046297950389758855,1892,0.0006881033706754437,8.081498153869809e-07,0.00015077937630577818,16,20,False,0.995,0.005,0.66,fixed,100,none,371c9e91-ddfd-4fc0-aac2-c83fd387c776
1785,256200,47.789140701293945,0.99900075,0.999002,1.0,0.9960719999999998,0.0,0.0,0.0,0.0,0.0,0.0,0.0005,0.0,0.0,0.0,0.0005,0.0,0.0,0.0,0.002,0.9975,0.045899711685228106,1893,0.0006893104391122209,8.135696888144888e-07,0.00015104463336253993,16,20,False,0.995,0.005,0.66,fixed,100,none,371c9e91-ddfd-4fc0-aac2-c83fd387c776
1786,256300,47.808764696121216,0.99900075,0.999002,1.0,0.9960719999999998,0.0,0.0,0.0,0.0,0.0,0.0,0.0005,0.0,0.0,0.0,0.0005,0.0,0.0,0.0,0.002,0.9975,0.045899711685228106,1893,0.0006890337968875446,8.139814785820339e-07,0.0001509841546196141,16,20,False,0.995,0.005,0.66,fixed,100,none,371c9e91-ddfd-4fc0-aac2-c83fd387c776
1787,256600,47.828553676605225,0.99900075,0.999002,1.0,0.9960719999999998,0.0,0.0,0.0,0.0,0.0,0.0,0.0005,0.0,0.0,0.0,0.0005,0.0,0.0,0.0,0.002,0.9975,0.045899711685228106,1893,0.0006900842490215952,8.15091686829585e-07,0.0001512143095313248,16,20,False,0.995,0.005,0.66,fixed,100,none,371c9e91-ddfd-4fc0-aac2-c83fd387c776
1788,256700,47.84824800491333,0.99900075,0.999002,1.0,0.9960719999999998,0.0,0.0,0.0,0.0,0.0,0.0,0.0005,0.0,0.0,0.0,0.0005,0.0,0.0,0.0,0.002,0.9975,0.04550046796188468,1894,0.0006902150554421365,8.151787006051867e-07,0.0001512429595893987,16,20,False,0.995,0.005,0.66,fixed,100,none,371c9e91-ddfd-4fc0-aac2-c83fd387c776
1789,256900,47.868088483810425,0.99900075,0.999002,1.0,0.9960719999999998,0.0,0.0,0.0,0.0,0.0,0.0,0.0005,0.0,0.0,0.0,0.0005,0.0,0.0,0.0,0.002,0.9975,0.045899711685228106,1893,0.0006903202397833424,8.137650063509373e-07,0.00015126571583978034,16,20,False,0.995,0.005,0.66,fixed,100,none,371c9e91-ddfd-4fc0-aac2-c83fd387c776
1790,257000,47.8876256942749,0.99900075,0.999002,1.0,0.9960719999999998,0.0,0.0,0.0,0.0,0.0,0.0,0.0005,0.0,0.0,0.0,0.0005,0.0,0.0,0.0,0.002,0.9975,0.045899711685228106,1893,0.0006903582158195705,8.14616655193174e-07,0.0001512741906073907,16,20,False,0.995,0.005,0.66,fixed,100,none,371c9e91-ddfd-4fc0-aac2-c83fd387c776
1791,257200,47.90729856491089,0.99900075,0.999002,1.0,0.9960719999999998,0.0,0.0,0.0,0.0,0.0,0.0,0.0005,0.0,0.0,0.0,0.0005,0.0,0.0,0.0,0.002,0.9975,0.045899711685228106,1893,0.0006919527297874502,8.167101299650267e-07,0.0001516236274751662,16,20,False,0.995,0.005,0.66,fixed,100,none,371c9e91-ddfd-4fc0-aac2-c83fd387c776
1792,257300,47.926984548568726,0.99900075,0.999002,1.0,0.9960719999999998,0.0,0.0,0.0,0.0,0.0,0.0,0.0005,0.0,0.0,0.0,0.0005,0.0,0.0,0.0,0.002,0.9975,0.045899711685228106,1893,0.000691839845113882,8.168551789748762e-07,0.000151598944579434,16,20,False,0.995,0.005,0.66,fixed,100,none,371c9e91-ddfd-4fc0-aac2-c83fd387c776
1793,257400,47.94657588005066,0.99900075,0.999002,1.0,0.9960719999999998,0.0,0.0,0.0,0.0,0.0,0.0,0.0005,0.0,0.0,0.0,0.0005,0.0,0.0,0.0,0.002,0.9975,0.045899711685228106,1893,0.0006930402663126999,8.185705207716666e-07,0.00015186204269479662,16,20,False,0.995,0.005,0.66,fixed,100,none,371c9e91-ddfd-4fc0-aac2-c83fd387c776
1794,257700,47.966124534606934,0.99900075,0.999002,1.0,0.9960719999999998,0.0,0.0,0.0,0.0,0.0,0.0,0.0005,0.0,0.0,0.0,0.0005,0.0,0.0,0.0,0.002,0.9975,0.045899711685228106,1893,0.0006930485094192749,8.177872873727718e-07,0.00015186369829648012,16,20,False,0.995,0.005,0.66,fixed,100,none,371c9e91-ddfd-4fc0-aac2-c83fd387c776
1795,257800,47.985676765441895,0.99900075,0.999002,1.0,0.9960719999999998,0.0,0.0,0.0,0.0,0.0,0.0,0.0005,0.0,0.0,0.0,0.0005,0.0,0.0,0.0,0.002,0.9975,0.045899711685228106,1893,0.0006918895157266103,8.170287330716066e-07,0.00015160985045183862,16,20,False,0.995,0.005,0.66,fixed,100,none,371c9e91-ddfd-4fc0-aac2-c83fd387c776
1796,258000,48.006192445755005,0.99900075,0.999002,1.0,0.9960719999999998,0.0,0.0,0.0,0.0,0.0,0.0,0.0005,0.0,0.0,0.0,0.0005,0.0,0.0,0.0,0.002,0.9975,0.045899711685228106,1893,0.0006902450876590545,8.143683544910994e-07,0.00015124937967592037,16,20,False,0.995,0.005,0.66,fixed,100,none,371c9e91-ddfd-4fc0-aac2-c83fd387c776
1797,258100,48.02563738822937,0.99900075,0.999002,1.0,0.9960719999999998,0.0,0.0,0.0,0.0,0.0,0.0,0.0005,0.0,0.0,0.0,0.0005,0.0,0.0,0.0,0.002,0.9975,0.04629795038975885,1892,0.0006891292937938211,8.129832639944642e-07,0.0001510048692316264,16,20,False,0.995,0.005,0.66,fixed,100,none,371c9e91-ddfd-4fc0-aac2-c83fd387c776
1798,258400,48.04533839225769,0.99900075,0.999002,1.0,0.9960719999999998,0.0,0.0,0.0,0.0,0.0,0.0,0.0005,0.0,0.0,0.0,0.0005,0.0,0.0,0.0,0.002,0.9975,0.045899711685228106,1893,0.0006907748812820902,8.151213234766568e-07,0.0001513654945641101,16,20,False,0.995,0.005,0.66,fixed,100,none,371c9e91-ddfd-4fc0-aac2-c83fd387c776
1799,258500,48.065053939819336,0.99900075,0.999002,1.0,0.9960719999999998,0.0,0.0,0.0,0.0,0.0,0.0,0.0005,0.0,0.0,0.0,0.0005,0.0,0.0,0.0,0.002,0.9975,0.045899711685228106,1893,0.0006907833065603742,8.180759766788835e-07,0.00015136790024163492,16,20,False,0.995,0.005,0.66,fixed,100,none,371c9e91-ddfd-4fc0-aac2-c83fd387c776
1800,258700,48.08476805686951,0.99900075,0.999002,1.0,0.9960719999999998,0.0,0.0,0.0,0.0,0.0,0.0,0.0005,0.0,0.0,0.0,0.0005,0.0,0.0,0.0,0.002,0.9975,0.045899711685228106,1893,0.0006905773497461742,8.176055182041443e-07,0.00015132272690789636,16,20,False,0.995,0.005,0.66,fixed,100,none,371c9e91-ddfd-4fc0-aac2-c83fd387c776
1801,258800,48.104485511779785,0.99900075,0.999002,1.0,0.9960719999999998,0.0,0.0,0.0,0.0,0.0,0.0,0.0005,0.0,0.0,0.0,0.0005,0.0,0.0,0.0,0.002,0.9975,0.045899711685228106,1893,0.000690646983741832,8.173075323601114e-07,0.00015133791317223545,16,20,False,0.995,0.005,0.66,fixed,100,none,371c9e91-ddfd-4fc0-aac2-c83fd387c776
1802,259100,48.124170780181885,0.99900075,0.999002,1.0,0.9960719999999998,0.0,0.0,0.0,0.0,0.0,0.0,0.0005,0.0,0.0,0.0,0.0005,0.0,0.0,0.0,0.002,0.9975,0.04629795038975885,1892,0.0006897554852255445,8.183743727205648e-07,0.00015114296684668862,16,20,False,0.995,0.005,0.66,fixed,100,none,371c9e91-ddfd-4fc0-aac2-c83fd387c776
1803,259200,48.143741607666016,0.99900075,0.999002,1.0,0.9960719999999998,0.0,0.0,0.0,0.0,0.0,0.0,0.0005,0.0,0.0,0.0,0.0005,0.0,0.0,0.0,0.002,0.9975,0.04669518407547691,1891,0.0006894343903184022,8.162260840683607e-07,0.00015107227099667124,16,20,False,0.995,0.005,0.66,fixed,100,none,371c9e91-ddfd-4fc0-aac2-c83fd387c776
1804,259300,48.16337275505066,0.99900075,0.999002,1.0,0.9960719999999998,0.0,0.0,0.0,0.0,0.0,0.0,0.0005,0.0,0.0,0.0,0.0005,0.0,0.0,0.0,0.002,0.9975,0.04669518407547691,1891,0.0006902076603111476,8.175682985203182e-07,0.00015124179481882906,16,20,False,0.995,0.005,0.66,fixed,100,none,371c9e91-ddfd-4fc0-aac2-c83fd387c776
1805,259400,48.18299579620361,0.99900075,0.999002,1.0,0.9960719999999998,0.0,0.0,0.0,0.0,0.0,0.0,0.0005,0.0,0.0,0.0,0.0005,0.0,0.0,0.0,0.002,0.9975,0.04669518407547691,1891,0.0006906473228056716,8.176705394733834e-07,0.00015133805636466144,16,20,False,0.995,0.005,0.66,fixed,100,none,371c9e91-ddfd-4fc0-aac2-c83fd387c776
1806,259500,48.20263147354126,0.99900075,0.999002,1.0,0.9960719999999998,0.0,0.0,0.0,0.0,0.0,0.0,0.0005,0.0,0.0,0.0,0.0005,0.0,0.0,0.0,0.002,0.9975,0.04669518407547691,1891,0.000692097454638992,8.207006911009882e-07,0.00015165606595178452,16,20,False,0.995,0.005,0.66,fixed,100,none,371c9e91-ddfd-4fc0-aac2-c83fd387c776
1807,259600,48.2225067615509,0.99900075,0.999002,1.0,0.9960719999999998,0.0,0.0,0.0,0.0,0.0,0.0,0.0005,0.0,0.0,0.0,0.0005,0.0,0.0,0.0,0.002,0.9975,0.04669518407547691,1891,0.000692013349475843,8.183086322388798e-07,0.00015163720084038744,16,20,False,0.995,0.005,0.66,fixed,100,none,371c9e91-ddfd-4fc0-aac2-c83fd387c776
1808,259800,48.242233753204346,0.99900075,0.999002,1.0,0.9960719999999998,0.0,0.0,0.0,0.0,0.0,0.0,0.0005,0.0,0.0,0.0,0.0005,0.0,0.0,0.0,0.002,0.9975,0.04669518407547691,1891,0.0006925626400373773,8.190318214083313e-07,0.0001517575779502495,16,20,False,0.995,0.005,0.66,fixed,100,none,371c9e91-ddfd-4fc0-aac2-c83fd387c776
1809,259900,48.2620792388916,0.99900075,0.999002,1.0,0.9960719999999998,0.0,0.0,0.0,0.0,0.0,0.0,0.0005,0.0,0.0,0.0,0.0005,0.0,0.0,0.0,0.002,0.9975,0.045899711685228106,1893,0.0006928233524535714,8.211269737028427e-07,0.00015181504597709032,16,20,False,0.995,0.005,0.66,fixed,100,none,371c9e91-ddfd-4fc0-aac2-c83fd387c776
1810,260200,48.28197693824768,0.99900075,0.999002,1.0,0.9960719999999998,0.0,0.0,0.0,0.0,0.0,0.0,0.0005,0.0,0.0,0.0,0.0005,0.0,0.0,0.0,0.002,0.9975,0.04550046796188467,1894,0.00069466497700782,8.234243947684784e-07,0.0001522186141020178,16,20,False,0.995,0.005,0.66,fixed,100,none,371c9e91-ddfd-4fc0-aac2-c83fd387c776
1811,260300,48.30208420753479,0.99900075,0.999002,1.0,0.9960719999999998,0.0,0.0,0.0,0.0,0.0,0.0,0.0005,0.0,0.0,0.0,0.0005,0.0,0.0,0.0,0.002,0.9975,0.045899711685228106,1893,0.0006946987089868058,8.214423471475185e-07,0.00015222562144316982,16,20,False,0.995,0.005,0.66,fixed,100,none,371c9e91-ddfd-4fc0-aac2-c83fd387c776
1812,260500,48.32190132141113,0.99900075,0.999002,1.0,0.9960719999999998,0.0,0.0,0.0,0.0,0.0,0.0,0.0005,0.0,0.0,0.0,0.0005,0.0,0.0,0.0,0.002,0.9975,0.045899711685228106,1893,0.0006925893541636781,8.183382025401285e-07,0.00015176329388491176,16,20,False,0.995,0.005,0.66,fixed,100,none,371c9e91-ddfd-4fc0-aac2-c83fd387c776
1813,260600,48.3415687084198,0.99900075,0.999002,1.0,0.9960719999999998,0.0,0.0,0.0,0.0,0.0,0.0,0.0005,0.0,0.0,0.0,0.0005,0.0,0.0,0.0,0.002,0.9975,0.045899711685228106,1893,0.0006922671398120231,8.184940883192712e-07,0.00015169279078163254,16,20,False,0.995,0.005,0.66,fixed,100,none,371c9e91-ddfd-4fc0-aac2-c83fd387c776
1814,260900,48.361199140548706,0.99900075,0.999002,1.0,0.9960719999999998,0.0,0.0,0.0,0.0,0.0,0.0,0.0005,0.0,0.0,0.0,0.0005,0.0,0.0,0.0,0.002,0.9975,0.046297950389758855,1892,0.0006936287314259498,8.205932098679357e-07,0.00015199124201901534,16,20,False,0.995,0.005,0.66,fixed,100,none,371c9e91-ddfd-4fc0-aac2-c83fd387c776
1815,261000,48.380859375,0.99900075,0.999002,1.0,0.9960719999999998,0.0,0.0,0.0,0.0,0.0,0.0,0.0005,0.0,0.0,0.0,0.0005,0.0,0.0,0.0,0.002,0.9975,0.046297950389758855,1892,0.0006951985075206241,8.227042922921058e-07,0.00015233526711180012,16,20,False,0.995,0.005,0.66,fixed,100,none,371c9e91-ddfd-4fc0-aac2-c83fd387c776
1816,261300,48.400429010391235,0.99900075,0.999002,1.0,0.9960719999999998,0.0,0.0,0.0,0.0,0.0,0.0,0.0005,0.0,0.0,0.0,0.0005,0.0,0.0,0.0,0.002,0.9975,0.046297950389758855,1892,0.0006956597944102012,8.22537625384768e-07,0.00015243621114521615,16,20,False,0.995,0.005,0.66,fixed,100,none,371c9e91-ddfd-4fc0-aac2-c83fd387c776
1817,261400,48.42025184631348,0.99900075,0.999002,1.0,0.9960719999999998,0.0,0.0,0.0,0.0,0.0,0.0,0.0005,0.0,0.0,0.0,0.0005,0.0,0.0,0.0,0.002,0.9975,0.045899711685228106,1893,0.0006950144497161499,8.219416043974461e-07,0.00015229483194770073,16,20,False,0.995,0.005,0.66,fixed,100,none,371c9e91-ddfd-4fc0-aac2-c83fd387c776
1818,261500,48.44028067588806,0.99900075,0.999002,1.0,0.9960719999999998,0.0,0.0,0.0,0.0,0.0,0.0,0.0005,0.0,0.0,0.0,0.0005,0.0,0.0,0.0,0.002,0.9975,0.045899711685228106,1893,0.000696883274409708,8.253509054308497e-07,0.00015270456544031694,16,20,False,0.995,0.005,0.66,fixed,100,none,371c9e91-ddfd-4fc0-aac2-c83fd387c776
1819,261600,48.46014404296875,0.99900075,0.999002,1.0,0.9960719999999998,0.0,0.0,0.0,0.0,0.0,0.0,0.0005,0.0,0.0,0.0,0.0005,0.0,0.0,0.0,0.002,0.9975,0.045899711685228106,1893,0.0006963915340372284,8.247079141479485e-07,0.0001525968013044374,16,20,False,0.995,0.005,0.66,fixed,100,none,371c9e91-ddfd-4fc0-aac2-c83fd387c776
1820,261700,48.479907751083374,0.99900075,0.999002,1.0,0.9960719999999998,0.0,0.0,0.0,0.0,0.0,0.0,0.0005,0.0,0.0,0.0,0.0005,0.0,0.0,0.0,0.002,0.9975,0.045899711685228106,1893,0.0006962299421739894,8.24847612060509e-07,0.00015256145538817777,16,20,False,0.995,0.005,0.66,fixed,100,none,371c9e91-ddfd-4fc0-aac2-c83fd387c776
1821,262000,48.49958944320679,0.99900075,0.999002,1.0,0.9960719999999998,0.0,0.0,0.0,0.0,0.0,0.0,0.0005,0.0,0.0,0.0,0.0005,0.0,0.0,0.0,0.002,0.9975,0.045899711685228106,1893,0.0006972208135359151,8.276683417788192e-07,0.00015277889306794979,16,20,False,0.995,0.005,0.66,fixed,100,none,371c9e91-ddfd-4fc0-aac2-c83fd387c776
1822,262100,48.519262075424194,0.99900075,0.999002,1.0,0.9960719999999998,0.0,0.0,0.0,0.0,0.0,0.0,0.0005,0.0,0.0,0.0,0.0005,0.0,0.0,0.0,0.002,0.9975,0.046297950389758855,1892,0.000697294853708757,8.286613126572551e-07,0.0001527952891262518,16,20,False,0.995,0.005,0.66,fixed,100,none,371c9e91-ddfd-4fc0-aac2-c83fd387c776
1823,262300,48.539854288101196,0.99900075,0.999002,1.0,0.9960719999999998,0.0,0.0,0.0,0.0,0.0,0.0,0.0005,0.0,0.0,0.0,0.0005,0.0,0.0,0.0,0.002,0.9975,0.04669518407547691,1891,0.0007009979269025586,8.337383571680924e-07,0.00015360685648683204,16,20,False,0.995,0.005,0.66,fixed,100,none,371c9e91-ddfd-4fc0-aac2-c83fd387c776
1824,262400,48.56002354621887,0.99900075,0.999002,1.0,0.9960719999999998,0.0,0.0,0.0,0.0,0.0,0.0,0.0005,0.0,0.0,0.0,0.0005,0.0,0.0,0.0,0.002,0.9975,0.045899711685228106,1893,0.000700309029484724,8.330740092121295e-07,0.00015345593061595638,16,20,False,0.995,0.005,0.66,fixed,100,none,371c9e91-ddfd-4fc0-aac2-c83fd387c776
1825,262700,48.58047652244568,0.99900075,0.999002,1.0,0.9960719999999998,0.0,0.0,0.0,0.0,0.0,0.0,0.0005,0.0,0.0,0.0,0.0005,0.0,0.0,0.0,0.002,0.9975,0.04629795038975885,1892,0.0007036721855724293,8.397837182444235e-07,0.00015419340032827122,16,20,False,0.995,0.005,0.66,fixed,100,none,371c9e91-ddfd-4fc0-aac2-c83fd387c776
1826,262800,48.600587606430054,0.99900075,0.999002,1.0,0.9960719999999998,0.0,0.0,0.0,0.0,0.0,0.0,0.0005,0.0,0.0,0.0,0.0005,0.0,0.0,0.0,0.002,0.9975,0.04629795038975885,1892,0.0007048545624841582,8.431053702889539e-07,0.00015445285374813712,16,20,False,0.995,0.005,0.66,fixed,100,none,371c9e91-ddfd-4fc0-aac2-c83fd387c776
1827,263100,48.620529651641846,0.99900075,0.999002,1.0,0.9960719999999998,0.0,0.0,0.0,0.0,0.0,0.0,0.0005,0.0,0.0,0.0,0.0005,0.0,0.0,0.0,0.002,0.9975,0.04629795038975885,1892,0.0007062168525763817,8.477952602079541e-07,0.0001547519501284095,16,20,False,0.995,0.005,0.66,fixed,100,none,371c9e91-ddfd-4fc0-aac2-c83fd387c776
1828,263200,48.64144730567932,0.99900075,0.999002,1.0,0.9960719999999998,0.0,0.0,0.0,0.0,0.0,0.0,0.0005,0.0,0.0,0.0,0.0005,0.0,0.0,0.0,0.002,0.9975,0.04629795038975885,1892,0.0007080745745841323,8.504998432195611e-07,0.0001551591193466783,16,20,False,0.995,0.005,0.66,fixed,100,none,371c9e91-ddfd-4fc0-aac2-c83fd387c776
1829,263400,48.661312103271484,0.99900075,0.999002,1.0,0.9960719999999998,0.0,0.0,0.0,0.0,0.0,0.0,0.0005,0.0,0.0,0.0,0.0005,0.0,0.0,0.0,0.002,0.9975,0.04629795038975885,1892,0.0007077810718088718,8.506214127652095e-07,0.00015509489468738742,16,20,False,0.995,0.005,0.66,fixed,100,none,371c9e91-ddfd-4fc0-aac2-c83fd387c776
1830,263500,48.681193828582764,0.99900075,0.999002,1.0,0.9960719999999998,0.0,0.0,0.0,0.0,0.0,0.0,0.0005,0.0,0.0,0.0,0.0005,0.0,0.0,0.0,0.002,0.9975,0.04629795038975885,1892,0.0007081987871166413,8.519908502852026e-07,0.000155186592761387,16,20,False,0.995,0.005,0.66,fixed,100,none,371c9e91-ddfd-4fc0-aac2-c83fd387c776
1831,263600,48.70091962814331,0.99900075,0.999002,1.0,0.9960719999999998,0.0,0.0,0.0,0.0,0.0,0.0,0.0005,0.0,0.0,0.0,0.0005,0.0,0.0,0.0,0.002,0.9975,0.04629795038975885,1892,0.0007081987871166413,8.519908502852026e-07,0.000155186592761387,16,20,False,0.995,0.005,0.66,fixed,100,none,371c9e91-ddfd-4fc0-aac2-c83fd387c776
1832,263700,48.720592737197876,0.99900075,0.999002,1.0,0.9960719999999998,0.0,0.0,0.0,0.0,0.0,0.0,0.0005,0.0,0.0,0.0,0.0005,0.0,0.0,0.0,0.002,0.9975,0.04669518407547691,1891,0.0007070180213916744,8.503519564658854e-07,0.00015492781175436605,16,20,False,0.995,0.005,0.66,fixed,100,none,371c9e91-ddfd-4fc0-aac2-c83fd387c776
1833,263800,48.740182399749756,0.99900075,0.999002,1.0,0.9960719999999998,0.0,0.0,0.0,0.0,0.0,0.0,0.0005,0.0,0.0,0.0,0.0005,0.0,0.0,0.0,0.002,0.9975,0.04669518407547691,1891,0.0007063825285015999,8.500981350443413e-07,0.00015478865413465863,16,20,False,0.995,0.005,0.66,fixed,100,none,371c9e91-ddfd-4fc0-aac2-c83fd387c776
1834,263900,48.75976204872131,0.99900075,0.999002,1.0,0.9960719999999998,0.0,0.0,0.0,0.0,0.0,0.0,0.0005,0.0,0.0,0.0,0.0005,0.0,0.0,0.0,0.002,0.9975,0.04669518407547691,1891,0.0007066112098634776,8.517135574803018e-07,0.0001548390194150365,16,20,False,0.995,0.005,0.66,fixed,100,none,371c9e91-ddfd-4fc0-aac2-c83fd387c776
1835,264100,48.77940130233765,0.99900075,0.999002,1.0,0.9960719999999998,0.0,0.0,0.0,0.0,0.0,0.0,0.0005,0.0,0.0,0.0,0.0005,0.0,0.0,0.0,0.002,0.9975,0.04669518407547691,1891,0.0007057034497165475,8.507761622148222e-07,0.00015464013261377307,16,20,False,0.995,0.005,0.66,fixed,100,none,371c9e91-ddfd-4fc0-aac2-c83fd387c776
1836,264200,48.79943132400513,0.99900075,0.999002,1.0,0.9960719999999998,0.0,0.0,0.0,0.0,0.0,0.0,0.0005,0.0,0.0,0.0,0.0005,0.0,0.0,0.0,0.002,0.9975,0.046297950389758855,1892,0.0007057357257186679,8.506803388377555e-07,0.00015464717962419556,16,20,False,0.995,0.005,0.66,fixed,100,none,371c9e91-ddfd-4fc0-aac2-c83fd387c776
1837,264500,48.81930947303772,0.99900075,0.999002,1.0,0.9960719999999998,0.0,0.0,0.0,0.0,0.0,0.0,0.0005,0.0,0.0,0.0,0.0005,0.0,0.0,0.0,0.002,0.9975,0.046297950389758855,1892,0.0007062387503138897,8.525768911756365e-07,0.00015475765205303382,16,20,False,0.995,0.005,0.66,fixed,100,none,371c9e91-ddfd-4fc0-aac2-c83fd387c776
1838,264600,48.83926582336426,0.99900075,0.999002,1.0,0.9960719999999998,0.0,0.0,0.0,0.0,0.0,0.0,0.0005,0.0,0.0,0.0,0.0005,0.0,0.0,0.0,0.002,0.9975,0.046297950389758855,1892,0.0007056895024050962,8.531115691875381e-07,0.0001546375232746212,16,20,False,0.995,0.005,0.66,fixed,100,none,371c9e91-ddfd-4fc0-aac2-c83fd387c776
1839,264900,48.85902953147888,0.99900075,0.999002,1.0,0.9960719999999998,0.0,0.0,0.0,0.0,0.0,0.0,0.0005,0.0,0.0,0.0,0.0005,0.0,0.0,0.0,0.002,0.9975,0.04669518407547691,1891,0.0007048792007057951,8.526711258780262e-07,0.0001544600645484154,16,20,False,0.995,0.005,0.66,fixed,100,none,371c9e91-ddfd-4fc0-aac2-c83fd387c776
1840,265000,48.87904071807861,0.99900075,0.999002,1.0,0.9960719999999998,0.0,0.0,0.0,0.0,0.0,0.0,0.0005,0.0,0.0,0.0,0.0005,0.0,0.0,0.0,0.002,0.9975,0.04669518407547691,1891,0.0007042383838500182,8.520913683125159e-07,0.00015431967958474838,16,20,False,0.995,0.005,0.66,fixed,100,none,371c9e91-ddfd-4fc0-aac2-c83fd387c776
1841,265200,48.89895272254944,0.99900075,0.999002,1.0,0.9960719999999998,0.0,0.0,0.0,0.0,0.0,0.0,0.0005,0.0,0.0,0.0,0.0005,0.0,0.0,0.0,0.002,0.9975,0.04669518407547691,1891,0.0007065516025238178,8.58119342387303e-07,0.0001548271884675173,16,20,False,0.995,0.005,0.66,fixed,100,none,371c9e91-ddfd-4fc0-aac2-c83fd387c776
1842,265300,48.91877865791321,0.99900075,0.999002,1.0,0.9960719999999998,0.0,0.0,0.0,0.0,0.0,0.0,0.0005,0.0,0.0,0.0,0.0005,0.0,0.0,0.0,0.002,0.9975,0.04669518407547691,1891,0.0007079421341698161,8.60174867848461e-07,0.00015513196639466395,16,20,False,0.995,0.005,0.66,fixed,100,none,371c9e91-ddfd-4fc0-aac2-c83fd387c776
1843,265600,48.93863487243652,0.99900075,0.999002,1.0,0.9960719999999998,0.0,0.0,0.0,0.0,0.0,0.0,0.0005,0.0,0.0,0.0,0.0005,0.0,0.0,0.0,0.002,0.9975,0.04669518407547691,1891,0.0007077972220483457,8.575696285662387e-07,0.00015509975013581047,16,20,False,0.995,0.005,0.66,fixed,100,none,371c9e91-ddfd-4fc0-aac2-c83fd387c776
1844,265700,48.95837998390198,0.99900075,0.999002,1.0,0.9960719999999998,0.0,0.0,0.0,0.0,0.0,0.0,0.0005,0.0,0.0,0.0,0.0005,0.0,0.0,0.0,0.002,0.9975,0.04669518407547691,1891,0.0007078614908175053,8.591843084451584e-07,0.0001551141253585565,16,20,False,0.995,0.005,0.66,fixed,100,none,371c9e91-ddfd-4fc0-aac2-c83fd387c776
1845,265800,48.97827863693237,0.99900075,0.999002,1.0,0.9960719999999998,0.0,0.0,0.0,0.0,0.0,0.0,0.0005,0.0,0.0,0.0,0.0005,0.0,0.0,0.0,0.002,0.9975,0.04669518407547691,1891,0.0007084315550106336,8.615038509484932e-07,0.00015523935312350794,16,20,False,0.995,0.005,0.66,fixed,100,none,371c9e91-ddfd-4fc0-aac2-c83fd387c776
1846,265900,48.99813437461853,0.99900075,0.999002,1.0,0.9960719999999998,0.0,0.0,0.0,0.0,0.0,0.0,0.0005,0.0,0.0,0.0,0.0005,0.0,0.0,0.0,0.002,0.9975,0.04669518407547691,1891,0.0007084020874091072,8.607132230546286e-07,0.00015523275244623398,16,20,False,0.995,0.005,0.66,fixed,100,none,371c9e91-ddfd-4fc0-aac2-c83fd387c776
1847,266000,49.01797127723694,0.99900075,0.999002,1.0,0.9960719999999998,0.0,0.0,0.0,0.0,0.0,0.0,0.0005,0.0,0.0,0.0,0.0005,0.0,0.0,0.0,0.002,0.9975,0.04669518407547691,1891,0.0007092464925769972,8.610632946439505e-07,0.00015541765925108705,16,20,False,0.995,0.005,0.66,fixed,100,none,371c9e91-ddfd-4fc0-aac2-c83fd387c776
1848,266300,49.03780961036682,0.99900075,0.999002,1.0,0.9960719999999998,0.0,0.0,0.0,0.0,0.0,0.0,0.0005,0.0,0.0,0.0,0.0005,0.0,0.0,0.0,0.002,0.9975,0.04669518407547691,1891,0.0007094805452520944,8.6494901419378e-07,0.0001554696316683803,16,20,False,0.995,0.005,0.66,fixed,100,none,371c9e91-ddfd-4fc0-aac2-c83fd387c776
1849,266400,49.0577666759491,0.99900075,0.999002,1.0,0.9960719999999998,0.0,0.0,0.0,0.0,0.0,0.0,0.0005,0.0,0.0,0.0,0.0005,0.0,0.0,0.0,0.002,0.9975,0.04669518407547691,1891,0.0007091884251598418,8.652671340958765e-07,0.00015540574702296758,16,20,False,0.995,0.005,0.66,fixed,100,none,371c9e91-ddfd-4fc0-aac2-c83fd387c776
1850,266700,49.07790923118591,0.99900075,0.999002,1.0,0.9960719999999998,0.0,0.0,0.0,0.0,0.0,0.0,0.0005,0.0,0.0,0.0,0.0005,0.0,0.0,0.0,0.002,0.9975,0.04669518407547691,1891,0.0007130650491586578,8.703489214231923e-07,0.0001562553055559006,16,20,False,0.995,0.005,0.66,fixed,100,none,371c9e91-ddfd-4fc0-aac2-c83fd387c776
1851,266800,49.0980441570282,0.99900075,0.999002,1.0,0.9960719999999998,0.0,0.0,0.0,0.0,0.0,0.0,0.0005,0.0,0.0,0.0,0.0005,0.0,0.0,0.0,0.002,0.9975,0.04669518407547691,1891,0.0007131614956199399,8.716671071384765e-07,0.00015627666814156115,16,20,False,0.995,0.005,0.66,fixed,100,none,371c9e91-ddfd-4fc0-aac2-c83fd387c776
1852,267000,49.11809849739075,0.99900075,0.999002,1.0,0.9960719999999998,0.0,0.0,0.0,0.0,0.0,0.0,0.0005,0.0,0.0,0.0,0.0005,0.0,0.0,0.0,0.002,0.9975,0.04669518407547691,1891,0.0007108987235153078,8.694428217837426e-07,0.0001557809247136398,16,20,False,0.995,0.005,0.66,fixed,100,none,371c9e91-ddfd-4fc0-aac2-c83fd387c776
1853,267100,49.13808250427246,0.99900075,0.999002,1.0,0.9960719999999998,0.0,0.0,0.0,0.0,0.0,0.0,0.0005,0.0,0.0,0.0,0.0005,0.0,0.0,0.0,0.002,0.9975,0.04669518407547691,1891,0.0007110484806783609,8.694226410389168e-07,0.0001558137027222906,16,20,False,0.995,0.005,0.66,fixed,100,none,371c9e91-ddfd-4fc0-aac2-c83fd387c776
1854,267400,49.15788698196411,0.99900075,0.999002,1.0,0.9960719999999998,0.0,0.0,0.0,0.0,0.0,0.0,0.0005,0.0,0.0,0.0,0.0005,0.0,0.0,0.0,0.002,0.9975,0.04669518407547691,1891,0.0007098955630767288,8.691993464540608e-07,0.00015556128663332222,16,20,False,0.995,0.005,0.66,fixed,100,none,371c9e91-ddfd-4fc0-aac2-c83fd387c776
1855,267500,49.177515506744385,0.99900075,0.999002,1.0,0.9960719999999998,0.0,0.0,0.0,0.0,0.0,0.0,0.0005,0.0,0.0,0.0,0.0005,0.0,0.0,0.0,0.002,0.9975,0.04669518407547691,1891,0.0007119731556324254,8.723800539778759e-07,0.00015601667597819373,16,20,False,0.995,0.005,0.66,fixed,100,none,371c9e91-ddfd-4fc0-aac2-c83fd387c776
1856,267700,49.201152324676514,0.99900075,0.999002,1.0,0.9960719999999998,0.0,0.0,0.0,0.0,0.0,0.0,0.0005,0.0,0.0,0.0,0.0005,0.0,0.0,0.0,0.002,0.9975,0.04629795038975885,1892,0.0007145551219503146,8.781968106438215e-07,0.0001565829735889462,16,20,False,0.995,0.005,0.66,fixed,100,none,371c9e91-ddfd-4fc0-aac2-c83fd387c776
1857,267800,49.221113443374634,0.99900075,0.999002,1.0,0.9960719999999998,0.0,0.0,0.0,0.0,0.0,0.0,0.0005,0.0,0.0,0.0,0.0005,0.0,0.0,0.0,0.002,0.9975,0.04629795038975885,1892,0.0007159638642609201,8.815088348914983e-07,0.00015689197656534482,16,20,False,0.995,0.005,0.66,fixed,100,none,371c9e91-ddfd-4fc0-aac2-c83fd387c776
1858,268000,49.24079132080078,0.99900075,0.999002,1.0,0.9960719999999998,0.0,0.0,0.0,0.0,0.0,0.0,0.0005,0.0,0.0,0.0,0.0005,0.0,0.0,0.0,0.002,0.9975,0.04669518407547691,1891,0.0007153406303791747,8.78990388928681e-07,0.0001567550721638978,16,20,False,0.995,0.005,0.66,fixed,100,none,371c9e91-ddfd-4fc0-aac2-c83fd387c776
1859,268100,49.260581970214844,0.99900075,0.999002,1.0,0.9960719999999998,0.0,0.0,0.0,0.0,0.0,0.0,0.0005,0.0,0.0,0.0,0.0005,0.0,0.0,0.0,0.002,0.9975,0.04669518407547691,1891,0.000715225396968292,8.792764250917215e-07,0.00015672990191712655,16,20,False,0.995,0.005,0.66,fixed,100,none,371c9e91-ddfd-4fc0-aac2-c83fd387c776
1860,268200,49.28031802177429,0.99900075,0.999002,1.0,0.9960719999999998,0.0,0.0,0.0,0.0,0.0,0.0,0.0005,0.0,0.0,0.0,0.0005,0.0,0.0,0.0,0.002,0.9975,0.04669518407547691,1891,0.000714721124408213,8.792428373164958e-07,0.00015661951027204796,16,20,False,0.995,0.005,0.66,fixed,100,none,371c9e91-ddfd-4fc0-aac2-c83fd387c776
1861,268500,49.30037021636963,0.99900075,0.999002,1.0,0.9960719999999998,0.0,0.0,0.0,0.0,0.0,0.0,0.0005,0.0,0.0,0.0,0.0005,0.0,0.0,0.0,0.002,0.9975,0.04669518407547691,1891,0.0007133516445492988,8.799498444528725e-07,0.00015631986546228756,16,20,False,0.995,0.005,0.66,fixed,100,none,371c9e91-ddfd-4fc0-aac2-c83fd387c776
1862,268600,49.32046437263489,0.99900075,0.999002,1.0,0.9960719999999998,0.0,0.0,0.0,0.0,0.0,0.0,0.0005,0.0,0.0,0.0,0.0005,0.0,0.0,0.0,0.002,0.9975,0.04669518407547691,1891,0.0007135679833145044,8.784563417256113e-07,0.00015636693825247288,16,20,False,0.995,0.005,0.66,fixed,100,none,371c9e91-ddfd-4fc0-aac2-c83fd387c776
1863,268800,49.34081745147705,0.99900075,0.999002,1.0,0.9960719999999998,0.0,0.0,0.0,0.0,0.0,0.0,0.0005,0.0,0.0,0.0,0.0005,0.0,0.0,0.0,0.002,0.9975,0.04669518407547691,1891,0.0007133590039365576,8.783120709533624e-07,0.0001563211652551936,16,20,False,0.995,0.005,0.66,fixed,100,none,371c9e91-ddfd-4fc0-aac2-c83fd387c776
1864,268900,49.36087703704834,0.99900075,0.999002,1.0,0.9960719999999998,0.0,0.0,0.0,0.0,0.0,0.0,0.0005,0.0,0.0,0.0,0.0005,0.0,0.0,0.0,0.002,0.9975,0.04669518407547691,1891,0.0007154797893849614,8.821340554356163e-07,0.0001567861313669008,16,20,False,0.995,0.005,0.66,fixed,100,none,371c9e91-ddfd-4fc0-aac2-c83fd387c776
1865,269200,49.38090467453003,0.99900075,0.999002,1.0,0.9960719999999998,0.0,0.0,0.0,0.0,0.0,0.0,0.0005,0.0,0.0,0.0,0.0005,0.0,0.0,0.0,0.002,0.9975,0.04669518407547691,1891,0.0007132414913150634,8.802083500401944e-07,0.00015629580203537502,16,20,False,0.995,0.005,0.66,fixed,100,none,371c9e91-ddfd-4fc0-aac2-c83fd387c776
1866,269300,49.4009313583374,0.99900075,0.999002,1.0,0.9960719999999998,0.0,0.0,0.0,0.0,0.0,0.0,0.0005,0.0,0.0,0.0,0.0005,0.0,0.0,0.0,0.002,0.9975,0.04669518407547691,1891,0.0007128257149707163,8.786698443556082e-07,0.00015620449627751736,16,20,False,0.995,0.005,0.66,fixed,100,none,371c9e91-ddfd-4fc0-aac2-c83fd387c776
1867,269500,49.42082595825195,0.99900075,0.999002,1.0,0.9960719999999998,0.0,0.0,0.0,0.0,0.0,0.0,0.0005,0.0,0.0,0.0,0.0005,0.0,0.0,0.0,0.002,0.9975,0.04669518407547691,1891,0.0007142091320995525,8.7808337141469e-07,0.00015650721485716083,16,20,False,0.995,0.005,0.66,fixed,100,none,371c9e91-ddfd-4fc0-aac2-c83fd387c776
1868,269600,49.44080901145935,0.99900075,0.999002,1.0,0.9960719999999998,0.0,0.0,0.0,0.0,0.0,0.0,0.0005,0.0,0.0,0.0,0.0005,0.0,0.0,0.0,0.002,0.9975,0.04669518407547691,1891,0.000716104018368543,8.826027767648081e-07,0.00015692286414845937,16,20,False,0.995,0.005,0.66,fixed,100,none,371c9e91-ddfd-4fc0-aac2-c83fd387c776
1869,269900,49.46093130111694,0.99900075,0.999002,1.0,0.9960719999999998,0.0,0.0,0.0,0.0,0.0,0.0,0.0005,0.0,0.0,0.0,0.0005,0.0,0.0,0.0,0.002,0.9975,0.04669518407547691,1891,0.0007155724760958147,8.787030628328576e-07,0.0001568057685993121,16,20,False,0.995,0.005,0.66,fixed,100,none,371c9e91-ddfd-4fc0-aac2-c83fd387c776
1870,270000,49.48047995567322,0.99900075,0.999002,1.0,0.9960719999999998,0.0,0.0,0.0,0.0,0.0,0.0,0.0005,0.0,0.0,0.0,0.0005,0.0,0.0,0.0,0.002,0.9975,0.04669518407547691,1891,0.0007169996452612141,8.817032074503786e-07,0.00015711874595709534,16,20,False,0.995,0.005,0.66,fixed,100,none,371c9e91-ddfd-4fc0-aac2-c83fd387c776
1871,270200,49.50043773651123,0.99900075,0.999002,1.0,0.9960719999999998,0.0,0.0,0.0,0.0,0.0,0.0,0.0005,0.0,0.0,0.0,0.0005,0.0,0.0,0.0,0.002,0.9975,0.04669518407547691,1891,0.0007159941682607192,8.793444749498399e-07,0.0001568981988825119,16,20,False,0.995,0.005,0.66,fixed,100,none,371c9e91-ddfd-4fc0-aac2-c83fd387c776
1872,270300,49.520248889923096,0.99900075,0.999002,1.0,0.9960719999999998,0.0,0.0,0.0,0.0,0.0,0.0,0.0005,0.0,0.0,0.0,0.0005,0.0,0.0,0.0,0.002,0.9975,0.04669518407547691,1891,0.0007173832777066761,8.825059325170092e-07,0.00015720287561716962,16,20,False,0.995,0.005,0.66,fixed,100,none,371c9e91-ddfd-4fc0-aac2-c83fd387c776
1873,270400,49.54062056541443,0.99900075,0.999002,1.0,0.9960719999999998,0.0,0.0,0.0,0.0,0.0,0.0,0.0005,0.0,0.0,0.0,0.0005,0.0,0.0,0.0,0.002,0.9975,0.04669518407547691,1891,0.0007168545838936455,8.834387587155412e-07,0.00015708732177847497,16,20,False,0.995,0.005,0.66,fixed,100,none,371c9e91-ddfd-4fc0-aac2-c83fd387c776
1874,270600,49.5606586933136,0.99900075,0.999002,1.0,0.9960719999999998,0.0,0.0,0.0,0.0,0.0,0.0,0.0005,0.0,0.0,0.0,0.0005,0.0,0.0,0.0,0.002,0.9975,0.04669518407547691,1891,0.0007176286148918676,8.846634966825078e-07,0.0001572569898641995,16,20,False,0.995,0.005,0.66,fixed,100,none,371c9e91-ddfd-4fc0-aac2-c83fd387c776
1875,270700,49.58060908317566,0.99900075,0.999002,1.0,0.9960719999999998,0.0,0.0,0.0,0.0,0.0,0.0,0.0005,0.0,0.0,0.0,0.0005,0.0,0.0,0.0,0.002,0.9975,0.04669518407547691,1891,0.0007180146146914547,8.851428799178897e-07,0.00015734157630314385,16,20,False,0.995,0.005,0.66,fixed,100,none,371c9e91-ddfd-4fc0-aac2-c83fd387c776
1876,271000,49.6008026599884,0.99900075,0.999002,1.0,0.9960719999999998,0.0,0.0,0.0,0.0,0.0,0.0,0.0005,0.0,0.0,0.0,0.0005,0.0,0.0,0.0,0.002,0.9975,0.04669518407547691,1891,0.0007200996656469882,8.893522884962069e-07,0.00015779879374494,16,20,False,0.995,0.005,0.66,fixed,100,none,371c9e91-ddfd-4fc0-aac2-c83fd387c776
1877,271100,49.62077021598816,0.99900075,0.999002,1.0,0.9960719999999998,0.0,0.0,0.0,0.0,0.0,0.0,0.0005,0.0,0.0,0.0,0.0005,0.0,0.0,0.0,0.002,0.9975,0.04669518407547691,1891,0.0007213716767680122,8.919523963192621e-07,0.00015807773099981855,16,20,False,0.995,0.005,0.66,fixed,100,none,371c9e91-ddfd-4fc0-aac2-c83fd387c776
1878,271400,49.64075946807861,0.99900075,0.999002,1.0,0.9960719999999998,0.0,0.0,0.0,0.0,0.0,0.0,0.0005,0.0,0.0,0.0,0.0005,0.0,0.0,0.0,0.002,0.9975,0.04669518407547691,1891,0.0007224340147141638,8.927137003534921e-07,0.00015831042142399763,16,20,False,0.995,0.005,0.66,fixed,100,none,371c9e91-ddfd-4fc0-aac2-c83fd387c776
1879,271500,49.66078972816467,0.99900075,0.999002,1.0,0.9960719999999998,0.0,0.0,0.0,0.0,0.0,0.0,0.0005,0.0,0.0,0.0,0.0005,0.0,0.0,0.0,0.002,0.9975,0.04669518407547691,1891,0.0007236731025805881,8.927728905004259e-07,0.00015858166900408583,16,20,False,0.995,0.005,0.66,fixed,100,none,371c9e91-ddfd-4fc0-aac2-c83fd387c776
1880,271700,49.6812219619751,0.99900075,0.999002,1.0,0.9960719999999998,0.0,0.0,0.0,0.0,0.0,0.0,0.0005,0.0,0.0,0.0,0.0005,0.0,0.0,0.0,0.002,0.9975,0.04669518407547691,1891,0.000723726939751535,8.964331632511069e-07,0.00015859414941262872,16,20,False,0.995,0.005,0.66,fixed,100,none,371c9e91-ddfd-4fc0-aac2-c83fd387c776
1881,271800,49.70178008079529,0.99900075,0.999002,1.0,0.9960719999999998,0.0,0.0,0.0,0.0,0.0,0.0,0.0005,0.0,0.0,0.0,0.0005,0.0,0.0,0.0,0.002,0.9975,0.04669518407547691,1891,0.000724182734160835,8.959108127147211e-07,0.00015869382356222258,16,20,False,0.995,0.005,0.66,fixed,100,none,371c9e91-ddfd-4fc0-aac2-c83fd387c776
1882,272100,49.72277021408081,0.99900075,0.999002,1.0,0.9960719999999998,0.0,0.0,0.0,0.0,0.0,0.0,0.0005,0.0,0.0,0.0,0.0005,0.0,0.0,0.0,0.002,0.9975,0.04669518407547691,1891,0.0007229514328541929,8.97873419099611e-07,0.00015842466460141175,16,20,False,0.995,0.005,0.66,fixed,100,none,371c9e91-ddfd-4fc0-aac2-c83fd387c776
1883,272200,49.74438452720642,0.99900075,0.999002,1.0,0.9960719999999998,0.0,0.0,0.0,0.0,0.0,0.0,0.0005,0.0,0.0,0.0,0.0005,0.0,0.0,0.0,0.002,0.9975,0.04669518407547691,1891,0.0007232875649111638,8.996676892315601e-07,0.00015849858482000777,16,20,False,0.995,0.005,0.66,fixed,100,none,371c9e91-ddfd-4fc0-aac2-c83fd387c776
1884,272400,49.766382932662964,0.99900075,0.999002,1.0,0.9960719999999998,0.0,0.0,0.0,0.0,0.0,0.0,0.0005,0.0,0.0,0.0,0.0005,0.0,0.0,0.0,0.002,0.9975,0.04669518407547691,1891,0.0007243970989894814,9.006632610247913e-07,0.00015874165098839218,16,20,False,0.995,0.005,0.66,fixed,100,none,371c9e91-ddfd-4fc0-aac2-c83fd387c776
1885,272500,49.78617262840271,0.99900075,0.999002,1.0,0.9960719999999998,0.0,0.0,0.0,0.0,0.0,0.0,0.0005,0.0,0.0,0.0,0.0005,0.0,0.0,0.0,0.002,0.9975,0.04669518407547691,1891,0.0007252102677514798,9.029807749364326e-07,0.00015892009395803686,16,20,False,0.995,0.005,0.66,fixed,100,none,371c9e91-ddfd-4fc0-aac2-c83fd387c776
1886,272800,49.80588126182556,0.99900075,0.999002,1.0,0.9960719999999998,0.0,0.0,0.0,0.0,0.0,0.0,0.0005,0.0,0.0,0.0,0.0005,0.0,0.0,0.0,0.002,0.9975,0.04629795038975885,1892,0.0007252330698787914,9.06381489279448e-07,0.00015892573147943055,16,20,False,0.995,0.005,0.66,fixed,100,none,371c9e91-ddfd-4fc0-aac2-c83fd387c776
1887,272900,49.825663805007935,0.99900075,0.999002,1.0,0.9960719999999998,0.0,0.0,0.0,0.0,0.0,0.0,0.0005,0.0,0.0,0.0,0.0005,0.0,0.0,0.0,0.002,0.9975,0.04629795038975885,1892,0.0007243507459046323,9.04208697315966e-07,0.00015873217793101408,16,20,False,0.995,0.005,0.66,fixed,100,none,371c9e91-ddfd-4fc0-aac2-c83fd387c776
1888,273200,49.845529317855835,0.99900075,0.999002,1.0,0.9960719999999998,0.0,0.0,0.0,0.0,0.0,0.0,0.0005,0.0,0.0,0.0,0.0005,0.0,0.0,0.0,0.002,0.9975,0.04669518407547691,1891,0.0007257935443804715,9.081349354648269e-07,0.00015904875250262354,16,20,False,0.995,0.005,0.66,fixed,100,none,371c9e91-ddfd-4fc0-aac2-c83fd387c776
1889,273300,49.86541771888733,0.99900075,0.999002,1.0,0.9960719999999998,0.0,0.0,0.0,0.0,0.0,0.0,0.0005,0.0,0.0,0.0,0.0005,0.0,0.0,0.0,0.002,0.9975,0.04669518407547691,1891,0.0007248114882110323,9.075482480594421e-07,0.00015883366893652625,16,20,False,0.995,0.005,0.66,fixed,100,none,371c9e91-ddfd-4fc0-aac2-c83fd387c776
1890,273500,49.88506817817688,0.99900075,0.999002,1.0,0.9960719999999998,0.0,0.0,0.0,0.0,0.0,0.0,0.0005,0.0,0.0,0.0,0.0005,0.0,0.0,0.0,0.002,0.9975,0.04669518407547691,1891,0.000724738710568327,9.102829403364078e-07,0.00015881825750207072,16,20,False,0.995,0.005,0.66,fixed,100,none,371c9e91-ddfd-4fc0-aac2-c83fd387c776
1891,273600,49.90479922294617,0.99900075,0.999002,1.0,0.9960719999999998,0.0,0.0,0.0,0.0,0.0,0.0,0.0005,0.0,0.0,0.0,0.0005,0.0,0.0,0.0,0.002,0.9975,0.04669518407547691,1891,0.000724738710568327,9.102829403364078e-07,0.00015881825750207072,16,20,False,0.995,0.005,0.66,fixed,100,none,371c9e91-ddfd-4fc0-aac2-c83fd387c776
1892,273900,49.92441010475159,0.99900075,0.999002,1.0,0.9960719999999998,0.0,0.0,0.0,0.0,0.0,0.0,0.0005,0.0,0.0,0.0,0.0005,0.0,0.0,0.0,0.002,0.9975,0.04669518407547691,1891,0.0007250503117398436,9.083378152789473e-07,0.00015888609742475477,16,20,False,0.995,0.005,0.66,fixed,100,none,371c9e91-ddfd-4fc0-aac2-c83fd387c776
1893,274000,49.94402360916138,0.99900075,0.999002,1.0,0.9960719999999998,0.0,0.0,0.0,0.0,0.0,0.0,0.0005,0.0,0.0,0.0,0.0005,0.0,0.0,0.0,0.002,0.9975,0.04669518407547691,1891,0.0007234263583452788,9.064353756262608e-07,0.00015853025256315053,16,20,False,0.995,0.005,0.66,fixed,100,none,371c9e91-ddfd-4fc0-aac2-c83fd387c776
1894,274200,49.96382427215576,0.99900075,0.999002,1.0,0.9960719999999998,0.0,0.0,0.0,0.0,0.0,0.0,0.0005,0.0,0.0,0.0,0.0005,0.0,0.0,0.0,0.002,0.9975,0.04669518407547691,1891,0.0007251944021370204,9.083468280878004e-07,0.00015891764052513045,16,20,False,0.995,0.005,0.66,fixed,100,none,371c9e91-ddfd-4fc0-aac2-c83fd387c776
1895,274300,49.98382115364075,0.99900075,0.999002,1.0,0.9960719999999998,0.0,0.0,0.0,0.0,0.0,0.0,0.0005,0.0,0.0,0.0,0.0005,0.0,0.0,0.0,0.002,0.9975,0.04669518407547691,1891,0.0007247912020760354,9.079729210165835e-07,0.00015882930898943731,16,20,False,0.995,0.005,0.66,fixed,100,none,371c9e91-ddfd-4fc0-aac2-c83fd387c776
1896,274600,50.00359511375427,0.99900075,0.999002,1.0,0.9960719999999998,0.0,0.0,0.0,0.0,0.0,0.0,0.0005,0.0,0.0,0.0,0.0005,0.0,0.0,0.0,0.002,0.9975,0.04669518407547691,1891,0.0007234751745952065,9.072191247493838e-07,0.0001585410873525931,16,20,False,0.995,0.005,0.66,fixed,100,none,371c9e91-ddfd-4fc0-aac2-c83fd387c776
1897,274700,50.02334952354431,0.99900075,0.999002,1.0,0.9960719999999998,0.0,0.0,0.0,0.0,0.0,0.0,0.0005,0.0,0.0,0.0,0.0005,0.0,0.0,0.0,0.002,0.9975,0.04669518407547691,1891,0.0007235503835779638,9.085985704299335e-07,0.00015855781269359797,16,20,False,0.995,0.005,0.66,fixed,100,none,371c9e91-ddfd-4fc0-aac2-c83fd387c776
1898,274800,50.043100357055664,0.99900075,0.999002,1.0,0.9960719999999998,0.0,0.0,0.0,0.0,0.0,0.0,0.0005,0.0,0.0,0.0,0.0005,0.0,0.0,0.0,0.002,0.9975,0.04669518407547691,1891,0.0007240452530390798,9.113311160879169e-07,0.00015866665880231128,16,20,False,0.995,0.005,0.66,fixed,100,none,371c9e91-ddfd-4fc0-aac2-c83fd387c776
1899,275000,50.063063859939575,0.99900075,0.999002,1.0,0.9960719999999998,0.0,0.0,0.0,0.0,0.0,0.0,0.0005,0.0,0.0,0.0,0.0005,0.0,0.0,0.0,0.002,0.9975,0.04669518407547691,1891,0.0007255346692646872,9.147943912255387e-07,0.0001589933500363729,16,20,False,0.995,0.005,0.66,fixed,100,none,371c9e91-ddfd-4fc0-aac2-c83fd387c776
1900,275100,50.082906007766724,0.99900075,0.999002,1.0,0.9960719999999998,0.0,0.0,0.0,0.0,0.0,0.0,0.0005,0.0,0.0,0.0,0.0005,0.0,0.0,0.0,0.002,0.9975,0.04669518407547691,1891,0.0007253027429601909,9.141157550136092e-07,0.0001589424524274384,16,20,False,0.995,0.005,0.66,fixed,100,none,371c9e91-ddfd-4fc0-aac2-c83fd387c776
1901,275300,50.10260605812073,0.99900075,0.999002,1.0,0.9960719999999998,0.0,0.0,0.0,0.0,0.0,0.0,0.0005,0.0,0.0,0.0,0.0005,0.0,0.0,0.0,0.002,0.9975,0.04669518407547691,1891,0.0007248273588144193,9.121978025434996e-07,0.00015883802642695967,16,20,False,0.995,0.005,0.66,fixed,100,none,371c9e91-ddfd-4fc0-aac2-c83fd387c776
1902,275400,50.12230181694031,0.99900075,0.999002,1.0,0.9960719999999998,0.0,0.0,0.0,0.0,0.0,0.0,0.0005,0.0,0.0,0.0,0.0005,0.0,0.0,0.0,0.002,0.9975,0.04669518407547691,1891,0.0007259217292046319,9.141023095606044e-07,0.00015907794596171045,16,20,False,0.995,0.005,0.66,fixed,100,none,371c9e91-ddfd-4fc0-aac2-c83fd387c776
1903,275700,50.141974210739136,0.99900075,0.999002,1.0,0.9960719999999998,0.0,0.0,0.0,0.0,0.0,0.0,0.0005,0.0,0.0,0.0,0.0005,0.0,0.0,0.0,0.002,0.9975,0.04669518407547691,1891,0.0007248073945895421,9.165132854437049e-07,0.00015883447619988506,16,20,False,0.995,0.005,0.66,fixed,100,none,371c9e91-ddfd-4fc0-aac2-c83fd387c776
1904,275800,50.161757469177246,0.99900075,0.999002,1.0,0.9960719999999998,0.0,0.0,0.0,0.0,0.0,0.0,0.0005,0.0,0.0,0.0,0.0005,0.0,0.0,0.0,0.002,0.9975,0.04669518407547691,1891,0.0007274142944500284,9.210380053360999e-07,0.00015940598627612508,16,20,False,0.995,0.005,0.66,fixed,100,none,371c9e91-ddfd-4fc0-aac2-c83fd387c776
1905,276000,50.181416273117065,0.99900075,0.999002,1.0,0.9960719999999998,0.0,0.0,0.0,0.0,0.0,0.0,0.0005,0.0,0.0,0.0,0.0005,0.0,0.0,0.0,0.002,0.9975,0.04669518407547691,1891,0.0007273515275398597,9.209366074759093e-07,0.00015939222733389572,16,20,False,0.995,0.005,0.66,fixed,100,none,371c9e91-ddfd-4fc0-aac2-c83fd387c776
1906,276100,50.20107316970825,0.99900075,0.999002,1.0,0.9960719999999998,0.0,0.0,0.0,0.0,0.0,0.0,0.0005,0.0,0.0,0.0,0.0005,0.0,0.0,0.0,0.002,0.9975,0.04669518407547691,1891,0.0007277828926242874,9.221269800809309e-07,0.0001594868793216719,16,20,False,0.995,0.005,0.66,fixed,100,none,371c9e91-ddfd-4fc0-aac2-c83fd387c776
1907,276400,50.22089862823486,0.99900075,0.999002,1.0,0.9960719999999998,0.0,0.0,0.0,0.0,0.0,0.0,0.0005,0.0,0.0,0.0,0.0005,0.0,0.0,0.0,0.002,0.9975,0.04669518407547691,1891,0.0007285426272156162,9.263628905331753e-07,0.0001596539900466997,16,20,False,0.995,0.005,0.66,fixed,100,none,371c9e91-ddfd-4fc0-aac2-c83fd387c776
1908,276500,50.240917444229126,0.99900075,0.999002,1.0,0.9960719999999998,0.0,0.0,0.0,0.0,0.0,0.0,0.0005,0.0,0.0,0.0,0.0005,0.0,0.0,0.0,0.002,0.9975,0.04669518407547691,1891,0.0007302335731961779,9.285441349482148e-07,0.0001600245525582835,16,20,False,0.995,0.005,0.66,fixed,100,none,371c9e91-ddfd-4fc0-aac2-c83fd387c776
1909,276800,50.26079702377319,0.99900075,0.999002,1.0,0.9960719999999998,0.0,0.0,0.0,0.0,0.0,0.0,0.0005,0.0,0.0,0.0,0.0005,0.0,0.0,0.0,0.002,0.9975,0.04669518407547691,1891,0.0007319549347259591,9.342313729695014e-07,0.0001604024391723767,16,20,False,0.995,0.005,0.66,fixed,100,none,371c9e91-ddfd-4fc0-aac2-c83fd387c776
1910,276900,50.280678272247314,0.99900075,0.999002,1.0,0.9960719999999998,0.0,0.0,0.0,0.0,0.0,0.0,0.0005,0.0,0.0,0.0,0.0005,0.0,0.0,0.0,0.002,0.9975,0.04669518407547691,1891,0.0007318285391711977,9.341906835817969e-07,0.00016037476345445573,16,20,False,0.995,0.005,0.66,fixed,100,none,371c9e91-ddfd-4fc0-aac2-c83fd387c776
1911,277000,50.30049157142639,0.99900075,0.999002,1.0,0.9960719999999998,0.0,0.0,0.0,0.0,0.0,0.0,0.0005,0.0,0.0,0.0,0.0005,0.0,0.0,0.0,0.002,0.9975,0.04669518407547691,1891,0.0007305600029674177,9.313529311399049e-07,0.0001600965417064843,16,20,False,0.995,0.005,0.66,fixed,100,none,371c9e91-ddfd-4fc0-aac2-c83fd387c776
1912,277100,50.32024598121643,0.99900075,0.999002,1.0,0.9960719999999998,0.0,0.0,0.0,0.0,0.0,0.0,0.0005,0.0,0.0,0.0,0.0005,0.0,0.0,0.0,0.002,0.9975,0.04669518407547691,1891,0.0007306017617620407,9.341373798763279e-07,0.0001601062117518872,16,20,False,0.995,0.005,0.66,fixed,100,none,371c9e91-ddfd-4fc0-aac2-c83fd387c776
1913,277200,50.34003019332886,0.99900075,0.999002,1.0,0.9960719999999998,0.0,0.0,0.0,0.0,0.0,0.0,0.0005,0.0,0.0,0.0,0.0005,0.0,0.0,0.0,0.002,0.9975,0.04669518407547691,1891,0.0007313034208301869,9.361920605496437e-07,0.00016026019531123234,16,20,False,0.995,0.005,0.66,fixed,100,none,371c9e91-ddfd-4fc0-aac2-c83fd387c776
1914,277500,50.36012864112854,0.99900075,0.999002,1.0,0.9960719999999998,0.0,0.0,0.0,0.0,0.0,0.0,0.0005,0.0,0.0,0.0,0.0005,0.0,0.0,0.0,0.002,0.9975,0.04669518407547691,1891,0.00073387966194065,9.414805586741104e-07,0.00016082513930495637,16,20,False,0.995,0.005,0.66,fixed,100,none,371c9e91-ddfd-4fc0-aac2-c83fd387c776
1915,277600,50.38024020195007,0.99900075,0.999002,1.0,0.9960719999999998,0.0,0.0,0.0,0.0,0.0,0.0,0.0005,0.0,0.0,0.0,0.0005,0.0,0.0,0.0,0.002,0.9975,0.04669518407547691,1891,0.0007371968874825469,9.454858869640335e-07,0.0001615520409884527,16,20,False,0.995,0.005,0.66,fixed,100,none,371c9e91-ddfd-4fc0-aac2-c83fd387c776
1916,277800,50.400432109832764,0.99900075,0.999002,1.0,0.9960719999999998,0.0,0.0,0.0,0.0,0.0,0.0,0.0005,0.0,0.0,0.0,0.0005,0.0,0.0,0.0,0.002,0.9975,0.04669518407547691,1891,0.0007364986524472442,9.454066268001877e-07,0.00016139918227979378,16,20,False,0.995,0.005,0.66,fixed,100,none,371c9e91-ddfd-4fc0-aac2-c83fd387c776
1917,277900,50.42082166671753,0.99900075,0.999002,1.0,0.9960719999999998,0.0,0.0,0.0,0.0,0.0,0.0,0.0005,0.0,0.0,0.0,0.0005,0.0,0.0,0.0,0.002,0.9975,0.04669518407547691,1891,0.0007368277861635375,9.467511632387151e-07,0.00016147148511221375,16,20,False,0.995,0.005,0.66,fixed,100,none,371c9e91-ddfd-4fc0-aac2-c83fd387c776
1918,278200,50.44100522994995,0.99900075,0.999002,1.0,0.9960719999999998,0.0,0.0,0.0,0.0,0.0,0.0,0.0005,0.0,0.0,0.0,0.0005,0.0,0.0,0.0,0.002,0.9975,0.04669518407547691,1891,0.0007379489336143953,9.499014917083783e-07,0.00016171750285161573,16,20,False,0.995,0.005,0.66,fixed,100,none,371c9e91-ddfd-4fc0-aac2-c83fd387c776
1919,278300,50.460952281951904,0.99900075,0.999002,1.0,0.9960719999999998,0.0,0.0,0.0,0.0,0.0,0.0,0.0005,0.0,0.0,0.0,0.0005,0.0,0.0,0.0,0.002,0.9975,0.04669518407547691,1891,0.0007384403967186682,9.508019701915457e-07,0.00016182525521605287,16,20,False,0.995,0.005,0.66,fixed,100,none,371c9e91-ddfd-4fc0-aac2-c83fd387c776
1920,278600,50.48110604286194,0.99900075,0.999002,1.0,0.9960719999999998,0.0,0.0,0.0,0.0,0.0,0.0,0.0005,0.0,0.0,0.0,0.0005,0.0,0.0,0.0,0.002,0.9975,0.047091412742382266,1890,0.0007396103128036913,9.527243974477109e-07,0.0001620817151082431,16,20,False,0.995,0.005,0.66,fixed,100,none,371c9e91-ddfd-4fc0-aac2-c83fd387c776
1921,278700,50.50102424621582,0.99900075,0.999002,1.0,0.9960719999999998,0.0,0.0,0.0,0.0,0.0,0.0,0.0005,0.0,0.0,0.0,0.0005,0.0,0.0,0.0,0.002,0.9975,0.047091412742382266,1890,0.0007394367001416088,9.530022523725298e-07,0.00016204376408894894,16,20,False,0.995,0.005,0.66,fixed,100,none,371c9e91-ddfd-4fc0-aac2-c83fd387c776
1922,278900,50.52081894874573,0.99900075,0.999002,1.0,0.9960719999999998,0.0,0.0,0.0,0.0,0.0,0.0,0.0005,0.0,0.0,0.0,0.0005,0.0,0.0,0.0,0.002,0.9975,0.047091412742382266,1890,0.0007389820332306361,9.527687712929593e-07,0.00016194419314073192,16,20,False,0.995,0.005,0.66,fixed,100,none,371c9e91-ddfd-4fc0-aac2-c83fd387c776
1923,279000,50.54090476036072,0.99900075,0.999002,1.0,0.9960719999999998,0.0,0.0,0.0,0.0,0.0,0.0,0.0005,0.0,0.0,0.0,0.0005,0.0,0.0,0.0,0.002,0.9975,0.047091412742382266,1890,0.0007385706812837178,9.531995651015155e-07,0.00016185423005037514,16,20,False,0.995,0.005,0.66,fixed,100,none,371c9e91-ddfd-4fc0-aac2-c83fd387c776
1924,279200,50.56067728996277,0.99900075,0.999002,1.0,0.9960719999999998,0.0,0.0,0.0,0.0,0.0,0.0,0.0005,0.0,0.0,0.0,0.0005,0.0,0.0,0.0,0.002,0.9975,0.047091412742382266,1890,0.000740237925327429,9.556460830734075e-07,0.00016221965460995816,16,20,False,0.995,0.005,0.66,fixed,100,none,371c9e91-ddfd-4fc0-aac2-c83fd387c776
1925,279300,50.58059215545654,0.99900075,0.999002,1.0,0.9960719999999998,0.0,0.0,0.0,0.0,0.0,0.0,0.0005,0.0,0.0,0.0,0.0005,0.0,0.0,0.0,0.002,0.9975,0.047091412742382266,1890,0.0007378085549168734,9.518775154671721e-07,0.00016168714939924237,16,20,False,0.995,0.005,0.66,fixed,100,none,371c9e91-ddfd-4fc0-aac2-c83fd387c776
1926,279400,50.60032510757446,0.99900075,0.999002,1.0,0.9960719999999998,0.0,0.0,0.0,0.0,0.0,0.0,0.0005,0.0,0.0,0.0,0.0005,0.0,0.0,0.0,0.002,0.9975,0.047091412742382266,1890,0.0007373092484252697,9.515925225843712e-07,0.00016157779705958258,16,20,False,0.995,0.005,0.66,fixed,100,none,371c9e91-ddfd-4fc0-aac2-c83fd387c776
1927,279600,50.62022519111633,0.99900075,0.999002,1.0,0.9960719999999998,0.0,0.0,0.0,0.0,0.0,0.0,0.0005,0.0,0.0,0.0,0.0005,0.0,0.0,0.0,0.002,0.9975,0.047091412742382266,1890,0.0007368494482543356,9.515307034950087e-07,0.00016147713505653812,16,20,False,0.995,0.005,0.66,fixed,100,none,371c9e91-ddfd-4fc0-aac2-c83fd387c776
1928,279700,50.64009881019592,0.99900075,0.999002,1.0,0.9960719999999998,0.0,0.0,0.0,0.0,0.0,0.0,0.0005,0.0,0.0,0.0,0.0005,0.0,0.0,0.0,0.002,0.9975,0.047091412742382266,1890,0.000738002768676159,9.536436365158345e-07,0.00016172999835414924,16,20,False,0.995,0.005,0.66,fixed,100,none,371c9e91-ddfd-4fc0-aac2-c83fd387c776
1929,280000,50.65998387336731,0.99900075,0.999002,1.0,0.9960719999999998,0.0,0.0,0.0,0.0,0.0,0.0,0.0005,0.0,0.0,0.0,0.0005,0.0,0.0,0.0,0.002,0.9975,0.047091412742382266,1890,0.000736926189210645,9.531738597499005e-07,0.00016149424585156267,16,20,False,0.995,0.005,0.66,fixed,100,none,371c9e91-ddfd-4fc0-aac2-c83fd387c776
1930,280100,50.67991352081299,0.99900075,0.999002,1.0,0.9960719999999998,0.0,0.0,0.0,0.0,0.0,0.0,0.0005,0.0,0.0,0.0,0.0005,0.0,0.0,0.0,0.002,0.9975,0.047091412742382266,1890,0.0007369922122274608,9.545415227320556e-07,0.00016150895814591028,16,20,False,0.995,0.005,0.66,fixed,100,none,371c9e91-ddfd-4fc0-aac2-c83fd387c776
1931,280400,50.69985485076904,0.99900075,0.999002,1.0,0.9960719999999998,0.0,0.0,0.0,0.0,0.0,0.0,0.0005,0.0,0.0,0.0,0.0005,0.0,0.0,0.0,0.002,0.9975,0.047091412742382266,1890,0.0007391202206303863,9.588144149529945e-07,0.00016197559103483261,16,20,False,0.995,0.005,0.66,fixed,100,none,371c9e91-ddfd-4fc0-aac2-c83fd387c776
1932,280500,50.719454288482666,0.99900075,0.999002,1.0,0.9960719999999998,0.0,0.0,0.0,0.0,0.0,0.0,0.0005,0.0,0.0,0.0,0.0005,0.0,0.0,0.0,0.002,0.9975,0.047091412742382266,1890,0.0007411552062499678,9.613992480567947e-07,0.00016242154050524876,16,20,False,0.995,0.005,0.66,fixed,100,none,371c9e91-ddfd-4fc0-aac2-c83fd387c776
1933,280700,50.73903965950012,0.99900075,0.999002,1.0,0.9960719999999998,0.0,0.0,0.0,0.0,0.0,0.0,0.0005,0.0,0.0,0.0,0.0005,0.0,0.0,0.0,0.002,0.9975,0.047091412742382266,1890,0.0007411539598308563,9.6145426351454e-07,0.00016242127811704222,16,20,False,0.995,0.005,0.66,fixed,100,none,371c9e91-ddfd-4fc0-aac2-c83fd387c776
1934,280800,50.758628606796265,0.99900075,0.999002,1.0,0.9960719999999998,0.0,0.0,0.0,0.0,0.0,0.0,0.0005,0.0,0.0,0.0,0.0005,0.0,0.0,0.0,0.002,0.9975,0.047091412742382266,1890,0.0007414229036033019,9.632886189742096e-07,0.0001624804984363679,16,20,False,0.995,0.005,0.66,fixed,100,none,371c9e91-ddfd-4fc0-aac2-c83fd387c776
1935,281100,50.77833008766174,0.99900075,0.999002,1.0,0.9960719999999998,0.0,0.0,0.0,0.0,0.0,0.0,0.0005,0.0,0.0,0.0,0.0005,0.0,0.0,0.0,0.002,0.9975,0.047091412742382266,1890,0.0007410761096669628,9.637826425229921e-07,0.00016240467910817754,16,20,False,0.995,0.005,0.66,fixed,100,none,371c9e91-ddfd-4fc0-aac2-c83fd387c776
1936,281200,50.798025131225586,0.99900075,0.999002,1.0,0.9960719999999998,0.0,0.0,0.0,0.0,0.0,0.0,0.0005,0.0,0.0,0.0,0.0005,0.0,0.0,0.0,0.002,0.9975,0.047091412742382266,1890,0.000740655599077695,9.633652339717477e-07,0.00016231255003256207,16,20,False,0.995,0.005,0.66,fixed,100,none,371c9e91-ddfd-4fc0-aac2-c83fd387c776
1937,281400,50.81766653060913,0.99900075,0.999002,1.0,0.9960719999999998,0.0,0.0,0.0,0.0,0.0,0.0,0.0005,0.0,0.0,0.0,0.0005,0.0,0.0,0.0,0.002,0.9975,0.047091412742382266,1890,0.0007414807911930468,9.653170652453125e-07,0.00016249355543455457,16,20,False,0.995,0.005,0.66,fixed,100,none,371c9e91-ddfd-4fc0-aac2-c83fd387c776
1938,281500,50.83752489089966,0.99900075,0.999002,1.0,0.9960719999999998,0.0,0.0,0.0,0.0,0.0,0.0,0.0005,0.0,0.0,0.0,0.0005,0.0,0.0,0.0,0.002,0.9975,0.047091412742382266,1890,0.0007421655178314291,9.663766537011653e-07,0.00016264364341750308,16,20,False,0.995,0.005,0.66,fixed,100,none,371c9e91-ddfd-4fc0-aac2-c83fd387c776
1939,281600,50.857632637023926,0.99900075,0.999002,1.0,0.9960719999999998,0.0,0.0,0.0,0.0,0.0,0.0,0.0005,0.0,0.0,0.0,0.0005,0.0,0.0,0.0,0.002,0.9975,0.047091412742382266,1890,0.0007421655178314291,9.663766537011653e-07,0.00016264364341750308,16,20,False,0.995,0.005,0.66,fixed,100,none,371c9e91-ddfd-4fc0-aac2-c83fd387c776
1940,281800,50.87747049331665,0.99900075,0.999002,1.0,0.9960719999999998,0.0,0.0,0.0,0.0,0.0,0.0,0.0005,0.0,0.0,0.0,0.0005,0.0,0.0,0.0,0.002,0.9975,0.047091412742382266,1890,0.000742848106881828,9.693513120926559e-07,0.00016279362734572975,16,20,False,0.995,0.005,0.66,fixed,100,none,371c9e91-ddfd-4fc0-aac2-c83fd387c776
1941,281900,50.89728569984436,0.99900075,0.999002,1.0,0.9960719999999998,0.0,0.0,0.0,0.0,0.0,0.0,0.0005,0.0,0.0,0.0,0.0005,0.0,0.0,0.0,0.002,0.9975,0.047091412742382266,1890,0.0007431847519041976,9.682751745181026e-07,0.00016286711447498732,16,20,False,0.995,0.005,0.66,fixed,100,none,371c9e91-ddfd-4fc0-aac2-c83fd387c776
1942,282200,50.91704487800598,0.99900075,0.999002,1.0,0.9960719999999998,0.0,0.0,0.0,0.0,0.0,0.0,0.0005,0.0,0.0,0.0,0.0005,0.0,0.0,0.0,0.002,0.9975,0.047091412742382266,1890,0.0007444424071433354,9.706697731094602e-07,0.00016314287018056694,16,20,False,0.995,0.005,0.66,fixed,100,none,371c9e91-ddfd-4fc0-aac2-c83fd387c776
1943,282300,50.936890840530396,0.99900075,0.999002,1.0,0.9960719999999998,0.0,0.0,0.0,0.0,0.0,0.0,0.0005,0.0,0.0,0.0,0.0005,0.0,0.0,0.0,0.002,0.9975,0.047091412742382266,1890,0.0007445805206418398,9.696565339543257e-07,0.00016317291070995005,16,20,False,0.995,0.005,0.66,fixed,100,none,371c9e91-ddfd-4fc0-aac2-c83fd387c776
1944,282500,50.956910133361816,0.99900075,0.999002,1.0,0.9960719999999998,0.0,0.0,0.0,0.0,0.0,0.0,0.0005,0.0,0.0,0.0,0.0005,0.0,0.0,0.0,0.002,0.9975,0.047091412742382266,1890,0.0007441475452210114,9.703510641289186e-07,0.0001630782643510639,16,20,False,0.995,0.005,0.66,fixed,100,none,371c9e91-ddfd-4fc0-aac2-c83fd387c776
1945,282600,50.97672486305237,0.99900075,0.999002,1.0,0.9960719999999998,0.0,0.0,0.0,0.0,0.0,0.0,0.0005,0.0,0.0,0.0,0.0005,0.0,0.0,0.0,0.002,0.9975,0.047091412742382266,1890,0.0007433259855127886,9.689033129149918e-07,0.0001628981498582033,16,20,False,0.995,0.005,0.66,fixed,100,none,371c9e91-ddfd-4fc0-aac2-c83fd387c776
1946,282900,50.99648952484131,0.99900075,0.999002,1.0,0.9960719999999998,0.0,0.0,0.0,0.0,0.0,0.0,0.0005,0.0,0.0,0.0,0.0005,0.0,0.0,0.0,0.002,0.9975,0.047091412742382266,1890,0.0007460747452900943,9.781313498229928e-07,0.00016350160670046803,16,20,False,0.995,0.005,0.66,fixed,100,none,371c9e91-ddfd-4fc0-aac2-c83fd387c776
1947,283000,51.01614832878113,0.99900075,0.999002,1.0,0.9960719999999998,0.0,0.0,0.0,0.0,0.0,0.0,0.0005,0.0,0.0,0.0,0.0005,0.0,0.0,0.0,0.002,0.9975,0.047091412742382266,1890,0.0007455404925132314,9.782793356032883e-07,0.000163384686884911,16,20,False,0.995,0.005,0.66,fixed,100,none,371c9e91-ddfd-4fc0-aac2-c83fd387c776
1948,283200,51.03568983078003,0.99900075,0.999002,1.0,0.9960719999999998,0.0,0.0,0.0,0.0,0.0,0.0,0.0005,0.0,0.0,0.0,0.0005,0.0,0.0,0.0,0.002,0.9975,0.047091412742382266,1890,0.00074554657974851,9.790713732392731e-07,0.0001633861698678643,16,20,False,0.995,0.005,0.66,fixed,100,none,371c9e91-ddfd-4fc0-aac2-c83fd387c776
1949,283300,51.055365800857544,0.99900075,0.999002,1.0,0.9960719999999998,0.0,0.0,0.0,0.0,0.0,0.0,0.0005,0.0,0.0,0.0,0.0005,0.0,0.0,0.0,0.002,0.9975,0.04669518407547691,1891,0.0007448186444935359,9.80198436290376e-07,0.0001632270389825302,16,20,False,0.995,0.005,0.66,fixed,100,none,371c9e91-ddfd-4fc0-aac2-c83fd387c776
1950,283600,51.075098514556885,0.99900075,0.999002,1.0,0.9960719999999998,0.0,0.0,0.0,0.0,0.0,0.0,0.0005,0.0,0.0,0.0,0.0005,0.0,0.0,0.0,0.002,0.9975,0.045899711685228106,1893,0.0007443566989995029,9.797699304585513e-07,0.0001631258376977783,16,20,False,0.995,0.005,0.66,fixed,100,none,371c9e91-ddfd-4fc0-aac2-c83fd387c776
1951,283700,51.09477639198303,0.99900075,0.999002,1.0,0.9960719999999998,0.0,0.0,0.0,0.0,0.0,0.0,0.0005,0.0,0.0,0.0,0.0005,0.0,0.0,0.0,0.002,0.9975,0.045899711685228106,1893,0.0007441899379362041,9.797828131351485e-07,0.00016308933614873075,16,20,False,0.995,0.005,0.66,fixed,100,none,371c9e91-ddfd-4fc0-aac2-c83fd387c776
1952,283800,51.11452555656433,0.99900075,0.999002,1.0,0.9960719999999998,0.0,0.0,0.0,0.0,0.0,0.0,0.0005,0.0,0.0,0.0,0.0005,0.0,0.0,0.0,0.002,0.9975,0.045899711685228106,1893,0.0007456755443645123,9.828101590612636e-07,0.0001634151105916134,16,20,False,0.995,0.005,0.66,fixed,100,none,371c9e91-ddfd-4fc0-aac2-c83fd387c776
1953,283900,51.134337425231934,0.99900075,0.999002,1.0,0.9960719999999998,0.0,0.0,0.0,0.0,0.0,0.0,0.0005,0.0,0.0,0.0,0.0005,0.0,0.0,0.0,0.002,0.9975,0.045899711685228106,1893,0.0007441562793650816,9.798655072799912e-07,0.00016308198399939957,16,20,False,0.995,0.005,0.66,fixed,100,none,371c9e91-ddfd-4fc0-aac2-c83fd387c776
1954,284000,51.15396547317505,0.99900075,0.999002,1.0,0.9960719999999998,0.0,0.0,0.0,0.0,0.0,0.0,0.0005,0.0,0.0,0.0,0.0005,0.0,0.0,0.0,0.002,0.9975,0.046297950389758855,1892,0.0007445821356382764,9.795517557835092e-07,0.00016317514432481758,16,20,False,0.995,0.005,0.66,fixed,100,none,371c9e91-ddfd-4fc0-aac2-c83fd387c776
1955,284100,51.17352247238159,0.99900075,0.999002,1.0,0.9960719999999998,0.0,0.0,0.0,0.0,0.0,0.0,0.0005,0.0,0.0,0.0,0.0005,0.0,0.0,0.0,0.002,0.9975,0.046297950389758855,1892,0.0007451971789713066,9.812409388052576e-07,0.00016331009825519202,16,20,False,0.995,0.005,0.66,fixed,100,none,371c9e91-ddfd-4fc0-aac2-c83fd387c776
1956,284300,51.19314742088318,0.99900075,0.999002,1.0,0.9960719999999998,0.0,0.0,0.0,0.0,0.0,0.0,0.0005,0.0,0.0,0.0,0.0005,0.0,0.0,0.0,0.002,0.9975,0.046297950389758855,1892,0.0007452586476541814,9.818807607512576e-07,0.00016332367531604307,16,20,False,0.995,0.005,0.66,fixed,100,none,371c9e91-ddfd-4fc0-aac2-c83fd387c776
1957,284400,51.212902784347534,0.99900075,0.999002,1.0,0.9960719999999998,0.0,0.0,0.0,0.0,0.0,0.0,0.0005,0.0,0.0,0.0,0.0005,0.0,0.0,0.0,0.002,0.9975,0.04669518407547691,1891,0.0007443033099936849,9.806188431710687e-07,0.00016311431213782013,16,20,False,0.995,0.005,0.66,fixed,100,none,371c9e91-ddfd-4fc0-aac2-c83fd387c776
1958,284700,51.23263430595398,0.99900075,0.999002,1.0,0.9960719999999998,0.0,0.0,0.0,0.0,0.0,0.0,0.0005,0.0,0.0,0.0,0.0005,0.0,0.0,0.0,0.002,0.9975,0.04669518407547691,1891,0.0007437644398160764,9.790631302387984e-07,0.00016299605787048452,16,20,False,0.995,0.005,0.66,fixed,100,none,371c9e91-ddfd-4fc0-aac2-c83fd387c776
1959,284800,51.25247240066528,0.99900075,0.999002,1.0,0.9960719999999998,0.0,0.0,0.0,0.0,0.0,0.0,0.0005,0.0,0.0,0.0,0.0005,0.0,0.0,0.0,0.002,0.9975,0.04669518407547691,1891,0.000746100104794436,9.81846772165759e-07,0.00016350786382621354,16,20,False,0.995,0.005,0.66,fixed,100,none,371c9e91-ddfd-4fc0-aac2-c83fd387c776
1960,285000,51.27223873138428,0.99900075,0.999002,1.0,0.9960719999999998,0.0,0.0,0.0,0.0,0.0,0.0,0.0005,0.0,0.0,0.0,0.0005,0.0,0.0,0.0,0.002,0.9975,0.045899711685228106,1893,0.0007464432392759576,9.844561499847939e-07,0.00016358347174600423,16,20,False,0.995,0.005,0.66,fixed,100,none,371c9e91-ddfd-4fc0-aac2-c83fd387c776
1961,285100,51.29192662239075,0.99900075,0.999002,1.0,0.9960719999999998,0.0,0.0,0.0,0.0,0.0,0.0,0.0005,0.0,0.0,0.0,0.0005,0.0,0.0,0.0,0.002,0.9975,0.045899711685228106,1893,0.0007464432392759576,9.844561499847939e-07,0.00016358347174600423,16,20,False,0.995,0.005,0.66,fixed,100,none,371c9e91-ddfd-4fc0-aac2-c83fd387c776
1962,285400,51.31160879135132,0.99900075,0.999002,1.0,0.9960719999999998,0.0,0.0,0.0,0.0,0.0,0.0,0.0005,0.0,0.0,0.0,0.0005,0.0,0.0,0.0,0.002,0.9975,0.045899711685228106,1893,0.0007462650740635442,9.865676576975305e-07,0.00016354487256747236,16,20,False,0.995,0.005,0.66,fixed,100,none,371c9e91-ddfd-4fc0-aac2-c83fd387c776
1963,285500,51.33143925666809,0.99900075,0.999002,1.0,0.9960719999999998,0.0,0.0,0.0,0.0,0.0,0.0,0.0005,0.0,0.0,0.0,0.0005,0.0,0.0,0.0,0.002,0.9975,0.045899711685228106,1893,0.0007465520520424745,9.875320081885863e-07,0.00016360787527365352,16,20,False,0.995,0.005,0.66,fixed,100,none,371c9e91-ddfd-4fc0-aac2-c83fd387c776
1964,285800,51.35115647315979,0.99900075,0.999002,1.0,0.9960719999999998,0.0,0.0,0.0,0.0,0.0,0.0,0.0005,0.0,0.0,0.0,0.0005,0.0,0.0,0.0,0.002,0.9975,0.045899711685228106,1893,0.0007460209155102228,9.91089526235793e-07,0.00016349228541517256,16,20,False,0.995,0.005,0.66,fixed,100,none,371c9e91-ddfd-4fc0-aac2-c83fd387c776
1965,285900,51.37086725234985,0.99900075,0.999002,1.0,0.9960719999999998,0.0,0.0,0.0,0.0,0.0,0.0,0.0005,0.0,0.0,0.0,0.0005,0.0,0.0,0.0,0.002,0.9975,0.045899711685228106,1893,0.0007470284041840572,9.925316251607627e-07,0.00016371309868467066,16,20,False,0.995,0.005,0.66,fixed,100,none,371c9e91-ddfd-4fc0-aac2-c83fd387c776
1966,286100,51.39050626754761,0.99900075,0.999002,1.0,0.9960719999999998,0.0,0.0,0.0,0.0,0.0,0.0,0.0005,0.0,0.0,0.0,0.0005,0.0,0.0,0.0,0.002,0.9975,0.045899711685228106,1893,0.000747719338390713,9.955658149914994e-07,0.00016386492067857545,16,20,False,0.995,0.005,0.66,fixed,100,none,371c9e91-ddfd-4fc0-aac2-c83fd387c776
1967,286200,51.41028308868408,0.99900075,0.999002,1.0,0.9960719999999998,0.0,0.0,0.0,0.0,0.0,0.0,0.0005,0.0,0.0,0.0,0.0005,0.0,0.0,0.0,0.002,0.9975,0.045899711685228106,1893,0.0007486950499990423,9.965445483918719e-07,0.00016407868990898482,16,20,False,0.995,0.005,0.66,fixed,100,none,371c9e91-ddfd-4fc0-aac2-c83fd387c776
1968,286500,51.430020809173584,0.99900075,0.999002,1.0,0.9960719999999998,0.0,0.0,0.0,0.0,0.0,0.0,0.0005,0.0,0.0,0.0,0.0005,0.0,0.0,0.0,0.002,0.9975,0.045899711685228106,1893,0.0007497568396924481,9.98091541377531e-07,0.00016431140960153863,16,20,False,0.995,0.005,0.66,fixed,100,none,371c9e91-ddfd-4fc0-aac2-c83fd387c776
1969,286600,51.44971942901611,0.99900075,0.999002,1.0,0.9960719999999998,0.0,0.0,0.0,0.0,0.0,0.0,0.0005,0.0,0.0,0.0,0.0005,0.0,0.0,0.0,0.002,0.9975,0.045899711685228106,1893,0.0007506933269629104,9.98125463393581e-07,0.00016451641311022587,16,20,False,0.995,0.005,0.66,fixed,100,none,371c9e91-ddfd-4fc0-aac2-c83fd387c776
1970,286800,51.46925735473633,0.99900075,0.999002,1.0,0.9960719999999998,0.0,0.0,0.0,0.0,0.0,0.0,0.0005,0.0,0.0,0.0,0.0005,0.0,0.0,0.0,0.002,0.9975,0.045899711685228106,1893,0.0007504729524064961,9.998822462460854e-07,0.00016446850690856875,16,20,False,0.995,0.005,0.66,fixed,100,none,371c9e91-ddfd-4fc0-aac2-c83fd387c776
1971,286900,51.48904252052307,0.99900075,0.999002,1.0,0.9960719999999998,0.0,0.0,0.0,0.0,0.0,0.0,0.0005,0.0,0.0,0.0,0.0005,0.0,0.0,0.0,0.002,0.9975,0.046297950389758855,1892,0.0007502938291263576,1.0017862666852766e-06,0.0001644296585864299,16,20,False,0.995,0.005,0.66,fixed,100,none,371c9e91-ddfd-4fc0-aac2-c83fd387c776
1972,287200,51.50897526741028,0.99900075,0.999002,1.0,0.9960719999999998,0.0,0.0,0.0,0.0,0.0,0.0,0.0005,0.0,0.0,0.0,0.0005,0.0,0.0,0.0,0.002,0.9975,0.046297950389758855,1892,0.0007476860374389363,9.954875166777058e-07,0.00016385761622355192,16,20,False,0.995,0.005,0.66,fixed,100,none,371c9e91-ddfd-4fc0-aac2-c83fd387c776
1973,287300,51.528852462768555,0.99900075,0.999002,1.0,0.9960719999999998,0.0,0.0,0.0,0.0,0.0,0.0,0.0005,0.0,0.0,0.0,0.0005,0.0,0.0,0.0,0.002,0.9975,0.046297950389758855,1892,0.0007481000789126003,9.948260652631136e-07,0.0001639481242263682,16,20,False,0.995,0.005,0.66,fixed,100,none,371c9e91-ddfd-4fc0-aac2-c83fd387c776
1974,287600,51.54879117012024,0.99900075,0.999002,1.0,0.9960719999999998,0.0,0.0,0.0,0.0,0.0,0.0,0.0005,0.0,0.0,0.0,0.0005,0.0,0.0,0.0,0.002,0.9975,0.04669518407547691,1891,0.0007488684845904455,9.978580136101596e-07,0.00016411690429943445,16,20,False,0.995,0.005,0.66,fixed,100,none,371c9e91-ddfd-4fc0-aac2-c83fd387c776
1975,287700,51.56853795051575,0.99900075,0.999002,1.0,0.9960719999999998,0.0,0.0,0.0,0.0,0.0,0.0,0.0005,0.0,0.0,0.0,0.0005,0.0,0.0,0.0,0.002,0.9975,0.04669518407547691,1891,0.00074881375113307,9.981796605647858e-07,0.00016410498425853634,16,20,False,0.995,0.005,0.66,fixed,100,none,371c9e91-ddfd-4fc0-aac2-c83fd387c776
1976,287900,51.58828616142273,0.99900075,0.999002,1.0,0.9960719999999998,0.0,0.0,0.0,0.0,0.0,0.0,0.0005,0.0,0.0,0.0,0.0005,0.0,0.0,0.0,0.002,0.9975,0.04629795038975885,1892,0.0007476965436231644,9.965840576151668e-07,0.0001638601243700576,16,20,False,0.995,0.005,0.66,fixed,100,none,371c9e91-ddfd-4fc0-aac2-c83fd387c776
1977,288000,51.60809063911438,0.99900075,0.999002,1.0,0.9960719999999998,0.0,0.0,0.0,0.0,0.0,0.0,0.0005,0.0,0.0,0.0,0.0005,0.0,0.0,0.0,0.002,0.9975,0.04629795038975885,1892,0.0007479961447688579,9.979117269304204e-07,0.00016392595931801978,16,20,False,0.995,0.005,0.66,fixed,100,none,371c9e91-ddfd-4fc0-aac2-c83fd387c776
1978,288300,51.627957820892334,0.99900075,0.999002,1.0,0.9960719999999998,0.0,0.0,0.0,0.0,0.0,0.0,0.0005,0.0,0.0,0.0,0.0005,0.0,0.0,0.0,0.002,0.9975,0.04629795038975885,1892,0.0007446683433418755,9.921906709761788e-07,0.000163196416585022,16,20,False,0.995,0.005,0.66,fixed,100,none,371c9e91-ddfd-4fc0-aac2-c83fd387c776
1979,288400,51.64769005775452,0.99900075,0.999002,1.0,0.9960719999999998,0.0,0.0,0.0,0.0,0.0,0.0,0.0005,0.0,0.0,0.0,0.0005,0.0,0.0,0.0,0.002,0.9975,0.04629795038975885,1892,0.000745044497600805,9.927907262328236e-07,0.00016327887076280045,16,20,False,0.995,0.005,0.66,fixed,100,none,371c9e91-ddfd-4fc0-aac2-c83fd387c776
1980,288500,51.66745328903198,0.99900075,0.999002,1.0,0.9960719999999998,0.0,0.0,0.0,0.0,0.0,0.0,0.0005,0.0,0.0,0.0,0.0005,0.0,0.0,0.0,0.002,0.9975,0.04629795038975885,1892,0.0007444878431286589,9.917386129265645e-07,0.00016315681919731946,16,20,False,0.995,0.005,0.66,fixed,100,none,371c9e91-ddfd-4fc0-aac2-c83fd387c776
1981,288600,51.68725323677063,0.99900075,0.999002,1.0,0.9960719999999998,0.0,0.0,0.0,0.0,0.0,0.0,0.0005,0.0,0.0,0.0,0.0005,0.0,0.0,0.0,0.002,0.9975,0.04629795038975885,1892,0.0007441964305096938,9.916928248755576e-07,0.00016309302027529832,16,20,False,0.995,0.005,0.66,fixed,100,none,371c9e91-ddfd-4fc0-aac2-c83fd387c776
1982,288700,51.70688986778259,0.99900075,0.999002,1.0,0.9960719999999998,0.0,0.0,0.0,0.0,0.0,0.0,0.0005,0.0,0.0,0.0,0.0005,0.0,0.0,0.0,0.002,0.9975,0.04629795038975885,1892,0.0007434767633228527,9.921224027386332e-07,0.0001629355667478928,16,20,False,0.995,0.005,0.66,fixed,100,none,371c9e91-ddfd-4fc0-aac2-c83fd387c776
1983,289000,51.72655749320984,0.99900075,0.999002,1.0,0.9960719999999998,0.0,0.0,0.0,0.0,0.0,0.0,0.0005,0.0,0.0,0.0,0.0005,0.0,0.0,0.0,0.002,0.9975,0.04589971168522809,1893,0.0007464096681601036,9.966683492637485e-07,0.0001635784433466068,16,20,False,0.995,0.005,0.66,fixed,100,none,371c9e91-ddfd-4fc0-aac2-c83fd387c776
1984,289100,51.75042366981506,0.99900075,0.999002,1.0,0.9960719999999998,0.0,0.0,0.0,0.0,0.0,0.0,0.0005,0.0,0.0,0.0,0.0005,0.0,0.0,0.0,0.002,0.9975,0.045500467961884665,1894,0.000746817534455172,9.965377512463084e-07,0.00016366770046497396,16,20,False,0.995,0.005,0.66,fixed,100,none,371c9e91-ddfd-4fc0-aac2-c83fd387c776
1985,289400,51.770063638687134,0.99900075,0.999002,1.0,0.9960719999999998,0.0,0.0,0.0,0.0,0.0,0.0,0.0005,0.0,0.0,0.0,0.0005,0.0,0.0,0.0,0.002,0.9975,0.045500467961884665,1894,0.0007474401917632957,9.967308670830643e-07,0.00016380403684173122,16,20,False,0.995,0.005,0.66,fixed,100,none,371c9e91-ddfd-4fc0-aac2-c83fd387c776
1986,289500,51.78956604003906,0.99900075,0.999002,1.0,0.9960719999999998,0.0,0.0,0.0,0.0,0.0,0.0,0.0005,0.0,0.0,0.0,0.0005,0.0,0.0,0.0,0.002,0.9975,0.045500467961884665,1894,0.0007478630272735314,9.973965017600466e-07,0.00016389672200551044,16,20,False,0.995,0.005,0.66,fixed,100,none,371c9e91-ddfd-4fc0-aac2-c83fd387c776
1987,289700,51.80918097496033,0.99900075,0.999002,1.0,0.9960719999999998,0.0,0.0,0.0,0.0,0.0,0.0,0.0005,0.0,0.0,0.0,0.0005,0.0,0.0,0.0,0.002,0.9975,0.045500467961884665,1894,0.0007478805221330574,9.97037147537858e-07,0.0001639004833529585,16,20,False,0.995,0.005,0.66,fixed,100,none,371c9e91-ddfd-4fc0-aac2-c83fd387c776
1988,289800,51.82880711555481,0.99900075,0.999002,1.0,0.9960719999999998,0.0,0.0,0.0,0.0,0.0,0.0,0.0005,0.0,0.0,0.0,0.0005,0.0,0.0,0.0,0.002,0.9975,0.045500467961884665,1894,0.0007486733086525383,9.970473552990698e-07,0.00016407402626154746,16,20,False,0.995,0.005,0.66,fixed,100,none,371c9e91-ddfd-4fc0-aac2-c83fd387c776
1989,290100,51.848734617233276,0.99900075,0.999002,1.0,0.9960719999999998,0.0,0.0,0.0,0.0,0.0,0.0,0.0005,0.0,0.0,0.0,0.0005,0.0,0.0,0.0,0.002,0.9975,0.045500467961884665,1894,0.0007503565805300725,1.0026296825181125e-06,0.0001644435551177113,16,20,False,0.995,0.005,0.66,fixed,100,none,371c9e91-ddfd-4fc0-aac2-c83fd387c776
1990,290200,51.868720293045044,0.99900075,0.999002,1.0,0.9960719999999998,0.0,0.0,0.0,0.0,0.0,0.0,0.0005,0.0,0.0,0.0,0.0005,0.0,0.0,0.0,0.002,0.9975,0.045500467961884665,1894,0.0007493446195790395,1.0001649758177759e-06,0.00016422156857125712,16,20,False,0.995,0.005,0.66,fixed,100,none,371c9e91-ddfd-4fc0-aac2-c83fd387c776
1991,290500,51.8884379863739,0.99900075,0.999002,1.0,0.9960719999999998,0.0,0.0,0.0,0.0,0.0,0.0,0.0005,0.0,0.0,0.0,0.0005,0.0,0.0,0.0,0.002,0.9975,0.045899711685228106,1893,0.0007480602317148683,9.9729010130229e-07,0.00016393986984163212,16,20,False,0.995,0.005,0.66,fixed,100,none,371c9e91-ddfd-4fc0-aac2-c83fd387c776
1992,290600,51.908098459243774,0.99900075,0.999002,1.0,0.9960719999999998,0.0,0.0,0.0,0.0,0.0,0.0,0.0005,0.0,0.0,0.0,0.0005,0.0,0.0,0.0,0.002,0.9975,0.045899711685228106,1893,0.0007473245730065011,9.95078393754354e-07,0.00016377841392593644,16,20,False,0.995,0.005,0.66,fixed,100,none,371c9e91-ddfd-4fc0-aac2-c83fd387c776
1993,290800,51.92761278152466,0.99900075,0.999002,1.0,0.9960719999999998,0.0,0.0,0.0,0.0,0.0,0.0,0.0005,0.0,0.0,0.0,0.0005,0.0,0.0,0.0,0.002,0.9975,0.045899711685228106,1893,0.0007482500232893737,9.948131308317228e-07,0.00016398094459290193,16,20,False,0.995,0.005,0.66,fixed,100,none,371c9e91-ddfd-4fc0-aac2-c83fd387c776
1994,290900,51.947304010391235,0.99900075,0.999002,1.0,0.9960719999999998,0.0,0.0,0.0,0.0,0.0,0.0,0.0005,0.0,0.0,0.0,0.0005,0.0,0.0,0.0,0.002,0.9975,0.045899711685228106,1893,0.0007480737310443297,9.949062045118015e-07,0.00016394237190446101,16,20,False,0.995,0.005,0.66,fixed,100,none,371c9e91-ddfd-4fc0-aac2-c83fd387c776
1995,291000,51.96693515777588,0.99900075,0.999002,1.0,0.9960719999999998,0.0,0.0,0.0,0.0,0.0,0.0,0.0005,0.0,0.0,0.0,0.0005,0.0,0.0,0.0,0.002,0.9975,0.045899711685228106,1893,0.0007480737310443297,9.949062045118015e-07,0.00016394237190446101,16,20,False,0.995,0.005,0.66,fixed,100,none,371c9e91-ddfd-4fc0-aac2-c83fd387c776
1996,291200,51.98650097846985,0.99900075,0.999002,1.0,0.9960719999999998,0.0,0.0,0.0,0.0,0.0,0.0,0.0005,0.0,0.0,0.0,0.0005,0.0,0.0,0.0,0.002,0.9975,0.045500467961884665,1894,0.0007462072101112715,9.93619610187821e-07,0.000163533546019293,16,20,False,0.995,0.005,0.66,fixed,100,none,371c9e91-ddfd-4fc0-aac2-c83fd387c776
1997,291300,52.00613975524902,0.99900075,0.999002,1.0,0.9960719999999998,0.0,0.0,0.0,0.0,0.0,0.0,0.0005,0.0,0.0,0.0,0.0005,0.0,0.0,0.0,0.002,0.9975,0.045500467961884665,1894,0.0007454466764672381,9.920269341216478e-07,0.00016336676259616153,16,20,False,0.995,0.005,0.66,fixed,100,none,371c9e91-ddfd-4fc0-aac2-c83fd387c776
1998,291500,52.02591824531555,0.99900075,0.999002,1.0,0.9960719999999998,0.0,0.0,0.0,0.0,0.0,0.0,0.0005,0.0,0.0,0.0,0.0005,0.0,0.0,0.0,0.002,0.9975,0.045500467961884665,1894,0.0007452416431963009,9.954398725102423e-07,0.00016332252927144723,16,20,False,0.995,0.005,0.66,fixed,100,none,371c9e91-ddfd-4fc0-aac2-c83fd387c776
1999,291600,52.04554510116577,0.99900075,0.999002,1.0,0.9960719999999998,0.0,0.0,0.0,0.0,0.0,0.0,0.0005,0.0,0.0,0.0,0.0005,0.0,0.0,0.0,0.002,0.9975,0.045500467961884665,1894,0.0007446101746370624,9.955569268886482e-07,0.00016318432304416182,16,20,False,0.995,0.005,0.66,fixed,100,none,371c9e91-ddfd-4fc0-aac2-c83fd387c776
2000,291900,52.06512689590454,0.99900075,0.999002,1.0,0.9960719999999998,0.0,0.0,0.0,0.0,0.0,0.0,0.0005,0.0,0.0,0.0,0.0005,0.0,0.0,0.0,0.002,0.9975,0.0458997116852281,1893,0.0007437029124781595,9.94804584108158e-07,0.0001629855804124497,16,20,False,0.995,0.005,0.66,fixed,100,none,371c9e91-ddfd-4fc0-aac2-c83fd387c776
2001,292000,52.0847864151001,0.99900075,0.999002,1.0,0.9960719999999998,0.0,0.0,0.0,0.0,0.0,0.0,0.0005,0.0,0.0,0.0,0.0005,0.0,0.0,0.0,0.002,0.9975,0.0458997116852281,1893,0.000744409809736599,9.96042579091266e-07,0.00016314055544136886,16,20,False,0.995,0.005,0.66,fixed,100,none,371c9e91-ddfd-4fc0-aac2-c83fd387c776
2002,292300,52.10459065437317,0.99900075,0.999002,1.0,0.9960719999999998,0.0,0.0,0.0,0.0,0.0,0.0,0.0005,0.0,0.0,0.0,0.0005,0.0,0.0,0.0,0.002,0.9975,0.0458997116852281,1893,0.0007446932366744144,9.968405293897523e-07,0.00016320274920861335,16,20,False,0.995,0.005,0.66,fixed,100,none,371c9e91-ddfd-4fc0-aac2-c83fd387c776
2003,292400,52.12426829338074,0.99900075,0.999002,1.0,0.9960719999999998,0.0,0.0,0.0,0.0,0.0,0.0,0.0005,0.0,0.0,0.0,0.0005,0.0,0.0,0.0,0.002,0.9975,0.0458997116852281,1893,0.0007441532767768018,9.966086530385854e-07,0.00016308450793051926,16,20,False,0.995,0.005,0.66,fixed,100,none,371c9e91-ddfd-4fc0-aac2-c83fd387c776
2004,292600,52.14397716522217,0.99900075,0.999002,1.0,0.9960719999999998,0.0,0.0,0.0,0.0,0.0,0.0,0.0005,0.0,0.0,0.0,0.0005,0.0,0.0,0.0,0.002,0.9975,0.045500467961884665,1894,0.0007434374145382083,9.966663518019165e-07,0.0001629278166492562,16,20,False,0.995,0.005,0.66,fixed,100,none,371c9e91-ddfd-4fc0-aac2-c83fd387c776
2005,292700,52.16353940963745,0.99900075,0.999002,1.0,0.9960719999999998,0.0,0.0,0.0,0.0,0.0,0.0,0.0005,0.0,0.0,0.0,0.0005,0.0,0.0,0.0,0.002,0.9975,0.045500467961884665,1894,0.0007439817111368467,9.992626495616627e-07,0.00016304745647127247,16,20,False,0.995,0.005,0.66,fixed,100,none,371c9e91-ddfd-4fc0-aac2-c83fd387c776
2006,293000,52.18411445617676,0.99900075,0.999002,1.0,0.9960719999999998,0.0,0.0,0.0,0.0,0.0,0.0,0.0005,0.0,0.0,0.0,0.0005,0.0,0.0,0.0,0.002,0.9975,0.0458997116852281,1893,0.0007453671119491849,1.0033716566635132e-06,0.00016335150142044266,16,20,False,0.995,0.005,0.66,fixed,100,none,371c9e91-ddfd-4fc0-aac2-c83fd387c776
2007,293100,52.20360207557678,0.99900075,0.999002,1.0,0.9960719999999998,0.0,0.0,0.0,0.0,0.0,0.0,0.0005,0.0,0.0,0.0,0.0005,0.0,0.0,0.0,0.002,0.9975,0.045500467961884665,1894,0.0007453258409138527,1.0037785165329068e-06,0.00016334254449418362,16,20,False,0.995,0.005,0.66,fixed,100,none,371c9e91-ddfd-4fc0-aac2-c83fd387c776
2008,293300,52.2231810092926,0.99900075,0.999002,1.0,0.9960719999999998,0.0,0.0,0.0,0.0,0.0,0.0,0.0005,0.0,0.0,0.0,0.0005,0.0,0.0,0.0,0.002,0.9975,0.045500467961884665,1894,0.0007464781226373078,1.0043351566647723e-06,0.000163594884725073,16,20,False,0.995,0.005,0.66,fixed,100,none,371c9e91-ddfd-4fc0-aac2-c83fd387c776
2009,293400,52.24280548095703,0.99900075,0.999002,1.0,0.9960719999999998,0.0,0.0,0.0,0.0,0.0,0.0,0.0005,0.0,0.0,0.0,0.0005,0.0,0.0,0.0,0.002,0.9975,0.045500467961884665,1894,0.0007469672194949413,1.0072818081106318e-06,0.0001637025078909837,16,20,False,0.995,0.005,0.66,fixed,100,none,371c9e91-ddfd-4fc0-aac2-c83fd387c776
2010,293700,52.26240134239197,0.99900075,0.999002,1.0,0.9960719999999998,0.0,0.0,0.0,0.0,0.0,0.0,0.0005,0.0,0.0,0.0,0.0005,0.0,0.0,0.0,0.002,0.9975,0.045500467961884665,1894,0.0007475904036205536,1.0100263691297795e-06,0.00016383944436267384,16,20,False,0.995,0.005,0.66,fixed,100,none,371c9e91-ddfd-4fc0-aac2-c83fd387c776
2011,293800,52.282033920288086,0.99900075,0.999002,1.0,0.9960719999999998,0.0,0.0,0.0,0.0,0.0,0.0,0.0005,0.0,0.0,0.0,0.0005,0.0,0.0,0.0,0.002,0.9975,0.045500467961884665,1894,0.00074729264756355,1.0079840761445713e-06,0.00016377387752612856,16,20,False,0.995,0.005,0.66,fixed,100,none,371c9e91-ddfd-4fc0-aac2-c83fd387c776
2012,294100,52.30152630805969,0.99900075,0.999002,1.0,0.9960719999999998,0.0,0.0,0.0,0.0,0.0,0.0,0.0005,0.0,0.0,0.0,0.0005,0.0,0.0,0.0,0.002,0.9975,0.0458997116852281,1893,0.0007476523124398314,1.0075141066134624e-06,0.00016385251887333566,16,20,False,0.995,0.005,0.66,fixed,100,none,371c9e91-ddfd-4fc0-aac2-c83fd387c776
2013,294200,52.321006298065186,0.99900075,0.999002,1.0,0.9960719999999998,0.0,0.0,0.0,0.0,0.0,0.0,0.0005,0.0,0.0,0.0,0.0005,0.0,0.0,0.0,0.002,0.9975,0.045500467961884665,1894,0.0007474471745451842,1.0078771299023424e-06,0.00016380768316262228,16,20,False,0.995,0.005,0.66,fixed,100,none,371c9e91-ddfd-4fc0-aac2-c83fd387c776
2014,294400,52.34040379524231,0.99900075,0.999002,1.0,0.9960719999999998,0.0,0.0,0.0,0.0,0.0,0.0,0.0005,0.0,0.0,0.0,0.0005,0.0,0.0,0.0,0.002,0.9975,0.045500467961884665,1894,0.0007495926798044144,1.0140629382480316e-06,0.00016427850956745343,16,20,False,0.995,0.005,0.66,fixed,100,none,371c9e91-ddfd-4fc0-aac2-c83fd387c776
2015,294500,52.3600697517395,0.99900075,0.999002,1.0,0.9960719999999998,0.0,0.0,0.0,0.0,0.0,0.0,0.0005,0.0,0.0,0.0,0.0005,0.0,0.0,0.0,0.002,0.9975,0.045500467961884665,1894,0.0007491016757853034,1.0117836952084989e-06,0.00016417059573149253,16,20,False,0.995,0.005,0.66,fixed,100,none,371c9e91-ddfd-4fc0-aac2-c83fd387c776
2016,294800,52.37975001335144,0.99900075,0.999002,1.0,0.9960719999999998,0.0,0.0,0.0,0.0,0.0,0.0,0.0005,0.0,0.0,0.0,0.0005,0.0,0.0,0.0,0.002,0.9975,0.045500467961884665,1894,0.0007502454417418574,1.0103846107916787e-06,0.000164420700273343,16,20,False,0.995,0.005,0.66,fixed,100,none,371c9e91-ddfd-4fc0-aac2-c83fd387c776
2017,294900,52.399324893951416,0.99900075,0.999002,1.0,0.9960719999999998,0.0,0.0,0.0,0.0,0.0,0.0,0.0005,0.0,0.0,0.0,0.0005,0.0,0.0,0.0,0.002,0.9975,0.045500467961884665,1894,0.000750712918868109,1.0142749504101884e-06,0.000164523770180807,16,20,False,0.995,0.005,0.66,fixed,100,none,371c9e91-ddfd-4fc0-aac2-c83fd387c776
2018,295100,52.4187958240509,0.99900075,0.999002,1.0,0.9960719999999998,0.0,0.0,0.0,0.0,0.0,0.0,0.0005,0.0,0.0,0.0,0.0005,0.0,0.0,0.0,0.002,0.9975,0.045500467961884665,1894,0.0007511427844011234,1.0177904368189376e-06,0.00016461853568840152,16,20,False,0.995,0.005,0.66,fixed,100,none,371c9e91-ddfd-4fc0-aac2-c83fd387c776
2019,295200,52.43895387649536,0.99900075,0.999002,1.0,0.9960719999999998,0.0,0.0,0.0,0.0,0.0,0.0,0.0005,0.0,0.0,0.0,0.0005,0.0,0.0,0.0,0.002,0.9975,0.045500467961884665,1894,0.0007521206310902876,1.0184166709253278e-06,0.00016483270531313977,16,20,False,0.995,0.005,0.66,fixed,100,none,371c9e91-ddfd-4fc0-aac2-c83fd387c776
2020,295500,52.45910120010376,0.99900075,0.999002,1.0,0.9960719999999998,0.0,0.0,0.0,0.0,0.0,0.0,0.0005,0.0,0.0,0.0,0.0005,0.0,0.0,0.0,0.002,0.9975,0.045500467961884665,1894,0.0007529953836897865,1.0220776016639695e-06,0.00016502488423401045,16,20,False,0.995,0.005,0.66,fixed,100,none,371c9e91-ddfd-4fc0-aac2-c83fd387c776
2021,295600,52.47917985916138,0.99900075,0.999002,1.0,0.9960719999999998,0.0,0.0,0.0,0.0,0.0,0.0,0.0005,0.0,0.0,0.0,0.0005,0.0,0.0,0.0,0.002,0.9975,0.045500467961884665,1894,0.0007538115059524396,1.0223687968479887e-06,0.00016520358872439014,16,20,False,0.995,0.005,0.66,fixed,100,none,371c9e91-ddfd-4fc0-aac2-c83fd387c776
2022,295700,52.49901008605957,0.99900075,0.999002,1.0,0.9960719999999998,0.0,0.0,0.0,0.0,0.0,0.0,0.0005,0.0,0.0,0.0,0.0005,0.0,0.0,0.0,0.002,0.9975,0.045500467961884665,1894,0.0007539728653775029,1.0207397263657746e-06,0.0001652386007791449,16,20,False,0.995,0.005,0.66,fixed,100,none,371c9e91-ddfd-4fc0-aac2-c83fd387c776
2023,295800,52.519126653671265,0.99900075,0.999002,1.0,0.9960719999999998,0.0,0.0,0.0,0.0,0.0,0.0,0.0005,0.0,0.0,0.0,0.0005,0.0,0.0,0.0,0.002,0.9975,0.045500467961884665,1894,0.0007537594536148572,1.0205121657722626e-06,0.00016519184170778897,16,20,False,0.995,0.005,0.66,fixed,100,none,371c9e91-ddfd-4fc0-aac2-c83fd387c776
2024,295900,52.539669036865234,0.99900075,0.999002,1.0,0.9960719999999998,0.0,0.0,0.0,0.0,0.0,0.0,0.0005,0.0,0.0,0.0,0.0005,0.0,0.0,0.0,0.002,0.9975,0.045500467961884665,1894,0.0007535781212999446,1.0206372290476025e-06,0.00016515217182607692,16,20,False,0.995,0.005,0.66,fixed,100,none,371c9e91-ddfd-4fc0-aac2-c83fd387c776
2025,296000,52.56050133705139,0.99900075,0.999002,1.0,0.9960719999999998,0.0,0.0,0.0,0.0,0.0,0.0,0.0005,0.0,0.0,0.0,0.0005,0.0,0.0,0.0,0.002,0.9975,0.045500467961884665,1894,0.0007542284864451214,1.022594146112907e-06,0.00016529490857059852,16,20,False,0.995,0.005,0.66,fixed,100,none,371c9e91-ddfd-4fc0-aac2-c83fd387c776
2026,296200,52.58044505119324,0.99900075,0.999002,1.0,0.9960719999999998,0.0,0.0,0.0,0.0,0.0,0.0,0.0005,0.0,0.0,0.0,0.0005,0.0,0.0,0.0,0.002,0.9975,0.045500467961884665,1894,0.0007547376485654053,1.0233903012671045e-06,0.00016540651542820798,16,20,False,0.995,0.005,0.66,fixed,100,none,371c9e91-ddfd-4fc0-aac2-c83fd387c776
2027,296300,52.60099411010742,0.99900075,0.999002,1.0,0.9960719999999998,0.0,0.0,0.0,0.0,0.0,0.0,0.0005,0.0,0.0,0.0,0.0005,0.0,0.0,0.0,0.002,0.9975,0.045500467961884665,1894,0.0007548713521980991,1.023684439305015e-06,0.00016543583903963184,16,20,False,0.995,0.005,0.66,fixed,100,none,371c9e91-ddfd-4fc0-aac2-c83fd387c776
2028,296600,52.620983600616455,0.99900075,0.999002,1.0,0.9960719999999998,0.0,0.0,0.0,0.0,0.0,0.0,0.0005,0.0,0.0,0.0,0.0005,0.0,0.0,0.0,0.002,0.9975,0.045500467961884665,1894,0.0007535819869176167,1.023091451989212e-06,0.00016515348431214423,16,20,False,0.995,0.005,0.66,fixed,100,none,371c9e91-ddfd-4fc0-aac2-c83fd387c776
2029,296700,52.64067888259888,0.99900075,0.999002,1.0,0.9960719999999998,0.0,0.0,0.0,0.0,0.0,0.0,0.0005,0.0,0.0,0.0,0.0005,0.0,0.0,0.0,0.002,0.9975,0.045500467961884665,1894,0.0007541313410694204,1.0248365847194955e-06,0.00016527406951119284,16,20,False,0.995,0.005,0.66,fixed,100,none,371c9e91-ddfd-4fc0-aac2-c83fd387c776
2030,296900,52.664403200149536,0.99900075,0.999002,1.0,0.9960719999999998,0.0,0.0,0.0,0.0,0.0,0.0,0.0005,0.0,0.0,0.0,0.0005,0.0,0.0,0.0,0.002,0.9975,0.045500467961884665,1894,0.0007541180985112444,1.0249602685739337e-06,0.00016527119421514048,16,20,False,0.995,0.005,0.66,fixed,100,none,371c9e91-ddfd-4fc0-aac2-c83fd387c776
2031,297000,52.68438720703125,0.99900075,0.999002,1.0,0.9960719999999998,0.0,0.0,0.0,0.0,0.0,0.0,0.0005,0.0,0.0,0.0,0.0005,0.0,0.0,0.0,0.002,0.9975,0.045500467961884665,1894,0.0007541032395261196,1.0236332375063493e-06,0.00016526768944739382,16,20,False,0.995,0.005,0.66,fixed,100,none,371c9e91-ddfd-4fc0-aac2-c83fd387c776
2032,297300,52.70420527458191,0.99900075,0.999002,1.0,0.9960719999999998,0.0,0.0,0.0,0.0,0.0,0.0,0.0005,0.0,0.0,0.0,0.0005,0.0,0.0,0.0,0.002,0.9975,0.045500467961884665,1894,0.0007527435347991586,1.0222506969591427e-06,0.00016496978739995806,16,20,False,0.995,0.005,0.66,fixed,100,none,371c9e91-ddfd-4fc0-aac2-c83fd387c776
2033,297400,52.72389578819275,0.99900075,0.999002,1.0,0.9960719999999998,0.0,0.0,0.0,0.0,0.0,0.0,0.0005,0.0,0.0,0.0,0.0005,0.0,0.0,0.0,0.002,0.9975,0.045500467961884665,1894,0.0007528278919508853,1.0230495873110629e-06,0.0001649884049696379,16,20,False,0.995,0.005,0.66,fixed,100,none,371c9e91-ddfd-4fc0-aac2-c83fd387c776
2034,297700,52.74356412887573,0.99900075,0.999002,1.0,0.9960719999999998,0.0,0.0,0.0,0.0,0.0,0.0,0.0005,0.0,0.0,0.0,0.0005,0.0,0.0,0.0,0.002,0.9975,0.045500467961884665,1894,0.0007516421054370155,1.020516134897623e-06,0.00016472835494579324,16,20,False,0.995,0.005,0.66,fixed,100,none,371c9e91-ddfd-4fc0-aac2-c83fd387c776
2035,297800,52.76321029663086,0.99900075,0.999002,1.0,0.9960719999999998,0.0,0.0,0.0,0.0,0.0,0.0,0.0005,0.0,0.0,0.0,0.0005,0.0,0.0,0.0,0.002,0.9975,0.045500467961884665,1894,0.0007520779372503175,1.022113407147591e-06,0.00016482406201145252,16,20,False,0.995,0.005,0.66,fixed,100,none,371c9e91-ddfd-4fc0-aac2-c83fd387c776
2036,298000,52.782774209976196,0.99900075,0.999002,1.0,0.9960719999999998,0.0,0.0,0.0,0.0,0.0,0.0,0.0005,0.0,0.0,0.0,0.0005,0.0,0.0,0.0,0.002,0.9975,0.045500467961884665,1894,0.0007525891568737973,1.0234965459407392e-06,0.00016493623078340296,16,20,False,0.995,0.005,0.66,fixed,100,none,371c9e91-ddfd-4fc0-aac2-c83fd387c776
2037,298100,52.80222010612488,0.99900075,0.999002,1.0,0.9960719999999998,0.0,0.0,0.0,0.0,0.0,0.0,0.0005,0.0,0.0,0.0,0.0005,0.0,0.0,0.0,0.002,0.9975,0.045500467961884665,1894,0.0007521740514046274,1.0230555702381187e-06,0.00016484528041081818,16,20,False,0.995,0.005,0.66,fixed,100,none,371c9e91-ddfd-4fc0-aac2-c83fd387c776
2038,298200,52.821656942367554,0.99900075,0.999002,1.0,0.9960719999999998,0.0,0.0,0.0,0.0,0.0,0.0,0.0005,0.0,0.0,0.0,0.0005,0.0,0.0,0.0,0.002,0.9975,0.045500467961884665,1894,0.0007515228977144817,1.0222109979500952e-06,0.00016470258239931055,16,20,False,0.995,0.005,0.66,fixed,100,none,371c9e91-ddfd-4fc0-aac2-c83fd387c776
2039,298400,52.84114742279053,0.99900075,0.999002,1.0,0.9960719999999998,0.0,0.0,0.0,0.0,0.0,0.0,0.0005,0.0,0.0,0.0,0.0005,0.0,0.0,0.0,0.002,0.9975,0.045500467961884665,1894,0.0007539021230904695,1.0268052787584203e-06,0.0001652242677474679,16,20,False,0.995,0.005,0.66,fixed,100,none,371c9e91-ddfd-4fc0-aac2-c83fd387c776
2040,298500,52.86116409301758,0.99900075,0.999002,1.0,0.9960719999999998,0.0,0.0,0.0,0.0,0.0,0.0,0.0005,0.0,0.0,0.0,0.0005,0.0,0.0,0.0,0.002,0.9975,0.045500467961884665,1894,0.0007529917002247872,1.0262557323636185e-06,0.000165024871768355,16,20,False,0.995,0.005,0.66,fixed,100,none,371c9e91-ddfd-4fc0-aac2-c83fd387c776
2041,298700,52.8811571598053,0.99900075,0.999002,1.0,0.9960719999999998,0.0,0.0,0.0,0.0,0.0,0.0,0.0005,0.0,0.0,0.0,0.0005,0.0,0.0,0.0,0.002,0.9975,0.045500467961884665,1894,0.0007530324913470967,1.0281067032389542e-06,0.00016503415262949486,16,20,False,0.995,0.005,0.66,fixed,100,none,371c9e91-ddfd-4fc0-aac2-c83fd387c776
2042,298800,52.90079069137573,0.99900075,0.999002,1.0,0.9960719999999998,0.0,0.0,0.0,0.0,0.0,0.0,0.0005,0.0,0.0,0.0,0.0005,0.0,0.0,0.0,0.002,0.9975,0.045500467961884665,1894,0.0007551397430653478,1.032667313136973e-06,0.00016549629654650068,16,20,False,0.995,0.005,0.66,fixed,100,none,371c9e91-ddfd-4fc0-aac2-c83fd387c776
2043,299100,52.92036247253418,0.99900075,0.999002,1.0,0.9960719999999998,0.0,0.0,0.0,0.0,0.0,0.0,0.0005,0.0,0.0,0.0,0.0005,0.0,0.0,0.0,0.002,0.9975,0.045500467961884665,1894,0.0007558070507653794,1.038462995976696e-06,0.00016564347138177713,16,20,False,0.995,0.005,0.66,fixed,100,none,371c9e91-ddfd-4fc0-aac2-c83fd387c776
2044,299200,52.940000772476196,0.99900075,0.999002,1.0,0.9960719999999998,0.0,0.0,0.0,0.0,0.0,0.0,0.0005,0.0,0.0,0.0,0.0005,0.0,0.0,0.0,0.002,0.9975,0.045500467961884665,1894,0.0007566505095239995,1.0404395447229876e-06,0.00016582848004830086,16,20,False,0.995,0.005,0.66,fixed,100,none,371c9e91-ddfd-4fc0-aac2-c83fd387c776
2045,299500,52.95954871177673,0.99900075,0.999002,1.0,0.9960719999999998,0.0,0.0,0.0,0.0,0.0,0.0,0.0005,0.0,0.0,0.0,0.0005,0.0,0.0,0.0,0.002,0.9975,0.045500467961884665,1894,0.0007569817475702649,1.0402107283725354e-06,0.00016590094458152177,16,20,False,0.995,0.005,0.66,fixed,100,none,371c9e91-ddfd-4fc0-aac2-c83fd387c776
2046,299600,52.9791374206543,0.99900075,0.999002,1.0,0.9960719999999998,0.0,0.0,0.0,0.0,0.0,0.0,0.0005,0.0,0.0,0.0,0.0005,0.0,0.0,0.0,0.002,0.9975,0.045500467961884665,1894,0.0007566704584538677,1.0397276432004779e-06,0.00016583271160775976,16,20,False,0.995,0.005,0.66,fixed,100,none,371c9e91-ddfd-4fc0-aac2-c83fd387c776
2047,299800,53.00264596939087,0.99900075,0.999002,1.0,0.9960719999999998,0.0,0.0,0.0,0.0,0.0,0.0,0.0005,0.0,0.0,0.0,0.0005,0.0,0.0,0.0,0.002,0.9975,0.045500467961884665,1894,0.0007554991493790247,1.0385944143206934e-06,0.00016557609673778945,16,20,False,0.995,0.005,0.66,fixed,100,none,371c9e91-ddfd-4fc0-aac2-c83fd387c776
2048,299900,53.0221905708313,0.99900075,0.999002,1.0,0.9960719999999998,0.0,0.0,0.0,0.0,0.0,0.0,0.0005,0.0,0.0,0.0,0.0005,0.0,0.0,0.0,0.002,0.9975,0.045500467961884665,1894,0.0007554971785123095,1.041198461462032e-06,0.00016557616008402233,16,20,False,0.995,0.005,0.66,fixed,100,none,371c9e91-ddfd-4fc0-aac2-c83fd387c776
2049,300200,53.04202842712402,0.99900075,0.999002,1.0,0.9960719999999998,0.0,0.0,0.0,0.0,0.0,0.0,0.0005,0.0,0.0,0.0,0.0005,0.0,0.0,0.0,0.002,0.9975,0.045500467961884665,1894,0.0007578172346784838,1.0449898055892632e-06,0.00016608474073418207,16,20,False,0.995,0.005,0.66,fixed,100,none,371c9e91-ddfd-4fc0-aac2-c83fd387c776
2050,300300,53.062108516693115,0.99900075,0.999002,1.0,0.9960719999999998,0.0,0.0,0.0,0.0,0.0,0.0,0.0005,0.0,0.0,0.0,0.0005,0.0,0.0,0.0,0.002,0.9975,0.045500467961884665,1894,0.0007578172921563933,1.0458047053644512e-06,0.00016608490814705375,16,20,False,0.995,0.005,0.66,fixed,100,none,371c9e91-ddfd-4fc0-aac2-c83fd387c776
2051,300500,53.08197593688965,0.99900075,0.999002,1.0,0.9960719999999998,0.0,0.0,0.0,0.0,0.0,0.0,0.0005,0.0,0.0,0.0,0.0005,0.0,0.0,0.0,0.002,0.9975,0.045500467961884665,1894,0.0007564324195705156,1.0444431893207487e-06,0.00016578150084995682,16,20,False,0.995,0.005,0.66,fixed,100,none,371c9e91-ddfd-4fc0-aac2-c83fd387c776
2052,300600,53.10360527038574,0.99900075,0.999002,1.0,0.9960719999999998,0.0,0.0,0.0,0.0,0.0,0.0,0.0005,0.0,0.0,0.0,0.0005,0.0,0.0,0.0,0.002,0.9975,0.045500467961884665,1894,0.0007570506790632248,1.045045925216366e-06,0.00016591695237273103,16,20,False,0.995,0.005,0.66,fixed,100,none,371c9e91-ddfd-4fc0-aac2-c83fd387c776
2053,300700,53.12351441383362,0.99900075,0.999002,1.0,0.9960719999999998,0.0,0.0,0.0,0.0,0.0,0.0,0.0005,0.0,0.0,0.0,0.0005,0.0,0.0,0.0,0.002,0.9975,0.045500467961884665,1894,0.0007573901118505334,1.0461098423051565e-06,0.00016599145635411977,16,20,False,0.995,0.005,0.66,fixed,100,none,371c9e91-ddfd-4fc0-aac2-c83fd387c776
2054,300900,53.14319849014282,0.99900075,0.999002,1.0,0.9960719999999998,0.0,0.0,0.0,0.0,0.0,0.0,0.0005,0.0,0.0,0.0,0.0005,0.0,0.0,0.0,0.002,0.9975,0.045500467961884665,1894,0.0007578872337765966,1.0454857114900712e-06,0.0001661001577588801,16,20,False,0.995,0.005,0.66,fixed,100,none,371c9e91-ddfd-4fc0-aac2-c83fd387c776
2055,301000,53.16279101371765,0.99900075,0.999002,1.0,0.9960719999999998,0.0,0.0,0.0,0.0,0.0,0.0,0.0005,0.0,0.0,0.0,0.0005,0.0,0.0,0.0,0.002,0.9975,0.045500467961884665,1894,0.000759241876560804,1.048856561642675e-06,0.0001663973295258721,16,20,False,0.995,0.005,0.66,fixed,100,none,371c9e91-ddfd-4fc0-aac2-c83fd387c776
2056,301300,53.18541359901428,0.99900075,0.999002,1.0,0.9960719999999998,0.0,0.0,0.0,0.0,0.0,0.0,0.0005,0.0,0.0,0.0,0.0005,0.0,0.0,0.0,0.002,0.9975,0.0458997116852281,1893,0.0007604923611321358,1.047748204777007e-06,0.00016667085001073216,16,20,False,0.995,0.005,0.66,fixed,100,none,371c9e91-ddfd-4fc0-aac2-c83fd387c776
2057,301400,53.20512342453003,0.99900075,0.999002,1.0,0.9960719999999998,0.0,0.0,0.0,0.0,0.0,0.0,0.0005,0.0,0.0,0.0,0.0005,0.0,0.0,0.0,0.002,0.9975,0.0458997116852281,1893,0.0007613799347095815,1.0492947067987717e-06,0.00016686543370221917,16,20,False,0.995,0.005,0.66,fixed,100,none,371c9e91-ddfd-4fc0-aac2-c83fd387c776
2058,301600,53.2246515750885,0.99900075,0.999002,1.0,0.9960719999999998,0.0,0.0,0.0,0.0,0.0,0.0,0.0005,0.0,0.0,0.0,0.0005,0.0,0.0,0.0,0.002,0.9975,0.0458997116852281,1893,0.0007607029129468951,1.0477298220542954e-06,0.00016671693631026567,16,20,False,0.995,0.005,0.66,fixed,100,none,371c9e91-ddfd-4fc0-aac2-c83fd387c776
2059,301700,53.24416923522949,0.99900075,0.999002,1.0,0.9960719999999998,0.0,0.0,0.0,0.0,0.0,0.0,0.0005,0.0,0.0,0.0,0.0005,0.0,0.0,0.0,0.002,0.9975,0.0458997116852281,1893,0.0007609695229769625,1.0477112890481942e-06,0.00016677529372457627,16,20,False,0.995,0.005,0.66,fixed,100,none,371c9e91-ddfd-4fc0-aac2-c83fd387c776
2060,302000,53.2637300491333,0.99900075,0.999002,1.0,0.9960719999999998,0.0,0.0,0.0,0.0,0.0,0.0,0.0005,0.0,0.0,0.0,0.0005,0.0,0.0,0.0,0.002,0.9975,0.0458997116852281,1893,0.0007629024856323083,1.051636685045249e-06,0.00016719916507507092,16,20,False,0.995,0.005,0.66,fixed,100,none,371c9e91-ddfd-4fc0-aac2-c83fd387c776
2061,302100,53.28318190574646,0.99900075,0.999002,1.0,0.9960719999999998,0.0,0.0,0.0,0.0,0.0,0.0,0.0005,0.0,0.0,0.0,0.0005,0.0,0.0,0.0,0.002,0.9975,0.0458997116852281,1893,0.0007635270271386999,1.0509448158631194e-06,0.0001673357457556754,16,20,False,0.995,0.005,0.66,fixed,100,none,371c9e91-ddfd-4fc0-aac2-c83fd387c776
2062,302300,53.30266809463501,0.99900075,0.999002,1.0,0.9960719999999998,0.0,0.0,0.0,0.0,0.0,0.0,0.0005,0.0,0.0,0.0,0.0005,0.0,0.0,0.0,0.002,0.9975,0.0458997116852281,1893,0.0007660377674314458,1.0550236553072527e-06,0.00016788612178525187,16,20,False,0.995,0.005,0.66,fixed,100,none,371c9e91-ddfd-4fc0-aac2-c83fd387c776
2063,302400,53.32228469848633,0.99900075,0.999002,1.0,0.9960719999999998,0.0,0.0,0.0,0.0,0.0,0.0,0.0005,0.0,0.0,0.0,0.0005,0.0,0.0,0.0,0.002,0.9975,0.04629795038975885,1892,0.0007657942253845665,1.054835333733855e-06,0.00016783277465009104,16,20,False,0.995,0.005,0.66,fixed,100,none,371c9e91-ddfd-4fc0-aac2-c83fd387c776
2064,302700,53.34209489822388,0.99900075,0.999002,1.0,0.9960719999999998,0.0,0.0,0.0,0.0,0.0,0.0,0.0005,0.0,0.0,0.0,0.0005,0.0,0.0,0.0,0.002,0.9975,0.045899711685228106,1893,0.0007684494719276294,1.0581457284619664e-06,0.00016841463709336586,16,20,False,0.995,0.005,0.66,fixed,100,none,371c9e91-ddfd-4fc0-aac2-c83fd387c776
2065,302800,53.36171197891235,0.99900075,0.999002,1.0,0.9960719999999998,0.0,0.0,0.0,0.0,0.0,0.0,0.0005,0.0,0.0,0.0,0.0005,0.0,0.0,0.0,0.002,0.9975,0.04550046796188468,1894,0.0007695065613412402,1.0595866676782104e-06,0.00016864630774445633,16,20,False,0.995,0.005,0.66,fixed,100,none,371c9e91-ddfd-4fc0-aac2-c83fd387c776
2066,303100,53.381282806396484,0.99900075,0.999002,1.0,0.9960719999999998,0.0,0.0,0.0,0.0,0.0,0.0,0.0005,0.0,0.0,0.0,0.0005,0.0,0.0,0.0,0.002,0.9975,0.045899711685228106,1893,0.0007700964551260383,1.0609554049678754e-06,0.00016877569555403366,16,20,False,0.995,0.005,0.66,fixed,100,none,371c9e91-ddfd-4fc0-aac2-c83fd387c776
2067,303200,53.40080714225769,0.99900075,0.999002,1.0,0.9960719999999998,0.0,0.0,0.0,0.0,0.0,0.0,0.0005,0.0,0.0,0.0,0.0005,0.0,0.0,0.0,0.002,0.9975,0.045899711685228106,1893,0.0007704169899166008,1.0612655815652735e-06,0.00016884591955324135,16,20,False,0.995,0.005,0.66,fixed,100,none,371c9e91-ddfd-4fc0-aac2-c83fd387c776
2068,303400,53.42052602767944,0.99900075,0.999002,1.0,0.9960719999999998,0.0,0.0,0.0,0.0,0.0,0.0,0.0005,0.0,0.0,0.0,0.0005,0.0,0.0,0.0,0.002,0.9975,0.045899711685228106,1893,0.0007713062829016125,1.0665519515082712e-06,0.00016904159019794958,16,20,False,0.995,0.005,0.66,fixed,100,none,371c9e91-ddfd-4fc0-aac2-c83fd387c776
2069,303500,53.44035840034485,0.99900075,0.999002,1.0,0.9960719999999998,0.0,0.0,0.0,0.0,0.0,0.0,0.0005,0.0,0.0,0.0,0.0005,0.0,0.0,0.0,0.002,0.9975,0.045899711685228106,1893,0.0007717684571832388,1.0671765700477939e-06,0.00016914287882572007,16,20,False,0.995,0.005,0.66,fixed,100,none,371c9e91-ddfd-4fc0-aac2-c83fd387c776
2070,303800,53.46019959449768,0.99900075,0.999002,1.0,0.9960719999999998,0.0,0.0,0.0,0.0,0.0,0.0,0.0005,0.0,0.0,0.0,0.0005,0.0,0.0,0.0,0.002,0.9975,0.04629795038975885,1892,0.0007707036512093909,1.0646076909434485e-06,0.00016890930471101493,16,20,False,0.995,0.005,0.66,fixed,100,none,371c9e91-ddfd-4fc0-aac2-c83fd387c776
2071,303900,53.47993493080139,0.99900075,0.999002,1.0,0.9960719999999998,0.0,0.0,0.0,0.0,0.0,0.0,0.0005,0.0,0.0,0.0,0.0005,0.0,0.0,0.0,0.002,0.9975,0.04629795038975885,1892,0.0007722620192156715,1.0683964017204807e-06,0.0001692511513226374,16,20,False,0.995,0.005,0.66,fixed,100,none,371c9e91-ddfd-4fc0-aac2-c83fd387c776
2072,304100,53.49954676628113,0.99900075,0.999002,1.0,0.9960719999999998,0.0,0.0,0.0,0.0,0.0,0.0,0.0005,0.0,0.0,0.0,0.0005,0.0,0.0,0.0,0.002,0.9975,0.0458997116852281,1893,0.0007715762053814952,1.0681640129723679e-06,0.00016910098252047404,16,20,False,0.995,0.005,0.66,fixed,100,none,371c9e91-ddfd-4fc0-aac2-c83fd387c776
2073,304200,53.51904273033142,0.99900075,0.999002,1.0,0.9960719999999998,0.0,0.0,0.0,0.0,0.0,0.0,0.0005,0.0,0.0,0.0,0.0005,0.0,0.0,0.0,0.002,0.9975,0.0458997116852281,1893,0.0007726535052480306,1.069147250800269e-06,0.00016933699027644596,16,20,False,0.995,0.005,0.66,fixed,100,none,371c9e91-ddfd-4fc0-aac2-c83fd387c776
2074,304500,53.53932523727417,0.99900075,0.999002,1.0,0.9960719999999998,0.0,0.0,0.0,0.0,0.0,0.0,0.0005,0.0,0.0,0.0,0.0005,0.0,0.0,0.0,0.002,0.9975,0.04550046796188468,1894,0.000774327696051959,1.074767896008486e-06,0.00016970453856601545,16,20,False,0.995,0.005,0.66,fixed,100,none,371c9e91-ddfd-4fc0-aac2-c83fd387c776
2075,304600,53.55881094932556,0.99900075,0.999002,1.0,0.9960719999999998,0.0,0.0,0.0,0.0,0.0,0.0,0.0005,0.0,0.0,0.0,0.0005,0.0,0.0,0.0,0.002,0.9975,0.0458997116852281,1893,0.0007733277005228933,1.0733272998331196e-06,0.00016948536583142964,16,20,False,0.995,0.005,0.66,fixed,100,none,371c9e91-ddfd-4fc0-aac2-c83fd387c776
2076,304900,53.57842421531677,0.99900075,0.999002,1.0,0.9960719999999998,0.0,0.0,0.0,0.0,0.0,0.0,0.0005,0.0,0.0,0.0,0.0005,0.0,0.0,0.0,0.002,0.9975,0.04629795038975885,1892,0.0007751801933937041,1.0802523717984789e-06,0.00016989219228452356,16,20,False,0.995,0.005,0.66,fixed,100,none,371c9e91-ddfd-4fc0-aac2-c83fd387c776
2077,305000,53.59825873374939,0.99900075,0.999002,1.0,0.9960719999999998,0.0,0.0,0.0,0.0,0.0,0.0,0.0005,0.0,0.0,0.0,0.0005,0.0,0.0,0.0,0.002,0.9975,0.0458997116852281,1893,0.0007761843425082804,1.084025041656588e-06,0.00017011271733297735,16,20,False,0.995,0.005,0.66,fixed,100,none,371c9e91-ddfd-4fc0-aac2-c83fd387c776
2078,305200,53.61828327178955,0.99900075,0.999002,1.0,0.9960719999999998,0.0,0.0,0.0,0.0,0.0,0.0,0.0005,0.0,0.0,0.0,0.0005,0.0,0.0,0.0,0.002,0.9975,0.04629795038975885,1892,0.0007776156793615274,1.0872018432919654e-06,0.0001704266405624638,16,20,False,0.995,0.005,0.66,fixed,100,none,371c9e91-ddfd-4fc0-aac2-c83fd387c776
2079,305300,53.63790822029114,0.99900075,0.999002,1.0,0.9960719999999998,0.0,0.0,0.0,0.0,0.0,0.0,0.0005,0.0,0.0,0.0,0.0005,0.0,0.0,0.0,0.002,0.9975,0.04629795038975885,1892,0.0007779230720129153,1.0880360880795991e-06,0.00017049408732036227,16,20,False,0.995,0.005,0.66,fixed,100,none,371c9e91-ddfd-4fc0-aac2-c83fd387c776
2080,305500,53.65738344192505,0.99900075,0.999002,1.0,0.9960719999999998,0.0,0.0,0.0,0.0,0.0,0.0,0.0005,0.0,0.0,0.0,0.0005,0.0,0.0,0.0,0.002,0.9975,0.04629795038975885,1892,0.0007798889671342767,1.091607700229465e-06,0.00017092510036873678,16,20,False,0.995,0.005,0.66,fixed,100,none,371c9e91-ddfd-4fc0-aac2-c83fd387c776
2081,305600,53.676968812942505,0.99900075,0.999002,1.0,0.9960719999999998,0.0,0.0,0.0,0.0,0.0,0.0,0.0005,0.0,0.0,0.0,0.0005,0.0,0.0,0.0,0.002,0.9975,0.04629795038975885,1892,0.0007793604613836318,1.0929114859231225e-06,0.00017080965817920242,16,20,False,0.995,0.005,0.66,fixed,100,none,371c9e91-ddfd-4fc0-aac2-c83fd387c776
2082,305700,53.696542263031006,0.99900075,0.999002,1.0,0.9960719999999998,0.0,0.0,0.0,0.0,0.0,0.0,0.0005,0.0,0.0,0.0,0.0005,0.0,0.0,0.0,0.002,0.9975,0.04629795038975885,1892,0.0007804778631810866,1.0946647325480911e-06,0.00017105459054952402,16,20,False,0.995,0.005,0.66,fixed,100,none,371c9e91-ddfd-4fc0-aac2-c83fd387c776
2083,305900,53.71617245674133,0.99900075,0.999002,1.0,0.9960719999999998,0.0,0.0,0.0,0.0,0.0,0.0,0.0005,0.0,0.0,0.0,0.0005,0.0,0.0,0.0,0.002,0.9975,0.04629795038975885,1892,0.0007807026526672468,1.0961147541350473e-06,0.000171104072472146,16,20,False,0.995,0.005,0.66,fixed,100,none,371c9e91-ddfd-4fc0-aac2-c83fd387c776
2084,306000,53.73573136329651,0.99900075,0.999002,1.0,0.9960719999999998,0.0,0.0,0.0,0.0,0.0,0.0,0.0005,0.0,0.0,0.0,0.0005,0.0,0.0,0.0,0.002,0.9975,0.04629795038975885,1892,0.0007807026526672468,1.0961147541350473e-06,0.000171104072472146,16,20,False,0.995,0.005,0.66,fixed,100,none,371c9e91-ddfd-4fc0-aac2-c83fd387c776
2085,306300,53.75525665283203,0.99900075,0.999002,1.0,0.9960719999999998,0.0,0.0,0.0,0.0,0.0,0.0,0.0005,0.0,0.0,0.0,0.0005,0.0,0.0,0.0,0.002,0.9975,0.04629795038975885,1892,0.000782998632766557,1.0986274203873527e-06,0.0001716071399224729,16,20,False,0.995,0.005,0.66,fixed,100,none,371c9e91-ddfd-4fc0-aac2-c83fd387c776
2086,306400,53.77493953704834,0.99900075,0.999002,1.0,0.9960719999999998,0.0,0.0,0.0,0.0,0.0,0.0,0.0005,0.0,0.0,0.0,0.0005,0.0,0.0,0.0,0.002,0.9975,0.04629795038975885,1892,0.0007827744455941979,1.0985112071102626e-06,0.0001715580432699209,16,20,False,0.995,0.005,0.66,fixed,100,none,371c9e91-ddfd-4fc0-aac2-c83fd387c776
2087,306700,53.79457712173462,0.99900075,0.999002,1.0,0.9960719999999998,0.0,0.0,0.0,0.0,0.0,0.0,0.0005,0.0,0.0,0.0,0.0005,0.0,0.0,0.0,0.002,0.9975,0.04629795038975885,1892,0.0007830254991810538,1.0998076394922207e-06,0.00017161324522223622,16,20,False,0.995,0.005,0.66,fixed,100,none,371c9e91-ddfd-4fc0-aac2-c83fd387c776
2088,306800,53.814656496047974,0.99900075,0.999002,1.0,0.9960719999999998,0.0,0.0,0.0,0.0,0.0,0.0,0.0005,0.0,0.0,0.0,0.0005,0.0,0.0,0.0,0.002,0.9975,0.04629795038975885,1892,0.000782316947200703,1.0988990832233998e-06,0.00017145797056804634,16,20,False,0.995,0.005,0.66,fixed,100,none,371c9e91-ddfd-4fc0-aac2-c83fd387c776
2089,307000,53.83459782600403,0.99900075,0.999002,1.0,0.9960719999999998,0.0,0.0,0.0,0.0,0.0,0.0,0.0005,0.0,0.0,0.0,0.0005,0.0,0.0,0.0,0.002,0.9975,0.04669518407547691,1891,0.0007837690743197994,1.1006490997065758e-06,0.00017177617369754832,16,20,False,0.995,0.005,0.66,fixed,100,none,371c9e91-ddfd-4fc0-aac2-c83fd387c776
2090,307100,53.85424184799194,0.99900075,0.999002,1.0,0.9960719999999998,0.0,0.0,0.0,0.0,0.0,0.0,0.0005,0.0,0.0,0.0,0.0005,0.0,0.0,0.0,0.002,0.9975,0.04669518407547691,1891,0.0007844520511869387,1.1010272041347961e-06,0.0001719257491736065,16,20,False,0.995,0.005,0.66,fixed,100,none,371c9e91-ddfd-4fc0-aac2-c83fd387c776
2091,307400,53.8738067150116,0.99900075,0.999002,1.0,0.9960719999999998,0.0,0.0,0.0,0.0,0.0,0.0,0.0005,0.0,0.0,0.0,0.0005,0.0,0.0,0.0,0.002,0.9975,0.04629795038975885,1892,0.0007863273884735513,1.1065900991544616e-06,0.00017233731745569972,16,20,False,0.995,0.005,0.66,fixed,100,none,371c9e91-ddfd-4fc0-aac2-c83fd387c776
2092,307500,53.8935649394989,0.99900075,0.999002,1.0,0.9960719999999998,0.0,0.0,0.0,0.0,0.0,0.0,0.0005,0.0,0.0,0.0,0.0005,0.0,0.0,0.0,0.002,0.9975,0.04629795038975885,1892,0.0007867755075452852,1.1082158796153025e-06,0.00017243571961878985,16,20,False,0.995,0.005,0.66,fixed,100,none,371c9e91-ddfd-4fc0-aac2-c83fd387c776
2093,307700,53.91307997703552,0.99900075,0.999002,1.0,0.9960719999999998,0.0,0.0,0.0,0.0,0.0,0.0,0.0005,0.0,0.0,0.0,0.0005,0.0,0.0,0.0,0.002,0.9975,0.04629795038975885,1892,0.0007865439956274724,1.1080127260813762e-06,0.00017238500306080917,16,20,False,0.995,0.005,0.66,fixed,100,none,371c9e91-ddfd-4fc0-aac2-c83fd387c776
2094,307800,53.9325270652771,0.99900075,0.999002,1.0,0.9960719999999998,0.0,0.0,0.0,0.0,0.0,0.0,0.0005,0.0,0.0,0.0,0.0005,0.0,0.0,0.0,0.002,0.9975,0.04629795038975885,1892,0.0007879291787951535,1.110439630066421e-06,0.00017268868076797172,16,20,False,0.995,0.005,0.66,fixed,100,none,371c9e91-ddfd-4fc0-aac2-c83fd387c776
2095,308100,53.95222783088684,0.99900075,0.999002,1.0,0.9960719999999998,0.0,0.0,0.0,0.0,0.0,0.0,0.0005,0.0,0.0,0.0,0.0005,0.0,0.0,0.0,0.002,0.9975,0.0458997116852281,1893,0.0007898818522055172,1.1137407162723547e-06,0.00017311674818387948,16,20,False,0.995,0.005,0.66,fixed,100,none,371c9e91-ddfd-4fc0-aac2-c83fd387c776
2096,308200,53.9717755317688,0.99900075,0.999002,1.0,0.9960719999999998,0.0,0.0,0.0,0.0,0.0,0.0,0.0005,0.0,0.0,0.0,0.0005,0.0,0.0,0.0,0.002,0.9975,0.0458997116852281,1893,0.0007898096069586886,1.1134002681661918e-06,0.00017310086901420853,16,20,False,0.995,0.005,0.66,fixed,100,none,371c9e91-ddfd-4fc0-aac2-c83fd387c776
2097,308500,53.99134302139282,0.99900075,0.999002,1.0,0.9960719999999998,0.0,0.0,0.0,0.0,0.0,0.0,0.0005,0.0,0.0,0.0,0.0005,0.0,0.0,0.0,0.002,0.9975,0.04629795038975885,1892,0.0007891061047963515,1.1131386075282368e-06,0.00017294682267535172,16,20,False,0.995,0.005,0.66,fixed,100,none,371c9e91-ddfd-4fc0-aac2-c83fd387c776
2098,308600,54.011008977890015,0.99900075,0.999002,1.0,0.9960719999999998,0.0,0.0,0.0,0.0,0.0,0.0,0.0005,0.0,0.0,0.0,0.0005,0.0,0.0,0.0,0.002,0.9975,0.0458997116852281,1893,0.0007893585011853389,1.1125786113817268e-06,0.00017300196584563323,16,20,False,0.995,0.005,0.66,fixed,100,none,371c9e91-ddfd-4fc0-aac2-c83fd387c776
2099,308800,54.03047156333923,0.99900075,0.999002,1.0,0.9960719999999998,0.0,0.0,0.0,0.0,0.0,0.0,0.0005,0.0,0.0,0.0,0.0005,0.0,0.0,0.0,0.002,0.9975,0.0458997116852281,1893,0.0007901873324734582,1.1176651099657305e-06,0.0001731843634493335,16,20,False,0.995,0.005,0.66,fixed,100,none,371c9e91-ddfd-4fc0-aac2-c83fd387c776
2100,308900,54.0500910282135,0.99900075,0.999002,1.0,0.9960719999999998,0.0,0.0,0.0,0.0,0.0,0.0,0.0005,0.0,0.0,0.0,0.0005,0.0,0.0,0.0,0.002,0.9975,0.0458997116852281,1893,0.0007892610976471816,1.1181978483753768e-06,0.00017298171186615937,16,20,False,0.995,0.005,0.66,fixed,100,none,371c9e91-ddfd-4fc0-aac2-c83fd387c776
2101,309200,54.07001614570618,0.99900075,0.999002,1.0,0.9960719999999998,0.0,0.0,0.0,0.0,0.0,0.0,0.0005,0.0,0.0,0.0,0.0005,0.0,0.0,0.0,0.002,0.9975,0.0458997116852281,1893,0.0007921581429145389,1.1216184284133317e-06,0.0001736165249853911,16,20,False,0.995,0.005,0.66,fixed,100,none,371c9e91-ddfd-4fc0-aac2-c83fd387c776
2102,309300,54.0900342464447,0.99900075,0.999002,1.0,0.9960719999999998,0.0,0.0,0.0,0.0,0.0,0.0,0.0005,0.0,0.0,0.0,0.0005,0.0,0.0,0.0,0.002,0.9975,0.0458997116852281,1893,0.0007931270260034212,1.1217189308176037e-06,0.00017382863258900424,16,20,False,0.995,0.005,0.66,fixed,100,none,371c9e91-ddfd-4fc0-aac2-c83fd387c776
2103,309500,54.10976004600525,0.99900075,0.999002,1.0,0.9960719999999998,0.0,0.0,0.0,0.0,0.0,0.0,0.0005,0.0,0.0,0.0,0.0005,0.0,0.0,0.0,0.002,0.9975,0.0458997116852281,1893,0.0007937920016094956,1.123332049298033e-06,0.00017397450224168522,16,20,False,0.995,0.005,0.66,fixed,100,none,371c9e91-ddfd-4fc0-aac2-c83fd387c776
2104,309600,54.12960958480835,0.99900075,0.999002,1.0,0.9960719999999998,0.0,0.0,0.0,0.0,0.0,0.0,0.0005,0.0,0.0,0.0,0.0005,0.0,0.0,0.0,0.002,0.9975,0.0458997116852281,1893,0.0007954430779255681,1.1254315926129527e-06,0.0001743363217605033,16,20,False,0.995,0.005,0.66,fixed,100,none,371c9e91-ddfd-4fc0-aac2-c83fd387c776
2105,309900,54.149237871170044,0.99900075,0.999002,1.0,0.9960719999999998,0.0,0.0,0.0,0.0,0.0,0.0,0.0005,0.0,0.0,0.0,0.0005,0.0,0.0,0.0,0.002,0.9975,0.04629795038975885,1892,0.0007958722111169384,1.1275501424134834e-06,0.00017443066154055638,16,20,False,0.995,0.005,0.66,fixed,100,none,371c9e91-ddfd-4fc0-aac2-c83fd387c776
2106,310000,54.168729305267334,0.99900075,0.999002,1.0,0.9960719999999998,0.0,0.0,0.0,0.0,0.0,0.0,0.0005,0.0,0.0,0.0,0.0005,0.0,0.0,0.0,0.002,0.9975,0.04629795038975885,1892,0.0007972347481282964,1.1303326451674651e-06,0.00017472944956786589,16,20,False,0.995,0.005,0.66,fixed,100,none,371c9e91-ddfd-4fc0-aac2-c83fd387c776
2107,310300,54.188254594802856,0.99900075,0.999002,1.0,0.9960719999999998,0.0,0.0,0.0,0.0,0.0,0.0,0.0005,0.0,0.0,0.0,0.0005,0.0,0.0,0.0,0.002,0.9975,0.0458997116852281,1893,0.0007962402063606032,1.1277321388717753e-06,0.0001745112502787217,16,20,False,0.995,0.005,0.66,fixed,100,none,371c9e91-ddfd-4fc0-aac2-c83fd387c776
2108,310400,54.20790195465088,0.99900075,0.999002,1.0,0.9960719999999998,0.0,0.0,0.0,0.0,0.0,0.0,0.0005,0.0,0.0,0.0,0.0005,0.0,0.0,0.0,0.002,0.9975,0.0458997116852281,1893,0.0007971322324740584,1.1287249467608805e-06,0.00017470670342845598,16,20,False,0.995,0.005,0.66,fixed,100,none,371c9e91-ddfd-4fc0-aac2-c83fd387c776
2109,310600,54.22751426696777,0.99900075,0.999002,1.0,0.9960719999999998,0.0,0.0,0.0,0.0,0.0,0.0,0.0005,0.0,0.0,0.0,0.0005,0.0,0.0,0.0,0.002,0.9975,0.0458997116852281,1893,0.0007973761063496209,1.1290505029287857e-06,0.0001747601492754885,16,20,False,0.995,0.005,0.66,fixed,100,none,371c9e91-ddfd-4fc0-aac2-c83fd387c776
2110,310700,54.24720478057861,0.99900075,0.999002,1.0,0.9960719999999998,0.0,0.0,0.0,0.0,0.0,0.0,0.0005,0.0,0.0,0.0,0.0005,0.0,0.0,0.0,0.002,0.9975,0.0458997116852281,1893,0.0007969848500103406,1.1276797703997806e-06,0.00017467424282363952,16,20,False,0.995,0.005,0.66,fixed,100,none,371c9e91-ddfd-4fc0-aac2-c83fd387c776
2111,311000,54.26681470870972,0.99900075,0.999002,1.0,0.9960719999999998,0.0,0.0,0.0,0.0,0.0,0.0,0.0005,0.0,0.0,0.0,0.0005,0.0,0.0,0.0,0.002,0.9975,0.04629795038975885,1892,0.0007989120845874635,1.128028601630151e-06,0.00017509618075050548,16,20,False,0.995,0.005,0.66,fixed,100,none,371c9e91-ddfd-4fc0-aac2-c83fd387c776
2112,311100,54.28629207611084,0.99900075,0.999002,1.0,0.9960719999999998,0.0,0.0,0.0,0.0,0.0,0.0,0.0005,0.0,0.0,0.0,0.0005,0.0,0.0,0.0,0.002,0.9975,0.0458997116852281,1893,0.0007994445630633773,1.1269804449031645e-06,0.00017521254113910494,16,20,False,0.995,0.005,0.66,fixed,100,none,371c9e91-ddfd-4fc0-aac2-c83fd387c776
2113,311400,54.3059983253479,0.99900075,0.999002,1.0,0.9960719999999998,0.0,0.0,0.0,0.0,0.0,0.0,0.0005,0.0,0.0,0.0,0.0005,0.0,0.0,0.0,0.002,0.9975,0.0458997116852281,1893,0.00079899671445296,1.1292239388784913e-06,0.00017511493334213985,16,20,False,0.995,0.005,0.66,fixed,100,none,371c9e91-ddfd-4fc0-aac2-c83fd387c776
2114,311500,54.3255410194397,0.99900075,0.999002,1.0,0.9960719999999998,0.0,0.0,0.0,0.0,0.0,0.0,0.0005,0.0,0.0,0.0,0.0005,0.0,0.0,0.0,0.002,0.9975,0.0458997116852281,1893,0.00079899671445296,1.1292239388784913e-06,0.00017511493334213985,16,20,False,0.995,0.005,0.66,fixed,100,none,371c9e91-ddfd-4fc0-aac2-c83fd387c776
2115,311700,54.3450243473053,0.99900075,0.999002,1.0,0.9960719999999998,0.0,0.0,0.0,0.0,0.0,0.0,0.0005,0.0,0.0,0.0,0.0005,0.0,0.0,0.0,0.002,0.9975,0.04550046796188468,1894,0.0007977544120370196,1.1261329233785524e-06,0.00017484240605034553,16,20,False,0.995,0.005,0.66,fixed,100,none,371c9e91-ddfd-4fc0-aac2-c83fd387c776
2116,311800,54.364463090896606,0.99900075,0.999002,1.0,0.9960719999999998,0.0,0.0,0.0,0.0,0.0,0.0,0.0005,0.0,0.0,0.0,0.0005,0.0,0.0,0.0,0.002,0.9975,0.04550046796188468,1894,0.0007990890793188838,1.1280264025058302e-06,0.0001751349244793798,16,20,False,0.995,0.005,0.66,fixed,100,none,371c9e91-ddfd-4fc0-aac2-c83fd387c776
2117,312100,54.384169816970825,0.99900075,0.999002,1.0,0.9960719999999998,0.0,0.0,0.0,0.0,0.0,0.0,0.0005,0.0,0.0,0.0,0.0005,0.0,0.0,0.0,0.002,0.9975,0.04550046796188468,1894,0.0008010163120479727,1.1317887015751198e-06,0.0001755575105606005,16,20,False,0.995,0.005,0.66,fixed,100,none,371c9e91-ddfd-4fc0-aac2-c83fd387c776
2118,312200,54.40394425392151,0.99900075,0.999002,1.0,0.9960719999999998,0.0,0.0,0.0,0.0,0.0,0.0,0.0005,0.0,0.0,0.0,0.0005,0.0,0.0,0.0,0.002,0.9975,0.04550046796188468,1894,0.0008014088123512666,1.1327918493440804e-06,0.00017564361947506766,16,20,False,0.995,0.005,0.66,fixed,100,none,371c9e91-ddfd-4fc0-aac2-c83fd387c776
2119,312400,54.42352080345154,0.99900075,0.999002,1.0,0.9960719999999998,0.0,0.0,0.0,0.0,0.0,0.0,0.0005,0.0,0.0,0.0,0.0005,0.0,0.0,0.0,0.002,0.9975,0.04550046796188468,1894,0.0008013823934754992,1.1325693108978647e-06,0.00017563779410085736,16,20,False,0.995,0.005,0.66,fixed,100,none,371c9e91-ddfd-4fc0-aac2-c83fd387c776
2120,312500,54.44316124916077,0.99900075,0.999002,1.0,0.9960719999999998,0.0,0.0,0.0,0.0,0.0,0.0,0.0005,0.0,0.0,0.0,0.0005,0.0,0.0,0.0,0.002,0.9975,0.04550046796188468,1894,0.0008018165261693685,1.1313824289929495e-06,0.00017573260023998343,16,20,False,0.995,0.005,0.66,fixed,100,none,371c9e91-ddfd-4fc0-aac2-c83fd387c776
2121,312800,54.4627161026001,0.99900075,0.999002,1.0,0.9960719999999998,0.0,0.0,0.0,0.0,0.0,0.0,0.0005,0.0,0.0,0.0,0.0005,0.0,0.0,0.0,0.002,0.9975,0.04550046796188468,1894,0.0008030995256229709,1.1304787819597612e-06,0.0001760132771274407,16,20,False,0.995,0.005,0.66,fixed,100,none,371c9e91-ddfd-4fc0-aac2-c83fd387c776
2122,312900,54.48238468170166,0.99900075,0.999002,1.0,0.9960719999999998,0.0,0.0,0.0,0.0,0.0,0.0,0.0005,0.0,0.0,0.0,0.0005,0.0,0.0,0.0,0.002,0.9975,0.04550046796188468,1894,0.0008035662402382232,1.1321714280235463e-06,0.00017611576255947153,16,20,False,0.995,0.005,0.66,fixed,100,none,371c9e91-ddfd-4fc0-aac2-c83fd387c776
2123,313200,54.50210952758789,0.99900075,0.999002,1.0,0.9960719999999998,0.0,0.0,0.0,0.0,0.0,0.0,0.0005,0.0,0.0,0.0,0.0005,0.0,0.0,0.0,0.002,0.9975,0.04550046796188468,1894,0.0008054806511977583,1.1336541640496304e-06,0.00017653510883835873,16,20,False,0.995,0.005,0.66,fixed,100,none,371c9e91-ddfd-4fc0-aac2-c83fd387c776
2124,313300,54.521647691726685,0.99900075,0.999002,1.0,0.9960719999999998,0.0,0.0,0.0,0.0,0.0,0.0,0.0005,0.0,0.0,0.0,0.0005,0.0,0.0,0.0,0.002,0.9975,0.04550046796188468,1894,0.0008059547129051089,1.1340335636722688e-06,0.00017663895303202606,16,20,False,0.995,0.005,0.66,fixed,100,none,371c9e91-ddfd-4fc0-aac2-c83fd387c776
2125,313500,54.54198932647705,0.99900075,0.999002,1.0,0.9960719999999998,0.0,0.0,0.0,0.0,0.0,0.0,0.0005,0.0,0.0,0.0,0.0005,0.0,0.0,0.0,0.002,0.9975,0.04550046796188468,1894,0.0008051186073210555,1.1337429528479058e-06,0.00017645587430362017,16,20,False,0.995,0.005,0.66,fixed,100,none,371c9e91-ddfd-4fc0-aac2-c83fd387c776
2126,313600,54.56173634529114,0.99900075,0.999002,1.0,0.9960719999999998,0.0,0.0,0.0,0.0,0.0,0.0,0.0005,0.0,0.0,0.0,0.0005,0.0,0.0,0.0,0.002,0.9975,0.04550046796188468,1894,0.0008064901748293241,1.1363824682644633e-06,0.00017675661193910928,16,20,False,0.995,0.005,0.66,fixed,100,none,371c9e91-ddfd-4fc0-aac2-c83fd387c776
2127,313900,54.581334352493286,0.99900075,0.999002,1.0,0.9960719999999998,0.0,0.0,0.0,0.0,0.0,0.0,0.0005,0.0,0.0,0.0,0.0005,0.0,0.0,0.0,0.002,0.9975,0.04550046796188468,1894,0.0008072429322737594,1.1412583600656634e-06,0.00017692231696313842,16,20,False,0.995,0.005,0.66,fixed,100,none,371c9e91-ddfd-4fc0-aac2-c83fd387c776
2128,314000,54.60101842880249,0.99900075,0.999002,1.0,0.9960719999999998,0.0,0.0,0.0,0.0,0.0,0.0,0.0005,0.0,0.0,0.0,0.0005,0.0,0.0,0.0,0.002,0.9975,0.04550046796188468,1894,0.0008064809884392897,1.1414024542149177e-06,0.00017675555483566134,16,20,False,0.995,0.005,0.66,fixed,100,none,371c9e91-ddfd-4fc0-aac2-c83fd387c776
2129,314200,54.620628118515015,0.99900075,0.999002,1.0,0.9960719999999998,0.0,0.0,0.0,0.0,0.0,0.0,0.0005,0.0,0.0,0.0,0.0005,0.0,0.0,0.0,0.002,0.9975,0.04550046796188468,1894,0.0008064665587906152,1.1432852375663388e-06,0.00017675275391440328,16,20,False,0.995,0.005,0.66,fixed,100,none,371c9e91-ddfd-4fc0-aac2-c83fd387c776
2130,314300,54.640339851379395,0.99900075,0.999002,1.0,0.9960719999999998,0.0,0.0,0.0,0.0,0.0,0.0,0.0005,0.0,0.0,0.0,0.0005,0.0,0.0,0.0,0.002,0.9975,0.045899711685228106,1893,0.0008067401195005691,1.1442573969869976e-06,0.0001768128210641021,16,20,False,0.995,0.005,0.66,fixed,100,none,371c9e91-ddfd-4fc0-aac2-c83fd387c776
2131,314600,54.6599178314209,0.99900075,0.999002,1.0,0.9960719999999998,0.0,0.0,0.0,0.0,0.0,0.0,0.0005,0.0,0.0,0.0,0.0005,0.0,0.0,0.0,0.002,0.9975,0.045899711685228106,1893,0.0008061577064106495,1.143609343467356e-06,0.00017668520770854998,16,20,False,0.995,0.005,0.66,fixed,100,none,371c9e91-ddfd-4fc0-aac2-c83fd387c776
2132,314700,54.67938423156738,0.99900075,0.999002,1.0,0.9960719999999998,0.0,0.0,0.0,0.0,0.0,0.0,0.0005,0.0,0.0,0.0,0.0005,0.0,0.0,0.0,0.002,0.9975,0.045899711685228106,1893,0.0008063783270328974,1.1440729500429214e-06,0.0001767335896480094,16,20,False,0.995,0.005,0.66,fixed,100,none,371c9e91-ddfd-4fc0-aac2-c83fd387c776
2133,315000,54.69879913330078,0.99900075,0.999002,1.0,0.9960719999999998,0.0,0.0,0.0,0.0,0.0,0.0,0.0005,0.0,0.0,0.0,0.0005,0.0,0.0,0.0,0.002,0.9975,0.045899711685228106,1893,0.000805149925763301,1.1415889020299278e-06,0.0001764642206409723,16,20,False,0.995,0.005,0.66,fixed,100,none,371c9e91-ddfd-4fc0-aac2-c83fd387c776
2134,315100,54.7175931930542,0.99900075,0.999002,1.0,0.9960719999999998,0.0,0.0,0.0,0.0,0.0,0.0,0.0005,0.0,0.0,0.0,0.0005,0.0,0.0,0.0,0.002,0.9975,0.04550046796188467,1894,0.0008045927370823009,1.1403395585278716e-06,0.00017634201466343598,16,20,False,0.995,0.005,0.66,fixed,100,none,371c9e91-ddfd-4fc0-aac2-c83fd387c776
2135,315300,54.737109661102295,0.99900075,0.999002,1.0,0.9960719999999998,0.0,0.0,0.0,0.0,0.0,0.0,0.0005,0.0,0.0,0.0,0.0005,0.0,0.0,0.0,0.002,0.9975,0.045899711685228106,1893,0.000803054698322921,1.1408434211905771e-06,0.00017600543371291364,16,20,False,0.995,0.005,0.66,fixed,100,none,371c9e91-ddfd-4fc0-aac2-c83fd387c776
2136,315400,54.756887912750244,0.99900075,0.999002,1.0,0.9960719999999998,0.0,0.0,0.0,0.0,0.0,0.0,0.0005,0.0,0.0,0.0,0.0005,0.0,0.0,0.0,0.002,0.9975,0.045899711685228106,1893,0.0008030198455573072,1.1401743565019173e-06,0.0001759976773202299,16,20,False,0.995,0.005,0.66,fixed,100,none,371c9e91-ddfd-4fc0-aac2-c83fd387c776
2137,315700,54.77641415596008,0.99900075,0.999002,1.0,0.9960719999999998,0.0,0.0,0.0,0.0,0.0,0.0,0.0005,0.0,0.0,0.0,0.0005,0.0,0.0,0.0,0.002,0.9975,0.04629795038975885,1892,0.000804371894297082,1.1405055030770362e-06,0.0001762937037072159,16,20,False,0.995,0.005,0.66,fixed,100,none,371c9e91-ddfd-4fc0-aac2-c83fd387c776
2138,315800,54.79589867591858,0.99900075,0.999002,1.0,0.9960719999999998,0.0,0.0,0.0,0.0,0.0,0.0,0.0005,0.0,0.0,0.0,0.0005,0.0,0.0,0.0,0.002,0.9975,0.04550046796188467,1894,0.0008062719531865942,1.1442337532744034e-06,0.00017671033496566762,16,20,False,0.995,0.005,0.66,fixed,100,none,371c9e91-ddfd-4fc0-aac2-c83fd387c776
2139,316000,54.81534147262573,0.99900075,0.999002,1.0,0.9960719999999998,0.0,0.0,0.0,0.0,0.0,0.0,0.0005,0.0,0.0,0.0,0.0005,0.0,0.0,0.0,0.002,0.9975,0.04629795038975885,1892,0.0008066995635699681,1.1465405032400816e-06,0.00017680437716108163,16,20,False,0.995,0.005,0.66,fixed,100,none,371c9e91-ddfd-4fc0-aac2-c83fd387c776
2140,316100,54.834970474243164,0.99900075,0.999002,1.0,0.9960719999999998,0.0,0.0,0.0,0.0,0.0,0.0,0.0005,0.0,0.0,0.0,0.0005,0.0,0.0,0.0,0.002,0.9975,0.04629795038975885,1892,0.0008065619651305233,1.1444013720177637e-06,0.00017677385042775493,16,20,False,0.995,0.005,0.66,fixed,100,none,371c9e91-ddfd-4fc0-aac2-c83fd387c776
2141,316400,54.85451865196228,0.99900075,0.999002,1.0,0.9960719999999998,0.0,0.0,0.0,0.0,0.0,0.0,0.0005,0.0,0.0,0.0,0.0005,0.0,0.0,0.0,0.002,0.9975,0.04629795038975885,1892,0.0008056565972509831,1.1461695503447797e-06,0.00017657600135280574,16,20,False,0.995,0.005,0.66,fixed,100,none,371c9e91-ddfd-4fc0-aac2-c83fd387c776
2142,316500,54.87406349182129,0.99900075,0.999002,1.0,0.9960719999999998,0.0,0.0,0.0,0.0,0.0,0.0,0.0005,0.0,0.0,0.0,0.0005,0.0,0.0,0.0,0.002,0.9975,0.04629795038975885,1892,0.0008054982550347819,1.1461125646736836e-06,0.00017654132941440176,16,20,False,0.995,0.005,0.66,fixed,100,none,371c9e91-ddfd-4fc0-aac2-c83fd387c776
2143,316800,54.893906593322754,0.99900075,0.999002,1.0,0.9960719999999998,0.0,0.0,0.0,0.0,0.0,0.0,0.0005,0.0,0.0,0.0,0.0005,0.0,0.0,0.0,0.002,0.9975,0.04629795038975885,1892,0.0008099399560172803,1.1551007031375745e-06,0.0001775153255057788,16,20,False,0.995,0.005,0.66,fixed,100,none,371c9e91-ddfd-4fc0-aac2-c83fd387c776
2144,316900,54.91355299949646,0.99900075,0.999002,1.0,0.9960719999999998,0.0,0.0,0.0,0.0,0.0,0.0,0.0005,0.0,0.0,0.0,0.0005,0.0,0.0,0.0,0.002,0.9975,0.04629795038975885,1892,0.0008099912700612065,1.1565423970995105e-06,0.00017752683207184703,16,20,False,0.995,0.005,0.66,fixed,100,none,371c9e91-ddfd-4fc0-aac2-c83fd387c776
2145,317100,54.93315386772156,0.99900075,0.999002,1.0,0.9960719999999998,0.0,0.0,0.0,0.0,0.0,0.0,0.0005,0.0,0.0,0.0,0.0005,0.0,0.0,0.0,0.002,0.9975,0.04629795038975885,1892,0.0008109155846217072,1.160437131104654e-06,0.0001777299045286016,16,20,False,0.995,0.005,0.66,fixed,100,none,371c9e91-ddfd-4fc0-aac2-c83fd387c776
2146,317200,54.952646017074585,0.99900075,0.999002,1.0,0.9960719999999998,0.0,0.0,0.0,0.0,0.0,0.0,0.0005,0.0,0.0,0.0,0.0005,0.0,0.0,0.0,0.002,0.9975,0.04629795038975885,1892,0.0008106669056914097,1.1611504197036864e-06,0.0001776756042355933,16,20,False,0.995,0.005,0.66,fixed,100,none,371c9e91-ddfd-4fc0-aac2-c83fd387c776
2147,317500,54.972487926483154,0.99900075,0.999002,1.0,0.9960719999999998,0.0,0.0,0.0,0.0,0.0,0.0,0.0005,0.0,0.0,0.0,0.0005,0.0,0.0,0.0,0.002,0.9975,0.04629795038975885,1892,0.0008115853755749746,1.1663627824954195e-06,0.0001778776476420361,16,20,False,0.995,0.005,0.66,fixed,100,none,371c9e91-ddfd-4fc0-aac2-c83fd387c776
2148,317600,54.992807149887085,0.99900075,0.999002,1.0,0.9960719999999998,0.0,0.0,0.0,0.0,0.0,0.0,0.0005,0.0,0.0,0.0,0.0005,0.0,0.0,0.0,0.002,0.9975,0.04629795038975885,1892,0.0008120584400979247,1.1677955967294296e-06,0.00017798147370081435,16,20,False,0.995,0.005,0.66,fixed,100,none,371c9e91-ddfd-4fc0-aac2-c83fd387c776
2149,317800,55.01280951499939,0.99900075,0.999002,1.0,0.9960719999999998,0.0,0.0,0.0,0.0,0.0,0.0,0.0005,0.0,0.0,0.0,0.0005,0.0,0.0,0.0,0.002,0.9975,0.045899711685228106,1893,0.0008145656895042204,1.1723876864694475e-06,0.00017853118309290306,16,20,False,0.995,0.005,0.66,fixed,100,none,371c9e91-ddfd-4fc0-aac2-c83fd387c776
2150,317900,55.03268551826477,0.99900075,0.999002,1.0,0.9960719999999998,0.0,0.0,0.0,0.0,0.0,0.0,0.0005,0.0,0.0,0.0,0.0005,0.0,0.0,0.0,0.002,0.9975,0.045899711685228106,1893,0.0008141110287575742,1.1697737398230684e-06,0.00017843116120559938,16,20,False,0.995,0.005,0.66,fixed,100,none,371c9e91-ddfd-4fc0-aac2-c83fd387c776
2151,318200,55.05281949043274,0.99900075,0.999002,1.0,0.9960719999999998,0.0,0.0,0.0,0.0,0.0,0.0,0.0005,0.0,0.0,0.0,0.0005,0.0,0.0,0.0,0.002,0.9975,0.045899711685228106,1893,0.0008154370932905348,1.1720495034225674e-06,0.00017872186912694837,16,20,False,0.995,0.005,0.66,fixed,100,none,371c9e91-ddfd-4fc0-aac2-c83fd387c776
2152,318300,55.072808265686035,0.99900075,0.999002,1.0,0.9960719999999998,0.0,0.0,0.0,0.0,0.0,0.0,0.0005,0.0,0.0,0.0,0.0005,0.0,0.0,0.0,0.002,0.9975,0.045899711685228106,1893,0.0008150473410294243,1.1727126369007377e-06,0.00017863667835235213,16,20,False,0.995,0.005,0.66,fixed,100,none,371c9e91-ddfd-4fc0-aac2-c83fd387c776
2153,318400,55.092602014541626,0.99900075,0.999002,1.0,0.9960719999999998,0.0,0.0,0.0,0.0,0.0,0.0,0.0005,0.0,0.0,0.0,0.0005,0.0,0.0,0.0,0.002,0.9975,0.045899711685228106,1893,0.0008146033293109912,1.172302507378718e-06,0.00017853940626257796,16,20,False,0.995,0.005,0.66,fixed,100,none,371c9e91-ddfd-4fc0-aac2-c83fd387c776
2154,318600,55.11226296424866,0.99900075,0.999002,1.0,0.9960719999999998,0.0,0.0,0.0,0.0,0.0,0.0,0.0005,0.0,0.0,0.0,0.0005,0.0,0.0,0.0,0.002,0.9975,0.045899711685228106,1893,0.0008162640091512642,1.1754327679762103e-06,0.00017890352382912721,16,20,False,0.995,0.005,0.66,fixed,100,none,371c9e91-ddfd-4fc0-aac2-c83fd387c776
2155,318700,55.13185262680054,0.99900075,0.999002,1.0,0.9960719999999998,0.0,0.0,0.0,0.0,0.0,0.0,0.0005,0.0,0.0,0.0,0.0005,0.0,0.0,0.0,0.002,0.9975,0.045899711685228106,1893,0.0008152664298880201,1.174557405963488e-06,0.00017868498740962067,16,20,False,0.995,0.005,0.66,fixed,100,none,371c9e91-ddfd-4fc0-aac2-c83fd387c776
2156,318900,55.15144395828247,0.99900075,0.999002,1.0,0.9960719999999998,0.0,0.0,0.0,0.0,0.0,0.0,0.0005,0.0,0.0,0.0,0.0005,0.0,0.0,0.0,0.002,0.9975,0.045899711685228106,1893,0.0008154895729614531,1.1753196333337498e-06,0.0001787339782515955,16,20,False,0.995,0.005,0.66,fixed,100,none,371c9e91-ddfd-4fc0-aac2-c83fd387c776
2157,319000,55.17097544670105,0.99900075,0.999002,1.0,0.9960719999999998,0.0,0.0,0.0,0.0,0.0,0.0,0.0005,0.0,0.0,0.0,0.0005,0.0,0.0,0.0,0.002,0.9975,0.045899711685228106,1893,0.0008161496067860656,1.1763987785077015e-06,0.0001788786646933862,16,20,False,0.995,0.005,0.66,fixed,100,none,371c9e91-ddfd-4fc0-aac2-c83fd387c776
2158,319300,55.190497159957886,0.99900075,0.999002,1.0,0.9960719999999998,0.0,0.0,0.0,0.0,0.0,0.0,0.0005,0.0,0.0,0.0,0.0005,0.0,0.0,0.0,0.002,0.9975,0.045899711685228106,1893,0.0008164057617273135,1.1742927834857104e-06,0.00017893433687097123,16,20,False,0.995,0.005,0.66,fixed,100,none,371c9e91-ddfd-4fc0-aac2-c83fd387c776
2159,319400,55.21035933494568,0.99900075,0.999002,1.0,0.9960719999999998,0.0,0.0,0.0,0.0,0.0,0.0,0.0005,0.0,0.0,0.0,0.0005,0.0,0.0,0.0,0.002,0.9975,0.04629795038975884,1892,0.0008166460105057878,1.1749326178465385e-06,0.0001789870488971078,16,20,False,0.995,0.005,0.66,fixed,100,none,371c9e91-ddfd-4fc0-aac2-c83fd387c776
2160,319600,55.2302086353302,0.99900075,0.999002,1.0,0.9960719999999998,0.0,0.0,0.0,0.0,0.0,0.0,0.0005,0.0,0.0,0.0,0.0005,0.0,0.0,0.0,0.002,0.9975,0.045899711685228106,1893,0.0008184314388351101,1.1764264045131418e-06,0.0001793781629778631,16,20,False,0.995,0.005,0.66,fixed,100,none,371c9e91-ddfd-4fc0-aac2-c83fd387c776
2161,319700,55.24982023239136,0.99900075,0.999002,1.0,0.9960719999999998,0.0,0.0,0.0,0.0,0.0,0.0,0.0005,0.0,0.0,0.0,0.0005,0.0,0.0,0.0,0.002,0.9975,0.045899711685228106,1893,0.0008190265269252813,1.1785462742161964e-06,0.00017950883053604517,16,20,False,0.995,0.005,0.66,fixed,100,none,371c9e91-ddfd-4fc0-aac2-c83fd387c776
2162,320000,55.26934051513672,0.99900075,0.999002,1.0,0.9960719999999998,0.0,0.0,0.0,0.0,0.0,0.0,0.0005,0.0,0.0,0.0,0.0005,0.0,0.0,0.0,0.002,0.9975,0.045899711685228106,1893,0.0008192374771865258,1.1806330761682202e-06,0.00017955540404060246,16,20,False,0.995,0.005,0.66,fixed,100,none,371c9e91-ddfd-4fc0-aac2-c83fd387c776
2163,320100,55.288907527923584,0.99900075,0.999002,1.0,0.9960719999999998,0.0,0.0,0.0,0.0,0.0,0.0,0.0005,0.0,0.0,0.0,0.0005,0.0,0.0,0.0,0.002,0.9975,0.045899711685228106,1893,0.0008205479008517993,1.1841397593095943e-06,0.0001798429220507277,16,20,False,0.995,0.005,0.66,fixed,100,none,371c9e91-ddfd-4fc0-aac2-c83fd387c776
2164,320400,55.308547496795654,0.99900075,0.999002,1.0,0.9960719999999998,0.0,0.0,0.0,0.0,0.0,0.0,0.0005,0.0,0.0,0.0,0.0005,0.0,0.0,0.0,0.002,0.9975,0.045899711685228106,1893,0.0008229314761820824,1.1867292088033863e-06,0.00018036517868593048,16,20,False,0.995,0.005,0.66,fixed,100,none,371c9e91-ddfd-4fc0-aac2-c83fd387c776
2165,320500,55.32816433906555,0.99900075,0.999002,1.0,0.9960719999999998,0.0,0.0,0.0,0.0,0.0,0.0,0.0005,0.0,0.0,0.0,0.0005,0.0,0.0,0.0,0.002,0.9975,0.045899711685228106,1893,0.0008233884963618171,1.1883103744823375e-06,0.00018046552082475343,16,20,False,0.995,0.005,0.66,fixed,100,none,371c9e91-ddfd-4fc0-aac2-c83fd387c776
2166,320700,55.34771513938904,0.99900075,0.999002,1.0,0.9960719999999998,0.0,0.0,0.0,0.0,0.0,0.0,0.0005,0.0,0.0,0.0,0.0005,0.0,0.0,0.0,0.002,0.9975,0.045899711685228106,1893,0.0008232409078517252,1.1877112840726726e-06,0.00018043309987271643,16,20,False,0.995,0.005,0.66,fixed,100,none,371c9e91-ddfd-4fc0-aac2-c83fd387c776
2167,320800,55.36730599403381,0.99900075,0.999002,1.0,0.9960719999999998,0.0,0.0,0.0,0.0,0.0,0.0,0.0005,0.0,0.0,0.0,0.0005,0.0,0.0,0.0,0.002,0.9975,0.045899711685228106,1893,0.0008216023406331032,1.1848531628626156e-06,0.0001800738744655302,16,20,False,0.995,0.005,0.66,fixed,100,none,371c9e91-ddfd-4fc0-aac2-c83fd387c776
2168,321000,55.38678455352783,0.99900075,0.999002,1.0,0.9960719999999998,0.0,0.0,0.0,0.0,0.0,0.0,0.0005,0.0,0.0,0.0,0.0005,0.0,0.0,0.0,0.002,0.9975,0.045899711685228106,1893,0.0008212326224880324,1.1843984615445194e-06,0.0001799928567703238,16,20,False,0.995,0.005,0.66,fixed,100,none,371c9e91-ddfd-4fc0-aac2-c83fd387c776
2169,321100,55.40623092651367,0.99900075,0.999002,1.0,0.9960719999999998,0.0,0.0,0.0,0.0,0.0,0.0,0.0005,0.0,0.0,0.0,0.0005,0.0,0.0,0.0,0.002,0.9975,0.045899711685228106,1893,0.0008228844594691715,1.18832066205006e-06,0.00018035518910359117,16,20,False,0.995,0.005,0.66,fixed,100,none,371c9e91-ddfd-4fc0-aac2-c83fd387c776
2170,321200,55.425737619400024,0.99900075,0.999002,1.0,0.9960719999999998,0.0,0.0,0.0,0.0,0.0,0.0,0.0005,0.0,0.0,0.0,0.0005,0.0,0.0,0.0,0.002,0.9975,0.045899711685228106,1893,0.0008218938156165342,1.186929461874998e-06,0.0001801380728362156,16,20,False,0.995,0.005,0.66,fixed,100,none,371c9e91-ddfd-4fc0-aac2-c83fd387c776
2171,321400,55.445289850234985,0.99900075,0.999002,1.0,0.9960719999999998,0.0,0.0,0.0,0.0,0.0,0.0,0.0005,0.0,0.0,0.0,0.0005,0.0,0.0,0.0,0.002,0.9975,0.045899711685228106,1893,0.0008238040278290859,1.1885943868736936e-06,0.0001805565346252929,16,20,False,0.995,0.005,0.66,fixed,100,none,371c9e91-ddfd-4fc0-aac2-c83fd387c776
2172,321500,55.46494245529175,0.99900075,0.999002,1.0,0.9960719999999998,0.0,0.0,0.0,0.0,0.0,0.0,0.0005,0.0,0.0,0.0,0.0005,0.0,0.0,0.0,0.002,0.9975,0.045899711685228106,1893,0.0008254278440682881,1.1933450647398552e-06,0.00018091289062884886,16,20,False,0.995,0.005,0.66,fixed,100,none,371c9e91-ddfd-4fc0-aac2-c83fd387c776
2173,321800,55.484681844711304,0.99900075,0.999002,1.0,0.9960719999999998,0.0,0.0,0.0,0.0,0.0,0.0,0.0005,0.0,0.0,0.0,0.0005,0.0,0.0,0.0,0.002,0.9975,0.045899711685228106,1893,0.0008253767117321978,1.1922643887716593e-06,0.0001809014924320447,16,20,False,0.995,0.005,0.66,fixed,100,none,371c9e91-ddfd-4fc0-aac2-c83fd387c776
2174,321900,55.504353046417236,0.99900075,0.999002,1.0,0.9960719999999998,0.0,0.0,0.0,0.0,0.0,0.0,0.0005,0.0,0.0,0.0,0.0005,0.0,0.0,0.0,0.002,0.9975,0.04629795038975884,1892,0.0008264423392745921,1.195380495887582e-06,0.00018113535036142685,16,20,False,0.995,0.005,0.66,fixed,100,none,371c9e91-ddfd-4fc0-aac2-c83fd387c776
2175,322200,55.52800893783569,0.99900075,0.999002,1.0,0.9960719999999998,0.0,0.0,0.0,0.0,0.0,0.0,0.0005,0.0,0.0,0.0,0.0005,0.0,0.0,0.0,0.002,0.9975,0.04629795038975884,1892,0.0008271141149316935,1.1959592266498638e-06,0.0001812825120116112,16,20,False,0.995,0.005,0.66,fixed,100,none,371c9e91-ddfd-4fc0-aac2-c83fd387c776
2176,322300,55.548667669296265,0.99900075,0.999002,1.0,0.9960719999999998,0.0,0.0,0.0,0.0,0.0,0.0,0.0005,0.0,0.0,0.0,0.0005,0.0,0.0,0.0,0.002,0.9975,0.04629795038975884,1892,0.0008271434996449379,1.1959655024863522e-06,0.0001812889455177493,16,20,False,0.995,0.005,0.66,fixed,100,none,371c9e91-ddfd-4fc0-aac2-c83fd387c776
2177,322500,55.568546295166016,0.99900075,0.999002,1.0,0.9960719999999998,0.0,0.0,0.0,0.0,0.0,0.0,0.0005,0.0,0.0,0.0,0.0005,0.0,0.0,0.0,0.002,0.9975,0.04629795038975884,1892,0.0008288294257621924,1.1999969799474696e-06,0.00018165876072553396,16,20,False,0.995,0.005,0.66,fixed,100,none,371c9e91-ddfd-4fc0-aac2-c83fd387c776
2178,322600,55.5880925655365,0.99900075,0.999002,1.0,0.9960719999999998,0.0,0.0,0.0,0.0,0.0,0.0,0.0005,0.0,0.0,0.0,0.0005,0.0,0.0,0.0,0.002,0.9975,0.04629795038975884,1892,0.0008284364532554793,1.2009575952692316e-06,0.00018157292156072556,16,20,False,0.995,0.005,0.66,fixed,100,none,371c9e91-ddfd-4fc0-aac2-c83fd387c776
2179,322900,55.607630491256714,0.99900075,0.999002,1.0,0.9960719999999998,0.0,0.0,0.0,0.0,0.0,0.0,0.0005,0.0,0.0,0.0,0.0005,0.0,0.0,0.0,0.002,0.9975,0.04629795038975884,1892,0.0008301915780929523,1.2036493035713676e-06,0.00018195762981222582,16,20,False,0.995,0.005,0.66,fixed,100,none,371c9e91-ddfd-4fc0-aac2-c83fd387c776
2180,323000,55.62731146812439,0.99900075,0.999002,1.0,0.9960719999999998,0.0,0.0,0.0,0.0,0.0,0.0,0.0005,0.0,0.0,0.0,0.0005,0.0,0.0,0.0,0.002,0.9975,0.04629795038975884,1892,0.0008297764642179923,1.2018924010232332e-06,0.00018186642757351296,16,20,False,0.995,0.005,0.66,fixed,100,none,371c9e91-ddfd-4fc0-aac2-c83fd387c776
2181,323200,55.64726138114929,0.99900075,0.999002,1.0,0.9960719999999998,0.0,0.0,0.0,0.0,0.0,0.0,0.0005,0.0,0.0,0.0,0.0005,0.0,0.0,0.0,0.002,0.9975,0.04629795038975884,1892,0.0008313141309741882,1.2048715939393998e-06,0.0001822035888730983,16,20,False,0.995,0.005,0.66,fixed,100,none,371c9e91-ddfd-4fc0-aac2-c83fd387c776
2182,323300,55.667078733444214,0.99900075,0.999002,1.0,0.9960719999999998,0.0,0.0,0.0,0.0,0.0,0.0,0.0005,0.0,0.0,0.0,0.0005,0.0,0.0,0.0,0.002,0.9975,0.04629795038975884,1892,0.0008313141309741882,1.2048715939393998e-06,0.0001822035888730983,16,20,False,0.995,0.005,0.66,fixed,100,none,371c9e91-ddfd-4fc0-aac2-c83fd387c776
2183,323600,55.68866467475891,0.99900075,0.999002,1.0,0.9960719999999998,0.0,0.0,0.0,0.0,0.0,0.0,0.0005,0.0,0.0,0.0,0.0005,0.0,0.0,0.0,0.002,0.9975,0.04629795038975885,1892,0.0008329028484493842,1.2070889305737133e-06,0.0001825517804223792,16,20,False,0.995,0.005,0.66,fixed,100,none,371c9e91-ddfd-4fc0-aac2-c83fd387c776
2184,323700,55.70818901062012,0.99900075,0.999002,1.0,0.9960719999999998,0.0,0.0,0.0,0.0,0.0,0.0,0.0005,0.0,0.0,0.0,0.0005,0.0,0.0,0.0,0.002,0.9975,0.045899711685228106,1893,0.0008331158781382923,1.2078772267884057e-06,0.000182598562397562,16,20,False,0.995,0.005,0.66,fixed,100,none,371c9e91-ddfd-4fc0-aac2-c83fd387c776
2185,324000,55.72774863243103,0.99900075,0.999002,1.0,0.9960719999999998,0.0,0.0,0.0,0.0,0.0,0.0,0.0005,0.0,0.0,0.0,0.0005,0.0,0.0,0.0,0.002,0.9975,0.04629795038975885,1892,0.0008334109667757716,1.2138800825612465e-06,0.00018266429784290304,16,20,False,0.995,0.005,0.66,fixed,100,none,371c9e91-ddfd-4fc0-aac2-c83fd387c776
2186,324100,55.7471923828125,0.99900075,0.999002,1.0,0.9960719999999998,0.0,0.0,0.0,0.0,0.0,0.0,0.0005,0.0,0.0,0.0,0.0005,0.0,0.0,0.0,0.002,0.9975,0.045899711685228106,1893,0.0008354919468433659,1.2195613239615026e-06,0.00018312090381556552,16,20,False,0.995,0.005,0.66,fixed,100,none,371c9e91-ddfd-4fc0-aac2-c83fd387c776
2187,324300,55.7666540145874,0.99900075,0.999002,1.0,0.9960719999999998,0.0,0.0,0.0,0.0,0.0,0.0,0.0005,0.0,0.0,0.0,0.0005,0.0,0.0,0.0,0.002,0.9975,0.045899711685228106,1893,0.0008350990757168049,1.2198095386861984e-06,0.00018303495148675895,16,20,False,0.995,0.005,0.66,fixed,100,none,371c9e91-ddfd-4fc0-aac2-c83fd387c776
2188,324400,55.78619837760925,0.99900075,0.999002,1.0,0.9960719999999998,0.0,0.0,0.0,0.0,0.0,0.0,0.0005,0.0,0.0,0.0,0.0005,0.0,0.0,0.0,0.002,0.9975,0.04629795038975885,1892,0.000834679422371142,1.2190284606337742e-06,0.0001829429409645634,16,20,False,0.995,0.005,0.66,fixed,100,none,371c9e91-ddfd-4fc0-aac2-c83fd387c776
2189,324700,55.80549073219299,0.99900075,0.999002,1.0,0.9960719999999998,0.0,0.0,0.0,0.0,0.0,0.0,0.0005,0.0,0.0,0.0,0.0005,0.0,0.0,0.0,0.002,0.9975,0.04629795038975885,1892,0.0008365056866639925,1.2252693732753496e-06,0.00018334389599167027,16,20,False,0.995,0.005,0.66,fixed,100,none,371c9e91-ddfd-4fc0-aac2-c83fd387c776
2190,324800,55.82489991188049,0.99900075,0.999002,1.0,0.9960719999999998,0.0,0.0,0.0,0.0,0.0,0.0,0.0005,0.0,0.0,0.0,0.0005,0.0,0.0,0.0,0.002,0.9975,0.04629795038975885,1892,0.0008380171370344586,1.2277616287772102e-06,0.00018367522600631065,16,20,False,0.995,0.005,0.66,fixed,100,none,371c9e91-ddfd-4fc0-aac2-c83fd387c776
2191,325000,55.84435963630676,0.99900075,0.999002,1.0,0.9960719999999998,0.0,0.0,0.0,0.0,0.0,0.0,0.0005,0.0,0.0,0.0,0.0005,0.0,0.0,0.0,0.002,0.9975,0.04669518407547692,1891,0.0008394789181204779,1.2319531787236162e-06,0.00018399600628053012,16,20,False,0.995,0.005,0.66,fixed,100,none,371c9e91-ddfd-4fc0-aac2-c83fd387c776
2192,325100,55.86399245262146,0.99900075,0.999002,1.0,0.9960719999999998,0.0,0.0,0.0,0.0,0.0,0.0,0.0005,0.0,0.0,0.0,0.0005,0.0,0.0,0.0,0.002,0.9975,0.04669518407547692,1891,0.0008385855003330379,1.2315443716704064e-06,0.00018380035945351938,16,20,False,0.995,0.005,0.66,fixed,100,none,371c9e91-ddfd-4fc0-aac2-c83fd387c776
2193,325400,55.883527517318726,0.99900075,0.999002,1.0,0.9960719999999998,0.0,0.0,0.0,0.0,0.0,0.0,0.0005,0.0,0.0,0.0,0.0005,0.0,0.0,0.0,0.002,0.9975,0.046297950389758855,1892,0.0008398156488520016,1.233745438750352e-06,0.00018407005716706572,16,20,False,0.995,0.005,0.66,fixed,100,none,371c9e91-ddfd-4fc0-aac2-c83fd387c776
2194,325500,55.9031708240509,0.99900075,0.999002,1.0,0.9960719999999998,0.0,0.0,0.0,0.0,0.0,0.0,0.0005,0.0,0.0,0.0,0.0005,0.0,0.0,0.0,0.002,0.9975,0.046297950389758855,1892,0.0008418827769119918,1.2385790284834193e-06,0.00018452346988144687,16,20,False,0.995,0.005,0.66,fixed,100,none,371c9e91-ddfd-4fc0-aac2-c83fd387c776
2195,325800,55.922685861587524,0.99900075,0.999002,1.0,0.9960719999999998,0.0,0.0,0.0,0.0,0.0,0.0,0.0005,0.0,0.0,0.0,0.0005,0.0,0.0,0.0,0.002,0.9975,0.046297950389758855,1892,0.0008423089555891456,1.2397391699840707e-06,0.00018461698082076098,16,20,False,0.995,0.005,0.66,fixed,100,none,371c9e91-ddfd-4fc0-aac2-c83fd387c776
2196,325900,55.942161321640015,0.99900075,0.999002,1.0,0.9960719999999998,0.0,0.0,0.0,0.0,0.0,0.0,0.0005,0.0,0.0,0.0,0.0005,0.0,0.0,0.0,0.002,0.9975,0.046297950389758855,1892,0.00084279068620298,1.2418504706685085e-06,0.00018472283279925933,16,20,False,0.995,0.005,0.66,fixed,100,none,371c9e91-ddfd-4fc0-aac2-c83fd387c776
2197,326100,55.96154046058655,0.99900075,0.999002,1.0,0.9960719999999998,0.0,0.0,0.0,0.0,0.0,0.0,0.0005,0.0,0.0,0.0,0.0005,0.0,0.0,0.0,0.002,0.9975,0.045899711685228106,1893,0.0008423228646872639,1.2417700834593959e-06,0.00018462041139589934,16,20,False,0.995,0.005,0.66,fixed,100,none,371c9e91-ddfd-4fc0-aac2-c83fd387c776
2198,326200,55.98094463348389,0.99900075,0.999002,1.0,0.9960719999999998,0.0,0.0,0.0,0.0,0.0,0.0,0.0005,0.0,0.0,0.0,0.0005,0.0,0.0,0.0,0.002,0.9975,0.045899711685228106,1893,0.0008420433730064354,1.242345657315921e-06,0.00018455934002599875,16,20,False,0.995,0.005,0.66,fixed,100,none,371c9e91-ddfd-4fc0-aac2-c83fd387c776
2199,326300,56.000529050827026,0.99900075,0.999002,1.0,0.9960719999999998,0.0,0.0,0.0,0.0,0.0,0.0,0.0005,0.0,0.0,0.0,0.0005,0.0,0.0,0.0,0.002,0.9975,0.045899711685228106,1893,0.0008406491747446129,1.241607428454993e-06,0.00018425400976300224,16,20,False,0.995,0.005,0.66,fixed,100,none,371c9e91-ddfd-4fc0-aac2-c83fd387c776
2200,326400,56.02011775970459,0.99900075,0.999002,1.0,0.9960719999999998,0.0,0.0,0.0,0.0,0.0,0.0,0.0005,0.0,0.0,0.0,0.0005,0.0,0.0,0.0,0.002,0.9975,0.045899711685228106,1893,0.000840495414194661,1.2408141330746392e-06,0.00018422020085249546,16,20,False,0.995,0.005,0.66,fixed,100,none,371c9e91-ddfd-4fc0-aac2-c83fd387c776
2201,326500,56.03963494300842,0.99900075,0.999002,1.0,0.9960719999999998,0.0,0.0,0.0,0.0,0.0,0.0,0.0005,0.0,0.0,0.0,0.0005,0.0,0.0,0.0,0.002,0.9975,0.045899711685228106,1893,0.000839430081736304,1.2399682306293662e-06,0.00018398683885589653,16,20,False,0.995,0.005,0.66,fixed,100,none,371c9e91-ddfd-4fc0-aac2-c83fd387c776
2202,326600,56.05926537513733,0.99900075,0.999002,1.0,0.9960719999999998,0.0,0.0,0.0,0.0,0.0,0.0,0.0005,0.0,0.0,0.0,0.0005,0.0,0.0,0.0,0.002,0.9975,0.045899711685228106,1893,0.00084029341163877,1.2417219208550207e-06,0.0001841761549726892,16,20,False,0.995,0.005,0.66,fixed,100,none,371c9e91-ddfd-4fc0-aac2-c83fd387c776
2203,326800,56.078776836395264,0.99900075,0.999002,1.0,0.9960719999999998,0.0,0.0,0.0,0.0,0.0,0.0,0.0005,0.0,0.0,0.0,0.0005,0.0,0.0,0.0,0.002,0.9975,0.045500467961884665,1894,0.000840282566089674,1.241913151851299e-06,0.00018417381721588138,16,20,False,0.995,0.005,0.66,fixed,100,none,371c9e91-ddfd-4fc0-aac2-c83fd387c776
2204,326900,56.098636627197266,0.99900075,0.999002,1.0,0.9960719999999998,0.0,0.0,0.0,0.0,0.0,0.0,0.0005,0.0,0.0,0.0,0.0005,0.0,0.0,0.0,0.002,0.9975,0.04669518407547692,1891,0.0008412173483830895,1.244425968585736e-06,0.0001843789184950896,16,20,False,0.995,0.005,0.66,fixed,100,none,371c9e91-ddfd-4fc0-aac2-c83fd387c776
2205,327200,56.118328332901,0.99900075,0.999002,1.0,0.9960719999999998,0.0,0.0,0.0,0.0,0.0,0.0,0.0005,0.0,0.0,0.0,0.0005,0.0,0.0,0.0,0.002,0.9975,0.045899711685228106,1893,0.0008420017792411154,1.244612802334567e-06,0.00018455066590832375,16,20,False,0.995,0.005,0.66,fixed,100,none,371c9e91-ddfd-4fc0-aac2-c83fd387c776
2206,327300,56.13797092437744,0.99900075,0.999002,1.0,0.9960719999999998,0.0,0.0,0.0,0.0,0.0,0.0,0.0005,0.0,0.0,0.0,0.0005,0.0,0.0,0.0,0.002,0.9975,0.04629795038975885,1892,0.0008419852819169605,1.2423355068113447e-06,0.00018454662195791684,16,20,False,0.995,0.005,0.66,fixed,100,none,371c9e91-ddfd-4fc0-aac2-c83fd387c776
2207,327600,56.15773296356201,0.99900075,0.999002,1.0,0.9960719999999998,0.0,0.0,0.0,0.0,0.0,0.0,0.0005,0.0,0.0,0.0,0.0005,0.0,0.0,0.0,0.002,0.9975,0.04550046796188467,1894,0.0008426737327833875,1.243782246723564e-06,0.00018469759873316103,16,20,False,0.995,0.005,0.66,fixed,100,none,371c9e91-ddfd-4fc0-aac2-c83fd387c776
2208,327700,56.1772518157959,0.99900075,0.999002,1.0,0.9960719999999998,0.0,0.0,0.0,0.0,0.0,0.0,0.0005,0.0,0.0,0.0,0.0005,0.0,0.0,0.0,0.002,0.9975,0.04550046796188467,1894,0.0008431861085826418,1.2456074002913928e-06,0.00018481010457479567,16,20,False,0.995,0.005,0.66,fixed,100,none,371c9e91-ddfd-4fc0-aac2-c83fd387c776
2209,327900,56.19675350189209,0.99900075,0.999002,1.0,0.9960719999999998,0.0,0.0,0.0,0.0,0.0,0.0,0.0005,0.0,0.0,0.0,0.0005,0.0,0.0,0.0,0.002,0.9975,0.045899711685228106,1893,0.0008428757861004744,1.2437522584370962e-06,0.0001847418225064969,16,20,False,0.995,0.005,0.66,fixed,100,none,371c9e91-ddfd-4fc0-aac2-c83fd387c776
2210,328000,56.21625995635986,0.99900075,0.999002,1.0,0.9960719999999998,0.0,0.0,0.0,0.0,0.0,0.0,0.0005,0.0,0.0,0.0,0.0005,0.0,0.0,0.0,0.002,0.9975,0.04550046796188467,1894,0.0008424798951963429,1.2429510716964176e-06,0.00018465500976210178,16,20,False,0.995,0.005,0.66,fixed,100,none,371c9e91-ddfd-4fc0-aac2-c83fd387c776
2211,328300,56.235910415649414,0.99900075,0.999002,1.0,0.9960719999999998,0.0,0.0,0.0,0.0,0.0,0.0,0.0005,0.0,0.0,0.0,0.0005,0.0,0.0,0.0,0.002,0.9975,0.04550046796188467,1894,0.0008422281573553785,1.2426558019458623e-06,0.00018459984824746207,16,20,False,0.995,0.005,0.66,fixed,100,none,371c9e91-ddfd-4fc0-aac2-c83fd387c776
2212,328400,56.255584716796875,0.99900075,0.999002,1.0,0.9960719999999998,0.0,0.0,0.0,0.0,0.0,0.0,0.0005,0.0,0.0,0.0,0.0005,0.0,0.0,0.0,0.002,0.9975,0.045899711685228106,1893,0.0008433593945844246,1.2437240237982437e-06,0.00018484767903905223,16,20,False,0.995,0.005,0.66,fixed,100,none,371c9e91-ddfd-4fc0-aac2-c83fd387c776
2213,328600,56.27509665489197,0.99900075,0.999002,1.0,0.9960719999999998,0.0,0.0,0.0,0.0,0.0,0.0,0.0005,0.0,0.0,0.0,0.0005,0.0,0.0,0.0,0.002,0.9975,0.045899711685228106,1893,0.0008438738435226962,1.2444614953810662e-06,0.00018496043203124063,16,20,False,0.995,0.005,0.66,fixed,100,none,371c9e91-ddfd-4fc0-aac2-c83fd387c776
2214,328700,56.294469594955444,0.99900075,0.999002,1.0,0.9960719999999998,0.0,0.0,0.0,0.0,0.0,0.0,0.0005,0.0,0.0,0.0,0.0005,0.0,0.0,0.0,0.002,0.9975,0.045899711685228106,1893,0.0008438907737203476,1.245538310023986e-06,0.00018496434264628865,16,20,False,0.995,0.005,0.66,fixed,100,none,371c9e91-ddfd-4fc0-aac2-c83fd387c776
2215,329000,56.313958406448364,0.99900075,0.999002,1.0,0.9960719999999998,0.0,0.0,0.0,0.0,0.0,0.0,0.0005,0.0,0.0,0.0,0.0005,0.0,0.0,0.0,0.002,0.9975,0.04550046796188467,1894,0.0008444410118798895,1.2466787863717767e-06,0.00018508500646991847,16,20,False,0.995,0.005,0.66,fixed,100,none,371c9e91-ddfd-4fc0-aac2-c83fd387c776
2216,329100,56.33355164527893,0.99900075,0.999002,1.0,0.9960719999999998,0.0,0.0,0.0,0.0,0.0,0.0,0.0005,0.0,0.0,0.0,0.0005,0.0,0.0,0.0,0.002,0.9975,0.04510021921972853,1895,0.0008445085739286693,1.2487170491273198e-06,0.00018510018307231992,16,20,False,0.995,0.005,0.66,fixed,100,none,371c9e91-ddfd-4fc0-aac2-c83fd387c776
2217,329400,56.35320043563843,0.99900075,0.999002,1.0,0.9960719999999998,0.0,0.0,0.0,0.0,0.0,0.0,0.0005,0.0,0.0,0.0,0.0005,0.0,0.0,0.0,0.002,0.9975,0.04510021921972853,1895,0.000845178345422675,1.252116394365261e-06,0.00018524744192795296,16,20,False,0.995,0.005,0.66,fixed,100,none,371c9e91-ddfd-4fc0-aac2-c83fd387c776
2218,329500,56.3726704120636,0.99900075,0.999002,1.0,0.9960719999999998,0.0,0.0,0.0,0.0,0.0,0.0,0.0005,0.0,0.0,0.0,0.0005,0.0,0.0,0.0,0.002,0.9975,0.04510021921972853,1895,0.0008450315343561035,1.2518763041517756e-06,0.0001852152593683399,16,20,False,0.995,0.005,0.66,fixed,100,none,371c9e91-ddfd-4fc0-aac2-c83fd387c776
2219,329700,56.392138957977295,0.99900075,0.999002,1.0,0.9960719999999998,0.0,0.0,0.0,0.0,0.0,0.0,0.0005,0.0,0.0,0.0,0.0005,0.0,0.0,0.0,0.002,0.9975,0.04469896545875967,1896,0.00084605992503235,1.2523468444812061e-06,0.00018544046349003285,16,20,False,0.995,0.005,0.66,fixed,100,none,371c9e91-ddfd-4fc0-aac2-c83fd387c776
2220,329800,56.41157126426697,0.99900075,0.999002,1.0,0.9960719999999998,0.0,0.0,0.0,0.0,0.0,0.0,0.0005,0.0,0.0,0.0,0.0005,0.0,0.0,0.0,0.002,0.9975,0.04469896545875967,1896,0.0008463140854898006,1.2548901203403315e-06,0.000185496582436582,16,20,False,0.995,0.005,0.66,fixed,100,none,371c9e91-ddfd-4fc0-aac2-c83fd387c776
2221,330100,56.431135177612305,0.99900075,0.999002,1.0,0.9960719999999998,0.0,0.0,0.0,0.0,0.0,0.0,0.0005,0.0,0.0,0.0,0.0005,0.0,0.0,0.0,0.002,0.9975,0.04469896545875967,1896,0.0008466766384434153,1.2573812799217446e-06,0.00018557641859844875,16,20,False,0.995,0.005,0.66,fixed,100,none,371c9e91-ddfd-4fc0-aac2-c83fd387c776
2222,330200,56.45069146156311,0.99900075,0.999002,1.0,0.9960719999999998,0.0,0.0,0.0,0.0,0.0,0.0,0.0005,0.0,0.0,0.0,0.0005,0.0,0.0,0.0,0.002,0.9975,0.045500467961884665,1894,0.0008451059637719735,1.255937187088339e-06,0.0001852323235352318,16,20,False,0.995,0.005,0.66,fixed,100,none,371c9e91-ddfd-4fc0-aac2-c83fd387c776
2223,330500,56.47024154663086,0.99900075,0.999002,1.0,0.9960719999999998,0.0,0.0,0.0,0.0,0.0,0.0,0.0005,0.0,0.0,0.0,0.0005,0.0,0.0,0.0,0.002,0.9975,0.045100219219728524,1895,0.0008503400600550644,1.2656650940452498e-06,0.00018637991551392219,16,20,False,0.995,0.005,0.66,fixed,100,none,371c9e91-ddfd-4fc0-aac2-c83fd387c776
2224,330600,56.489741563797,0.99900075,0.999002,1.0,0.9960719999999998,0.0,0.0,0.0,0.0,0.0,0.0,0.0005,0.0,0.0,0.0,0.0005,0.0,0.0,0.0,0.002,0.9975,0.045100219219728524,1895,0.0008509556815042043,1.2673690707680945e-06,0.00018651499880471627,16,20,False,0.995,0.005,0.66,fixed,100,none,371c9e91-ddfd-4fc0-aac2-c83fd387c776
2225,330800,56.50917887687683,0.99900075,0.999002,1.0,0.9960719999999998,0.0,0.0,0.0,0.0,0.0,0.0,0.0005,0.0,0.0,0.0,0.0005,0.0,0.0,0.0,0.002,0.9975,0.045100219219728524,1895,0.0008506739730861406,1.267654873389603e-06,0.00018645338713450018,16,20,False,0.995,0.005,0.66,fixed,100,none,371c9e91-ddfd-4fc0-aac2-c83fd387c776
2226,330900,56.52882528305054,0.99900075,0.999002,1.0,0.9960719999999998,0.0,0.0,0.0,0.0,0.0,0.0,0.0005,0.0,0.0,0.0,0.0005,0.0,0.0,0.0,0.002,0.9975,0.045100219219728524,1895,0.0008513467141273414,1.2701168688509015e-06,0.00018660111792755671,16,20,False,0.995,0.005,0.66,fixed,100,none,371c9e91-ddfd-4fc0-aac2-c83fd387c776
2227,331200,56.54864716529846,0.99900075,0.999002,1.0,0.9960719999999998,0.0,0.0,0.0,0.0,0.0,0.0,0.0005,0.0,0.0,0.0,0.0005,0.0,0.0,0.0,0.002,0.9975,0.045100219219728524,1895,0.000852341798955269,1.2701964579394206e-06,0.0001868189571183169,16,20,False,0.995,0.005,0.66,fixed,100,none,371c9e91-ddfd-4fc0-aac2-c83fd387c776
2228,331300,56.56816220283508,0.99900075,0.999002,1.0,0.9960719999999998,0.0,0.0,0.0,0.0,0.0,0.0,0.0005,0.0,0.0,0.0,0.0005,0.0,0.0,0.0,0.002,0.9975,0.04469896545875967,1896,0.0008537973874611661,1.2742857195838988e-06,0.00018713836240197022,16,20,False,0.995,0.005,0.66,fixed,100,none,371c9e91-ddfd-4fc0-aac2-c83fd387c776
2229,331500,56.58765530586243,0.99900075,0.999002,1.0,0.9960719999999998,0.0,0.0,0.0,0.0,0.0,0.0,0.0005,0.0,0.0,0.0,0.0005,0.0,0.0,0.0,0.002,0.9975,0.045100219219728524,1895,0.0008539567314442598,1.2738186708250727e-06,0.00018717315406060523,16,20,False,0.995,0.005,0.66,fixed,100,none,371c9e91-ddfd-4fc0-aac2-c83fd387c776
2230,331600,56.60738658905029,0.99900075,0.999002,1.0,0.9960719999999998,0.0,0.0,0.0,0.0,0.0,0.0,0.0005,0.0,0.0,0.0,0.0005,0.0,0.0,0.0,0.002,0.9975,0.045100219219728524,1895,0.0008539567314442598,1.2738186708250727e-06,0.00018717315406060523,16,20,False,0.995,0.005,0.66,fixed,100,none,371c9e91-ddfd-4fc0-aac2-c83fd387c776
2231,331700,56.62722587585449,0.99900075,0.999002,1.0,0.9960719999999998,0.0,0.0,0.0,0.0,0.0,0.0,0.0005,0.0,0.0,0.0,0.0005,0.0,0.0,0.0,0.002,0.9975,0.045100219219728524,1895,0.0008528627600192275,1.2722094662146067e-06,0.00018693337796678967,16,20,False,0.995,0.005,0.66,fixed,100,none,371c9e91-ddfd-4fc0-aac2-c83fd387c776
2232,331800,56.64713406562805,0.99900075,0.999002,1.0,0.9960719999999998,0.0,0.0,0.0,0.0,0.0,0.0,0.0005,0.0,0.0,0.0,0.0005,0.0,0.0,0.0,0.002,0.9975,0.045100219219728524,1895,0.0008523479939768495,1.2710269554002225e-06,0.00018682047100305842,16,20,False,0.995,0.005,0.66,fixed,100,none,371c9e91-ddfd-4fc0-aac2-c83fd387c776
2233,331900,56.66679358482361,0.99900075,0.999002,1.0,0.9960719999999998,0.0,0.0,0.0,0.0,0.0,0.0,0.0005,0.0,0.0,0.0,0.0005,0.0,0.0,0.0,0.002,0.9975,0.045100219219728524,1895,0.0008524648064243902,1.272174814171763e-06,0.00018684625934099164,16,20,False,0.995,0.005,0.66,fixed,100,none,371c9e91-ddfd-4fc0-aac2-c83fd387c776
2234,332000,56.686635971069336,0.99900075,0.999002,1.0,0.9960719999999998,0.0,0.0,0.0,0.0,0.0,0.0,0.0005,0.0,0.0,0.0,0.0005,0.0,0.0,0.0,0.002,0.9975,0.045100219219728524,1895,0.0008527892487862075,1.2707156410403408e-06,0.0001869170025310985,16,20,False,0.995,0.005,0.66,fixed,100,none,371c9e91-ddfd-4fc0-aac2-c83fd387c776
2235,332300,56.706387758255005,0.99900075,0.999002,1.0,0.9960719999999998,0.0,0.0,0.0,0.0,0.0,0.0,0.0005,0.0,0.0,0.0,0.0005,0.0,0.0,0.0,0.002,0.9975,0.04510021921972853,1895,0.0008568335999621236,1.2797419794115006e-06,0.00018780402600779706,16,20,False,0.995,0.005,0.66,fixed,100,none,371c9e91-ddfd-4fc0-aac2-c83fd387c776
2236,332400,56.726038217544556,0.99900075,0.999002,1.0,0.9960719999999998,0.0,0.0,0.0,0.0,0.0,0.0,0.0005,0.0,0.0,0.0,0.0005,0.0,0.0,0.0,0.002,0.9975,0.045100219219728524,1895,0.0008585670277788804,1.2837948519227329e-06,0.00018818424340266227,16,20,False,0.995,0.005,0.66,fixed,100,none,371c9e91-ddfd-4fc0-aac2-c83fd387c776
2237,332600,56.7455632686615,0.99900075,0.999002,1.0,0.9960719999999998,0.0,0.0,0.0,0.0,0.0,0.0,0.0005,0.0,0.0,0.0,0.0005,0.0,0.0,0.0,0.002,0.9975,0.045100219219728524,1895,0.0008593635187466246,1.2860563840234317e-06,0.00018835902496660057,16,20,False,0.995,0.005,0.66,fixed,100,none,371c9e91-ddfd-4fc0-aac2-c83fd387c776
2238,332700,56.765188455581665,0.99900075,0.999002,1.0,0.9960719999999998,0.0,0.0,0.0,0.0,0.0,0.0,0.0005,0.0,0.0,0.0,0.0005,0.0,0.0,0.0,0.002,0.9975,0.045100219219728524,1895,0.0008584252801483984,1.2867470853436103e-06,0.00018815377577069973,16,20,False,0.995,0.005,0.66,fixed,100,none,371c9e91-ddfd-4fc0-aac2-c83fd387c776
2239,333000,56.7847945690155,0.99900075,0.999002,1.0,0.9960719999999998,0.0,0.0,0.0,0.0,0.0,0.0,0.0005,0.0,0.0,0.0,0.0005,0.0,0.0,0.0,0.002,0.9975,0.04510021921972853,1895,0.0008584898508195892,1.2874686349916747e-06,0.0001881680473850565,16,20,False,0.995,0.005,0.66,fixed,100,none,371c9e91-ddfd-4fc0-aac2-c83fd387c776
2240,333100,56.80452752113342,0.99900075,0.999002,1.0,0.9960719999999998,0.0,0.0,0.0,0.0,0.0,0.0,0.0005,0.0,0.0,0.0,0.0005,0.0,0.0,0.0,0.002,0.9975,0.04550046796188467,1894,0.0008573318170215538,1.2872029692437507e-06,0.00018791450331017445,16,20,False,0.995,0.005,0.66,fixed,100,none,371c9e91-ddfd-4fc0-aac2-c83fd387c776
2241,333300,56.82432746887207,0.99900075,0.999002,1.0,0.9960719999999998,0.0,0.0,0.0,0.0,0.0,0.0,0.0005,0.0,0.0,0.0,0.0005,0.0,0.0,0.0,0.002,0.9975,0.04550046796188467,1894,0.0008567526391610519,1.2874568268777799e-06,0.00018778776950946106,16,20,False,0.995,0.005,0.66,fixed,100,none,371c9e91-ddfd-4fc0-aac2-c83fd387c776
2242,333400,56.844043016433716,0.99900075,0.999002,1.0,0.9960719999999998,0.0,0.0,0.0,0.0,0.0,0.0,0.0005,0.0,0.0,0.0,0.0005,0.0,0.0,0.0,0.002,0.9975,0.045100219219728524,1895,0.0008581627416060882,1.2897074014127962e-06,0.00018809686854384113,16,20,False,0.995,0.005,0.66,fixed,100,none,371c9e91-ddfd-4fc0-aac2-c83fd387c776
2243,333700,56.863746881484985,0.99900075,0.999002,1.0,0.9960719999999998,0.0,0.0,0.0,0.0,0.0,0.0,0.0005,0.0,0.0,0.0,0.0005,0.0,0.0,0.0,0.002,0.9975,0.04550046796188467,1894,0.0008582502152019096,1.2898093811203614e-06,0.0001881160358901109,16,20,False,0.995,0.005,0.66,fixed,100,none,371c9e91-ddfd-4fc0-aac2-c83fd387c776
2244,333800,56.88324213027954,0.99900075,0.999002,1.0,0.9960719999999998,0.0,0.0,0.0,0.0,0.0,0.0,0.0005,0.0,0.0,0.0,0.0005,0.0,0.0,0.0,0.002,0.9975,0.04550046796188467,1894,0.0008582502152019096,1.2898093811203614e-06,0.0001881160358901109,16,20,False,0.995,0.005,0.66,fixed,100,none,371c9e91-ddfd-4fc0-aac2-c83fd387c776
2245,334100,56.902682065963745,0.99900075,0.999002,1.0,0.9960719999999998,0.0,0.0,0.0,0.0,0.0,0.0,0.0005,0.0,0.0,0.0,0.0005,0.0,0.0,0.0,0.002,0.9975,0.04550046796188467,1894,0.0008568373282883272,1.285842290733423e-06,0.0001878060011975542,16,20,False,0.995,0.005,0.66,fixed,100,none,371c9e91-ddfd-4fc0-aac2-c83fd387c776
2246,334200,56.92215371131897,0.99900075,0.999002,1.0,0.9960719999999998,0.0,0.0,0.0,0.0,0.0,0.0,0.0005,0.0,0.0,0.0,0.0005,0.0,0.0,0.0,0.002,0.9975,0.04550046796188467,1894,0.0008563418690696234,1.284888251593658e-06,0.00018769736390714334,16,20,False,0.995,0.005,0.66,fixed,100,none,371c9e91-ddfd-4fc0-aac2-c83fd387c776
2247,334400,56.941683530807495,0.99900075,0.999002,1.0,0.9960719999999998,0.0,0.0,0.0,0.0,0.0,0.0,0.0005,0.0,0.0,0.0,0.0005,0.0,0.0,0.0,0.002,0.9975,0.04550046796188467,1894,0.0008563007313065205,1.2848355799817133e-06,0.00018768834884319387,16,20,False,0.995,0.005,0.66,fixed,100,none,371c9e91-ddfd-4fc0-aac2-c83fd387c776
2248,334500,56.96122169494629,0.99900075,0.999002,1.0,0.9960719999999998,0.0,0.0,0.0,0.0,0.0,0.0,0.0005,0.0,0.0,0.0,0.0005,0.0,0.0,0.0,0.002,0.9975,0.04510021921972853,1895,0.0008560331233425015,1.2845810009642662e-06,0.0001876297210898568,16,20,False,0.995,0.005,0.66,fixed,100,none,371c9e91-ddfd-4fc0-aac2-c83fd387c776
2249,334800,56.980626821517944,0.99900075,0.999002,1.0,0.9960719999999998,0.0,0.0,0.0,0.0,0.0,0.0,0.0005,0.0,0.0,0.0,0.0005,0.0,0.0,0.0,0.002,0.9975,0.04550046796188467,1894,0.0008570527620641022,1.2863555237342772e-06,0.0001878532571653415,16,20,False,0.995,0.005,0.66,fixed,100,none,371c9e91-ddfd-4fc0-aac2-c83fd387c776
2250,334900,57.00017237663269,0.99900075,0.999002,1.0,0.9960719999999998,0.0,0.0,0.0,0.0,0.0,0.0,0.0005,0.0,0.0,0.0,0.0005,0.0,0.0,0.0,0.002,0.9975,0.04510021921972853,1895,0.0008571254720379762,1.2869350842941761e-06,0.0001878692834951289,16,20,False,0.995,0.005,0.66,fixed,100,none,371c9e91-ddfd-4fc0-aac2-c83fd387c776
2251,335100,57.01994323730469,0.99900075,0.999002,1.0,0.9960719999999998,0.0,0.0,0.0,0.0,0.0,0.0,0.0005,0.0,0.0,0.0,0.0005,0.0,0.0,0.0,0.002,0.9975,0.04550046796188467,1894,0.0008579465016003023,1.2900656557993985e-06,0.00018804960167490806,16,20,False,0.995,0.005,0.66,fixed,100,none,371c9e91-ddfd-4fc0-aac2-c83fd387c776
2252,335200,57.03950071334839,0.99900075,0.999002,1.0,0.9960719999999998,0.0,0.0,0.0,0.0,0.0,0.0,0.0005,0.0,0.0,0.0,0.0005,0.0,0.0,0.0,0.002,0.9975,0.04550046796188467,1894,0.0008579465016003023,1.2900656557993985e-06,0.00018804960167490806,16,20,False,0.995,0.005,0.66,fixed,100,none,371c9e91-ddfd-4fc0-aac2-c83fd387c776
2253,335500,57.059123516082764,0.99900075,0.999002,1.0,0.9960719999999998,0.0,0.0,0.0,0.0,0.0,0.0,0.0005,0.0,0.0,0.0,0.0005,0.0,0.0,0.0,0.002,0.9975,0.045899711685228106,1893,0.0008569304065960098,1.2891546047362859e-06,0.00018782700537876645,16,20,False,0.995,0.005,0.66,fixed,100,none,371c9e91-ddfd-4fc0-aac2-c83fd387c776
2254,335600,57.07871389389038,0.99900075,0.999002,1.0,0.9960719999999998,0.0,0.0,0.0,0.0,0.0,0.0,0.0005,0.0,0.0,0.0,0.0005,0.0,0.0,0.0,0.002,0.9975,0.04550046796188467,1894,0.0008576140988488076,1.288963705989293e-06,0.00018797662934214198,16,20,False,0.995,0.005,0.66,fixed,100,none,371c9e91-ddfd-4fc0-aac2-c83fd387c776
2255,335900,57.09837222099304,0.99900075,0.999002,1.0,0.9960719999999998,0.0,0.0,0.0,0.0,0.0,0.0,0.0005,0.0,0.0,0.0,0.0005,0.0,0.0,0.0,0.002,0.9975,0.046297950389758855,1892,0.0008568654679766329,1.2883773649136337e-06,0.00018781264263941852,16,20,False,0.995,0.005,0.66,fixed,100,none,371c9e91-ddfd-4fc0-aac2-c83fd387c776
2256,336000,57.11791229248047,0.99900075,0.999002,1.0,0.9960719999999998,0.0,0.0,0.0,0.0,0.0,0.0,0.0005,0.0,0.0,0.0,0.0005,0.0,0.0,0.0,0.002,0.9975,0.04550046796188467,1894,0.000856471308525536,1.288336505595051e-06,0.0001877263533723029,16,20,False,0.995,0.005,0.66,fixed,100,none,371c9e91-ddfd-4fc0-aac2-c83fd387c776
2257,336200,57.13759136199951,0.99900075,0.999002,1.0,0.9960719999999998,0.0,0.0,0.0,0.0,0.0,0.0,0.0005,0.0,0.0,0.0,0.0005,0.0,0.0,0.0,0.002,0.9975,0.0458997116852281,1893,0.0008572759704106475,1.2904355770633267e-06,0.00018790289268253278,16,20,False,0.995,0.005,0.66,fixed,100,none,371c9e91-ddfd-4fc0-aac2-c83fd387c776
2258,336300,57.15734004974365,0.99900075,0.999002,1.0,0.9960719999999998,0.0,0.0,0.0,0.0,0.0,0.0,0.0005,0.0,0.0,0.0,0.0005,0.0,0.0,0.0,0.002,0.9975,0.04629795038975885,1892,0.0008573430621086882,1.2924209912906472e-06,0.00018791795628393708,16,20,False,0.995,0.005,0.66,fixed,100,none,371c9e91-ddfd-4fc0-aac2-c83fd387c776
2259,336600,57.176902055740356,0.99900075,0.999002,1.0,0.9960719999999998,0.0,0.0,0.0,0.0,0.0,0.0,0.0005,0.0,0.0,0.0,0.0005,0.0,0.0,0.0,0.002,0.9975,0.04629795038975884,1892,0.0008600045426196149,1.295592326028229e-06,0.00018850115692137907,16,20,False,0.995,0.005,0.66,fixed,100,none,371c9e91-ddfd-4fc0-aac2-c83fd387c776
2260,336700,57.19641089439392,0.99900075,0.999002,1.0,0.9960719999999998,0.0,0.0,0.0,0.0,0.0,0.0,0.0005,0.0,0.0,0.0,0.0005,0.0,0.0,0.0,0.002,0.9975,0.04669518407547691,1891,0.0008599313594814058,1.2934265555393756e-06,0.0001884847256360322,16,20,False,0.995,0.005,0.66,fixed,100,none,371c9e91-ddfd-4fc0-aac2-c83fd387c776
2261,336900,57.21595859527588,0.99900075,0.999002,1.0,0.9960719999999998,0.0,0.0,0.0,0.0,0.0,0.0,0.0005,0.0,0.0,0.0,0.0005,0.0,0.0,0.0,0.002,0.9975,0.04629795038975884,1892,0.0008604716189576763,1.293172531152129e-06,0.00018860294017075427,16,20,False,0.995,0.005,0.66,fixed,100,none,371c9e91-ddfd-4fc0-aac2-c83fd387c776
2262,337000,57.23551154136658,0.99900075,0.999002,1.0,0.9960719999999998,0.0,0.0,0.0,0.0,0.0,0.0,0.0005,0.0,0.0,0.0,0.0005,0.0,0.0,0.0,0.002,0.9975,0.04669518407547691,1891,0.0008608365711473424,1.2935342981132592e-06,0.0001886828969407948,16,20,False,0.995,0.005,0.66,fixed,100,none,371c9e91-ddfd-4fc0-aac2-c83fd387c776
2263,337100,57.25530242919922,0.99900075,0.999002,1.0,0.9960719999999998,0.0,0.0,0.0,0.0,0.0,0.0,0.0005,0.0,0.0,0.0,0.0005,0.0,0.0,0.0,0.002,0.9975,0.04669518407547691,1891,0.0008608365711473424,1.2935342981132592e-06,0.0001886828969407948,16,20,False,0.995,0.005,0.66,fixed,100,none,371c9e91-ddfd-4fc0-aac2-c83fd387c776
2264,337200,57.27505397796631,0.99900075,0.999002,1.0,0.9960719999999998,0.0,0.0,0.0,0.0,0.0,0.0,0.0005,0.0,0.0,0.0,0.0005,0.0,0.0,0.0,0.002,0.9975,0.04669518407547691,1891,0.0008608365711473424,1.2935342981132592e-06,0.0001886828969407948,16,20,False,0.995,0.005,0.66,fixed,100,none,371c9e91-ddfd-4fc0-aac2-c83fd387c776
2265,337300,57.294692039489746,0.99900075,0.999002,1.0,0.9960719999999998,0.0,0.0,0.0,0.0,0.0,0.0,0.0005,0.0,0.0,0.0,0.0005,0.0,0.0,0.0,0.002,0.9975,0.04669518407547691,1891,0.000861233604757953,1.2920630907420185e-06,0.00018876952806875692,16,20,False,0.995,0.005,0.66,fixed,100,none,371c9e91-ddfd-4fc0-aac2-c83fd387c776
2266,337400,57.31421518325806,0.99900075,0.999002,1.0,0.9960719999999998,0.0,0.0,0.0,0.0,0.0,0.0,0.0005,0.0,0.0,0.0,0.0005,0.0,0.0,0.0,0.002,0.9975,0.04669518407547691,1891,0.000861233604757953,1.2920630907420185e-06,0.00018876952806875692,16,20,False,0.995,0.005,0.66,fixed,100,none,371c9e91-ddfd-4fc0-aac2-c83fd387c776
2267,337700,57.33388710021973,0.99900075,0.999002,1.0,0.9960719999999998,0.0,0.0,0.0,0.0,0.0,0.0,0.0005,0.0,0.0,0.0,0.0005,0.0,0.0,0.0,0.002,0.9975,0.04669518407547691,1891,0.0008617359614234988,1.294162561835504e-06,0.00018887989284235266,16,20,False,0.995,0.005,0.66,fixed,100,none,371c9e91-ddfd-4fc0-aac2-c83fd387c776
2268,337800,57.35361123085022,0.99900075,0.999002,1.0,0.9960719999999998,0.0,0.0,0.0,0.0,0.0,0.0,0.0005,0.0,0.0,0.0,0.0005,0.0,0.0,0.0,0.002,0.9975,0.04669518407547691,1891,0.000861523009244276,1.2938680989752529e-06,0.00018883322166237732,16,20,False,0.995,0.005,0.66,fixed,100,none,371c9e91-ddfd-4fc0-aac2-c83fd387c776
2269,338000,57.37314200401306,0.99900075,0.999002,1.0,0.9960719999999998,0.0,0.0,0.0,0.0,0.0,0.0,0.0005,0.0,0.0,0.0,0.0005,0.0,0.0,0.0,0.002,0.9975,0.04669518407547691,1891,0.0008622983376359198,1.2956868456415165e-06,0.00018900328660917474,16,20,False,0.995,0.005,0.66,fixed,100,none,371c9e91-ddfd-4fc0-aac2-c83fd387c776
2270,338100,57.3925986289978,0.99900075,0.999002,1.0,0.9960719999999998,0.0,0.0,0.0,0.0,0.0,0.0,0.0005,0.0,0.0,0.0,0.0005,0.0,0.0,0.0,0.002,0.9975,0.04669518407547691,1891,0.0008624481084734571,1.2953982299560719e-06,0.00018903601660853143,16,20,False,0.995,0.005,0.66,fixed,100,none,371c9e91-ddfd-4fc0-aac2-c83fd387c776
2271,338400,57.41222143173218,0.99900075,0.999002,1.0,0.9960719999999998,0.0,0.0,0.0,0.0,0.0,0.0,0.0005,0.0,0.0,0.0,0.0005,0.0,0.0,0.0,0.002,0.9975,0.04669518407547691,1891,0.0008649218147415781,1.300929510569568e-06,0.00018957856185393968,16,20,False,0.995,0.005,0.66,fixed,100,none,371c9e91-ddfd-4fc0-aac2-c83fd387c776
2272,338500,57.43186831474304,0.99900075,0.999002,1.0,0.9960719999999998,0.0,0.0,0.0,0.0,0.0,0.0,0.0005,0.0,0.0,0.0,0.0005,0.0,0.0,0.0,0.002,0.9975,0.04669518407547691,1891,0.0008662301803541984,1.3033658663195643e-06,0.00018986542599413477,16,20,False,0.995,0.005,0.66,fixed,100,none,371c9e91-ddfd-4fc0-aac2-c83fd387c776
2273,338700,57.45162653923035,0.99900075,0.999002,1.0,0.9960719999999998,0.0,0.0,0.0,0.0,0.0,0.0,0.0005,0.0,0.0,0.0,0.0005,0.0,0.0,0.0,0.002,0.9975,0.04669518407547691,1891,0.0008658606941883136,1.3049387022080537e-06,0.0001897848443112414,16,20,False,0.995,0.005,0.66,fixed,100,none,371c9e91-ddfd-4fc0-aac2-c83fd387c776
2274,338800,57.471250772476196,0.99900075,0.999002,1.0,0.9960719999999998,0.0,0.0,0.0,0.0,0.0,0.0,0.0005,0.0,0.0,0.0,0.0005,0.0,0.0,0.0,0.002,0.9975,0.04669518407547691,1891,0.0008661268510228348,1.3053368013611088e-06,0.00018984318168115716,16,20,False,0.995,0.005,0.66,fixed,100,none,371c9e91-ddfd-4fc0-aac2-c83fd387c776
2275,339100,57.490927934646606,0.99900075,0.999002,1.0,0.9960719999999998,0.0,0.0,0.0,0.0,0.0,0.0,0.0005,0.0,0.0,0.0,0.0005,0.0,0.0,0.0,0.002,0.9975,0.04669518407547691,1891,0.000867040310433927,1.3067472353265954e-06,0.00019004340592869868,16,20,False,0.995,0.005,0.66,fixed,100,none,371c9e91-ddfd-4fc0-aac2-c83fd387c776
2276,339200,57.51160144805908,0.99900075,0.999002,1.0,0.9960719999999998,0.0,0.0,0.0,0.0,0.0,0.0,0.0005,0.0,0.0,0.0,0.0005,0.0,0.0,0.0,0.002,0.9975,0.04669518407547691,1891,0.0008675640648312552,1.306476609831028e-06,0.00019015800434742965,16,20,False,0.995,0.005,0.66,fixed,100,none,371c9e91-ddfd-4fc0-aac2-c83fd387c776
2277,339500,57.53133940696716,0.99900075,0.999002,1.0,0.9960719999999998,0.0,0.0,0.0,0.0,0.0,0.0,0.0005,0.0,0.0,0.0,0.0005,0.0,0.0,0.0,0.002,0.9975,0.04669518407547691,1891,0.0008677717956375175,1.3087220728513497e-06,0.00019020390325889434,16,20,False,0.995,0.005,0.66,fixed,100,none,371c9e91-ddfd-4fc0-aac2-c83fd387c776
2278,339600,57.551372051239014,0.99900075,0.999002,1.0,0.9960719999999998,0.0,0.0,0.0,0.0,0.0,0.0,0.0005,0.0,0.0,0.0,0.0005,0.0,0.0,0.0,0.002,0.9975,0.04669518407547691,1891,0.0008687719852104124,1.3099466797028577e-06,0.00019042307743170284,16,20,False,0.995,0.005,0.66,fixed,100,none,371c9e91-ddfd-4fc0-aac2-c83fd387c776
2279,339800,57.571075677871704,0.99900075,0.999002,1.0,0.9960719999999998,0.0,0.0,0.0,0.0,0.0,0.0,0.0005,0.0,0.0,0.0,0.0005,0.0,0.0,0.0,0.002,0.9975,0.04629795038975884,1892,0.0008711437408375596,1.315997119684746e-06,0.0001909434043220819,16,20,False,0.995,0.005,0.66,fixed,100,none,371c9e91-ddfd-4fc0-aac2-c83fd387c776
2280,339900,57.59095907211304,0.99900075,0.999002,1.0,0.9960719999999998,0.0,0.0,0.0,0.0,0.0,0.0,0.0005,0.0,0.0,0.0,0.0005,0.0,0.0,0.0,0.002,0.9975,0.04629795038975884,1892,0.0008694523170658356,1.31325453024322e-06,0.00019057263056645763,16,20,False,0.995,0.005,0.66,fixed,100,none,371c9e91-ddfd-4fc0-aac2-c83fd387c776
2281,340000,57.61064171791077,0.99900075,0.999002,1.0,0.9960719999999998,0.0,0.0,0.0,0.0,0.0,0.0,0.0005,0.0,0.0,0.0,0.0005,0.0,0.0,0.0,0.002,0.9975,0.04629795038975884,1892,0.0008689737245963654,1.3141034107805628e-06,0.0001904680279621927,16,20,False,0.995,0.005,0.66,fixed,100,none,371c9e91-ddfd-4fc0-aac2-c83fd387c776
2282,340200,57.63041162490845,0.99900075,0.999002,1.0,0.9960719999999998,0.0,0.0,0.0,0.0,0.0,0.0,0.0005,0.0,0.0,0.0,0.0005,0.0,0.0,0.0,0.002,0.9975,0.04629795038975884,1892,0.0008714600916831175,1.320183365494456e-06,0.00019101344890887838,16,20,False,0.995,0.005,0.66,fixed,100,none,371c9e91-ddfd-4fc0-aac2-c83fd387c776
2283,340300,57.65033292770386,0.99900075,0.999002,1.0,0.9960719999999998,0.0,0.0,0.0,0.0,0.0,0.0,0.0005,0.0,0.0,0.0,0.0005,0.0,0.0,0.0,0.002,0.9975,0.04629795038975884,1892,0.0008710627393616377,1.318727086752759e-06,0.00019092619179274554,16,20,False,0.995,0.005,0.66,fixed,100,none,371c9e91-ddfd-4fc0-aac2-c83fd387c776
2284,340500,57.67014479637146,0.99900075,0.999002,1.0,0.9960719999999998,0.0,0.0,0.0,0.0,0.0,0.0,0.0005,0.0,0.0,0.0,0.0005,0.0,0.0,0.0,0.002,0.9975,0.04629795038975884,1892,0.0008719984804640207,1.3230827588278345e-06,0.00019113185309775141,16,20,False,0.995,0.005,0.66,fixed,100,none,371c9e91-ddfd-4fc0-aac2-c83fd387c776
2285,340600,57.68975758552551,0.99900075,0.999002,1.0,0.9960719999999998,0.0,0.0,0.0,0.0,0.0,0.0,0.0005,0.0,0.0,0.0,0.0005,0.0,0.0,0.0,0.002,0.9975,0.04629795038975884,1892,0.0008723616514890804,1.3217464116959933e-06,0.00019121109732918195,16,20,False,0.995,0.005,0.66,fixed,100,none,371c9e91-ddfd-4fc0-aac2-c83fd387c776
2286,340900,57.70941734313965,0.99900075,0.999002,1.0,0.9960719999999998,0.0,0.0,0.0,0.0,0.0,0.0,0.0005,0.0,0.0,0.0,0.0005,0.0,0.0,0.0,0.002,0.9975,0.04669518407547691,1891,0.0008722363989771815,1.32520603236095e-06,0.0001911843368822536,16,20,False,0.995,0.005,0.66,fixed,100,none,371c9e91-ddfd-4fc0-aac2-c83fd387c776
2287,341000,57.72904086112976,0.99900075,0.999002,1.0,0.9960719999999998,0.0,0.0,0.0,0.0,0.0,0.0,0.0005,0.0,0.0,0.0,0.0005,0.0,0.0,0.0,0.002,0.9975,0.04669518407547691,1891,0.0008726528667314293,1.3270432990572313e-06,0.00019127585075433075,16,20,False,0.995,0.005,0.66,fixed,100,none,371c9e91-ddfd-4fc0-aac2-c83fd387c776
2288,341300,57.74856519699097,0.99900075,0.999002,1.0,0.9960719999999998,0.0,0.0,0.0,0.0,0.0,0.0,0.0005,0.0,0.0,0.0,0.0005,0.0,0.0,0.0,0.002,0.9975,0.04669518407547691,1891,0.0008749222540517643,1.330438992041182e-06,0.00019177326482041905,16,20,False,0.995,0.005,0.66,fixed,100,none,371c9e91-ddfd-4fc0-aac2-c83fd387c776
2289,341400,57.7681028842926,0.99900075,0.999002,1.0,0.9960719999999998,0.0,0.0,0.0,0.0,0.0,0.0,0.0005,0.0,0.0,0.0,0.0005,0.0,0.0,0.0,0.002,0.9975,0.04669518407547691,1891,0.0008752170917011591,1.3308394498358812e-06,0.00019183788086885256,16,20,False,0.995,0.005,0.66,fixed,100,none,371c9e91-ddfd-4fc0-aac2-c83fd387c776
2290,341600,57.78751015663147,0.99900075,0.999002,1.0,0.9960719999999998,0.0,0.0,0.0,0.0,0.0,0.0,0.0005,0.0,0.0,0.0,0.0005,0.0,0.0,0.0,0.002,0.9975,0.04629795038975884,1892,0.0008760595971539948,1.3299335080644772e-06,0.00019202213318354172,16,20,False,0.995,0.005,0.66,fixed,100,none,371c9e91-ddfd-4fc0-aac2-c83fd387c776
2291,341700,57.80697703361511,0.99900075,0.999002,1.0,0.9960719999999998,0.0,0.0,0.0,0.0,0.0,0.0,0.0005,0.0,0.0,0.0,0.0005,0.0,0.0,0.0,0.002,0.9975,0.04629795038975884,1892,0.0008784777362137483,1.3339746264248098e-06,0.00019255223163621024,16,20,False,0.995,0.005,0.66,fixed,100,none,371c9e91-ddfd-4fc0-aac2-c83fd387c776
2292,342000,57.82661819458008,0.99900075,0.999002,1.0,0.9960719999999998,0.0,0.0,0.0,0.0,0.0,0.0,0.0005,0.0,0.0,0.0,0.0005,0.0,0.0,0.0,0.002,0.9975,0.04629795038975884,1892,0.0008769201561315598,1.3335456738650618e-06,0.00019221119585523282,16,20,False,0.995,0.005,0.66,fixed,100,none,371c9e91-ddfd-4fc0-aac2-c83fd387c776
2293,342100,57.84626030921936,0.99900075,0.999002,1.0,0.9960719999999998,0.0,0.0,0.0,0.0,0.0,0.0,0.0005,0.0,0.0,0.0,0.0005,0.0,0.0,0.0,0.002,0.9975,0.04629795038975884,1892,0.0008772938678605771,1.3341187502905174e-06,0.00019229311023723556,16,20,False,0.995,0.005,0.66,fixed,100,none,371c9e91-ddfd-4fc0-aac2-c83fd387c776
2294,342300,57.86611342430115,0.99900075,0.999002,1.0,0.9960719999999998,0.0,0.0,0.0,0.0,0.0,0.0,0.0005,0.0,0.0,0.0,0.0005,0.0,0.0,0.0,0.002,0.9975,0.04629795038975884,1892,0.000875359366533435,1.333759329929942e-06,0.00019186957960685562,16,20,False,0.995,0.005,0.66,fixed,100,none,371c9e91-ddfd-4fc0-aac2-c83fd387c776
2295,342400,57.88579440116882,0.99900075,0.999002,1.0,0.9960719999999998,0.0,0.0,0.0,0.0,0.0,0.0,0.0005,0.0,0.0,0.0,0.0005,0.0,0.0,0.0,0.002,0.9975,0.045899711685228106,1893,0.0008763579178417492,1.3359550823546488e-06,0.0001920885796812063,16,20,False,0.995,0.005,0.66,fixed,100,none,371c9e91-ddfd-4fc0-aac2-c83fd387c776
2296,342700,57.90551733970642,0.99900075,0.999002,1.0,0.9960719999999998,0.0,0.0,0.0,0.0,0.0,0.0,0.0005,0.0,0.0,0.0,0.0005,0.0,0.0,0.0,0.002,0.9975,0.04669518407547691,1891,0.0008771386260763561,1.3355862530329934e-06,0.0001922594066361906,16,20,False,0.995,0.005,0.66,fixed,100,none,371c9e91-ddfd-4fc0-aac2-c83fd387c776
2297,342800,57.925297498703,0.99900075,0.999002,1.0,0.9960719999999998,0.0,0.0,0.0,0.0,0.0,0.0,0.0005,0.0,0.0,0.0,0.0005,0.0,0.0,0.0,0.002,0.9975,0.047091412742382266,1890,0.0008782478304983979,1.3386963718334555e-06,0.00019250280240674768,16,20,False,0.995,0.005,0.66,fixed,100,none,371c9e91-ddfd-4fc0-aac2-c83fd387c776
2298,343100,57.94507837295532,0.99900075,0.999002,1.0,0.9960719999999998,0.0,0.0,0.0,0.0,0.0,0.0,0.0005,0.0,0.0,0.0,0.0005,0.0,0.0,0.0,0.002,0.9975,0.04669518407547691,1891,0.0008819933348861883,1.345398005634848e-06,0.00019332396662765725,16,20,False,0.995,0.005,0.66,fixed,100,none,371c9e91-ddfd-4fc0-aac2-c83fd387c776
2299,343200,57.96480083465576,0.99900075,0.999002,1.0,0.9960719999999998,0.0,0.0,0.0,0.0,0.0,0.0,0.0005,0.0,0.0,0.0,0.0005,0.0,0.0,0.0,0.002,0.9975,0.04669518407547691,1891,0.0008818974115114302,1.3455609561254048e-06,0.0001933029999615159,16,20,False,0.995,0.005,0.66,fixed,100,none,371c9e91-ddfd-4fc0-aac2-c83fd387c776
2300,343400,57.98463249206543,0.99900075,0.999002,1.0,0.9960719999999998,0.0,0.0,0.0,0.0,0.0,0.0,0.0005,0.0,0.0,0.0,0.0005,0.0,0.0,0.0,0.002,0.9975,0.04629795038975885,1892,0.000881693849320811,1.3433651249468175e-06,0.00019325802299006544,16,20,False,0.995,0.005,0.66,fixed,100,none,371c9e91-ddfd-4fc0-aac2-c83fd387c776
2301,343500,58.00423884391785,0.99900075,0.999002,1.0,0.9960719999999998,0.0,0.0,0.0,0.0,0.0,0.0,0.0005,0.0,0.0,0.0,0.0005,0.0,0.0,0.0,0.002,0.9975,0.04669518407547691,1891,0.0008821084094428503,1.3439642437957078e-06,0.00019334888403336114,16,20,False,0.995,0.005,0.66,fixed,100,none,371c9e91-ddfd-4fc0-aac2-c83fd387c776
2302,343800,58.02377486228943,0.99900075,0.999002,1.0,0.9960719999999998,0.0,0.0,0.0,0.0,0.0,0.0,0.0005,0.0,0.0,0.0,0.0005,0.0,0.0,0.0,0.002,0.9975,0.045899711685228106,1893,0.0008833464516529974,1.347608633049774e-06,0.00019362058390712058,16,20,False,0.995,0.005,0.66,fixed,100,none,371c9e91-ddfd-4fc0-aac2-c83fd387c776
2303,343900,58.04337787628174,0.99900075,0.999002,1.0,0.9960719999999998,0.0,0.0,0.0,0.0,0.0,0.0,0.0005,0.0,0.0,0.0,0.0005,0.0,0.0,0.0,0.002,0.9975,0.045899711685228106,1893,0.0008839558937581747,1.349712136985324e-06,0.00019375439044969168,16,20,False,0.995,0.005,0.66,fixed,100,none,371c9e91-ddfd-4fc0-aac2-c83fd387c776
2304,344100,58.063058853149414,0.99900075,0.999002,1.0,0.9960719999999998,0.0,0.0,0.0,0.0,0.0,0.0,0.0005,0.0,0.0,0.0,0.0005,0.0,0.0,0.0,0.002,0.9975,0.045899711685228106,1893,0.0008862486551892315,1.3547699565580988e-06,0.00019425723691266882,16,20,False,0.995,0.005,0.66,fixed,100,none,371c9e91-ddfd-4fc0-aac2-c83fd387c776
2305,344200,58.08267092704773,0.99900075,0.999002,1.0,0.9960719999999998,0.0,0.0,0.0,0.0,0.0,0.0,0.0005,0.0,0.0,0.0,0.0005,0.0,0.0,0.0,0.002,0.9975,0.045899711685228106,1893,0.0008862991799796916,1.355133861269489e-06,0.0001942683659311957,16,20,False,0.995,0.005,0.66,fixed,100,none,371c9e91-ddfd-4fc0-aac2-c83fd387c776
2306,344500,58.10231065750122,0.99900075,0.999002,1.0,0.9960719999999998,0.0,0.0,0.0,0.0,0.0,0.0,0.0005,0.0,0.0,0.0,0.0005,0.0,0.0,0.0,0.002,0.9975,0.045899711685228106,1893,0.0008876550435489839,1.357382842146866e-06,0.00019456559177288049,16,20,False,0.995,0.005,0.66,fixed,100,none,371c9e91-ddfd-4fc0-aac2-c83fd387c776
2307,344600,58.12238001823425,0.99900075,0.999002,1.0,0.9960719999999998,0.0,0.0,0.0,0.0,0.0,0.0,0.0005,0.0,0.0,0.0,0.0005,0.0,0.0,0.0,0.002,0.9975,0.04629795038975885,1892,0.0008878724014347678,1.3563517892353034e-06,0.0001946129755140254,16,20,False,0.995,0.005,0.66,fixed,100,none,371c9e91-ddfd-4fc0-aac2-c83fd387c776
2308,344900,58.1421914100647,0.99900075,0.999002,1.0,0.9960719999999998,0.0,0.0,0.0,0.0,0.0,0.0,0.0005,0.0,0.0,0.0,0.0005,0.0,0.0,0.0,0.002,0.9975,0.045899711685228106,1893,0.0008875127980096346,1.3542352352616715e-06,0.00019453385617900873,16,20,False,0.995,0.005,0.66,fixed,100,none,371c9e91-ddfd-4fc0-aac2-c83fd387c776
2309,345000,58.16187071800232,0.99900075,0.999002,1.0,0.9960719999999998,0.0,0.0,0.0,0.0,0.0,0.0,0.0005,0.0,0.0,0.0,0.0005,0.0,0.0,0.0,0.002,0.9975,0.04550046796188467,1894,0.0008875527276258681,1.3565246917283947e-06,0.00019454303176873094,16,20,False,0.995,0.005,0.66,fixed,100,none,371c9e91-ddfd-4fc0-aac2-c83fd387c776
2310,345200,58.181697845458984,0.99900075,0.999002,1.0,0.9960719999999998,0.0,0.0,0.0,0.0,0.0,0.0,0.0005,0.0,0.0,0.0,0.0005,0.0,0.0,0.0,0.002,0.9975,0.045899711685228106,1893,0.0008876948393932345,1.3534033049012712e-06,0.00019457354697111027,16,20,False,0.995,0.005,0.66,fixed,100,none,371c9e91-ddfd-4fc0-aac2-c83fd387c776
2311,345300,58.201306104660034,0.99900075,0.999002,1.0,0.9960719999999998,0.0,0.0,0.0,0.0,0.0,0.0,0.0005,0.0,0.0,0.0,0.0005,0.0,0.0,0.0,0.002,0.9975,0.04550046796188467,1894,0.0008876420346185028,1.3537175636753124e-06,0.0001945620477150886,16,20,False,0.995,0.005,0.66,fixed,100,none,371c9e91-ddfd-4fc0-aac2-c83fd387c776
2312,345500,58.22102451324463,0.99900075,0.999002,1.0,0.9960719999999998,0.0,0.0,0.0,0.0,0.0,0.0,0.0005,0.0,0.0,0.0,0.0005,0.0,0.0,0.0,0.002,0.9975,0.045899711685228106,1893,0.0008872641132035317,1.3521340802845407e-06,0.00019447901985550716,16,20,False,0.995,0.005,0.66,fixed,100,none,371c9e91-ddfd-4fc0-aac2-c83fd387c776
2313,345600,58.24100184440613,0.99900075,0.999002,1.0,0.9960719999999998,0.0,0.0,0.0,0.0,0.0,0.0,0.0005,0.0,0.0,0.0,0.0005,0.0,0.0,0.0,0.002,0.9975,0.045899711685228106,1893,0.0008868160458389523,1.3531440156915508e-06,0.00019438112979712808,16,20,False,0.995,0.005,0.66,fixed,100,none,371c9e91-ddfd-4fc0-aac2-c83fd387c776
2314,345700,58.26085638999939,0.99900075,0.999002,1.0,0.9960719999999998,0.0,0.0,0.0,0.0,0.0,0.0,0.0005,0.0,0.0,0.0,0.0005,0.0,0.0,0.0,0.002,0.9975,0.04550046796188467,1894,0.0008872582329515358,1.3536724764955528e-06,0.00019447802496362534,16,20,False,0.995,0.005,0.66,fixed,100,none,371c9e91-ddfd-4fc0-aac2-c83fd387c776
2315,345900,58.280497550964355,0.99900075,0.999002,1.0,0.9960719999999998,0.0,0.0,0.0,0.0,0.0,0.0,0.0005,0.0,0.0,0.0,0.0005,0.0,0.0,0.0,0.002,0.9975,0.04550046796188467,1894,0.000887069430041629,1.3548449559655109e-06,0.00019443691877774606,16,20,False,0.995,0.005,0.66,fixed,100,none,371c9e91-ddfd-4fc0-aac2-c83fd387c776
2316,346000,58.30004525184631,0.99900075,0.999002,1.0,0.9960719999999998,0.0,0.0,0.0,0.0,0.0,0.0,0.0005,0.0,0.0,0.0,0.0005,0.0,0.0,0.0,0.002,0.9975,0.04550046796188467,1894,0.0008880884356652372,1.3580296358047867e-06,0.0001946605841979233,16,20,False,0.995,0.005,0.66,fixed,100,none,371c9e91-ddfd-4fc0-aac2-c83fd387c776
2317,346300,58.31956362724304,0.99900075,0.999002,1.0,0.9960719999999998,0.0,0.0,0.0,0.0,0.0,0.0,0.0005,0.0,0.0,0.0,0.0005,0.0,0.0,0.0,0.002,0.9975,0.045899711685228106,1893,0.0008882029793636545,1.3583288280999846e-06,0.00019468571466004297,16,20,False,0.995,0.005,0.66,fixed,100,none,371c9e91-ddfd-4fc0-aac2-c83fd387c776
2318,346400,58.33908271789551,0.99900075,0.999002,1.0,0.9960719999999998,0.0,0.0,0.0,0.0,0.0,0.0,0.0005,0.0,0.0,0.0,0.0005,0.0,0.0,0.0,0.002,0.9975,0.045899711685228106,1893,0.0008879881484458575,1.3591804516142805e-06,0.00019463884998060496,16,20,False,0.995,0.005,0.66,fixed,100,none,371c9e91-ddfd-4fc0-aac2-c83fd387c776
2319,346700,58.35861539840698,0.99900075,0.999002,1.0,0.9960719999999998,0.0,0.0,0.0,0.0,0.0,0.0,0.0005,0.0,0.0,0.0,0.0005,0.0,0.0,0.0,0.002,0.9975,0.045899711685228106,1893,0.0008903494695957117,1.3628571755221317e-06,0.00019515644175785053,16,20,False,0.995,0.005,0.66,fixed,100,none,371c9e91-ddfd-4fc0-aac2-c83fd387c776
2320,346800,58.37849545478821,0.99900075,0.999002,1.0,0.9960719999999998,0.0,0.0,0.0,0.0,0.0,0.0,0.0005,0.0,0.0,0.0,0.0005,0.0,0.0,0.0,0.002,0.9975,0.045899711685228106,1893,0.0008903494695957117,1.3628571755221317e-06,0.00019515644175785053,16,20,False,0.995,0.005,0.66,fixed,100,none,371c9e91-ddfd-4fc0-aac2-c83fd387c776
2321,347000,58.39819550514221,0.99900075,0.999002,1.0,0.9960719999999998,0.0,0.0,0.0,0.0,0.0,0.0,0.0005,0.0,0.0,0.0,0.0005,0.0,0.0,0.0,0.002,0.9975,0.045899711685228106,1893,0.0008914176165350439,1.3660752426065574e-06,0.00019539087055561638,16,20,False,0.995,0.005,0.66,fixed,100,none,371c9e91-ddfd-4fc0-aac2-c83fd387c776
2322,347100,58.41767716407776,0.99900075,0.999002,1.0,0.9960719999999998,0.0,0.0,0.0,0.0,0.0,0.0,0.0005,0.0,0.0,0.0,0.0005,0.0,0.0,0.0,0.002,0.9975,0.045899711685228106,1893,0.0008913104925628947,1.3640925381218745e-06,0.00019536704440426084,16,20,False,0.995,0.005,0.66,fixed,100,none,371c9e91-ddfd-4fc0-aac2-c83fd387c776
2323,347400,58.43709659576416,0.99900075,0.999002,1.0,0.9960719999999998,0.0,0.0,0.0,0.0,0.0,0.0,0.0005,0.0,0.0,0.0,0.0005,0.0,0.0,0.0,0.002,0.9975,0.045899711685228106,1893,0.0008897784986248568,1.3649139056915374e-06,0.00019503184699106257,16,20,False,0.995,0.005,0.66,fixed,100,none,371c9e91-ddfd-4fc0-aac2-c83fd387c776
2324,347500,58.456684589385986,0.99900075,0.999002,1.0,0.9960719999999998,0.0,0.0,0.0,0.0,0.0,0.0,0.0005,0.0,0.0,0.0,0.0005,0.0,0.0,0.0,0.002,0.9975,0.045899711685228106,1893,0.0008908826501635075,1.36798075464272e-06,0.00019527412846417392,16,20,False,0.995,0.005,0.66,fixed,100,none,371c9e91-ddfd-4fc0-aac2-c83fd387c776
2325,347700,58.47610878944397,0.99900075,0.999002,1.0,0.9960719999999998,0.0,0.0,0.0,0.0,0.0,0.0,0.0005,0.0,0.0,0.0,0.0005,0.0,0.0,0.0,0.002,0.9975,0.045899711685228106,1893,0.0008917167898879946,1.3689358981837114e-06,0.00019545690312713693,16,20,False,0.995,0.005,0.66,fixed,100,none,371c9e91-ddfd-4fc0-aac2-c83fd387c776
2326,347800,58.495442152023315,0.99900075,0.999002,1.0,0.9960719999999998,0.0,0.0,0.0,0.0,0.0,0.0,0.0005,0.0,0.0,0.0,0.0005,0.0,0.0,0.0,0.002,0.9975,0.045899711685228106,1893,0.0008908423730763513,1.3686368482537626e-06,0.00019526543646758153,16,20,False,0.995,0.005,0.66,fixed,100,none,371c9e91-ddfd-4fc0-aac2-c83fd387c776
2327,348100,58.51481580734253,0.99900075,0.999002,1.0,0.9960719999999998,0.0,0.0,0.0,0.0,0.0,0.0,0.0005,0.0,0.0,0.0,0.0005,0.0,0.0,0.0,0.002,0.9975,0.045899711685228106,1893,0.0008929230912660368,1.3754559553059324e-06,0.0001957222013096436,16,20,False,0.995,0.005,0.66,fixed,100,none,371c9e91-ddfd-4fc0-aac2-c83fd387c776
2328,348200,58.53436541557312,0.99900075,0.999002,1.0,0.9960719999999998,0.0,0.0,0.0,0.0,0.0,0.0,0.0005,0.0,0.0,0.0,0.0005,0.0,0.0,0.0,0.002,0.9975,0.045899711685228106,1893,0.0008925640172840234,1.3744277630653403e-06,0.00019564340465845517,16,20,False,0.995,0.005,0.66,fixed,100,none,371c9e91-ddfd-4fc0-aac2-c83fd387c776
2329,348400,58.5541729927063,0.99900075,0.999002,1.0,0.9960719999999998,0.0,0.0,0.0,0.0,0.0,0.0,0.0005,0.0,0.0,0.0,0.0005,0.0,0.0,0.0,0.002,0.9975,0.045899711685228106,1893,0.0008891927453709976,1.3682909941148198e-06,0.00019490426725059319,16,20,False,0.995,0.005,0.66,fixed,100,none,371c9e91-ddfd-4fc0-aac2-c83fd387c776
2330,348500,58.57378935813904,0.99900075,0.999002,1.0,0.9960719999999998,0.0,0.0,0.0,0.0,0.0,0.0,0.0005,0.0,0.0,0.0,0.0005,0.0,0.0,0.0,0.002,0.9975,0.045899711685228106,1893,0.0008898014960430157,1.3687354534737395e-06,0.00019503760721997613,16,20,False,0.995,0.005,0.66,fixed,100,none,371c9e91-ddfd-4fc0-aac2-c83fd387c776
2331,348600,58.59340739250183,0.99900075,0.999002,1.0,0.9960719999999998,0.0,0.0,0.0,0.0,0.0,0.0,0.0005,0.0,0.0,0.0,0.0005,0.0,0.0,0.0,0.002,0.9975,0.045899711685228106,1893,0.0008895342367546348,1.3691627844195353e-06,0.00019497918535462926,16,20,False,0.995,0.005,0.66,fixed,100,none,371c9e91-ddfd-4fc0-aac2-c83fd387c776
2332,348800,58.613057136535645,0.99900075,0.999002,1.0,0.9960719999999998,0.0,0.0,0.0,0.0,0.0,0.0,0.0005,0.0,0.0,0.0,0.0005,0.0,0.0,0.0,0.002,0.9975,0.04550046796188467,1894,0.0008900095654045913,1.369932218354915e-06,0.00019508338098855248,16,20,False,0.995,0.005,0.66,fixed,100,none,371c9e91-ddfd-4fc0-aac2-c83fd387c776
2333,348900,58.63285183906555,0.99900075,0.999002,1.0,0.9960719999999998,0.0,0.0,0.0,0.0,0.0,0.0,0.0005,0.0,0.0,0.0,0.0005,0.0,0.0,0.0,0.002,0.9975,0.04550046796188467,1894,0.0008903520018510799,1.3707077345577055e-06,0.00019515848767476737,16,20,False,0.995,0.005,0.66,fixed,100,none,371c9e91-ddfd-4fc0-aac2-c83fd387c776
2334,349200,58.652663707733154,0.99900075,0.999002,1.0,0.9960719999999998,0.0,0.0,0.0,0.0,0.0,0.0,0.0005,0.0,0.0,0.0,0.0005,0.0,0.0,0.0,0.002,0.9975,0.04550046796188467,1894,0.0008922938160006321,1.3743520843323384e-06,0.00019558424321856153,16,20,False,0.995,0.005,0.66,fixed,100,none,371c9e91-ddfd-4fc0-aac2-c83fd387c776
2335,349300,58.67226219177246,0.99900075,0.999002,1.0,0.9960719999999998,0.0,0.0,0.0,0.0,0.0,0.0,0.0005,0.0,0.0,0.0,0.0005,0.0,0.0,0.0,0.002,0.9975,0.045899711685228106,1893,0.0008929577491513591,1.3753630900870332e-06,0.00019572977027634903,16,20,False,0.995,0.005,0.66,fixed,100,none,371c9e91-ddfd-4fc0-aac2-c83fd387c776
2336,349500,58.69181990623474,0.99900075,0.999002,1.0,0.9960719999999998,0.0,0.0,0.0,0.0,0.0,0.0,0.0005,0.0,0.0,0.0,0.0005,0.0,0.0,0.0,0.002,0.9975,0.045899711685228106,1893,0.0008921382673819453,1.3742460107620577e-06,0.00019555017347195263,16,20,False,0.995,0.005,0.66,fixed,100,none,371c9e91-ddfd-4fc0-aac2-c83fd387c776
2337,349600,58.71099066734314,0.99900075,0.999002,1.0,0.9960719999999998,0.0,0.0,0.0,0.0,0.0,0.0,0.0005,0.0,0.0,0.0,0.0005,0.0,0.0,0.0,0.002,0.9975,0.045899711685228106,1893,0.0008919947138004689,1.374268812356014e-06,0.00019551875392527032,16,20,False,0.995,0.005,0.66,fixed,100,none,371c9e91-ddfd-4fc0-aac2-c83fd387c776
2338,349900,58.73058724403381,0.99900075,0.999002,1.0,0.9960719999999998,0.0,0.0,0.0,0.0,0.0,0.0,0.0005,0.0,0.0,0.0,0.0005,0.0,0.0,0.0,0.002,0.9975,0.045899711685228106,1893,0.0008928140565300309,1.3762757132503801e-06,0.00019569848935994136,16,20,False,0.995,0.005,0.66,fixed,100,none,371c9e91-ddfd-4fc0-aac2-c83fd387c776
2339,350000,58.75023436546326,0.99900075,0.999002,1.0,0.9960719999999998,0.0,0.0,0.0,0.0,0.0,0.0,0.0005,0.0,0.0,0.0,0.0005,0.0,0.0,0.0,0.002,0.9975,0.045899711685228106,1893,0.0008929853857917974,1.3782856792272397e-06,0.00019573637522887763,16,20,False,0.995,0.005,0.66,fixed,100,none,371c9e91-ddfd-4fc0-aac2-c83fd387c776
2340,350300,58.76965308189392,0.99900075,0.999002,1.0,0.9960719999999998,0.0,0.0,0.0,0.0,0.0,0.0,0.0005,0.0,0.0,0.0,0.0005,0.0,0.0,0.0,0.002,0.9975,0.045899711685228106,1893,0.000892773236192577,1.3777270691431604e-06,0.0001956898295456923,16,20,False,0.995,0.005,0.66,fixed,100,none,371c9e91-ddfd-4fc0-aac2-c83fd387c776
2341,350400,58.78912925720215,0.99900075,0.999002,1.0,0.9960719999999998,0.0,0.0,0.0,0.0,0.0,0.0,0.0005,0.0,0.0,0.0,0.0005,0.0,0.0,0.0,0.002,0.9975,0.045899711685228106,1893,0.0008923391715296074,1.3779607813127166e-06,0.00019559485719628048,16,20,False,0.995,0.005,0.66,fixed,100,none,371c9e91-ddfd-4fc0-aac2-c83fd387c776
2342,350600,58.80861210823059,0.99900075,0.999002,1.0,0.9960719999999998,0.0,0.0,0.0,0.0,0.0,0.0,0.0005,0.0,0.0,0.0,0.0005,0.0,0.0,0.0,0.002,0.9975,0.045899711685228106,1893,0.0008912467470853142,1.3792527724304804e-06,0.0001953559709637371,16,20,False,0.995,0.005,0.66,fixed,100,none,371c9e91-ddfd-4fc0-aac2-c83fd387c776
2343,350700,58.82812476158142,0.99900075,0.999002,1.0,0.9960719999999998,0.0,0.0,0.0,0.0,0.0,0.0,0.0005,0.0,0.0,0.0,0.0005,0.0,0.0,0.0,0.002,0.9975,0.045899711685228106,1893,0.000890820847247301,1.3776196386126416e-06,0.0001952624311937706,16,20,False,0.995,0.005,0.66,fixed,100,none,371c9e91-ddfd-4fc0-aac2-c83fd387c776
2344,351000,58.8475067615509,0.99900075,0.999002,1.0,0.9960719999999998,0.0,0.0,0.0,0.0,0.0,0.0,0.0005,0.0,0.0,0.0,0.0005,0.0,0.0,0.0,0.002,0.9975,0.045899711685228106,1893,0.0008920449839045131,1.3796290863894329e-06,0.0001955307765031119,16,20,False,0.995,0.005,0.66,fixed,100,none,371c9e91-ddfd-4fc0-aac2-c83fd387c776
2345,351100,58.867024660110474,0.99900075,0.999002,1.0,0.9960719999999998,0.0,0.0,0.0,0.0,0.0,0.0,0.0005,0.0,0.0,0.0,0.0005,0.0,0.0,0.0,0.002,0.9975,0.045899711685228106,1893,0.000892149448235948,1.3805424625018884e-06,0.00019555381728672438,16,20,False,0.995,0.005,0.66,fixed,100,none,371c9e91-ddfd-4fc0-aac2-c83fd387c776
2346,351300,58.886606216430664,0.99900075,0.999002,1.0,0.9960719999999998,0.0,0.0,0.0,0.0,0.0,0.0,0.0005,0.0,0.0,0.0,0.0005,0.0,0.0,0.0,0.002,0.9975,0.045899711685228106,1893,0.0008926004646775185,1.3811507670187159e-06,0.00019565266036364237,16,20,False,0.995,0.005,0.66,fixed,100,none,371c9e91-ddfd-4fc0-aac2-c83fd387c776
2347,351400,58.90613007545471,0.99900075,0.999002,1.0,0.9960719999999998,0.0,0.0,0.0,0.0,0.0,0.0,0.0005,0.0,0.0,0.0,0.0005,0.0,0.0,0.0,0.002,0.9975,0.045899711685228106,1893,0.0008922569050340469,1.3823200653448512e-06,0.0001955776773243684,16,20,False,0.995,0.005,0.66,fixed,100,none,371c9e91-ddfd-4fc0-aac2-c83fd387c776
2348,351500,58.925787687301636,0.99900075,0.999002,1.0,0.9960719999999998,0.0,0.0,0.0,0.0,0.0,0.0,0.0005,0.0,0.0,0.0,0.0005,0.0,0.0,0.0,0.002,0.9975,0.045899711685228106,1893,0.000892095589642333,1.3815069372261526e-06,0.00019554221089077969,16,20,False,0.995,0.005,0.66,fixed,100,none,371c9e91-ddfd-4fc0-aac2-c83fd387c776
2349,351700,58.94534945487976,0.99900075,0.999002,1.0,0.9960719999999998,0.0,0.0,0.0,0.0,0.0,0.0,0.0005,0.0,0.0,0.0,0.0005,0.0,0.0,0.0,0.002,0.9975,0.045899711685228106,1893,0.0008894893146858401,1.3778887185786983e-06,0.00019497100984126038,16,20,False,0.995,0.005,0.66,fixed,100,none,371c9e91-ddfd-4fc0-aac2-c83fd387c776
2350,351800,58.964988708496094,0.99900075,0.999002,1.0,0.9960719999999998,0.0,0.0,0.0,0.0,0.0,0.0,0.0005,0.0,0.0,0.0,0.0005,0.0,0.0,0.0,0.002,0.9975,0.045899711685228106,1893,0.0008888517816884665,1.3764346908272138e-06,0.0001948311776028625,16,20,False,0.995,0.005,0.66,fixed,100,none,371c9e91-ddfd-4fc0-aac2-c83fd387c776
2351,352100,58.98439812660217,0.99900075,0.999002,1.0,0.9960719999999998,0.0,0.0,0.0,0.0,0.0,0.0,0.0005,0.0,0.0,0.0,0.0005,0.0,0.0,0.0,0.002,0.9975,0.045899711685228106,1893,0.0008893072915894954,1.3792322447493823e-06,0.00019493142025544293,16,20,False,0.995,0.005,0.66,fixed,100,none,371c9e91-ddfd-4fc0-aac2-c83fd387c776
2352,352200,59.00386953353882,0.99900075,0.999002,1.0,0.9960719999999998,0.0,0.0,0.0,0.0,0.0,0.0,0.0005,0.0,0.0,0.0,0.0005,0.0,0.0,0.0,0.002,0.9975,0.045899711685228106,1893,0.0008886697171543114,1.3772366102143897e-06,0.00019479147604101952,16,20,False,0.995,0.005,0.66,fixed,100,none,371c9e91-ddfd-4fc0-aac2-c83fd387c776
2353,352400,59.02341938018799,0.99900075,0.999002,1.0,0.9960719999999998,0.0,0.0,0.0,0.0,0.0,0.0,0.0005,0.0,0.0,0.0,0.0005,0.0,0.0,0.0,0.002,0.9975,0.045899711685228106,1893,0.0008893814111816999,1.3791795944004373e-06,0.00019494763503061018,16,20,False,0.995,0.005,0.66,fixed,100,none,371c9e91-ddfd-4fc0-aac2-c83fd387c776
2354,352500,59.042988538742065,0.99900075,0.999002,1.0,0.9960719999999998,0.0,0.0,0.0,0.0,0.0,0.0,0.0005,0.0,0.0,0.0,0.0005,0.0,0.0,0.0,0.002,0.9975,0.046297950389758855,1892,0.0008906267782664186,1.3823875706339767e-06,0.0001952208554009395,16,20,False,0.995,0.005,0.66,fixed,100,none,371c9e91-ddfd-4fc0-aac2-c83fd387c776
2355,352800,59.06244778633118,0.99900075,0.999002,1.0,0.9960719999999998,0.0,0.0,0.0,0.0,0.0,0.0,0.0005,0.0,0.0,0.0,0.0005,0.0,0.0,0.0,0.002,0.9975,0.046297950389758855,1892,0.0008885102020657253,1.3807455173318328e-06,0.00019475722488048033,16,20,False,0.995,0.005,0.66,fixed,100,none,371c9e91-ddfd-4fc0-aac2-c83fd387c776
2356,352900,59.08224153518677,0.99900075,0.999002,1.0,0.9960719999999998,0.0,0.0,0.0,0.0,0.0,0.0,0.0005,0.0,0.0,0.0,0.0005,0.0,0.0,0.0,0.002,0.9975,0.045899711685228106,1893,0.0008888716174990438,1.3821469071993323e-06,0.0001948366049829086,16,20,False,0.995,0.005,0.66,fixed,100,none,371c9e91-ddfd-4fc0-aac2-c83fd387c776
2357,353200,59.10338878631592,0.99900075,0.999002,1.0,0.9960719999999998,0.0,0.0,0.0,0.0,0.0,0.0,0.0005,0.0,0.0,0.0,0.0005,0.0,0.0,0.0,0.002,0.9975,0.045899711685228106,1893,0.0008872209437544453,1.3802435951039102e-06,0.00019447491087091782,16,20,False,0.995,0.005,0.66,fixed,100,none,371c9e91-ddfd-4fc0-aac2-c83fd387c776
2358,353300,59.125221967697144,0.99900075,0.999002,1.0,0.9960719999999998,0.0,0.0,0.0,0.0,0.0,0.0,0.0005,0.0,0.0,0.0,0.0005,0.0,0.0,0.0,0.002,0.9975,0.045899711685228106,1893,0.0008872209437544453,1.3802435951039102e-06,0.00019447491087091782,16,20,False,0.995,0.005,0.66,fixed,100,none,371c9e91-ddfd-4fc0-aac2-c83fd387c776
2359,353500,59.14487290382385,0.99900075,0.999002,1.0,0.9960719999999998,0.0,0.0,0.0,0.0,0.0,0.0,0.0005,0.0,0.0,0.0,0.0005,0.0,0.0,0.0,0.002,0.9975,0.045899711685228106,1893,0.0008893302511563656,1.386160431300376e-06,0.0001949377624600755,16,20,False,0.995,0.005,0.66,fixed,100,none,371c9e91-ddfd-4fc0-aac2-c83fd387c776
2360,353600,59.164517641067505,0.99900075,0.999002,1.0,0.9960719999999998,0.0,0.0,0.0,0.0,0.0,0.0,0.0005,0.0,0.0,0.0,0.0005,0.0,0.0,0.0,0.002,0.9975,0.046297950389758855,1892,0.0008910146492664842,1.3898793116638833e-06,0.00019530718379364955,16,20,False,0.995,0.005,0.66,fixed,100,none,371c9e91-ddfd-4fc0-aac2-c83fd387c776
2361,353900,59.18431830406189,0.99900075,0.999002,1.0,0.9960719999999998,0.0,0.0,0.0,0.0,0.0,0.0,0.0005,0.0,0.0,0.0,0.0005,0.0,0.0,0.0,0.002,0.9975,0.046297950389758855,1892,0.0008927161388157732,1.3935718242288399e-06,0.00019568034143337625,16,20,False,0.995,0.005,0.66,fixed,100,none,371c9e91-ddfd-4fc0-aac2-c83fd387c776
2362,354000,59.20400953292847,0.99900075,0.999002,1.0,0.9960719999999998,0.0,0.0,0.0,0.0,0.0,0.0,0.0005,0.0,0.0,0.0,0.0005,0.0,0.0,0.0,0.002,0.9975,0.046297950389758855,1892,0.000892514122905942,1.3953140942302796e-06,0.00019563645118201447,16,20,False,0.995,0.005,0.66,fixed,100,none,371c9e91-ddfd-4fc0-aac2-c83fd387c776
2363,354100,59.223531007766724,0.99900075,0.999002,1.0,0.9960719999999998,0.0,0.0,0.0,0.0,0.0,0.0,0.0005,0.0,0.0,0.0,0.0005,0.0,0.0,0.0,0.002,0.9975,0.046297950389758855,1892,0.0008930725867710873,1.395892285628535e-06,0.00019575880877846044,16,20,False,0.995,0.005,0.66,fixed,100,none,371c9e91-ddfd-4fc0-aac2-c83fd387c776
2364,354200,59.2431275844574,0.99900075,0.999002,1.0,0.9960719999999998,0.0,0.0,0.0,0.0,0.0,0.0,0.0005,0.0,0.0,0.0,0.0005,0.0,0.0,0.0,0.002,0.9975,0.046297950389758855,1892,0.0008936716004799294,1.3970088522922148e-06,0.0001958901450269921,16,20,False,0.995,0.005,0.66,fixed,100,none,371c9e91-ddfd-4fc0-aac2-c83fd387c776
2365,354300,59.2629234790802,0.99900075,0.999002,1.0,0.9960719999999998,0.0,0.0,0.0,0.0,0.0,0.0,0.0005,0.0,0.0,0.0,0.0005,0.0,0.0,0.0,0.002,0.9975,0.046297950389758855,1892,0.000894668285239658,1.3995843481314331e-06,0.0001961088086651061,16,20,False,0.995,0.005,0.66,fixed,100,none,371c9e91-ddfd-4fc0-aac2-c83fd387c776
2366,354600,59.28267860412598,0.99900075,0.999002,1.0,0.9960719999999998,0.0,0.0,0.0,0.0,0.0,0.0,0.0005,0.0,0.0,0.0,0.0005,0.0,0.0,0.0,0.002,0.9975,0.046297950389758855,1892,0.0008956861479705107,1.404761705790657e-06,0.00019633260251484503,16,20,False,0.995,0.005,0.66,fixed,100,none,371c9e91-ddfd-4fc0-aac2-c83fd387c776
2367,354700,59.302337884902954,0.99900075,0.999002,1.0,0.9960719999999998,0.0,0.0,0.0,0.0,0.0,0.0,0.0005,0.0,0.0,0.0,0.0005,0.0,0.0,0.0,0.002,0.9975,0.046297950389758855,1892,0.0008955550266974891,1.4063207071778223e-06,0.00019630419627844416,16,20,False,0.995,0.005,0.66,fixed,100,none,371c9e91-ddfd-4fc0-aac2-c83fd387c776
2368,355000,59.321900367736816,0.99900075,0.999002,1.0,0.9960719999999998,0.0,0.0,0.0,0.0,0.0,0.0,0.0005,0.0,0.0,0.0,0.0005,0.0,0.0,0.0,0.002,0.9975,0.045899711685228106,1893,0.0008958397017387709,1.4081840656684795e-06,0.00019636686568309399,16,20,False,0.995,0.005,0.66,fixed,100,none,371c9e91-ddfd-4fc0-aac2-c83fd387c776
2369,355100,59.341506004333496,0.99900075,0.999002,1.0,0.9960719999999998,0.0,0.0,0.0,0.0,0.0,0.0,0.0005,0.0,0.0,0.0,0.0005,0.0,0.0,0.0,0.002,0.9975,0.045899711685228106,1893,0.0008949310132570716,1.4053523829649103e-06,0.00019616741575473632,16,20,False,0.995,0.005,0.66,fixed,100,none,371c9e91-ddfd-4fc0-aac2-c83fd387c776
2370,355300,59.36148691177368,0.99900075,0.999002,1.0,0.9960719999999998,0.0,0.0,0.0,0.0,0.0,0.0,0.0005,0.0,0.0,0.0,0.0005,0.0,0.0,0.0,0.002,0.9975,0.045899711685228106,1893,0.0008955187326825709,1.4056621885607002e-06,0.00019629612640004128,16,20,False,0.995,0.005,0.66,fixed,100,none,371c9e91-ddfd-4fc0-aac2-c83fd387c776
2371,355400,59.381638050079346,0.99900075,0.999002,1.0,0.9960719999999998,0.0,0.0,0.0,0.0,0.0,0.0,0.0005,0.0,0.0,0.0,0.0005,0.0,0.0,0.0,0.002,0.9975,0.04550046796188467,1894,0.000895055156104559,1.4026314109519354e-06,0.00019619407363936884,16,20,False,0.995,0.005,0.66,fixed,100,none,371c9e91-ddfd-4fc0-aac2-c83fd387c776
2372,355700,59.40143799781799,0.99900075,0.999002,1.0,0.9960719999999998,0.0,0.0,0.0,0.0,0.0,0.0,0.0005,0.0,0.0,0.0,0.0005,0.0,0.0,0.0,0.002,0.9975,0.04550046796188467,1894,0.0008957969251829443,1.4017673771789006e-06,0.0001963562827242105,16,20,False,0.995,0.005,0.66,fixed,100,none,371c9e91-ddfd-4fc0-aac2-c83fd387c776
2373,355800,59.42136478424072,0.99900075,0.999002,1.0,0.9960719999999998,0.0,0.0,0.0,0.0,0.0,0.0,0.0005,0.0,0.0,0.0,0.0005,0.0,0.0,0.0,0.002,0.9975,0.04550046796188467,1894,0.0008958919293883678,1.4012973195353377e-06,0.00019637698983382545,16,20,False,0.995,0.005,0.66,fixed,100,none,371c9e91-ddfd-4fc0-aac2-c83fd387c776
2374,356000,59.44177174568176,0.99900075,0.999002,1.0,0.9960719999999998,0.0,0.0,0.0,0.0,0.0,0.0,0.0005,0.0,0.0,0.0,0.0005,0.0,0.0,0.0,0.002,0.9975,0.04550046796188467,1894,0.0008962340461523431,1.4003822721614509e-06,0.00019645170533445858,16,20,False,0.995,0.005,0.66,fixed,100,none,371c9e91-ddfd-4fc0-aac2-c83fd387c776
2375,356100,59.46191334724426,0.99900075,0.999002,1.0,0.9960719999999998,0.0,0.0,0.0,0.0,0.0,0.0,0.0005,0.0,0.0,0.0,0.0005,0.0,0.0,0.0,0.002,0.9975,0.04550046796188467,1894,0.0008964105500801707,1.4005885750993745e-06,0.00019649038124181824,16,20,False,0.995,0.005,0.66,fixed,100,none,371c9e91-ddfd-4fc0-aac2-c83fd387c776
2376,356400,59.48200750350952,0.99900075,0.999002,1.0,0.9960719999999998,0.0,0.0,0.0,0.0,0.0,0.0,0.0005,0.0,0.0,0.0,0.0005,0.0,0.0,0.0,0.002,0.9975,0.04550046796188467,1894,0.0008992763912062648,1.4084723894851517e-06,0.00019711921178905355,16,20,False,0.995,0.005,0.66,fixed,100,none,371c9e91-ddfd-4fc0-aac2-c83fd387c776
2377,356500,59.502015352249146,0.99900075,0.999002,1.0,0.9960719999999998,0.0,0.0,0.0,0.0,0.0,0.0,0.0005,0.0,0.0,0.0,0.0005,0.0,0.0,0.0,0.002,0.9975,0.04550046796188467,1894,0.0008984614105655772,1.404351445982807e-06,0.0001969400295475416,16,20,False,0.995,0.005,0.66,fixed,100,none,371c9e91-ddfd-4fc0-aac2-c83fd387c776
2378,356800,59.52207088470459,0.99900075,0.999002,1.0,0.9960719999999998,0.0,0.0,0.0,0.0,0.0,0.0,0.0005,0.0,0.0,0.0,0.0005,0.0,0.0,0.0,0.002,0.9975,0.045899711685228106,1893,0.0009025447372497757,1.4124322061608422e-06,0.00019783540510314647,16,20,False,0.995,0.005,0.66,fixed,100,none,371c9e91-ddfd-4fc0-aac2-c83fd387c776
2379,356900,59.542306661605835,0.99900075,0.999002,1.0,0.9960719999999998,0.0,0.0,0.0,0.0,0.0,0.0,0.0005,0.0,0.0,0.0,0.0005,0.0,0.0,0.0,0.002,0.9975,0.045899711685228106,1893,0.0009034026554466558,1.4150964596590793e-06,0.0001980237096046082,16,20,False,0.995,0.005,0.66,fixed,100,none,371c9e91-ddfd-4fc0-aac2-c83fd387c776
2380,357100,59.56262946128845,0.99900075,0.999002,1.0,0.9960719999999998,0.0,0.0,0.0,0.0,0.0,0.0,0.0005,0.0,0.0,0.0,0.0005,0.0,0.0,0.0,0.002,0.9975,0.045899711685228106,1893,0.0009030228884223654,1.414659199062873e-06,0.00019794049552347774,16,20,False,0.995,0.005,0.66,fixed,100,none,371c9e91-ddfd-4fc0-aac2-c83fd387c776
2381,357200,59.582618951797485,0.99900075,0.999002,1.0,0.9960719999999998,0.0,0.0,0.0,0.0,0.0,0.0,0.0005,0.0,0.0,0.0,0.0005,0.0,0.0,0.0,0.002,0.9975,0.045899711685228106,1893,0.0009028999982182561,1.414522844526475e-06,0.0001979135689504363,16,20,False,0.995,0.005,0.66,fixed,100,none,371c9e91-ddfd-4fc0-aac2-c83fd387c776
2382,357500,59.60292840003967,0.99900075,0.999002,1.0,0.9960719999999998,0.0,0.0,0.0,0.0,0.0,0.0,0.0005,0.0,0.0,0.0,0.0005,0.0,0.0,0.0,0.002,0.9975,0.045899711685228106,1893,0.0009036374686033119,1.415487328226503e-06,0.00019807518446962803,16,20,False,0.995,0.005,0.66,fixed,100,none,371c9e91-ddfd-4fc0-aac2-c83fd387c776
2383,357600,59.626741886138916,0.99900075,0.999002,1.0,0.9960719999999998,0.0,0.0,0.0,0.0,0.0,0.0,0.0005,0.0,0.0,0.0,0.0005,0.0,0.0,0.0,0.002,0.9975,0.046297950389758855,1892,0.0009035622876340566,1.416224223289143e-06,0.00019805886736551994,16,20,False,0.995,0.005,0.66,fixed,100,none,371c9e91-ddfd-4fc0-aac2-c83fd387c776
2384,357800,59.64696741104126,0.99900075,0.999002,1.0,0.9960719999999998,0.0,0.0,0.0,0.0,0.0,0.0,0.0005,0.0,0.0,0.0,0.0005,0.0,0.0,0.0,0.002,0.9975,0.04629795038975885,1892,0.0009032202618107569,1.4177624370705975e-06,0.00019798429017341812,16,20,False,0.995,0.005,0.66,fixed,100,none,371c9e91-ddfd-4fc0-aac2-c83fd387c776
2385,357900,59.66722106933594,0.99900075,0.999002,1.0,0.9960719999999998,0.0,0.0,0.0,0.0,0.0,0.0,0.0005,0.0,0.0,0.0,0.0005,0.0,0.0,0.0,0.002,0.9975,0.046297950389758855,1892,0.0009037545183626772,1.4206658306160027e-06,0.0001981017905774071,16,20,False,0.995,0.005,0.66,fixed,100,none,371c9e91-ddfd-4fc0-aac2-c83fd387c776
2386,358200,59.68740963935852,0.99900075,0.999002,1.0,0.9960719999999998,0.0,0.0,0.0,0.0,0.0,0.0,0.0005,0.0,0.0,0.0,0.0005,0.0,0.0,0.0,0.002,0.9975,0.045899711685228106,1893,0.0009037530631313446,1.423175211402265e-06,0.00019810194880961777,16,20,False,0.995,0.005,0.66,fixed,100,none,371c9e91-ddfd-4fc0-aac2-c83fd387c776
2387,358300,59.70784950256348,0.99900075,0.999002,1.0,0.9960719999999998,0.0,0.0,0.0,0.0,0.0,0.0,0.0005,0.0,0.0,0.0,0.0005,0.0,0.0,0.0,0.002,0.9975,0.04550046796188467,1894,0.0009048450526854174,1.425386585403862e-06,0.0001983414054840646,16,20,False,0.995,0.005,0.66,fixed,100,none,371c9e91-ddfd-4fc0-aac2-c83fd387c776
2388,358600,59.72820973396301,0.99900075,0.999002,1.0,0.9960719999999998,0.0,0.0,0.0,0.0,0.0,0.0,0.0005,0.0,0.0,0.0,0.0005,0.0,0.0,0.0,0.002,0.9975,0.045899711685228106,1893,0.0009045145308358199,1.4257867049038507e-06,0.00019826913027389272,16,20,False,0.995,0.005,0.66,fixed,100,none,371c9e91-ddfd-4fc0-aac2-c83fd387c776
2389,358700,59.74844264984131,0.99900075,0.999002,1.0,0.9960719999999998,0.0,0.0,0.0,0.0,0.0,0.0,0.0005,0.0,0.0,0.0,0.0005,0.0,0.0,0.0,0.002,0.9975,0.045899711685228106,1893,0.0009043041765889741,1.4280658930009688e-06,0.00019822351677499663,16,20,False,0.995,0.005,0.66,fixed,100,none,371c9e91-ddfd-4fc0-aac2-c83fd387c776
2390,358900,59.76861214637756,0.99900075,0.999002,1.0,0.9960719999999998,0.0,0.0,0.0,0.0,0.0,0.0,0.0005,0.0,0.0,0.0,0.0005,0.0,0.0,0.0,0.002,0.9975,0.04550046796188467,1894,0.00090424585041197,1.4314560296770023e-06,0.0001982113933008189,16,20,False,0.995,0.005,0.66,fixed,100,none,371c9e91-ddfd-4fc0-aac2-c83fd387c776
2391,359000,59.78867173194885,0.99900075,0.999002,1.0,0.9960719999999998,0.0,0.0,0.0,0.0,0.0,0.0,0.0005,0.0,0.0,0.0,0.0005,0.0,0.0,0.0,0.002,0.9975,0.04550046796188467,1894,0.0009044815792051747,1.4309430390938247e-06,0.00019826289686544058,16,20,False,0.995,0.005,0.66,fixed,100,none,371c9e91-ddfd-4fc0-aac2-c83fd387c776
2392,359300,59.80879473686218,0.99900075,0.999002,1.0,0.9960719999999998,0.0,0.0,0.0,0.0,0.0,0.0,0.0005,0.0,0.0,0.0,0.0005,0.0,0.0,0.0,0.002,0.9975,0.04550046796188467,1894,0.0009050485560607149,1.4329732429566068e-06,0.00019838739383785226,16,20,False,0.995,0.005,0.66,fixed,100,none,371c9e91-ddfd-4fc0-aac2-c83fd387c776
2393,359400,59.82865905761719,0.99900075,0.999002,1.0,0.9960719999999998,0.0,0.0,0.0,0.0,0.0,0.0,0.0005,0.0,0.0,0.0,0.0005,0.0,0.0,0.0,0.002,0.9975,0.04550046796188467,1894,0.0009058124566641653,1.4341540684172376e-06,0.00019855483603678509,16,20,False,0.995,0.005,0.66,fixed,100,none,371c9e91-ddfd-4fc0-aac2-c83fd387c776
2394,359600,59.84872078895569,0.99900075,0.999002,1.0,0.9960719999999998,0.0,0.0,0.0,0.0,0.0,0.0,0.0005,0.0,0.0,0.0,0.0005,0.0,0.0,0.0,0.002,0.9975,0.04550046796188467,1894,0.000904213982846075,1.4295545002621691e-06,0.00019820405620005562,16,20,False,0.995,0.005,0.66,fixed,100,none,371c9e91-ddfd-4fc0-aac2-c83fd387c776
2395,359700,59.86917757987976,0.99900075,0.999002,1.0,0.9960719999999998,0.0,0.0,0.0,0.0,0.0,0.0,0.0005,0.0,0.0,0.0,0.0005,0.0,0.0,0.0,0.002,0.9975,0.04550046796188467,1894,0.000903827036955388,1.427144981491356e-06,0.00019811889593601782,16,20,False,0.995,0.005,0.66,fixed,100,none,371c9e91-ddfd-4fc0-aac2-c83fd387c776
2396,360000,59.88957238197327,0.99900075,0.999002,1.0,0.9960719999999998,0.0,0.0,0.0,0.0,0.0,0.0,0.0005,0.0,0.0,0.0,0.0005,0.0,0.0,0.0,0.002,0.9975,0.04550046796188467,1894,0.0009035045735501992,1.426228330256808e-06,0.0001980481345328874,16,20,False,0.995,0.005,0.66,fixed,100,none,371c9e91-ddfd-4fc0-aac2-c83fd387c776
